#! /c/Source/iverilog-install/bin/vvp
:ivl_version "12.0 (devel)" "(s20150603-1539-g2693dd32b)";
:ivl_delay_selection "TYPICAL";
:vpi_time_precision - 11;
:vpi_module "C:\iverilog\lib\ivl\system.vpi";
:vpi_module "C:\iverilog\lib\ivl\vhdl_sys.vpi";
:vpi_module "C:\iverilog\lib\ivl\vhdl_textio.vpi";
:vpi_module "C:\iverilog\lib\ivl\v2005_math.vpi";
:vpi_module "C:\iverilog\lib\ivl\va_math.vpi";
S_0000014ddfc98110 .scope module, "brmi_tb" "brmi_tb" 2 4;
 .timescale -9 -11;
P_0000014ddfc98720 .param/l "Default" 0 2 22, C4<00000>;
P_0000014ddfc98758 .param/l "Done" 0 2 24, C4<01101>;
P_0000014ddfc98790 .param/l "OP_ADD" 1 2 19, C4<00000>;
P_0000014ddfc987c8 .param/l "OP_AND" 1 2 19, C4<00100>;
P_0000014ddfc98800 .param/l "OP_OR" 1 2 19, C4<00101>;
P_0000014ddfc98838 .param/l "RL0" 0 2 22, C4<00001>;
P_0000014ddfc98870 .param/l "RL1" 0 2 22, C4<00010>;
P_0000014ddfc988a8 .param/l "RL2" 0 2 22, C4<00011>;
P_0000014ddfc988e0 .param/l "RL3" 0 2 22, C4<00100>;
P_0000014ddfc98918 .param/l "RL4" 0 2 22, C4<00101>;
P_0000014ddfc98950 .param/l "SEL_C" 1 2 18, C4<10111>;
P_0000014ddfc98988 .param/l "SEL_HI" 1 2 17, C4<10000>;
P_0000014ddfc989c0 .param/l "SEL_INPORT" 1 2 18, C4<10110>;
P_0000014ddfc989f8 .param/l "SEL_LO" 1 2 17, C4<10001>;
P_0000014ddfc98a30 .param/l "SEL_MDR" 1 2 18, C4<10101>;
P_0000014ddfc98a68 .param/l "SEL_PC" 1 2 18, C4<10100>;
P_0000014ddfc98aa0 .param/l "SEL_ZLOW" 1 2 17, C4<10011>;
P_0000014ddfc98ad8 .param/l "T0" 0 2 23, C4<00110>;
P_0000014ddfc98b10 .param/l "T1" 0 2 23, C4<00111>;
P_0000014ddfc98b48 .param/l "T2" 0 2 23, C4<01000>;
P_0000014ddfc98b80 .param/l "T3" 0 2 23, C4<01001>;
P_0000014ddfc98bb8 .param/l "T4" 0 2 23, C4<01010>;
P_0000014ddfc98bf0 .param/l "T5" 0 2 24, C4<01011>;
P_0000014ddfc98c28 .param/l "T6" 0 2 24, C4<01100>;
v0000014ddfd8e410_0 .var "BAout", 0 0;
v0000014ddfd8d5b0_0 .net "BusMuxOut", 31 0, v0000014ddfd547a0_0;  1 drivers
v0000014ddfd8e2d0_0 .var "Cout", 0 0;
v0000014ddfd8e550_0 .var "Gra", 0 0;
v0000014ddfd8d010_0 .var "Grb", 0 0;
v0000014ddfd8c570_0 .var "Grc", 0 0;
v0000014ddfd8c390_0 .var "IncPC", 0 0;
v0000014ddfd8d290_0 .var "MDRin", 0 0;
v0000014ddfd8c930_0 .net "Mdataout", 31 0, L_0000014ddfe03e40;  1 drivers
v0000014ddfd8c610_0 .var "Present_state", 4 0;
v0000014ddfd8d0b0_0 .var "Read", 0 0;
v0000014ddfd8e730_0 .var "Rin", 0 0;
v0000014ddfd8c2f0_0 .var "Rout", 0 0;
v0000014ddfd8c6b0_0 .var "Zin", 0 0;
v0000014ddfd8c750_0 .var "alu_op", 4 0;
v0000014ddfd8d650_0 .var "bus_sel", 4 0;
v0000014ddfd8c7f0_0 .var "c_val", 31 0;
v0000014ddfd8cbb0_0 .var "clk", 0 0;
v0000014ddfd8ca70_0 .net "con", 0 0, v0000014ddfd560a0_0;  1 drivers
v0000014ddfd8cb10_0 .var "con_en", 0 0;
v0000014ddfd8d150_0 .var "device_in", 31 0;
v0000014ddfd8d1f0_0 .var "hi_in", 0 0;
v0000014ddfd8d830_0 .var "inport_in", 0 0;
v0000014ddfd8ea50_0 .var "ir_in", 0 0;
v0000014ddfd8ed70_0 .net "ir_val", 31 0, v0000014ddfd47be0_0;  1 drivers
v0000014ddfd8eeb0_0 .var "lo_in", 0 0;
v0000014ddfd8fbd0_0 .var "mar_in", 0 0;
v0000014ddfd8f310_0 .net "mar_val", 31 0, v0000014ddfd46ec0_0;  1 drivers
v0000014ddfd8f090_0 .var "outport_in", 0 0;
v0000014ddfd8f450_0 .net "outport_val", 31 0, v0000014ddfd7dac0_0;  1 drivers
v0000014ddfd8f4f0_0 .var "pc_in", 0 0;
v0000014ddfd91070_0 .net "pc_val", 31 0, v0000014ddfd7c3a0_0;  1 drivers
v0000014ddfd903f0_0 .var "r3_val", 31 0;
v0000014ddfd90d50_0 .var "ram_in", 0 0;
v0000014ddfd8f6d0_0 .var "reset", 0 0;
v0000014ddfd8e910_0 .var "y_in", 0 0;
v0000014ddfd90fd0_0 .net "y_val", 31 0, v0000014ddfd7d200_0;  1 drivers
v0000014ddfd8fef0_0 .net "zhigh_out", 31 0, L_0000014ddfc19e00;  1 drivers
v0000014ddfd8ec30_0 .net "zlow_out", 31 0, L_0000014ddfc19f50;  1 drivers
E_0000014ddfc4f680 .event anyedge, v0000014ddfd8c610_0;
S_0000014ddfc96330 .scope module, "DUT" "datapath_top" 2 27, 3 1 0, S_0000014ddfc98110;
 .timescale 0 0;
    .port_info 0 /INPUT 1 "clk";
    .port_info 1 /INPUT 1 "reset";
    .port_info 2 /INPUT 5 "bus_sel";
    .port_info 3 /INPUT 1 "pc_in";
    .port_info 4 /INPUT 1 "IncPC";
    .port_info 5 /INPUT 1 "ir_in";
    .port_info 6 /INPUT 1 "y_in";
    .port_info 7 /INPUT 1 "mar_in";
    .port_info 8 /INPUT 1 "hi_in";
    .port_info 9 /INPUT 1 "lo_in";
    .port_info 10 /INPUT 1 "MDRin";
    .port_info 11 /INPUT 1 "Read";
    .port_info 12 /INPUT 5 "alu_op";
    .port_info 13 /INPUT 1 "Zin";
    .port_info 14 /INPUT 32 "c_val";
    .port_info 15 /INPUT 1 "ram_in";
    .port_info 16 /INPUT 32 "device_in";
    .port_info 17 /INPUT 1 "inport_in";
    .port_info 18 /INPUT 1 "outport_in";
    .port_info 19 /INPUT 1 "Gra";
    .port_info 20 /INPUT 1 "Grb";
    .port_info 21 /INPUT 1 "Grc";
    .port_info 22 /INPUT 1 "Rin";
    .port_info 23 /INPUT 1 "Rout";
    .port_info 24 /INPUT 1 "BAout";
    .port_info 25 /INPUT 1 "Cout";
    .port_info 26 /INPUT 1 "con_en";
    .port_info 27 /OUTPUT 32 "BusMuxOut";
    .port_info 28 /OUTPUT 32 "pc_val";
    .port_info 29 /OUTPUT 32 "ir_val";
    .port_info 30 /OUTPUT 32 "y_val";
    .port_info 31 /OUTPUT 32 "mar_val";
    .port_info 32 /OUTPUT 32 "zhigh_out";
    .port_info 33 /OUTPUT 32 "zlow_out";
    .port_info 34 /OUTPUT 32 "Mdataout";
    .port_info 35 /OUTPUT 32 "outport_val";
    .port_info 36 /OUTPUT 1 "con";
L_0000014ddfc19e00 .functor BUFZ 32, L_0000014ddfd90710, C4<00000000000000000000000000000000>, C4<00000000000000000000000000000000>, C4<00000000000000000000000000000000>;
L_0000014ddfc19f50 .functor BUFZ 32, L_0000014ddfd8fb30, C4<00000000000000000000000000000000>, C4<00000000000000000000000000000000>, C4<00000000000000000000000000000000>;
L_0000014ddfc186d0 .functor BUFZ 32, v0000014ddfd8c7f0_0, C4<00000000000000000000000000000000>, C4<00000000000000000000000000000000>, C4<00000000000000000000000000000000>;
L_0000014ddfe03e40 .functor BUFZ 32, v0000014ddfd7f140_0, C4<00000000000000000000000000000000>, C4<00000000000000000000000000000000>, C4<00000000000000000000000000000000>;
v0000014ddfd73840_0 .net "BAout", 0 0, v0000014ddfd8e410_0;  1 drivers
v0000014ddfd73ac0_0 .net "BAout_R0", 0 0, L_0000014ddfdfd850;  1 drivers
v0000014ddfd73ca0_0 .net "BusMuxOut", 31 0, v0000014ddfd547a0_0;  alias, 1 drivers
v0000014ddfd738e0_0 .net "Cout", 0 0, v0000014ddfd8e2d0_0;  1 drivers
v0000014ddfd75320_0 .net "Gra", 0 0, v0000014ddfd8e550_0;  1 drivers
v0000014ddfd73980_0 .net "Grb", 0 0, v0000014ddfd8d010_0;  1 drivers
v0000014ddfd74880_0 .net "Grc", 0 0, v0000014ddfd8c570_0;  1 drivers
v0000014ddfd74420_0 .net "IncPC", 0 0, v0000014ddfd8c390_0;  1 drivers
v0000014ddfd74b00_0 .net "MDRin", 0 0, v0000014ddfd8d290_0;  1 drivers
v0000014ddfd74600_0 .net "Mdataout", 31 0, L_0000014ddfe03e40;  alias, 1 drivers
v0000014ddfd744c0_0 .net "Read", 0 0, v0000014ddfd8d0b0_0;  1 drivers
v0000014ddfd73de0_0 .net "Rin", 0 0, v0000014ddfd8e730_0;  1 drivers
v0000014ddfd73e80_0 .net "Rin_decoded", 15 0, L_0000014ddfe040e0;  1 drivers
v0000014ddfd74920_0 .net "Rout", 0 0, v0000014ddfd8c2f0_0;  1 drivers
v0000014ddfd74d80_0 .net "Rout_decoded", 15 0, L_0000014ddfe04150;  1 drivers
v0000014ddfd73fc0_0 .var "Z_reg", 63 0;
v0000014ddfd74100_0 .net "Zin", 0 0, v0000014ddfd8c6b0_0;  1 drivers
v0000014ddfd74240_0 .net "alu_op", 4 0, v0000014ddfd8c750_0;  1 drivers
v0000014ddfd74560_0 .net "alu_result", 63 0, v0000014ddfd53bc0_0;  1 drivers
v0000014ddfd747e0_0 .net "bus_sel", 4 0, v0000014ddfd8d650_0;  1 drivers
v0000014ddfd749c0_0 .net "c_bus_val", 31 0, L_0000014ddfd95030;  1 drivers
v0000014ddfd75460_0 .net "c_extended", 31 0, L_0000014ddfd94270;  1 drivers
v0000014ddfd74e20_0 .net "c_raw", 31 0, L_0000014ddfc186d0;  1 drivers
v0000014ddfd74a60_0 .net "c_val", 31 0, v0000014ddfd8c7f0_0;  1 drivers
v0000014ddfd74f60_0 .net "clk", 0 0, v0000014ddfd8cbb0_0;  1 drivers
v0000014ddfd75000_0 .net "con", 0 0, v0000014ddfd560a0_0;  alias, 1 drivers
v0000014ddfd75140_0 .net "con_en", 0 0, v0000014ddfd8cb10_0;  1 drivers
v0000014ddfd751e0_0 .net "device_in", 31 0, v0000014ddfd8d150_0;  1 drivers
v0000014ddfd8ccf0_0 .net "hi_in", 0 0, v0000014ddfd8d1f0_0;  1 drivers
v0000014ddfd8e0f0_0 .net "hi_val", 31 0, v0000014ddfd56280_0;  1 drivers
v0000014ddfd8da10_0 .net "inport_in", 0 0, v0000014ddfd8d830_0;  1 drivers
v0000014ddfd8c9d0_0 .net "inport_val", 31 0, v0000014ddfd556a0_0;  1 drivers
v0000014ddfd8db50_0 .net "ir_in", 0 0, v0000014ddfd8ea50_0;  1 drivers
v0000014ddfd8dab0_0 .net "ir_val", 31 0, v0000014ddfd47be0_0;  alias, 1 drivers
v0000014ddfd8c250_0 .net "lo_in", 0 0, v0000014ddfd8eeb0_0;  1 drivers
v0000014ddfd8d470_0 .net "lo_val", 31 0, v0000014ddfd46c40_0;  1 drivers
v0000014ddfd8d3d0_0 .net "mar_in", 0 0, v0000014ddfd8fbd0_0;  1 drivers
v0000014ddfd8d970_0 .net "mar_val", 31 0, v0000014ddfd46ec0_0;  alias, 1 drivers
v0000014ddfd8cc50_0 .net "mdr_val", 31 0, v0000014ddfd7f140_0;  1 drivers
v0000014ddfd8cd90_0 .net "outport_in", 0 0, v0000014ddfd8f090_0;  1 drivers
v0000014ddfd8dbf0_0 .net "outport_val", 31 0, v0000014ddfd7dac0_0;  alias, 1 drivers
v0000014ddfd8dd30_0 .net "pc_in", 0 0, v0000014ddfd8f4f0_0;  1 drivers
v0000014ddfd8c890_0 .net "pc_val", 31 0, v0000014ddfd7c3a0_0;  alias, 1 drivers
v0000014ddfd8e7d0_0 .net "r0_out", 31 0, L_0000014ddfd8e9b0;  1 drivers
v0000014ddfd8d6f0_0 .net "r10_out", 31 0, v0000014ddfd800e0_0;  1 drivers
v0000014ddfd8e4b0_0 .net "r11_out", 31 0, v0000014ddfd7f8c0_0;  1 drivers
v0000014ddfd8e5f0_0 .net "r12_out", 31 0, v0000014ddfd70be0_0;  1 drivers
v0000014ddfd8df10_0 .net "r13_out", 31 0, v0000014ddfd71180_0;  1 drivers
v0000014ddfd8e690_0 .net "r14_out", 31 0, v0000014ddfd723a0_0;  1 drivers
v0000014ddfd8d330_0 .net "r15_out", 31 0, v0000014ddfd72440_0;  1 drivers
v0000014ddfd8ce30_0 .net "r1_out", 31 0, v0000014ddfd80220_0;  1 drivers
v0000014ddfd8dc90_0 .net "r2_out", 31 0, v0000014ddfd728a0_0;  1 drivers
v0000014ddfd8e870_0 .net "r3_out", 31 0, v0000014ddfd72760_0;  1 drivers
v0000014ddfd8ddd0_0 .net "r4_out", 31 0, v0000014ddfd73020_0;  1 drivers
v0000014ddfd8d510_0 .net "r5_out", 31 0, v0000014ddfd72620_0;  1 drivers
v0000014ddfd8c110_0 .net "r6_out", 31 0, v0000014ddfd70a00_0;  1 drivers
v0000014ddfd8c4d0_0 .net "r7_out", 31 0, v0000014ddfd72d00_0;  1 drivers
v0000014ddfd8c430_0 .net "r8_out", 31 0, v0000014ddfd71680_0;  1 drivers
v0000014ddfd8e050_0 .net "r9_out", 31 0, v0000014ddfd70f00_0;  1 drivers
v0000014ddfd8c1b0_0 .net "ram_in", 0 0, v0000014ddfd90d50_0;  1 drivers
v0000014ddfd8d790_0 .net "ram_val", 31 0, L_0000014ddfd94bd0;  1 drivers
v0000014ddfd8e230_0 .net "reset", 0 0, v0000014ddfd8f6d0_0;  1 drivers
v0000014ddfd8de70_0 .net "sel_encoded", 4 0, v0000014ddfd7f780_0;  1 drivers
v0000014ddfd8d8d0_0 .net "y_in", 0 0, v0000014ddfd8e910_0;  1 drivers
v0000014ddfd8dfb0_0 .net "y_val", 31 0, v0000014ddfd7d200_0;  alias, 1 drivers
v0000014ddfd8ced0_0 .net "zhigh_out", 31 0, L_0000014ddfc19e00;  alias, 1 drivers
v0000014ddfd8e370_0 .net "zhigh_val", 31 0, L_0000014ddfd90710;  1 drivers
v0000014ddfd8cf70_0 .net "zlow_out", 31 0, L_0000014ddfc19f50;  alias, 1 drivers
v0000014ddfd8e190_0 .net "zlow_val", 31 0, L_0000014ddfd8fb30;  1 drivers
L_0000014ddfd90710 .part v0000014ddfd73fc0_0, 32, 32;
L_0000014ddfd8fb30 .part v0000014ddfd73fc0_0, 0, 32;
L_0000014ddfd94450 .part v0000014ddfd46ec0_0, 0, 9;
L_0000014ddfd95030 .functor MUXZ 32, L_0000014ddfc186d0, L_0000014ddfd94270, v0000014ddfd8e2d0_0, C4<>;
L_0000014ddfd95490 .part v0000014ddfd47be0_0, 19, 2;
S_0000014ddf96f150 .scope module, "alu_inst" "alu" 3 190, 4 4 0, S_0000014ddfc96330;
 .timescale 0 0;
    .port_info 0 /INPUT 32 "A";
    .port_info 1 /INPUT 32 "B";
    .port_info 2 /INPUT 5 "op";
    .port_info 3 /OUTPUT 64 "C";
P_0000014ddf95c610 .param/l "OP_ADD" 1 4 12, C4<00000>;
P_0000014ddf95c648 .param/l "OP_AND" 1 4 16, C4<00100>;
P_0000014ddf95c680 .param/l "OP_DIV" 1 4 15, C4<00011>;
P_0000014ddf95c6b8 .param/l "OP_MUL" 1 4 14, C4<00010>;
P_0000014ddf95c6f0 .param/l "OP_NEG" 1 4 19, C4<00111>;
P_0000014ddf95c728 .param/l "OP_NOT" 1 4 18, C4<00110>;
P_0000014ddf95c760 .param/l "OP_OR" 1 4 17, C4<00101>;
P_0000014ddf95c798 .param/l "OP_ROL" 1 4 24, C4<01100>;
P_0000014ddf95c7d0 .param/l "OP_ROR" 1 4 23, C4<01011>;
P_0000014ddf95c808 .param/l "OP_SHL" 1 4 22, C4<01010>;
P_0000014ddf95c840 .param/l "OP_SHR" 1 4 20, C4<01000>;
P_0000014ddf95c878 .param/l "OP_SHRA" 1 4 21, C4<01001>;
P_0000014ddf95c8b0 .param/l "OP_SUB" 1 4 13, C4<00001>;
L_0000014ddfe11900 .functor NOT 32, v0000014ddfd547a0_0, C4<00000000000000000000000000000000>, C4<00000000000000000000000000000000>, C4<00000000000000000000000000000000>;
L_0000014ddfe2fd30 .functor NOT 32, v0000014ddfd547a0_0, C4<00000000000000000000000000000000>, C4<00000000000000000000000000000000>, C4<00000000000000000000000000000000>;
v0000014ddfd55100_0 .net "A", 31 0, v0000014ddfd7d200_0;  alias, 1 drivers
v0000014ddfd54b60_0 .net "B", 31 0, v0000014ddfd547a0_0;  alias, 1 drivers
v0000014ddfd53bc0_0 .var "C", 63 0;
v0000014ddfd54520_0 .net "add_cout", 0 0, L_0000014ddfd9a030;  1 drivers
v0000014ddfd53260_0 .net "add_result", 31 0, L_0000014ddfd99310;  1 drivers
v0000014ddfd531c0_0 .net "div_quotient", 31 0, L_0000014ddfd85a90;  1 drivers
v0000014ddfd54480_0 .net "div_remainder", 31 0, L_0000014ddfd86030;  1 drivers
v0000014ddfd53760_0 .net "mul_result", 63 0, L_0000014ddfd84a50;  1 drivers
v0000014ddfd53800_0 .net "neg_cout", 0 0, L_0000014ddfda0890;  1 drivers
v0000014ddfd54700_0 .net "neg_result", 31 0, L_0000014ddfda2870;  1 drivers
v0000014ddfd55060_0 .net "op", 4 0, v0000014ddfd8c750_0;  alias, 1 drivers
v0000014ddfd52c20_0 .net "rol_result", 31 0, L_0000014ddfe30660;  1 drivers
v0000014ddfd54200_0 .net "ror_result", 31 0, L_0000014ddfe30c10;  1 drivers
v0000014ddfd52fe0_0 .net "shl_result", 31 0, L_0000014ddfe30580;  1 drivers
v0000014ddfd54a20_0 .net "shr_result", 31 0, L_0000014ddfe2fe10;  1 drivers
v0000014ddfd53ee0_0 .net "shra_result", 31 0, L_0000014ddfe30740;  1 drivers
v0000014ddfd53940_0 .net "sub_cout", 0 0, L_0000014ddfd9c1f0;  1 drivers
v0000014ddfd538a0_0 .net "sub_result", 31 0, L_0000014ddfd9d2d0;  1 drivers
E_0000014ddfc4f740/0 .event anyedge, v0000014ddfd55060_0, v0000014ddfcf2aa0_0, v0000014ddfd4d9a0_0, v0000014ddfcec550_0;
E_0000014ddfc4f740/1 .event anyedge, v0000014ddfcec2d0_0, v0000014ddfcebe70_0, v0000014ddfc8b690_0, v0000014ddfceca50_0;
E_0000014ddfc4f740/2 .event anyedge, v0000014ddfd35330_0, v0000014ddfd50600_0, v0000014ddfd515a0_0, v0000014ddfd52900_0;
E_0000014ddfc4f740/3 .event anyedge, v0000014ddfd511e0_0, v0000014ddfd51be0_0;
E_0000014ddfc4f740 .event/or E_0000014ddfc4f740/0, E_0000014ddfc4f740/1, E_0000014ddfc4f740/2, E_0000014ddfc4f740/3;
L_0000014ddfd8adb0 .part v0000014ddfd547a0_0, 0, 5;
S_0000014ddf95c8f0 .scope module, "booth_mul" "booth_multiplier" 4 64, 5 4 0, S_0000014ddf96f150;
 .timescale 0 0;
    .port_info 0 /INPUT 32 "A";
    .port_info 1 /INPUT 32 "B";
    .port_info 2 /OUTPUT 64 "Product";
v0000014ddfceb970_0 .net/s "A", 31 0, v0000014ddfd7d200_0;  alias, 1 drivers
v0000014ddfceca50_0 .net/s "B", 31 0, v0000014ddfd547a0_0;  alias, 1 drivers
v0000014ddfcea9d0_0 .net "B_ext", 32 0, L_0000014ddfd86cb0;  1 drivers
v0000014ddfcec550_0 .net/s "Product", 63 0, L_0000014ddfd84a50;  alias, 1 drivers
L_0000014ddfda5688 .functor BUFT 1, C4<0>, C4<0>, C4<0>, C4<0>;
v0000014ddfceb6f0_0 .net/2u *"_ivl_16", 0 0, L_0000014ddfda5688;  1 drivers
v0000014ddfceb3d0_0 .net *"_ivl_21", 0 0, L_0000014ddfd86d50;  1 drivers
v0000014ddfceaed0_0 .net *"_ivl_23", 0 0, L_0000014ddfd86850;  1 drivers
v0000014ddfcebf10_0 .net *"_ivl_25", 0 0, L_0000014ddfd85f90;  1 drivers
L_0000014ddfda5718 .functor BUFT 1, C4<00000000000000000000000000100000>, C4<0>, C4<0>, C4<0>;
v0000014ddfcec050_0 .net/2s *"_ivl_28", 31 0, L_0000014ddfda5718;  1 drivers
v0000014ddfcea890_0 .net/s *"_ivl_35", 63 0, L_0000014ddfd86ad0;  1 drivers
v0000014ddfceba10_0 .net/s *"_ivl_38", 63 0, L_0000014ddfd84c30;  1 drivers
v0000014ddfceae30_0 .net/s *"_ivl_41", 63 0, L_0000014ddfd86df0;  1 drivers
v0000014ddfcebb50_0 .net/s *"_ivl_44", 63 0, L_0000014ddfd87070;  1 drivers
v0000014ddfcec190_0 .net/s *"_ivl_47", 63 0, L_0000014ddfd86e90;  1 drivers
v0000014ddfceb330_0 .net/s *"_ivl_50", 63 0, L_0000014ddfd86710;  1 drivers
v0000014ddfceb470_0 .net/s *"_ivl_53", 63 0, L_0000014ddfd85bd0;  1 drivers
v0000014ddfcec730_0 .net/s *"_ivl_56", 63 0, L_0000014ddfd86490;  1 drivers
v0000014ddfceaa70_0 .net/s *"_ivl_59", 63 0, L_0000014ddfd86170;  1 drivers
v0000014ddfceb290_0 .net/s *"_ivl_62", 63 0, L_0000014ddfd849b0;  1 drivers
v0000014ddfcebc90_0 .net/s *"_ivl_65", 63 0, L_0000014ddfd865d0;  1 drivers
v0000014ddfcebdd0_0 .net/s *"_ivl_68", 63 0, L_0000014ddfd86b70;  1 drivers
v0000014ddfcea570_0 .net/s *"_ivl_71", 63 0, L_0000014ddfd86c10;  1 drivers
v0000014ddfceab10_0 .net/s *"_ivl_74", 63 0, L_0000014ddfd86f30;  1 drivers
v0000014ddfcea750_0 .net/s *"_ivl_77", 63 0, L_0000014ddfd85770;  1 drivers
v0000014ddfcec7d0_0 .net "last_booth_bits", 2 0, L_0000014ddfd85270;  1 drivers
v0000014ddfcec0f0 .array "pp", 0 16;
v0000014ddfcec0f0_0 .net/s v0000014ddfcec0f0 0, 63 0, L_0000014ddfda04d0; 1 drivers
v0000014ddfcec0f0_1 .net/s v0000014ddfcec0f0 1, 63 0, L_0000014ddfda0cf0; 1 drivers
v0000014ddfcec0f0_2 .net/s v0000014ddfcec0f0 2, 63 0, L_0000014ddfda0b10; 1 drivers
v0000014ddfcec0f0_3 .net/s v0000014ddfcec0f0 3, 63 0, L_0000014ddfda25f0; 1 drivers
v0000014ddfcec0f0_4 .net/s v0000014ddfcec0f0 4, 63 0, L_0000014ddfda06b0; 1 drivers
v0000014ddfcec0f0_5 .net/s v0000014ddfcec0f0 5, 63 0, L_0000014ddfda09d0; 1 drivers
v0000014ddfcec0f0_6 .net/s v0000014ddfcec0f0 6, 63 0, L_0000014ddfda3c70; 1 drivers
v0000014ddfcec0f0_7 .net/s v0000014ddfcec0f0 7, 63 0, L_0000014ddfda42b0; 1 drivers
v0000014ddfcec0f0_8 .net/s v0000014ddfcec0f0 8, 63 0, L_0000014ddfda3090; 1 drivers
v0000014ddfcec0f0_9 .net/s v0000014ddfcec0f0 9, 63 0, L_0000014ddfda4170; 1 drivers
v0000014ddfcec0f0_10 .net/s v0000014ddfcec0f0 10, 63 0, L_0000014ddfda34f0; 1 drivers
v0000014ddfcec0f0_11 .net/s v0000014ddfcec0f0 11, 63 0, L_0000014ddfda3630; 1 drivers
v0000014ddfcec0f0_12 .net/s v0000014ddfcec0f0 12, 63 0, L_0000014ddfda40d0; 1 drivers
v0000014ddfcec0f0_13 .net/s v0000014ddfcec0f0 13, 63 0, L_0000014ddfd86fd0; 1 drivers
v0000014ddfcec0f0_14 .net/s v0000014ddfcec0f0 14, 63 0, L_0000014ddfd86530; 1 drivers
v0000014ddfcec0f0_15 .net/s v0000014ddfcec0f0 15, 63 0, L_0000014ddfd84eb0; 1 drivers
v0000014ddfcec0f0_16 .net/s v0000014ddfcec0f0 16, 63 0, L_0000014ddfd85630; 1 drivers
L_0000014ddfda1a10 .part L_0000014ddfd86cb0, 0, 3;
L_0000014ddfda0750 .part L_0000014ddfd86cb0, 2, 3;
L_0000014ddfda0ed0 .part L_0000014ddfd86cb0, 4, 3;
L_0000014ddfda1b50 .part L_0000014ddfd86cb0, 6, 3;
L_0000014ddfda1bf0 .part L_0000014ddfd86cb0, 8, 3;
L_0000014ddfda1650 .part L_0000014ddfd86cb0, 10, 3;
L_0000014ddfda2190 .part L_0000014ddfd86cb0, 12, 3;
L_0000014ddfda3130 .part L_0000014ddfd86cb0, 14, 3;
L_0000014ddfda3db0 .part L_0000014ddfd86cb0, 16, 3;
L_0000014ddfda3950 .part L_0000014ddfd86cb0, 18, 3;
L_0000014ddfda2a50 .part L_0000014ddfd86cb0, 20, 3;
L_0000014ddfda3bd0 .part L_0000014ddfd86cb0, 22, 3;
L_0000014ddfda3a90 .part L_0000014ddfd86cb0, 24, 3;
L_0000014ddfd85450 .part L_0000014ddfd86cb0, 26, 3;
L_0000014ddfd84910 .part L_0000014ddfd86cb0, 28, 3;
L_0000014ddfd84ff0 .part L_0000014ddfd86cb0, 30, 3;
L_0000014ddfd86cb0 .concat [ 1 32 0 0], L_0000014ddfda5688, v0000014ddfd547a0_0;
L_0000014ddfd86d50 .part v0000014ddfd547a0_0, 31, 1;
L_0000014ddfd86850 .part v0000014ddfd547a0_0, 31, 1;
L_0000014ddfd85f90 .part L_0000014ddfd86cb0, 31, 1;
L_0000014ddfd85270 .concat [ 1 1 1 0], L_0000014ddfd85f90, L_0000014ddfd86850, L_0000014ddfd86d50;
L_0000014ddfd856d0 .part L_0000014ddfda5718, 0, 6;
L_0000014ddfd86ad0 .arith/sum 64, L_0000014ddfda04d0, L_0000014ddfda0cf0;
L_0000014ddfd84c30 .arith/sum 64, L_0000014ddfd86ad0, L_0000014ddfda0b10;
L_0000014ddfd86df0 .arith/sum 64, L_0000014ddfd84c30, L_0000014ddfda25f0;
L_0000014ddfd87070 .arith/sum 64, L_0000014ddfd86df0, L_0000014ddfda06b0;
L_0000014ddfd86e90 .arith/sum 64, L_0000014ddfd87070, L_0000014ddfda09d0;
L_0000014ddfd86710 .arith/sum 64, L_0000014ddfd86e90, L_0000014ddfda3c70;
L_0000014ddfd85bd0 .arith/sum 64, L_0000014ddfd86710, L_0000014ddfda42b0;
L_0000014ddfd86490 .arith/sum 64, L_0000014ddfd85bd0, L_0000014ddfda3090;
L_0000014ddfd86170 .arith/sum 64, L_0000014ddfd86490, L_0000014ddfda4170;
L_0000014ddfd849b0 .arith/sum 64, L_0000014ddfd86170, L_0000014ddfda34f0;
L_0000014ddfd865d0 .arith/sum 64, L_0000014ddfd849b0, L_0000014ddfda3630;
L_0000014ddfd86b70 .arith/sum 64, L_0000014ddfd865d0, L_0000014ddfda40d0;
L_0000014ddfd86c10 .arith/sum 64, L_0000014ddfd86b70, L_0000014ddfd86fd0;
L_0000014ddfd86f30 .arith/sum 64, L_0000014ddfd86c10, L_0000014ddfd86530;
L_0000014ddfd85770 .arith/sum 64, L_0000014ddfd86f30, L_0000014ddfd84eb0;
L_0000014ddfd84a50 .arith/sum 64, L_0000014ddfd85770, L_0000014ddfd85630;
S_0000014ddf95a100 .scope generate, "booth_pp_gen[0]" "booth_pp_gen[0]" 5 27, 5 27 0, S_0000014ddf95c8f0;
 .timescale 0 0;
P_0000014ddfc4fb00 .param/l "i" 0 5 27, +C4<00>;
L_0000014ddfda4dd0 .functor BUFT 1, C4<0>, C4<0>, C4<0>, C4<0>;
v0000014ddfc8a8d0_0 .net/2s *"_ivl_1", 0 0, L_0000014ddfda4dd0;  1 drivers
v0000014ddfc8a970_0 .net "booth_bits", 2 0, L_0000014ddfda1a10;  1 drivers
L_0000014ddfda0c50 .extend/s 6, L_0000014ddfda4dd0;
S_0000014ddf95a290 .scope module, "bpp" "booth_partial_product" 5 31, 5 57 0, S_0000014ddf95a100;
 .timescale 0 0;
    .port_info 0 /INPUT 32 "M";
    .port_info 1 /INPUT 3 "booth_bits";
    .port_info 2 /INPUT 6 "shift_amount";
    .port_info 3 /OUTPUT 64 "pp";
v0000014ddfc8b690_0 .net/s "M", 31 0, v0000014ddfd7d200_0;  alias, 1 drivers
v0000014ddfc8b870_0 .net/s "M2", 63 0, L_0000014ddfda0bb0;  1 drivers
v0000014ddfc8aa10_0 .net/s "M_ext", 63 0, L_0000014ddfda0930;  1 drivers
v0000014ddfc8b910_0 .net *"_ivl_1", 0 0, L_0000014ddfda2550;  1 drivers
L_0000014ddfda4d88 .functor BUFT 1, C4<0>, C4<0>, C4<0>, C4<0>;
v0000014ddfc89ed0_0 .net *"_ivl_10", 0 0, L_0000014ddfda4d88;  1 drivers
v0000014ddfc8a010_0 .net *"_ivl_2", 31 0, L_0000014ddfda0110;  1 drivers
v0000014ddfc8a0b0_0 .net *"_ivl_8", 62 0, L_0000014ddfda1330;  1 drivers
v0000014ddfc8a150_0 .net "booth_bits", 2 0, L_0000014ddfda1a10;  alias, 1 drivers
v0000014ddfc8a650_0 .net/s "pp", 63 0, L_0000014ddfda04d0;  alias, 1 drivers
v0000014ddfc8a790_0 .var/s "pp_unshifted", 63 0;
v0000014ddfc8a830_0 .net "shift_amount", 5 0, L_0000014ddfda0c50;  1 drivers
E_0000014ddfc4ff80 .event anyedge, v0000014ddfc8a150_0, v0000014ddfc8aa10_0, v0000014ddfc8b870_0;
L_0000014ddfda2550 .part v0000014ddfd7d200_0, 31, 1;
LS_0000014ddfda0110_0_0 .concat [ 1 1 1 1], L_0000014ddfda2550, L_0000014ddfda2550, L_0000014ddfda2550, L_0000014ddfda2550;
LS_0000014ddfda0110_0_4 .concat [ 1 1 1 1], L_0000014ddfda2550, L_0000014ddfda2550, L_0000014ddfda2550, L_0000014ddfda2550;
LS_0000014ddfda0110_0_8 .concat [ 1 1 1 1], L_0000014ddfda2550, L_0000014ddfda2550, L_0000014ddfda2550, L_0000014ddfda2550;
LS_0000014ddfda0110_0_12 .concat [ 1 1 1 1], L_0000014ddfda2550, L_0000014ddfda2550, L_0000014ddfda2550, L_0000014ddfda2550;
LS_0000014ddfda0110_0_16 .concat [ 1 1 1 1], L_0000014ddfda2550, L_0000014ddfda2550, L_0000014ddfda2550, L_0000014ddfda2550;
LS_0000014ddfda0110_0_20 .concat [ 1 1 1 1], L_0000014ddfda2550, L_0000014ddfda2550, L_0000014ddfda2550, L_0000014ddfda2550;
LS_0000014ddfda0110_0_24 .concat [ 1 1 1 1], L_0000014ddfda2550, L_0000014ddfda2550, L_0000014ddfda2550, L_0000014ddfda2550;
LS_0000014ddfda0110_0_28 .concat [ 1 1 1 1], L_0000014ddfda2550, L_0000014ddfda2550, L_0000014ddfda2550, L_0000014ddfda2550;
LS_0000014ddfda0110_1_0 .concat [ 4 4 4 4], LS_0000014ddfda0110_0_0, LS_0000014ddfda0110_0_4, LS_0000014ddfda0110_0_8, LS_0000014ddfda0110_0_12;
LS_0000014ddfda0110_1_4 .concat [ 4 4 4 4], LS_0000014ddfda0110_0_16, LS_0000014ddfda0110_0_20, LS_0000014ddfda0110_0_24, LS_0000014ddfda0110_0_28;
L_0000014ddfda0110 .concat [ 16 16 0 0], LS_0000014ddfda0110_1_0, LS_0000014ddfda0110_1_4;
L_0000014ddfda0930 .concat [ 32 32 0 0], v0000014ddfd7d200_0, L_0000014ddfda0110;
L_0000014ddfda1330 .part L_0000014ddfda0930, 0, 63;
L_0000014ddfda0bb0 .concat [ 1 63 0 0], L_0000014ddfda4d88, L_0000014ddfda1330;
L_0000014ddfda04d0 .shift/l 64, v0000014ddfc8a790_0, L_0000014ddfda0c50;
S_0000014ddf958bf0 .scope generate, "booth_pp_gen[1]" "booth_pp_gen[1]" 5 27, 5 27 0, S_0000014ddf95c8f0;
 .timescale 0 0;
P_0000014ddfc4f240 .param/l "i" 0 5 27, +C4<01>;
L_0000014ddfda4e60 .functor BUFT 1, C4<010>, C4<0>, C4<0>, C4<0>;
v0000014ddfc8c130_0 .net/2s *"_ivl_1", 2 0, L_0000014ddfda4e60;  1 drivers
v0000014ddfc8d170_0 .net "booth_bits", 2 0, L_0000014ddfda0750;  1 drivers
L_0000014ddfda10b0 .extend/s 6, L_0000014ddfda4e60;
S_0000014ddf958d80 .scope module, "bpp" "booth_partial_product" 5 31, 5 57 0, S_0000014ddf958bf0;
 .timescale 0 0;
    .port_info 0 /INPUT 32 "M";
    .port_info 1 /INPUT 3 "booth_bits";
    .port_info 2 /INPUT 6 "shift_amount";
    .port_info 3 /OUTPUT 64 "pp";
v0000014ddfc8bf50_0 .net/s "M", 31 0, v0000014ddfd7d200_0;  alias, 1 drivers
v0000014ddfc8c8b0_0 .net/s "M2", 63 0, L_0000014ddfda0390;  1 drivers
v0000014ddfc8cb30_0 .net/s "M_ext", 63 0, L_0000014ddfda2410;  1 drivers
v0000014ddfc8cdb0_0 .net *"_ivl_1", 0 0, L_0000014ddfda2230;  1 drivers
L_0000014ddfda4e18 .functor BUFT 1, C4<0>, C4<0>, C4<0>, C4<0>;
v0000014ddfc8cd10_0 .net *"_ivl_10", 0 0, L_0000014ddfda4e18;  1 drivers
v0000014ddfc8d030_0 .net *"_ivl_2", 31 0, L_0000014ddfda20f0;  1 drivers
v0000014ddfc8c810_0 .net *"_ivl_8", 62 0, L_0000014ddfda24b0;  1 drivers
v0000014ddfc8c4f0_0 .net "booth_bits", 2 0, L_0000014ddfda0750;  alias, 1 drivers
v0000014ddfc8bd70_0 .net/s "pp", 63 0, L_0000014ddfda0cf0;  alias, 1 drivers
v0000014ddfc8d0d0_0 .var/s "pp_unshifted", 63 0;
v0000014ddfc8be10_0 .net "shift_amount", 5 0, L_0000014ddfda10b0;  1 drivers
E_0000014ddfc50600 .event anyedge, v0000014ddfc8c4f0_0, v0000014ddfc8cb30_0, v0000014ddfc8c8b0_0;
L_0000014ddfda2230 .part v0000014ddfd7d200_0, 31, 1;
LS_0000014ddfda20f0_0_0 .concat [ 1 1 1 1], L_0000014ddfda2230, L_0000014ddfda2230, L_0000014ddfda2230, L_0000014ddfda2230;
LS_0000014ddfda20f0_0_4 .concat [ 1 1 1 1], L_0000014ddfda2230, L_0000014ddfda2230, L_0000014ddfda2230, L_0000014ddfda2230;
LS_0000014ddfda20f0_0_8 .concat [ 1 1 1 1], L_0000014ddfda2230, L_0000014ddfda2230, L_0000014ddfda2230, L_0000014ddfda2230;
LS_0000014ddfda20f0_0_12 .concat [ 1 1 1 1], L_0000014ddfda2230, L_0000014ddfda2230, L_0000014ddfda2230, L_0000014ddfda2230;
LS_0000014ddfda20f0_0_16 .concat [ 1 1 1 1], L_0000014ddfda2230, L_0000014ddfda2230, L_0000014ddfda2230, L_0000014ddfda2230;
LS_0000014ddfda20f0_0_20 .concat [ 1 1 1 1], L_0000014ddfda2230, L_0000014ddfda2230, L_0000014ddfda2230, L_0000014ddfda2230;
LS_0000014ddfda20f0_0_24 .concat [ 1 1 1 1], L_0000014ddfda2230, L_0000014ddfda2230, L_0000014ddfda2230, L_0000014ddfda2230;
LS_0000014ddfda20f0_0_28 .concat [ 1 1 1 1], L_0000014ddfda2230, L_0000014ddfda2230, L_0000014ddfda2230, L_0000014ddfda2230;
LS_0000014ddfda20f0_1_0 .concat [ 4 4 4 4], LS_0000014ddfda20f0_0_0, LS_0000014ddfda20f0_0_4, LS_0000014ddfda20f0_0_8, LS_0000014ddfda20f0_0_12;
LS_0000014ddfda20f0_1_4 .concat [ 4 4 4 4], LS_0000014ddfda20f0_0_16, LS_0000014ddfda20f0_0_20, LS_0000014ddfda20f0_0_24, LS_0000014ddfda20f0_0_28;
L_0000014ddfda20f0 .concat [ 16 16 0 0], LS_0000014ddfda20f0_1_0, LS_0000014ddfda20f0_1_4;
L_0000014ddfda2410 .concat [ 32 32 0 0], v0000014ddfd7d200_0, L_0000014ddfda20f0;
L_0000014ddfda24b0 .part L_0000014ddfda2410, 0, 63;
L_0000014ddfda0390 .concat [ 1 63 0 0], L_0000014ddfda4e18, L_0000014ddfda24b0;
L_0000014ddfda0cf0 .shift/l 64, v0000014ddfc8d0d0_0, L_0000014ddfda10b0;
S_0000014ddf954250 .scope generate, "booth_pp_gen[2]" "booth_pp_gen[2]" 5 27, 5 27 0, S_0000014ddf95c8f0;
 .timescale 0 0;
P_0000014ddfc506c0 .param/l "i" 0 5 27, +C4<010>;
L_0000014ddfda4ef0 .functor BUFT 1, C4<0100>, C4<0>, C4<0>, C4<0>;
v0000014ddfc8c450_0 .net/2s *"_ivl_1", 3 0, L_0000014ddfda4ef0;  1 drivers
v0000014ddfc8cef0_0 .net "booth_bits", 2 0, L_0000014ddfda0ed0;  1 drivers
L_0000014ddfda1150 .extend/s 6, L_0000014ddfda4ef0;
S_0000014ddf9543e0 .scope module, "bpp" "booth_partial_product" 5 31, 5 57 0, S_0000014ddf954250;
 .timescale 0 0;
    .port_info 0 /INPUT 32 "M";
    .port_info 1 /INPUT 3 "booth_bits";
    .port_info 2 /INPUT 6 "shift_amount";
    .port_info 3 /OUTPUT 64 "pp";
v0000014ddfc8bcd0_0 .net/s "M", 31 0, v0000014ddfd7d200_0;  alias, 1 drivers
v0000014ddfc8ce50_0 .net/s "M2", 63 0, L_0000014ddfda2690;  1 drivers
v0000014ddfc8baf0_0 .net/s "M_ext", 63 0, L_0000014ddfda1e70;  1 drivers
v0000014ddfc8c3b0_0 .net *"_ivl_1", 0 0, L_0000014ddfda0570;  1 drivers
L_0000014ddfda4ea8 .functor BUFT 1, C4<0>, C4<0>, C4<0>, C4<0>;
v0000014ddfc8c090_0 .net *"_ivl_10", 0 0, L_0000014ddfda4ea8;  1 drivers
v0000014ddfc8beb0_0 .net *"_ivl_2", 31 0, L_0000014ddfda1290;  1 drivers
v0000014ddfc8bff0_0 .net *"_ivl_8", 62 0, L_0000014ddfda1ab0;  1 drivers
v0000014ddfc8c630_0 .net "booth_bits", 2 0, L_0000014ddfda0ed0;  alias, 1 drivers
v0000014ddfc8c1d0_0 .net/s "pp", 63 0, L_0000014ddfda0b10;  alias, 1 drivers
v0000014ddfc8c270_0 .var/s "pp_unshifted", 63 0;
v0000014ddfc8c310_0 .net "shift_amount", 5 0, L_0000014ddfda1150;  1 drivers
E_0000014ddfc501c0 .event anyedge, v0000014ddfc8c630_0, v0000014ddfc8baf0_0, v0000014ddfc8ce50_0;
L_0000014ddfda0570 .part v0000014ddfd7d200_0, 31, 1;
LS_0000014ddfda1290_0_0 .concat [ 1 1 1 1], L_0000014ddfda0570, L_0000014ddfda0570, L_0000014ddfda0570, L_0000014ddfda0570;
LS_0000014ddfda1290_0_4 .concat [ 1 1 1 1], L_0000014ddfda0570, L_0000014ddfda0570, L_0000014ddfda0570, L_0000014ddfda0570;
LS_0000014ddfda1290_0_8 .concat [ 1 1 1 1], L_0000014ddfda0570, L_0000014ddfda0570, L_0000014ddfda0570, L_0000014ddfda0570;
LS_0000014ddfda1290_0_12 .concat [ 1 1 1 1], L_0000014ddfda0570, L_0000014ddfda0570, L_0000014ddfda0570, L_0000014ddfda0570;
LS_0000014ddfda1290_0_16 .concat [ 1 1 1 1], L_0000014ddfda0570, L_0000014ddfda0570, L_0000014ddfda0570, L_0000014ddfda0570;
LS_0000014ddfda1290_0_20 .concat [ 1 1 1 1], L_0000014ddfda0570, L_0000014ddfda0570, L_0000014ddfda0570, L_0000014ddfda0570;
LS_0000014ddfda1290_0_24 .concat [ 1 1 1 1], L_0000014ddfda0570, L_0000014ddfda0570, L_0000014ddfda0570, L_0000014ddfda0570;
LS_0000014ddfda1290_0_28 .concat [ 1 1 1 1], L_0000014ddfda0570, L_0000014ddfda0570, L_0000014ddfda0570, L_0000014ddfda0570;
LS_0000014ddfda1290_1_0 .concat [ 4 4 4 4], LS_0000014ddfda1290_0_0, LS_0000014ddfda1290_0_4, LS_0000014ddfda1290_0_8, LS_0000014ddfda1290_0_12;
LS_0000014ddfda1290_1_4 .concat [ 4 4 4 4], LS_0000014ddfda1290_0_16, LS_0000014ddfda1290_0_20, LS_0000014ddfda1290_0_24, LS_0000014ddfda1290_0_28;
L_0000014ddfda1290 .concat [ 16 16 0 0], LS_0000014ddfda1290_1_0, LS_0000014ddfda1290_1_4;
L_0000014ddfda1e70 .concat [ 32 32 0 0], v0000014ddfd7d200_0, L_0000014ddfda1290;
L_0000014ddfda1ab0 .part L_0000014ddfda1e70, 0, 63;
L_0000014ddfda2690 .concat [ 1 63 0 0], L_0000014ddfda4ea8, L_0000014ddfda1ab0;
L_0000014ddfda0b10 .shift/l 64, v0000014ddfc8c270_0, L_0000014ddfda1150;
S_0000014ddf94dd30 .scope generate, "booth_pp_gen[3]" "booth_pp_gen[3]" 5 27, 5 27 0, S_0000014ddf95c8f0;
 .timescale 0 0;
P_0000014ddfc50840 .param/l "i" 0 5 27, +C4<011>;
L_0000014ddfda4f80 .functor BUFT 1, C4<0110>, C4<0>, C4<0>, C4<0>;
v0000014ddfa931c0_0 .net/2s *"_ivl_1", 3 0, L_0000014ddfda4f80;  1 drivers
v0000014ddfa934e0_0 .net "booth_bits", 2 0, L_0000014ddfda1b50;  1 drivers
L_0000014ddfda1470 .extend/s 6, L_0000014ddfda4f80;
S_0000014ddf94dec0 .scope module, "bpp" "booth_partial_product" 5 31, 5 57 0, S_0000014ddf94dd30;
 .timescale 0 0;
    .port_info 0 /INPUT 32 "M";
    .port_info 1 /INPUT 3 "booth_bits";
    .port_info 2 /INPUT 6 "shift_amount";
    .port_info 3 /OUTPUT 64 "pp";
v0000014ddfc8bb90_0 .net/s "M", 31 0, v0000014ddfd7d200_0;  alias, 1 drivers
v0000014ddfc8ca90_0 .net/s "M2", 63 0, L_0000014ddfda01b0;  1 drivers
v0000014ddfc8c590_0 .net/s "M_ext", 63 0, L_0000014ddfda0d90;  1 drivers
v0000014ddfc8cf90_0 .net *"_ivl_1", 0 0, L_0000014ddfda0610;  1 drivers
L_0000014ddfda4f38 .functor BUFT 1, C4<0>, C4<0>, C4<0>, C4<0>;
v0000014ddfc8c950_0 .net *"_ivl_10", 0 0, L_0000014ddfda4f38;  1 drivers
v0000014ddfc8bc30_0 .net *"_ivl_2", 31 0, L_0000014ddfda13d0;  1 drivers
v0000014ddfc8c6d0_0 .net *"_ivl_8", 62 0, L_0000014ddfda1f10;  1 drivers
v0000014ddfc8c770_0 .net "booth_bits", 2 0, L_0000014ddfda1b50;  alias, 1 drivers
v0000014ddfc8c9f0_0 .net/s "pp", 63 0, L_0000014ddfda25f0;  alias, 1 drivers
v0000014ddfc8cbd0_0 .var/s "pp_unshifted", 63 0;
v0000014ddfc8cc70_0 .net "shift_amount", 5 0, L_0000014ddfda1470;  1 drivers
E_0000014ddfc50200 .event anyedge, v0000014ddfc8c770_0, v0000014ddfc8c590_0, v0000014ddfc8ca90_0;
L_0000014ddfda0610 .part v0000014ddfd7d200_0, 31, 1;
LS_0000014ddfda13d0_0_0 .concat [ 1 1 1 1], L_0000014ddfda0610, L_0000014ddfda0610, L_0000014ddfda0610, L_0000014ddfda0610;
LS_0000014ddfda13d0_0_4 .concat [ 1 1 1 1], L_0000014ddfda0610, L_0000014ddfda0610, L_0000014ddfda0610, L_0000014ddfda0610;
LS_0000014ddfda13d0_0_8 .concat [ 1 1 1 1], L_0000014ddfda0610, L_0000014ddfda0610, L_0000014ddfda0610, L_0000014ddfda0610;
LS_0000014ddfda13d0_0_12 .concat [ 1 1 1 1], L_0000014ddfda0610, L_0000014ddfda0610, L_0000014ddfda0610, L_0000014ddfda0610;
LS_0000014ddfda13d0_0_16 .concat [ 1 1 1 1], L_0000014ddfda0610, L_0000014ddfda0610, L_0000014ddfda0610, L_0000014ddfda0610;
LS_0000014ddfda13d0_0_20 .concat [ 1 1 1 1], L_0000014ddfda0610, L_0000014ddfda0610, L_0000014ddfda0610, L_0000014ddfda0610;
LS_0000014ddfda13d0_0_24 .concat [ 1 1 1 1], L_0000014ddfda0610, L_0000014ddfda0610, L_0000014ddfda0610, L_0000014ddfda0610;
LS_0000014ddfda13d0_0_28 .concat [ 1 1 1 1], L_0000014ddfda0610, L_0000014ddfda0610, L_0000014ddfda0610, L_0000014ddfda0610;
LS_0000014ddfda13d0_1_0 .concat [ 4 4 4 4], LS_0000014ddfda13d0_0_0, LS_0000014ddfda13d0_0_4, LS_0000014ddfda13d0_0_8, LS_0000014ddfda13d0_0_12;
LS_0000014ddfda13d0_1_4 .concat [ 4 4 4 4], LS_0000014ddfda13d0_0_16, LS_0000014ddfda13d0_0_20, LS_0000014ddfda13d0_0_24, LS_0000014ddfda13d0_0_28;
L_0000014ddfda13d0 .concat [ 16 16 0 0], LS_0000014ddfda13d0_1_0, LS_0000014ddfda13d0_1_4;
L_0000014ddfda0d90 .concat [ 32 32 0 0], v0000014ddfd7d200_0, L_0000014ddfda13d0;
L_0000014ddfda1f10 .part L_0000014ddfda0d90, 0, 63;
L_0000014ddfda01b0 .concat [ 1 63 0 0], L_0000014ddfda4f38, L_0000014ddfda1f10;
L_0000014ddfda25f0 .shift/l 64, v0000014ddfc8cbd0_0, L_0000014ddfda1470;
S_0000014ddf93ba10 .scope generate, "booth_pp_gen[4]" "booth_pp_gen[4]" 5 27, 5 27 0, S_0000014ddf95c8f0;
 .timescale 0 0;
P_0000014ddfc50240 .param/l "i" 0 5 27, +C4<0100>;
L_0000014ddfda5010 .functor BUFT 1, C4<01000>, C4<0>, C4<0>, C4<0>;
v0000014ddfae0530_0 .net/2s *"_ivl_1", 4 0, L_0000014ddfda5010;  1 drivers
v0000014ddfae05d0_0 .net "booth_bits", 2 0, L_0000014ddfda1bf0;  1 drivers
L_0000014ddfda07f0 .extend/s 6, L_0000014ddfda5010;
S_0000014ddf93bba0 .scope module, "bpp" "booth_partial_product" 5 31, 5 57 0, S_0000014ddf93ba10;
 .timescale 0 0;
    .port_info 0 /INPUT 32 "M";
    .port_info 1 /INPUT 3 "booth_bits";
    .port_info 2 /INPUT 6 "shift_amount";
    .port_info 3 /OUTPUT 64 "pp";
v0000014ddfa92c20_0 .net/s "M", 31 0, v0000014ddfd7d200_0;  alias, 1 drivers
v0000014ddfa92fe0_0 .net/s "M2", 63 0, L_0000014ddfda2050;  1 drivers
v0000014ddfa92d60_0 .net/s "M_ext", 63 0, L_0000014ddfda18d0;  1 drivers
v0000014ddfa93800_0 .net *"_ivl_1", 0 0, L_0000014ddfda1c90;  1 drivers
L_0000014ddfda4fc8 .functor BUFT 1, C4<0>, C4<0>, C4<0>, C4<0>;
v0000014ddfa936c0_0 .net *"_ivl_10", 0 0, L_0000014ddfda4fc8;  1 drivers
v0000014ddfa93080_0 .net *"_ivl_2", 31 0, L_0000014ddfda15b0;  1 drivers
v0000014ddfa92b80_0 .net *"_ivl_8", 62 0, L_0000014ddfda1fb0;  1 drivers
v0000014ddfae0350_0 .net "booth_bits", 2 0, L_0000014ddfda1bf0;  alias, 1 drivers
v0000014ddfae11b0_0 .net/s "pp", 63 0, L_0000014ddfda06b0;  alias, 1 drivers
v0000014ddfae03f0_0 .var/s "pp_unshifted", 63 0;
v0000014ddfae0490_0 .net "shift_amount", 5 0, L_0000014ddfda07f0;  1 drivers
E_0000014ddfc50900 .event anyedge, v0000014ddfae0350_0, v0000014ddfa92d60_0, v0000014ddfa92fe0_0;
L_0000014ddfda1c90 .part v0000014ddfd7d200_0, 31, 1;
LS_0000014ddfda15b0_0_0 .concat [ 1 1 1 1], L_0000014ddfda1c90, L_0000014ddfda1c90, L_0000014ddfda1c90, L_0000014ddfda1c90;
LS_0000014ddfda15b0_0_4 .concat [ 1 1 1 1], L_0000014ddfda1c90, L_0000014ddfda1c90, L_0000014ddfda1c90, L_0000014ddfda1c90;
LS_0000014ddfda15b0_0_8 .concat [ 1 1 1 1], L_0000014ddfda1c90, L_0000014ddfda1c90, L_0000014ddfda1c90, L_0000014ddfda1c90;
LS_0000014ddfda15b0_0_12 .concat [ 1 1 1 1], L_0000014ddfda1c90, L_0000014ddfda1c90, L_0000014ddfda1c90, L_0000014ddfda1c90;
LS_0000014ddfda15b0_0_16 .concat [ 1 1 1 1], L_0000014ddfda1c90, L_0000014ddfda1c90, L_0000014ddfda1c90, L_0000014ddfda1c90;
LS_0000014ddfda15b0_0_20 .concat [ 1 1 1 1], L_0000014ddfda1c90, L_0000014ddfda1c90, L_0000014ddfda1c90, L_0000014ddfda1c90;
LS_0000014ddfda15b0_0_24 .concat [ 1 1 1 1], L_0000014ddfda1c90, L_0000014ddfda1c90, L_0000014ddfda1c90, L_0000014ddfda1c90;
LS_0000014ddfda15b0_0_28 .concat [ 1 1 1 1], L_0000014ddfda1c90, L_0000014ddfda1c90, L_0000014ddfda1c90, L_0000014ddfda1c90;
LS_0000014ddfda15b0_1_0 .concat [ 4 4 4 4], LS_0000014ddfda15b0_0_0, LS_0000014ddfda15b0_0_4, LS_0000014ddfda15b0_0_8, LS_0000014ddfda15b0_0_12;
LS_0000014ddfda15b0_1_4 .concat [ 4 4 4 4], LS_0000014ddfda15b0_0_16, LS_0000014ddfda15b0_0_20, LS_0000014ddfda15b0_0_24, LS_0000014ddfda15b0_0_28;
L_0000014ddfda15b0 .concat [ 16 16 0 0], LS_0000014ddfda15b0_1_0, LS_0000014ddfda15b0_1_4;
L_0000014ddfda18d0 .concat [ 32 32 0 0], v0000014ddfd7d200_0, L_0000014ddfda15b0;
L_0000014ddfda1fb0 .part L_0000014ddfda18d0, 0, 63;
L_0000014ddfda2050 .concat [ 1 63 0 0], L_0000014ddfda4fc8, L_0000014ddfda1fb0;
L_0000014ddfda06b0 .shift/l 64, v0000014ddfae03f0_0, L_0000014ddfda07f0;
S_0000014ddf94b420 .scope generate, "booth_pp_gen[5]" "booth_pp_gen[5]" 5 27, 5 27 0, S_0000014ddf95c8f0;
 .timescale 0 0;
P_0000014ddfc509c0 .param/l "i" 0 5 27, +C4<0101>;
L_0000014ddfda50a0 .functor BUFT 1, C4<01010>, C4<0>, C4<0>, C4<0>;
v0000014ddfce6b50_0 .net/2s *"_ivl_1", 4 0, L_0000014ddfda50a0;  1 drivers
v0000014ddfce75f0_0 .net "booth_bits", 2 0, L_0000014ddfda1650;  1 drivers
L_0000014ddfda0a70 .extend/s 6, L_0000014ddfda50a0;
S_0000014ddf94b5b0 .scope module, "bpp" "booth_partial_product" 5 31, 5 57 0, S_0000014ddf94b420;
 .timescale 0 0;
    .port_info 0 /INPUT 32 "M";
    .port_info 1 /INPUT 3 "booth_bits";
    .port_info 2 /INPUT 6 "shift_amount";
    .port_info 3 /OUTPUT 64 "pp";
v0000014ddfae0670_0 .net/s "M", 31 0, v0000014ddfd7d200_0;  alias, 1 drivers
v0000014ddfae08f0_0 .net/s "M2", 63 0, L_0000014ddfda1970;  1 drivers
v0000014ddfaab9f0_0 .net/s "M_ext", 63 0, L_0000014ddfda1830;  1 drivers
v0000014ddfaaa410_0 .net *"_ivl_1", 0 0, L_0000014ddfda1010;  1 drivers
L_0000014ddfda5058 .functor BUFT 1, C4<0>, C4<0>, C4<0>, C4<0>;
v0000014ddfaab310_0 .net *"_ivl_10", 0 0, L_0000014ddfda5058;  1 drivers
v0000014ddfce63d0_0 .net *"_ivl_2", 31 0, L_0000014ddfda1790;  1 drivers
v0000014ddfce72d0_0 .net *"_ivl_8", 62 0, L_0000014ddfda22d0;  1 drivers
v0000014ddfce6790_0 .net "booth_bits", 2 0, L_0000014ddfda1650;  alias, 1 drivers
v0000014ddfce7410_0 .net/s "pp", 63 0, L_0000014ddfda09d0;  alias, 1 drivers
v0000014ddfce6ab0_0 .var/s "pp_unshifted", 63 0;
v0000014ddfce57f0_0 .net "shift_amount", 5 0, L_0000014ddfda0a70;  1 drivers
E_0000014ddfc50a00 .event anyedge, v0000014ddfce6790_0, v0000014ddfaab9f0_0, v0000014ddfae08f0_0;
L_0000014ddfda1010 .part v0000014ddfd7d200_0, 31, 1;
LS_0000014ddfda1790_0_0 .concat [ 1 1 1 1], L_0000014ddfda1010, L_0000014ddfda1010, L_0000014ddfda1010, L_0000014ddfda1010;
LS_0000014ddfda1790_0_4 .concat [ 1 1 1 1], L_0000014ddfda1010, L_0000014ddfda1010, L_0000014ddfda1010, L_0000014ddfda1010;
LS_0000014ddfda1790_0_8 .concat [ 1 1 1 1], L_0000014ddfda1010, L_0000014ddfda1010, L_0000014ddfda1010, L_0000014ddfda1010;
LS_0000014ddfda1790_0_12 .concat [ 1 1 1 1], L_0000014ddfda1010, L_0000014ddfda1010, L_0000014ddfda1010, L_0000014ddfda1010;
LS_0000014ddfda1790_0_16 .concat [ 1 1 1 1], L_0000014ddfda1010, L_0000014ddfda1010, L_0000014ddfda1010, L_0000014ddfda1010;
LS_0000014ddfda1790_0_20 .concat [ 1 1 1 1], L_0000014ddfda1010, L_0000014ddfda1010, L_0000014ddfda1010, L_0000014ddfda1010;
LS_0000014ddfda1790_0_24 .concat [ 1 1 1 1], L_0000014ddfda1010, L_0000014ddfda1010, L_0000014ddfda1010, L_0000014ddfda1010;
LS_0000014ddfda1790_0_28 .concat [ 1 1 1 1], L_0000014ddfda1010, L_0000014ddfda1010, L_0000014ddfda1010, L_0000014ddfda1010;
LS_0000014ddfda1790_1_0 .concat [ 4 4 4 4], LS_0000014ddfda1790_0_0, LS_0000014ddfda1790_0_4, LS_0000014ddfda1790_0_8, LS_0000014ddfda1790_0_12;
LS_0000014ddfda1790_1_4 .concat [ 4 4 4 4], LS_0000014ddfda1790_0_16, LS_0000014ddfda1790_0_20, LS_0000014ddfda1790_0_24, LS_0000014ddfda1790_0_28;
L_0000014ddfda1790 .concat [ 16 16 0 0], LS_0000014ddfda1790_1_0, LS_0000014ddfda1790_1_4;
L_0000014ddfda1830 .concat [ 32 32 0 0], v0000014ddfd7d200_0, L_0000014ddfda1790;
L_0000014ddfda22d0 .part L_0000014ddfda1830, 0, 63;
L_0000014ddfda1970 .concat [ 1 63 0 0], L_0000014ddfda5058, L_0000014ddfda22d0;
L_0000014ddfda09d0 .shift/l 64, v0000014ddfce6ab0_0, L_0000014ddfda0a70;
S_0000014ddf940b50 .scope generate, "booth_pp_gen[6]" "booth_pp_gen[6]" 5 27, 5 27 0, S_0000014ddf95c8f0;
 .timescale 0 0;
P_0000014ddfc50b00 .param/l "i" 0 5 27, +C4<0110>;
L_0000014ddfda5130 .functor BUFT 1, C4<01100>, C4<0>, C4<0>, C4<0>;
v0000014ddfce5890_0 .net/2s *"_ivl_1", 4 0, L_0000014ddfda5130;  1 drivers
v0000014ddfce79b0_0 .net "booth_bits", 2 0, L_0000014ddfda2190;  1 drivers
L_0000014ddfda4350 .extend/s 6, L_0000014ddfda5130;
S_0000014ddfced2f0 .scope module, "bpp" "booth_partial_product" 5 31, 5 57 0, S_0000014ddf940b50;
 .timescale 0 0;
    .port_info 0 /INPUT 32 "M";
    .port_info 1 /INPUT 3 "booth_bits";
    .port_info 2 /INPUT 6 "shift_amount";
    .port_info 3 /OUTPUT 64 "pp";
v0000014ddfce56b0_0 .net/s "M", 31 0, v0000014ddfd7d200_0;  alias, 1 drivers
v0000014ddfce6970_0 .net/s "M2", 63 0, L_0000014ddfda43f0;  1 drivers
v0000014ddfce59d0_0 .net/s "M_ext", 63 0, L_0000014ddfda4710;  1 drivers
v0000014ddfce7690_0 .net *"_ivl_1", 0 0, L_0000014ddfda3770;  1 drivers
L_0000014ddfda50e8 .functor BUFT 1, C4<0>, C4<0>, C4<0>, C4<0>;
v0000014ddfce5cf0_0 .net *"_ivl_10", 0 0, L_0000014ddfda50e8;  1 drivers
v0000014ddfce74b0_0 .net *"_ivl_2", 31 0, L_0000014ddfda4210;  1 drivers
v0000014ddfce5f70_0 .net *"_ivl_8", 62 0, L_0000014ddfda2ff0;  1 drivers
v0000014ddfce5750_0 .net "booth_bits", 2 0, L_0000014ddfda2190;  alias, 1 drivers
v0000014ddfce7870_0 .net/s "pp", 63 0, L_0000014ddfda3c70;  alias, 1 drivers
v0000014ddfce6d30_0 .var/s "pp_unshifted", 63 0;
v0000014ddfce7050_0 .net "shift_amount", 5 0, L_0000014ddfda4350;  1 drivers
E_0000014ddfc52040 .event anyedge, v0000014ddfce5750_0, v0000014ddfce59d0_0, v0000014ddfce6970_0;
L_0000014ddfda3770 .part v0000014ddfd7d200_0, 31, 1;
LS_0000014ddfda4210_0_0 .concat [ 1 1 1 1], L_0000014ddfda3770, L_0000014ddfda3770, L_0000014ddfda3770, L_0000014ddfda3770;
LS_0000014ddfda4210_0_4 .concat [ 1 1 1 1], L_0000014ddfda3770, L_0000014ddfda3770, L_0000014ddfda3770, L_0000014ddfda3770;
LS_0000014ddfda4210_0_8 .concat [ 1 1 1 1], L_0000014ddfda3770, L_0000014ddfda3770, L_0000014ddfda3770, L_0000014ddfda3770;
LS_0000014ddfda4210_0_12 .concat [ 1 1 1 1], L_0000014ddfda3770, L_0000014ddfda3770, L_0000014ddfda3770, L_0000014ddfda3770;
LS_0000014ddfda4210_0_16 .concat [ 1 1 1 1], L_0000014ddfda3770, L_0000014ddfda3770, L_0000014ddfda3770, L_0000014ddfda3770;
LS_0000014ddfda4210_0_20 .concat [ 1 1 1 1], L_0000014ddfda3770, L_0000014ddfda3770, L_0000014ddfda3770, L_0000014ddfda3770;
LS_0000014ddfda4210_0_24 .concat [ 1 1 1 1], L_0000014ddfda3770, L_0000014ddfda3770, L_0000014ddfda3770, L_0000014ddfda3770;
LS_0000014ddfda4210_0_28 .concat [ 1 1 1 1], L_0000014ddfda3770, L_0000014ddfda3770, L_0000014ddfda3770, L_0000014ddfda3770;
LS_0000014ddfda4210_1_0 .concat [ 4 4 4 4], LS_0000014ddfda4210_0_0, LS_0000014ddfda4210_0_4, LS_0000014ddfda4210_0_8, LS_0000014ddfda4210_0_12;
LS_0000014ddfda4210_1_4 .concat [ 4 4 4 4], LS_0000014ddfda4210_0_16, LS_0000014ddfda4210_0_20, LS_0000014ddfda4210_0_24, LS_0000014ddfda4210_0_28;
L_0000014ddfda4210 .concat [ 16 16 0 0], LS_0000014ddfda4210_1_0, LS_0000014ddfda4210_1_4;
L_0000014ddfda4710 .concat [ 32 32 0 0], v0000014ddfd7d200_0, L_0000014ddfda4210;
L_0000014ddfda2ff0 .part L_0000014ddfda4710, 0, 63;
L_0000014ddfda43f0 .concat [ 1 63 0 0], L_0000014ddfda50e8, L_0000014ddfda2ff0;
L_0000014ddfda3c70 .shift/l 64, v0000014ddfce6d30_0, L_0000014ddfda4350;
S_0000014ddfced610 .scope generate, "booth_pp_gen[7]" "booth_pp_gen[7]" 5 27, 5 27 0, S_0000014ddf95c8f0;
 .timescale 0 0;
P_0000014ddfc51b40 .param/l "i" 0 5 27, +C4<0111>;
L_0000014ddfda51c0 .functor BUFT 1, C4<01110>, C4<0>, C4<0>, C4<0>;
v0000014ddfce5930_0 .net/2s *"_ivl_1", 4 0, L_0000014ddfda51c0;  1 drivers
v0000014ddfce6830_0 .net "booth_bits", 2 0, L_0000014ddfda3130;  1 drivers
L_0000014ddfda4490 .extend/s 6, L_0000014ddfda51c0;
S_0000014ddfcedc50 .scope module, "bpp" "booth_partial_product" 5 31, 5 57 0, S_0000014ddfced610;
 .timescale 0 0;
    .port_info 0 /INPUT 32 "M";
    .port_info 1 /INPUT 3 "booth_bits";
    .port_info 2 /INPUT 6 "shift_amount";
    .port_info 3 /OUTPUT 64 "pp";
v0000014ddfce70f0_0 .net/s "M", 31 0, v0000014ddfd7d200_0;  alias, 1 drivers
v0000014ddfce7370_0 .net/s "M2", 63 0, L_0000014ddfda2910;  1 drivers
v0000014ddfce7910_0 .net/s "M_ext", 63 0, L_0000014ddfda2eb0;  1 drivers
v0000014ddfce5570_0 .net *"_ivl_1", 0 0, L_0000014ddfda2e10;  1 drivers
L_0000014ddfda5178 .functor BUFT 1, C4<0>, C4<0>, C4<0>, C4<0>;
v0000014ddfce6150_0 .net *"_ivl_10", 0 0, L_0000014ddfda5178;  1 drivers
v0000014ddfce6a10_0 .net *"_ivl_2", 31 0, L_0000014ddfda2f50;  1 drivers
v0000014ddfce7190_0 .net *"_ivl_8", 62 0, L_0000014ddfda47b0;  1 drivers
v0000014ddfce6330_0 .net "booth_bits", 2 0, L_0000014ddfda3130;  alias, 1 drivers
v0000014ddfce6470_0 .net/s "pp", 63 0, L_0000014ddfda42b0;  alias, 1 drivers
v0000014ddfce6f10_0 .var/s "pp_unshifted", 63 0;
v0000014ddfce5a70_0 .net "shift_amount", 5 0, L_0000014ddfda4490;  1 drivers
E_0000014ddfc51f00 .event anyedge, v0000014ddfce6330_0, v0000014ddfce7910_0, v0000014ddfce7370_0;
L_0000014ddfda2e10 .part v0000014ddfd7d200_0, 31, 1;
LS_0000014ddfda2f50_0_0 .concat [ 1 1 1 1], L_0000014ddfda2e10, L_0000014ddfda2e10, L_0000014ddfda2e10, L_0000014ddfda2e10;
LS_0000014ddfda2f50_0_4 .concat [ 1 1 1 1], L_0000014ddfda2e10, L_0000014ddfda2e10, L_0000014ddfda2e10, L_0000014ddfda2e10;
LS_0000014ddfda2f50_0_8 .concat [ 1 1 1 1], L_0000014ddfda2e10, L_0000014ddfda2e10, L_0000014ddfda2e10, L_0000014ddfda2e10;
LS_0000014ddfda2f50_0_12 .concat [ 1 1 1 1], L_0000014ddfda2e10, L_0000014ddfda2e10, L_0000014ddfda2e10, L_0000014ddfda2e10;
LS_0000014ddfda2f50_0_16 .concat [ 1 1 1 1], L_0000014ddfda2e10, L_0000014ddfda2e10, L_0000014ddfda2e10, L_0000014ddfda2e10;
LS_0000014ddfda2f50_0_20 .concat [ 1 1 1 1], L_0000014ddfda2e10, L_0000014ddfda2e10, L_0000014ddfda2e10, L_0000014ddfda2e10;
LS_0000014ddfda2f50_0_24 .concat [ 1 1 1 1], L_0000014ddfda2e10, L_0000014ddfda2e10, L_0000014ddfda2e10, L_0000014ddfda2e10;
LS_0000014ddfda2f50_0_28 .concat [ 1 1 1 1], L_0000014ddfda2e10, L_0000014ddfda2e10, L_0000014ddfda2e10, L_0000014ddfda2e10;
LS_0000014ddfda2f50_1_0 .concat [ 4 4 4 4], LS_0000014ddfda2f50_0_0, LS_0000014ddfda2f50_0_4, LS_0000014ddfda2f50_0_8, LS_0000014ddfda2f50_0_12;
LS_0000014ddfda2f50_1_4 .concat [ 4 4 4 4], LS_0000014ddfda2f50_0_16, LS_0000014ddfda2f50_0_20, LS_0000014ddfda2f50_0_24, LS_0000014ddfda2f50_0_28;
L_0000014ddfda2f50 .concat [ 16 16 0 0], LS_0000014ddfda2f50_1_0, LS_0000014ddfda2f50_1_4;
L_0000014ddfda2eb0 .concat [ 32 32 0 0], v0000014ddfd7d200_0, L_0000014ddfda2f50;
L_0000014ddfda47b0 .part L_0000014ddfda2eb0, 0, 63;
L_0000014ddfda2910 .concat [ 1 63 0 0], L_0000014ddfda5178, L_0000014ddfda47b0;
L_0000014ddfda42b0 .shift/l 64, v0000014ddfce6f10_0, L_0000014ddfda4490;
S_0000014ddfced7a0 .scope generate, "booth_pp_gen[8]" "booth_pp_gen[8]" 5 27, 5 27 0, S_0000014ddf95c8f0;
 .timescale 0 0;
P_0000014ddfc51a80 .param/l "i" 0 5 27, +C4<01000>;
v0000014ddfce7a50_0 .net "booth_bits", 2 0, L_0000014ddfda3db0;  1 drivers
S_0000014ddfcedf70 .scope module, "bpp" "booth_partial_product" 5 31, 5 57 0, S_0000014ddfced7a0;
 .timescale 0 0;
    .port_info 0 /INPUT 32 "M";
    .port_info 1 /INPUT 3 "booth_bits";
    .port_info 2 /INPUT 6 "shift_amount";
    .port_info 3 /OUTPUT 64 "pp";
v0000014ddfce7730_0 .net/s "M", 31 0, v0000014ddfd7d200_0;  alias, 1 drivers
v0000014ddfce6bf0_0 .net/s "M2", 63 0, L_0000014ddfda3810;  1 drivers
v0000014ddfce6510_0 .net/s "M_ext", 63 0, L_0000014ddfda33b0;  1 drivers
v0000014ddfce5b10_0 .net *"_ivl_1", 0 0, L_0000014ddfda38b0;  1 drivers
L_0000014ddfda5208 .functor BUFT 1, C4<0>, C4<0>, C4<0>, C4<0>;
v0000014ddfce6c90_0 .net *"_ivl_10", 0 0, L_0000014ddfda5208;  1 drivers
v0000014ddfce5bb0_0 .net *"_ivl_2", 31 0, L_0000014ddfda3590;  1 drivers
v0000014ddfce65b0_0 .net *"_ivl_8", 62 0, L_0000014ddfda29b0;  1 drivers
v0000014ddfce5c50_0 .net "booth_bits", 2 0, L_0000014ddfda3db0;  alias, 1 drivers
v0000014ddfce5d90_0 .net/s "pp", 63 0, L_0000014ddfda3090;  alias, 1 drivers
v0000014ddfce6dd0_0 .var/s "pp_unshifted", 63 0;
L_0000014ddfda5250 .functor BUFT 1, C4<010000>, C4<0>, C4<0>, C4<0>;
v0000014ddfce6fb0_0 .net "shift_amount", 5 0, L_0000014ddfda5250;  1 drivers
E_0000014ddfc51300 .event anyedge, v0000014ddfce5c50_0, v0000014ddfce6510_0, v0000014ddfce6bf0_0;
L_0000014ddfda38b0 .part v0000014ddfd7d200_0, 31, 1;
LS_0000014ddfda3590_0_0 .concat [ 1 1 1 1], L_0000014ddfda38b0, L_0000014ddfda38b0, L_0000014ddfda38b0, L_0000014ddfda38b0;
LS_0000014ddfda3590_0_4 .concat [ 1 1 1 1], L_0000014ddfda38b0, L_0000014ddfda38b0, L_0000014ddfda38b0, L_0000014ddfda38b0;
LS_0000014ddfda3590_0_8 .concat [ 1 1 1 1], L_0000014ddfda38b0, L_0000014ddfda38b0, L_0000014ddfda38b0, L_0000014ddfda38b0;
LS_0000014ddfda3590_0_12 .concat [ 1 1 1 1], L_0000014ddfda38b0, L_0000014ddfda38b0, L_0000014ddfda38b0, L_0000014ddfda38b0;
LS_0000014ddfda3590_0_16 .concat [ 1 1 1 1], L_0000014ddfda38b0, L_0000014ddfda38b0, L_0000014ddfda38b0, L_0000014ddfda38b0;
LS_0000014ddfda3590_0_20 .concat [ 1 1 1 1], L_0000014ddfda38b0, L_0000014ddfda38b0, L_0000014ddfda38b0, L_0000014ddfda38b0;
LS_0000014ddfda3590_0_24 .concat [ 1 1 1 1], L_0000014ddfda38b0, L_0000014ddfda38b0, L_0000014ddfda38b0, L_0000014ddfda38b0;
LS_0000014ddfda3590_0_28 .concat [ 1 1 1 1], L_0000014ddfda38b0, L_0000014ddfda38b0, L_0000014ddfda38b0, L_0000014ddfda38b0;
LS_0000014ddfda3590_1_0 .concat [ 4 4 4 4], LS_0000014ddfda3590_0_0, LS_0000014ddfda3590_0_4, LS_0000014ddfda3590_0_8, LS_0000014ddfda3590_0_12;
LS_0000014ddfda3590_1_4 .concat [ 4 4 4 4], LS_0000014ddfda3590_0_16, LS_0000014ddfda3590_0_20, LS_0000014ddfda3590_0_24, LS_0000014ddfda3590_0_28;
L_0000014ddfda3590 .concat [ 16 16 0 0], LS_0000014ddfda3590_1_0, LS_0000014ddfda3590_1_4;
L_0000014ddfda33b0 .concat [ 32 32 0 0], v0000014ddfd7d200_0, L_0000014ddfda3590;
L_0000014ddfda29b0 .part L_0000014ddfda33b0, 0, 63;
L_0000014ddfda3810 .concat [ 1 63 0 0], L_0000014ddfda5208, L_0000014ddfda29b0;
L_0000014ddfda3090 .shift/l 64, v0000014ddfce6dd0_0, L_0000014ddfda5250;
S_0000014ddfced480 .scope generate, "booth_pp_gen[9]" "booth_pp_gen[9]" 5 27, 5 27 0, S_0000014ddf95c8f0;
 .timescale 0 0;
P_0000014ddfc52000 .param/l "i" 0 5 27, +C4<01001>;
v0000014ddfce5430_0 .net "booth_bits", 2 0, L_0000014ddfda3950;  1 drivers
S_0000014ddfcedde0 .scope module, "bpp" "booth_partial_product" 5 31, 5 57 0, S_0000014ddfced480;
 .timescale 0 0;
    .port_info 0 /INPUT 32 "M";
    .port_info 1 /INPUT 3 "booth_bits";
    .port_info 2 /INPUT 6 "shift_amount";
    .port_info 3 /OUTPUT 64 "pp";
v0000014ddfce6e70_0 .net/s "M", 31 0, v0000014ddfd7d200_0;  alias, 1 drivers
v0000014ddfce6010_0 .net/s "M2", 63 0, L_0000014ddfda4670;  1 drivers
v0000014ddfce7230_0 .net/s "M_ext", 63 0, L_0000014ddfda2cd0;  1 drivers
v0000014ddfce68d0_0 .net *"_ivl_1", 0 0, L_0000014ddfda4530;  1 drivers
L_0000014ddfda5298 .functor BUFT 1, C4<0>, C4<0>, C4<0>, C4<0>;
v0000014ddfce7550_0 .net *"_ivl_10", 0 0, L_0000014ddfda5298;  1 drivers
v0000014ddfce77d0_0 .net *"_ivl_2", 31 0, L_0000014ddfda4030;  1 drivers
v0000014ddfce52f0_0 .net *"_ivl_8", 62 0, L_0000014ddfda45d0;  1 drivers
v0000014ddfce5e30_0 .net "booth_bits", 2 0, L_0000014ddfda3950;  alias, 1 drivers
v0000014ddfce5390_0 .net/s "pp", 63 0, L_0000014ddfda4170;  alias, 1 drivers
v0000014ddfce5ed0_0 .var/s "pp_unshifted", 63 0;
L_0000014ddfda52e0 .functor BUFT 1, C4<010010>, C4<0>, C4<0>, C4<0>;
v0000014ddfce54d0_0 .net "shift_amount", 5 0, L_0000014ddfda52e0;  1 drivers
E_0000014ddfc51f80 .event anyedge, v0000014ddfce5e30_0, v0000014ddfce7230_0, v0000014ddfce6010_0;
L_0000014ddfda4530 .part v0000014ddfd7d200_0, 31, 1;
LS_0000014ddfda4030_0_0 .concat [ 1 1 1 1], L_0000014ddfda4530, L_0000014ddfda4530, L_0000014ddfda4530, L_0000014ddfda4530;
LS_0000014ddfda4030_0_4 .concat [ 1 1 1 1], L_0000014ddfda4530, L_0000014ddfda4530, L_0000014ddfda4530, L_0000014ddfda4530;
LS_0000014ddfda4030_0_8 .concat [ 1 1 1 1], L_0000014ddfda4530, L_0000014ddfda4530, L_0000014ddfda4530, L_0000014ddfda4530;
LS_0000014ddfda4030_0_12 .concat [ 1 1 1 1], L_0000014ddfda4530, L_0000014ddfda4530, L_0000014ddfda4530, L_0000014ddfda4530;
LS_0000014ddfda4030_0_16 .concat [ 1 1 1 1], L_0000014ddfda4530, L_0000014ddfda4530, L_0000014ddfda4530, L_0000014ddfda4530;
LS_0000014ddfda4030_0_20 .concat [ 1 1 1 1], L_0000014ddfda4530, L_0000014ddfda4530, L_0000014ddfda4530, L_0000014ddfda4530;
LS_0000014ddfda4030_0_24 .concat [ 1 1 1 1], L_0000014ddfda4530, L_0000014ddfda4530, L_0000014ddfda4530, L_0000014ddfda4530;
LS_0000014ddfda4030_0_28 .concat [ 1 1 1 1], L_0000014ddfda4530, L_0000014ddfda4530, L_0000014ddfda4530, L_0000014ddfda4530;
LS_0000014ddfda4030_1_0 .concat [ 4 4 4 4], LS_0000014ddfda4030_0_0, LS_0000014ddfda4030_0_4, LS_0000014ddfda4030_0_8, LS_0000014ddfda4030_0_12;
LS_0000014ddfda4030_1_4 .concat [ 4 4 4 4], LS_0000014ddfda4030_0_16, LS_0000014ddfda4030_0_20, LS_0000014ddfda4030_0_24, LS_0000014ddfda4030_0_28;
L_0000014ddfda4030 .concat [ 16 16 0 0], LS_0000014ddfda4030_1_0, LS_0000014ddfda4030_1_4;
L_0000014ddfda2cd0 .concat [ 32 32 0 0], v0000014ddfd7d200_0, L_0000014ddfda4030;
L_0000014ddfda45d0 .part L_0000014ddfda2cd0, 0, 63;
L_0000014ddfda4670 .concat [ 1 63 0 0], L_0000014ddfda5298, L_0000014ddfda45d0;
L_0000014ddfda4170 .shift/l 64, v0000014ddfce5ed0_0, L_0000014ddfda52e0;
S_0000014ddfcee100 .scope generate, "booth_pp_gen[10]" "booth_pp_gen[10]" 5 27, 5 27 0, S_0000014ddf95c8f0;
 .timescale 0 0;
P_0000014ddfc51e40 .param/l "i" 0 5 27, +C4<01010>;
v0000014ddfce8a90_0 .net "booth_bits", 2 0, L_0000014ddfda2a50;  1 drivers
S_0000014ddfced930 .scope module, "bpp" "booth_partial_product" 5 31, 5 57 0, S_0000014ddfcee100;
 .timescale 0 0;
    .port_info 0 /INPUT 32 "M";
    .port_info 1 /INPUT 3 "booth_bits";
    .port_info 2 /INPUT 6 "shift_amount";
    .port_info 3 /OUTPUT 64 "pp";
v0000014ddfce5610_0 .net/s "M", 31 0, v0000014ddfd7d200_0;  alias, 1 drivers
v0000014ddfce60b0_0 .net/s "M2", 63 0, L_0000014ddfda3ef0;  1 drivers
v0000014ddfce61f0_0 .net/s "M_ext", 63 0, L_0000014ddfda31d0;  1 drivers
v0000014ddfce6290_0 .net *"_ivl_1", 0 0, L_0000014ddfda2af0;  1 drivers
L_0000014ddfda5328 .functor BUFT 1, C4<0>, C4<0>, C4<0>, C4<0>;
v0000014ddfce6650_0 .net *"_ivl_10", 0 0, L_0000014ddfda5328;  1 drivers
v0000014ddfce66f0_0 .net *"_ivl_2", 31 0, L_0000014ddfda2b90;  1 drivers
v0000014ddfce8bd0_0 .net *"_ivl_8", 62 0, L_0000014ddfda3e50;  1 drivers
v0000014ddfce9ad0_0 .net "booth_bits", 2 0, L_0000014ddfda2a50;  alias, 1 drivers
v0000014ddfce8f90_0 .net/s "pp", 63 0, L_0000014ddfda34f0;  alias, 1 drivers
v0000014ddfce9490_0 .var/s "pp_unshifted", 63 0;
L_0000014ddfda5370 .functor BUFT 1, C4<010100>, C4<0>, C4<0>, C4<0>;
v0000014ddfce92b0_0 .net "shift_amount", 5 0, L_0000014ddfda5370;  1 drivers
E_0000014ddfc51900 .event anyedge, v0000014ddfce9ad0_0, v0000014ddfce61f0_0, v0000014ddfce60b0_0;
L_0000014ddfda2af0 .part v0000014ddfd7d200_0, 31, 1;
LS_0000014ddfda2b90_0_0 .concat [ 1 1 1 1], L_0000014ddfda2af0, L_0000014ddfda2af0, L_0000014ddfda2af0, L_0000014ddfda2af0;
LS_0000014ddfda2b90_0_4 .concat [ 1 1 1 1], L_0000014ddfda2af0, L_0000014ddfda2af0, L_0000014ddfda2af0, L_0000014ddfda2af0;
LS_0000014ddfda2b90_0_8 .concat [ 1 1 1 1], L_0000014ddfda2af0, L_0000014ddfda2af0, L_0000014ddfda2af0, L_0000014ddfda2af0;
LS_0000014ddfda2b90_0_12 .concat [ 1 1 1 1], L_0000014ddfda2af0, L_0000014ddfda2af0, L_0000014ddfda2af0, L_0000014ddfda2af0;
LS_0000014ddfda2b90_0_16 .concat [ 1 1 1 1], L_0000014ddfda2af0, L_0000014ddfda2af0, L_0000014ddfda2af0, L_0000014ddfda2af0;
LS_0000014ddfda2b90_0_20 .concat [ 1 1 1 1], L_0000014ddfda2af0, L_0000014ddfda2af0, L_0000014ddfda2af0, L_0000014ddfda2af0;
LS_0000014ddfda2b90_0_24 .concat [ 1 1 1 1], L_0000014ddfda2af0, L_0000014ddfda2af0, L_0000014ddfda2af0, L_0000014ddfda2af0;
LS_0000014ddfda2b90_0_28 .concat [ 1 1 1 1], L_0000014ddfda2af0, L_0000014ddfda2af0, L_0000014ddfda2af0, L_0000014ddfda2af0;
LS_0000014ddfda2b90_1_0 .concat [ 4 4 4 4], LS_0000014ddfda2b90_0_0, LS_0000014ddfda2b90_0_4, LS_0000014ddfda2b90_0_8, LS_0000014ddfda2b90_0_12;
LS_0000014ddfda2b90_1_4 .concat [ 4 4 4 4], LS_0000014ddfda2b90_0_16, LS_0000014ddfda2b90_0_20, LS_0000014ddfda2b90_0_24, LS_0000014ddfda2b90_0_28;
L_0000014ddfda2b90 .concat [ 16 16 0 0], LS_0000014ddfda2b90_1_0, LS_0000014ddfda2b90_1_4;
L_0000014ddfda31d0 .concat [ 32 32 0 0], v0000014ddfd7d200_0, L_0000014ddfda2b90;
L_0000014ddfda3e50 .part L_0000014ddfda31d0, 0, 63;
L_0000014ddfda3ef0 .concat [ 1 63 0 0], L_0000014ddfda5328, L_0000014ddfda3e50;
L_0000014ddfda34f0 .shift/l 64, v0000014ddfce9490_0, L_0000014ddfda5370;
S_0000014ddfcedac0 .scope generate, "booth_pp_gen[11]" "booth_pp_gen[11]" 5 27, 5 27 0, S_0000014ddf95c8f0;
 .timescale 0 0;
P_0000014ddfc51f40 .param/l "i" 0 5 27, +C4<01011>;
v0000014ddfce95d0_0 .net "booth_bits", 2 0, L_0000014ddfda3bd0;  1 drivers
S_0000014ddfcee940 .scope module, "bpp" "booth_partial_product" 5 31, 5 57 0, S_0000014ddfcedac0;
 .timescale 0 0;
    .port_info 0 /INPUT 32 "M";
    .port_info 1 /INPUT 3 "booth_bits";
    .port_info 2 /INPUT 6 "shift_amount";
    .port_info 3 /OUTPUT 64 "pp";
v0000014ddfce7cd0_0 .net/s "M", 31 0, v0000014ddfd7d200_0;  alias, 1 drivers
v0000014ddfce8590_0 .net/s "M2", 63 0, L_0000014ddfda3310;  1 drivers
v0000014ddfce7f50_0 .net/s "M_ext", 63 0, L_0000014ddfda3270;  1 drivers
v0000014ddfce7eb0_0 .net *"_ivl_1", 0 0, L_0000014ddfda39f0;  1 drivers
L_0000014ddfda53b8 .functor BUFT 1, C4<0>, C4<0>, C4<0>, C4<0>;
v0000014ddfce7c30_0 .net *"_ivl_10", 0 0, L_0000014ddfda53b8;  1 drivers
v0000014ddfce8d10_0 .net *"_ivl_2", 31 0, L_0000014ddfda3450;  1 drivers
v0000014ddfce7ff0_0 .net *"_ivl_8", 62 0, L_0000014ddfda2c30;  1 drivers
v0000014ddfce93f0_0 .net "booth_bits", 2 0, L_0000014ddfda3bd0;  alias, 1 drivers
v0000014ddfce7d70_0 .net/s "pp", 63 0, L_0000014ddfda3630;  alias, 1 drivers
v0000014ddfce8db0_0 .var/s "pp_unshifted", 63 0;
L_0000014ddfda5400 .functor BUFT 1, C4<010110>, C4<0>, C4<0>, C4<0>;
v0000014ddfce8270_0 .net "shift_amount", 5 0, L_0000014ddfda5400;  1 drivers
E_0000014ddfc51ac0 .event anyedge, v0000014ddfce93f0_0, v0000014ddfce7f50_0, v0000014ddfce8590_0;
L_0000014ddfda39f0 .part v0000014ddfd7d200_0, 31, 1;
LS_0000014ddfda3450_0_0 .concat [ 1 1 1 1], L_0000014ddfda39f0, L_0000014ddfda39f0, L_0000014ddfda39f0, L_0000014ddfda39f0;
LS_0000014ddfda3450_0_4 .concat [ 1 1 1 1], L_0000014ddfda39f0, L_0000014ddfda39f0, L_0000014ddfda39f0, L_0000014ddfda39f0;
LS_0000014ddfda3450_0_8 .concat [ 1 1 1 1], L_0000014ddfda39f0, L_0000014ddfda39f0, L_0000014ddfda39f0, L_0000014ddfda39f0;
LS_0000014ddfda3450_0_12 .concat [ 1 1 1 1], L_0000014ddfda39f0, L_0000014ddfda39f0, L_0000014ddfda39f0, L_0000014ddfda39f0;
LS_0000014ddfda3450_0_16 .concat [ 1 1 1 1], L_0000014ddfda39f0, L_0000014ddfda39f0, L_0000014ddfda39f0, L_0000014ddfda39f0;
LS_0000014ddfda3450_0_20 .concat [ 1 1 1 1], L_0000014ddfda39f0, L_0000014ddfda39f0, L_0000014ddfda39f0, L_0000014ddfda39f0;
LS_0000014ddfda3450_0_24 .concat [ 1 1 1 1], L_0000014ddfda39f0, L_0000014ddfda39f0, L_0000014ddfda39f0, L_0000014ddfda39f0;
LS_0000014ddfda3450_0_28 .concat [ 1 1 1 1], L_0000014ddfda39f0, L_0000014ddfda39f0, L_0000014ddfda39f0, L_0000014ddfda39f0;
LS_0000014ddfda3450_1_0 .concat [ 4 4 4 4], LS_0000014ddfda3450_0_0, LS_0000014ddfda3450_0_4, LS_0000014ddfda3450_0_8, LS_0000014ddfda3450_0_12;
LS_0000014ddfda3450_1_4 .concat [ 4 4 4 4], LS_0000014ddfda3450_0_16, LS_0000014ddfda3450_0_20, LS_0000014ddfda3450_0_24, LS_0000014ddfda3450_0_28;
L_0000014ddfda3450 .concat [ 16 16 0 0], LS_0000014ddfda3450_1_0, LS_0000014ddfda3450_1_4;
L_0000014ddfda3270 .concat [ 32 32 0 0], v0000014ddfd7d200_0, L_0000014ddfda3450;
L_0000014ddfda2c30 .part L_0000014ddfda3270, 0, 63;
L_0000014ddfda3310 .concat [ 1 63 0 0], L_0000014ddfda53b8, L_0000014ddfda2c30;
L_0000014ddfda3630 .shift/l 64, v0000014ddfce8db0_0, L_0000014ddfda5400;
S_0000014ddfcee7b0 .scope generate, "booth_pp_gen[12]" "booth_pp_gen[12]" 5 27, 5 27 0, S_0000014ddf95c8f0;
 .timescale 0 0;
P_0000014ddfc52080 .param/l "i" 0 5 27, +C4<01100>;
v0000014ddfce9350_0 .net "booth_bits", 2 0, L_0000014ddfda3a90;  1 drivers
S_0000014ddfcefd90 .scope module, "bpp" "booth_partial_product" 5 31, 5 57 0, S_0000014ddfcee7b0;
 .timescale 0 0;
    .port_info 0 /INPUT 32 "M";
    .port_info 1 /INPUT 3 "booth_bits";
    .port_info 2 /INPUT 6 "shift_amount";
    .port_info 3 /OUTPUT 64 "pp";
v0000014ddfce8e50_0 .net/s "M", 31 0, v0000014ddfd7d200_0;  alias, 1 drivers
v0000014ddfce9f30_0 .net/s "M2", 63 0, L_0000014ddfda3f90;  1 drivers
v0000014ddfce9fd0_0 .net/s "M_ext", 63 0, L_0000014ddfda3b30;  1 drivers
v0000014ddfce7b90_0 .net *"_ivl_1", 0 0, L_0000014ddfda2d70;  1 drivers
L_0000014ddfda5448 .functor BUFT 1, C4<0>, C4<0>, C4<0>, C4<0>;
v0000014ddfce8090_0 .net *"_ivl_10", 0 0, L_0000014ddfda5448;  1 drivers
v0000014ddfce9a30_0 .net *"_ivl_2", 31 0, L_0000014ddfda36d0;  1 drivers
v0000014ddfce9030_0 .net *"_ivl_8", 62 0, L_0000014ddfda3d10;  1 drivers
v0000014ddfce9b70_0 .net "booth_bits", 2 0, L_0000014ddfda3a90;  alias, 1 drivers
v0000014ddfce90d0_0 .net/s "pp", 63 0, L_0000014ddfda40d0;  alias, 1 drivers
v0000014ddfce9990_0 .var/s "pp_unshifted", 63 0;
L_0000014ddfda5490 .functor BUFT 1, C4<011000>, C4<0>, C4<0>, C4<0>;
v0000014ddfce8310_0 .net "shift_amount", 5 0, L_0000014ddfda5490;  1 drivers
E_0000014ddfc51bc0 .event anyedge, v0000014ddfce9b70_0, v0000014ddfce9fd0_0, v0000014ddfce9f30_0;
L_0000014ddfda2d70 .part v0000014ddfd7d200_0, 31, 1;
LS_0000014ddfda36d0_0_0 .concat [ 1 1 1 1], L_0000014ddfda2d70, L_0000014ddfda2d70, L_0000014ddfda2d70, L_0000014ddfda2d70;
LS_0000014ddfda36d0_0_4 .concat [ 1 1 1 1], L_0000014ddfda2d70, L_0000014ddfda2d70, L_0000014ddfda2d70, L_0000014ddfda2d70;
LS_0000014ddfda36d0_0_8 .concat [ 1 1 1 1], L_0000014ddfda2d70, L_0000014ddfda2d70, L_0000014ddfda2d70, L_0000014ddfda2d70;
LS_0000014ddfda36d0_0_12 .concat [ 1 1 1 1], L_0000014ddfda2d70, L_0000014ddfda2d70, L_0000014ddfda2d70, L_0000014ddfda2d70;
LS_0000014ddfda36d0_0_16 .concat [ 1 1 1 1], L_0000014ddfda2d70, L_0000014ddfda2d70, L_0000014ddfda2d70, L_0000014ddfda2d70;
LS_0000014ddfda36d0_0_20 .concat [ 1 1 1 1], L_0000014ddfda2d70, L_0000014ddfda2d70, L_0000014ddfda2d70, L_0000014ddfda2d70;
LS_0000014ddfda36d0_0_24 .concat [ 1 1 1 1], L_0000014ddfda2d70, L_0000014ddfda2d70, L_0000014ddfda2d70, L_0000014ddfda2d70;
LS_0000014ddfda36d0_0_28 .concat [ 1 1 1 1], L_0000014ddfda2d70, L_0000014ddfda2d70, L_0000014ddfda2d70, L_0000014ddfda2d70;
LS_0000014ddfda36d0_1_0 .concat [ 4 4 4 4], LS_0000014ddfda36d0_0_0, LS_0000014ddfda36d0_0_4, LS_0000014ddfda36d0_0_8, LS_0000014ddfda36d0_0_12;
LS_0000014ddfda36d0_1_4 .concat [ 4 4 4 4], LS_0000014ddfda36d0_0_16, LS_0000014ddfda36d0_0_20, LS_0000014ddfda36d0_0_24, LS_0000014ddfda36d0_0_28;
L_0000014ddfda36d0 .concat [ 16 16 0 0], LS_0000014ddfda36d0_1_0, LS_0000014ddfda36d0_1_4;
L_0000014ddfda3b30 .concat [ 32 32 0 0], v0000014ddfd7d200_0, L_0000014ddfda36d0;
L_0000014ddfda3d10 .part L_0000014ddfda3b30, 0, 63;
L_0000014ddfda3f90 .concat [ 1 63 0 0], L_0000014ddfda5448, L_0000014ddfda3d10;
L_0000014ddfda40d0 .shift/l 64, v0000014ddfce9990_0, L_0000014ddfda5490;
S_0000014ddfceff20 .scope generate, "booth_pp_gen[13]" "booth_pp_gen[13]" 5 27, 5 27 0, S_0000014ddf95c8f0;
 .timescale 0 0;
P_0000014ddfc51780 .param/l "i" 0 5 27, +C4<01101>;
v0000014ddfce84f0_0 .net "booth_bits", 2 0, L_0000014ddfd85450;  1 drivers
S_0000014ddfcef110 .scope module, "bpp" "booth_partial_product" 5 31, 5 57 0, S_0000014ddfceff20;
 .timescale 0 0;
    .port_info 0 /INPUT 32 "M";
    .port_info 1 /INPUT 3 "booth_bits";
    .port_info 2 /INPUT 6 "shift_amount";
    .port_info 3 /OUTPUT 64 "pp";
v0000014ddfce89f0_0 .net/s "M", 31 0, v0000014ddfd7d200_0;  alias, 1 drivers
v0000014ddfce9c10_0 .net/s "M2", 63 0, L_0000014ddfd85b30;  1 drivers
v0000014ddfce9cb0_0 .net/s "M_ext", 63 0, L_0000014ddfd85ef0;  1 drivers
v0000014ddfce8c70_0 .net *"_ivl_1", 0 0, L_0000014ddfd854f0;  1 drivers
L_0000014ddfda54d8 .functor BUFT 1, C4<0>, C4<0>, C4<0>, C4<0>;
v0000014ddfce8630_0 .net *"_ivl_10", 0 0, L_0000014ddfda54d8;  1 drivers
v0000014ddfce8130_0 .net *"_ivl_2", 31 0, L_0000014ddfd863f0;  1 drivers
v0000014ddfce8ef0_0 .net *"_ivl_8", 62 0, L_0000014ddfd85090;  1 drivers
v0000014ddfce9d50_0 .net "booth_bits", 2 0, L_0000014ddfd85450;  alias, 1 drivers
v0000014ddfce81d0_0 .net/s "pp", 63 0, L_0000014ddfd86fd0;  alias, 1 drivers
v0000014ddfce7e10_0 .var/s "pp_unshifted", 63 0;
L_0000014ddfda5520 .functor BUFT 1, C4<011010>, C4<0>, C4<0>, C4<0>;
v0000014ddfce9df0_0 .net "shift_amount", 5 0, L_0000014ddfda5520;  1 drivers
E_0000014ddfc516c0 .event anyedge, v0000014ddfce9d50_0, v0000014ddfce9cb0_0, v0000014ddfce9c10_0;
L_0000014ddfd854f0 .part v0000014ddfd7d200_0, 31, 1;
LS_0000014ddfd863f0_0_0 .concat [ 1 1 1 1], L_0000014ddfd854f0, L_0000014ddfd854f0, L_0000014ddfd854f0, L_0000014ddfd854f0;
LS_0000014ddfd863f0_0_4 .concat [ 1 1 1 1], L_0000014ddfd854f0, L_0000014ddfd854f0, L_0000014ddfd854f0, L_0000014ddfd854f0;
LS_0000014ddfd863f0_0_8 .concat [ 1 1 1 1], L_0000014ddfd854f0, L_0000014ddfd854f0, L_0000014ddfd854f0, L_0000014ddfd854f0;
LS_0000014ddfd863f0_0_12 .concat [ 1 1 1 1], L_0000014ddfd854f0, L_0000014ddfd854f0, L_0000014ddfd854f0, L_0000014ddfd854f0;
LS_0000014ddfd863f0_0_16 .concat [ 1 1 1 1], L_0000014ddfd854f0, L_0000014ddfd854f0, L_0000014ddfd854f0, L_0000014ddfd854f0;
LS_0000014ddfd863f0_0_20 .concat [ 1 1 1 1], L_0000014ddfd854f0, L_0000014ddfd854f0, L_0000014ddfd854f0, L_0000014ddfd854f0;
LS_0000014ddfd863f0_0_24 .concat [ 1 1 1 1], L_0000014ddfd854f0, L_0000014ddfd854f0, L_0000014ddfd854f0, L_0000014ddfd854f0;
LS_0000014ddfd863f0_0_28 .concat [ 1 1 1 1], L_0000014ddfd854f0, L_0000014ddfd854f0, L_0000014ddfd854f0, L_0000014ddfd854f0;
LS_0000014ddfd863f0_1_0 .concat [ 4 4 4 4], LS_0000014ddfd863f0_0_0, LS_0000014ddfd863f0_0_4, LS_0000014ddfd863f0_0_8, LS_0000014ddfd863f0_0_12;
LS_0000014ddfd863f0_1_4 .concat [ 4 4 4 4], LS_0000014ddfd863f0_0_16, LS_0000014ddfd863f0_0_20, LS_0000014ddfd863f0_0_24, LS_0000014ddfd863f0_0_28;
L_0000014ddfd863f0 .concat [ 16 16 0 0], LS_0000014ddfd863f0_1_0, LS_0000014ddfd863f0_1_4;
L_0000014ddfd85ef0 .concat [ 32 32 0 0], v0000014ddfd7d200_0, L_0000014ddfd863f0;
L_0000014ddfd85090 .part L_0000014ddfd85ef0, 0, 63;
L_0000014ddfd85b30 .concat [ 1 63 0 0], L_0000014ddfda54d8, L_0000014ddfd85090;
L_0000014ddfd86fd0 .shift/l 64, v0000014ddfce7e10_0, L_0000014ddfda5520;
S_0000014ddfcef8e0 .scope generate, "booth_pp_gen[14]" "booth_pp_gen[14]" 5 27, 5 27 0, S_0000014ddf95c8f0;
 .timescale 0 0;
P_0000014ddfc51c80 .param/l "i" 0 5 27, +C4<01110>;
v0000014ddfce8810_0 .net "booth_bits", 2 0, L_0000014ddfd84910;  1 drivers
S_0000014ddfcf00b0 .scope module, "bpp" "booth_partial_product" 5 31, 5 57 0, S_0000014ddfcef8e0;
 .timescale 0 0;
    .port_info 0 /INPUT 32 "M";
    .port_info 1 /INPUT 3 "booth_bits";
    .port_info 2 /INPUT 6 "shift_amount";
    .port_info 3 /OUTPUT 64 "pp";
v0000014ddfce8b30_0 .net/s "M", 31 0, v0000014ddfd7d200_0;  alias, 1 drivers
v0000014ddfce83b0_0 .net/s "M2", 63 0, L_0000014ddfd868f0;  1 drivers
v0000014ddfce8450_0 .net/s "M_ext", 63 0, L_0000014ddfd85db0;  1 drivers
v0000014ddfce9170_0 .net *"_ivl_1", 0 0, L_0000014ddfd867b0;  1 drivers
L_0000014ddfda5568 .functor BUFT 1, C4<0>, C4<0>, C4<0>, C4<0>;
v0000014ddfce86d0_0 .net *"_ivl_10", 0 0, L_0000014ddfda5568;  1 drivers
v0000014ddfce8770_0 .net *"_ivl_2", 31 0, L_0000014ddfd84f50;  1 drivers
v0000014ddfce9530_0 .net *"_ivl_8", 62 0, L_0000014ddfd86990;  1 drivers
v0000014ddfce9710_0 .net "booth_bits", 2 0, L_0000014ddfd84910;  alias, 1 drivers
v0000014ddfce88b0_0 .net/s "pp", 63 0, L_0000014ddfd86530;  alias, 1 drivers
v0000014ddfce9e90_0 .var/s "pp_unshifted", 63 0;
L_0000014ddfda55b0 .functor BUFT 1, C4<011100>, C4<0>, C4<0>, C4<0>;
v0000014ddfce9210_0 .net "shift_amount", 5 0, L_0000014ddfda55b0;  1 drivers
E_0000014ddfc517c0 .event anyedge, v0000014ddfce9710_0, v0000014ddfce8450_0, v0000014ddfce83b0_0;
L_0000014ddfd867b0 .part v0000014ddfd7d200_0, 31, 1;
LS_0000014ddfd84f50_0_0 .concat [ 1 1 1 1], L_0000014ddfd867b0, L_0000014ddfd867b0, L_0000014ddfd867b0, L_0000014ddfd867b0;
LS_0000014ddfd84f50_0_4 .concat [ 1 1 1 1], L_0000014ddfd867b0, L_0000014ddfd867b0, L_0000014ddfd867b0, L_0000014ddfd867b0;
LS_0000014ddfd84f50_0_8 .concat [ 1 1 1 1], L_0000014ddfd867b0, L_0000014ddfd867b0, L_0000014ddfd867b0, L_0000014ddfd867b0;
LS_0000014ddfd84f50_0_12 .concat [ 1 1 1 1], L_0000014ddfd867b0, L_0000014ddfd867b0, L_0000014ddfd867b0, L_0000014ddfd867b0;
LS_0000014ddfd84f50_0_16 .concat [ 1 1 1 1], L_0000014ddfd867b0, L_0000014ddfd867b0, L_0000014ddfd867b0, L_0000014ddfd867b0;
LS_0000014ddfd84f50_0_20 .concat [ 1 1 1 1], L_0000014ddfd867b0, L_0000014ddfd867b0, L_0000014ddfd867b0, L_0000014ddfd867b0;
LS_0000014ddfd84f50_0_24 .concat [ 1 1 1 1], L_0000014ddfd867b0, L_0000014ddfd867b0, L_0000014ddfd867b0, L_0000014ddfd867b0;
LS_0000014ddfd84f50_0_28 .concat [ 1 1 1 1], L_0000014ddfd867b0, L_0000014ddfd867b0, L_0000014ddfd867b0, L_0000014ddfd867b0;
LS_0000014ddfd84f50_1_0 .concat [ 4 4 4 4], LS_0000014ddfd84f50_0_0, LS_0000014ddfd84f50_0_4, LS_0000014ddfd84f50_0_8, LS_0000014ddfd84f50_0_12;
LS_0000014ddfd84f50_1_4 .concat [ 4 4 4 4], LS_0000014ddfd84f50_0_16, LS_0000014ddfd84f50_0_20, LS_0000014ddfd84f50_0_24, LS_0000014ddfd84f50_0_28;
L_0000014ddfd84f50 .concat [ 16 16 0 0], LS_0000014ddfd84f50_1_0, LS_0000014ddfd84f50_1_4;
L_0000014ddfd85db0 .concat [ 32 32 0 0], v0000014ddfd7d200_0, L_0000014ddfd84f50;
L_0000014ddfd86990 .part L_0000014ddfd85db0, 0, 63;
L_0000014ddfd868f0 .concat [ 1 63 0 0], L_0000014ddfda5568, L_0000014ddfd86990;
L_0000014ddfd86530 .shift/l 64, v0000014ddfce9e90_0, L_0000014ddfda55b0;
S_0000014ddfceead0 .scope generate, "booth_pp_gen[15]" "booth_pp_gen[15]" 5 27, 5 27 0, S_0000014ddf95c8f0;
 .timescale 0 0;
P_0000014ddfc520c0 .param/l "i" 0 5 27, +C4<01111>;
v0000014ddfcead90_0 .net "booth_bits", 2 0, L_0000014ddfd84ff0;  1 drivers
S_0000014ddfceec60 .scope module, "bpp" "booth_partial_product" 5 31, 5 57 0, S_0000014ddfceead0;
 .timescale 0 0;
    .port_info 0 /INPUT 32 "M";
    .port_info 1 /INPUT 3 "booth_bits";
    .port_info 2 /INPUT 6 "shift_amount";
    .port_info 3 /OUTPUT 64 "pp";
v0000014ddfce7af0_0 .net/s "M", 31 0, v0000014ddfd7d200_0;  alias, 1 drivers
v0000014ddfce9670_0 .net/s "M2", 63 0, L_0000014ddfd85d10;  1 drivers
v0000014ddfce97b0_0 .net/s "M_ext", 63 0, L_0000014ddfd85590;  1 drivers
v0000014ddfcea070_0 .net *"_ivl_1", 0 0, L_0000014ddfd85310;  1 drivers
L_0000014ddfda55f8 .functor BUFT 1, C4<0>, C4<0>, C4<0>, C4<0>;
v0000014ddfce8950_0 .net *"_ivl_10", 0 0, L_0000014ddfda55f8;  1 drivers
v0000014ddfcea110_0 .net *"_ivl_2", 31 0, L_0000014ddfd85130;  1 drivers
v0000014ddfce9850_0 .net *"_ivl_8", 62 0, L_0000014ddfd851d0;  1 drivers
v0000014ddfce98f0_0 .net "booth_bits", 2 0, L_0000014ddfd84ff0;  alias, 1 drivers
v0000014ddfcea1b0_0 .net/s "pp", 63 0, L_0000014ddfd84eb0;  alias, 1 drivers
v0000014ddfcea250_0 .var/s "pp_unshifted", 63 0;
L_0000014ddfda5640 .functor BUFT 1, C4<011110>, C4<0>, C4<0>, C4<0>;
v0000014ddfcec690_0 .net "shift_amount", 5 0, L_0000014ddfda5640;  1 drivers
E_0000014ddfc51c00 .event anyedge, v0000014ddfce98f0_0, v0000014ddfce97b0_0, v0000014ddfce9670_0;
L_0000014ddfd85310 .part v0000014ddfd7d200_0, 31, 1;
LS_0000014ddfd85130_0_0 .concat [ 1 1 1 1], L_0000014ddfd85310, L_0000014ddfd85310, L_0000014ddfd85310, L_0000014ddfd85310;
LS_0000014ddfd85130_0_4 .concat [ 1 1 1 1], L_0000014ddfd85310, L_0000014ddfd85310, L_0000014ddfd85310, L_0000014ddfd85310;
LS_0000014ddfd85130_0_8 .concat [ 1 1 1 1], L_0000014ddfd85310, L_0000014ddfd85310, L_0000014ddfd85310, L_0000014ddfd85310;
LS_0000014ddfd85130_0_12 .concat [ 1 1 1 1], L_0000014ddfd85310, L_0000014ddfd85310, L_0000014ddfd85310, L_0000014ddfd85310;
LS_0000014ddfd85130_0_16 .concat [ 1 1 1 1], L_0000014ddfd85310, L_0000014ddfd85310, L_0000014ddfd85310, L_0000014ddfd85310;
LS_0000014ddfd85130_0_20 .concat [ 1 1 1 1], L_0000014ddfd85310, L_0000014ddfd85310, L_0000014ddfd85310, L_0000014ddfd85310;
LS_0000014ddfd85130_0_24 .concat [ 1 1 1 1], L_0000014ddfd85310, L_0000014ddfd85310, L_0000014ddfd85310, L_0000014ddfd85310;
LS_0000014ddfd85130_0_28 .concat [ 1 1 1 1], L_0000014ddfd85310, L_0000014ddfd85310, L_0000014ddfd85310, L_0000014ddfd85310;
LS_0000014ddfd85130_1_0 .concat [ 4 4 4 4], LS_0000014ddfd85130_0_0, LS_0000014ddfd85130_0_4, LS_0000014ddfd85130_0_8, LS_0000014ddfd85130_0_12;
LS_0000014ddfd85130_1_4 .concat [ 4 4 4 4], LS_0000014ddfd85130_0_16, LS_0000014ddfd85130_0_20, LS_0000014ddfd85130_0_24, LS_0000014ddfd85130_0_28;
L_0000014ddfd85130 .concat [ 16 16 0 0], LS_0000014ddfd85130_1_0, LS_0000014ddfd85130_1_4;
L_0000014ddfd85590 .concat [ 32 32 0 0], v0000014ddfd7d200_0, L_0000014ddfd85130;
L_0000014ddfd851d0 .part L_0000014ddfd85590, 0, 63;
L_0000014ddfd85d10 .concat [ 1 63 0 0], L_0000014ddfda55f8, L_0000014ddfd851d0;
L_0000014ddfd84eb0 .shift/l 64, v0000014ddfcea250_0, L_0000014ddfda5640;
S_0000014ddfcee300 .scope module, "bpp_last" "booth_partial_product" 5 44, 5 57 0, S_0000014ddf95c8f0;
 .timescale 0 0;
    .port_info 0 /INPUT 32 "M";
    .port_info 1 /INPUT 3 "booth_bits";
    .port_info 2 /INPUT 6 "shift_amount";
    .port_info 3 /OUTPUT 64 "pp";
v0000014ddfcec910_0 .net/s "M", 31 0, v0000014ddfd7d200_0;  alias, 1 drivers
v0000014ddfcec5f0_0 .net/s "M2", 63 0, L_0000014ddfd858b0;  1 drivers
v0000014ddfcebbf0_0 .net/s "M_ext", 63 0, L_0000014ddfd84b90;  1 drivers
v0000014ddfcec4b0_0 .net *"_ivl_1", 0 0, L_0000014ddfd86670;  1 drivers
L_0000014ddfda56d0 .functor BUFT 1, C4<0>, C4<0>, C4<0>, C4<0>;
v0000014ddfcea930_0 .net *"_ivl_10", 0 0, L_0000014ddfda56d0;  1 drivers
v0000014ddfcea610_0 .net *"_ivl_2", 31 0, L_0000014ddfd853b0;  1 drivers
v0000014ddfcec370_0 .net *"_ivl_8", 62 0, L_0000014ddfd86a30;  1 drivers
v0000014ddfcec9b0_0 .net "booth_bits", 2 0, L_0000014ddfd85270;  alias, 1 drivers
v0000014ddfcebab0_0 .net/s "pp", 63 0, L_0000014ddfd85630;  alias, 1 drivers
v0000014ddfcebfb0_0 .var/s "pp_unshifted", 63 0;
v0000014ddfcec410_0 .net "shift_amount", 5 0, L_0000014ddfd856d0;  1 drivers
E_0000014ddfc511c0 .event anyedge, v0000014ddfcec9b0_0, v0000014ddfcebbf0_0, v0000014ddfcec5f0_0;
L_0000014ddfd86670 .part v0000014ddfd7d200_0, 31, 1;
LS_0000014ddfd853b0_0_0 .concat [ 1 1 1 1], L_0000014ddfd86670, L_0000014ddfd86670, L_0000014ddfd86670, L_0000014ddfd86670;
LS_0000014ddfd853b0_0_4 .concat [ 1 1 1 1], L_0000014ddfd86670, L_0000014ddfd86670, L_0000014ddfd86670, L_0000014ddfd86670;
LS_0000014ddfd853b0_0_8 .concat [ 1 1 1 1], L_0000014ddfd86670, L_0000014ddfd86670, L_0000014ddfd86670, L_0000014ddfd86670;
LS_0000014ddfd853b0_0_12 .concat [ 1 1 1 1], L_0000014ddfd86670, L_0000014ddfd86670, L_0000014ddfd86670, L_0000014ddfd86670;
LS_0000014ddfd853b0_0_16 .concat [ 1 1 1 1], L_0000014ddfd86670, L_0000014ddfd86670, L_0000014ddfd86670, L_0000014ddfd86670;
LS_0000014ddfd853b0_0_20 .concat [ 1 1 1 1], L_0000014ddfd86670, L_0000014ddfd86670, L_0000014ddfd86670, L_0000014ddfd86670;
LS_0000014ddfd853b0_0_24 .concat [ 1 1 1 1], L_0000014ddfd86670, L_0000014ddfd86670, L_0000014ddfd86670, L_0000014ddfd86670;
LS_0000014ddfd853b0_0_28 .concat [ 1 1 1 1], L_0000014ddfd86670, L_0000014ddfd86670, L_0000014ddfd86670, L_0000014ddfd86670;
LS_0000014ddfd853b0_1_0 .concat [ 4 4 4 4], LS_0000014ddfd853b0_0_0, LS_0000014ddfd853b0_0_4, LS_0000014ddfd853b0_0_8, LS_0000014ddfd853b0_0_12;
LS_0000014ddfd853b0_1_4 .concat [ 4 4 4 4], LS_0000014ddfd853b0_0_16, LS_0000014ddfd853b0_0_20, LS_0000014ddfd853b0_0_24, LS_0000014ddfd853b0_0_28;
L_0000014ddfd853b0 .concat [ 16 16 0 0], LS_0000014ddfd853b0_1_0, LS_0000014ddfd853b0_1_4;
L_0000014ddfd84b90 .concat [ 32 32 0 0], v0000014ddfd7d200_0, L_0000014ddfd853b0;
L_0000014ddfd86a30 .part L_0000014ddfd84b90, 0, 63;
L_0000014ddfd858b0 .concat [ 1 63 0 0], L_0000014ddfda56d0, L_0000014ddfd86a30;
L_0000014ddfd85630 .shift/l 64, v0000014ddfcebfb0_0, L_0000014ddfd856d0;
S_0000014ddfcef2a0 .scope module, "div_unit" "divider" 4 70, 6 4 0, S_0000014ddf96f150;
 .timescale 0 0;
    .port_info 0 /INPUT 32 "Dividend";
    .port_info 1 /INPUT 32 "Divisor";
    .port_info 2 /OUTPUT 32 "Quotient";
    .port_info 3 /OUTPUT 32 "Remainder";
L_0000014ddfe30f90 .functor XOR 1, L_0000014ddfd84d70, L_0000014ddfd85810, C4<0>, C4<0>;
L_0000014ddfe2f780 .functor BUFZ 1, L_0000014ddfd84d70, C4<0>, C4<0>, C4<0>;
L_0000014ddfe2f860 .functor NOT 32, v0000014ddfd7d200_0, C4<00000000000000000000000000000000>, C4<00000000000000000000000000000000>, C4<00000000000000000000000000000000>;
L_0000014ddfe30510 .functor NOT 32, v0000014ddfd547a0_0, C4<00000000000000000000000000000000>, C4<00000000000000000000000000000000>, C4<00000000000000000000000000000000>;
L_0000014ddfe30120 .functor NOT 32, v0000014ddfceb5b0_0, C4<00000000000000000000000000000000>, C4<00000000000000000000000000000000>, C4<00000000000000000000000000000000>;
L_0000014ddfe305f0 .functor NOT 32, v0000014ddfceac50_0, C4<00000000000000000000000000000000>, C4<00000000000000000000000000000000>, C4<00000000000000000000000000000000>;
v0000014ddfceaf70_0 .net/s "Dividend", 31 0, v0000014ddfd7d200_0;  alias, 1 drivers
v0000014ddfcea7f0_0 .net/s "Divisor", 31 0, v0000014ddfd547a0_0;  alias, 1 drivers
v0000014ddfcebe70_0 .net/s "Quotient", 31 0, L_0000014ddfd85a90;  alias, 1 drivers
v0000014ddfcec2d0_0 .net/s "Remainder", 31 0, L_0000014ddfd86030;  alias, 1 drivers
L_0000014ddfda5760 .functor BUFT 1, C4<00000000000000000000000000000001>, C4<0>, C4<0>, C4<0>;
v0000014ddfcec870_0 .net/2s *"_ivl_10", 31 0, L_0000014ddfda5760;  1 drivers
v0000014ddfceb8d0_0 .net/s *"_ivl_12", 31 0, L_0000014ddfd85950;  1 drivers
v0000014ddfceacf0_0 .net *"_ivl_16", 31 0, L_0000014ddfe30510;  1 drivers
L_0000014ddfda57a8 .functor BUFT 1, C4<00000000000000000000000000000001>, C4<0>, C4<0>, C4<0>;
v0000014ddfcea390_0 .net/2s *"_ivl_18", 31 0, L_0000014ddfda57a8;  1 drivers
v0000014ddfcea430_0 .net/s *"_ivl_20", 31 0, L_0000014ddfd84af0;  1 drivers
v0000014ddfceb010_0 .net *"_ivl_24", 31 0, L_0000014ddfe30120;  1 drivers
L_0000014ddfda57f0 .functor BUFT 1, C4<00000000000000000000000000000001>, C4<0>, C4<0>, C4<0>;
v0000014ddfceb0b0_0 .net/2u *"_ivl_26", 31 0, L_0000014ddfda57f0;  1 drivers
v0000014ddfcea4d0_0 .net *"_ivl_28", 31 0, L_0000014ddfd859f0;  1 drivers
v0000014ddfceb510_0 .net *"_ivl_32", 31 0, L_0000014ddfe305f0;  1 drivers
L_0000014ddfda5838 .functor BUFT 1, C4<00000000000000000000000000000001>, C4<0>, C4<0>, C4<0>;
v0000014ddfceb150_0 .net/2u *"_ivl_34", 31 0, L_0000014ddfda5838;  1 drivers
v0000014ddfceb650_0 .net *"_ivl_36", 31 0, L_0000014ddfd85c70;  1 drivers
v0000014ddfceb790_0 .net *"_ivl_8", 31 0, L_0000014ddfe2f860;  1 drivers
v0000014ddfceb830_0 .net "dividend_abs", 31 0, L_0000014ddfd84e10;  1 drivers
v0000014ddfcecf50_0 .net "dividend_sign", 0 0, L_0000014ddfd84d70;  1 drivers
v0000014ddfcecd70_0 .net "divisor_abs", 31 0, L_0000014ddfd84cd0;  1 drivers
v0000014ddfceccd0_0 .net "divisor_sign", 0 0, L_0000014ddfd85810;  1 drivers
v0000014ddfced090_0 .net "quotient_abs", 31 0, v0000014ddfceb5b0_0;  1 drivers
v0000014ddfceceb0_0 .net "quotient_sign", 0 0, L_0000014ddfe30f90;  1 drivers
v0000014ddfcece10_0 .net "remainder_abs", 31 0, v0000014ddfceac50_0;  1 drivers
v0000014ddfcecff0_0 .net "remainder_sign", 0 0, L_0000014ddfe2f780;  1 drivers
L_0000014ddfd84d70 .part v0000014ddfd7d200_0, 31, 1;
L_0000014ddfd85810 .part v0000014ddfd547a0_0, 31, 1;
L_0000014ddfd85950 .arith/sum 32, L_0000014ddfe2f860, L_0000014ddfda5760;
L_0000014ddfd84e10 .functor MUXZ 32, v0000014ddfd7d200_0, L_0000014ddfd85950, L_0000014ddfd84d70, C4<>;
L_0000014ddfd84af0 .arith/sum 32, L_0000014ddfe30510, L_0000014ddfda57a8;
L_0000014ddfd84cd0 .functor MUXZ 32, v0000014ddfd547a0_0, L_0000014ddfd84af0, L_0000014ddfd85810, C4<>;
L_0000014ddfd859f0 .arith/sum 32, L_0000014ddfe30120, L_0000014ddfda57f0;
L_0000014ddfd85a90 .functor MUXZ 32, v0000014ddfceb5b0_0, L_0000014ddfd859f0, L_0000014ddfe30f90, C4<>;
L_0000014ddfd85c70 .arith/sum 32, L_0000014ddfe305f0, L_0000014ddfda5838;
L_0000014ddfd86030 .functor MUXZ 32, v0000014ddfceac50_0, L_0000014ddfd85c70, L_0000014ddfe2f780, C4<>;
S_0000014ddfcef430 .scope module, "div_core" "non_restoring_divider_unsigned" 6 22, 6 34 0, S_0000014ddfcef2a0;
 .timescale 0 0;
    .port_info 0 /INPUT 32 "Dividend";
    .port_info 1 /INPUT 32 "Divisor";
    .port_info 2 /OUTPUT 32 "Quotient";
    .port_info 3 /OUTPUT 32 "Remainder";
v0000014ddfceb1f0_0 .var "AQ", 63 0;
v0000014ddfcea2f0_0 .net "Dividend", 31 0, L_0000014ddfd84e10;  alias, 1 drivers
v0000014ddfceabb0_0 .net "Divisor", 31 0, L_0000014ddfd84cd0;  alias, 1 drivers
v0000014ddfcea6b0_0 .var "M", 31 0;
v0000014ddfcebd30_0 .net "Quotient", 31 0, v0000014ddfceb5b0_0;  alias, 1 drivers
v0000014ddfceac50_0 .var "Remainder", 31 0;
v0000014ddfcec230_0 .var/i "i", 31 0;
v0000014ddfceb5b0_0 .var "quotient_reg", 31 0;
E_0000014ddfc51700 .event anyedge, v0000014ddfceabb0_0, v0000014ddfcea2f0_0, v0000014ddfceb1f0_0, v0000014ddfcea6b0_0;
S_0000014ddfceedf0 .scope module, "rca_add" "ripple_carry_adder" 4 38, 7 3 0, S_0000014ddf96f150;
 .timescale 0 0;
    .port_info 0 /INPUT 32 "A";
    .port_info 1 /INPUT 32 "B";
    .port_info 2 /INPUT 1 "Cin";
    .port_info 3 /OUTPUT 32 "Sum";
    .port_info 4 /OUTPUT 1 "Cout";
L_0000014ddfda4c68 .functor BUFT 1, C4<0>, C4<0>, C4<0>, C4<0>;
L_0000014ddfe0b8c0 .functor BUFZ 1, L_0000014ddfda4c68, C4<0>, C4<0>, C4<0>;
v0000014ddfcf26e0_0 .net "A", 31 0, v0000014ddfd7d200_0;  alias, 1 drivers
v0000014ddfcf1b00_0 .net "B", 31 0, v0000014ddfd547a0_0;  alias, 1 drivers
v0000014ddfcf1240_0 .net "Cin", 0 0, L_0000014ddfda4c68;  1 drivers
v0000014ddfcf21e0_0 .net "Cout", 0 0, L_0000014ddfd9a030;  alias, 1 drivers
v0000014ddfcf2aa0_0 .net "Sum", 31 0, L_0000014ddfd99310;  alias, 1 drivers
v0000014ddfcf2960_0 .net *"_ivl_229", 0 0, L_0000014ddfe0b8c0;  1 drivers
v0000014ddfcf0700_0 .net "carry", 32 0, L_0000014ddfd9a990;  1 drivers
L_0000014ddfd95f30 .part v0000014ddfd7d200_0, 0, 1;
L_0000014ddfd946d0 .part v0000014ddfd547a0_0, 0, 1;
L_0000014ddfd95530 .part L_0000014ddfd9a990, 0, 1;
L_0000014ddfd94950 .part v0000014ddfd7d200_0, 1, 1;
L_0000014ddfd95990 .part v0000014ddfd547a0_0, 1, 1;
L_0000014ddfd955d0 .part L_0000014ddfd9a990, 1, 1;
L_0000014ddfd95710 .part v0000014ddfd7d200_0, 2, 1;
L_0000014ddfd95d50 .part v0000014ddfd547a0_0, 2, 1;
L_0000014ddfd93af0 .part L_0000014ddfd9a990, 2, 1;
L_0000014ddfd949f0 .part v0000014ddfd7d200_0, 3, 1;
L_0000014ddfd95850 .part v0000014ddfd547a0_0, 3, 1;
L_0000014ddfd95a30 .part L_0000014ddfd9a990, 3, 1;
L_0000014ddfd93b90 .part v0000014ddfd7d200_0, 4, 1;
L_0000014ddfd94b30 .part v0000014ddfd547a0_0, 4, 1;
L_0000014ddfd94c70 .part L_0000014ddfd9a990, 4, 1;
L_0000014ddfd93c30 .part v0000014ddfd7d200_0, 5, 1;
L_0000014ddfd93f50 .part v0000014ddfd547a0_0, 5, 1;
L_0000014ddfd95df0 .part L_0000014ddfd9a990, 5, 1;
L_0000014ddfd94d10 .part v0000014ddfd7d200_0, 6, 1;
L_0000014ddfd94db0 .part v0000014ddfd547a0_0, 6, 1;
L_0000014ddfd93cd0 .part L_0000014ddfd9a990, 6, 1;
L_0000014ddfd94e50 .part v0000014ddfd7d200_0, 7, 1;
L_0000014ddfd93d70 .part v0000014ddfd547a0_0, 7, 1;
L_0000014ddfd94ef0 .part L_0000014ddfd9a990, 7, 1;
L_0000014ddfd93e10 .part v0000014ddfd7d200_0, 8, 1;
L_0000014ddfd93eb0 .part v0000014ddfd547a0_0, 8, 1;
L_0000014ddfd96570 .part L_0000014ddfd9a990, 8, 1;
L_0000014ddfd980f0 .part v0000014ddfd7d200_0, 9, 1;
L_0000014ddfd98730 .part v0000014ddfd547a0_0, 9, 1;
L_0000014ddfd961b0 .part L_0000014ddfd9a990, 9, 1;
L_0000014ddfd967f0 .part v0000014ddfd7d200_0, 10, 1;
L_0000014ddfd962f0 .part v0000014ddfd547a0_0, 10, 1;
L_0000014ddfd98370 .part L_0000014ddfd9a990, 10, 1;
L_0000014ddfd98050 .part v0000014ddfd7d200_0, 11, 1;
L_0000014ddfd96430 .part v0000014ddfd547a0_0, 11, 1;
L_0000014ddfd96390 .part L_0000014ddfd9a990, 11, 1;
L_0000014ddfd97a10 .part v0000014ddfd7d200_0, 12, 1;
L_0000014ddfd96750 .part v0000014ddfd547a0_0, 12, 1;
L_0000014ddfd96610 .part L_0000014ddfd9a990, 12, 1;
L_0000014ddfd97f10 .part v0000014ddfd7d200_0, 13, 1;
L_0000014ddfd964d0 .part v0000014ddfd547a0_0, 13, 1;
L_0000014ddfd96890 .part L_0000014ddfd9a990, 13, 1;
L_0000014ddfd973d0 .part v0000014ddfd7d200_0, 14, 1;
L_0000014ddfd97010 .part v0000014ddfd547a0_0, 14, 1;
L_0000014ddfd96110 .part L_0000014ddfd9a990, 14, 1;
L_0000014ddfd98870 .part v0000014ddfd7d200_0, 15, 1;
L_0000014ddfd96f70 .part v0000014ddfd547a0_0, 15, 1;
L_0000014ddfd98690 .part L_0000014ddfd9a990, 15, 1;
L_0000014ddfd982d0 .part v0000014ddfd7d200_0, 16, 1;
L_0000014ddfd97d30 .part v0000014ddfd547a0_0, 16, 1;
L_0000014ddfd96b10 .part L_0000014ddfd9a990, 16, 1;
L_0000014ddfd97790 .part v0000014ddfd7d200_0, 17, 1;
L_0000014ddfd96bb0 .part v0000014ddfd547a0_0, 17, 1;
L_0000014ddfd96c50 .part L_0000014ddfd9a990, 17, 1;
L_0000014ddfd97470 .part v0000014ddfd7d200_0, 18, 1;
L_0000014ddfd978d0 .part v0000014ddfd547a0_0, 18, 1;
L_0000014ddfd96cf0 .part L_0000014ddfd9a990, 18, 1;
L_0000014ddfd96250 .part v0000014ddfd7d200_0, 19, 1;
L_0000014ddfd96930 .part v0000014ddfd547a0_0, 19, 1;
L_0000014ddfd976f0 .part L_0000014ddfd9a990, 19, 1;
L_0000014ddfd98410 .part v0000014ddfd7d200_0, 20, 1;
L_0000014ddfd966b0 .part v0000014ddfd547a0_0, 20, 1;
L_0000014ddfd969d0 .part L_0000014ddfd9a990, 20, 1;
L_0000014ddfd97290 .part v0000014ddfd7d200_0, 21, 1;
L_0000014ddfd96a70 .part v0000014ddfd547a0_0, 21, 1;
L_0000014ddfd96e30 .part L_0000014ddfd9a990, 21, 1;
L_0000014ddfd97510 .part v0000014ddfd7d200_0, 22, 1;
L_0000014ddfd975b0 .part v0000014ddfd547a0_0, 22, 1;
L_0000014ddfd97970 .part L_0000014ddfd9a990, 22, 1;
L_0000014ddfd97c90 .part v0000014ddfd7d200_0, 23, 1;
L_0000014ddfd97fb0 .part v0000014ddfd547a0_0, 23, 1;
L_0000014ddfd96d90 .part L_0000014ddfd9a990, 23, 1;
L_0000014ddfd984b0 .part v0000014ddfd7d200_0, 24, 1;
L_0000014ddfd97650 .part v0000014ddfd547a0_0, 24, 1;
L_0000014ddfd970b0 .part L_0000014ddfd9a990, 24, 1;
L_0000014ddfd98550 .part v0000014ddfd7d200_0, 25, 1;
L_0000014ddfd96ed0 .part v0000014ddfd547a0_0, 25, 1;
L_0000014ddfd97150 .part L_0000014ddfd9a990, 25, 1;
L_0000014ddfd971f0 .part v0000014ddfd7d200_0, 26, 1;
L_0000014ddfd97330 .part v0000014ddfd547a0_0, 26, 1;
L_0000014ddfd987d0 .part L_0000014ddfd9a990, 26, 1;
L_0000014ddfd97830 .part v0000014ddfd7d200_0, 27, 1;
L_0000014ddfd97ab0 .part v0000014ddfd547a0_0, 27, 1;
L_0000014ddfd985f0 .part L_0000014ddfd9a990, 27, 1;
L_0000014ddfd97b50 .part v0000014ddfd7d200_0, 28, 1;
L_0000014ddfd97bf0 .part v0000014ddfd547a0_0, 28, 1;
L_0000014ddfd97dd0 .part L_0000014ddfd9a990, 28, 1;
L_0000014ddfd97e70 .part v0000014ddfd7d200_0, 29, 1;
L_0000014ddfd98190 .part v0000014ddfd547a0_0, 29, 1;
L_0000014ddfd98230 .part L_0000014ddfd9a990, 29, 1;
L_0000014ddfd98c30 .part v0000014ddfd7d200_0, 30, 1;
L_0000014ddfd9a210 .part v0000014ddfd547a0_0, 30, 1;
L_0000014ddfd9a8f0 .part L_0000014ddfd9a990, 30, 1;
L_0000014ddfd98a50 .part v0000014ddfd7d200_0, 31, 1;
L_0000014ddfd99810 .part v0000014ddfd547a0_0, 31, 1;
L_0000014ddfd998b0 .part L_0000014ddfd9a990, 31, 1;
LS_0000014ddfd99310_0_0 .concat8 [ 1 1 1 1], L_0000014ddfdfd620, L_0000014ddfdfd4d0, L_0000014ddfdfd000, L_0000014ddfdfceb0;
LS_0000014ddfd99310_0_4 .concat8 [ 1 1 1 1], L_0000014ddfdfe0a0, L_0000014ddfdfcf90, L_0000014ddfdfdfc0, L_0000014ddfdfd5b0;
LS_0000014ddfd99310_0_8 .concat8 [ 1 1 1 1], L_0000014ddfdfe030, L_0000014ddfdfc900, L_0000014ddfdfc9e0, L_0000014ddfdff4c0;
LS_0000014ddfd99310_0_12 .concat8 [ 1 1 1 1], L_0000014ddfdfe730, L_0000014ddfdff6f0, L_0000014ddfdfe570, L_0000014ddfdff7d0;
LS_0000014ddfd99310_0_16 .concat8 [ 1 1 1 1], L_0000014ddfe00020, L_0000014ddfdfeb20, L_0000014ddfdfeb90, L_0000014ddfdfeff0;
LS_0000014ddfd99310_0_20 .concat8 [ 1 1 1 1], L_0000014ddfdff3e0, L_0000014ddfe09cc0, L_0000014ddfe0a3c0, L_0000014ddfe0b770;
LS_0000014ddfd99310_0_24 .concat8 [ 1 1 1 1], L_0000014ddfe0b1c0, L_0000014ddfe09ef0, L_0000014ddfe0b620, L_0000014ddfe0a2e0;
LS_0000014ddfd99310_0_28 .concat8 [ 1 1 1 1], L_0000014ddfe0a970, L_0000014ddfe0ac10, L_0000014ddfe0b000, L_0000014ddfe0b3f0;
LS_0000014ddfd99310_1_0 .concat8 [ 4 4 4 4], LS_0000014ddfd99310_0_0, LS_0000014ddfd99310_0_4, LS_0000014ddfd99310_0_8, LS_0000014ddfd99310_0_12;
LS_0000014ddfd99310_1_4 .concat8 [ 4 4 4 4], LS_0000014ddfd99310_0_16, LS_0000014ddfd99310_0_20, LS_0000014ddfd99310_0_24, LS_0000014ddfd99310_0_28;
L_0000014ddfd99310 .concat8 [ 16 16 0 0], LS_0000014ddfd99310_1_0, LS_0000014ddfd99310_1_4;
LS_0000014ddfd9a990_0_0 .concat8 [ 1 1 1 1], L_0000014ddfe0b8c0, L_0000014ddfdfe1f0, L_0000014ddfdfcac0, L_0000014ddfdfd0e0;
LS_0000014ddfd9a990_0_4 .concat8 [ 1 1 1 1], L_0000014ddfdfdbd0, L_0000014ddfdfd070, L_0000014ddfdfdf50, L_0000014ddfdfd930;
LS_0000014ddfd9a990_0_8 .concat8 [ 1 1 1 1], L_0000014ddfdfde70, L_0000014ddfdfdb60, L_0000014ddfdfc970, L_0000014ddfdfe810;
LS_0000014ddfd9a990_0_12 .concat8 [ 1 1 1 1], L_0000014ddfdffc30, L_0000014ddfdfe6c0, L_0000014ddfdffe60, L_0000014ddfdff610;
LS_0000014ddfd9a990_0_16 .concat8 [ 1 1 1 1], L_0000014ddfdff840, L_0000014ddfdff8b0, L_0000014ddfdfef80, L_0000014ddfdffa00;
LS_0000014ddfd9a990_0_20 .concat8 [ 1 1 1 1], L_0000014ddfdffa70, L_0000014ddfdffb50, L_0000014ddfe0a580, L_0000014ddfe09e80;
LS_0000014ddfd9a990_0_24 .concat8 [ 1 1 1 1], L_0000014ddfe0a4a0, L_0000014ddfe0a5f0, L_0000014ddfe09fd0, L_0000014ddfe09e10;
LS_0000014ddfd9a990_0_28 .concat8 [ 1 1 1 1], L_0000014ddfe0a7b0, L_0000014ddfe0aac0, L_0000014ddfe0af20, L_0000014ddfe0b0e0;
LS_0000014ddfd9a990_0_32 .concat8 [ 1 0 0 0], L_0000014ddfe0cf80;
LS_0000014ddfd9a990_1_0 .concat8 [ 4 4 4 4], LS_0000014ddfd9a990_0_0, LS_0000014ddfd9a990_0_4, LS_0000014ddfd9a990_0_8, LS_0000014ddfd9a990_0_12;
LS_0000014ddfd9a990_1_4 .concat8 [ 4 4 4 4], LS_0000014ddfd9a990_0_16, LS_0000014ddfd9a990_0_20, LS_0000014ddfd9a990_0_24, LS_0000014ddfd9a990_0_28;
LS_0000014ddfd9a990_1_8 .concat8 [ 1 0 0 0], LS_0000014ddfd9a990_0_32;
L_0000014ddfd9a990 .concat8 [ 16 16 1 0], LS_0000014ddfd9a990_1_0, LS_0000014ddfd9a990_1_4, LS_0000014ddfd9a990_1_8;
L_0000014ddfd9a030 .part L_0000014ddfd9a990, 32, 1;
S_0000014ddfcee490 .scope generate, "fa_gen[0]" "fa_gen[0]" 7 16, 7 16 0, S_0000014ddfceedf0;
 .timescale 0 0;
P_0000014ddfc51c40 .param/l "i" 0 7 16, +C4<00>;
S_0000014ddfcef5c0 .scope module, "fa" "full_adder" 7 17, 7 31 0, S_0000014ddfcee490;
 .timescale 0 0;
    .port_info 0 /INPUT 1 "a";
    .port_info 1 /INPUT 1 "b";
    .port_info 2 /INPUT 1 "cin";
    .port_info 3 /OUTPUT 1 "sum";
    .port_info 4 /OUTPUT 1 "cout";
L_0000014ddfdfe340 .functor XOR 1, L_0000014ddfd95f30, L_0000014ddfd946d0, C4<0>, C4<0>;
L_0000014ddfdfd620 .functor XOR 1, L_0000014ddfdfe340, L_0000014ddfd95530, C4<0>, C4<0>;
L_0000014ddfdfcc80 .functor AND 1, L_0000014ddfd95f30, L_0000014ddfd946d0, C4<1>, C4<1>;
L_0000014ddfdfd690 .functor XOR 1, L_0000014ddfd95f30, L_0000014ddfd946d0, C4<0>, C4<0>;
L_0000014ddfdfd2a0 .functor AND 1, L_0000014ddfd95530, L_0000014ddfdfd690, C4<1>, C4<1>;
L_0000014ddfdfe1f0 .functor OR 1, L_0000014ddfdfcc80, L_0000014ddfdfd2a0, C4<0>, C4<0>;
v0000014ddfcecb90_0 .net *"_ivl_0", 0 0, L_0000014ddfdfe340;  1 drivers
v0000014ddfced130_0 .net *"_ivl_4", 0 0, L_0000014ddfdfcc80;  1 drivers
v0000014ddfced1d0_0 .net *"_ivl_6", 0 0, L_0000014ddfdfd690;  1 drivers
v0000014ddfcecc30_0 .net *"_ivl_8", 0 0, L_0000014ddfdfd2a0;  1 drivers
v0000014ddfcecaf0_0 .net "a", 0 0, L_0000014ddfd95f30;  1 drivers
v0000014ddfcf7820_0 .net "b", 0 0, L_0000014ddfd946d0;  1 drivers
v0000014ddfcf7000_0 .net "cin", 0 0, L_0000014ddfd95530;  1 drivers
v0000014ddfcf61a0_0 .net "cout", 0 0, L_0000014ddfdfe1f0;  1 drivers
v0000014ddfcf62e0_0 .net "sum", 0 0, L_0000014ddfdfd620;  1 drivers
S_0000014ddfcef750 .scope generate, "fa_gen[1]" "fa_gen[1]" 7 16, 7 16 0, S_0000014ddfceedf0;
 .timescale 0 0;
P_0000014ddfc51b00 .param/l "i" 0 7 16, +C4<01>;
S_0000014ddfceef80 .scope module, "fa" "full_adder" 7 17, 7 31 0, S_0000014ddfcef750;
 .timescale 0 0;
    .port_info 0 /INPUT 1 "a";
    .port_info 1 /INPUT 1 "b";
    .port_info 2 /INPUT 1 "cin";
    .port_info 3 /OUTPUT 1 "sum";
    .port_info 4 /OUTPUT 1 "cout";
L_0000014ddfdfdc40 .functor XOR 1, L_0000014ddfd94950, L_0000014ddfd95990, C4<0>, C4<0>;
L_0000014ddfdfd4d0 .functor XOR 1, L_0000014ddfdfdc40, L_0000014ddfd955d0, C4<0>, C4<0>;
L_0000014ddfdfcc10 .functor AND 1, L_0000014ddfd94950, L_0000014ddfd95990, C4<1>, C4<1>;
L_0000014ddfdfd540 .functor XOR 1, L_0000014ddfd94950, L_0000014ddfd95990, C4<0>, C4<0>;
L_0000014ddfdfcb30 .functor AND 1, L_0000014ddfd955d0, L_0000014ddfdfd540, C4<1>, C4<1>;
L_0000014ddfdfcac0 .functor OR 1, L_0000014ddfdfcc10, L_0000014ddfdfcb30, C4<0>, C4<0>;
v0000014ddfcf6e20_0 .net *"_ivl_0", 0 0, L_0000014ddfdfdc40;  1 drivers
v0000014ddfcf5ac0_0 .net *"_ivl_4", 0 0, L_0000014ddfdfcc10;  1 drivers
v0000014ddfcf5b60_0 .net *"_ivl_6", 0 0, L_0000014ddfdfd540;  1 drivers
v0000014ddfcf6380_0 .net *"_ivl_8", 0 0, L_0000014ddfdfcb30;  1 drivers
v0000014ddfcf5840_0 .net "a", 0 0, L_0000014ddfd94950;  1 drivers
v0000014ddfcf6600_0 .net "b", 0 0, L_0000014ddfd95990;  1 drivers
v0000014ddfcf5e80_0 .net "cin", 0 0, L_0000014ddfd955d0;  1 drivers
v0000014ddfcf7780_0 .net "cout", 0 0, L_0000014ddfdfcac0;  1 drivers
v0000014ddfcf5de0_0 .net "sum", 0 0, L_0000014ddfdfd4d0;  1 drivers
S_0000014ddfcefa70 .scope generate, "fa_gen[2]" "fa_gen[2]" 7 16, 7 16 0, S_0000014ddfceedf0;
 .timescale 0 0;
P_0000014ddfc51d80 .param/l "i" 0 7 16, +C4<010>;
S_0000014ddfcefc00 .scope module, "fa" "full_adder" 7 17, 7 31 0, S_0000014ddfcefa70;
 .timescale 0 0;
    .port_info 0 /INPUT 1 "a";
    .port_info 1 /INPUT 1 "b";
    .port_info 2 /INPUT 1 "cin";
    .port_info 3 /OUTPUT 1 "sum";
    .port_info 4 /OUTPUT 1 "cout";
L_0000014ddfdfe3b0 .functor XOR 1, L_0000014ddfd95710, L_0000014ddfd95d50, C4<0>, C4<0>;
L_0000014ddfdfd000 .functor XOR 1, L_0000014ddfdfe3b0, L_0000014ddfd93af0, C4<0>, C4<0>;
L_0000014ddfdfd3f0 .functor AND 1, L_0000014ddfd95710, L_0000014ddfd95d50, C4<1>, C4<1>;
L_0000014ddfdfcd60 .functor XOR 1, L_0000014ddfd95710, L_0000014ddfd95d50, C4<0>, C4<0>;
L_0000014ddfdfccf0 .functor AND 1, L_0000014ddfd93af0, L_0000014ddfdfcd60, C4<1>, C4<1>;
L_0000014ddfdfd0e0 .functor OR 1, L_0000014ddfdfd3f0, L_0000014ddfdfccf0, C4<0>, C4<0>;
v0000014ddfcf67e0_0 .net *"_ivl_0", 0 0, L_0000014ddfdfe3b0;  1 drivers
v0000014ddfcf71e0_0 .net *"_ivl_4", 0 0, L_0000014ddfdfd3f0;  1 drivers
v0000014ddfcf7320_0 .net *"_ivl_6", 0 0, L_0000014ddfdfcd60;  1 drivers
v0000014ddfcf5f20_0 .net *"_ivl_8", 0 0, L_0000014ddfdfccf0;  1 drivers
v0000014ddfcf5c00_0 .net "a", 0 0, L_0000014ddfd95710;  1 drivers
v0000014ddfcf5ca0_0 .net "b", 0 0, L_0000014ddfd95d50;  1 drivers
v0000014ddfcf6740_0 .net "cin", 0 0, L_0000014ddfd93af0;  1 drivers
v0000014ddfcf7140_0 .net "cout", 0 0, L_0000014ddfdfd0e0;  1 drivers
v0000014ddfcf6420_0 .net "sum", 0 0, L_0000014ddfdfd000;  1 drivers
S_0000014ddfcee620 .scope generate, "fa_gen[3]" "fa_gen[3]" 7 16, 7 16 0, S_0000014ddfceedf0;
 .timescale 0 0;
P_0000014ddfc51fc0 .param/l "i" 0 7 16, +C4<011>;
S_0000014ddfd01900 .scope module, "fa" "full_adder" 7 17, 7 31 0, S_0000014ddfcee620;
 .timescale 0 0;
    .port_info 0 /INPUT 1 "a";
    .port_info 1 /INPUT 1 "b";
    .port_info 2 /INPUT 1 "cin";
    .port_info 3 /OUTPUT 1 "sum";
    .port_info 4 /OUTPUT 1 "cout";
L_0000014ddfdfce40 .functor XOR 1, L_0000014ddfd949f0, L_0000014ddfd95850, C4<0>, C4<0>;
L_0000014ddfdfceb0 .functor XOR 1, L_0000014ddfdfce40, L_0000014ddfd95a30, C4<0>, C4<0>;
L_0000014ddfdfd150 .functor AND 1, L_0000014ddfd949f0, L_0000014ddfd95850, C4<1>, C4<1>;
L_0000014ddfdfdcb0 .functor XOR 1, L_0000014ddfd949f0, L_0000014ddfd95850, C4<0>, C4<0>;
L_0000014ddfdfcba0 .functor AND 1, L_0000014ddfd95a30, L_0000014ddfdfdcb0, C4<1>, C4<1>;
L_0000014ddfdfdbd0 .functor OR 1, L_0000014ddfdfd150, L_0000014ddfdfcba0, C4<0>, C4<0>;
v0000014ddfcf7460_0 .net *"_ivl_0", 0 0, L_0000014ddfdfce40;  1 drivers
v0000014ddfcf6880_0 .net *"_ivl_4", 0 0, L_0000014ddfdfd150;  1 drivers
v0000014ddfcf6ce0_0 .net *"_ivl_6", 0 0, L_0000014ddfdfdcb0;  1 drivers
v0000014ddfcf75a0_0 .net *"_ivl_8", 0 0, L_0000014ddfdfcba0;  1 drivers
v0000014ddfcf6920_0 .net "a", 0 0, L_0000014ddfd949f0;  1 drivers
v0000014ddfcf6b00_0 .net "b", 0 0, L_0000014ddfd95850;  1 drivers
v0000014ddfcf58e0_0 .net "cin", 0 0, L_0000014ddfd95a30;  1 drivers
v0000014ddfcf6ba0_0 .net "cout", 0 0, L_0000014ddfdfdbd0;  1 drivers
v0000014ddfcf5980_0 .net "sum", 0 0, L_0000014ddfdfceb0;  1 drivers
S_0000014ddfd00c80 .scope generate, "fa_gen[4]" "fa_gen[4]" 7 16, 7 16 0, S_0000014ddfceedf0;
 .timescale 0 0;
P_0000014ddfc51e80 .param/l "i" 0 7 16, +C4<0100>;
S_0000014ddfd01c20 .scope module, "fa" "full_adder" 7 17, 7 31 0, S_0000014ddfd00c80;
 .timescale 0 0;
    .port_info 0 /INPUT 1 "a";
    .port_info 1 /INPUT 1 "b";
    .port_info 2 /INPUT 1 "cin";
    .port_info 3 /OUTPUT 1 "sum";
    .port_info 4 /OUTPUT 1 "cout";
L_0000014ddfdfcf20 .functor XOR 1, L_0000014ddfd93b90, L_0000014ddfd94b30, C4<0>, C4<0>;
L_0000014ddfdfe0a0 .functor XOR 1, L_0000014ddfdfcf20, L_0000014ddfd94c70, C4<0>, C4<0>;
L_0000014ddfdfcdd0 .functor AND 1, L_0000014ddfd93b90, L_0000014ddfd94b30, C4<1>, C4<1>;
L_0000014ddfdfd380 .functor XOR 1, L_0000014ddfd93b90, L_0000014ddfd94b30, C4<0>, C4<0>;
L_0000014ddfdfd1c0 .functor AND 1, L_0000014ddfd94c70, L_0000014ddfdfd380, C4<1>, C4<1>;
L_0000014ddfdfd070 .functor OR 1, L_0000014ddfdfcdd0, L_0000014ddfdfd1c0, C4<0>, C4<0>;
v0000014ddfcf57a0_0 .net *"_ivl_0", 0 0, L_0000014ddfdfcf20;  1 drivers
v0000014ddfcf5480_0 .net *"_ivl_4", 0 0, L_0000014ddfdfcdd0;  1 drivers
v0000014ddfcf69c0_0 .net *"_ivl_6", 0 0, L_0000014ddfdfd380;  1 drivers
v0000014ddfcf5d40_0 .net *"_ivl_8", 0 0, L_0000014ddfdfd1c0;  1 drivers
v0000014ddfcf6d80_0 .net "a", 0 0, L_0000014ddfd93b90;  1 drivers
v0000014ddfcf78c0_0 .net "b", 0 0, L_0000014ddfd94b30;  1 drivers
v0000014ddfcf5520_0 .net "cin", 0 0, L_0000014ddfd94c70;  1 drivers
v0000014ddfcf66a0_0 .net "cout", 0 0, L_0000014ddfdfd070;  1 drivers
v0000014ddfcf6a60_0 .net "sum", 0 0, L_0000014ddfdfe0a0;  1 drivers
S_0000014ddfd020d0 .scope generate, "fa_gen[5]" "fa_gen[5]" 7 16, 7 16 0, S_0000014ddfceedf0;
 .timescale 0 0;
P_0000014ddfc518c0 .param/l "i" 0 7 16, +C4<0101>;
S_0000014ddfd00e10 .scope module, "fa" "full_adder" 7 17, 7 31 0, S_0000014ddfd020d0;
 .timescale 0 0;
    .port_info 0 /INPUT 1 "a";
    .port_info 1 /INPUT 1 "b";
    .port_info 2 /INPUT 1 "cin";
    .port_info 3 /OUTPUT 1 "sum";
    .port_info 4 /OUTPUT 1 "cout";
L_0000014ddfdfe420 .functor XOR 1, L_0000014ddfd93c30, L_0000014ddfd93f50, C4<0>, C4<0>;
L_0000014ddfdfcf90 .functor XOR 1, L_0000014ddfdfe420, L_0000014ddfd95df0, C4<0>, C4<0>;
L_0000014ddfdfdd20 .functor AND 1, L_0000014ddfd93c30, L_0000014ddfd93f50, C4<1>, C4<1>;
L_0000014ddfdfd700 .functor XOR 1, L_0000014ddfd93c30, L_0000014ddfd93f50, C4<0>, C4<0>;
L_0000014ddfdfe490 .functor AND 1, L_0000014ddfd95df0, L_0000014ddfdfd700, C4<1>, C4<1>;
L_0000014ddfdfdf50 .functor OR 1, L_0000014ddfdfdd20, L_0000014ddfdfe490, C4<0>, C4<0>;
v0000014ddfcf7a00_0 .net *"_ivl_0", 0 0, L_0000014ddfdfe420;  1 drivers
v0000014ddfcf5660_0 .net *"_ivl_4", 0 0, L_0000014ddfdfdd20;  1 drivers
v0000014ddfcf6c40_0 .net *"_ivl_6", 0 0, L_0000014ddfdfd700;  1 drivers
v0000014ddfcf7960_0 .net *"_ivl_8", 0 0, L_0000014ddfdfe490;  1 drivers
v0000014ddfcf64c0_0 .net "a", 0 0, L_0000014ddfd93c30;  1 drivers
v0000014ddfcf53e0_0 .net "b", 0 0, L_0000014ddfd93f50;  1 drivers
v0000014ddfcf55c0_0 .net "cin", 0 0, L_0000014ddfd95df0;  1 drivers
v0000014ddfcf5fc0_0 .net "cout", 0 0, L_0000014ddfdfdf50;  1 drivers
v0000014ddfcf6100_0 .net "sum", 0 0, L_0000014ddfdfcf90;  1 drivers
S_0000014ddfd01a90 .scope generate, "fa_gen[6]" "fa_gen[6]" 7 16, 7 16 0, S_0000014ddfceedf0;
 .timescale 0 0;
P_0000014ddfc51940 .param/l "i" 0 7 16, +C4<0110>;
S_0000014ddfd01db0 .scope module, "fa" "full_adder" 7 17, 7 31 0, S_0000014ddfd01a90;
 .timescale 0 0;
    .port_info 0 /INPUT 1 "a";
    .port_info 1 /INPUT 1 "b";
    .port_info 2 /INPUT 1 "cin";
    .port_info 3 /OUTPUT 1 "sum";
    .port_info 4 /OUTPUT 1 "cout";
L_0000014ddfdfd8c0 .functor XOR 1, L_0000014ddfd94d10, L_0000014ddfd94db0, C4<0>, C4<0>;
L_0000014ddfdfdfc0 .functor XOR 1, L_0000014ddfdfd8c0, L_0000014ddfd93cd0, C4<0>, C4<0>;
L_0000014ddfdfdd90 .functor AND 1, L_0000014ddfd94d10, L_0000014ddfd94db0, C4<1>, C4<1>;
L_0000014ddfdfd230 .functor XOR 1, L_0000014ddfd94d10, L_0000014ddfd94db0, C4<0>, C4<0>;
L_0000014ddfdfd310 .functor AND 1, L_0000014ddfd93cd0, L_0000014ddfdfd230, C4<1>, C4<1>;
L_0000014ddfdfd930 .functor OR 1, L_0000014ddfdfdd90, L_0000014ddfdfd310, C4<0>, C4<0>;
v0000014ddfcf7640_0 .net *"_ivl_0", 0 0, L_0000014ddfdfd8c0;  1 drivers
v0000014ddfcf6240_0 .net *"_ivl_4", 0 0, L_0000014ddfdfdd90;  1 drivers
v0000014ddfcf5700_0 .net *"_ivl_6", 0 0, L_0000014ddfdfd230;  1 drivers
v0000014ddfcf6ec0_0 .net *"_ivl_8", 0 0, L_0000014ddfdfd310;  1 drivers
v0000014ddfcf6560_0 .net "a", 0 0, L_0000014ddfd94d10;  1 drivers
v0000014ddfcf76e0_0 .net "b", 0 0, L_0000014ddfd94db0;  1 drivers
v0000014ddfcf6060_0 .net "cin", 0 0, L_0000014ddfd93cd0;  1 drivers
v0000014ddfcf6f60_0 .net "cout", 0 0, L_0000014ddfdfd930;  1 drivers
v0000014ddfcf7aa0_0 .net "sum", 0 0, L_0000014ddfdfdfc0;  1 drivers
S_0000014ddfd007d0 .scope generate, "fa_gen[7]" "fa_gen[7]" 7 16, 7 16 0, S_0000014ddfceedf0;
 .timescale 0 0;
P_0000014ddfc51800 .param/l "i" 0 7 16, +C4<0111>;
S_0000014ddfd01450 .scope module, "fa" "full_adder" 7 17, 7 31 0, S_0000014ddfd007d0;
 .timescale 0 0;
    .port_info 0 /INPUT 1 "a";
    .port_info 1 /INPUT 1 "b";
    .port_info 2 /INPUT 1 "cin";
    .port_info 3 /OUTPUT 1 "sum";
    .port_info 4 /OUTPUT 1 "cout";
L_0000014ddfdfd460 .functor XOR 1, L_0000014ddfd94e50, L_0000014ddfd93d70, C4<0>, C4<0>;
L_0000014ddfdfd5b0 .functor XOR 1, L_0000014ddfdfd460, L_0000014ddfd94ef0, C4<0>, C4<0>;
L_0000014ddfdfd770 .functor AND 1, L_0000014ddfd94e50, L_0000014ddfd93d70, C4<1>, C4<1>;
L_0000014ddfdfde00 .functor XOR 1, L_0000014ddfd94e50, L_0000014ddfd93d70, C4<0>, C4<0>;
L_0000014ddfdfd7e0 .functor AND 1, L_0000014ddfd94ef0, L_0000014ddfdfde00, C4<1>, C4<1>;
L_0000014ddfdfde70 .functor OR 1, L_0000014ddfdfd770, L_0000014ddfdfd7e0, C4<0>, C4<0>;
v0000014ddfcf70a0_0 .net *"_ivl_0", 0 0, L_0000014ddfdfd460;  1 drivers
v0000014ddfcf7500_0 .net *"_ivl_4", 0 0, L_0000014ddfdfd770;  1 drivers
v0000014ddfcf7280_0 .net *"_ivl_6", 0 0, L_0000014ddfdfde00;  1 drivers
v0000014ddfcf73c0_0 .net *"_ivl_8", 0 0, L_0000014ddfdfd7e0;  1 drivers
v0000014ddfcf5340_0 .net "a", 0 0, L_0000014ddfd94e50;  1 drivers
v0000014ddfcf5a20_0 .net "b", 0 0, L_0000014ddfd93d70;  1 drivers
v0000014ddfcf9300_0 .net "cin", 0 0, L_0000014ddfd94ef0;  1 drivers
v0000014ddfcf8540_0 .net "cout", 0 0, L_0000014ddfdfde70;  1 drivers
v0000014ddfcf9800_0 .net "sum", 0 0, L_0000014ddfdfd5b0;  1 drivers
S_0000014ddfd01f40 .scope generate, "fa_gen[8]" "fa_gen[8]" 7 16, 7 16 0, S_0000014ddfceedf0;
 .timescale 0 0;
P_0000014ddfc51b80 .param/l "i" 0 7 16, +C4<01000>;
S_0000014ddfd00320 .scope module, "fa" "full_adder" 7 17, 7 31 0, S_0000014ddfd01f40;
 .timescale 0 0;
    .port_info 0 /INPUT 1 "a";
    .port_info 1 /INPUT 1 "b";
    .port_info 2 /INPUT 1 "cin";
    .port_info 3 /OUTPUT 1 "sum";
    .port_info 4 /OUTPUT 1 "cout";
L_0000014ddfdfd9a0 .functor XOR 1, L_0000014ddfd93e10, L_0000014ddfd93eb0, C4<0>, C4<0>;
L_0000014ddfdfe030 .functor XOR 1, L_0000014ddfdfd9a0, L_0000014ddfd96570, C4<0>, C4<0>;
L_0000014ddfdfda10 .functor AND 1, L_0000014ddfd93e10, L_0000014ddfd93eb0, C4<1>, C4<1>;
L_0000014ddfdfda80 .functor XOR 1, L_0000014ddfd93e10, L_0000014ddfd93eb0, C4<0>, C4<0>;
L_0000014ddfdfdaf0 .functor AND 1, L_0000014ddfd96570, L_0000014ddfdfda80, C4<1>, C4<1>;
L_0000014ddfdfdb60 .functor OR 1, L_0000014ddfdfda10, L_0000014ddfdfdaf0, C4<0>, C4<0>;
v0000014ddfcf9c60_0 .net *"_ivl_0", 0 0, L_0000014ddfdfd9a0;  1 drivers
v0000014ddfcf9260_0 .net *"_ivl_4", 0 0, L_0000014ddfdfda10;  1 drivers
v0000014ddfcf9e40_0 .net *"_ivl_6", 0 0, L_0000014ddfdfda80;  1 drivers
v0000014ddfcf9760_0 .net *"_ivl_8", 0 0, L_0000014ddfdfdaf0;  1 drivers
v0000014ddfcf98a0_0 .net "a", 0 0, L_0000014ddfd93e10;  1 drivers
v0000014ddfcfa0c0_0 .net "b", 0 0, L_0000014ddfd93eb0;  1 drivers
v0000014ddfcf80e0_0 .net "cin", 0 0, L_0000014ddfd96570;  1 drivers
v0000014ddfcf7dc0_0 .net "cout", 0 0, L_0000014ddfdfdb60;  1 drivers
v0000014ddfcf9940_0 .net "sum", 0 0, L_0000014ddfdfe030;  1 drivers
S_0000014ddfd015e0 .scope generate, "fa_gen[9]" "fa_gen[9]" 7 16, 7 16 0, S_0000014ddfceedf0;
 .timescale 0 0;
P_0000014ddfc51ec0 .param/l "i" 0 7 16, +C4<01001>;
S_0000014ddfd01770 .scope module, "fa" "full_adder" 7 17, 7 31 0, S_0000014ddfd015e0;
 .timescale 0 0;
    .port_info 0 /INPUT 1 "a";
    .port_info 1 /INPUT 1 "b";
    .port_info 2 /INPUT 1 "cin";
    .port_info 3 /OUTPUT 1 "sum";
    .port_info 4 /OUTPUT 1 "cout";
L_0000014ddfdfe110 .functor XOR 1, L_0000014ddfd980f0, L_0000014ddfd98730, C4<0>, C4<0>;
L_0000014ddfdfc900 .functor XOR 1, L_0000014ddfdfe110, L_0000014ddfd961b0, C4<0>, C4<0>;
L_0000014ddfdfdee0 .functor AND 1, L_0000014ddfd980f0, L_0000014ddfd98730, C4<1>, C4<1>;
L_0000014ddfdfe180 .functor XOR 1, L_0000014ddfd980f0, L_0000014ddfd98730, C4<0>, C4<0>;
L_0000014ddfdfe260 .functor AND 1, L_0000014ddfd961b0, L_0000014ddfdfe180, C4<1>, C4<1>;
L_0000014ddfdfc970 .functor OR 1, L_0000014ddfdfdee0, L_0000014ddfdfe260, C4<0>, C4<0>;
v0000014ddfcf8220_0 .net *"_ivl_0", 0 0, L_0000014ddfdfe110;  1 drivers
v0000014ddfcf8040_0 .net *"_ivl_4", 0 0, L_0000014ddfdfdee0;  1 drivers
v0000014ddfcf8180_0 .net *"_ivl_6", 0 0, L_0000014ddfdfe180;  1 drivers
v0000014ddfcf7e60_0 .net *"_ivl_8", 0 0, L_0000014ddfdfe260;  1 drivers
v0000014ddfcf8360_0 .net "a", 0 0, L_0000014ddfd980f0;  1 drivers
v0000014ddfcf7fa0_0 .net "b", 0 0, L_0000014ddfd98730;  1 drivers
v0000014ddfcf93a0_0 .net "cin", 0 0, L_0000014ddfd961b0;  1 drivers
v0000014ddfcf9ee0_0 .net "cout", 0 0, L_0000014ddfdfc970;  1 drivers
v0000014ddfcf99e0_0 .net "sum", 0 0, L_0000014ddfdfc900;  1 drivers
S_0000014ddfd004b0 .scope generate, "fa_gen[10]" "fa_gen[10]" 7 16, 7 16 0, S_0000014ddfceedf0;
 .timescale 0 0;
P_0000014ddfc51cc0 .param/l "i" 0 7 16, +C4<01010>;
S_0000014ddfd00640 .scope module, "fa" "full_adder" 7 17, 7 31 0, S_0000014ddfd004b0;
 .timescale 0 0;
    .port_info 0 /INPUT 1 "a";
    .port_info 1 /INPUT 1 "b";
    .port_info 2 /INPUT 1 "cin";
    .port_info 3 /OUTPUT 1 "sum";
    .port_info 4 /OUTPUT 1 "cout";
L_0000014ddfdfe2d0 .functor XOR 1, L_0000014ddfd967f0, L_0000014ddfd962f0, C4<0>, C4<0>;
L_0000014ddfdfc9e0 .functor XOR 1, L_0000014ddfdfe2d0, L_0000014ddfd98370, C4<0>, C4<0>;
L_0000014ddfdfe500 .functor AND 1, L_0000014ddfd967f0, L_0000014ddfd962f0, C4<1>, C4<1>;
L_0000014ddfdffd80 .functor XOR 1, L_0000014ddfd967f0, L_0000014ddfd962f0, C4<0>, C4<0>;
L_0000014ddfdff680 .functor AND 1, L_0000014ddfd98370, L_0000014ddfdffd80, C4<1>, C4<1>;
L_0000014ddfdfe810 .functor OR 1, L_0000014ddfdfe500, L_0000014ddfdff680, C4<0>, C4<0>;
v0000014ddfcf9580_0 .net *"_ivl_0", 0 0, L_0000014ddfdfe2d0;  1 drivers
v0000014ddfcf82c0_0 .net *"_ivl_4", 0 0, L_0000014ddfdfe500;  1 drivers
v0000014ddfcf8400_0 .net *"_ivl_6", 0 0, L_0000014ddfdffd80;  1 drivers
v0000014ddfcf84a0_0 .net *"_ivl_8", 0 0, L_0000014ddfdff680;  1 drivers
v0000014ddfcf85e0_0 .net "a", 0 0, L_0000014ddfd967f0;  1 drivers
v0000014ddfcfa2a0_0 .net "b", 0 0, L_0000014ddfd962f0;  1 drivers
v0000014ddfcf9620_0 .net "cin", 0 0, L_0000014ddfd98370;  1 drivers
v0000014ddfcf9a80_0 .net "cout", 0 0, L_0000014ddfdfe810;  1 drivers
v0000014ddfcf8680_0 .net "sum", 0 0, L_0000014ddfdfc9e0;  1 drivers
S_0000014ddfd00960 .scope generate, "fa_gen[11]" "fa_gen[11]" 7 16, 7 16 0, S_0000014ddfceedf0;
 .timescale 0 0;
P_0000014ddfc51d00 .param/l "i" 0 7 16, +C4<01011>;
S_0000014ddfd012c0 .scope module, "fa" "full_adder" 7 17, 7 31 0, S_0000014ddfd00960;
 .timescale 0 0;
    .port_info 0 /INPUT 1 "a";
    .port_info 1 /INPUT 1 "b";
    .port_info 2 /INPUT 1 "cin";
    .port_info 3 /OUTPUT 1 "sum";
    .port_info 4 /OUTPUT 1 "cout";
L_0000014ddfdfea40 .functor XOR 1, L_0000014ddfd98050, L_0000014ddfd96430, C4<0>, C4<0>;
L_0000014ddfdff4c0 .functor XOR 1, L_0000014ddfdfea40, L_0000014ddfd96390, C4<0>, C4<0>;
L_0000014ddfdfece0 .functor AND 1, L_0000014ddfd98050, L_0000014ddfd96430, C4<1>, C4<1>;
L_0000014ddfdfe650 .functor XOR 1, L_0000014ddfd98050, L_0000014ddfd96430, C4<0>, C4<0>;
L_0000014ddfdfe9d0 .functor AND 1, L_0000014ddfd96390, L_0000014ddfdfe650, C4<1>, C4<1>;
L_0000014ddfdffc30 .functor OR 1, L_0000014ddfdfece0, L_0000014ddfdfe9d0, C4<0>, C4<0>;
v0000014ddfcf8cc0_0 .net *"_ivl_0", 0 0, L_0000014ddfdfea40;  1 drivers
v0000014ddfcf94e0_0 .net *"_ivl_4", 0 0, L_0000014ddfdfece0;  1 drivers
v0000014ddfcf7f00_0 .net *"_ivl_6", 0 0, L_0000014ddfdfe650;  1 drivers
v0000014ddfcf9b20_0 .net *"_ivl_8", 0 0, L_0000014ddfdfe9d0;  1 drivers
v0000014ddfcf8fe0_0 .net "a", 0 0, L_0000014ddfd98050;  1 drivers
v0000014ddfcf9bc0_0 .net "b", 0 0, L_0000014ddfd96430;  1 drivers
v0000014ddfcf9d00_0 .net "cin", 0 0, L_0000014ddfd96390;  1 drivers
v0000014ddfcf9da0_0 .net "cout", 0 0, L_0000014ddfdffc30;  1 drivers
v0000014ddfcf8e00_0 .net "sum", 0 0, L_0000014ddfdff4c0;  1 drivers
S_0000014ddfd00af0 .scope generate, "fa_gen[12]" "fa_gen[12]" 7 16, 7 16 0, S_0000014ddfceedf0;
 .timescale 0 0;
P_0000014ddfc51d40 .param/l "i" 0 7 16, +C4<01100>;
S_0000014ddfd00fa0 .scope module, "fa" "full_adder" 7 17, 7 31 0, S_0000014ddfd00af0;
 .timescale 0 0;
    .port_info 0 /INPUT 1 "a";
    .port_info 1 /INPUT 1 "b";
    .port_info 2 /INPUT 1 "cin";
    .port_info 3 /OUTPUT 1 "sum";
    .port_info 4 /OUTPUT 1 "cout";
L_0000014ddfdff140 .functor XOR 1, L_0000014ddfd97a10, L_0000014ddfd96750, C4<0>, C4<0>;
L_0000014ddfdfe730 .functor XOR 1, L_0000014ddfdff140, L_0000014ddfd96610, C4<0>, C4<0>;
L_0000014ddfdffbc0 .functor AND 1, L_0000014ddfd97a10, L_0000014ddfd96750, C4<1>, C4<1>;
L_0000014ddfdfff40 .functor XOR 1, L_0000014ddfd97a10, L_0000014ddfd96750, C4<0>, C4<0>;
L_0000014ddfdffca0 .functor AND 1, L_0000014ddfd96610, L_0000014ddfdfff40, C4<1>, C4<1>;
L_0000014ddfdfe6c0 .functor OR 1, L_0000014ddfdffbc0, L_0000014ddfdffca0, C4<0>, C4<0>;
v0000014ddfcf8ae0_0 .net *"_ivl_0", 0 0, L_0000014ddfdff140;  1 drivers
v0000014ddfcf9f80_0 .net *"_ivl_4", 0 0, L_0000014ddfdffbc0;  1 drivers
v0000014ddfcfa020_0 .net *"_ivl_6", 0 0, L_0000014ddfdfff40;  1 drivers
v0000014ddfcf8b80_0 .net *"_ivl_8", 0 0, L_0000014ddfdffca0;  1 drivers
v0000014ddfcf7b40_0 .net "a", 0 0, L_0000014ddfd97a10;  1 drivers
v0000014ddfcf8720_0 .net "b", 0 0, L_0000014ddfd96750;  1 drivers
v0000014ddfcf7d20_0 .net "cin", 0 0, L_0000014ddfd96610;  1 drivers
v0000014ddfcf87c0_0 .net "cout", 0 0, L_0000014ddfdfe6c0;  1 drivers
v0000014ddfcf8860_0 .net "sum", 0 0, L_0000014ddfdfe730;  1 drivers
S_0000014ddfd01130 .scope generate, "fa_gen[13]" "fa_gen[13]" 7 16, 7 16 0, S_0000014ddfceedf0;
 .timescale 0 0;
P_0000014ddfc51500 .param/l "i" 0 7 16, +C4<01101>;
S_0000014ddfd02c90 .scope module, "fa" "full_adder" 7 17, 7 31 0, S_0000014ddfd01130;
 .timescale 0 0;
    .port_info 0 /INPUT 1 "a";
    .port_info 1 /INPUT 1 "b";
    .port_info 2 /INPUT 1 "cin";
    .port_info 3 /OUTPUT 1 "sum";
    .port_info 4 /OUTPUT 1 "cout";
L_0000014ddfdff290 .functor XOR 1, L_0000014ddfd97f10, L_0000014ddfd964d0, C4<0>, C4<0>;
L_0000014ddfdff6f0 .functor XOR 1, L_0000014ddfdff290, L_0000014ddfd96890, C4<0>, C4<0>;
L_0000014ddfdff760 .functor AND 1, L_0000014ddfd97f10, L_0000014ddfd964d0, C4<1>, C4<1>;
L_0000014ddfdfeea0 .functor XOR 1, L_0000014ddfd97f10, L_0000014ddfd964d0, C4<0>, C4<0>;
L_0000014ddfdff450 .functor AND 1, L_0000014ddfd96890, L_0000014ddfdfeea0, C4<1>, C4<1>;
L_0000014ddfdffe60 .functor OR 1, L_0000014ddfdff760, L_0000014ddfdff450, C4<0>, C4<0>;
v0000014ddfcf8900_0 .net *"_ivl_0", 0 0, L_0000014ddfdff290;  1 drivers
v0000014ddfcf9440_0 .net *"_ivl_4", 0 0, L_0000014ddfdff760;  1 drivers
v0000014ddfcfa160_0 .net *"_ivl_6", 0 0, L_0000014ddfdfeea0;  1 drivers
v0000014ddfcf96c0_0 .net *"_ivl_8", 0 0, L_0000014ddfdff450;  1 drivers
v0000014ddfcf9120_0 .net "a", 0 0, L_0000014ddfd97f10;  1 drivers
v0000014ddfcf89a0_0 .net "b", 0 0, L_0000014ddfd964d0;  1 drivers
v0000014ddfcfa200_0 .net "cin", 0 0, L_0000014ddfd96890;  1 drivers
v0000014ddfcf7be0_0 .net "cout", 0 0, L_0000014ddfdffe60;  1 drivers
v0000014ddfcf7c80_0 .net "sum", 0 0, L_0000014ddfdff6f0;  1 drivers
S_0000014ddfd032d0 .scope generate, "fa_gen[14]" "fa_gen[14]" 7 16, 7 16 0, S_0000014ddfceedf0;
 .timescale 0 0;
P_0000014ddfc51100 .param/l "i" 0 7 16, +C4<01110>;
S_0000014ddfd02b00 .scope module, "fa" "full_adder" 7 17, 7 31 0, S_0000014ddfd032d0;
 .timescale 0 0;
    .port_info 0 /INPUT 1 "a";
    .port_info 1 /INPUT 1 "b";
    .port_info 2 /INPUT 1 "cin";
    .port_info 3 /OUTPUT 1 "sum";
    .port_info 4 /OUTPUT 1 "cout";
L_0000014ddfdfe7a0 .functor XOR 1, L_0000014ddfd973d0, L_0000014ddfd97010, C4<0>, C4<0>;
L_0000014ddfdfe570 .functor XOR 1, L_0000014ddfdfe7a0, L_0000014ddfd96110, C4<0>, C4<0>;
L_0000014ddfdff990 .functor AND 1, L_0000014ddfd973d0, L_0000014ddfd97010, C4<1>, C4<1>;
L_0000014ddfdfeab0 .functor XOR 1, L_0000014ddfd973d0, L_0000014ddfd97010, C4<0>, C4<0>;
L_0000014ddfdffd10 .functor AND 1, L_0000014ddfd96110, L_0000014ddfdfeab0, C4<1>, C4<1>;
L_0000014ddfdff610 .functor OR 1, L_0000014ddfdff990, L_0000014ddfdffd10, C4<0>, C4<0>;
v0000014ddfcf8a40_0 .net *"_ivl_0", 0 0, L_0000014ddfdfe7a0;  1 drivers
v0000014ddfcf8c20_0 .net *"_ivl_4", 0 0, L_0000014ddfdff990;  1 drivers
v0000014ddfcf8d60_0 .net *"_ivl_6", 0 0, L_0000014ddfdfeab0;  1 drivers
v0000014ddfcf8ea0_0 .net *"_ivl_8", 0 0, L_0000014ddfdffd10;  1 drivers
v0000014ddfcf9080_0 .net "a", 0 0, L_0000014ddfd973d0;  1 drivers
v0000014ddfcf91c0_0 .net "b", 0 0, L_0000014ddfd97010;  1 drivers
v0000014ddfcf8f40_0 .net "cin", 0 0, L_0000014ddfd96110;  1 drivers
v0000014ddfcfbce0_0 .net "cout", 0 0, L_0000014ddfdff610;  1 drivers
v0000014ddfcfc640_0 .net "sum", 0 0, L_0000014ddfdfe570;  1 drivers
S_0000014ddfd02e20 .scope generate, "fa_gen[15]" "fa_gen[15]" 7 16, 7 16 0, S_0000014ddfceedf0;
 .timescale 0 0;
P_0000014ddfc51dc0 .param/l "i" 0 7 16, +C4<01111>;
S_0000014ddfd024c0 .scope module, "fa" "full_adder" 7 17, 7 31 0, S_0000014ddfd02e20;
 .timescale 0 0;
    .port_info 0 /INPUT 1 "a";
    .port_info 1 /INPUT 1 "b";
    .port_info 2 /INPUT 1 "cin";
    .port_info 3 /OUTPUT 1 "sum";
    .port_info 4 /OUTPUT 1 "cout";
L_0000014ddfdff220 .functor XOR 1, L_0000014ddfd98870, L_0000014ddfd96f70, C4<0>, C4<0>;
L_0000014ddfdff7d0 .functor XOR 1, L_0000014ddfdff220, L_0000014ddfd98690, C4<0>, C4<0>;
L_0000014ddfdfe5e0 .functor AND 1, L_0000014ddfd98870, L_0000014ddfd96f70, C4<1>, C4<1>;
L_0000014ddfdfe880 .functor XOR 1, L_0000014ddfd98870, L_0000014ddfd96f70, C4<0>, C4<0>;
L_0000014ddfdfec70 .functor AND 1, L_0000014ddfd98690, L_0000014ddfdfe880, C4<1>, C4<1>;
L_0000014ddfdff840 .functor OR 1, L_0000014ddfdfe5e0, L_0000014ddfdfec70, C4<0>, C4<0>;
v0000014ddfcfab60_0 .net *"_ivl_0", 0 0, L_0000014ddfdff220;  1 drivers
v0000014ddfcfae80_0 .net *"_ivl_4", 0 0, L_0000014ddfdfe5e0;  1 drivers
v0000014ddfcfa520_0 .net *"_ivl_6", 0 0, L_0000014ddfdfe880;  1 drivers
v0000014ddfcfa660_0 .net *"_ivl_8", 0 0, L_0000014ddfdfec70;  1 drivers
v0000014ddfcfa7a0_0 .net "a", 0 0, L_0000014ddfd98870;  1 drivers
v0000014ddfcfc780_0 .net "b", 0 0, L_0000014ddfd96f70;  1 drivers
v0000014ddfcfc140_0 .net "cin", 0 0, L_0000014ddfd98690;  1 drivers
v0000014ddfcfc820_0 .net "cout", 0 0, L_0000014ddfdff840;  1 drivers
v0000014ddfcfc000_0 .net "sum", 0 0, L_0000014ddfdff7d0;  1 drivers
S_0000014ddfd03f50 .scope generate, "fa_gen[16]" "fa_gen[16]" 7 16, 7 16 0, S_0000014ddfceedf0;
 .timescale 0 0;
P_0000014ddfc51980 .param/l "i" 0 7 16, +C4<010000>;
S_0000014ddfd035f0 .scope module, "fa" "full_adder" 7 17, 7 31 0, S_0000014ddfd03f50;
 .timescale 0 0;
    .port_info 0 /INPUT 1 "a";
    .port_info 1 /INPUT 1 "b";
    .port_info 2 /INPUT 1 "cin";
    .port_info 3 /OUTPUT 1 "sum";
    .port_info 4 /OUTPUT 1 "cout";
L_0000014ddfdff300 .functor XOR 1, L_0000014ddfd982d0, L_0000014ddfd97d30, C4<0>, C4<0>;
L_0000014ddfe00020 .functor XOR 1, L_0000014ddfdff300, L_0000014ddfd96b10, C4<0>, C4<0>;
L_0000014ddfdfffb0 .functor AND 1, L_0000014ddfd982d0, L_0000014ddfd97d30, C4<1>, C4<1>;
L_0000014ddfdff920 .functor XOR 1, L_0000014ddfd982d0, L_0000014ddfd97d30, C4<0>, C4<0>;
L_0000014ddfdffdf0 .functor AND 1, L_0000014ddfd96b10, L_0000014ddfdff920, C4<1>, C4<1>;
L_0000014ddfdff8b0 .functor OR 1, L_0000014ddfdfffb0, L_0000014ddfdffdf0, C4<0>, C4<0>;
v0000014ddfcfa840_0 .net *"_ivl_0", 0 0, L_0000014ddfdff300;  1 drivers
v0000014ddfcfbe20_0 .net *"_ivl_4", 0 0, L_0000014ddfdfffb0;  1 drivers
v0000014ddfcfaac0_0 .net *"_ivl_6", 0 0, L_0000014ddfdff920;  1 drivers
v0000014ddfcfac00_0 .net *"_ivl_8", 0 0, L_0000014ddfdffdf0;  1 drivers
v0000014ddfcfc5a0_0 .net "a", 0 0, L_0000014ddfd982d0;  1 drivers
v0000014ddfcfa700_0 .net "b", 0 0, L_0000014ddfd97d30;  1 drivers
v0000014ddfcfbec0_0 .net "cin", 0 0, L_0000014ddfd96b10;  1 drivers
v0000014ddfcfb600_0 .net "cout", 0 0, L_0000014ddfdff8b0;  1 drivers
v0000014ddfcfaf20_0 .net "sum", 0 0, L_0000014ddfe00020;  1 drivers
S_0000014ddfd03780 .scope generate, "fa_gen[17]" "fa_gen[17]" 7 16, 7 16 0, S_0000014ddfceedf0;
 .timescale 0 0;
P_0000014ddfc51600 .param/l "i" 0 7 16, +C4<010001>;
S_0000014ddfd03910 .scope module, "fa" "full_adder" 7 17, 7 31 0, S_0000014ddfd03780;
 .timescale 0 0;
    .port_info 0 /INPUT 1 "a";
    .port_info 1 /INPUT 1 "b";
    .port_info 2 /INPUT 1 "cin";
    .port_info 3 /OUTPUT 1 "sum";
    .port_info 4 /OUTPUT 1 "cout";
L_0000014ddfdfee30 .functor XOR 1, L_0000014ddfd97790, L_0000014ddfd96bb0, C4<0>, C4<0>;
L_0000014ddfdfeb20 .functor XOR 1, L_0000014ddfdfee30, L_0000014ddfd96c50, C4<0>, C4<0>;
L_0000014ddfdfe8f0 .functor AND 1, L_0000014ddfd97790, L_0000014ddfd96bb0, C4<1>, C4<1>;
L_0000014ddfdfe960 .functor XOR 1, L_0000014ddfd97790, L_0000014ddfd96bb0, C4<0>, C4<0>;
L_0000014ddfdff1b0 .functor AND 1, L_0000014ddfd96c50, L_0000014ddfdfe960, C4<1>, C4<1>;
L_0000014ddfdfef80 .functor OR 1, L_0000014ddfdfe8f0, L_0000014ddfdff1b0, C4<0>, C4<0>;
v0000014ddfcfb920_0 .net *"_ivl_0", 0 0, L_0000014ddfdfee30;  1 drivers
v0000014ddfcfc0a0_0 .net *"_ivl_4", 0 0, L_0000014ddfdfe8f0;  1 drivers
v0000014ddfcfb6a0_0 .net *"_ivl_6", 0 0, L_0000014ddfdfe960;  1 drivers
v0000014ddfcfaca0_0 .net *"_ivl_8", 0 0, L_0000014ddfdff1b0;  1 drivers
v0000014ddfcfcaa0_0 .net "a", 0 0, L_0000014ddfd97790;  1 drivers
v0000014ddfcfb1a0_0 .net "b", 0 0, L_0000014ddfd96bb0;  1 drivers
v0000014ddfcfbba0_0 .net "cin", 0 0, L_0000014ddfd96c50;  1 drivers
v0000014ddfcfa5c0_0 .net "cout", 0 0, L_0000014ddfdfef80;  1 drivers
v0000014ddfcfc6e0_0 .net "sum", 0 0, L_0000014ddfdfeb20;  1 drivers
S_0000014ddfd040e0 .scope generate, "fa_gen[18]" "fa_gen[18]" 7 16, 7 16 0, S_0000014ddfceedf0;
 .timescale 0 0;
P_0000014ddfc51740 .param/l "i" 0 7 16, +C4<010010>;
S_0000014ddfd02fb0 .scope module, "fa" "full_adder" 7 17, 7 31 0, S_0000014ddfd040e0;
 .timescale 0 0;
    .port_info 0 /INPUT 1 "a";
    .port_info 1 /INPUT 1 "b";
    .port_info 2 /INPUT 1 "cin";
    .port_info 3 /OUTPUT 1 "sum";
    .port_info 4 /OUTPUT 1 "cout";
L_0000014ddfe00090 .functor XOR 1, L_0000014ddfd97470, L_0000014ddfd978d0, C4<0>, C4<0>;
L_0000014ddfdfeb90 .functor XOR 1, L_0000014ddfe00090, L_0000014ddfd96cf0, C4<0>, C4<0>;
L_0000014ddfdfec00 .functor AND 1, L_0000014ddfd97470, L_0000014ddfd978d0, C4<1>, C4<1>;
L_0000014ddfdfed50 .functor XOR 1, L_0000014ddfd97470, L_0000014ddfd978d0, C4<0>, C4<0>;
L_0000014ddfdfedc0 .functor AND 1, L_0000014ddfd96cf0, L_0000014ddfdfed50, C4<1>, C4<1>;
L_0000014ddfdffa00 .functor OR 1, L_0000014ddfdfec00, L_0000014ddfdfedc0, C4<0>, C4<0>;
v0000014ddfcfa8e0_0 .net *"_ivl_0", 0 0, L_0000014ddfe00090;  1 drivers
v0000014ddfcfa980_0 .net *"_ivl_4", 0 0, L_0000014ddfdfec00;  1 drivers
v0000014ddfcfade0_0 .net *"_ivl_6", 0 0, L_0000014ddfdfed50;  1 drivers
v0000014ddfcfaa20_0 .net *"_ivl_8", 0 0, L_0000014ddfdfedc0;  1 drivers
v0000014ddfcfb560_0 .net "a", 0 0, L_0000014ddfd97470;  1 drivers
v0000014ddfcfc500_0 .net "b", 0 0, L_0000014ddfd978d0;  1 drivers
v0000014ddfcfad40_0 .net "cin", 0 0, L_0000014ddfd96cf0;  1 drivers
v0000014ddfcfb4c0_0 .net "cout", 0 0, L_0000014ddfdffa00;  1 drivers
v0000014ddfcfb740_0 .net "sum", 0 0, L_0000014ddfdfeb90;  1 drivers
S_0000014ddfd03aa0 .scope generate, "fa_gen[19]" "fa_gen[19]" 7 16, 7 16 0, S_0000014ddfceedf0;
 .timescale 0 0;
P_0000014ddfc51e00 .param/l "i" 0 7 16, +C4<010011>;
S_0000014ddfd03c30 .scope module, "fa" "full_adder" 7 17, 7 31 0, S_0000014ddfd03aa0;
 .timescale 0 0;
    .port_info 0 /INPUT 1 "a";
    .port_info 1 /INPUT 1 "b";
    .port_info 2 /INPUT 1 "cin";
    .port_info 3 /OUTPUT 1 "sum";
    .port_info 4 /OUTPUT 1 "cout";
L_0000014ddfdfef10 .functor XOR 1, L_0000014ddfd96250, L_0000014ddfd96930, C4<0>, C4<0>;
L_0000014ddfdfeff0 .functor XOR 1, L_0000014ddfdfef10, L_0000014ddfd976f0, C4<0>, C4<0>;
L_0000014ddfdff060 .functor AND 1, L_0000014ddfd96250, L_0000014ddfd96930, C4<1>, C4<1>;
L_0000014ddfdff0d0 .functor XOR 1, L_0000014ddfd96250, L_0000014ddfd96930, C4<0>, C4<0>;
L_0000014ddfdff370 .functor AND 1, L_0000014ddfd976f0, L_0000014ddfdff0d0, C4<1>, C4<1>;
L_0000014ddfdffa70 .functor OR 1, L_0000014ddfdff060, L_0000014ddfdff370, C4<0>, C4<0>;
v0000014ddfcfc1e0_0 .net *"_ivl_0", 0 0, L_0000014ddfdfef10;  1 drivers
v0000014ddfcfc3c0_0 .net *"_ivl_4", 0 0, L_0000014ddfdff060;  1 drivers
v0000014ddfcfc460_0 .net *"_ivl_6", 0 0, L_0000014ddfdff0d0;  1 drivers
v0000014ddfcfbd80_0 .net *"_ivl_8", 0 0, L_0000014ddfdff370;  1 drivers
v0000014ddfcfafc0_0 .net "a", 0 0, L_0000014ddfd96250;  1 drivers
v0000014ddfcfb060_0 .net "b", 0 0, L_0000014ddfd96930;  1 drivers
v0000014ddfcfc280_0 .net "cin", 0 0, L_0000014ddfd976f0;  1 drivers
v0000014ddfcfa340_0 .net "cout", 0 0, L_0000014ddfdffa70;  1 drivers
v0000014ddfcfb9c0_0 .net "sum", 0 0, L_0000014ddfdfeff0;  1 drivers
S_0000014ddfd03dc0 .scope generate, "fa_gen[20]" "fa_gen[20]" 7 16, 7 16 0, S_0000014ddfceedf0;
 .timescale 0 0;
P_0000014ddfc51440 .param/l "i" 0 7 16, +C4<010100>;
S_0000014ddfd02330 .scope module, "fa" "full_adder" 7 17, 7 31 0, S_0000014ddfd03dc0;
 .timescale 0 0;
    .port_info 0 /INPUT 1 "a";
    .port_info 1 /INPUT 1 "b";
    .port_info 2 /INPUT 1 "cin";
    .port_info 3 /OUTPUT 1 "sum";
    .port_info 4 /OUTPUT 1 "cout";
L_0000014ddfdffed0 .functor XOR 1, L_0000014ddfd98410, L_0000014ddfd966b0, C4<0>, C4<0>;
L_0000014ddfdff3e0 .functor XOR 1, L_0000014ddfdffed0, L_0000014ddfd969d0, C4<0>, C4<0>;
L_0000014ddfdff530 .functor AND 1, L_0000014ddfd98410, L_0000014ddfd966b0, C4<1>, C4<1>;
L_0000014ddfdffae0 .functor XOR 1, L_0000014ddfd98410, L_0000014ddfd966b0, C4<0>, C4<0>;
L_0000014ddfdff5a0 .functor AND 1, L_0000014ddfd969d0, L_0000014ddfdffae0, C4<1>, C4<1>;
L_0000014ddfdffb50 .functor OR 1, L_0000014ddfdff530, L_0000014ddfdff5a0, C4<0>, C4<0>;
v0000014ddfcfbc40_0 .net *"_ivl_0", 0 0, L_0000014ddfdffed0;  1 drivers
v0000014ddfcfb420_0 .net *"_ivl_4", 0 0, L_0000014ddfdff530;  1 drivers
v0000014ddfcfb2e0_0 .net *"_ivl_6", 0 0, L_0000014ddfdffae0;  1 drivers
v0000014ddfcfc8c0_0 .net *"_ivl_8", 0 0, L_0000014ddfdff5a0;  1 drivers
v0000014ddfcfb240_0 .net "a", 0 0, L_0000014ddfd98410;  1 drivers
v0000014ddfcfb380_0 .net "b", 0 0, L_0000014ddfd966b0;  1 drivers
v0000014ddfcfb7e0_0 .net "cin", 0 0, L_0000014ddfd969d0;  1 drivers
v0000014ddfcfa3e0_0 .net "cout", 0 0, L_0000014ddfdffb50;  1 drivers
v0000014ddfcfb100_0 .net "sum", 0 0, L_0000014ddfdff3e0;  1 drivers
S_0000014ddfd02650 .scope generate, "fa_gen[21]" "fa_gen[21]" 7 16, 7 16 0, S_0000014ddfceedf0;
 .timescale 0 0;
P_0000014ddfc51280 .param/l "i" 0 7 16, +C4<010101>;
S_0000014ddfd027e0 .scope module, "fa" "full_adder" 7 17, 7 31 0, S_0000014ddfd02650;
 .timescale 0 0;
    .port_info 0 /INPUT 1 "a";
    .port_info 1 /INPUT 1 "b";
    .port_info 2 /INPUT 1 "cin";
    .port_info 3 /OUTPUT 1 "sum";
    .port_info 4 /OUTPUT 1 "cout";
L_0000014ddfe0b380 .functor XOR 1, L_0000014ddfd97290, L_0000014ddfd96a70, C4<0>, C4<0>;
L_0000014ddfe09cc0 .functor XOR 1, L_0000014ddfe0b380, L_0000014ddfd96e30, C4<0>, C4<0>;
L_0000014ddfe09d30 .functor AND 1, L_0000014ddfd97290, L_0000014ddfd96a70, C4<1>, C4<1>;
L_0000014ddfe0a350 .functor XOR 1, L_0000014ddfd97290, L_0000014ddfd96a70, C4<0>, C4<0>;
L_0000014ddfe0a510 .functor AND 1, L_0000014ddfd96e30, L_0000014ddfe0a350, C4<1>, C4<1>;
L_0000014ddfe0a580 .functor OR 1, L_0000014ddfe09d30, L_0000014ddfe0a510, C4<0>, C4<0>;
v0000014ddfcfbf60_0 .net *"_ivl_0", 0 0, L_0000014ddfe0b380;  1 drivers
v0000014ddfcfb880_0 .net *"_ivl_4", 0 0, L_0000014ddfe09d30;  1 drivers
v0000014ddfcfc960_0 .net *"_ivl_6", 0 0, L_0000014ddfe0a350;  1 drivers
v0000014ddfcfca00_0 .net *"_ivl_8", 0 0, L_0000014ddfe0a510;  1 drivers
v0000014ddfcfba60_0 .net "a", 0 0, L_0000014ddfd97290;  1 drivers
v0000014ddfcfc320_0 .net "b", 0 0, L_0000014ddfd96a70;  1 drivers
v0000014ddfcfa480_0 .net "cin", 0 0, L_0000014ddfd96e30;  1 drivers
v0000014ddfcfbb00_0 .net "cout", 0 0, L_0000014ddfe0a580;  1 drivers
v0000014ddfcfe120_0 .net "sum", 0 0, L_0000014ddfe09cc0;  1 drivers
S_0000014ddfd02970 .scope generate, "fa_gen[22]" "fa_gen[22]" 7 16, 7 16 0, S_0000014ddfceedf0;
 .timescale 0 0;
P_0000014ddfc514c0 .param/l "i" 0 7 16, +C4<010110>;
S_0000014ddfd03140 .scope module, "fa" "full_adder" 7 17, 7 31 0, S_0000014ddfd02970;
 .timescale 0 0;
    .port_info 0 /INPUT 1 "a";
    .port_info 1 /INPUT 1 "b";
    .port_info 2 /INPUT 1 "cin";
    .port_info 3 /OUTPUT 1 "sum";
    .port_info 4 /OUTPUT 1 "cout";
L_0000014ddfe0b460 .functor XOR 1, L_0000014ddfd97510, L_0000014ddfd975b0, C4<0>, C4<0>;
L_0000014ddfe0a3c0 .functor XOR 1, L_0000014ddfe0b460, L_0000014ddfd97970, C4<0>, C4<0>;
L_0000014ddfe0b700 .functor AND 1, L_0000014ddfd97510, L_0000014ddfd975b0, C4<1>, C4<1>;
L_0000014ddfe0a430 .functor XOR 1, L_0000014ddfd97510, L_0000014ddfd975b0, C4<0>, C4<0>;
L_0000014ddfe0ad60 .functor AND 1, L_0000014ddfd97970, L_0000014ddfe0a430, C4<1>, C4<1>;
L_0000014ddfe09e80 .functor OR 1, L_0000014ddfe0b700, L_0000014ddfe0ad60, C4<0>, C4<0>;
v0000014ddfcfed00_0 .net *"_ivl_0", 0 0, L_0000014ddfe0b460;  1 drivers
v0000014ddfcfd720_0 .net *"_ivl_4", 0 0, L_0000014ddfe0b700;  1 drivers
v0000014ddfcfeb20_0 .net *"_ivl_6", 0 0, L_0000014ddfe0a430;  1 drivers
v0000014ddfcff0c0_0 .net *"_ivl_8", 0 0, L_0000014ddfe0ad60;  1 drivers
v0000014ddfcfd4a0_0 .net "a", 0 0, L_0000014ddfd97510;  1 drivers
v0000014ddfcfe760_0 .net "b", 0 0, L_0000014ddfd975b0;  1 drivers
v0000014ddfcfdea0_0 .net "cin", 0 0, L_0000014ddfd97970;  1 drivers
v0000014ddfcfce60_0 .net "cout", 0 0, L_0000014ddfe09e80;  1 drivers
v0000014ddfcfe080_0 .net "sum", 0 0, L_0000014ddfe0a3c0;  1 drivers
S_0000014ddfd03460 .scope generate, "fa_gen[23]" "fa_gen[23]" 7 16, 7 16 0, S_0000014ddfceedf0;
 .timescale 0 0;
P_0000014ddfc51140 .param/l "i" 0 7 16, +C4<010111>;
S_0000014ddfd0dc50 .scope module, "fa" "full_adder" 7 17, 7 31 0, S_0000014ddfd03460;
 .timescale 0 0;
    .port_info 0 /INPUT 1 "a";
    .port_info 1 /INPUT 1 "b";
    .port_info 2 /INPUT 1 "cin";
    .port_info 3 /OUTPUT 1 "sum";
    .port_info 4 /OUTPUT 1 "cout";
L_0000014ddfe0a120 .functor XOR 1, L_0000014ddfd97c90, L_0000014ddfd97fb0, C4<0>, C4<0>;
L_0000014ddfe0b770 .functor XOR 1, L_0000014ddfe0a120, L_0000014ddfd96d90, C4<0>, C4<0>;
L_0000014ddfe0a190 .functor AND 1, L_0000014ddfd97c90, L_0000014ddfd97fb0, C4<1>, C4<1>;
L_0000014ddfe0ab30 .functor XOR 1, L_0000014ddfd97c90, L_0000014ddfd97fb0, C4<0>, C4<0>;
L_0000014ddfe0a200 .functor AND 1, L_0000014ddfd96d90, L_0000014ddfe0ab30, C4<1>, C4<1>;
L_0000014ddfe0a4a0 .functor OR 1, L_0000014ddfe0a190, L_0000014ddfe0a200, C4<0>, C4<0>;
v0000014ddfcfd900_0 .net *"_ivl_0", 0 0, L_0000014ddfe0a120;  1 drivers
v0000014ddfcfe1c0_0 .net *"_ivl_4", 0 0, L_0000014ddfe0a190;  1 drivers
v0000014ddfcfd360_0 .net *"_ivl_6", 0 0, L_0000014ddfe0ab30;  1 drivers
v0000014ddfcfd680_0 .net *"_ivl_8", 0 0, L_0000014ddfe0a200;  1 drivers
v0000014ddfcfeee0_0 .net "a", 0 0, L_0000014ddfd97c90;  1 drivers
v0000014ddfcfebc0_0 .net "b", 0 0, L_0000014ddfd97fb0;  1 drivers
v0000014ddfcfcf00_0 .net "cin", 0 0, L_0000014ddfd96d90;  1 drivers
v0000014ddfcfd040_0 .net "cout", 0 0, L_0000014ddfe0a4a0;  1 drivers
v0000014ddfcfec60_0 .net "sum", 0 0, L_0000014ddfe0b770;  1 drivers
S_0000014ddfd0dac0 .scope generate, "fa_gen[24]" "fa_gen[24]" 7 16, 7 16 0, S_0000014ddfceedf0;
 .timescale 0 0;
P_0000014ddfc51840 .param/l "i" 0 7 16, +C4<011000>;
S_0000014ddfd0d610 .scope module, "fa" "full_adder" 7 17, 7 31 0, S_0000014ddfd0dac0;
 .timescale 0 0;
    .port_info 0 /INPUT 1 "a";
    .port_info 1 /INPUT 1 "b";
    .port_info 2 /INPUT 1 "cin";
    .port_info 3 /OUTPUT 1 "sum";
    .port_info 4 /OUTPUT 1 "cout";
L_0000014ddfe09be0 .functor XOR 1, L_0000014ddfd984b0, L_0000014ddfd97650, C4<0>, C4<0>;
L_0000014ddfe0b1c0 .functor XOR 1, L_0000014ddfe09be0, L_0000014ddfd970b0, C4<0>, C4<0>;
L_0000014ddfe0b230 .functor AND 1, L_0000014ddfd984b0, L_0000014ddfd97650, C4<1>, C4<1>;
L_0000014ddfe0a900 .functor XOR 1, L_0000014ddfd984b0, L_0000014ddfd97650, C4<0>, C4<0>;
L_0000014ddfe0a270 .functor AND 1, L_0000014ddfd970b0, L_0000014ddfe0a900, C4<1>, C4<1>;
L_0000014ddfe0a5f0 .functor OR 1, L_0000014ddfe0b230, L_0000014ddfe0a270, C4<0>, C4<0>;
v0000014ddfcfdf40_0 .net *"_ivl_0", 0 0, L_0000014ddfe09be0;  1 drivers
v0000014ddfcfe3a0_0 .net *"_ivl_4", 0 0, L_0000014ddfe0b230;  1 drivers
v0000014ddfcfd0e0_0 .net *"_ivl_6", 0 0, L_0000014ddfe0a900;  1 drivers
v0000014ddfcfe440_0 .net *"_ivl_8", 0 0, L_0000014ddfe0a270;  1 drivers
v0000014ddfcfe800_0 .net "a", 0 0, L_0000014ddfd984b0;  1 drivers
v0000014ddfcfd9a0_0 .net "b", 0 0, L_0000014ddfd97650;  1 drivers
v0000014ddfcff200_0 .net "cin", 0 0, L_0000014ddfd970b0;  1 drivers
v0000014ddfcfeda0_0 .net "cout", 0 0, L_0000014ddfe0a5f0;  1 drivers
v0000014ddfcfee40_0 .net "sum", 0 0, L_0000014ddfe0b1c0;  1 drivers
S_0000014ddfd0cb20 .scope generate, "fa_gen[25]" "fa_gen[25]" 7 16, 7 16 0, S_0000014ddfceedf0;
 .timescale 0 0;
P_0000014ddfc51180 .param/l "i" 0 7 16, +C4<011001>;
S_0000014ddfd0dde0 .scope module, "fa" "full_adder" 7 17, 7 31 0, S_0000014ddfd0cb20;
 .timescale 0 0;
    .port_info 0 /INPUT 1 "a";
    .port_info 1 /INPUT 1 "b";
    .port_info 2 /INPUT 1 "cin";
    .port_info 3 /OUTPUT 1 "sum";
    .port_info 4 /OUTPUT 1 "cout";
L_0000014ddfe0a6d0 .functor XOR 1, L_0000014ddfd98550, L_0000014ddfd96ed0, C4<0>, C4<0>;
L_0000014ddfe09ef0 .functor XOR 1, L_0000014ddfe0a6d0, L_0000014ddfd97150, C4<0>, C4<0>;
L_0000014ddfe0a740 .functor AND 1, L_0000014ddfd98550, L_0000014ddfd96ed0, C4<1>, C4<1>;
L_0000014ddfe0a0b0 .functor XOR 1, L_0000014ddfd98550, L_0000014ddfd96ed0, C4<0>, C4<0>;
L_0000014ddfe09f60 .functor AND 1, L_0000014ddfd97150, L_0000014ddfe0a0b0, C4<1>, C4<1>;
L_0000014ddfe09fd0 .functor OR 1, L_0000014ddfe0a740, L_0000014ddfe09f60, C4<0>, C4<0>;
v0000014ddfcfdc20_0 .net *"_ivl_0", 0 0, L_0000014ddfe0a6d0;  1 drivers
v0000014ddfcfcfa0_0 .net *"_ivl_4", 0 0, L_0000014ddfe0a740;  1 drivers
v0000014ddfcfd540_0 .net *"_ivl_6", 0 0, L_0000014ddfe0a0b0;  1 drivers
v0000014ddfcfd180_0 .net *"_ivl_8", 0 0, L_0000014ddfe09f60;  1 drivers
v0000014ddfcfef80_0 .net "a", 0 0, L_0000014ddfd98550;  1 drivers
v0000014ddfcfe8a0_0 .net "b", 0 0, L_0000014ddfd96ed0;  1 drivers
v0000014ddfcfd5e0_0 .net "cin", 0 0, L_0000014ddfd97150;  1 drivers
v0000014ddfcff020_0 .net "cout", 0 0, L_0000014ddfe09fd0;  1 drivers
v0000014ddfcfd220_0 .net "sum", 0 0, L_0000014ddfe09ef0;  1 drivers
S_0000014ddfd0d930 .scope generate, "fa_gen[26]" "fa_gen[26]" 7 16, 7 16 0, S_0000014ddfceedf0;
 .timescale 0 0;
P_0000014ddfc51480 .param/l "i" 0 7 16, +C4<011010>;
S_0000014ddfd0c670 .scope module, "fa" "full_adder" 7 17, 7 31 0, S_0000014ddfd0d930;
 .timescale 0 0;
    .port_info 0 /INPUT 1 "a";
    .port_info 1 /INPUT 1 "b";
    .port_info 2 /INPUT 1 "cin";
    .port_info 3 /OUTPUT 1 "sum";
    .port_info 4 /OUTPUT 1 "cout";
L_0000014ddfe0a820 .functor XOR 1, L_0000014ddfd971f0, L_0000014ddfd97330, C4<0>, C4<0>;
L_0000014ddfe0b620 .functor XOR 1, L_0000014ddfe0a820, L_0000014ddfd987d0, C4<0>, C4<0>;
L_0000014ddfe0b2a0 .functor AND 1, L_0000014ddfd971f0, L_0000014ddfd97330, C4<1>, C4<1>;
L_0000014ddfe09da0 .functor XOR 1, L_0000014ddfd971f0, L_0000014ddfd97330, C4<0>, C4<0>;
L_0000014ddfe0aba0 .functor AND 1, L_0000014ddfd987d0, L_0000014ddfe09da0, C4<1>, C4<1>;
L_0000014ddfe09e10 .functor OR 1, L_0000014ddfe0b2a0, L_0000014ddfe0aba0, C4<0>, C4<0>;
v0000014ddfcfd2c0_0 .net *"_ivl_0", 0 0, L_0000014ddfe0a820;  1 drivers
v0000014ddfcfd7c0_0 .net *"_ivl_4", 0 0, L_0000014ddfe0b2a0;  1 drivers
v0000014ddfcfd860_0 .net *"_ivl_6", 0 0, L_0000014ddfe09da0;  1 drivers
v0000014ddfcff2a0_0 .net *"_ivl_8", 0 0, L_0000014ddfe0aba0;  1 drivers
v0000014ddfcfdfe0_0 .net "a", 0 0, L_0000014ddfd971f0;  1 drivers
v0000014ddfcfd400_0 .net "b", 0 0, L_0000014ddfd97330;  1 drivers
v0000014ddfcfcb40_0 .net "cin", 0 0, L_0000014ddfd987d0;  1 drivers
v0000014ddfcfda40_0 .net "cout", 0 0, L_0000014ddfe09e10;  1 drivers
v0000014ddfcfcbe0_0 .net "sum", 0 0, L_0000014ddfe0b620;  1 drivers
S_0000014ddfd0d160 .scope generate, "fa_gen[27]" "fa_gen[27]" 7 16, 7 16 0, S_0000014ddfceedf0;
 .timescale 0 0;
P_0000014ddfc51200 .param/l "i" 0 7 16, +C4<011011>;
S_0000014ddfd0df70 .scope module, "fa" "full_adder" 7 17, 7 31 0, S_0000014ddfd0d160;
 .timescale 0 0;
    .port_info 0 /INPUT 1 "a";
    .port_info 1 /INPUT 1 "b";
    .port_info 2 /INPUT 1 "cin";
    .port_info 3 /OUTPUT 1 "sum";
    .port_info 4 /OUTPUT 1 "cout";
L_0000014ddfe0a040 .functor XOR 1, L_0000014ddfd97830, L_0000014ddfd97ab0, C4<0>, C4<0>;
L_0000014ddfe0a2e0 .functor XOR 1, L_0000014ddfe0a040, L_0000014ddfd985f0, C4<0>, C4<0>;
L_0000014ddfe0a660 .functor AND 1, L_0000014ddfd97830, L_0000014ddfd97ab0, C4<1>, C4<1>;
L_0000014ddfe0af90 .functor XOR 1, L_0000014ddfd97830, L_0000014ddfd97ab0, C4<0>, C4<0>;
L_0000014ddfe09c50 .functor AND 1, L_0000014ddfd985f0, L_0000014ddfe0af90, C4<1>, C4<1>;
L_0000014ddfe0a7b0 .functor OR 1, L_0000014ddfe0a660, L_0000014ddfe09c50, C4<0>, C4<0>;
v0000014ddfcfdae0_0 .net *"_ivl_0", 0 0, L_0000014ddfe0a040;  1 drivers
v0000014ddfcfdb80_0 .net *"_ivl_4", 0 0, L_0000014ddfe0a660;  1 drivers
v0000014ddfcfcc80_0 .net *"_ivl_6", 0 0, L_0000014ddfe0af90;  1 drivers
v0000014ddfcfea80_0 .net *"_ivl_8", 0 0, L_0000014ddfe09c50;  1 drivers
v0000014ddfcfe260_0 .net "a", 0 0, L_0000014ddfd97830;  1 drivers
v0000014ddfcfde00_0 .net "b", 0 0, L_0000014ddfd97ab0;  1 drivers
v0000014ddfcfdcc0_0 .net "cin", 0 0, L_0000014ddfd985f0;  1 drivers
v0000014ddfcfdd60_0 .net "cout", 0 0, L_0000014ddfe0a7b0;  1 drivers
v0000014ddfcff160_0 .net "sum", 0 0, L_0000014ddfe0a2e0;  1 drivers
S_0000014ddfd0e100 .scope generate, "fa_gen[28]" "fa_gen[28]" 7 16, 7 16 0, S_0000014ddfceedf0;
 .timescale 0 0;
P_0000014ddfc51880 .param/l "i" 0 7 16, +C4<011100>;
S_0000014ddfd0c350 .scope module, "fa" "full_adder" 7 17, 7 31 0, S_0000014ddfd0e100;
 .timescale 0 0;
    .port_info 0 /INPUT 1 "a";
    .port_info 1 /INPUT 1 "b";
    .port_info 2 /INPUT 1 "cin";
    .port_info 3 /OUTPUT 1 "sum";
    .port_info 4 /OUTPUT 1 "cout";
L_0000014ddfe0aeb0 .functor XOR 1, L_0000014ddfd97b50, L_0000014ddfd97bf0, C4<0>, C4<0>;
L_0000014ddfe0a970 .functor XOR 1, L_0000014ddfe0aeb0, L_0000014ddfd97dd0, C4<0>, C4<0>;
L_0000014ddfe0a890 .functor AND 1, L_0000014ddfd97b50, L_0000014ddfd97bf0, C4<1>, C4<1>;
L_0000014ddfe0a9e0 .functor XOR 1, L_0000014ddfd97b50, L_0000014ddfd97bf0, C4<0>, C4<0>;
L_0000014ddfe0aa50 .functor AND 1, L_0000014ddfd97dd0, L_0000014ddfe0a9e0, C4<1>, C4<1>;
L_0000014ddfe0aac0 .functor OR 1, L_0000014ddfe0a890, L_0000014ddfe0aa50, C4<0>, C4<0>;
v0000014ddfcfe300_0 .net *"_ivl_0", 0 0, L_0000014ddfe0aeb0;  1 drivers
v0000014ddfcfe4e0_0 .net *"_ivl_4", 0 0, L_0000014ddfe0a890;  1 drivers
v0000014ddfcfcd20_0 .net *"_ivl_6", 0 0, L_0000014ddfe0a9e0;  1 drivers
v0000014ddfcfe580_0 .net *"_ivl_8", 0 0, L_0000014ddfe0aa50;  1 drivers
v0000014ddfcfe620_0 .net "a", 0 0, L_0000014ddfd97b50;  1 drivers
v0000014ddfcfe6c0_0 .net "b", 0 0, L_0000014ddfd97bf0;  1 drivers
v0000014ddfcfcdc0_0 .net "cin", 0 0, L_0000014ddfd97dd0;  1 drivers
v0000014ddfcfe940_0 .net "cout", 0 0, L_0000014ddfe0aac0;  1 drivers
v0000014ddfcfe9e0_0 .net "sum", 0 0, L_0000014ddfe0a970;  1 drivers
S_0000014ddfd0d2f0 .scope generate, "fa_gen[29]" "fa_gen[29]" 7 16, 7 16 0, S_0000014ddfceedf0;
 .timescale 0 0;
P_0000014ddfc51240 .param/l "i" 0 7 16, +C4<011101>;
S_0000014ddfd0c800 .scope module, "fa" "full_adder" 7 17, 7 31 0, S_0000014ddfd0d2f0;
 .timescale 0 0;
    .port_info 0 /INPUT 1 "a";
    .port_info 1 /INPUT 1 "b";
    .port_info 2 /INPUT 1 "cin";
    .port_info 3 /OUTPUT 1 "sum";
    .port_info 4 /OUTPUT 1 "cout";
L_0000014ddfe0add0 .functor XOR 1, L_0000014ddfd97e70, L_0000014ddfd98190, C4<0>, C4<0>;
L_0000014ddfe0ac10 .functor XOR 1, L_0000014ddfe0add0, L_0000014ddfd98230, C4<0>, C4<0>;
L_0000014ddfe0ac80 .functor AND 1, L_0000014ddfd97e70, L_0000014ddfd98190, C4<1>, C4<1>;
L_0000014ddfe0acf0 .functor XOR 1, L_0000014ddfd97e70, L_0000014ddfd98190, C4<0>, C4<0>;
L_0000014ddfe0ae40 .functor AND 1, L_0000014ddfd98230, L_0000014ddfe0acf0, C4<1>, C4<1>;
L_0000014ddfe0af20 .functor OR 1, L_0000014ddfe0ac80, L_0000014ddfe0ae40, C4<0>, C4<0>;
v0000014ddfcffca0_0 .net *"_ivl_0", 0 0, L_0000014ddfe0add0;  1 drivers
v0000014ddfcffe80_0 .net *"_ivl_4", 0 0, L_0000014ddfe0ac80;  1 drivers
v0000014ddfcffde0_0 .net *"_ivl_6", 0 0, L_0000014ddfe0acf0;  1 drivers
v0000014ddfcfffc0_0 .net *"_ivl_8", 0 0, L_0000014ddfe0ae40;  1 drivers
v0000014ddfcfff20_0 .net "a", 0 0, L_0000014ddfd97e70;  1 drivers
v0000014ddfd00060_0 .net "b", 0 0, L_0000014ddfd98190;  1 drivers
v0000014ddfcff340_0 .net "cin", 0 0, L_0000014ddfd98230;  1 drivers
v0000014ddfcff700_0 .net "cout", 0 0, L_0000014ddfe0af20;  1 drivers
v0000014ddfcffd40_0 .net "sum", 0 0, L_0000014ddfe0ac10;  1 drivers
S_0000014ddfd0c4e0 .scope generate, "fa_gen[30]" "fa_gen[30]" 7 16, 7 16 0, S_0000014ddfceedf0;
 .timescale 0 0;
P_0000014ddfc512c0 .param/l "i" 0 7 16, +C4<011110>;
S_0000014ddfd0c990 .scope module, "fa" "full_adder" 7 17, 7 31 0, S_0000014ddfd0c4e0;
 .timescale 0 0;
    .port_info 0 /INPUT 1 "a";
    .port_info 1 /INPUT 1 "b";
    .port_info 2 /INPUT 1 "cin";
    .port_info 3 /OUTPUT 1 "sum";
    .port_info 4 /OUTPUT 1 "cout";
L_0000014ddfe0b4d0 .functor XOR 1, L_0000014ddfd98c30, L_0000014ddfd9a210, C4<0>, C4<0>;
L_0000014ddfe0b000 .functor XOR 1, L_0000014ddfe0b4d0, L_0000014ddfd9a8f0, C4<0>, C4<0>;
L_0000014ddfe0b690 .functor AND 1, L_0000014ddfd98c30, L_0000014ddfd9a210, C4<1>, C4<1>;
L_0000014ddfe0b310 .functor XOR 1, L_0000014ddfd98c30, L_0000014ddfd9a210, C4<0>, C4<0>;
L_0000014ddfe0b070 .functor AND 1, L_0000014ddfd9a8f0, L_0000014ddfe0b310, C4<1>, C4<1>;
L_0000014ddfe0b0e0 .functor OR 1, L_0000014ddfe0b690, L_0000014ddfe0b070, C4<0>, C4<0>;
v0000014ddfcff5c0_0 .net *"_ivl_0", 0 0, L_0000014ddfe0b4d0;  1 drivers
v0000014ddfd00100_0 .net *"_ivl_4", 0 0, L_0000014ddfe0b690;  1 drivers
v0000014ddfcff480_0 .net *"_ivl_6", 0 0, L_0000014ddfe0b310;  1 drivers
v0000014ddfd001a0_0 .net *"_ivl_8", 0 0, L_0000014ddfe0b070;  1 drivers
v0000014ddfcff980_0 .net "a", 0 0, L_0000014ddfd98c30;  1 drivers
v0000014ddfcffa20_0 .net "b", 0 0, L_0000014ddfd9a210;  1 drivers
v0000014ddfcff3e0_0 .net "cin", 0 0, L_0000014ddfd9a8f0;  1 drivers
v0000014ddfcff520_0 .net "cout", 0 0, L_0000014ddfe0b0e0;  1 drivers
v0000014ddfcff660_0 .net "sum", 0 0, L_0000014ddfe0b000;  1 drivers
S_0000014ddfd0ccb0 .scope generate, "fa_gen[31]" "fa_gen[31]" 7 16, 7 16 0, S_0000014ddfceedf0;
 .timescale 0 0;
P_0000014ddfc51400 .param/l "i" 0 7 16, +C4<011111>;
S_0000014ddfd0cfd0 .scope module, "fa" "full_adder" 7 17, 7 31 0, S_0000014ddfd0ccb0;
 .timescale 0 0;
    .port_info 0 /INPUT 1 "a";
    .port_info 1 /INPUT 1 "b";
    .port_info 2 /INPUT 1 "cin";
    .port_info 3 /OUTPUT 1 "sum";
    .port_info 4 /OUTPUT 1 "cout";
L_0000014ddfe0b150 .functor XOR 1, L_0000014ddfd98a50, L_0000014ddfd99810, C4<0>, C4<0>;
L_0000014ddfe0b3f0 .functor XOR 1, L_0000014ddfe0b150, L_0000014ddfd998b0, C4<0>, C4<0>;
L_0000014ddfe0b540 .functor AND 1, L_0000014ddfd98a50, L_0000014ddfd99810, C4<1>, C4<1>;
L_0000014ddfe0b5b0 .functor XOR 1, L_0000014ddfd98a50, L_0000014ddfd99810, C4<0>, C4<0>;
L_0000014ddfe0cff0 .functor AND 1, L_0000014ddfd998b0, L_0000014ddfe0b5b0, C4<1>, C4<1>;
L_0000014ddfe0cf80 .functor OR 1, L_0000014ddfe0b540, L_0000014ddfe0cff0, C4<0>, C4<0>;
v0000014ddfcff7a0_0 .net *"_ivl_0", 0 0, L_0000014ddfe0b150;  1 drivers
v0000014ddfcff840_0 .net *"_ivl_4", 0 0, L_0000014ddfe0b540;  1 drivers
v0000014ddfcff8e0_0 .net *"_ivl_6", 0 0, L_0000014ddfe0b5b0;  1 drivers
v0000014ddfcffac0_0 .net *"_ivl_8", 0 0, L_0000014ddfe0cff0;  1 drivers
v0000014ddfcffb60_0 .net "a", 0 0, L_0000014ddfd98a50;  1 drivers
v0000014ddfcffc00_0 .net "b", 0 0, L_0000014ddfd99810;  1 drivers
v0000014ddfcf0a20_0 .net "cin", 0 0, L_0000014ddfd998b0;  1 drivers
v0000014ddfcf1ba0_0 .net "cout", 0 0, L_0000014ddfe0cf80;  1 drivers
v0000014ddfcf2640_0 .net "sum", 0 0, L_0000014ddfe0b3f0;  1 drivers
S_0000014ddfd0ce40 .scope module, "rca_neg" "ripple_carry_adder" 4 56, 7 3 0, S_0000014ddf96f150;
 .timescale 0 0;
    .port_info 0 /INPUT 32 "A";
    .port_info 1 /INPUT 32 "B";
    .port_info 2 /INPUT 1 "Cin";
    .port_info 3 /OUTPUT 32 "Sum";
    .port_info 4 /OUTPUT 1 "Cout";
L_0000014ddfda4d40 .functor BUFT 1, C4<1>, C4<0>, C4<0>, C4<0>;
L_0000014ddfe304a0 .functor BUFZ 1, L_0000014ddfda4d40, C4<0>, C4<0>, C4<0>;
L_0000014ddfda4cf8 .functor BUFT 1, C4<00000000000000000000000000000000>, C4<0>, C4<0>, C4<0>;
v0000014ddfd34610_0 .net "A", 31 0, L_0000014ddfda4cf8;  1 drivers
v0000014ddfd332b0_0 .net "B", 31 0, L_0000014ddfe2fd30;  1 drivers
v0000014ddfd34b10_0 .net "Cin", 0 0, L_0000014ddfda4d40;  1 drivers
v0000014ddfd338f0_0 .net "Cout", 0 0, L_0000014ddfda0890;  alias, 1 drivers
v0000014ddfd35330_0 .net "Sum", 31 0, L_0000014ddfda2870;  alias, 1 drivers
v0000014ddfd337b0_0 .net *"_ivl_229", 0 0, L_0000014ddfe304a0;  1 drivers
v0000014ddfd34e30_0 .net "carry", 32 0, L_0000014ddfda0e30;  1 drivers
L_0000014ddfd9c6f0 .part L_0000014ddfda4cf8, 0, 1;
L_0000014ddfd9c290 .part L_0000014ddfe2fd30, 0, 1;
L_0000014ddfd9c330 .part L_0000014ddfda0e30, 0, 1;
L_0000014ddfd9cb50 .part L_0000014ddfda4cf8, 1, 1;
L_0000014ddfd9c470 .part L_0000014ddfe2fd30, 1, 1;
L_0000014ddfd9cd30 .part L_0000014ddfda0e30, 1, 1;
L_0000014ddfd9c510 .part L_0000014ddfda4cf8, 2, 1;
L_0000014ddfd9c5b0 .part L_0000014ddfe2fd30, 2, 1;
L_0000014ddfd9c650 .part L_0000014ddfda0e30, 2, 1;
L_0000014ddfd9c790 .part L_0000014ddfda4cf8, 3, 1;
L_0000014ddfd9c830 .part L_0000014ddfe2fd30, 3, 1;
L_0000014ddfd9c8d0 .part L_0000014ddfda0e30, 3, 1;
L_0000014ddfd9cdd0 .part L_0000014ddfda4cf8, 4, 1;
L_0000014ddfd9cfb0 .part L_0000014ddfe2fd30, 4, 1;
L_0000014ddfd9cf10 .part L_0000014ddfda0e30, 4, 1;
L_0000014ddfd9d190 .part L_0000014ddfda4cf8, 5, 1;
L_0000014ddfd9d550 .part L_0000014ddfe2fd30, 5, 1;
L_0000014ddfd9d230 .part L_0000014ddfda0e30, 5, 1;
L_0000014ddfd9d690 .part L_0000014ddfda4cf8, 6, 1;
L_0000014ddfd9d5f0 .part L_0000014ddfe2fd30, 6, 1;
L_0000014ddfda0070 .part L_0000014ddfda0e30, 6, 1;
L_0000014ddfd9f0d0 .part L_0000014ddfda4cf8, 7, 1;
L_0000014ddfd9e310 .part L_0000014ddfe2fd30, 7, 1;
L_0000014ddfd9f210 .part L_0000014ddfda0e30, 7, 1;
L_0000014ddfd9fcb0 .part L_0000014ddfda4cf8, 8, 1;
L_0000014ddfd9fdf0 .part L_0000014ddfe2fd30, 8, 1;
L_0000014ddfd9f710 .part L_0000014ddfda0e30, 8, 1;
L_0000014ddfd9dff0 .part L_0000014ddfda4cf8, 9, 1;
L_0000014ddfd9d910 .part L_0000014ddfe2fd30, 9, 1;
L_0000014ddfd9dd70 .part L_0000014ddfda0e30, 9, 1;
L_0000014ddfd9f990 .part L_0000014ddfda4cf8, 10, 1;
L_0000014ddfd9e3b0 .part L_0000014ddfe2fd30, 10, 1;
L_0000014ddfd9e450 .part L_0000014ddfda0e30, 10, 1;
L_0000014ddfd9eef0 .part L_0000014ddfda4cf8, 11, 1;
L_0000014ddfd9fd50 .part L_0000014ddfe2fd30, 11, 1;
L_0000014ddfd9fe90 .part L_0000014ddfda0e30, 11, 1;
L_0000014ddfd9f170 .part L_0000014ddfda4cf8, 12, 1;
L_0000014ddfd9f7b0 .part L_0000014ddfe2fd30, 12, 1;
L_0000014ddfd9e630 .part L_0000014ddfda0e30, 12, 1;
L_0000014ddfd9fad0 .part L_0000014ddfda4cf8, 13, 1;
L_0000014ddfd9ea90 .part L_0000014ddfe2fd30, 13, 1;
L_0000014ddfd9d9b0 .part L_0000014ddfda0e30, 13, 1;
L_0000014ddfd9f850 .part L_0000014ddfda4cf8, 14, 1;
L_0000014ddfd9e1d0 .part L_0000014ddfe2fd30, 14, 1;
L_0000014ddfd9df50 .part L_0000014ddfda0e30, 14, 1;
L_0000014ddfd9e090 .part L_0000014ddfda4cf8, 15, 1;
L_0000014ddfd9e130 .part L_0000014ddfe2fd30, 15, 1;
L_0000014ddfd9e8b0 .part L_0000014ddfda0e30, 15, 1;
L_0000014ddfd9f8f0 .part L_0000014ddfda4cf8, 16, 1;
L_0000014ddfd9e270 .part L_0000014ddfe2fd30, 16, 1;
L_0000014ddfd9e4f0 .part L_0000014ddfda0e30, 16, 1;
L_0000014ddfd9e590 .part L_0000014ddfda4cf8, 17, 1;
L_0000014ddfd9e6d0 .part L_0000014ddfe2fd30, 17, 1;
L_0000014ddfd9e770 .part L_0000014ddfda0e30, 17, 1;
L_0000014ddfd9eb30 .part L_0000014ddfda4cf8, 18, 1;
L_0000014ddfd9e810 .part L_0000014ddfe2fd30, 18, 1;
L_0000014ddfd9e950 .part L_0000014ddfda0e30, 18, 1;
L_0000014ddfd9ec70 .part L_0000014ddfda4cf8, 19, 1;
L_0000014ddfd9ebd0 .part L_0000014ddfe2fd30, 19, 1;
L_0000014ddfd9f2b0 .part L_0000014ddfda0e30, 19, 1;
L_0000014ddfd9f490 .part L_0000014ddfda4cf8, 20, 1;
L_0000014ddfd9fa30 .part L_0000014ddfe2fd30, 20, 1;
L_0000014ddfd9dcd0 .part L_0000014ddfda0e30, 20, 1;
L_0000014ddfd9fb70 .part L_0000014ddfda4cf8, 21, 1;
L_0000014ddfd9ed10 .part L_0000014ddfe2fd30, 21, 1;
L_0000014ddfd9e9f0 .part L_0000014ddfda0e30, 21, 1;
L_0000014ddfd9edb0 .part L_0000014ddfda4cf8, 22, 1;
L_0000014ddfd9ee50 .part L_0000014ddfe2fd30, 22, 1;
L_0000014ddfd9ef90 .part L_0000014ddfda0e30, 22, 1;
L_0000014ddfd9f030 .part L_0000014ddfda4cf8, 23, 1;
L_0000014ddfd9fc10 .part L_0000014ddfe2fd30, 23, 1;
L_0000014ddfd9f350 .part L_0000014ddfda0e30, 23, 1;
L_0000014ddfd9f3f0 .part L_0000014ddfda4cf8, 24, 1;
L_0000014ddfd9dc30 .part L_0000014ddfe2fd30, 24, 1;
L_0000014ddfd9f530 .part L_0000014ddfda0e30, 24, 1;
L_0000014ddfd9f5d0 .part L_0000014ddfda4cf8, 25, 1;
L_0000014ddfd9f670 .part L_0000014ddfe2fd30, 25, 1;
L_0000014ddfd9ff30 .part L_0000014ddfda0e30, 25, 1;
L_0000014ddfd9ffd0 .part L_0000014ddfda4cf8, 26, 1;
L_0000014ddfd9da50 .part L_0000014ddfe2fd30, 26, 1;
L_0000014ddfd9daf0 .part L_0000014ddfda0e30, 26, 1;
L_0000014ddfd9db90 .part L_0000014ddfda4cf8, 27, 1;
L_0000014ddfd9de10 .part L_0000014ddfe2fd30, 27, 1;
L_0000014ddfd9deb0 .part L_0000014ddfda0e30, 27, 1;
L_0000014ddfda0430 .part L_0000014ddfda4cf8, 28, 1;
L_0000014ddfda0250 .part L_0000014ddfe2fd30, 28, 1;
L_0000014ddfda2730 .part L_0000014ddfda0e30, 28, 1;
L_0000014ddfda11f0 .part L_0000014ddfda4cf8, 29, 1;
L_0000014ddfda1510 .part L_0000014ddfe2fd30, 29, 1;
L_0000014ddfda1d30 .part L_0000014ddfda0e30, 29, 1;
L_0000014ddfda1dd0 .part L_0000014ddfda4cf8, 30, 1;
L_0000014ddfda16f0 .part L_0000014ddfe2fd30, 30, 1;
L_0000014ddfda2370 .part L_0000014ddfda0e30, 30, 1;
L_0000014ddfda02f0 .part L_0000014ddfda4cf8, 31, 1;
L_0000014ddfda27d0 .part L_0000014ddfe2fd30, 31, 1;
L_0000014ddfda0f70 .part L_0000014ddfda0e30, 31, 1;
LS_0000014ddfda2870_0_0 .concat8 [ 1 1 1 1], L_0000014ddfe10cc0, L_0000014ddfe11510, L_0000014ddfe10e80, L_0000014ddfe11740;
LS_0000014ddfda2870_0_4 .concat8 [ 1 1 1 1], L_0000014ddfe117b0, L_0000014ddfe2c760, L_0000014ddfe2c8b0, L_0000014ddfe2ca70;
LS_0000014ddfda2870_0_8 .concat8 [ 1 1 1 1], L_0000014ddfe2d9c0, L_0000014ddfe2d800, L_0000014ddfe2ca00, L_0000014ddfe2c300;
LS_0000014ddfda2870_0_12 .concat8 [ 1 1 1 1], L_0000014ddfe2cca0, L_0000014ddfe2ced0, L_0000014ddfe2d480, L_0000014ddfe2d790;
LS_0000014ddfda2870_0_16 .concat8 [ 1 1 1 1], L_0000014ddfe2dd40, L_0000014ddfe2dcd0, L_0000014ddfe2f630, L_0000014ddfe2e4b0;
LS_0000014ddfda2870_0_20 .concat8 [ 1 1 1 1], L_0000014ddfe2db10, L_0000014ddfe2e600, L_0000014ddfe2df00, L_0000014ddfe2f0f0;
LS_0000014ddfda2870_0_24 .concat8 [ 1 1 1 1], L_0000014ddfe2ed00, L_0000014ddfe2ef30, L_0000014ddfe30eb0, L_0000014ddfe2fb70;
LS_0000014ddfda2870_0_28 .concat8 [ 1 1 1 1], L_0000014ddfe2f6a0, L_0000014ddfe2fb00, L_0000014ddfe30350, L_0000014ddfe309e0;
LS_0000014ddfda2870_1_0 .concat8 [ 4 4 4 4], LS_0000014ddfda2870_0_0, LS_0000014ddfda2870_0_4, LS_0000014ddfda2870_0_8, LS_0000014ddfda2870_0_12;
LS_0000014ddfda2870_1_4 .concat8 [ 4 4 4 4], LS_0000014ddfda2870_0_16, LS_0000014ddfda2870_0_20, LS_0000014ddfda2870_0_24, LS_0000014ddfda2870_0_28;
L_0000014ddfda2870 .concat8 [ 16 16 0 0], LS_0000014ddfda2870_1_0, LS_0000014ddfda2870_1_4;
LS_0000014ddfda0e30_0_0 .concat8 [ 1 1 1 1], L_0000014ddfe304a0, L_0000014ddfe11970, L_0000014ddfe10e10, L_0000014ddfe112e0;
LS_0000014ddfda0e30_0_4 .concat8 [ 1 1 1 1], L_0000014ddfe11820, L_0000014ddfe2c840, L_0000014ddfe2ce60, L_0000014ddfe2c680;
LS_0000014ddfda0e30_0_8 .concat8 [ 1 1 1 1], L_0000014ddfe2cf40, L_0000014ddfe2c990, L_0000014ddfe2c6f0, L_0000014ddfe2d330;
LS_0000014ddfda0e30_0_12 .concat8 [ 1 1 1 1], L_0000014ddfe2d870, L_0000014ddfe2cd80, L_0000014ddfe2cfb0, L_0000014ddfe2d4f0;
LS_0000014ddfda0e30_0_16 .concat8 [ 1 1 1 1], L_0000014ddfe2e210, L_0000014ddfe2eb40, L_0000014ddfe2e2f0, L_0000014ddfe2e440;
LS_0000014ddfda0e30_0_20 .concat8 [ 1 1 1 1], L_0000014ddfe2ddb0, L_0000014ddfe2e590, L_0000014ddfe2de20, L_0000014ddfe2dc60;
LS_0000014ddfda0e30_0_24 .concat8 [ 1 1 1 1], L_0000014ddfe2ebb0, L_0000014ddfe2eec0, L_0000014ddfe2f400, L_0000014ddfe30190;
LS_0000014ddfda0e30_0_28 .concat8 [ 1 1 1 1], L_0000014ddfe30cf0, L_0000014ddfe2fbe0, L_0000014ddfe2f710, L_0000014ddfe31150;
LS_0000014ddfda0e30_0_32 .concat8 [ 1 0 0 0], L_0000014ddfe2f7f0;
LS_0000014ddfda0e30_1_0 .concat8 [ 4 4 4 4], LS_0000014ddfda0e30_0_0, LS_0000014ddfda0e30_0_4, LS_0000014ddfda0e30_0_8, LS_0000014ddfda0e30_0_12;
LS_0000014ddfda0e30_1_4 .concat8 [ 4 4 4 4], LS_0000014ddfda0e30_0_16, LS_0000014ddfda0e30_0_20, LS_0000014ddfda0e30_0_24, LS_0000014ddfda0e30_0_28;
LS_0000014ddfda0e30_1_8 .concat8 [ 1 0 0 0], LS_0000014ddfda0e30_0_32;
L_0000014ddfda0e30 .concat8 [ 16 16 1 0], LS_0000014ddfda0e30_1_0, LS_0000014ddfda0e30_1_4, LS_0000014ddfda0e30_1_8;
L_0000014ddfda0890 .part L_0000014ddfda0e30, 32, 1;
S_0000014ddfd0d480 .scope generate, "fa_gen[0]" "fa_gen[0]" 7 16, 7 16 0, S_0000014ddfd0ce40;
 .timescale 0 0;
P_0000014ddfc519c0 .param/l "i" 0 7 16, +C4<00>;
S_0000014ddfd0d7a0 .scope module, "fa" "full_adder" 7 17, 7 31 0, S_0000014ddfd0d480;
 .timescale 0 0;
    .port_info 0 /INPUT 1 "a";
    .port_info 1 /INPUT 1 "b";
    .port_info 2 /INPUT 1 "cin";
    .port_info 3 /OUTPUT 1 "sum";
    .port_info 4 /OUTPUT 1 "cout";
L_0000014ddfe10c50 .functor XOR 1, L_0000014ddfd9c6f0, L_0000014ddfd9c290, C4<0>, C4<0>;
L_0000014ddfe10cc0 .functor XOR 1, L_0000014ddfe10c50, L_0000014ddfd9c330, C4<0>, C4<0>;
L_0000014ddfe11270 .functor AND 1, L_0000014ddfd9c6f0, L_0000014ddfd9c290, C4<1>, C4<1>;
L_0000014ddfe10fd0 .functor XOR 1, L_0000014ddfd9c6f0, L_0000014ddfd9c290, C4<0>, C4<0>;
L_0000014ddfe11350 .functor AND 1, L_0000014ddfd9c330, L_0000014ddfe10fd0, C4<1>, C4<1>;
L_0000014ddfe11970 .functor OR 1, L_0000014ddfe11270, L_0000014ddfe11350, C4<0>, C4<0>;
v0000014ddfcf0de0_0 .net *"_ivl_0", 0 0, L_0000014ddfe10c50;  1 drivers
v0000014ddfcf0d40_0 .net *"_ivl_4", 0 0, L_0000014ddfe11270;  1 drivers
v0000014ddfcf20a0_0 .net *"_ivl_6", 0 0, L_0000014ddfe10fd0;  1 drivers
v0000014ddfcf0980_0 .net *"_ivl_8", 0 0, L_0000014ddfe11350;  1 drivers
v0000014ddfcf25a0_0 .net "a", 0 0, L_0000014ddfd9c6f0;  1 drivers
v0000014ddfcf23c0_0 .net "b", 0 0, L_0000014ddfd9c290;  1 drivers
v0000014ddfcf2a00_0 .net "cin", 0 0, L_0000014ddfd9c330;  1 drivers
v0000014ddfcf2460_0 .net "cout", 0 0, L_0000014ddfe11970;  1 drivers
v0000014ddfcf0ac0_0 .net "sum", 0 0, L_0000014ddfe10cc0;  1 drivers
S_0000014ddfd10110 .scope generate, "fa_gen[1]" "fa_gen[1]" 7 16, 7 16 0, S_0000014ddfd0ce40;
 .timescale 0 0;
P_0000014ddfc515c0 .param/l "i" 0 7 16, +C4<01>;
S_0000014ddfd0fad0 .scope module, "fa" "full_adder" 7 17, 7 31 0, S_0000014ddfd10110;
 .timescale 0 0;
    .port_info 0 /INPUT 1 "a";
    .port_info 1 /INPUT 1 "b";
    .port_info 2 /INPUT 1 "cin";
    .port_info 3 /OUTPUT 1 "sum";
    .port_info 4 /OUTPUT 1 "cout";
L_0000014ddfe11120 .functor XOR 1, L_0000014ddfd9cb50, L_0000014ddfd9c470, C4<0>, C4<0>;
L_0000014ddfe11510 .functor XOR 1, L_0000014ddfe11120, L_0000014ddfd9cd30, C4<0>, C4<0>;
L_0000014ddfe114a0 .functor AND 1, L_0000014ddfd9cb50, L_0000014ddfd9c470, C4<1>, C4<1>;
L_0000014ddfe11580 .functor XOR 1, L_0000014ddfd9cb50, L_0000014ddfd9c470, C4<0>, C4<0>;
L_0000014ddfe10da0 .functor AND 1, L_0000014ddfd9cd30, L_0000014ddfe11580, C4<1>, C4<1>;
L_0000014ddfe10e10 .functor OR 1, L_0000014ddfe114a0, L_0000014ddfe10da0, C4<0>, C4<0>;
v0000014ddfcf0660_0 .net *"_ivl_0", 0 0, L_0000014ddfe11120;  1 drivers
v0000014ddfcf1f60_0 .net *"_ivl_4", 0 0, L_0000014ddfe114a0;  1 drivers
v0000014ddfcf07a0_0 .net *"_ivl_6", 0 0, L_0000014ddfe11580;  1 drivers
v0000014ddfcf2280_0 .net *"_ivl_8", 0 0, L_0000014ddfe10da0;  1 drivers
v0000014ddfcf1380_0 .net "a", 0 0, L_0000014ddfd9cb50;  1 drivers
v0000014ddfcf1420_0 .net "b", 0 0, L_0000014ddfd9c470;  1 drivers
v0000014ddfcf1c40_0 .net "cin", 0 0, L_0000014ddfd9cd30;  1 drivers
v0000014ddfcf2000_0 .net "cout", 0 0, L_0000014ddfe10e10;  1 drivers
v0000014ddfcf1740_0 .net "sum", 0 0, L_0000014ddfe11510;  1 drivers
S_0000014ddfd0fc60 .scope generate, "fa_gen[2]" "fa_gen[2]" 7 16, 7 16 0, S_0000014ddfd0ce40;
 .timescale 0 0;
P_0000014ddfc51340 .param/l "i" 0 7 16, +C4<010>;
S_0000014ddfd0e4f0 .scope module, "fa" "full_adder" 7 17, 7 31 0, S_0000014ddfd0fc60;
 .timescale 0 0;
    .port_info 0 /INPUT 1 "a";
    .port_info 1 /INPUT 1 "b";
    .port_info 2 /INPUT 1 "cin";
    .port_info 3 /OUTPUT 1 "sum";
    .port_info 4 /OUTPUT 1 "cout";
L_0000014ddfe116d0 .functor XOR 1, L_0000014ddfd9c510, L_0000014ddfd9c5b0, C4<0>, C4<0>;
L_0000014ddfe10e80 .functor XOR 1, L_0000014ddfe116d0, L_0000014ddfd9c650, C4<0>, C4<0>;
L_0000014ddfe10ef0 .functor AND 1, L_0000014ddfd9c510, L_0000014ddfd9c5b0, C4<1>, C4<1>;
L_0000014ddfe11040 .functor XOR 1, L_0000014ddfd9c510, L_0000014ddfd9c5b0, C4<0>, C4<0>;
L_0000014ddfe110b0 .functor AND 1, L_0000014ddfd9c650, L_0000014ddfe11040, C4<1>, C4<1>;
L_0000014ddfe112e0 .functor OR 1, L_0000014ddfe10ef0, L_0000014ddfe110b0, C4<0>, C4<0>;
v0000014ddfcf2500_0 .net *"_ivl_0", 0 0, L_0000014ddfe116d0;  1 drivers
v0000014ddfcf2780_0 .net *"_ivl_4", 0 0, L_0000014ddfe10ef0;  1 drivers
v0000014ddfcf0840_0 .net *"_ivl_6", 0 0, L_0000014ddfe11040;  1 drivers
v0000014ddfcf2820_0 .net *"_ivl_8", 0 0, L_0000014ddfe110b0;  1 drivers
v0000014ddfcf1e20_0 .net "a", 0 0, L_0000014ddfd9c510;  1 drivers
v0000014ddfcf2140_0 .net "b", 0 0, L_0000014ddfd9c5b0;  1 drivers
v0000014ddfcf11a0_0 .net "cin", 0 0, L_0000014ddfd9c650;  1 drivers
v0000014ddfcf12e0_0 .net "cout", 0 0, L_0000014ddfe112e0;  1 drivers
v0000014ddfcf1d80_0 .net "sum", 0 0, L_0000014ddfe10e80;  1 drivers
S_0000014ddfd0f170 .scope generate, "fa_gen[3]" "fa_gen[3]" 7 16, 7 16 0, S_0000014ddfd0ce40;
 .timescale 0 0;
P_0000014ddfc51540 .param/l "i" 0 7 16, +C4<011>;
S_0000014ddfd0e680 .scope module, "fa" "full_adder" 7 17, 7 31 0, S_0000014ddfd0f170;
 .timescale 0 0;
    .port_info 0 /INPUT 1 "a";
    .port_info 1 /INPUT 1 "b";
    .port_info 2 /INPUT 1 "cin";
    .port_info 3 /OUTPUT 1 "sum";
    .port_info 4 /OUTPUT 1 "cout";
L_0000014ddfe11890 .functor XOR 1, L_0000014ddfd9c790, L_0000014ddfd9c830, C4<0>, C4<0>;
L_0000014ddfe11740 .functor XOR 1, L_0000014ddfe11890, L_0000014ddfd9c8d0, C4<0>, C4<0>;
L_0000014ddfe11ac0 .functor AND 1, L_0000014ddfd9c790, L_0000014ddfd9c830, C4<1>, C4<1>;
L_0000014ddfe113c0 .functor XOR 1, L_0000014ddfd9c790, L_0000014ddfd9c830, C4<0>, C4<0>;
L_0000014ddfe11430 .functor AND 1, L_0000014ddfd9c8d0, L_0000014ddfe113c0, C4<1>, C4<1>;
L_0000014ddfe11820 .functor OR 1, L_0000014ddfe11ac0, L_0000014ddfe11430, C4<0>, C4<0>;
v0000014ddfcf16a0_0 .net *"_ivl_0", 0 0, L_0000014ddfe11890;  1 drivers
v0000014ddfcf1100_0 .net *"_ivl_4", 0 0, L_0000014ddfe11ac0;  1 drivers
v0000014ddfcf2320_0 .net *"_ivl_6", 0 0, L_0000014ddfe113c0;  1 drivers
v0000014ddfcf28c0_0 .net *"_ivl_8", 0 0, L_0000014ddfe11430;  1 drivers
v0000014ddfcf1ec0_0 .net "a", 0 0, L_0000014ddfd9c790;  1 drivers
v0000014ddfcf1560_0 .net "b", 0 0, L_0000014ddfd9c830;  1 drivers
v0000014ddfcf19c0_0 .net "cin", 0 0, L_0000014ddfd9c8d0;  1 drivers
v0000014ddfcf0340_0 .net "cout", 0 0, L_0000014ddfe11820;  1 drivers
v0000014ddfcf0c00_0 .net "sum", 0 0, L_0000014ddfe11740;  1 drivers
S_0000014ddfd0e810 .scope generate, "fa_gen[4]" "fa_gen[4]" 7 16, 7 16 0, S_0000014ddfd0ce40;
 .timescale 0 0;
P_0000014ddfc51580 .param/l "i" 0 7 16, +C4<0100>;
S_0000014ddfd0eb30 .scope module, "fa" "full_adder" 7 17, 7 31 0, S_0000014ddfd0e810;
 .timescale 0 0;
    .port_info 0 /INPUT 1 "a";
    .port_info 1 /INPUT 1 "b";
    .port_info 2 /INPUT 1 "cin";
    .port_info 3 /OUTPUT 1 "sum";
    .port_info 4 /OUTPUT 1 "cout";
L_0000014ddfe11660 .functor XOR 1, L_0000014ddfd9cdd0, L_0000014ddfd9cfb0, C4<0>, C4<0>;
L_0000014ddfe117b0 .functor XOR 1, L_0000014ddfe11660, L_0000014ddfd9cf10, C4<0>, C4<0>;
L_0000014ddfe119e0 .functor AND 1, L_0000014ddfd9cdd0, L_0000014ddfd9cfb0, C4<1>, C4<1>;
L_0000014ddfe11a50 .functor XOR 1, L_0000014ddfd9cdd0, L_0000014ddfd9cfb0, C4<0>, C4<0>;
L_0000014ddfe10be0 .functor AND 1, L_0000014ddfd9cf10, L_0000014ddfe11a50, C4<1>, C4<1>;
L_0000014ddfe2c840 .functor OR 1, L_0000014ddfe119e0, L_0000014ddfe10be0, C4<0>, C4<0>;
v0000014ddfcf1ce0_0 .net *"_ivl_0", 0 0, L_0000014ddfe11660;  1 drivers
v0000014ddfcf03e0_0 .net *"_ivl_4", 0 0, L_0000014ddfe119e0;  1 drivers
v0000014ddfcf0480_0 .net *"_ivl_6", 0 0, L_0000014ddfe11a50;  1 drivers
v0000014ddfcf0520_0 .net *"_ivl_8", 0 0, L_0000014ddfe10be0;  1 drivers
v0000014ddfcf08e0_0 .net "a", 0 0, L_0000014ddfd9cdd0;  1 drivers
v0000014ddfcf05c0_0 .net "b", 0 0, L_0000014ddfd9cfb0;  1 drivers
v0000014ddfcf1600_0 .net "cin", 0 0, L_0000014ddfd9cf10;  1 drivers
v0000014ddfcf1060_0 .net "cout", 0 0, L_0000014ddfe2c840;  1 drivers
v0000014ddfcf0b60_0 .net "sum", 0 0, L_0000014ddfe117b0;  1 drivers
S_0000014ddfd0e9a0 .scope generate, "fa_gen[5]" "fa_gen[5]" 7 16, 7 16 0, S_0000014ddfd0ce40;
 .timescale 0 0;
P_0000014ddfc51380 .param/l "i" 0 7 16, +C4<0101>;
S_0000014ddfd0f300 .scope module, "fa" "full_adder" 7 17, 7 31 0, S_0000014ddfd0e9a0;
 .timescale 0 0;
    .port_info 0 /INPUT 1 "a";
    .port_info 1 /INPUT 1 "b";
    .port_info 2 /INPUT 1 "cin";
    .port_info 3 /OUTPUT 1 "sum";
    .port_info 4 /OUTPUT 1 "cout";
L_0000014ddfe2d250 .functor XOR 1, L_0000014ddfd9d190, L_0000014ddfd9d550, C4<0>, C4<0>;
L_0000014ddfe2c760 .functor XOR 1, L_0000014ddfe2d250, L_0000014ddfd9d230, C4<0>, C4<0>;
L_0000014ddfe2d8e0 .functor AND 1, L_0000014ddfd9d190, L_0000014ddfd9d550, C4<1>, C4<1>;
L_0000014ddfe2bf10 .functor XOR 1, L_0000014ddfd9d190, L_0000014ddfd9d550, C4<0>, C4<0>;
L_0000014ddfe2d2c0 .functor AND 1, L_0000014ddfd9d230, L_0000014ddfe2bf10, C4<1>, C4<1>;
L_0000014ddfe2ce60 .functor OR 1, L_0000014ddfe2d8e0, L_0000014ddfe2d2c0, C4<0>, C4<0>;
v0000014ddfcf0ca0_0 .net *"_ivl_0", 0 0, L_0000014ddfe2d250;  1 drivers
v0000014ddfcf17e0_0 .net *"_ivl_4", 0 0, L_0000014ddfe2d8e0;  1 drivers
v0000014ddfcf0e80_0 .net *"_ivl_6", 0 0, L_0000014ddfe2bf10;  1 drivers
v0000014ddfcf0f20_0 .net *"_ivl_8", 0 0, L_0000014ddfe2d2c0;  1 drivers
v0000014ddfcf0fc0_0 .net "a", 0 0, L_0000014ddfd9d190;  1 drivers
v0000014ddfcf14c0_0 .net "b", 0 0, L_0000014ddfd9d550;  1 drivers
v0000014ddfcf1880_0 .net "cin", 0 0, L_0000014ddfd9d230;  1 drivers
v0000014ddfcf1920_0 .net "cout", 0 0, L_0000014ddfe2ce60;  1 drivers
v0000014ddfcf1a60_0 .net "sum", 0 0, L_0000014ddfe2c760;  1 drivers
S_0000014ddfd0f940 .scope generate, "fa_gen[6]" "fa_gen[6]" 7 16, 7 16 0, S_0000014ddfd0ce40;
 .timescale 0 0;
P_0000014ddfc51640 .param/l "i" 0 7 16, +C4<0110>;
S_0000014ddfd0e360 .scope module, "fa" "full_adder" 7 17, 7 31 0, S_0000014ddfd0f940;
 .timescale 0 0;
    .port_info 0 /INPUT 1 "a";
    .port_info 1 /INPUT 1 "b";
    .port_info 2 /INPUT 1 "cin";
    .port_info 3 /OUTPUT 1 "sum";
    .port_info 4 /OUTPUT 1 "cout";
L_0000014ddfe2c5a0 .functor XOR 1, L_0000014ddfd9d690, L_0000014ddfd9d5f0, C4<0>, C4<0>;
L_0000014ddfe2c8b0 .functor XOR 1, L_0000014ddfe2c5a0, L_0000014ddfda0070, C4<0>, C4<0>;
L_0000014ddfe2d950 .functor AND 1, L_0000014ddfd9d690, L_0000014ddfd9d5f0, C4<1>, C4<1>;
L_0000014ddfe2c3e0 .functor XOR 1, L_0000014ddfd9d690, L_0000014ddfd9d5f0, C4<0>, C4<0>;
L_0000014ddfe2c0d0 .functor AND 1, L_0000014ddfda0070, L_0000014ddfe2c3e0, C4<1>, C4<1>;
L_0000014ddfe2c680 .functor OR 1, L_0000014ddfe2d950, L_0000014ddfe2c0d0, C4<0>, C4<0>;
v0000014ddfcf2d20_0 .net *"_ivl_0", 0 0, L_0000014ddfe2c5a0;  1 drivers
v0000014ddfcf35e0_0 .net *"_ivl_4", 0 0, L_0000014ddfe2d950;  1 drivers
v0000014ddfcf2f00_0 .net *"_ivl_6", 0 0, L_0000014ddfe2c3e0;  1 drivers
v0000014ddfcf49e0_0 .net *"_ivl_8", 0 0, L_0000014ddfe2c0d0;  1 drivers
v0000014ddfcf4760_0 .net "a", 0 0, L_0000014ddfd9d690;  1 drivers
v0000014ddfcf39a0_0 .net "b", 0 0, L_0000014ddfd9d5f0;  1 drivers
v0000014ddfcf50c0_0 .net "cin", 0 0, L_0000014ddfda0070;  1 drivers
v0000014ddfcf52a0_0 .net "cout", 0 0, L_0000014ddfe2c680;  1 drivers
v0000014ddfcf4bc0_0 .net "sum", 0 0, L_0000014ddfe2c8b0;  1 drivers
S_0000014ddfd0ecc0 .scope generate, "fa_gen[7]" "fa_gen[7]" 7 16, 7 16 0, S_0000014ddfd0ce40;
 .timescale 0 0;
P_0000014ddfc513c0 .param/l "i" 0 7 16, +C4<0111>;
S_0000014ddfd0f490 .scope module, "fa" "full_adder" 7 17, 7 31 0, S_0000014ddfd0ecc0;
 .timescale 0 0;
    .port_info 0 /INPUT 1 "a";
    .port_info 1 /INPUT 1 "b";
    .port_info 2 /INPUT 1 "cin";
    .port_info 3 /OUTPUT 1 "sum";
    .port_info 4 /OUTPUT 1 "cout";
L_0000014ddfe2c1b0 .functor XOR 1, L_0000014ddfd9f0d0, L_0000014ddfd9e310, C4<0>, C4<0>;
L_0000014ddfe2ca70 .functor XOR 1, L_0000014ddfe2c1b0, L_0000014ddfd9f210, C4<0>, C4<0>;
L_0000014ddfe2c060 .functor AND 1, L_0000014ddfd9f0d0, L_0000014ddfd9e310, C4<1>, C4<1>;
L_0000014ddfe2d720 .functor XOR 1, L_0000014ddfd9f0d0, L_0000014ddfd9e310, C4<0>, C4<0>;
L_0000014ddfe2c920 .functor AND 1, L_0000014ddfd9f210, L_0000014ddfe2d720, C4<1>, C4<1>;
L_0000014ddfe2cf40 .functor OR 1, L_0000014ddfe2c060, L_0000014ddfe2c920, C4<0>, C4<0>;
v0000014ddfcf41c0_0 .net *"_ivl_0", 0 0, L_0000014ddfe2c1b0;  1 drivers
v0000014ddfcf4a80_0 .net *"_ivl_4", 0 0, L_0000014ddfe2c060;  1 drivers
v0000014ddfcf34a0_0 .net *"_ivl_6", 0 0, L_0000014ddfe2d720;  1 drivers
v0000014ddfcf4800_0 .net *"_ivl_8", 0 0, L_0000014ddfe2c920;  1 drivers
v0000014ddfcf3860_0 .net "a", 0 0, L_0000014ddfd9f0d0;  1 drivers
v0000014ddfcf3c20_0 .net "b", 0 0, L_0000014ddfd9e310;  1 drivers
v0000014ddfcf4260_0 .net "cin", 0 0, L_0000014ddfd9f210;  1 drivers
v0000014ddfcf4940_0 .net "cout", 0 0, L_0000014ddfe2cf40;  1 drivers
v0000014ddfcf48a0_0 .net "sum", 0 0, L_0000014ddfe2ca70;  1 drivers
S_0000014ddfd0ee50 .scope generate, "fa_gen[8]" "fa_gen[8]" 7 16, 7 16 0, S_0000014ddfd0ce40;
 .timescale 0 0;
P_0000014ddfc51a00 .param/l "i" 0 7 16, +C4<01000>;
S_0000014ddfd0ff80 .scope module, "fa" "full_adder" 7 17, 7 31 0, S_0000014ddfd0ee50;
 .timescale 0 0;
    .port_info 0 /INPUT 1 "a";
    .port_info 1 /INPUT 1 "b";
    .port_info 2 /INPUT 1 "cin";
    .port_info 3 /OUTPUT 1 "sum";
    .port_info 4 /OUTPUT 1 "cout";
L_0000014ddfe2c4c0 .functor XOR 1, L_0000014ddfd9fcb0, L_0000014ddfd9fdf0, C4<0>, C4<0>;
L_0000014ddfe2d9c0 .functor XOR 1, L_0000014ddfe2c4c0, L_0000014ddfd9f710, C4<0>, C4<0>;
L_0000014ddfe2cbc0 .functor AND 1, L_0000014ddfd9fcb0, L_0000014ddfd9fdf0, C4<1>, C4<1>;
L_0000014ddfe2c220 .functor XOR 1, L_0000014ddfd9fcb0, L_0000014ddfd9fdf0, C4<0>, C4<0>;
L_0000014ddfe2d020 .functor AND 1, L_0000014ddfd9f710, L_0000014ddfe2c220, C4<1>, C4<1>;
L_0000014ddfe2c990 .functor OR 1, L_0000014ddfe2cbc0, L_0000014ddfe2d020, C4<0>, C4<0>;
v0000014ddfcf3b80_0 .net *"_ivl_0", 0 0, L_0000014ddfe2c4c0;  1 drivers
v0000014ddfcf4e40_0 .net *"_ivl_4", 0 0, L_0000014ddfe2cbc0;  1 drivers
v0000014ddfcf3040_0 .net *"_ivl_6", 0 0, L_0000014ddfe2c220;  1 drivers
v0000014ddfcf4c60_0 .net *"_ivl_8", 0 0, L_0000014ddfe2d020;  1 drivers
v0000014ddfcf4ee0_0 .net "a", 0 0, L_0000014ddfd9fcb0;  1 drivers
v0000014ddfcf4b20_0 .net "b", 0 0, L_0000014ddfd9fdf0;  1 drivers
v0000014ddfcf2e60_0 .net "cin", 0 0, L_0000014ddfd9f710;  1 drivers
v0000014ddfcf2dc0_0 .net "cout", 0 0, L_0000014ddfe2c990;  1 drivers
v0000014ddfcf3540_0 .net "sum", 0 0, L_0000014ddfe2d9c0;  1 drivers
S_0000014ddfd0f620 .scope generate, "fa_gen[9]" "fa_gen[9]" 7 16, 7 16 0, S_0000014ddfd0ce40;
 .timescale 0 0;
P_0000014ddfc51680 .param/l "i" 0 7 16, +C4<01001>;
S_0000014ddfd0f7b0 .scope module, "fa" "full_adder" 7 17, 7 31 0, S_0000014ddfd0f620;
 .timescale 0 0;
    .port_info 0 /INPUT 1 "a";
    .port_info 1 /INPUT 1 "b";
    .port_info 2 /INPUT 1 "cin";
    .port_info 3 /OUTPUT 1 "sum";
    .port_info 4 /OUTPUT 1 "cout";
L_0000014ddfe2c530 .functor XOR 1, L_0000014ddfd9dff0, L_0000014ddfd9d910, C4<0>, C4<0>;
L_0000014ddfe2d800 .functor XOR 1, L_0000014ddfe2c530, L_0000014ddfd9dd70, C4<0>, C4<0>;
L_0000014ddfe2d3a0 .functor AND 1, L_0000014ddfd9dff0, L_0000014ddfd9d910, C4<1>, C4<1>;
L_0000014ddfe2c290 .functor XOR 1, L_0000014ddfd9dff0, L_0000014ddfd9d910, C4<0>, C4<0>;
L_0000014ddfe2c610 .functor AND 1, L_0000014ddfd9dd70, L_0000014ddfe2c290, C4<1>, C4<1>;
L_0000014ddfe2c6f0 .functor OR 1, L_0000014ddfe2d3a0, L_0000014ddfe2c610, C4<0>, C4<0>;
v0000014ddfcf4d00_0 .net *"_ivl_0", 0 0, L_0000014ddfe2c530;  1 drivers
v0000014ddfcf3ea0_0 .net *"_ivl_4", 0 0, L_0000014ddfe2d3a0;  1 drivers
v0000014ddfcf3900_0 .net *"_ivl_6", 0 0, L_0000014ddfe2c290;  1 drivers
v0000014ddfcf4da0_0 .net *"_ivl_8", 0 0, L_0000014ddfe2c610;  1 drivers
v0000014ddfcf3cc0_0 .net "a", 0 0, L_0000014ddfd9dff0;  1 drivers
v0000014ddfcf30e0_0 .net "b", 0 0, L_0000014ddfd9d910;  1 drivers
v0000014ddfcf5160_0 .net "cin", 0 0, L_0000014ddfd9dd70;  1 drivers
v0000014ddfcf3d60_0 .net "cout", 0 0, L_0000014ddfe2c6f0;  1 drivers
v0000014ddfcf3a40_0 .net "sum", 0 0, L_0000014ddfe2d800;  1 drivers
S_0000014ddfd0efe0 .scope generate, "fa_gen[10]" "fa_gen[10]" 7 16, 7 16 0, S_0000014ddfd0ce40;
 .timescale 0 0;
P_0000014ddfc51a40 .param/l "i" 0 7 16, +C4<01010>;
S_0000014ddfd0fdf0 .scope module, "fa" "full_adder" 7 17, 7 31 0, S_0000014ddfd0efe0;
 .timescale 0 0;
    .port_info 0 /INPUT 1 "a";
    .port_info 1 /INPUT 1 "b";
    .port_info 2 /INPUT 1 "cin";
    .port_info 3 /OUTPUT 1 "sum";
    .port_info 4 /OUTPUT 1 "cout";
L_0000014ddfe2c7d0 .functor XOR 1, L_0000014ddfd9f990, L_0000014ddfd9e3b0, C4<0>, C4<0>;
L_0000014ddfe2ca00 .functor XOR 1, L_0000014ddfe2c7d0, L_0000014ddfd9e450, C4<0>, C4<0>;
L_0000014ddfe2cae0 .functor AND 1, L_0000014ddfd9f990, L_0000014ddfd9e3b0, C4<1>, C4<1>;
L_0000014ddfe2c140 .functor XOR 1, L_0000014ddfd9f990, L_0000014ddfd9e3b0, C4<0>, C4<0>;
L_0000014ddfe2d090 .functor AND 1, L_0000014ddfd9e450, L_0000014ddfe2c140, C4<1>, C4<1>;
L_0000014ddfe2d330 .functor OR 1, L_0000014ddfe2cae0, L_0000014ddfe2d090, C4<0>, C4<0>;
v0000014ddfcf3ae0_0 .net *"_ivl_0", 0 0, L_0000014ddfe2c7d0;  1 drivers
v0000014ddfcf3fe0_0 .net *"_ivl_4", 0 0, L_0000014ddfe2cae0;  1 drivers
v0000014ddfcf4f80_0 .net *"_ivl_6", 0 0, L_0000014ddfe2c140;  1 drivers
v0000014ddfcf5020_0 .net *"_ivl_8", 0 0, L_0000014ddfe2d090;  1 drivers
v0000014ddfcf5200_0 .net "a", 0 0, L_0000014ddfd9f990;  1 drivers
v0000014ddfcf3220_0 .net "b", 0 0, L_0000014ddfd9e3b0;  1 drivers
v0000014ddfcf43a0_0 .net "cin", 0 0, L_0000014ddfd9e450;  1 drivers
v0000014ddfcf2b40_0 .net "cout", 0 0, L_0000014ddfe2d330;  1 drivers
v0000014ddfcf3e00_0 .net "sum", 0 0, L_0000014ddfe2ca00;  1 drivers
S_0000014ddfd254c0 .scope generate, "fa_gen[11]" "fa_gen[11]" 7 16, 7 16 0, S_0000014ddfd0ce40;
 .timescale 0 0;
P_0000014ddfc52240 .param/l "i" 0 7 16, +C4<01011>;
S_0000014ddfd25b00 .scope module, "fa" "full_adder" 7 17, 7 31 0, S_0000014ddfd254c0;
 .timescale 0 0;
    .port_info 0 /INPUT 1 "a";
    .port_info 1 /INPUT 1 "b";
    .port_info 2 /INPUT 1 "cin";
    .port_info 3 /OUTPUT 1 "sum";
    .port_info 4 /OUTPUT 1 "cout";
L_0000014ddfe2d100 .functor XOR 1, L_0000014ddfd9eef0, L_0000014ddfd9fd50, C4<0>, C4<0>;
L_0000014ddfe2c300 .functor XOR 1, L_0000014ddfe2d100, L_0000014ddfd9fe90, C4<0>, C4<0>;
L_0000014ddfe2cc30 .functor AND 1, L_0000014ddfd9eef0, L_0000014ddfd9fd50, C4<1>, C4<1>;
L_0000014ddfe2d170 .functor XOR 1, L_0000014ddfd9eef0, L_0000014ddfd9fd50, C4<0>, C4<0>;
L_0000014ddfe2cb50 .functor AND 1, L_0000014ddfd9fe90, L_0000014ddfe2d170, C4<1>, C4<1>;
L_0000014ddfe2d870 .functor OR 1, L_0000014ddfe2cc30, L_0000014ddfe2cb50, C4<0>, C4<0>;
v0000014ddfcf32c0_0 .net *"_ivl_0", 0 0, L_0000014ddfe2d100;  1 drivers
v0000014ddfcf2fa0_0 .net *"_ivl_4", 0 0, L_0000014ddfe2cc30;  1 drivers
v0000014ddfcf2be0_0 .net *"_ivl_6", 0 0, L_0000014ddfe2d170;  1 drivers
v0000014ddfcf4440_0 .net *"_ivl_8", 0 0, L_0000014ddfe2cb50;  1 drivers
v0000014ddfcf2c80_0 .net "a", 0 0, L_0000014ddfd9eef0;  1 drivers
v0000014ddfcf3180_0 .net "b", 0 0, L_0000014ddfd9fd50;  1 drivers
v0000014ddfcf3f40_0 .net "cin", 0 0, L_0000014ddfd9fe90;  1 drivers
v0000014ddfcf3360_0 .net "cout", 0 0, L_0000014ddfe2d870;  1 drivers
v0000014ddfcf3400_0 .net "sum", 0 0, L_0000014ddfe2c300;  1 drivers
S_0000014ddfd257e0 .scope generate, "fa_gen[12]" "fa_gen[12]" 7 16, 7 16 0, S_0000014ddfd0ce40;
 .timescale 0 0;
P_0000014ddfc52c80 .param/l "i" 0 7 16, +C4<01100>;
S_0000014ddfd25650 .scope module, "fa" "full_adder" 7 17, 7 31 0, S_0000014ddfd257e0;
 .timescale 0 0;
    .port_info 0 /INPUT 1 "a";
    .port_info 1 /INPUT 1 "b";
    .port_info 2 /INPUT 1 "cin";
    .port_info 3 /OUTPUT 1 "sum";
    .port_info 4 /OUTPUT 1 "cout";
L_0000014ddfe2c450 .functor XOR 1, L_0000014ddfd9f170, L_0000014ddfd9f7b0, C4<0>, C4<0>;
L_0000014ddfe2cca0 .functor XOR 1, L_0000014ddfe2c450, L_0000014ddfd9e630, C4<0>, C4<0>;
L_0000014ddfe2d1e0 .functor AND 1, L_0000014ddfd9f170, L_0000014ddfd9f7b0, C4<1>, C4<1>;
L_0000014ddfe2c370 .functor XOR 1, L_0000014ddfd9f170, L_0000014ddfd9f7b0, C4<0>, C4<0>;
L_0000014ddfe2cd10 .functor AND 1, L_0000014ddfd9e630, L_0000014ddfe2c370, C4<1>, C4<1>;
L_0000014ddfe2cd80 .functor OR 1, L_0000014ddfe2d1e0, L_0000014ddfe2cd10, C4<0>, C4<0>;
v0000014ddfcf3680_0 .net *"_ivl_0", 0 0, L_0000014ddfe2c450;  1 drivers
v0000014ddfcf4300_0 .net *"_ivl_4", 0 0, L_0000014ddfe2d1e0;  1 drivers
v0000014ddfcf3720_0 .net *"_ivl_6", 0 0, L_0000014ddfe2c370;  1 drivers
v0000014ddfcf37c0_0 .net *"_ivl_8", 0 0, L_0000014ddfe2cd10;  1 drivers
v0000014ddfcf44e0_0 .net "a", 0 0, L_0000014ddfd9f170;  1 drivers
v0000014ddfcf4080_0 .net "b", 0 0, L_0000014ddfd9f7b0;  1 drivers
v0000014ddfcf4120_0 .net "cin", 0 0, L_0000014ddfd9e630;  1 drivers
v0000014ddfcf4580_0 .net "cout", 0 0, L_0000014ddfe2cd80;  1 drivers
v0000014ddfcf4620_0 .net "sum", 0 0, L_0000014ddfe2cca0;  1 drivers
S_0000014ddfd24520 .scope generate, "fa_gen[13]" "fa_gen[13]" 7 16, 7 16 0, S_0000014ddfd0ce40;
 .timescale 0 0;
P_0000014ddfc52a80 .param/l "i" 0 7 16, +C4<01101>;
S_0000014ddfd25970 .scope module, "fa" "full_adder" 7 17, 7 31 0, S_0000014ddfd24520;
 .timescale 0 0;
    .port_info 0 /INPUT 1 "a";
    .port_info 1 /INPUT 1 "b";
    .port_info 2 /INPUT 1 "cin";
    .port_info 3 /OUTPUT 1 "sum";
    .port_info 4 /OUTPUT 1 "cout";
L_0000014ddfe2cdf0 .functor XOR 1, L_0000014ddfd9fad0, L_0000014ddfd9ea90, C4<0>, C4<0>;
L_0000014ddfe2ced0 .functor XOR 1, L_0000014ddfe2cdf0, L_0000014ddfd9d9b0, C4<0>, C4<0>;
L_0000014ddfe2d6b0 .functor AND 1, L_0000014ddfd9fad0, L_0000014ddfd9ea90, C4<1>, C4<1>;
L_0000014ddfe2bea0 .functor XOR 1, L_0000014ddfd9fad0, L_0000014ddfd9ea90, C4<0>, C4<0>;
L_0000014ddfe2da30 .functor AND 1, L_0000014ddfd9d9b0, L_0000014ddfe2bea0, C4<1>, C4<1>;
L_0000014ddfe2cfb0 .functor OR 1, L_0000014ddfe2d6b0, L_0000014ddfe2da30, C4<0>, C4<0>;
v0000014ddfcf46c0_0 .net *"_ivl_0", 0 0, L_0000014ddfe2cdf0;  1 drivers
v0000014ddfd2e850_0 .net *"_ivl_4", 0 0, L_0000014ddfe2d6b0;  1 drivers
v0000014ddfd2fe30_0 .net *"_ivl_6", 0 0, L_0000014ddfe2bea0;  1 drivers
v0000014ddfd2e2b0_0 .net *"_ivl_8", 0 0, L_0000014ddfe2da30;  1 drivers
v0000014ddfd2eb70_0 .net "a", 0 0, L_0000014ddfd9fad0;  1 drivers
v0000014ddfd2ecb0_0 .net "b", 0 0, L_0000014ddfd9ea90;  1 drivers
v0000014ddfd2fb10_0 .net "cin", 0 0, L_0000014ddfd9d9b0;  1 drivers
v0000014ddfd2def0_0 .net "cout", 0 0, L_0000014ddfe2cfb0;  1 drivers
v0000014ddfd2de50_0 .net "sum", 0 0, L_0000014ddfe2ced0;  1 drivers
S_0000014ddfd25e20 .scope generate, "fa_gen[14]" "fa_gen[14]" 7 16, 7 16 0, S_0000014ddfd0ce40;
 .timescale 0 0;
P_0000014ddfc52c40 .param/l "i" 0 7 16, +C4<01110>;
S_0000014ddfd25c90 .scope module, "fa" "full_adder" 7 17, 7 31 0, S_0000014ddfd25e20;
 .timescale 0 0;
    .port_info 0 /INPUT 1 "a";
    .port_info 1 /INPUT 1 "b";
    .port_info 2 /INPUT 1 "cin";
    .port_info 3 /OUTPUT 1 "sum";
    .port_info 4 /OUTPUT 1 "cout";
L_0000014ddfe2d410 .functor XOR 1, L_0000014ddfd9f850, L_0000014ddfd9e1d0, C4<0>, C4<0>;
L_0000014ddfe2d480 .functor XOR 1, L_0000014ddfe2d410, L_0000014ddfd9df50, C4<0>, C4<0>;
L_0000014ddfe2d640 .functor AND 1, L_0000014ddfd9f850, L_0000014ddfd9e1d0, C4<1>, C4<1>;
L_0000014ddfe2bf80 .functor XOR 1, L_0000014ddfd9f850, L_0000014ddfd9e1d0, C4<0>, C4<0>;
L_0000014ddfe2d560 .functor AND 1, L_0000014ddfd9df50, L_0000014ddfe2bf80, C4<1>, C4<1>;
L_0000014ddfe2d4f0 .functor OR 1, L_0000014ddfe2d640, L_0000014ddfe2d560, C4<0>, C4<0>;
v0000014ddfd30010_0 .net *"_ivl_0", 0 0, L_0000014ddfe2d410;  1 drivers
v0000014ddfd300b0_0 .net *"_ivl_4", 0 0, L_0000014ddfe2d640;  1 drivers
v0000014ddfd2ea30_0 .net *"_ivl_6", 0 0, L_0000014ddfe2bf80;  1 drivers
v0000014ddfd2f610_0 .net *"_ivl_8", 0 0, L_0000014ddfe2d560;  1 drivers
v0000014ddfd30150_0 .net "a", 0 0, L_0000014ddfd9f850;  1 drivers
v0000014ddfd2e030_0 .net "b", 0 0, L_0000014ddfd9e1d0;  1 drivers
v0000014ddfd2e170_0 .net "cin", 0 0, L_0000014ddfd9df50;  1 drivers
v0000014ddfd2e5d0_0 .net "cout", 0 0, L_0000014ddfe2d4f0;  1 drivers
v0000014ddfd2e350_0 .net "sum", 0 0, L_0000014ddfe2d480;  1 drivers
S_0000014ddfd25fb0 .scope generate, "fa_gen[15]" "fa_gen[15]" 7 16, 7 16 0, S_0000014ddfd0ce40;
 .timescale 0 0;
P_0000014ddfc52ec0 .param/l "i" 0 7 16, +C4<01111>;
S_0000014ddfd24e80 .scope module, "fa" "full_adder" 7 17, 7 31 0, S_0000014ddfd25fb0;
 .timescale 0 0;
    .port_info 0 /INPUT 1 "a";
    .port_info 1 /INPUT 1 "b";
    .port_info 2 /INPUT 1 "cin";
    .port_info 3 /OUTPUT 1 "sum";
    .port_info 4 /OUTPUT 1 "cout";
L_0000014ddfe2d5d0 .functor XOR 1, L_0000014ddfd9e090, L_0000014ddfd9e130, C4<0>, C4<0>;
L_0000014ddfe2d790 .functor XOR 1, L_0000014ddfe2d5d0, L_0000014ddfd9e8b0, C4<0>, C4<0>;
L_0000014ddfe2bff0 .functor AND 1, L_0000014ddfd9e090, L_0000014ddfd9e130, C4<1>, C4<1>;
L_0000014ddfe2e1a0 .functor XOR 1, L_0000014ddfd9e090, L_0000014ddfd9e130, C4<0>, C4<0>;
L_0000014ddfe2df70 .functor AND 1, L_0000014ddfd9e8b0, L_0000014ddfe2e1a0, C4<1>, C4<1>;
L_0000014ddfe2e210 .functor OR 1, L_0000014ddfe2bff0, L_0000014ddfe2df70, C4<0>, C4<0>;
v0000014ddfd301f0_0 .net *"_ivl_0", 0 0, L_0000014ddfe2d5d0;  1 drivers
v0000014ddfd2e670_0 .net *"_ivl_4", 0 0, L_0000014ddfe2bff0;  1 drivers
v0000014ddfd2fa70_0 .net *"_ivl_6", 0 0, L_0000014ddfe2e1a0;  1 drivers
v0000014ddfd2fd90_0 .net *"_ivl_8", 0 0, L_0000014ddfe2df70;  1 drivers
v0000014ddfd2ddb0_0 .net "a", 0 0, L_0000014ddfd9e090;  1 drivers
v0000014ddfd30290_0 .net "b", 0 0, L_0000014ddfd9e130;  1 drivers
v0000014ddfd2f250_0 .net "cin", 0 0, L_0000014ddfd9e8b0;  1 drivers
v0000014ddfd2fed0_0 .net "cout", 0 0, L_0000014ddfe2e210;  1 drivers
v0000014ddfd2e3f0_0 .net "sum", 0 0, L_0000014ddfe2d790;  1 drivers
S_0000014ddfd25010 .scope generate, "fa_gen[16]" "fa_gen[16]" 7 16, 7 16 0, S_0000014ddfd0ce40;
 .timescale 0 0;
P_0000014ddfc530c0 .param/l "i" 0 7 16, +C4<010000>;
S_0000014ddfd246b0 .scope module, "fa" "full_adder" 7 17, 7 31 0, S_0000014ddfd25010;
 .timescale 0 0;
    .port_info 0 /INPUT 1 "a";
    .port_info 1 /INPUT 1 "b";
    .port_info 2 /INPUT 1 "cin";
    .port_info 3 /OUTPUT 1 "sum";
    .port_info 4 /OUTPUT 1 "cout";
L_0000014ddfe2f550 .functor XOR 1, L_0000014ddfd9f8f0, L_0000014ddfd9e270, C4<0>, C4<0>;
L_0000014ddfe2dd40 .functor XOR 1, L_0000014ddfe2f550, L_0000014ddfd9e4f0, C4<0>, C4<0>;
L_0000014ddfe2f240 .functor AND 1, L_0000014ddfd9f8f0, L_0000014ddfd9e270, C4<1>, C4<1>;
L_0000014ddfe2f4e0 .functor XOR 1, L_0000014ddfd9f8f0, L_0000014ddfd9e270, C4<0>, C4<0>;
L_0000014ddfe2f160 .functor AND 1, L_0000014ddfd9e4f0, L_0000014ddfe2f4e0, C4<1>, C4<1>;
L_0000014ddfe2eb40 .functor OR 1, L_0000014ddfe2f240, L_0000014ddfe2f160, C4<0>, C4<0>;
v0000014ddfd2f6b0_0 .net *"_ivl_0", 0 0, L_0000014ddfe2f550;  1 drivers
v0000014ddfd2f9d0_0 .net *"_ivl_4", 0 0, L_0000014ddfe2f240;  1 drivers
v0000014ddfd2f890_0 .net *"_ivl_6", 0 0, L_0000014ddfe2f4e0;  1 drivers
v0000014ddfd2ff70_0 .net *"_ivl_8", 0 0, L_0000014ddfe2f160;  1 drivers
v0000014ddfd2fc50_0 .net "a", 0 0, L_0000014ddfd9f8f0;  1 drivers
v0000014ddfd2fbb0_0 .net "b", 0 0, L_0000014ddfd9e270;  1 drivers
v0000014ddfd2dbd0_0 .net "cin", 0 0, L_0000014ddfd9e4f0;  1 drivers
v0000014ddfd2e530_0 .net "cout", 0 0, L_0000014ddfe2eb40;  1 drivers
v0000014ddfd30330_0 .net "sum", 0 0, L_0000014ddfe2dd40;  1 drivers
S_0000014ddfd26140 .scope generate, "fa_gen[17]" "fa_gen[17]" 7 16, 7 16 0, S_0000014ddfd0ce40;
 .timescale 0 0;
P_0000014ddfc52d00 .param/l "i" 0 7 16, +C4<010001>;
S_0000014ddfd24390 .scope module, "fa" "full_adder" 7 17, 7 31 0, S_0000014ddfd26140;
 .timescale 0 0;
    .port_info 0 /INPUT 1 "a";
    .port_info 1 /INPUT 1 "b";
    .port_info 2 /INPUT 1 "cin";
    .port_info 3 /OUTPUT 1 "sum";
    .port_info 4 /OUTPUT 1 "cout";
L_0000014ddfe2e9f0 .functor XOR 1, L_0000014ddfd9e590, L_0000014ddfd9e6d0, C4<0>, C4<0>;
L_0000014ddfe2dcd0 .functor XOR 1, L_0000014ddfe2e9f0, L_0000014ddfd9e770, C4<0>, C4<0>;
L_0000014ddfe2de90 .functor AND 1, L_0000014ddfd9e590, L_0000014ddfd9e6d0, C4<1>, C4<1>;
L_0000014ddfe2e280 .functor XOR 1, L_0000014ddfd9e590, L_0000014ddfd9e6d0, C4<0>, C4<0>;
L_0000014ddfe2dfe0 .functor AND 1, L_0000014ddfd9e770, L_0000014ddfe2e280, C4<1>, C4<1>;
L_0000014ddfe2e2f0 .functor OR 1, L_0000014ddfe2de90, L_0000014ddfe2dfe0, C4<0>, C4<0>;
v0000014ddfd2df90_0 .net *"_ivl_0", 0 0, L_0000014ddfe2e9f0;  1 drivers
v0000014ddfd2f7f0_0 .net *"_ivl_4", 0 0, L_0000014ddfe2de90;  1 drivers
v0000014ddfd2e0d0_0 .net *"_ivl_6", 0 0, L_0000014ddfe2e280;  1 drivers
v0000014ddfd2ed50_0 .net *"_ivl_8", 0 0, L_0000014ddfe2dfe0;  1 drivers
v0000014ddfd2f2f0_0 .net "a", 0 0, L_0000014ddfd9e590;  1 drivers
v0000014ddfd2dc70_0 .net "b", 0 0, L_0000014ddfd9e6d0;  1 drivers
v0000014ddfd2f390_0 .net "cin", 0 0, L_0000014ddfd9e770;  1 drivers
v0000014ddfd2f930_0 .net "cout", 0 0, L_0000014ddfe2e2f0;  1 drivers
v0000014ddfd2efd0_0 .net "sum", 0 0, L_0000014ddfe2dcd0;  1 drivers
S_0000014ddfd24840 .scope generate, "fa_gen[18]" "fa_gen[18]" 7 16, 7 16 0, S_0000014ddfd0ce40;
 .timescale 0 0;
P_0000014ddfc529c0 .param/l "i" 0 7 16, +C4<010010>;
S_0000014ddfd251a0 .scope module, "fa" "full_adder" 7 17, 7 31 0, S_0000014ddfd24840;
 .timescale 0 0;
    .port_info 0 /INPUT 1 "a";
    .port_info 1 /INPUT 1 "b";
    .port_info 2 /INPUT 1 "cin";
    .port_info 3 /OUTPUT 1 "sum";
    .port_info 4 /OUTPUT 1 "cout";
L_0000014ddfe2f5c0 .functor XOR 1, L_0000014ddfd9eb30, L_0000014ddfd9e810, C4<0>, C4<0>;
L_0000014ddfe2f630 .functor XOR 1, L_0000014ddfe2f5c0, L_0000014ddfd9e950, C4<0>, C4<0>;
L_0000014ddfe2db80 .functor AND 1, L_0000014ddfd9eb30, L_0000014ddfd9e810, C4<1>, C4<1>;
L_0000014ddfe2e360 .functor XOR 1, L_0000014ddfd9eb30, L_0000014ddfd9e810, C4<0>, C4<0>;
L_0000014ddfe2e3d0 .functor AND 1, L_0000014ddfd9e950, L_0000014ddfe2e360, C4<1>, C4<1>;
L_0000014ddfe2e440 .functor OR 1, L_0000014ddfe2db80, L_0000014ddfe2e3d0, C4<0>, C4<0>;
v0000014ddfd2f430_0 .net *"_ivl_0", 0 0, L_0000014ddfe2f5c0;  1 drivers
v0000014ddfd2fcf0_0 .net *"_ivl_4", 0 0, L_0000014ddfe2db80;  1 drivers
v0000014ddfd2dd10_0 .net *"_ivl_6", 0 0, L_0000014ddfe2e360;  1 drivers
v0000014ddfd2e210_0 .net *"_ivl_8", 0 0, L_0000014ddfe2e3d0;  1 drivers
v0000014ddfd2e490_0 .net "a", 0 0, L_0000014ddfd9eb30;  1 drivers
v0000014ddfd2f4d0_0 .net "b", 0 0, L_0000014ddfd9e810;  1 drivers
v0000014ddfd2e710_0 .net "cin", 0 0, L_0000014ddfd9e950;  1 drivers
v0000014ddfd2e7b0_0 .net "cout", 0 0, L_0000014ddfe2e440;  1 drivers
v0000014ddfd2e8f0_0 .net "sum", 0 0, L_0000014ddfe2f630;  1 drivers
S_0000014ddfd24cf0 .scope generate, "fa_gen[19]" "fa_gen[19]" 7 16, 7 16 0, S_0000014ddfd0ce40;
 .timescale 0 0;
P_0000014ddfc52ac0 .param/l "i" 0 7 16, +C4<010011>;
S_0000014ddfd25330 .scope module, "fa" "full_adder" 7 17, 7 31 0, S_0000014ddfd24cf0;
 .timescale 0 0;
    .port_info 0 /INPUT 1 "a";
    .port_info 1 /INPUT 1 "b";
    .port_info 2 /INPUT 1 "cin";
    .port_info 3 /OUTPUT 1 "sum";
    .port_info 4 /OUTPUT 1 "cout";
L_0000014ddfe2f320 .functor XOR 1, L_0000014ddfd9ec70, L_0000014ddfd9ebd0, C4<0>, C4<0>;
L_0000014ddfe2e4b0 .functor XOR 1, L_0000014ddfe2f320, L_0000014ddfd9f2b0, C4<0>, C4<0>;
L_0000014ddfe2daa0 .functor AND 1, L_0000014ddfd9ec70, L_0000014ddfd9ebd0, C4<1>, C4<1>;
L_0000014ddfe2e520 .functor XOR 1, L_0000014ddfd9ec70, L_0000014ddfd9ebd0, C4<0>, C4<0>;
L_0000014ddfe2ec20 .functor AND 1, L_0000014ddfd9f2b0, L_0000014ddfe2e520, C4<1>, C4<1>;
L_0000014ddfe2ddb0 .functor OR 1, L_0000014ddfe2daa0, L_0000014ddfe2ec20, C4<0>, C4<0>;
v0000014ddfd2f750_0 .net *"_ivl_0", 0 0, L_0000014ddfe2f320;  1 drivers
v0000014ddfd2e990_0 .net *"_ivl_4", 0 0, L_0000014ddfe2daa0;  1 drivers
v0000014ddfd2ead0_0 .net *"_ivl_6", 0 0, L_0000014ddfe2e520;  1 drivers
v0000014ddfd2ec10_0 .net *"_ivl_8", 0 0, L_0000014ddfe2ec20;  1 drivers
v0000014ddfd2edf0_0 .net "a", 0 0, L_0000014ddfd9ec70;  1 drivers
v0000014ddfd2ee90_0 .net "b", 0 0, L_0000014ddfd9ebd0;  1 drivers
v0000014ddfd2ef30_0 .net "cin", 0 0, L_0000014ddfd9f2b0;  1 drivers
v0000014ddfd2f070_0 .net "cout", 0 0, L_0000014ddfe2ddb0;  1 drivers
v0000014ddfd2f110_0 .net "sum", 0 0, L_0000014ddfe2e4b0;  1 drivers
S_0000014ddfd24b60 .scope generate, "fa_gen[20]" "fa_gen[20]" 7 16, 7 16 0, S_0000014ddfd0ce40;
 .timescale 0 0;
P_0000014ddfc52bc0 .param/l "i" 0 7 16, +C4<010100>;
S_0000014ddfd249d0 .scope module, "fa" "full_adder" 7 17, 7 31 0, S_0000014ddfd24b60;
 .timescale 0 0;
    .port_info 0 /INPUT 1 "a";
    .port_info 1 /INPUT 1 "b";
    .port_info 2 /INPUT 1 "cin";
    .port_info 3 /OUTPUT 1 "sum";
    .port_info 4 /OUTPUT 1 "cout";
L_0000014ddfe2e050 .functor XOR 1, L_0000014ddfd9f490, L_0000014ddfd9fa30, C4<0>, C4<0>;
L_0000014ddfe2db10 .functor XOR 1, L_0000014ddfe2e050, L_0000014ddfd9dcd0, C4<0>, C4<0>;
L_0000014ddfe2e0c0 .functor AND 1, L_0000014ddfd9f490, L_0000014ddfd9fa30, C4<1>, C4<1>;
L_0000014ddfe2ea60 .functor XOR 1, L_0000014ddfd9f490, L_0000014ddfd9fa30, C4<0>, C4<0>;
L_0000014ddfe2e130 .functor AND 1, L_0000014ddfd9dcd0, L_0000014ddfe2ea60, C4<1>, C4<1>;
L_0000014ddfe2e590 .functor OR 1, L_0000014ddfe2e0c0, L_0000014ddfe2e130, C4<0>, C4<0>;
v0000014ddfd2f1b0_0 .net *"_ivl_0", 0 0, L_0000014ddfe2e050;  1 drivers
v0000014ddfd2f570_0 .net *"_ivl_4", 0 0, L_0000014ddfe2e0c0;  1 drivers
v0000014ddfd30bf0_0 .net *"_ivl_6", 0 0, L_0000014ddfe2ea60;  1 drivers
v0000014ddfd32590_0 .net *"_ivl_8", 0 0, L_0000014ddfe2e130;  1 drivers
v0000014ddfd30ab0_0 .net "a", 0 0, L_0000014ddfd9f490;  1 drivers
v0000014ddfd324f0_0 .net "b", 0 0, L_0000014ddfd9fa30;  1 drivers
v0000014ddfd32090_0 .net "cin", 0 0, L_0000014ddfd9dcd0;  1 drivers
v0000014ddfd319b0_0 .net "cout", 0 0, L_0000014ddfe2e590;  1 drivers
v0000014ddfd32630_0 .net "sum", 0 0, L_0000014ddfe2db10;  1 drivers
S_0000014ddfd3e6e0 .scope generate, "fa_gen[21]" "fa_gen[21]" 7 16, 7 16 0, S_0000014ddfd0ce40;
 .timescale 0 0;
P_0000014ddfc525c0 .param/l "i" 0 7 16, +C4<010101>;
S_0000014ddfd3ed20 .scope module, "fa" "full_adder" 7 17, 7 31 0, S_0000014ddfd3e6e0;
 .timescale 0 0;
    .port_info 0 /INPUT 1 "a";
    .port_info 1 /INPUT 1 "b";
    .port_info 2 /INPUT 1 "cin";
    .port_info 3 /OUTPUT 1 "sum";
    .port_info 4 /OUTPUT 1 "cout";
L_0000014ddfe2dbf0 .functor XOR 1, L_0000014ddfd9fb70, L_0000014ddfd9ed10, C4<0>, C4<0>;
L_0000014ddfe2e600 .functor XOR 1, L_0000014ddfe2dbf0, L_0000014ddfd9e9f0, C4<0>, C4<0>;
L_0000014ddfe2f080 .functor AND 1, L_0000014ddfd9fb70, L_0000014ddfd9ed10, C4<1>, C4<1>;
L_0000014ddfe2e7c0 .functor XOR 1, L_0000014ddfd9fb70, L_0000014ddfd9ed10, C4<0>, C4<0>;
L_0000014ddfe2e670 .functor AND 1, L_0000014ddfd9e9f0, L_0000014ddfe2e7c0, C4<1>, C4<1>;
L_0000014ddfe2de20 .functor OR 1, L_0000014ddfe2f080, L_0000014ddfe2e670, C4<0>, C4<0>;
v0000014ddfd31a50_0 .net *"_ivl_0", 0 0, L_0000014ddfe2dbf0;  1 drivers
v0000014ddfd31ff0_0 .net *"_ivl_4", 0 0, L_0000014ddfe2f080;  1 drivers
v0000014ddfd31af0_0 .net *"_ivl_6", 0 0, L_0000014ddfe2e7c0;  1 drivers
v0000014ddfd30b50_0 .net *"_ivl_8", 0 0, L_0000014ddfe2e670;  1 drivers
v0000014ddfd32130_0 .net "a", 0 0, L_0000014ddfd9fb70;  1 drivers
v0000014ddfd31e10_0 .net "b", 0 0, L_0000014ddfd9ed10;  1 drivers
v0000014ddfd326d0_0 .net "cin", 0 0, L_0000014ddfd9e9f0;  1 drivers
v0000014ddfd317d0_0 .net "cout", 0 0, L_0000014ddfe2de20;  1 drivers
v0000014ddfd31eb0_0 .net "sum", 0 0, L_0000014ddfe2e600;  1 drivers
S_0000014ddfd3f9a0 .scope generate, "fa_gen[22]" "fa_gen[22]" 7 16, 7 16 0, S_0000014ddfd0ce40;
 .timescale 0 0;
P_0000014ddfc523c0 .param/l "i" 0 7 16, +C4<010110>;
S_0000014ddfd3ea00 .scope module, "fa" "full_adder" 7 17, 7 31 0, S_0000014ddfd3f9a0;
 .timescale 0 0;
    .port_info 0 /INPUT 1 "a";
    .port_info 1 /INPUT 1 "b";
    .port_info 2 /INPUT 1 "cin";
    .port_info 3 /OUTPUT 1 "sum";
    .port_info 4 /OUTPUT 1 "cout";
L_0000014ddfe2e6e0 .functor XOR 1, L_0000014ddfd9edb0, L_0000014ddfd9ee50, C4<0>, C4<0>;
L_0000014ddfe2df00 .functor XOR 1, L_0000014ddfe2e6e0, L_0000014ddfd9ef90, C4<0>, C4<0>;
L_0000014ddfe2e750 .functor AND 1, L_0000014ddfd9edb0, L_0000014ddfd9ee50, C4<1>, C4<1>;
L_0000014ddfe2e830 .functor XOR 1, L_0000014ddfd9edb0, L_0000014ddfd9ee50, C4<0>, C4<0>;
L_0000014ddfe2e8a0 .functor AND 1, L_0000014ddfd9ef90, L_0000014ddfe2e830, C4<1>, C4<1>;
L_0000014ddfe2dc60 .functor OR 1, L_0000014ddfe2e750, L_0000014ddfe2e8a0, C4<0>, C4<0>;
v0000014ddfd30510_0 .net *"_ivl_0", 0 0, L_0000014ddfe2e6e0;  1 drivers
v0000014ddfd31550_0 .net *"_ivl_4", 0 0, L_0000014ddfe2e750;  1 drivers
v0000014ddfd310f0_0 .net *"_ivl_6", 0 0, L_0000014ddfe2e830;  1 drivers
v0000014ddfd32770_0 .net *"_ivl_8", 0 0, L_0000014ddfe2e8a0;  1 drivers
v0000014ddfd321d0_0 .net "a", 0 0, L_0000014ddfd9edb0;  1 drivers
v0000014ddfd306f0_0 .net "b", 0 0, L_0000014ddfd9ee50;  1 drivers
v0000014ddfd308d0_0 .net "cin", 0 0, L_0000014ddfd9ef90;  1 drivers
v0000014ddfd323b0_0 .net "cout", 0 0, L_0000014ddfe2dc60;  1 drivers
v0000014ddfd32810_0 .net "sum", 0 0, L_0000014ddfe2df00;  1 drivers
S_0000014ddfd3eb90 .scope generate, "fa_gen[23]" "fa_gen[23]" 7 16, 7 16 0, S_0000014ddfd0ce40;
 .timescale 0 0;
P_0000014ddfc52b80 .param/l "i" 0 7 16, +C4<010111>;
S_0000014ddfd3e870 .scope module, "fa" "full_adder" 7 17, 7 31 0, S_0000014ddfd3eb90;
 .timescale 0 0;
    .port_info 0 /INPUT 1 "a";
    .port_info 1 /INPUT 1 "b";
    .port_info 2 /INPUT 1 "cin";
    .port_info 3 /OUTPUT 1 "sum";
    .port_info 4 /OUTPUT 1 "cout";
L_0000014ddfe2f1d0 .functor XOR 1, L_0000014ddfd9f030, L_0000014ddfd9fc10, C4<0>, C4<0>;
L_0000014ddfe2f0f0 .functor XOR 1, L_0000014ddfe2f1d0, L_0000014ddfd9f350, C4<0>, C4<0>;
L_0000014ddfe2e910 .functor AND 1, L_0000014ddfd9f030, L_0000014ddfd9fc10, C4<1>, C4<1>;
L_0000014ddfe2e980 .functor XOR 1, L_0000014ddfd9f030, L_0000014ddfd9fc10, C4<0>, C4<0>;
L_0000014ddfe2ead0 .functor AND 1, L_0000014ddfd9f350, L_0000014ddfe2e980, C4<1>, C4<1>;
L_0000014ddfe2ebb0 .functor OR 1, L_0000014ddfe2e910, L_0000014ddfe2ead0, C4<0>, C4<0>;
v0000014ddfd31690_0 .net *"_ivl_0", 0 0, L_0000014ddfe2f1d0;  1 drivers
v0000014ddfd31cd0_0 .net *"_ivl_4", 0 0, L_0000014ddfe2e910;  1 drivers
v0000014ddfd30f10_0 .net *"_ivl_6", 0 0, L_0000014ddfe2e980;  1 drivers
v0000014ddfd31730_0 .net *"_ivl_8", 0 0, L_0000014ddfe2ead0;  1 drivers
v0000014ddfd30c90_0 .net "a", 0 0, L_0000014ddfd9f030;  1 drivers
v0000014ddfd32a90_0 .net "b", 0 0, L_0000014ddfd9fc10;  1 drivers
v0000014ddfd32450_0 .net "cin", 0 0, L_0000014ddfd9f350;  1 drivers
v0000014ddfd328b0_0 .net "cout", 0 0, L_0000014ddfe2ebb0;  1 drivers
v0000014ddfd32270_0 .net "sum", 0 0, L_0000014ddfe2f0f0;  1 drivers
S_0000014ddfd3ffe0 .scope generate, "fa_gen[24]" "fa_gen[24]" 7 16, 7 16 0, S_0000014ddfd0ce40;
 .timescale 0 0;
P_0000014ddfc52140 .param/l "i" 0 7 16, +C4<011000>;
S_0000014ddfd3f810 .scope module, "fa" "full_adder" 7 17, 7 31 0, S_0000014ddfd3ffe0;
 .timescale 0 0;
    .port_info 0 /INPUT 1 "a";
    .port_info 1 /INPUT 1 "b";
    .port_info 2 /INPUT 1 "cin";
    .port_info 3 /OUTPUT 1 "sum";
    .port_info 4 /OUTPUT 1 "cout";
L_0000014ddfe2ec90 .functor XOR 1, L_0000014ddfd9f3f0, L_0000014ddfd9dc30, C4<0>, C4<0>;
L_0000014ddfe2ed00 .functor XOR 1, L_0000014ddfe2ec90, L_0000014ddfd9f530, C4<0>, C4<0>;
L_0000014ddfe2ed70 .functor AND 1, L_0000014ddfd9f3f0, L_0000014ddfd9dc30, C4<1>, C4<1>;
L_0000014ddfe2ede0 .functor XOR 1, L_0000014ddfd9f3f0, L_0000014ddfd9dc30, C4<0>, C4<0>;
L_0000014ddfe2ee50 .functor AND 1, L_0000014ddfd9f530, L_0000014ddfe2ede0, C4<1>, C4<1>;
L_0000014ddfe2eec0 .functor OR 1, L_0000014ddfe2ed70, L_0000014ddfe2ee50, C4<0>, C4<0>;
v0000014ddfd31190_0 .net *"_ivl_0", 0 0, L_0000014ddfe2ec90;  1 drivers
v0000014ddfd31f50_0 .net *"_ivl_4", 0 0, L_0000014ddfe2ed70;  1 drivers
v0000014ddfd312d0_0 .net *"_ivl_6", 0 0, L_0000014ddfe2ede0;  1 drivers
v0000014ddfd31870_0 .net *"_ivl_8", 0 0, L_0000014ddfe2ee50;  1 drivers
v0000014ddfd31910_0 .net "a", 0 0, L_0000014ddfd9f3f0;  1 drivers
v0000014ddfd31230_0 .net "b", 0 0, L_0000014ddfd9dc30;  1 drivers
v0000014ddfd32950_0 .net "cin", 0 0, L_0000014ddfd9f530;  1 drivers
v0000014ddfd32b30_0 .net "cout", 0 0, L_0000014ddfe2eec0;  1 drivers
v0000014ddfd30fb0_0 .net "sum", 0 0, L_0000014ddfe2ed00;  1 drivers
S_0000014ddfd3f1d0 .scope generate, "fa_gen[25]" "fa_gen[25]" 7 16, 7 16 0, S_0000014ddfd0ce40;
 .timescale 0 0;
P_0000014ddfc52740 .param/l "i" 0 7 16, +C4<011001>;
S_0000014ddfd3fb30 .scope module, "fa" "full_adder" 7 17, 7 31 0, S_0000014ddfd3f1d0;
 .timescale 0 0;
    .port_info 0 /INPUT 1 "a";
    .port_info 1 /INPUT 1 "b";
    .port_info 2 /INPUT 1 "cin";
    .port_info 3 /OUTPUT 1 "sum";
    .port_info 4 /OUTPUT 1 "cout";
L_0000014ddfe2efa0 .functor XOR 1, L_0000014ddfd9f5d0, L_0000014ddfd9f670, C4<0>, C4<0>;
L_0000014ddfe2ef30 .functor XOR 1, L_0000014ddfe2efa0, L_0000014ddfd9ff30, C4<0>, C4<0>;
L_0000014ddfe2f010 .functor AND 1, L_0000014ddfd9f5d0, L_0000014ddfd9f670, C4<1>, C4<1>;
L_0000014ddfe2f2b0 .functor XOR 1, L_0000014ddfd9f5d0, L_0000014ddfd9f670, C4<0>, C4<0>;
L_0000014ddfe2f390 .functor AND 1, L_0000014ddfd9ff30, L_0000014ddfe2f2b0, C4<1>, C4<1>;
L_0000014ddfe2f400 .functor OR 1, L_0000014ddfe2f010, L_0000014ddfe2f390, C4<0>, C4<0>;
v0000014ddfd30dd0_0 .net *"_ivl_0", 0 0, L_0000014ddfe2efa0;  1 drivers
v0000014ddfd32310_0 .net *"_ivl_4", 0 0, L_0000014ddfe2f010;  1 drivers
v0000014ddfd329f0_0 .net *"_ivl_6", 0 0, L_0000014ddfe2f2b0;  1 drivers
v0000014ddfd314b0_0 .net *"_ivl_8", 0 0, L_0000014ddfe2f390;  1 drivers
v0000014ddfd30e70_0 .net "a", 0 0, L_0000014ddfd9f5d0;  1 drivers
v0000014ddfd303d0_0 .net "b", 0 0, L_0000014ddfd9f670;  1 drivers
v0000014ddfd30d30_0 .net "cin", 0 0, L_0000014ddfd9ff30;  1 drivers
v0000014ddfd315f0_0 .net "cout", 0 0, L_0000014ddfe2f400;  1 drivers
v0000014ddfd30470_0 .net "sum", 0 0, L_0000014ddfe2ef30;  1 drivers
S_0000014ddfd40170 .scope generate, "fa_gen[26]" "fa_gen[26]" 7 16, 7 16 0, S_0000014ddfd0ce40;
 .timescale 0 0;
P_0000014ddfc53000 .param/l "i" 0 7 16, +C4<011010>;
S_0000014ddfd3e3c0 .scope module, "fa" "full_adder" 7 17, 7 31 0, S_0000014ddfd40170;
 .timescale 0 0;
    .port_info 0 /INPUT 1 "a";
    .port_info 1 /INPUT 1 "b";
    .port_info 2 /INPUT 1 "cin";
    .port_info 3 /OUTPUT 1 "sum";
    .port_info 4 /OUTPUT 1 "cout";
L_0000014ddfe2f470 .functor XOR 1, L_0000014ddfd9ffd0, L_0000014ddfd9da50, C4<0>, C4<0>;
L_0000014ddfe30eb0 .functor XOR 1, L_0000014ddfe2f470, L_0000014ddfd9daf0, C4<0>, C4<0>;
L_0000014ddfe30270 .functor AND 1, L_0000014ddfd9ffd0, L_0000014ddfd9da50, C4<1>, C4<1>;
L_0000014ddfe303c0 .functor XOR 1, L_0000014ddfd9ffd0, L_0000014ddfd9da50, C4<0>, C4<0>;
L_0000014ddfe2f9b0 .functor AND 1, L_0000014ddfd9daf0, L_0000014ddfe303c0, C4<1>, C4<1>;
L_0000014ddfe30190 .functor OR 1, L_0000014ddfe30270, L_0000014ddfe2f9b0, C4<0>, C4<0>;
v0000014ddfd305b0_0 .net *"_ivl_0", 0 0, L_0000014ddfe2f470;  1 drivers
v0000014ddfd31c30_0 .net *"_ivl_4", 0 0, L_0000014ddfe30270;  1 drivers
v0000014ddfd30650_0 .net *"_ivl_6", 0 0, L_0000014ddfe303c0;  1 drivers
v0000014ddfd31370_0 .net *"_ivl_8", 0 0, L_0000014ddfe2f9b0;  1 drivers
v0000014ddfd31b90_0 .net "a", 0 0, L_0000014ddfd9ffd0;  1 drivers
v0000014ddfd30790_0 .net "b", 0 0, L_0000014ddfd9da50;  1 drivers
v0000014ddfd31050_0 .net "cin", 0 0, L_0000014ddfd9daf0;  1 drivers
v0000014ddfd31410_0 .net "cout", 0 0, L_0000014ddfe30190;  1 drivers
v0000014ddfd31d70_0 .net "sum", 0 0, L_0000014ddfe30eb0;  1 drivers
S_0000014ddfd3eeb0 .scope generate, "fa_gen[27]" "fa_gen[27]" 7 16, 7 16 0, S_0000014ddfd0ce40;
 .timescale 0 0;
P_0000014ddfc53040 .param/l "i" 0 7 16, +C4<011011>;
S_0000014ddfd3e550 .scope module, "fa" "full_adder" 7 17, 7 31 0, S_0000014ddfd3eeb0;
 .timescale 0 0;
    .port_info 0 /INPUT 1 "a";
    .port_info 1 /INPUT 1 "b";
    .port_info 2 /INPUT 1 "cin";
    .port_info 3 /OUTPUT 1 "sum";
    .port_info 4 /OUTPUT 1 "cout";
L_0000014ddfe30040 .functor XOR 1, L_0000014ddfd9db90, L_0000014ddfd9de10, C4<0>, C4<0>;
L_0000014ddfe2fb70 .functor XOR 1, L_0000014ddfe30040, L_0000014ddfd9deb0, C4<0>, C4<0>;
L_0000014ddfe30a50 .functor AND 1, L_0000014ddfd9db90, L_0000014ddfd9de10, C4<1>, C4<1>;
L_0000014ddfe30430 .functor XOR 1, L_0000014ddfd9db90, L_0000014ddfd9de10, C4<0>, C4<0>;
L_0000014ddfe310e0 .functor AND 1, L_0000014ddfd9deb0, L_0000014ddfe30430, C4<1>, C4<1>;
L_0000014ddfe30cf0 .functor OR 1, L_0000014ddfe30a50, L_0000014ddfe310e0, C4<0>, C4<0>;
v0000014ddfd30830_0 .net *"_ivl_0", 0 0, L_0000014ddfe30040;  1 drivers
v0000014ddfd30970_0 .net *"_ivl_4", 0 0, L_0000014ddfe30a50;  1 drivers
v0000014ddfd30a10_0 .net *"_ivl_6", 0 0, L_0000014ddfe30430;  1 drivers
v0000014ddfd34c50_0 .net *"_ivl_8", 0 0, L_0000014ddfe310e0;  1 drivers
v0000014ddfd35290_0 .net "a", 0 0, L_0000014ddfd9db90;  1 drivers
v0000014ddfd34390_0 .net "b", 0 0, L_0000014ddfd9de10;  1 drivers
v0000014ddfd335d0_0 .net "cin", 0 0, L_0000014ddfd9deb0;  1 drivers
v0000014ddfd34890_0 .net "cout", 0 0, L_0000014ddfe30cf0;  1 drivers
v0000014ddfd34930_0 .net "sum", 0 0, L_0000014ddfe2fb70;  1 drivers
S_0000014ddfd3f040 .scope generate, "fa_gen[28]" "fa_gen[28]" 7 16, 7 16 0, S_0000014ddfd0ce40;
 .timescale 0 0;
P_0000014ddfc52100 .param/l "i" 0 7 16, +C4<011100>;
S_0000014ddfd3f680 .scope module, "fa" "full_adder" 7 17, 7 31 0, S_0000014ddfd3f040;
 .timescale 0 0;
    .port_info 0 /INPUT 1 "a";
    .port_info 1 /INPUT 1 "b";
    .port_info 2 /INPUT 1 "cin";
    .port_info 3 /OUTPUT 1 "sum";
    .port_info 4 /OUTPUT 1 "cout";
L_0000014ddfe30b30 .functor XOR 1, L_0000014ddfda0430, L_0000014ddfda0250, C4<0>, C4<0>;
L_0000014ddfe2f6a0 .functor XOR 1, L_0000014ddfe30b30, L_0000014ddfda2730, C4<0>, C4<0>;
L_0000014ddfe30f20 .functor AND 1, L_0000014ddfda0430, L_0000014ddfda0250, C4<1>, C4<1>;
L_0000014ddfe2ffd0 .functor XOR 1, L_0000014ddfda0430, L_0000014ddfda0250, C4<0>, C4<0>;
L_0000014ddfe2fa20 .functor AND 1, L_0000014ddfda2730, L_0000014ddfe2ffd0, C4<1>, C4<1>;
L_0000014ddfe2fbe0 .functor OR 1, L_0000014ddfe30f20, L_0000014ddfe2fa20, C4<0>, C4<0>;
v0000014ddfd347f0_0 .net *"_ivl_0", 0 0, L_0000014ddfe30b30;  1 drivers
v0000014ddfd33990_0 .net *"_ivl_4", 0 0, L_0000014ddfe30f20;  1 drivers
v0000014ddfd34250_0 .net *"_ivl_6", 0 0, L_0000014ddfe2ffd0;  1 drivers
v0000014ddfd349d0_0 .net *"_ivl_8", 0 0, L_0000014ddfe2fa20;  1 drivers
v0000014ddfd32db0_0 .net "a", 0 0, L_0000014ddfda0430;  1 drivers
v0000014ddfd33350_0 .net "b", 0 0, L_0000014ddfda0250;  1 drivers
v0000014ddfd333f0_0 .net "cin", 0 0, L_0000014ddfda2730;  1 drivers
v0000014ddfd34430_0 .net "cout", 0 0, L_0000014ddfe2fbe0;  1 drivers
v0000014ddfd33f30_0 .net "sum", 0 0, L_0000014ddfe2f6a0;  1 drivers
S_0000014ddfd3f360 .scope generate, "fa_gen[29]" "fa_gen[29]" 7 16, 7 16 0, S_0000014ddfd0ce40;
 .timescale 0 0;
P_0000014ddfc52600 .param/l "i" 0 7 16, +C4<011101>;
S_0000014ddfd3f4f0 .scope module, "fa" "full_adder" 7 17, 7 31 0, S_0000014ddfd3f360;
 .timescale 0 0;
    .port_info 0 /INPUT 1 "a";
    .port_info 1 /INPUT 1 "b";
    .port_info 2 /INPUT 1 "cin";
    .port_info 3 /OUTPUT 1 "sum";
    .port_info 4 /OUTPUT 1 "cout";
L_0000014ddfe30200 .functor XOR 1, L_0000014ddfda11f0, L_0000014ddfda1510, C4<0>, C4<0>;
L_0000014ddfe2fb00 .functor XOR 1, L_0000014ddfe30200, L_0000014ddfda1d30, C4<0>, C4<0>;
L_0000014ddfe302e0 .functor AND 1, L_0000014ddfda11f0, L_0000014ddfda1510, C4<1>, C4<1>;
L_0000014ddfe30ac0 .functor XOR 1, L_0000014ddfda11f0, L_0000014ddfda1510, C4<0>, C4<0>;
L_0000014ddfe30970 .functor AND 1, L_0000014ddfda1d30, L_0000014ddfe30ac0, C4<1>, C4<1>;
L_0000014ddfe2f710 .functor OR 1, L_0000014ddfe302e0, L_0000014ddfe30970, C4<0>, C4<0>;
v0000014ddfd34f70_0 .net *"_ivl_0", 0 0, L_0000014ddfe30200;  1 drivers
v0000014ddfd35010_0 .net *"_ivl_4", 0 0, L_0000014ddfe302e0;  1 drivers
v0000014ddfd32d10_0 .net *"_ivl_6", 0 0, L_0000014ddfe30ac0;  1 drivers
v0000014ddfd33d50_0 .net *"_ivl_8", 0 0, L_0000014ddfe30970;  1 drivers
v0000014ddfd32e50_0 .net "a", 0 0, L_0000014ddfda11f0;  1 drivers
v0000014ddfd33710_0 .net "b", 0 0, L_0000014ddfda1510;  1 drivers
v0000014ddfd34d90_0 .net "cin", 0 0, L_0000014ddfda1d30;  1 drivers
v0000014ddfd32ef0_0 .net "cout", 0 0, L_0000014ddfe2f710;  1 drivers
v0000014ddfd34cf0_0 .net "sum", 0 0, L_0000014ddfe2fb00;  1 drivers
S_0000014ddfd3fcc0 .scope generate, "fa_gen[30]" "fa_gen[30]" 7 16, 7 16 0, S_0000014ddfd0ce40;
 .timescale 0 0;
P_0000014ddfc52fc0 .param/l "i" 0 7 16, +C4<011110>;
S_0000014ddfd3fe50 .scope module, "fa" "full_adder" 7 17, 7 31 0, S_0000014ddfd3fcc0;
 .timescale 0 0;
    .port_info 0 /INPUT 1 "a";
    .port_info 1 /INPUT 1 "b";
    .port_info 2 /INPUT 1 "cin";
    .port_info 3 /OUTPUT 1 "sum";
    .port_info 4 /OUTPUT 1 "cout";
L_0000014ddfe2fa90 .functor XOR 1, L_0000014ddfda1dd0, L_0000014ddfda16f0, C4<0>, C4<0>;
L_0000014ddfe30350 .functor XOR 1, L_0000014ddfe2fa90, L_0000014ddfda2370, C4<0>, C4<0>;
L_0000014ddfe30ba0 .functor AND 1, L_0000014ddfda1dd0, L_0000014ddfda16f0, C4<1>, C4<1>;
L_0000014ddfe2ff60 .functor XOR 1, L_0000014ddfda1dd0, L_0000014ddfda16f0, C4<0>, C4<0>;
L_0000014ddfe311c0 .functor AND 1, L_0000014ddfda2370, L_0000014ddfe2ff60, C4<1>, C4<1>;
L_0000014ddfe31150 .functor OR 1, L_0000014ddfe30ba0, L_0000014ddfe311c0, C4<0>, C4<0>;
v0000014ddfd32f90_0 .net *"_ivl_0", 0 0, L_0000014ddfe2fa90;  1 drivers
v0000014ddfd33030_0 .net *"_ivl_4", 0 0, L_0000014ddfe30ba0;  1 drivers
v0000014ddfd33e90_0 .net *"_ivl_6", 0 0, L_0000014ddfe2ff60;  1 drivers
v0000014ddfd344d0_0 .net *"_ivl_8", 0 0, L_0000014ddfe311c0;  1 drivers
v0000014ddfd330d0_0 .net "a", 0 0, L_0000014ddfda1dd0;  1 drivers
v0000014ddfd34570_0 .net "b", 0 0, L_0000014ddfda16f0;  1 drivers
v0000014ddfd33fd0_0 .net "cin", 0 0, L_0000014ddfda2370;  1 drivers
v0000014ddfd350b0_0 .net "cout", 0 0, L_0000014ddfe31150;  1 drivers
v0000014ddfd33a30_0 .net "sum", 0 0, L_0000014ddfe30350;  1 drivers
S_0000014ddfd41b40 .scope generate, "fa_gen[31]" "fa_gen[31]" 7 16, 7 16 0, S_0000014ddfd0ce40;
 .timescale 0 0;
P_0000014ddfc52880 .param/l "i" 0 7 16, +C4<011111>;
S_0000014ddfd41ff0 .scope module, "fa" "full_adder" 7 17, 7 31 0, S_0000014ddfd41b40;
 .timescale 0 0;
    .port_info 0 /INPUT 1 "a";
    .port_info 1 /INPUT 1 "b";
    .port_info 2 /INPUT 1 "cin";
    .port_info 3 /OUTPUT 1 "sum";
    .port_info 4 /OUTPUT 1 "cout";
L_0000014ddfe2fc50 .functor XOR 1, L_0000014ddfda02f0, L_0000014ddfda27d0, C4<0>, C4<0>;
L_0000014ddfe309e0 .functor XOR 1, L_0000014ddfe2fc50, L_0000014ddfda0f70, C4<0>, C4<0>;
L_0000014ddfe2fef0 .functor AND 1, L_0000014ddfda02f0, L_0000014ddfda27d0, C4<1>, C4<1>;
L_0000014ddfe31230 .functor XOR 1, L_0000014ddfda02f0, L_0000014ddfda27d0, C4<0>, C4<0>;
L_0000014ddfe2fcc0 .functor AND 1, L_0000014ddfda0f70, L_0000014ddfe31230, C4<1>, C4<1>;
L_0000014ddfe2f7f0 .functor OR 1, L_0000014ddfe2fef0, L_0000014ddfe2fcc0, C4<0>, C4<0>;
v0000014ddfd33170_0 .net *"_ivl_0", 0 0, L_0000014ddfe2fc50;  1 drivers
v0000014ddfd33490_0 .net *"_ivl_4", 0 0, L_0000014ddfe2fef0;  1 drivers
v0000014ddfd33210_0 .net *"_ivl_6", 0 0, L_0000014ddfe31230;  1 drivers
v0000014ddfd32bd0_0 .net *"_ivl_8", 0 0, L_0000014ddfe2fcc0;  1 drivers
v0000014ddfd33ad0_0 .net "a", 0 0, L_0000014ddfda02f0;  1 drivers
v0000014ddfd34a70_0 .net "b", 0 0, L_0000014ddfda27d0;  1 drivers
v0000014ddfd34bb0_0 .net "cin", 0 0, L_0000014ddfda0f70;  1 drivers
v0000014ddfd34070_0 .net "cout", 0 0, L_0000014ddfe2f7f0;  1 drivers
v0000014ddfd33530_0 .net "sum", 0 0, L_0000014ddfe309e0;  1 drivers
S_0000014ddfd403d0 .scope module, "rca_sub" "ripple_carry_adder" 4 47, 7 3 0, S_0000014ddf96f150;
 .timescale 0 0;
    .port_info 0 /INPUT 32 "A";
    .port_info 1 /INPUT 32 "B";
    .port_info 2 /INPUT 1 "Cin";
    .port_info 3 /OUTPUT 32 "Sum";
    .port_info 4 /OUTPUT 1 "Cout";
L_0000014ddfda4cb0 .functor BUFT 1, C4<1>, C4<0>, C4<0>, C4<0>;
L_0000014ddfe10f60 .functor BUFZ 1, L_0000014ddfda4cb0, C4<0>, C4<0>, C4<0>;
v0000014ddfd4d680_0 .net "A", 31 0, v0000014ddfd7d200_0;  alias, 1 drivers
v0000014ddfd4d720_0 .net "B", 31 0, L_0000014ddfe11900;  1 drivers
v0000014ddfd4d7c0_0 .net "Cin", 0 0, L_0000014ddfda4cb0;  1 drivers
v0000014ddfd4ca00_0 .net "Cout", 0 0, L_0000014ddfd9c1f0;  alias, 1 drivers
v0000014ddfd4d9a0_0 .net "Sum", 31 0, L_0000014ddfd9d2d0;  alias, 1 drivers
v0000014ddfd4da40_0 .net *"_ivl_229", 0 0, L_0000014ddfe10f60;  1 drivers
v0000014ddfd4dae0_0 .net "carry", 32 0, L_0000014ddfd9c150;  1 drivers
L_0000014ddfd98cd0 .part v0000014ddfd7d200_0, 0, 1;
L_0000014ddfd99770 .part L_0000014ddfe11900, 0, 1;
L_0000014ddfd9a2b0 .part L_0000014ddfd9c150, 0, 1;
L_0000014ddfd9b070 .part v0000014ddfd7d200_0, 1, 1;
L_0000014ddfd99c70 .part L_0000014ddfe11900, 1, 1;
L_0000014ddfd996d0 .part L_0000014ddfd9c150, 1, 1;
L_0000014ddfd99950 .part v0000014ddfd7d200_0, 2, 1;
L_0000014ddfd9a670 .part L_0000014ddfe11900, 2, 1;
L_0000014ddfd9a0d0 .part L_0000014ddfd9c150, 2, 1;
L_0000014ddfd98910 .part v0000014ddfd7d200_0, 3, 1;
L_0000014ddfd9aad0 .part L_0000014ddfe11900, 3, 1;
L_0000014ddfd999f0 .part L_0000014ddfd9c150, 3, 1;
L_0000014ddfd991d0 .part v0000014ddfd7d200_0, 4, 1;
L_0000014ddfd99ef0 .part L_0000014ddfe11900, 4, 1;
L_0000014ddfd98eb0 .part L_0000014ddfd9c150, 4, 1;
L_0000014ddfd99f90 .part v0000014ddfd7d200_0, 5, 1;
L_0000014ddfd989b0 .part L_0000014ddfe11900, 5, 1;
L_0000014ddfd9aa30 .part L_0000014ddfd9c150, 5, 1;
L_0000014ddfd99450 .part v0000014ddfd7d200_0, 6, 1;
L_0000014ddfd99a90 .part L_0000014ddfe11900, 6, 1;
L_0000014ddfd98af0 .part L_0000014ddfd9c150, 6, 1;
L_0000014ddfd9a170 .part v0000014ddfd7d200_0, 7, 1;
L_0000014ddfd9afd0 .part L_0000014ddfe11900, 7, 1;
L_0000014ddfd98b90 .part L_0000014ddfd9c150, 7, 1;
L_0000014ddfd99090 .part v0000014ddfd7d200_0, 8, 1;
L_0000014ddfd98d70 .part L_0000014ddfe11900, 8, 1;
L_0000014ddfd99130 .part L_0000014ddfd9c150, 8, 1;
L_0000014ddfd9a850 .part v0000014ddfd7d200_0, 9, 1;
L_0000014ddfd9a710 .part L_0000014ddfe11900, 9, 1;
L_0000014ddfd9ab70 .part L_0000014ddfd9c150, 9, 1;
L_0000014ddfd99b30 .part v0000014ddfd7d200_0, 10, 1;
L_0000014ddfd98e10 .part L_0000014ddfe11900, 10, 1;
L_0000014ddfd98f50 .part L_0000014ddfd9c150, 10, 1;
L_0000014ddfd99bd0 .part v0000014ddfd7d200_0, 11, 1;
L_0000014ddfd9a530 .part L_0000014ddfe11900, 11, 1;
L_0000014ddfd99270 .part L_0000014ddfd9c150, 11, 1;
L_0000014ddfd99d10 .part v0000014ddfd7d200_0, 12, 1;
L_0000014ddfd9a5d0 .part L_0000014ddfe11900, 12, 1;
L_0000014ddfd98ff0 .part L_0000014ddfd9c150, 12, 1;
L_0000014ddfd99db0 .part v0000014ddfd7d200_0, 13, 1;
L_0000014ddfd99590 .part L_0000014ddfe11900, 13, 1;
L_0000014ddfd9ae90 .part L_0000014ddfd9c150, 13, 1;
L_0000014ddfd99630 .part v0000014ddfd7d200_0, 14, 1;
L_0000014ddfd993b0 .part L_0000014ddfe11900, 14, 1;
L_0000014ddfd994f0 .part L_0000014ddfd9c150, 14, 1;
L_0000014ddfd99e50 .part v0000014ddfd7d200_0, 15, 1;
L_0000014ddfd9a350 .part L_0000014ddfe11900, 15, 1;
L_0000014ddfd9ac10 .part L_0000014ddfd9c150, 15, 1;
L_0000014ddfd9a3f0 .part v0000014ddfd7d200_0, 16, 1;
L_0000014ddfd9a490 .part L_0000014ddfe11900, 16, 1;
L_0000014ddfd9a7b0 .part L_0000014ddfd9c150, 16, 1;
L_0000014ddfd9acb0 .part v0000014ddfd7d200_0, 17, 1;
L_0000014ddfd9adf0 .part L_0000014ddfe11900, 17, 1;
L_0000014ddfd9ad50 .part L_0000014ddfd9c150, 17, 1;
L_0000014ddfd9af30 .part v0000014ddfd7d200_0, 18, 1;
L_0000014ddfd9d730 .part L_0000014ddfe11900, 18, 1;
L_0000014ddfd9b1b0 .part L_0000014ddfd9c150, 18, 1;
L_0000014ddfd9b7f0 .part v0000014ddfd7d200_0, 19, 1;
L_0000014ddfd9b2f0 .part L_0000014ddfe11900, 19, 1;
L_0000014ddfd9d370 .part L_0000014ddfd9c150, 19, 1;
L_0000014ddfd9d050 .part v0000014ddfd7d200_0, 20, 1;
L_0000014ddfd9b430 .part L_0000014ddfe11900, 20, 1;
L_0000014ddfd9b390 .part L_0000014ddfd9c150, 20, 1;
L_0000014ddfd9ca10 .part v0000014ddfd7d200_0, 21, 1;
L_0000014ddfd9b750 .part L_0000014ddfe11900, 21, 1;
L_0000014ddfd9b570 .part L_0000014ddfd9c150, 21, 1;
L_0000014ddfd9be30 .part v0000014ddfd7d200_0, 22, 1;
L_0000014ddfd9cbf0 .part L_0000014ddfe11900, 22, 1;
L_0000014ddfd9d7d0 .part L_0000014ddfd9c150, 22, 1;
L_0000014ddfd9d410 .part v0000014ddfd7d200_0, 23, 1;
L_0000014ddfd9b890 .part L_0000014ddfe11900, 23, 1;
L_0000014ddfd9cab0 .part L_0000014ddfd9c150, 23, 1;
L_0000014ddfd9ce70 .part v0000014ddfd7d200_0, 24, 1;
L_0000014ddfd9d0f0 .part L_0000014ddfe11900, 24, 1;
L_0000014ddfd9c3d0 .part L_0000014ddfd9c150, 24, 1;
L_0000014ddfd9b110 .part v0000014ddfd7d200_0, 25, 1;
L_0000014ddfd9b610 .part L_0000014ddfe11900, 25, 1;
L_0000014ddfd9b930 .part L_0000014ddfd9c150, 25, 1;
L_0000014ddfd9d870 .part v0000014ddfd7d200_0, 26, 1;
L_0000014ddfd9b250 .part L_0000014ddfe11900, 26, 1;
L_0000014ddfd9b4d0 .part L_0000014ddfd9c150, 26, 1;
L_0000014ddfd9b6b0 .part v0000014ddfd7d200_0, 27, 1;
L_0000014ddfd9d4b0 .part L_0000014ddfe11900, 27, 1;
L_0000014ddfd9b9d0 .part L_0000014ddfd9c150, 27, 1;
L_0000014ddfd9ba70 .part v0000014ddfd7d200_0, 28, 1;
L_0000014ddfd9bb10 .part L_0000014ddfe11900, 28, 1;
L_0000014ddfd9bbb0 .part L_0000014ddfd9c150, 28, 1;
L_0000014ddfd9bc50 .part v0000014ddfd7d200_0, 29, 1;
L_0000014ddfd9bcf0 .part L_0000014ddfe11900, 29, 1;
L_0000014ddfd9bd90 .part L_0000014ddfd9c150, 29, 1;
L_0000014ddfd9cc90 .part v0000014ddfd7d200_0, 30, 1;
L_0000014ddfd9bed0 .part L_0000014ddfe11900, 30, 1;
L_0000014ddfd9c970 .part L_0000014ddfd9c150, 30, 1;
L_0000014ddfd9c0b0 .part v0000014ddfd7d200_0, 31, 1;
L_0000014ddfd9bf70 .part L_0000014ddfe11900, 31, 1;
L_0000014ddfd9c010 .part L_0000014ddfd9c150, 31, 1;
LS_0000014ddfd9d2d0_0_0 .concat8 [ 1 1 1 1], L_0000014ddfe0b9a0, L_0000014ddfe0cea0, L_0000014ddfe0be00, L_0000014ddfe0d370;
LS_0000014ddfd9d2d0_0_4 .concat8 [ 1 1 1 1], L_0000014ddfe0c9d0, L_0000014ddfe0bbd0, L_0000014ddfe0bee0, L_0000014ddfe0c570;
LS_0000014ddfd9d2d0_0_8 .concat8 [ 1 1 1 1], L_0000014ddfe0c7a0, L_0000014ddfe0cce0, L_0000014ddfe0ea30, L_0000014ddfe0ee90;
LS_0000014ddfd9d2d0_0_12 .concat8 [ 1 1 1 1], L_0000014ddfe0eb10, L_0000014ddfe0e9c0, L_0000014ddfe0dbc0, L_0000014ddfe0d450;
LS_0000014ddfd9d2d0_0_16 .concat8 [ 1 1 1 1], L_0000014ddfe0d4c0, L_0000014ddfe0d5a0, L_0000014ddfe0ed40, L_0000014ddfe0d840;
LS_0000014ddfd9d2d0_0_20 .concat8 [ 1 1 1 1], L_0000014ddfe0e480, L_0000014ddfe0f210, L_0000014ddfe10160, L_0000014ddfe0f440;
LS_0000014ddfd9d2d0_0_24 .concat8 [ 1 1 1 1], L_0000014ddfe0efe0, L_0000014ddfe10b70, L_0000014ddfe0ffa0, L_0000014ddfe0f3d0;
LS_0000014ddfd9d2d0_0_28 .concat8 [ 1 1 1 1], L_0000014ddfe10010, L_0000014ddfe10470, L_0000014ddfe0f360, L_0000014ddfe0f9f0;
LS_0000014ddfd9d2d0_1_0 .concat8 [ 4 4 4 4], LS_0000014ddfd9d2d0_0_0, LS_0000014ddfd9d2d0_0_4, LS_0000014ddfd9d2d0_0_8, LS_0000014ddfd9d2d0_0_12;
LS_0000014ddfd9d2d0_1_4 .concat8 [ 4 4 4 4], LS_0000014ddfd9d2d0_0_16, LS_0000014ddfd9d2d0_0_20, LS_0000014ddfd9d2d0_0_24, LS_0000014ddfd9d2d0_0_28;
L_0000014ddfd9d2d0 .concat8 [ 16 16 0 0], LS_0000014ddfd9d2d0_1_0, LS_0000014ddfd9d2d0_1_4;
LS_0000014ddfd9c150_0_0 .concat8 [ 1 1 1 1], L_0000014ddfe10f60, L_0000014ddfe0c420, L_0000014ddfe0bd20, L_0000014ddfe0c030;
LS_0000014ddfd9c150_0_4 .concat8 [ 1 1 1 1], L_0000014ddfe0cab0, L_0000014ddfe0c110, L_0000014ddfe0cc00, L_0000014ddfe0c3b0;
LS_0000014ddfd9c150_0_8 .concat8 [ 1 1 1 1], L_0000014ddfe0c730, L_0000014ddfe0c8f0, L_0000014ddfe0d140, L_0000014ddfe0d6f0;
LS_0000014ddfd9c150_0_12 .concat8 [ 1 1 1 1], L_0000014ddfe0e4f0, L_0000014ddfe0e090, L_0000014ddfe0e800, L_0000014ddfe0ecd0;
LS_0000014ddfd9c150_0_16 .concat8 [ 1 1 1 1], L_0000014ddfe0d530, L_0000014ddfe0ee20, L_0000014ddfe0dd80, L_0000014ddfe0d610;
LS_0000014ddfd9c150_0_20 .concat8 [ 1 1 1 1], L_0000014ddfe0e2c0, L_0000014ddfe10710, L_0000014ddfe0f130, L_0000014ddfe104e0;
LS_0000014ddfd9c150_0_24 .concat8 [ 1 1 1 1], L_0000014ddfe10630, L_0000014ddfe10a90, L_0000014ddfe102b0, L_0000014ddfe0f050;
LS_0000014ddfd9c150_0_28 .concat8 [ 1 1 1 1], L_0000014ddfe0f590, L_0000014ddfe0f670, L_0000014ddfe0fad0, L_0000014ddfe0f8a0;
LS_0000014ddfd9c150_0_32 .concat8 [ 1 0 0 0], L_0000014ddfe10d30;
LS_0000014ddfd9c150_1_0 .concat8 [ 4 4 4 4], LS_0000014ddfd9c150_0_0, LS_0000014ddfd9c150_0_4, LS_0000014ddfd9c150_0_8, LS_0000014ddfd9c150_0_12;
LS_0000014ddfd9c150_1_4 .concat8 [ 4 4 4 4], LS_0000014ddfd9c150_0_16, LS_0000014ddfd9c150_0_20, LS_0000014ddfd9c150_0_24, LS_0000014ddfd9c150_0_28;
LS_0000014ddfd9c150_1_8 .concat8 [ 1 0 0 0], LS_0000014ddfd9c150_0_32;
L_0000014ddfd9c150 .concat8 [ 16 16 1 0], LS_0000014ddfd9c150_1_0, LS_0000014ddfd9c150_1_4, LS_0000014ddfd9c150_1_8;
L_0000014ddfd9c1f0 .part L_0000014ddfd9c150, 32, 1;
S_0000014ddfd419b0 .scope generate, "fa_gen[0]" "fa_gen[0]" 7 16, 7 16 0, S_0000014ddfd403d0;
 .timescale 0 0;
P_0000014ddfc52900 .param/l "i" 0 7 16, +C4<00>;
S_0000014ddfd41690 .scope module, "fa" "full_adder" 7 17, 7 31 0, S_0000014ddfd419b0;
 .timescale 0 0;
    .port_info 0 /INPUT 1 "a";
    .port_info 1 /INPUT 1 "b";
    .port_info 2 /INPUT 1 "cin";
    .port_info 3 /OUTPUT 1 "sum";
    .port_info 4 /OUTPUT 1 "cout";
L_0000014ddfe0b930 .functor XOR 1, L_0000014ddfd98cd0, L_0000014ddfd99770, C4<0>, C4<0>;
L_0000014ddfe0b9a0 .functor XOR 1, L_0000014ddfe0b930, L_0000014ddfd9a2b0, C4<0>, C4<0>;
L_0000014ddfe0bf50 .functor AND 1, L_0000014ddfd98cd0, L_0000014ddfd99770, C4<1>, C4<1>;
L_0000014ddfe0c2d0 .functor XOR 1, L_0000014ddfd98cd0, L_0000014ddfd99770, C4<0>, C4<0>;
L_0000014ddfe0c180 .functor AND 1, L_0000014ddfd9a2b0, L_0000014ddfe0c2d0, C4<1>, C4<1>;
L_0000014ddfe0c420 .functor OR 1, L_0000014ddfe0bf50, L_0000014ddfe0c180, C4<0>, C4<0>;
v0000014ddfd346b0_0 .net *"_ivl_0", 0 0, L_0000014ddfe0b930;  1 drivers
v0000014ddfd34110_0 .net *"_ivl_4", 0 0, L_0000014ddfe0bf50;  1 drivers
v0000014ddfd33b70_0 .net *"_ivl_6", 0 0, L_0000014ddfe0c2d0;  1 drivers
v0000014ddfd33c10_0 .net *"_ivl_8", 0 0, L_0000014ddfe0c180;  1 drivers
v0000014ddfd33670_0 .net "a", 0 0, L_0000014ddfd98cd0;  1 drivers
v0000014ddfd33df0_0 .net "b", 0 0, L_0000014ddfd99770;  1 drivers
v0000014ddfd33850_0 .net "cin", 0 0, L_0000014ddfd9a2b0;  1 drivers
v0000014ddfd33cb0_0 .net "cout", 0 0, L_0000014ddfe0c420;  1 drivers
v0000014ddfd341b0_0 .net "sum", 0 0, L_0000014ddfe0b9a0;  1 drivers
S_0000014ddfd41e60 .scope generate, "fa_gen[1]" "fa_gen[1]" 7 16, 7 16 0, S_0000014ddfd403d0;
 .timescale 0 0;
P_0000014ddfc52f00 .param/l "i" 0 7 16, +C4<01>;
S_0000014ddfd41cd0 .scope module, "fa" "full_adder" 7 17, 7 31 0, S_0000014ddfd41e60;
 .timescale 0 0;
    .port_info 0 /INPUT 1 "a";
    .port_info 1 /INPUT 1 "b";
    .port_info 2 /INPUT 1 "cin";
    .port_info 3 /OUTPUT 1 "sum";
    .port_info 4 /OUTPUT 1 "cout";
L_0000014ddfe0cb90 .functor XOR 1, L_0000014ddfd9b070, L_0000014ddfd99c70, C4<0>, C4<0>;
L_0000014ddfe0cea0 .functor XOR 1, L_0000014ddfe0cb90, L_0000014ddfd996d0, C4<0>, C4<0>;
L_0000014ddfe0ba10 .functor AND 1, L_0000014ddfd9b070, L_0000014ddfd99c70, C4<1>, C4<1>;
L_0000014ddfe0c960 .functor XOR 1, L_0000014ddfd9b070, L_0000014ddfd99c70, C4<0>, C4<0>;
L_0000014ddfe0baf0 .functor AND 1, L_0000014ddfd996d0, L_0000014ddfe0c960, C4<1>, C4<1>;
L_0000014ddfe0bd20 .functor OR 1, L_0000014ddfe0ba10, L_0000014ddfe0baf0, C4<0>, C4<0>;
v0000014ddfd342f0_0 .net *"_ivl_0", 0 0, L_0000014ddfe0cb90;  1 drivers
v0000014ddfd34750_0 .net *"_ivl_4", 0 0, L_0000014ddfe0ba10;  1 drivers
v0000014ddfd34ed0_0 .net *"_ivl_6", 0 0, L_0000014ddfe0c960;  1 drivers
v0000014ddfd35150_0 .net *"_ivl_8", 0 0, L_0000014ddfe0baf0;  1 drivers
v0000014ddfd351f0_0 .net "a", 0 0, L_0000014ddfd9b070;  1 drivers
v0000014ddfd32c70_0 .net "b", 0 0, L_0000014ddfd99c70;  1 drivers
v0000014ddfd35510_0 .net "cin", 0 0, L_0000014ddfd996d0;  1 drivers
v0000014ddfd36230_0 .net "cout", 0 0, L_0000014ddfe0bd20;  1 drivers
v0000014ddfd35dd0_0 .net "sum", 0 0, L_0000014ddfe0cea0;  1 drivers
S_0000014ddfd41820 .scope generate, "fa_gen[2]" "fa_gen[2]" 7 16, 7 16 0, S_0000014ddfd403d0;
 .timescale 0 0;
P_0000014ddfc53080 .param/l "i" 0 7 16, +C4<010>;
S_0000014ddfd42180 .scope module, "fa" "full_adder" 7 17, 7 31 0, S_0000014ddfd41820;
 .timescale 0 0;
    .port_info 0 /INPUT 1 "a";
    .port_info 1 /INPUT 1 "b";
    .port_info 2 /INPUT 1 "cin";
    .port_info 3 /OUTPUT 1 "sum";
    .port_info 4 /OUTPUT 1 "cout";
L_0000014ddfe0bd90 .functor XOR 1, L_0000014ddfd99950, L_0000014ddfd9a670, C4<0>, C4<0>;
L_0000014ddfe0be00 .functor XOR 1, L_0000014ddfe0bd90, L_0000014ddfd9a0d0, C4<0>, C4<0>;
L_0000014ddfe0bfc0 .functor AND 1, L_0000014ddfd99950, L_0000014ddfd9a670, C4<1>, C4<1>;
L_0000014ddfe0cb20 .functor XOR 1, L_0000014ddfd99950, L_0000014ddfd9a670, C4<0>, C4<0>;
L_0000014ddfe0ba80 .functor AND 1, L_0000014ddfd9a0d0, L_0000014ddfe0cb20, C4<1>, C4<1>;
L_0000014ddfe0c030 .functor OR 1, L_0000014ddfe0bfc0, L_0000014ddfe0ba80, C4<0>, C4<0>;
v0000014ddfd360f0_0 .net *"_ivl_0", 0 0, L_0000014ddfe0bd90;  1 drivers
v0000014ddfd35470_0 .net *"_ivl_4", 0 0, L_0000014ddfe0bfc0;  1 drivers
v0000014ddfd35f10_0 .net *"_ivl_6", 0 0, L_0000014ddfe0cb20;  1 drivers
v0000014ddfd358d0_0 .net *"_ivl_8", 0 0, L_0000014ddfe0ba80;  1 drivers
v0000014ddfd35fb0_0 .net "a", 0 0, L_0000014ddfd99950;  1 drivers
v0000014ddfd35b50_0 .net "b", 0 0, L_0000014ddfd9a670;  1 drivers
v0000014ddfd35970_0 .net "cin", 0 0, L_0000014ddfd9a0d0;  1 drivers
v0000014ddfd36050_0 .net "cout", 0 0, L_0000014ddfe0c030;  1 drivers
v0000014ddfd35bf0_0 .net "sum", 0 0, L_0000014ddfe0be00;  1 drivers
S_0000014ddfd40560 .scope generate, "fa_gen[3]" "fa_gen[3]" 7 16, 7 16 0, S_0000014ddfd403d0;
 .timescale 0 0;
P_0000014ddfc52580 .param/l "i" 0 7 16, +C4<011>;
S_0000014ddfd406f0 .scope module, "fa" "full_adder" 7 17, 7 31 0, S_0000014ddfd40560;
 .timescale 0 0;
    .port_info 0 /INPUT 1 "a";
    .port_info 1 /INPUT 1 "b";
    .port_info 2 /INPUT 1 "cin";
    .port_info 3 /OUTPUT 1 "sum";
    .port_info 4 /OUTPUT 1 "cout";
L_0000014ddfe0cd50 .functor XOR 1, L_0000014ddfd98910, L_0000014ddfd9aad0, C4<0>, C4<0>;
L_0000014ddfe0d370 .functor XOR 1, L_0000014ddfe0cd50, L_0000014ddfd999f0, C4<0>, C4<0>;
L_0000014ddfe0bc40 .functor AND 1, L_0000014ddfd98910, L_0000014ddfd9aad0, C4<1>, C4<1>;
L_0000014ddfe0c340 .functor XOR 1, L_0000014ddfd98910, L_0000014ddfd9aad0, C4<0>, C4<0>;
L_0000014ddfe0c500 .functor AND 1, L_0000014ddfd999f0, L_0000014ddfe0c340, C4<1>, C4<1>;
L_0000014ddfe0cab0 .functor OR 1, L_0000014ddfe0bc40, L_0000014ddfe0c500, C4<0>, C4<0>;
v0000014ddfd35ab0_0 .net *"_ivl_0", 0 0, L_0000014ddfe0cd50;  1 drivers
v0000014ddfd353d0_0 .net *"_ivl_4", 0 0, L_0000014ddfe0bc40;  1 drivers
v0000014ddfd355b0_0 .net *"_ivl_6", 0 0, L_0000014ddfe0c340;  1 drivers
v0000014ddfd35a10_0 .net *"_ivl_8", 0 0, L_0000014ddfe0c500;  1 drivers
v0000014ddfd35c90_0 .net "a", 0 0, L_0000014ddfd98910;  1 drivers
v0000014ddfd35650_0 .net "b", 0 0, L_0000014ddfd9aad0;  1 drivers
v0000014ddfd356f0_0 .net "cin", 0 0, L_0000014ddfd999f0;  1 drivers
v0000014ddfd35790_0 .net "cout", 0 0, L_0000014ddfe0cab0;  1 drivers
v0000014ddfd35e70_0 .net "sum", 0 0, L_0000014ddfe0d370;  1 drivers
S_0000014ddfd40880 .scope generate, "fa_gen[4]" "fa_gen[4]" 7 16, 7 16 0, S_0000014ddfd403d0;
 .timescale 0 0;
P_0000014ddfc52e80 .param/l "i" 0 7 16, +C4<0100>;
S_0000014ddfd41500 .scope module, "fa" "full_adder" 7 17, 7 31 0, S_0000014ddfd40880;
 .timescale 0 0;
    .port_info 0 /INPUT 1 "a";
    .port_info 1 /INPUT 1 "b";
    .port_info 2 /INPUT 1 "cin";
    .port_info 3 /OUTPUT 1 "sum";
    .port_info 4 /OUTPUT 1 "cout";
L_0000014ddfe0c0a0 .functor XOR 1, L_0000014ddfd991d0, L_0000014ddfd99ef0, C4<0>, C4<0>;
L_0000014ddfe0c9d0 .functor XOR 1, L_0000014ddfe0c0a0, L_0000014ddfd98eb0, C4<0>, C4<0>;
L_0000014ddfe0b7e0 .functor AND 1, L_0000014ddfd991d0, L_0000014ddfd99ef0, C4<1>, C4<1>;
L_0000014ddfe0b850 .functor XOR 1, L_0000014ddfd991d0, L_0000014ddfd99ef0, C4<0>, C4<0>;
L_0000014ddfe0bb60 .functor AND 1, L_0000014ddfd98eb0, L_0000014ddfe0b850, C4<1>, C4<1>;
L_0000014ddfe0c110 .functor OR 1, L_0000014ddfe0b7e0, L_0000014ddfe0bb60, C4<0>, C4<0>;
v0000014ddfd35d30_0 .net *"_ivl_0", 0 0, L_0000014ddfe0c0a0;  1 drivers
v0000014ddfd35830_0 .net *"_ivl_4", 0 0, L_0000014ddfe0b7e0;  1 drivers
v0000014ddfd36190_0 .net *"_ivl_6", 0 0, L_0000014ddfe0b850;  1 drivers
v0000014ddfd281d0_0 .net *"_ivl_8", 0 0, L_0000014ddfe0bb60;  1 drivers
v0000014ddfd27af0_0 .net "a", 0 0, L_0000014ddfd991d0;  1 drivers
v0000014ddfd279b0_0 .net "b", 0 0, L_0000014ddfd99ef0;  1 drivers
v0000014ddfd28630_0 .net "cin", 0 0, L_0000014ddfd98eb0;  1 drivers
v0000014ddfd27a50_0 .net "cout", 0 0, L_0000014ddfe0c110;  1 drivers
v0000014ddfd27ff0_0 .net "sum", 0 0, L_0000014ddfe0c9d0;  1 drivers
S_0000014ddfd40a10 .scope generate, "fa_gen[5]" "fa_gen[5]" 7 16, 7 16 0, S_0000014ddfd403d0;
 .timescale 0 0;
P_0000014ddfc52400 .param/l "i" 0 7 16, +C4<0101>;
S_0000014ddfd40ba0 .scope module, "fa" "full_adder" 7 17, 7 31 0, S_0000014ddfd40a10;
 .timescale 0 0;
    .port_info 0 /INPUT 1 "a";
    .port_info 1 /INPUT 1 "b";
    .port_info 2 /INPUT 1 "cin";
    .port_info 3 /OUTPUT 1 "sum";
    .port_info 4 /OUTPUT 1 "cout";
L_0000014ddfe0cf10 .functor XOR 1, L_0000014ddfd99f90, L_0000014ddfd989b0, C4<0>, C4<0>;
L_0000014ddfe0bbd0 .functor XOR 1, L_0000014ddfe0cf10, L_0000014ddfd9aa30, C4<0>, C4<0>;
L_0000014ddfe0c1f0 .functor AND 1, L_0000014ddfd99f90, L_0000014ddfd989b0, C4<1>, C4<1>;
L_0000014ddfe0d220 .functor XOR 1, L_0000014ddfd99f90, L_0000014ddfd989b0, C4<0>, C4<0>;
L_0000014ddfe0d290 .functor AND 1, L_0000014ddfd9aa30, L_0000014ddfe0d220, C4<1>, C4<1>;
L_0000014ddfe0cc00 .functor OR 1, L_0000014ddfe0c1f0, L_0000014ddfe0d290, C4<0>, C4<0>;
v0000014ddfd27eb0_0 .net *"_ivl_0", 0 0, L_0000014ddfe0cf10;  1 drivers
v0000014ddfd26790_0 .net *"_ivl_4", 0 0, L_0000014ddfe0c1f0;  1 drivers
v0000014ddfd26b50_0 .net *"_ivl_6", 0 0, L_0000014ddfe0d220;  1 drivers
v0000014ddfd266f0_0 .net *"_ivl_8", 0 0, L_0000014ddfe0d290;  1 drivers
v0000014ddfd27f50_0 .net "a", 0 0, L_0000014ddfd99f90;  1 drivers
v0000014ddfd27b90_0 .net "b", 0 0, L_0000014ddfd989b0;  1 drivers
v0000014ddfd28310_0 .net "cin", 0 0, L_0000014ddfd9aa30;  1 drivers
v0000014ddfd28130_0 .net "cout", 0 0, L_0000014ddfe0cc00;  1 drivers
v0000014ddfd283b0_0 .net "sum", 0 0, L_0000014ddfe0bbd0;  1 drivers
S_0000014ddfd40d30 .scope generate, "fa_gen[6]" "fa_gen[6]" 7 16, 7 16 0, S_0000014ddfd403d0;
 .timescale 0 0;
P_0000014ddfc526c0 .param/l "i" 0 7 16, +C4<0110>;
S_0000014ddfd41050 .scope module, "fa" "full_adder" 7 17, 7 31 0, S_0000014ddfd40d30;
 .timescale 0 0;
    .port_info 0 /INPUT 1 "a";
    .port_info 1 /INPUT 1 "b";
    .port_info 2 /INPUT 1 "cin";
    .port_info 3 /OUTPUT 1 "sum";
    .port_info 4 /OUTPUT 1 "cout";
L_0000014ddfe0bcb0 .functor XOR 1, L_0000014ddfd99450, L_0000014ddfd99a90, C4<0>, C4<0>;
L_0000014ddfe0bee0 .functor XOR 1, L_0000014ddfe0bcb0, L_0000014ddfd98af0, C4<0>, C4<0>;
L_0000014ddfe0c260 .functor AND 1, L_0000014ddfd99450, L_0000014ddfd99a90, C4<1>, C4<1>;
L_0000014ddfe0d300 .functor XOR 1, L_0000014ddfd99450, L_0000014ddfd99a90, C4<0>, C4<0>;
L_0000014ddfe0be70 .functor AND 1, L_0000014ddfd98af0, L_0000014ddfe0d300, C4<1>, C4<1>;
L_0000014ddfe0c3b0 .functor OR 1, L_0000014ddfe0c260, L_0000014ddfe0be70, C4<0>, C4<0>;
v0000014ddfd27410_0 .net *"_ivl_0", 0 0, L_0000014ddfe0bcb0;  1 drivers
v0000014ddfd27690_0 .net *"_ivl_4", 0 0, L_0000014ddfe0c260;  1 drivers
v0000014ddfd26830_0 .net *"_ivl_6", 0 0, L_0000014ddfe0d300;  1 drivers
v0000014ddfd27370_0 .net *"_ivl_8", 0 0, L_0000014ddfe0be70;  1 drivers
v0000014ddfd28270_0 .net "a", 0 0, L_0000014ddfd99450;  1 drivers
v0000014ddfd268d0_0 .net "b", 0 0, L_0000014ddfd99a90;  1 drivers
v0000014ddfd26ab0_0 .net "cin", 0 0, L_0000014ddfd98af0;  1 drivers
v0000014ddfd265b0_0 .net "cout", 0 0, L_0000014ddfe0c3b0;  1 drivers
v0000014ddfd26970_0 .net "sum", 0 0, L_0000014ddfe0bee0;  1 drivers
S_0000014ddfd40ec0 .scope generate, "fa_gen[7]" "fa_gen[7]" 7 16, 7 16 0, S_0000014ddfd403d0;
 .timescale 0 0;
P_0000014ddfc52f40 .param/l "i" 0 7 16, +C4<0111>;
S_0000014ddfd411e0 .scope module, "fa" "full_adder" 7 17, 7 31 0, S_0000014ddfd40ec0;
 .timescale 0 0;
    .port_info 0 /INPUT 1 "a";
    .port_info 1 /INPUT 1 "b";
    .port_info 2 /INPUT 1 "cin";
    .port_info 3 /OUTPUT 1 "sum";
    .port_info 4 /OUTPUT 1 "cout";
L_0000014ddfe0c490 .functor XOR 1, L_0000014ddfd9a170, L_0000014ddfd9afd0, C4<0>, C4<0>;
L_0000014ddfe0c570 .functor XOR 1, L_0000014ddfe0c490, L_0000014ddfd98b90, C4<0>, C4<0>;
L_0000014ddfe0c5e0 .functor AND 1, L_0000014ddfd9a170, L_0000014ddfd9afd0, C4<1>, C4<1>;
L_0000014ddfe0c650 .functor XOR 1, L_0000014ddfd9a170, L_0000014ddfd9afd0, C4<0>, C4<0>;
L_0000014ddfe0c6c0 .functor AND 1, L_0000014ddfd98b90, L_0000014ddfe0c650, C4<1>, C4<1>;
L_0000014ddfe0c730 .functor OR 1, L_0000014ddfe0c5e0, L_0000014ddfe0c6c0, C4<0>, C4<0>;
v0000014ddfd27050_0 .net *"_ivl_0", 0 0, L_0000014ddfe0c490;  1 drivers
v0000014ddfd28a90_0 .net *"_ivl_4", 0 0, L_0000014ddfe0c5e0;  1 drivers
v0000014ddfd27e10_0 .net *"_ivl_6", 0 0, L_0000014ddfe0c650;  1 drivers
v0000014ddfd28450_0 .net *"_ivl_8", 0 0, L_0000014ddfe0c6c0;  1 drivers
v0000014ddfd27c30_0 .net "a", 0 0, L_0000014ddfd9a170;  1 drivers
v0000014ddfd27cd0_0 .net "b", 0 0, L_0000014ddfd9afd0;  1 drivers
v0000014ddfd286d0_0 .net "cin", 0 0, L_0000014ddfd98b90;  1 drivers
v0000014ddfd27d70_0 .net "cout", 0 0, L_0000014ddfe0c730;  1 drivers
v0000014ddfd26a10_0 .net "sum", 0 0, L_0000014ddfe0c570;  1 drivers
S_0000014ddfd41370 .scope generate, "fa_gen[8]" "fa_gen[8]" 7 16, 7 16 0, S_0000014ddfd403d0;
 .timescale 0 0;
P_0000014ddfc52640 .param/l "i" 0 7 16, +C4<01000>;
S_0000014ddfd439c0 .scope module, "fa" "full_adder" 7 17, 7 31 0, S_0000014ddfd41370;
 .timescale 0 0;
    .port_info 0 /INPUT 1 "a";
    .port_info 1 /INPUT 1 "b";
    .port_info 2 /INPUT 1 "cin";
    .port_info 3 /OUTPUT 1 "sum";
    .port_info 4 /OUTPUT 1 "cout";
L_0000014ddfe0d060 .functor XOR 1, L_0000014ddfd99090, L_0000014ddfd98d70, C4<0>, C4<0>;
L_0000014ddfe0c7a0 .functor XOR 1, L_0000014ddfe0d060, L_0000014ddfd99130, C4<0>, C4<0>;
L_0000014ddfe0ca40 .functor AND 1, L_0000014ddfd99090, L_0000014ddfd98d70, C4<1>, C4<1>;
L_0000014ddfe0c810 .functor XOR 1, L_0000014ddfd99090, L_0000014ddfd98d70, C4<0>, C4<0>;
L_0000014ddfe0c880 .functor AND 1, L_0000014ddfd99130, L_0000014ddfe0c810, C4<1>, C4<1>;
L_0000014ddfe0c8f0 .functor OR 1, L_0000014ddfe0ca40, L_0000014ddfe0c880, C4<0>, C4<0>;
v0000014ddfd26bf0_0 .net *"_ivl_0", 0 0, L_0000014ddfe0d060;  1 drivers
v0000014ddfd28770_0 .net *"_ivl_4", 0 0, L_0000014ddfe0ca40;  1 drivers
v0000014ddfd26510_0 .net *"_ivl_6", 0 0, L_0000014ddfe0c810;  1 drivers
v0000014ddfd27730_0 .net *"_ivl_8", 0 0, L_0000014ddfe0c880;  1 drivers
v0000014ddfd284f0_0 .net "a", 0 0, L_0000014ddfd99090;  1 drivers
v0000014ddfd27550_0 .net "b", 0 0, L_0000014ddfd98d70;  1 drivers
v0000014ddfd28590_0 .net "cin", 0 0, L_0000014ddfd99130;  1 drivers
v0000014ddfd28090_0 .net "cout", 0 0, L_0000014ddfe0c8f0;  1 drivers
v0000014ddfd28810_0 .net "sum", 0 0, L_0000014ddfe0c7a0;  1 drivers
S_0000014ddfd45770 .scope generate, "fa_gen[9]" "fa_gen[9]" 7 16, 7 16 0, S_0000014ddfd403d0;
 .timescale 0 0;
P_0000014ddfc52f80 .param/l "i" 0 7 16, +C4<01001>;
S_0000014ddfd42570 .scope module, "fa" "full_adder" 7 17, 7 31 0, S_0000014ddfd45770;
 .timescale 0 0;
    .port_info 0 /INPUT 1 "a";
    .port_info 1 /INPUT 1 "b";
    .port_info 2 /INPUT 1 "cin";
    .port_info 3 /OUTPUT 1 "sum";
    .port_info 4 /OUTPUT 1 "cout";
L_0000014ddfe0cc70 .functor XOR 1, L_0000014ddfd9a850, L_0000014ddfd9a710, C4<0>, C4<0>;
L_0000014ddfe0cce0 .functor XOR 1, L_0000014ddfe0cc70, L_0000014ddfd9ab70, C4<0>, C4<0>;
L_0000014ddfe0cdc0 .functor AND 1, L_0000014ddfd9a850, L_0000014ddfd9a710, C4<1>, C4<1>;
L_0000014ddfe0ce30 .functor XOR 1, L_0000014ddfd9a850, L_0000014ddfd9a710, C4<0>, C4<0>;
L_0000014ddfe0d0d0 .functor AND 1, L_0000014ddfd9ab70, L_0000014ddfe0ce30, C4<1>, C4<1>;
L_0000014ddfe0d140 .functor OR 1, L_0000014ddfe0cdc0, L_0000014ddfe0d0d0, C4<0>, C4<0>;
v0000014ddfd26d30_0 .net *"_ivl_0", 0 0, L_0000014ddfe0cc70;  1 drivers
v0000014ddfd26c90_0 .net *"_ivl_4", 0 0, L_0000014ddfe0cdc0;  1 drivers
v0000014ddfd288b0_0 .net *"_ivl_6", 0 0, L_0000014ddfe0ce30;  1 drivers
v0000014ddfd26e70_0 .net *"_ivl_8", 0 0, L_0000014ddfe0d0d0;  1 drivers
v0000014ddfd26dd0_0 .net "a", 0 0, L_0000014ddfd9a850;  1 drivers
v0000014ddfd28950_0 .net "b", 0 0, L_0000014ddfd9a710;  1 drivers
v0000014ddfd26650_0 .net "cin", 0 0, L_0000014ddfd9ab70;  1 drivers
v0000014ddfd289f0_0 .net "cout", 0 0, L_0000014ddfe0d140;  1 drivers
v0000014ddfd28b30_0 .net "sum", 0 0, L_0000014ddfe0cce0;  1 drivers
S_0000014ddfd44af0 .scope generate, "fa_gen[10]" "fa_gen[10]" 7 16, 7 16 0, S_0000014ddfd403d0;
 .timescale 0 0;
P_0000014ddfc52180 .param/l "i" 0 7 16, +C4<01010>;
S_0000014ddfd44000 .scope module, "fa" "full_adder" 7 17, 7 31 0, S_0000014ddfd44af0;
 .timescale 0 0;
    .port_info 0 /INPUT 1 "a";
    .port_info 1 /INPUT 1 "b";
    .port_info 2 /INPUT 1 "cin";
    .port_info 3 /OUTPUT 1 "sum";
    .port_info 4 /OUTPUT 1 "cout";
L_0000014ddfe0d1b0 .functor XOR 1, L_0000014ddfd99b30, L_0000014ddfd98e10, C4<0>, C4<0>;
L_0000014ddfe0ea30 .functor XOR 1, L_0000014ddfe0d1b0, L_0000014ddfd98f50, C4<0>, C4<0>;
L_0000014ddfe0ebf0 .functor AND 1, L_0000014ddfd99b30, L_0000014ddfd98e10, C4<1>, C4<1>;
L_0000014ddfe0dfb0 .functor XOR 1, L_0000014ddfd99b30, L_0000014ddfd98e10, C4<0>, C4<0>;
L_0000014ddfe0ded0 .functor AND 1, L_0000014ddfd98f50, L_0000014ddfe0dfb0, C4<1>, C4<1>;
L_0000014ddfe0d6f0 .functor OR 1, L_0000014ddfe0ebf0, L_0000014ddfe0ded0, C4<0>, C4<0>;
v0000014ddfd26f10_0 .net *"_ivl_0", 0 0, L_0000014ddfe0d1b0;  1 drivers
v0000014ddfd263d0_0 .net *"_ivl_4", 0 0, L_0000014ddfe0ebf0;  1 drivers
v0000014ddfd26470_0 .net *"_ivl_6", 0 0, L_0000014ddfe0dfb0;  1 drivers
v0000014ddfd26fb0_0 .net *"_ivl_8", 0 0, L_0000014ddfe0ded0;  1 drivers
v0000014ddfd270f0_0 .net "a", 0 0, L_0000014ddfd99b30;  1 drivers
v0000014ddfd27190_0 .net "b", 0 0, L_0000014ddfd98e10;  1 drivers
v0000014ddfd27230_0 .net "cin", 0 0, L_0000014ddfd98f50;  1 drivers
v0000014ddfd272d0_0 .net "cout", 0 0, L_0000014ddfe0d6f0;  1 drivers
v0000014ddfd274b0_0 .net "sum", 0 0, L_0000014ddfe0ea30;  1 drivers
S_0000014ddfd42a20 .scope generate, "fa_gen[11]" "fa_gen[11]" 7 16, 7 16 0, S_0000014ddfd403d0;
 .timescale 0 0;
P_0000014ddfc52500 .param/l "i" 0 7 16, +C4<01011>;
S_0000014ddfd45f40 .scope module, "fa" "full_adder" 7 17, 7 31 0, S_0000014ddfd42a20;
 .timescale 0 0;
    .port_info 0 /INPUT 1 "a";
    .port_info 1 /INPUT 1 "b";
    .port_info 2 /INPUT 1 "cin";
    .port_info 3 /OUTPUT 1 "sum";
    .port_info 4 /OUTPUT 1 "cout";
L_0000014ddfe0eb80 .functor XOR 1, L_0000014ddfd99bd0, L_0000014ddfd9a530, C4<0>, C4<0>;
L_0000014ddfe0ee90 .functor XOR 1, L_0000014ddfe0eb80, L_0000014ddfd99270, C4<0>, C4<0>;
L_0000014ddfe0d8b0 .functor AND 1, L_0000014ddfd99bd0, L_0000014ddfd9a530, C4<1>, C4<1>;
L_0000014ddfe0e790 .functor XOR 1, L_0000014ddfd99bd0, L_0000014ddfd9a530, C4<0>, C4<0>;
L_0000014ddfe0e020 .functor AND 1, L_0000014ddfd99270, L_0000014ddfe0e790, C4<1>, C4<1>;
L_0000014ddfe0e4f0 .functor OR 1, L_0000014ddfe0d8b0, L_0000014ddfe0e020, C4<0>, C4<0>;
v0000014ddfd275f0_0 .net *"_ivl_0", 0 0, L_0000014ddfe0eb80;  1 drivers
v0000014ddfd277d0_0 .net *"_ivl_4", 0 0, L_0000014ddfe0d8b0;  1 drivers
v0000014ddfd27870_0 .net *"_ivl_6", 0 0, L_0000014ddfe0e790;  1 drivers
v0000014ddfd27910_0 .net *"_ivl_8", 0 0, L_0000014ddfe0e020;  1 drivers
v0000014ddfd2a250_0 .net "a", 0 0, L_0000014ddfd99bd0;  1 drivers
v0000014ddfd2ad90_0 .net "b", 0 0, L_0000014ddfd9a530;  1 drivers
v0000014ddfd2a390_0 .net "cin", 0 0, L_0000014ddfd99270;  1 drivers
v0000014ddfd2a7f0_0 .net "cout", 0 0, L_0000014ddfe0e4f0;  1 drivers
v0000014ddfd29fd0_0 .net "sum", 0 0, L_0000014ddfe0ee90;  1 drivers
S_0000014ddfd45450 .scope generate, "fa_gen[12]" "fa_gen[12]" 7 16, 7 16 0, S_0000014ddfd403d0;
 .timescale 0 0;
P_0000014ddfc52a00 .param/l "i" 0 7 16, +C4<01100>;
S_0000014ddfd43060 .scope module, "fa" "full_adder" 7 17, 7 31 0, S_0000014ddfd45450;
 .timescale 0 0;
    .port_info 0 /INPUT 1 "a";
    .port_info 1 /INPUT 1 "b";
    .port_info 2 /INPUT 1 "cin";
    .port_info 3 /OUTPUT 1 "sum";
    .port_info 4 /OUTPUT 1 "cout";
L_0000014ddfe0df40 .functor XOR 1, L_0000014ddfd99d10, L_0000014ddfd9a5d0, C4<0>, C4<0>;
L_0000014ddfe0eb10 .functor XOR 1, L_0000014ddfe0df40, L_0000014ddfd98ff0, C4<0>, C4<0>;
L_0000014ddfe0e950 .functor AND 1, L_0000014ddfd99d10, L_0000014ddfd9a5d0, C4<1>, C4<1>;
L_0000014ddfe0ef70 .functor XOR 1, L_0000014ddfd99d10, L_0000014ddfd9a5d0, C4<0>, C4<0>;
L_0000014ddfe0ec60 .functor AND 1, L_0000014ddfd98ff0, L_0000014ddfe0ef70, C4<1>, C4<1>;
L_0000014ddfe0e090 .functor OR 1, L_0000014ddfe0e950, L_0000014ddfe0ec60, C4<0>, C4<0>;
v0000014ddfd2a430_0 .net *"_ivl_0", 0 0, L_0000014ddfe0df40;  1 drivers
v0000014ddfd2a890_0 .net *"_ivl_4", 0 0, L_0000014ddfe0e950;  1 drivers
v0000014ddfd2ac50_0 .net *"_ivl_6", 0 0, L_0000014ddfe0ef70;  1 drivers
v0000014ddfd2aed0_0 .net *"_ivl_8", 0 0, L_0000014ddfe0ec60;  1 drivers
v0000014ddfd2a9d0_0 .net "a", 0 0, L_0000014ddfd99d10;  1 drivers
v0000014ddfd2a2f0_0 .net "b", 0 0, L_0000014ddfd9a5d0;  1 drivers
v0000014ddfd2ab10_0 .net "cin", 0 0, L_0000014ddfd98ff0;  1 drivers
v0000014ddfd29490_0 .net "cout", 0 0, L_0000014ddfe0e090;  1 drivers
v0000014ddfd29030_0 .net "sum", 0 0, L_0000014ddfe0eb10;  1 drivers
S_0000014ddfd42bb0 .scope generate, "fa_gen[13]" "fa_gen[13]" 7 16, 7 16 0, S_0000014ddfd403d0;
 .timescale 0 0;
P_0000014ddfc52b00 .param/l "i" 0 7 16, +C4<01101>;
S_0000014ddfd42d40 .scope module, "fa" "full_adder" 7 17, 7 31 0, S_0000014ddfd42bb0;
 .timescale 0 0;
    .port_info 0 /INPUT 1 "a";
    .port_info 1 /INPUT 1 "b";
    .port_info 2 /INPUT 1 "cin";
    .port_info 3 /OUTPUT 1 "sum";
    .port_info 4 /OUTPUT 1 "cout";
L_0000014ddfe0db50 .functor XOR 1, L_0000014ddfd99db0, L_0000014ddfd99590, C4<0>, C4<0>;
L_0000014ddfe0e9c0 .functor XOR 1, L_0000014ddfe0db50, L_0000014ddfd9ae90, C4<0>, C4<0>;
L_0000014ddfe0ef00 .functor AND 1, L_0000014ddfd99db0, L_0000014ddfd99590, C4<1>, C4<1>;
L_0000014ddfe0e3a0 .functor XOR 1, L_0000014ddfd99db0, L_0000014ddfd99590, C4<0>, C4<0>;
L_0000014ddfe0d920 .functor AND 1, L_0000014ddfd9ae90, L_0000014ddfe0e3a0, C4<1>, C4<1>;
L_0000014ddfe0e800 .functor OR 1, L_0000014ddfe0ef00, L_0000014ddfe0d920, C4<0>, C4<0>;
v0000014ddfd2a6b0_0 .net *"_ivl_0", 0 0, L_0000014ddfe0db50;  1 drivers
v0000014ddfd29350_0 .net *"_ivl_4", 0 0, L_0000014ddfe0ef00;  1 drivers
v0000014ddfd293f0_0 .net *"_ivl_6", 0 0, L_0000014ddfe0e3a0;  1 drivers
v0000014ddfd28ef0_0 .net *"_ivl_8", 0 0, L_0000014ddfe0d920;  1 drivers
v0000014ddfd2aa70_0 .net "a", 0 0, L_0000014ddfd99db0;  1 drivers
v0000014ddfd29e90_0 .net "b", 0 0, L_0000014ddfd99590;  1 drivers
v0000014ddfd29710_0 .net "cin", 0 0, L_0000014ddfd9ae90;  1 drivers
v0000014ddfd2b010_0 .net "cout", 0 0, L_0000014ddfe0e800;  1 drivers
v0000014ddfd29670_0 .net "sum", 0 0, L_0000014ddfe0e9c0;  1 drivers
S_0000014ddfd42890 .scope generate, "fa_gen[14]" "fa_gen[14]" 7 16, 7 16 0, S_0000014ddfd403d0;
 .timescale 0 0;
P_0000014ddfc52c00 .param/l "i" 0 7 16, +C4<01110>;
S_0000014ddfd44320 .scope module, "fa" "full_adder" 7 17, 7 31 0, S_0000014ddfd42890;
 .timescale 0 0;
    .port_info 0 /INPUT 1 "a";
    .port_info 1 /INPUT 1 "b";
    .port_info 2 /INPUT 1 "cin";
    .port_info 3 /OUTPUT 1 "sum";
    .port_info 4 /OUTPUT 1 "cout";
L_0000014ddfe0d680 .functor XOR 1, L_0000014ddfd99630, L_0000014ddfd993b0, C4<0>, C4<0>;
L_0000014ddfe0dbc0 .functor XOR 1, L_0000014ddfe0d680, L_0000014ddfd994f0, C4<0>, C4<0>;
L_0000014ddfe0da00 .functor AND 1, L_0000014ddfd99630, L_0000014ddfd993b0, C4<1>, C4<1>;
L_0000014ddfe0d7d0 .functor XOR 1, L_0000014ddfd99630, L_0000014ddfd993b0, C4<0>, C4<0>;
L_0000014ddfe0d3e0 .functor AND 1, L_0000014ddfd994f0, L_0000014ddfe0d7d0, C4<1>, C4<1>;
L_0000014ddfe0ecd0 .functor OR 1, L_0000014ddfe0da00, L_0000014ddfe0d3e0, C4<0>, C4<0>;
v0000014ddfd2a930_0 .net *"_ivl_0", 0 0, L_0000014ddfe0d680;  1 drivers
v0000014ddfd29f30_0 .net *"_ivl_4", 0 0, L_0000014ddfe0da00;  1 drivers
v0000014ddfd29530_0 .net *"_ivl_6", 0 0, L_0000014ddfe0d7d0;  1 drivers
v0000014ddfd2ae30_0 .net *"_ivl_8", 0 0, L_0000014ddfe0d3e0;  1 drivers
v0000014ddfd292b0_0 .net "a", 0 0, L_0000014ddfd99630;  1 drivers
v0000014ddfd28db0_0 .net "b", 0 0, L_0000014ddfd993b0;  1 drivers
v0000014ddfd2af70_0 .net "cin", 0 0, L_0000014ddfd994f0;  1 drivers
v0000014ddfd2a070_0 .net "cout", 0 0, L_0000014ddfe0ecd0;  1 drivers
v0000014ddfd29ad0_0 .net "sum", 0 0, L_0000014ddfe0dbc0;  1 drivers
S_0000014ddfd44e10 .scope generate, "fa_gen[15]" "fa_gen[15]" 7 16, 7 16 0, S_0000014ddfd403d0;
 .timescale 0 0;
P_0000014ddfc52540 .param/l "i" 0 7 16, +C4<01111>;
S_0000014ddfd460d0 .scope module, "fa" "full_adder" 7 17, 7 31 0, S_0000014ddfd44e10;
 .timescale 0 0;
    .port_info 0 /INPUT 1 "a";
    .port_info 1 /INPUT 1 "b";
    .port_info 2 /INPUT 1 "cin";
    .port_info 3 /OUTPUT 1 "sum";
    .port_info 4 /OUTPUT 1 "cout";
L_0000014ddfe0ddf0 .functor XOR 1, L_0000014ddfd99e50, L_0000014ddfd9a350, C4<0>, C4<0>;
L_0000014ddfe0d450 .functor XOR 1, L_0000014ddfe0ddf0, L_0000014ddfd9ac10, C4<0>, C4<0>;
L_0000014ddfe0d990 .functor AND 1, L_0000014ddfd99e50, L_0000014ddfd9a350, C4<1>, C4<1>;
L_0000014ddfe0e410 .functor XOR 1, L_0000014ddfd99e50, L_0000014ddfd9a350, C4<0>, C4<0>;
L_0000014ddfe0dc30 .functor AND 1, L_0000014ddfd9ac10, L_0000014ddfe0e410, C4<1>, C4<1>;
L_0000014ddfe0d530 .functor OR 1, L_0000014ddfe0d990, L_0000014ddfe0dc30, C4<0>, C4<0>;
v0000014ddfd28e50_0 .net *"_ivl_0", 0 0, L_0000014ddfe0ddf0;  1 drivers
v0000014ddfd297b0_0 .net *"_ivl_4", 0 0, L_0000014ddfe0d990;  1 drivers
v0000014ddfd28f90_0 .net *"_ivl_6", 0 0, L_0000014ddfe0e410;  1 drivers
v0000014ddfd2abb0_0 .net *"_ivl_8", 0 0, L_0000014ddfe0dc30;  1 drivers
v0000014ddfd2acf0_0 .net "a", 0 0, L_0000014ddfd99e50;  1 drivers
v0000014ddfd29a30_0 .net "b", 0 0, L_0000014ddfd9a350;  1 drivers
v0000014ddfd2b150_0 .net "cin", 0 0, L_0000014ddfd9ac10;  1 drivers
v0000014ddfd2b330_0 .net "cout", 0 0, L_0000014ddfe0d530;  1 drivers
v0000014ddfd2b0b0_0 .net "sum", 0 0, L_0000014ddfe0d450;  1 drivers
S_0000014ddfd44c80 .scope generate, "fa_gen[16]" "fa_gen[16]" 7 16, 7 16 0, S_0000014ddfd403d0;
 .timescale 0 0;
P_0000014ddfc52e40 .param/l "i" 0 7 16, +C4<010000>;
S_0000014ddfd45a90 .scope module, "fa" "full_adder" 7 17, 7 31 0, S_0000014ddfd44c80;
 .timescale 0 0;
    .port_info 0 /INPUT 1 "a";
    .port_info 1 /INPUT 1 "b";
    .port_info 2 /INPUT 1 "cin";
    .port_info 3 /OUTPUT 1 "sum";
    .port_info 4 /OUTPUT 1 "cout";
L_0000014ddfe0e100 .functor XOR 1, L_0000014ddfd9a3f0, L_0000014ddfd9a490, C4<0>, C4<0>;
L_0000014ddfe0d4c0 .functor XOR 1, L_0000014ddfe0e100, L_0000014ddfd9a7b0, C4<0>, C4<0>;
L_0000014ddfe0da70 .functor AND 1, L_0000014ddfd9a3f0, L_0000014ddfd9a490, C4<1>, C4<1>;
L_0000014ddfe0e870 .functor XOR 1, L_0000014ddfd9a3f0, L_0000014ddfd9a490, C4<0>, C4<0>;
L_0000014ddfe0eaa0 .functor AND 1, L_0000014ddfd9a7b0, L_0000014ddfe0e870, C4<1>, C4<1>;
L_0000014ddfe0ee20 .functor OR 1, L_0000014ddfe0da70, L_0000014ddfe0eaa0, C4<0>, C4<0>;
v0000014ddfd290d0_0 .net *"_ivl_0", 0 0, L_0000014ddfe0e100;  1 drivers
v0000014ddfd295d0_0 .net *"_ivl_4", 0 0, L_0000014ddfe0da70;  1 drivers
v0000014ddfd29170_0 .net *"_ivl_6", 0 0, L_0000014ddfe0e870;  1 drivers
v0000014ddfd2b1f0_0 .net *"_ivl_8", 0 0, L_0000014ddfe0eaa0;  1 drivers
v0000014ddfd2b290_0 .net "a", 0 0, L_0000014ddfd9a3f0;  1 drivers
v0000014ddfd28bd0_0 .net "b", 0 0, L_0000014ddfd9a490;  1 drivers
v0000014ddfd29210_0 .net "cin", 0 0, L_0000014ddfd9a7b0;  1 drivers
v0000014ddfd28c70_0 .net "cout", 0 0, L_0000014ddfe0ee20;  1 drivers
v0000014ddfd28d10_0 .net "sum", 0 0, L_0000014ddfe0d4c0;  1 drivers
S_0000014ddfd43b50 .scope generate, "fa_gen[17]" "fa_gen[17]" 7 16, 7 16 0, S_0000014ddfd403d0;
 .timescale 0 0;
P_0000014ddfc52280 .param/l "i" 0 7 16, +C4<010001>;
S_0000014ddfd42700 .scope module, "fa" "full_adder" 7 17, 7 31 0, S_0000014ddfd43b50;
 .timescale 0 0;
    .port_info 0 /INPUT 1 "a";
    .port_info 1 /INPUT 1 "b";
    .port_info 2 /INPUT 1 "cin";
    .port_info 3 /OUTPUT 1 "sum";
    .port_info 4 /OUTPUT 1 "cout";
L_0000014ddfe0dae0 .functor XOR 1, L_0000014ddfd9acb0, L_0000014ddfd9adf0, C4<0>, C4<0>;
L_0000014ddfe0d5a0 .functor XOR 1, L_0000014ddfe0dae0, L_0000014ddfd9ad50, C4<0>, C4<0>;
L_0000014ddfe0e170 .functor AND 1, L_0000014ddfd9acb0, L_0000014ddfd9adf0, C4<1>, C4<1>;
L_0000014ddfe0d760 .functor XOR 1, L_0000014ddfd9acb0, L_0000014ddfd9adf0, C4<0>, C4<0>;
L_0000014ddfe0e560 .functor AND 1, L_0000014ddfd9ad50, L_0000014ddfe0d760, C4<1>, C4<1>;
L_0000014ddfe0dd80 .functor OR 1, L_0000014ddfe0e170, L_0000014ddfe0e560, C4<0>, C4<0>;
v0000014ddfd29850_0 .net *"_ivl_0", 0 0, L_0000014ddfe0dae0;  1 drivers
v0000014ddfd298f0_0 .net *"_ivl_4", 0 0, L_0000014ddfe0e170;  1 drivers
v0000014ddfd29990_0 .net *"_ivl_6", 0 0, L_0000014ddfe0d760;  1 drivers
v0000014ddfd29b70_0 .net *"_ivl_8", 0 0, L_0000014ddfe0e560;  1 drivers
v0000014ddfd29c10_0 .net "a", 0 0, L_0000014ddfd9acb0;  1 drivers
v0000014ddfd29cb0_0 .net "b", 0 0, L_0000014ddfd9adf0;  1 drivers
v0000014ddfd2a1b0_0 .net "cin", 0 0, L_0000014ddfd9ad50;  1 drivers
v0000014ddfd29d50_0 .net "cout", 0 0, L_0000014ddfe0dd80;  1 drivers
v0000014ddfd29df0_0 .net "sum", 0 0, L_0000014ddfe0d5a0;  1 drivers
S_0000014ddfd44fa0 .scope generate, "fa_gen[18]" "fa_gen[18]" 7 16, 7 16 0, S_0000014ddfd403d0;
 .timescale 0 0;
P_0000014ddfc521c0 .param/l "i" 0 7 16, +C4<010010>;
S_0000014ddfd455e0 .scope module, "fa" "full_adder" 7 17, 7 31 0, S_0000014ddfd44fa0;
 .timescale 0 0;
    .port_info 0 /INPUT 1 "a";
    .port_info 1 /INPUT 1 "b";
    .port_info 2 /INPUT 1 "cin";
    .port_info 3 /OUTPUT 1 "sum";
    .port_info 4 /OUTPUT 1 "cout";
L_0000014ddfe0dca0 .functor XOR 1, L_0000014ddfd9af30, L_0000014ddfd9d730, C4<0>, C4<0>;
L_0000014ddfe0ed40 .functor XOR 1, L_0000014ddfe0dca0, L_0000014ddfd9b1b0, C4<0>, C4<0>;
L_0000014ddfe0dd10 .functor AND 1, L_0000014ddfd9af30, L_0000014ddfd9d730, C4<1>, C4<1>;
L_0000014ddfe0e8e0 .functor XOR 1, L_0000014ddfd9af30, L_0000014ddfd9d730, C4<0>, C4<0>;
L_0000014ddfe0e1e0 .functor AND 1, L_0000014ddfd9b1b0, L_0000014ddfe0e8e0, C4<1>, C4<1>;
L_0000014ddfe0d610 .functor OR 1, L_0000014ddfe0dd10, L_0000014ddfe0e1e0, C4<0>, C4<0>;
v0000014ddfd2a110_0 .net *"_ivl_0", 0 0, L_0000014ddfe0dca0;  1 drivers
v0000014ddfd2a4d0_0 .net *"_ivl_4", 0 0, L_0000014ddfe0dd10;  1 drivers
v0000014ddfd2a570_0 .net *"_ivl_6", 0 0, L_0000014ddfe0e8e0;  1 drivers
v0000014ddfd2a610_0 .net *"_ivl_8", 0 0, L_0000014ddfe0e1e0;  1 drivers
v0000014ddfd2a750_0 .net "a", 0 0, L_0000014ddfd9af30;  1 drivers
v0000014ddfd2bbf0_0 .net "b", 0 0, L_0000014ddfd9d730;  1 drivers
v0000014ddfd2d630_0 .net "cin", 0 0, L_0000014ddfd9b1b0;  1 drivers
v0000014ddfd2d590_0 .net "cout", 0 0, L_0000014ddfe0d610;  1 drivers
v0000014ddfd2c230_0 .net "sum", 0 0, L_0000014ddfe0ed40;  1 drivers
S_0000014ddfd43ce0 .scope generate, "fa_gen[19]" "fa_gen[19]" 7 16, 7 16 0, S_0000014ddfd403d0;
 .timescale 0 0;
P_0000014ddfc52200 .param/l "i" 0 7 16, +C4<010011>;
S_0000014ddfd45db0 .scope module, "fa" "full_adder" 7 17, 7 31 0, S_0000014ddfd43ce0;
 .timescale 0 0;
    .port_info 0 /INPUT 1 "a";
    .port_info 1 /INPUT 1 "b";
    .port_info 2 /INPUT 1 "cin";
    .port_info 3 /OUTPUT 1 "sum";
    .port_info 4 /OUTPUT 1 "cout";
L_0000014ddfe0edb0 .functor XOR 1, L_0000014ddfd9b7f0, L_0000014ddfd9b2f0, C4<0>, C4<0>;
L_0000014ddfe0d840 .functor XOR 1, L_0000014ddfe0edb0, L_0000014ddfd9d370, C4<0>, C4<0>;
L_0000014ddfe0de60 .functor AND 1, L_0000014ddfd9b7f0, L_0000014ddfd9b2f0, C4<1>, C4<1>;
L_0000014ddfe0e250 .functor XOR 1, L_0000014ddfd9b7f0, L_0000014ddfd9b2f0, C4<0>, C4<0>;
L_0000014ddfe0e5d0 .functor AND 1, L_0000014ddfd9d370, L_0000014ddfe0e250, C4<1>, C4<1>;
L_0000014ddfe0e2c0 .functor OR 1, L_0000014ddfe0de60, L_0000014ddfe0e5d0, C4<0>, C4<0>;
v0000014ddfd2c370_0 .net *"_ivl_0", 0 0, L_0000014ddfe0edb0;  1 drivers
v0000014ddfd2b3d0_0 .net *"_ivl_4", 0 0, L_0000014ddfe0de60;  1 drivers
v0000014ddfd2bab0_0 .net *"_ivl_6", 0 0, L_0000014ddfe0e250;  1 drivers
v0000014ddfd2b790_0 .net *"_ivl_8", 0 0, L_0000014ddfe0e5d0;  1 drivers
v0000014ddfd2ca50_0 .net "a", 0 0, L_0000014ddfd9b7f0;  1 drivers
v0000014ddfd2b830_0 .net "b", 0 0, L_0000014ddfd9b2f0;  1 drivers
v0000014ddfd2ccd0_0 .net "cin", 0 0, L_0000014ddfd9d370;  1 drivers
v0000014ddfd2d270_0 .net "cout", 0 0, L_0000014ddfe0e2c0;  1 drivers
v0000014ddfd2d6d0_0 .net "sum", 0 0, L_0000014ddfe0d840;  1 drivers
S_0000014ddfd436a0 .scope generate, "fa_gen[20]" "fa_gen[20]" 7 16, 7 16 0, S_0000014ddfd403d0;
 .timescale 0 0;
P_0000014ddfc522c0 .param/l "i" 0 7 16, +C4<010100>;
S_0000014ddfd44960 .scope module, "fa" "full_adder" 7 17, 7 31 0, S_0000014ddfd436a0;
 .timescale 0 0;
    .port_info 0 /INPUT 1 "a";
    .port_info 1 /INPUT 1 "b";
    .port_info 2 /INPUT 1 "cin";
    .port_info 3 /OUTPUT 1 "sum";
    .port_info 4 /OUTPUT 1 "cout";
L_0000014ddfe0e330 .functor XOR 1, L_0000014ddfd9d050, L_0000014ddfd9b430, C4<0>, C4<0>;
L_0000014ddfe0e480 .functor XOR 1, L_0000014ddfe0e330, L_0000014ddfd9b390, C4<0>, C4<0>;
L_0000014ddfe0e640 .functor AND 1, L_0000014ddfd9d050, L_0000014ddfd9b430, C4<1>, C4<1>;
L_0000014ddfe0e6b0 .functor XOR 1, L_0000014ddfd9d050, L_0000014ddfd9b430, C4<0>, C4<0>;
L_0000014ddfe0e720 .functor AND 1, L_0000014ddfd9b390, L_0000014ddfe0e6b0, C4<1>, C4<1>;
L_0000014ddfe10710 .functor OR 1, L_0000014ddfe0e640, L_0000014ddfe0e720, C4<0>, C4<0>;
v0000014ddfd2d1d0_0 .net *"_ivl_0", 0 0, L_0000014ddfe0e330;  1 drivers
v0000014ddfd2d090_0 .net *"_ivl_4", 0 0, L_0000014ddfe0e640;  1 drivers
v0000014ddfd2d770_0 .net *"_ivl_6", 0 0, L_0000014ddfe0e6b0;  1 drivers
v0000014ddfd2b6f0_0 .net *"_ivl_8", 0 0, L_0000014ddfe0e720;  1 drivers
v0000014ddfd2cf50_0 .net "a", 0 0, L_0000014ddfd9d050;  1 drivers
v0000014ddfd2b970_0 .net "b", 0 0, L_0000014ddfd9b430;  1 drivers
v0000014ddfd2d810_0 .net "cin", 0 0, L_0000014ddfd9b390;  1 drivers
v0000014ddfd2cff0_0 .net "cout", 0 0, L_0000014ddfe10710;  1 drivers
v0000014ddfd2bdd0_0 .net "sum", 0 0, L_0000014ddfe0e480;  1 drivers
S_0000014ddfd447d0 .scope generate, "fa_gen[21]" "fa_gen[21]" 7 16, 7 16 0, S_0000014ddfd403d0;
 .timescale 0 0;
P_0000014ddfc52300 .param/l "i" 0 7 16, +C4<010101>;
S_0000014ddfd42ed0 .scope module, "fa" "full_adder" 7 17, 7 31 0, S_0000014ddfd447d0;
 .timescale 0 0;
    .port_info 0 /INPUT 1 "a";
    .port_info 1 /INPUT 1 "b";
    .port_info 2 /INPUT 1 "cin";
    .port_info 3 /OUTPUT 1 "sum";
    .port_info 4 /OUTPUT 1 "cout";
L_0000014ddfe0fc20 .functor XOR 1, L_0000014ddfd9ca10, L_0000014ddfd9b750, C4<0>, C4<0>;
L_0000014ddfe0f210 .functor XOR 1, L_0000014ddfe0fc20, L_0000014ddfd9b570, C4<0>, C4<0>;
L_0000014ddfe106a0 .functor AND 1, L_0000014ddfd9ca10, L_0000014ddfd9b750, C4<1>, C4<1>;
L_0000014ddfe10a20 .functor XOR 1, L_0000014ddfd9ca10, L_0000014ddfd9b750, C4<0>, C4<0>;
L_0000014ddfe10780 .functor AND 1, L_0000014ddfd9b570, L_0000014ddfe10a20, C4<1>, C4<1>;
L_0000014ddfe0f130 .functor OR 1, L_0000014ddfe106a0, L_0000014ddfe10780, C4<0>, C4<0>;
v0000014ddfd2d130_0 .net *"_ivl_0", 0 0, L_0000014ddfe0fc20;  1 drivers
v0000014ddfd2b8d0_0 .net *"_ivl_4", 0 0, L_0000014ddfe106a0;  1 drivers
v0000014ddfd2c550_0 .net *"_ivl_6", 0 0, L_0000014ddfe10a20;  1 drivers
v0000014ddfd2cc30_0 .net *"_ivl_8", 0 0, L_0000014ddfe10780;  1 drivers
v0000014ddfd2d8b0_0 .net "a", 0 0, L_0000014ddfd9ca10;  1 drivers
v0000014ddfd2d310_0 .net "b", 0 0, L_0000014ddfd9b750;  1 drivers
v0000014ddfd2c7d0_0 .net "cin", 0 0, L_0000014ddfd9b570;  1 drivers
v0000014ddfd2d950_0 .net "cout", 0 0, L_0000014ddfe0f130;  1 drivers
v0000014ddfd2ba10_0 .net "sum", 0 0, L_0000014ddfe0f210;  1 drivers
S_0000014ddfd45900 .scope generate, "fa_gen[22]" "fa_gen[22]" 7 16, 7 16 0, S_0000014ddfd403d0;
 .timescale 0 0;
P_0000014ddfc52dc0 .param/l "i" 0 7 16, +C4<010110>;
S_0000014ddfd431f0 .scope module, "fa" "full_adder" 7 17, 7 31 0, S_0000014ddfd45900;
 .timescale 0 0;
    .port_info 0 /INPUT 1 "a";
    .port_info 1 /INPUT 1 "b";
    .port_info 2 /INPUT 1 "cin";
    .port_info 3 /OUTPUT 1 "sum";
    .port_info 4 /OUTPUT 1 "cout";
L_0000014ddfe0fd70 .functor XOR 1, L_0000014ddfd9be30, L_0000014ddfd9cbf0, C4<0>, C4<0>;
L_0000014ddfe10160 .functor XOR 1, L_0000014ddfe0fd70, L_0000014ddfd9d7d0, C4<0>, C4<0>;
L_0000014ddfe101d0 .functor AND 1, L_0000014ddfd9be30, L_0000014ddfd9cbf0, C4<1>, C4<1>;
L_0000014ddfe0f980 .functor XOR 1, L_0000014ddfd9be30, L_0000014ddfd9cbf0, C4<0>, C4<0>;
L_0000014ddfe0ff30 .functor AND 1, L_0000014ddfd9d7d0, L_0000014ddfe0f980, C4<1>, C4<1>;
L_0000014ddfe104e0 .functor OR 1, L_0000014ddfe101d0, L_0000014ddfe0ff30, C4<0>, C4<0>;
v0000014ddfd2db30_0 .net *"_ivl_0", 0 0, L_0000014ddfe0fd70;  1 drivers
v0000014ddfd2bb50_0 .net *"_ivl_4", 0 0, L_0000014ddfe101d0;  1 drivers
v0000014ddfd2d9f0_0 .net *"_ivl_6", 0 0, L_0000014ddfe0f980;  1 drivers
v0000014ddfd2c410_0 .net *"_ivl_8", 0 0, L_0000014ddfe0ff30;  1 drivers
v0000014ddfd2b470_0 .net "a", 0 0, L_0000014ddfd9be30;  1 drivers
v0000014ddfd2d3b0_0 .net "b", 0 0, L_0000014ddfd9cbf0;  1 drivers
v0000014ddfd2bc90_0 .net "cin", 0 0, L_0000014ddfd9d7d0;  1 drivers
v0000014ddfd2ceb0_0 .net "cout", 0 0, L_0000014ddfe104e0;  1 drivers
v0000014ddfd2c4b0_0 .net "sum", 0 0, L_0000014ddfe10160;  1 drivers
S_0000014ddfd423e0 .scope generate, "fa_gen[23]" "fa_gen[23]" 7 16, 7 16 0, S_0000014ddfd403d0;
 .timescale 0 0;
P_0000014ddfc52340 .param/l "i" 0 7 16, +C4<010111>;
S_0000014ddfd43380 .scope module, "fa" "full_adder" 7 17, 7 31 0, S_0000014ddfd423e0;
 .timescale 0 0;
    .port_info 0 /INPUT 1 "a";
    .port_info 1 /INPUT 1 "b";
    .port_info 2 /INPUT 1 "cin";
    .port_info 3 /OUTPUT 1 "sum";
    .port_info 4 /OUTPUT 1 "cout";
L_0000014ddfe10320 .functor XOR 1, L_0000014ddfd9d410, L_0000014ddfd9b890, C4<0>, C4<0>;
L_0000014ddfe0f440 .functor XOR 1, L_0000014ddfe10320, L_0000014ddfd9cab0, C4<0>, C4<0>;
L_0000014ddfe0fb40 .functor AND 1, L_0000014ddfd9d410, L_0000014ddfd9b890, C4<1>, C4<1>;
L_0000014ddfe107f0 .functor XOR 1, L_0000014ddfd9d410, L_0000014ddfd9b890, C4<0>, C4<0>;
L_0000014ddfe10080 .functor AND 1, L_0000014ddfd9cab0, L_0000014ddfe107f0, C4<1>, C4<1>;
L_0000014ddfe10630 .functor OR 1, L_0000014ddfe0fb40, L_0000014ddfe10080, C4<0>, C4<0>;
v0000014ddfd2c5f0_0 .net *"_ivl_0", 0 0, L_0000014ddfe10320;  1 drivers
v0000014ddfd2d450_0 .net *"_ivl_4", 0 0, L_0000014ddfe0fb40;  1 drivers
v0000014ddfd2c690_0 .net *"_ivl_6", 0 0, L_0000014ddfe107f0;  1 drivers
v0000014ddfd2c050_0 .net *"_ivl_8", 0 0, L_0000014ddfe10080;  1 drivers
v0000014ddfd2bd30_0 .net "a", 0 0, L_0000014ddfd9d410;  1 drivers
v0000014ddfd2da90_0 .net "b", 0 0, L_0000014ddfd9b890;  1 drivers
v0000014ddfd2ce10_0 .net "cin", 0 0, L_0000014ddfd9cab0;  1 drivers
v0000014ddfd2d4f0_0 .net "cout", 0 0, L_0000014ddfe10630;  1 drivers
v0000014ddfd2b510_0 .net "sum", 0 0, L_0000014ddfe0f440;  1 drivers
S_0000014ddfd43e70 .scope generate, "fa_gen[24]" "fa_gen[24]" 7 16, 7 16 0, S_0000014ddfd403d0;
 .timescale 0 0;
P_0000014ddfc52380 .param/l "i" 0 7 16, +C4<011000>;
S_0000014ddfd43510 .scope module, "fa" "full_adder" 7 17, 7 31 0, S_0000014ddfd43e70;
 .timescale 0 0;
    .port_info 0 /INPUT 1 "a";
    .port_info 1 /INPUT 1 "b";
    .port_info 2 /INPUT 1 "cin";
    .port_info 3 /OUTPUT 1 "sum";
    .port_info 4 /OUTPUT 1 "cout";
L_0000014ddfe10860 .functor XOR 1, L_0000014ddfd9ce70, L_0000014ddfd9d0f0, C4<0>, C4<0>;
L_0000014ddfe0efe0 .functor XOR 1, L_0000014ddfe10860, L_0000014ddfd9c3d0, C4<0>, C4<0>;
L_0000014ddfe0f750 .functor AND 1, L_0000014ddfd9ce70, L_0000014ddfd9d0f0, C4<1>, C4<1>;
L_0000014ddfe10550 .functor XOR 1, L_0000014ddfd9ce70, L_0000014ddfd9d0f0, C4<0>, C4<0>;
L_0000014ddfe108d0 .functor AND 1, L_0000014ddfd9c3d0, L_0000014ddfe10550, C4<1>, C4<1>;
L_0000014ddfe10a90 .functor OR 1, L_0000014ddfe0f750, L_0000014ddfe108d0, C4<0>, C4<0>;
v0000014ddfd2bfb0_0 .net *"_ivl_0", 0 0, L_0000014ddfe10860;  1 drivers
v0000014ddfd2c0f0_0 .net *"_ivl_4", 0 0, L_0000014ddfe0f750;  1 drivers
v0000014ddfd2be70_0 .net *"_ivl_6", 0 0, L_0000014ddfe10550;  1 drivers
v0000014ddfd2caf0_0 .net *"_ivl_8", 0 0, L_0000014ddfe108d0;  1 drivers
v0000014ddfd2b5b0_0 .net "a", 0 0, L_0000014ddfd9ce70;  1 drivers
v0000014ddfd2b650_0 .net "b", 0 0, L_0000014ddfd9d0f0;  1 drivers
v0000014ddfd2bf10_0 .net "cin", 0 0, L_0000014ddfd9c3d0;  1 drivers
v0000014ddfd2c190_0 .net "cout", 0 0, L_0000014ddfe10a90;  1 drivers
v0000014ddfd2c2d0_0 .net "sum", 0 0, L_0000014ddfe0efe0;  1 drivers
S_0000014ddfd43830 .scope generate, "fa_gen[25]" "fa_gen[25]" 7 16, 7 16 0, S_0000014ddfd403d0;
 .timescale 0 0;
P_0000014ddfc52b40 .param/l "i" 0 7 16, +C4<011001>;
S_0000014ddfd44190 .scope module, "fa" "full_adder" 7 17, 7 31 0, S_0000014ddfd43830;
 .timescale 0 0;
    .port_info 0 /INPUT 1 "a";
    .port_info 1 /INPUT 1 "b";
    .port_info 2 /INPUT 1 "cin";
    .port_info 3 /OUTPUT 1 "sum";
    .port_info 4 /OUTPUT 1 "cout";
L_0000014ddfe105c0 .functor XOR 1, L_0000014ddfd9b110, L_0000014ddfd9b610, C4<0>, C4<0>;
L_0000014ddfe10b70 .functor XOR 1, L_0000014ddfe105c0, L_0000014ddfd9b930, C4<0>, C4<0>;
L_0000014ddfe0f4b0 .functor AND 1, L_0000014ddfd9b110, L_0000014ddfd9b610, C4<1>, C4<1>;
L_0000014ddfe0fbb0 .functor XOR 1, L_0000014ddfd9b110, L_0000014ddfd9b610, C4<0>, C4<0>;
L_0000014ddfe0fd00 .functor AND 1, L_0000014ddfd9b930, L_0000014ddfe0fbb0, C4<1>, C4<1>;
L_0000014ddfe102b0 .functor OR 1, L_0000014ddfe0f4b0, L_0000014ddfe0fd00, C4<0>, C4<0>;
v0000014ddfd2c730_0 .net *"_ivl_0", 0 0, L_0000014ddfe105c0;  1 drivers
v0000014ddfd2c870_0 .net *"_ivl_4", 0 0, L_0000014ddfe0f4b0;  1 drivers
v0000014ddfd2c910_0 .net *"_ivl_6", 0 0, L_0000014ddfe0fbb0;  1 drivers
v0000014ddfd2c9b0_0 .net *"_ivl_8", 0 0, L_0000014ddfe0fd00;  1 drivers
v0000014ddfd2cb90_0 .net "a", 0 0, L_0000014ddfd9b110;  1 drivers
v0000014ddfd2cd70_0 .net "b", 0 0, L_0000014ddfd9b610;  1 drivers
v0000014ddfd4cd20_0 .net "cin", 0 0, L_0000014ddfd9b930;  1 drivers
v0000014ddfd4d180_0 .net "cout", 0 0, L_0000014ddfe102b0;  1 drivers
v0000014ddfd4bec0_0 .net "sum", 0 0, L_0000014ddfe10b70;  1 drivers
S_0000014ddfd444b0 .scope generate, "fa_gen[26]" "fa_gen[26]" 7 16, 7 16 0, S_0000014ddfd403d0;
 .timescale 0 0;
P_0000014ddfc52a40 .param/l "i" 0 7 16, +C4<011010>;
S_0000014ddfd45c20 .scope module, "fa" "full_adder" 7 17, 7 31 0, S_0000014ddfd444b0;
 .timescale 0 0;
    .port_info 0 /INPUT 1 "a";
    .port_info 1 /INPUT 1 "b";
    .port_info 2 /INPUT 1 "cin";
    .port_info 3 /OUTPUT 1 "sum";
    .port_info 4 /OUTPUT 1 "cout";
L_0000014ddfe10b00 .functor XOR 1, L_0000014ddfd9d870, L_0000014ddfd9b250, C4<0>, C4<0>;
L_0000014ddfe0ffa0 .functor XOR 1, L_0000014ddfe10b00, L_0000014ddfd9b4d0, C4<0>, C4<0>;
L_0000014ddfe0fc90 .functor AND 1, L_0000014ddfd9d870, L_0000014ddfd9b250, C4<1>, C4<1>;
L_0000014ddfe10390 .functor XOR 1, L_0000014ddfd9d870, L_0000014ddfd9b250, C4<0>, C4<0>;
L_0000014ddfe0fde0 .functor AND 1, L_0000014ddfd9b4d0, L_0000014ddfe10390, C4<1>, C4<1>;
L_0000014ddfe0f050 .functor OR 1, L_0000014ddfe0fc90, L_0000014ddfe0fde0, C4<0>, C4<0>;
v0000014ddfd4cdc0_0 .net *"_ivl_0", 0 0, L_0000014ddfe10b00;  1 drivers
v0000014ddfd4b880_0 .net *"_ivl_4", 0 0, L_0000014ddfe0fc90;  1 drivers
v0000014ddfd4be20_0 .net *"_ivl_6", 0 0, L_0000014ddfe10390;  1 drivers
v0000014ddfd4bf60_0 .net *"_ivl_8", 0 0, L_0000014ddfe0fde0;  1 drivers
v0000014ddfd4c000_0 .net "a", 0 0, L_0000014ddfd9d870;  1 drivers
v0000014ddfd4cf00_0 .net "b", 0 0, L_0000014ddfd9b250;  1 drivers
v0000014ddfd4d040_0 .net "cin", 0 0, L_0000014ddfd9b4d0;  1 drivers
v0000014ddfd4bba0_0 .net "cout", 0 0, L_0000014ddfe0f050;  1 drivers
v0000014ddfd4b420_0 .net "sum", 0 0, L_0000014ddfe0ffa0;  1 drivers
S_0000014ddfd44640 .scope generate, "fa_gen[27]" "fa_gen[27]" 7 16, 7 16 0, S_0000014ddfd403d0;
 .timescale 0 0;
P_0000014ddfc528c0 .param/l "i" 0 7 16, +C4<011011>;
S_0000014ddfd45130 .scope module, "fa" "full_adder" 7 17, 7 31 0, S_0000014ddfd44640;
 .timescale 0 0;
    .port_info 0 /INPUT 1 "a";
    .port_info 1 /INPUT 1 "b";
    .port_info 2 /INPUT 1 "cin";
    .port_info 3 /OUTPUT 1 "sum";
    .port_info 4 /OUTPUT 1 "cout";
L_0000014ddfe0f600 .functor XOR 1, L_0000014ddfd9b6b0, L_0000014ddfd9d4b0, C4<0>, C4<0>;
L_0000014ddfe0f3d0 .functor XOR 1, L_0000014ddfe0f600, L_0000014ddfd9b9d0, C4<0>, C4<0>;
L_0000014ddfe10400 .functor AND 1, L_0000014ddfd9b6b0, L_0000014ddfd9d4b0, C4<1>, C4<1>;
L_0000014ddfe0f830 .functor XOR 1, L_0000014ddfd9b6b0, L_0000014ddfd9d4b0, C4<0>, C4<0>;
L_0000014ddfe0f910 .functor AND 1, L_0000014ddfd9b9d0, L_0000014ddfe0f830, C4<1>, C4<1>;
L_0000014ddfe0f590 .functor OR 1, L_0000014ddfe10400, L_0000014ddfe0f910, C4<0>, C4<0>;
v0000014ddfd4b7e0_0 .net *"_ivl_0", 0 0, L_0000014ddfe0f600;  1 drivers
v0000014ddfd4bc40_0 .net *"_ivl_4", 0 0, L_0000014ddfe10400;  1 drivers
v0000014ddfd4bb00_0 .net *"_ivl_6", 0 0, L_0000014ddfe0f830;  1 drivers
v0000014ddfd4bce0_0 .net *"_ivl_8", 0 0, L_0000014ddfe0f910;  1 drivers
v0000014ddfd4c1e0_0 .net "a", 0 0, L_0000014ddfd9b6b0;  1 drivers
v0000014ddfd4b740_0 .net "b", 0 0, L_0000014ddfd9d4b0;  1 drivers
v0000014ddfd4b6a0_0 .net "cin", 0 0, L_0000014ddfd9b9d0;  1 drivers
v0000014ddfd4bd80_0 .net "cout", 0 0, L_0000014ddfe0f590;  1 drivers
v0000014ddfd4b600_0 .net "sum", 0 0, L_0000014ddfe0f3d0;  1 drivers
S_0000014ddfd452c0 .scope generate, "fa_gen[28]" "fa_gen[28]" 7 16, 7 16 0, S_0000014ddfd403d0;
 .timescale 0 0;
P_0000014ddfc52e00 .param/l "i" 0 7 16, +C4<011100>;
S_0000014ddfd68380 .scope module, "fa" "full_adder" 7 17, 7 31 0, S_0000014ddfd452c0;
 .timescale 0 0;
    .port_info 0 /INPUT 1 "a";
    .port_info 1 /INPUT 1 "b";
    .port_info 2 /INPUT 1 "cin";
    .port_info 3 /OUTPUT 1 "sum";
    .port_info 4 /OUTPUT 1 "cout";
L_0000014ddfe0f520 .functor XOR 1, L_0000014ddfd9ba70, L_0000014ddfd9bb10, C4<0>, C4<0>;
L_0000014ddfe10010 .functor XOR 1, L_0000014ddfe0f520, L_0000014ddfd9bbb0, C4<0>, C4<0>;
L_0000014ddfe0fe50 .functor AND 1, L_0000014ddfd9ba70, L_0000014ddfd9bb10, C4<1>, C4<1>;
L_0000014ddfe0fec0 .functor XOR 1, L_0000014ddfd9ba70, L_0000014ddfd9bb10, C4<0>, C4<0>;
L_0000014ddfe0f0c0 .functor AND 1, L_0000014ddfd9bbb0, L_0000014ddfe0fec0, C4<1>, C4<1>;
L_0000014ddfe0f670 .functor OR 1, L_0000014ddfe0fe50, L_0000014ddfe0f0c0, C4<0>, C4<0>;
v0000014ddfd4caa0_0 .net *"_ivl_0", 0 0, L_0000014ddfe0f520;  1 drivers
v0000014ddfd4c0a0_0 .net *"_ivl_4", 0 0, L_0000014ddfe0fe50;  1 drivers
v0000014ddfd4b920_0 .net *"_ivl_6", 0 0, L_0000014ddfe0fec0;  1 drivers
v0000014ddfd4b560_0 .net *"_ivl_8", 0 0, L_0000014ddfe0f0c0;  1 drivers
v0000014ddfd4b9c0_0 .net "a", 0 0, L_0000014ddfd9ba70;  1 drivers
v0000014ddfd4cc80_0 .net "b", 0 0, L_0000014ddfd9bb10;  1 drivers
v0000014ddfd4ce60_0 .net "cin", 0 0, L_0000014ddfd9bbb0;  1 drivers
v0000014ddfd4ba60_0 .net "cout", 0 0, L_0000014ddfe0f670;  1 drivers
v0000014ddfd4c140_0 .net "sum", 0 0, L_0000014ddfe10010;  1 drivers
S_0000014ddfd68060 .scope generate, "fa_gen[29]" "fa_gen[29]" 7 16, 7 16 0, S_0000014ddfd403d0;
 .timescale 0 0;
P_0000014ddfc52cc0 .param/l "i" 0 7 16, +C4<011101>;
S_0000014ddfd6bbc0 .scope module, "fa" "full_adder" 7 17, 7 31 0, S_0000014ddfd68060;
 .timescale 0 0;
    .port_info 0 /INPUT 1 "a";
    .port_info 1 /INPUT 1 "b";
    .port_info 2 /INPUT 1 "cin";
    .port_info 3 /OUTPUT 1 "sum";
    .port_info 4 /OUTPUT 1 "cout";
L_0000014ddfe0f6e0 .functor XOR 1, L_0000014ddfd9bc50, L_0000014ddfd9bcf0, C4<0>, C4<0>;
L_0000014ddfe10470 .functor XOR 1, L_0000014ddfe0f6e0, L_0000014ddfd9bd90, C4<0>, C4<0>;
L_0000014ddfe0f280 .functor AND 1, L_0000014ddfd9bc50, L_0000014ddfd9bcf0, C4<1>, C4<1>;
L_0000014ddfe0f1a0 .functor XOR 1, L_0000014ddfd9bc50, L_0000014ddfd9bcf0, C4<0>, C4<0>;
L_0000014ddfe0f7c0 .functor AND 1, L_0000014ddfd9bd90, L_0000014ddfe0f1a0, C4<1>, C4<1>;
L_0000014ddfe0fad0 .functor OR 1, L_0000014ddfe0f280, L_0000014ddfe0f7c0, C4<0>, C4<0>;
v0000014ddfd4c6e0_0 .net *"_ivl_0", 0 0, L_0000014ddfe0f6e0;  1 drivers
v0000014ddfd4d860_0 .net *"_ivl_4", 0 0, L_0000014ddfe0f280;  1 drivers
v0000014ddfd4c280_0 .net *"_ivl_6", 0 0, L_0000014ddfe0f1a0;  1 drivers
v0000014ddfd4d2c0_0 .net *"_ivl_8", 0 0, L_0000014ddfe0f7c0;  1 drivers
v0000014ddfd4c320_0 .net "a", 0 0, L_0000014ddfd9bc50;  1 drivers
v0000014ddfd4cfa0_0 .net "b", 0 0, L_0000014ddfd9bcf0;  1 drivers
v0000014ddfd4d0e0_0 .net "cin", 0 0, L_0000014ddfd9bd90;  1 drivers
v0000014ddfd4c8c0_0 .net "cout", 0 0, L_0000014ddfe0fad0;  1 drivers
v0000014ddfd4c3c0_0 .net "sum", 0 0, L_0000014ddfe10470;  1 drivers
S_0000014ddfd68e70 .scope generate, "fa_gen[30]" "fa_gen[30]" 7 16, 7 16 0, S_0000014ddfd403d0;
 .timescale 0 0;
P_0000014ddfc52440 .param/l "i" 0 7 16, +C4<011110>;
S_0000014ddfd69320 .scope module, "fa" "full_adder" 7 17, 7 31 0, S_0000014ddfd68e70;
 .timescale 0 0;
    .port_info 0 /INPUT 1 "a";
    .port_info 1 /INPUT 1 "b";
    .port_info 2 /INPUT 1 "cin";
    .port_info 3 /OUTPUT 1 "sum";
    .port_info 4 /OUTPUT 1 "cout";
L_0000014ddfe100f0 .functor XOR 1, L_0000014ddfd9cc90, L_0000014ddfd9bed0, C4<0>, C4<0>;
L_0000014ddfe0f360 .functor XOR 1, L_0000014ddfe100f0, L_0000014ddfd9c970, C4<0>, C4<0>;
L_0000014ddfe10240 .functor AND 1, L_0000014ddfd9cc90, L_0000014ddfd9bed0, C4<1>, C4<1>;
L_0000014ddfe0f2f0 .functor XOR 1, L_0000014ddfd9cc90, L_0000014ddfd9bed0, C4<0>, C4<0>;
L_0000014ddfe10940 .functor AND 1, L_0000014ddfd9c970, L_0000014ddfe0f2f0, C4<1>, C4<1>;
L_0000014ddfe0f8a0 .functor OR 1, L_0000014ddfe10240, L_0000014ddfe10940, C4<0>, C4<0>;
v0000014ddfd4c460_0 .net *"_ivl_0", 0 0, L_0000014ddfe100f0;  1 drivers
v0000014ddfd4c780_0 .net *"_ivl_4", 0 0, L_0000014ddfe10240;  1 drivers
v0000014ddfd4b4c0_0 .net *"_ivl_6", 0 0, L_0000014ddfe0f2f0;  1 drivers
v0000014ddfd4d900_0 .net *"_ivl_8", 0 0, L_0000014ddfe10940;  1 drivers
v0000014ddfd4d220_0 .net "a", 0 0, L_0000014ddfd9cc90;  1 drivers
v0000014ddfd4c500_0 .net "b", 0 0, L_0000014ddfd9bed0;  1 drivers
v0000014ddfd4d360_0 .net "cin", 0 0, L_0000014ddfd9c970;  1 drivers
v0000014ddfd4db80_0 .net "cout", 0 0, L_0000014ddfe0f8a0;  1 drivers
v0000014ddfd4d5e0_0 .net "sum", 0 0, L_0000014ddfe0f360;  1 drivers
S_0000014ddfd6b8a0 .scope generate, "fa_gen[31]" "fa_gen[31]" 7 16, 7 16 0, S_0000014ddfd403d0;
 .timescale 0 0;
P_0000014ddfc52480 .param/l "i" 0 7 16, +C4<011111>;
S_0000014ddfd6ba30 .scope module, "fa" "full_adder" 7 17, 7 31 0, S_0000014ddfd6b8a0;
 .timescale 0 0;
    .port_info 0 /INPUT 1 "a";
    .port_info 1 /INPUT 1 "b";
    .port_info 2 /INPUT 1 "cin";
    .port_info 3 /OUTPUT 1 "sum";
    .port_info 4 /OUTPUT 1 "cout";
L_0000014ddfe109b0 .functor XOR 1, L_0000014ddfd9c0b0, L_0000014ddfd9bf70, C4<0>, C4<0>;
L_0000014ddfe0f9f0 .functor XOR 1, L_0000014ddfe109b0, L_0000014ddfd9c010, C4<0>, C4<0>;
L_0000014ddfe0fa60 .functor AND 1, L_0000014ddfd9c0b0, L_0000014ddfd9bf70, C4<1>, C4<1>;
L_0000014ddfe11200 .functor XOR 1, L_0000014ddfd9c0b0, L_0000014ddfd9bf70, C4<0>, C4<0>;
L_0000014ddfe11190 .functor AND 1, L_0000014ddfd9c010, L_0000014ddfe11200, C4<1>, C4<1>;
L_0000014ddfe10d30 .functor OR 1, L_0000014ddfe0fa60, L_0000014ddfe11190, C4<0>, C4<0>;
v0000014ddfd4c5a0_0 .net *"_ivl_0", 0 0, L_0000014ddfe109b0;  1 drivers
v0000014ddfd4c640_0 .net *"_ivl_4", 0 0, L_0000014ddfe0fa60;  1 drivers
v0000014ddfd4c820_0 .net *"_ivl_6", 0 0, L_0000014ddfe11200;  1 drivers
v0000014ddfd4cbe0_0 .net *"_ivl_8", 0 0, L_0000014ddfe11190;  1 drivers
v0000014ddfd4d400_0 .net "a", 0 0, L_0000014ddfd9c0b0;  1 drivers
v0000014ddfd4d4a0_0 .net "b", 0 0, L_0000014ddfd9bf70;  1 drivers
v0000014ddfd4cb40_0 .net "cin", 0 0, L_0000014ddfd9c010;  1 drivers
v0000014ddfd4c960_0 .net "cout", 0 0, L_0000014ddfe10d30;  1 drivers
v0000014ddfd4d540_0 .net "sum", 0 0, L_0000014ddfe0f9f0;  1 drivers
S_0000014ddfd6a770 .scope module, "shifter" "barrel_shifter" 4 77, 8 3 0, S_0000014ddf96f150;
 .timescale 0 0;
    .port_info 0 /INPUT 32 "A";
    .port_info 1 /INPUT 5 "B";
    .port_info 2 /OUTPUT 32 "shr_out";
    .port_info 3 /OUTPUT 32 "shra_out";
    .port_info 4 /OUTPUT 32 "shl_out";
    .port_info 5 /OUTPUT 32 "ror_out";
    .port_info 6 /OUTPUT 32 "rol_out";
L_0000014ddfe2fe10 .functor BUFZ 32, L_0000014ddfd87250, C4<00000000000000000000000000000000>, C4<00000000000000000000000000000000>, C4<00000000000000000000000000000000>;
L_0000014ddfe30740 .functor BUFZ 32, L_0000014ddfd88b50, C4<00000000000000000000000000000000>, C4<00000000000000000000000000000000>, C4<00000000000000000000000000000000>;
L_0000014ddfe30580 .functor BUFZ 32, L_0000014ddfd88c90, C4<00000000000000000000000000000000>, C4<00000000000000000000000000000000>, C4<00000000000000000000000000000000>;
L_0000014ddfe30c10 .functor BUFZ 32, L_0000014ddfd89eb0, C4<00000000000000000000000000000000>, C4<00000000000000000000000000000000>, C4<00000000000000000000000000000000>;
L_0000014ddfe30660 .functor BUFZ 32, L_0000014ddfd8a630, C4<00000000000000000000000000000000>, C4<00000000000000000000000000000000>, C4<00000000000000000000000000000000>;
v0000014ddfd4f660_0 .net "A", 31 0, v0000014ddfd7d200_0;  alias, 1 drivers
v0000014ddfd4f160_0 .net "B", 4 0, L_0000014ddfd8adb0;  1 drivers
v0000014ddfd4fd40_0 .net *"_ivl_1", 0 0, L_0000014ddfd85e50;  1 drivers
v0000014ddfd4fde0_0 .net *"_ivl_105", 0 0, L_0000014ddfd877f0;  1 drivers
v0000014ddfd4fe80_0 .net *"_ivl_107", 30 0, L_0000014ddfd89190;  1 drivers
L_0000014ddfda59e8 .functor BUFT 1, C4<0>, C4<0>, C4<0>, C4<0>;
v0000014ddfd4e9e0_0 .net/2u *"_ivl_108", 0 0, L_0000014ddfda59e8;  1 drivers
v0000014ddfd4e3a0_0 .net *"_ivl_11", 0 0, L_0000014ddfd86350;  1 drivers
v0000014ddfd4ffc0_0 .net *"_ivl_110", 31 0, L_0000014ddfd890f0;  1 drivers
v0000014ddfd4e440_0 .net *"_ivl_115", 0 0, L_0000014ddfd89690;  1 drivers
v0000014ddfd4eee0_0 .net *"_ivl_117", 29 0, L_0000014ddfd87890;  1 drivers
L_0000014ddfda5a30 .functor BUFT 1, C4<00>, C4<0>, C4<0>, C4<0>;
v0000014ddfd4e940_0 .net/2u *"_ivl_118", 1 0, L_0000014ddfda5a30;  1 drivers
L_0000014ddfda58c8 .functor BUFT 1, C4<00>, C4<0>, C4<0>, C4<0>;
v0000014ddfd4e6c0_0 .net/2u *"_ivl_12", 1 0, L_0000014ddfda58c8;  1 drivers
v0000014ddfd4dfe0_0 .net *"_ivl_120", 31 0, L_0000014ddfd883d0;  1 drivers
v0000014ddfd4fac0_0 .net *"_ivl_125", 0 0, L_0000014ddfd87c50;  1 drivers
v0000014ddfd4e080_0 .net *"_ivl_127", 27 0, L_0000014ddfd88470;  1 drivers
L_0000014ddfda5a78 .functor BUFT 1, C4<0000>, C4<0>, C4<0>, C4<0>;
v0000014ddfd4f700_0 .net/2u *"_ivl_128", 3 0, L_0000014ddfda5a78;  1 drivers
v0000014ddfd4dc20_0 .net *"_ivl_130", 31 0, L_0000014ddfd87cf0;  1 drivers
v0000014ddfd4fb60_0 .net *"_ivl_135", 0 0, L_0000014ddfd87d90;  1 drivers
v0000014ddfd4f0c0_0 .net *"_ivl_137", 23 0, L_0000014ddfd87e30;  1 drivers
L_0000014ddfda5ac0 .functor BUFT 1, C4<00000000>, C4<0>, C4<0>, C4<0>;
v0000014ddfd4ef80_0 .net/2u *"_ivl_138", 7 0, L_0000014ddfda5ac0;  1 drivers
v0000014ddfd4ea80_0 .net *"_ivl_140", 31 0, L_0000014ddfd87f70;  1 drivers
v0000014ddfd4ff20_0 .net *"_ivl_145", 0 0, L_0000014ddfd885b0;  1 drivers
v0000014ddfd4e760_0 .net *"_ivl_147", 15 0, L_0000014ddfd88650;  1 drivers
L_0000014ddfda5b08 .functor BUFT 1, C4<0000000000000000>, C4<0>, C4<0>, C4<0>;
v0000014ddfd4f480_0 .net/2u *"_ivl_148", 15 0, L_0000014ddfda5b08;  1 drivers
v0000014ddfd50060_0 .net *"_ivl_15", 29 0, L_0000014ddfd886f0;  1 drivers
v0000014ddfd4f020_0 .net *"_ivl_150", 31 0, L_0000014ddfd88bf0;  1 drivers
v0000014ddfd4ebc0_0 .net *"_ivl_157", 0 0, L_0000014ddfd88d30;  1 drivers
v0000014ddfd4e800_0 .net *"_ivl_159", 0 0, L_0000014ddfd89230;  1 drivers
v0000014ddfd4e120_0 .net *"_ivl_16", 31 0, L_0000014ddfd88e70;  1 drivers
v0000014ddfd4e620_0 .net *"_ivl_161", 30 0, L_0000014ddfd892d0;  1 drivers
v0000014ddfd4ec60_0 .net *"_ivl_162", 31 0, L_0000014ddfd895f0;  1 drivers
v0000014ddfd50380_0 .net *"_ivl_167", 0 0, L_0000014ddfd8a950;  1 drivers
v0000014ddfd4e300_0 .net *"_ivl_169", 1 0, L_0000014ddfd8a9f0;  1 drivers
v0000014ddfd4ed00_0 .net *"_ivl_171", 29 0, L_0000014ddfd8b210;  1 drivers
v0000014ddfd4e8a0_0 .net *"_ivl_172", 31 0, L_0000014ddfd8be90;  1 drivers
v0000014ddfd50100_0 .net *"_ivl_177", 0 0, L_0000014ddfd89d70;  1 drivers
v0000014ddfd4f520_0 .net *"_ivl_179", 3 0, L_0000014ddfd89ff0;  1 drivers
v0000014ddfd501a0_0 .net *"_ivl_181", 27 0, L_0000014ddfd89910;  1 drivers
v0000014ddfd4dcc0_0 .net *"_ivl_182", 31 0, L_0000014ddfd8a6d0;  1 drivers
v0000014ddfd4eda0_0 .net *"_ivl_187", 0 0, L_0000014ddfd8bad0;  1 drivers
v0000014ddfd4dd60_0 .net *"_ivl_189", 7 0, L_0000014ddfd8c070;  1 drivers
v0000014ddfd50240_0 .net *"_ivl_191", 23 0, L_0000014ddfd8aa90;  1 drivers
v0000014ddfd4eb20_0 .net *"_ivl_192", 31 0, L_0000014ddfd8abd0;  1 drivers
v0000014ddfd4f7a0_0 .net *"_ivl_197", 0 0, L_0000014ddfd8a450;  1 drivers
v0000014ddfd4f8e0_0 .net *"_ivl_199", 15 0, L_0000014ddfd89c30;  1 drivers
L_0000014ddfda5880 .functor BUFT 1, C4<0>, C4<0>, C4<0>, C4<0>;
v0000014ddfd502e0_0 .net/2u *"_ivl_2", 0 0, L_0000014ddfda5880;  1 drivers
v0000014ddfd4e260_0 .net *"_ivl_201", 15 0, L_0000014ddfd89a50;  1 drivers
v0000014ddfd4de00_0 .net *"_ivl_202", 31 0, L_0000014ddfd8b5d0;  1 drivers
v0000014ddfd4fca0_0 .net *"_ivl_209", 0 0, L_0000014ddfd8bb70;  1 drivers
v0000014ddfd4f5c0_0 .net *"_ivl_21", 0 0, L_0000014ddfd880b0;  1 drivers
v0000014ddfd4e1c0_0 .net *"_ivl_211", 30 0, L_0000014ddfd8b530;  1 drivers
v0000014ddfd4dea0_0 .net *"_ivl_213", 0 0, L_0000014ddfd8a310;  1 drivers
v0000014ddfd4f840_0 .net *"_ivl_214", 31 0, L_0000014ddfd8a810;  1 drivers
v0000014ddfd4ee40_0 .net *"_ivl_219", 0 0, L_0000014ddfd8bf30;  1 drivers
L_0000014ddfda5910 .functor BUFT 1, C4<0000>, C4<0>, C4<0>, C4<0>;
v0000014ddfd4e4e0_0 .net/2u *"_ivl_22", 3 0, L_0000014ddfda5910;  1 drivers
v0000014ddfd4f200_0 .net *"_ivl_221", 29 0, L_0000014ddfd8af90;  1 drivers
v0000014ddfd4e580_0 .net *"_ivl_223", 1 0, L_0000014ddfd89f50;  1 drivers
v0000014ddfd4f2a0_0 .net *"_ivl_224", 31 0, L_0000014ddfd89af0;  1 drivers
v0000014ddfd4df40_0 .net *"_ivl_229", 0 0, L_0000014ddfd8ab30;  1 drivers
v0000014ddfd4f3e0_0 .net *"_ivl_231", 27 0, L_0000014ddfd89b90;  1 drivers
v0000014ddfd4f340_0 .net *"_ivl_233", 3 0, L_0000014ddfd8a090;  1 drivers
v0000014ddfd4f980_0 .net *"_ivl_234", 31 0, L_0000014ddfd8b2b0;  1 drivers
v0000014ddfd4fa20_0 .net *"_ivl_239", 0 0, L_0000014ddfd8ac70;  1 drivers
v0000014ddfd4fc00_0 .net *"_ivl_241", 23 0, L_0000014ddfd8a1d0;  1 drivers
v0000014ddfd525e0_0 .net *"_ivl_243", 7 0, L_0000014ddfd8a270;  1 drivers
v0000014ddfd52680_0 .net *"_ivl_244", 31 0, L_0000014ddfd8a3b0;  1 drivers
v0000014ddfd51820_0 .net *"_ivl_249", 0 0, L_0000014ddfd8b990;  1 drivers
v0000014ddfd52540_0 .net *"_ivl_25", 27 0, L_0000014ddfd87110;  1 drivers
v0000014ddfd527c0_0 .net *"_ivl_251", 15 0, L_0000014ddfd8a590;  1 drivers
v0000014ddfd52360_0 .net *"_ivl_253", 15 0, L_0000014ddfd899b0;  1 drivers
v0000014ddfd51a00_0 .net *"_ivl_254", 31 0, L_0000014ddfd8ad10;  1 drivers
v0000014ddfd50d80_0 .net *"_ivl_26", 31 0, L_0000014ddfd89370;  1 drivers
v0000014ddfd51140_0 .net *"_ivl_31", 0 0, L_0000014ddfd88330;  1 drivers
L_0000014ddfda5958 .functor BUFT 1, C4<00000000>, C4<0>, C4<0>, C4<0>;
v0000014ddfd50ba0_0 .net/2u *"_ivl_32", 7 0, L_0000014ddfda5958;  1 drivers
v0000014ddfd51d20_0 .net *"_ivl_35", 23 0, L_0000014ddfd88150;  1 drivers
v0000014ddfd51dc0_0 .net *"_ivl_36", 31 0, L_0000014ddfd87570;  1 drivers
v0000014ddfd52040_0 .net *"_ivl_41", 0 0, L_0000014ddfd874d0;  1 drivers
L_0000014ddfda59a0 .functor BUFT 1, C4<0000000000000000>, C4<0>, C4<0>, C4<0>;
v0000014ddfd516e0_0 .net/2u *"_ivl_42", 15 0, L_0000014ddfda59a0;  1 drivers
v0000014ddfd52220_0 .net *"_ivl_45", 15 0, L_0000014ddfd88fb0;  1 drivers
v0000014ddfd51aa0_0 .net *"_ivl_46", 31 0, L_0000014ddfd89870;  1 drivers
v0000014ddfd51280_0 .net *"_ivl_5", 30 0, L_0000014ddfd860d0;  1 drivers
v0000014ddfd50880_0 .net *"_ivl_55", 0 0, L_0000014ddfd89050;  1 drivers
v0000014ddfd51e60_0 .net *"_ivl_57", 30 0, L_0000014ddfd88dd0;  1 drivers
v0000014ddfd50560_0 .net *"_ivl_58", 31 0, L_0000014ddfd88f10;  1 drivers
v0000014ddfd509c0_0 .net *"_ivl_6", 31 0, L_0000014ddfd86210;  1 drivers
v0000014ddfd51c80_0 .net *"_ivl_63", 0 0, L_0000014ddfd87610;  1 drivers
v0000014ddfd50f60_0 .net *"_ivl_64", 1 0, L_0000014ddfd89410;  1 drivers
v0000014ddfd51000_0 .net *"_ivl_67", 29 0, L_0000014ddfd88a10;  1 drivers
v0000014ddfd51f00_0 .net *"_ivl_68", 31 0, L_0000014ddfd87ed0;  1 drivers
v0000014ddfd52860_0 .net *"_ivl_73", 0 0, L_0000014ddfd897d0;  1 drivers
v0000014ddfd51b40_0 .net *"_ivl_74", 3 0, L_0000014ddfd894b0;  1 drivers
v0000014ddfd507e0_0 .net *"_ivl_77", 27 0, L_0000014ddfd872f0;  1 drivers
v0000014ddfd51640_0 .net *"_ivl_78", 31 0, L_0000014ddfd881f0;  1 drivers
v0000014ddfd52720_0 .net *"_ivl_83", 0 0, L_0000014ddfd87b10;  1 drivers
v0000014ddfd520e0_0 .net *"_ivl_84", 7 0, L_0000014ddfd876b0;  1 drivers
v0000014ddfd529a0_0 .net *"_ivl_87", 23 0, L_0000014ddfd88ab0;  1 drivers
v0000014ddfd510a0_0 .net *"_ivl_88", 31 0, L_0000014ddfd88970;  1 drivers
v0000014ddfd50920_0 .net *"_ivl_93", 0 0, L_0000014ddfd87750;  1 drivers
v0000014ddfd52a40_0 .net *"_ivl_94", 15 0, L_0000014ddfd88790;  1 drivers
v0000014ddfd50e20_0 .net *"_ivl_97", 15 0, L_0000014ddfd87bb0;  1 drivers
v0000014ddfd522c0_0 .net *"_ivl_98", 31 0, L_0000014ddfd89550;  1 drivers
v0000014ddfd51be0_0 .net "rol_out", 31 0, L_0000014ddfe30660;  alias, 1 drivers
v0000014ddfd51fa0_0 .net "rol_stage0", 31 0, L_0000014ddfd8a130;  1 drivers
v0000014ddfd50a60_0 .net "rol_stage1", 31 0, L_0000014ddfd8bfd0;  1 drivers
v0000014ddfd50740_0 .net "rol_stage2", 31 0, L_0000014ddfd8bcb0;  1 drivers
v0000014ddfd52180_0 .net "rol_stage3", 31 0, L_0000014ddfd8a4f0;  1 drivers
v0000014ddfd50b00_0 .net "rol_stage4", 31 0, L_0000014ddfd8a630;  1 drivers
v0000014ddfd511e0_0 .net "ror_out", 31 0, L_0000014ddfe30c10;  alias, 1 drivers
v0000014ddfd50ec0_0 .net "ror_stage0", 31 0, L_0000014ddfd8a8b0;  1 drivers
v0000014ddfd52ae0_0 .net "ror_stage1", 31 0, L_0000014ddfd8a770;  1 drivers
v0000014ddfd51320_0 .net "ror_stage2", 31 0, L_0000014ddfd89cd0;  1 drivers
v0000014ddfd52400_0 .net "ror_stage3", 31 0, L_0000014ddfd89e10;  1 drivers
v0000014ddfd52b80_0 .net "ror_stage4", 31 0, L_0000014ddfd89eb0;  1 drivers
v0000014ddfd52900_0 .net "shl_out", 31 0, L_0000014ddfe30580;  alias, 1 drivers
v0000014ddfd50c40_0 .net "shl_stage0", 31 0, L_0000014ddfd88290;  1 drivers
v0000014ddfd524a0_0 .net "shl_stage1", 31 0, L_0000014ddfd88830;  1 drivers
v0000014ddfd50420_0 .net "shl_stage2", 31 0, L_0000014ddfd888d0;  1 drivers
v0000014ddfd51960_0 .net "shl_stage3", 31 0, L_0000014ddfd88010;  1 drivers
v0000014ddfd504c0_0 .net "shl_stage4", 31 0, L_0000014ddfd88c90;  1 drivers
v0000014ddfd50600_0 .net "shr_out", 31 0, L_0000014ddfe2fe10;  alias, 1 drivers
v0000014ddfd506a0_0 .net "shr_stage0", 31 0, L_0000014ddfd862b0;  1 drivers
v0000014ddfd50ce0_0 .net "shr_stage1", 31 0, L_0000014ddfd87930;  1 drivers
v0000014ddfd513c0_0 .net "shr_stage2", 31 0, L_0000014ddfd871b0;  1 drivers
v0000014ddfd51460_0 .net "shr_stage3", 31 0, L_0000014ddfd88510;  1 drivers
v0000014ddfd51500_0 .net "shr_stage4", 31 0, L_0000014ddfd87250;  1 drivers
v0000014ddfd515a0_0 .net "shra_out", 31 0, L_0000014ddfe30740;  alias, 1 drivers
v0000014ddfd51780_0 .net "shra_stage0", 31 0, L_0000014ddfd87430;  1 drivers
v0000014ddfd518c0_0 .net "shra_stage1", 31 0, L_0000014ddfd879d0;  1 drivers
v0000014ddfd54f20_0 .net "shra_stage2", 31 0, L_0000014ddfd87390;  1 drivers
v0000014ddfd54980_0 .net "shra_stage3", 31 0, L_0000014ddfd87a70;  1 drivers
v0000014ddfd536c0_0 .net "shra_stage4", 31 0, L_0000014ddfd88b50;  1 drivers
v0000014ddfd52f40_0 .net "sign_bit", 0 0, L_0000014ddfd89730;  1 drivers
L_0000014ddfd85e50 .part L_0000014ddfd8adb0, 0, 1;
L_0000014ddfd860d0 .part v0000014ddfd7d200_0, 1, 31;
L_0000014ddfd86210 .concat [ 31 1 0 0], L_0000014ddfd860d0, L_0000014ddfda5880;
L_0000014ddfd862b0 .functor MUXZ 32, v0000014ddfd7d200_0, L_0000014ddfd86210, L_0000014ddfd85e50, C4<>;
L_0000014ddfd86350 .part L_0000014ddfd8adb0, 1, 1;
L_0000014ddfd886f0 .part L_0000014ddfd862b0, 2, 30;
L_0000014ddfd88e70 .concat [ 30 2 0 0], L_0000014ddfd886f0, L_0000014ddfda58c8;
L_0000014ddfd87930 .functor MUXZ 32, L_0000014ddfd862b0, L_0000014ddfd88e70, L_0000014ddfd86350, C4<>;
L_0000014ddfd880b0 .part L_0000014ddfd8adb0, 2, 1;
L_0000014ddfd87110 .part L_0000014ddfd87930, 4, 28;
L_0000014ddfd89370 .concat [ 28 4 0 0], L_0000014ddfd87110, L_0000014ddfda5910;
L_0000014ddfd871b0 .functor MUXZ 32, L_0000014ddfd87930, L_0000014ddfd89370, L_0000014ddfd880b0, C4<>;
L_0000014ddfd88330 .part L_0000014ddfd8adb0, 3, 1;
L_0000014ddfd88150 .part L_0000014ddfd871b0, 8, 24;
L_0000014ddfd87570 .concat [ 24 8 0 0], L_0000014ddfd88150, L_0000014ddfda5958;
L_0000014ddfd88510 .functor MUXZ 32, L_0000014ddfd871b0, L_0000014ddfd87570, L_0000014ddfd88330, C4<>;
L_0000014ddfd874d0 .part L_0000014ddfd8adb0, 4, 1;
L_0000014ddfd88fb0 .part L_0000014ddfd88510, 16, 16;
L_0000014ddfd89870 .concat [ 16 16 0 0], L_0000014ddfd88fb0, L_0000014ddfda59a0;
L_0000014ddfd87250 .functor MUXZ 32, L_0000014ddfd88510, L_0000014ddfd89870, L_0000014ddfd874d0, C4<>;
L_0000014ddfd89730 .part v0000014ddfd7d200_0, 31, 1;
L_0000014ddfd89050 .part L_0000014ddfd8adb0, 0, 1;
L_0000014ddfd88dd0 .part v0000014ddfd7d200_0, 1, 31;
L_0000014ddfd88f10 .concat [ 31 1 0 0], L_0000014ddfd88dd0, L_0000014ddfd89730;
L_0000014ddfd87430 .functor MUXZ 32, v0000014ddfd7d200_0, L_0000014ddfd88f10, L_0000014ddfd89050, C4<>;
L_0000014ddfd87610 .part L_0000014ddfd8adb0, 1, 1;
L_0000014ddfd89410 .concat [ 1 1 0 0], L_0000014ddfd89730, L_0000014ddfd89730;
L_0000014ddfd88a10 .part L_0000014ddfd87430, 2, 30;
L_0000014ddfd87ed0 .concat [ 30 2 0 0], L_0000014ddfd88a10, L_0000014ddfd89410;
L_0000014ddfd879d0 .functor MUXZ 32, L_0000014ddfd87430, L_0000014ddfd87ed0, L_0000014ddfd87610, C4<>;
L_0000014ddfd897d0 .part L_0000014ddfd8adb0, 2, 1;
L_0000014ddfd894b0 .concat [ 1 1 1 1], L_0000014ddfd89730, L_0000014ddfd89730, L_0000014ddfd89730, L_0000014ddfd89730;
L_0000014ddfd872f0 .part L_0000014ddfd879d0, 4, 28;
L_0000014ddfd881f0 .concat [ 28 4 0 0], L_0000014ddfd872f0, L_0000014ddfd894b0;
L_0000014ddfd87390 .functor MUXZ 32, L_0000014ddfd879d0, L_0000014ddfd881f0, L_0000014ddfd897d0, C4<>;
L_0000014ddfd87b10 .part L_0000014ddfd8adb0, 3, 1;
LS_0000014ddfd876b0_0_0 .concat [ 1 1 1 1], L_0000014ddfd89730, L_0000014ddfd89730, L_0000014ddfd89730, L_0000014ddfd89730;
LS_0000014ddfd876b0_0_4 .concat [ 1 1 1 1], L_0000014ddfd89730, L_0000014ddfd89730, L_0000014ddfd89730, L_0000014ddfd89730;
L_0000014ddfd876b0 .concat [ 4 4 0 0], LS_0000014ddfd876b0_0_0, LS_0000014ddfd876b0_0_4;
L_0000014ddfd88ab0 .part L_0000014ddfd87390, 8, 24;
L_0000014ddfd88970 .concat [ 24 8 0 0], L_0000014ddfd88ab0, L_0000014ddfd876b0;
L_0000014ddfd87a70 .functor MUXZ 32, L_0000014ddfd87390, L_0000014ddfd88970, L_0000014ddfd87b10, C4<>;
L_0000014ddfd87750 .part L_0000014ddfd8adb0, 4, 1;
LS_0000014ddfd88790_0_0 .concat [ 1 1 1 1], L_0000014ddfd89730, L_0000014ddfd89730, L_0000014ddfd89730, L_0000014ddfd89730;
LS_0000014ddfd88790_0_4 .concat [ 1 1 1 1], L_0000014ddfd89730, L_0000014ddfd89730, L_0000014ddfd89730, L_0000014ddfd89730;
LS_0000014ddfd88790_0_8 .concat [ 1 1 1 1], L_0000014ddfd89730, L_0000014ddfd89730, L_0000014ddfd89730, L_0000014ddfd89730;
LS_0000014ddfd88790_0_12 .concat [ 1 1 1 1], L_0000014ddfd89730, L_0000014ddfd89730, L_0000014ddfd89730, L_0000014ddfd89730;
L_0000014ddfd88790 .concat [ 4 4 4 4], LS_0000014ddfd88790_0_0, LS_0000014ddfd88790_0_4, LS_0000014ddfd88790_0_8, LS_0000014ddfd88790_0_12;
L_0000014ddfd87bb0 .part L_0000014ddfd87a70, 16, 16;
L_0000014ddfd89550 .concat [ 16 16 0 0], L_0000014ddfd87bb0, L_0000014ddfd88790;
L_0000014ddfd88b50 .functor MUXZ 32, L_0000014ddfd87a70, L_0000014ddfd89550, L_0000014ddfd87750, C4<>;
L_0000014ddfd877f0 .part L_0000014ddfd8adb0, 0, 1;
L_0000014ddfd89190 .part v0000014ddfd7d200_0, 0, 31;
L_0000014ddfd890f0 .concat [ 1 31 0 0], L_0000014ddfda59e8, L_0000014ddfd89190;
L_0000014ddfd88290 .functor MUXZ 32, v0000014ddfd7d200_0, L_0000014ddfd890f0, L_0000014ddfd877f0, C4<>;
L_0000014ddfd89690 .part L_0000014ddfd8adb0, 1, 1;
L_0000014ddfd87890 .part L_0000014ddfd88290, 0, 30;
L_0000014ddfd883d0 .concat [ 2 30 0 0], L_0000014ddfda5a30, L_0000014ddfd87890;
L_0000014ddfd88830 .functor MUXZ 32, L_0000014ddfd88290, L_0000014ddfd883d0, L_0000014ddfd89690, C4<>;
L_0000014ddfd87c50 .part L_0000014ddfd8adb0, 2, 1;
L_0000014ddfd88470 .part L_0000014ddfd88830, 0, 28;
L_0000014ddfd87cf0 .concat [ 4 28 0 0], L_0000014ddfda5a78, L_0000014ddfd88470;
L_0000014ddfd888d0 .functor MUXZ 32, L_0000014ddfd88830, L_0000014ddfd87cf0, L_0000014ddfd87c50, C4<>;
L_0000014ddfd87d90 .part L_0000014ddfd8adb0, 3, 1;
L_0000014ddfd87e30 .part L_0000014ddfd888d0, 0, 24;
L_0000014ddfd87f70 .concat [ 8 24 0 0], L_0000014ddfda5ac0, L_0000014ddfd87e30;
L_0000014ddfd88010 .functor MUXZ 32, L_0000014ddfd888d0, L_0000014ddfd87f70, L_0000014ddfd87d90, C4<>;
L_0000014ddfd885b0 .part L_0000014ddfd8adb0, 4, 1;
L_0000014ddfd88650 .part L_0000014ddfd88010, 0, 16;
L_0000014ddfd88bf0 .concat [ 16 16 0 0], L_0000014ddfda5b08, L_0000014ddfd88650;
L_0000014ddfd88c90 .functor MUXZ 32, L_0000014ddfd88010, L_0000014ddfd88bf0, L_0000014ddfd885b0, C4<>;
L_0000014ddfd88d30 .part L_0000014ddfd8adb0, 0, 1;
L_0000014ddfd89230 .part v0000014ddfd7d200_0, 0, 1;
L_0000014ddfd892d0 .part v0000014ddfd7d200_0, 1, 31;
L_0000014ddfd895f0 .concat [ 31 1 0 0], L_0000014ddfd892d0, L_0000014ddfd89230;
L_0000014ddfd8a8b0 .functor MUXZ 32, v0000014ddfd7d200_0, L_0000014ddfd895f0, L_0000014ddfd88d30, C4<>;
L_0000014ddfd8a950 .part L_0000014ddfd8adb0, 1, 1;
L_0000014ddfd8a9f0 .part L_0000014ddfd8a8b0, 0, 2;
L_0000014ddfd8b210 .part L_0000014ddfd8a8b0, 2, 30;
L_0000014ddfd8be90 .concat [ 30 2 0 0], L_0000014ddfd8b210, L_0000014ddfd8a9f0;
L_0000014ddfd8a770 .functor MUXZ 32, L_0000014ddfd8a8b0, L_0000014ddfd8be90, L_0000014ddfd8a950, C4<>;
L_0000014ddfd89d70 .part L_0000014ddfd8adb0, 2, 1;
L_0000014ddfd89ff0 .part L_0000014ddfd8a770, 0, 4;
L_0000014ddfd89910 .part L_0000014ddfd8a770, 4, 28;
L_0000014ddfd8a6d0 .concat [ 28 4 0 0], L_0000014ddfd89910, L_0000014ddfd89ff0;
L_0000014ddfd89cd0 .functor MUXZ 32, L_0000014ddfd8a770, L_0000014ddfd8a6d0, L_0000014ddfd89d70, C4<>;
L_0000014ddfd8bad0 .part L_0000014ddfd8adb0, 3, 1;
L_0000014ddfd8c070 .part L_0000014ddfd89cd0, 0, 8;
L_0000014ddfd8aa90 .part L_0000014ddfd89cd0, 8, 24;
L_0000014ddfd8abd0 .concat [ 24 8 0 0], L_0000014ddfd8aa90, L_0000014ddfd8c070;
L_0000014ddfd89e10 .functor MUXZ 32, L_0000014ddfd89cd0, L_0000014ddfd8abd0, L_0000014ddfd8bad0, C4<>;
L_0000014ddfd8a450 .part L_0000014ddfd8adb0, 4, 1;
L_0000014ddfd89c30 .part L_0000014ddfd89e10, 0, 16;
L_0000014ddfd89a50 .part L_0000014ddfd89e10, 16, 16;
L_0000014ddfd8b5d0 .concat [ 16 16 0 0], L_0000014ddfd89a50, L_0000014ddfd89c30;
L_0000014ddfd89eb0 .functor MUXZ 32, L_0000014ddfd89e10, L_0000014ddfd8b5d0, L_0000014ddfd8a450, C4<>;
L_0000014ddfd8bb70 .part L_0000014ddfd8adb0, 0, 1;
L_0000014ddfd8b530 .part v0000014ddfd7d200_0, 0, 31;
L_0000014ddfd8a310 .part v0000014ddfd7d200_0, 31, 1;
L_0000014ddfd8a810 .concat [ 1 31 0 0], L_0000014ddfd8a310, L_0000014ddfd8b530;
L_0000014ddfd8a130 .functor MUXZ 32, v0000014ddfd7d200_0, L_0000014ddfd8a810, L_0000014ddfd8bb70, C4<>;
L_0000014ddfd8bf30 .part L_0000014ddfd8adb0, 1, 1;
L_0000014ddfd8af90 .part L_0000014ddfd8a130, 0, 30;
L_0000014ddfd89f50 .part L_0000014ddfd8a130, 30, 2;
L_0000014ddfd89af0 .concat [ 2 30 0 0], L_0000014ddfd89f50, L_0000014ddfd8af90;
L_0000014ddfd8bfd0 .functor MUXZ 32, L_0000014ddfd8a130, L_0000014ddfd89af0, L_0000014ddfd8bf30, C4<>;
L_0000014ddfd8ab30 .part L_0000014ddfd8adb0, 2, 1;
L_0000014ddfd89b90 .part L_0000014ddfd8bfd0, 0, 28;
L_0000014ddfd8a090 .part L_0000014ddfd8bfd0, 28, 4;
L_0000014ddfd8b2b0 .concat [ 4 28 0 0], L_0000014ddfd8a090, L_0000014ddfd89b90;
L_0000014ddfd8bcb0 .functor MUXZ 32, L_0000014ddfd8bfd0, L_0000014ddfd8b2b0, L_0000014ddfd8ab30, C4<>;
L_0000014ddfd8ac70 .part L_0000014ddfd8adb0, 3, 1;
L_0000014ddfd8a1d0 .part L_0000014ddfd8bcb0, 0, 24;
L_0000014ddfd8a270 .part L_0000014ddfd8bcb0, 24, 8;
L_0000014ddfd8a3b0 .concat [ 8 24 0 0], L_0000014ddfd8a270, L_0000014ddfd8a1d0;
L_0000014ddfd8a4f0 .functor MUXZ 32, L_0000014ddfd8bcb0, L_0000014ddfd8a3b0, L_0000014ddfd8ac70, C4<>;
L_0000014ddfd8b990 .part L_0000014ddfd8adb0, 4, 1;
L_0000014ddfd8a590 .part L_0000014ddfd8a4f0, 0, 16;
L_0000014ddfd899b0 .part L_0000014ddfd8a4f0, 16, 16;
L_0000014ddfd8ad10 .concat [ 16 16 0 0], L_0000014ddfd899b0, L_0000014ddfd8a590;
L_0000014ddfd8a630 .functor MUXZ 32, L_0000014ddfd8a4f0, L_0000014ddfd8ad10, L_0000014ddfd8b990, C4<>;
S_0000014ddfd69fa0 .scope module, "bmux" "bus_mux_enc" 3 222, 9 1 0, S_0000014ddfc96330;
 .timescale 0 0;
    .port_info 0 /INPUT 5 "bus_sel";
    .port_info 1 /INPUT 32 "r0";
    .port_info 2 /INPUT 32 "r1";
    .port_info 3 /INPUT 32 "r2";
    .port_info 4 /INPUT 32 "r3";
    .port_info 5 /INPUT 32 "r4";
    .port_info 6 /INPUT 32 "r5";
    .port_info 7 /INPUT 32 "r6";
    .port_info 8 /INPUT 32 "r7";
    .port_info 9 /INPUT 32 "r8";
    .port_info 10 /INPUT 32 "r9";
    .port_info 11 /INPUT 32 "r10";
    .port_info 12 /INPUT 32 "r11";
    .port_info 13 /INPUT 32 "r12";
    .port_info 14 /INPUT 32 "r13";
    .port_info 15 /INPUT 32 "r14";
    .port_info 16 /INPUT 32 "r15";
    .port_info 17 /INPUT 32 "hi_val";
    .port_info 18 /INPUT 32 "lo_val";
    .port_info 19 /INPUT 32 "zhigh_val";
    .port_info 20 /INPUT 32 "zlow_val";
    .port_info 21 /INPUT 32 "pc_val";
    .port_info 22 /INPUT 32 "mdr_val";
    .port_info 23 /INPUT 32 "inport_val";
    .port_info 24 /INPUT 32 "c_val";
    .port_info 25 /OUTPUT 32 "BusMuxOut";
v0000014ddfd547a0_0 .var "BusMuxOut", 31 0;
v0000014ddfd53b20_0 .net "bus_sel", 4 0, v0000014ddfd7f780_0;  alias, 1 drivers
v0000014ddfd540c0_0 .net "c_val", 31 0, L_0000014ddfd95030;  alias, 1 drivers
v0000014ddfd54ac0_0 .net "hi_val", 31 0, v0000014ddfd56280_0;  alias, 1 drivers
v0000014ddfd53440_0 .net "inport_val", 31 0, v0000014ddfd556a0_0;  alias, 1 drivers
v0000014ddfd54de0_0 .net "lo_val", 31 0, v0000014ddfd46c40_0;  alias, 1 drivers
v0000014ddfd53300_0 .net "mdr_val", 31 0, v0000014ddfd7f140_0;  alias, 1 drivers
v0000014ddfd52e00_0 .net "pc_val", 31 0, v0000014ddfd7c3a0_0;  alias, 1 drivers
v0000014ddfd53d00_0 .net "r0", 31 0, L_0000014ddfd8e9b0;  alias, 1 drivers
v0000014ddfd53c60_0 .net "r1", 31 0, v0000014ddfd80220_0;  alias, 1 drivers
v0000014ddfd539e0_0 .net "r10", 31 0, v0000014ddfd800e0_0;  alias, 1 drivers
v0000014ddfd53080_0 .net "r11", 31 0, v0000014ddfd7f8c0_0;  alias, 1 drivers
v0000014ddfd53620_0 .net "r12", 31 0, v0000014ddfd70be0_0;  alias, 1 drivers
v0000014ddfd53da0_0 .net "r13", 31 0, v0000014ddfd71180_0;  alias, 1 drivers
v0000014ddfd55380_0 .net "r14", 31 0, v0000014ddfd723a0_0;  alias, 1 drivers
v0000014ddfd533a0_0 .net "r15", 31 0, v0000014ddfd72440_0;  alias, 1 drivers
v0000014ddfd53e40_0 .net "r2", 31 0, v0000014ddfd728a0_0;  alias, 1 drivers
v0000014ddfd54fc0_0 .net "r3", 31 0, v0000014ddfd72760_0;  alias, 1 drivers
v0000014ddfd54840_0 .net "r4", 31 0, v0000014ddfd73020_0;  alias, 1 drivers
v0000014ddfd534e0_0 .net "r5", 31 0, v0000014ddfd72620_0;  alias, 1 drivers
v0000014ddfd53f80_0 .net "r6", 31 0, v0000014ddfd70a00_0;  alias, 1 drivers
v0000014ddfd54020_0 .net "r7", 31 0, v0000014ddfd72d00_0;  alias, 1 drivers
v0000014ddfd52d60_0 .net "r8", 31 0, v0000014ddfd71680_0;  alias, 1 drivers
v0000014ddfd52ea0_0 .net "r9", 31 0, v0000014ddfd70f00_0;  alias, 1 drivers
v0000014ddfd53580_0 .net "zhigh_val", 31 0, L_0000014ddfd90710;  alias, 1 drivers
v0000014ddfd551a0_0 .net "zlow_val", 31 0, L_0000014ddfd8fb30;  alias, 1 drivers
E_0000014ddfc52d80/0 .event anyedge, v0000014ddfd53b20_0, v0000014ddfd53d00_0, v0000014ddfd53c60_0, v0000014ddfd53e40_0;
E_0000014ddfc52d80/1 .event anyedge, v0000014ddfd54fc0_0, v0000014ddfd54840_0, v0000014ddfd534e0_0, v0000014ddfd53f80_0;
E_0000014ddfc52d80/2 .event anyedge, v0000014ddfd54020_0, v0000014ddfd52d60_0, v0000014ddfd52ea0_0, v0000014ddfd539e0_0;
E_0000014ddfc52d80/3 .event anyedge, v0000014ddfd53080_0, v0000014ddfd53620_0, v0000014ddfd53da0_0, v0000014ddfd55380_0;
E_0000014ddfc52d80/4 .event anyedge, v0000014ddfd533a0_0, v0000014ddfd54ac0_0, v0000014ddfd54de0_0, v0000014ddfd53580_0;
E_0000014ddfc52d80/5 .event anyedge, v0000014ddfd551a0_0, v0000014ddfd52e00_0, v0000014ddfd53300_0, v0000014ddfd53440_0;
E_0000014ddfc52d80/6 .event anyedge, v0000014ddfd540c0_0;
E_0000014ddfc52d80 .event/or E_0000014ddfc52d80/0, E_0000014ddfc52d80/1, E_0000014ddfc52d80/2, E_0000014ddfc52d80/3, E_0000014ddfc52d80/4, E_0000014ddfc52d80/5, E_0000014ddfc52d80/6;
S_0000014ddfd6bd50 .scope module, "conff_inst" "con_ff" 3 181, 10 1 0, S_0000014ddfc96330;
 .timescale 0 0;
    .port_info 0 /INPUT 1 "clk";
    .port_info 1 /INPUT 1 "reset";
    .port_info 2 /INPUT 1 "con_en";
    .port_info 3 /INPUT 32 "BusMuxOut";
    .port_info 4 /INPUT 2 "c2";
    .port_info 5 /OUTPUT 1 "con";
L_0000014ddfdfca50 .functor NOT 1, L_0000014ddfd94a90, C4<0>, C4<0>, C4<0>;
v0000014ddfd545c0_0 .net "BusMuxOut", 31 0, v0000014ddfd547a0_0;  alias, 1 drivers
L_0000014ddfda4b00 .functor BUFT 1, C4<00>, C4<0>, C4<0>, C4<0>;
v0000014ddfd53a80_0 .net/2u *"_ivl_0", 1 0, L_0000014ddfda4b00;  1 drivers
v0000014ddfd52cc0_0 .net *"_ivl_10", 0 0, L_0000014ddfd939b0;  1 drivers
L_0000014ddfda4bd8 .functor BUFT 1, C4<00000000000000000000000000000000>, C4<0>, C4<0>, C4<0>;
v0000014ddfd54160_0 .net/2u *"_ivl_12", 31 0, L_0000014ddfda4bd8;  1 drivers
v0000014ddfd542a0_0 .net *"_ivl_14", 0 0, L_0000014ddfd94310;  1 drivers
L_0000014ddfda4c20 .functor BUFT 1, C4<10>, C4<0>, C4<0>, C4<0>;
v0000014ddfd552e0_0 .net/2u *"_ivl_16", 1 0, L_0000014ddfda4c20;  1 drivers
v0000014ddfd54340_0 .net *"_ivl_18", 0 0, L_0000014ddfd93a50;  1 drivers
v0000014ddfd53120_0 .net *"_ivl_2", 0 0, L_0000014ddfd94810;  1 drivers
v0000014ddfd543e0_0 .net *"_ivl_21", 0 0, L_0000014ddfd94a90;  1 drivers
v0000014ddfd54660_0 .net *"_ivl_22", 0 0, L_0000014ddfdfca50;  1 drivers
v0000014ddfd548e0_0 .net *"_ivl_25", 0 0, L_0000014ddfd95670;  1 drivers
v0000014ddfd54c00_0 .net *"_ivl_26", 0 0, L_0000014ddfd94630;  1 drivers
v0000014ddfd54ca0_0 .net *"_ivl_28", 0 0, L_0000014ddfd95e90;  1 drivers
L_0000014ddfda4b48 .functor BUFT 1, C4<00000000000000000000000000000000>, C4<0>, C4<0>, C4<0>;
v0000014ddfd54d40_0 .net/2u *"_ivl_4", 31 0, L_0000014ddfda4b48;  1 drivers
v0000014ddfd54e80_0 .net *"_ivl_6", 0 0, L_0000014ddfd950d0;  1 drivers
L_0000014ddfda4b90 .functor BUFT 1, C4<01>, C4<0>, C4<0>, C4<0>;
v0000014ddfd55240_0 .net/2u *"_ivl_8", 1 0, L_0000014ddfda4b90;  1 drivers
v0000014ddfd55e20_0 .net "c2", 1 0, L_0000014ddfd95490;  1 drivers
v0000014ddfd559c0_0 .net "clk", 0 0, v0000014ddfd8cbb0_0;  alias, 1 drivers
v0000014ddfd560a0_0 .var "con", 0 0;
v0000014ddfd55ba0_0 .net "con_en", 0 0, v0000014ddfd8cb10_0;  alias, 1 drivers
v0000014ddfd55ce0_0 .net "condition_met", 0 0, L_0000014ddfd958f0;  1 drivers
v0000014ddfd55f60_0 .net "reset", 0 0, v0000014ddfd8f6d0_0;  alias, 1 drivers
E_0000014ddfc52680 .event posedge, v0000014ddfd55f60_0, v0000014ddfd559c0_0;
L_0000014ddfd94810 .cmp/eq 2, L_0000014ddfd95490, L_0000014ddfda4b00;
L_0000014ddfd950d0 .cmp/eq 32, v0000014ddfd547a0_0, L_0000014ddfda4b48;
L_0000014ddfd939b0 .cmp/eq 2, L_0000014ddfd95490, L_0000014ddfda4b90;
L_0000014ddfd94310 .cmp/ne 32, v0000014ddfd547a0_0, L_0000014ddfda4bd8;
L_0000014ddfd93a50 .cmp/eq 2, L_0000014ddfd95490, L_0000014ddfda4c20;
L_0000014ddfd94a90 .part v0000014ddfd547a0_0, 31, 1;
L_0000014ddfd95670 .part v0000014ddfd547a0_0, 31, 1;
L_0000014ddfd94630 .functor MUXZ 1, L_0000014ddfd95670, L_0000014ddfdfca50, L_0000014ddfd93a50, C4<>;
L_0000014ddfd95e90 .functor MUXZ 1, L_0000014ddfd94630, L_0000014ddfd94310, L_0000014ddfd939b0, C4<>;
L_0000014ddfd958f0 .functor MUXZ 1, L_0000014ddfd95e90, L_0000014ddfd950d0, L_0000014ddfd94810, C4<>;
S_0000014ddfd697d0 .scope module, "extend_c_inst" "extend_c" 3 165, 11 53 0, S_0000014ddfc96330;
 .timescale 0 0;
    .port_info 0 /INPUT 32 "IRin";
    .port_info 1 /INPUT 1 "Cout";
    .port_info 2 /OUTPUT 32 "C_extended";
v0000014ddfd554c0_0 .net "C_extended", 31 0, L_0000014ddfd94270;  alias, 1 drivers
v0000014ddfd55b00_0 .net "Cout", 0 0, v0000014ddfd8e2d0_0;  alias, 1 drivers
v0000014ddfd55a60_0 .net "IRin", 31 0, v0000014ddfd47be0_0;  alias, 1 drivers
v0000014ddfd55ec0_0 .net *"_ivl_11", 18 0, L_0000014ddfd94130;  1 drivers
v0000014ddfd557e0_0 .net *"_ivl_12", 31 0, L_0000014ddfd94590;  1 drivers
v0000014ddfd55880_0 .net *"_ivl_2", 12 0, L_0000014ddfd93910;  1 drivers
v0000014ddfd55420_0 .net *"_ivl_5", 18 0, L_0000014ddfd95ad0;  1 drivers
v0000014ddfd561e0_0 .net *"_ivl_6", 31 0, L_0000014ddfd95350;  1 drivers
L_0000014ddfda4ab8 .functor BUFT 1, C4<0000000000000>, C4<0>, C4<0>, C4<0>;
v0000014ddfd55600_0 .net/2u *"_ivl_8", 12 0, L_0000014ddfda4ab8;  1 drivers
v0000014ddfd55920_0 .net "sign", 0 0, L_0000014ddfd94f90;  1 drivers
L_0000014ddfd94f90 .part v0000014ddfd47be0_0, 18, 1;
LS_0000014ddfd93910_0_0 .concat [ 1 1 1 1], L_0000014ddfd94f90, L_0000014ddfd94f90, L_0000014ddfd94f90, L_0000014ddfd94f90;
LS_0000014ddfd93910_0_4 .concat [ 1 1 1 1], L_0000014ddfd94f90, L_0000014ddfd94f90, L_0000014ddfd94f90, L_0000014ddfd94f90;
LS_0000014ddfd93910_0_8 .concat [ 1 1 1 1], L_0000014ddfd94f90, L_0000014ddfd94f90, L_0000014ddfd94f90, L_0000014ddfd94f90;
LS_0000014ddfd93910_0_12 .concat [ 1 0 0 0], L_0000014ddfd94f90;
L_0000014ddfd93910 .concat [ 4 4 4 1], LS_0000014ddfd93910_0_0, LS_0000014ddfd93910_0_4, LS_0000014ddfd93910_0_8, LS_0000014ddfd93910_0_12;
L_0000014ddfd95ad0 .part v0000014ddfd47be0_0, 0, 19;
L_0000014ddfd95350 .concat [ 19 13 0 0], L_0000014ddfd95ad0, L_0000014ddfd93910;
L_0000014ddfd94130 .part v0000014ddfd47be0_0, 0, 19;
L_0000014ddfd94590 .concat [ 19 13 0 0], L_0000014ddfd94130, L_0000014ddfda4ab8;
L_0000014ddfd94270 .functor MUXZ 32, L_0000014ddfd94590, L_0000014ddfd95350, v0000014ddfd8e2d0_0, C4<>;
S_0000014ddfd6a900 .scope module, "inport_inst" "inport" 3 205, 12 18 0, S_0000014ddfc96330;
 .timescale 0 0;
    .port_info 0 /INPUT 1 "clk";
    .port_info 1 /INPUT 1 "reset";
    .port_info 2 /INPUT 1 "inport_in";
    .port_info 3 /INPUT 32 "device_in";
    .port_info 4 /OUTPUT 32 "inport_val";
v0000014ddfd56000_0 .net "clk", 0 0, v0000014ddfd8cbb0_0;  alias, 1 drivers
v0000014ddfd55c40_0 .net "device_in", 31 0, v0000014ddfd8d150_0;  alias, 1 drivers
v0000014ddfd55560_0 .net "inport_in", 0 0, v0000014ddfd8d830_0;  alias, 1 drivers
v0000014ddfd556a0_0 .var "inport_val", 31 0;
v0000014ddfd55d80_0 .net "reset", 0 0, v0000014ddfd8f6d0_0;  alias, 1 drivers
S_0000014ddfd6b580 .scope module, "key_regs_inst" "key_regs" 3 108, 13 1 0, S_0000014ddfc96330;
 .timescale 0 0;
    .port_info 0 /INPUT 1 "clk";
    .port_info 1 /INPUT 1 "reset";
    .port_info 2 /INPUT 32 "BusMuxOut";
    .port_info 3 /INPUT 1 "pc_in";
    .port_info 4 /INPUT 1 "IncPC";
    .port_info 5 /OUTPUT 32 "pc_val";
    .port_info 6 /INPUT 1 "ir_in";
    .port_info 7 /OUTPUT 32 "ir_val";
    .port_info 8 /INPUT 1 "y_in";
    .port_info 9 /OUTPUT 32 "y_val";
    .port_info 10 /INPUT 1 "zhigh_in";
    .port_info 11 /OUTPUT 32 "zhigh_val";
    .port_info 12 /INPUT 1 "zlow_in";
    .port_info 13 /OUTPUT 32 "zlow_val";
    .port_info 14 /INPUT 1 "mar_in";
    .port_info 15 /OUTPUT 32 "mar_val";
    .port_info 16 /INPUT 1 "hi_in";
    .port_info 17 /INPUT 1 "lo_in";
    .port_info 18 /OUTPUT 32 "hi_val";
    .port_info 19 /OUTPUT 32 "lo_val";
v0000014ddfd7de80_0 .net "BusMuxOut", 31 0, v0000014ddfd547a0_0;  alias, 1 drivers
v0000014ddfd7d840_0 .net "IncPC", 0 0, v0000014ddfd8c390_0;  alias, 1 drivers
v0000014ddfd7f460_0 .net "clk", 0 0, v0000014ddfd8cbb0_0;  alias, 1 drivers
v0000014ddfd7f5a0_0 .net "hi_in", 0 0, v0000014ddfd8d1f0_0;  alias, 1 drivers
v0000014ddfd7eec0_0 .net "hi_val", 31 0, v0000014ddfd56280_0;  alias, 1 drivers
v0000014ddfd7e2e0_0 .net "ir_in", 0 0, v0000014ddfd8ea50_0;  alias, 1 drivers
v0000014ddfd7dde0_0 .net "ir_val", 31 0, v0000014ddfd47be0_0;  alias, 1 drivers
v0000014ddfd7db60_0 .net "lo_in", 0 0, v0000014ddfd8eeb0_0;  alias, 1 drivers
v0000014ddfd7ec40_0 .net "lo_val", 31 0, v0000014ddfd46c40_0;  alias, 1 drivers
v0000014ddfd7d480_0 .net "mar_in", 0 0, v0000014ddfd8fbd0_0;  alias, 1 drivers
v0000014ddfd7d700_0 .net "mar_val", 31 0, v0000014ddfd46ec0_0;  alias, 1 drivers
v0000014ddfd7d3e0_0 .net "pc_in", 0 0, v0000014ddfd8f4f0_0;  alias, 1 drivers
v0000014ddfd7f000_0 .net "pc_val", 31 0, v0000014ddfd7c3a0_0;  alias, 1 drivers
v0000014ddfd7d0c0_0 .net "reset", 0 0, v0000014ddfd8f6d0_0;  alias, 1 drivers
v0000014ddfd7e560_0 .net "y_in", 0 0, v0000014ddfd8e910_0;  alias, 1 drivers
v0000014ddfd7dfc0_0 .net "y_val", 31 0, v0000014ddfd7d200_0;  alias, 1 drivers
L_0000014ddfda4950 .functor BUFT 1, C4<0>, C4<0>, C4<0>, C4<0>;
v0000014ddfd7f1e0_0 .net "zhigh_in", 0 0, L_0000014ddfda4950;  1 drivers
v0000014ddfd7f0a0_0 .net "zhigh_val", 31 0, v0000014ddfd7e380_0;  1 drivers
L_0000014ddfda4998 .functor BUFT 1, C4<0>, C4<0>, C4<0>, C4<0>;
v0000014ddfd7ef60_0 .net "zlow_in", 0 0, L_0000014ddfda4998;  1 drivers
v0000014ddfd7df20_0 .net "zlow_val", 31 0, v0000014ddfd7e920_0;  1 drivers
S_0000014ddfd68b50 .scope module, "HI" "reg32" 13 73, 14 2 0, S_0000014ddfd6b580;
 .timescale 0 0;
    .port_info 0 /INPUT 1 "clk";
    .port_info 1 /INPUT 1 "reset";
    .port_info 2 /INPUT 1 "en";
    .port_info 3 /INPUT 32 "d_in";
    .port_info 4 /OUTPUT 32 "d_out";
v0000014ddfd55740_0 .net "clk", 0 0, v0000014ddfd8cbb0_0;  alias, 1 drivers
v0000014ddfd56140_0 .net "d_in", 31 0, v0000014ddfd547a0_0;  alias, 1 drivers
v0000014ddfd56280_0 .var "d_out", 31 0;
v0000014ddfd47d20_0 .net "en", 0 0, v0000014ddfd8d1f0_0;  alias, 1 drivers
v0000014ddfd47140_0 .net "reset", 0 0, v0000014ddfd8f6d0_0;  alias, 1 drivers
E_0000014ddfc52780 .event posedge, v0000014ddfd559c0_0;
S_0000014ddfd69190 .scope module, "IR" "reg32" 13 33, 14 2 0, S_0000014ddfd6b580;
 .timescale 0 0;
    .port_info 0 /INPUT 1 "clk";
    .port_info 1 /INPUT 1 "reset";
    .port_info 2 /INPUT 1 "en";
    .port_info 3 /INPUT 32 "d_in";
    .port_info 4 /OUTPUT 32 "d_out";
v0000014ddfd48680_0 .net "clk", 0 0, v0000014ddfd8cbb0_0;  alias, 1 drivers
v0000014ddfd46740_0 .net "d_in", 31 0, v0000014ddfd547a0_0;  alias, 1 drivers
v0000014ddfd47be0_0 .var "d_out", 31 0;
v0000014ddfd47e60_0 .net "en", 0 0, v0000014ddfd8ea50_0;  alias, 1 drivers
v0000014ddfd48540_0 .net "reset", 0 0, v0000014ddfd8f6d0_0;  alias, 1 drivers
S_0000014ddfd694b0 .scope module, "LO" "reg32" 13 81, 14 2 0, S_0000014ddfd6b580;
 .timescale 0 0;
    .port_info 0 /INPUT 1 "clk";
    .port_info 1 /INPUT 1 "reset";
    .port_info 2 /INPUT 1 "en";
    .port_info 3 /INPUT 32 "d_in";
    .port_info 4 /OUTPUT 32 "d_out";
v0000014ddfd478c0_0 .net "clk", 0 0, v0000014ddfd8cbb0_0;  alias, 1 drivers
v0000014ddfd476e0_0 .net "d_in", 31 0, v0000014ddfd547a0_0;  alias, 1 drivers
v0000014ddfd46c40_0 .var "d_out", 31 0;
v0000014ddfd485e0_0 .net "en", 0 0, v0000014ddfd8eeb0_0;  alias, 1 drivers
v0000014ddfd47280_0 .net "reset", 0 0, v0000014ddfd8f6d0_0;  alias, 1 drivers
S_0000014ddfd69af0 .scope module, "MAR" "reg32" 13 65, 14 2 0, S_0000014ddfd6b580;
 .timescale 0 0;
    .port_info 0 /INPUT 1 "clk";
    .port_info 1 /INPUT 1 "reset";
    .port_info 2 /INPUT 1 "en";
    .port_info 3 /INPUT 32 "d_in";
    .port_info 4 /OUTPUT 32 "d_out";
v0000014ddfd47780_0 .net "clk", 0 0, v0000014ddfd8cbb0_0;  alias, 1 drivers
v0000014ddfd48040_0 .net "d_in", 31 0, v0000014ddfd547a0_0;  alias, 1 drivers
v0000014ddfd46ec0_0 .var "d_out", 31 0;
v0000014ddfd46f60_0 .net "en", 0 0, v0000014ddfd8fbd0_0;  alias, 1 drivers
v0000014ddfd482c0_0 .net "reset", 0 0, v0000014ddfd8f6d0_0;  alias, 1 drivers
S_0000014ddfd69c80 .scope module, "PC" "pc_reg" 13 24, 15 3 0, S_0000014ddfd6b580;
 .timescale 0 0;
    .port_info 0 /INPUT 1 "clk";
    .port_info 1 /INPUT 1 "reset";
    .port_info 2 /INPUT 1 "pc_in";
    .port_info 3 /INPUT 1 "IncPC";
    .port_info 4 /INPUT 32 "BusMuxOut";
    .port_info 5 /OUTPUT 32 "pc_val";
v0000014ddfd7b9a0_0 .net "BusMuxOut", 31 0, v0000014ddfd547a0_0;  alias, 1 drivers
v0000014ddfd7bae0_0 .net "IncPC", 0 0, v0000014ddfd8c390_0;  alias, 1 drivers
v0000014ddfd7bb80_0 .net "clk", 0 0, v0000014ddfd8cbb0_0;  alias, 1 drivers
v0000014ddfd7bd60_0 .net "cout", 0 0, L_0000014ddfd953f0;  1 drivers
v0000014ddfd7be00_0 .net "pc_in", 0 0, v0000014ddfd8f4f0_0;  alias, 1 drivers
v0000014ddfd7c120_0 .net "pc_plus_one", 31 0, L_0000014ddfd95b70;  1 drivers
v0000014ddfd7c3a0_0 .var "pc_val", 31 0;
v0000014ddfd7c440_0 .net "reset", 0 0, v0000014ddfd8f6d0_0;  alias, 1 drivers
S_0000014ddfd681f0 .scope module, "inc_adder" "ripple_carry_adder" 15 15, 7 3 0, S_0000014ddfd69c80;
 .timescale 0 0;
    .port_info 0 /INPUT 32 "A";
    .port_info 1 /INPUT 32 "B";
    .port_info 2 /INPUT 1 "Cin";
    .port_info 3 /OUTPUT 32 "Sum";
    .port_info 4 /OUTPUT 1 "Cout";
L_0000014ddfda4908 .functor BUFT 1, C4<0>, C4<0>, C4<0>, C4<0>;
L_0000014ddfe03f90 .functor BUFZ 1, L_0000014ddfda4908, C4<0>, C4<0>, C4<0>;
v0000014ddfd7ba40_0 .net "A", 31 0, v0000014ddfd7c3a0_0;  alias, 1 drivers
L_0000014ddfda48c0 .functor BUFT 1, C4<00000000000000000000000000000001>, C4<0>, C4<0>, C4<0>;
v0000014ddfd7b7c0_0 .net "B", 31 0, L_0000014ddfda48c0;  1 drivers
v0000014ddfd7c620_0 .net "Cin", 0 0, L_0000014ddfda4908;  1 drivers
v0000014ddfd7b900_0 .net "Cout", 0 0, L_0000014ddfd953f0;  alias, 1 drivers
v0000014ddfd7c300_0 .net "Sum", 31 0, L_0000014ddfd95b70;  alias, 1 drivers
v0000014ddfd7cf80_0 .net *"_ivl_229", 0 0, L_0000014ddfe03f90;  1 drivers
v0000014ddfd7ab40_0 .net "carry", 32 0, L_0000014ddfd95210;  1 drivers
L_0000014ddfd8ef50 .part v0000014ddfd7c3a0_0, 0, 1;
L_0000014ddfd90b70 .part L_0000014ddfda48c0, 0, 1;
L_0000014ddfd8ee10 .part L_0000014ddfd95210, 0, 1;
L_0000014ddfd8ff90 .part v0000014ddfd7c3a0_0, 1, 1;
L_0000014ddfd8eff0 .part L_0000014ddfda48c0, 1, 1;
L_0000014ddfd8f270 .part L_0000014ddfd95210, 1, 1;
L_0000014ddfd8f1d0 .part v0000014ddfd7c3a0_0, 2, 1;
L_0000014ddfd90c10 .part L_0000014ddfda48c0, 2, 1;
L_0000014ddfd8f590 .part L_0000014ddfd95210, 2, 1;
L_0000014ddfd90cb0 .part v0000014ddfd7c3a0_0, 3, 1;
L_0000014ddfd8f630 .part L_0000014ddfda48c0, 3, 1;
L_0000014ddfd90e90 .part L_0000014ddfd95210, 3, 1;
L_0000014ddfd90530 .part v0000014ddfd7c3a0_0, 4, 1;
L_0000014ddfd8f8b0 .part L_0000014ddfda48c0, 4, 1;
L_0000014ddfd8f950 .part L_0000014ddfd95210, 4, 1;
L_0000014ddfd8fa90 .part v0000014ddfd7c3a0_0, 5, 1;
L_0000014ddfd8fe50 .part L_0000014ddfda48c0, 5, 1;
L_0000014ddfd90030 .part L_0000014ddfd95210, 5, 1;
L_0000014ddfd90990 .part v0000014ddfd7c3a0_0, 6, 1;
L_0000014ddfd908f0 .part L_0000014ddfda48c0, 6, 1;
L_0000014ddfd900d0 .part L_0000014ddfd95210, 6, 1;
L_0000014ddfd90850 .part v0000014ddfd7c3a0_0, 7, 1;
L_0000014ddfd90210 .part L_0000014ddfda48c0, 7, 1;
L_0000014ddfd902b0 .part L_0000014ddfd95210, 7, 1;
L_0000014ddfd90350 .part v0000014ddfd7c3a0_0, 8, 1;
L_0000014ddfd905d0 .part L_0000014ddfda48c0, 8, 1;
L_0000014ddfd90670 .part L_0000014ddfd95210, 8, 1;
L_0000014ddfd907b0 .part v0000014ddfd7c3a0_0, 9, 1;
L_0000014ddfd90a30 .part L_0000014ddfda48c0, 9, 1;
L_0000014ddfd91430 .part L_0000014ddfd95210, 9, 1;
L_0000014ddfd923d0 .part v0000014ddfd7c3a0_0, 10, 1;
L_0000014ddfd92970 .part L_0000014ddfda48c0, 10, 1;
L_0000014ddfd92a10 .part L_0000014ddfd95210, 10, 1;
L_0000014ddfd92f10 .part v0000014ddfd7c3a0_0, 11, 1;
L_0000014ddfd914d0 .part L_0000014ddfda48c0, 11, 1;
L_0000014ddfd91750 .part L_0000014ddfd95210, 11, 1;
L_0000014ddfd92470 .part v0000014ddfd7c3a0_0, 12, 1;
L_0000014ddfd92010 .part L_0000014ddfda48c0, 12, 1;
L_0000014ddfd91110 .part L_0000014ddfd95210, 12, 1;
L_0000014ddfd93870 .part v0000014ddfd7c3a0_0, 13, 1;
L_0000014ddfd91f70 .part L_0000014ddfda48c0, 13, 1;
L_0000014ddfd93690 .part L_0000014ddfd95210, 13, 1;
L_0000014ddfd92ab0 .part v0000014ddfd7c3a0_0, 14, 1;
L_0000014ddfd92b50 .part L_0000014ddfda48c0, 14, 1;
L_0000014ddfd91610 .part L_0000014ddfd95210, 14, 1;
L_0000014ddfd91570 .part v0000014ddfd7c3a0_0, 15, 1;
L_0000014ddfd917f0 .part L_0000014ddfda48c0, 15, 1;
L_0000014ddfd91ed0 .part L_0000014ddfd95210, 15, 1;
L_0000014ddfd920b0 .part v0000014ddfd7c3a0_0, 16, 1;
L_0000014ddfd911b0 .part L_0000014ddfda48c0, 16, 1;
L_0000014ddfd91c50 .part L_0000014ddfd95210, 16, 1;
L_0000014ddfd92150 .part v0000014ddfd7c3a0_0, 17, 1;
L_0000014ddfd93730 .part L_0000014ddfda48c0, 17, 1;
L_0000014ddfd91250 .part L_0000014ddfd95210, 17, 1;
L_0000014ddfd92d30 .part v0000014ddfd7c3a0_0, 18, 1;
L_0000014ddfd91b10 .part L_0000014ddfda48c0, 18, 1;
L_0000014ddfd921f0 .part L_0000014ddfd95210, 18, 1;
L_0000014ddfd91bb0 .part v0000014ddfd7c3a0_0, 19, 1;
L_0000014ddfd91cf0 .part L_0000014ddfda48c0, 19, 1;
L_0000014ddfd92510 .part L_0000014ddfd95210, 19, 1;
L_0000014ddfd930f0 .part v0000014ddfd7c3a0_0, 20, 1;
L_0000014ddfd925b0 .part L_0000014ddfda48c0, 20, 1;
L_0000014ddfd91930 .part L_0000014ddfd95210, 20, 1;
L_0000014ddfd916b0 .part v0000014ddfd7c3a0_0, 21, 1;
L_0000014ddfd91890 .part L_0000014ddfda48c0, 21, 1;
L_0000014ddfd912f0 .part L_0000014ddfd95210, 21, 1;
L_0000014ddfd91390 .part v0000014ddfd7c3a0_0, 22, 1;
L_0000014ddfd919d0 .part L_0000014ddfda48c0, 22, 1;
L_0000014ddfd92dd0 .part L_0000014ddfd95210, 22, 1;
L_0000014ddfd93370 .part v0000014ddfd7c3a0_0, 23, 1;
L_0000014ddfd91a70 .part L_0000014ddfda48c0, 23, 1;
L_0000014ddfd91d90 .part L_0000014ddfd95210, 23, 1;
L_0000014ddfd91e30 .part v0000014ddfd7c3a0_0, 24, 1;
L_0000014ddfd92290 .part L_0000014ddfda48c0, 24, 1;
L_0000014ddfd92330 .part L_0000014ddfd95210, 24, 1;
L_0000014ddfd92650 .part v0000014ddfd7c3a0_0, 25, 1;
L_0000014ddfd926f0 .part L_0000014ddfda48c0, 25, 1;
L_0000014ddfd92790 .part L_0000014ddfd95210, 25, 1;
L_0000014ddfd937d0 .part v0000014ddfd7c3a0_0, 26, 1;
L_0000014ddfd92bf0 .part L_0000014ddfda48c0, 26, 1;
L_0000014ddfd92830 .part L_0000014ddfd95210, 26, 1;
L_0000014ddfd928d0 .part v0000014ddfd7c3a0_0, 27, 1;
L_0000014ddfd92c90 .part L_0000014ddfda48c0, 27, 1;
L_0000014ddfd93410 .part L_0000014ddfd95210, 27, 1;
L_0000014ddfd93050 .part v0000014ddfd7c3a0_0, 28, 1;
L_0000014ddfd92e70 .part L_0000014ddfda48c0, 28, 1;
L_0000014ddfd92fb0 .part L_0000014ddfd95210, 28, 1;
L_0000014ddfd93190 .part v0000014ddfd7c3a0_0, 29, 1;
L_0000014ddfd93230 .part L_0000014ddfda48c0, 29, 1;
L_0000014ddfd932d0 .part L_0000014ddfd95210, 29, 1;
L_0000014ddfd934b0 .part v0000014ddfd7c3a0_0, 30, 1;
L_0000014ddfd93550 .part L_0000014ddfda48c0, 30, 1;
L_0000014ddfd935f0 .part L_0000014ddfd95210, 30, 1;
L_0000014ddfd93ff0 .part v0000014ddfd7c3a0_0, 31, 1;
L_0000014ddfd95170 .part L_0000014ddfda48c0, 31, 1;
L_0000014ddfd95c10 .part L_0000014ddfd95210, 31, 1;
LS_0000014ddfd95b70_0_0 .concat8 [ 1 1 1 1], L_0000014ddfc1a0a0, L_0000014ddfc18f20, L_0000014ddf991a60, L_0000014ddf9927f0;
LS_0000014ddfd95b70_0_4 .concat8 [ 1 1 1 1], L_0000014ddfada390, L_0000014ddfadb2e0, L_0000014ddfe00aa0, L_0000014ddfe00560;
LS_0000014ddfd95b70_0_8 .concat8 [ 1 1 1 1], L_0000014ddfe012f0, L_0000014ddfe00c60, L_0000014ddfe01360, L_0000014ddfe013d0;
LS_0000014ddfd95b70_0_12 .concat8 [ 1 1 1 1], L_0000014ddfe00170, L_0000014ddfe01440, L_0000014ddfe01600, L_0000014ddfe01830;
LS_0000014ddfd95b70_0_16 .concat8 [ 1 1 1 1], L_0000014ddfe01c90, L_0000014ddfe027f0, L_0000014ddfe03740, L_0000014ddfe02d30;
LS_0000014ddfd95b70_0_20 .concat8 [ 1 1 1 1], L_0000014ddfe028d0, L_0000014ddfe024e0, L_0000014ddfe037b0, L_0000014ddfe03430;
LS_0000014ddfd95b70_0_24 .concat8 [ 1 1 1 1], L_0000014ddfe02240, L_0000014ddfe02ef0, L_0000014ddfe02b00, L_0000014ddfe04460;
LS_0000014ddfd95b70_0_28 .concat8 [ 1 1 1 1], L_0000014ddfe04230, L_0000014ddfe03ac0, L_0000014ddfe04380, L_0000014ddfe03cf0;
LS_0000014ddfd95b70_1_0 .concat8 [ 4 4 4 4], LS_0000014ddfd95b70_0_0, LS_0000014ddfd95b70_0_4, LS_0000014ddfd95b70_0_8, LS_0000014ddfd95b70_0_12;
LS_0000014ddfd95b70_1_4 .concat8 [ 4 4 4 4], LS_0000014ddfd95b70_0_16, LS_0000014ddfd95b70_0_20, LS_0000014ddfd95b70_0_24, LS_0000014ddfd95b70_0_28;
L_0000014ddfd95b70 .concat8 [ 16 16 0 0], LS_0000014ddfd95b70_1_0, LS_0000014ddfd95b70_1_4;
LS_0000014ddfd95210_0_0 .concat8 [ 1 1 1 1], L_0000014ddfe03f90, L_0000014ddfc18c10, L_0000014ddf9928d0, L_0000014ddf991d70;
LS_0000014ddfd95210_0_4 .concat8 [ 1 1 1 1], L_0000014ddf9924e0, L_0000014ddfadaf60, L_0000014ddfe008e0, L_0000014ddfe014b0;
LS_0000014ddfd95210_0_8 .concat8 [ 1 1 1 1], L_0000014ddfe011a0, L_0000014ddfe01bb0, L_0000014ddfe001e0, L_0000014ddfe01b40;
LS_0000014ddfd95210_0_12 .concat8 [ 1 1 1 1], L_0000014ddfe01a60, L_0000014ddfe01210, L_0000014ddfe01520, L_0000014ddfe005d0;
LS_0000014ddfd95210_0_16 .concat8 [ 1 1 1 1], L_0000014ddfe01ad0, L_0000014ddfe01e50, L_0000014ddfe03270, L_0000014ddfe033c0;
LS_0000014ddfd95210_0_20 .concat8 [ 1 1 1 1], L_0000014ddfe02780, L_0000014ddfe02da0, L_0000014ddfe02940, L_0000014ddfe01d00;
LS_0000014ddfd95210_0_24 .concat8 [ 1 1 1 1], L_0000014ddfe02e10, L_0000014ddfe02a90, L_0000014ddfe02f60, L_0000014ddfe032e0;
LS_0000014ddfd95210_0_28 .concat8 [ 1 1 1 1], L_0000014ddfe03b30, L_0000014ddfe045b0, L_0000014ddfe03ba0, L_0000014ddfe044d0;
LS_0000014ddfd95210_0_32 .concat8 [ 1 0 0 0], L_0000014ddfe03d60;
LS_0000014ddfd95210_1_0 .concat8 [ 4 4 4 4], LS_0000014ddfd95210_0_0, LS_0000014ddfd95210_0_4, LS_0000014ddfd95210_0_8, LS_0000014ddfd95210_0_12;
LS_0000014ddfd95210_1_4 .concat8 [ 4 4 4 4], LS_0000014ddfd95210_0_16, LS_0000014ddfd95210_0_20, LS_0000014ddfd95210_0_24, LS_0000014ddfd95210_0_28;
LS_0000014ddfd95210_1_8 .concat8 [ 1 0 0 0], LS_0000014ddfd95210_0_32;
L_0000014ddfd95210 .concat8 [ 16 16 1 0], LS_0000014ddfd95210_1_0, LS_0000014ddfd95210_1_4, LS_0000014ddfd95210_1_8;
L_0000014ddfd953f0 .part L_0000014ddfd95210, 32, 1;
S_0000014ddfd6a130 .scope generate, "fa_gen[0]" "fa_gen[0]" 7 16, 7 16 0, S_0000014ddfd681f0;
 .timescale 0 0;
P_0000014ddfc52800 .param/l "i" 0 7 16, +C4<00>;
S_0000014ddfd6a2c0 .scope module, "fa" "full_adder" 7 17, 7 31 0, S_0000014ddfd6a130;
 .timescale 0 0;
    .port_info 0 /INPUT 1 "a";
    .port_info 1 /INPUT 1 "b";
    .port_info 2 /INPUT 1 "cin";
    .port_info 3 /OUTPUT 1 "sum";
    .port_info 4 /OUTPUT 1 "cout";
L_0000014ddfc1a030 .functor XOR 1, L_0000014ddfd8ef50, L_0000014ddfd90b70, C4<0>, C4<0>;
L_0000014ddfc1a0a0 .functor XOR 1, L_0000014ddfc1a030, L_0000014ddfd8ee10, C4<0>, C4<0>;
L_0000014ddfc19070 .functor AND 1, L_0000014ddfd8ef50, L_0000014ddfd90b70, C4<1>, C4<1>;
L_0000014ddfc1a110 .functor XOR 1, L_0000014ddfd8ef50, L_0000014ddfd90b70, C4<0>, C4<0>;
L_0000014ddfc18cf0 .functor AND 1, L_0000014ddfd8ee10, L_0000014ddfc1a110, C4<1>, C4<1>;
L_0000014ddfc18c10 .functor OR 1, L_0000014ddfc19070, L_0000014ddfc18cf0, C4<0>, C4<0>;
v0000014ddfd484a0_0 .net *"_ivl_0", 0 0, L_0000014ddfc1a030;  1 drivers
v0000014ddfd47000_0 .net *"_ivl_4", 0 0, L_0000014ddfc19070;  1 drivers
v0000014ddfd46e20_0 .net *"_ivl_6", 0 0, L_0000014ddfc1a110;  1 drivers
v0000014ddfd48180_0 .net *"_ivl_8", 0 0, L_0000014ddfc18cf0;  1 drivers
v0000014ddfd480e0_0 .net "a", 0 0, L_0000014ddfd8ef50;  1 drivers
v0000014ddfd48220_0 .net "b", 0 0, L_0000014ddfd90b70;  1 drivers
v0000014ddfd469c0_0 .net "cin", 0 0, L_0000014ddfd8ee10;  1 drivers
v0000014ddfd48720_0 .net "cout", 0 0, L_0000014ddfc18c10;  1 drivers
v0000014ddfd46420_0 .net "sum", 0 0, L_0000014ddfc1a0a0;  1 drivers
S_0000014ddfd6b0d0 .scope generate, "fa_gen[1]" "fa_gen[1]" 7 16, 7 16 0, S_0000014ddfd681f0;
 .timescale 0 0;
P_0000014ddfc52840 .param/l "i" 0 7 16, +C4<01>;
S_0000014ddfd69e10 .scope module, "fa" "full_adder" 7 17, 7 31 0, S_0000014ddfd6b0d0;
 .timescale 0 0;
    .port_info 0 /INPUT 1 "a";
    .port_info 1 /INPUT 1 "b";
    .port_info 2 /INPUT 1 "cin";
    .port_info 3 /OUTPUT 1 "sum";
    .port_info 4 /OUTPUT 1 "cout";
L_0000014ddfc18740 .functor XOR 1, L_0000014ddfd8ff90, L_0000014ddfd8eff0, C4<0>, C4<0>;
L_0000014ddfc18f20 .functor XOR 1, L_0000014ddfc18740, L_0000014ddfd8f270, C4<0>, C4<0>;
L_0000014ddfc190e0 .functor AND 1, L_0000014ddfd8ff90, L_0000014ddfd8eff0, C4<1>, C4<1>;
L_0000014ddf992320 .functor XOR 1, L_0000014ddfd8ff90, L_0000014ddfd8eff0, C4<0>, C4<0>;
L_0000014ddf991ec0 .functor AND 1, L_0000014ddfd8f270, L_0000014ddf992320, C4<1>, C4<1>;
L_0000014ddf9928d0 .functor OR 1, L_0000014ddfc190e0, L_0000014ddf991ec0, C4<0>, C4<0>;
v0000014ddfd46b00_0 .net *"_ivl_0", 0 0, L_0000014ddfc18740;  1 drivers
v0000014ddfd487c0_0 .net *"_ivl_4", 0 0, L_0000014ddfc190e0;  1 drivers
v0000014ddfd46560_0 .net *"_ivl_6", 0 0, L_0000014ddf992320;  1 drivers
v0000014ddfd47820_0 .net *"_ivl_8", 0 0, L_0000014ddf991ec0;  1 drivers
v0000014ddfd48860_0 .net "a", 0 0, L_0000014ddfd8ff90;  1 drivers
v0000014ddfd475a0_0 .net "b", 0 0, L_0000014ddfd8eff0;  1 drivers
v0000014ddfd48900_0 .net "cin", 0 0, L_0000014ddfd8f270;  1 drivers
v0000014ddfd47c80_0 .net "cout", 0 0, L_0000014ddf9928d0;  1 drivers
v0000014ddfd489a0_0 .net "sum", 0 0, L_0000014ddfc18f20;  1 drivers
S_0000014ddfd68510 .scope generate, "fa_gen[2]" "fa_gen[2]" 7 16, 7 16 0, S_0000014ddfd681f0;
 .timescale 0 0;
P_0000014ddfc52940 .param/l "i" 0 7 16, +C4<010>;
S_0000014ddfd68ce0 .scope module, "fa" "full_adder" 7 17, 7 31 0, S_0000014ddfd68510;
 .timescale 0 0;
    .port_info 0 /INPUT 1 "a";
    .port_info 1 /INPUT 1 "b";
    .port_info 2 /INPUT 1 "cin";
    .port_info 3 /OUTPUT 1 "sum";
    .port_info 4 /OUTPUT 1 "cout";
L_0000014ddf9921d0 .functor XOR 1, L_0000014ddfd8f1d0, L_0000014ddfd90c10, C4<0>, C4<0>;
L_0000014ddf991a60 .functor XOR 1, L_0000014ddf9921d0, L_0000014ddfd8f590, C4<0>, C4<0>;
L_0000014ddf991c20 .functor AND 1, L_0000014ddfd8f1d0, L_0000014ddfd90c10, C4<1>, C4<1>;
L_0000014ddf991c90 .functor XOR 1, L_0000014ddfd8f1d0, L_0000014ddfd90c10, C4<0>, C4<0>;
L_0000014ddf992710 .functor AND 1, L_0000014ddfd8f590, L_0000014ddf991c90, C4<1>, C4<1>;
L_0000014ddf991d70 .functor OR 1, L_0000014ddf991c20, L_0000014ddf992710, C4<0>, C4<0>;
v0000014ddfd46ce0_0 .net *"_ivl_0", 0 0, L_0000014ddf9921d0;  1 drivers
v0000014ddfd467e0_0 .net *"_ivl_4", 0 0, L_0000014ddf991c20;  1 drivers
v0000014ddfd47dc0_0 .net *"_ivl_6", 0 0, L_0000014ddf991c90;  1 drivers
v0000014ddfd46880_0 .net *"_ivl_8", 0 0, L_0000014ddf992710;  1 drivers
v0000014ddfd48ae0_0 .net "a", 0 0, L_0000014ddfd8f1d0;  1 drivers
v0000014ddfd466a0_0 .net "b", 0 0, L_0000014ddfd90c10;  1 drivers
v0000014ddfd48360_0 .net "cin", 0 0, L_0000014ddfd8f590;  1 drivers
v0000014ddfd48a40_0 .net "cout", 0 0, L_0000014ddf991d70;  1 drivers
v0000014ddfd48400_0 .net "sum", 0 0, L_0000014ddf991a60;  1 drivers
S_0000014ddfd686a0 .scope generate, "fa_gen[3]" "fa_gen[3]" 7 16, 7 16 0, S_0000014ddfd681f0;
 .timescale 0 0;
P_0000014ddfc52980 .param/l "i" 0 7 16, +C4<011>;
S_0000014ddfd69960 .scope module, "fa" "full_adder" 7 17, 7 31 0, S_0000014ddfd686a0;
 .timescale 0 0;
    .port_info 0 /INPUT 1 "a";
    .port_info 1 /INPUT 1 "b";
    .port_info 2 /INPUT 1 "cin";
    .port_info 3 /OUTPUT 1 "sum";
    .port_info 4 /OUTPUT 1 "cout";
L_0000014ddf991f30 .functor XOR 1, L_0000014ddfd90cb0, L_0000014ddfd8f630, C4<0>, C4<0>;
L_0000014ddf9927f0 .functor XOR 1, L_0000014ddf991f30, L_0000014ddfd90e90, C4<0>, C4<0>;
L_0000014ddf991fa0 .functor AND 1, L_0000014ddfd90cb0, L_0000014ddfd8f630, C4<1>, C4<1>;
L_0000014ddf9922b0 .functor XOR 1, L_0000014ddfd90cb0, L_0000014ddfd8f630, C4<0>, C4<0>;
L_0000014ddf992390 .functor AND 1, L_0000014ddfd90e90, L_0000014ddf9922b0, C4<1>, C4<1>;
L_0000014ddf9924e0 .functor OR 1, L_0000014ddf991fa0, L_0000014ddf992390, C4<0>, C4<0>;
v0000014ddfd46920_0 .net *"_ivl_0", 0 0, L_0000014ddf991f30;  1 drivers
v0000014ddfd47f00_0 .net *"_ivl_4", 0 0, L_0000014ddf991fa0;  1 drivers
v0000014ddfd48b80_0 .net *"_ivl_6", 0 0, L_0000014ddf9922b0;  1 drivers
v0000014ddfd464c0_0 .net *"_ivl_8", 0 0, L_0000014ddf992390;  1 drivers
v0000014ddfd47a00_0 .net "a", 0 0, L_0000014ddfd90cb0;  1 drivers
v0000014ddfd46600_0 .net "b", 0 0, L_0000014ddfd8f630;  1 drivers
v0000014ddfd46a60_0 .net "cin", 0 0, L_0000014ddfd90e90;  1 drivers
v0000014ddfd46ba0_0 .net "cout", 0 0, L_0000014ddf9924e0;  1 drivers
v0000014ddfd47640_0 .net "sum", 0 0, L_0000014ddf9927f0;  1 drivers
S_0000014ddfd68830 .scope generate, "fa_gen[4]" "fa_gen[4]" 7 16, 7 16 0, S_0000014ddfd681f0;
 .timescale 0 0;
P_0000014ddfc538c0 .param/l "i" 0 7 16, +C4<0100>;
S_0000014ddfd6b3f0 .scope module, "fa" "full_adder" 7 17, 7 31 0, S_0000014ddfd68830;
 .timescale 0 0;
    .port_info 0 /INPUT 1 "a";
    .port_info 1 /INPUT 1 "b";
    .port_info 2 /INPUT 1 "cin";
    .port_info 3 /OUTPUT 1 "sum";
    .port_info 4 /OUTPUT 1 "cout";
L_0000014ddfada320 .functor XOR 1, L_0000014ddfd90530, L_0000014ddfd8f8b0, C4<0>, C4<0>;
L_0000014ddfada390 .functor XOR 1, L_0000014ddfada320, L_0000014ddfd8f950, C4<0>, C4<0>;
L_0000014ddfadad30 .functor AND 1, L_0000014ddfd90530, L_0000014ddfd8f8b0, C4<1>, C4<1>;
L_0000014ddfada630 .functor XOR 1, L_0000014ddfd90530, L_0000014ddfd8f8b0, C4<0>, C4<0>;
L_0000014ddfadae10 .functor AND 1, L_0000014ddfd8f950, L_0000014ddfada630, C4<1>, C4<1>;
L_0000014ddfadaf60 .functor OR 1, L_0000014ddfadad30, L_0000014ddfadae10, C4<0>, C4<0>;
v0000014ddfd47aa0_0 .net *"_ivl_0", 0 0, L_0000014ddfada320;  1 drivers
v0000014ddfd46d80_0 .net *"_ivl_4", 0 0, L_0000014ddfadad30;  1 drivers
v0000014ddfd470a0_0 .net *"_ivl_6", 0 0, L_0000014ddfada630;  1 drivers
v0000014ddfd471e0_0 .net *"_ivl_8", 0 0, L_0000014ddfadae10;  1 drivers
v0000014ddfd47320_0 .net "a", 0 0, L_0000014ddfd90530;  1 drivers
v0000014ddfd473c0_0 .net "b", 0 0, L_0000014ddfd8f8b0;  1 drivers
v0000014ddfd47460_0 .net "cin", 0 0, L_0000014ddfd8f950;  1 drivers
v0000014ddfd47500_0 .net "cout", 0 0, L_0000014ddfadaf60;  1 drivers
v0000014ddfd47960_0 .net "sum", 0 0, L_0000014ddfada390;  1 drivers
S_0000014ddfd6b710 .scope generate, "fa_gen[5]" "fa_gen[5]" 7 16, 7 16 0, S_0000014ddfd681f0;
 .timescale 0 0;
P_0000014ddfc53b80 .param/l "i" 0 7 16, +C4<0101>;
S_0000014ddfd6aa90 .scope module, "fa" "full_adder" 7 17, 7 31 0, S_0000014ddfd6b710;
 .timescale 0 0;
    .port_info 0 /INPUT 1 "a";
    .port_info 1 /INPUT 1 "b";
    .port_info 2 /INPUT 1 "cin";
    .port_info 3 /OUTPUT 1 "sum";
    .port_info 4 /OUTPUT 1 "cout";
L_0000014ddfadb270 .functor XOR 1, L_0000014ddfd8fa90, L_0000014ddfd8fe50, C4<0>, C4<0>;
L_0000014ddfadb2e0 .functor XOR 1, L_0000014ddfadb270, L_0000014ddfd90030, C4<0>, C4<0>;
L_0000014ddfadb660 .functor AND 1, L_0000014ddfd8fa90, L_0000014ddfd8fe50, C4<1>, C4<1>;
L_0000014ddf992470 .functor XOR 1, L_0000014ddfd8fa90, L_0000014ddfd8fe50, C4<0>, C4<0>;
L_0000014ddfe010c0 .functor AND 1, L_0000014ddfd90030, L_0000014ddf992470, C4<1>, C4<1>;
L_0000014ddfe008e0 .functor OR 1, L_0000014ddfadb660, L_0000014ddfe010c0, C4<0>, C4<0>;
v0000014ddfd47fa0_0 .net *"_ivl_0", 0 0, L_0000014ddfadb270;  1 drivers
v0000014ddfd47b40_0 .net *"_ivl_4", 0 0, L_0000014ddfadb660;  1 drivers
v0000014ddfd4a020_0 .net *"_ivl_6", 0 0, L_0000014ddf992470;  1 drivers
v0000014ddfd49bc0_0 .net *"_ivl_8", 0 0, L_0000014ddfe010c0;  1 drivers
v0000014ddfd49d00_0 .net "a", 0 0, L_0000014ddfd8fa90;  1 drivers
v0000014ddfd48d60_0 .net "b", 0 0, L_0000014ddfd8fe50;  1 drivers
v0000014ddfd4a200_0 .net "cin", 0 0, L_0000014ddfd90030;  1 drivers
v0000014ddfd49da0_0 .net "cout", 0 0, L_0000014ddfe008e0;  1 drivers
v0000014ddfd49440_0 .net "sum", 0 0, L_0000014ddfadb2e0;  1 drivers
S_0000014ddfd6a450 .scope generate, "fa_gen[6]" "fa_gen[6]" 7 16, 7 16 0, S_0000014ddfd681f0;
 .timescale 0 0;
P_0000014ddfc53240 .param/l "i" 0 7 16, +C4<0110>;
S_0000014ddfd689c0 .scope module, "fa" "full_adder" 7 17, 7 31 0, S_0000014ddfd6a450;
 .timescale 0 0;
    .port_info 0 /INPUT 1 "a";
    .port_info 1 /INPUT 1 "b";
    .port_info 2 /INPUT 1 "cin";
    .port_info 3 /OUTPUT 1 "sum";
    .port_info 4 /OUTPUT 1 "cout";
L_0000014ddfe00a30 .functor XOR 1, L_0000014ddfd90990, L_0000014ddfd908f0, C4<0>, C4<0>;
L_0000014ddfe00aa0 .functor XOR 1, L_0000014ddfe00a30, L_0000014ddfd900d0, C4<0>, C4<0>;
L_0000014ddfe00d40 .functor AND 1, L_0000014ddfd90990, L_0000014ddfd908f0, C4<1>, C4<1>;
L_0000014ddfe00330 .functor XOR 1, L_0000014ddfd90990, L_0000014ddfd908f0, C4<0>, C4<0>;
L_0000014ddfe01280 .functor AND 1, L_0000014ddfd900d0, L_0000014ddfe00330, C4<1>, C4<1>;
L_0000014ddfe014b0 .functor OR 1, L_0000014ddfe00d40, L_0000014ddfe01280, C4<0>, C4<0>;
v0000014ddfd4a700_0 .net *"_ivl_0", 0 0, L_0000014ddfe00a30;  1 drivers
v0000014ddfd4ab60_0 .net *"_ivl_4", 0 0, L_0000014ddfe00d40;  1 drivers
v0000014ddfd49080_0 .net *"_ivl_6", 0 0, L_0000014ddfe00330;  1 drivers
v0000014ddfd4b1a0_0 .net *"_ivl_8", 0 0, L_0000014ddfe01280;  1 drivers
v0000014ddfd49120_0 .net "a", 0 0, L_0000014ddfd90990;  1 drivers
v0000014ddfd49ee0_0 .net "b", 0 0, L_0000014ddfd908f0;  1 drivers
v0000014ddfd4a480_0 .net "cin", 0 0, L_0000014ddfd900d0;  1 drivers
v0000014ddfd4a520_0 .net "cout", 0 0, L_0000014ddfe014b0;  1 drivers
v0000014ddfd491c0_0 .net "sum", 0 0, L_0000014ddfe00aa0;  1 drivers
S_0000014ddfd6a5e0 .scope generate, "fa_gen[7]" "fa_gen[7]" 7 16, 7 16 0, S_0000014ddfd681f0;
 .timescale 0 0;
P_0000014ddfc54080 .param/l "i" 0 7 16, +C4<0111>;
S_0000014ddfd69000 .scope module, "fa" "full_adder" 7 17, 7 31 0, S_0000014ddfd6a5e0;
 .timescale 0 0;
    .port_info 0 /INPUT 1 "a";
    .port_info 1 /INPUT 1 "b";
    .port_info 2 /INPUT 1 "cin";
    .port_info 3 /OUTPUT 1 "sum";
    .port_info 4 /OUTPUT 1 "cout";
L_0000014ddfe00bf0 .functor XOR 1, L_0000014ddfd90850, L_0000014ddfd90210, C4<0>, C4<0>;
L_0000014ddfe00560 .functor XOR 1, L_0000014ddfe00bf0, L_0000014ddfd902b0, C4<0>, C4<0>;
L_0000014ddfe00800 .functor AND 1, L_0000014ddfd90850, L_0000014ddfd90210, C4<1>, C4<1>;
L_0000014ddfe00410 .functor XOR 1, L_0000014ddfd90850, L_0000014ddfd90210, C4<0>, C4<0>;
L_0000014ddfe017c0 .functor AND 1, L_0000014ddfd902b0, L_0000014ddfe00410, C4<1>, C4<1>;
L_0000014ddfe011a0 .functor OR 1, L_0000014ddfe00800, L_0000014ddfe017c0, C4<0>, C4<0>;
v0000014ddfd49580_0 .net *"_ivl_0", 0 0, L_0000014ddfe00bf0;  1 drivers
v0000014ddfd49760_0 .net *"_ivl_4", 0 0, L_0000014ddfe00800;  1 drivers
v0000014ddfd496c0_0 .net *"_ivl_6", 0 0, L_0000014ddfe00410;  1 drivers
v0000014ddfd4b240_0 .net *"_ivl_8", 0 0, L_0000014ddfe017c0;  1 drivers
v0000014ddfd493a0_0 .net "a", 0 0, L_0000014ddfd90850;  1 drivers
v0000014ddfd499e0_0 .net "b", 0 0, L_0000014ddfd90210;  1 drivers
v0000014ddfd4a7a0_0 .net "cin", 0 0, L_0000014ddfd902b0;  1 drivers
v0000014ddfd4a840_0 .net "cout", 0 0, L_0000014ddfe011a0;  1 drivers
v0000014ddfd4a0c0_0 .net "sum", 0 0, L_0000014ddfe00560;  1 drivers
S_0000014ddfd69640 .scope generate, "fa_gen[8]" "fa_gen[8]" 7 16, 7 16 0, S_0000014ddfd681f0;
 .timescale 0 0;
P_0000014ddfc53440 .param/l "i" 0 7 16, +C4<01000>;
S_0000014ddfd6ac20 .scope module, "fa" "full_adder" 7 17, 7 31 0, S_0000014ddfd69640;
 .timescale 0 0;
    .port_info 0 /INPUT 1 "a";
    .port_info 1 /INPUT 1 "b";
    .port_info 2 /INPUT 1 "cin";
    .port_info 3 /OUTPUT 1 "sum";
    .port_info 4 /OUTPUT 1 "cout";
L_0000014ddfe01910 .functor XOR 1, L_0000014ddfd90350, L_0000014ddfd905d0, C4<0>, C4<0>;
L_0000014ddfe012f0 .functor XOR 1, L_0000014ddfe01910, L_0000014ddfd90670, C4<0>, C4<0>;
L_0000014ddfe018a0 .functor AND 1, L_0000014ddfd90350, L_0000014ddfd905d0, C4<1>, C4<1>;
L_0000014ddfe00b10 .functor XOR 1, L_0000014ddfd90350, L_0000014ddfd905d0, C4<0>, C4<0>;
L_0000014ddfe00b80 .functor AND 1, L_0000014ddfd90670, L_0000014ddfe00b10, C4<1>, C4<1>;
L_0000014ddfe01bb0 .functor OR 1, L_0000014ddfe018a0, L_0000014ddfe00b80, C4<0>, C4<0>;
v0000014ddfd4a5c0_0 .net *"_ivl_0", 0 0, L_0000014ddfe01910;  1 drivers
v0000014ddfd49e40_0 .net *"_ivl_4", 0 0, L_0000014ddfe018a0;  1 drivers
v0000014ddfd49c60_0 .net *"_ivl_6", 0 0, L_0000014ddfe00b10;  1 drivers
v0000014ddfd4a8e0_0 .net *"_ivl_8", 0 0, L_0000014ddfe00b80;  1 drivers
v0000014ddfd49800_0 .net "a", 0 0, L_0000014ddfd90350;  1 drivers
v0000014ddfd49f80_0 .net "b", 0 0, L_0000014ddfd905d0;  1 drivers
v0000014ddfd4a160_0 .net "cin", 0 0, L_0000014ddfd90670;  1 drivers
v0000014ddfd48c20_0 .net "cout", 0 0, L_0000014ddfe01bb0;  1 drivers
v0000014ddfd49260_0 .net "sum", 0 0, L_0000014ddfe012f0;  1 drivers
S_0000014ddfd6adb0 .scope generate, "fa_gen[9]" "fa_gen[9]" 7 16, 7 16 0, S_0000014ddfd681f0;
 .timescale 0 0;
P_0000014ddfc53280 .param/l "i" 0 7 16, +C4<01001>;
S_0000014ddfd6af40 .scope module, "fa" "full_adder" 7 17, 7 31 0, S_0000014ddfd6adb0;
 .timescale 0 0;
    .port_info 0 /INPUT 1 "a";
    .port_info 1 /INPUT 1 "b";
    .port_info 2 /INPUT 1 "cin";
    .port_info 3 /OUTPUT 1 "sum";
    .port_info 4 /OUTPUT 1 "cout";
L_0000014ddfe00db0 .functor XOR 1, L_0000014ddfd907b0, L_0000014ddfd90a30, C4<0>, C4<0>;
L_0000014ddfe00c60 .functor XOR 1, L_0000014ddfe00db0, L_0000014ddfd91430, C4<0>, C4<0>;
L_0000014ddfe01130 .functor AND 1, L_0000014ddfd907b0, L_0000014ddfd90a30, C4<1>, C4<1>;
L_0000014ddfe00f00 .functor XOR 1, L_0000014ddfd907b0, L_0000014ddfd90a30, C4<0>, C4<0>;
L_0000014ddfe00cd0 .functor AND 1, L_0000014ddfd91430, L_0000014ddfe00f00, C4<1>, C4<1>;
L_0000014ddfe001e0 .functor OR 1, L_0000014ddfe01130, L_0000014ddfe00cd0, C4<0>, C4<0>;
v0000014ddfd4a980_0 .net *"_ivl_0", 0 0, L_0000014ddfe00db0;  1 drivers
v0000014ddfd4a2a0_0 .net *"_ivl_4", 0 0, L_0000014ddfe01130;  1 drivers
v0000014ddfd4b2e0_0 .net *"_ivl_6", 0 0, L_0000014ddfe00f00;  1 drivers
v0000014ddfd4b380_0 .net *"_ivl_8", 0 0, L_0000014ddfe00cd0;  1 drivers
v0000014ddfd49620_0 .net "a", 0 0, L_0000014ddfd907b0;  1 drivers
v0000014ddfd4aa20_0 .net "b", 0 0, L_0000014ddfd90a30;  1 drivers
v0000014ddfd4ad40_0 .net "cin", 0 0, L_0000014ddfd91430;  1 drivers
v0000014ddfd4aac0_0 .net "cout", 0 0, L_0000014ddfe001e0;  1 drivers
v0000014ddfd4a340_0 .net "sum", 0 0, L_0000014ddfe00c60;  1 drivers
S_0000014ddfd6b260 .scope generate, "fa_gen[10]" "fa_gen[10]" 7 16, 7 16 0, S_0000014ddfd681f0;
 .timescale 0 0;
P_0000014ddfc53bc0 .param/l "i" 0 7 16, +C4<01010>;
S_0000014ddfd6dff0 .scope module, "fa" "full_adder" 7 17, 7 31 0, S_0000014ddfd6b260;
 .timescale 0 0;
    .port_info 0 /INPUT 1 "a";
    .port_info 1 /INPUT 1 "b";
    .port_info 2 /INPUT 1 "cin";
    .port_info 3 /OUTPUT 1 "sum";
    .port_info 4 /OUTPUT 1 "cout";
L_0000014ddfe00640 .functor XOR 1, L_0000014ddfd923d0, L_0000014ddfd92970, C4<0>, C4<0>;
L_0000014ddfe01360 .functor XOR 1, L_0000014ddfe00640, L_0000014ddfd92a10, C4<0>, C4<0>;
L_0000014ddfe00e20 .functor AND 1, L_0000014ddfd923d0, L_0000014ddfd92970, C4<1>, C4<1>;
L_0000014ddfe01750 .functor XOR 1, L_0000014ddfd923d0, L_0000014ddfd92970, C4<0>, C4<0>;
L_0000014ddfe00720 .functor AND 1, L_0000014ddfd92a10, L_0000014ddfe01750, C4<1>, C4<1>;
L_0000014ddfe01b40 .functor OR 1, L_0000014ddfe00e20, L_0000014ddfe00720, C4<0>, C4<0>;
v0000014ddfd48e00_0 .net *"_ivl_0", 0 0, L_0000014ddfe00640;  1 drivers
v0000014ddfd4ae80_0 .net *"_ivl_4", 0 0, L_0000014ddfe00e20;  1 drivers
v0000014ddfd49300_0 .net *"_ivl_6", 0 0, L_0000014ddfe01750;  1 drivers
v0000014ddfd494e0_0 .net *"_ivl_8", 0 0, L_0000014ddfe00720;  1 drivers
v0000014ddfd49a80_0 .net "a", 0 0, L_0000014ddfd923d0;  1 drivers
v0000014ddfd48f40_0 .net "b", 0 0, L_0000014ddfd92970;  1 drivers
v0000014ddfd48ea0_0 .net "cin", 0 0, L_0000014ddfd92a10;  1 drivers
v0000014ddfd498a0_0 .net "cout", 0 0, L_0000014ddfe01b40;  1 drivers
v0000014ddfd48fe0_0 .net "sum", 0 0, L_0000014ddfe01360;  1 drivers
S_0000014ddfd6fa80 .scope generate, "fa_gen[11]" "fa_gen[11]" 7 16, 7 16 0, S_0000014ddfd681f0;
 .timescale 0 0;
P_0000014ddfc53a80 .param/l "i" 0 7 16, +C4<01011>;
S_0000014ddfd6e630 .scope module, "fa" "full_adder" 7 17, 7 31 0, S_0000014ddfd6fa80;
 .timescale 0 0;
    .port_info 0 /INPUT 1 "a";
    .port_info 1 /INPUT 1 "b";
    .port_info 2 /INPUT 1 "cin";
    .port_info 3 /OUTPUT 1 "sum";
    .port_info 4 /OUTPUT 1 "cout";
L_0000014ddfe00950 .functor XOR 1, L_0000014ddfd92f10, L_0000014ddfd914d0, C4<0>, C4<0>;
L_0000014ddfe013d0 .functor XOR 1, L_0000014ddfe00950, L_0000014ddfd91750, C4<0>, C4<0>;
L_0000014ddfe00100 .functor AND 1, L_0000014ddfd92f10, L_0000014ddfd914d0, C4<1>, C4<1>;
L_0000014ddfe003a0 .functor XOR 1, L_0000014ddfd92f10, L_0000014ddfd914d0, C4<0>, C4<0>;
L_0000014ddfe00790 .functor AND 1, L_0000014ddfd91750, L_0000014ddfe003a0, C4<1>, C4<1>;
L_0000014ddfe01a60 .functor OR 1, L_0000014ddfe00100, L_0000014ddfe00790, C4<0>, C4<0>;
v0000014ddfd4b100_0 .net *"_ivl_0", 0 0, L_0000014ddfe00950;  1 drivers
v0000014ddfd49b20_0 .net *"_ivl_4", 0 0, L_0000014ddfe00100;  1 drivers
v0000014ddfd4a660_0 .net *"_ivl_6", 0 0, L_0000014ddfe003a0;  1 drivers
v0000014ddfd49940_0 .net *"_ivl_8", 0 0, L_0000014ddfe00790;  1 drivers
v0000014ddfd4a3e0_0 .net "a", 0 0, L_0000014ddfd92f10;  1 drivers
v0000014ddfd4ac00_0 .net "b", 0 0, L_0000014ddfd914d0;  1 drivers
v0000014ddfd4aca0_0 .net "cin", 0 0, L_0000014ddfd91750;  1 drivers
v0000014ddfd4ade0_0 .net "cout", 0 0, L_0000014ddfe01a60;  1 drivers
v0000014ddfd4af20_0 .net "sum", 0 0, L_0000014ddfe013d0;  1 drivers
S_0000014ddfd6de60 .scope generate, "fa_gen[12]" "fa_gen[12]" 7 16, 7 16 0, S_0000014ddfd681f0;
 .timescale 0 0;
P_0000014ddfc53400 .param/l "i" 0 7 16, +C4<01100>;
S_0000014ddfd6cd30 .scope module, "fa" "full_adder" 7 17, 7 31 0, S_0000014ddfd6de60;
 .timescale 0 0;
    .port_info 0 /INPUT 1 "a";
    .port_info 1 /INPUT 1 "b";
    .port_info 2 /INPUT 1 "cin";
    .port_info 3 /OUTPUT 1 "sum";
    .port_info 4 /OUTPUT 1 "cout";
L_0000014ddfe00480 .functor XOR 1, L_0000014ddfd92470, L_0000014ddfd92010, C4<0>, C4<0>;
L_0000014ddfe00170 .functor XOR 1, L_0000014ddfe00480, L_0000014ddfd91110, C4<0>, C4<0>;
L_0000014ddfe01590 .functor AND 1, L_0000014ddfd92470, L_0000014ddfd92010, C4<1>, C4<1>;
L_0000014ddfe006b0 .functor XOR 1, L_0000014ddfd92470, L_0000014ddfd92010, C4<0>, C4<0>;
L_0000014ddfe01980 .functor AND 1, L_0000014ddfd91110, L_0000014ddfe006b0, C4<1>, C4<1>;
L_0000014ddfe01210 .functor OR 1, L_0000014ddfe01590, L_0000014ddfe01980, C4<0>, C4<0>;
v0000014ddfd48cc0_0 .net *"_ivl_0", 0 0, L_0000014ddfe00480;  1 drivers
v0000014ddfd4afc0_0 .net *"_ivl_4", 0 0, L_0000014ddfe01590;  1 drivers
v0000014ddfd4b060_0 .net *"_ivl_6", 0 0, L_0000014ddfe006b0;  1 drivers
v0000014ddfd75c80_0 .net *"_ivl_8", 0 0, L_0000014ddfe01980;  1 drivers
v0000014ddfd75d20_0 .net "a", 0 0, L_0000014ddfd92470;  1 drivers
v0000014ddfd773a0_0 .net "b", 0 0, L_0000014ddfd92010;  1 drivers
v0000014ddfd77440_0 .net "cin", 0 0, L_0000014ddfd91110;  1 drivers
v0000014ddfd76d60_0 .net "cout", 0 0, L_0000014ddfe01210;  1 drivers
v0000014ddfd767c0_0 .net "sum", 0 0, L_0000014ddfe00170;  1 drivers
S_0000014ddfd6d500 .scope generate, "fa_gen[13]" "fa_gen[13]" 7 16, 7 16 0, S_0000014ddfd681f0;
 .timescale 0 0;
P_0000014ddfc53dc0 .param/l "i" 0 7 16, +C4<01101>;
S_0000014ddfd6d9b0 .scope module, "fa" "full_adder" 7 17, 7 31 0, S_0000014ddfd6d500;
 .timescale 0 0;
    .port_info 0 /INPUT 1 "a";
    .port_info 1 /INPUT 1 "b";
    .port_info 2 /INPUT 1 "cin";
    .port_info 3 /OUTPUT 1 "sum";
    .port_info 4 /OUTPUT 1 "cout";
L_0000014ddfe00e90 .functor XOR 1, L_0000014ddfd93870, L_0000014ddfd91f70, C4<0>, C4<0>;
L_0000014ddfe01440 .functor XOR 1, L_0000014ddfe00e90, L_0000014ddfd93690, C4<0>, C4<0>;
L_0000014ddfe00250 .functor AND 1, L_0000014ddfd93870, L_0000014ddfd91f70, C4<1>, C4<1>;
L_0000014ddfe002c0 .functor XOR 1, L_0000014ddfd93870, L_0000014ddfd91f70, C4<0>, C4<0>;
L_0000014ddfe00870 .functor AND 1, L_0000014ddfd93690, L_0000014ddfe002c0, C4<1>, C4<1>;
L_0000014ddfe01520 .functor OR 1, L_0000014ddfe00250, L_0000014ddfe00870, C4<0>, C4<0>;
v0000014ddfd75aa0_0 .net *"_ivl_0", 0 0, L_0000014ddfe00e90;  1 drivers
v0000014ddfd76b80_0 .net *"_ivl_4", 0 0, L_0000014ddfe00250;  1 drivers
v0000014ddfd758c0_0 .net *"_ivl_6", 0 0, L_0000014ddfe002c0;  1 drivers
v0000014ddfd77da0_0 .net *"_ivl_8", 0 0, L_0000014ddfe00870;  1 drivers
v0000014ddfd774e0_0 .net "a", 0 0, L_0000014ddfd93870;  1 drivers
v0000014ddfd76360_0 .net "b", 0 0, L_0000014ddfd91f70;  1 drivers
v0000014ddfd77760_0 .net "cin", 0 0, L_0000014ddfd93690;  1 drivers
v0000014ddfd78020_0 .net "cout", 0 0, L_0000014ddfe01520;  1 drivers
v0000014ddfd77a80_0 .net "sum", 0 0, L_0000014ddfe01440;  1 drivers
S_0000014ddfd6ff30 .scope generate, "fa_gen[14]" "fa_gen[14]" 7 16, 7 16 0, S_0000014ddfd681f0;
 .timescale 0 0;
P_0000014ddfc533c0 .param/l "i" 0 7 16, +C4<01110>;
S_0000014ddfd700c0 .scope module, "fa" "full_adder" 7 17, 7 31 0, S_0000014ddfd6ff30;
 .timescale 0 0;
    .port_info 0 /INPUT 1 "a";
    .port_info 1 /INPUT 1 "b";
    .port_info 2 /INPUT 1 "cin";
    .port_info 3 /OUTPUT 1 "sum";
    .port_info 4 /OUTPUT 1 "cout";
L_0000014ddfe00f70 .functor XOR 1, L_0000014ddfd92ab0, L_0000014ddfd92b50, C4<0>, C4<0>;
L_0000014ddfe01600 .functor XOR 1, L_0000014ddfe00f70, L_0000014ddfd91610, C4<0>, C4<0>;
L_0000014ddfe01670 .functor AND 1, L_0000014ddfd92ab0, L_0000014ddfd92b50, C4<1>, C4<1>;
L_0000014ddfe016e0 .functor XOR 1, L_0000014ddfd92ab0, L_0000014ddfd92b50, C4<0>, C4<0>;
L_0000014ddfe004f0 .functor AND 1, L_0000014ddfd91610, L_0000014ddfe016e0, C4<1>, C4<1>;
L_0000014ddfe005d0 .functor OR 1, L_0000014ddfe01670, L_0000014ddfe004f0, C4<0>, C4<0>;
v0000014ddfd76720_0 .net *"_ivl_0", 0 0, L_0000014ddfe00f70;  1 drivers
v0000014ddfd75960_0 .net *"_ivl_4", 0 0, L_0000014ddfe01670;  1 drivers
v0000014ddfd75dc0_0 .net *"_ivl_6", 0 0, L_0000014ddfe016e0;  1 drivers
v0000014ddfd77080_0 .net *"_ivl_8", 0 0, L_0000014ddfe004f0;  1 drivers
v0000014ddfd77300_0 .net "a", 0 0, L_0000014ddfd92ab0;  1 drivers
v0000014ddfd77620_0 .net "b", 0 0, L_0000014ddfd92b50;  1 drivers
v0000014ddfd76fe0_0 .net "cin", 0 0, L_0000014ddfd91610;  1 drivers
v0000014ddfd75f00_0 .net "cout", 0 0, L_0000014ddfe005d0;  1 drivers
v0000014ddfd776c0_0 .net "sum", 0 0, L_0000014ddfe01600;  1 drivers
S_0000014ddfd6fc10 .scope generate, "fa_gen[15]" "fa_gen[15]" 7 16, 7 16 0, S_0000014ddfd681f0;
 .timescale 0 0;
P_0000014ddfc53f00 .param/l "i" 0 7 16, +C4<01111>;
S_0000014ddfd6ef90 .scope module, "fa" "full_adder" 7 17, 7 31 0, S_0000014ddfd6fc10;
 .timescale 0 0;
    .port_info 0 /INPUT 1 "a";
    .port_info 1 /INPUT 1 "b";
    .port_info 2 /INPUT 1 "cin";
    .port_info 3 /OUTPUT 1 "sum";
    .port_info 4 /OUTPUT 1 "cout";
L_0000014ddfe009c0 .functor XOR 1, L_0000014ddfd91570, L_0000014ddfd917f0, C4<0>, C4<0>;
L_0000014ddfe01830 .functor XOR 1, L_0000014ddfe009c0, L_0000014ddfd91ed0, C4<0>, C4<0>;
L_0000014ddfe00fe0 .functor AND 1, L_0000014ddfd91570, L_0000014ddfd917f0, C4<1>, C4<1>;
L_0000014ddfe01050 .functor XOR 1, L_0000014ddfd91570, L_0000014ddfd917f0, C4<0>, C4<0>;
L_0000014ddfe019f0 .functor AND 1, L_0000014ddfd91ed0, L_0000014ddfe01050, C4<1>, C4<1>;
L_0000014ddfe01ad0 .functor OR 1, L_0000014ddfe00fe0, L_0000014ddfe019f0, C4<0>, C4<0>;
v0000014ddfd75fa0_0 .net *"_ivl_0", 0 0, L_0000014ddfe009c0;  1 drivers
v0000014ddfd762c0_0 .net *"_ivl_4", 0 0, L_0000014ddfe00fe0;  1 drivers
v0000014ddfd77ee0_0 .net *"_ivl_6", 0 0, L_0000014ddfe01050;  1 drivers
v0000014ddfd76040_0 .net *"_ivl_8", 0 0, L_0000014ddfe019f0;  1 drivers
v0000014ddfd76400_0 .net "a", 0 0, L_0000014ddfd91570;  1 drivers
v0000014ddfd77bc0_0 .net "b", 0 0, L_0000014ddfd917f0;  1 drivers
v0000014ddfd760e0_0 .net "cin", 0 0, L_0000014ddfd91ed0;  1 drivers
v0000014ddfd76ae0_0 .net "cout", 0 0, L_0000014ddfe01ad0;  1 drivers
v0000014ddfd77c60_0 .net "sum", 0 0, L_0000014ddfe01830;  1 drivers
S_0000014ddfd70570 .scope generate, "fa_gen[16]" "fa_gen[16]" 7 16, 7 16 0, S_0000014ddfd681f0;
 .timescale 0 0;
P_0000014ddfc532c0 .param/l "i" 0 7 16, +C4<010000>;
S_0000014ddfd6ee00 .scope module, "fa" "full_adder" 7 17, 7 31 0, S_0000014ddfd70570;
 .timescale 0 0;
    .port_info 0 /INPUT 1 "a";
    .port_info 1 /INPUT 1 "b";
    .port_info 2 /INPUT 1 "cin";
    .port_info 3 /OUTPUT 1 "sum";
    .port_info 4 /OUTPUT 1 "cout";
L_0000014ddfe01c20 .functor XOR 1, L_0000014ddfd920b0, L_0000014ddfd911b0, C4<0>, C4<0>;
L_0000014ddfe01c90 .functor XOR 1, L_0000014ddfe01c20, L_0000014ddfd91c50, C4<0>, C4<0>;
L_0000014ddfe03350 .functor AND 1, L_0000014ddfd920b0, L_0000014ddfd911b0, C4<1>, C4<1>;
L_0000014ddfe022b0 .functor XOR 1, L_0000014ddfd920b0, L_0000014ddfd911b0, C4<0>, C4<0>;
L_0000014ddfe034a0 .functor AND 1, L_0000014ddfd91c50, L_0000014ddfe022b0, C4<1>, C4<1>;
L_0000014ddfe01e50 .functor OR 1, L_0000014ddfe03350, L_0000014ddfe034a0, C4<0>, C4<0>;
v0000014ddfd77800_0 .net *"_ivl_0", 0 0, L_0000014ddfe01c20;  1 drivers
v0000014ddfd77580_0 .net *"_ivl_4", 0 0, L_0000014ddfe03350;  1 drivers
v0000014ddfd77b20_0 .net *"_ivl_6", 0 0, L_0000014ddfe022b0;  1 drivers
v0000014ddfd75be0_0 .net *"_ivl_8", 0 0, L_0000014ddfe034a0;  1 drivers
v0000014ddfd778a0_0 .net "a", 0 0, L_0000014ddfd920b0;  1 drivers
v0000014ddfd75e60_0 .net "b", 0 0, L_0000014ddfd911b0;  1 drivers
v0000014ddfd77d00_0 .net "cin", 0 0, L_0000014ddfd91c50;  1 drivers
v0000014ddfd77940_0 .net "cout", 0 0, L_0000014ddfe01e50;  1 drivers
v0000014ddfd764a0_0 .net "sum", 0 0, L_0000014ddfe01c90;  1 drivers
S_0000014ddfd6ec70 .scope generate, "fa_gen[17]" "fa_gen[17]" 7 16, 7 16 0, S_0000014ddfd681f0;
 .timescale 0 0;
P_0000014ddfc54040 .param/l "i" 0 7 16, +C4<010001>;
S_0000014ddfd6d370 .scope module, "fa" "full_adder" 7 17, 7 31 0, S_0000014ddfd6ec70;
 .timescale 0 0;
    .port_info 0 /INPUT 1 "a";
    .port_info 1 /INPUT 1 "b";
    .port_info 2 /INPUT 1 "cin";
    .port_info 3 /OUTPUT 1 "sum";
    .port_info 4 /OUTPUT 1 "cout";
L_0000014ddfe030b0 .functor XOR 1, L_0000014ddfd92150, L_0000014ddfd93730, C4<0>, C4<0>;
L_0000014ddfe027f0 .functor XOR 1, L_0000014ddfe030b0, L_0000014ddfd91250, C4<0>, C4<0>;
L_0000014ddfe02010 .functor AND 1, L_0000014ddfd92150, L_0000014ddfd93730, C4<1>, C4<1>;
L_0000014ddfe01fa0 .functor XOR 1, L_0000014ddfd92150, L_0000014ddfd93730, C4<0>, C4<0>;
L_0000014ddfe03580 .functor AND 1, L_0000014ddfd91250, L_0000014ddfe01fa0, C4<1>, C4<1>;
L_0000014ddfe03270 .functor OR 1, L_0000014ddfe02010, L_0000014ddfe03580, C4<0>, C4<0>;
v0000014ddfd779e0_0 .net *"_ivl_0", 0 0, L_0000014ddfe030b0;  1 drivers
v0000014ddfd76180_0 .net *"_ivl_4", 0 0, L_0000014ddfe02010;  1 drivers
v0000014ddfd76860_0 .net *"_ivl_6", 0 0, L_0000014ddfe01fa0;  1 drivers
v0000014ddfd75a00_0 .net *"_ivl_8", 0 0, L_0000014ddfe03580;  1 drivers
v0000014ddfd77e40_0 .net "a", 0 0, L_0000014ddfd92150;  1 drivers
v0000014ddfd77f80_0 .net "b", 0 0, L_0000014ddfd93730;  1 drivers
v0000014ddfd76cc0_0 .net "cin", 0 0, L_0000014ddfd91250;  1 drivers
v0000014ddfd75b40_0 .net "cout", 0 0, L_0000014ddfe03270;  1 drivers
v0000014ddfd76900_0 .net "sum", 0 0, L_0000014ddfe027f0;  1 drivers
S_0000014ddfd6cba0 .scope generate, "fa_gen[18]" "fa_gen[18]" 7 16, 7 16 0, S_0000014ddfd681f0;
 .timescale 0 0;
P_0000014ddfc53480 .param/l "i" 0 7 16, +C4<010010>;
S_0000014ddfd6cec0 .scope module, "fa" "full_adder" 7 17, 7 31 0, S_0000014ddfd6cba0;
 .timescale 0 0;
    .port_info 0 /INPUT 1 "a";
    .port_info 1 /INPUT 1 "b";
    .port_info 2 /INPUT 1 "cin";
    .port_info 3 /OUTPUT 1 "sum";
    .port_info 4 /OUTPUT 1 "cout";
L_0000014ddfe025c0 .functor XOR 1, L_0000014ddfd92d30, L_0000014ddfd91b10, C4<0>, C4<0>;
L_0000014ddfe03740 .functor XOR 1, L_0000014ddfe025c0, L_0000014ddfd921f0, C4<0>, C4<0>;
L_0000014ddfe01d70 .functor AND 1, L_0000014ddfd92d30, L_0000014ddfd91b10, C4<1>, C4<1>;
L_0000014ddfe02c50 .functor XOR 1, L_0000014ddfd92d30, L_0000014ddfd91b10, C4<0>, C4<0>;
L_0000014ddfe02cc0 .functor AND 1, L_0000014ddfd921f0, L_0000014ddfe02c50, C4<1>, C4<1>;
L_0000014ddfe033c0 .functor OR 1, L_0000014ddfe01d70, L_0000014ddfe02cc0, C4<0>, C4<0>;
v0000014ddfd76540_0 .net *"_ivl_0", 0 0, L_0000014ddfe025c0;  1 drivers
v0000014ddfd77120_0 .net *"_ivl_4", 0 0, L_0000014ddfe01d70;  1 drivers
v0000014ddfd76c20_0 .net *"_ivl_6", 0 0, L_0000014ddfe02c50;  1 drivers
v0000014ddfd76220_0 .net *"_ivl_8", 0 0, L_0000014ddfe02cc0;  1 drivers
v0000014ddfd765e0_0 .net "a", 0 0, L_0000014ddfd92d30;  1 drivers
v0000014ddfd76680_0 .net "b", 0 0, L_0000014ddfd91b10;  1 drivers
v0000014ddfd769a0_0 .net "cin", 0 0, L_0000014ddfd921f0;  1 drivers
v0000014ddfd76a40_0 .net "cout", 0 0, L_0000014ddfe033c0;  1 drivers
v0000014ddfd76e00_0 .net "sum", 0 0, L_0000014ddfe03740;  1 drivers
S_0000014ddfd6d690 .scope generate, "fa_gen[19]" "fa_gen[19]" 7 16, 7 16 0, S_0000014ddfd681f0;
 .timescale 0 0;
P_0000014ddfc53300 .param/l "i" 0 7 16, +C4<010011>;
S_0000014ddfd6f120 .scope module, "fa" "full_adder" 7 17, 7 31 0, S_0000014ddfd6d690;
 .timescale 0 0;
    .port_info 0 /INPUT 1 "a";
    .port_info 1 /INPUT 1 "b";
    .port_info 2 /INPUT 1 "cin";
    .port_info 3 /OUTPUT 1 "sum";
    .port_info 4 /OUTPUT 1 "cout";
L_0000014ddfe03820 .functor XOR 1, L_0000014ddfd91bb0, L_0000014ddfd91cf0, C4<0>, C4<0>;
L_0000014ddfe02d30 .functor XOR 1, L_0000014ddfe03820, L_0000014ddfd92510, C4<0>, C4<0>;
L_0000014ddfe03510 .functor AND 1, L_0000014ddfd91bb0, L_0000014ddfd91cf0, C4<1>, C4<1>;
L_0000014ddfe035f0 .functor XOR 1, L_0000014ddfd91bb0, L_0000014ddfd91cf0, C4<0>, C4<0>;
L_0000014ddfe03200 .functor AND 1, L_0000014ddfd92510, L_0000014ddfe035f0, C4<1>, C4<1>;
L_0000014ddfe02780 .functor OR 1, L_0000014ddfe03510, L_0000014ddfe03200, C4<0>, C4<0>;
v0000014ddfd76ea0_0 .net *"_ivl_0", 0 0, L_0000014ddfe03820;  1 drivers
v0000014ddfd76f40_0 .net *"_ivl_4", 0 0, L_0000014ddfe03510;  1 drivers
v0000014ddfd771c0_0 .net *"_ivl_6", 0 0, L_0000014ddfe035f0;  1 drivers
v0000014ddfd77260_0 .net *"_ivl_8", 0 0, L_0000014ddfe03200;  1 drivers
v0000014ddfd792e0_0 .net "a", 0 0, L_0000014ddfd91bb0;  1 drivers
v0000014ddfd7a500_0 .net "b", 0 0, L_0000014ddfd91cf0;  1 drivers
v0000014ddfd78b60_0 .net "cin", 0 0, L_0000014ddfd92510;  1 drivers
v0000014ddfd79c40_0 .net "cout", 0 0, L_0000014ddfe02780;  1 drivers
v0000014ddfd79ec0_0 .net "sum", 0 0, L_0000014ddfe02d30;  1 drivers
S_0000014ddfd6f8f0 .scope generate, "fa_gen[20]" "fa_gen[20]" 7 16, 7 16 0, S_0000014ddfd681f0;
 .timescale 0 0;
P_0000014ddfc53940 .param/l "i" 0 7 16, +C4<010100>;
S_0000014ddfd6fda0 .scope module, "fa" "full_adder" 7 17, 7 31 0, S_0000014ddfd6f8f0;
 .timescale 0 0;
    .port_info 0 /INPUT 1 "a";
    .port_info 1 /INPUT 1 "b";
    .port_info 2 /INPUT 1 "cin";
    .port_info 3 /OUTPUT 1 "sum";
    .port_info 4 /OUTPUT 1 "cout";
L_0000014ddfe02080 .functor XOR 1, L_0000014ddfd930f0, L_0000014ddfd925b0, C4<0>, C4<0>;
L_0000014ddfe028d0 .functor XOR 1, L_0000014ddfe02080, L_0000014ddfd91930, C4<0>, C4<0>;
L_0000014ddfe01ec0 .functor AND 1, L_0000014ddfd930f0, L_0000014ddfd925b0, C4<1>, C4<1>;
L_0000014ddfe03660 .functor XOR 1, L_0000014ddfd930f0, L_0000014ddfd925b0, C4<0>, C4<0>;
L_0000014ddfe01f30 .functor AND 1, L_0000014ddfd91930, L_0000014ddfe03660, C4<1>, C4<1>;
L_0000014ddfe02da0 .functor OR 1, L_0000014ddfe01ec0, L_0000014ddfe01f30, C4<0>, C4<0>;
v0000014ddfd79380_0 .net *"_ivl_0", 0 0, L_0000014ddfe02080;  1 drivers
v0000014ddfd788e0_0 .net *"_ivl_4", 0 0, L_0000014ddfe01ec0;  1 drivers
v0000014ddfd7a280_0 .net *"_ivl_6", 0 0, L_0000014ddfe03660;  1 drivers
v0000014ddfd79920_0 .net *"_ivl_8", 0 0, L_0000014ddfe01f30;  1 drivers
v0000014ddfd7a3c0_0 .net "a", 0 0, L_0000014ddfd930f0;  1 drivers
v0000014ddfd79420_0 .net "b", 0 0, L_0000014ddfd925b0;  1 drivers
v0000014ddfd78fc0_0 .net "cin", 0 0, L_0000014ddfd91930;  1 drivers
v0000014ddfd780c0_0 .net "cout", 0 0, L_0000014ddfe02da0;  1 drivers
v0000014ddfd78c00_0 .net "sum", 0 0, L_0000014ddfe028d0;  1 drivers
S_0000014ddfd6e180 .scope generate, "fa_gen[21]" "fa_gen[21]" 7 16, 7 16 0, S_0000014ddfd681f0;
 .timescale 0 0;
P_0000014ddfc540c0 .param/l "i" 0 7 16, +C4<010101>;
S_0000014ddfd703e0 .scope module, "fa" "full_adder" 7 17, 7 31 0, S_0000014ddfd6e180;
 .timescale 0 0;
    .port_info 0 /INPUT 1 "a";
    .port_info 1 /INPUT 1 "b";
    .port_info 2 /INPUT 1 "cin";
    .port_info 3 /OUTPUT 1 "sum";
    .port_info 4 /OUTPUT 1 "cout";
L_0000014ddfe02630 .functor XOR 1, L_0000014ddfd916b0, L_0000014ddfd91890, C4<0>, C4<0>;
L_0000014ddfe024e0 .functor XOR 1, L_0000014ddfe02630, L_0000014ddfd912f0, C4<0>, C4<0>;
L_0000014ddfe036d0 .functor AND 1, L_0000014ddfd916b0, L_0000014ddfd91890, C4<1>, C4<1>;
L_0000014ddfe02860 .functor XOR 1, L_0000014ddfd916b0, L_0000014ddfd91890, C4<0>, C4<0>;
L_0000014ddfe03120 .functor AND 1, L_0000014ddfd912f0, L_0000014ddfe02860, C4<1>, C4<1>;
L_0000014ddfe02940 .functor OR 1, L_0000014ddfe036d0, L_0000014ddfe03120, C4<0>, C4<0>;
v0000014ddfd78160_0 .net *"_ivl_0", 0 0, L_0000014ddfe02630;  1 drivers
v0000014ddfd78520_0 .net *"_ivl_4", 0 0, L_0000014ddfe036d0;  1 drivers
v0000014ddfd78ca0_0 .net *"_ivl_6", 0 0, L_0000014ddfe02860;  1 drivers
v0000014ddfd78de0_0 .net *"_ivl_8", 0 0, L_0000014ddfe03120;  1 drivers
v0000014ddfd787a0_0 .net "a", 0 0, L_0000014ddfd916b0;  1 drivers
v0000014ddfd78980_0 .net "b", 0 0, L_0000014ddfd91890;  1 drivers
v0000014ddfd797e0_0 .net "cin", 0 0, L_0000014ddfd912f0;  1 drivers
v0000014ddfd78840_0 .net "cout", 0 0, L_0000014ddfe02940;  1 drivers
v0000014ddfd782a0_0 .net "sum", 0 0, L_0000014ddfe024e0;  1 drivers
S_0000014ddfd6e7c0 .scope generate, "fa_gen[22]" "fa_gen[22]" 7 16, 7 16 0, S_0000014ddfd681f0;
 .timescale 0 0;
P_0000014ddfc53340 .param/l "i" 0 7 16, +C4<010110>;
S_0000014ddfd6e310 .scope module, "fa" "full_adder" 7 17, 7 31 0, S_0000014ddfd6e7c0;
 .timescale 0 0;
    .port_info 0 /INPUT 1 "a";
    .port_info 1 /INPUT 1 "b";
    .port_info 2 /INPUT 1 "cin";
    .port_info 3 /OUTPUT 1 "sum";
    .port_info 4 /OUTPUT 1 "cout";
L_0000014ddfe029b0 .functor XOR 1, L_0000014ddfd91390, L_0000014ddfd919d0, C4<0>, C4<0>;
L_0000014ddfe037b0 .functor XOR 1, L_0000014ddfe029b0, L_0000014ddfd92dd0, C4<0>, C4<0>;
L_0000014ddfe03890 .functor AND 1, L_0000014ddfd91390, L_0000014ddfd919d0, C4<1>, C4<1>;
L_0000014ddfe02a20 .functor XOR 1, L_0000014ddfd91390, L_0000014ddfd919d0, C4<0>, C4<0>;
L_0000014ddfe026a0 .functor AND 1, L_0000014ddfd92dd0, L_0000014ddfe02a20, C4<1>, C4<1>;
L_0000014ddfe01d00 .functor OR 1, L_0000014ddfe03890, L_0000014ddfe026a0, C4<0>, C4<0>;
v0000014ddfd78340_0 .net *"_ivl_0", 0 0, L_0000014ddfe029b0;  1 drivers
v0000014ddfd7a320_0 .net *"_ivl_4", 0 0, L_0000014ddfe03890;  1 drivers
v0000014ddfd78a20_0 .net *"_ivl_6", 0 0, L_0000014ddfe02a20;  1 drivers
v0000014ddfd78ac0_0 .net *"_ivl_8", 0 0, L_0000014ddfe026a0;  1 drivers
v0000014ddfd78e80_0 .net "a", 0 0, L_0000014ddfd91390;  1 drivers
v0000014ddfd783e0_0 .net "b", 0 0, L_0000014ddfd919d0;  1 drivers
v0000014ddfd78480_0 .net "cin", 0 0, L_0000014ddfd92dd0;  1 drivers
v0000014ddfd78d40_0 .net "cout", 0 0, L_0000014ddfe01d00;  1 drivers
v0000014ddfd785c0_0 .net "sum", 0 0, L_0000014ddfe037b0;  1 drivers
S_0000014ddfd70250 .scope generate, "fa_gen[23]" "fa_gen[23]" 7 16, 7 16 0, S_0000014ddfd681f0;
 .timescale 0 0;
P_0000014ddfc53ac0 .param/l "i" 0 7 16, +C4<010111>;
S_0000014ddfd6e950 .scope module, "fa" "full_adder" 7 17, 7 31 0, S_0000014ddfd70250;
 .timescale 0 0;
    .port_info 0 /INPUT 1 "a";
    .port_info 1 /INPUT 1 "b";
    .port_info 2 /INPUT 1 "cin";
    .port_info 3 /OUTPUT 1 "sum";
    .port_info 4 /OUTPUT 1 "cout";
L_0000014ddfe02160 .functor XOR 1, L_0000014ddfd93370, L_0000014ddfd91a70, C4<0>, C4<0>;
L_0000014ddfe03430 .functor XOR 1, L_0000014ddfe02160, L_0000014ddfd91d90, C4<0>, C4<0>;
L_0000014ddfe020f0 .functor AND 1, L_0000014ddfd93370, L_0000014ddfd91a70, C4<1>, C4<1>;
L_0000014ddfe02e80 .functor XOR 1, L_0000014ddfd93370, L_0000014ddfd91a70, C4<0>, C4<0>;
L_0000014ddfe01de0 .functor AND 1, L_0000014ddfd91d90, L_0000014ddfe02e80, C4<1>, C4<1>;
L_0000014ddfe02e10 .functor OR 1, L_0000014ddfe020f0, L_0000014ddfe01de0, C4<0>, C4<0>;
v0000014ddfd7a5a0_0 .net *"_ivl_0", 0 0, L_0000014ddfe02160;  1 drivers
v0000014ddfd78f20_0 .net *"_ivl_4", 0 0, L_0000014ddfe020f0;  1 drivers
v0000014ddfd79b00_0 .net *"_ivl_6", 0 0, L_0000014ddfe02e80;  1 drivers
v0000014ddfd78700_0 .net *"_ivl_8", 0 0, L_0000014ddfe01de0;  1 drivers
v0000014ddfd794c0_0 .net "a", 0 0, L_0000014ddfd93370;  1 drivers
v0000014ddfd79060_0 .net "b", 0 0, L_0000014ddfd91a70;  1 drivers
v0000014ddfd79100_0 .net "cin", 0 0, L_0000014ddfd91d90;  1 drivers
v0000014ddfd791a0_0 .net "cout", 0 0, L_0000014ddfe02e10;  1 drivers
v0000014ddfd78660_0 .net "sum", 0 0, L_0000014ddfe03430;  1 drivers
S_0000014ddfd6e4a0 .scope generate, "fa_gen[24]" "fa_gen[24]" 7 16, 7 16 0, S_0000014ddfd681f0;
 .timescale 0 0;
P_0000014ddfc534c0 .param/l "i" 0 7 16, +C4<011000>;
S_0000014ddfd6d050 .scope module, "fa" "full_adder" 7 17, 7 31 0, S_0000014ddfd6e4a0;
 .timescale 0 0;
    .port_info 0 /INPUT 1 "a";
    .port_info 1 /INPUT 1 "b";
    .port_info 2 /INPUT 1 "cin";
    .port_info 3 /OUTPUT 1 "sum";
    .port_info 4 /OUTPUT 1 "cout";
L_0000014ddfe021d0 .functor XOR 1, L_0000014ddfd91e30, L_0000014ddfd92290, C4<0>, C4<0>;
L_0000014ddfe02240 .functor XOR 1, L_0000014ddfe021d0, L_0000014ddfd92330, C4<0>, C4<0>;
L_0000014ddfe02400 .functor AND 1, L_0000014ddfd91e30, L_0000014ddfd92290, C4<1>, C4<1>;
L_0000014ddfe02320 .functor XOR 1, L_0000014ddfd91e30, L_0000014ddfd92290, C4<0>, C4<0>;
L_0000014ddfe02390 .functor AND 1, L_0000014ddfd92330, L_0000014ddfe02320, C4<1>, C4<1>;
L_0000014ddfe02a90 .functor OR 1, L_0000014ddfe02400, L_0000014ddfe02390, C4<0>, C4<0>;
v0000014ddfd7a640_0 .net *"_ivl_0", 0 0, L_0000014ddfe021d0;  1 drivers
v0000014ddfd79240_0 .net *"_ivl_4", 0 0, L_0000014ddfe02400;  1 drivers
v0000014ddfd7a780_0 .net *"_ivl_6", 0 0, L_0000014ddfe02320;  1 drivers
v0000014ddfd79560_0 .net *"_ivl_8", 0 0, L_0000014ddfe02390;  1 drivers
v0000014ddfd79600_0 .net "a", 0 0, L_0000014ddfd91e30;  1 drivers
v0000014ddfd796a0_0 .net "b", 0 0, L_0000014ddfd92290;  1 drivers
v0000014ddfd7a000_0 .net "cin", 0 0, L_0000014ddfd92330;  1 drivers
v0000014ddfd78200_0 .net "cout", 0 0, L_0000014ddfe02a90;  1 drivers
v0000014ddfd79740_0 .net "sum", 0 0, L_0000014ddfe02240;  1 drivers
S_0000014ddfd6f760 .scope generate, "fa_gen[25]" "fa_gen[25]" 7 16, 7 16 0, S_0000014ddfd681f0;
 .timescale 0 0;
P_0000014ddfc53500 .param/l "i" 0 7 16, +C4<011001>;
S_0000014ddfd6c880 .scope module, "fa" "full_adder" 7 17, 7 31 0, S_0000014ddfd6f760;
 .timescale 0 0;
    .port_info 0 /INPUT 1 "a";
    .port_info 1 /INPUT 1 "b";
    .port_info 2 /INPUT 1 "cin";
    .port_info 3 /OUTPUT 1 "sum";
    .port_info 4 /OUTPUT 1 "cout";
L_0000014ddfe02710 .functor XOR 1, L_0000014ddfd92650, L_0000014ddfd926f0, C4<0>, C4<0>;
L_0000014ddfe02ef0 .functor XOR 1, L_0000014ddfe02710, L_0000014ddfd92790, C4<0>, C4<0>;
L_0000014ddfe03190 .functor AND 1, L_0000014ddfd92650, L_0000014ddfd926f0, C4<1>, C4<1>;
L_0000014ddfe02470 .functor XOR 1, L_0000014ddfd92650, L_0000014ddfd926f0, C4<0>, C4<0>;
L_0000014ddfe02550 .functor AND 1, L_0000014ddfd92790, L_0000014ddfe02470, C4<1>, C4<1>;
L_0000014ddfe02f60 .functor OR 1, L_0000014ddfe03190, L_0000014ddfe02550, C4<0>, C4<0>;
v0000014ddfd799c0_0 .net *"_ivl_0", 0 0, L_0000014ddfe02710;  1 drivers
v0000014ddfd79880_0 .net *"_ivl_4", 0 0, L_0000014ddfe03190;  1 drivers
v0000014ddfd79a60_0 .net *"_ivl_6", 0 0, L_0000014ddfe02470;  1 drivers
v0000014ddfd79ce0_0 .net *"_ivl_8", 0 0, L_0000014ddfe02550;  1 drivers
v0000014ddfd79ba0_0 .net "a", 0 0, L_0000014ddfd92650;  1 drivers
v0000014ddfd79d80_0 .net "b", 0 0, L_0000014ddfd926f0;  1 drivers
v0000014ddfd79e20_0 .net "cin", 0 0, L_0000014ddfd92790;  1 drivers
v0000014ddfd79f60_0 .net "cout", 0 0, L_0000014ddfe02f60;  1 drivers
v0000014ddfd7a0a0_0 .net "sum", 0 0, L_0000014ddfe02ef0;  1 drivers
S_0000014ddfd6f2b0 .scope generate, "fa_gen[26]" "fa_gen[26]" 7 16, 7 16 0, S_0000014ddfd681f0;
 .timescale 0 0;
P_0000014ddfc53380 .param/l "i" 0 7 16, +C4<011010>;
S_0000014ddfd6ca10 .scope module, "fa" "full_adder" 7 17, 7 31 0, S_0000014ddfd6f2b0;
 .timescale 0 0;
    .port_info 0 /INPUT 1 "a";
    .port_info 1 /INPUT 1 "b";
    .port_info 2 /INPUT 1 "cin";
    .port_info 3 /OUTPUT 1 "sum";
    .port_info 4 /OUTPUT 1 "cout";
L_0000014ddfe02fd0 .functor XOR 1, L_0000014ddfd937d0, L_0000014ddfd92bf0, C4<0>, C4<0>;
L_0000014ddfe02b00 .functor XOR 1, L_0000014ddfe02fd0, L_0000014ddfd92830, C4<0>, C4<0>;
L_0000014ddfe02b70 .functor AND 1, L_0000014ddfd937d0, L_0000014ddfd92bf0, C4<1>, C4<1>;
L_0000014ddfe03040 .functor XOR 1, L_0000014ddfd937d0, L_0000014ddfd92bf0, C4<0>, C4<0>;
L_0000014ddfe02be0 .functor AND 1, L_0000014ddfd92830, L_0000014ddfe03040, C4<1>, C4<1>;
L_0000014ddfe032e0 .functor OR 1, L_0000014ddfe02b70, L_0000014ddfe02be0, C4<0>, C4<0>;
v0000014ddfd7a140_0 .net *"_ivl_0", 0 0, L_0000014ddfe02fd0;  1 drivers
v0000014ddfd7a1e0_0 .net *"_ivl_4", 0 0, L_0000014ddfe02b70;  1 drivers
v0000014ddfd7a6e0_0 .net *"_ivl_6", 0 0, L_0000014ddfe03040;  1 drivers
v0000014ddfd7a820_0 .net *"_ivl_8", 0 0, L_0000014ddfe02be0;  1 drivers
v0000014ddfd7a460_0 .net "a", 0 0, L_0000014ddfd937d0;  1 drivers
v0000014ddfd7c6c0_0 .net "b", 0 0, L_0000014ddfd92bf0;  1 drivers
v0000014ddfd7c9e0_0 .net "cin", 0 0, L_0000014ddfd92830;  1 drivers
v0000014ddfd7c580_0 .net "cout", 0 0, L_0000014ddfe032e0;  1 drivers
v0000014ddfd7bea0_0 .net "sum", 0 0, L_0000014ddfe02b00;  1 drivers
S_0000014ddfd6eae0 .scope generate, "fa_gen[27]" "fa_gen[27]" 7 16, 7 16 0, S_0000014ddfd681f0;
 .timescale 0 0;
P_0000014ddfc53540 .param/l "i" 0 7 16, +C4<011011>;
S_0000014ddfd6d820 .scope module, "fa" "full_adder" 7 17, 7 31 0, S_0000014ddfd6eae0;
 .timescale 0 0;
    .port_info 0 /INPUT 1 "a";
    .port_info 1 /INPUT 1 "b";
    .port_info 2 /INPUT 1 "cin";
    .port_info 3 /OUTPUT 1 "sum";
    .port_info 4 /OUTPUT 1 "cout";
L_0000014ddfe03a50 .functor XOR 1, L_0000014ddfd928d0, L_0000014ddfd92c90, C4<0>, C4<0>;
L_0000014ddfe04460 .functor XOR 1, L_0000014ddfe03a50, L_0000014ddfd93410, C4<0>, C4<0>;
L_0000014ddfe03900 .functor AND 1, L_0000014ddfd928d0, L_0000014ddfd92c90, C4<1>, C4<1>;
L_0000014ddfe04690 .functor XOR 1, L_0000014ddfd928d0, L_0000014ddfd92c90, C4<0>, C4<0>;
L_0000014ddfe04310 .functor AND 1, L_0000014ddfd93410, L_0000014ddfe04690, C4<1>, C4<1>;
L_0000014ddfe03b30 .functor OR 1, L_0000014ddfe03900, L_0000014ddfe04310, C4<0>, C4<0>;
v0000014ddfd7b2c0_0 .net *"_ivl_0", 0 0, L_0000014ddfe03a50;  1 drivers
v0000014ddfd7b400_0 .net *"_ivl_4", 0 0, L_0000014ddfe03900;  1 drivers
v0000014ddfd7d020_0 .net *"_ivl_6", 0 0, L_0000014ddfe04690;  1 drivers
v0000014ddfd7c4e0_0 .net *"_ivl_8", 0 0, L_0000014ddfe04310;  1 drivers
v0000014ddfd7b680_0 .net "a", 0 0, L_0000014ddfd928d0;  1 drivers
v0000014ddfd7b040_0 .net "b", 0 0, L_0000014ddfd92c90;  1 drivers
v0000014ddfd7bf40_0 .net "cin", 0 0, L_0000014ddfd93410;  1 drivers
v0000014ddfd7abe0_0 .net "cout", 0 0, L_0000014ddfe03b30;  1 drivers
v0000014ddfd7b0e0_0 .net "sum", 0 0, L_0000014ddfe04460;  1 drivers
S_0000014ddfd6d1e0 .scope generate, "fa_gen[28]" "fa_gen[28]" 7 16, 7 16 0, S_0000014ddfd681f0;
 .timescale 0 0;
P_0000014ddfc53c00 .param/l "i" 0 7 16, +C4<011100>;
S_0000014ddfd6f440 .scope module, "fa" "full_adder" 7 17, 7 31 0, S_0000014ddfd6d1e0;
 .timescale 0 0;
    .port_info 0 /INPUT 1 "a";
    .port_info 1 /INPUT 1 "b";
    .port_info 2 /INPUT 1 "cin";
    .port_info 3 /OUTPUT 1 "sum";
    .port_info 4 /OUTPUT 1 "cout";
L_0000014ddfe03c10 .functor XOR 1, L_0000014ddfd93050, L_0000014ddfd92e70, C4<0>, C4<0>;
L_0000014ddfe04230 .functor XOR 1, L_0000014ddfe03c10, L_0000014ddfd92fb0, C4<0>, C4<0>;
L_0000014ddfe03dd0 .functor AND 1, L_0000014ddfd93050, L_0000014ddfd92e70, C4<1>, C4<1>;
L_0000014ddfe039e0 .functor XOR 1, L_0000014ddfd93050, L_0000014ddfd92e70, C4<0>, C4<0>;
L_0000014ddfe03c80 .functor AND 1, L_0000014ddfd92fb0, L_0000014ddfe039e0, C4<1>, C4<1>;
L_0000014ddfe045b0 .functor OR 1, L_0000014ddfe03dd0, L_0000014ddfe03c80, C4<0>, C4<0>;
v0000014ddfd7ac80_0 .net *"_ivl_0", 0 0, L_0000014ddfe03c10;  1 drivers
v0000014ddfd7a8c0_0 .net *"_ivl_4", 0 0, L_0000014ddfe03dd0;  1 drivers
v0000014ddfd7c800_0 .net *"_ivl_6", 0 0, L_0000014ddfe039e0;  1 drivers
v0000014ddfd7c8a0_0 .net *"_ivl_8", 0 0, L_0000014ddfe03c80;  1 drivers
v0000014ddfd7c760_0 .net "a", 0 0, L_0000014ddfd93050;  1 drivers
v0000014ddfd7b180_0 .net "b", 0 0, L_0000014ddfd92e70;  1 drivers
v0000014ddfd7cb20_0 .net "cin", 0 0, L_0000014ddfd92fb0;  1 drivers
v0000014ddfd7ca80_0 .net "cout", 0 0, L_0000014ddfe045b0;  1 drivers
v0000014ddfd7b720_0 .net "sum", 0 0, L_0000014ddfe04230;  1 drivers
S_0000014ddfd6f5d0 .scope generate, "fa_gen[29]" "fa_gen[29]" 7 16, 7 16 0, S_0000014ddfd681f0;
 .timescale 0 0;
P_0000014ddfc53100 .param/l "i" 0 7 16, +C4<011101>;
S_0000014ddfd6db40 .scope module, "fa" "full_adder" 7 17, 7 31 0, S_0000014ddfd6f5d0;
 .timescale 0 0;
    .port_info 0 /INPUT 1 "a";
    .port_info 1 /INPUT 1 "b";
    .port_info 2 /INPUT 1 "cin";
    .port_info 3 /OUTPUT 1 "sum";
    .port_info 4 /OUTPUT 1 "cout";
L_0000014ddfe04000 .functor XOR 1, L_0000014ddfd93190, L_0000014ddfd93230, C4<0>, C4<0>;
L_0000014ddfe03ac0 .functor XOR 1, L_0000014ddfe04000, L_0000014ddfd932d0, C4<0>, C4<0>;
L_0000014ddfe04620 .functor AND 1, L_0000014ddfd93190, L_0000014ddfd93230, C4<1>, C4<1>;
L_0000014ddfe047e0 .functor XOR 1, L_0000014ddfd93190, L_0000014ddfd93230, C4<0>, C4<0>;
L_0000014ddfe04700 .functor AND 1, L_0000014ddfd932d0, L_0000014ddfe047e0, C4<1>, C4<1>;
L_0000014ddfe03ba0 .functor OR 1, L_0000014ddfe04620, L_0000014ddfe04700, C4<0>, C4<0>;
v0000014ddfd7b860_0 .net *"_ivl_0", 0 0, L_0000014ddfe04000;  1 drivers
v0000014ddfd7a960_0 .net *"_ivl_4", 0 0, L_0000014ddfe04620;  1 drivers
v0000014ddfd7afa0_0 .net *"_ivl_6", 0 0, L_0000014ddfe047e0;  1 drivers
v0000014ddfd7ad20_0 .net *"_ivl_8", 0 0, L_0000014ddfe04700;  1 drivers
v0000014ddfd7bfe0_0 .net "a", 0 0, L_0000014ddfd93190;  1 drivers
v0000014ddfd7adc0_0 .net "b", 0 0, L_0000014ddfd93230;  1 drivers
v0000014ddfd7c1c0_0 .net "cin", 0 0, L_0000014ddfd932d0;  1 drivers
v0000014ddfd7c940_0 .net "cout", 0 0, L_0000014ddfe03ba0;  1 drivers
v0000014ddfd7cbc0_0 .net "sum", 0 0, L_0000014ddfe03ac0;  1 drivers
S_0000014ddfd6dcd0 .scope generate, "fa_gen[30]" "fa_gen[30]" 7 16, 7 16 0, S_0000014ddfd681f0;
 .timescale 0 0;
P_0000014ddfc53580 .param/l "i" 0 7 16, +C4<011110>;
S_0000014ddfd83aa0 .scope module, "fa" "full_adder" 7 17, 7 31 0, S_0000014ddfd6dcd0;
 .timescale 0 0;
    .port_info 0 /INPUT 1 "a";
    .port_info 1 /INPUT 1 "b";
    .port_info 2 /INPUT 1 "cin";
    .port_info 3 /OUTPUT 1 "sum";
    .port_info 4 /OUTPUT 1 "cout";
L_0000014ddfe04070 .functor XOR 1, L_0000014ddfd934b0, L_0000014ddfd93550, C4<0>, C4<0>;
L_0000014ddfe04380 .functor XOR 1, L_0000014ddfe04070, L_0000014ddfd935f0, C4<0>, C4<0>;
L_0000014ddfe042a0 .functor AND 1, L_0000014ddfd934b0, L_0000014ddfd93550, C4<1>, C4<1>;
L_0000014ddfe03eb0 .functor XOR 1, L_0000014ddfd934b0, L_0000014ddfd93550, C4<0>, C4<0>;
L_0000014ddfe041c0 .functor AND 1, L_0000014ddfd935f0, L_0000014ddfe03eb0, C4<1>, C4<1>;
L_0000014ddfe044d0 .functor OR 1, L_0000014ddfe042a0, L_0000014ddfe041c0, C4<0>, C4<0>;
v0000014ddfd7cc60_0 .net *"_ivl_0", 0 0, L_0000014ddfe04070;  1 drivers
v0000014ddfd7af00_0 .net *"_ivl_4", 0 0, L_0000014ddfe042a0;  1 drivers
v0000014ddfd7ae60_0 .net *"_ivl_6", 0 0, L_0000014ddfe03eb0;  1 drivers
v0000014ddfd7aa00_0 .net *"_ivl_8", 0 0, L_0000014ddfe041c0;  1 drivers
v0000014ddfd7cd00_0 .net "a", 0 0, L_0000014ddfd934b0;  1 drivers
v0000014ddfd7cda0_0 .net "b", 0 0, L_0000014ddfd93550;  1 drivers
v0000014ddfd7b4a0_0 .net "cin", 0 0, L_0000014ddfd935f0;  1 drivers
v0000014ddfd7c260_0 .net "cout", 0 0, L_0000014ddfe044d0;  1 drivers
v0000014ddfd7b5e0_0 .net "sum", 0 0, L_0000014ddfe04380;  1 drivers
S_0000014ddfd81840 .scope generate, "fa_gen[31]" "fa_gen[31]" 7 16, 7 16 0, S_0000014ddfd681f0;
 .timescale 0 0;
P_0000014ddfc531c0 .param/l "i" 0 7 16, +C4<011111>;
S_0000014ddfd80d50 .scope module, "fa" "full_adder" 7 17, 7 31 0, S_0000014ddfd81840;
 .timescale 0 0;
    .port_info 0 /INPUT 1 "a";
    .port_info 1 /INPUT 1 "b";
    .port_info 2 /INPUT 1 "cin";
    .port_info 3 /OUTPUT 1 "sum";
    .port_info 4 /OUTPUT 1 "cout";
L_0000014ddfe043f0 .functor XOR 1, L_0000014ddfd93ff0, L_0000014ddfd95170, C4<0>, C4<0>;
L_0000014ddfe03cf0 .functor XOR 1, L_0000014ddfe043f0, L_0000014ddfd95c10, C4<0>, C4<0>;
L_0000014ddfe04540 .functor AND 1, L_0000014ddfd93ff0, L_0000014ddfd95170, C4<1>, C4<1>;
L_0000014ddfe04770 .functor XOR 1, L_0000014ddfd93ff0, L_0000014ddfd95170, C4<0>, C4<0>;
L_0000014ddfe03970 .functor AND 1, L_0000014ddfd95c10, L_0000014ddfe04770, C4<1>, C4<1>;
L_0000014ddfe03d60 .functor OR 1, L_0000014ddfe04540, L_0000014ddfe03970, C4<0>, C4<0>;
v0000014ddfd7bc20_0 .net *"_ivl_0", 0 0, L_0000014ddfe043f0;  1 drivers
v0000014ddfd7ce40_0 .net *"_ivl_4", 0 0, L_0000014ddfe04540;  1 drivers
v0000014ddfd7bcc0_0 .net *"_ivl_6", 0 0, L_0000014ddfe04770;  1 drivers
v0000014ddfd7aaa0_0 .net *"_ivl_8", 0 0, L_0000014ddfe03970;  1 drivers
v0000014ddfd7c080_0 .net "a", 0 0, L_0000014ddfd93ff0;  1 drivers
v0000014ddfd7b220_0 .net "b", 0 0, L_0000014ddfd95170;  1 drivers
v0000014ddfd7b360_0 .net "cin", 0 0, L_0000014ddfd95c10;  1 drivers
v0000014ddfd7cee0_0 .net "cout", 0 0, L_0000014ddfe03d60;  1 drivers
v0000014ddfd7b540_0 .net "sum", 0 0, L_0000014ddfe03cf0;  1 drivers
S_0000014ddfd81390 .scope module, "Y" "reg32" 13 41, 14 2 0, S_0000014ddfd6b580;
 .timescale 0 0;
    .port_info 0 /INPUT 1 "clk";
    .port_info 1 /INPUT 1 "reset";
    .port_info 2 /INPUT 1 "en";
    .port_info 3 /INPUT 32 "d_in";
    .port_info 4 /OUTPUT 32 "d_out";
v0000014ddfd7d8e0_0 .net "clk", 0 0, v0000014ddfd8cbb0_0;  alias, 1 drivers
v0000014ddfd7e1a0_0 .net "d_in", 31 0, v0000014ddfd547a0_0;  alias, 1 drivers
v0000014ddfd7d200_0 .var "d_out", 31 0;
v0000014ddfd7d340_0 .net "en", 0 0, v0000014ddfd8e910_0;  alias, 1 drivers
v0000014ddfd7da20_0 .net "reset", 0 0, v0000014ddfd8f6d0_0;  alias, 1 drivers
S_0000014ddfd81e80 .scope module, "ZHIGH" "reg32" 13 49, 14 2 0, S_0000014ddfd6b580;
 .timescale 0 0;
    .port_info 0 /INPUT 1 "clk";
    .port_info 1 /INPUT 1 "reset";
    .port_info 2 /INPUT 1 "en";
    .port_info 3 /INPUT 32 "d_in";
    .port_info 4 /OUTPUT 32 "d_out";
v0000014ddfd7ea60_0 .net "clk", 0 0, v0000014ddfd8cbb0_0;  alias, 1 drivers
v0000014ddfd7ece0_0 .net "d_in", 31 0, v0000014ddfd547a0_0;  alias, 1 drivers
v0000014ddfd7e380_0 .var "d_out", 31 0;
v0000014ddfd7eba0_0 .net "en", 0 0, L_0000014ddfda4950;  alias, 1 drivers
v0000014ddfd7e740_0 .net "reset", 0 0, v0000014ddfd8f6d0_0;  alias, 1 drivers
S_0000014ddfd82fb0 .scope module, "ZLOW" "reg32" 13 57, 14 2 0, S_0000014ddfd6b580;
 .timescale 0 0;
    .port_info 0 /INPUT 1 "clk";
    .port_info 1 /INPUT 1 "reset";
    .port_info 2 /INPUT 1 "en";
    .port_info 3 /INPUT 32 "d_in";
    .port_info 4 /OUTPUT 32 "d_out";
v0000014ddfd7d520_0 .net "clk", 0 0, v0000014ddfd8cbb0_0;  alias, 1 drivers
v0000014ddfd7d660_0 .net "d_in", 31 0, v0000014ddfd547a0_0;  alias, 1 drivers
v0000014ddfd7e920_0 .var "d_out", 31 0;
v0000014ddfd7d5c0_0 .net "en", 0 0, L_0000014ddfda4998;  alias, 1 drivers
v0000014ddfd7dc00_0 .net "reset", 0 0, v0000014ddfd8f6d0_0;  alias, 1 drivers
S_0000014ddfd80ee0 .scope module, "mdr_inst" "mdr" 3 131, 16 2 0, S_0000014ddfc96330;
 .timescale 0 0;
    .port_info 0 /INPUT 1 "clk";
    .port_info 1 /INPUT 1 "reset";
    .port_info 2 /INPUT 1 "MDRin";
    .port_info 3 /INPUT 1 "Read";
    .port_info 4 /INPUT 32 "BusMuxOut";
    .port_info 5 /INPUT 32 "Mdatain";
    .port_info 6 /OUTPUT 32 "MDR_val";
v0000014ddfd7e060_0 .net "BusMuxOut", 31 0, v0000014ddfd547a0_0;  alias, 1 drivers
v0000014ddfd7f140_0 .var "MDR_val", 31 0;
v0000014ddfd7f280_0 .net "MDRin", 0 0, v0000014ddfd8d290_0;  alias, 1 drivers
v0000014ddfd7d2a0_0 .net "Mdatain", 31 0, L_0000014ddfd94bd0;  alias, 1 drivers
v0000014ddfd7f6e0_0 .net "Read", 0 0, v0000014ddfd8d0b0_0;  alias, 1 drivers
v0000014ddfd7f3c0_0 .net "clk", 0 0, v0000014ddfd8cbb0_0;  alias, 1 drivers
v0000014ddfd7f500_0 .net "reset", 0 0, v0000014ddfd8f6d0_0;  alias, 1 drivers
S_0000014ddfd84590 .scope module, "mux_encoder_inst" "mux_encoder" 3 175, 11 66 0, S_0000014ddfc96330;
 .timescale 0 0;
    .port_info 0 /INPUT 16 "Rout_decoded";
    .port_info 1 /INPUT 5 "other_sel";
    .port_info 2 /OUTPUT 5 "mux_sel";
v0000014ddfd7dd40_0 .net "Rout_decoded", 15 0, L_0000014ddfe04150;  alias, 1 drivers
v0000014ddfd7f780_0 .var "mux_sel", 4 0;
v0000014ddfd7f320_0 .net "other_sel", 4 0, v0000014ddfd8d650_0;  alias, 1 drivers
E_0000014ddfc54000 .event anyedge, v0000014ddfd7dd40_0, v0000014ddfd7f320_0;
S_0000014ddfd835f0 .scope module, "outport_inst" "outport" 3 197, 12 1 0, S_0000014ddfc96330;
 .timescale 0 0;
    .port_info 0 /INPUT 1 "clk";
    .port_info 1 /INPUT 1 "reset";
    .port_info 2 /INPUT 1 "outport_in";
    .port_info 3 /INPUT 32 "BusMuxOut";
    .port_info 4 /OUTPUT 32 "outport_val";
v0000014ddfd7d7a0_0 .net "BusMuxOut", 31 0, v0000014ddfd547a0_0;  alias, 1 drivers
v0000014ddfd7d980_0 .net "clk", 0 0, v0000014ddfd8cbb0_0;  alias, 1 drivers
v0000014ddfd7e9c0_0 .net "outport_in", 0 0, v0000014ddfd8f090_0;  alias, 1 drivers
v0000014ddfd7dac0_0 .var "outport_val", 31 0;
v0000014ddfd7f640_0 .net "reset", 0 0, v0000014ddfd8f6d0_0;  alias, 1 drivers
S_0000014ddfd81200 .scope module, "ram_inst" "ram" 3 143, 17 5 0, S_0000014ddfc96330;
 .timescale 0 0;
    .port_info 0 /INPUT 1 "clk";
    .port_info 1 /INPUT 1 "ram_read";
    .port_info 2 /INPUT 1 "ram_en";
    .port_info 3 /INPUT 9 "ram_addr";
    .port_info 4 /INPUT 32 "ram_in";
    .port_info 5 /OUTPUT 32 "ram_val";
L_0000014ddfe03f20 .functor AND 1, v0000014ddfd90d50_0, v0000014ddfd8d0b0_0, C4<1>, C4<1>;
v0000014ddfd7dca0_0 .net *"_ivl_1", 0 0, L_0000014ddfe03f20;  1 drivers
v0000014ddfd7e100_0 .net *"_ivl_2", 31 0, L_0000014ddfd95cb0;  1 drivers
v0000014ddfd7f820_0 .net *"_ivl_4", 10 0, L_0000014ddfd94770;  1 drivers
L_0000014ddfda49e0 .functor BUFT 1, C4<00>, C4<0>, C4<0>, C4<0>;
v0000014ddfd7e240_0 .net *"_ivl_7", 1 0, L_0000014ddfda49e0;  1 drivers
L_0000014ddfda4a28 .functor BUFT 1, C4<00000000000000000000000000000000>, C4<0>, C4<0>, C4<0>;
v0000014ddfd7e420_0 .net/2u *"_ivl_8", 31 0, L_0000014ddfda4a28;  1 drivers
v0000014ddfd7e4c0_0 .net "clk", 0 0, v0000014ddfd8cbb0_0;  alias, 1 drivers
v0000014ddfd7e600_0 .var/i "i", 31 0;
v0000014ddfd7d160 .array "mem", 511 0, 31 0;
v0000014ddfd7e6a0_0 .net "ram_addr", 8 0, L_0000014ddfd94450;  1 drivers
v0000014ddfd7e7e0_0 .net "ram_en", 0 0, v0000014ddfd90d50_0;  alias, 1 drivers
v0000014ddfd7e880_0 .net "ram_in", 31 0, v0000014ddfd547a0_0;  alias, 1 drivers
v0000014ddfd7eb00_0 .net "ram_read", 0 0, v0000014ddfd8d0b0_0;  alias, 1 drivers
v0000014ddfd7ed80_0 .net "ram_val", 31 0, L_0000014ddfd94bd0;  alias, 1 drivers
L_0000014ddfd95cb0 .array/port v0000014ddfd7d160, L_0000014ddfd94770;
L_0000014ddfd94770 .concat [ 9 2 0 0], L_0000014ddfd94450, L_0000014ddfda49e0;
L_0000014ddfd94bd0 .functor MUXZ 32, L_0000014ddfda4a28, L_0000014ddfd95cb0, L_0000014ddfe03f20, C4<>;
S_0000014ddfd84400 .scope module, "rf" "regfile16" 3 96, 14 40 0, S_0000014ddfc96330;
 .timescale 0 0;
    .port_info 0 /INPUT 1 "clk";
    .port_info 1 /INPUT 1 "reset";
    .port_info 2 /INPUT 1 "r0_zeroes";
    .port_info 3 /INPUT 16 "rin";
    .port_info 4 /INPUT 32 "bus";
    .port_info 5 /OUTPUT 32 "r0_out";
    .port_info 6 /OUTPUT 32 "r1_out";
    .port_info 7 /OUTPUT 32 "r2_out";
    .port_info 8 /OUTPUT 32 "r3_out";
    .port_info 9 /OUTPUT 32 "r4_out";
    .port_info 10 /OUTPUT 32 "r5_out";
    .port_info 11 /OUTPUT 32 "r6_out";
    .port_info 12 /OUTPUT 32 "r7_out";
    .port_info 13 /OUTPUT 32 "r8_out";
    .port_info 14 /OUTPUT 32 "r9_out";
    .port_info 15 /OUTPUT 32 "r10_out";
    .port_info 16 /OUTPUT 32 "r11_out";
    .port_info 17 /OUTPUT 32 "r12_out";
    .port_info 18 /OUTPUT 32 "r13_out";
    .port_info 19 /OUTPUT 32 "r14_out";
    .port_info 20 /OUTPUT 32 "r15_out";
v0000014ddfd71900_0 .net "bus", 31 0, v0000014ddfd547a0_0;  alias, 1 drivers
v0000014ddfd72260_0 .net "clk", 0 0, v0000014ddfd8cbb0_0;  alias, 1 drivers
v0000014ddfd719a0_0 .net "r0_out", 31 0, L_0000014ddfd8e9b0;  alias, 1 drivers
v0000014ddfd71e00_0 .net "r0_zeroes", 0 0, L_0000014ddfdfd850;  alias, 1 drivers
v0000014ddfd72080_0 .net "r10_out", 31 0, v0000014ddfd800e0_0;  alias, 1 drivers
v0000014ddfd72300_0 .net "r11_out", 31 0, v0000014ddfd7f8c0_0;  alias, 1 drivers
v0000014ddfd73c00_0 .net "r12_out", 31 0, v0000014ddfd70be0_0;  alias, 1 drivers
v0000014ddfd74ba0_0 .net "r13_out", 31 0, v0000014ddfd71180_0;  alias, 1 drivers
v0000014ddfd75500_0 .net "r14_out", 31 0, v0000014ddfd723a0_0;  alias, 1 drivers
v0000014ddfd75780_0 .net "r15_out", 31 0, v0000014ddfd72440_0;  alias, 1 drivers
v0000014ddfd746a0_0 .net "r1_out", 31 0, v0000014ddfd80220_0;  alias, 1 drivers
v0000014ddfd755a0_0 .net "r2_out", 31 0, v0000014ddfd728a0_0;  alias, 1 drivers
v0000014ddfd73a20_0 .net "r3_out", 31 0, v0000014ddfd72760_0;  alias, 1 drivers
v0000014ddfd742e0_0 .net "r4_out", 31 0, v0000014ddfd73020_0;  alias, 1 drivers
v0000014ddfd75640_0 .net "r5_out", 31 0, v0000014ddfd72620_0;  alias, 1 drivers
v0000014ddfd75820_0 .net "r6_out", 31 0, v0000014ddfd70a00_0;  alias, 1 drivers
v0000014ddfd74ec0_0 .net "r7_out", 31 0, v0000014ddfd72d00_0;  alias, 1 drivers
v0000014ddfd73700_0 .net "r8_out", 31 0, v0000014ddfd71680_0;  alias, 1 drivers
v0000014ddfd733e0_0 .net "r9_out", 31 0, v0000014ddfd70f00_0;  alias, 1 drivers
v0000014ddfd74c40_0 .net "reset", 0 0, v0000014ddfd8f6d0_0;  alias, 1 drivers
v0000014ddfd730c0_0 .net "rin", 15 0, L_0000014ddfe040e0;  alias, 1 drivers
L_0000014ddfd8fdb0 .part L_0000014ddfe040e0, 0, 1;
L_0000014ddfd8fc70 .part L_0000014ddfe040e0, 1, 1;
L_0000014ddfd8f130 .part L_0000014ddfe040e0, 2, 1;
L_0000014ddfd8eaf0 .part L_0000014ddfe040e0, 3, 1;
L_0000014ddfd8f770 .part L_0000014ddfe040e0, 4, 1;
L_0000014ddfd90170 .part L_0000014ddfe040e0, 5, 1;
L_0000014ddfd8f9f0 .part L_0000014ddfe040e0, 6, 1;
L_0000014ddfd8f810 .part L_0000014ddfe040e0, 7, 1;
L_0000014ddfd8fd10 .part L_0000014ddfe040e0, 8, 1;
L_0000014ddfd90df0 .part L_0000014ddfe040e0, 9, 1;
L_0000014ddfd90490 .part L_0000014ddfe040e0, 10, 1;
L_0000014ddfd8f3b0 .part L_0000014ddfe040e0, 11, 1;
L_0000014ddfd8eb90 .part L_0000014ddfe040e0, 12, 1;
L_0000014ddfd90ad0 .part L_0000014ddfe040e0, 13, 1;
L_0000014ddfd8ecd0 .part L_0000014ddfe040e0, 14, 1;
L_0000014ddfd90f30 .part L_0000014ddfe040e0, 15, 1;
S_0000014ddfd83f50 .scope module, "r0" "reg32_r0" 14 65, 14 19 0, S_0000014ddfd84400;
 .timescale 0 0;
    .port_info 0 /INPUT 1 "clk";
    .port_info 1 /INPUT 1 "reset";
    .port_info 2 /INPUT 1 "en";
    .port_info 3 /INPUT 1 "r0_zeroes";
    .port_info 4 /INPUT 32 "d_in";
    .port_info 5 /OUTPUT 32 "d_out";
L_0000014ddfda4878 .functor BUFT 1, C4<00000000000000000000000000000000>, C4<0>, C4<0>, C4<0>;
v0000014ddfd7ee20_0 .net/2u *"_ivl_0", 31 0, L_0000014ddfda4878;  1 drivers
v0000014ddfd80360_0 .net "clk", 0 0, v0000014ddfd8cbb0_0;  alias, 1 drivers
v0000014ddfd80400_0 .var "d", 31 0;
v0000014ddfd7ffa0_0 .net "d_in", 31 0, v0000014ddfd547a0_0;  alias, 1 drivers
v0000014ddfd7fd20_0 .net "d_out", 31 0, L_0000014ddfd8e9b0;  alias, 1 drivers
v0000014ddfd80720_0 .net "en", 0 0, L_0000014ddfd8fdb0;  1 drivers
v0000014ddfd80680_0 .net "r0_zeroes", 0 0, L_0000014ddfdfd850;  alias, 1 drivers
v0000014ddfd804a0_0 .net "reset", 0 0, v0000014ddfd8f6d0_0;  alias, 1 drivers
L_0000014ddfd8e9b0 .functor MUXZ 32, v0000014ddfd80400_0, L_0000014ddfda4878, L_0000014ddfdfd850, C4<>;
S_0000014ddfd83780 .scope module, "r1" "reg32" 14 73, 14 2 0, S_0000014ddfd84400;
 .timescale 0 0;
    .port_info 0 /INPUT 1 "clk";
    .port_info 1 /INPUT 1 "reset";
    .port_info 2 /INPUT 1 "en";
    .port_info 3 /INPUT 32 "d_in";
    .port_info 4 /OUTPUT 32 "d_out";
v0000014ddfd7faa0_0 .net "clk", 0 0, v0000014ddfd8cbb0_0;  alias, 1 drivers
v0000014ddfd80540_0 .net "d_in", 31 0, v0000014ddfd547a0_0;  alias, 1 drivers
v0000014ddfd80220_0 .var "d_out", 31 0;
v0000014ddfd7fb40_0 .net "en", 0 0, L_0000014ddfd8fc70;  1 drivers
v0000014ddfd805e0_0 .net "reset", 0 0, v0000014ddfd8f6d0_0;  alias, 1 drivers
S_0000014ddfd81520 .scope module, "r10" "reg32" 14 136, 14 2 0, S_0000014ddfd84400;
 .timescale 0 0;
    .port_info 0 /INPUT 1 "clk";
    .port_info 1 /INPUT 1 "reset";
    .port_info 2 /INPUT 1 "en";
    .port_info 3 /INPUT 32 "d_in";
    .port_info 4 /OUTPUT 32 "d_out";
v0000014ddfd80180_0 .net "clk", 0 0, v0000014ddfd8cbb0_0;  alias, 1 drivers
v0000014ddfd7fbe0_0 .net "d_in", 31 0, v0000014ddfd547a0_0;  alias, 1 drivers
v0000014ddfd800e0_0 .var "d_out", 31 0;
v0000014ddfd7fc80_0 .net "en", 0 0, L_0000014ddfd90490;  1 drivers
v0000014ddfd802c0_0 .net "reset", 0 0, v0000014ddfd8f6d0_0;  alias, 1 drivers
S_0000014ddfd819d0 .scope module, "r11" "reg32" 14 143, 14 2 0, S_0000014ddfd84400;
 .timescale 0 0;
    .port_info 0 /INPUT 1 "clk";
    .port_info 1 /INPUT 1 "reset";
    .port_info 2 /INPUT 1 "en";
    .port_info 3 /INPUT 32 "d_in";
    .port_info 4 /OUTPUT 32 "d_out";
v0000014ddfd7fdc0_0 .net "clk", 0 0, v0000014ddfd8cbb0_0;  alias, 1 drivers
v0000014ddfd7f960_0 .net "d_in", 31 0, v0000014ddfd547a0_0;  alias, 1 drivers
v0000014ddfd7f8c0_0 .var "d_out", 31 0;
v0000014ddfd7fa00_0 .net "en", 0 0, L_0000014ddfd8f3b0;  1 drivers
v0000014ddfd7fe60_0 .net "reset", 0 0, v0000014ddfd8f6d0_0;  alias, 1 drivers
S_0000014ddfd80a30 .scope module, "r12" "reg32" 14 150, 14 2 0, S_0000014ddfd84400;
 .timescale 0 0;
    .port_info 0 /INPUT 1 "clk";
    .port_info 1 /INPUT 1 "reset";
    .port_info 2 /INPUT 1 "en";
    .port_info 3 /INPUT 32 "d_in";
    .port_info 4 /OUTPUT 32 "d_out";
v0000014ddfd7ff00_0 .net "clk", 0 0, v0000014ddfd8cbb0_0;  alias, 1 drivers
v0000014ddfd80040_0 .net "d_in", 31 0, v0000014ddfd547a0_0;  alias, 1 drivers
v0000014ddfd70be0_0 .var "d_out", 31 0;
v0000014ddfd721c0_0 .net "en", 0 0, L_0000014ddfd8eb90;  1 drivers
v0000014ddfd72940_0 .net "reset", 0 0, v0000014ddfd8f6d0_0;  alias, 1 drivers
S_0000014ddfd80bc0 .scope module, "r13" "reg32" 14 157, 14 2 0, S_0000014ddfd84400;
 .timescale 0 0;
    .port_info 0 /INPUT 1 "clk";
    .port_info 1 /INPUT 1 "reset";
    .port_info 2 /INPUT 1 "en";
    .port_info 3 /INPUT 32 "d_in";
    .port_info 4 /OUTPUT 32 "d_out";
v0000014ddfd72da0_0 .net "clk", 0 0, v0000014ddfd8cbb0_0;  alias, 1 drivers
v0000014ddfd72580_0 .net "d_in", 31 0, v0000014ddfd547a0_0;  alias, 1 drivers
v0000014ddfd71180_0 .var "d_out", 31 0;
v0000014ddfd70c80_0 .net "en", 0 0, L_0000014ddfd90ad0;  1 drivers
v0000014ddfd72e40_0 .net "reset", 0 0, v0000014ddfd8f6d0_0;  alias, 1 drivers
S_0000014ddfd82e20 .scope module, "r14" "reg32" 14 164, 14 2 0, S_0000014ddfd84400;
 .timescale 0 0;
    .port_info 0 /INPUT 1 "clk";
    .port_info 1 /INPUT 1 "reset";
    .port_info 2 /INPUT 1 "en";
    .port_info 3 /INPUT 32 "d_in";
    .port_info 4 /OUTPUT 32 "d_out";
v0000014ddfd70dc0_0 .net "clk", 0 0, v0000014ddfd8cbb0_0;  alias, 1 drivers
v0000014ddfd71400_0 .net "d_in", 31 0, v0000014ddfd547a0_0;  alias, 1 drivers
v0000014ddfd723a0_0 .var "d_out", 31 0;
v0000014ddfd71040_0 .net "en", 0 0, L_0000014ddfd8ecd0;  1 drivers
v0000014ddfd708c0_0 .net "reset", 0 0, v0000014ddfd8f6d0_0;  alias, 1 drivers
S_0000014ddfd816b0 .scope module, "r15" "reg32" 14 171, 14 2 0, S_0000014ddfd84400;
 .timescale 0 0;
    .port_info 0 /INPUT 1 "clk";
    .port_info 1 /INPUT 1 "reset";
    .port_info 2 /INPUT 1 "en";
    .port_info 3 /INPUT 32 "d_in";
    .port_info 4 /OUTPUT 32 "d_out";
v0000014ddfd71b80_0 .net "clk", 0 0, v0000014ddfd8cbb0_0;  alias, 1 drivers
v0000014ddfd714a0_0 .net "d_in", 31 0, v0000014ddfd547a0_0;  alias, 1 drivers
v0000014ddfd72440_0 .var "d_out", 31 0;
v0000014ddfd72120_0 .net "en", 0 0, L_0000014ddfd90f30;  1 drivers
v0000014ddfd71c20_0 .net "reset", 0 0, v0000014ddfd8f6d0_0;  alias, 1 drivers
S_0000014ddfd83910 .scope module, "r2" "reg32" 14 80, 14 2 0, S_0000014ddfd84400;
 .timescale 0 0;
    .port_info 0 /INPUT 1 "clk";
    .port_info 1 /INPUT 1 "reset";
    .port_info 2 /INPUT 1 "en";
    .port_info 3 /INPUT 32 "d_in";
    .port_info 4 /OUTPUT 32 "d_out";
v0000014ddfd717c0_0 .net "clk", 0 0, v0000014ddfd8cbb0_0;  alias, 1 drivers
v0000014ddfd729e0_0 .net "d_in", 31 0, v0000014ddfd547a0_0;  alias, 1 drivers
v0000014ddfd728a0_0 .var "d_out", 31 0;
v0000014ddfd710e0_0 .net "en", 0 0, L_0000014ddfd8f130;  1 drivers
v0000014ddfd71220_0 .net "reset", 0 0, v0000014ddfd8f6d0_0;  alias, 1 drivers
S_0000014ddfd83460 .scope module, "r3" "reg32" 14 87, 14 2 0, S_0000014ddfd84400;
 .timescale 0 0;
    .port_info 0 /INPUT 1 "clk";
    .port_info 1 /INPUT 1 "reset";
    .port_info 2 /INPUT 1 "en";
    .port_info 3 /INPUT 32 "d_in";
    .port_info 4 /OUTPUT 32 "d_out";
v0000014ddfd724e0_0 .net "clk", 0 0, v0000014ddfd8cbb0_0;  alias, 1 drivers
v0000014ddfd71860_0 .net "d_in", 31 0, v0000014ddfd547a0_0;  alias, 1 drivers
v0000014ddfd72760_0 .var "d_out", 31 0;
v0000014ddfd72a80_0 .net "en", 0 0, L_0000014ddfd8eaf0;  1 drivers
v0000014ddfd72ee0_0 .net "reset", 0 0, v0000014ddfd8f6d0_0;  alias, 1 drivers
S_0000014ddfd840e0 .scope module, "r4" "reg32" 14 94, 14 2 0, S_0000014ddfd84400;
 .timescale 0 0;
    .port_info 0 /INPUT 1 "clk";
    .port_info 1 /INPUT 1 "reset";
    .port_info 2 /INPUT 1 "en";
    .port_info 3 /INPUT 32 "d_in";
    .port_info 4 /OUTPUT 32 "d_out";
v0000014ddfd71ae0_0 .net "clk", 0 0, v0000014ddfd8cbb0_0;  alias, 1 drivers
v0000014ddfd72bc0_0 .net "d_in", 31 0, v0000014ddfd547a0_0;  alias, 1 drivers
v0000014ddfd73020_0 .var "d_out", 31 0;
v0000014ddfd72f80_0 .net "en", 0 0, L_0000014ddfd8f770;  1 drivers
v0000014ddfd70960_0 .net "reset", 0 0, v0000014ddfd8f6d0_0;  alias, 1 drivers
S_0000014ddfd83140 .scope module, "r5" "reg32" 14 101, 14 2 0, S_0000014ddfd84400;
 .timescale 0 0;
    .port_info 0 /INPUT 1 "clk";
    .port_info 1 /INPUT 1 "reset";
    .port_info 2 /INPUT 1 "en";
    .port_info 3 /INPUT 32 "d_in";
    .port_info 4 /OUTPUT 32 "d_out";
v0000014ddfd70d20_0 .net "clk", 0 0, v0000014ddfd8cbb0_0;  alias, 1 drivers
v0000014ddfd72800_0 .net "d_in", 31 0, v0000014ddfd547a0_0;  alias, 1 drivers
v0000014ddfd72620_0 .var "d_out", 31 0;
v0000014ddfd72b20_0 .net "en", 0 0, L_0000014ddfd90170;  1 drivers
v0000014ddfd71f40_0 .net "reset", 0 0, v0000014ddfd8f6d0_0;  alias, 1 drivers
S_0000014ddfd81070 .scope module, "r6" "reg32" 14 108, 14 2 0, S_0000014ddfd84400;
 .timescale 0 0;
    .port_info 0 /INPUT 1 "clk";
    .port_info 1 /INPUT 1 "reset";
    .port_info 2 /INPUT 1 "en";
    .port_info 3 /INPUT 32 "d_in";
    .port_info 4 /OUTPUT 32 "d_out";
v0000014ddfd726c0_0 .net "clk", 0 0, v0000014ddfd8cbb0_0;  alias, 1 drivers
v0000014ddfd712c0_0 .net "d_in", 31 0, v0000014ddfd547a0_0;  alias, 1 drivers
v0000014ddfd70a00_0 .var "d_out", 31 0;
v0000014ddfd71360_0 .net "en", 0 0, L_0000014ddfd8f9f0;  1 drivers
v0000014ddfd71fe0_0 .net "reset", 0 0, v0000014ddfd8f6d0_0;  alias, 1 drivers
S_0000014ddfd81b60 .scope module, "r7" "reg32" 14 115, 14 2 0, S_0000014ddfd84400;
 .timescale 0 0;
    .port_info 0 /INPUT 1 "clk";
    .port_info 1 /INPUT 1 "reset";
    .port_info 2 /INPUT 1 "en";
    .port_info 3 /INPUT 32 "d_in";
    .port_info 4 /OUTPUT 32 "d_out";
v0000014ddfd72c60_0 .net "clk", 0 0, v0000014ddfd8cbb0_0;  alias, 1 drivers
v0000014ddfd71cc0_0 .net "d_in", 31 0, v0000014ddfd547a0_0;  alias, 1 drivers
v0000014ddfd72d00_0 .var "d_out", 31 0;
v0000014ddfd71d60_0 .net "en", 0 0, L_0000014ddfd8f810;  1 drivers
v0000014ddfd71540_0 .net "reset", 0 0, v0000014ddfd8f6d0_0;  alias, 1 drivers
S_0000014ddfd81cf0 .scope module, "r8" "reg32" 14 122, 14 2 0, S_0000014ddfd84400;
 .timescale 0 0;
    .port_info 0 /INPUT 1 "clk";
    .port_info 1 /INPUT 1 "reset";
    .port_info 2 /INPUT 1 "en";
    .port_info 3 /INPUT 32 "d_in";
    .port_info 4 /OUTPUT 32 "d_out";
v0000014ddfd70aa0_0 .net "clk", 0 0, v0000014ddfd8cbb0_0;  alias, 1 drivers
v0000014ddfd715e0_0 .net "d_in", 31 0, v0000014ddfd547a0_0;  alias, 1 drivers
v0000014ddfd71680_0 .var "d_out", 31 0;
v0000014ddfd71ea0_0 .net "en", 0 0, L_0000014ddfd8fd10;  1 drivers
v0000014ddfd71a40_0 .net "reset", 0 0, v0000014ddfd8f6d0_0;  alias, 1 drivers
S_0000014ddfd83c30 .scope module, "r9" "reg32" 14 129, 14 2 0, S_0000014ddfd84400;
 .timescale 0 0;
    .port_info 0 /INPUT 1 "clk";
    .port_info 1 /INPUT 1 "reset";
    .port_info 2 /INPUT 1 "en";
    .port_info 3 /INPUT 32 "d_in";
    .port_info 4 /OUTPUT 32 "d_out";
v0000014ddfd70b40_0 .net "clk", 0 0, v0000014ddfd8cbb0_0;  alias, 1 drivers
v0000014ddfd70e60_0 .net "d_in", 31 0, v0000014ddfd547a0_0;  alias, 1 drivers
v0000014ddfd70f00_0 .var "d_out", 31 0;
v0000014ddfd70fa0_0 .net "en", 0 0, L_0000014ddfd90df0;  1 drivers
v0000014ddfd71720_0 .net "reset", 0 0, v0000014ddfd8f6d0_0;  alias, 1 drivers
S_0000014ddfd84270 .scope module, "select_encode_inst" "select_encode" 3 152, 11 1 0, S_0000014ddfc96330;
 .timescale 0 0;
    .port_info 0 /INPUT 32 "IRin";
    .port_info 1 /INPUT 1 "Gra";
    .port_info 2 /INPUT 1 "Grb";
    .port_info 3 /INPUT 1 "Grc";
    .port_info 4 /INPUT 1 "Rin";
    .port_info 5 /INPUT 1 "Rout";
    .port_info 6 /INPUT 1 "BAout";
    .port_info 7 /OUTPUT 16 "Rin_decoded";
    .port_info 8 /OUTPUT 16 "Rout_decoded";
    .port_info 9 /OUTPUT 1 "BAout_R0";
L_0000014ddfe040e0 .functor AND 16, v0000014ddfd735c0_0, L_0000014ddfd96070, C4<1111111111111111>, C4<1111111111111111>;
L_0000014ddfe04150 .functor AND 16, v0000014ddfd735c0_0, L_0000014ddfd95fd0, C4<1111111111111111>, C4<1111111111111111>;
L_0000014ddfdfd850 .functor AND 1, v0000014ddfd8e410_0, L_0000014ddfd941d0, C4<1>, C4<1>;
v0000014ddfd74060_0 .net "BAout", 0 0, v0000014ddfd8e410_0;  alias, 1 drivers
v0000014ddfd73160_0 .net "BAout_R0", 0 0, L_0000014ddfdfd850;  alias, 1 drivers
v0000014ddfd737a0_0 .net "Gra", 0 0, v0000014ddfd8e550_0;  alias, 1 drivers
v0000014ddfd741a0_0 .net "Grb", 0 0, v0000014ddfd8d010_0;  alias, 1 drivers
v0000014ddfd756e0_0 .net "Grc", 0 0, v0000014ddfd8c570_0;  alias, 1 drivers
v0000014ddfd753c0_0 .net "IRin", 31 0, v0000014ddfd47be0_0;  alias, 1 drivers
v0000014ddfd73480_0 .net "Ra", 3 0, L_0000014ddfd943b0;  1 drivers
v0000014ddfd74380_0 .net "Rb", 3 0, L_0000014ddfd948b0;  1 drivers
v0000014ddfd75280_0 .net "Rc", 3 0, L_0000014ddfd957b0;  1 drivers
v0000014ddfd73f20_0 .net "Rin", 0 0, v0000014ddfd8e730_0;  alias, 1 drivers
v0000014ddfd73200_0 .net "Rin_decoded", 15 0, L_0000014ddfe040e0;  alias, 1 drivers
v0000014ddfd73d40_0 .net "Rout", 0 0, v0000014ddfd8c2f0_0;  alias, 1 drivers
v0000014ddfd732a0_0 .net "Rout_decoded", 15 0, L_0000014ddfe04150;  alias, 1 drivers
v0000014ddfd73b60_0 .net *"_ivl_10", 3 0, L_0000014ddfd944f0;  1 drivers
v0000014ddfd750a0_0 .net *"_ivl_14", 15 0, L_0000014ddfd96070;  1 drivers
v0000014ddfd73520_0 .net *"_ivl_18", 15 0, L_0000014ddfd95fd0;  1 drivers
v0000014ddfd73340_0 .net *"_ivl_23", 0 0, L_0000014ddfd941d0;  1 drivers
L_0000014ddfda4a70 .functor BUFT 1, C4<0000>, C4<0>, C4<0>, C4<0>;
v0000014ddfd74740_0 .net/2u *"_ivl_6", 3 0, L_0000014ddfda4a70;  1 drivers
v0000014ddfd73660_0 .net *"_ivl_8", 3 0, L_0000014ddfd94090;  1 drivers
v0000014ddfd735c0_0 .var "decoded", 15 0;
v0000014ddfd74ce0_0 .net "reg_sel", 3 0, L_0000014ddfd952b0;  1 drivers
E_0000014ddfc53640 .event anyedge, v0000014ddfd74ce0_0;
L_0000014ddfd943b0 .part v0000014ddfd47be0_0, 23, 4;
L_0000014ddfd948b0 .part v0000014ddfd47be0_0, 19, 4;
L_0000014ddfd957b0 .part v0000014ddfd47be0_0, 15, 4;
L_0000014ddfd94090 .functor MUXZ 4, L_0000014ddfda4a70, L_0000014ddfd957b0, v0000014ddfd8c570_0, C4<>;
L_0000014ddfd944f0 .functor MUXZ 4, L_0000014ddfd94090, L_0000014ddfd948b0, v0000014ddfd8d010_0, C4<>;
L_0000014ddfd952b0 .functor MUXZ 4, L_0000014ddfd944f0, L_0000014ddfd943b0, v0000014ddfd8e550_0, C4<>;
LS_0000014ddfd96070_0_0 .concat [ 1 1 1 1], v0000014ddfd8e730_0, v0000014ddfd8e730_0, v0000014ddfd8e730_0, v0000014ddfd8e730_0;
LS_0000014ddfd96070_0_4 .concat [ 1 1 1 1], v0000014ddfd8e730_0, v0000014ddfd8e730_0, v0000014ddfd8e730_0, v0000014ddfd8e730_0;
LS_0000014ddfd96070_0_8 .concat [ 1 1 1 1], v0000014ddfd8e730_0, v0000014ddfd8e730_0, v0000014ddfd8e730_0, v0000014ddfd8e730_0;
LS_0000014ddfd96070_0_12 .concat [ 1 1 1 1], v0000014ddfd8e730_0, v0000014ddfd8e730_0, v0000014ddfd8e730_0, v0000014ddfd8e730_0;
L_0000014ddfd96070 .concat [ 4 4 4 4], LS_0000014ddfd96070_0_0, LS_0000014ddfd96070_0_4, LS_0000014ddfd96070_0_8, LS_0000014ddfd96070_0_12;
LS_0000014ddfd95fd0_0_0 .concat [ 1 1 1 1], v0000014ddfd8c2f0_0, v0000014ddfd8c2f0_0, v0000014ddfd8c2f0_0, v0000014ddfd8c2f0_0;
LS_0000014ddfd95fd0_0_4 .concat [ 1 1 1 1], v0000014ddfd8c2f0_0, v0000014ddfd8c2f0_0, v0000014ddfd8c2f0_0, v0000014ddfd8c2f0_0;
LS_0000014ddfd95fd0_0_8 .concat [ 1 1 1 1], v0000014ddfd8c2f0_0, v0000014ddfd8c2f0_0, v0000014ddfd8c2f0_0, v0000014ddfd8c2f0_0;
LS_0000014ddfd95fd0_0_12 .concat [ 1 1 1 1], v0000014ddfd8c2f0_0, v0000014ddfd8c2f0_0, v0000014ddfd8c2f0_0, v0000014ddfd8c2f0_0;
L_0000014ddfd95fd0 .concat [ 4 4 4 4], LS_0000014ddfd95fd0_0_0, LS_0000014ddfd95fd0_0_4, LS_0000014ddfd95fd0_0_8, LS_0000014ddfd95fd0_0_12;
L_0000014ddfd941d0 .part v0000014ddfd735c0_0, 0, 1;
S_0000014ddfd82b00 .scope task, "clear_sigs" "clear_sigs" 2 61, 2 61 0, S_0000014ddfc98110;
 .timescale -9 -11;
TD_brmi_tb.clear_sigs ;
    %pushi/vec4 0, 0, 5;
    %assign/vec4 v0000014ddfd8d650_0, 0;
    %pushi/vec4 0, 0, 1;
    %assign/vec4 v0000014ddfd8f4f0_0, 0;
    %pushi/vec4 0, 0, 1;
    %assign/vec4 v0000014ddfd8c390_0, 0;
    %pushi/vec4 0, 0, 1;
    %assign/vec4 v0000014ddfd8ea50_0, 0;
    %pushi/vec4 0, 0, 1;
    %assign/vec4 v0000014ddfd8e910_0, 0;
    %pushi/vec4 0, 0, 1;
    %assign/vec4 v0000014ddfd8fbd0_0, 0;
    %pushi/vec4 0, 0, 1;
    %assign/vec4 v0000014ddfd8d1f0_0, 0;
    %pushi/vec4 0, 0, 1;
    %assign/vec4 v0000014ddfd8eeb0_0, 0;
    %pushi/vec4 0, 0, 1;
    %assign/vec4 v0000014ddfd8d290_0, 0;
    %pushi/vec4 0, 0, 1;
    %assign/vec4 v0000014ddfd8d0b0_0, 0;
    %pushi/vec4 0, 0, 5;
    %assign/vec4 v0000014ddfd8c750_0, 0;
    %pushi/vec4 0, 0, 1;
    %assign/vec4 v0000014ddfd8c6b0_0, 0;
    %pushi/vec4 0, 0, 32;
    %assign/vec4 v0000014ddfd8c7f0_0, 0;
    %pushi/vec4 0, 0, 1;
    %assign/vec4 v0000014ddfd90d50_0, 0;
    %pushi/vec4 0, 0, 1;
    %assign/vec4 v0000014ddfd8d830_0, 0;
    %pushi/vec4 0, 0, 1;
    %assign/vec4 v0000014ddfd8f090_0, 0;
    %pushi/vec4 0, 0, 1;
    %assign/vec4 v0000014ddfd8cb10_0, 0;
    %pushi/vec4 0, 0, 1;
    %assign/vec4 v0000014ddfd8e550_0, 0;
    %pushi/vec4 0, 0, 1;
    %assign/vec4 v0000014ddfd8d010_0, 0;
    %pushi/vec4 0, 0, 1;
    %assign/vec4 v0000014ddfd8c570_0, 0;
    %pushi/vec4 0, 0, 1;
    %assign/vec4 v0000014ddfd8e730_0, 0;
    %pushi/vec4 0, 0, 1;
    %assign/vec4 v0000014ddfd8c2f0_0, 0;
    %pushi/vec4 0, 0, 1;
    %assign/vec4 v0000014ddfd8e410_0, 0;
    %pushi/vec4 0, 0, 1;
    %assign/vec4 v0000014ddfd8e2d0_0, 0;
    %end;
    .scope S_0000014ddfd83f50;
T_1 ;
    %wait E_0000014ddfc52780;
    %load/vec4 v0000014ddfd804a0_0;
    %flag_set/vec4 8;
    %jmp/0xz  T_1.0, 8;
    %pushi/vec4 0, 0, 32;
    %assign/vec4 v0000014ddfd80400_0, 0;
    %jmp T_1.1;
T_1.0 ;
    %load/vec4 v0000014ddfd80720_0;
    %flag_set/vec4 8;
    %jmp/0xz  T_1.2, 8;
    %load/vec4 v0000014ddfd7ffa0_0;
    %assign/vec4 v0000014ddfd80400_0, 0;
T_1.2 ;
T_1.1 ;
    %jmp T_1;
    .thread T_1;
    .scope S_0000014ddfd83780;
T_2 ;
    %wait E_0000014ddfc52780;
    %load/vec4 v0000014ddfd805e0_0;
    %flag_set/vec4 8;
    %jmp/0xz  T_2.0, 8;
    %pushi/vec4 0, 0, 32;
    %assign/vec4 v0000014ddfd80220_0, 0;
    %jmp T_2.1;
T_2.0 ;
    %load/vec4 v0000014ddfd7fb40_0;
    %flag_set/vec4 8;
    %jmp/0xz  T_2.2, 8;
    %load/vec4 v0000014ddfd80540_0;
    %assign/vec4 v0000014ddfd80220_0, 0;
T_2.2 ;
T_2.1 ;
    %jmp T_2;
    .thread T_2;
    .scope S_0000014ddfd83910;
T_3 ;
    %wait E_0000014ddfc52780;
    %load/vec4 v0000014ddfd71220_0;
    %flag_set/vec4 8;
    %jmp/0xz  T_3.0, 8;
    %pushi/vec4 0, 0, 32;
    %assign/vec4 v0000014ddfd728a0_0, 0;
    %jmp T_3.1;
T_3.0 ;
    %load/vec4 v0000014ddfd710e0_0;
    %flag_set/vec4 8;
    %jmp/0xz  T_3.2, 8;
    %load/vec4 v0000014ddfd729e0_0;
    %assign/vec4 v0000014ddfd728a0_0, 0;
T_3.2 ;
T_3.1 ;
    %jmp T_3;
    .thread T_3;
    .scope S_0000014ddfd83460;
T_4 ;
    %wait E_0000014ddfc52780;
    %load/vec4 v0000014ddfd72ee0_0;
    %flag_set/vec4 8;
    %jmp/0xz  T_4.0, 8;
    %pushi/vec4 0, 0, 32;
    %assign/vec4 v0000014ddfd72760_0, 0;
    %jmp T_4.1;
T_4.0 ;
    %load/vec4 v0000014ddfd72a80_0;
    %flag_set/vec4 8;
    %jmp/0xz  T_4.2, 8;
    %load/vec4 v0000014ddfd71860_0;
    %assign/vec4 v0000014ddfd72760_0, 0;
T_4.2 ;
T_4.1 ;
    %jmp T_4;
    .thread T_4;
    .scope S_0000014ddfd840e0;
T_5 ;
    %wait E_0000014ddfc52780;
    %load/vec4 v0000014ddfd70960_0;
    %flag_set/vec4 8;
    %jmp/0xz  T_5.0, 8;
    %pushi/vec4 0, 0, 32;
    %assign/vec4 v0000014ddfd73020_0, 0;
    %jmp T_5.1;
T_5.0 ;
    %load/vec4 v0000014ddfd72f80_0;
    %flag_set/vec4 8;
    %jmp/0xz  T_5.2, 8;
    %load/vec4 v0000014ddfd72bc0_0;
    %assign/vec4 v0000014ddfd73020_0, 0;
T_5.2 ;
T_5.1 ;
    %jmp T_5;
    .thread T_5;
    .scope S_0000014ddfd83140;
T_6 ;
    %wait E_0000014ddfc52780;
    %load/vec4 v0000014ddfd71f40_0;
    %flag_set/vec4 8;
    %jmp/0xz  T_6.0, 8;
    %pushi/vec4 0, 0, 32;
    %assign/vec4 v0000014ddfd72620_0, 0;
    %jmp T_6.1;
T_6.0 ;
    %load/vec4 v0000014ddfd72b20_0;
    %flag_set/vec4 8;
    %jmp/0xz  T_6.2, 8;
    %load/vec4 v0000014ddfd72800_0;
    %assign/vec4 v0000014ddfd72620_0, 0;
T_6.2 ;
T_6.1 ;
    %jmp T_6;
    .thread T_6;
    .scope S_0000014ddfd81070;
T_7 ;
    %wait E_0000014ddfc52780;
    %load/vec4 v0000014ddfd71fe0_0;
    %flag_set/vec4 8;
    %jmp/0xz  T_7.0, 8;
    %pushi/vec4 0, 0, 32;
    %assign/vec4 v0000014ddfd70a00_0, 0;
    %jmp T_7.1;
T_7.0 ;
    %load/vec4 v0000014ddfd71360_0;
    %flag_set/vec4 8;
    %jmp/0xz  T_7.2, 8;
    %load/vec4 v0000014ddfd712c0_0;
    %assign/vec4 v0000014ddfd70a00_0, 0;
T_7.2 ;
T_7.1 ;
    %jmp T_7;
    .thread T_7;
    .scope S_0000014ddfd81b60;
T_8 ;
    %wait E_0000014ddfc52780;
    %load/vec4 v0000014ddfd71540_0;
    %flag_set/vec4 8;
    %jmp/0xz  T_8.0, 8;
    %pushi/vec4 0, 0, 32;
    %assign/vec4 v0000014ddfd72d00_0, 0;
    %jmp T_8.1;
T_8.0 ;
    %load/vec4 v0000014ddfd71d60_0;
    %flag_set/vec4 8;
    %jmp/0xz  T_8.2, 8;
    %load/vec4 v0000014ddfd71cc0_0;
    %assign/vec4 v0000014ddfd72d00_0, 0;
T_8.2 ;
T_8.1 ;
    %jmp T_8;
    .thread T_8;
    .scope S_0000014ddfd81cf0;
T_9 ;
    %wait E_0000014ddfc52780;
    %load/vec4 v0000014ddfd71a40_0;
    %flag_set/vec4 8;
    %jmp/0xz  T_9.0, 8;
    %pushi/vec4 0, 0, 32;
    %assign/vec4 v0000014ddfd71680_0, 0;
    %jmp T_9.1;
T_9.0 ;
    %load/vec4 v0000014ddfd71ea0_0;
    %flag_set/vec4 8;
    %jmp/0xz  T_9.2, 8;
    %load/vec4 v0000014ddfd715e0_0;
    %assign/vec4 v0000014ddfd71680_0, 0;
T_9.2 ;
T_9.1 ;
    %jmp T_9;
    .thread T_9;
    .scope S_0000014ddfd83c30;
T_10 ;
    %wait E_0000014ddfc52780;
    %load/vec4 v0000014ddfd71720_0;
    %flag_set/vec4 8;
    %jmp/0xz  T_10.0, 8;
    %pushi/vec4 0, 0, 32;
    %assign/vec4 v0000014ddfd70f00_0, 0;
    %jmp T_10.1;
T_10.0 ;
    %load/vec4 v0000014ddfd70fa0_0;
    %flag_set/vec4 8;
    %jmp/0xz  T_10.2, 8;
    %load/vec4 v0000014ddfd70e60_0;
    %assign/vec4 v0000014ddfd70f00_0, 0;
T_10.2 ;
T_10.1 ;
    %jmp T_10;
    .thread T_10;
    .scope S_0000014ddfd81520;
T_11 ;
    %wait E_0000014ddfc52780;
    %load/vec4 v0000014ddfd802c0_0;
    %flag_set/vec4 8;
    %jmp/0xz  T_11.0, 8;
    %pushi/vec4 0, 0, 32;
    %assign/vec4 v0000014ddfd800e0_0, 0;
    %jmp T_11.1;
T_11.0 ;
    %load/vec4 v0000014ddfd7fc80_0;
    %flag_set/vec4 8;
    %jmp/0xz  T_11.2, 8;
    %load/vec4 v0000014ddfd7fbe0_0;
    %assign/vec4 v0000014ddfd800e0_0, 0;
T_11.2 ;
T_11.1 ;
    %jmp T_11;
    .thread T_11;
    .scope S_0000014ddfd819d0;
T_12 ;
    %wait E_0000014ddfc52780;
    %load/vec4 v0000014ddfd7fe60_0;
    %flag_set/vec4 8;
    %jmp/0xz  T_12.0, 8;
    %pushi/vec4 0, 0, 32;
    %assign/vec4 v0000014ddfd7f8c0_0, 0;
    %jmp T_12.1;
T_12.0 ;
    %load/vec4 v0000014ddfd7fa00_0;
    %flag_set/vec4 8;
    %jmp/0xz  T_12.2, 8;
    %load/vec4 v0000014ddfd7f960_0;
    %assign/vec4 v0000014ddfd7f8c0_0, 0;
T_12.2 ;
T_12.1 ;
    %jmp T_12;
    .thread T_12;
    .scope S_0000014ddfd80a30;
T_13 ;
    %wait E_0000014ddfc52780;
    %load/vec4 v0000014ddfd72940_0;
    %flag_set/vec4 8;
    %jmp/0xz  T_13.0, 8;
    %pushi/vec4 0, 0, 32;
    %assign/vec4 v0000014ddfd70be0_0, 0;
    %jmp T_13.1;
T_13.0 ;
    %load/vec4 v0000014ddfd721c0_0;
    %flag_set/vec4 8;
    %jmp/0xz  T_13.2, 8;
    %load/vec4 v0000014ddfd80040_0;
    %assign/vec4 v0000014ddfd70be0_0, 0;
T_13.2 ;
T_13.1 ;
    %jmp T_13;
    .thread T_13;
    .scope S_0000014ddfd80bc0;
T_14 ;
    %wait E_0000014ddfc52780;
    %load/vec4 v0000014ddfd72e40_0;
    %flag_set/vec4 8;
    %jmp/0xz  T_14.0, 8;
    %pushi/vec4 0, 0, 32;
    %assign/vec4 v0000014ddfd71180_0, 0;
    %jmp T_14.1;
T_14.0 ;
    %load/vec4 v0000014ddfd70c80_0;
    %flag_set/vec4 8;
    %jmp/0xz  T_14.2, 8;
    %load/vec4 v0000014ddfd72580_0;
    %assign/vec4 v0000014ddfd71180_0, 0;
T_14.2 ;
T_14.1 ;
    %jmp T_14;
    .thread T_14;
    .scope S_0000014ddfd82e20;
T_15 ;
    %wait E_0000014ddfc52780;
    %load/vec4 v0000014ddfd708c0_0;
    %flag_set/vec4 8;
    %jmp/0xz  T_15.0, 8;
    %pushi/vec4 0, 0, 32;
    %assign/vec4 v0000014ddfd723a0_0, 0;
    %jmp T_15.1;
T_15.0 ;
    %load/vec4 v0000014ddfd71040_0;
    %flag_set/vec4 8;
    %jmp/0xz  T_15.2, 8;
    %load/vec4 v0000014ddfd71400_0;
    %assign/vec4 v0000014ddfd723a0_0, 0;
T_15.2 ;
T_15.1 ;
    %jmp T_15;
    .thread T_15;
    .scope S_0000014ddfd816b0;
T_16 ;
    %wait E_0000014ddfc52780;
    %load/vec4 v0000014ddfd71c20_0;
    %flag_set/vec4 8;
    %jmp/0xz  T_16.0, 8;
    %pushi/vec4 0, 0, 32;
    %assign/vec4 v0000014ddfd72440_0, 0;
    %jmp T_16.1;
T_16.0 ;
    %load/vec4 v0000014ddfd72120_0;
    %flag_set/vec4 8;
    %jmp/0xz  T_16.2, 8;
    %load/vec4 v0000014ddfd714a0_0;
    %assign/vec4 v0000014ddfd72440_0, 0;
T_16.2 ;
T_16.1 ;
    %jmp T_16;
    .thread T_16;
    .scope S_0000014ddfd69c80;
T_17 ;
    %wait E_0000014ddfc52680;
    %load/vec4 v0000014ddfd7c440_0;
    %flag_set/vec4 8;
    %jmp/0xz  T_17.0, 8;
    %pushi/vec4 0, 0, 32;
    %assign/vec4 v0000014ddfd7c3a0_0, 0;
    %jmp T_17.1;
T_17.0 ;
    %load/vec4 v0000014ddfd7be00_0;
    %flag_set/vec4 8;
    %jmp/0xz  T_17.2, 8;
    %load/vec4 v0000014ddfd7b9a0_0;
    %assign/vec4 v0000014ddfd7c3a0_0, 0;
    %jmp T_17.3;
T_17.2 ;
    %load/vec4 v0000014ddfd7bae0_0;
    %flag_set/vec4 8;
    %jmp/0xz  T_17.4, 8;
    %load/vec4 v0000014ddfd7c120_0;
    %assign/vec4 v0000014ddfd7c3a0_0, 0;
T_17.4 ;
T_17.3 ;
T_17.1 ;
    %jmp T_17;
    .thread T_17;
    .scope S_0000014ddfd69190;
T_18 ;
    %wait E_0000014ddfc52780;
    %load/vec4 v0000014ddfd48540_0;
    %flag_set/vec4 8;
    %jmp/0xz  T_18.0, 8;
    %pushi/vec4 0, 0, 32;
    %assign/vec4 v0000014ddfd47be0_0, 0;
    %jmp T_18.1;
T_18.0 ;
    %load/vec4 v0000014ddfd47e60_0;
    %flag_set/vec4 8;
    %jmp/0xz  T_18.2, 8;
    %load/vec4 v0000014ddfd46740_0;
    %assign/vec4 v0000014ddfd47be0_0, 0;
T_18.2 ;
T_18.1 ;
    %jmp T_18;
    .thread T_18;
    .scope S_0000014ddfd81390;
T_19 ;
    %wait E_0000014ddfc52780;
    %load/vec4 v0000014ddfd7da20_0;
    %flag_set/vec4 8;
    %jmp/0xz  T_19.0, 8;
    %pushi/vec4 0, 0, 32;
    %assign/vec4 v0000014ddfd7d200_0, 0;
    %jmp T_19.1;
T_19.0 ;
    %load/vec4 v0000014ddfd7d340_0;
    %flag_set/vec4 8;
    %jmp/0xz  T_19.2, 8;
    %load/vec4 v0000014ddfd7e1a0_0;
    %assign/vec4 v0000014ddfd7d200_0, 0;
T_19.2 ;
T_19.1 ;
    %jmp T_19;
    .thread T_19;
    .scope S_0000014ddfd81e80;
T_20 ;
    %wait E_0000014ddfc52780;
    %load/vec4 v0000014ddfd7e740_0;
    %flag_set/vec4 8;
    %jmp/0xz  T_20.0, 8;
    %pushi/vec4 0, 0, 32;
    %assign/vec4 v0000014ddfd7e380_0, 0;
    %jmp T_20.1;
T_20.0 ;
    %load/vec4 v0000014ddfd7eba0_0;
    %flag_set/vec4 8;
    %jmp/0xz  T_20.2, 8;
    %load/vec4 v0000014ddfd7ece0_0;
    %assign/vec4 v0000014ddfd7e380_0, 0;
T_20.2 ;
T_20.1 ;
    %jmp T_20;
    .thread T_20;
    .scope S_0000014ddfd82fb0;
T_21 ;
    %wait E_0000014ddfc52780;
    %load/vec4 v0000014ddfd7dc00_0;
    %flag_set/vec4 8;
    %jmp/0xz  T_21.0, 8;
    %pushi/vec4 0, 0, 32;
    %assign/vec4 v0000014ddfd7e920_0, 0;
    %jmp T_21.1;
T_21.0 ;
    %load/vec4 v0000014ddfd7d5c0_0;
    %flag_set/vec4 8;
    %jmp/0xz  T_21.2, 8;
    %load/vec4 v0000014ddfd7d660_0;
    %assign/vec4 v0000014ddfd7e920_0, 0;
T_21.2 ;
T_21.1 ;
    %jmp T_21;
    .thread T_21;
    .scope S_0000014ddfd69af0;
T_22 ;
    %wait E_0000014ddfc52780;
    %load/vec4 v0000014ddfd482c0_0;
    %flag_set/vec4 8;
    %jmp/0xz  T_22.0, 8;
    %pushi/vec4 0, 0, 32;
    %assign/vec4 v0000014ddfd46ec0_0, 0;
    %jmp T_22.1;
T_22.0 ;
    %load/vec4 v0000014ddfd46f60_0;
    %flag_set/vec4 8;
    %jmp/0xz  T_22.2, 8;
    %load/vec4 v0000014ddfd48040_0;
    %assign/vec4 v0000014ddfd46ec0_0, 0;
T_22.2 ;
T_22.1 ;
    %jmp T_22;
    .thread T_22;
    .scope S_0000014ddfd68b50;
T_23 ;
    %wait E_0000014ddfc52780;
    %load/vec4 v0000014ddfd47140_0;
    %flag_set/vec4 8;
    %jmp/0xz  T_23.0, 8;
    %pushi/vec4 0, 0, 32;
    %assign/vec4 v0000014ddfd56280_0, 0;
    %jmp T_23.1;
T_23.0 ;
    %load/vec4 v0000014ddfd47d20_0;
    %flag_set/vec4 8;
    %jmp/0xz  T_23.2, 8;
    %load/vec4 v0000014ddfd56140_0;
    %assign/vec4 v0000014ddfd56280_0, 0;
T_23.2 ;
T_23.1 ;
    %jmp T_23;
    .thread T_23;
    .scope S_0000014ddfd694b0;
T_24 ;
    %wait E_0000014ddfc52780;
    %load/vec4 v0000014ddfd47280_0;
    %flag_set/vec4 8;
    %jmp/0xz  T_24.0, 8;
    %pushi/vec4 0, 0, 32;
    %assign/vec4 v0000014ddfd46c40_0, 0;
    %jmp T_24.1;
T_24.0 ;
    %load/vec4 v0000014ddfd485e0_0;
    %flag_set/vec4 8;
    %jmp/0xz  T_24.2, 8;
    %load/vec4 v0000014ddfd476e0_0;
    %assign/vec4 v0000014ddfd46c40_0, 0;
T_24.2 ;
T_24.1 ;
    %jmp T_24;
    .thread T_24;
    .scope S_0000014ddfd80ee0;
T_25 ;
    %wait E_0000014ddfc52680;
    %load/vec4 v0000014ddfd7f500_0;
    %flag_set/vec4 8;
    %jmp/0xz  T_25.0, 8;
    %pushi/vec4 0, 0, 32;
    %assign/vec4 v0000014ddfd7f140_0, 0;
    %jmp T_25.1;
T_25.0 ;
    %load/vec4 v0000014ddfd7f280_0;
    %flag_set/vec4 8;
    %jmp/0xz  T_25.2, 8;
    %load/vec4 v0000014ddfd7f6e0_0;
    %flag_set/vec4 8;
    %jmp/0 T_25.4, 8;
    %load/vec4 v0000014ddfd7d2a0_0;
    %jmp/1 T_25.5, 8;
T_25.4 ; End of true expr.
    %load/vec4 v0000014ddfd7e060_0;
    %jmp/0 T_25.5, 8;
 ; End of false expr.
    %blend;
T_25.5;
    %assign/vec4 v0000014ddfd7f140_0, 0;
T_25.2 ;
T_25.1 ;
    %jmp T_25;
    .thread T_25;
    .scope S_0000014ddfd81200;
T_26 ;
    %pushi/vec4 0, 0, 32;
    %store/vec4 v0000014ddfd7e600_0, 0, 32;
T_26.0 ;
    %load/vec4 v0000014ddfd7e600_0;
    %cmpi/s 512, 0, 32;
    %jmp/0xz T_26.1, 5;
    %pushi/vec4 0, 0, 32;
    %ix/getv/s 4, v0000014ddfd7e600_0;
    %store/vec4a v0000014ddfd7d160, 4, 0;
    %load/vec4 v0000014ddfd7e600_0;
    %addi 1, 0, 32;
    %store/vec4 v0000014ddfd7e600_0, 0, 32;
    %jmp T_26.0;
T_26.1 ;
    %end;
    .thread T_26;
    .scope S_0000014ddfd81200;
T_27 ;
    %wait E_0000014ddfc52780;
    %load/vec4 v0000014ddfd7e7e0_0;
    %flag_set/vec4 9;
    %flag_get/vec4 9;
    %jmp/0 T_27.2, 9;
    %load/vec4 v0000014ddfd7eb00_0;
    %nor/r;
    %and;
T_27.2;
    %flag_set/vec4 8;
    %jmp/0xz  T_27.0, 8;
    %load/vec4 v0000014ddfd7e880_0;
    %load/vec4 v0000014ddfd7e6a0_0;
    %pad/u 11;
    %ix/vec4 3;
    %ix/load 4, 0, 0; Constant delay
    %assign/vec4/a/d v0000014ddfd7d160, 0, 4;
T_27.0 ;
    %jmp T_27;
    .thread T_27;
    .scope S_0000014ddfd84270;
T_28 ;
    %wait E_0000014ddfc53640;
    %load/vec4 v0000014ddfd74ce0_0;
    %dup/vec4;
    %pushi/vec4 0, 0, 4;
    %cmp/u;
    %jmp/1 T_28.0, 6;
    %dup/vec4;
    %pushi/vec4 1, 0, 4;
    %cmp/u;
    %jmp/1 T_28.1, 6;
    %dup/vec4;
    %pushi/vec4 2, 0, 4;
    %cmp/u;
    %jmp/1 T_28.2, 6;
    %dup/vec4;
    %pushi/vec4 3, 0, 4;
    %cmp/u;
    %jmp/1 T_28.3, 6;
    %dup/vec4;
    %pushi/vec4 4, 0, 4;
    %cmp/u;
    %jmp/1 T_28.4, 6;
    %dup/vec4;
    %pushi/vec4 5, 0, 4;
    %cmp/u;
    %jmp/1 T_28.5, 6;
    %dup/vec4;
    %pushi/vec4 6, 0, 4;
    %cmp/u;
    %jmp/1 T_28.6, 6;
    %dup/vec4;
    %pushi/vec4 7, 0, 4;
    %cmp/u;
    %jmp/1 T_28.7, 6;
    %dup/vec4;
    %pushi/vec4 8, 0, 4;
    %cmp/u;
    %jmp/1 T_28.8, 6;
    %dup/vec4;
    %pushi/vec4 9, 0, 4;
    %cmp/u;
    %jmp/1 T_28.9, 6;
    %dup/vec4;
    %pushi/vec4 10, 0, 4;
    %cmp/u;
    %jmp/1 T_28.10, 6;
    %dup/vec4;
    %pushi/vec4 11, 0, 4;
    %cmp/u;
    %jmp/1 T_28.11, 6;
    %dup/vec4;
    %pushi/vec4 12, 0, 4;
    %cmp/u;
    %jmp/1 T_28.12, 6;
    %dup/vec4;
    %pushi/vec4 13, 0, 4;
    %cmp/u;
    %jmp/1 T_28.13, 6;
    %dup/vec4;
    %pushi/vec4 14, 0, 4;
    %cmp/u;
    %jmp/1 T_28.14, 6;
    %dup/vec4;
    %pushi/vec4 15, 0, 4;
    %cmp/u;
    %jmp/1 T_28.15, 6;
    %pushi/vec4 0, 0, 16;
    %store/vec4 v0000014ddfd735c0_0, 0, 16;
    %jmp T_28.17;
T_28.0 ;
    %pushi/vec4 1, 0, 16;
    %store/vec4 v0000014ddfd735c0_0, 0, 16;
    %jmp T_28.17;
T_28.1 ;
    %pushi/vec4 2, 0, 16;
    %store/vec4 v0000014ddfd735c0_0, 0, 16;
    %jmp T_28.17;
T_28.2 ;
    %pushi/vec4 4, 0, 16;
    %store/vec4 v0000014ddfd735c0_0, 0, 16;
    %jmp T_28.17;
T_28.3 ;
    %pushi/vec4 8, 0, 16;
    %store/vec4 v0000014ddfd735c0_0, 0, 16;
    %jmp T_28.17;
T_28.4 ;
    %pushi/vec4 16, 0, 16;
    %store/vec4 v0000014ddfd735c0_0, 0, 16;
    %jmp T_28.17;
T_28.5 ;
    %pushi/vec4 32, 0, 16;
    %store/vec4 v0000014ddfd735c0_0, 0, 16;
    %jmp T_28.17;
T_28.6 ;
    %pushi/vec4 64, 0, 16;
    %store/vec4 v0000014ddfd735c0_0, 0, 16;
    %jmp T_28.17;
T_28.7 ;
    %pushi/vec4 128, 0, 16;
    %store/vec4 v0000014ddfd735c0_0, 0, 16;
    %jmp T_28.17;
T_28.8 ;
    %pushi/vec4 256, 0, 16;
    %store/vec4 v0000014ddfd735c0_0, 0, 16;
    %jmp T_28.17;
T_28.9 ;
    %pushi/vec4 512, 0, 16;
    %store/vec4 v0000014ddfd735c0_0, 0, 16;
    %jmp T_28.17;
T_28.10 ;
    %pushi/vec4 1024, 0, 16;
    %store/vec4 v0000014ddfd735c0_0, 0, 16;
    %jmp T_28.17;
T_28.11 ;
    %pushi/vec4 2048, 0, 16;
    %store/vec4 v0000014ddfd735c0_0, 0, 16;
    %jmp T_28.17;
T_28.12 ;
    %pushi/vec4 4096, 0, 16;
    %store/vec4 v0000014ddfd735c0_0, 0, 16;
    %jmp T_28.17;
T_28.13 ;
    %pushi/vec4 8192, 0, 16;
    %store/vec4 v0000014ddfd735c0_0, 0, 16;
    %jmp T_28.17;
T_28.14 ;
    %pushi/vec4 16384, 0, 16;
    %store/vec4 v0000014ddfd735c0_0, 0, 16;
    %jmp T_28.17;
T_28.15 ;
    %pushi/vec4 32768, 0, 16;
    %store/vec4 v0000014ddfd735c0_0, 0, 16;
    %jmp T_28.17;
T_28.17 ;
    %pop/vec4 1;
    %jmp T_28;
    .thread T_28, $push;
    .scope S_0000014ddfd84590;
T_29 ;
    %wait E_0000014ddfc54000;
    %load/vec4 v0000014ddfd7dd40_0;
    %dup/vec4;
    %pushi/vec4 1, 0, 16;
    %cmp/u;
    %jmp/1 T_29.0, 6;
    %dup/vec4;
    %pushi/vec4 2, 0, 16;
    %cmp/u;
    %jmp/1 T_29.1, 6;
    %dup/vec4;
    %pushi/vec4 4, 0, 16;
    %cmp/u;
    %jmp/1 T_29.2, 6;
    %dup/vec4;
    %pushi/vec4 8, 0, 16;
    %cmp/u;
    %jmp/1 T_29.3, 6;
    %dup/vec4;
    %pushi/vec4 16, 0, 16;
    %cmp/u;
    %jmp/1 T_29.4, 6;
    %dup/vec4;
    %pushi/vec4 32, 0, 16;
    %cmp/u;
    %jmp/1 T_29.5, 6;
    %dup/vec4;
    %pushi/vec4 64, 0, 16;
    %cmp/u;
    %jmp/1 T_29.6, 6;
    %dup/vec4;
    %pushi/vec4 128, 0, 16;
    %cmp/u;
    %jmp/1 T_29.7, 6;
    %dup/vec4;
    %pushi/vec4 256, 0, 16;
    %cmp/u;
    %jmp/1 T_29.8, 6;
    %dup/vec4;
    %pushi/vec4 512, 0, 16;
    %cmp/u;
    %jmp/1 T_29.9, 6;
    %dup/vec4;
    %pushi/vec4 1024, 0, 16;
    %cmp/u;
    %jmp/1 T_29.10, 6;
    %dup/vec4;
    %pushi/vec4 2048, 0, 16;
    %cmp/u;
    %jmp/1 T_29.11, 6;
    %dup/vec4;
    %pushi/vec4 4096, 0, 16;
    %cmp/u;
    %jmp/1 T_29.12, 6;
    %dup/vec4;
    %pushi/vec4 8192, 0, 16;
    %cmp/u;
    %jmp/1 T_29.13, 6;
    %dup/vec4;
    %pushi/vec4 16384, 0, 16;
    %cmp/u;
    %jmp/1 T_29.14, 6;
    %dup/vec4;
    %pushi/vec4 32768, 0, 16;
    %cmp/u;
    %jmp/1 T_29.15, 6;
    %load/vec4 v0000014ddfd7f320_0;
    %store/vec4 v0000014ddfd7f780_0, 0, 5;
    %jmp T_29.17;
T_29.0 ;
    %pushi/vec4 0, 0, 5;
    %store/vec4 v0000014ddfd7f780_0, 0, 5;
    %jmp T_29.17;
T_29.1 ;
    %pushi/vec4 1, 0, 5;
    %store/vec4 v0000014ddfd7f780_0, 0, 5;
    %jmp T_29.17;
T_29.2 ;
    %pushi/vec4 2, 0, 5;
    %store/vec4 v0000014ddfd7f780_0, 0, 5;
    %jmp T_29.17;
T_29.3 ;
    %pushi/vec4 3, 0, 5;
    %store/vec4 v0000014ddfd7f780_0, 0, 5;
    %jmp T_29.17;
T_29.4 ;
    %pushi/vec4 4, 0, 5;
    %store/vec4 v0000014ddfd7f780_0, 0, 5;
    %jmp T_29.17;
T_29.5 ;
    %pushi/vec4 5, 0, 5;
    %store/vec4 v0000014ddfd7f780_0, 0, 5;
    %jmp T_29.17;
T_29.6 ;
    %pushi/vec4 6, 0, 5;
    %store/vec4 v0000014ddfd7f780_0, 0, 5;
    %jmp T_29.17;
T_29.7 ;
    %pushi/vec4 7, 0, 5;
    %store/vec4 v0000014ddfd7f780_0, 0, 5;
    %jmp T_29.17;
T_29.8 ;
    %pushi/vec4 8, 0, 5;
    %store/vec4 v0000014ddfd7f780_0, 0, 5;
    %jmp T_29.17;
T_29.9 ;
    %pushi/vec4 9, 0, 5;
    %store/vec4 v0000014ddfd7f780_0, 0, 5;
    %jmp T_29.17;
T_29.10 ;
    %pushi/vec4 10, 0, 5;
    %store/vec4 v0000014ddfd7f780_0, 0, 5;
    %jmp T_29.17;
T_29.11 ;
    %pushi/vec4 11, 0, 5;
    %store/vec4 v0000014ddfd7f780_0, 0, 5;
    %jmp T_29.17;
T_29.12 ;
    %pushi/vec4 12, 0, 5;
    %store/vec4 v0000014ddfd7f780_0, 0, 5;
    %jmp T_29.17;
T_29.13 ;
    %pushi/vec4 13, 0, 5;
    %store/vec4 v0000014ddfd7f780_0, 0, 5;
    %jmp T_29.17;
T_29.14 ;
    %pushi/vec4 14, 0, 5;
    %store/vec4 v0000014ddfd7f780_0, 0, 5;
    %jmp T_29.17;
T_29.15 ;
    %pushi/vec4 15, 0, 5;
    %store/vec4 v0000014ddfd7f780_0, 0, 5;
    %jmp T_29.17;
T_29.17 ;
    %pop/vec4 1;
    %jmp T_29;
    .thread T_29, $push;
    .scope S_0000014ddfd6bd50;
T_30 ;
    %wait E_0000014ddfc52680;
    %load/vec4 v0000014ddfd55f60_0;
    %flag_set/vec4 8;
    %jmp/0xz  T_30.0, 8;
    %pushi/vec4 0, 0, 1;
    %assign/vec4 v0000014ddfd560a0_0, 0;
    %jmp T_30.1;
T_30.0 ;
    %load/vec4 v0000014ddfd55ba0_0;
    %flag_set/vec4 8;
    %jmp/0xz  T_30.2, 8;
    %load/vec4 v0000014ddfd55ce0_0;
    %assign/vec4 v0000014ddfd560a0_0, 0;
T_30.2 ;
T_30.1 ;
    %jmp T_30;
    .thread T_30;
    .scope S_0000014ddf95a290;
T_31 ;
    %wait E_0000014ddfc4ff80;
    %load/vec4 v0000014ddfc8a150_0;
    %dup/vec4;
    %pushi/vec4 0, 0, 3;
    %cmp/u;
    %jmp/1 T_31.0, 6;
    %dup/vec4;
    %pushi/vec4 1, 0, 3;
    %cmp/u;
    %jmp/1 T_31.1, 6;
    %dup/vec4;
    %pushi/vec4 2, 0, 3;
    %cmp/u;
    %jmp/1 T_31.2, 6;
    %dup/vec4;
    %pushi/vec4 3, 0, 3;
    %cmp/u;
    %jmp/1 T_31.3, 6;
    %dup/vec4;
    %pushi/vec4 4, 0, 3;
    %cmp/u;
    %jmp/1 T_31.4, 6;
    %dup/vec4;
    %pushi/vec4 5, 0, 3;
    %cmp/u;
    %jmp/1 T_31.5, 6;
    %dup/vec4;
    %pushi/vec4 6, 0, 3;
    %cmp/u;
    %jmp/1 T_31.6, 6;
    %dup/vec4;
    %pushi/vec4 7, 0, 3;
    %cmp/u;
    %jmp/1 T_31.7, 6;
    %pushi/vec4 0, 0, 64;
    %store/vec4 v0000014ddfc8a790_0, 0, 64;
    %jmp T_31.9;
T_31.0 ;
    %pushi/vec4 0, 0, 64;
    %store/vec4 v0000014ddfc8a790_0, 0, 64;
    %jmp T_31.9;
T_31.1 ;
    %load/vec4 v0000014ddfc8aa10_0;
    %store/vec4 v0000014ddfc8a790_0, 0, 64;
    %jmp T_31.9;
T_31.2 ;
    %load/vec4 v0000014ddfc8aa10_0;
    %store/vec4 v0000014ddfc8a790_0, 0, 64;
    %jmp T_31.9;
T_31.3 ;
    %load/vec4 v0000014ddfc8b870_0;
    %store/vec4 v0000014ddfc8a790_0, 0, 64;
    %jmp T_31.9;
T_31.4 ;
    %load/vec4 v0000014ddfc8b870_0;
    %inv;
    %pushi/vec4 1, 0, 64;
    %add;
    %store/vec4 v0000014ddfc8a790_0, 0, 64;
    %jmp T_31.9;
T_31.5 ;
    %load/vec4 v0000014ddfc8aa10_0;
    %inv;
    %pushi/vec4 1, 0, 64;
    %add;
    %store/vec4 v0000014ddfc8a790_0, 0, 64;
    %jmp T_31.9;
T_31.6 ;
    %load/vec4 v0000014ddfc8aa10_0;
    %inv;
    %pushi/vec4 1, 0, 64;
    %add;
    %store/vec4 v0000014ddfc8a790_0, 0, 64;
    %jmp T_31.9;
T_31.7 ;
    %pushi/vec4 0, 0, 64;
    %store/vec4 v0000014ddfc8a790_0, 0, 64;
    %jmp T_31.9;
T_31.9 ;
    %pop/vec4 1;
    %jmp T_31;
    .thread T_31, $push;
    .scope S_0000014ddf958d80;
T_32 ;
    %wait E_0000014ddfc50600;
    %load/vec4 v0000014ddfc8c4f0_0;
    %dup/vec4;
    %pushi/vec4 0, 0, 3;
    %cmp/u;
    %jmp/1 T_32.0, 6;
    %dup/vec4;
    %pushi/vec4 1, 0, 3;
    %cmp/u;
    %jmp/1 T_32.1, 6;
    %dup/vec4;
    %pushi/vec4 2, 0, 3;
    %cmp/u;
    %jmp/1 T_32.2, 6;
    %dup/vec4;
    %pushi/vec4 3, 0, 3;
    %cmp/u;
    %jmp/1 T_32.3, 6;
    %dup/vec4;
    %pushi/vec4 4, 0, 3;
    %cmp/u;
    %jmp/1 T_32.4, 6;
    %dup/vec4;
    %pushi/vec4 5, 0, 3;
    %cmp/u;
    %jmp/1 T_32.5, 6;
    %dup/vec4;
    %pushi/vec4 6, 0, 3;
    %cmp/u;
    %jmp/1 T_32.6, 6;
    %dup/vec4;
    %pushi/vec4 7, 0, 3;
    %cmp/u;
    %jmp/1 T_32.7, 6;
    %pushi/vec4 0, 0, 64;
    %store/vec4 v0000014ddfc8d0d0_0, 0, 64;
    %jmp T_32.9;
T_32.0 ;
    %pushi/vec4 0, 0, 64;
    %store/vec4 v0000014ddfc8d0d0_0, 0, 64;
    %jmp T_32.9;
T_32.1 ;
    %load/vec4 v0000014ddfc8cb30_0;
    %store/vec4 v0000014ddfc8d0d0_0, 0, 64;
    %jmp T_32.9;
T_32.2 ;
    %load/vec4 v0000014ddfc8cb30_0;
    %store/vec4 v0000014ddfc8d0d0_0, 0, 64;
    %jmp T_32.9;
T_32.3 ;
    %load/vec4 v0000014ddfc8c8b0_0;
    %store/vec4 v0000014ddfc8d0d0_0, 0, 64;
    %jmp T_32.9;
T_32.4 ;
    %load/vec4 v0000014ddfc8c8b0_0;
    %inv;
    %pushi/vec4 1, 0, 64;
    %add;
    %store/vec4 v0000014ddfc8d0d0_0, 0, 64;
    %jmp T_32.9;
T_32.5 ;
    %load/vec4 v0000014ddfc8cb30_0;
    %inv;
    %pushi/vec4 1, 0, 64;
    %add;
    %store/vec4 v0000014ddfc8d0d0_0, 0, 64;
    %jmp T_32.9;
T_32.6 ;
    %load/vec4 v0000014ddfc8cb30_0;
    %inv;
    %pushi/vec4 1, 0, 64;
    %add;
    %store/vec4 v0000014ddfc8d0d0_0, 0, 64;
    %jmp T_32.9;
T_32.7 ;
    %pushi/vec4 0, 0, 64;
    %store/vec4 v0000014ddfc8d0d0_0, 0, 64;
    %jmp T_32.9;
T_32.9 ;
    %pop/vec4 1;
    %jmp T_32;
    .thread T_32, $push;
    .scope S_0000014ddf9543e0;
T_33 ;
    %wait E_0000014ddfc501c0;
    %load/vec4 v0000014ddfc8c630_0;
    %dup/vec4;
    %pushi/vec4 0, 0, 3;
    %cmp/u;
    %jmp/1 T_33.0, 6;
    %dup/vec4;
    %pushi/vec4 1, 0, 3;
    %cmp/u;
    %jmp/1 T_33.1, 6;
    %dup/vec4;
    %pushi/vec4 2, 0, 3;
    %cmp/u;
    %jmp/1 T_33.2, 6;
    %dup/vec4;
    %pushi/vec4 3, 0, 3;
    %cmp/u;
    %jmp/1 T_33.3, 6;
    %dup/vec4;
    %pushi/vec4 4, 0, 3;
    %cmp/u;
    %jmp/1 T_33.4, 6;
    %dup/vec4;
    %pushi/vec4 5, 0, 3;
    %cmp/u;
    %jmp/1 T_33.5, 6;
    %dup/vec4;
    %pushi/vec4 6, 0, 3;
    %cmp/u;
    %jmp/1 T_33.6, 6;
    %dup/vec4;
    %pushi/vec4 7, 0, 3;
    %cmp/u;
    %jmp/1 T_33.7, 6;
    %pushi/vec4 0, 0, 64;
    %store/vec4 v0000014ddfc8c270_0, 0, 64;
    %jmp T_33.9;
T_33.0 ;
    %pushi/vec4 0, 0, 64;
    %store/vec4 v0000014ddfc8c270_0, 0, 64;
    %jmp T_33.9;
T_33.1 ;
    %load/vec4 v0000014ddfc8baf0_0;
    %store/vec4 v0000014ddfc8c270_0, 0, 64;
    %jmp T_33.9;
T_33.2 ;
    %load/vec4 v0000014ddfc8baf0_0;
    %store/vec4 v0000014ddfc8c270_0, 0, 64;
    %jmp T_33.9;
T_33.3 ;
    %load/vec4 v0000014ddfc8ce50_0;
    %store/vec4 v0000014ddfc8c270_0, 0, 64;
    %jmp T_33.9;
T_33.4 ;
    %load/vec4 v0000014ddfc8ce50_0;
    %inv;
    %pushi/vec4 1, 0, 64;
    %add;
    %store/vec4 v0000014ddfc8c270_0, 0, 64;
    %jmp T_33.9;
T_33.5 ;
    %load/vec4 v0000014ddfc8baf0_0;
    %inv;
    %pushi/vec4 1, 0, 64;
    %add;
    %store/vec4 v0000014ddfc8c270_0, 0, 64;
    %jmp T_33.9;
T_33.6 ;
    %load/vec4 v0000014ddfc8baf0_0;
    %inv;
    %pushi/vec4 1, 0, 64;
    %add;
    %store/vec4 v0000014ddfc8c270_0, 0, 64;
    %jmp T_33.9;
T_33.7 ;
    %pushi/vec4 0, 0, 64;
    %store/vec4 v0000014ddfc8c270_0, 0, 64;
    %jmp T_33.9;
T_33.9 ;
    %pop/vec4 1;
    %jmp T_33;
    .thread T_33, $push;
    .scope S_0000014ddf94dec0;
T_34 ;
    %wait E_0000014ddfc50200;
    %load/vec4 v0000014ddfc8c770_0;
    %dup/vec4;
    %pushi/vec4 0, 0, 3;
    %cmp/u;
    %jmp/1 T_34.0, 6;
    %dup/vec4;
    %pushi/vec4 1, 0, 3;
    %cmp/u;
    %jmp/1 T_34.1, 6;
    %dup/vec4;
    %pushi/vec4 2, 0, 3;
    %cmp/u;
    %jmp/1 T_34.2, 6;
    %dup/vec4;
    %pushi/vec4 3, 0, 3;
    %cmp/u;
    %jmp/1 T_34.3, 6;
    %dup/vec4;
    %pushi/vec4 4, 0, 3;
    %cmp/u;
    %jmp/1 T_34.4, 6;
    %dup/vec4;
    %pushi/vec4 5, 0, 3;
    %cmp/u;
    %jmp/1 T_34.5, 6;
    %dup/vec4;
    %pushi/vec4 6, 0, 3;
    %cmp/u;
    %jmp/1 T_34.6, 6;
    %dup/vec4;
    %pushi/vec4 7, 0, 3;
    %cmp/u;
    %jmp/1 T_34.7, 6;
    %pushi/vec4 0, 0, 64;
    %store/vec4 v0000014ddfc8cbd0_0, 0, 64;
    %jmp T_34.9;
T_34.0 ;
    %pushi/vec4 0, 0, 64;
    %store/vec4 v0000014ddfc8cbd0_0, 0, 64;
    %jmp T_34.9;
T_34.1 ;
    %load/vec4 v0000014ddfc8c590_0;
    %store/vec4 v0000014ddfc8cbd0_0, 0, 64;
    %jmp T_34.9;
T_34.2 ;
    %load/vec4 v0000014ddfc8c590_0;
    %store/vec4 v0000014ddfc8cbd0_0, 0, 64;
    %jmp T_34.9;
T_34.3 ;
    %load/vec4 v0000014ddfc8ca90_0;
    %store/vec4 v0000014ddfc8cbd0_0, 0, 64;
    %jmp T_34.9;
T_34.4 ;
    %load/vec4 v0000014ddfc8ca90_0;
    %inv;
    %pushi/vec4 1, 0, 64;
    %add;
    %store/vec4 v0000014ddfc8cbd0_0, 0, 64;
    %jmp T_34.9;
T_34.5 ;
    %load/vec4 v0000014ddfc8c590_0;
    %inv;
    %pushi/vec4 1, 0, 64;
    %add;
    %store/vec4 v0000014ddfc8cbd0_0, 0, 64;
    %jmp T_34.9;
T_34.6 ;
    %load/vec4 v0000014ddfc8c590_0;
    %inv;
    %pushi/vec4 1, 0, 64;
    %add;
    %store/vec4 v0000014ddfc8cbd0_0, 0, 64;
    %jmp T_34.9;
T_34.7 ;
    %pushi/vec4 0, 0, 64;
    %store/vec4 v0000014ddfc8cbd0_0, 0, 64;
    %jmp T_34.9;
T_34.9 ;
    %pop/vec4 1;
    %jmp T_34;
    .thread T_34, $push;
    .scope S_0000014ddf93bba0;
T_35 ;
    %wait E_0000014ddfc50900;
    %load/vec4 v0000014ddfae0350_0;
    %dup/vec4;
    %pushi/vec4 0, 0, 3;
    %cmp/u;
    %jmp/1 T_35.0, 6;
    %dup/vec4;
    %pushi/vec4 1, 0, 3;
    %cmp/u;
    %jmp/1 T_35.1, 6;
    %dup/vec4;
    %pushi/vec4 2, 0, 3;
    %cmp/u;
    %jmp/1 T_35.2, 6;
    %dup/vec4;
    %pushi/vec4 3, 0, 3;
    %cmp/u;
    %jmp/1 T_35.3, 6;
    %dup/vec4;
    %pushi/vec4 4, 0, 3;
    %cmp/u;
    %jmp/1 T_35.4, 6;
    %dup/vec4;
    %pushi/vec4 5, 0, 3;
    %cmp/u;
    %jmp/1 T_35.5, 6;
    %dup/vec4;
    %pushi/vec4 6, 0, 3;
    %cmp/u;
    %jmp/1 T_35.6, 6;
    %dup/vec4;
    %pushi/vec4 7, 0, 3;
    %cmp/u;
    %jmp/1 T_35.7, 6;
    %pushi/vec4 0, 0, 64;
    %store/vec4 v0000014ddfae03f0_0, 0, 64;
    %jmp T_35.9;
T_35.0 ;
    %pushi/vec4 0, 0, 64;
    %store/vec4 v0000014ddfae03f0_0, 0, 64;
    %jmp T_35.9;
T_35.1 ;
    %load/vec4 v0000014ddfa92d60_0;
    %store/vec4 v0000014ddfae03f0_0, 0, 64;
    %jmp T_35.9;
T_35.2 ;
    %load/vec4 v0000014ddfa92d60_0;
    %store/vec4 v0000014ddfae03f0_0, 0, 64;
    %jmp T_35.9;
T_35.3 ;
    %load/vec4 v0000014ddfa92fe0_0;
    %store/vec4 v0000014ddfae03f0_0, 0, 64;
    %jmp T_35.9;
T_35.4 ;
    %load/vec4 v0000014ddfa92fe0_0;
    %inv;
    %pushi/vec4 1, 0, 64;
    %add;
    %store/vec4 v0000014ddfae03f0_0, 0, 64;
    %jmp T_35.9;
T_35.5 ;
    %load/vec4 v0000014ddfa92d60_0;
    %inv;
    %pushi/vec4 1, 0, 64;
    %add;
    %store/vec4 v0000014ddfae03f0_0, 0, 64;
    %jmp T_35.9;
T_35.6 ;
    %load/vec4 v0000014ddfa92d60_0;
    %inv;
    %pushi/vec4 1, 0, 64;
    %add;
    %store/vec4 v0000014ddfae03f0_0, 0, 64;
    %jmp T_35.9;
T_35.7 ;
    %pushi/vec4 0, 0, 64;
    %store/vec4 v0000014ddfae03f0_0, 0, 64;
    %jmp T_35.9;
T_35.9 ;
    %pop/vec4 1;
    %jmp T_35;
    .thread T_35, $push;
    .scope S_0000014ddf94b5b0;
T_36 ;
    %wait E_0000014ddfc50a00;
    %load/vec4 v0000014ddfce6790_0;
    %dup/vec4;
    %pushi/vec4 0, 0, 3;
    %cmp/u;
    %jmp/1 T_36.0, 6;
    %dup/vec4;
    %pushi/vec4 1, 0, 3;
    %cmp/u;
    %jmp/1 T_36.1, 6;
    %dup/vec4;
    %pushi/vec4 2, 0, 3;
    %cmp/u;
    %jmp/1 T_36.2, 6;
    %dup/vec4;
    %pushi/vec4 3, 0, 3;
    %cmp/u;
    %jmp/1 T_36.3, 6;
    %dup/vec4;
    %pushi/vec4 4, 0, 3;
    %cmp/u;
    %jmp/1 T_36.4, 6;
    %dup/vec4;
    %pushi/vec4 5, 0, 3;
    %cmp/u;
    %jmp/1 T_36.5, 6;
    %dup/vec4;
    %pushi/vec4 6, 0, 3;
    %cmp/u;
    %jmp/1 T_36.6, 6;
    %dup/vec4;
    %pushi/vec4 7, 0, 3;
    %cmp/u;
    %jmp/1 T_36.7, 6;
    %pushi/vec4 0, 0, 64;
    %store/vec4 v0000014ddfce6ab0_0, 0, 64;
    %jmp T_36.9;
T_36.0 ;
    %pushi/vec4 0, 0, 64;
    %store/vec4 v0000014ddfce6ab0_0, 0, 64;
    %jmp T_36.9;
T_36.1 ;
    %load/vec4 v0000014ddfaab9f0_0;
    %store/vec4 v0000014ddfce6ab0_0, 0, 64;
    %jmp T_36.9;
T_36.2 ;
    %load/vec4 v0000014ddfaab9f0_0;
    %store/vec4 v0000014ddfce6ab0_0, 0, 64;
    %jmp T_36.9;
T_36.3 ;
    %load/vec4 v0000014ddfae08f0_0;
    %store/vec4 v0000014ddfce6ab0_0, 0, 64;
    %jmp T_36.9;
T_36.4 ;
    %load/vec4 v0000014ddfae08f0_0;
    %inv;
    %pushi/vec4 1, 0, 64;
    %add;
    %store/vec4 v0000014ddfce6ab0_0, 0, 64;
    %jmp T_36.9;
T_36.5 ;
    %load/vec4 v0000014ddfaab9f0_0;
    %inv;
    %pushi/vec4 1, 0, 64;
    %add;
    %store/vec4 v0000014ddfce6ab0_0, 0, 64;
    %jmp T_36.9;
T_36.6 ;
    %load/vec4 v0000014ddfaab9f0_0;
    %inv;
    %pushi/vec4 1, 0, 64;
    %add;
    %store/vec4 v0000014ddfce6ab0_0, 0, 64;
    %jmp T_36.9;
T_36.7 ;
    %pushi/vec4 0, 0, 64;
    %store/vec4 v0000014ddfce6ab0_0, 0, 64;
    %jmp T_36.9;
T_36.9 ;
    %pop/vec4 1;
    %jmp T_36;
    .thread T_36, $push;
    .scope S_0000014ddfced2f0;
T_37 ;
    %wait E_0000014ddfc52040;
    %load/vec4 v0000014ddfce5750_0;
    %dup/vec4;
    %pushi/vec4 0, 0, 3;
    %cmp/u;
    %jmp/1 T_37.0, 6;
    %dup/vec4;
    %pushi/vec4 1, 0, 3;
    %cmp/u;
    %jmp/1 T_37.1, 6;
    %dup/vec4;
    %pushi/vec4 2, 0, 3;
    %cmp/u;
    %jmp/1 T_37.2, 6;
    %dup/vec4;
    %pushi/vec4 3, 0, 3;
    %cmp/u;
    %jmp/1 T_37.3, 6;
    %dup/vec4;
    %pushi/vec4 4, 0, 3;
    %cmp/u;
    %jmp/1 T_37.4, 6;
    %dup/vec4;
    %pushi/vec4 5, 0, 3;
    %cmp/u;
    %jmp/1 T_37.5, 6;
    %dup/vec4;
    %pushi/vec4 6, 0, 3;
    %cmp/u;
    %jmp/1 T_37.6, 6;
    %dup/vec4;
    %pushi/vec4 7, 0, 3;
    %cmp/u;
    %jmp/1 T_37.7, 6;
    %pushi/vec4 0, 0, 64;
    %store/vec4 v0000014ddfce6d30_0, 0, 64;
    %jmp T_37.9;
T_37.0 ;
    %pushi/vec4 0, 0, 64;
    %store/vec4 v0000014ddfce6d30_0, 0, 64;
    %jmp T_37.9;
T_37.1 ;
    %load/vec4 v0000014ddfce59d0_0;
    %store/vec4 v0000014ddfce6d30_0, 0, 64;
    %jmp T_37.9;
T_37.2 ;
    %load/vec4 v0000014ddfce59d0_0;
    %store/vec4 v0000014ddfce6d30_0, 0, 64;
    %jmp T_37.9;
T_37.3 ;
    %load/vec4 v0000014ddfce6970_0;
    %store/vec4 v0000014ddfce6d30_0, 0, 64;
    %jmp T_37.9;
T_37.4 ;
    %load/vec4 v0000014ddfce6970_0;
    %inv;
    %pushi/vec4 1, 0, 64;
    %add;
    %store/vec4 v0000014ddfce6d30_0, 0, 64;
    %jmp T_37.9;
T_37.5 ;
    %load/vec4 v0000014ddfce59d0_0;
    %inv;
    %pushi/vec4 1, 0, 64;
    %add;
    %store/vec4 v0000014ddfce6d30_0, 0, 64;
    %jmp T_37.9;
T_37.6 ;
    %load/vec4 v0000014ddfce59d0_0;
    %inv;
    %pushi/vec4 1, 0, 64;
    %add;
    %store/vec4 v0000014ddfce6d30_0, 0, 64;
    %jmp T_37.9;
T_37.7 ;
    %pushi/vec4 0, 0, 64;
    %store/vec4 v0000014ddfce6d30_0, 0, 64;
    %jmp T_37.9;
T_37.9 ;
    %pop/vec4 1;
    %jmp T_37;
    .thread T_37, $push;
    .scope S_0000014ddfcedc50;
T_38 ;
    %wait E_0000014ddfc51f00;
    %load/vec4 v0000014ddfce6330_0;
    %dup/vec4;
    %pushi/vec4 0, 0, 3;
    %cmp/u;
    %jmp/1 T_38.0, 6;
    %dup/vec4;
    %pushi/vec4 1, 0, 3;
    %cmp/u;
    %jmp/1 T_38.1, 6;
    %dup/vec4;
    %pushi/vec4 2, 0, 3;
    %cmp/u;
    %jmp/1 T_38.2, 6;
    %dup/vec4;
    %pushi/vec4 3, 0, 3;
    %cmp/u;
    %jmp/1 T_38.3, 6;
    %dup/vec4;
    %pushi/vec4 4, 0, 3;
    %cmp/u;
    %jmp/1 T_38.4, 6;
    %dup/vec4;
    %pushi/vec4 5, 0, 3;
    %cmp/u;
    %jmp/1 T_38.5, 6;
    %dup/vec4;
    %pushi/vec4 6, 0, 3;
    %cmp/u;
    %jmp/1 T_38.6, 6;
    %dup/vec4;
    %pushi/vec4 7, 0, 3;
    %cmp/u;
    %jmp/1 T_38.7, 6;
    %pushi/vec4 0, 0, 64;
    %store/vec4 v0000014ddfce6f10_0, 0, 64;
    %jmp T_38.9;
T_38.0 ;
    %pushi/vec4 0, 0, 64;
    %store/vec4 v0000014ddfce6f10_0, 0, 64;
    %jmp T_38.9;
T_38.1 ;
    %load/vec4 v0000014ddfce7910_0;
    %store/vec4 v0000014ddfce6f10_0, 0, 64;
    %jmp T_38.9;
T_38.2 ;
    %load/vec4 v0000014ddfce7910_0;
    %store/vec4 v0000014ddfce6f10_0, 0, 64;
    %jmp T_38.9;
T_38.3 ;
    %load/vec4 v0000014ddfce7370_0;
    %store/vec4 v0000014ddfce6f10_0, 0, 64;
    %jmp T_38.9;
T_38.4 ;
    %load/vec4 v0000014ddfce7370_0;
    %inv;
    %pushi/vec4 1, 0, 64;
    %add;
    %store/vec4 v0000014ddfce6f10_0, 0, 64;
    %jmp T_38.9;
T_38.5 ;
    %load/vec4 v0000014ddfce7910_0;
    %inv;
    %pushi/vec4 1, 0, 64;
    %add;
    %store/vec4 v0000014ddfce6f10_0, 0, 64;
    %jmp T_38.9;
T_38.6 ;
    %load/vec4 v0000014ddfce7910_0;
    %inv;
    %pushi/vec4 1, 0, 64;
    %add;
    %store/vec4 v0000014ddfce6f10_0, 0, 64;
    %jmp T_38.9;
T_38.7 ;
    %pushi/vec4 0, 0, 64;
    %store/vec4 v0000014ddfce6f10_0, 0, 64;
    %jmp T_38.9;
T_38.9 ;
    %pop/vec4 1;
    %jmp T_38;
    .thread T_38, $push;
    .scope S_0000014ddfcedf70;
T_39 ;
    %wait E_0000014ddfc51300;
    %load/vec4 v0000014ddfce5c50_0;
    %dup/vec4;
    %pushi/vec4 0, 0, 3;
    %cmp/u;
    %jmp/1 T_39.0, 6;
    %dup/vec4;
    %pushi/vec4 1, 0, 3;
    %cmp/u;
    %jmp/1 T_39.1, 6;
    %dup/vec4;
    %pushi/vec4 2, 0, 3;
    %cmp/u;
    %jmp/1 T_39.2, 6;
    %dup/vec4;
    %pushi/vec4 3, 0, 3;
    %cmp/u;
    %jmp/1 T_39.3, 6;
    %dup/vec4;
    %pushi/vec4 4, 0, 3;
    %cmp/u;
    %jmp/1 T_39.4, 6;
    %dup/vec4;
    %pushi/vec4 5, 0, 3;
    %cmp/u;
    %jmp/1 T_39.5, 6;
    %dup/vec4;
    %pushi/vec4 6, 0, 3;
    %cmp/u;
    %jmp/1 T_39.6, 6;
    %dup/vec4;
    %pushi/vec4 7, 0, 3;
    %cmp/u;
    %jmp/1 T_39.7, 6;
    %pushi/vec4 0, 0, 64;
    %store/vec4 v0000014ddfce6dd0_0, 0, 64;
    %jmp T_39.9;
T_39.0 ;
    %pushi/vec4 0, 0, 64;
    %store/vec4 v0000014ddfce6dd0_0, 0, 64;
    %jmp T_39.9;
T_39.1 ;
    %load/vec4 v0000014ddfce6510_0;
    %store/vec4 v0000014ddfce6dd0_0, 0, 64;
    %jmp T_39.9;
T_39.2 ;
    %load/vec4 v0000014ddfce6510_0;
    %store/vec4 v0000014ddfce6dd0_0, 0, 64;
    %jmp T_39.9;
T_39.3 ;
    %load/vec4 v0000014ddfce6bf0_0;
    %store/vec4 v0000014ddfce6dd0_0, 0, 64;
    %jmp T_39.9;
T_39.4 ;
    %load/vec4 v0000014ddfce6bf0_0;
    %inv;
    %pushi/vec4 1, 0, 64;
    %add;
    %store/vec4 v0000014ddfce6dd0_0, 0, 64;
    %jmp T_39.9;
T_39.5 ;
    %load/vec4 v0000014ddfce6510_0;
    %inv;
    %pushi/vec4 1, 0, 64;
    %add;
    %store/vec4 v0000014ddfce6dd0_0, 0, 64;
    %jmp T_39.9;
T_39.6 ;
    %load/vec4 v0000014ddfce6510_0;
    %inv;
    %pushi/vec4 1, 0, 64;
    %add;
    %store/vec4 v0000014ddfce6dd0_0, 0, 64;
    %jmp T_39.9;
T_39.7 ;
    %pushi/vec4 0, 0, 64;
    %store/vec4 v0000014ddfce6dd0_0, 0, 64;
    %jmp T_39.9;
T_39.9 ;
    %pop/vec4 1;
    %jmp T_39;
    .thread T_39, $push;
    .scope S_0000014ddfcedde0;
T_40 ;
    %wait E_0000014ddfc51f80;
    %load/vec4 v0000014ddfce5e30_0;
    %dup/vec4;
    %pushi/vec4 0, 0, 3;
    %cmp/u;
    %jmp/1 T_40.0, 6;
    %dup/vec4;
    %pushi/vec4 1, 0, 3;
    %cmp/u;
    %jmp/1 T_40.1, 6;
    %dup/vec4;
    %pushi/vec4 2, 0, 3;
    %cmp/u;
    %jmp/1 T_40.2, 6;
    %dup/vec4;
    %pushi/vec4 3, 0, 3;
    %cmp/u;
    %jmp/1 T_40.3, 6;
    %dup/vec4;
    %pushi/vec4 4, 0, 3;
    %cmp/u;
    %jmp/1 T_40.4, 6;
    %dup/vec4;
    %pushi/vec4 5, 0, 3;
    %cmp/u;
    %jmp/1 T_40.5, 6;
    %dup/vec4;
    %pushi/vec4 6, 0, 3;
    %cmp/u;
    %jmp/1 T_40.6, 6;
    %dup/vec4;
    %pushi/vec4 7, 0, 3;
    %cmp/u;
    %jmp/1 T_40.7, 6;
    %pushi/vec4 0, 0, 64;
    %store/vec4 v0000014ddfce5ed0_0, 0, 64;
    %jmp T_40.9;
T_40.0 ;
    %pushi/vec4 0, 0, 64;
    %store/vec4 v0000014ddfce5ed0_0, 0, 64;
    %jmp T_40.9;
T_40.1 ;
    %load/vec4 v0000014ddfce7230_0;
    %store/vec4 v0000014ddfce5ed0_0, 0, 64;
    %jmp T_40.9;
T_40.2 ;
    %load/vec4 v0000014ddfce7230_0;
    %store/vec4 v0000014ddfce5ed0_0, 0, 64;
    %jmp T_40.9;
T_40.3 ;
    %load/vec4 v0000014ddfce6010_0;
    %store/vec4 v0000014ddfce5ed0_0, 0, 64;
    %jmp T_40.9;
T_40.4 ;
    %load/vec4 v0000014ddfce6010_0;
    %inv;
    %pushi/vec4 1, 0, 64;
    %add;
    %store/vec4 v0000014ddfce5ed0_0, 0, 64;
    %jmp T_40.9;
T_40.5 ;
    %load/vec4 v0000014ddfce7230_0;
    %inv;
    %pushi/vec4 1, 0, 64;
    %add;
    %store/vec4 v0000014ddfce5ed0_0, 0, 64;
    %jmp T_40.9;
T_40.6 ;
    %load/vec4 v0000014ddfce7230_0;
    %inv;
    %pushi/vec4 1, 0, 64;
    %add;
    %store/vec4 v0000014ddfce5ed0_0, 0, 64;
    %jmp T_40.9;
T_40.7 ;
    %pushi/vec4 0, 0, 64;
    %store/vec4 v0000014ddfce5ed0_0, 0, 64;
    %jmp T_40.9;
T_40.9 ;
    %pop/vec4 1;
    %jmp T_40;
    .thread T_40, $push;
    .scope S_0000014ddfced930;
T_41 ;
    %wait E_0000014ddfc51900;
    %load/vec4 v0000014ddfce9ad0_0;
    %dup/vec4;
    %pushi/vec4 0, 0, 3;
    %cmp/u;
    %jmp/1 T_41.0, 6;
    %dup/vec4;
    %pushi/vec4 1, 0, 3;
    %cmp/u;
    %jmp/1 T_41.1, 6;
    %dup/vec4;
    %pushi/vec4 2, 0, 3;
    %cmp/u;
    %jmp/1 T_41.2, 6;
    %dup/vec4;
    %pushi/vec4 3, 0, 3;
    %cmp/u;
    %jmp/1 T_41.3, 6;
    %dup/vec4;
    %pushi/vec4 4, 0, 3;
    %cmp/u;
    %jmp/1 T_41.4, 6;
    %dup/vec4;
    %pushi/vec4 5, 0, 3;
    %cmp/u;
    %jmp/1 T_41.5, 6;
    %dup/vec4;
    %pushi/vec4 6, 0, 3;
    %cmp/u;
    %jmp/1 T_41.6, 6;
    %dup/vec4;
    %pushi/vec4 7, 0, 3;
    %cmp/u;
    %jmp/1 T_41.7, 6;
    %pushi/vec4 0, 0, 64;
    %store/vec4 v0000014ddfce9490_0, 0, 64;
    %jmp T_41.9;
T_41.0 ;
    %pushi/vec4 0, 0, 64;
    %store/vec4 v0000014ddfce9490_0, 0, 64;
    %jmp T_41.9;
T_41.1 ;
    %load/vec4 v0000014ddfce61f0_0;
    %store/vec4 v0000014ddfce9490_0, 0, 64;
    %jmp T_41.9;
T_41.2 ;
    %load/vec4 v0000014ddfce61f0_0;
    %store/vec4 v0000014ddfce9490_0, 0, 64;
    %jmp T_41.9;
T_41.3 ;
    %load/vec4 v0000014ddfce60b0_0;
    %store/vec4 v0000014ddfce9490_0, 0, 64;
    %jmp T_41.9;
T_41.4 ;
    %load/vec4 v0000014ddfce60b0_0;
    %inv;
    %pushi/vec4 1, 0, 64;
    %add;
    %store/vec4 v0000014ddfce9490_0, 0, 64;
    %jmp T_41.9;
T_41.5 ;
    %load/vec4 v0000014ddfce61f0_0;
    %inv;
    %pushi/vec4 1, 0, 64;
    %add;
    %store/vec4 v0000014ddfce9490_0, 0, 64;
    %jmp T_41.9;
T_41.6 ;
    %load/vec4 v0000014ddfce61f0_0;
    %inv;
    %pushi/vec4 1, 0, 64;
    %add;
    %store/vec4 v0000014ddfce9490_0, 0, 64;
    %jmp T_41.9;
T_41.7 ;
    %pushi/vec4 0, 0, 64;
    %store/vec4 v0000014ddfce9490_0, 0, 64;
    %jmp T_41.9;
T_41.9 ;
    %pop/vec4 1;
    %jmp T_41;
    .thread T_41, $push;
    .scope S_0000014ddfcee940;
T_42 ;
    %wait E_0000014ddfc51ac0;
    %load/vec4 v0000014ddfce93f0_0;
    %dup/vec4;
    %pushi/vec4 0, 0, 3;
    %cmp/u;
    %jmp/1 T_42.0, 6;
    %dup/vec4;
    %pushi/vec4 1, 0, 3;
    %cmp/u;
    %jmp/1 T_42.1, 6;
    %dup/vec4;
    %pushi/vec4 2, 0, 3;
    %cmp/u;
    %jmp/1 T_42.2, 6;
    %dup/vec4;
    %pushi/vec4 3, 0, 3;
    %cmp/u;
    %jmp/1 T_42.3, 6;
    %dup/vec4;
    %pushi/vec4 4, 0, 3;
    %cmp/u;
    %jmp/1 T_42.4, 6;
    %dup/vec4;
    %pushi/vec4 5, 0, 3;
    %cmp/u;
    %jmp/1 T_42.5, 6;
    %dup/vec4;
    %pushi/vec4 6, 0, 3;
    %cmp/u;
    %jmp/1 T_42.6, 6;
    %dup/vec4;
    %pushi/vec4 7, 0, 3;
    %cmp/u;
    %jmp/1 T_42.7, 6;
    %pushi/vec4 0, 0, 64;
    %store/vec4 v0000014ddfce8db0_0, 0, 64;
    %jmp T_42.9;
T_42.0 ;
    %pushi/vec4 0, 0, 64;
    %store/vec4 v0000014ddfce8db0_0, 0, 64;
    %jmp T_42.9;
T_42.1 ;
    %load/vec4 v0000014ddfce7f50_0;
    %store/vec4 v0000014ddfce8db0_0, 0, 64;
    %jmp T_42.9;
T_42.2 ;
    %load/vec4 v0000014ddfce7f50_0;
    %store/vec4 v0000014ddfce8db0_0, 0, 64;
    %jmp T_42.9;
T_42.3 ;
    %load/vec4 v0000014ddfce8590_0;
    %store/vec4 v0000014ddfce8db0_0, 0, 64;
    %jmp T_42.9;
T_42.4 ;
    %load/vec4 v0000014ddfce8590_0;
    %inv;
    %pushi/vec4 1, 0, 64;
    %add;
    %store/vec4 v0000014ddfce8db0_0, 0, 64;
    %jmp T_42.9;
T_42.5 ;
    %load/vec4 v0000014ddfce7f50_0;
    %inv;
    %pushi/vec4 1, 0, 64;
    %add;
    %store/vec4 v0000014ddfce8db0_0, 0, 64;
    %jmp T_42.9;
T_42.6 ;
    %load/vec4 v0000014ddfce7f50_0;
    %inv;
    %pushi/vec4 1, 0, 64;
    %add;
    %store/vec4 v0000014ddfce8db0_0, 0, 64;
    %jmp T_42.9;
T_42.7 ;
    %pushi/vec4 0, 0, 64;
    %store/vec4 v0000014ddfce8db0_0, 0, 64;
    %jmp T_42.9;
T_42.9 ;
    %pop/vec4 1;
    %jmp T_42;
    .thread T_42, $push;
    .scope S_0000014ddfcefd90;
T_43 ;
    %wait E_0000014ddfc51bc0;
    %load/vec4 v0000014ddfce9b70_0;
    %dup/vec4;
    %pushi/vec4 0, 0, 3;
    %cmp/u;
    %jmp/1 T_43.0, 6;
    %dup/vec4;
    %pushi/vec4 1, 0, 3;
    %cmp/u;
    %jmp/1 T_43.1, 6;
    %dup/vec4;
    %pushi/vec4 2, 0, 3;
    %cmp/u;
    %jmp/1 T_43.2, 6;
    %dup/vec4;
    %pushi/vec4 3, 0, 3;
    %cmp/u;
    %jmp/1 T_43.3, 6;
    %dup/vec4;
    %pushi/vec4 4, 0, 3;
    %cmp/u;
    %jmp/1 T_43.4, 6;
    %dup/vec4;
    %pushi/vec4 5, 0, 3;
    %cmp/u;
    %jmp/1 T_43.5, 6;
    %dup/vec4;
    %pushi/vec4 6, 0, 3;
    %cmp/u;
    %jmp/1 T_43.6, 6;
    %dup/vec4;
    %pushi/vec4 7, 0, 3;
    %cmp/u;
    %jmp/1 T_43.7, 6;
    %pushi/vec4 0, 0, 64;
    %store/vec4 v0000014ddfce9990_0, 0, 64;
    %jmp T_43.9;
T_43.0 ;
    %pushi/vec4 0, 0, 64;
    %store/vec4 v0000014ddfce9990_0, 0, 64;
    %jmp T_43.9;
T_43.1 ;
    %load/vec4 v0000014ddfce9fd0_0;
    %store/vec4 v0000014ddfce9990_0, 0, 64;
    %jmp T_43.9;
T_43.2 ;
    %load/vec4 v0000014ddfce9fd0_0;
    %store/vec4 v0000014ddfce9990_0, 0, 64;
    %jmp T_43.9;
T_43.3 ;
    %load/vec4 v0000014ddfce9f30_0;
    %store/vec4 v0000014ddfce9990_0, 0, 64;
    %jmp T_43.9;
T_43.4 ;
    %load/vec4 v0000014ddfce9f30_0;
    %inv;
    %pushi/vec4 1, 0, 64;
    %add;
    %store/vec4 v0000014ddfce9990_0, 0, 64;
    %jmp T_43.9;
T_43.5 ;
    %load/vec4 v0000014ddfce9fd0_0;
    %inv;
    %pushi/vec4 1, 0, 64;
    %add;
    %store/vec4 v0000014ddfce9990_0, 0, 64;
    %jmp T_43.9;
T_43.6 ;
    %load/vec4 v0000014ddfce9fd0_0;
    %inv;
    %pushi/vec4 1, 0, 64;
    %add;
    %store/vec4 v0000014ddfce9990_0, 0, 64;
    %jmp T_43.9;
T_43.7 ;
    %pushi/vec4 0, 0, 64;
    %store/vec4 v0000014ddfce9990_0, 0, 64;
    %jmp T_43.9;
T_43.9 ;
    %pop/vec4 1;
    %jmp T_43;
    .thread T_43, $push;
    .scope S_0000014ddfcef110;
T_44 ;
    %wait E_0000014ddfc516c0;
    %load/vec4 v0000014ddfce9d50_0;
    %dup/vec4;
    %pushi/vec4 0, 0, 3;
    %cmp/u;
    %jmp/1 T_44.0, 6;
    %dup/vec4;
    %pushi/vec4 1, 0, 3;
    %cmp/u;
    %jmp/1 T_44.1, 6;
    %dup/vec4;
    %pushi/vec4 2, 0, 3;
    %cmp/u;
    %jmp/1 T_44.2, 6;
    %dup/vec4;
    %pushi/vec4 3, 0, 3;
    %cmp/u;
    %jmp/1 T_44.3, 6;
    %dup/vec4;
    %pushi/vec4 4, 0, 3;
    %cmp/u;
    %jmp/1 T_44.4, 6;
    %dup/vec4;
    %pushi/vec4 5, 0, 3;
    %cmp/u;
    %jmp/1 T_44.5, 6;
    %dup/vec4;
    %pushi/vec4 6, 0, 3;
    %cmp/u;
    %jmp/1 T_44.6, 6;
    %dup/vec4;
    %pushi/vec4 7, 0, 3;
    %cmp/u;
    %jmp/1 T_44.7, 6;
    %pushi/vec4 0, 0, 64;
    %store/vec4 v0000014ddfce7e10_0, 0, 64;
    %jmp T_44.9;
T_44.0 ;
    %pushi/vec4 0, 0, 64;
    %store/vec4 v0000014ddfce7e10_0, 0, 64;
    %jmp T_44.9;
T_44.1 ;
    %load/vec4 v0000014ddfce9cb0_0;
    %store/vec4 v0000014ddfce7e10_0, 0, 64;
    %jmp T_44.9;
T_44.2 ;
    %load/vec4 v0000014ddfce9cb0_0;
    %store/vec4 v0000014ddfce7e10_0, 0, 64;
    %jmp T_44.9;
T_44.3 ;
    %load/vec4 v0000014ddfce9c10_0;
    %store/vec4 v0000014ddfce7e10_0, 0, 64;
    %jmp T_44.9;
T_44.4 ;
    %load/vec4 v0000014ddfce9c10_0;
    %inv;
    %pushi/vec4 1, 0, 64;
    %add;
    %store/vec4 v0000014ddfce7e10_0, 0, 64;
    %jmp T_44.9;
T_44.5 ;
    %load/vec4 v0000014ddfce9cb0_0;
    %inv;
    %pushi/vec4 1, 0, 64;
    %add;
    %store/vec4 v0000014ddfce7e10_0, 0, 64;
    %jmp T_44.9;
T_44.6 ;
    %load/vec4 v0000014ddfce9cb0_0;
    %inv;
    %pushi/vec4 1, 0, 64;
    %add;
    %store/vec4 v0000014ddfce7e10_0, 0, 64;
    %jmp T_44.9;
T_44.7 ;
    %pushi/vec4 0, 0, 64;
    %store/vec4 v0000014ddfce7e10_0, 0, 64;
    %jmp T_44.9;
T_44.9 ;
    %pop/vec4 1;
    %jmp T_44;
    .thread T_44, $push;
    .scope S_0000014ddfcf00b0;
T_45 ;
    %wait E_0000014ddfc517c0;
    %load/vec4 v0000014ddfce9710_0;
    %dup/vec4;
    %pushi/vec4 0, 0, 3;
    %cmp/u;
    %jmp/1 T_45.0, 6;
    %dup/vec4;
    %pushi/vec4 1, 0, 3;
    %cmp/u;
    %jmp/1 T_45.1, 6;
    %dup/vec4;
    %pushi/vec4 2, 0, 3;
    %cmp/u;
    %jmp/1 T_45.2, 6;
    %dup/vec4;
    %pushi/vec4 3, 0, 3;
    %cmp/u;
    %jmp/1 T_45.3, 6;
    %dup/vec4;
    %pushi/vec4 4, 0, 3;
    %cmp/u;
    %jmp/1 T_45.4, 6;
    %dup/vec4;
    %pushi/vec4 5, 0, 3;
    %cmp/u;
    %jmp/1 T_45.5, 6;
    %dup/vec4;
    %pushi/vec4 6, 0, 3;
    %cmp/u;
    %jmp/1 T_45.6, 6;
    %dup/vec4;
    %pushi/vec4 7, 0, 3;
    %cmp/u;
    %jmp/1 T_45.7, 6;
    %pushi/vec4 0, 0, 64;
    %store/vec4 v0000014ddfce9e90_0, 0, 64;
    %jmp T_45.9;
T_45.0 ;
    %pushi/vec4 0, 0, 64;
    %store/vec4 v0000014ddfce9e90_0, 0, 64;
    %jmp T_45.9;
T_45.1 ;
    %load/vec4 v0000014ddfce8450_0;
    %store/vec4 v0000014ddfce9e90_0, 0, 64;
    %jmp T_45.9;
T_45.2 ;
    %load/vec4 v0000014ddfce8450_0;
    %store/vec4 v0000014ddfce9e90_0, 0, 64;
    %jmp T_45.9;
T_45.3 ;
    %load/vec4 v0000014ddfce83b0_0;
    %store/vec4 v0000014ddfce9e90_0, 0, 64;
    %jmp T_45.9;
T_45.4 ;
    %load/vec4 v0000014ddfce83b0_0;
    %inv;
    %pushi/vec4 1, 0, 64;
    %add;
    %store/vec4 v0000014ddfce9e90_0, 0, 64;
    %jmp T_45.9;
T_45.5 ;
    %load/vec4 v0000014ddfce8450_0;
    %inv;
    %pushi/vec4 1, 0, 64;
    %add;
    %store/vec4 v0000014ddfce9e90_0, 0, 64;
    %jmp T_45.9;
T_45.6 ;
    %load/vec4 v0000014ddfce8450_0;
    %inv;
    %pushi/vec4 1, 0, 64;
    %add;
    %store/vec4 v0000014ddfce9e90_0, 0, 64;
    %jmp T_45.9;
T_45.7 ;
    %pushi/vec4 0, 0, 64;
    %store/vec4 v0000014ddfce9e90_0, 0, 64;
    %jmp T_45.9;
T_45.9 ;
    %pop/vec4 1;
    %jmp T_45;
    .thread T_45, $push;
    .scope S_0000014ddfceec60;
T_46 ;
    %wait E_0000014ddfc51c00;
    %load/vec4 v0000014ddfce98f0_0;
    %dup/vec4;
    %pushi/vec4 0, 0, 3;
    %cmp/u;
    %jmp/1 T_46.0, 6;
    %dup/vec4;
    %pushi/vec4 1, 0, 3;
    %cmp/u;
    %jmp/1 T_46.1, 6;
    %dup/vec4;
    %pushi/vec4 2, 0, 3;
    %cmp/u;
    %jmp/1 T_46.2, 6;
    %dup/vec4;
    %pushi/vec4 3, 0, 3;
    %cmp/u;
    %jmp/1 T_46.3, 6;
    %dup/vec4;
    %pushi/vec4 4, 0, 3;
    %cmp/u;
    %jmp/1 T_46.4, 6;
    %dup/vec4;
    %pushi/vec4 5, 0, 3;
    %cmp/u;
    %jmp/1 T_46.5, 6;
    %dup/vec4;
    %pushi/vec4 6, 0, 3;
    %cmp/u;
    %jmp/1 T_46.6, 6;
    %dup/vec4;
    %pushi/vec4 7, 0, 3;
    %cmp/u;
    %jmp/1 T_46.7, 6;
    %pushi/vec4 0, 0, 64;
    %store/vec4 v0000014ddfcea250_0, 0, 64;
    %jmp T_46.9;
T_46.0 ;
    %pushi/vec4 0, 0, 64;
    %store/vec4 v0000014ddfcea250_0, 0, 64;
    %jmp T_46.9;
T_46.1 ;
    %load/vec4 v0000014ddfce97b0_0;
    %store/vec4 v0000014ddfcea250_0, 0, 64;
    %jmp T_46.9;
T_46.2 ;
    %load/vec4 v0000014ddfce97b0_0;
    %store/vec4 v0000014ddfcea250_0, 0, 64;
    %jmp T_46.9;
T_46.3 ;
    %load/vec4 v0000014ddfce9670_0;
    %store/vec4 v0000014ddfcea250_0, 0, 64;
    %jmp T_46.9;
T_46.4 ;
    %load/vec4 v0000014ddfce9670_0;
    %inv;
    %pushi/vec4 1, 0, 64;
    %add;
    %store/vec4 v0000014ddfcea250_0, 0, 64;
    %jmp T_46.9;
T_46.5 ;
    %load/vec4 v0000014ddfce97b0_0;
    %inv;
    %pushi/vec4 1, 0, 64;
    %add;
    %store/vec4 v0000014ddfcea250_0, 0, 64;
    %jmp T_46.9;
T_46.6 ;
    %load/vec4 v0000014ddfce97b0_0;
    %inv;
    %pushi/vec4 1, 0, 64;
    %add;
    %store/vec4 v0000014ddfcea250_0, 0, 64;
    %jmp T_46.9;
T_46.7 ;
    %pushi/vec4 0, 0, 64;
    %store/vec4 v0000014ddfcea250_0, 0, 64;
    %jmp T_46.9;
T_46.9 ;
    %pop/vec4 1;
    %jmp T_46;
    .thread T_46, $push;
    .scope S_0000014ddfcee300;
T_47 ;
    %wait E_0000014ddfc511c0;
    %load/vec4 v0000014ddfcec9b0_0;
    %dup/vec4;
    %pushi/vec4 0, 0, 3;
    %cmp/u;
    %jmp/1 T_47.0, 6;
    %dup/vec4;
    %pushi/vec4 1, 0, 3;
    %cmp/u;
    %jmp/1 T_47.1, 6;
    %dup/vec4;
    %pushi/vec4 2, 0, 3;
    %cmp/u;
    %jmp/1 T_47.2, 6;
    %dup/vec4;
    %pushi/vec4 3, 0, 3;
    %cmp/u;
    %jmp/1 T_47.3, 6;
    %dup/vec4;
    %pushi/vec4 4, 0, 3;
    %cmp/u;
    %jmp/1 T_47.4, 6;
    %dup/vec4;
    %pushi/vec4 5, 0, 3;
    %cmp/u;
    %jmp/1 T_47.5, 6;
    %dup/vec4;
    %pushi/vec4 6, 0, 3;
    %cmp/u;
    %jmp/1 T_47.6, 6;
    %dup/vec4;
    %pushi/vec4 7, 0, 3;
    %cmp/u;
    %jmp/1 T_47.7, 6;
    %pushi/vec4 0, 0, 64;
    %store/vec4 v0000014ddfcebfb0_0, 0, 64;
    %jmp T_47.9;
T_47.0 ;
    %pushi/vec4 0, 0, 64;
    %store/vec4 v0000014ddfcebfb0_0, 0, 64;
    %jmp T_47.9;
T_47.1 ;
    %load/vec4 v0000014ddfcebbf0_0;
    %store/vec4 v0000014ddfcebfb0_0, 0, 64;
    %jmp T_47.9;
T_47.2 ;
    %load/vec4 v0000014ddfcebbf0_0;
    %store/vec4 v0000014ddfcebfb0_0, 0, 64;
    %jmp T_47.9;
T_47.3 ;
    %load/vec4 v0000014ddfcec5f0_0;
    %store/vec4 v0000014ddfcebfb0_0, 0, 64;
    %jmp T_47.9;
T_47.4 ;
    %load/vec4 v0000014ddfcec5f0_0;
    %inv;
    %pushi/vec4 1, 0, 64;
    %add;
    %store/vec4 v0000014ddfcebfb0_0, 0, 64;
    %jmp T_47.9;
T_47.5 ;
    %load/vec4 v0000014ddfcebbf0_0;
    %inv;
    %pushi/vec4 1, 0, 64;
    %add;
    %store/vec4 v0000014ddfcebfb0_0, 0, 64;
    %jmp T_47.9;
T_47.6 ;
    %load/vec4 v0000014ddfcebbf0_0;
    %inv;
    %pushi/vec4 1, 0, 64;
    %add;
    %store/vec4 v0000014ddfcebfb0_0, 0, 64;
    %jmp T_47.9;
T_47.7 ;
    %pushi/vec4 0, 0, 64;
    %store/vec4 v0000014ddfcebfb0_0, 0, 64;
    %jmp T_47.9;
T_47.9 ;
    %pop/vec4 1;
    %jmp T_47;
    .thread T_47, $push;
    .scope S_0000014ddfcef430;
T_48 ;
    %wait E_0000014ddfc51700;
    %load/vec4 v0000014ddfceabb0_0;
    %cmpi/e 0, 0, 32;
    %jmp/0xz  T_48.0, 4;
    %pushi/vec4 4294967295, 0, 32;
    %store/vec4 v0000014ddfceb5b0_0, 0, 32;
    %load/vec4 v0000014ddfcea2f0_0;
    %store/vec4 v0000014ddfceac50_0, 0, 32;
    %jmp T_48.1;
T_48.0 ;
    %pushi/vec4 0, 0, 32;
    %load/vec4 v0000014ddfcea2f0_0;
    %concat/vec4; draw_concat_vec4
    %store/vec4 v0000014ddfceb1f0_0, 0, 64;
    %load/vec4 v0000014ddfceabb0_0;
    %store/vec4 v0000014ddfcea6b0_0, 0, 32;
    %pushi/vec4 0, 0, 32;
    %store/vec4 v0000014ddfcec230_0, 0, 32;
T_48.2 ;
    %load/vec4 v0000014ddfcec230_0;
    %cmpi/s 32, 0, 32;
    %jmp/0xz T_48.3, 5;
    %load/vec4 v0000014ddfceb1f0_0;
    %ix/load 4, 1, 0;
    %flag_set/imm 4, 0;
    %shiftl 4;
    %store/vec4 v0000014ddfceb1f0_0, 0, 64;
    %load/vec4 v0000014ddfceb1f0_0;
    %parti/s 1, 63, 7;
    %flag_set/vec4 8;
    %jmp/0xz  T_48.4, 8;
    %load/vec4 v0000014ddfceb1f0_0;
    %parti/s 32, 32, 7;
    %load/vec4 v0000014ddfcea6b0_0;
    %add;
    %ix/load 4, 32, 0;
    %flag_set/imm 4, 0;
    %store/vec4 v0000014ddfceb1f0_0, 4, 32;
    %jmp T_48.5;
T_48.4 ;
    %load/vec4 v0000014ddfceb1f0_0;
    %parti/s 32, 32, 7;
    %load/vec4 v0000014ddfcea6b0_0;
    %sub;
    %ix/load 4, 32, 0;
    %flag_set/imm 4, 0;
    %store/vec4 v0000014ddfceb1f0_0, 4, 32;
T_48.5 ;
    %load/vec4 v0000014ddfceb1f0_0;
    %parti/s 1, 63, 7;
    %flag_set/vec4 8;
    %jmp/0xz  T_48.6, 8;
    %pushi/vec4 0, 0, 1;
    %ix/load 4, 0, 0;
    %flag_set/imm 4, 0;
    %store/vec4 v0000014ddfceb1f0_0, 4, 1;
    %jmp T_48.7;
T_48.6 ;
    %pushi/vec4 1, 0, 1;
    %ix/load 4, 0, 0;
    %flag_set/imm 4, 0;
    %store/vec4 v0000014ddfceb1f0_0, 4, 1;
T_48.7 ;
    %load/vec4 v0000014ddfcec230_0;
    %addi 1, 0, 32;
    %store/vec4 v0000014ddfcec230_0, 0, 32;
    %jmp T_48.2;
T_48.3 ;
    %load/vec4 v0000014ddfceb1f0_0;
    %parti/s 1, 63, 7;
    %flag_set/vec4 8;
    %jmp/0xz  T_48.8, 8;
    %load/vec4 v0000014ddfceb1f0_0;
    %parti/s 32, 32, 7;
    %load/vec4 v0000014ddfcea6b0_0;
    %add;
    %store/vec4 v0000014ddfceac50_0, 0, 32;
    %jmp T_48.9;
T_48.8 ;
    %load/vec4 v0000014ddfceb1f0_0;
    %parti/s 32, 32, 7;
    %store/vec4 v0000014ddfceac50_0, 0, 32;
T_48.9 ;
    %load/vec4 v0000014ddfceb1f0_0;
    %parti/s 32, 0, 2;
    %store/vec4 v0000014ddfceb5b0_0, 0, 32;
T_48.1 ;
    %jmp T_48;
    .thread T_48, $push;
    .scope S_0000014ddf96f150;
T_49 ;
    %wait E_0000014ddfc4f740;
    %load/vec4 v0000014ddfd55060_0;
    %dup/vec4;
    %pushi/vec4 0, 0, 5;
    %cmp/u;
    %jmp/1 T_49.0, 6;
    %dup/vec4;
    %pushi/vec4 1, 0, 5;
    %cmp/u;
    %jmp/1 T_49.1, 6;
    %dup/vec4;
    %pushi/vec4 2, 0, 5;
    %cmp/u;
    %jmp/1 T_49.2, 6;
    %dup/vec4;
    %pushi/vec4 3, 0, 5;
    %cmp/u;
    %jmp/1 T_49.3, 6;
    %dup/vec4;
    %pushi/vec4 4, 0, 5;
    %cmp/u;
    %jmp/1 T_49.4, 6;
    %dup/vec4;
    %pushi/vec4 5, 0, 5;
    %cmp/u;
    %jmp/1 T_49.5, 6;
    %dup/vec4;
    %pushi/vec4 6, 0, 5;
    %cmp/u;
    %jmp/1 T_49.6, 6;
    %dup/vec4;
    %pushi/vec4 7, 0, 5;
    %cmp/u;
    %jmp/1 T_49.7, 6;
    %dup/vec4;
    %pushi/vec4 8, 0, 5;
    %cmp/u;
    %jmp/1 T_49.8, 6;
    %dup/vec4;
    %pushi/vec4 9, 0, 5;
    %cmp/u;
    %jmp/1 T_49.9, 6;
    %dup/vec4;
    %pushi/vec4 10, 0, 5;
    %cmp/u;
    %jmp/1 T_49.10, 6;
    %dup/vec4;
    %pushi/vec4 11, 0, 5;
    %cmp/u;
    %jmp/1 T_49.11, 6;
    %dup/vec4;
    %pushi/vec4 12, 0, 5;
    %cmp/u;
    %jmp/1 T_49.12, 6;
    %pushi/vec4 0, 0, 64;
    %store/vec4 v0000014ddfd53bc0_0, 0, 64;
    %jmp T_49.14;
T_49.0 ;
    %pushi/vec4 0, 0, 32;
    %load/vec4 v0000014ddfd53260_0;
    %concat/vec4; draw_concat_vec4
    %store/vec4 v0000014ddfd53bc0_0, 0, 64;
    %jmp T_49.14;
T_49.1 ;
    %pushi/vec4 0, 0, 32;
    %load/vec4 v0000014ddfd538a0_0;
    %concat/vec4; draw_concat_vec4
    %store/vec4 v0000014ddfd53bc0_0, 0, 64;
    %jmp T_49.14;
T_49.2 ;
    %load/vec4 v0000014ddfd53760_0;
    %store/vec4 v0000014ddfd53bc0_0, 0, 64;
    %jmp T_49.14;
T_49.3 ;
    %load/vec4 v0000014ddfd54480_0;
    %load/vec4 v0000014ddfd531c0_0;
    %concat/vec4; draw_concat_vec4
    %store/vec4 v0000014ddfd53bc0_0, 0, 64;
    %jmp T_49.14;
T_49.4 ;
    %pushi/vec4 0, 0, 32;
    %load/vec4 v0000014ddfd55100_0;
    %load/vec4 v0000014ddfd54b60_0;
    %and;
    %concat/vec4; draw_concat_vec4
    %store/vec4 v0000014ddfd53bc0_0, 0, 64;
    %jmp T_49.14;
T_49.5 ;
    %pushi/vec4 0, 0, 32;
    %load/vec4 v0000014ddfd55100_0;
    %load/vec4 v0000014ddfd54b60_0;
    %or;
    %concat/vec4; draw_concat_vec4
    %store/vec4 v0000014ddfd53bc0_0, 0, 64;
    %jmp T_49.14;
T_49.6 ;
    %pushi/vec4 0, 0, 32;
    %load/vec4 v0000014ddfd54b60_0;
    %inv;
    %concat/vec4; draw_concat_vec4
    %store/vec4 v0000014ddfd53bc0_0, 0, 64;
    %jmp T_49.14;
T_49.7 ;
    %pushi/vec4 0, 0, 32;
    %load/vec4 v0000014ddfd54700_0;
    %concat/vec4; draw_concat_vec4
    %store/vec4 v0000014ddfd53bc0_0, 0, 64;
    %jmp T_49.14;
T_49.8 ;
    %pushi/vec4 0, 0, 32;
    %load/vec4 v0000014ddfd54a20_0;
    %concat/vec4; draw_concat_vec4
    %store/vec4 v0000014ddfd53bc0_0, 0, 64;
    %jmp T_49.14;
T_49.9 ;
    %pushi/vec4 0, 0, 32;
    %load/vec4 v0000014ddfd53ee0_0;
    %concat/vec4; draw_concat_vec4
    %store/vec4 v0000014ddfd53bc0_0, 0, 64;
    %jmp T_49.14;
T_49.10 ;
    %pushi/vec4 0, 0, 32;
    %load/vec4 v0000014ddfd52fe0_0;
    %concat/vec4; draw_concat_vec4
    %store/vec4 v0000014ddfd53bc0_0, 0, 64;
    %jmp T_49.14;
T_49.11 ;
    %pushi/vec4 0, 0, 32;
    %load/vec4 v0000014ddfd54200_0;
    %concat/vec4; draw_concat_vec4
    %store/vec4 v0000014ddfd53bc0_0, 0, 64;
    %jmp T_49.14;
T_49.12 ;
    %pushi/vec4 0, 0, 32;
    %load/vec4 v0000014ddfd52c20_0;
    %concat/vec4; draw_concat_vec4
    %store/vec4 v0000014ddfd53bc0_0, 0, 64;
    %jmp T_49.14;
T_49.14 ;
    %pop/vec4 1;
    %jmp T_49;
    .thread T_49, $push;
    .scope S_0000014ddfd835f0;
T_50 ;
    %wait E_0000014ddfc52680;
    %load/vec4 v0000014ddfd7f640_0;
    %flag_set/vec4 8;
    %jmp/0xz  T_50.0, 8;
    %pushi/vec4 0, 0, 32;
    %assign/vec4 v0000014ddfd7dac0_0, 0;
    %jmp T_50.1;
T_50.0 ;
    %load/vec4 v0000014ddfd7e9c0_0;
    %flag_set/vec4 8;
    %jmp/0xz  T_50.2, 8;
    %load/vec4 v0000014ddfd7d7a0_0;
    %assign/vec4 v0000014ddfd7dac0_0, 0;
T_50.2 ;
T_50.1 ;
    %jmp T_50;
    .thread T_50;
    .scope S_0000014ddfd6a900;
T_51 ;
    %wait E_0000014ddfc52680;
    %load/vec4 v0000014ddfd55d80_0;
    %flag_set/vec4 8;
    %jmp/0xz  T_51.0, 8;
    %pushi/vec4 0, 0, 32;
    %assign/vec4 v0000014ddfd556a0_0, 0;
    %jmp T_51.1;
T_51.0 ;
    %load/vec4 v0000014ddfd55560_0;
    %flag_set/vec4 8;
    %jmp/0xz  T_51.2, 8;
    %load/vec4 v0000014ddfd55c40_0;
    %assign/vec4 v0000014ddfd556a0_0, 0;
T_51.2 ;
T_51.1 ;
    %jmp T_51;
    .thread T_51;
    .scope S_0000014ddfd69fa0;
T_52 ;
    %wait E_0000014ddfc52d80;
    %load/vec4 v0000014ddfd53b20_0;
    %dup/vec4;
    %pushi/vec4 0, 0, 5;
    %cmp/u;
    %jmp/1 T_52.0, 6;
    %dup/vec4;
    %pushi/vec4 1, 0, 5;
    %cmp/u;
    %jmp/1 T_52.1, 6;
    %dup/vec4;
    %pushi/vec4 2, 0, 5;
    %cmp/u;
    %jmp/1 T_52.2, 6;
    %dup/vec4;
    %pushi/vec4 3, 0, 5;
    %cmp/u;
    %jmp/1 T_52.3, 6;
    %dup/vec4;
    %pushi/vec4 4, 0, 5;
    %cmp/u;
    %jmp/1 T_52.4, 6;
    %dup/vec4;
    %pushi/vec4 5, 0, 5;
    %cmp/u;
    %jmp/1 T_52.5, 6;
    %dup/vec4;
    %pushi/vec4 6, 0, 5;
    %cmp/u;
    %jmp/1 T_52.6, 6;
    %dup/vec4;
    %pushi/vec4 7, 0, 5;
    %cmp/u;
    %jmp/1 T_52.7, 6;
    %dup/vec4;
    %pushi/vec4 8, 0, 5;
    %cmp/u;
    %jmp/1 T_52.8, 6;
    %dup/vec4;
    %pushi/vec4 9, 0, 5;
    %cmp/u;
    %jmp/1 T_52.9, 6;
    %dup/vec4;
    %pushi/vec4 10, 0, 5;
    %cmp/u;
    %jmp/1 T_52.10, 6;
    %dup/vec4;
    %pushi/vec4 11, 0, 5;
    %cmp/u;
    %jmp/1 T_52.11, 6;
    %dup/vec4;
    %pushi/vec4 12, 0, 5;
    %cmp/u;
    %jmp/1 T_52.12, 6;
    %dup/vec4;
    %pushi/vec4 13, 0, 5;
    %cmp/u;
    %jmp/1 T_52.13, 6;
    %dup/vec4;
    %pushi/vec4 14, 0, 5;
    %cmp/u;
    %jmp/1 T_52.14, 6;
    %dup/vec4;
    %pushi/vec4 15, 0, 5;
    %cmp/u;
    %jmp/1 T_52.15, 6;
    %dup/vec4;
    %pushi/vec4 16, 0, 5;
    %cmp/u;
    %jmp/1 T_52.16, 6;
    %dup/vec4;
    %pushi/vec4 17, 0, 5;
    %cmp/u;
    %jmp/1 T_52.17, 6;
    %dup/vec4;
    %pushi/vec4 18, 0, 5;
    %cmp/u;
    %jmp/1 T_52.18, 6;
    %dup/vec4;
    %pushi/vec4 19, 0, 5;
    %cmp/u;
    %jmp/1 T_52.19, 6;
    %dup/vec4;
    %pushi/vec4 20, 0, 5;
    %cmp/u;
    %jmp/1 T_52.20, 6;
    %dup/vec4;
    %pushi/vec4 21, 0, 5;
    %cmp/u;
    %jmp/1 T_52.21, 6;
    %dup/vec4;
    %pushi/vec4 22, 0, 5;
    %cmp/u;
    %jmp/1 T_52.22, 6;
    %dup/vec4;
    %pushi/vec4 23, 0, 5;
    %cmp/u;
    %jmp/1 T_52.23, 6;
    %pushi/vec4 0, 0, 32;
    %store/vec4 v0000014ddfd547a0_0, 0, 32;
    %jmp T_52.25;
T_52.0 ;
    %load/vec4 v0000014ddfd53d00_0;
    %store/vec4 v0000014ddfd547a0_0, 0, 32;
    %jmp T_52.25;
T_52.1 ;
    %load/vec4 v0000014ddfd53c60_0;
    %store/vec4 v0000014ddfd547a0_0, 0, 32;
    %jmp T_52.25;
T_52.2 ;
    %load/vec4 v0000014ddfd53e40_0;
    %store/vec4 v0000014ddfd547a0_0, 0, 32;
    %jmp T_52.25;
T_52.3 ;
    %load/vec4 v0000014ddfd54fc0_0;
    %store/vec4 v0000014ddfd547a0_0, 0, 32;
    %jmp T_52.25;
T_52.4 ;
    %load/vec4 v0000014ddfd54840_0;
    %store/vec4 v0000014ddfd547a0_0, 0, 32;
    %jmp T_52.25;
T_52.5 ;
    %load/vec4 v0000014ddfd534e0_0;
    %store/vec4 v0000014ddfd547a0_0, 0, 32;
    %jmp T_52.25;
T_52.6 ;
    %load/vec4 v0000014ddfd53f80_0;
    %store/vec4 v0000014ddfd547a0_0, 0, 32;
    %jmp T_52.25;
T_52.7 ;
    %load/vec4 v0000014ddfd54020_0;
    %store/vec4 v0000014ddfd547a0_0, 0, 32;
    %jmp T_52.25;
T_52.8 ;
    %load/vec4 v0000014ddfd52d60_0;
    %store/vec4 v0000014ddfd547a0_0, 0, 32;
    %jmp T_52.25;
T_52.9 ;
    %load/vec4 v0000014ddfd52ea0_0;
    %store/vec4 v0000014ddfd547a0_0, 0, 32;
    %jmp T_52.25;
T_52.10 ;
    %load/vec4 v0000014ddfd539e0_0;
    %store/vec4 v0000014ddfd547a0_0, 0, 32;
    %jmp T_52.25;
T_52.11 ;
    %load/vec4 v0000014ddfd53080_0;
    %store/vec4 v0000014ddfd547a0_0, 0, 32;
    %jmp T_52.25;
T_52.12 ;
    %load/vec4 v0000014ddfd53620_0;
    %store/vec4 v0000014ddfd547a0_0, 0, 32;
    %jmp T_52.25;
T_52.13 ;
    %load/vec4 v0000014ddfd53da0_0;
    %store/vec4 v0000014ddfd547a0_0, 0, 32;
    %jmp T_52.25;
T_52.14 ;
    %load/vec4 v0000014ddfd55380_0;
    %store/vec4 v0000014ddfd547a0_0, 0, 32;
    %jmp T_52.25;
T_52.15 ;
    %load/vec4 v0000014ddfd533a0_0;
    %store/vec4 v0000014ddfd547a0_0, 0, 32;
    %jmp T_52.25;
T_52.16 ;
    %load/vec4 v0000014ddfd54ac0_0;
    %store/vec4 v0000014ddfd547a0_0, 0, 32;
    %jmp T_52.25;
T_52.17 ;
    %load/vec4 v0000014ddfd54de0_0;
    %store/vec4 v0000014ddfd547a0_0, 0, 32;
    %jmp T_52.25;
T_52.18 ;
    %load/vec4 v0000014ddfd53580_0;
    %store/vec4 v0000014ddfd547a0_0, 0, 32;
    %jmp T_52.25;
T_52.19 ;
    %load/vec4 v0000014ddfd551a0_0;
    %store/vec4 v0000014ddfd547a0_0, 0, 32;
    %jmp T_52.25;
T_52.20 ;
    %load/vec4 v0000014ddfd52e00_0;
    %store/vec4 v0000014ddfd547a0_0, 0, 32;
    %jmp T_52.25;
T_52.21 ;
    %load/vec4 v0000014ddfd53300_0;
    %store/vec4 v0000014ddfd547a0_0, 0, 32;
    %jmp T_52.25;
T_52.22 ;
    %load/vec4 v0000014ddfd53440_0;
    %store/vec4 v0000014ddfd547a0_0, 0, 32;
    %jmp T_52.25;
T_52.23 ;
    %load/vec4 v0000014ddfd540c0_0;
    %store/vec4 v0000014ddfd547a0_0, 0, 32;
    %jmp T_52.25;
T_52.25 ;
    %pop/vec4 1;
    %jmp T_52;
    .thread T_52, $push;
    .scope S_0000014ddfc96330;
T_53 ;
    %wait E_0000014ddfc52680;
    %load/vec4 v0000014ddfd8e230_0;
    %flag_set/vec4 8;
    %jmp/0xz  T_53.0, 8;
    %pushi/vec4 0, 0, 64;
    %assign/vec4 v0000014ddfd73fc0_0, 0;
    %jmp T_53.1;
T_53.0 ;
    %load/vec4 v0000014ddfd74100_0;
    %flag_set/vec4 8;
    %jmp/0xz  T_53.2, 8;
    %load/vec4 v0000014ddfd74560_0;
    %assign/vec4 v0000014ddfd73fc0_0, 0;
T_53.2 ;
T_53.1 ;
    %jmp T_53;
    .thread T_53;
    .scope S_0000014ddfc98110;
T_54 ;
    %pushi/vec4 0, 0, 5;
    %store/vec4 v0000014ddfd8c610_0, 0, 5;
    %end;
    .thread T_54;
    .scope S_0000014ddfc98110;
T_55 ;
    %pushi/vec4 0, 0, 1;
    %store/vec4 v0000014ddfd8cbb0_0, 0, 1;
T_55.0 ;
    %delay 1000, 0;
    %load/vec4 v0000014ddfd8cbb0_0;
    %inv;
    %store/vec4 v0000014ddfd8cbb0_0, 0, 1;
    %jmp T_55.0;
    %end;
    .thread T_55;
    .scope S_0000014ddfc98110;
T_56 ;
    %wait E_0000014ddfc52780;
    %load/vec4 v0000014ddfd8c610_0;
    %dup/vec4;
    %pushi/vec4 0, 0, 5;
    %cmp/u;
    %jmp/1 T_56.0, 6;
    %dup/vec4;
    %pushi/vec4 1, 0, 5;
    %cmp/u;
    %jmp/1 T_56.1, 6;
    %dup/vec4;
    %pushi/vec4 2, 0, 5;
    %cmp/u;
    %jmp/1 T_56.2, 6;
    %dup/vec4;
    %pushi/vec4 3, 0, 5;
    %cmp/u;
    %jmp/1 T_56.3, 6;
    %dup/vec4;
    %pushi/vec4 4, 0, 5;
    %cmp/u;
    %jmp/1 T_56.4, 6;
    %dup/vec4;
    %pushi/vec4 5, 0, 5;
    %cmp/u;
    %jmp/1 T_56.5, 6;
    %dup/vec4;
    %pushi/vec4 6, 0, 5;
    %cmp/u;
    %jmp/1 T_56.6, 6;
    %dup/vec4;
    %pushi/vec4 7, 0, 5;
    %cmp/u;
    %jmp/1 T_56.7, 6;
    %dup/vec4;
    %pushi/vec4 8, 0, 5;
    %cmp/u;
    %jmp/1 T_56.8, 6;
    %dup/vec4;
    %pushi/vec4 9, 0, 5;
    %cmp/u;
    %jmp/1 T_56.9, 6;
    %dup/vec4;
    %pushi/vec4 10, 0, 5;
    %cmp/u;
    %jmp/1 T_56.10, 6;
    %dup/vec4;
    %pushi/vec4 11, 0, 5;
    %cmp/u;
    %jmp/1 T_56.11, 6;
    %dup/vec4;
    %pushi/vec4 12, 0, 5;
    %cmp/u;
    %jmp/1 T_56.12, 6;
    %load/vec4 v0000014ddfd8c610_0;
    %assign/vec4 v0000014ddfd8c610_0, 0;
    %jmp T_56.14;
T_56.0 ;
    %pushi/vec4 1, 0, 5;
    %assign/vec4 v0000014ddfd8c610_0, 0;
    %jmp T_56.14;
T_56.1 ;
    %pushi/vec4 2, 0, 5;
    %assign/vec4 v0000014ddfd8c610_0, 0;
    %jmp T_56.14;
T_56.2 ;
    %pushi/vec4 3, 0, 5;
    %assign/vec4 v0000014ddfd8c610_0, 0;
    %jmp T_56.14;
T_56.3 ;
    %pushi/vec4 4, 0, 5;
    %assign/vec4 v0000014ddfd8c610_0, 0;
    %jmp T_56.14;
T_56.4 ;
    %pushi/vec4 5, 0, 5;
    %assign/vec4 v0000014ddfd8c610_0, 0;
    %jmp T_56.14;
T_56.5 ;
    %pushi/vec4 6, 0, 5;
    %assign/vec4 v0000014ddfd8c610_0, 0;
    %jmp T_56.14;
T_56.6 ;
    %pushi/vec4 7, 0, 5;
    %assign/vec4 v0000014ddfd8c610_0, 0;
    %jmp T_56.14;
T_56.7 ;
    %pushi/vec4 8, 0, 5;
    %assign/vec4 v0000014ddfd8c610_0, 0;
    %jmp T_56.14;
T_56.8 ;
    %pushi/vec4 9, 0, 5;
    %assign/vec4 v0000014ddfd8c610_0, 0;
    %jmp T_56.14;
T_56.9 ;
    %pushi/vec4 10, 0, 5;
    %assign/vec4 v0000014ddfd8c610_0, 0;
    %jmp T_56.14;
T_56.10 ;
    %pushi/vec4 11, 0, 5;
    %assign/vec4 v0000014ddfd8c610_0, 0;
    %jmp T_56.14;
T_56.11 ;
    %pushi/vec4 12, 0, 5;
    %assign/vec4 v0000014ddfd8c610_0, 0;
    %jmp T_56.14;
T_56.12 ;
    %pushi/vec4 13, 0, 5;
    %assign/vec4 v0000014ddfd8c610_0, 0;
    %jmp T_56.14;
T_56.14 ;
    %pop/vec4 1;
    %jmp T_56;
    .thread T_56;
    .scope S_0000014ddfc98110;
T_57 ;
    %wait E_0000014ddfc4f680;
    %fork TD_brmi_tb.clear_sigs, S_0000014ddfd82b00;
    %join;
    %load/vec4 v0000014ddfd8c610_0;
    %dup/vec4;
    %pushi/vec4 1, 0, 5;
    %cmp/u;
    %jmp/1 T_57.0, 6;
    %dup/vec4;
    %pushi/vec4 2, 0, 5;
    %cmp/u;
    %jmp/1 T_57.1, 6;
    %dup/vec4;
    %pushi/vec4 3, 0, 5;
    %cmp/u;
    %jmp/1 T_57.2, 6;
    %dup/vec4;
    %pushi/vec4 4, 0, 5;
    %cmp/u;
    %jmp/1 T_57.3, 6;
    %dup/vec4;
    %pushi/vec4 5, 0, 5;
    %cmp/u;
    %jmp/1 T_57.4, 6;
    %dup/vec4;
    %pushi/vec4 6, 0, 5;
    %cmp/u;
    %jmp/1 T_57.5, 6;
    %dup/vec4;
    %pushi/vec4 7, 0, 5;
    %cmp/u;
    %jmp/1 T_57.6, 6;
    %dup/vec4;
    %pushi/vec4 8, 0, 5;
    %cmp/u;
    %jmp/1 T_57.7, 6;
    %dup/vec4;
    %pushi/vec4 9, 0, 5;
    %cmp/u;
    %jmp/1 T_57.8, 6;
    %dup/vec4;
    %pushi/vec4 10, 0, 5;
    %cmp/u;
    %jmp/1 T_57.9, 6;
    %dup/vec4;
    %pushi/vec4 11, 0, 5;
    %cmp/u;
    %jmp/1 T_57.10, 6;
    %dup/vec4;
    %pushi/vec4 12, 0, 5;
    %cmp/u;
    %jmp/1 T_57.11, 6;
    %jmp T_57.12;
T_57.0 ;
    %pushi/vec4 511, 0, 32;
    %assign/vec4 v0000014ddfd8c7f0_0, 0;
    %pushi/vec4 23, 0, 5;
    %assign/vec4 v0000014ddfd8d650_0, 0;
    %pushi/vec4 1, 0, 1;
    %assign/vec4 v0000014ddfd8fbd0_0, 0;
    %jmp T_57.12;
T_57.1 ;
    %pushi/vec4 1, 0, 1;
    %assign/vec4 v0000014ddfd8d0b0_0, 0;
    %pushi/vec4 1, 0, 1;
    %assign/vec4 v0000014ddfd8d290_0, 0;
    %pushi/vec4 1, 0, 1;
    %assign/vec4 v0000014ddfd90d50_0, 0;
    %jmp T_57.12;
T_57.2 ;
    %pushi/vec4 21, 0, 5;
    %assign/vec4 v0000014ddfd8d650_0, 0;
    %pushi/vec4 1, 0, 1;
    %assign/vec4 v0000014ddfd8ea50_0, 0;
    %jmp T_57.12;
T_57.3 ;
    %jmp T_57.12;
T_57.4 ;
    %load/vec4 v0000014ddfd903f0_0;
    %assign/vec4 v0000014ddfd8c7f0_0, 0;
    %pushi/vec4 23, 0, 5;
    %assign/vec4 v0000014ddfd8d650_0, 0;
    %pushi/vec4 1, 0, 1;
    %assign/vec4 v0000014ddfd8e550_0, 0;
    %pushi/vec4 1, 0, 1;
    %assign/vec4 v0000014ddfd8e730_0, 0;
    %jmp T_57.12;
T_57.5 ;
    %pushi/vec4 20, 0, 5;
    %assign/vec4 v0000014ddfd8d650_0, 0;
    %pushi/vec4 1, 0, 1;
    %assign/vec4 v0000014ddfd8fbd0_0, 0;
    %pushi/vec4 1, 0, 1;
    %assign/vec4 v0000014ddfd8c390_0, 0;
    %jmp T_57.12;
T_57.6 ;
    %pushi/vec4 1, 0, 1;
    %assign/vec4 v0000014ddfd8d0b0_0, 0;
    %pushi/vec4 1, 0, 1;
    %assign/vec4 v0000014ddfd8d290_0, 0;
    %pushi/vec4 1, 0, 1;
    %assign/vec4 v0000014ddfd90d50_0, 0;
    %jmp T_57.12;
T_57.7 ;
    %pushi/vec4 21, 0, 5;
    %assign/vec4 v0000014ddfd8d650_0, 0;
    %pushi/vec4 1, 0, 1;
    %assign/vec4 v0000014ddfd8ea50_0, 0;
    %jmp T_57.12;
T_57.8 ;
    %pushi/vec4 1, 0, 1;
    %assign/vec4 v0000014ddfd8e550_0, 0;
    %pushi/vec4 1, 0, 1;
    %assign/vec4 v0000014ddfd8c2f0_0, 0;
    %pushi/vec4 1, 0, 1;
    %assign/vec4 v0000014ddfd8cb10_0, 0;
    %jmp T_57.12;
T_57.9 ;
    %pushi/vec4 20, 0, 5;
    %assign/vec4 v0000014ddfd8d650_0, 0;
    %pushi/vec4 1, 0, 1;
    %assign/vec4 v0000014ddfd8e910_0, 0;
    %jmp T_57.12;
T_57.10 ;
    %pushi/vec4 1, 0, 1;
    %assign/vec4 v0000014ddfd8e2d0_0, 0;
    %pushi/vec4 23, 0, 5;
    %assign/vec4 v0000014ddfd8d650_0, 0;
    %pushi/vec4 0, 0, 5;
    %assign/vec4 v0000014ddfd8c750_0, 0;
    %pushi/vec4 1, 0, 1;
    %assign/vec4 v0000014ddfd8c6b0_0, 0;
    %jmp T_57.12;
T_57.11 ;
    %pushi/vec4 19, 0, 5;
    %assign/vec4 v0000014ddfd8d650_0, 0;
    %load/vec4 v0000014ddfd8ca70_0;
    %assign/vec4 v0000014ddfd8f4f0_0, 0;
    %jmp T_57.12;
T_57.12 ;
    %pop/vec4 1;
    %jmp T_57;
    .thread T_57, $push;
    .scope S_0000014ddfc98110;
T_58 ;
    %vpi_call 2 88 "$dumpfile", "brmi_tb.vcd" {0 0 0};
    %vpi_call 2 88 "$dumpvars", 32'sb00000000000000000000000000000000, S_0000014ddfc98110 {0 0 0};
    %pushi/vec4 25165824, 0, 32;
    %ix/load 4, 511, 0;
    %flag_set/imm 4, 0;
    %store/vec4a v0000014ddfd7d160, 4, 0;
    %pushi/vec4 1100480560, 0, 32;
    %ix/load 4, 0, 0;
    %flag_set/imm 4, 0;
    %store/vec4a v0000014ddfd7d160, 4, 0;
    %pushi/vec4 4294967291, 0, 32;
    %store/vec4 v0000014ddfd903f0_0, 0, 32;
    %pushi/vec4 1, 0, 1;
    %store/vec4 v0000014ddfd8f6d0_0, 0, 1;
    %delay 2500, 0;
    %pushi/vec4 0, 0, 1;
    %store/vec4 v0000014ddfd8f6d0_0, 0, 1;
T_58.0 ;
    %load/vec4 v0000014ddfd8c610_0;
    %pushi/vec4 13, 0, 5;
    %cmp/e;
    %flag_get/vec4 4;
    %cmpi/ne 1, 0, 1;
    %jmp/0xz T_58.1, 6;
    %wait E_0000014ddfc4f680;
    %jmp T_58.0;
T_58.1 ;
    %delay 4000, 0;
    %vpi_call 2 94 "$display", "============================================" {0 0 0};
    %vpi_call 2 95 "$display", "brmi R3, 48  \342\200\224  branch if R3 < 0  (taken: R3=-5)" {0 0 0};
    %vpi_call 2 96 "$display", "  [IR[20:19]=11]" {0 0 0};
    %vpi_call 2 97 "$display", "  R3  = 0x%08h  (exp 0xFFFFFFFB)", v0000014ddfd73a20_0 {0 0 0};
    %vpi_call 2 98 "$display", "  CON = %b  (exp 1)", v0000014ddfd8ca70_0 {0 0 0};
    %vpi_call 2 99 "$display", "  PC  = 0x%08h  (exp 0x00000031)", v0000014ddfd91070_0 {0 0 0};
    %load/vec4 v0000014ddfd8ca70_0;
    %cmpi/e 1, 0, 1;
    %flag_get/vec4 6;
    %jmp/0 T_58.4, 6;
    %load/vec4 v0000014ddfd91070_0;
    %pushi/vec4 49, 0, 32;
    %cmp/e;
    %flag_get/vec4 6;
    %and;
T_58.4;
    %flag_set/vec4 8;
    %jmp/0xz  T_58.2, 8;
    %vpi_call 2 100 "$display", "  >>> PASSED <<<" {0 0 0};
    %jmp T_58.3;
T_58.2 ;
    %vpi_call 2 101 "$display", "  >>> FAILED <<<" {0 0 0};
T_58.3 ;
    %vpi_call 2 102 "$display", "============================================" {0 0 0};
    %delay 2000, 0;
    %vpi_call 2 103 "$finish" {0 0 0};
    %end;
    .thread T_58;
# The file index is used to find the file name in the following table.
:file_names 18;
    "N/A";
    "<interactive>";
    "simulation/P2/brmi_tb.v";
    "rtl/datapath_top.v";
    "rtl/alu.v";
    "rtl/booth_multiplier.v";
    "rtl/divider.v";
    "rtl/ripple_carry_adder.v";
    "rtl/barrel_shifter.v";
    "rtl/bus_mux.v";
    "rtl/con_ff.v";
    "rtl/select_encode.v";
    "rtl/io.v";
    "rtl/key_regs.v";
    "rtl/registers.v";
    "rtl/pc_reg.v";
    "rtl/mdr.v";
    "rtl/ram.v";
