#! /c/Source/iverilog-install/bin/vvp
:ivl_version "12.0 (devel)" "(s20150603-1539-g2693dd32b)";
:ivl_delay_selection "TYPICAL";
:vpi_time_precision - 11;
:vpi_module "C:\iverilog\lib\ivl\system.vpi";
:vpi_module "C:\iverilog\lib\ivl\vhdl_sys.vpi";
:vpi_module "C:\iverilog\lib\ivl\vhdl_textio.vpi";
:vpi_module "C:\iverilog\lib\ivl\v2005_math.vpi";
:vpi_module "C:\iverilog\lib\ivl\va_math.vpi";
S_00000187d2d423b0 .scope module, "cpu_tb" "cpu_tb" 2 13;
 .timescale -9 -11;
L_00000187d2ebb7c0 .functor BUFZ 32, v00000187d2e04670_0, C4<00000000000000000000000000000000>, C4<00000000000000000000000000000000>, C4<00000000000000000000000000000000>;
L_00000187d2ebbf30 .functor BUFZ 32, v00000187d2e06e70_0, C4<00000000000000000000000000000000>, C4<00000000000000000000000000000000>, C4<00000000000000000000000000000000>;
L_00000187d2ebb2f0 .functor BUFZ 32, v00000187d2e07230_0, C4<00000000000000000000000000000000>, C4<00000000000000000000000000000000>, C4<00000000000000000000000000000000>;
L_00000187d2ebb600 .functor BUFZ 32, L_00000187d2cb9970, C4<00000000000000000000000000000000>, C4<00000000000000000000000000000000>, C4<00000000000000000000000000000000>;
L_00000187d2ebb520 .functor BUFZ 32, v00000187d2e074b0_0, C4<00000000000000000000000000000000>, C4<00000000000000000000000000000000>, C4<00000000000000000000000000000000>;
L_00000187d2ebb830 .functor BUFZ 32, v00000187d2e07ff0_0, C4<00000000000000000000000000000000>, C4<00000000000000000000000000000000>, C4<00000000000000000000000000000000>;
v00000187d2e26310_0 .var "clk", 0 0;
v00000187d2e25410_0 .var/i "cycle_count", 31 0;
v00000187d2e264f0_0 .var "device_in", 31 0;
v00000187d2e25d70_0 .net "hi_val", 31 0, L_00000187d2ebb520;  1 drivers
v00000187d2e26e50_0 .net "ir_val", 31 0, L_00000187d2ebbf30;  1 drivers
v00000187d2e272b0_0 .net "lo_val", 31 0, L_00000187d2ebb830;  1 drivers
v00000187d2e26950_0 .net "mar_val", 31 0, L_00000187d2ebb2f0;  1 drivers
v00000187d2e27030_0 .net "mdr_val", 31 0, L_00000187d2ebb600;  1 drivers
v00000187d2e269f0_0 .net "outport_val", 31 0, v00000187d2e03f90_0;  1 drivers
v00000187d2e26ef0_0 .net "pc_val", 31 0, L_00000187d2ebb7c0;  1 drivers
v00000187d2e27850_0 .var "reset", 0 0;
v00000187d2e26c70_0 .net "run", 0 0, v00000187d2cf2870_0;  1 drivers
v00000187d2e268b0_0 .var "stop", 0 0;
E_00000187d2d0d9a0 .event negedge, v00000187d2cf2870_0;
S_00000187d2d429e0 .scope module, "DUT" "cpu" 2 20, 3 3 0, S_00000187d2d423b0;
 .timescale -9 -11;
    .port_info 0 /INPUT 1 "clk";
    .port_info 1 /INPUT 1 "reset";
    .port_info 2 /INPUT 1 "stop";
    .port_info 3 /INPUT 32 "device_in";
    .port_info 4 /OUTPUT 32 "outport_val";
    .port_info 5 /OUTPUT 1 "run";
v00000187d2e24330_0 .net "BAout", 0 0, v00000187d2cf3310_0;  1 drivers
v00000187d2e23390_0 .net "BusMuxOut", 31 0, v00000187d2df2c80_0;  1 drivers
v00000187d2e22d50_0 .net "Cout", 0 0, v00000187d2cf3db0_0;  1 drivers
v00000187d2e22fd0_0 .net "Gra", 0 0, v00000187d2cf2f50_0;  1 drivers
v00000187d2e24c90_0 .net "Grb", 0 0, v00000187d2cf22d0_0;  1 drivers
v00000187d2e231b0_0 .net "Grc", 0 0, v00000187d2cf45d0_0;  1 drivers
v00000187d2e243d0_0 .net "IncPC", 0 0, v00000187d2cf29b0_0;  1 drivers
v00000187d2e23250_0 .net "MDRin", 0 0, v00000187d2cf33b0_0;  1 drivers
v00000187d2e248d0_0 .net "Mdataout", 31 0, L_00000187d2cb9970;  1 drivers
v00000187d2e23d90_0 .net "Read", 0 0, v00000187d2cf2d70_0;  1 drivers
v00000187d2e24b50_0 .net "Rin", 0 0, v00000187d2cf3ef0_0;  1 drivers
v00000187d2e22e90_0 .net "Rout", 0 0, v00000187d2cf4990_0;  1 drivers
v00000187d2e24dd0_0 .net "Zin", 0 0, v00000187d2cf4850_0;  1 drivers
v00000187d2e240b0_0 .net "alu_op", 4 0, v00000187d2cf2ff0_0;  1 drivers
v00000187d2e22a30_0 .net "bus_sel", 4 0, v00000187d2cf3bd0_0;  1 drivers
v00000187d2e24510_0 .net "clk", 0 0, v00000187d2e26310_0;  1 drivers
v00000187d2e245b0_0 .net "con", 0 0, v00000187d2e06d30_0;  1 drivers
v00000187d2e234d0_0 .net "con_en", 0 0, v00000187d2cf40d0_0;  1 drivers
v00000187d2e24e70_0 .net "device_in", 31 0, v00000187d2e264f0_0;  1 drivers
v00000187d2e22c10_0 .net "hi_in", 0 0, v00000187d2cf3b30_0;  1 drivers
v00000187d2e22ad0_0 .net "inport_in", 0 0, v00000187d2cf3630_0;  1 drivers
v00000187d2e23cf0_0 .net "ir_in", 0 0, v00000187d2cf3090_0;  1 drivers
v00000187d2e23570_0 .net "ir_val", 31 0, v00000187d2e06e70_0;  1 drivers
v00000187d2e23a70_0 .net "jal_r12_in", 0 0, v00000187d2cf3950_0;  1 drivers
v00000187d2e24bf0_0 .net "lo_in", 0 0, v00000187d2cf3770_0;  1 drivers
v00000187d2e22cb0_0 .net "mar_in", 0 0, v00000187d2cf3f90_0;  1 drivers
v00000187d2e24650_0 .net "mar_val", 31 0, v00000187d2e07230_0;  1 drivers
v00000187d2e246f0_0 .net "outport_in", 0 0, v00000187d2cf2cd0_0;  1 drivers
v00000187d2e236b0_0 .net "outport_val", 31 0, v00000187d2e03f90_0;  alias, 1 drivers
v00000187d2e22df0_0 .net "pc_in", 0 0, v00000187d2cf27d0_0;  1 drivers
v00000187d2e23750_0 .net "pc_val", 31 0, v00000187d2e04670_0;  1 drivers
v00000187d2e24790_0 .net "ram_in", 0 0, v00000187d2cf4170_0;  1 drivers
v00000187d2e24970_0 .net "reset", 0 0, v00000187d2e27850_0;  1 drivers
v00000187d2e237f0_0 .net "run", 0 0, v00000187d2cf2870_0;  alias, 1 drivers
v00000187d2e23890_0 .net "stop", 0 0, v00000187d2e268b0_0;  1 drivers
v00000187d2e24f10_0 .net "y_in", 0 0, v00000187d2cf3130_0;  1 drivers
v00000187d2e24fb0_0 .net "y_val", 31 0, v00000187d2e04710_0;  1 drivers
v00000187d2e23930_0 .net "zhigh_out", 31 0, L_00000187d2cb49d0;  1 drivers
v00000187d2e22b70_0 .net "zlow_out", 31 0, L_00000187d2cb51b0;  1 drivers
S_00000187d2d42b70 .scope module, "cu" "control_unit" 3 30, 4 3 0, S_00000187d2d429e0;
 .timescale -9 -11;
    .port_info 0 /INPUT 1 "clk";
    .port_info 1 /INPUT 1 "reset";
    .port_info 2 /INPUT 1 "stop";
    .port_info 3 /INPUT 1 "con";
    .port_info 4 /INPUT 32 "IR";
    .port_info 5 /INPUT 32 "MDR";
    .port_info 6 /OUTPUT 5 "bus_sel";
    .port_info 7 /OUTPUT 1 "pc_in";
    .port_info 8 /OUTPUT 1 "IncPC";
    .port_info 9 /OUTPUT 1 "ir_in";
    .port_info 10 /OUTPUT 1 "y_in";
    .port_info 11 /OUTPUT 1 "mar_in";
    .port_info 12 /OUTPUT 1 "hi_in";
    .port_info 13 /OUTPUT 1 "lo_in";
    .port_info 14 /OUTPUT 1 "MDRin";
    .port_info 15 /OUTPUT 1 "Read";
    .port_info 16 /OUTPUT 1 "ram_in";
    .port_info 17 /OUTPUT 5 "alu_op";
    .port_info 18 /OUTPUT 1 "Zin";
    .port_info 19 /OUTPUT 1 "Gra";
    .port_info 20 /OUTPUT 1 "Grb";
    .port_info 21 /OUTPUT 1 "Grc";
    .port_info 22 /OUTPUT 1 "Rin";
    .port_info 23 /OUTPUT 1 "Rout";
    .port_info 24 /OUTPUT 1 "BAout";
    .port_info 25 /OUTPUT 1 "Cout";
    .port_info 26 /OUTPUT 1 "con_en";
    .port_info 27 /OUTPUT 1 "inport_in";
    .port_info 28 /OUTPUT 1 "outport_in";
    .port_info 29 /OUTPUT 1 "jal_r12_in";
    .port_info 30 /OUTPUT 1 "run";
P_00000187d2d44000 .param/l "ALU_ADD" 1 4 53, C4<00000>;
P_00000187d2d44038 .param/l "ALU_AND" 1 4 55, C4<00100>;
P_00000187d2d44070 .param/l "ALU_DIV" 1 4 54, C4<00011>;
P_00000187d2d440a8 .param/l "ALU_MUL" 1 4 54, C4<00010>;
P_00000187d2d440e0 .param/l "ALU_NEG" 1 4 56, C4<00111>;
P_00000187d2d44118 .param/l "ALU_NOT" 1 4 56, C4<00110>;
P_00000187d2d44150 .param/l "ALU_OR" 1 4 55, C4<00101>;
P_00000187d2d44188 .param/l "ALU_ROL" 1 4 58, C4<01100>;
P_00000187d2d441c0 .param/l "ALU_ROR" 1 4 58, C4<01011>;
P_00000187d2d441f8 .param/l "ALU_SHL" 1 4 58, C4<01010>;
P_00000187d2d44230 .param/l "ALU_SHR" 1 4 57, C4<01000>;
P_00000187d2d44268 .param/l "ALU_SHRA" 1 4 57, C4<01001>;
P_00000187d2d442a0 .param/l "ALU_SUB" 1 4 53, C4<00001>;
P_00000187d2d442d8 .param/l "BUS_C" 1 4 65, C4<10111>;
P_00000187d2d44310 .param/l "BUS_HI" 1 4 62, C4<10000>;
P_00000187d2d44348 .param/l "BUS_IN" 1 4 65, C4<10110>;
P_00000187d2d44380 .param/l "BUS_LO" 1 4 62, C4<10001>;
P_00000187d2d443b8 .param/l "BUS_MDR" 1 4 64, C4<10101>;
P_00000187d2d443f0 .param/l "BUS_PC" 1 4 64, C4<10100>;
P_00000187d2d44428 .param/l "BUS_ZH" 1 4 63, C4<10010>;
P_00000187d2d44460 .param/l "BUS_ZL" 1 4 63, C4<10011>;
P_00000187d2d44498 .param/l "OP_ADD" 1 4 35, C4<00000>;
P_00000187d2d444d0 .param/l "OP_ADDI" 1 4 39, C4<01001>;
P_00000187d2d44508 .param/l "OP_AND" 1 4 36, C4<00010>;
P_00000187d2d44540 .param/l "OP_ANDI" 1 4 39, C4<01010>;
P_00000187d2d44578 .param/l "OP_BR" 1 4 43, C4<10101>;
P_00000187d2d445b0 .param/l "OP_DIV" 1 4 40, C4<01100>;
P_00000187d2d445e8 .param/l "OP_HALT" 1 4 46, C4<11011>;
P_00000187d2d44620 .param/l "OP_IN" 1 4 44, C4<10110>;
P_00000187d2d44658 .param/l "OP_JAL" 1 4 43, C4<10011>;
P_00000187d2d44690 .param/l "OP_JR" 1 4 43, C4<10100>;
P_00000187d2d446c8 .param/l "OP_LD" 1 4 42, C4<10000>;
P_00000187d2d44700 .param/l "OP_LDI" 1 4 42, C4<10001>;
P_00000187d2d44738 .param/l "OP_MFHI" 1 4 45, C4<11000>;
P_00000187d2d44770 .param/l "OP_MFLO" 1 4 45, C4<11001>;
P_00000187d2d447a8 .param/l "OP_MUL" 1 4 40, C4<01101>;
P_00000187d2d447e0 .param/l "OP_NEG" 1 4 41, C4<01110>;
P_00000187d2d44818 .param/l "OP_NOP" 1 4 46, C4<11010>;
P_00000187d2d44850 .param/l "OP_NOT" 1 4 41, C4<01111>;
P_00000187d2d44888 .param/l "OP_OR" 1 4 36, C4<00011>;
P_00000187d2d448c0 .param/l "OP_ORI" 1 4 39, C4<01011>;
P_00000187d2d448f8 .param/l "OP_OUT" 1 4 44, C4<10111>;
P_00000187d2d44930 .param/l "OP_ROL" 1 4 38, C4<01000>;
P_00000187d2d44968 .param/l "OP_ROR" 1 4 38, C4<00111>;
P_00000187d2d449a0 .param/l "OP_SHL" 1 4 38, C4<00110>;
P_00000187d2d449d8 .param/l "OP_SHR" 1 4 37, C4<00100>;
P_00000187d2d44a10 .param/l "OP_SHRA" 1 4 37, C4<00101>;
P_00000187d2d44a48 .param/l "OP_ST" 1 4 42, C4<10010>;
P_00000187d2d44a80 .param/l "OP_SUB" 1 4 35, C4<00001>;
P_00000187d2d44ab8 .param/l "S_ALU2_T3" 1 4 74, C4<000111>;
P_00000187d2d44af0 .param/l "S_ALU2_T4" 1 4 74, C4<001000>;
P_00000187d2d44b28 .param/l "S_ALU3_T3" 1 4 73, C4<000100>;
P_00000187d2d44b60 .param/l "S_ALU3_T4" 1 4 73, C4<000101>;
P_00000187d2d44b98 .param/l "S_ALU3_T5" 1 4 73, C4<000110>;
P_00000187d2d44bd0 .param/l "S_BR_T3" 1 4 83, C4<100001>;
P_00000187d2d44c08 .param/l "S_BR_T4" 1 4 83, C4<100010>;
P_00000187d2d44c40 .param/l "S_BR_T5" 1 4 83, C4<100011>;
P_00000187d2d44c78 .param/l "S_BR_T6" 1 4 83, C4<100100>;
P_00000187d2d44cb0 .param/l "S_DIV_T3" 1 4 76, C4<001101>;
P_00000187d2d44ce8 .param/l "S_DIV_T4" 1 4 76, C4<001110>;
P_00000187d2d44d20 .param/l "S_DIV_T5" 1 4 76, C4<001111>;
P_00000187d2d44d58 .param/l "S_DIV_T6" 1 4 76, C4<010000>;
P_00000187d2d44d90 .param/l "S_FETCH0" 1 4 70, C4<000001>;
P_00000187d2d44dc8 .param/l "S_FETCH1" 1 4 71, C4<000010>;
P_00000187d2d44e00 .param/l "S_FETCH2" 1 4 72, C4<000011>;
P_00000187d2d44e38 .param/l "S_HALT" 1 4 90, C4<101110>;
P_00000187d2d44e70 .param/l "S_IMM_T3" 1 4 82, C4<011110>;
P_00000187d2d44ea8 .param/l "S_IMM_T4" 1 4 82, C4<011111>;
P_00000187d2d44ee0 .param/l "S_IMM_T5" 1 4 82, C4<100000>;
P_00000187d2d44f18 .param/l "S_IN_T3" 1 4 87, C4<101010>;
P_00000187d2d44f50 .param/l "S_IN_T4" 1 4 87, C4<101011>;
P_00000187d2d44f88 .param/l "S_JAL_T3" 1 4 85, C4<100110>;
P_00000187d2d44fc0 .param/l "S_JAL_T4" 1 4 85, C4<100111>;
P_00000187d2d44ff8 .param/l "S_JR_T3" 1 4 84, C4<100101>;
P_00000187d2d45030 .param/l "S_LDI_T3" 1 4 79, C4<010110>;
P_00000187d2d45068 .param/l "S_LDI_T4" 1 4 79, C4<010111>;
P_00000187d2d450a0 .param/l "S_LDI_T5" 1 4 79, C4<011000>;
P_00000187d2d450d8 .param/l "S_LD_T3" 1 4 77, C4<010001>;
P_00000187d2d45110 .param/l "S_LD_T4" 1 4 77, C4<010010>;
P_00000187d2d45148 .param/l "S_LD_T5" 1 4 77, C4<010011>;
P_00000187d2d45180 .param/l "S_LD_T6" 1 4 78, C4<010100>;
P_00000187d2d451b8 .param/l "S_LD_T7" 1 4 78, C4<010101>;
P_00000187d2d451f0 .param/l "S_MFHI_T3" 1 4 86, C4<101000>;
P_00000187d2d45228 .param/l "S_MFLO_T3" 1 4 86, C4<101001>;
P_00000187d2d45260 .param/l "S_MUL_T3" 1 4 75, C4<001001>;
P_00000187d2d45298 .param/l "S_MUL_T4" 1 4 75, C4<001010>;
P_00000187d2d452d0 .param/l "S_MUL_T5" 1 4 75, C4<001011>;
P_00000187d2d45308 .param/l "S_MUL_T6" 1 4 75, C4<001100>;
P_00000187d2d45340 .param/l "S_NOP_T3" 1 4 89, C4<101101>;
P_00000187d2d45378 .param/l "S_OUT_T3" 1 4 88, C4<101100>;
P_00000187d2d453b0 .param/l "S_RESET" 1 4 69, C4<000000>;
P_00000187d2d453e8 .param/l "S_ST_T3" 1 4 80, C4<011001>;
P_00000187d2d45420 .param/l "S_ST_T4" 1 4 80, C4<011010>;
P_00000187d2d45458 .param/l "S_ST_T5" 1 4 80, C4<011011>;
P_00000187d2d45490 .param/l "S_ST_T6" 1 4 81, C4<011100>;
P_00000187d2d454c8 .param/l "S_ST_T7" 1 4 81, C4<011101>;
v00000187d2cf3310_0 .var "BAout", 0 0;
v00000187d2cf3db0_0 .var "Cout", 0 0;
v00000187d2cf2f50_0 .var "Gra", 0 0;
v00000187d2cf22d0_0 .var "Grb", 0 0;
v00000187d2cf45d0_0 .var "Grc", 0 0;
v00000187d2cf2910_0 .net "IR", 31 0, v00000187d2e06e70_0;  alias, 1 drivers
v00000187d2cf29b0_0 .var "IncPC", 0 0;
v00000187d2cf2410_0 .net "MDR", 31 0, L_00000187d2cb9970;  alias, 1 drivers
v00000187d2cf33b0_0 .var "MDRin", 0 0;
v00000187d2cf2d70_0 .var "Read", 0 0;
v00000187d2cf3ef0_0 .var "Rin", 0 0;
v00000187d2cf4990_0 .var "Rout", 0 0;
v00000187d2cf4850_0 .var "Zin", 0 0;
L_00000187d2e39908 .functor BUFT 1, C4<000011>, C4<0>, C4<0>, C4<0>;
v00000187d2cf3c70_0 .net/2u *"_ivl_0", 5 0, L_00000187d2e39908;  1 drivers
v00000187d2cf2b90_0 .net *"_ivl_2", 0 0, L_00000187d2e27170;  1 drivers
v00000187d2cf2550_0 .net *"_ivl_5", 4 0, L_00000187d2e25af0;  1 drivers
v00000187d2cf4030_0 .net *"_ivl_7", 4 0, L_00000187d2e25a50;  1 drivers
v00000187d2cf2ff0_0 .var "alu_op", 4 0;
v00000187d2cf3bd0_0 .var "bus_sel", 4 0;
v00000187d2cf4a30_0 .net "clk", 0 0, v00000187d2e26310_0;  alias, 1 drivers
v00000187d2cf3590_0 .net "con", 0 0, v00000187d2e06d30_0;  alias, 1 drivers
v00000187d2cf40d0_0 .var "con_en", 0 0;
v00000187d2cf3b30_0 .var "hi_in", 0 0;
v00000187d2cf3630_0 .var "inport_in", 0 0;
v00000187d2cf3090_0 .var "ir_in", 0 0;
v00000187d2cf3950_0 .var "jal_r12_in", 0 0;
v00000187d2cf3770_0 .var "lo_in", 0 0;
v00000187d2cf3f90_0 .var "mar_in", 0 0;
v00000187d2cf2a50_0 .var "next_state", 5 0;
v00000187d2cf2af0_0 .net "opcode", 4 0, L_00000187d2e27350;  1 drivers
v00000187d2cf2cd0_0 .var "outport_in", 0 0;
v00000187d2cf27d0_0 .var "pc_in", 0 0;
v00000187d2cf4170_0 .var "ram_in", 0 0;
v00000187d2cf2eb0_0 .net "reset", 0 0, v00000187d2e27850_0;  alias, 1 drivers
v00000187d2cf2870_0 .var "run", 0 0;
v00000187d2cf2e10_0 .var "state", 5 0;
v00000187d2cf36d0_0 .net "stop", 0 0, v00000187d2e268b0_0;  alias, 1 drivers
v00000187d2cf3130_0 .var "y_in", 0 0;
E_00000187d2d0dee0 .event anyedge, v00000187d2cf2e10_0, v00000187d2cf2af0_0, v00000187d2cf3590_0;
E_00000187d2d0dc20 .event anyedge, v00000187d2cf36d0_0, v00000187d2cf2e10_0, v00000187d2cf2af0_0;
E_00000187d2d0da60 .event posedge, v00000187d2cf2eb0_0, v00000187d2cf4a30_0;
L_00000187d2e27170 .cmp/eq 6, v00000187d2cf2e10_0, L_00000187d2e39908;
L_00000187d2e25af0 .part L_00000187d2cb9970, 27, 5;
L_00000187d2e25a50 .part v00000187d2e06e70_0, 27, 5;
L_00000187d2e27350 .functor MUXZ 5, L_00000187d2e25a50, L_00000187d2e25af0, L_00000187d2e27170, C4<>;
S_00000187d2d432c0 .scope module, "dp" "datapath_top" 3 61, 5 1 0, S_00000187d2d429e0;
 .timescale 0 0;
    .port_info 0 /INPUT 1 "clk";
    .port_info 1 /INPUT 1 "reset";
    .port_info 2 /INPUT 5 "bus_sel";
    .port_info 3 /INPUT 1 "pc_in";
    .port_info 4 /INPUT 1 "IncPC";
    .port_info 5 /INPUT 1 "ir_in";
    .port_info 6 /INPUT 1 "y_in";
    .port_info 7 /INPUT 1 "mar_in";
    .port_info 8 /INPUT 1 "hi_in";
    .port_info 9 /INPUT 1 "lo_in";
    .port_info 10 /INPUT 1 "MDRin";
    .port_info 11 /INPUT 1 "Read";
    .port_info 12 /INPUT 5 "alu_op";
    .port_info 13 /INPUT 1 "Zin";
    .port_info 14 /INPUT 32 "c_val";
    .port_info 15 /INPUT 1 "ram_in";
    .port_info 16 /INPUT 32 "device_in";
    .port_info 17 /INPUT 1 "inport_in";
    .port_info 18 /INPUT 1 "outport_in";
    .port_info 19 /INPUT 1 "Gra";
    .port_info 20 /INPUT 1 "Grb";
    .port_info 21 /INPUT 1 "Grc";
    .port_info 22 /INPUT 1 "Rin";
    .port_info 23 /INPUT 1 "Rout";
    .port_info 24 /INPUT 1 "BAout";
    .port_info 25 /INPUT 1 "Cout";
    .port_info 26 /INPUT 1 "con_en";
    .port_info 27 /INPUT 1 "jal_r12_in";
    .port_info 28 /OUTPUT 32 "BusMuxOut";
    .port_info 29 /OUTPUT 32 "pc_val";
    .port_info 30 /OUTPUT 32 "ir_val";
    .port_info 31 /OUTPUT 32 "y_val";
    .port_info 32 /OUTPUT 32 "mar_val";
    .port_info 33 /OUTPUT 32 "zhigh_out";
    .port_info 34 /OUTPUT 32 "zlow_out";
    .port_info 35 /OUTPUT 32 "Mdataout";
    .port_info 36 /OUTPUT 32 "outport_val";
    .port_info 37 /OUTPUT 1 "con";
    .port_info 38 /OUTPUT 1 "Overflow";
L_00000187d2cb49d0 .functor BUFZ 32, L_00000187d2e25e10, C4<00000000000000000000000000000000>, C4<00000000000000000000000000000000>, C4<00000000000000000000000000000000>;
L_00000187d2cb51b0 .functor BUFZ 32, L_00000187d2e254b0, C4<00000000000000000000000000000000>, C4<00000000000000000000000000000000>, C4<00000000000000000000000000000000>;
L_00000187d2cb4f10 .functor BUFZ 1, v00000187d2e21bd0_0, C4<0>, C4<0>, C4<0>;
L_00000187d2e3ac70 .functor BUFT 1, C4<00000000000000000000000000000000>, C4<0>, C4<0>, C4<0>;
L_00000187d2cb4490 .functor BUFZ 32, L_00000187d2e3ac70, C4<00000000000000000000000000000000>, C4<00000000000000000000000000000000>, C4<00000000000000000000000000000000>;
L_00000187d2cb3930 .functor OR 16, L_00000187d2cb8a90, L_00000187d2e26590, C4<0000000000000000>, C4<0000000000000000>;
L_00000187d2cb9970 .functor BUFZ 32, v00000187d2e03b30_0, C4<00000000000000000000000000000000>, C4<00000000000000000000000000000000>, C4<00000000000000000000000000000000>;
v00000187d2e227b0_0 .net "BAout", 0 0, v00000187d2cf3310_0;  alias, 1 drivers
v00000187d2e22490_0 .net "BAout_R0", 0 0, L_00000187d2cb8ef0;  1 drivers
v00000187d2e21270_0 .net "BusMuxOut", 31 0, v00000187d2df2c80_0;  alias, 1 drivers
v00000187d2e214f0_0 .net "Cout", 0 0, v00000187d2cf3db0_0;  alias, 1 drivers
v00000187d2e21630_0 .net "Gra", 0 0, v00000187d2cf2f50_0;  alias, 1 drivers
v00000187d2e20af0_0 .net "Grb", 0 0, v00000187d2cf22d0_0;  alias, 1 drivers
v00000187d2e22710_0 .net "Grc", 0 0, v00000187d2cf45d0_0;  alias, 1 drivers
v00000187d2e216d0_0 .net "IncPC", 0 0, v00000187d2cf29b0_0;  alias, 1 drivers
v00000187d2e207d0_0 .net "MDRin", 0 0, v00000187d2cf33b0_0;  alias, 1 drivers
v00000187d2e20910_0 .net "Mdataout", 31 0, L_00000187d2cb9970;  alias, 1 drivers
v00000187d2e209b0_0 .net "Overflow", 0 0, L_00000187d2cb4f10;  1 drivers
v00000187d2e20690_0 .net "Read", 0 0, v00000187d2cf2d70_0;  alias, 1 drivers
v00000187d2e218b0_0 .net "Rin", 0 0, v00000187d2cf3ef0_0;  alias, 1 drivers
v00000187d2e21590_0 .net "Rin_decoded", 15 0, L_00000187d2cb8a90;  1 drivers
v00000187d2e20a50_0 .net "Rout", 0 0, v00000187d2cf4990_0;  alias, 1 drivers
v00000187d2e22030_0 .net "Rout_decoded", 15 0, L_00000187d2cb8b00;  1 drivers
v00000187d2e202d0_0 .var "Z_reg", 63 0;
v00000187d2e20d70_0 .net "Zin", 0 0, v00000187d2cf4850_0;  alias, 1 drivers
L_00000187d2e39998 .functor BUFT 1, C4<0001000000000000>, C4<0>, C4<0>, C4<0>;
v00000187d2e225d0_0 .net/2u *"_ivl_12", 15 0, L_00000187d2e39998;  1 drivers
L_00000187d2e399e0 .functor BUFT 1, C4<0000000000000000>, C4<0>, C4<0>, C4<0>;
v00000187d2e20410_0 .net/2u *"_ivl_14", 15 0, L_00000187d2e399e0;  1 drivers
v00000187d2e21770_0 .net *"_ivl_16", 15 0, L_00000187d2e26590;  1 drivers
v00000187d2e20f50_0 .net "alu_op", 4 0, v00000187d2cf2ff0_0;  alias, 1 drivers
v00000187d2e223f0_0 .net "alu_overflow", 0 0, v00000187d2df21e0_0;  1 drivers
v00000187d2e204b0_0 .net "alu_result", 63 0, v00000187d2df1420_0;  1 drivers
v00000187d2e20550_0 .net "bus_sel", 4 0, v00000187d2cf3bd0_0;  alias, 1 drivers
v00000187d2e22850_0 .net "c_bus_val", 31 0, L_00000187d2e2c0d0;  1 drivers
v00000187d2e20370_0 .net "c_extended", 31 0, L_00000187d2e2aeb0;  1 drivers
v00000187d2e21a90_0 .net "c_raw", 31 0, L_00000187d2cb4490;  1 drivers
v00000187d2e20e10_0 .net "c_val", 31 0, L_00000187d2e3ac70;  1 drivers
v00000187d2e21950_0 .net "clk", 0 0, v00000187d2e26310_0;  alias, 1 drivers
v00000187d2e20b90_0 .net "con", 0 0, v00000187d2e06d30_0;  alias, 1 drivers
v00000187d2e21810_0 .net "con_en", 0 0, v00000187d2cf40d0_0;  alias, 1 drivers
v00000187d2e20ff0_0 .net "device_in", 31 0, v00000187d2e264f0_0;  alias, 1 drivers
v00000187d2e20c30_0 .net "hi_in", 0 0, v00000187d2cf3b30_0;  alias, 1 drivers
v00000187d2e205f0_0 .net "hi_val", 31 0, v00000187d2e074b0_0;  1 drivers
v00000187d2e22530_0 .net "inport_in", 0 0, v00000187d2cf3630_0;  alias, 1 drivers
v00000187d2e21e50_0 .net "inport_val", 31 0, v00000187d2e079b0_0;  1 drivers
v00000187d2e20cd0_0 .net "ir_in", 0 0, v00000187d2cf3090_0;  alias, 1 drivers
v00000187d2e22170_0 .net "ir_val", 31 0, v00000187d2e06e70_0;  alias, 1 drivers
v00000187d2e219f0_0 .net "jal_r12_in", 0 0, v00000187d2cf3950_0;  alias, 1 drivers
v00000187d2e21c70_0 .net "lo_in", 0 0, v00000187d2cf3770_0;  alias, 1 drivers
v00000187d2e20eb0_0 .net "lo_val", 31 0, v00000187d2e07ff0_0;  1 drivers
v00000187d2e213b0_0 .net "mar_in", 0 0, v00000187d2cf3f90_0;  alias, 1 drivers
v00000187d2e21d10_0 .net "mar_val", 31 0, v00000187d2e07230_0;  alias, 1 drivers
v00000187d2e21090_0 .net "mdr_val", 31 0, v00000187d2e03b30_0;  1 drivers
v00000187d2e21b30_0 .net "outport_in", 0 0, v00000187d2cf2cd0_0;  alias, 1 drivers
v00000187d2e21130_0 .net "outport_val", 31 0, v00000187d2e03f90_0;  alias, 1 drivers
v00000187d2e21bd0_0 .var "overflow_reg", 0 0;
v00000187d2e21450_0 .net "pc_in", 0 0, v00000187d2cf27d0_0;  alias, 1 drivers
v00000187d2e211d0_0 .net "pc_val", 31 0, v00000187d2e04670_0;  alias, 1 drivers
v00000187d2e21db0_0 .net "r0_out", 31 0, L_00000187d2e25550;  1 drivers
v00000187d2e222b0_0 .net "r10_out", 31 0, v00000187d2e1be10_0;  1 drivers
v00000187d2e22670_0 .net "r11_out", 31 0, v00000187d2e1d030_0;  1 drivers
v00000187d2e228f0_0 .net "r12_out", 31 0, v00000187d2e1b870_0;  1 drivers
v00000187d2e20190_0 .net "r13_out", 31 0, v00000187d2e1cbd0_0;  1 drivers
v00000187d2e24010_0 .net "r14_out", 31 0, v00000187d2e1d490_0;  1 drivers
v00000187d2e24ab0_0 .net "r15_out", 31 0, v00000187d2e1d530_0;  1 drivers
v00000187d2e232f0_0 .net "r1_out", 31 0, v00000187d2e1d5d0_0;  1 drivers
v00000187d2e23e30_0 .net "r2_out", 31 0, v00000187d2e1b190_0;  1 drivers
v00000187d2e23070_0 .net "r3_out", 31 0, v00000187d2e1b7d0_0;  1 drivers
v00000187d2e24470_0 .net "r4_out", 31 0, v00000187d2e1e750_0;  1 drivers
v00000187d2e239d0_0 .net "r5_out", 31 0, v00000187d2e1e110_0;  1 drivers
v00000187d2e22f30_0 .net "r6_out", 31 0, v00000187d2e1f8d0_0;  1 drivers
v00000187d2e23430_0 .net "r7_out", 31 0, v00000187d2e1eed0_0;  1 drivers
v00000187d2e23610_0 .net "r8_out", 31 0, v00000187d2e1fe70_0;  1 drivers
v00000187d2e23ed0_0 .net "r9_out", 31 0, v00000187d2e1fab0_0;  1 drivers
v00000187d2e24150_0 .net "ram_in", 0 0, v00000187d2cf4170_0;  alias, 1 drivers
v00000187d2e24d30_0 .net "ram_val", 31 0, L_00000187d2e2ac30;  1 drivers
v00000187d2e241f0_0 .net "reset", 0 0, v00000187d2e27850_0;  alias, 1 drivers
v00000187d2e23bb0_0 .net "sel_encoded", 4 0, v00000187d2e039f0_0;  1 drivers
v00000187d2e23f70_0 .net "y_in", 0 0, v00000187d2cf3130_0;  alias, 1 drivers
v00000187d2e24830_0 .net "y_val", 31 0, v00000187d2e04710_0;  alias, 1 drivers
v00000187d2e24290_0 .net "zhigh_out", 31 0, L_00000187d2cb49d0;  alias, 1 drivers
v00000187d2e24a10_0 .net "zhigh_val", 31 0, L_00000187d2e25e10;  1 drivers
v00000187d2e23110_0 .net "zlow_out", 31 0, L_00000187d2cb51b0;  alias, 1 drivers
v00000187d2e23b10_0 .net "zlow_val", 31 0, L_00000187d2e254b0;  1 drivers
L_00000187d2e25e10 .part v00000187d2e202d0_0, 32, 32;
L_00000187d2e254b0 .part v00000187d2e202d0_0, 0, 32;
L_00000187d2e26590 .functor MUXZ 16, L_00000187d2e399e0, L_00000187d2e39998, v00000187d2cf3950_0, C4<>;
L_00000187d2e2b1d0 .part v00000187d2e07230_0, 0, 9;
L_00000187d2e2c0d0 .functor MUXZ 32, L_00000187d2cb4490, L_00000187d2e2aeb0, v00000187d2cf3db0_0, C4<>;
L_00000187d2e2b950 .part v00000187d2e06e70_0, 19, 2;
S_00000187d28e3340 .scope module, "alu_inst" "alu" 5 199, 6 4 0, S_00000187d2d432c0;
 .timescale 0 0;
    .port_info 0 /INPUT 32 "A";
    .port_info 1 /INPUT 32 "B";
    .port_info 2 /INPUT 5 "op";
    .port_info 3 /OUTPUT 64 "C";
    .port_info 4 /OUTPUT 1 "Overflow";
P_00000187d28d27f0 .param/l "OP_ADD" 1 6 13, C4<00000>;
P_00000187d28d2828 .param/l "OP_AND" 1 6 17, C4<00100>;
P_00000187d28d2860 .param/l "OP_DIV" 1 6 16, C4<00011>;
P_00000187d28d2898 .param/l "OP_MUL" 1 6 15, C4<00010>;
P_00000187d28d28d0 .param/l "OP_NEG" 1 6 20, C4<00111>;
P_00000187d28d2908 .param/l "OP_NOT" 1 6 19, C4<00110>;
P_00000187d28d2940 .param/l "OP_OR" 1 6 18, C4<00101>;
P_00000187d28d2978 .param/l "OP_ROL" 1 6 25, C4<01100>;
P_00000187d28d29b0 .param/l "OP_ROR" 1 6 24, C4<01011>;
P_00000187d28d29e8 .param/l "OP_SHL" 1 6 23, C4<01010>;
P_00000187d28d2a20 .param/l "OP_SHR" 1 6 21, C4<01000>;
P_00000187d28d2a58 .param/l "OP_SHRA" 1 6 22, C4<01001>;
P_00000187d28d2a90 .param/l "OP_SUB" 1 6 14, C4<00001>;
L_00000187d2eb6c80 .functor NOT 32, v00000187d2df2c80_0, C4<00000000000000000000000000000000>, C4<00000000000000000000000000000000>, C4<00000000000000000000000000000000>;
L_00000187d2ebbd70 .functor NOT 32, v00000187d2df2c80_0, C4<00000000000000000000000000000000>, C4<00000000000000000000000000000000>, C4<00000000000000000000000000000000>;
v00000187d2df1e20_0 .net "A", 31 0, v00000187d2e04710_0;  alias, 1 drivers
v00000187d2df3540_0 .net "B", 31 0, v00000187d2df2c80_0;  alias, 1 drivers
v00000187d2df1420_0 .var "C", 63 0;
v00000187d2df21e0_0 .var "Overflow", 0 0;
v00000187d2df1ec0_0 .net "add_cout", 0 0, L_00000187d2e2f4b0;  1 drivers
v00000187d2df3360_0 .net "add_overflow", 0 0, L_00000187d2eb0c90;  1 drivers
v00000187d2df14c0_0 .net "add_result", 31 0, L_00000187d2e2f7d0;  1 drivers
v00000187d2df1560_0 .net "div_quotient", 31 0, L_00000187d2ef67d0;  1 drivers
v00000187d2df37c0_0 .net "div_remainder", 31 0, L_00000187d2efa1f0;  1 drivers
v00000187d2df1600_0 .net "mul_result", 63 0, L_00000187d2ef8df0;  1 drivers
v00000187d2df2640_0 .net "neg_cout", 0 0, L_00000187d2e37a70;  1 drivers
v00000187d2df1f60_0 .net "neg_result", 31 0, L_00000187d2e36c10;  1 drivers
v00000187d2df28c0_0 .net "op", 4 0, v00000187d2cf2ff0_0;  alias, 1 drivers
v00000187d2df2460_0 .net "rol_result", 31 0, L_00000187d2ebbd00;  1 drivers
v00000187d2df35e0_0 .net "ror_result", 31 0, L_00000187d2ebbec0;  1 drivers
v00000187d2df2280_0 .net "shl_result", 31 0, L_00000187d2ebb980;  1 drivers
v00000187d2df2d20_0 .net "shr_result", 31 0, L_00000187d2ebb910;  1 drivers
v00000187d2df12e0_0 .net "shra_result", 31 0, L_00000187d2ebc0f0;  1 drivers
v00000187d2df2aa0_0 .net "sub_cout", 0 0, L_00000187d2e33a10;  1 drivers
v00000187d2df2be0_0 .net "sub_overflow", 0 0, L_00000187d2eb79a0;  1 drivers
v00000187d2df19c0_0 .net "sub_result", 31 0, L_00000187d2e338d0;  1 drivers
E_00000187d2d0dfa0/0 .event anyedge, v00000187d2cf2ff0_0, v00000187d2dd0be0_0, v00000187d2dd00a0_0, v00000187d2dec9c0_0;
E_00000187d2d0dfa0/1 .event anyedge, v00000187d2dee4a0_0, v00000187d2dad040_0, v00000187d2dae580_0, v00000187d2daeee0_0;
E_00000187d2d0dfa0/2 .event anyedge, v00000187d2cf3d10_0, v00000187d2dac780_0, v00000187d2dde420_0, v00000187d2df1d80_0;
E_00000187d2d0dfa0/3 .event anyedge, v00000187d2df17e0_0, v00000187d2df0c00_0, v00000187d2df0660_0, v00000187d2def3a0_0;
E_00000187d2d0dfa0 .event/or E_00000187d2d0dfa0/0, E_00000187d2d0dfa0/1, E_00000187d2d0dfa0/2, E_00000187d2d0dfa0/3;
L_00000187d2efddf0 .part v00000187d2df2c80_0, 0, 5;
S_00000187d28d2ad0 .scope module, "booth_mul" "booth_multiplier" 6 69, 7 4 0, S_00000187d28e3340;
 .timescale 0 0;
    .port_info 0 /INPUT 32 "A";
    .port_info 1 /INPUT 32 "B";
    .port_info 2 /OUTPUT 64 "Product";
v00000187d2dac960_0 .net/s "A", 31 0, v00000187d2e04710_0;  alias, 1 drivers
v00000187d2dac780_0 .net/s "B", 31 0, v00000187d2df2c80_0;  alias, 1 drivers
v00000187d2dac820_0 .net "B_ext", 32 0, L_00000187d2ef87b0;  1 drivers
v00000187d2dad040_0 .net/s "Product", 63 0, L_00000187d2ef8df0;  alias, 1 drivers
L_00000187d2e3a7a8 .functor BUFT 1, C4<0>, C4<0>, C4<0>, C4<0>;
v00000187d2dadc20_0 .net/2u *"_ivl_16", 0 0, L_00000187d2e3a7a8;  1 drivers
v00000187d2dad4a0_0 .net *"_ivl_21", 0 0, L_00000187d2ef88f0;  1 drivers
v00000187d2dad0e0_0 .net *"_ivl_23", 0 0, L_00000187d2ef7a90;  1 drivers
v00000187d2dac280_0 .net *"_ivl_25", 0 0, L_00000187d2ef7b30;  1 drivers
L_00000187d2e3a838 .functor BUFT 1, C4<00000000000000000000000000100000>, C4<0>, C4<0>, C4<0>;
v00000187d2dab600_0 .net/2s *"_ivl_28", 31 0, L_00000187d2e3a838;  1 drivers
v00000187d2dacbe0_0 .net/s *"_ivl_35", 63 0, L_00000187d2ef6b90;  1 drivers
v00000187d2dac5a0_0 .net/s *"_ivl_38", 63 0, L_00000187d2ef7d10;  1 drivers
v00000187d2dab6a0_0 .net/s *"_ivl_41", 63 0, L_00000187d2ef8cb0;  1 drivers
v00000187d2dabb00_0 .net/s *"_ivl_44", 63 0, L_00000187d2ef7630;  1 drivers
v00000187d2daca00_0 .net/s *"_ivl_47", 63 0, L_00000187d2ef7810;  1 drivers
v00000187d2dabba0_0 .net/s *"_ivl_50", 63 0, L_00000187d2ef71d0;  1 drivers
v00000187d2dad680_0 .net/s *"_ivl_53", 63 0, L_00000187d2ef8d50;  1 drivers
v00000187d2dacd20_0 .net/s *"_ivl_56", 63 0, L_00000187d2ef80d0;  1 drivers
v00000187d2dadd60_0 .net/s *"_ivl_59", 63 0, L_00000187d2ef8170;  1 drivers
v00000187d2dad2c0_0 .net/s *"_ivl_62", 63 0, L_00000187d2ef6ff0;  1 drivers
v00000187d2dad360_0 .net/s *"_ivl_65", 63 0, L_00000187d2ef82b0;  1 drivers
v00000187d2dabe20_0 .net/s *"_ivl_68", 63 0, L_00000187d2ef8350;  1 drivers
v00000187d2dacdc0_0 .net/s *"_ivl_71", 63 0, L_00000187d2ef73b0;  1 drivers
v00000187d2dab740_0 .net/s *"_ivl_74", 63 0, L_00000187d2ef83f0;  1 drivers
v00000187d2dad7c0_0 .net/s *"_ivl_77", 63 0, L_00000187d2ef8990;  1 drivers
v00000187d2dad900_0 .net "last_booth_bits", 2 0, L_00000187d2ef6cd0;  1 drivers
v00000187d2dad180 .array "pp", 0 16;
v00000187d2dad180_0 .net/s v00000187d2dad180 0, 63 0, L_00000187d2e37c50; 1 drivers
v00000187d2dad180_1 .net/s v00000187d2dad180 1, 63 0, L_00000187d2e38330; 1 drivers
v00000187d2dad180_2 .net/s v00000187d2dad180 2, 63 0, L_00000187d2e36ad0; 1 drivers
v00000187d2dad180_3 .net/s v00000187d2dad180 3, 63 0, L_00000187d2e18fd0; 1 drivers
v00000187d2dad180_4 .net/s v00000187d2dad180 4, 63 0, L_00000187d2e1a290; 1 drivers
v00000187d2dad180_5 .net/s v00000187d2dad180 5, 63 0, L_00000187d2e19250; 1 drivers
v00000187d2dad180_6 .net/s v00000187d2dad180 6, 63 0, L_00000187d2e1a3d0; 1 drivers
v00000187d2dad180_7 .net/s v00000187d2dad180 7, 63 0, L_00000187d2e1aa10; 1 drivers
v00000187d2dad180_8 .net/s v00000187d2dad180 8, 63 0, L_00000187d2e1a150; 1 drivers
v00000187d2dad180_9 .net/s v00000187d2dad180 9, 63 0, L_00000187d2e1a8d0; 1 drivers
v00000187d2dad180_10 .net/s v00000187d2dad180 10, 63 0, L_00000187d2e19610; 1 drivers
v00000187d2dad180_11 .net/s v00000187d2dad180 11, 63 0, L_00000187d2e18c10; 1 drivers
v00000187d2dad180_12 .net/s v00000187d2dad180 12, 63 0, L_00000187d2ef76d0; 1 drivers
v00000187d2dad180_13 .net/s v00000187d2dad180 13, 63 0, L_00000187d2ef8670; 1 drivers
v00000187d2dad180_14 .net/s v00000187d2dad180 14, 63 0, L_00000187d2ef7590; 1 drivers
v00000187d2dad180_15 .net/s v00000187d2dad180 15, 63 0, L_00000187d2ef7090; 1 drivers
v00000187d2dad180_16 .net/s v00000187d2dad180 16, 63 0, L_00000187d2ef8030; 1 drivers
L_00000187d2e37e30 .part L_00000187d2ef87b0, 0, 3;
L_00000187d2e36fd0 .part L_00000187d2ef87b0, 2, 3;
L_00000187d2e38650 .part L_00000187d2ef87b0, 4, 3;
L_00000187d2e371b0 .part L_00000187d2ef87b0, 6, 3;
L_00000187d2e19750 .part L_00000187d2ef87b0, 8, 3;
L_00000187d2e19cf0 .part L_00000187d2ef87b0, 10, 3;
L_00000187d2e194d0 .part L_00000187d2ef87b0, 12, 3;
L_00000187d2e18df0 .part L_00000187d2ef87b0, 14, 3;
L_00000187d2e19ed0 .part L_00000187d2ef87b0, 16, 3;
L_00000187d2e1a650 .part L_00000187d2ef87b0, 18, 3;
L_00000187d2e18f30 .part L_00000187d2ef87b0, 20, 3;
L_00000187d2e196b0 .part L_00000187d2ef87b0, 22, 3;
L_00000187d2ef85d0 .part L_00000187d2ef87b0, 24, 3;
L_00000187d2ef8a30 .part L_00000187d2ef87b0, 26, 3;
L_00000187d2ef7e50 .part L_00000187d2ef87b0, 28, 3;
L_00000187d2ef7270 .part L_00000187d2ef87b0, 30, 3;
L_00000187d2ef87b0 .concat [ 1 32 0 0], L_00000187d2e3a7a8, v00000187d2df2c80_0;
L_00000187d2ef88f0 .part v00000187d2df2c80_0, 31, 1;
L_00000187d2ef7a90 .part v00000187d2df2c80_0, 31, 1;
L_00000187d2ef7b30 .part L_00000187d2ef87b0, 31, 1;
L_00000187d2ef6cd0 .concat [ 1 1 1 0], L_00000187d2ef7b30, L_00000187d2ef7a90, L_00000187d2ef88f0;
L_00000187d2ef8210 .part L_00000187d2e3a838, 0, 6;
L_00000187d2ef6b90 .arith/sum 64, L_00000187d2e37c50, L_00000187d2e38330;
L_00000187d2ef7d10 .arith/sum 64, L_00000187d2ef6b90, L_00000187d2e36ad0;
L_00000187d2ef8cb0 .arith/sum 64, L_00000187d2ef7d10, L_00000187d2e18fd0;
L_00000187d2ef7630 .arith/sum 64, L_00000187d2ef8cb0, L_00000187d2e1a290;
L_00000187d2ef7810 .arith/sum 64, L_00000187d2ef7630, L_00000187d2e19250;
L_00000187d2ef71d0 .arith/sum 64, L_00000187d2ef7810, L_00000187d2e1a3d0;
L_00000187d2ef8d50 .arith/sum 64, L_00000187d2ef71d0, L_00000187d2e1aa10;
L_00000187d2ef80d0 .arith/sum 64, L_00000187d2ef8d50, L_00000187d2e1a150;
L_00000187d2ef8170 .arith/sum 64, L_00000187d2ef80d0, L_00000187d2e1a8d0;
L_00000187d2ef6ff0 .arith/sum 64, L_00000187d2ef8170, L_00000187d2e19610;
L_00000187d2ef82b0 .arith/sum 64, L_00000187d2ef6ff0, L_00000187d2e18c10;
L_00000187d2ef8350 .arith/sum 64, L_00000187d2ef82b0, L_00000187d2ef76d0;
L_00000187d2ef73b0 .arith/sum 64, L_00000187d2ef8350, L_00000187d2ef8670;
L_00000187d2ef83f0 .arith/sum 64, L_00000187d2ef73b0, L_00000187d2ef7590;
L_00000187d2ef8990 .arith/sum 64, L_00000187d2ef83f0, L_00000187d2ef7090;
L_00000187d2ef8df0 .arith/sum 64, L_00000187d2ef8990, L_00000187d2ef8030;
S_00000187d2d439f0 .scope generate, "booth_pp_gen[0]" "booth_pp_gen[0]" 7 27, 7 27 0, S_00000187d28d2ad0;
 .timescale 0 0;
P_00000187d2d0db20 .param/l "i" 0 7 27, +C4<00>;
L_00000187d2e39ef0 .functor BUFT 1, C4<0>, C4<0>, C4<0>, C4<0>;
v00000187d2cf2730_0 .net/2s *"_ivl_1", 0 0, L_00000187d2e39ef0;  1 drivers
v00000187d2cf4490_0 .net "booth_bits", 2 0, L_00000187d2e37e30;  1 drivers
L_00000187d2e37570 .extend/s 6, L_00000187d2e39ef0;
S_00000187d28cb2c0 .scope module, "bpp" "booth_partial_product" 7 31, 7 57 0, S_00000187d2d439f0;
 .timescale 0 0;
    .port_info 0 /INPUT 32 "M";
    .port_info 1 /INPUT 3 "booth_bits";
    .port_info 2 /INPUT 6 "shift_amount";
    .port_info 3 /OUTPUT 64 "pp";
v00000187d2cf3d10_0 .net/s "M", 31 0, v00000187d2e04710_0;  alias, 1 drivers
v00000187d2cf38b0_0 .net/s "M2", 63 0, L_00000187d2e37750;  1 drivers
v00000187d2cf42b0_0 .net/s "M_ext", 63 0, L_00000187d2e376b0;  1 drivers
v00000187d2cf39f0_0 .net *"_ivl_1", 0 0, L_00000187d2e38290;  1 drivers
L_00000187d2e39ea8 .functor BUFT 1, C4<0>, C4<0>, C4<0>, C4<0>;
v00000187d2cf31d0_0 .net *"_ivl_10", 0 0, L_00000187d2e39ea8;  1 drivers
v00000187d2cf3e50_0 .net *"_ivl_2", 31 0, L_00000187d2e37bb0;  1 drivers
v00000187d2cf4210_0 .net *"_ivl_8", 62 0, L_00000187d2e37610;  1 drivers
v00000187d2cf4350_0 .net "booth_bits", 2 0, L_00000187d2e37e30;  alias, 1 drivers
v00000187d2cf25f0_0 .net/s "pp", 63 0, L_00000187d2e37c50;  alias, 1 drivers
v00000187d2cf3270_0 .var/s "pp_unshifted", 63 0;
v00000187d2cf43f0_0 .net "shift_amount", 5 0, L_00000187d2e37570;  1 drivers
E_00000187d2d0dda0 .event anyedge, v00000187d2cf4350_0, v00000187d2cf42b0_0, v00000187d2cf38b0_0;
L_00000187d2e38290 .part v00000187d2e04710_0, 31, 1;
LS_00000187d2e37bb0_0_0 .concat [ 1 1 1 1], L_00000187d2e38290, L_00000187d2e38290, L_00000187d2e38290, L_00000187d2e38290;
LS_00000187d2e37bb0_0_4 .concat [ 1 1 1 1], L_00000187d2e38290, L_00000187d2e38290, L_00000187d2e38290, L_00000187d2e38290;
LS_00000187d2e37bb0_0_8 .concat [ 1 1 1 1], L_00000187d2e38290, L_00000187d2e38290, L_00000187d2e38290, L_00000187d2e38290;
LS_00000187d2e37bb0_0_12 .concat [ 1 1 1 1], L_00000187d2e38290, L_00000187d2e38290, L_00000187d2e38290, L_00000187d2e38290;
LS_00000187d2e37bb0_0_16 .concat [ 1 1 1 1], L_00000187d2e38290, L_00000187d2e38290, L_00000187d2e38290, L_00000187d2e38290;
LS_00000187d2e37bb0_0_20 .concat [ 1 1 1 1], L_00000187d2e38290, L_00000187d2e38290, L_00000187d2e38290, L_00000187d2e38290;
LS_00000187d2e37bb0_0_24 .concat [ 1 1 1 1], L_00000187d2e38290, L_00000187d2e38290, L_00000187d2e38290, L_00000187d2e38290;
LS_00000187d2e37bb0_0_28 .concat [ 1 1 1 1], L_00000187d2e38290, L_00000187d2e38290, L_00000187d2e38290, L_00000187d2e38290;
LS_00000187d2e37bb0_1_0 .concat [ 4 4 4 4], LS_00000187d2e37bb0_0_0, LS_00000187d2e37bb0_0_4, LS_00000187d2e37bb0_0_8, LS_00000187d2e37bb0_0_12;
LS_00000187d2e37bb0_1_4 .concat [ 4 4 4 4], LS_00000187d2e37bb0_0_16, LS_00000187d2e37bb0_0_20, LS_00000187d2e37bb0_0_24, LS_00000187d2e37bb0_0_28;
L_00000187d2e37bb0 .concat [ 16 16 0 0], LS_00000187d2e37bb0_1_0, LS_00000187d2e37bb0_1_4;
L_00000187d2e376b0 .concat [ 32 32 0 0], v00000187d2e04710_0, L_00000187d2e37bb0;
L_00000187d2e37610 .part L_00000187d2e376b0, 0, 63;
L_00000187d2e37750 .concat [ 1 63 0 0], L_00000187d2e39ea8, L_00000187d2e37610;
L_00000187d2e37c50 .shift/l 64, v00000187d2cf3270_0, L_00000187d2e37570;
S_00000187d28cb450 .scope generate, "booth_pp_gen[1]" "booth_pp_gen[1]" 7 27, 7 27 0, S_00000187d28d2ad0;
 .timescale 0 0;
P_00000187d2d0d620 .param/l "i" 0 7 27, +C4<01>;
L_00000187d2e39f80 .functor BUFT 1, C4<010>, C4<0>, C4<0>, C4<0>;
v00000187d2cf6330_0 .net/2s *"_ivl_1", 2 0, L_00000187d2e39f80;  1 drivers
v00000187d2cf5b10_0 .net "booth_bits", 2 0, L_00000187d2e36fd0;  1 drivers
L_00000187d2e385b0 .extend/s 6, L_00000187d2e39f80;
S_00000187d28cadc0 .scope module, "bpp" "booth_partial_product" 7 31, 7 57 0, S_00000187d28cb450;
 .timescale 0 0;
    .port_info 0 /INPUT 32 "M";
    .port_info 1 /INPUT 3 "booth_bits";
    .port_info 2 /INPUT 6 "shift_amount";
    .port_info 3 /OUTPUT 64 "pp";
v00000187d2cf4530_0 .net/s "M", 31 0, v00000187d2e04710_0;  alias, 1 drivers
v00000187d2cf4670_0 .net/s "M2", 63 0, L_00000187d2e36a30;  1 drivers
v00000187d2cf4710_0 .net/s "M_ext", 63 0, L_00000187d2e38470;  1 drivers
v00000187d2cf47b0_0 .net *"_ivl_1", 0 0, L_00000187d2e38150;  1 drivers
L_00000187d2e39f38 .functor BUFT 1, C4<0>, C4<0>, C4<0>, C4<0>;
v00000187d2cf5110_0 .net *"_ivl_10", 0 0, L_00000187d2e39f38;  1 drivers
v00000187d2cf6790_0 .net *"_ivl_2", 31 0, L_00000187d2e381f0;  1 drivers
v00000187d2cf7190_0 .net *"_ivl_8", 62 0, L_00000187d2e372f0;  1 drivers
v00000187d2cf6e70_0 .net "booth_bits", 2 0, L_00000187d2e36fd0;  alias, 1 drivers
v00000187d2cf6f10_0 .net/s "pp", 63 0, L_00000187d2e38330;  alias, 1 drivers
v00000187d2cf6150_0 .var/s "pp_unshifted", 63 0;
v00000187d2cf51b0_0 .net "shift_amount", 5 0, L_00000187d2e385b0;  1 drivers
E_00000187d2d0d820 .event anyedge, v00000187d2cf6e70_0, v00000187d2cf4710_0, v00000187d2cf4670_0;
L_00000187d2e38150 .part v00000187d2e04710_0, 31, 1;
LS_00000187d2e381f0_0_0 .concat [ 1 1 1 1], L_00000187d2e38150, L_00000187d2e38150, L_00000187d2e38150, L_00000187d2e38150;
LS_00000187d2e381f0_0_4 .concat [ 1 1 1 1], L_00000187d2e38150, L_00000187d2e38150, L_00000187d2e38150, L_00000187d2e38150;
LS_00000187d2e381f0_0_8 .concat [ 1 1 1 1], L_00000187d2e38150, L_00000187d2e38150, L_00000187d2e38150, L_00000187d2e38150;
LS_00000187d2e381f0_0_12 .concat [ 1 1 1 1], L_00000187d2e38150, L_00000187d2e38150, L_00000187d2e38150, L_00000187d2e38150;
LS_00000187d2e381f0_0_16 .concat [ 1 1 1 1], L_00000187d2e38150, L_00000187d2e38150, L_00000187d2e38150, L_00000187d2e38150;
LS_00000187d2e381f0_0_20 .concat [ 1 1 1 1], L_00000187d2e38150, L_00000187d2e38150, L_00000187d2e38150, L_00000187d2e38150;
LS_00000187d2e381f0_0_24 .concat [ 1 1 1 1], L_00000187d2e38150, L_00000187d2e38150, L_00000187d2e38150, L_00000187d2e38150;
LS_00000187d2e381f0_0_28 .concat [ 1 1 1 1], L_00000187d2e38150, L_00000187d2e38150, L_00000187d2e38150, L_00000187d2e38150;
LS_00000187d2e381f0_1_0 .concat [ 4 4 4 4], LS_00000187d2e381f0_0_0, LS_00000187d2e381f0_0_4, LS_00000187d2e381f0_0_8, LS_00000187d2e381f0_0_12;
LS_00000187d2e381f0_1_4 .concat [ 4 4 4 4], LS_00000187d2e381f0_0_16, LS_00000187d2e381f0_0_20, LS_00000187d2e381f0_0_24, LS_00000187d2e381f0_0_28;
L_00000187d2e381f0 .concat [ 16 16 0 0], LS_00000187d2e381f0_1_0, LS_00000187d2e381f0_1_4;
L_00000187d2e38470 .concat [ 32 32 0 0], v00000187d2e04710_0, L_00000187d2e381f0;
L_00000187d2e372f0 .part L_00000187d2e38470, 0, 63;
L_00000187d2e36a30 .concat [ 1 63 0 0], L_00000187d2e39f38, L_00000187d2e372f0;
L_00000187d2e38330 .shift/l 64, v00000187d2cf6150_0, L_00000187d2e385b0;
S_00000187d28caf50 .scope generate, "booth_pp_gen[2]" "booth_pp_gen[2]" 7 27, 7 27 0, S_00000187d28d2ad0;
 .timescale 0 0;
P_00000187d2d0d9e0 .param/l "i" 0 7 27, +C4<010>;
L_00000187d2e3a010 .functor BUFT 1, C4<0100>, C4<0>, C4<0>, C4<0>;
v00000187d2cf4cb0_0 .net/2s *"_ivl_1", 3 0, L_00000187d2e3a010;  1 drivers
v00000187d2cf63d0_0 .net "booth_bits", 2 0, L_00000187d2e38650;  1 drivers
L_00000187d2e37110 .extend/s 6, L_00000187d2e3a010;
S_00000187d28c64a0 .scope module, "bpp" "booth_partial_product" 7 31, 7 57 0, S_00000187d28caf50;
 .timescale 0 0;
    .port_info 0 /INPUT 32 "M";
    .port_info 1 /INPUT 3 "booth_bits";
    .port_info 2 /INPUT 6 "shift_amount";
    .port_info 3 /OUTPUT 64 "pp";
v00000187d2cf68d0_0 .net/s "M", 31 0, v00000187d2e04710_0;  alias, 1 drivers
v00000187d2cf5390_0 .net/s "M2", 63 0, L_00000187d2e37430;  1 drivers
v00000187d2cf5750_0 .net/s "M_ext", 63 0, L_00000187d2e37390;  1 drivers
v00000187d2cf6970_0 .net *"_ivl_1", 0 0, L_00000187d2e36cb0;  1 drivers
L_00000187d2e39fc8 .functor BUFT 1, C4<0>, C4<0>, C4<0>, C4<0>;
v00000187d2cf4ad0_0 .net *"_ivl_10", 0 0, L_00000187d2e39fc8;  1 drivers
v00000187d2cf5c50_0 .net *"_ivl_2", 31 0, L_00000187d2e37070;  1 drivers
v00000187d2cf54d0_0 .net *"_ivl_8", 62 0, L_00000187d2e38790;  1 drivers
v00000187d2cf6510_0 .net "booth_bits", 2 0, L_00000187d2e38650;  alias, 1 drivers
v00000187d2cf5cf0_0 .net/s "pp", 63 0, L_00000187d2e36ad0;  alias, 1 drivers
v00000187d2cf5430_0 .var/s "pp_unshifted", 63 0;
v00000187d2cf70f0_0 .net "shift_amount", 5 0, L_00000187d2e37110;  1 drivers
E_00000187d2d0da20 .event anyedge, v00000187d2cf6510_0, v00000187d2cf5750_0, v00000187d2cf5390_0;
L_00000187d2e36cb0 .part v00000187d2e04710_0, 31, 1;
LS_00000187d2e37070_0_0 .concat [ 1 1 1 1], L_00000187d2e36cb0, L_00000187d2e36cb0, L_00000187d2e36cb0, L_00000187d2e36cb0;
LS_00000187d2e37070_0_4 .concat [ 1 1 1 1], L_00000187d2e36cb0, L_00000187d2e36cb0, L_00000187d2e36cb0, L_00000187d2e36cb0;
LS_00000187d2e37070_0_8 .concat [ 1 1 1 1], L_00000187d2e36cb0, L_00000187d2e36cb0, L_00000187d2e36cb0, L_00000187d2e36cb0;
LS_00000187d2e37070_0_12 .concat [ 1 1 1 1], L_00000187d2e36cb0, L_00000187d2e36cb0, L_00000187d2e36cb0, L_00000187d2e36cb0;
LS_00000187d2e37070_0_16 .concat [ 1 1 1 1], L_00000187d2e36cb0, L_00000187d2e36cb0, L_00000187d2e36cb0, L_00000187d2e36cb0;
LS_00000187d2e37070_0_20 .concat [ 1 1 1 1], L_00000187d2e36cb0, L_00000187d2e36cb0, L_00000187d2e36cb0, L_00000187d2e36cb0;
LS_00000187d2e37070_0_24 .concat [ 1 1 1 1], L_00000187d2e36cb0, L_00000187d2e36cb0, L_00000187d2e36cb0, L_00000187d2e36cb0;
LS_00000187d2e37070_0_28 .concat [ 1 1 1 1], L_00000187d2e36cb0, L_00000187d2e36cb0, L_00000187d2e36cb0, L_00000187d2e36cb0;
LS_00000187d2e37070_1_0 .concat [ 4 4 4 4], LS_00000187d2e37070_0_0, LS_00000187d2e37070_0_4, LS_00000187d2e37070_0_8, LS_00000187d2e37070_0_12;
LS_00000187d2e37070_1_4 .concat [ 4 4 4 4], LS_00000187d2e37070_0_16, LS_00000187d2e37070_0_20, LS_00000187d2e37070_0_24, LS_00000187d2e37070_0_28;
L_00000187d2e37070 .concat [ 16 16 0 0], LS_00000187d2e37070_1_0, LS_00000187d2e37070_1_4;
L_00000187d2e37390 .concat [ 32 32 0 0], v00000187d2e04710_0, L_00000187d2e37070;
L_00000187d2e38790 .part L_00000187d2e37390, 0, 63;
L_00000187d2e37430 .concat [ 1 63 0 0], L_00000187d2e39fc8, L_00000187d2e38790;
L_00000187d2e36ad0 .shift/l 64, v00000187d2cf5430_0, L_00000187d2e37110;
S_00000187d28c6630 .scope generate, "booth_pp_gen[3]" "booth_pp_gen[3]" 7 27, 7 27 0, S_00000187d28d2ad0;
 .timescale 0 0;
P_00000187d2d0d320 .param/l "i" 0 7 27, +C4<011>;
L_00000187d2e3a0a0 .functor BUFT 1, C4<0110>, C4<0>, C4<0>, C4<0>;
v00000187d2cf57f0_0 .net/2s *"_ivl_1", 3 0, L_00000187d2e3a0a0;  1 drivers
v00000187d2cf6010_0 .net "booth_bits", 2 0, L_00000187d2e371b0;  1 drivers
L_00000187d2e18ad0 .extend/s 6, L_00000187d2e3a0a0;
S_00000187d28c5fa0 .scope module, "bpp" "booth_partial_product" 7 31, 7 57 0, S_00000187d28c6630;
 .timescale 0 0;
    .port_info 0 /INPUT 32 "M";
    .port_info 1 /INPUT 3 "booth_bits";
    .port_info 2 /INPUT 6 "shift_amount";
    .port_info 3 /OUTPUT 64 "pp";
v00000187d2cf4f30_0 .net/s "M", 31 0, v00000187d2e04710_0;  alias, 1 drivers
v00000187d2cf5bb0_0 .net/s "M2", 63 0, L_00000187d2e19f70;  1 drivers
v00000187d2cf5890_0 .net/s "M_ext", 63 0, L_00000187d2e377f0;  1 drivers
v00000187d2cf5d90_0 .net *"_ivl_1", 0 0, L_00000187d2e36b70;  1 drivers
L_00000187d2e3a058 .functor BUFT 1, C4<0>, C4<0>, C4<0>, C4<0>;
v00000187d2cf6470_0 .net *"_ivl_10", 0 0, L_00000187d2e3a058;  1 drivers
v00000187d2cf5e30_0 .net *"_ivl_2", 31 0, L_00000187d2e374d0;  1 drivers
v00000187d2cf5ed0_0 .net *"_ivl_8", 62 0, L_00000187d2e1ab50;  1 drivers
v00000187d2cf6c90_0 .net "booth_bits", 2 0, L_00000187d2e371b0;  alias, 1 drivers
v00000187d2cf7230_0 .net/s "pp", 63 0, L_00000187d2e18fd0;  alias, 1 drivers
v00000187d2cf65b0_0 .var/s "pp_unshifted", 63 0;
v00000187d2cf5f70_0 .net "shift_amount", 5 0, L_00000187d2e18ad0;  1 drivers
E_00000187d2d0d2a0 .event anyedge, v00000187d2cf6c90_0, v00000187d2cf5890_0, v00000187d2cf5bb0_0;
L_00000187d2e36b70 .part v00000187d2e04710_0, 31, 1;
LS_00000187d2e374d0_0_0 .concat [ 1 1 1 1], L_00000187d2e36b70, L_00000187d2e36b70, L_00000187d2e36b70, L_00000187d2e36b70;
LS_00000187d2e374d0_0_4 .concat [ 1 1 1 1], L_00000187d2e36b70, L_00000187d2e36b70, L_00000187d2e36b70, L_00000187d2e36b70;
LS_00000187d2e374d0_0_8 .concat [ 1 1 1 1], L_00000187d2e36b70, L_00000187d2e36b70, L_00000187d2e36b70, L_00000187d2e36b70;
LS_00000187d2e374d0_0_12 .concat [ 1 1 1 1], L_00000187d2e36b70, L_00000187d2e36b70, L_00000187d2e36b70, L_00000187d2e36b70;
LS_00000187d2e374d0_0_16 .concat [ 1 1 1 1], L_00000187d2e36b70, L_00000187d2e36b70, L_00000187d2e36b70, L_00000187d2e36b70;
LS_00000187d2e374d0_0_20 .concat [ 1 1 1 1], L_00000187d2e36b70, L_00000187d2e36b70, L_00000187d2e36b70, L_00000187d2e36b70;
LS_00000187d2e374d0_0_24 .concat [ 1 1 1 1], L_00000187d2e36b70, L_00000187d2e36b70, L_00000187d2e36b70, L_00000187d2e36b70;
LS_00000187d2e374d0_0_28 .concat [ 1 1 1 1], L_00000187d2e36b70, L_00000187d2e36b70, L_00000187d2e36b70, L_00000187d2e36b70;
LS_00000187d2e374d0_1_0 .concat [ 4 4 4 4], LS_00000187d2e374d0_0_0, LS_00000187d2e374d0_0_4, LS_00000187d2e374d0_0_8, LS_00000187d2e374d0_0_12;
LS_00000187d2e374d0_1_4 .concat [ 4 4 4 4], LS_00000187d2e374d0_0_16, LS_00000187d2e374d0_0_20, LS_00000187d2e374d0_0_24, LS_00000187d2e374d0_0_28;
L_00000187d2e374d0 .concat [ 16 16 0 0], LS_00000187d2e374d0_1_0, LS_00000187d2e374d0_1_4;
L_00000187d2e377f0 .concat [ 32 32 0 0], v00000187d2e04710_0, L_00000187d2e374d0;
L_00000187d2e1ab50 .part L_00000187d2e377f0, 0, 63;
L_00000187d2e19f70 .concat [ 1 63 0 0], L_00000187d2e3a058, L_00000187d2e1ab50;
L_00000187d2e18fd0 .shift/l 64, v00000187d2cf65b0_0, L_00000187d2e18ad0;
S_00000187d28c6130 .scope generate, "booth_pp_gen[4]" "booth_pp_gen[4]" 7 27, 7 27 0, S_00000187d28d2ad0;
 .timescale 0 0;
P_00000187d2d0d660 .param/l "i" 0 7 27, +C4<0100>;
L_00000187d2e3a130 .functor BUFT 1, C4<01000>, C4<0>, C4<0>, C4<0>;
v00000187d2cf61f0_0 .net/2s *"_ivl_1", 4 0, L_00000187d2e3a130;  1 drivers
v00000187d2cf56b0_0 .net "booth_bits", 2 0, L_00000187d2e19750;  1 drivers
L_00000187d2e199d0 .extend/s 6, L_00000187d2e3a130;
S_00000187d28adf30 .scope module, "bpp" "booth_partial_product" 7 31, 7 57 0, S_00000187d28c6130;
 .timescale 0 0;
    .port_info 0 /INPUT 32 "M";
    .port_info 1 /INPUT 3 "booth_bits";
    .port_info 2 /INPUT 6 "shift_amount";
    .port_info 3 /OUTPUT 64 "pp";
v00000187d2cf4fd0_0 .net/s "M", 31 0, v00000187d2e04710_0;  alias, 1 drivers
v00000187d2cf4b70_0 .net/s "M2", 63 0, L_00000187d2e1a0b0;  1 drivers
v00000187d2cf4c10_0 .net/s "M_ext", 63 0, L_00000187d2e197f0;  1 drivers
v00000187d2cf4df0_0 .net *"_ivl_1", 0 0, L_00000187d2e1abf0;  1 drivers
L_00000187d2e3a0e8 .functor BUFT 1, C4<0>, C4<0>, C4<0>, C4<0>;
v00000187d2cf5070_0 .net *"_ivl_10", 0 0, L_00000187d2e3a0e8;  1 drivers
v00000187d2cf52f0_0 .net *"_ivl_2", 31 0, L_00000187d2e19570;  1 drivers
v00000187d2cf5930_0 .net *"_ivl_8", 62 0, L_00000187d2e18cb0;  1 drivers
v00000187d2cf4d50_0 .net "booth_bits", 2 0, L_00000187d2e19750;  alias, 1 drivers
v00000187d2cf4e90_0 .net/s "pp", 63 0, L_00000187d2e1a290;  alias, 1 drivers
v00000187d2cf5250_0 .var/s "pp_unshifted", 63 0;
v00000187d2cf5570_0 .net "shift_amount", 5 0, L_00000187d2e199d0;  1 drivers
E_00000187d2d0db60 .event anyedge, v00000187d2cf4d50_0, v00000187d2cf4c10_0, v00000187d2cf4b70_0;
L_00000187d2e1abf0 .part v00000187d2e04710_0, 31, 1;
LS_00000187d2e19570_0_0 .concat [ 1 1 1 1], L_00000187d2e1abf0, L_00000187d2e1abf0, L_00000187d2e1abf0, L_00000187d2e1abf0;
LS_00000187d2e19570_0_4 .concat [ 1 1 1 1], L_00000187d2e1abf0, L_00000187d2e1abf0, L_00000187d2e1abf0, L_00000187d2e1abf0;
LS_00000187d2e19570_0_8 .concat [ 1 1 1 1], L_00000187d2e1abf0, L_00000187d2e1abf0, L_00000187d2e1abf0, L_00000187d2e1abf0;
LS_00000187d2e19570_0_12 .concat [ 1 1 1 1], L_00000187d2e1abf0, L_00000187d2e1abf0, L_00000187d2e1abf0, L_00000187d2e1abf0;
LS_00000187d2e19570_0_16 .concat [ 1 1 1 1], L_00000187d2e1abf0, L_00000187d2e1abf0, L_00000187d2e1abf0, L_00000187d2e1abf0;
LS_00000187d2e19570_0_20 .concat [ 1 1 1 1], L_00000187d2e1abf0, L_00000187d2e1abf0, L_00000187d2e1abf0, L_00000187d2e1abf0;
LS_00000187d2e19570_0_24 .concat [ 1 1 1 1], L_00000187d2e1abf0, L_00000187d2e1abf0, L_00000187d2e1abf0, L_00000187d2e1abf0;
LS_00000187d2e19570_0_28 .concat [ 1 1 1 1], L_00000187d2e1abf0, L_00000187d2e1abf0, L_00000187d2e1abf0, L_00000187d2e1abf0;
LS_00000187d2e19570_1_0 .concat [ 4 4 4 4], LS_00000187d2e19570_0_0, LS_00000187d2e19570_0_4, LS_00000187d2e19570_0_8, LS_00000187d2e19570_0_12;
LS_00000187d2e19570_1_4 .concat [ 4 4 4 4], LS_00000187d2e19570_0_16, LS_00000187d2e19570_0_20, LS_00000187d2e19570_0_24, LS_00000187d2e19570_0_28;
L_00000187d2e19570 .concat [ 16 16 0 0], LS_00000187d2e19570_1_0, LS_00000187d2e19570_1_4;
L_00000187d2e197f0 .concat [ 32 32 0 0], v00000187d2e04710_0, L_00000187d2e19570;
L_00000187d2e18cb0 .part L_00000187d2e197f0, 0, 63;
L_00000187d2e1a0b0 .concat [ 1 63 0 0], L_00000187d2e3a0e8, L_00000187d2e18cb0;
L_00000187d2e1a290 .shift/l 64, v00000187d2cf5250_0, L_00000187d2e199d0;
S_00000187d28ae0c0 .scope generate, "booth_pp_gen[5]" "booth_pp_gen[5]" 7 27, 7 27 0, S_00000187d28d2ad0;
 .timescale 0 0;
P_00000187d2d0d2e0 .param/l "i" 0 7 27, +C4<0101>;
L_00000187d2e3a1c0 .functor BUFT 1, C4<01010>, C4<0>, C4<0>, C4<0>;
v00000187d2cf6b50_0 .net/2s *"_ivl_1", 4 0, L_00000187d2e3a1c0;  1 drivers
v00000187d2cf7050_0 .net "booth_bits", 2 0, L_00000187d2e19cf0;  1 drivers
L_00000187d2e19070 .extend/s 6, L_00000187d2e3a1c0;
S_00000187d2da63d0 .scope module, "bpp" "booth_partial_product" 7 31, 7 57 0, S_00000187d28ae0c0;
 .timescale 0 0;
    .port_info 0 /INPUT 32 "M";
    .port_info 1 /INPUT 3 "booth_bits";
    .port_info 2 /INPUT 6 "shift_amount";
    .port_info 3 /OUTPUT 64 "pp";
v00000187d2cf5610_0 .net/s "M", 31 0, v00000187d2e04710_0;  alias, 1 drivers
v00000187d2cf6d30_0 .net/s "M2", 63 0, L_00000187d2e18d50;  1 drivers
v00000187d2cf59d0_0 .net/s "M_ext", 63 0, L_00000187d2e19890;  1 drivers
v00000187d2cf6dd0_0 .net *"_ivl_1", 0 0, L_00000187d2e1a470;  1 drivers
L_00000187d2e3a178 .functor BUFT 1, C4<0>, C4<0>, C4<0>, C4<0>;
v00000187d2cf6fb0_0 .net *"_ivl_10", 0 0, L_00000187d2e3a178;  1 drivers
v00000187d2cf5a70_0 .net *"_ivl_2", 31 0, L_00000187d2e19a70;  1 drivers
v00000187d2cf6ab0_0 .net *"_ivl_8", 62 0, L_00000187d2e19b10;  1 drivers
v00000187d2cf60b0_0 .net "booth_bits", 2 0, L_00000187d2e19cf0;  alias, 1 drivers
v00000187d2cf6290_0 .net/s "pp", 63 0, L_00000187d2e19250;  alias, 1 drivers
v00000187d2cf6650_0 .var/s "pp_unshifted", 63 0;
v00000187d2cf66f0_0 .net "shift_amount", 5 0, L_00000187d2e19070;  1 drivers
E_00000187d2d0d3a0 .event anyedge, v00000187d2cf60b0_0, v00000187d2cf59d0_0, v00000187d2cf6d30_0;
L_00000187d2e1a470 .part v00000187d2e04710_0, 31, 1;
LS_00000187d2e19a70_0_0 .concat [ 1 1 1 1], L_00000187d2e1a470, L_00000187d2e1a470, L_00000187d2e1a470, L_00000187d2e1a470;
LS_00000187d2e19a70_0_4 .concat [ 1 1 1 1], L_00000187d2e1a470, L_00000187d2e1a470, L_00000187d2e1a470, L_00000187d2e1a470;
LS_00000187d2e19a70_0_8 .concat [ 1 1 1 1], L_00000187d2e1a470, L_00000187d2e1a470, L_00000187d2e1a470, L_00000187d2e1a470;
LS_00000187d2e19a70_0_12 .concat [ 1 1 1 1], L_00000187d2e1a470, L_00000187d2e1a470, L_00000187d2e1a470, L_00000187d2e1a470;
LS_00000187d2e19a70_0_16 .concat [ 1 1 1 1], L_00000187d2e1a470, L_00000187d2e1a470, L_00000187d2e1a470, L_00000187d2e1a470;
LS_00000187d2e19a70_0_20 .concat [ 1 1 1 1], L_00000187d2e1a470, L_00000187d2e1a470, L_00000187d2e1a470, L_00000187d2e1a470;
LS_00000187d2e19a70_0_24 .concat [ 1 1 1 1], L_00000187d2e1a470, L_00000187d2e1a470, L_00000187d2e1a470, L_00000187d2e1a470;
LS_00000187d2e19a70_0_28 .concat [ 1 1 1 1], L_00000187d2e1a470, L_00000187d2e1a470, L_00000187d2e1a470, L_00000187d2e1a470;
LS_00000187d2e19a70_1_0 .concat [ 4 4 4 4], LS_00000187d2e19a70_0_0, LS_00000187d2e19a70_0_4, LS_00000187d2e19a70_0_8, LS_00000187d2e19a70_0_12;
LS_00000187d2e19a70_1_4 .concat [ 4 4 4 4], LS_00000187d2e19a70_0_16, LS_00000187d2e19a70_0_20, LS_00000187d2e19a70_0_24, LS_00000187d2e19a70_0_28;
L_00000187d2e19a70 .concat [ 16 16 0 0], LS_00000187d2e19a70_1_0, LS_00000187d2e19a70_1_4;
L_00000187d2e19890 .concat [ 32 32 0 0], v00000187d2e04710_0, L_00000187d2e19a70;
L_00000187d2e19b10 .part L_00000187d2e19890, 0, 63;
L_00000187d2e18d50 .concat [ 1 63 0 0], L_00000187d2e3a178, L_00000187d2e19b10;
L_00000187d2e19250 .shift/l 64, v00000187d2cf6650_0, L_00000187d2e19070;
S_00000187d2da55c0 .scope generate, "booth_pp_gen[6]" "booth_pp_gen[6]" 7 27, 7 27 0, S_00000187d28d2ad0;
 .timescale 0 0;
P_00000187d2d0ee60 .param/l "i" 0 7 27, +C4<0110>;
L_00000187d2e3a250 .functor BUFT 1, C4<01100>, C4<0>, C4<0>, C4<0>;
v00000187d2cf7410_0 .net/2s *"_ivl_1", 4 0, L_00000187d2e3a250;  1 drivers
v00000187d2cf7550_0 .net "booth_bits", 2 0, L_00000187d2e194d0;  1 drivers
L_00000187d2e1add0 .extend/s 6, L_00000187d2e3a250;
S_00000187d2da6240 .scope module, "bpp" "booth_partial_product" 7 31, 7 57 0, S_00000187d2da55c0;
 .timescale 0 0;
    .port_info 0 /INPUT 32 "M";
    .port_info 1 /INPUT 3 "booth_bits";
    .port_info 2 /INPUT 6 "shift_amount";
    .port_info 3 /OUTPUT 64 "pp";
v00000187d2cf6830_0 .net/s "M", 31 0, v00000187d2e04710_0;  alias, 1 drivers
v00000187d2cf6a10_0 .net/s "M2", 63 0, L_00000187d2e1a790;  1 drivers
v00000187d2cf6bf0_0 .net/s "M_ext", 63 0, L_00000187d2e19e30;  1 drivers
v00000187d2cf79b0_0 .net *"_ivl_1", 0 0, L_00000187d2e19c50;  1 drivers
L_00000187d2e3a208 .functor BUFT 1, C4<0>, C4<0>, C4<0>, C4<0>;
v00000187d2cf75f0_0 .net *"_ivl_10", 0 0, L_00000187d2e3a208;  1 drivers
v00000187d2cf7690_0 .net *"_ivl_2", 31 0, L_00000187d2e18e90;  1 drivers
v00000187d2cf7730_0 .net *"_ivl_8", 62 0, L_00000187d2e19390;  1 drivers
v00000187d2cf77d0_0 .net "booth_bits", 2 0, L_00000187d2e194d0;  alias, 1 drivers
v00000187d2cf7910_0 .net/s "pp", 63 0, L_00000187d2e1a3d0;  alias, 1 drivers
v00000187d2cf72d0_0 .var/s "pp_unshifted", 63 0;
v00000187d2cf74b0_0 .net "shift_amount", 5 0, L_00000187d2e1add0;  1 drivers
E_00000187d2d0efe0 .event anyedge, v00000187d2cf77d0_0, v00000187d2cf6bf0_0, v00000187d2cf6a10_0;
L_00000187d2e19c50 .part v00000187d2e04710_0, 31, 1;
LS_00000187d2e18e90_0_0 .concat [ 1 1 1 1], L_00000187d2e19c50, L_00000187d2e19c50, L_00000187d2e19c50, L_00000187d2e19c50;
LS_00000187d2e18e90_0_4 .concat [ 1 1 1 1], L_00000187d2e19c50, L_00000187d2e19c50, L_00000187d2e19c50, L_00000187d2e19c50;
LS_00000187d2e18e90_0_8 .concat [ 1 1 1 1], L_00000187d2e19c50, L_00000187d2e19c50, L_00000187d2e19c50, L_00000187d2e19c50;
LS_00000187d2e18e90_0_12 .concat [ 1 1 1 1], L_00000187d2e19c50, L_00000187d2e19c50, L_00000187d2e19c50, L_00000187d2e19c50;
LS_00000187d2e18e90_0_16 .concat [ 1 1 1 1], L_00000187d2e19c50, L_00000187d2e19c50, L_00000187d2e19c50, L_00000187d2e19c50;
LS_00000187d2e18e90_0_20 .concat [ 1 1 1 1], L_00000187d2e19c50, L_00000187d2e19c50, L_00000187d2e19c50, L_00000187d2e19c50;
LS_00000187d2e18e90_0_24 .concat [ 1 1 1 1], L_00000187d2e19c50, L_00000187d2e19c50, L_00000187d2e19c50, L_00000187d2e19c50;
LS_00000187d2e18e90_0_28 .concat [ 1 1 1 1], L_00000187d2e19c50, L_00000187d2e19c50, L_00000187d2e19c50, L_00000187d2e19c50;
LS_00000187d2e18e90_1_0 .concat [ 4 4 4 4], LS_00000187d2e18e90_0_0, LS_00000187d2e18e90_0_4, LS_00000187d2e18e90_0_8, LS_00000187d2e18e90_0_12;
LS_00000187d2e18e90_1_4 .concat [ 4 4 4 4], LS_00000187d2e18e90_0_16, LS_00000187d2e18e90_0_20, LS_00000187d2e18e90_0_24, LS_00000187d2e18e90_0_28;
L_00000187d2e18e90 .concat [ 16 16 0 0], LS_00000187d2e18e90_1_0, LS_00000187d2e18e90_1_4;
L_00000187d2e19e30 .concat [ 32 32 0 0], v00000187d2e04710_0, L_00000187d2e18e90;
L_00000187d2e19390 .part L_00000187d2e19e30, 0, 63;
L_00000187d2e1a790 .concat [ 1 63 0 0], L_00000187d2e3a208, L_00000187d2e19390;
L_00000187d2e1a3d0 .shift/l 64, v00000187d2cf72d0_0, L_00000187d2e1add0;
S_00000187d2da5a70 .scope generate, "booth_pp_gen[7]" "booth_pp_gen[7]" 7 27, 7 27 0, S_00000187d28d2ad0;
 .timescale 0 0;
P_00000187d2d0f020 .param/l "i" 0 7 27, +C4<0111>;
L_00000187d2e3a2e0 .functor BUFT 1, C4<01110>, C4<0>, C4<0>, C4<0>;
v00000187d2b11190_0 .net/2s *"_ivl_1", 4 0, L_00000187d2e3a2e0;  1 drivers
v00000187d2b11050_0 .net "booth_bits", 2 0, L_00000187d2e18df0;  1 drivers
L_00000187d2e1a330 .extend/s 6, L_00000187d2e3a2e0;
S_00000187d2da5750 .scope module, "bpp" "booth_partial_product" 7 31, 7 57 0, S_00000187d2da5a70;
 .timescale 0 0;
    .port_info 0 /INPUT 32 "M";
    .port_info 1 /INPUT 3 "booth_bits";
    .port_info 2 /INPUT 6 "shift_amount";
    .port_info 3 /OUTPUT 64 "pp";
v00000187d2cf7870_0 .net/s "M", 31 0, v00000187d2e04710_0;  alias, 1 drivers
v00000187d2cf7370_0 .net/s "M2", 63 0, L_00000187d2e19bb0;  1 drivers
v00000187d2b11910_0 .net/s "M_ext", 63 0, L_00000187d2e1a010;  1 drivers
v00000187d2b110f0_0 .net *"_ivl_1", 0 0, L_00000187d2e1a5b0;  1 drivers
L_00000187d2e3a298 .functor BUFT 1, C4<0>, C4<0>, C4<0>, C4<0>;
v00000187d2b11f50_0 .net *"_ivl_10", 0 0, L_00000187d2e3a298;  1 drivers
v00000187d2b11410_0 .net *"_ivl_2", 31 0, L_00000187d2e18b70;  1 drivers
v00000187d2b11b90_0 .net *"_ivl_8", 62 0, L_00000187d2e19930;  1 drivers
v00000187d2b11c30_0 .net "booth_bits", 2 0, L_00000187d2e18df0;  alias, 1 drivers
v00000187d2b11370_0 .net/s "pp", 63 0, L_00000187d2e1aa10;  alias, 1 drivers
v00000187d2b11550_0 .var/s "pp_unshifted", 63 0;
v00000187d2b11cd0_0 .net "shift_amount", 5 0, L_00000187d2e1a330;  1 drivers
E_00000187d2d0f060 .event anyedge, v00000187d2b11c30_0, v00000187d2b11910_0, v00000187d2cf7370_0;
L_00000187d2e1a5b0 .part v00000187d2e04710_0, 31, 1;
LS_00000187d2e18b70_0_0 .concat [ 1 1 1 1], L_00000187d2e1a5b0, L_00000187d2e1a5b0, L_00000187d2e1a5b0, L_00000187d2e1a5b0;
LS_00000187d2e18b70_0_4 .concat [ 1 1 1 1], L_00000187d2e1a5b0, L_00000187d2e1a5b0, L_00000187d2e1a5b0, L_00000187d2e1a5b0;
LS_00000187d2e18b70_0_8 .concat [ 1 1 1 1], L_00000187d2e1a5b0, L_00000187d2e1a5b0, L_00000187d2e1a5b0, L_00000187d2e1a5b0;
LS_00000187d2e18b70_0_12 .concat [ 1 1 1 1], L_00000187d2e1a5b0, L_00000187d2e1a5b0, L_00000187d2e1a5b0, L_00000187d2e1a5b0;
LS_00000187d2e18b70_0_16 .concat [ 1 1 1 1], L_00000187d2e1a5b0, L_00000187d2e1a5b0, L_00000187d2e1a5b0, L_00000187d2e1a5b0;
LS_00000187d2e18b70_0_20 .concat [ 1 1 1 1], L_00000187d2e1a5b0, L_00000187d2e1a5b0, L_00000187d2e1a5b0, L_00000187d2e1a5b0;
LS_00000187d2e18b70_0_24 .concat [ 1 1 1 1], L_00000187d2e1a5b0, L_00000187d2e1a5b0, L_00000187d2e1a5b0, L_00000187d2e1a5b0;
LS_00000187d2e18b70_0_28 .concat [ 1 1 1 1], L_00000187d2e1a5b0, L_00000187d2e1a5b0, L_00000187d2e1a5b0, L_00000187d2e1a5b0;
LS_00000187d2e18b70_1_0 .concat [ 4 4 4 4], LS_00000187d2e18b70_0_0, LS_00000187d2e18b70_0_4, LS_00000187d2e18b70_0_8, LS_00000187d2e18b70_0_12;
LS_00000187d2e18b70_1_4 .concat [ 4 4 4 4], LS_00000187d2e18b70_0_16, LS_00000187d2e18b70_0_20, LS_00000187d2e18b70_0_24, LS_00000187d2e18b70_0_28;
L_00000187d2e18b70 .concat [ 16 16 0 0], LS_00000187d2e18b70_1_0, LS_00000187d2e18b70_1_4;
L_00000187d2e1a010 .concat [ 32 32 0 0], v00000187d2e04710_0, L_00000187d2e18b70;
L_00000187d2e19930 .part L_00000187d2e1a010, 0, 63;
L_00000187d2e19bb0 .concat [ 1 63 0 0], L_00000187d2e3a298, L_00000187d2e19930;
L_00000187d2e1aa10 .shift/l 64, v00000187d2b11550_0, L_00000187d2e1a330;
S_00000187d2da5f20 .scope generate, "booth_pp_gen[8]" "booth_pp_gen[8]" 7 27, 7 27 0, S_00000187d28d2ad0;
 .timescale 0 0;
P_00000187d2d0f0a0 .param/l "i" 0 7 27, +C4<01000>;
v00000187d2b74d20_0 .net "booth_bits", 2 0, L_00000187d2e19ed0;  1 drivers
S_00000187d2da58e0 .scope module, "bpp" "booth_partial_product" 7 31, 7 57 0, S_00000187d2da5f20;
 .timescale 0 0;
    .port_info 0 /INPUT 32 "M";
    .port_info 1 /INPUT 3 "booth_bits";
    .port_info 2 /INPUT 6 "shift_amount";
    .port_info 3 /OUTPUT 64 "pp";
v00000187d2b11d70_0 .net/s "M", 31 0, v00000187d2e04710_0;  alias, 1 drivers
v00000187d2b763a0_0 .net/s "M2", 63 0, L_00000187d2e191b0;  1 drivers
v00000187d2b74aa0_0 .net/s "M_ext", 63 0, L_00000187d2e1a6f0;  1 drivers
v00000187d2b75fe0_0 .net *"_ivl_1", 0 0, L_00000187d2e19110;  1 drivers
L_00000187d2e3a328 .functor BUFT 1, C4<0>, C4<0>, C4<0>, C4<0>;
v00000187d2b75180_0 .net *"_ivl_10", 0 0, L_00000187d2e3a328;  1 drivers
v00000187d2b755e0_0 .net *"_ivl_2", 31 0, L_00000187d2e19d90;  1 drivers
v00000187d2b75ae0_0 .net *"_ivl_8", 62 0, L_00000187d2e1a510;  1 drivers
v00000187d2b75720_0 .net "booth_bits", 2 0, L_00000187d2e19ed0;  alias, 1 drivers
v00000187d2b75900_0 .net/s "pp", 63 0, L_00000187d2e1a150;  alias, 1 drivers
v00000187d2b76260_0 .var/s "pp_unshifted", 63 0;
L_00000187d2e3a370 .functor BUFT 1, C4<010000>, C4<0>, C4<0>, C4<0>;
v00000187d2b74c80_0 .net "shift_amount", 5 0, L_00000187d2e3a370;  1 drivers
E_00000187d2d0f660 .event anyedge, v00000187d2b75720_0, v00000187d2b74aa0_0, v00000187d2b763a0_0;
L_00000187d2e19110 .part v00000187d2e04710_0, 31, 1;
LS_00000187d2e19d90_0_0 .concat [ 1 1 1 1], L_00000187d2e19110, L_00000187d2e19110, L_00000187d2e19110, L_00000187d2e19110;
LS_00000187d2e19d90_0_4 .concat [ 1 1 1 1], L_00000187d2e19110, L_00000187d2e19110, L_00000187d2e19110, L_00000187d2e19110;
LS_00000187d2e19d90_0_8 .concat [ 1 1 1 1], L_00000187d2e19110, L_00000187d2e19110, L_00000187d2e19110, L_00000187d2e19110;
LS_00000187d2e19d90_0_12 .concat [ 1 1 1 1], L_00000187d2e19110, L_00000187d2e19110, L_00000187d2e19110, L_00000187d2e19110;
LS_00000187d2e19d90_0_16 .concat [ 1 1 1 1], L_00000187d2e19110, L_00000187d2e19110, L_00000187d2e19110, L_00000187d2e19110;
LS_00000187d2e19d90_0_20 .concat [ 1 1 1 1], L_00000187d2e19110, L_00000187d2e19110, L_00000187d2e19110, L_00000187d2e19110;
LS_00000187d2e19d90_0_24 .concat [ 1 1 1 1], L_00000187d2e19110, L_00000187d2e19110, L_00000187d2e19110, L_00000187d2e19110;
LS_00000187d2e19d90_0_28 .concat [ 1 1 1 1], L_00000187d2e19110, L_00000187d2e19110, L_00000187d2e19110, L_00000187d2e19110;
LS_00000187d2e19d90_1_0 .concat [ 4 4 4 4], LS_00000187d2e19d90_0_0, LS_00000187d2e19d90_0_4, LS_00000187d2e19d90_0_8, LS_00000187d2e19d90_0_12;
LS_00000187d2e19d90_1_4 .concat [ 4 4 4 4], LS_00000187d2e19d90_0_16, LS_00000187d2e19d90_0_20, LS_00000187d2e19d90_0_24, LS_00000187d2e19d90_0_28;
L_00000187d2e19d90 .concat [ 16 16 0 0], LS_00000187d2e19d90_1_0, LS_00000187d2e19d90_1_4;
L_00000187d2e1a6f0 .concat [ 32 32 0 0], v00000187d2e04710_0, L_00000187d2e19d90;
L_00000187d2e1a510 .part L_00000187d2e1a6f0, 0, 63;
L_00000187d2e191b0 .concat [ 1 63 0 0], L_00000187d2e3a328, L_00000187d2e1a510;
L_00000187d2e1a150 .shift/l 64, v00000187d2b76260_0, L_00000187d2e3a370;
S_00000187d2da5c00 .scope generate, "booth_pp_gen[9]" "booth_pp_gen[9]" 7 27, 7 27 0, S_00000187d28d2ad0;
 .timescale 0 0;
P_00000187d2d0f720 .param/l "i" 0 7 27, +C4<01001>;
v00000187d2daa200_0 .net "booth_bits", 2 0, L_00000187d2e1a650;  1 drivers
S_00000187d2da5d90 .scope module, "bpp" "booth_partial_product" 7 31, 7 57 0, S_00000187d2da5c00;
 .timescale 0 0;
    .port_info 0 /INPUT 32 "M";
    .port_info 1 /INPUT 3 "booth_bits";
    .port_info 2 /INPUT 6 "shift_amount";
    .port_info 3 /OUTPUT 64 "pp";
v00000187d2b33e40_0 .net/s "M", 31 0, v00000187d2e04710_0;  alias, 1 drivers
v00000187d2b141b0_0 .net/s "M2", 63 0, L_00000187d2e19430;  1 drivers
v00000187d2b56340_0 .net/s "M_ext", 63 0, L_00000187d2e192f0;  1 drivers
v00000187d2da98a0_0 .net *"_ivl_1", 0 0, L_00000187d2e1a1f0;  1 drivers
L_00000187d2e3a3b8 .functor BUFT 1, C4<0>, C4<0>, C4<0>, C4<0>;
v00000187d2da9e40_0 .net *"_ivl_10", 0 0, L_00000187d2e3a3b8;  1 drivers
v00000187d2daab60_0 .net *"_ivl_2", 31 0, L_00000187d2e1a830;  1 drivers
v00000187d2da99e0_0 .net *"_ivl_8", 62 0, L_00000187d2e1ac90;  1 drivers
v00000187d2daa520_0 .net "booth_bits", 2 0, L_00000187d2e1a650;  alias, 1 drivers
v00000187d2daa160_0 .net/s "pp", 63 0, L_00000187d2e1a8d0;  alias, 1 drivers
v00000187d2da9a80_0 .var/s "pp_unshifted", 63 0;
L_00000187d2e3a400 .functor BUFT 1, C4<010010>, C4<0>, C4<0>, C4<0>;
v00000187d2da9080_0 .net "shift_amount", 5 0, L_00000187d2e3a400;  1 drivers
E_00000187d2d0f760 .event anyedge, v00000187d2daa520_0, v00000187d2b56340_0, v00000187d2b141b0_0;
L_00000187d2e1a1f0 .part v00000187d2e04710_0, 31, 1;
LS_00000187d2e1a830_0_0 .concat [ 1 1 1 1], L_00000187d2e1a1f0, L_00000187d2e1a1f0, L_00000187d2e1a1f0, L_00000187d2e1a1f0;
LS_00000187d2e1a830_0_4 .concat [ 1 1 1 1], L_00000187d2e1a1f0, L_00000187d2e1a1f0, L_00000187d2e1a1f0, L_00000187d2e1a1f0;
LS_00000187d2e1a830_0_8 .concat [ 1 1 1 1], L_00000187d2e1a1f0, L_00000187d2e1a1f0, L_00000187d2e1a1f0, L_00000187d2e1a1f0;
LS_00000187d2e1a830_0_12 .concat [ 1 1 1 1], L_00000187d2e1a1f0, L_00000187d2e1a1f0, L_00000187d2e1a1f0, L_00000187d2e1a1f0;
LS_00000187d2e1a830_0_16 .concat [ 1 1 1 1], L_00000187d2e1a1f0, L_00000187d2e1a1f0, L_00000187d2e1a1f0, L_00000187d2e1a1f0;
LS_00000187d2e1a830_0_20 .concat [ 1 1 1 1], L_00000187d2e1a1f0, L_00000187d2e1a1f0, L_00000187d2e1a1f0, L_00000187d2e1a1f0;
LS_00000187d2e1a830_0_24 .concat [ 1 1 1 1], L_00000187d2e1a1f0, L_00000187d2e1a1f0, L_00000187d2e1a1f0, L_00000187d2e1a1f0;
LS_00000187d2e1a830_0_28 .concat [ 1 1 1 1], L_00000187d2e1a1f0, L_00000187d2e1a1f0, L_00000187d2e1a1f0, L_00000187d2e1a1f0;
LS_00000187d2e1a830_1_0 .concat [ 4 4 4 4], LS_00000187d2e1a830_0_0, LS_00000187d2e1a830_0_4, LS_00000187d2e1a830_0_8, LS_00000187d2e1a830_0_12;
LS_00000187d2e1a830_1_4 .concat [ 4 4 4 4], LS_00000187d2e1a830_0_16, LS_00000187d2e1a830_0_20, LS_00000187d2e1a830_0_24, LS_00000187d2e1a830_0_28;
L_00000187d2e1a830 .concat [ 16 16 0 0], LS_00000187d2e1a830_1_0, LS_00000187d2e1a830_1_4;
L_00000187d2e192f0 .concat [ 32 32 0 0], v00000187d2e04710_0, L_00000187d2e1a830;
L_00000187d2e1ac90 .part L_00000187d2e192f0, 0, 63;
L_00000187d2e19430 .concat [ 1 63 0 0], L_00000187d2e3a3b8, L_00000187d2e1ac90;
L_00000187d2e1a8d0 .shift/l 64, v00000187d2da9a80_0, L_00000187d2e3a400;
S_00000187d2da60b0 .scope generate, "booth_pp_gen[10]" "booth_pp_gen[10]" 7 27, 7 27 0, S_00000187d28d2ad0;
 .timescale 0 0;
P_00000187d2d0f7a0 .param/l "i" 0 7 27, +C4<01010>;
v00000187d2dab560_0 .net "booth_bits", 2 0, L_00000187d2e18f30;  1 drivers
S_00000187d2db65e0 .scope module, "bpp" "booth_partial_product" 7 31, 7 57 0, S_00000187d2da60b0;
 .timescale 0 0;
    .port_info 0 /INPUT 32 "M";
    .port_info 1 /INPUT 3 "booth_bits";
    .port_info 2 /INPUT 6 "shift_amount";
    .port_info 3 /OUTPUT 64 "pp";
v00000187d2da96c0_0 .net/s "M", 31 0, v00000187d2e04710_0;  alias, 1 drivers
v00000187d2da9d00_0 .net/s "M2", 63 0, L_00000187d2e1af10;  1 drivers
v00000187d2dab1a0_0 .net/s "M_ext", 63 0, L_00000187d2e1ad30;  1 drivers
v00000187d2da9760_0 .net *"_ivl_1", 0 0, L_00000187d2e1a970;  1 drivers
L_00000187d2e3a448 .functor BUFT 1, C4<0>, C4<0>, C4<0>, C4<0>;
v00000187d2daa480_0 .net *"_ivl_10", 0 0, L_00000187d2e3a448;  1 drivers
v00000187d2dab100_0 .net *"_ivl_2", 31 0, L_00000187d2e1aab0;  1 drivers
v00000187d2da9940_0 .net *"_ivl_8", 62 0, L_00000187d2e1ae70;  1 drivers
v00000187d2daa0c0_0 .net "booth_bits", 2 0, L_00000187d2e18f30;  alias, 1 drivers
v00000187d2da9300_0 .net/s "pp", 63 0, L_00000187d2e19610;  alias, 1 drivers
v00000187d2dab4c0_0 .var/s "pp_unshifted", 63 0;
L_00000187d2e3a490 .functor BUFT 1, C4<010100>, C4<0>, C4<0>, C4<0>;
v00000187d2daa5c0_0 .net "shift_amount", 5 0, L_00000187d2e3a490;  1 drivers
E_00000187d2d102e0 .event anyedge, v00000187d2daa0c0_0, v00000187d2dab1a0_0, v00000187d2da9d00_0;
L_00000187d2e1a970 .part v00000187d2e04710_0, 31, 1;
LS_00000187d2e1aab0_0_0 .concat [ 1 1 1 1], L_00000187d2e1a970, L_00000187d2e1a970, L_00000187d2e1a970, L_00000187d2e1a970;
LS_00000187d2e1aab0_0_4 .concat [ 1 1 1 1], L_00000187d2e1a970, L_00000187d2e1a970, L_00000187d2e1a970, L_00000187d2e1a970;
LS_00000187d2e1aab0_0_8 .concat [ 1 1 1 1], L_00000187d2e1a970, L_00000187d2e1a970, L_00000187d2e1a970, L_00000187d2e1a970;
LS_00000187d2e1aab0_0_12 .concat [ 1 1 1 1], L_00000187d2e1a970, L_00000187d2e1a970, L_00000187d2e1a970, L_00000187d2e1a970;
LS_00000187d2e1aab0_0_16 .concat [ 1 1 1 1], L_00000187d2e1a970, L_00000187d2e1a970, L_00000187d2e1a970, L_00000187d2e1a970;
LS_00000187d2e1aab0_0_20 .concat [ 1 1 1 1], L_00000187d2e1a970, L_00000187d2e1a970, L_00000187d2e1a970, L_00000187d2e1a970;
LS_00000187d2e1aab0_0_24 .concat [ 1 1 1 1], L_00000187d2e1a970, L_00000187d2e1a970, L_00000187d2e1a970, L_00000187d2e1a970;
LS_00000187d2e1aab0_0_28 .concat [ 1 1 1 1], L_00000187d2e1a970, L_00000187d2e1a970, L_00000187d2e1a970, L_00000187d2e1a970;
LS_00000187d2e1aab0_1_0 .concat [ 4 4 4 4], LS_00000187d2e1aab0_0_0, LS_00000187d2e1aab0_0_4, LS_00000187d2e1aab0_0_8, LS_00000187d2e1aab0_0_12;
LS_00000187d2e1aab0_1_4 .concat [ 4 4 4 4], LS_00000187d2e1aab0_0_16, LS_00000187d2e1aab0_0_20, LS_00000187d2e1aab0_0_24, LS_00000187d2e1aab0_0_28;
L_00000187d2e1aab0 .concat [ 16 16 0 0], LS_00000187d2e1aab0_1_0, LS_00000187d2e1aab0_1_4;
L_00000187d2e1ad30 .concat [ 32 32 0 0], v00000187d2e04710_0, L_00000187d2e1aab0;
L_00000187d2e1ae70 .part L_00000187d2e1ad30, 0, 63;
L_00000187d2e1af10 .concat [ 1 63 0 0], L_00000187d2e3a448, L_00000187d2e1ae70;
L_00000187d2e19610 .shift/l 64, v00000187d2dab4c0_0, L_00000187d2e3a490;
S_00000187d2db6db0 .scope generate, "booth_pp_gen[11]" "booth_pp_gen[11]" 7 27, 7 27 0, S_00000187d28d2ad0;
 .timescale 0 0;
P_00000187d2d110e0 .param/l "i" 0 7 27, +C4<01011>;
v00000187d2daa660_0 .net "booth_bits", 2 0, L_00000187d2e196b0;  1 drivers
S_00000187d2db6770 .scope module, "bpp" "booth_partial_product" 7 31, 7 57 0, S_00000187d2db6db0;
 .timescale 0 0;
    .port_info 0 /INPUT 32 "M";
    .port_info 1 /INPUT 3 "booth_bits";
    .port_info 2 /INPUT 6 "shift_amount";
    .port_info 3 /OUTPUT 64 "pp";
v00000187d2daafc0_0 .net/s "M", 31 0, v00000187d2e04710_0;  alias, 1 drivers
v00000187d2daa7a0_0 .net/s "M2", 63 0, L_00000187d2e18a30;  1 drivers
v00000187d2da8e00_0 .net/s "M_ext", 63 0, L_00000187d2e1b050;  1 drivers
v00000187d2daa2a0_0 .net *"_ivl_1", 0 0, L_00000187d2e18990;  1 drivers
L_00000187d2e3a4d8 .functor BUFT 1, C4<0>, C4<0>, C4<0>, C4<0>;
v00000187d2da94e0_0 .net *"_ivl_10", 0 0, L_00000187d2e3a4d8;  1 drivers
v00000187d2da9ee0_0 .net *"_ivl_2", 31 0, L_00000187d2e1afb0;  1 drivers
v00000187d2dab420_0 .net *"_ivl_8", 62 0, L_00000187d2e1b0f0;  1 drivers
v00000187d2da9120_0 .net "booth_bits", 2 0, L_00000187d2e196b0;  alias, 1 drivers
v00000187d2da9f80_0 .net/s "pp", 63 0, L_00000187d2e18c10;  alias, 1 drivers
v00000187d2da91c0_0 .var/s "pp_unshifted", 63 0;
L_00000187d2e3a520 .functor BUFT 1, C4<010110>, C4<0>, C4<0>, C4<0>;
v00000187d2daa020_0 .net "shift_amount", 5 0, L_00000187d2e3a520;  1 drivers
E_00000187d2d106a0 .event anyedge, v00000187d2da9120_0, v00000187d2da8e00_0, v00000187d2daa7a0_0;
L_00000187d2e18990 .part v00000187d2e04710_0, 31, 1;
LS_00000187d2e1afb0_0_0 .concat [ 1 1 1 1], L_00000187d2e18990, L_00000187d2e18990, L_00000187d2e18990, L_00000187d2e18990;
LS_00000187d2e1afb0_0_4 .concat [ 1 1 1 1], L_00000187d2e18990, L_00000187d2e18990, L_00000187d2e18990, L_00000187d2e18990;
LS_00000187d2e1afb0_0_8 .concat [ 1 1 1 1], L_00000187d2e18990, L_00000187d2e18990, L_00000187d2e18990, L_00000187d2e18990;
LS_00000187d2e1afb0_0_12 .concat [ 1 1 1 1], L_00000187d2e18990, L_00000187d2e18990, L_00000187d2e18990, L_00000187d2e18990;
LS_00000187d2e1afb0_0_16 .concat [ 1 1 1 1], L_00000187d2e18990, L_00000187d2e18990, L_00000187d2e18990, L_00000187d2e18990;
LS_00000187d2e1afb0_0_20 .concat [ 1 1 1 1], L_00000187d2e18990, L_00000187d2e18990, L_00000187d2e18990, L_00000187d2e18990;
LS_00000187d2e1afb0_0_24 .concat [ 1 1 1 1], L_00000187d2e18990, L_00000187d2e18990, L_00000187d2e18990, L_00000187d2e18990;
LS_00000187d2e1afb0_0_28 .concat [ 1 1 1 1], L_00000187d2e18990, L_00000187d2e18990, L_00000187d2e18990, L_00000187d2e18990;
LS_00000187d2e1afb0_1_0 .concat [ 4 4 4 4], LS_00000187d2e1afb0_0_0, LS_00000187d2e1afb0_0_4, LS_00000187d2e1afb0_0_8, LS_00000187d2e1afb0_0_12;
LS_00000187d2e1afb0_1_4 .concat [ 4 4 4 4], LS_00000187d2e1afb0_0_16, LS_00000187d2e1afb0_0_20, LS_00000187d2e1afb0_0_24, LS_00000187d2e1afb0_0_28;
L_00000187d2e1afb0 .concat [ 16 16 0 0], LS_00000187d2e1afb0_1_0, LS_00000187d2e1afb0_1_4;
L_00000187d2e1b050 .concat [ 32 32 0 0], v00000187d2e04710_0, L_00000187d2e1afb0;
L_00000187d2e1b0f0 .part L_00000187d2e1b050, 0, 63;
L_00000187d2e18a30 .concat [ 1 63 0 0], L_00000187d2e3a4d8, L_00000187d2e1b0f0;
L_00000187d2e18c10 .shift/l 64, v00000187d2da91c0_0, L_00000187d2e3a520;
S_00000187d2db6f40 .scope generate, "booth_pp_gen[12]" "booth_pp_gen[12]" 7 27, 7 27 0, S_00000187d28d2ad0;
 .timescale 0 0;
P_00000187d2d10860 .param/l "i" 0 7 27, +C4<01100>;
v00000187d2da9440_0 .net "booth_bits", 2 0, L_00000187d2ef85d0;  1 drivers
S_00000187d2db7580 .scope module, "bpp" "booth_partial_product" 7 31, 7 57 0, S_00000187d2db6f40;
 .timescale 0 0;
    .port_info 0 /INPUT 32 "M";
    .port_info 1 /INPUT 3 "booth_bits";
    .port_info 2 /INPUT 6 "shift_amount";
    .port_info 3 /OUTPUT 64 "pp";
v00000187d2daa340_0 .net/s "M", 31 0, v00000187d2e04710_0;  alias, 1 drivers
v00000187d2daa840_0 .net/s "M2", 63 0, L_00000187d2ef7f90;  1 drivers
v00000187d2daa3e0_0 .net/s "M_ext", 63 0, L_00000187d2ef74f0;  1 drivers
v00000187d2daac00_0 .net *"_ivl_1", 0 0, L_00000187d2ef6eb0;  1 drivers
L_00000187d2e3a568 .functor BUFT 1, C4<0>, C4<0>, C4<0>, C4<0>;
v00000187d2daa700_0 .net *"_ivl_10", 0 0, L_00000187d2e3a568;  1 drivers
v00000187d2daa8e0_0 .net *"_ivl_2", 31 0, L_00000187d2ef8490;  1 drivers
v00000187d2da8ea0_0 .net *"_ivl_8", 62 0, L_00000187d2ef79f0;  1 drivers
v00000187d2dab240_0 .net "booth_bits", 2 0, L_00000187d2ef85d0;  alias, 1 drivers
v00000187d2daa980_0 .net/s "pp", 63 0, L_00000187d2ef76d0;  alias, 1 drivers
v00000187d2da9b20_0 .var/s "pp_unshifted", 63 0;
L_00000187d2e3a5b0 .functor BUFT 1, C4<011000>, C4<0>, C4<0>, C4<0>;
v00000187d2da8f40_0 .net "shift_amount", 5 0, L_00000187d2e3a5b0;  1 drivers
E_00000187d2d10ca0 .event anyedge, v00000187d2dab240_0, v00000187d2daa3e0_0, v00000187d2daa840_0;
L_00000187d2ef6eb0 .part v00000187d2e04710_0, 31, 1;
LS_00000187d2ef8490_0_0 .concat [ 1 1 1 1], L_00000187d2ef6eb0, L_00000187d2ef6eb0, L_00000187d2ef6eb0, L_00000187d2ef6eb0;
LS_00000187d2ef8490_0_4 .concat [ 1 1 1 1], L_00000187d2ef6eb0, L_00000187d2ef6eb0, L_00000187d2ef6eb0, L_00000187d2ef6eb0;
LS_00000187d2ef8490_0_8 .concat [ 1 1 1 1], L_00000187d2ef6eb0, L_00000187d2ef6eb0, L_00000187d2ef6eb0, L_00000187d2ef6eb0;
LS_00000187d2ef8490_0_12 .concat [ 1 1 1 1], L_00000187d2ef6eb0, L_00000187d2ef6eb0, L_00000187d2ef6eb0, L_00000187d2ef6eb0;
LS_00000187d2ef8490_0_16 .concat [ 1 1 1 1], L_00000187d2ef6eb0, L_00000187d2ef6eb0, L_00000187d2ef6eb0, L_00000187d2ef6eb0;
LS_00000187d2ef8490_0_20 .concat [ 1 1 1 1], L_00000187d2ef6eb0, L_00000187d2ef6eb0, L_00000187d2ef6eb0, L_00000187d2ef6eb0;
LS_00000187d2ef8490_0_24 .concat [ 1 1 1 1], L_00000187d2ef6eb0, L_00000187d2ef6eb0, L_00000187d2ef6eb0, L_00000187d2ef6eb0;
LS_00000187d2ef8490_0_28 .concat [ 1 1 1 1], L_00000187d2ef6eb0, L_00000187d2ef6eb0, L_00000187d2ef6eb0, L_00000187d2ef6eb0;
LS_00000187d2ef8490_1_0 .concat [ 4 4 4 4], LS_00000187d2ef8490_0_0, LS_00000187d2ef8490_0_4, LS_00000187d2ef8490_0_8, LS_00000187d2ef8490_0_12;
LS_00000187d2ef8490_1_4 .concat [ 4 4 4 4], LS_00000187d2ef8490_0_16, LS_00000187d2ef8490_0_20, LS_00000187d2ef8490_0_24, LS_00000187d2ef8490_0_28;
L_00000187d2ef8490 .concat [ 16 16 0 0], LS_00000187d2ef8490_1_0, LS_00000187d2ef8490_1_4;
L_00000187d2ef74f0 .concat [ 32 32 0 0], v00000187d2e04710_0, L_00000187d2ef8490;
L_00000187d2ef79f0 .part L_00000187d2ef74f0, 0, 63;
L_00000187d2ef7f90 .concat [ 1 63 0 0], L_00000187d2e3a568, L_00000187d2ef79f0;
L_00000187d2ef76d0 .shift/l 64, v00000187d2da9b20_0, L_00000187d2e3a5b0;
S_00000187d2db8070 .scope generate, "booth_pp_gen[13]" "booth_pp_gen[13]" 7 27, 7 27 0, S_00000187d28d2ad0;
 .timescale 0 0;
P_00000187d2d10ce0 .param/l "i" 0 7 27, +C4<01101>;
v00000187d2dab2e0_0 .net "booth_bits", 2 0, L_00000187d2ef8a30;  1 drivers
S_00000187d2db6c20 .scope module, "bpp" "booth_partial_product" 7 31, 7 57 0, S_00000187d2db8070;
 .timescale 0 0;
    .port_info 0 /INPUT 32 "M";
    .port_info 1 /INPUT 3 "booth_bits";
    .port_info 2 /INPUT 6 "shift_amount";
    .port_info 3 /OUTPUT 64 "pp";
v00000187d2da8fe0_0 .net/s "M", 31 0, v00000187d2e04710_0;  alias, 1 drivers
v00000187d2daaa20_0 .net/s "M2", 63 0, L_00000187d2ef7310;  1 drivers
v00000187d2da9260_0 .net/s "M_ext", 63 0, L_00000187d2ef6a50;  1 drivers
v00000187d2da9620_0 .net *"_ivl_1", 0 0, L_00000187d2ef6f50;  1 drivers
L_00000187d2e3a5f8 .functor BUFT 1, C4<0>, C4<0>, C4<0>, C4<0>;
v00000187d2da9bc0_0 .net *"_ivl_10", 0 0, L_00000187d2e3a5f8;  1 drivers
v00000187d2daaac0_0 .net *"_ivl_2", 31 0, L_00000187d2ef8850;  1 drivers
v00000187d2daaca0_0 .net *"_ivl_8", 62 0, L_00000187d2ef6910;  1 drivers
v00000187d2da9580_0 .net "booth_bits", 2 0, L_00000187d2ef8a30;  alias, 1 drivers
v00000187d2da9800_0 .net/s "pp", 63 0, L_00000187d2ef8670;  alias, 1 drivers
v00000187d2dab060_0 .var/s "pp_unshifted", 63 0;
L_00000187d2e3a640 .functor BUFT 1, C4<011010>, C4<0>, C4<0>, C4<0>;
v00000187d2daad40_0 .net "shift_amount", 5 0, L_00000187d2e3a640;  1 drivers
E_00000187d2d108a0 .event anyedge, v00000187d2da9580_0, v00000187d2da9260_0, v00000187d2daaa20_0;
L_00000187d2ef6f50 .part v00000187d2e04710_0, 31, 1;
LS_00000187d2ef8850_0_0 .concat [ 1 1 1 1], L_00000187d2ef6f50, L_00000187d2ef6f50, L_00000187d2ef6f50, L_00000187d2ef6f50;
LS_00000187d2ef8850_0_4 .concat [ 1 1 1 1], L_00000187d2ef6f50, L_00000187d2ef6f50, L_00000187d2ef6f50, L_00000187d2ef6f50;
LS_00000187d2ef8850_0_8 .concat [ 1 1 1 1], L_00000187d2ef6f50, L_00000187d2ef6f50, L_00000187d2ef6f50, L_00000187d2ef6f50;
LS_00000187d2ef8850_0_12 .concat [ 1 1 1 1], L_00000187d2ef6f50, L_00000187d2ef6f50, L_00000187d2ef6f50, L_00000187d2ef6f50;
LS_00000187d2ef8850_0_16 .concat [ 1 1 1 1], L_00000187d2ef6f50, L_00000187d2ef6f50, L_00000187d2ef6f50, L_00000187d2ef6f50;
LS_00000187d2ef8850_0_20 .concat [ 1 1 1 1], L_00000187d2ef6f50, L_00000187d2ef6f50, L_00000187d2ef6f50, L_00000187d2ef6f50;
LS_00000187d2ef8850_0_24 .concat [ 1 1 1 1], L_00000187d2ef6f50, L_00000187d2ef6f50, L_00000187d2ef6f50, L_00000187d2ef6f50;
LS_00000187d2ef8850_0_28 .concat [ 1 1 1 1], L_00000187d2ef6f50, L_00000187d2ef6f50, L_00000187d2ef6f50, L_00000187d2ef6f50;
LS_00000187d2ef8850_1_0 .concat [ 4 4 4 4], LS_00000187d2ef8850_0_0, LS_00000187d2ef8850_0_4, LS_00000187d2ef8850_0_8, LS_00000187d2ef8850_0_12;
LS_00000187d2ef8850_1_4 .concat [ 4 4 4 4], LS_00000187d2ef8850_0_16, LS_00000187d2ef8850_0_20, LS_00000187d2ef8850_0_24, LS_00000187d2ef8850_0_28;
L_00000187d2ef8850 .concat [ 16 16 0 0], LS_00000187d2ef8850_1_0, LS_00000187d2ef8850_1_4;
L_00000187d2ef6a50 .concat [ 32 32 0 0], v00000187d2e04710_0, L_00000187d2ef8850;
L_00000187d2ef6910 .part L_00000187d2ef6a50, 0, 63;
L_00000187d2ef7310 .concat [ 1 63 0 0], L_00000187d2e3a5f8, L_00000187d2ef6910;
L_00000187d2ef8670 .shift/l 64, v00000187d2dab060_0, L_00000187d2e3a640;
S_00000187d2db7a30 .scope generate, "booth_pp_gen[14]" "booth_pp_gen[14]" 7 27, 7 27 0, S_00000187d28d2ad0;
 .timescale 0 0;
P_00000187d2d10760 .param/l "i" 0 7 27, +C4<01110>;
v00000187d2dacc80_0 .net "booth_bits", 2 0, L_00000187d2ef7e50;  1 drivers
S_00000187d2db7bc0 .scope module, "bpp" "booth_partial_product" 7 31, 7 57 0, S_00000187d2db7a30;
 .timescale 0 0;
    .port_info 0 /INPUT 32 "M";
    .port_info 1 /INPUT 3 "booth_bits";
    .port_info 2 /INPUT 6 "shift_amount";
    .port_info 3 /OUTPUT 64 "pp";
v00000187d2da93a0_0 .net/s "M", 31 0, v00000187d2e04710_0;  alias, 1 drivers
v00000187d2da9c60_0 .net/s "M2", 63 0, L_00000187d2ef7950;  1 drivers
v00000187d2daade0_0 .net/s "M_ext", 63 0, L_00000187d2ef7db0;  1 drivers
v00000187d2daae80_0 .net *"_ivl_1", 0 0, L_00000187d2ef8530;  1 drivers
L_00000187d2e3a688 .functor BUFT 1, C4<0>, C4<0>, C4<0>, C4<0>;
v00000187d2daaf20_0 .net *"_ivl_10", 0 0, L_00000187d2e3a688;  1 drivers
v00000187d2da9da0_0 .net *"_ivl_2", 31 0, L_00000187d2ef7ef0;  1 drivers
v00000187d2dab380_0 .net *"_ivl_8", 62 0, L_00000187d2ef78b0;  1 drivers
v00000187d2dacaa0_0 .net "booth_bits", 2 0, L_00000187d2ef7e50;  alias, 1 drivers
v00000187d2dac3c0_0 .net/s "pp", 63 0, L_00000187d2ef7590;  alias, 1 drivers
v00000187d2dac500_0 .var/s "pp_unshifted", 63 0;
L_00000187d2e3a6d0 .functor BUFT 1, C4<011100>, C4<0>, C4<0>, C4<0>;
v00000187d2dad540_0 .net "shift_amount", 5 0, L_00000187d2e3a6d0;  1 drivers
E_00000187d2d10660 .event anyedge, v00000187d2dacaa0_0, v00000187d2daade0_0, v00000187d2da9c60_0;
L_00000187d2ef8530 .part v00000187d2e04710_0, 31, 1;
LS_00000187d2ef7ef0_0_0 .concat [ 1 1 1 1], L_00000187d2ef8530, L_00000187d2ef8530, L_00000187d2ef8530, L_00000187d2ef8530;
LS_00000187d2ef7ef0_0_4 .concat [ 1 1 1 1], L_00000187d2ef8530, L_00000187d2ef8530, L_00000187d2ef8530, L_00000187d2ef8530;
LS_00000187d2ef7ef0_0_8 .concat [ 1 1 1 1], L_00000187d2ef8530, L_00000187d2ef8530, L_00000187d2ef8530, L_00000187d2ef8530;
LS_00000187d2ef7ef0_0_12 .concat [ 1 1 1 1], L_00000187d2ef8530, L_00000187d2ef8530, L_00000187d2ef8530, L_00000187d2ef8530;
LS_00000187d2ef7ef0_0_16 .concat [ 1 1 1 1], L_00000187d2ef8530, L_00000187d2ef8530, L_00000187d2ef8530, L_00000187d2ef8530;
LS_00000187d2ef7ef0_0_20 .concat [ 1 1 1 1], L_00000187d2ef8530, L_00000187d2ef8530, L_00000187d2ef8530, L_00000187d2ef8530;
LS_00000187d2ef7ef0_0_24 .concat [ 1 1 1 1], L_00000187d2ef8530, L_00000187d2ef8530, L_00000187d2ef8530, L_00000187d2ef8530;
LS_00000187d2ef7ef0_0_28 .concat [ 1 1 1 1], L_00000187d2ef8530, L_00000187d2ef8530, L_00000187d2ef8530, L_00000187d2ef8530;
LS_00000187d2ef7ef0_1_0 .concat [ 4 4 4 4], LS_00000187d2ef7ef0_0_0, LS_00000187d2ef7ef0_0_4, LS_00000187d2ef7ef0_0_8, LS_00000187d2ef7ef0_0_12;
LS_00000187d2ef7ef0_1_4 .concat [ 4 4 4 4], LS_00000187d2ef7ef0_0_16, LS_00000187d2ef7ef0_0_20, LS_00000187d2ef7ef0_0_24, LS_00000187d2ef7ef0_0_28;
L_00000187d2ef7ef0 .concat [ 16 16 0 0], LS_00000187d2ef7ef0_1_0, LS_00000187d2ef7ef0_1_4;
L_00000187d2ef7db0 .concat [ 32 32 0 0], v00000187d2e04710_0, L_00000187d2ef7ef0;
L_00000187d2ef78b0 .part L_00000187d2ef7db0, 0, 63;
L_00000187d2ef7950 .concat [ 1 63 0 0], L_00000187d2e3a688, L_00000187d2ef78b0;
L_00000187d2ef7590 .shift/l 64, v00000187d2dac500_0, L_00000187d2e3a6d0;
S_00000187d2db8390 .scope generate, "booth_pp_gen[15]" "booth_pp_gen[15]" 7 27, 7 27 0, S_00000187d28d2ad0;
 .timescale 0 0;
P_00000187d2d105e0 .param/l "i" 0 7 27, +C4<01111>;
v00000187d2dabce0_0 .net "booth_bits", 2 0, L_00000187d2ef7270;  1 drivers
S_00000187d2db7d50 .scope module, "bpp" "booth_partial_product" 7 31, 7 57 0, S_00000187d2db8390;
 .timescale 0 0;
    .port_info 0 /INPUT 32 "M";
    .port_info 1 /INPUT 3 "booth_bits";
    .port_info 2 /INPUT 6 "shift_amount";
    .port_info 3 /OUTPUT 64 "pp";
v00000187d2dad5e0_0 .net/s "M", 31 0, v00000187d2e04710_0;  alias, 1 drivers
v00000187d2dacb40_0 .net/s "M2", 63 0, L_00000187d2ef7770;  1 drivers
v00000187d2dac0a0_0 .net/s "M_ext", 63 0, L_00000187d2ef8710;  1 drivers
v00000187d2dac8c0_0 .net *"_ivl_1", 0 0, L_00000187d2ef69b0;  1 drivers
L_00000187d2e3a718 .functor BUFT 1, C4<0>, C4<0>, C4<0>, C4<0>;
v00000187d2dad400_0 .net *"_ivl_10", 0 0, L_00000187d2e3a718;  1 drivers
v00000187d2dabec0_0 .net *"_ivl_2", 31 0, L_00000187d2ef6af0;  1 drivers
v00000187d2dace60_0 .net *"_ivl_8", 62 0, L_00000187d2ef7bd0;  1 drivers
v00000187d2dac320_0 .net "booth_bits", 2 0, L_00000187d2ef7270;  alias, 1 drivers
v00000187d2dac140_0 .net/s "pp", 63 0, L_00000187d2ef7090;  alias, 1 drivers
v00000187d2dacfa0_0 .var/s "pp_unshifted", 63 0;
L_00000187d2e3a760 .functor BUFT 1, C4<011110>, C4<0>, C4<0>, C4<0>;
v00000187d2dac1e0_0 .net "shift_amount", 5 0, L_00000187d2e3a760;  1 drivers
E_00000187d2d10460 .event anyedge, v00000187d2dac320_0, v00000187d2dac0a0_0, v00000187d2dacb40_0;
L_00000187d2ef69b0 .part v00000187d2e04710_0, 31, 1;
LS_00000187d2ef6af0_0_0 .concat [ 1 1 1 1], L_00000187d2ef69b0, L_00000187d2ef69b0, L_00000187d2ef69b0, L_00000187d2ef69b0;
LS_00000187d2ef6af0_0_4 .concat [ 1 1 1 1], L_00000187d2ef69b0, L_00000187d2ef69b0, L_00000187d2ef69b0, L_00000187d2ef69b0;
LS_00000187d2ef6af0_0_8 .concat [ 1 1 1 1], L_00000187d2ef69b0, L_00000187d2ef69b0, L_00000187d2ef69b0, L_00000187d2ef69b0;
LS_00000187d2ef6af0_0_12 .concat [ 1 1 1 1], L_00000187d2ef69b0, L_00000187d2ef69b0, L_00000187d2ef69b0, L_00000187d2ef69b0;
LS_00000187d2ef6af0_0_16 .concat [ 1 1 1 1], L_00000187d2ef69b0, L_00000187d2ef69b0, L_00000187d2ef69b0, L_00000187d2ef69b0;
LS_00000187d2ef6af0_0_20 .concat [ 1 1 1 1], L_00000187d2ef69b0, L_00000187d2ef69b0, L_00000187d2ef69b0, L_00000187d2ef69b0;
LS_00000187d2ef6af0_0_24 .concat [ 1 1 1 1], L_00000187d2ef69b0, L_00000187d2ef69b0, L_00000187d2ef69b0, L_00000187d2ef69b0;
LS_00000187d2ef6af0_0_28 .concat [ 1 1 1 1], L_00000187d2ef69b0, L_00000187d2ef69b0, L_00000187d2ef69b0, L_00000187d2ef69b0;
LS_00000187d2ef6af0_1_0 .concat [ 4 4 4 4], LS_00000187d2ef6af0_0_0, LS_00000187d2ef6af0_0_4, LS_00000187d2ef6af0_0_8, LS_00000187d2ef6af0_0_12;
LS_00000187d2ef6af0_1_4 .concat [ 4 4 4 4], LS_00000187d2ef6af0_0_16, LS_00000187d2ef6af0_0_20, LS_00000187d2ef6af0_0_24, LS_00000187d2ef6af0_0_28;
L_00000187d2ef6af0 .concat [ 16 16 0 0], LS_00000187d2ef6af0_1_0, LS_00000187d2ef6af0_1_4;
L_00000187d2ef8710 .concat [ 32 32 0 0], v00000187d2e04710_0, L_00000187d2ef6af0;
L_00000187d2ef7bd0 .part L_00000187d2ef8710, 0, 63;
L_00000187d2ef7770 .concat [ 1 63 0 0], L_00000187d2e3a718, L_00000187d2ef7bd0;
L_00000187d2ef7090 .shift/l 64, v00000187d2dacfa0_0, L_00000187d2e3a760;
S_00000187d2db7710 .scope module, "bpp_last" "booth_partial_product" 7 44, 7 57 0, S_00000187d28d2ad0;
 .timescale 0 0;
    .port_info 0 /INPUT 32 "M";
    .port_info 1 /INPUT 3 "booth_bits";
    .port_info 2 /INPUT 6 "shift_amount";
    .port_info 3 /OUTPUT 64 "pp";
v00000187d2dac640_0 .net/s "M", 31 0, v00000187d2e04710_0;  alias, 1 drivers
v00000187d2dab7e0_0 .net/s "M2", 63 0, L_00000187d2ef8ad0;  1 drivers
v00000187d2dacf00_0 .net/s "M_ext", 63 0, L_00000187d2ef6c30;  1 drivers
v00000187d2dad720_0 .net *"_ivl_1", 0 0, L_00000187d2ef7c70;  1 drivers
L_00000187d2e3a7f0 .functor BUFT 1, C4<0>, C4<0>, C4<0>, C4<0>;
v00000187d2dabc40_0 .net *"_ivl_10", 0 0, L_00000187d2e3a7f0;  1 drivers
v00000187d2dabd80_0 .net *"_ivl_2", 31 0, L_00000187d2ef7130;  1 drivers
v00000187d2dad860_0 .net *"_ivl_8", 62 0, L_00000187d2ef6870;  1 drivers
v00000187d2daba60_0 .net "booth_bits", 2 0, L_00000187d2ef6cd0;  alias, 1 drivers
v00000187d2dac6e0_0 .net/s "pp", 63 0, L_00000187d2ef8030;  alias, 1 drivers
v00000187d2dac460_0 .var/s "pp_unshifted", 63 0;
v00000187d2dadcc0_0 .net "shift_amount", 5 0, L_00000187d2ef8210;  1 drivers
E_00000187d2d108e0 .event anyedge, v00000187d2daba60_0, v00000187d2dacf00_0, v00000187d2dab7e0_0;
L_00000187d2ef7c70 .part v00000187d2e04710_0, 31, 1;
LS_00000187d2ef7130_0_0 .concat [ 1 1 1 1], L_00000187d2ef7c70, L_00000187d2ef7c70, L_00000187d2ef7c70, L_00000187d2ef7c70;
LS_00000187d2ef7130_0_4 .concat [ 1 1 1 1], L_00000187d2ef7c70, L_00000187d2ef7c70, L_00000187d2ef7c70, L_00000187d2ef7c70;
LS_00000187d2ef7130_0_8 .concat [ 1 1 1 1], L_00000187d2ef7c70, L_00000187d2ef7c70, L_00000187d2ef7c70, L_00000187d2ef7c70;
LS_00000187d2ef7130_0_12 .concat [ 1 1 1 1], L_00000187d2ef7c70, L_00000187d2ef7c70, L_00000187d2ef7c70, L_00000187d2ef7c70;
LS_00000187d2ef7130_0_16 .concat [ 1 1 1 1], L_00000187d2ef7c70, L_00000187d2ef7c70, L_00000187d2ef7c70, L_00000187d2ef7c70;
LS_00000187d2ef7130_0_20 .concat [ 1 1 1 1], L_00000187d2ef7c70, L_00000187d2ef7c70, L_00000187d2ef7c70, L_00000187d2ef7c70;
LS_00000187d2ef7130_0_24 .concat [ 1 1 1 1], L_00000187d2ef7c70, L_00000187d2ef7c70, L_00000187d2ef7c70, L_00000187d2ef7c70;
LS_00000187d2ef7130_0_28 .concat [ 1 1 1 1], L_00000187d2ef7c70, L_00000187d2ef7c70, L_00000187d2ef7c70, L_00000187d2ef7c70;
LS_00000187d2ef7130_1_0 .concat [ 4 4 4 4], LS_00000187d2ef7130_0_0, LS_00000187d2ef7130_0_4, LS_00000187d2ef7130_0_8, LS_00000187d2ef7130_0_12;
LS_00000187d2ef7130_1_4 .concat [ 4 4 4 4], LS_00000187d2ef7130_0_16, LS_00000187d2ef7130_0_20, LS_00000187d2ef7130_0_24, LS_00000187d2ef7130_0_28;
L_00000187d2ef7130 .concat [ 16 16 0 0], LS_00000187d2ef7130_1_0, LS_00000187d2ef7130_1_4;
L_00000187d2ef6c30 .concat [ 32 32 0 0], v00000187d2e04710_0, L_00000187d2ef7130;
L_00000187d2ef6870 .part L_00000187d2ef6c30, 0, 63;
L_00000187d2ef8ad0 .concat [ 1 63 0 0], L_00000187d2e3a7f0, L_00000187d2ef6870;
L_00000187d2ef8030 .shift/l 64, v00000187d2dac460_0, L_00000187d2ef8210;
S_00000187d2db8200 .scope module, "div_unit" "divider" 6 75, 8 4 0, S_00000187d28e3340;
 .timescale 0 0;
    .port_info 0 /INPUT 32 "Dividend";
    .port_info 1 /INPUT 32 "Divisor";
    .port_info 2 /OUTPUT 32 "Quotient";
    .port_info 3 /OUTPUT 32 "Remainder";
L_00000187d2ebc160 .functor XOR 1, L_00000187d2ef7450, L_00000187d2ef8b70, C4<0>, C4<0>;
L_00000187d2ebbc20 .functor BUFZ 1, L_00000187d2ef7450, C4<0>, C4<0>, C4<0>;
L_00000187d2ebbad0 .functor NOT 32, v00000187d2e04710_0, C4<00000000000000000000000000000000>, C4<00000000000000000000000000000000>, C4<00000000000000000000000000000000>;
L_00000187d2ebbc90 .functor NOT 32, v00000187d2df2c80_0, C4<00000000000000000000000000000000>, C4<00000000000000000000000000000000>, C4<00000000000000000000000000000000>;
L_00000187d2ebb360 .functor NOT 32, v00000187d2dab920_0, C4<00000000000000000000000000000000>, C4<00000000000000000000000000000000>, C4<00000000000000000000000000000000>;
L_00000187d2ebb750 .functor NOT 32, v00000187d2dada40_0, C4<00000000000000000000000000000000>, C4<00000000000000000000000000000000>, C4<00000000000000000000000000000000>;
v00000187d2dab9c0_0 .net/s "Dividend", 31 0, v00000187d2e04710_0;  alias, 1 drivers
v00000187d2dac000_0 .net/s "Divisor", 31 0, v00000187d2df2c80_0;  alias, 1 drivers
v00000187d2daeee0_0 .net/s "Quotient", 31 0, L_00000187d2ef67d0;  alias, 1 drivers
v00000187d2dae580_0 .net/s "Remainder", 31 0, L_00000187d2efa1f0;  alias, 1 drivers
L_00000187d2e3a880 .functor BUFT 1, C4<00000000000000000000000000000001>, C4<0>, C4<0>, C4<0>;
v00000187d2daf3e0_0 .net/2s *"_ivl_10", 31 0, L_00000187d2e3a880;  1 drivers
v00000187d2dae1c0_0 .net/s *"_ivl_12", 31 0, L_00000187d2ef8c10;  1 drivers
v00000187d2dae6c0_0 .net *"_ivl_16", 31 0, L_00000187d2ebbc90;  1 drivers
L_00000187d2e3a8c8 .functor BUFT 1, C4<00000000000000000000000000000001>, C4<0>, C4<0>, C4<0>;
v00000187d2daed00_0 .net/2s *"_ivl_18", 31 0, L_00000187d2e3a8c8;  1 drivers
v00000187d2dafd40_0 .net/s *"_ivl_20", 31 0, L_00000187d2ef6e10;  1 drivers
v00000187d2db01a0_0 .net *"_ivl_24", 31 0, L_00000187d2ebb360;  1 drivers
L_00000187d2e3a910 .functor BUFT 1, C4<00000000000000000000000000000001>, C4<0>, C4<0>, C4<0>;
v00000187d2dafde0_0 .net/2u *"_ivl_26", 31 0, L_00000187d2e3a910;  1 drivers
v00000187d2daff20_0 .net *"_ivl_28", 31 0, L_00000187d2ef6730;  1 drivers
v00000187d2daf5c0_0 .net *"_ivl_32", 31 0, L_00000187d2ebb750;  1 drivers
L_00000187d2e3a958 .functor BUFT 1, C4<00000000000000000000000000000001>, C4<0>, C4<0>, C4<0>;
v00000187d2dafca0_0 .net/2u *"_ivl_34", 31 0, L_00000187d2e3a958;  1 drivers
v00000187d2daf660_0 .net *"_ivl_36", 31 0, L_00000187d2ef91b0;  1 drivers
v00000187d2dafb60_0 .net *"_ivl_8", 31 0, L_00000187d2ebbad0;  1 drivers
v00000187d2db04c0_0 .net "dividend_abs", 31 0, L_00000187d2ef6d70;  1 drivers
v00000187d2dafe80_0 .net "dividend_sign", 0 0, L_00000187d2ef7450;  1 drivers
v00000187d2daf200_0 .net "divisor_abs", 31 0, L_00000187d2ef6690;  1 drivers
v00000187d2dae8a0_0 .net "divisor_sign", 0 0, L_00000187d2ef8b70;  1 drivers
v00000187d2db0560_0 .net "quotient_abs", 31 0, v00000187d2dab920_0;  1 drivers
v00000187d2daf700_0 .net "quotient_sign", 0 0, L_00000187d2ebc160;  1 drivers
v00000187d2dafc00_0 .net "remainder_abs", 31 0, v00000187d2dada40_0;  1 drivers
v00000187d2daf840_0 .net "remainder_sign", 0 0, L_00000187d2ebbc20;  1 drivers
L_00000187d2ef7450 .part v00000187d2e04710_0, 31, 1;
L_00000187d2ef8b70 .part v00000187d2df2c80_0, 31, 1;
L_00000187d2ef8c10 .arith/sum 32, L_00000187d2ebbad0, L_00000187d2e3a880;
L_00000187d2ef6d70 .functor MUXZ 32, v00000187d2e04710_0, L_00000187d2ef8c10, L_00000187d2ef7450, C4<>;
L_00000187d2ef6e10 .arith/sum 32, L_00000187d2ebbc90, L_00000187d2e3a8c8;
L_00000187d2ef6690 .functor MUXZ 32, v00000187d2df2c80_0, L_00000187d2ef6e10, L_00000187d2ef8b70, C4<>;
L_00000187d2ef6730 .arith/sum 32, L_00000187d2ebb360, L_00000187d2e3a910;
L_00000187d2ef67d0 .functor MUXZ 32, v00000187d2dab920_0, L_00000187d2ef6730, L_00000187d2ebc160, C4<>;
L_00000187d2ef91b0 .arith/sum 32, L_00000187d2ebb750, L_00000187d2e3a958;
L_00000187d2efa1f0 .functor MUXZ 32, v00000187d2dada40_0, L_00000187d2ef91b0, L_00000187d2ebbc20, C4<>;
S_00000187d2db70d0 .scope module, "div_core" "non_restoring_divider_unsigned" 8 22, 8 34 0, S_00000187d2db8200;
 .timescale 0 0;
    .port_info 0 /INPUT 32 "Dividend";
    .port_info 1 /INPUT 32 "Divisor";
    .port_info 2 /OUTPUT 32 "Quotient";
    .port_info 3 /OUTPUT 32 "Remainder";
v00000187d2dad220_0 .var "AQ", 63 0;
v00000187d2dadb80_0 .net "Dividend", 31 0, L_00000187d2ef6d70;  alias, 1 drivers
v00000187d2dabf60_0 .net "Divisor", 31 0, L_00000187d2ef6690;  alias, 1 drivers
v00000187d2dab880_0 .var "M", 31 0;
v00000187d2dad9a0_0 .net "Quotient", 31 0, v00000187d2dab920_0;  alias, 1 drivers
v00000187d2dada40_0 .var "Remainder", 31 0;
v00000187d2dadae0_0 .var/i "i", 31 0;
v00000187d2dab920_0 .var "quotient_reg", 31 0;
E_00000187d2d10ae0 .event anyedge, v00000187d2dabf60_0, v00000187d2dadb80_0, v00000187d2dad220_0, v00000187d2dab880_0;
S_00000187d2db7260 .scope module, "rca_add" "ripple_carry_adder" 6 40, 9 3 0, S_00000187d28e3340;
 .timescale 0 0;
    .port_info 0 /INPUT 32 "A";
    .port_info 1 /INPUT 32 "B";
    .port_info 2 /INPUT 1 "Cin";
    .port_info 3 /OUTPUT 32 "Sum";
    .port_info 4 /OUTPUT 1 "Cout";
    .port_info 5 /OUTPUT 1 "Overflow";
L_00000187d2e39d88 .functor BUFT 1, C4<0>, C4<0>, C4<0>, C4<0>;
L_00000187d2eb02f0 .functor BUFZ 1, L_00000187d2e39d88, C4<0>, C4<0>, C4<0>;
L_00000187d2eb0c90 .functor XOR 1, L_00000187d2e309f0, L_00000187d2e306d0, C4<0>, C4<0>;
v00000187d2dd0c80_0 .net "A", 31 0, v00000187d2e04710_0;  alias, 1 drivers
v00000187d2dd24e0_0 .net "B", 31 0, v00000187d2df2c80_0;  alias, 1 drivers
v00000187d2dd08c0_0 .net "Cin", 0 0, L_00000187d2e39d88;  1 drivers
v00000187d2dd12c0_0 .net "Cout", 0 0, L_00000187d2e2f4b0;  alias, 1 drivers
v00000187d2dd00a0_0 .net "Overflow", 0 0, L_00000187d2eb0c90;  alias, 1 drivers
v00000187d2dd0be0_0 .net "Sum", 31 0, L_00000187d2e2f7d0;  alias, 1 drivers
v00000187d2dd2260_0 .net *"_ivl_229", 0 0, L_00000187d2eb02f0;  1 drivers
v00000187d2dd1b80_0 .net *"_ivl_233", 0 0, L_00000187d2e309f0;  1 drivers
v00000187d2dd0e60_0 .net *"_ivl_235", 0 0, L_00000187d2e306d0;  1 drivers
v00000187d2dd1360_0 .net "carry", 32 0, L_00000187d2e30630;  1 drivers
L_00000187d2e2b9f0 .part v00000187d2e04710_0, 0, 1;
L_00000187d2e2ad70 .part v00000187d2df2c80_0, 0, 1;
L_00000187d2e2aaf0 .part L_00000187d2e30630, 0, 1;
L_00000187d2e2c710 .part v00000187d2e04710_0, 1, 1;
L_00000187d2e2a870 .part v00000187d2df2c80_0, 1, 1;
L_00000187d2e2a910 .part L_00000187d2e30630, 1, 1;
L_00000187d2e2bb30 .part v00000187d2e04710_0, 2, 1;
L_00000187d2e2bf90 .part v00000187d2df2c80_0, 2, 1;
L_00000187d2e2ab90 .part L_00000187d2e30630, 2, 1;
L_00000187d2e2af50 .part v00000187d2e04710_0, 3, 1;
L_00000187d2e2c030 .part v00000187d2df2c80_0, 3, 1;
L_00000187d2e2c2b0 .part L_00000187d2e30630, 3, 1;
L_00000187d2e2c210 .part v00000187d2e04710_0, 4, 1;
L_00000187d2e2a370 .part v00000187d2df2c80_0, 4, 1;
L_00000187d2e2c350 .part L_00000187d2e30630, 4, 1;
L_00000187d2e2c490 .part v00000187d2e04710_0, 5, 1;
L_00000187d2e2c530 .part v00000187d2df2c80_0, 5, 1;
L_00000187d2e2c5d0 .part L_00000187d2e30630, 5, 1;
L_00000187d2e2c7b0 .part v00000187d2e04710_0, 6, 1;
L_00000187d2e2c670 .part v00000187d2df2c80_0, 6, 1;
L_00000187d2e2a190 .part L_00000187d2e30630, 6, 1;
L_00000187d2e2a230 .part v00000187d2e04710_0, 7, 1;
L_00000187d2e2a2d0 .part v00000187d2df2c80_0, 7, 1;
L_00000187d2e2a410 .part L_00000187d2e30630, 7, 1;
L_00000187d2e2a690 .part v00000187d2e04710_0, 8, 1;
L_00000187d2e2d750 .part v00000187d2df2c80_0, 8, 1;
L_00000187d2e2d390 .part L_00000187d2e30630, 8, 1;
L_00000187d2e2de30 .part v00000187d2e04710_0, 9, 1;
L_00000187d2e2e3d0 .part v00000187d2df2c80_0, 9, 1;
L_00000187d2e2db10 .part L_00000187d2e30630, 9, 1;
L_00000187d2e2e970 .part v00000187d2e04710_0, 10, 1;
L_00000187d2e2dd90 .part v00000187d2df2c80_0, 10, 1;
L_00000187d2e2dbb0 .part L_00000187d2e30630, 10, 1;
L_00000187d2e2eb50 .part v00000187d2e04710_0, 11, 1;
L_00000187d2e2d430 .part v00000187d2df2c80_0, 11, 1;
L_00000187d2e2dc50 .part L_00000187d2e30630, 11, 1;
L_00000187d2e2d7f0 .part v00000187d2e04710_0, 12, 1;
L_00000187d2e2dcf0 .part v00000187d2df2c80_0, 12, 1;
L_00000187d2e2d9d0 .part L_00000187d2e30630, 12, 1;
L_00000187d2e2cc10 .part v00000187d2e04710_0, 13, 1;
L_00000187d2e2e1f0 .part v00000187d2df2c80_0, 13, 1;
L_00000187d2e2d2f0 .part L_00000187d2e30630, 13, 1;
L_00000187d2e2cad0 .part v00000187d2e04710_0, 14, 1;
L_00000187d2e2da70 .part v00000187d2df2c80_0, 14, 1;
L_00000187d2e2d890 .part L_00000187d2e30630, 14, 1;
L_00000187d2e2e150 .part v00000187d2e04710_0, 15, 1;
L_00000187d2e2ded0 .part v00000187d2df2c80_0, 15, 1;
L_00000187d2e2cb70 .part L_00000187d2e30630, 15, 1;
L_00000187d2e2ccb0 .part v00000187d2e04710_0, 16, 1;
L_00000187d2e2df70 .part v00000187d2df2c80_0, 16, 1;
L_00000187d2e2cf30 .part L_00000187d2e30630, 16, 1;
L_00000187d2e2e830 .part v00000187d2e04710_0, 17, 1;
L_00000187d2e2e290 .part v00000187d2df2c80_0, 17, 1;
L_00000187d2e2cd50 .part L_00000187d2e30630, 17, 1;
L_00000187d2e2efb0 .part v00000187d2e04710_0, 18, 1;
L_00000187d2e2e330 .part v00000187d2df2c80_0, 18, 1;
L_00000187d2e2e470 .part L_00000187d2e30630, 18, 1;
L_00000187d2e2e8d0 .part v00000187d2e04710_0, 19, 1;
L_00000187d2e2e010 .part v00000187d2df2c80_0, 19, 1;
L_00000187d2e2c990 .part L_00000187d2e30630, 19, 1;
L_00000187d2e2d930 .part v00000187d2e04710_0, 20, 1;
L_00000187d2e2e0b0 .part v00000187d2df2c80_0, 20, 1;
L_00000187d2e2e510 .part L_00000187d2e30630, 20, 1;
L_00000187d2e2e5b0 .part v00000187d2e04710_0, 21, 1;
L_00000187d2e2d4d0 .part v00000187d2df2c80_0, 21, 1;
L_00000187d2e2ee70 .part L_00000187d2e30630, 21, 1;
L_00000187d2e2ea10 .part v00000187d2e04710_0, 22, 1;
L_00000187d2e2f050 .part v00000187d2df2c80_0, 22, 1;
L_00000187d2e2e650 .part L_00000187d2e30630, 22, 1;
L_00000187d2e2ca30 .part v00000187d2e04710_0, 23, 1;
L_00000187d2e2e6f0 .part v00000187d2df2c80_0, 23, 1;
L_00000187d2e2d570 .part L_00000187d2e30630, 23, 1;
L_00000187d2e2d070 .part v00000187d2e04710_0, 24, 1;
L_00000187d2e2e790 .part v00000187d2df2c80_0, 24, 1;
L_00000187d2e2eab0 .part L_00000187d2e30630, 24, 1;
L_00000187d2e2cdf0 .part v00000187d2e04710_0, 25, 1;
L_00000187d2e2ebf0 .part v00000187d2df2c80_0, 25, 1;
L_00000187d2e2ec90 .part L_00000187d2e30630, 25, 1;
L_00000187d2e2d610 .part v00000187d2e04710_0, 26, 1;
L_00000187d2e2d6b0 .part v00000187d2df2c80_0, 26, 1;
L_00000187d2e2ed30 .part L_00000187d2e30630, 26, 1;
L_00000187d2e2edd0 .part v00000187d2e04710_0, 27, 1;
L_00000187d2e2ef10 .part v00000187d2df2c80_0, 27, 1;
L_00000187d2e2f0f0 .part L_00000187d2e30630, 27, 1;
L_00000187d2e2ce90 .part v00000187d2e04710_0, 28, 1;
L_00000187d2e2cfd0 .part v00000187d2df2c80_0, 28, 1;
L_00000187d2e2d110 .part L_00000187d2e30630, 28, 1;
L_00000187d2e2d1b0 .part v00000187d2e04710_0, 29, 1;
L_00000187d2e2d250 .part v00000187d2df2c80_0, 29, 1;
L_00000187d2e2f9b0 .part L_00000187d2e30630, 29, 1;
L_00000187d2e31490 .part v00000187d2e04710_0, 30, 1;
L_00000187d2e30e50 .part v00000187d2df2c80_0, 30, 1;
L_00000187d2e315d0 .part L_00000187d2e30630, 30, 1;
L_00000187d2e30ef0 .part v00000187d2e04710_0, 31, 1;
L_00000187d2e30810 .part v00000187d2df2c80_0, 31, 1;
L_00000187d2e312b0 .part L_00000187d2e30630, 31, 1;
LS_00000187d2e2f7d0_0_0 .concat8 [ 1 1 1 1], L_00000187d2cb90b0, L_00000187d290cee0, L_00000187d290b190, L_00000187d2b59580;
LS_00000187d2e2f7d0_0_4 .concat8 [ 1 1 1 1], L_00000187d2b12d10, L_00000187d2ead5e0, L_00000187d2eadf10, L_00000187d2eac8c0;
LS_00000187d2e2f7d0_0_8 .concat8 [ 1 1 1 1], L_00000187d2eac4d0, L_00000187d2eadd50, L_00000187d2ead030, L_00000187d2eacc40;
LS_00000187d2e2f7d0_0_12 .concat8 [ 1 1 1 1], L_00000187d2eac460, L_00000187d2ead810, L_00000187d2eadb20, L_00000187d2eadff0;
LS_00000187d2e2f7d0_0_16 .concat8 [ 1 1 1 1], L_00000187d2eae680, L_00000187d2eaf3a0, L_00000187d2eae610, L_00000187d2eaf170;
LS_00000187d2e2f7d0_0_20 .concat8 [ 1 1 1 1], L_00000187d2eae840, L_00000187d2eae300, L_00000187d2eaf950, L_00000187d2eae290;
LS_00000187d2e2f7d0_0_24 .concat8 [ 1 1 1 1], L_00000187d2eae140, L_00000187d2eae060, L_00000187d2eb1240, L_00000187d2eb0ad0;
LS_00000187d2e2f7d0_0_28 .concat8 [ 1 1 1 1], L_00000187d2eb1550, L_00000187d2eb0130, L_00000187d2eb0910, L_00000187d2eb0590;
LS_00000187d2e2f7d0_1_0 .concat8 [ 4 4 4 4], LS_00000187d2e2f7d0_0_0, LS_00000187d2e2f7d0_0_4, LS_00000187d2e2f7d0_0_8, LS_00000187d2e2f7d0_0_12;
LS_00000187d2e2f7d0_1_4 .concat8 [ 4 4 4 4], LS_00000187d2e2f7d0_0_16, LS_00000187d2e2f7d0_0_20, LS_00000187d2e2f7d0_0_24, LS_00000187d2e2f7d0_0_28;
L_00000187d2e2f7d0 .concat8 [ 16 16 0 0], LS_00000187d2e2f7d0_1_0, LS_00000187d2e2f7d0_1_4;
LS_00000187d2e30630_0_0 .concat8 [ 1 1 1 1], L_00000187d2eb02f0, L_00000187d290ce70, L_00000187d290cfc0, L_00000187d2b5a3f0;
LS_00000187d2e30630_0_4 .concat8 [ 1 1 1 1], L_00000187d2b5a070, L_00000187d2eace00, L_00000187d2eadc00, L_00000187d2ead650;
LS_00000187d2e30630_0_8 .concat8 [ 1 1 1 1], L_00000187d2eac9a0, L_00000187d2eadc70, L_00000187d2eacaf0, L_00000187d2ead1f0;
LS_00000187d2e30630_0_12 .concat8 [ 1 1 1 1], L_00000187d2ead340, L_00000187d2ead7a0, L_00000187d2eadce0, L_00000187d2eade30;
LS_00000187d2e30630_0_16 .concat8 [ 1 1 1 1], L_00000187d2eae1b0, L_00000187d2eaec30, L_00000187d2eaedf0, L_00000187d2eaeca0;
LS_00000187d2e30630_0_20 .concat8 [ 1 1 1 1], L_00000187d2eaf410, L_00000187d2eae3e0, L_00000187d2eaf100, L_00000187d2eaf800;
LS_00000187d2e30630_0_24 .concat8 [ 1 1 1 1], L_00000187d2eafb80, L_00000187d2eafbf0, L_00000187d2eaeb50, L_00000187d2eb12b0;
LS_00000187d2e30630_0_28 .concat8 [ 1 1 1 1], L_00000187d2eb1400, L_00000187d2eb06e0, L_00000187d2eb04b0, L_00000187d2eb0750;
LS_00000187d2e30630_0_32 .concat8 [ 1 0 0 0], L_00000187d2eb0a60;
LS_00000187d2e30630_1_0 .concat8 [ 4 4 4 4], LS_00000187d2e30630_0_0, LS_00000187d2e30630_0_4, LS_00000187d2e30630_0_8, LS_00000187d2e30630_0_12;
LS_00000187d2e30630_1_4 .concat8 [ 4 4 4 4], LS_00000187d2e30630_0_16, LS_00000187d2e30630_0_20, LS_00000187d2e30630_0_24, LS_00000187d2e30630_0_28;
LS_00000187d2e30630_1_8 .concat8 [ 1 0 0 0], LS_00000187d2e30630_0_32;
L_00000187d2e30630 .concat8 [ 16 16 1 0], LS_00000187d2e30630_1_0, LS_00000187d2e30630_1_4, LS_00000187d2e30630_1_8;
L_00000187d2e2f4b0 .part L_00000187d2e30630, 32, 1;
L_00000187d2e309f0 .part L_00000187d2e30630, 31, 1;
L_00000187d2e306d0 .part L_00000187d2e30630, 32, 1;
S_00000187d2db6900 .scope generate, "fa_gen[0]" "fa_gen[0]" 9 17, 9 17 0, S_00000187d2db7260;
 .timescale 0 0;
P_00000187d2d10b60 .param/l "i" 0 9 17, +C4<00>;
S_00000187d2db73f0 .scope module, "fa" "full_adder" 9 18, 9 33 0, S_00000187d2db6900;
 .timescale 0 0;
    .port_info 0 /INPUT 1 "a";
    .port_info 1 /INPUT 1 "b";
    .port_info 2 /INPUT 1 "cin";
    .port_info 3 /OUTPUT 1 "sum";
    .port_info 4 /OUTPUT 1 "cout";
L_00000187d2cb9040 .functor XOR 1, L_00000187d2e2b9f0, L_00000187d2e2ad70, C4<0>, C4<0>;
L_00000187d2cb90b0 .functor XOR 1, L_00000187d2cb9040, L_00000187d2e2aaf0, C4<0>, C4<0>;
L_00000187d2cb9120 .functor AND 1, L_00000187d2e2b9f0, L_00000187d2e2ad70, C4<1>, C4<1>;
L_00000187d2cb9190 .functor XOR 1, L_00000187d2e2b9f0, L_00000187d2e2ad70, C4<0>, C4<0>;
L_00000187d290cd90 .functor AND 1, L_00000187d2e2aaf0, L_00000187d2cb9190, C4<1>, C4<1>;
L_00000187d290ce70 .functor OR 1, L_00000187d2cb9120, L_00000187d290cd90, C4<0>, C4<0>;
v00000187d2dae4e0_0 .net *"_ivl_0", 0 0, L_00000187d2cb9040;  1 drivers
v00000187d2daee40_0 .net *"_ivl_4", 0 0, L_00000187d2cb9120;  1 drivers
v00000187d2daffc0_0 .net *"_ivl_6", 0 0, L_00000187d2cb9190;  1 drivers
v00000187d2daef80_0 .net *"_ivl_8", 0 0, L_00000187d290cd90;  1 drivers
v00000187d2dadfe0_0 .net "a", 0 0, L_00000187d2e2b9f0;  1 drivers
v00000187d2daf160_0 .net "b", 0 0, L_00000187d2e2ad70;  1 drivers
v00000187d2daf020_0 .net "cin", 0 0, L_00000187d2e2aaf0;  1 drivers
v00000187d2dae800_0 .net "cout", 0 0, L_00000187d290ce70;  1 drivers
v00000187d2daf7a0_0 .net "sum", 0 0, L_00000187d2cb90b0;  1 drivers
S_00000187d2db6a90 .scope generate, "fa_gen[1]" "fa_gen[1]" 9 17, 9 17 0, S_00000187d2db7260;
 .timescale 0 0;
P_00000187d2d11120 .param/l "i" 0 9 17, +C4<01>;
S_00000187d2db78a0 .scope module, "fa" "full_adder" 9 18, 9 33 0, S_00000187d2db6a90;
 .timescale 0 0;
    .port_info 0 /INPUT 1 "a";
    .port_info 1 /INPUT 1 "b";
    .port_info 2 /INPUT 1 "cin";
    .port_info 3 /OUTPUT 1 "sum";
    .port_info 4 /OUTPUT 1 "cout";
L_00000187d290d030 .functor XOR 1, L_00000187d2e2c710, L_00000187d2e2a870, C4<0>, C4<0>;
L_00000187d290cee0 .functor XOR 1, L_00000187d290d030, L_00000187d2e2a910, C4<0>, C4<0>;
L_00000187d290cf50 .functor AND 1, L_00000187d2e2c710, L_00000187d2e2a870, C4<1>, C4<1>;
L_00000187d290d0a0 .functor XOR 1, L_00000187d2e2c710, L_00000187d2e2a870, C4<0>, C4<0>;
L_00000187d290ce00 .functor AND 1, L_00000187d2e2a910, L_00000187d290d0a0, C4<1>, C4<1>;
L_00000187d290cfc0 .functor OR 1, L_00000187d290cf50, L_00000187d290ce00, C4<0>, C4<0>;
v00000187d2dade00_0 .net *"_ivl_0", 0 0, L_00000187d290d030;  1 drivers
v00000187d2daf8e0_0 .net *"_ivl_4", 0 0, L_00000187d290cf50;  1 drivers
v00000187d2daf0c0_0 .net *"_ivl_6", 0 0, L_00000187d290d0a0;  1 drivers
v00000187d2db0060_0 .net *"_ivl_8", 0 0, L_00000187d290ce00;  1 drivers
v00000187d2daf2a0_0 .net "a", 0 0, L_00000187d2e2c710;  1 drivers
v00000187d2daf340_0 .net "b", 0 0, L_00000187d2e2a870;  1 drivers
v00000187d2daf480_0 .net "cin", 0 0, L_00000187d2e2a910;  1 drivers
v00000187d2db0420_0 .net "cout", 0 0, L_00000187d290cfc0;  1 drivers
v00000187d2daf520_0 .net "sum", 0 0, L_00000187d290cee0;  1 drivers
S_00000187d2db7ee0 .scope generate, "fa_gen[2]" "fa_gen[2]" 9 17, 9 17 0, S_00000187d2db7260;
 .timescale 0 0;
P_00000187d2d107a0 .param/l "i" 0 9 17, +C4<010>;
S_00000187d2dba210 .scope module, "fa" "full_adder" 9 18, 9 33 0, S_00000187d2db7ee0;
 .timescale 0 0;
    .port_info 0 /INPUT 1 "a";
    .port_info 1 /INPUT 1 "b";
    .port_info 2 /INPUT 1 "cin";
    .port_info 3 /OUTPUT 1 "sum";
    .port_info 4 /OUTPUT 1 "cout";
L_00000187d290cd20 .functor XOR 1, L_00000187d2e2bb30, L_00000187d2e2bf90, C4<0>, C4<0>;
L_00000187d290b190 .functor XOR 1, L_00000187d290cd20, L_00000187d2e2ab90, C4<0>, C4<0>;
L_00000187d290b270 .functor AND 1, L_00000187d2e2bb30, L_00000187d2e2bf90, C4<1>, C4<1>;
L_00000187d290b2e0 .functor XOR 1, L_00000187d2e2bb30, L_00000187d2e2bf90, C4<0>, C4<0>;
L_00000187d2b5a310 .functor AND 1, L_00000187d2e2ab90, L_00000187d290b2e0, C4<1>, C4<1>;
L_00000187d2b5a3f0 .functor OR 1, L_00000187d290b270, L_00000187d2b5a310, C4<0>, C4<0>;
v00000187d2dadf40_0 .net *"_ivl_0", 0 0, L_00000187d290cd20;  1 drivers
v00000187d2daebc0_0 .net *"_ivl_4", 0 0, L_00000187d290b270;  1 drivers
v00000187d2daf980_0 .net *"_ivl_6", 0 0, L_00000187d290b2e0;  1 drivers
v00000187d2dae080_0 .net *"_ivl_8", 0 0, L_00000187d2b5a310;  1 drivers
v00000187d2db0380_0 .net "a", 0 0, L_00000187d2e2bb30;  1 drivers
v00000187d2db0100_0 .net "b", 0 0, L_00000187d2e2bf90;  1 drivers
v00000187d2dadea0_0 .net "cin", 0 0, L_00000187d2e2ab90;  1 drivers
v00000187d2dafa20_0 .net "cout", 0 0, L_00000187d2b5a3f0;  1 drivers
v00000187d2dae9e0_0 .net "sum", 0 0, L_00000187d290b190;  1 drivers
S_00000187d2db90e0 .scope generate, "fa_gen[3]" "fa_gen[3]" 9 17, 9 17 0, S_00000187d2db7260;
 .timescale 0 0;
P_00000187d2d10da0 .param/l "i" 0 9 17, +C4<011>;
S_00000187d2db8f50 .scope module, "fa" "full_adder" 9 18, 9 33 0, S_00000187d2db90e0;
 .timescale 0 0;
    .port_info 0 /INPUT 1 "a";
    .port_info 1 /INPUT 1 "b";
    .port_info 2 /INPUT 1 "cin";
    .port_info 3 /OUTPUT 1 "sum";
    .port_info 4 /OUTPUT 1 "cout";
L_00000187d2b588d0 .functor XOR 1, L_00000187d2e2af50, L_00000187d2e2c030, C4<0>, C4<0>;
L_00000187d2b59580 .functor XOR 1, L_00000187d2b588d0, L_00000187d2e2c2b0, C4<0>, C4<0>;
L_00000187d2b59740 .functor AND 1, L_00000187d2e2af50, L_00000187d2e2c030, C4<1>, C4<1>;
L_00000187d2b597b0 .functor XOR 1, L_00000187d2e2af50, L_00000187d2e2c030, C4<0>, C4<0>;
L_00000187d2b5a000 .functor AND 1, L_00000187d2e2c2b0, L_00000187d2b597b0, C4<1>, C4<1>;
L_00000187d2b5a070 .functor OR 1, L_00000187d2b59740, L_00000187d2b5a000, C4<0>, C4<0>;
v00000187d2dafac0_0 .net *"_ivl_0", 0 0, L_00000187d2b588d0;  1 drivers
v00000187d2daea80_0 .net *"_ivl_4", 0 0, L_00000187d2b59740;  1 drivers
v00000187d2db0240_0 .net *"_ivl_6", 0 0, L_00000187d2b597b0;  1 drivers
v00000187d2dae120_0 .net *"_ivl_8", 0 0, L_00000187d2b5a000;  1 drivers
v00000187d2daeda0_0 .net "a", 0 0, L_00000187d2e2af50;  1 drivers
v00000187d2db02e0_0 .net "b", 0 0, L_00000187d2e2c030;  1 drivers
v00000187d2dae760_0 .net "cin", 0 0, L_00000187d2e2c2b0;  1 drivers
v00000187d2dae3a0_0 .net "cout", 0 0, L_00000187d2b5a070;  1 drivers
v00000187d2dae260_0 .net "sum", 0 0, L_00000187d2b59580;  1 drivers
S_00000187d2db9d60 .scope generate, "fa_gen[4]" "fa_gen[4]" 9 17, 9 17 0, S_00000187d2db7260;
 .timescale 0 0;
P_00000187d2d104a0 .param/l "i" 0 9 17, +C4<0100>;
S_00000187d2db8dc0 .scope module, "fa" "full_adder" 9 18, 9 33 0, S_00000187d2db9d60;
 .timescale 0 0;
    .port_info 0 /INPUT 1 "a";
    .port_info 1 /INPUT 1 "b";
    .port_info 2 /INPUT 1 "cin";
    .port_info 3 /OUTPUT 1 "sum";
    .port_info 4 /OUTPUT 1 "cout";
L_00000187d2b12300 .functor XOR 1, L_00000187d2e2c210, L_00000187d2e2a370, C4<0>, C4<0>;
L_00000187d2b12d10 .functor XOR 1, L_00000187d2b12300, L_00000187d2e2c350, C4<0>, C4<0>;
L_00000187d2b12d80 .functor AND 1, L_00000187d2e2c210, L_00000187d2e2a370, C4<1>, C4<1>;
L_00000187d2b12df0 .functor XOR 1, L_00000187d2e2c210, L_00000187d2e2a370, C4<0>, C4<0>;
L_00000187d2b0f970 .functor AND 1, L_00000187d2e2c350, L_00000187d2b12df0, C4<1>, C4<1>;
L_00000187d2eace00 .functor OR 1, L_00000187d2b12d80, L_00000187d2b0f970, C4<0>, C4<0>;
v00000187d2dae300_0 .net *"_ivl_0", 0 0, L_00000187d2b12300;  1 drivers
v00000187d2dae440_0 .net *"_ivl_4", 0 0, L_00000187d2b12d80;  1 drivers
v00000187d2dae620_0 .net *"_ivl_6", 0 0, L_00000187d2b12df0;  1 drivers
v00000187d2dae940_0 .net *"_ivl_8", 0 0, L_00000187d2b0f970;  1 drivers
v00000187d2daeb20_0 .net "a", 0 0, L_00000187d2e2c210;  1 drivers
v00000187d2daec60_0 .net "b", 0 0, L_00000187d2e2a370;  1 drivers
v00000187d2db0ec0_0 .net "cin", 0 0, L_00000187d2e2c350;  1 drivers
v00000187d2db1dc0_0 .net "cout", 0 0, L_00000187d2eace00;  1 drivers
v00000187d2db2040_0 .net "sum", 0 0, L_00000187d2b12d10;  1 drivers
S_00000187d2db9ef0 .scope generate, "fa_gen[5]" "fa_gen[5]" 9 17, 9 17 0, S_00000187d2db7260;
 .timescale 0 0;
P_00000187d2d10160 .param/l "i" 0 9 17, +C4<0101>;
S_00000187d2db9270 .scope module, "fa" "full_adder" 9 18, 9 33 0, S_00000187d2db9ef0;
 .timescale 0 0;
    .port_info 0 /INPUT 1 "a";
    .port_info 1 /INPUT 1 "b";
    .port_info 2 /INPUT 1 "cin";
    .port_info 3 /OUTPUT 1 "sum";
    .port_info 4 /OUTPUT 1 "cout";
L_00000187d2ead110 .functor XOR 1, L_00000187d2e2c490, L_00000187d2e2c530, C4<0>, C4<0>;
L_00000187d2ead5e0 .functor XOR 1, L_00000187d2ead110, L_00000187d2e2c5d0, C4<0>, C4<0>;
L_00000187d2eace70 .functor AND 1, L_00000187d2e2c490, L_00000187d2e2c530, C4<1>, C4<1>;
L_00000187d2eacee0 .functor XOR 1, L_00000187d2e2c490, L_00000187d2e2c530, C4<0>, C4<0>;
L_00000187d2eacfc0 .functor AND 1, L_00000187d2e2c5d0, L_00000187d2eacee0, C4<1>, C4<1>;
L_00000187d2eadc00 .functor OR 1, L_00000187d2eace70, L_00000187d2eacfc0, C4<0>, C4<0>;
v00000187d2db0f60_0 .net *"_ivl_0", 0 0, L_00000187d2ead110;  1 drivers
v00000187d2db0ce0_0 .net *"_ivl_4", 0 0, L_00000187d2eace70;  1 drivers
v00000187d2db1640_0 .net *"_ivl_6", 0 0, L_00000187d2eacee0;  1 drivers
v00000187d2db25e0_0 .net *"_ivl_8", 0 0, L_00000187d2eacfc0;  1 drivers
v00000187d2db06a0_0 .net "a", 0 0, L_00000187d2e2c490;  1 drivers
v00000187d2db1e60_0 .net "b", 0 0, L_00000187d2e2c530;  1 drivers
v00000187d2db29a0_0 .net "cin", 0 0, L_00000187d2e2c5d0;  1 drivers
v00000187d2db1960_0 .net "cout", 0 0, L_00000187d2eadc00;  1 drivers
v00000187d2db1820_0 .net "sum", 0 0, L_00000187d2ead5e0;  1 drivers
S_00000187d2dba080 .scope generate, "fa_gen[6]" "fa_gen[6]" 9 17, 9 17 0, S_00000187d2db7260;
 .timescale 0 0;
P_00000187d2d10560 .param/l "i" 0 9 17, +C4<0110>;
S_00000187d2db8910 .scope module, "fa" "full_adder" 9 18, 9 33 0, S_00000187d2dba080;
 .timescale 0 0;
    .port_info 0 /INPUT 1 "a";
    .port_info 1 /INPUT 1 "b";
    .port_info 2 /INPUT 1 "cin";
    .port_info 3 /OUTPUT 1 "sum";
    .port_info 4 /OUTPUT 1 "cout";
L_00000187d2eacd20 .functor XOR 1, L_00000187d2e2c7b0, L_00000187d2e2c670, C4<0>, C4<0>;
L_00000187d2eadf10 .functor XOR 1, L_00000187d2eacd20, L_00000187d2e2a190, C4<0>, C4<0>;
L_00000187d2ead570 .functor AND 1, L_00000187d2e2c7b0, L_00000187d2e2c670, C4<1>, C4<1>;
L_00000187d2eac930 .functor XOR 1, L_00000187d2e2c7b0, L_00000187d2e2c670, C4<0>, C4<0>;
L_00000187d2eac700 .functor AND 1, L_00000187d2e2a190, L_00000187d2eac930, C4<1>, C4<1>;
L_00000187d2ead650 .functor OR 1, L_00000187d2ead570, L_00000187d2eac700, C4<0>, C4<0>;
v00000187d2db0740_0 .net *"_ivl_0", 0 0, L_00000187d2eacd20;  1 drivers
v00000187d2db1140_0 .net *"_ivl_4", 0 0, L_00000187d2ead570;  1 drivers
v00000187d2db2900_0 .net *"_ivl_6", 0 0, L_00000187d2eac930;  1 drivers
v00000187d2db1000_0 .net *"_ivl_8", 0 0, L_00000187d2eac700;  1 drivers
v00000187d2db2d60_0 .net "a", 0 0, L_00000187d2e2c7b0;  1 drivers
v00000187d2db2b80_0 .net "b", 0 0, L_00000187d2e2c670;  1 drivers
v00000187d2db1780_0 .net "cin", 0 0, L_00000187d2e2a190;  1 drivers
v00000187d2db2c20_0 .net "cout", 0 0, L_00000187d2ead650;  1 drivers
v00000187d2db1f00_0 .net "sum", 0 0, L_00000187d2eadf10;  1 drivers
S_00000187d2db98b0 .scope generate, "fa_gen[7]" "fa_gen[7]" 9 17, 9 17 0, S_00000187d2db7260;
 .timescale 0 0;
P_00000187d2d10e60 .param/l "i" 0 9 17, +C4<0111>;
S_00000187d2db85f0 .scope module, "fa" "full_adder" 9 18, 9 33 0, S_00000187d2db98b0;
 .timescale 0 0;
    .port_info 0 /INPUT 1 "a";
    .port_info 1 /INPUT 1 "b";
    .port_info 2 /INPUT 1 "cin";
    .port_info 3 /OUTPUT 1 "sum";
    .port_info 4 /OUTPUT 1 "cout";
L_00000187d2ead3b0 .functor XOR 1, L_00000187d2e2a230, L_00000187d2e2a2d0, C4<0>, C4<0>;
L_00000187d2eac8c0 .functor XOR 1, L_00000187d2ead3b0, L_00000187d2e2a410, C4<0>, C4<0>;
L_00000187d2eac540 .functor AND 1, L_00000187d2e2a230, L_00000187d2e2a2d0, C4<1>, C4<1>;
L_00000187d2eacd90 .functor XOR 1, L_00000187d2e2a230, L_00000187d2e2a2d0, C4<0>, C4<0>;
L_00000187d2ead0a0 .functor AND 1, L_00000187d2e2a410, L_00000187d2eacd90, C4<1>, C4<1>;
L_00000187d2eac9a0 .functor OR 1, L_00000187d2eac540, L_00000187d2ead0a0, C4<0>, C4<0>;
v00000187d2db0c40_0 .net *"_ivl_0", 0 0, L_00000187d2ead3b0;  1 drivers
v00000187d2db1fa0_0 .net *"_ivl_4", 0 0, L_00000187d2eac540;  1 drivers
v00000187d2db0b00_0 .net *"_ivl_6", 0 0, L_00000187d2eacd90;  1 drivers
v00000187d2db11e0_0 .net *"_ivl_8", 0 0, L_00000187d2ead0a0;  1 drivers
v00000187d2db1280_0 .net "a", 0 0, L_00000187d2e2a230;  1 drivers
v00000187d2db22c0_0 .net "b", 0 0, L_00000187d2e2a2d0;  1 drivers
v00000187d2db2400_0 .net "cin", 0 0, L_00000187d2e2a410;  1 drivers
v00000187d2db18c0_0 .net "cout", 0 0, L_00000187d2eac9a0;  1 drivers
v00000187d2db1320_0 .net "sum", 0 0, L_00000187d2eac8c0;  1 drivers
S_00000187d2db8780 .scope generate, "fa_gen[8]" "fa_gen[8]" 9 17, 9 17 0, S_00000187d2db7260;
 .timescale 0 0;
P_00000187d2d107e0 .param/l "i" 0 9 17, +C4<01000>;
S_00000187d2db9720 .scope module, "fa" "full_adder" 9 18, 9 33 0, S_00000187d2db8780;
 .timescale 0 0;
    .port_info 0 /INPUT 1 "a";
    .port_info 1 /INPUT 1 "b";
    .port_info 2 /INPUT 1 "cin";
    .port_info 3 /OUTPUT 1 "sum";
    .port_info 4 /OUTPUT 1 "cout";
L_00000187d2eaca10 .functor XOR 1, L_00000187d2e2a690, L_00000187d2e2d750, C4<0>, C4<0>;
L_00000187d2eac4d0 .functor XOR 1, L_00000187d2eaca10, L_00000187d2e2d390, C4<0>, C4<0>;
L_00000187d2ead880 .functor AND 1, L_00000187d2e2a690, L_00000187d2e2d750, C4<1>, C4<1>;
L_00000187d2ead500 .functor XOR 1, L_00000187d2e2a690, L_00000187d2e2d750, C4<0>, C4<0>;
L_00000187d2eaca80 .functor AND 1, L_00000187d2e2d390, L_00000187d2ead500, C4<1>, C4<1>;
L_00000187d2eadc70 .functor OR 1, L_00000187d2ead880, L_00000187d2eaca80, C4<0>, C4<0>;
v00000187d2db1a00_0 .net *"_ivl_0", 0 0, L_00000187d2eaca10;  1 drivers
v00000187d2db2a40_0 .net *"_ivl_4", 0 0, L_00000187d2ead880;  1 drivers
v00000187d2db2360_0 .net *"_ivl_6", 0 0, L_00000187d2ead500;  1 drivers
v00000187d2db1460_0 .net *"_ivl_8", 0 0, L_00000187d2eaca80;  1 drivers
v00000187d2db0d80_0 .net "a", 0 0, L_00000187d2e2a690;  1 drivers
v00000187d2db13c0_0 .net "b", 0 0, L_00000187d2e2d750;  1 drivers
v00000187d2db15a0_0 .net "cin", 0 0, L_00000187d2e2d390;  1 drivers
v00000187d2db1500_0 .net "cout", 0 0, L_00000187d2eadc70;  1 drivers
v00000187d2db0880_0 .net "sum", 0 0, L_00000187d2eac4d0;  1 drivers
S_00000187d2dba3a0 .scope generate, "fa_gen[9]" "fa_gen[9]" 9 17, 9 17 0, S_00000187d2db7260;
 .timescale 0 0;
P_00000187d2d10ba0 .param/l "i" 0 9 17, +C4<01001>;
S_00000187d2db8aa0 .scope module, "fa" "full_adder" 9 18, 9 33 0, S_00000187d2dba3a0;
 .timescale 0 0;
    .port_info 0 /INPUT 1 "a";
    .port_info 1 /INPUT 1 "b";
    .port_info 2 /INPUT 1 "cin";
    .port_info 3 /OUTPUT 1 "sum";
    .port_info 4 /OUTPUT 1 "cout";
L_00000187d2eac620 .functor XOR 1, L_00000187d2e2de30, L_00000187d2e2e3d0, C4<0>, C4<0>;
L_00000187d2eadd50 .functor XOR 1, L_00000187d2eac620, L_00000187d2e2db10, C4<0>, C4<0>;
L_00000187d2ead420 .functor AND 1, L_00000187d2e2de30, L_00000187d2e2e3d0, C4<1>, C4<1>;
L_00000187d2eacf50 .functor XOR 1, L_00000187d2e2de30, L_00000187d2e2e3d0, C4<0>, C4<0>;
L_00000187d2ead180 .functor AND 1, L_00000187d2e2db10, L_00000187d2eacf50, C4<1>, C4<1>;
L_00000187d2eacaf0 .functor OR 1, L_00000187d2ead420, L_00000187d2ead180, C4<0>, C4<0>;
v00000187d2db1be0_0 .net *"_ivl_0", 0 0, L_00000187d2eac620;  1 drivers
v00000187d2db09c0_0 .net *"_ivl_4", 0 0, L_00000187d2ead420;  1 drivers
v00000187d2db24a0_0 .net *"_ivl_6", 0 0, L_00000187d2eacf50;  1 drivers
v00000187d2db20e0_0 .net *"_ivl_8", 0 0, L_00000187d2ead180;  1 drivers
v00000187d2db2ae0_0 .net "a", 0 0, L_00000187d2e2de30;  1 drivers
v00000187d2db10a0_0 .net "b", 0 0, L_00000187d2e2e3d0;  1 drivers
v00000187d2db2540_0 .net "cin", 0 0, L_00000187d2e2db10;  1 drivers
v00000187d2db0a60_0 .net "cout", 0 0, L_00000187d2eacaf0;  1 drivers
v00000187d2db0e20_0 .net "sum", 0 0, L_00000187d2eadd50;  1 drivers
S_00000187d2db8c30 .scope generate, "fa_gen[10]" "fa_gen[10]" 9 17, 9 17 0, S_00000187d2db7260;
 .timescale 0 0;
P_00000187d2d10be0 .param/l "i" 0 9 17, +C4<01010>;
S_00000187d2db9400 .scope module, "fa" "full_adder" 9 18, 9 33 0, S_00000187d2db8c30;
 .timescale 0 0;
    .port_info 0 /INPUT 1 "a";
    .port_info 1 /INPUT 1 "b";
    .port_info 2 /INPUT 1 "cin";
    .port_info 3 /OUTPUT 1 "sum";
    .port_info 4 /OUTPUT 1 "cout";
L_00000187d2eacb60 .functor XOR 1, L_00000187d2e2e970, L_00000187d2e2dd90, C4<0>, C4<0>;
L_00000187d2ead030 .functor XOR 1, L_00000187d2eacb60, L_00000187d2e2dbb0, C4<0>, C4<0>;
L_00000187d2eada40 .functor AND 1, L_00000187d2e2e970, L_00000187d2e2dd90, C4<1>, C4<1>;
L_00000187d2ead6c0 .functor XOR 1, L_00000187d2e2e970, L_00000187d2e2dd90, C4<0>, C4<0>;
L_00000187d2eac690 .functor AND 1, L_00000187d2e2dbb0, L_00000187d2ead6c0, C4<1>, C4<1>;
L_00000187d2ead1f0 .functor OR 1, L_00000187d2eada40, L_00000187d2eac690, C4<0>, C4<0>;
v00000187d2db2680_0 .net *"_ivl_0", 0 0, L_00000187d2eacb60;  1 drivers
v00000187d2db0600_0 .net *"_ivl_4", 0 0, L_00000187d2eada40;  1 drivers
v00000187d2db16e0_0 .net *"_ivl_6", 0 0, L_00000187d2ead6c0;  1 drivers
v00000187d2db2180_0 .net *"_ivl_8", 0 0, L_00000187d2eac690;  1 drivers
v00000187d2db07e0_0 .net "a", 0 0, L_00000187d2e2e970;  1 drivers
v00000187d2db1d20_0 .net "b", 0 0, L_00000187d2e2dd90;  1 drivers
v00000187d2db1aa0_0 .net "cin", 0 0, L_00000187d2e2dbb0;  1 drivers
v00000187d2db1b40_0 .net "cout", 0 0, L_00000187d2ead1f0;  1 drivers
v00000187d2db0920_0 .net "sum", 0 0, L_00000187d2ead030;  1 drivers
S_00000187d2db9bd0 .scope generate, "fa_gen[11]" "fa_gen[11]" 9 17, 9 17 0, S_00000187d2db7260;
 .timescale 0 0;
P_00000187d2d10ee0 .param/l "i" 0 9 17, +C4<01011>;
S_00000187d2db9590 .scope module, "fa" "full_adder" 9 18, 9 33 0, S_00000187d2db9bd0;
 .timescale 0 0;
    .port_info 0 /INPUT 1 "a";
    .port_info 1 /INPUT 1 "b";
    .port_info 2 /INPUT 1 "cin";
    .port_info 3 /OUTPUT 1 "sum";
    .port_info 4 /OUTPUT 1 "cout";
L_00000187d2eacbd0 .functor XOR 1, L_00000187d2e2eb50, L_00000187d2e2d430, C4<0>, C4<0>;
L_00000187d2eacc40 .functor XOR 1, L_00000187d2eacbd0, L_00000187d2e2dc50, C4<0>, C4<0>;
L_00000187d2ead2d0 .functor AND 1, L_00000187d2e2eb50, L_00000187d2e2d430, C4<1>, C4<1>;
L_00000187d2eac5b0 .functor XOR 1, L_00000187d2e2eb50, L_00000187d2e2d430, C4<0>, C4<0>;
L_00000187d2ead260 .functor AND 1, L_00000187d2e2dc50, L_00000187d2eac5b0, C4<1>, C4<1>;
L_00000187d2ead340 .functor OR 1, L_00000187d2ead2d0, L_00000187d2ead260, C4<0>, C4<0>;
v00000187d2db2720_0 .net *"_ivl_0", 0 0, L_00000187d2eacbd0;  1 drivers
v00000187d2db1c80_0 .net *"_ivl_4", 0 0, L_00000187d2ead2d0;  1 drivers
v00000187d2db2cc0_0 .net *"_ivl_6", 0 0, L_00000187d2eac5b0;  1 drivers
v00000187d2db2220_0 .net *"_ivl_8", 0 0, L_00000187d2ead260;  1 drivers
v00000187d2db27c0_0 .net "a", 0 0, L_00000187d2e2eb50;  1 drivers
v00000187d2db2860_0 .net "b", 0 0, L_00000187d2e2d430;  1 drivers
v00000187d2db0ba0_0 .net "cin", 0 0, L_00000187d2e2dc50;  1 drivers
v00000187d2db3440_0 .net "cout", 0 0, L_00000187d2ead340;  1 drivers
v00000187d2db34e0_0 .net "sum", 0 0, L_00000187d2eacc40;  1 drivers
S_00000187d2db9a40 .scope generate, "fa_gen[12]" "fa_gen[12]" 9 17, 9 17 0, S_00000187d2db7260;
 .timescale 0 0;
P_00000187d2d10ea0 .param/l "i" 0 9 17, +C4<01100>;
S_00000187d2dbba50 .scope module, "fa" "full_adder" 9 18, 9 33 0, S_00000187d2db9a40;
 .timescale 0 0;
    .port_info 0 /INPUT 1 "a";
    .port_info 1 /INPUT 1 "b";
    .port_info 2 /INPUT 1 "cin";
    .port_info 3 /OUTPUT 1 "sum";
    .port_info 4 /OUTPUT 1 "cout";
L_00000187d2ead490 .functor XOR 1, L_00000187d2e2d7f0, L_00000187d2e2dcf0, C4<0>, C4<0>;
L_00000187d2eac460 .functor XOR 1, L_00000187d2ead490, L_00000187d2e2d9d0, C4<0>, C4<0>;
L_00000187d2eaddc0 .functor AND 1, L_00000187d2e2d7f0, L_00000187d2e2dcf0, C4<1>, C4<1>;
L_00000187d2eadf80 .functor XOR 1, L_00000187d2e2d7f0, L_00000187d2e2dcf0, C4<0>, C4<0>;
L_00000187d2ead730 .functor AND 1, L_00000187d2e2d9d0, L_00000187d2eadf80, C4<1>, C4<1>;
L_00000187d2ead7a0 .functor OR 1, L_00000187d2eaddc0, L_00000187d2ead730, C4<0>, C4<0>;
v00000187d2db40c0_0 .net *"_ivl_0", 0 0, L_00000187d2ead490;  1 drivers
v00000187d2db4b60_0 .net *"_ivl_4", 0 0, L_00000187d2eaddc0;  1 drivers
v00000187d2db3a80_0 .net *"_ivl_6", 0 0, L_00000187d2eadf80;  1 drivers
v00000187d2db4160_0 .net *"_ivl_8", 0 0, L_00000187d2ead730;  1 drivers
v00000187d2db4200_0 .net "a", 0 0, L_00000187d2e2d7f0;  1 drivers
v00000187d2db4c00_0 .net "b", 0 0, L_00000187d2e2dcf0;  1 drivers
v00000187d2db4660_0 .net "cin", 0 0, L_00000187d2e2d9d0;  1 drivers
v00000187d2db42a0_0 .net "cout", 0 0, L_00000187d2ead7a0;  1 drivers
v00000187d2db3b20_0 .net "sum", 0 0, L_00000187d2eac460;  1 drivers
S_00000187d2dbc090 .scope generate, "fa_gen[13]" "fa_gen[13]" 9 17, 9 17 0, S_00000187d2db7260;
 .timescale 0 0;
P_00000187d2d10c60 .param/l "i" 0 9 17, +C4<01101>;
S_00000187d2dba920 .scope module, "fa" "full_adder" 9 18, 9 33 0, S_00000187d2dbc090;
 .timescale 0 0;
    .port_info 0 /INPUT 1 "a";
    .port_info 1 /INPUT 1 "b";
    .port_info 2 /INPUT 1 "cin";
    .port_info 3 /OUTPUT 1 "sum";
    .port_info 4 /OUTPUT 1 "cout";
L_00000187d2eaccb0 .functor XOR 1, L_00000187d2e2cc10, L_00000187d2e2e1f0, C4<0>, C4<0>;
L_00000187d2ead810 .functor XOR 1, L_00000187d2eaccb0, L_00000187d2e2d2f0, C4<0>, C4<0>;
L_00000187d2ead8f0 .functor AND 1, L_00000187d2e2cc10, L_00000187d2e2e1f0, C4<1>, C4<1>;
L_00000187d2ead960 .functor XOR 1, L_00000187d2e2cc10, L_00000187d2e2e1f0, C4<0>, C4<0>;
L_00000187d2ead9d0 .functor AND 1, L_00000187d2e2d2f0, L_00000187d2ead960, C4<1>, C4<1>;
L_00000187d2eadce0 .functor OR 1, L_00000187d2ead8f0, L_00000187d2ead9d0, C4<0>, C4<0>;
v00000187d2db3800_0 .net *"_ivl_0", 0 0, L_00000187d2eaccb0;  1 drivers
v00000187d2db4340_0 .net *"_ivl_4", 0 0, L_00000187d2ead8f0;  1 drivers
v00000187d2db48e0_0 .net *"_ivl_6", 0 0, L_00000187d2ead960;  1 drivers
v00000187d2db2ea0_0 .net *"_ivl_8", 0 0, L_00000187d2ead9d0;  1 drivers
v00000187d2db3f80_0 .net "a", 0 0, L_00000187d2e2cc10;  1 drivers
v00000187d2db3e40_0 .net "b", 0 0, L_00000187d2e2e1f0;  1 drivers
v00000187d2db45c0_0 .net "cin", 0 0, L_00000187d2e2d2f0;  1 drivers
v00000187d2db51a0_0 .net "cout", 0 0, L_00000187d2eadce0;  1 drivers
v00000187d2db43e0_0 .net "sum", 0 0, L_00000187d2ead810;  1 drivers
S_00000187d2dbbf00 .scope generate, "fa_gen[14]" "fa_gen[14]" 9 17, 9 17 0, S_00000187d2db7260;
 .timescale 0 0;
P_00000187d2d10fa0 .param/l "i" 0 9 17, +C4<01110>;
S_00000187d2dbbbe0 .scope module, "fa" "full_adder" 9 18, 9 33 0, S_00000187d2dbbf00;
 .timescale 0 0;
    .port_info 0 /INPUT 1 "a";
    .port_info 1 /INPUT 1 "b";
    .port_info 2 /INPUT 1 "cin";
    .port_info 3 /OUTPUT 1 "sum";
    .port_info 4 /OUTPUT 1 "cout";
L_00000187d2eadab0 .functor XOR 1, L_00000187d2e2cad0, L_00000187d2e2da70, C4<0>, C4<0>;
L_00000187d2eadb20 .functor XOR 1, L_00000187d2eadab0, L_00000187d2e2d890, C4<0>, C4<0>;
L_00000187d2eac7e0 .functor AND 1, L_00000187d2e2cad0, L_00000187d2e2da70, C4<1>, C4<1>;
L_00000187d2eac850 .functor XOR 1, L_00000187d2e2cad0, L_00000187d2e2da70, C4<0>, C4<0>;
L_00000187d2eadb90 .functor AND 1, L_00000187d2e2d890, L_00000187d2eac850, C4<1>, C4<1>;
L_00000187d2eade30 .functor OR 1, L_00000187d2eac7e0, L_00000187d2eadb90, C4<0>, C4<0>;
v00000187d2db3ee0_0 .net *"_ivl_0", 0 0, L_00000187d2eadab0;  1 drivers
v00000187d2db3bc0_0 .net *"_ivl_4", 0 0, L_00000187d2eac7e0;  1 drivers
v00000187d2db4480_0 .net *"_ivl_6", 0 0, L_00000187d2eac850;  1 drivers
v00000187d2db33a0_0 .net *"_ivl_8", 0 0, L_00000187d2eadb90;  1 drivers
v00000187d2db4520_0 .net "a", 0 0, L_00000187d2e2cad0;  1 drivers
v00000187d2db4020_0 .net "b", 0 0, L_00000187d2e2da70;  1 drivers
v00000187d2db5380_0 .net "cin", 0 0, L_00000187d2e2d890;  1 drivers
v00000187d2db4700_0 .net "cout", 0 0, L_00000187d2eade30;  1 drivers
v00000187d2db5420_0 .net "sum", 0 0, L_00000187d2eadb20;  1 drivers
S_00000187d2dbbd70 .scope generate, "fa_gen[15]" "fa_gen[15]" 9 17, 9 17 0, S_00000187d2db7260;
 .timescale 0 0;
P_00000187d2d10fe0 .param/l "i" 0 9 17, +C4<01111>;
S_00000187d2dbc220 .scope module, "fa" "full_adder" 9 18, 9 33 0, S_00000187d2dbbd70;
 .timescale 0 0;
    .port_info 0 /INPUT 1 "a";
    .port_info 1 /INPUT 1 "b";
    .port_info 2 /INPUT 1 "cin";
    .port_info 3 /OUTPUT 1 "sum";
    .port_info 4 /OUTPUT 1 "cout";
L_00000187d2eadea0 .functor XOR 1, L_00000187d2e2e150, L_00000187d2e2ded0, C4<0>, C4<0>;
L_00000187d2eadff0 .functor XOR 1, L_00000187d2eadea0, L_00000187d2e2cb70, C4<0>, C4<0>;
L_00000187d2eac770 .functor AND 1, L_00000187d2e2e150, L_00000187d2e2ded0, C4<1>, C4<1>;
L_00000187d2eae450 .functor XOR 1, L_00000187d2e2e150, L_00000187d2e2ded0, C4<0>, C4<0>;
L_00000187d2eaf090 .functor AND 1, L_00000187d2e2cb70, L_00000187d2eae450, C4<1>, C4<1>;
L_00000187d2eae1b0 .functor OR 1, L_00000187d2eac770, L_00000187d2eaf090, C4<0>, C4<0>;
v00000187d2db4ac0_0 .net *"_ivl_0", 0 0, L_00000187d2eadea0;  1 drivers
v00000187d2db38a0_0 .net *"_ivl_4", 0 0, L_00000187d2eac770;  1 drivers
v00000187d2db3580_0 .net *"_ivl_6", 0 0, L_00000187d2eae450;  1 drivers
v00000187d2db4a20_0 .net *"_ivl_8", 0 0, L_00000187d2eaf090;  1 drivers
v00000187d2db4fc0_0 .net "a", 0 0, L_00000187d2e2e150;  1 drivers
v00000187d2db3940_0 .net "b", 0 0, L_00000187d2e2ded0;  1 drivers
v00000187d2db54c0_0 .net "cin", 0 0, L_00000187d2e2cb70;  1 drivers
v00000187d2db3c60_0 .net "cout", 0 0, L_00000187d2eae1b0;  1 drivers
v00000187d2db5560_0 .net "sum", 0 0, L_00000187d2eadff0;  1 drivers
S_00000187d2dbb410 .scope generate, "fa_gen[16]" "fa_gen[16]" 9 17, 9 17 0, S_00000187d2db7260;
 .timescale 0 0;
P_00000187d2d11020 .param/l "i" 0 9 17, +C4<010000>;
S_00000187d2dba790 .scope module, "fa" "full_adder" 9 18, 9 33 0, S_00000187d2dbb410;
 .timescale 0 0;
    .port_info 0 /INPUT 1 "a";
    .port_info 1 /INPUT 1 "b";
    .port_info 2 /INPUT 1 "cin";
    .port_info 3 /OUTPUT 1 "sum";
    .port_info 4 /OUTPUT 1 "cout";
L_00000187d2eaf480 .functor XOR 1, L_00000187d2e2ccb0, L_00000187d2e2df70, C4<0>, C4<0>;
L_00000187d2eae680 .functor XOR 1, L_00000187d2eaf480, L_00000187d2e2cf30, C4<0>, C4<0>;
L_00000187d2eaf870 .functor AND 1, L_00000187d2e2ccb0, L_00000187d2e2df70, C4<1>, C4<1>;
L_00000187d2eaed80 .functor XOR 1, L_00000187d2e2ccb0, L_00000187d2e2df70, C4<0>, C4<0>;
L_00000187d2eaeed0 .functor AND 1, L_00000187d2e2cf30, L_00000187d2eaed80, C4<1>, C4<1>;
L_00000187d2eaec30 .functor OR 1, L_00000187d2eaf870, L_00000187d2eaeed0, C4<0>, C4<0>;
v00000187d2db39e0_0 .net *"_ivl_0", 0 0, L_00000187d2eaf480;  1 drivers
v00000187d2db5060_0 .net *"_ivl_4", 0 0, L_00000187d2eaf870;  1 drivers
v00000187d2db47a0_0 .net *"_ivl_6", 0 0, L_00000187d2eaed80;  1 drivers
v00000187d2db4840_0 .net *"_ivl_8", 0 0, L_00000187d2eaeed0;  1 drivers
v00000187d2db4980_0 .net "a", 0 0, L_00000187d2e2ccb0;  1 drivers
v00000187d2db3d00_0 .net "b", 0 0, L_00000187d2e2df70;  1 drivers
v00000187d2db3da0_0 .net "cin", 0 0, L_00000187d2e2cf30;  1 drivers
v00000187d2db4ca0_0 .net "cout", 0 0, L_00000187d2eaec30;  1 drivers
v00000187d2db4d40_0 .net "sum", 0 0, L_00000187d2eae680;  1 drivers
S_00000187d2dbc3b0 .scope generate, "fa_gen[17]" "fa_gen[17]" 9 17, 9 17 0, S_00000187d2db7260;
 .timescale 0 0;
P_00000187d2d11060 .param/l "i" 0 9 17, +C4<010001>;
S_00000187d2dba600 .scope module, "fa" "full_adder" 9 18, 9 33 0, S_00000187d2dbc3b0;
 .timescale 0 0;
    .port_info 0 /INPUT 1 "a";
    .port_info 1 /INPUT 1 "b";
    .port_info 2 /INPUT 1 "cin";
    .port_info 3 /OUTPUT 1 "sum";
    .port_info 4 /OUTPUT 1 "cout";
L_00000187d2eaf1e0 .functor XOR 1, L_00000187d2e2e830, L_00000187d2e2e290, C4<0>, C4<0>;
L_00000187d2eaf3a0 .functor XOR 1, L_00000187d2eaf1e0, L_00000187d2e2cd50, C4<0>, C4<0>;
L_00000187d2eaf330 .functor AND 1, L_00000187d2e2e830, L_00000187d2e2e290, C4<1>, C4<1>;
L_00000187d2eaf560 .functor XOR 1, L_00000187d2e2e830, L_00000187d2e2e290, C4<0>, C4<0>;
L_00000187d2eae5a0 .functor AND 1, L_00000187d2e2cd50, L_00000187d2eaf560, C4<1>, C4<1>;
L_00000187d2eaedf0 .functor OR 1, L_00000187d2eaf330, L_00000187d2eae5a0, C4<0>, C4<0>;
v00000187d2db4de0_0 .net *"_ivl_0", 0 0, L_00000187d2eaf1e0;  1 drivers
v00000187d2db4e80_0 .net *"_ivl_4", 0 0, L_00000187d2eaf330;  1 drivers
v00000187d2db3620_0 .net *"_ivl_6", 0 0, L_00000187d2eaf560;  1 drivers
v00000187d2db4f20_0 .net *"_ivl_8", 0 0, L_00000187d2eae5a0;  1 drivers
v00000187d2db5100_0 .net "a", 0 0, L_00000187d2e2e830;  1 drivers
v00000187d2db5240_0 .net "b", 0 0, L_00000187d2e2e290;  1 drivers
v00000187d2db52e0_0 .net "cin", 0 0, L_00000187d2e2cd50;  1 drivers
v00000187d2db2e00_0 .net "cout", 0 0, L_00000187d2eaedf0;  1 drivers
v00000187d2db2f40_0 .net "sum", 0 0, L_00000187d2eaf3a0;  1 drivers
S_00000187d2dbadd0 .scope generate, "fa_gen[18]" "fa_gen[18]" 9 17, 9 17 0, S_00000187d2db7260;
 .timescale 0 0;
P_00000187d2d10260 .param/l "i" 0 9 17, +C4<010010>;
S_00000187d2dbaab0 .scope module, "fa" "full_adder" 9 18, 9 33 0, S_00000187d2dbadd0;
 .timescale 0 0;
    .port_info 0 /INPUT 1 "a";
    .port_info 1 /INPUT 1 "b";
    .port_info 2 /INPUT 1 "cin";
    .port_info 3 /OUTPUT 1 "sum";
    .port_info 4 /OUTPUT 1 "cout";
L_00000187d2eaeae0 .functor XOR 1, L_00000187d2e2efb0, L_00000187d2e2e330, C4<0>, C4<0>;
L_00000187d2eae610 .functor XOR 1, L_00000187d2eaeae0, L_00000187d2e2e470, C4<0>, C4<0>;
L_00000187d2eaef40 .functor AND 1, L_00000187d2e2efb0, L_00000187d2e2e330, C4<1>, C4<1>;
L_00000187d2eaefb0 .functor XOR 1, L_00000187d2e2efb0, L_00000187d2e2e330, C4<0>, C4<0>;
L_00000187d2eae4c0 .functor AND 1, L_00000187d2e2e470, L_00000187d2eaefb0, C4<1>, C4<1>;
L_00000187d2eaeca0 .functor OR 1, L_00000187d2eaef40, L_00000187d2eae4c0, C4<0>, C4<0>;
v00000187d2db2fe0_0 .net *"_ivl_0", 0 0, L_00000187d2eaeae0;  1 drivers
v00000187d2db3760_0 .net *"_ivl_4", 0 0, L_00000187d2eaef40;  1 drivers
v00000187d2db3080_0 .net *"_ivl_6", 0 0, L_00000187d2eaefb0;  1 drivers
v00000187d2db36c0_0 .net *"_ivl_8", 0 0, L_00000187d2eae4c0;  1 drivers
v00000187d2db3120_0 .net "a", 0 0, L_00000187d2e2efb0;  1 drivers
v00000187d2db31c0_0 .net "b", 0 0, L_00000187d2e2e330;  1 drivers
v00000187d2db3260_0 .net "cin", 0 0, L_00000187d2e2e470;  1 drivers
v00000187d2db3300_0 .net "cout", 0 0, L_00000187d2eaeca0;  1 drivers
v00000187d2db60a0_0 .net "sum", 0 0, L_00000187d2eae610;  1 drivers
S_00000187d2dbb5a0 .scope generate, "fa_gen[19]" "fa_gen[19]" 9 17, 9 17 0, S_00000187d2db7260;
 .timescale 0 0;
P_00000187d2d10320 .param/l "i" 0 9 17, +C4<010011>;
S_00000187d2dbb8c0 .scope module, "fa" "full_adder" 9 18, 9 33 0, S_00000187d2dbb5a0;
 .timescale 0 0;
    .port_info 0 /INPUT 1 "a";
    .port_info 1 /INPUT 1 "b";
    .port_info 2 /INPUT 1 "cin";
    .port_info 3 /OUTPUT 1 "sum";
    .port_info 4 /OUTPUT 1 "cout";
L_00000187d2eafb10 .functor XOR 1, L_00000187d2e2e8d0, L_00000187d2e2e010, C4<0>, C4<0>;
L_00000187d2eaf170 .functor XOR 1, L_00000187d2eafb10, L_00000187d2e2c990, C4<0>, C4<0>;
L_00000187d2eae530 .functor AND 1, L_00000187d2e2e8d0, L_00000187d2e2e010, C4<1>, C4<1>;
L_00000187d2eae6f0 .functor XOR 1, L_00000187d2e2e8d0, L_00000187d2e2e010, C4<0>, C4<0>;
L_00000187d2eaf250 .functor AND 1, L_00000187d2e2c990, L_00000187d2eae6f0, C4<1>, C4<1>;
L_00000187d2eaf410 .functor OR 1, L_00000187d2eae530, L_00000187d2eaf250, C4<0>, C4<0>;
v00000187d2db56a0_0 .net *"_ivl_0", 0 0, L_00000187d2eafb10;  1 drivers
v00000187d2db57e0_0 .net *"_ivl_4", 0 0, L_00000187d2eae530;  1 drivers
v00000187d2db5740_0 .net *"_ivl_6", 0 0, L_00000187d2eae6f0;  1 drivers
v00000187d2db61e0_0 .net *"_ivl_8", 0 0, L_00000187d2eaf250;  1 drivers
v00000187d2db5880_0 .net "a", 0 0, L_00000187d2e2e8d0;  1 drivers
v00000187d2db5c40_0 .net "b", 0 0, L_00000187d2e2e010;  1 drivers
v00000187d2db6460_0 .net "cin", 0 0, L_00000187d2e2c990;  1 drivers
v00000187d2db5ba0_0 .net "cout", 0 0, L_00000187d2eaf410;  1 drivers
v00000187d2db5600_0 .net "sum", 0 0, L_00000187d2eaf170;  1 drivers
S_00000187d2dbac40 .scope generate, "fa_gen[20]" "fa_gen[20]" 9 17, 9 17 0, S_00000187d2db7260;
 .timescale 0 0;
P_00000187d2d103a0 .param/l "i" 0 9 17, +C4<010100>;
S_00000187d2dbaf60 .scope module, "fa" "full_adder" 9 18, 9 33 0, S_00000187d2dbac40;
 .timescale 0 0;
    .port_info 0 /INPUT 1 "a";
    .port_info 1 /INPUT 1 "b";
    .port_info 2 /INPUT 1 "cin";
    .port_info 3 /OUTPUT 1 "sum";
    .port_info 4 /OUTPUT 1 "cout";
L_00000187d2eaf4f0 .functor XOR 1, L_00000187d2e2d930, L_00000187d2e2e0b0, C4<0>, C4<0>;
L_00000187d2eae840 .functor XOR 1, L_00000187d2eaf4f0, L_00000187d2e2e510, C4<0>, C4<0>;
L_00000187d2eae760 .functor AND 1, L_00000187d2e2d930, L_00000187d2e2e0b0, C4<1>, C4<1>;
L_00000187d2eae220 .functor XOR 1, L_00000187d2e2d930, L_00000187d2e2e0b0, C4<0>, C4<0>;
L_00000187d2eaee60 .functor AND 1, L_00000187d2e2e510, L_00000187d2eae220, C4<1>, C4<1>;
L_00000187d2eae3e0 .functor OR 1, L_00000187d2eae760, L_00000187d2eaee60, C4<0>, C4<0>;
v00000187d2db5d80_0 .net *"_ivl_0", 0 0, L_00000187d2eaf4f0;  1 drivers
v00000187d2db6000_0 .net *"_ivl_4", 0 0, L_00000187d2eae760;  1 drivers
v00000187d2db5f60_0 .net *"_ivl_6", 0 0, L_00000187d2eae220;  1 drivers
v00000187d2db6280_0 .net *"_ivl_8", 0 0, L_00000187d2eaee60;  1 drivers
v00000187d2db5920_0 .net "a", 0 0, L_00000187d2e2d930;  1 drivers
v00000187d2db6320_0 .net "b", 0 0, L_00000187d2e2e0b0;  1 drivers
v00000187d2db6140_0 .net "cin", 0 0, L_00000187d2e2e510;  1 drivers
v00000187d2db63c0_0 .net "cout", 0 0, L_00000187d2eae3e0;  1 drivers
v00000187d2db59c0_0 .net "sum", 0 0, L_00000187d2eae840;  1 drivers
S_00000187d2dbb0f0 .scope generate, "fa_gen[21]" "fa_gen[21]" 9 17, 9 17 0, S_00000187d2db7260;
 .timescale 0 0;
P_00000187d2d11ee0 .param/l "i" 0 9 17, +C4<010101>;
S_00000187d2dbb280 .scope module, "fa" "full_adder" 9 18, 9 33 0, S_00000187d2dbb0f0;
 .timescale 0 0;
    .port_info 0 /INPUT 1 "a";
    .port_info 1 /INPUT 1 "b";
    .port_info 2 /INPUT 1 "cin";
    .port_info 3 /OUTPUT 1 "sum";
    .port_info 4 /OUTPUT 1 "cout";
L_00000187d2eaf020 .functor XOR 1, L_00000187d2e2e5b0, L_00000187d2e2d4d0, C4<0>, C4<0>;
L_00000187d2eae300 .functor XOR 1, L_00000187d2eaf020, L_00000187d2e2ee70, C4<0>, C4<0>;
L_00000187d2eaf9c0 .functor AND 1, L_00000187d2e2e5b0, L_00000187d2e2d4d0, C4<1>, C4<1>;
L_00000187d2eaf5d0 .functor XOR 1, L_00000187d2e2e5b0, L_00000187d2e2d4d0, C4<0>, C4<0>;
L_00000187d2eaf640 .functor AND 1, L_00000187d2e2ee70, L_00000187d2eaf5d0, C4<1>, C4<1>;
L_00000187d2eaf100 .functor OR 1, L_00000187d2eaf9c0, L_00000187d2eaf640, C4<0>, C4<0>;
v00000187d2db5a60_0 .net *"_ivl_0", 0 0, L_00000187d2eaf020;  1 drivers
v00000187d2db5b00_0 .net *"_ivl_4", 0 0, L_00000187d2eaf9c0;  1 drivers
v00000187d2db5ce0_0 .net *"_ivl_6", 0 0, L_00000187d2eaf5d0;  1 drivers
v00000187d2db5e20_0 .net *"_ivl_8", 0 0, L_00000187d2eaf640;  1 drivers
v00000187d2db5ec0_0 .net "a", 0 0, L_00000187d2e2e5b0;  1 drivers
v00000187d2da7780_0 .net "b", 0 0, L_00000187d2e2d4d0;  1 drivers
v00000187d2da6880_0 .net "cin", 0 0, L_00000187d2e2ee70;  1 drivers
v00000187d2da7140_0 .net "cout", 0 0, L_00000187d2eaf100;  1 drivers
v00000187d2da6ce0_0 .net "sum", 0 0, L_00000187d2eae300;  1 drivers
S_00000187d2dbb730 .scope generate, "fa_gen[22]" "fa_gen[22]" 9 17, 9 17 0, S_00000187d2db7260;
 .timescale 0 0;
P_00000187d2d11420 .param/l "i" 0 9 17, +C4<010110>;
S_00000187d2dcfc80 .scope module, "fa" "full_adder" 9 18, 9 33 0, S_00000187d2dbb730;
 .timescale 0 0;
    .port_info 0 /INPUT 1 "a";
    .port_info 1 /INPUT 1 "b";
    .port_info 2 /INPUT 1 "cin";
    .port_info 3 /OUTPUT 1 "sum";
    .port_info 4 /OUTPUT 1 "cout";
L_00000187d2eaf2c0 .functor XOR 1, L_00000187d2e2ea10, L_00000187d2e2f050, C4<0>, C4<0>;
L_00000187d2eaf950 .functor XOR 1, L_00000187d2eaf2c0, L_00000187d2e2e650, C4<0>, C4<0>;
L_00000187d2eaf790 .functor AND 1, L_00000187d2e2ea10, L_00000187d2e2f050, C4<1>, C4<1>;
L_00000187d2eaf6b0 .functor XOR 1, L_00000187d2e2ea10, L_00000187d2e2f050, C4<0>, C4<0>;
L_00000187d2eaf720 .functor AND 1, L_00000187d2e2e650, L_00000187d2eaf6b0, C4<1>, C4<1>;
L_00000187d2eaf800 .functor OR 1, L_00000187d2eaf790, L_00000187d2eaf720, C4<0>, C4<0>;
v00000187d2da7000_0 .net *"_ivl_0", 0 0, L_00000187d2eaf2c0;  1 drivers
v00000187d2da8a40_0 .net *"_ivl_4", 0 0, L_00000187d2eaf790;  1 drivers
v00000187d2da7dc0_0 .net *"_ivl_6", 0 0, L_00000187d2eaf6b0;  1 drivers
v00000187d2da6ec0_0 .net *"_ivl_8", 0 0, L_00000187d2eaf720;  1 drivers
v00000187d2da87c0_0 .net "a", 0 0, L_00000187d2e2ea10;  1 drivers
v00000187d2da8860_0 .net "b", 0 0, L_00000187d2e2f050;  1 drivers
v00000187d2da7be0_0 .net "cin", 0 0, L_00000187d2e2e650;  1 drivers
v00000187d2da7500_0 .net "cout", 0 0, L_00000187d2eaf800;  1 drivers
v00000187d2da69c0_0 .net "sum", 0 0, L_00000187d2eaf950;  1 drivers
S_00000187d2dcf7d0 .scope generate, "fa_gen[23]" "fa_gen[23]" 9 17, 9 17 0, S_00000187d2db7260;
 .timescale 0 0;
P_00000187d2d11620 .param/l "i" 0 9 17, +C4<010111>;
S_00000187d2dcf960 .scope module, "fa" "full_adder" 9 18, 9 33 0, S_00000187d2dcf7d0;
 .timescale 0 0;
    .port_info 0 /INPUT 1 "a";
    .port_info 1 /INPUT 1 "b";
    .port_info 2 /INPUT 1 "cin";
    .port_info 3 /OUTPUT 1 "sum";
    .port_info 4 /OUTPUT 1 "cout";
L_00000187d2eaf8e0 .functor XOR 1, L_00000187d2e2ca30, L_00000187d2e2e6f0, C4<0>, C4<0>;
L_00000187d2eae290 .functor XOR 1, L_00000187d2eaf8e0, L_00000187d2e2d570, C4<0>, C4<0>;
L_00000187d2eafaa0 .functor AND 1, L_00000187d2e2ca30, L_00000187d2e2e6f0, C4<1>, C4<1>;
L_00000187d2eae7d0 .functor XOR 1, L_00000187d2e2ca30, L_00000187d2e2e6f0, C4<0>, C4<0>;
L_00000187d2eafa30 .functor AND 1, L_00000187d2e2d570, L_00000187d2eae7d0, C4<1>, C4<1>;
L_00000187d2eafb80 .functor OR 1, L_00000187d2eafaa0, L_00000187d2eafa30, C4<0>, C4<0>;
v00000187d2da8900_0 .net *"_ivl_0", 0 0, L_00000187d2eaf8e0;  1 drivers
v00000187d2da84a0_0 .net *"_ivl_4", 0 0, L_00000187d2eafaa0;  1 drivers
v00000187d2da7c80_0 .net *"_ivl_6", 0 0, L_00000187d2eae7d0;  1 drivers
v00000187d2da6c40_0 .net *"_ivl_8", 0 0, L_00000187d2eafa30;  1 drivers
v00000187d2da85e0_0 .net "a", 0 0, L_00000187d2e2ca30;  1 drivers
v00000187d2da7aa0_0 .net "b", 0 0, L_00000187d2e2e6f0;  1 drivers
v00000187d2da8680_0 .net "cin", 0 0, L_00000187d2e2d570;  1 drivers
v00000187d2da70a0_0 .net "cout", 0 0, L_00000187d2eafb80;  1 drivers
v00000187d2da8d60_0 .net "sum", 0 0, L_00000187d2eae290;  1 drivers
S_00000187d2dce6a0 .scope generate, "fa_gen[24]" "fa_gen[24]" 9 17, 9 17 0, S_00000187d2db7260;
 .timescale 0 0;
P_00000187d2d11b20 .param/l "i" 0 9 17, +C4<011000>;
S_00000187d2dce9c0 .scope module, "fa" "full_adder" 9 18, 9 33 0, S_00000187d2dce6a0;
 .timescale 0 0;
    .port_info 0 /INPUT 1 "a";
    .port_info 1 /INPUT 1 "b";
    .port_info 2 /INPUT 1 "cin";
    .port_info 3 /OUTPUT 1 "sum";
    .port_info 4 /OUTPUT 1 "cout";
L_00000187d2eae8b0 .functor XOR 1, L_00000187d2e2d070, L_00000187d2e2e790, C4<0>, C4<0>;
L_00000187d2eae140 .functor XOR 1, L_00000187d2eae8b0, L_00000187d2e2eab0, C4<0>, C4<0>;
L_00000187d2eae920 .functor AND 1, L_00000187d2e2d070, L_00000187d2e2e790, C4<1>, C4<1>;
L_00000187d2eae370 .functor XOR 1, L_00000187d2e2d070, L_00000187d2e2e790, C4<0>, C4<0>;
L_00000187d2eae990 .functor AND 1, L_00000187d2e2eab0, L_00000187d2eae370, C4<1>, C4<1>;
L_00000187d2eafbf0 .functor OR 1, L_00000187d2eae920, L_00000187d2eae990, C4<0>, C4<0>;
v00000187d2da8360_0 .net *"_ivl_0", 0 0, L_00000187d2eae8b0;  1 drivers
v00000187d2da71e0_0 .net *"_ivl_4", 0 0, L_00000187d2eae920;  1 drivers
v00000187d2da6f60_0 .net *"_ivl_6", 0 0, L_00000187d2eae370;  1 drivers
v00000187d2da6920_0 .net *"_ivl_8", 0 0, L_00000187d2eae990;  1 drivers
v00000187d2da8400_0 .net "a", 0 0, L_00000187d2e2d070;  1 drivers
v00000187d2da7820_0 .net "b", 0 0, L_00000187d2e2e790;  1 drivers
v00000187d2da8c20_0 .net "cin", 0 0, L_00000187d2e2eab0;  1 drivers
v00000187d2da7f00_0 .net "cout", 0 0, L_00000187d2eafbf0;  1 drivers
v00000187d2da7fa0_0 .net "sum", 0 0, L_00000187d2eae140;  1 drivers
S_00000187d2dcee70 .scope generate, "fa_gen[25]" "fa_gen[25]" 9 17, 9 17 0, S_00000187d2db7260;
 .timescale 0 0;
P_00000187d2d11b60 .param/l "i" 0 9 17, +C4<011001>;
S_00000187d2dcfe10 .scope module, "fa" "full_adder" 9 18, 9 33 0, S_00000187d2dcee70;
 .timescale 0 0;
    .port_info 0 /INPUT 1 "a";
    .port_info 1 /INPUT 1 "b";
    .port_info 2 /INPUT 1 "cin";
    .port_info 3 /OUTPUT 1 "sum";
    .port_info 4 /OUTPUT 1 "cout";
L_00000187d2eaea00 .functor XOR 1, L_00000187d2e2cdf0, L_00000187d2e2ebf0, C4<0>, C4<0>;
L_00000187d2eae060 .functor XOR 1, L_00000187d2eaea00, L_00000187d2e2ec90, C4<0>, C4<0>;
L_00000187d2eae0d0 .functor AND 1, L_00000187d2e2cdf0, L_00000187d2e2ebf0, C4<1>, C4<1>;
L_00000187d2eaed10 .functor XOR 1, L_00000187d2e2cdf0, L_00000187d2e2ebf0, C4<0>, C4<0>;
L_00000187d2eaea70 .functor AND 1, L_00000187d2e2ec90, L_00000187d2eaed10, C4<1>, C4<1>;
L_00000187d2eaeb50 .functor OR 1, L_00000187d2eae0d0, L_00000187d2eaea70, C4<0>, C4<0>;
v00000187d2da7280_0 .net *"_ivl_0", 0 0, L_00000187d2eaea00;  1 drivers
v00000187d2da6d80_0 .net *"_ivl_4", 0 0, L_00000187d2eae0d0;  1 drivers
v00000187d2da8220_0 .net *"_ivl_6", 0 0, L_00000187d2eaed10;  1 drivers
v00000187d2da6b00_0 .net *"_ivl_8", 0 0, L_00000187d2eaea70;  1 drivers
v00000187d2da8540_0 .net "a", 0 0, L_00000187d2e2cdf0;  1 drivers
v00000187d2da7460_0 .net "b", 0 0, L_00000187d2e2ebf0;  1 drivers
v00000187d2da8cc0_0 .net "cin", 0 0, L_00000187d2e2ec90;  1 drivers
v00000187d2da6e20_0 .net "cout", 0 0, L_00000187d2eaeb50;  1 drivers
v00000187d2da76e0_0 .net "sum", 0 0, L_00000187d2eae060;  1 drivers
S_00000187d2dcece0 .scope generate, "fa_gen[26]" "fa_gen[26]" 9 17, 9 17 0, S_00000187d2db7260;
 .timescale 0 0;
P_00000187d2d11860 .param/l "i" 0 9 17, +C4<011010>;
S_00000187d2dce1f0 .scope module, "fa" "full_adder" 9 18, 9 33 0, S_00000187d2dcece0;
 .timescale 0 0;
    .port_info 0 /INPUT 1 "a";
    .port_info 1 /INPUT 1 "b";
    .port_info 2 /INPUT 1 "cin";
    .port_info 3 /OUTPUT 1 "sum";
    .port_info 4 /OUTPUT 1 "cout";
L_00000187d2eaebc0 .functor XOR 1, L_00000187d2e2d610, L_00000187d2e2d6b0, C4<0>, C4<0>;
L_00000187d2eb1240 .functor XOR 1, L_00000187d2eaebc0, L_00000187d2e2ed30, C4<0>, C4<0>;
L_00000187d2eb0d00 .functor AND 1, L_00000187d2e2d610, L_00000187d2e2d6b0, C4<1>, C4<1>;
L_00000187d2eb0d70 .functor XOR 1, L_00000187d2e2d610, L_00000187d2e2d6b0, C4<0>, C4<0>;
L_00000187d2eb07c0 .functor AND 1, L_00000187d2e2ed30, L_00000187d2eb0d70, C4<1>, C4<1>;
L_00000187d2eb12b0 .functor OR 1, L_00000187d2eb0d00, L_00000187d2eb07c0, C4<0>, C4<0>;
v00000187d2da8ae0_0 .net *"_ivl_0", 0 0, L_00000187d2eaebc0;  1 drivers
v00000187d2da8720_0 .net *"_ivl_4", 0 0, L_00000187d2eb0d00;  1 drivers
v00000187d2da75a0_0 .net *"_ivl_6", 0 0, L_00000187d2eb0d70;  1 drivers
v00000187d2da7d20_0 .net *"_ivl_8", 0 0, L_00000187d2eb07c0;  1 drivers
v00000187d2da73c0_0 .net "a", 0 0, L_00000187d2e2d610;  1 drivers
v00000187d2da7960_0 .net "b", 0 0, L_00000187d2e2d6b0;  1 drivers
v00000187d2da7a00_0 .net "cin", 0 0, L_00000187d2e2ed30;  1 drivers
v00000187d2da82c0_0 .net "cout", 0 0, L_00000187d2eb12b0;  1 drivers
v00000187d2da7640_0 .net "sum", 0 0, L_00000187d2eb1240;  1 drivers
S_00000187d2dce830 .scope generate, "fa_gen[27]" "fa_gen[27]" 9 17, 9 17 0, S_00000187d2db7260;
 .timescale 0 0;
P_00000187d2d11f20 .param/l "i" 0 9 17, +C4<011011>;
S_00000187d2dce060 .scope module, "fa" "full_adder" 9 18, 9 33 0, S_00000187d2dce830;
 .timescale 0 0;
    .port_info 0 /INPUT 1 "a";
    .port_info 1 /INPUT 1 "b";
    .port_info 2 /INPUT 1 "cin";
    .port_info 3 /OUTPUT 1 "sum";
    .port_info 4 /OUTPUT 1 "cout";
L_00000187d2eb0280 .functor XOR 1, L_00000187d2e2edd0, L_00000187d2e2ef10, C4<0>, C4<0>;
L_00000187d2eb0ad0 .functor XOR 1, L_00000187d2eb0280, L_00000187d2e2f0f0, C4<0>, C4<0>;
L_00000187d2eafdb0 .functor AND 1, L_00000187d2e2edd0, L_00000187d2e2ef10, C4<1>, C4<1>;
L_00000187d2eb0050 .functor XOR 1, L_00000187d2e2edd0, L_00000187d2e2ef10, C4<0>, C4<0>;
L_00000187d2eb0520 .functor AND 1, L_00000187d2e2f0f0, L_00000187d2eb0050, C4<1>, C4<1>;
L_00000187d2eb1400 .functor OR 1, L_00000187d2eafdb0, L_00000187d2eb0520, C4<0>, C4<0>;
v00000187d2da6a60_0 .net *"_ivl_0", 0 0, L_00000187d2eb0280;  1 drivers
v00000187d2da89a0_0 .net *"_ivl_4", 0 0, L_00000187d2eafdb0;  1 drivers
v00000187d2da7e60_0 .net *"_ivl_6", 0 0, L_00000187d2eb0050;  1 drivers
v00000187d2da7320_0 .net *"_ivl_8", 0 0, L_00000187d2eb0520;  1 drivers
v00000187d2da8b80_0 .net "a", 0 0, L_00000187d2e2edd0;  1 drivers
v00000187d2da6ba0_0 .net "b", 0 0, L_00000187d2e2ef10;  1 drivers
v00000187d2da78c0_0 .net "cin", 0 0, L_00000187d2e2f0f0;  1 drivers
v00000187d2da8040_0 .net "cout", 0 0, L_00000187d2eb1400;  1 drivers
v00000187d2da7b40_0 .net "sum", 0 0, L_00000187d2eb0ad0;  1 drivers
S_00000187d2dceb50 .scope generate, "fa_gen[28]" "fa_gen[28]" 9 17, 9 17 0, S_00000187d2db7260;
 .timescale 0 0;
P_00000187d2d11e20 .param/l "i" 0 9 17, +C4<011100>;
S_00000187d2dcf320 .scope module, "fa" "full_adder" 9 18, 9 33 0, S_00000187d2dceb50;
 .timescale 0 0;
    .port_info 0 /INPUT 1 "a";
    .port_info 1 /INPUT 1 "b";
    .port_info 2 /INPUT 1 "cin";
    .port_info 3 /OUTPUT 1 "sum";
    .port_info 4 /OUTPUT 1 "cout";
L_00000187d2eafc60 .functor XOR 1, L_00000187d2e2ce90, L_00000187d2e2cfd0, C4<0>, C4<0>;
L_00000187d2eb1550 .functor XOR 1, L_00000187d2eafc60, L_00000187d2e2d110, C4<0>, C4<0>;
L_00000187d2eb1710 .functor AND 1, L_00000187d2e2ce90, L_00000187d2e2cfd0, C4<1>, C4<1>;
L_00000187d2eafd40 .functor XOR 1, L_00000187d2e2ce90, L_00000187d2e2cfd0, C4<0>, C4<0>;
L_00000187d2eb0670 .functor AND 1, L_00000187d2e2d110, L_00000187d2eafd40, C4<1>, C4<1>;
L_00000187d2eb06e0 .functor OR 1, L_00000187d2eb1710, L_00000187d2eb0670, C4<0>, C4<0>;
v00000187d2da6600_0 .net *"_ivl_0", 0 0, L_00000187d2eafc60;  1 drivers
v00000187d2da80e0_0 .net *"_ivl_4", 0 0, L_00000187d2eb1710;  1 drivers
v00000187d2da8180_0 .net *"_ivl_6", 0 0, L_00000187d2eafd40;  1 drivers
v00000187d2da66a0_0 .net *"_ivl_8", 0 0, L_00000187d2eb0670;  1 drivers
v00000187d2da6740_0 .net "a", 0 0, L_00000187d2e2ce90;  1 drivers
v00000187d2da67e0_0 .net "b", 0 0, L_00000187d2e2cfd0;  1 drivers
v00000187d2dd0460_0 .net "cin", 0 0, L_00000187d2e2d110;  1 drivers
v00000187d2dd0fa0_0 .net "cout", 0 0, L_00000187d2eb06e0;  1 drivers
v00000187d2dd0b40_0 .net "sum", 0 0, L_00000187d2eb1550;  1 drivers
S_00000187d2dcf000 .scope generate, "fa_gen[29]" "fa_gen[29]" 9 17, 9 17 0, S_00000187d2db7260;
 .timescale 0 0;
P_00000187d2d117e0 .param/l "i" 0 9 17, +C4<011101>;
S_00000187d2dce380 .scope module, "fa" "full_adder" 9 18, 9 33 0, S_00000187d2dcf000;
 .timescale 0 0;
    .port_info 0 /INPUT 1 "a";
    .port_info 1 /INPUT 1 "b";
    .port_info 2 /INPUT 1 "cin";
    .port_info 3 /OUTPUT 1 "sum";
    .port_info 4 /OUTPUT 1 "cout";
L_00000187d2eb0fa0 .functor XOR 1, L_00000187d2e2d1b0, L_00000187d2e2d250, C4<0>, C4<0>;
L_00000187d2eb0130 .functor XOR 1, L_00000187d2eb0fa0, L_00000187d2e2f9b0, C4<0>, C4<0>;
L_00000187d2eb08a0 .functor AND 1, L_00000187d2e2d1b0, L_00000187d2e2d250, C4<1>, C4<1>;
L_00000187d2eb0e50 .functor XOR 1, L_00000187d2e2d1b0, L_00000187d2e2d250, C4<0>, C4<0>;
L_00000187d2eb0c20 .functor AND 1, L_00000187d2e2f9b0, L_00000187d2eb0e50, C4<1>, C4<1>;
L_00000187d2eb04b0 .functor OR 1, L_00000187d2eb08a0, L_00000187d2eb0c20, C4<0>, C4<0>;
v00000187d2dd10e0_0 .net *"_ivl_0", 0 0, L_00000187d2eb0fa0;  1 drivers
v00000187d2dd03c0_0 .net *"_ivl_4", 0 0, L_00000187d2eb08a0;  1 drivers
v00000187d2dd06e0_0 .net *"_ivl_6", 0 0, L_00000187d2eb0e50;  1 drivers
v00000187d2dd0500_0 .net *"_ivl_8", 0 0, L_00000187d2eb0c20;  1 drivers
v00000187d2dd1860_0 .net "a", 0 0, L_00000187d2e2d1b0;  1 drivers
v00000187d2dd1f40_0 .net "b", 0 0, L_00000187d2e2d250;  1 drivers
v00000187d2dd2300_0 .net "cin", 0 0, L_00000187d2e2f9b0;  1 drivers
v00000187d2dd1220_0 .net "cout", 0 0, L_00000187d2eb04b0;  1 drivers
v00000187d2dd2760_0 .net "sum", 0 0, L_00000187d2eb0130;  1 drivers
S_00000187d2dcf190 .scope generate, "fa_gen[30]" "fa_gen[30]" 9 17, 9 17 0, S_00000187d2db7260;
 .timescale 0 0;
P_00000187d2d11c60 .param/l "i" 0 9 17, +C4<011110>;
S_00000187d2dcf4b0 .scope module, "fa" "full_adder" 9 18, 9 33 0, S_00000187d2dcf190;
 .timescale 0 0;
    .port_info 0 /INPUT 1 "a";
    .port_info 1 /INPUT 1 "b";
    .port_info 2 /INPUT 1 "cin";
    .port_info 3 /OUTPUT 1 "sum";
    .port_info 4 /OUTPUT 1 "cout";
L_00000187d2eb0600 .functor XOR 1, L_00000187d2e31490, L_00000187d2e30e50, C4<0>, C4<0>;
L_00000187d2eb0910 .functor XOR 1, L_00000187d2eb0600, L_00000187d2e315d0, C4<0>, C4<0>;
L_00000187d2eb01a0 .functor AND 1, L_00000187d2e31490, L_00000187d2e30e50, C4<1>, C4<1>;
L_00000187d2eb0b40 .functor XOR 1, L_00000187d2e31490, L_00000187d2e30e50, C4<0>, C4<0>;
L_00000187d2eb0980 .functor AND 1, L_00000187d2e315d0, L_00000187d2eb0b40, C4<1>, C4<1>;
L_00000187d2eb0750 .functor OR 1, L_00000187d2eb01a0, L_00000187d2eb0980, C4<0>, C4<0>;
v00000187d2dd0280_0 .net *"_ivl_0", 0 0, L_00000187d2eb0600;  1 drivers
v00000187d2dd2440_0 .net *"_ivl_4", 0 0, L_00000187d2eb01a0;  1 drivers
v00000187d2dd1180_0 .net *"_ivl_6", 0 0, L_00000187d2eb0b40;  1 drivers
v00000187d2dd0820_0 .net *"_ivl_8", 0 0, L_00000187d2eb0980;  1 drivers
v00000187d2dd1680_0 .net "a", 0 0, L_00000187d2e31490;  1 drivers
v00000187d2dd1540_0 .net "b", 0 0, L_00000187d2e30e50;  1 drivers
v00000187d2dd1ae0_0 .net "cin", 0 0, L_00000187d2e315d0;  1 drivers
v00000187d2dd0960_0 .net "cout", 0 0, L_00000187d2eb0750;  1 drivers
v00000187d2dd0640_0 .net "sum", 0 0, L_00000187d2eb0910;  1 drivers
S_00000187d2dcf640 .scope generate, "fa_gen[31]" "fa_gen[31]" 9 17, 9 17 0, S_00000187d2db7260;
 .timescale 0 0;
P_00000187d2d11a60 .param/l "i" 0 9 17, +C4<011111>;
S_00000187d2dce510 .scope module, "fa" "full_adder" 9 18, 9 33 0, S_00000187d2dcf640;
 .timescale 0 0;
    .port_info 0 /INPUT 1 "a";
    .port_info 1 /INPUT 1 "b";
    .port_info 2 /INPUT 1 "cin";
    .port_info 3 /OUTPUT 1 "sum";
    .port_info 4 /OUTPUT 1 "cout";
L_00000187d2eafe20 .functor XOR 1, L_00000187d2e30ef0, L_00000187d2e30810, C4<0>, C4<0>;
L_00000187d2eb0590 .functor XOR 1, L_00000187d2eafe20, L_00000187d2e312b0, C4<0>, C4<0>;
L_00000187d2eb0210 .functor AND 1, L_00000187d2e30ef0, L_00000187d2e30810, C4<1>, C4<1>;
L_00000187d2eb0bb0 .functor XOR 1, L_00000187d2e30ef0, L_00000187d2e30810, C4<0>, C4<0>;
L_00000187d2eb09f0 .functor AND 1, L_00000187d2e312b0, L_00000187d2eb0bb0, C4<1>, C4<1>;
L_00000187d2eb0a60 .functor OR 1, L_00000187d2eb0210, L_00000187d2eb09f0, C4<0>, C4<0>;
v00000187d2dd05a0_0 .net *"_ivl_0", 0 0, L_00000187d2eafe20;  1 drivers
v00000187d2dd0780_0 .net *"_ivl_4", 0 0, L_00000187d2eb0210;  1 drivers
v00000187d2dd2800_0 .net *"_ivl_6", 0 0, L_00000187d2eb0bb0;  1 drivers
v00000187d2dd2080_0 .net *"_ivl_8", 0 0, L_00000187d2eb09f0;  1 drivers
v00000187d2dd2120_0 .net "a", 0 0, L_00000187d2e30ef0;  1 drivers
v00000187d2dd0aa0_0 .net "b", 0 0, L_00000187d2e30810;  1 drivers
v00000187d2dd0a00_0 .net "cin", 0 0, L_00000187d2e312b0;  1 drivers
v00000187d2dd19a0_0 .net "cout", 0 0, L_00000187d2eb0a60;  1 drivers
v00000187d2dd1ea0_0 .net "sum", 0 0, L_00000187d2eb0590;  1 drivers
S_00000187d2dcfaf0 .scope module, "rca_neg" "ripple_carry_adder" 6 60, 9 3 0, S_00000187d28e3340;
 .timescale 0 0;
    .port_info 0 /INPUT 32 "A";
    .port_info 1 /INPUT 32 "B";
    .port_info 2 /INPUT 1 "Cin";
    .port_info 3 /OUTPUT 32 "Sum";
    .port_info 4 /OUTPUT 1 "Cout";
    .port_info 5 /OUTPUT 1 "Overflow";
L_00000187d2e39e60 .functor BUFT 1, C4<1>, C4<0>, C4<0>, C4<0>;
L_00000187d2ebb6e0 .functor BUFZ 1, L_00000187d2e39e60, C4<0>, C4<0>, C4<0>;
L_00000187d2ebb8a0 .functor XOR 1, L_00000187d2e36990, L_00000187d2e37f70, C4<0>, C4<0>;
L_00000187d2e39e18 .functor BUFT 1, C4<00000000000000000000000000000000>, C4<0>, C4<0>, C4<0>;
v00000187d2dde1a0_0 .net "A", 31 0, L_00000187d2e39e18;  1 drivers
v00000187d2dde7e0_0 .net "B", 31 0, L_00000187d2ebbd70;  1 drivers
v00000187d2ddcb20_0 .net "Cin", 0 0, L_00000187d2e39e60;  1 drivers
v00000187d2ddd480_0 .net "Cout", 0 0, L_00000187d2e37a70;  alias, 1 drivers
v00000187d2ddca80_0 .net "Overflow", 0 0, L_00000187d2ebb8a0;  1 drivers
v00000187d2dde420_0 .net "Sum", 31 0, L_00000187d2e36c10;  alias, 1 drivers
v00000187d2dde240_0 .net *"_ivl_229", 0 0, L_00000187d2ebb6e0;  1 drivers
v00000187d2ddd340_0 .net *"_ivl_233", 0 0, L_00000187d2e36990;  1 drivers
v00000187d2ddd2a0_0 .net *"_ivl_235", 0 0, L_00000187d2e37f70;  1 drivers
v00000187d2ddea60_0 .net "carry", 32 0, L_00000187d2e38510;  1 drivers
L_00000187d2e33bf0 .part L_00000187d2e39e18, 0, 1;
L_00000187d2e33dd0 .part L_00000187d2ebbd70, 0, 1;
L_00000187d2e33c90 .part L_00000187d2e38510, 0, 1;
L_00000187d2e32570 .part L_00000187d2e39e18, 1, 1;
L_00000187d2e340f0 .part L_00000187d2ebbd70, 1, 1;
L_00000187d2e33d30 .part L_00000187d2e38510, 1, 1;
L_00000187d2e33e70 .part L_00000187d2e39e18, 2, 1;
L_00000187d2e31990 .part L_00000187d2ebbd70, 2, 1;
L_00000187d2e31a30 .part L_00000187d2e38510, 2, 1;
L_00000187d2e31cb0 .part L_00000187d2e39e18, 3, 1;
L_00000187d2e31ad0 .part L_00000187d2ebbd70, 3, 1;
L_00000187d2e31d50 .part L_00000187d2e38510, 3, 1;
L_00000187d2e31e90 .part L_00000187d2e39e18, 4, 1;
L_00000187d2e32110 .part L_00000187d2ebbd70, 4, 1;
L_00000187d2e321b0 .part L_00000187d2e38510, 4, 1;
L_00000187d2e35ef0 .part L_00000187d2e39e18, 5, 1;
L_00000187d2e36350 .part L_00000187d2ebbd70, 5, 1;
L_00000187d2e34730 .part L_00000187d2e38510, 5, 1;
L_00000187d2e36490 .part L_00000187d2e39e18, 6, 1;
L_00000187d2e35b30 .part L_00000187d2ebbd70, 6, 1;
L_00000187d2e36030 .part L_00000187d2e38510, 6, 1;
L_00000187d2e354f0 .part L_00000187d2e39e18, 7, 1;
L_00000187d2e34870 .part L_00000187d2ebbd70, 7, 1;
L_00000187d2e35130 .part L_00000187d2e38510, 7, 1;
L_00000187d2e363f0 .part L_00000187d2e39e18, 8, 1;
L_00000187d2e35770 .part L_00000187d2ebbd70, 8, 1;
L_00000187d2e35090 .part L_00000187d2e38510, 8, 1;
L_00000187d2e347d0 .part L_00000187d2e39e18, 9, 1;
L_00000187d2e35c70 .part L_00000187d2ebbd70, 9, 1;
L_00000187d2e358b0 .part L_00000187d2e38510, 9, 1;
L_00000187d2e36170 .part L_00000187d2e39e18, 10, 1;
L_00000187d2e35d10 .part L_00000187d2ebbd70, 10, 1;
L_00000187d2e35630 .part L_00000187d2e38510, 10, 1;
L_00000187d2e36210 .part L_00000187d2e39e18, 11, 1;
L_00000187d2e34c30 .part L_00000187d2ebbd70, 11, 1;
L_00000187d2e368f0 .part L_00000187d2e38510, 11, 1;
L_00000187d2e35db0 .part L_00000187d2e39e18, 12, 1;
L_00000187d2e351d0 .part L_00000187d2ebbd70, 12, 1;
L_00000187d2e34f50 .part L_00000187d2e38510, 12, 1;
L_00000187d2e356d0 .part L_00000187d2e39e18, 13, 1;
L_00000187d2e34cd0 .part L_00000187d2ebbd70, 13, 1;
L_00000187d2e35f90 .part L_00000187d2e38510, 13, 1;
L_00000187d2e34910 .part L_00000187d2e39e18, 14, 1;
L_00000187d2e349b0 .part L_00000187d2ebbd70, 14, 1;
L_00000187d2e34550 .part L_00000187d2e38510, 14, 1;
L_00000187d2e34a50 .part L_00000187d2e39e18, 15, 1;
L_00000187d2e35270 .part L_00000187d2ebbd70, 15, 1;
L_00000187d2e36530 .part L_00000187d2e38510, 15, 1;
L_00000187d2e365d0 .part L_00000187d2e39e18, 16, 1;
L_00000187d2e35e50 .part L_00000187d2ebbd70, 16, 1;
L_00000187d2e35950 .part L_00000187d2e38510, 16, 1;
L_00000187d2e362b0 .part L_00000187d2e39e18, 17, 1;
L_00000187d2e36670 .part L_00000187d2ebbd70, 17, 1;
L_00000187d2e35310 .part L_00000187d2e38510, 17, 1;
L_00000187d2e36710 .part L_00000187d2e39e18, 18, 1;
L_00000187d2e367b0 .part L_00000187d2ebbd70, 18, 1;
L_00000187d2e36850 .part L_00000187d2e38510, 18, 1;
L_00000187d2e353b0 .part L_00000187d2e39e18, 19, 1;
L_00000187d2e34370 .part L_00000187d2ebbd70, 19, 1;
L_00000187d2e344b0 .part L_00000187d2e38510, 19, 1;
L_00000187d2e34190 .part L_00000187d2e39e18, 20, 1;
L_00000187d2e360d0 .part L_00000187d2ebbd70, 20, 1;
L_00000187d2e34230 .part L_00000187d2e38510, 20, 1;
L_00000187d2e342d0 .part L_00000187d2e39e18, 21, 1;
L_00000187d2e34410 .part L_00000187d2ebbd70, 21, 1;
L_00000187d2e359f0 .part L_00000187d2e38510, 21, 1;
L_00000187d2e34d70 .part L_00000187d2e39e18, 22, 1;
L_00000187d2e34af0 .part L_00000187d2ebbd70, 22, 1;
L_00000187d2e34b90 .part L_00000187d2e38510, 22, 1;
L_00000187d2e345f0 .part L_00000187d2e39e18, 23, 1;
L_00000187d2e34e10 .part L_00000187d2ebbd70, 23, 1;
L_00000187d2e34690 .part L_00000187d2e38510, 23, 1;
L_00000187d2e34eb0 .part L_00000187d2e39e18, 24, 1;
L_00000187d2e34ff0 .part L_00000187d2ebbd70, 24, 1;
L_00000187d2e35450 .part L_00000187d2e38510, 24, 1;
L_00000187d2e35590 .part L_00000187d2e39e18, 25, 1;
L_00000187d2e35810 .part L_00000187d2ebbd70, 25, 1;
L_00000187d2e35a90 .part L_00000187d2e38510, 25, 1;
L_00000187d2e35bd0 .part L_00000187d2e39e18, 26, 1;
L_00000187d2e37250 .part L_00000187d2ebbd70, 26, 1;
L_00000187d2e36e90 .part L_00000187d2e38510, 26, 1;
L_00000187d2e37d90 .part L_00000187d2e39e18, 27, 1;
L_00000187d2e36f30 .part L_00000187d2ebbd70, 27, 1;
L_00000187d2e36d50 .part L_00000187d2e38510, 27, 1;
L_00000187d2e37890 .part L_00000187d2e39e18, 28, 1;
L_00000187d2e386f0 .part L_00000187d2ebbd70, 28, 1;
L_00000187d2e37930 .part L_00000187d2e38510, 28, 1;
L_00000187d2e37ed0 .part L_00000187d2e39e18, 29, 1;
L_00000187d2e38010 .part L_00000187d2ebbd70, 29, 1;
L_00000187d2e383d0 .part L_00000187d2e38510, 29, 1;
L_00000187d2e37b10 .part L_00000187d2e39e18, 30, 1;
L_00000187d2e380b0 .part L_00000187d2ebbd70, 30, 1;
L_00000187d2e36df0 .part L_00000187d2e38510, 30, 1;
L_00000187d2e38830 .part L_00000187d2e39e18, 31, 1;
L_00000187d2e37cf0 .part L_00000187d2ebbd70, 31, 1;
L_00000187d2e379d0 .part L_00000187d2e38510, 31, 1;
LS_00000187d2e36c10_0_0 .concat8 [ 1 1 1 1], L_00000187d2eb7000, L_00000187d2eb6ba0, L_00000187d2eb7690, L_00000187d2eb6350;
LS_00000187d2e36c10_0_4 .concat8 [ 1 1 1 1], L_00000187d2eb63c0, L_00000187d2eb6a50, L_00000187d2eb70e0, L_00000187d2eb5f60;
LS_00000187d2e36c10_0_8 .concat8 [ 1 1 1 1], L_00000187d2eb65f0, L_00000187d2eb6190, L_00000187d2eb81f0, L_00000187d2eb8ea0;
LS_00000187d2e36c10_0_12 .concat8 [ 1 1 1 1], L_00000187d2eb9220, L_00000187d2eb8650, L_00000187d2eb91b0, L_00000187d2eb7af0;
LS_00000187d2e36c10_0_16 .concat8 [ 1 1 1 1], L_00000187d2eb8340, L_00000187d2eb9300, L_00000187d2eb7e70, L_00000187d2eb7cb0;
LS_00000187d2e36c10_0_20 .concat8 [ 1 1 1 1], L_00000187d2eb7fc0, L_00000187d2ebb1a0, L_00000187d2ebac60, L_00000187d2eba100;
LS_00000187d2e36c10_0_24 .concat8 [ 1 1 1 1], L_00000187d2eba170, L_00000187d2eb9840, L_00000187d2eba720, L_00000187d2eb9fb0;
LS_00000187d2e36c10_0_28 .concat8 [ 1 1 1 1], L_00000187d2ebb050, L_00000187d2eb9920, L_00000187d2ebae20, L_00000187d2eb9c30;
LS_00000187d2e36c10_1_0 .concat8 [ 4 4 4 4], LS_00000187d2e36c10_0_0, LS_00000187d2e36c10_0_4, LS_00000187d2e36c10_0_8, LS_00000187d2e36c10_0_12;
LS_00000187d2e36c10_1_4 .concat8 [ 4 4 4 4], LS_00000187d2e36c10_0_16, LS_00000187d2e36c10_0_20, LS_00000187d2e36c10_0_24, LS_00000187d2e36c10_0_28;
L_00000187d2e36c10 .concat8 [ 16 16 0 0], LS_00000187d2e36c10_1_0, LS_00000187d2e36c10_1_4;
LS_00000187d2e38510_0_0 .concat8 [ 1 1 1 1], L_00000187d2ebb6e0, L_00000187d2eb7770, L_00000187d2eb6cf0, L_00000187d2eb7850;
LS_00000187d2e38510_0_4 .concat8 [ 1 1 1 1], L_00000187d2eb6eb0, L_00000187d2eb7a10, L_00000187d2eb7460, L_00000187d2eb6580;
LS_00000187d2e38510_0_8 .concat8 [ 1 1 1 1], L_00000187d2eb5fd0, L_00000187d2eb69e0, L_00000187d2eb62e0, L_00000187d2eb7d90;
LS_00000187d2e38510_0_12 .concat8 [ 1 1 1 1], L_00000187d2eb8880, L_00000187d2eb8f80, L_00000187d2eb80a0, L_00000187d2eb8ce0;
LS_00000187d2e38510_0_16 .concat8 [ 1 1 1 1], L_00000187d2eb82d0, L_00000187d2eb8420, L_00000187d2eb94c0, L_00000187d2eb8500;
LS_00000187d2e38510_0_20 .concat8 [ 1 1 1 1], L_00000187d2eb7e00, L_00000187d2eb9d80, L_00000187d2eba5d0, L_00000187d2eba3a0;
LS_00000187d2e38510_0_24 .concat8 [ 1 1 1 1], L_00000187d2ebafe0, L_00000187d2eb9ed0, L_00000187d2ebab10, L_00000187d2ebab80;
LS_00000187d2e38510_0_28 .concat8 [ 1 1 1 1], L_00000187d2eb9a70, L_00000187d2ebaf00, L_00000187d2ebadb0, L_00000187d2eb9b50;
LS_00000187d2e38510_0_32 .concat8 [ 1 0 0 0], L_00000187d2ebbbb0;
LS_00000187d2e38510_1_0 .concat8 [ 4 4 4 4], LS_00000187d2e38510_0_0, LS_00000187d2e38510_0_4, LS_00000187d2e38510_0_8, LS_00000187d2e38510_0_12;
LS_00000187d2e38510_1_4 .concat8 [ 4 4 4 4], LS_00000187d2e38510_0_16, LS_00000187d2e38510_0_20, LS_00000187d2e38510_0_24, LS_00000187d2e38510_0_28;
LS_00000187d2e38510_1_8 .concat8 [ 1 0 0 0], LS_00000187d2e38510_0_32;
L_00000187d2e38510 .concat8 [ 16 16 1 0], LS_00000187d2e38510_1_0, LS_00000187d2e38510_1_4, LS_00000187d2e38510_1_8;
L_00000187d2e37a70 .part L_00000187d2e38510, 32, 1;
L_00000187d2e36990 .part L_00000187d2e38510, 31, 1;
L_00000187d2e37f70 .part L_00000187d2e38510, 32, 1;
S_00000187d2de0d00 .scope generate, "fa_gen[0]" "fa_gen[0]" 9 17, 9 17 0, S_00000187d2dcfaf0;
 .timescale 0 0;
P_00000187d2d116a0 .param/l "i" 0 9 17, +C4<00>;
S_00000187d2de0530 .scope module, "fa" "full_adder" 9 18, 9 33 0, S_00000187d2de0d00;
 .timescale 0 0;
    .port_info 0 /INPUT 1 "a";
    .port_info 1 /INPUT 1 "b";
    .port_info 2 /INPUT 1 "cin";
    .port_info 3 /OUTPUT 1 "sum";
    .port_info 4 /OUTPUT 1 "cout";
L_00000187d2eb6ac0 .functor XOR 1, L_00000187d2e33bf0, L_00000187d2e33dd0, C4<0>, C4<0>;
L_00000187d2eb7000 .functor XOR 1, L_00000187d2eb6ac0, L_00000187d2e33c90, C4<0>, C4<0>;
L_00000187d2eb6dd0 .functor AND 1, L_00000187d2e33bf0, L_00000187d2e33dd0, C4<1>, C4<1>;
L_00000187d2eb5ef0 .functor XOR 1, L_00000187d2e33bf0, L_00000187d2e33dd0, C4<0>, C4<0>;
L_00000187d2eb6f20 .functor AND 1, L_00000187d2e33c90, L_00000187d2eb5ef0, C4<1>, C4<1>;
L_00000187d2eb7770 .functor OR 1, L_00000187d2eb6dd0, L_00000187d2eb6f20, C4<0>, C4<0>;
v00000187d2dd0140_0 .net *"_ivl_0", 0 0, L_00000187d2eb6ac0;  1 drivers
v00000187d2dd01e0_0 .net *"_ivl_4", 0 0, L_00000187d2eb6dd0;  1 drivers
v00000187d2dd1e00_0 .net *"_ivl_6", 0 0, L_00000187d2eb5ef0;  1 drivers
v00000187d2dd1c20_0 .net *"_ivl_8", 0 0, L_00000187d2eb6f20;  1 drivers
v00000187d2dd21c0_0 .net "a", 0 0, L_00000187d2e33bf0;  1 drivers
v00000187d2dd0320_0 .net "b", 0 0, L_00000187d2e33dd0;  1 drivers
v00000187d2dd1400_0 .net "cin", 0 0, L_00000187d2e33c90;  1 drivers
v00000187d2dd2620_0 .net "cout", 0 0, L_00000187d2eb7770;  1 drivers
v00000187d2dd14a0_0 .net "sum", 0 0, L_00000187d2eb7000;  1 drivers
S_00000187d2de0e90 .scope generate, "fa_gen[1]" "fa_gen[1]" 9 17, 9 17 0, S_00000187d2dcfaf0;
 .timescale 0 0;
P_00000187d2d11ba0 .param/l "i" 0 9 17, +C4<01>;
S_00000187d2de1020 .scope module, "fa" "full_adder" 9 18, 9 33 0, S_00000187d2de0e90;
 .timescale 0 0;
    .port_info 0 /INPUT 1 "a";
    .port_info 1 /INPUT 1 "b";
    .port_info 2 /INPUT 1 "cin";
    .port_info 3 /OUTPUT 1 "sum";
    .port_info 4 /OUTPUT 1 "cout";
L_00000187d2eb6b30 .functor XOR 1, L_00000187d2e32570, L_00000187d2e340f0, C4<0>, C4<0>;
L_00000187d2eb6ba0 .functor XOR 1, L_00000187d2eb6b30, L_00000187d2e33d30, C4<0>, C4<0>;
L_00000187d2eb66d0 .functor AND 1, L_00000187d2e32570, L_00000187d2e340f0, C4<1>, C4<1>;
L_00000187d2eb6660 .functor XOR 1, L_00000187d2e32570, L_00000187d2e340f0, C4<0>, C4<0>;
L_00000187d2eb67b0 .functor AND 1, L_00000187d2e33d30, L_00000187d2eb6660, C4<1>, C4<1>;
L_00000187d2eb6cf0 .functor OR 1, L_00000187d2eb66d0, L_00000187d2eb67b0, C4<0>, C4<0>;
v00000187d2dd26c0_0 .net *"_ivl_0", 0 0, L_00000187d2eb6b30;  1 drivers
v00000187d2dd23a0_0 .net *"_ivl_4", 0 0, L_00000187d2eb66d0;  1 drivers
v00000187d2dd0d20_0 .net *"_ivl_6", 0 0, L_00000187d2eb6660;  1 drivers
v00000187d2dd17c0_0 .net *"_ivl_8", 0 0, L_00000187d2eb67b0;  1 drivers
v00000187d2dd0dc0_0 .net "a", 0 0, L_00000187d2e32570;  1 drivers
v00000187d2dd1d60_0 .net "b", 0 0, L_00000187d2e340f0;  1 drivers
v00000187d2dd1fe0_0 .net "cin", 0 0, L_00000187d2e33d30;  1 drivers
v00000187d2dd15e0_0 .net "cout", 0 0, L_00000187d2eb6cf0;  1 drivers
v00000187d2dd0f00_0 .net "sum", 0 0, L_00000187d2eb6ba0;  1 drivers
S_00000187d2de0080 .scope generate, "fa_gen[2]" "fa_gen[2]" 9 17, 9 17 0, S_00000187d2dcfaf0;
 .timescale 0 0;
P_00000187d2d116e0 .param/l "i" 0 9 17, +C4<010>;
S_00000187d2de11b0 .scope module, "fa" "full_adder" 9 18, 9 33 0, S_00000187d2de0080;
 .timescale 0 0;
    .port_info 0 /INPUT 1 "a";
    .port_info 1 /INPUT 1 "b";
    .port_info 2 /INPUT 1 "cin";
    .port_info 3 /OUTPUT 1 "sum";
    .port_info 4 /OUTPUT 1 "cout";
L_00000187d2eb77e0 .functor XOR 1, L_00000187d2e33e70, L_00000187d2e31990, C4<0>, C4<0>;
L_00000187d2eb7690 .functor XOR 1, L_00000187d2eb77e0, L_00000187d2e31a30, C4<0>, C4<0>;
L_00000187d2eb7540 .functor AND 1, L_00000187d2e33e70, L_00000187d2e31990, C4<1>, C4<1>;
L_00000187d2eb6c10 .functor XOR 1, L_00000187d2e33e70, L_00000187d2e31990, C4<0>, C4<0>;
L_00000187d2eb7070 .functor AND 1, L_00000187d2e31a30, L_00000187d2eb6c10, C4<1>, C4<1>;
L_00000187d2eb7850 .functor OR 1, L_00000187d2eb7540, L_00000187d2eb7070, C4<0>, C4<0>;
v00000187d2dd1720_0 .net *"_ivl_0", 0 0, L_00000187d2eb77e0;  1 drivers
v00000187d2dd2580_0 .net *"_ivl_4", 0 0, L_00000187d2eb7540;  1 drivers
v00000187d2dd1040_0 .net *"_ivl_6", 0 0, L_00000187d2eb6c10;  1 drivers
v00000187d2dd1900_0 .net *"_ivl_8", 0 0, L_00000187d2eb7070;  1 drivers
v00000187d2dd1a40_0 .net "a", 0 0, L_00000187d2e33e70;  1 drivers
v00000187d2dd1cc0_0 .net "b", 0 0, L_00000187d2e31990;  1 drivers
v00000187d2dd4ce0_0 .net "cin", 0 0, L_00000187d2e31a30;  1 drivers
v00000187d2dd3c00_0 .net "cout", 0 0, L_00000187d2eb7850;  1 drivers
v00000187d2dd3ca0_0 .net "sum", 0 0, L_00000187d2eb7690;  1 drivers
S_00000187d2de1ca0 .scope generate, "fa_gen[3]" "fa_gen[3]" 9 17, 9 17 0, S_00000187d2dcfaf0;
 .timescale 0 0;
P_00000187d2d11be0 .param/l "i" 0 9 17, +C4<011>;
S_00000187d2de1340 .scope module, "fa" "full_adder" 9 18, 9 33 0, S_00000187d2de1ca0;
 .timescale 0 0;
    .port_info 0 /INPUT 1 "a";
    .port_info 1 /INPUT 1 "b";
    .port_info 2 /INPUT 1 "cin";
    .port_info 3 /OUTPUT 1 "sum";
    .port_info 4 /OUTPUT 1 "cout";
L_00000187d2eb6d60 .functor XOR 1, L_00000187d2e31cb0, L_00000187d2e31ad0, C4<0>, C4<0>;
L_00000187d2eb6350 .functor XOR 1, L_00000187d2eb6d60, L_00000187d2e31d50, C4<0>, C4<0>;
L_00000187d2eb6e40 .functor AND 1, L_00000187d2e31cb0, L_00000187d2e31ad0, C4<1>, C4<1>;
L_00000187d2eb7a80 .functor XOR 1, L_00000187d2e31cb0, L_00000187d2e31ad0, C4<0>, C4<0>;
L_00000187d2eb6510 .functor AND 1, L_00000187d2e31d50, L_00000187d2eb7a80, C4<1>, C4<1>;
L_00000187d2eb6eb0 .functor OR 1, L_00000187d2eb6e40, L_00000187d2eb6510, C4<0>, C4<0>;
v00000187d2dd4e20_0 .net *"_ivl_0", 0 0, L_00000187d2eb6d60;  1 drivers
v00000187d2dd4ba0_0 .net *"_ivl_4", 0 0, L_00000187d2eb6e40;  1 drivers
v00000187d2dd28a0_0 .net *"_ivl_6", 0 0, L_00000187d2eb7a80;  1 drivers
v00000187d2dd3fc0_0 .net *"_ivl_8", 0 0, L_00000187d2eb6510;  1 drivers
v00000187d2dd3480_0 .net "a", 0 0, L_00000187d2e31cb0;  1 drivers
v00000187d2dd4560_0 .net "b", 0 0, L_00000187d2e31ad0;  1 drivers
v00000187d2dd46a0_0 .net "cin", 0 0, L_00000187d2e31d50;  1 drivers
v00000187d2dd3a20_0 .net "cout", 0 0, L_00000187d2eb6eb0;  1 drivers
v00000187d2dd33e0_0 .net "sum", 0 0, L_00000187d2eb6350;  1 drivers
S_00000187d2de0210 .scope generate, "fa_gen[4]" "fa_gen[4]" 9 17, 9 17 0, S_00000187d2dcfaf0;
 .timescale 0 0;
P_00000187d2d11720 .param/l "i" 0 9 17, +C4<0100>;
S_00000187d2de14d0 .scope module, "fa" "full_adder" 9 18, 9 33 0, S_00000187d2de0210;
 .timescale 0 0;
    .port_info 0 /INPUT 1 "a";
    .port_info 1 /INPUT 1 "b";
    .port_info 2 /INPUT 1 "cin";
    .port_info 3 /OUTPUT 1 "sum";
    .port_info 4 /OUTPUT 1 "cout";
L_00000187d2eb75b0 .functor XOR 1, L_00000187d2e31e90, L_00000187d2e32110, C4<0>, C4<0>;
L_00000187d2eb63c0 .functor XOR 1, L_00000187d2eb75b0, L_00000187d2e321b0, C4<0>, C4<0>;
L_00000187d2eb6890 .functor AND 1, L_00000187d2e31e90, L_00000187d2e32110, C4<1>, C4<1>;
L_00000187d2eb6430 .functor XOR 1, L_00000187d2e31e90, L_00000187d2e32110, C4<0>, C4<0>;
L_00000187d2eb78c0 .functor AND 1, L_00000187d2e321b0, L_00000187d2eb6430, C4<1>, C4<1>;
L_00000187d2eb7a10 .functor OR 1, L_00000187d2eb6890, L_00000187d2eb78c0, C4<0>, C4<0>;
v00000187d2dd3d40_0 .net *"_ivl_0", 0 0, L_00000187d2eb75b0;  1 drivers
v00000187d2dd4d80_0 .net *"_ivl_4", 0 0, L_00000187d2eb6890;  1 drivers
v00000187d2dd4600_0 .net *"_ivl_6", 0 0, L_00000187d2eb6430;  1 drivers
v00000187d2dd3700_0 .net *"_ivl_8", 0 0, L_00000187d2eb78c0;  1 drivers
v00000187d2dd2f80_0 .net "a", 0 0, L_00000187d2e31e90;  1 drivers
v00000187d2dd3520_0 .net "b", 0 0, L_00000187d2e32110;  1 drivers
v00000187d2dd4ec0_0 .net "cin", 0 0, L_00000187d2e321b0;  1 drivers
v00000187d2dd3de0_0 .net "cout", 0 0, L_00000187d2eb7a10;  1 drivers
v00000187d2dd3e80_0 .net "sum", 0 0, L_00000187d2eb63c0;  1 drivers
S_00000187d2de1660 .scope generate, "fa_gen[5]" "fa_gen[5]" 9 17, 9 17 0, S_00000187d2dcfaf0;
 .timescale 0 0;
P_00000187d2d11660 .param/l "i" 0 9 17, +C4<0101>;
S_00000187d2de1e30 .scope module, "fa" "full_adder" 9 18, 9 33 0, S_00000187d2de1660;
 .timescale 0 0;
    .port_info 0 /INPUT 1 "a";
    .port_info 1 /INPUT 1 "b";
    .port_info 2 /INPUT 1 "cin";
    .port_info 3 /OUTPUT 1 "sum";
    .port_info 4 /OUTPUT 1 "cout";
L_00000187d2eb6f90 .functor XOR 1, L_00000187d2e35ef0, L_00000187d2e36350, C4<0>, C4<0>;
L_00000187d2eb6a50 .functor XOR 1, L_00000187d2eb6f90, L_00000187d2e34730, C4<0>, C4<0>;
L_00000187d2eb7700 .functor AND 1, L_00000187d2e35ef0, L_00000187d2e36350, C4<1>, C4<1>;
L_00000187d2eb6970 .functor XOR 1, L_00000187d2e35ef0, L_00000187d2e36350, C4<0>, C4<0>;
L_00000187d2eb64a0 .functor AND 1, L_00000187d2e34730, L_00000187d2eb6970, C4<1>, C4<1>;
L_00000187d2eb7460 .functor OR 1, L_00000187d2eb7700, L_00000187d2eb64a0, C4<0>, C4<0>;
v00000187d2dd3f20_0 .net *"_ivl_0", 0 0, L_00000187d2eb6f90;  1 drivers
v00000187d2dd2c60_0 .net *"_ivl_4", 0 0, L_00000187d2eb7700;  1 drivers
v00000187d2dd4740_0 .net *"_ivl_6", 0 0, L_00000187d2eb6970;  1 drivers
v00000187d2dd4060_0 .net *"_ivl_8", 0 0, L_00000187d2eb64a0;  1 drivers
v00000187d2dd4c40_0 .net "a", 0 0, L_00000187d2e35ef0;  1 drivers
v00000187d2dd3160_0 .net "b", 0 0, L_00000187d2e36350;  1 drivers
v00000187d2dd47e0_0 .net "cin", 0 0, L_00000187d2e34730;  1 drivers
v00000187d2dd2d00_0 .net "cout", 0 0, L_00000187d2eb7460;  1 drivers
v00000187d2dd2ee0_0 .net "sum", 0 0, L_00000187d2eb6a50;  1 drivers
S_00000187d2de17f0 .scope generate, "fa_gen[6]" "fa_gen[6]" 9 17, 9 17 0, S_00000187d2dcfaf0;
 .timescale 0 0;
P_00000187d2d118a0 .param/l "i" 0 9 17, +C4<0110>;
S_00000187d2de03a0 .scope module, "fa" "full_adder" 9 18, 9 33 0, S_00000187d2de17f0;
 .timescale 0 0;
    .port_info 0 /INPUT 1 "a";
    .port_info 1 /INPUT 1 "b";
    .port_info 2 /INPUT 1 "cin";
    .port_info 3 /OUTPUT 1 "sum";
    .port_info 4 /OUTPUT 1 "cout";
L_00000187d2eb6820 .functor XOR 1, L_00000187d2e36490, L_00000187d2e35b30, C4<0>, C4<0>;
L_00000187d2eb70e0 .functor XOR 1, L_00000187d2eb6820, L_00000187d2e36030, C4<0>, C4<0>;
L_00000187d2eb7150 .functor AND 1, L_00000187d2e36490, L_00000187d2e35b30, C4<1>, C4<1>;
L_00000187d2eb7930 .functor XOR 1, L_00000187d2e36490, L_00000187d2e35b30, C4<0>, C4<0>;
L_00000187d2eb71c0 .functor AND 1, L_00000187d2e36030, L_00000187d2eb7930, C4<1>, C4<1>;
L_00000187d2eb6580 .functor OR 1, L_00000187d2eb7150, L_00000187d2eb71c0, C4<0>, C4<0>;
v00000187d2dd4880_0 .net *"_ivl_0", 0 0, L_00000187d2eb6820;  1 drivers
v00000187d2dd5000_0 .net *"_ivl_4", 0 0, L_00000187d2eb7150;  1 drivers
v00000187d2dd3200_0 .net *"_ivl_6", 0 0, L_00000187d2eb7930;  1 drivers
v00000187d2dd42e0_0 .net *"_ivl_8", 0 0, L_00000187d2eb71c0;  1 drivers
v00000187d2dd2940_0 .net "a", 0 0, L_00000187d2e36490;  1 drivers
v00000187d2dd35c0_0 .net "b", 0 0, L_00000187d2e35b30;  1 drivers
v00000187d2dd2a80_0 .net "cin", 0 0, L_00000187d2e36030;  1 drivers
v00000187d2dd2b20_0 .net "cout", 0 0, L_00000187d2eb6580;  1 drivers
v00000187d2dd4100_0 .net "sum", 0 0, L_00000187d2eb70e0;  1 drivers
S_00000187d2de1980 .scope generate, "fa_gen[7]" "fa_gen[7]" 9 17, 9 17 0, S_00000187d2dcfaf0;
 .timescale 0 0;
P_00000187d2d11f60 .param/l "i" 0 9 17, +C4<0111>;
S_00000187d2de1b10 .scope module, "fa" "full_adder" 9 18, 9 33 0, S_00000187d2de1980;
 .timescale 0 0;
    .port_info 0 /INPUT 1 "a";
    .port_info 1 /INPUT 1 "b";
    .port_info 2 /INPUT 1 "cin";
    .port_info 3 /OUTPUT 1 "sum";
    .port_info 4 /OUTPUT 1 "cout";
L_00000187d2eb7230 .functor XOR 1, L_00000187d2e354f0, L_00000187d2e34870, C4<0>, C4<0>;
L_00000187d2eb5f60 .functor XOR 1, L_00000187d2eb7230, L_00000187d2e35130, C4<0>, C4<0>;
L_00000187d2eb72a0 .functor AND 1, L_00000187d2e354f0, L_00000187d2e34870, C4<1>, C4<1>;
L_00000187d2eb6900 .functor XOR 1, L_00000187d2e354f0, L_00000187d2e34870, C4<0>, C4<0>;
L_00000187d2eb7310 .functor AND 1, L_00000187d2e35130, L_00000187d2eb6900, C4<1>, C4<1>;
L_00000187d2eb5fd0 .functor OR 1, L_00000187d2eb72a0, L_00000187d2eb7310, C4<0>, C4<0>;
v00000187d2dd4920_0 .net *"_ivl_0", 0 0, L_00000187d2eb7230;  1 drivers
v00000187d2dd38e0_0 .net *"_ivl_4", 0 0, L_00000187d2eb72a0;  1 drivers
v00000187d2dd4f60_0 .net *"_ivl_6", 0 0, L_00000187d2eb6900;  1 drivers
v00000187d2dd3ac0_0 .net *"_ivl_8", 0 0, L_00000187d2eb7310;  1 drivers
v00000187d2dd3660_0 .net "a", 0 0, L_00000187d2e354f0;  1 drivers
v00000187d2dd29e0_0 .net "b", 0 0, L_00000187d2e34870;  1 drivers
v00000187d2dd37a0_0 .net "cin", 0 0, L_00000187d2e35130;  1 drivers
v00000187d2dd3020_0 .net "cout", 0 0, L_00000187d2eb5fd0;  1 drivers
v00000187d2dd30c0_0 .net "sum", 0 0, L_00000187d2eb5f60;  1 drivers
S_00000187d2de06c0 .scope generate, "fa_gen[8]" "fa_gen[8]" 9 17, 9 17 0, S_00000187d2dcfaf0;
 .timescale 0 0;
P_00000187d2d11d20 .param/l "i" 0 9 17, +C4<01000>;
S_00000187d2de0850 .scope module, "fa" "full_adder" 9 18, 9 33 0, S_00000187d2de06c0;
 .timescale 0 0;
    .port_info 0 /INPUT 1 "a";
    .port_info 1 /INPUT 1 "b";
    .port_info 2 /INPUT 1 "cin";
    .port_info 3 /OUTPUT 1 "sum";
    .port_info 4 /OUTPUT 1 "cout";
L_00000187d2eb60b0 .functor XOR 1, L_00000187d2e363f0, L_00000187d2e35770, C4<0>, C4<0>;
L_00000187d2eb65f0 .functor XOR 1, L_00000187d2eb60b0, L_00000187d2e35090, C4<0>, C4<0>;
L_00000187d2eb7380 .functor AND 1, L_00000187d2e363f0, L_00000187d2e35770, C4<1>, C4<1>;
L_00000187d2eb6120 .functor XOR 1, L_00000187d2e363f0, L_00000187d2e35770, C4<0>, C4<0>;
L_00000187d2eb73f0 .functor AND 1, L_00000187d2e35090, L_00000187d2eb6120, C4<1>, C4<1>;
L_00000187d2eb69e0 .functor OR 1, L_00000187d2eb7380, L_00000187d2eb73f0, C4<0>, C4<0>;
v00000187d2dd3b60_0 .net *"_ivl_0", 0 0, L_00000187d2eb60b0;  1 drivers
v00000187d2dd49c0_0 .net *"_ivl_4", 0 0, L_00000187d2eb7380;  1 drivers
v00000187d2dd3840_0 .net *"_ivl_6", 0 0, L_00000187d2eb6120;  1 drivers
v00000187d2dd2da0_0 .net *"_ivl_8", 0 0, L_00000187d2eb73f0;  1 drivers
v00000187d2dd2bc0_0 .net "a", 0 0, L_00000187d2e363f0;  1 drivers
v00000187d2dd3980_0 .net "b", 0 0, L_00000187d2e35770;  1 drivers
v00000187d2dd2e40_0 .net "cin", 0 0, L_00000187d2e35090;  1 drivers
v00000187d2dd41a0_0 .net "cout", 0 0, L_00000187d2eb69e0;  1 drivers
v00000187d2dd32a0_0 .net "sum", 0 0, L_00000187d2eb65f0;  1 drivers
S_00000187d2de09e0 .scope generate, "fa_gen[9]" "fa_gen[9]" 9 17, 9 17 0, S_00000187d2dcfaf0;
 .timescale 0 0;
P_00000187d2d118e0 .param/l "i" 0 9 17, +C4<01001>;
S_00000187d2de0b70 .scope module, "fa" "full_adder" 9 18, 9 33 0, S_00000187d2de09e0;
 .timescale 0 0;
    .port_info 0 /INPUT 1 "a";
    .port_info 1 /INPUT 1 "b";
    .port_info 2 /INPUT 1 "cin";
    .port_info 3 /OUTPUT 1 "sum";
    .port_info 4 /OUTPUT 1 "cout";
L_00000187d2eb74d0 .functor XOR 1, L_00000187d2e347d0, L_00000187d2e35c70, C4<0>, C4<0>;
L_00000187d2eb6190 .functor XOR 1, L_00000187d2eb74d0, L_00000187d2e358b0, C4<0>, C4<0>;
L_00000187d2eb6200 .functor AND 1, L_00000187d2e347d0, L_00000187d2e35c70, C4<1>, C4<1>;
L_00000187d2eb7620 .functor XOR 1, L_00000187d2e347d0, L_00000187d2e35c70, C4<0>, C4<0>;
L_00000187d2eb6270 .functor AND 1, L_00000187d2e358b0, L_00000187d2eb7620, C4<1>, C4<1>;
L_00000187d2eb62e0 .functor OR 1, L_00000187d2eb6200, L_00000187d2eb6270, C4<0>, C4<0>;
v00000187d2dd4240_0 .net *"_ivl_0", 0 0, L_00000187d2eb74d0;  1 drivers
v00000187d2dd4380_0 .net *"_ivl_4", 0 0, L_00000187d2eb6200;  1 drivers
v00000187d2dd4420_0 .net *"_ivl_6", 0 0, L_00000187d2eb7620;  1 drivers
v00000187d2dd3340_0 .net *"_ivl_8", 0 0, L_00000187d2eb6270;  1 drivers
v00000187d2dd44c0_0 .net "a", 0 0, L_00000187d2e347d0;  1 drivers
v00000187d2dd4a60_0 .net "b", 0 0, L_00000187d2e35c70;  1 drivers
v00000187d2dd4b00_0 .net "cin", 0 0, L_00000187d2e358b0;  1 drivers
v00000187d2dd5aa0_0 .net "cout", 0 0, L_00000187d2eb62e0;  1 drivers
v00000187d2dd64a0_0 .net "sum", 0 0, L_00000187d2eb6190;  1 drivers
S_00000187d2de3990 .scope generate, "fa_gen[10]" "fa_gen[10]" 9 17, 9 17 0, S_00000187d2dcfaf0;
 .timescale 0 0;
P_00000187d2d11760 .param/l "i" 0 9 17, +C4<01010>;
S_00000187d2de3350 .scope module, "fa" "full_adder" 9 18, 9 33 0, S_00000187d2de3990;
 .timescale 0 0;
    .port_info 0 /INPUT 1 "a";
    .port_info 1 /INPUT 1 "b";
    .port_info 2 /INPUT 1 "cin";
    .port_info 3 /OUTPUT 1 "sum";
    .port_info 4 /OUTPUT 1 "cout";
L_00000187d2eb9140 .functor XOR 1, L_00000187d2e36170, L_00000187d2e35d10, C4<0>, C4<0>;
L_00000187d2eb81f0 .functor XOR 1, L_00000187d2eb9140, L_00000187d2e35630, C4<0>, C4<0>;
L_00000187d2eb8ff0 .functor AND 1, L_00000187d2e36170, L_00000187d2e35d10, C4<1>, C4<1>;
L_00000187d2eb93e0 .functor XOR 1, L_00000187d2e36170, L_00000187d2e35d10, C4<0>, C4<0>;
L_00000187d2eb89d0 .functor AND 1, L_00000187d2e35630, L_00000187d2eb93e0, C4<1>, C4<1>;
L_00000187d2eb7d90 .functor OR 1, L_00000187d2eb8ff0, L_00000187d2eb89d0, C4<0>, C4<0>;
v00000187d2dd6900_0 .net *"_ivl_0", 0 0, L_00000187d2eb9140;  1 drivers
v00000187d2dd5dc0_0 .net *"_ivl_4", 0 0, L_00000187d2eb8ff0;  1 drivers
v00000187d2dd5e60_0 .net *"_ivl_6", 0 0, L_00000187d2eb93e0;  1 drivers
v00000187d2dd6f40_0 .net *"_ivl_8", 0 0, L_00000187d2eb89d0;  1 drivers
v00000187d2dd6d60_0 .net "a", 0 0, L_00000187d2e36170;  1 drivers
v00000187d2dd7760_0 .net "b", 0 0, L_00000187d2e35d10;  1 drivers
v00000187d2dd60e0_0 .net "cin", 0 0, L_00000187d2e35630;  1 drivers
v00000187d2dd5140_0 .net "cout", 0 0, L_00000187d2eb7d90;  1 drivers
v00000187d2dd5f00_0 .net "sum", 0 0, L_00000187d2eb81f0;  1 drivers
S_00000187d2de3b20 .scope generate, "fa_gen[11]" "fa_gen[11]" 9 17, 9 17 0, S_00000187d2dcfaf0;
 .timescale 0 0;
P_00000187d2d11260 .param/l "i" 0 9 17, +C4<01011>;
S_00000187d2de3cb0 .scope module, "fa" "full_adder" 9 18, 9 33 0, S_00000187d2de3b20;
 .timescale 0 0;
    .port_info 0 /INPUT 1 "a";
    .port_info 1 /INPUT 1 "b";
    .port_info 2 /INPUT 1 "cin";
    .port_info 3 /OUTPUT 1 "sum";
    .port_info 4 /OUTPUT 1 "cout";
L_00000187d2eb9290 .functor XOR 1, L_00000187d2e36210, L_00000187d2e34c30, C4<0>, C4<0>;
L_00000187d2eb8ea0 .functor XOR 1, L_00000187d2eb9290, L_00000187d2e368f0, C4<0>, C4<0>;
L_00000187d2eb8f10 .functor AND 1, L_00000187d2e36210, L_00000187d2e34c30, C4<1>, C4<1>;
L_00000187d2eb7d20 .functor XOR 1, L_00000187d2e36210, L_00000187d2e34c30, C4<0>, C4<0>;
L_00000187d2eb8960 .functor AND 1, L_00000187d2e368f0, L_00000187d2eb7d20, C4<1>, C4<1>;
L_00000187d2eb8880 .functor OR 1, L_00000187d2eb8f10, L_00000187d2eb8960, C4<0>, C4<0>;
v00000187d2dd65e0_0 .net *"_ivl_0", 0 0, L_00000187d2eb9290;  1 drivers
v00000187d2dd76c0_0 .net *"_ivl_4", 0 0, L_00000187d2eb8f10;  1 drivers
v00000187d2dd6ea0_0 .net *"_ivl_6", 0 0, L_00000187d2eb7d20;  1 drivers
v00000187d2dd6400_0 .net *"_ivl_8", 0 0, L_00000187d2eb8960;  1 drivers
v00000187d2dd69a0_0 .net "a", 0 0, L_00000187d2e36210;  1 drivers
v00000187d2dd58c0_0 .net "b", 0 0, L_00000187d2e34c30;  1 drivers
v00000187d2dd5460_0 .net "cin", 0 0, L_00000187d2e368f0;  1 drivers
v00000187d2dd56e0_0 .net "cout", 0 0, L_00000187d2eb8880;  1 drivers
v00000187d2dd5b40_0 .net "sum", 0 0, L_00000187d2eb8ea0;  1 drivers
S_00000187d2de3030 .scope generate, "fa_gen[12]" "fa_gen[12]" 9 17, 9 17 0, S_00000187d2dcfaf0;
 .timescale 0 0;
P_00000187d2d11360 .param/l "i" 0 9 17, +C4<01100>;
S_00000187d2de3e40 .scope module, "fa" "full_adder" 9 18, 9 33 0, S_00000187d2de3030;
 .timescale 0 0;
    .port_info 0 /INPUT 1 "a";
    .port_info 1 /INPUT 1 "b";
    .port_info 2 /INPUT 1 "cin";
    .port_info 3 /OUTPUT 1 "sum";
    .port_info 4 /OUTPUT 1 "cout";
L_00000187d2eb8180 .functor XOR 1, L_00000187d2e35db0, L_00000187d2e351d0, C4<0>, C4<0>;
L_00000187d2eb9220 .functor XOR 1, L_00000187d2eb8180, L_00000187d2e34f50, C4<0>, C4<0>;
L_00000187d2eb8570 .functor AND 1, L_00000187d2e35db0, L_00000187d2e351d0, C4<1>, C4<1>;
L_00000187d2eb8e30 .functor XOR 1, L_00000187d2e35db0, L_00000187d2e351d0, C4<0>, C4<0>;
L_00000187d2eb8c70 .functor AND 1, L_00000187d2e34f50, L_00000187d2eb8e30, C4<1>, C4<1>;
L_00000187d2eb8f80 .functor OR 1, L_00000187d2eb8570, L_00000187d2eb8c70, C4<0>, C4<0>;
v00000187d2dd5c80_0 .net *"_ivl_0", 0 0, L_00000187d2eb8180;  1 drivers
v00000187d2dd5be0_0 .net *"_ivl_4", 0 0, L_00000187d2eb8570;  1 drivers
v00000187d2dd6540_0 .net *"_ivl_6", 0 0, L_00000187d2eb8e30;  1 drivers
v00000187d2dd6180_0 .net *"_ivl_8", 0 0, L_00000187d2eb8c70;  1 drivers
v00000187d2dd6220_0 .net "a", 0 0, L_00000187d2e35db0;  1 drivers
v00000187d2dd6a40_0 .net "b", 0 0, L_00000187d2e351d0;  1 drivers
v00000187d2dd6680_0 .net "cin", 0 0, L_00000187d2e34f50;  1 drivers
v00000187d2dd7620_0 .net "cout", 0 0, L_00000187d2eb8f80;  1 drivers
v00000187d2dd74e0_0 .net "sum", 0 0, L_00000187d2eb9220;  1 drivers
S_00000187d2de2d10 .scope generate, "fa_gen[13]" "fa_gen[13]" 9 17, 9 17 0, S_00000187d2dcfaf0;
 .timescale 0 0;
P_00000187d2d11aa0 .param/l "i" 0 9 17, +C4<01101>;
S_00000187d2de2090 .scope module, "fa" "full_adder" 9 18, 9 33 0, S_00000187d2de2d10;
 .timescale 0 0;
    .port_info 0 /INPUT 1 "a";
    .port_info 1 /INPUT 1 "b";
    .port_info 2 /INPUT 1 "cin";
    .port_info 3 /OUTPUT 1 "sum";
    .port_info 4 /OUTPUT 1 "cout";
L_00000187d2eb83b0 .functor XOR 1, L_00000187d2e356d0, L_00000187d2e34cd0, C4<0>, C4<0>;
L_00000187d2eb8650 .functor XOR 1, L_00000187d2eb83b0, L_00000187d2e35f90, C4<0>, C4<0>;
L_00000187d2eb8c00 .functor AND 1, L_00000187d2e356d0, L_00000187d2e34cd0, C4<1>, C4<1>;
L_00000187d2eb9060 .functor XOR 1, L_00000187d2e356d0, L_00000187d2e34cd0, C4<0>, C4<0>;
L_00000187d2eb85e0 .functor AND 1, L_00000187d2e35f90, L_00000187d2eb9060, C4<1>, C4<1>;
L_00000187d2eb80a0 .functor OR 1, L_00000187d2eb8c00, L_00000187d2eb85e0, C4<0>, C4<0>;
v00000187d2dd5d20_0 .net *"_ivl_0", 0 0, L_00000187d2eb83b0;  1 drivers
v00000187d2dd7580_0 .net *"_ivl_4", 0 0, L_00000187d2eb8c00;  1 drivers
v00000187d2dd6860_0 .net *"_ivl_6", 0 0, L_00000187d2eb9060;  1 drivers
v00000187d2dd5960_0 .net *"_ivl_8", 0 0, L_00000187d2eb85e0;  1 drivers
v00000187d2dd7260_0 .net "a", 0 0, L_00000187d2e356d0;  1 drivers
v00000187d2dd7300_0 .net "b", 0 0, L_00000187d2e34cd0;  1 drivers
v00000187d2dd6720_0 .net "cin", 0 0, L_00000187d2e35f90;  1 drivers
v00000187d2dd5fa0_0 .net "cout", 0 0, L_00000187d2eb80a0;  1 drivers
v00000187d2dd5500_0 .net "sum", 0 0, L_00000187d2eb8650;  1 drivers
S_00000187d2de2220 .scope generate, "fa_gen[14]" "fa_gen[14]" 9 17, 9 17 0, S_00000187d2dcfaf0;
 .timescale 0 0;
P_00000187d2d117a0 .param/l "i" 0 9 17, +C4<01110>;
S_00000187d2de23b0 .scope module, "fa" "full_adder" 9 18, 9 33 0, S_00000187d2de2220;
 .timescale 0 0;
    .port_info 0 /INPUT 1 "a";
    .port_info 1 /INPUT 1 "b";
    .port_info 2 /INPUT 1 "cin";
    .port_info 3 /OUTPUT 1 "sum";
    .port_info 4 /OUTPUT 1 "cout";
L_00000187d2eb8260 .functor XOR 1, L_00000187d2e34910, L_00000187d2e349b0, C4<0>, C4<0>;
L_00000187d2eb91b0 .functor XOR 1, L_00000187d2eb8260, L_00000187d2e34550, C4<0>, C4<0>;
L_00000187d2eb95a0 .functor AND 1, L_00000187d2e34910, L_00000187d2e349b0, C4<1>, C4<1>;
L_00000187d2eb8a40 .functor XOR 1, L_00000187d2e34910, L_00000187d2e349b0, C4<0>, C4<0>;
L_00000187d2eb9610 .functor AND 1, L_00000187d2e34550, L_00000187d2eb8a40, C4<1>, C4<1>;
L_00000187d2eb8ce0 .functor OR 1, L_00000187d2eb95a0, L_00000187d2eb9610, C4<0>, C4<0>;
v00000187d2dd6ae0_0 .net *"_ivl_0", 0 0, L_00000187d2eb8260;  1 drivers
v00000187d2dd5640_0 .net *"_ivl_4", 0 0, L_00000187d2eb95a0;  1 drivers
v00000187d2dd6fe0_0 .net *"_ivl_6", 0 0, L_00000187d2eb8a40;  1 drivers
v00000187d2dd7440_0 .net *"_ivl_8", 0 0, L_00000187d2eb9610;  1 drivers
v00000187d2dd7080_0 .net "a", 0 0, L_00000187d2e34910;  1 drivers
v00000187d2dd71c0_0 .net "b", 0 0, L_00000187d2e349b0;  1 drivers
v00000187d2dd73a0_0 .net "cin", 0 0, L_00000187d2e34550;  1 drivers
v00000187d2dd6040_0 .net "cout", 0 0, L_00000187d2eb8ce0;  1 drivers
v00000187d2dd7120_0 .net "sum", 0 0, L_00000187d2eb91b0;  1 drivers
S_00000187d2de2540 .scope generate, "fa_gen[15]" "fa_gen[15]" 9 17, 9 17 0, S_00000187d2dcfaf0;
 .timescale 0 0;
P_00000187d2d11ae0 .param/l "i" 0 9 17, +C4<01111>;
S_00000187d2de26d0 .scope module, "fa" "full_adder" 9 18, 9 33 0, S_00000187d2de2540;
 .timescale 0 0;
    .port_info 0 /INPUT 1 "a";
    .port_info 1 /INPUT 1 "b";
    .port_info 2 /INPUT 1 "cin";
    .port_info 3 /OUTPUT 1 "sum";
    .port_info 4 /OUTPUT 1 "cout";
L_00000187d2eb8ab0 .functor XOR 1, L_00000187d2e34a50, L_00000187d2e35270, C4<0>, C4<0>;
L_00000187d2eb7af0 .functor XOR 1, L_00000187d2eb8ab0, L_00000187d2e36530, C4<0>, C4<0>;
L_00000187d2eb88f0 .functor AND 1, L_00000187d2e34a50, L_00000187d2e35270, C4<1>, C4<1>;
L_00000187d2eb8b20 .functor XOR 1, L_00000187d2e34a50, L_00000187d2e35270, C4<0>, C4<0>;
L_00000187d2eb90d0 .functor AND 1, L_00000187d2e36530, L_00000187d2eb8b20, C4<1>, C4<1>;
L_00000187d2eb82d0 .functor OR 1, L_00000187d2eb88f0, L_00000187d2eb90d0, C4<0>, C4<0>;
v00000187d2dd5a00_0 .net *"_ivl_0", 0 0, L_00000187d2eb8ab0;  1 drivers
v00000187d2dd7800_0 .net *"_ivl_4", 0 0, L_00000187d2eb88f0;  1 drivers
v00000187d2dd62c0_0 .net *"_ivl_6", 0 0, L_00000187d2eb8b20;  1 drivers
v00000187d2dd6360_0 .net *"_ivl_8", 0 0, L_00000187d2eb90d0;  1 drivers
v00000187d2dd5280_0 .net "a", 0 0, L_00000187d2e34a50;  1 drivers
v00000187d2dd6c20_0 .net "b", 0 0, L_00000187d2e35270;  1 drivers
v00000187d2dd55a0_0 .net "cin", 0 0, L_00000187d2e36530;  1 drivers
v00000187d2dd67c0_0 .net "cout", 0 0, L_00000187d2eb82d0;  1 drivers
v00000187d2dd6b80_0 .net "sum", 0 0, L_00000187d2eb7af0;  1 drivers
S_00000187d2de31c0 .scope generate, "fa_gen[16]" "fa_gen[16]" 9 17, 9 17 0, S_00000187d2dcfaf0;
 .timescale 0 0;
P_00000187d2d11920 .param/l "i" 0 9 17, +C4<010000>;
S_00000187d2de2860 .scope module, "fa" "full_adder" 9 18, 9 33 0, S_00000187d2de31c0;
 .timescale 0 0;
    .port_info 0 /INPUT 1 "a";
    .port_info 1 /INPUT 1 "b";
    .port_info 2 /INPUT 1 "cin";
    .port_info 3 /OUTPUT 1 "sum";
    .port_info 4 /OUTPUT 1 "cout";
L_00000187d2eb8730 .functor XOR 1, L_00000187d2e365d0, L_00000187d2e35e50, C4<0>, C4<0>;
L_00000187d2eb8340 .functor XOR 1, L_00000187d2eb8730, L_00000187d2e35950, C4<0>, C4<0>;
L_00000187d2eb86c0 .functor AND 1, L_00000187d2e365d0, L_00000187d2e35e50, C4<1>, C4<1>;
L_00000187d2eb87a0 .functor XOR 1, L_00000187d2e365d0, L_00000187d2e35e50, C4<0>, C4<0>;
L_00000187d2eb8b90 .functor AND 1, L_00000187d2e35950, L_00000187d2eb87a0, C4<1>, C4<1>;
L_00000187d2eb8420 .functor OR 1, L_00000187d2eb86c0, L_00000187d2eb8b90, C4<0>, C4<0>;
v00000187d2dd6cc0_0 .net *"_ivl_0", 0 0, L_00000187d2eb8730;  1 drivers
v00000187d2dd6e00_0 .net *"_ivl_4", 0 0, L_00000187d2eb86c0;  1 drivers
v00000187d2dd50a0_0 .net *"_ivl_6", 0 0, L_00000187d2eb87a0;  1 drivers
v00000187d2dd51e0_0 .net *"_ivl_8", 0 0, L_00000187d2eb8b90;  1 drivers
v00000187d2dd5320_0 .net "a", 0 0, L_00000187d2e365d0;  1 drivers
v00000187d2dd5780_0 .net "b", 0 0, L_00000187d2e35e50;  1 drivers
v00000187d2dd53c0_0 .net "cin", 0 0, L_00000187d2e35950;  1 drivers
v00000187d2dd5820_0 .net "cout", 0 0, L_00000187d2eb8420;  1 drivers
v00000187d2dd97e0_0 .net "sum", 0 0, L_00000187d2eb8340;  1 drivers
S_00000187d2de29f0 .scope generate, "fa_gen[17]" "fa_gen[17]" 9 17, 9 17 0, S_00000187d2dcfaf0;
 .timescale 0 0;
P_00000187d2d11ca0 .param/l "i" 0 9 17, +C4<010001>;
S_00000187d2de2b80 .scope module, "fa" "full_adder" 9 18, 9 33 0, S_00000187d2de29f0;
 .timescale 0 0;
    .port_info 0 /INPUT 1 "a";
    .port_info 1 /INPUT 1 "b";
    .port_info 2 /INPUT 1 "cin";
    .port_info 3 /OUTPUT 1 "sum";
    .port_info 4 /OUTPUT 1 "cout";
L_00000187d2eb9450 .functor XOR 1, L_00000187d2e362b0, L_00000187d2e36670, C4<0>, C4<0>;
L_00000187d2eb9300 .functor XOR 1, L_00000187d2eb9450, L_00000187d2e35310, C4<0>, C4<0>;
L_00000187d2eb9370 .functor AND 1, L_00000187d2e362b0, L_00000187d2e36670, C4<1>, C4<1>;
L_00000187d2eb8810 .functor XOR 1, L_00000187d2e362b0, L_00000187d2e36670, C4<0>, C4<0>;
L_00000187d2eb8d50 .functor AND 1, L_00000187d2e35310, L_00000187d2eb8810, C4<1>, C4<1>;
L_00000187d2eb94c0 .functor OR 1, L_00000187d2eb9370, L_00000187d2eb8d50, C4<0>, C4<0>;
v00000187d2dd9e20_0 .net *"_ivl_0", 0 0, L_00000187d2eb9450;  1 drivers
v00000187d2dd9ec0_0 .net *"_ivl_4", 0 0, L_00000187d2eb9370;  1 drivers
v00000187d2dd9240_0 .net *"_ivl_6", 0 0, L_00000187d2eb8810;  1 drivers
v00000187d2dd9ba0_0 .net *"_ivl_8", 0 0, L_00000187d2eb8d50;  1 drivers
v00000187d2dd9100_0 .net "a", 0 0, L_00000187d2e362b0;  1 drivers
v00000187d2dd7b20_0 .net "b", 0 0, L_00000187d2e36670;  1 drivers
v00000187d2dd91a0_0 .net "cin", 0 0, L_00000187d2e35310;  1 drivers
v00000187d2dd8200_0 .net "cout", 0 0, L_00000187d2eb94c0;  1 drivers
v00000187d2dd9f60_0 .net "sum", 0 0, L_00000187d2eb9300;  1 drivers
S_00000187d2de34e0 .scope generate, "fa_gen[18]" "fa_gen[18]" 9 17, 9 17 0, S_00000187d2dcfaf0;
 .timescale 0 0;
P_00000187d2d11c20 .param/l "i" 0 9 17, +C4<010010>;
S_00000187d2de2ea0 .scope module, "fa" "full_adder" 9 18, 9 33 0, S_00000187d2de34e0;
 .timescale 0 0;
    .port_info 0 /INPUT 1 "a";
    .port_info 1 /INPUT 1 "b";
    .port_info 2 /INPUT 1 "cin";
    .port_info 3 /OUTPUT 1 "sum";
    .port_info 4 /OUTPUT 1 "cout";
L_00000187d2eb8490 .functor XOR 1, L_00000187d2e36710, L_00000187d2e367b0, C4<0>, C4<0>;
L_00000187d2eb7e70 .functor XOR 1, L_00000187d2eb8490, L_00000187d2e36850, C4<0>, C4<0>;
L_00000187d2eb7ee0 .functor AND 1, L_00000187d2e36710, L_00000187d2e367b0, C4<1>, C4<1>;
L_00000187d2eb9530 .functor XOR 1, L_00000187d2e36710, L_00000187d2e367b0, C4<0>, C4<0>;
L_00000187d2eb8dc0 .functor AND 1, L_00000187d2e36850, L_00000187d2eb9530, C4<1>, C4<1>;
L_00000187d2eb8500 .functor OR 1, L_00000187d2eb7ee0, L_00000187d2eb8dc0, C4<0>, C4<0>;
v00000187d2dda000_0 .net *"_ivl_0", 0 0, L_00000187d2eb8490;  1 drivers
v00000187d2dd78a0_0 .net *"_ivl_4", 0 0, L_00000187d2eb7ee0;  1 drivers
v00000187d2dd8980_0 .net *"_ivl_6", 0 0, L_00000187d2eb9530;  1 drivers
v00000187d2dd79e0_0 .net *"_ivl_8", 0 0, L_00000187d2eb8dc0;  1 drivers
v00000187d2dd80c0_0 .net "a", 0 0, L_00000187d2e36710;  1 drivers
v00000187d2dd8520_0 .net "b", 0 0, L_00000187d2e367b0;  1 drivers
v00000187d2dd8a20_0 .net "cin", 0 0, L_00000187d2e36850;  1 drivers
v00000187d2dd8ac0_0 .net "cout", 0 0, L_00000187d2eb8500;  1 drivers
v00000187d2dd7bc0_0 .net "sum", 0 0, L_00000187d2eb7e70;  1 drivers
S_00000187d2de3670 .scope generate, "fa_gen[19]" "fa_gen[19]" 9 17, 9 17 0, S_00000187d2dcfaf0;
 .timescale 0 0;
P_00000187d2d11960 .param/l "i" 0 9 17, +C4<010011>;
S_00000187d2de3800 .scope module, "fa" "full_adder" 9 18, 9 33 0, S_00000187d2de3670;
 .timescale 0 0;
    .port_info 0 /INPUT 1 "a";
    .port_info 1 /INPUT 1 "b";
    .port_info 2 /INPUT 1 "cin";
    .port_info 3 /OUTPUT 1 "sum";
    .port_info 4 /OUTPUT 1 "cout";
L_00000187d2eb9680 .functor XOR 1, L_00000187d2e353b0, L_00000187d2e34370, C4<0>, C4<0>;
L_00000187d2eb7cb0 .functor XOR 1, L_00000187d2eb9680, L_00000187d2e344b0, C4<0>, C4<0>;
L_00000187d2eb7b60 .functor AND 1, L_00000187d2e353b0, L_00000187d2e34370, C4<1>, C4<1>;
L_00000187d2eb7bd0 .functor XOR 1, L_00000187d2e353b0, L_00000187d2e34370, C4<0>, C4<0>;
L_00000187d2eb7c40 .functor AND 1, L_00000187d2e344b0, L_00000187d2eb7bd0, C4<1>, C4<1>;
L_00000187d2eb7e00 .functor OR 1, L_00000187d2eb7b60, L_00000187d2eb7c40, C4<0>, C4<0>;
v00000187d2dd9ce0_0 .net *"_ivl_0", 0 0, L_00000187d2eb9680;  1 drivers
v00000187d2dd8ca0_0 .net *"_ivl_4", 0 0, L_00000187d2eb7b60;  1 drivers
v00000187d2dd88e0_0 .net *"_ivl_6", 0 0, L_00000187d2eb7bd0;  1 drivers
v00000187d2dd8c00_0 .net *"_ivl_8", 0 0, L_00000187d2eb7c40;  1 drivers
v00000187d2dd9380_0 .net "a", 0 0, L_00000187d2e353b0;  1 drivers
v00000187d2dd8b60_0 .net "b", 0 0, L_00000187d2e34370;  1 drivers
v00000187d2dd9a60_0 .net "cin", 0 0, L_00000187d2e344b0;  1 drivers
v00000187d2dd8020_0 .net "cout", 0 0, L_00000187d2eb7e00;  1 drivers
v00000187d2dd7940_0 .net "sum", 0 0, L_00000187d2eb7cb0;  1 drivers
S_00000187d2de4230 .scope generate, "fa_gen[20]" "fa_gen[20]" 9 17, 9 17 0, S_00000187d2dcfaf0;
 .timescale 0 0;
P_00000187d2d119a0 .param/l "i" 0 9 17, +C4<010100>;
S_00000187d2de43c0 .scope module, "fa" "full_adder" 9 18, 9 33 0, S_00000187d2de4230;
 .timescale 0 0;
    .port_info 0 /INPUT 1 "a";
    .port_info 1 /INPUT 1 "b";
    .port_info 2 /INPUT 1 "cin";
    .port_info 3 /OUTPUT 1 "sum";
    .port_info 4 /OUTPUT 1 "cout";
L_00000187d2eb7f50 .functor XOR 1, L_00000187d2e34190, L_00000187d2e360d0, C4<0>, C4<0>;
L_00000187d2eb7fc0 .functor XOR 1, L_00000187d2eb7f50, L_00000187d2e34230, C4<0>, C4<0>;
L_00000187d2eb8030 .functor AND 1, L_00000187d2e34190, L_00000187d2e360d0, C4<1>, C4<1>;
L_00000187d2eb8110 .functor XOR 1, L_00000187d2e34190, L_00000187d2e360d0, C4<0>, C4<0>;
L_00000187d2eba410 .functor AND 1, L_00000187d2e34230, L_00000187d2eb8110, C4<1>, C4<1>;
L_00000187d2eb9d80 .functor OR 1, L_00000187d2eb8030, L_00000187d2eba410, C4<0>, C4<0>;
v00000187d2dd87a0_0 .net *"_ivl_0", 0 0, L_00000187d2eb7f50;  1 drivers
v00000187d2dd82a0_0 .net *"_ivl_4", 0 0, L_00000187d2eb8030;  1 drivers
v00000187d2dd8d40_0 .net *"_ivl_6", 0 0, L_00000187d2eb8110;  1 drivers
v00000187d2dd9420_0 .net *"_ivl_8", 0 0, L_00000187d2eba410;  1 drivers
v00000187d2dd85c0_0 .net "a", 0 0, L_00000187d2e34190;  1 drivers
v00000187d2dd8340_0 .net "b", 0 0, L_00000187d2e360d0;  1 drivers
v00000187d2dd8660_0 .net "cin", 0 0, L_00000187d2e34230;  1 drivers
v00000187d2dd8de0_0 .net "cout", 0 0, L_00000187d2eb9d80;  1 drivers
v00000187d2dd9060_0 .net "sum", 0 0, L_00000187d2eb7fc0;  1 drivers
S_00000187d2de4a00 .scope generate, "fa_gen[21]" "fa_gen[21]" 9 17, 9 17 0, S_00000187d2dcfaf0;
 .timescale 0 0;
P_00000187d2d11160 .param/l "i" 0 9 17, +C4<010101>;
S_00000187d2de4550 .scope module, "fa" "full_adder" 9 18, 9 33 0, S_00000187d2de4a00;
 .timescale 0 0;
    .port_info 0 /INPUT 1 "a";
    .port_info 1 /INPUT 1 "b";
    .port_info 2 /INPUT 1 "cin";
    .port_info 3 /OUTPUT 1 "sum";
    .port_info 4 /OUTPUT 1 "cout";
L_00000187d2eba330 .functor XOR 1, L_00000187d2e342d0, L_00000187d2e34410, C4<0>, C4<0>;
L_00000187d2ebb1a0 .functor XOR 1, L_00000187d2eba330, L_00000187d2e359f0, C4<0>, C4<0>;
L_00000187d2eba480 .functor AND 1, L_00000187d2e342d0, L_00000187d2e34410, C4<1>, C4<1>;
L_00000187d2eba9c0 .functor XOR 1, L_00000187d2e342d0, L_00000187d2e34410, C4<0>, C4<0>;
L_00000187d2eba800 .functor AND 1, L_00000187d2e359f0, L_00000187d2eba9c0, C4<1>, C4<1>;
L_00000187d2eba5d0 .functor OR 1, L_00000187d2eba480, L_00000187d2eba800, C4<0>, C4<0>;
v00000187d2dd8e80_0 .net *"_ivl_0", 0 0, L_00000187d2eba330;  1 drivers
v00000187d2dd8f20_0 .net *"_ivl_4", 0 0, L_00000187d2eba480;  1 drivers
v00000187d2dd8700_0 .net *"_ivl_6", 0 0, L_00000187d2eba9c0;  1 drivers
v00000187d2dd8fc0_0 .net *"_ivl_8", 0 0, L_00000187d2eba800;  1 drivers
v00000187d2dd94c0_0 .net "a", 0 0, L_00000187d2e342d0;  1 drivers
v00000187d2dd8160_0 .net "b", 0 0, L_00000187d2e34410;  1 drivers
v00000187d2dd7c60_0 .net "cin", 0 0, L_00000187d2e359f0;  1 drivers
v00000187d2dd92e0_0 .net "cout", 0 0, L_00000187d2eba5d0;  1 drivers
v00000187d2dd7a80_0 .net "sum", 0 0, L_00000187d2ebb1a0;  1 drivers
S_00000187d2de5e50 .scope generate, "fa_gen[22]" "fa_gen[22]" 9 17, 9 17 0, S_00000187d2dcfaf0;
 .timescale 0 0;
P_00000187d2d11fa0 .param/l "i" 0 9 17, +C4<010110>;
S_00000187d2de54f0 .scope module, "fa" "full_adder" 9 18, 9 33 0, S_00000187d2de5e50;
 .timescale 0 0;
    .port_info 0 /INPUT 1 "a";
    .port_info 1 /INPUT 1 "b";
    .port_info 2 /INPUT 1 "cin";
    .port_info 3 /OUTPUT 1 "sum";
    .port_info 4 /OUTPUT 1 "cout";
L_00000187d2ebaaa0 .functor XOR 1, L_00000187d2e34d70, L_00000187d2e34af0, C4<0>, C4<0>;
L_00000187d2ebac60 .functor XOR 1, L_00000187d2ebaaa0, L_00000187d2e34b90, C4<0>, C4<0>;
L_00000187d2eba870 .functor AND 1, L_00000187d2e34d70, L_00000187d2e34af0, C4<1>, C4<1>;
L_00000187d2eb98b0 .functor XOR 1, L_00000187d2e34d70, L_00000187d2e34af0, C4<0>, C4<0>;
L_00000187d2eba2c0 .functor AND 1, L_00000187d2e34b90, L_00000187d2eb98b0, C4<1>, C4<1>;
L_00000187d2eba3a0 .functor OR 1, L_00000187d2eba870, L_00000187d2eba2c0, C4<0>, C4<0>;
v00000187d2dd7f80_0 .net *"_ivl_0", 0 0, L_00000187d2ebaaa0;  1 drivers
v00000187d2dd7d00_0 .net *"_ivl_4", 0 0, L_00000187d2eba870;  1 drivers
v00000187d2dd83e0_0 .net *"_ivl_6", 0 0, L_00000187d2eb98b0;  1 drivers
v00000187d2dd7ee0_0 .net *"_ivl_8", 0 0, L_00000187d2eba2c0;  1 drivers
v00000187d2dd9560_0 .net "a", 0 0, L_00000187d2e34d70;  1 drivers
v00000187d2dd8480_0 .net "b", 0 0, L_00000187d2e34af0;  1 drivers
v00000187d2dd7da0_0 .net "cin", 0 0, L_00000187d2e34b90;  1 drivers
v00000187d2dd8840_0 .net "cout", 0 0, L_00000187d2eba3a0;  1 drivers
v00000187d2dd7e40_0 .net "sum", 0 0, L_00000187d2ebac60;  1 drivers
S_00000187d2de4870 .scope generate, "fa_gen[23]" "fa_gen[23]" 9 17, 9 17 0, S_00000187d2dcfaf0;
 .timescale 0 0;
P_00000187d2d111e0 .param/l "i" 0 9 17, +C4<010111>;
S_00000187d2de4b90 .scope module, "fa" "full_adder" 9 18, 9 33 0, S_00000187d2de4870;
 .timescale 0 0;
    .port_info 0 /INPUT 1 "a";
    .port_info 1 /INPUT 1 "b";
    .port_info 2 /INPUT 1 "cin";
    .port_info 3 /OUTPUT 1 "sum";
    .port_info 4 /OUTPUT 1 "cout";
L_00000187d2eba090 .functor XOR 1, L_00000187d2e345f0, L_00000187d2e34e10, C4<0>, C4<0>;
L_00000187d2eba100 .functor XOR 1, L_00000187d2eba090, L_00000187d2e34690, C4<0>, C4<0>;
L_00000187d2eb9f40 .functor AND 1, L_00000187d2e345f0, L_00000187d2e34e10, C4<1>, C4<1>;
L_00000187d2eba560 .functor XOR 1, L_00000187d2e345f0, L_00000187d2e34e10, C4<0>, C4<0>;
L_00000187d2eba250 .functor AND 1, L_00000187d2e34690, L_00000187d2eba560, C4<1>, C4<1>;
L_00000187d2ebafe0 .functor OR 1, L_00000187d2eb9f40, L_00000187d2eba250, C4<0>, C4<0>;
v00000187d2dd9600_0 .net *"_ivl_0", 0 0, L_00000187d2eba090;  1 drivers
v00000187d2dd96a0_0 .net *"_ivl_4", 0 0, L_00000187d2eb9f40;  1 drivers
v00000187d2dd9d80_0 .net *"_ivl_6", 0 0, L_00000187d2eba560;  1 drivers
v00000187d2dd9740_0 .net *"_ivl_8", 0 0, L_00000187d2eba250;  1 drivers
v00000187d2dd9880_0 .net "a", 0 0, L_00000187d2e345f0;  1 drivers
v00000187d2dd9920_0 .net "b", 0 0, L_00000187d2e34e10;  1 drivers
v00000187d2dd99c0_0 .net "cin", 0 0, L_00000187d2e34690;  1 drivers
v00000187d2dd9b00_0 .net "cout", 0 0, L_00000187d2ebafe0;  1 drivers
v00000187d2dd9c40_0 .net "sum", 0 0, L_00000187d2eba100;  1 drivers
S_00000187d2de5cc0 .scope generate, "fa_gen[24]" "fa_gen[24]" 9 17, 9 17 0, S_00000187d2dcfaf0;
 .timescale 0 0;
P_00000187d2d119e0 .param/l "i" 0 9 17, +C4<011000>;
S_00000187d2de4d20 .scope module, "fa" "full_adder" 9 18, 9 33 0, S_00000187d2de5cc0;
 .timescale 0 0;
    .port_info 0 /INPUT 1 "a";
    .port_info 1 /INPUT 1 "b";
    .port_info 2 /INPUT 1 "cin";
    .port_info 3 /OUTPUT 1 "sum";
    .port_info 4 /OUTPUT 1 "cout";
L_00000187d2eba640 .functor XOR 1, L_00000187d2e34eb0, L_00000187d2e34ff0, C4<0>, C4<0>;
L_00000187d2eba170 .functor XOR 1, L_00000187d2eba640, L_00000187d2e35450, C4<0>, C4<0>;
L_00000187d2eb9990 .functor AND 1, L_00000187d2e34eb0, L_00000187d2e34ff0, C4<1>, C4<1>;
L_00000187d2eb9d10 .functor XOR 1, L_00000187d2e34eb0, L_00000187d2e34ff0, C4<0>, C4<0>;
L_00000187d2eb9a00 .functor AND 1, L_00000187d2e35450, L_00000187d2eb9d10, C4<1>, C4<1>;
L_00000187d2eb9ed0 .functor OR 1, L_00000187d2eb9990, L_00000187d2eb9a00, C4<0>, C4<0>;
v00000187d2ddbd60_0 .net *"_ivl_0", 0 0, L_00000187d2eba640;  1 drivers
v00000187d2ddb680_0 .net *"_ivl_4", 0 0, L_00000187d2eb9990;  1 drivers
v00000187d2dda460_0 .net *"_ivl_6", 0 0, L_00000187d2eb9d10;  1 drivers
v00000187d2ddbe00_0 .net *"_ivl_8", 0 0, L_00000187d2eb9a00;  1 drivers
v00000187d2ddc080_0 .net "a", 0 0, L_00000187d2e34eb0;  1 drivers
v00000187d2ddc440_0 .net "b", 0 0, L_00000187d2e34ff0;  1 drivers
v00000187d2ddac80_0 .net "cin", 0 0, L_00000187d2e35450;  1 drivers
v00000187d2dda960_0 .net "cout", 0 0, L_00000187d2eb9ed0;  1 drivers
v00000187d2ddbfe0_0 .net "sum", 0 0, L_00000187d2eba170;  1 drivers
S_00000187d2de5810 .scope generate, "fa_gen[25]" "fa_gen[25]" 9 17, 9 17 0, S_00000187d2dcfaf0;
 .timescale 0 0;
P_00000187d2d11ce0 .param/l "i" 0 9 17, +C4<011001>;
S_00000187d2de4eb0 .scope module, "fa" "full_adder" 9 18, 9 33 0, S_00000187d2de5810;
 .timescale 0 0;
    .port_info 0 /INPUT 1 "a";
    .port_info 1 /INPUT 1 "b";
    .port_info 2 /INPUT 1 "cin";
    .port_info 3 /OUTPUT 1 "sum";
    .port_info 4 /OUTPUT 1 "cout";
L_00000187d2eba6b0 .functor XOR 1, L_00000187d2e35590, L_00000187d2e35810, C4<0>, C4<0>;
L_00000187d2eb9840 .functor XOR 1, L_00000187d2eba6b0, L_00000187d2e35a90, C4<0>, C4<0>;
L_00000187d2eb9ae0 .functor AND 1, L_00000187d2e35590, L_00000187d2e35810, C4<1>, C4<1>;
L_00000187d2eb97d0 .functor XOR 1, L_00000187d2e35590, L_00000187d2e35810, C4<0>, C4<0>;
L_00000187d2ebae90 .functor AND 1, L_00000187d2e35a90, L_00000187d2eb97d0, C4<1>, C4<1>;
L_00000187d2ebab10 .functor OR 1, L_00000187d2eb9ae0, L_00000187d2ebae90, C4<0>, C4<0>;
v00000187d2ddb7c0_0 .net *"_ivl_0", 0 0, L_00000187d2eba6b0;  1 drivers
v00000187d2ddc120_0 .net *"_ivl_4", 0 0, L_00000187d2eb9ae0;  1 drivers
v00000187d2ddc800_0 .net *"_ivl_6", 0 0, L_00000187d2eb97d0;  1 drivers
v00000187d2ddc1c0_0 .net *"_ivl_8", 0 0, L_00000187d2ebae90;  1 drivers
v00000187d2ddad20_0 .net "a", 0 0, L_00000187d2e35590;  1 drivers
v00000187d2ddbea0_0 .net "b", 0 0, L_00000187d2e35810;  1 drivers
v00000187d2ddb720_0 .net "cin", 0 0, L_00000187d2e35a90;  1 drivers
v00000187d2ddc260_0 .net "cout", 0 0, L_00000187d2ebab10;  1 drivers
v00000187d2ddc3a0_0 .net "sum", 0 0, L_00000187d2eb9840;  1 drivers
S_00000187d2de46e0 .scope generate, "fa_gen[26]" "fa_gen[26]" 9 17, 9 17 0, S_00000187d2dcfaf0;
 .timescale 0 0;
P_00000187d2d113e0 .param/l "i" 0 9 17, +C4<011010>;
S_00000187d2de51d0 .scope module, "fa" "full_adder" 9 18, 9 33 0, S_00000187d2de46e0;
 .timescale 0 0;
    .port_info 0 /INPUT 1 "a";
    .port_info 1 /INPUT 1 "b";
    .port_info 2 /INPUT 1 "cin";
    .port_info 3 /OUTPUT 1 "sum";
    .port_info 4 /OUTPUT 1 "cout";
L_00000187d2eba1e0 .functor XOR 1, L_00000187d2e35bd0, L_00000187d2e37250, C4<0>, C4<0>;
L_00000187d2eba720 .functor XOR 1, L_00000187d2eba1e0, L_00000187d2e36e90, C4<0>, C4<0>;
L_00000187d2eba4f0 .functor AND 1, L_00000187d2e35bd0, L_00000187d2e37250, C4<1>, C4<1>;
L_00000187d2eb9ca0 .functor XOR 1, L_00000187d2e35bd0, L_00000187d2e37250, C4<0>, C4<0>;
L_00000187d2ebacd0 .functor AND 1, L_00000187d2e36e90, L_00000187d2eb9ca0, C4<1>, C4<1>;
L_00000187d2ebab80 .functor OR 1, L_00000187d2eba4f0, L_00000187d2ebacd0, C4<0>, C4<0>;
v00000187d2ddb2c0_0 .net *"_ivl_0", 0 0, L_00000187d2eba1e0;  1 drivers
v00000187d2ddaa00_0 .net *"_ivl_4", 0 0, L_00000187d2eba4f0;  1 drivers
v00000187d2ddbf40_0 .net *"_ivl_6", 0 0, L_00000187d2eb9ca0;  1 drivers
v00000187d2ddc580_0 .net *"_ivl_8", 0 0, L_00000187d2ebacd0;  1 drivers
v00000187d2ddb9a0_0 .net "a", 0 0, L_00000187d2e35bd0;  1 drivers
v00000187d2ddb5e0_0 .net "b", 0 0, L_00000187d2e37250;  1 drivers
v00000187d2ddc4e0_0 .net "cin", 0 0, L_00000187d2e36e90;  1 drivers
v00000187d2ddbc20_0 .net "cout", 0 0, L_00000187d2ebab80;  1 drivers
v00000187d2dda500_0 .net "sum", 0 0, L_00000187d2eba720;  1 drivers
S_00000187d2de5040 .scope generate, "fa_gen[27]" "fa_gen[27]" 9 17, 9 17 0, S_00000187d2dcfaf0;
 .timescale 0 0;
P_00000187d2d11460 .param/l "i" 0 9 17, +C4<011011>;
S_00000187d2de5360 .scope module, "fa" "full_adder" 9 18, 9 33 0, S_00000187d2de5040;
 .timescale 0 0;
    .port_info 0 /INPUT 1 "a";
    .port_info 1 /INPUT 1 "b";
    .port_info 2 /INPUT 1 "cin";
    .port_info 3 /OUTPUT 1 "sum";
    .port_info 4 /OUTPUT 1 "cout";
L_00000187d2ebaf70 .functor XOR 1, L_00000187d2e37d90, L_00000187d2e36f30, C4<0>, C4<0>;
L_00000187d2eb9fb0 .functor XOR 1, L_00000187d2ebaf70, L_00000187d2e36d50, C4<0>, C4<0>;
L_00000187d2ebb210 .functor AND 1, L_00000187d2e37d90, L_00000187d2e36f30, C4<1>, C4<1>;
L_00000187d2eba8e0 .functor XOR 1, L_00000187d2e37d90, L_00000187d2e36f30, C4<0>, C4<0>;
L_00000187d2eba790 .functor AND 1, L_00000187d2e36d50, L_00000187d2eba8e0, C4<1>, C4<1>;
L_00000187d2eb9a70 .functor OR 1, L_00000187d2ebb210, L_00000187d2eba790, C4<0>, C4<0>;
v00000187d2ddba40_0 .net *"_ivl_0", 0 0, L_00000187d2ebaf70;  1 drivers
v00000187d2ddb0e0_0 .net *"_ivl_4", 0 0, L_00000187d2ebb210;  1 drivers
v00000187d2dda3c0_0 .net *"_ivl_6", 0 0, L_00000187d2eba8e0;  1 drivers
v00000187d2ddc620_0 .net *"_ivl_8", 0 0, L_00000187d2eba790;  1 drivers
v00000187d2ddb220_0 .net "a", 0 0, L_00000187d2e37d90;  1 drivers
v00000187d2ddae60_0 .net "b", 0 0, L_00000187d2e36f30;  1 drivers
v00000187d2ddc300_0 .net "cin", 0 0, L_00000187d2e36d50;  1 drivers
v00000187d2ddc6c0_0 .net "cout", 0 0, L_00000187d2eb9a70;  1 drivers
v00000187d2ddc760_0 .net "sum", 0 0, L_00000187d2eb9fb0;  1 drivers
S_00000187d2de5680 .scope generate, "fa_gen[28]" "fa_gen[28]" 9 17, 9 17 0, S_00000187d2dcfaf0;
 .timescale 0 0;
P_00000187d2d11d60 .param/l "i" 0 9 17, +C4<011100>;
S_00000187d2de59a0 .scope module, "fa" "full_adder" 9 18, 9 33 0, S_00000187d2de5680;
 .timescale 0 0;
    .port_info 0 /INPUT 1 "a";
    .port_info 1 /INPUT 1 "b";
    .port_info 2 /INPUT 1 "cin";
    .port_info 3 /OUTPUT 1 "sum";
    .port_info 4 /OUTPUT 1 "cout";
L_00000187d2eba950 .functor XOR 1, L_00000187d2e37890, L_00000187d2e386f0, C4<0>, C4<0>;
L_00000187d2ebb050 .functor XOR 1, L_00000187d2eba950, L_00000187d2e37930, C4<0>, C4<0>;
L_00000187d2ebaa30 .functor AND 1, L_00000187d2e37890, L_00000187d2e386f0, C4<1>, C4<1>;
L_00000187d2eba020 .functor XOR 1, L_00000187d2e37890, L_00000187d2e386f0, C4<0>, C4<0>;
L_00000187d2ebabf0 .functor AND 1, L_00000187d2e37930, L_00000187d2eba020, C4<1>, C4<1>;
L_00000187d2ebaf00 .functor OR 1, L_00000187d2ebaa30, L_00000187d2ebabf0, C4<0>, C4<0>;
v00000187d2ddb360_0 .net *"_ivl_0", 0 0, L_00000187d2eba950;  1 drivers
v00000187d2dda0a0_0 .net *"_ivl_4", 0 0, L_00000187d2ebaa30;  1 drivers
v00000187d2ddadc0_0 .net *"_ivl_6", 0 0, L_00000187d2eba020;  1 drivers
v00000187d2ddb400_0 .net *"_ivl_8", 0 0, L_00000187d2ebabf0;  1 drivers
v00000187d2ddb4a0_0 .net "a", 0 0, L_00000187d2e37890;  1 drivers
v00000187d2dda140_0 .net "b", 0 0, L_00000187d2e386f0;  1 drivers
v00000187d2ddb900_0 .net "cin", 0 0, L_00000187d2e37930;  1 drivers
v00000187d2ddb540_0 .net "cout", 0 0, L_00000187d2ebaf00;  1 drivers
v00000187d2ddb860_0 .net "sum", 0 0, L_00000187d2ebb050;  1 drivers
S_00000187d2de5b30 .scope generate, "fa_gen[29]" "fa_gen[29]" 9 17, 9 17 0, S_00000187d2dcfaf0;
 .timescale 0 0;
P_00000187d2d11da0 .param/l "i" 0 9 17, +C4<011101>;
S_00000187d2de40a0 .scope module, "fa" "full_adder" 9 18, 9 33 0, S_00000187d2de5b30;
 .timescale 0 0;
    .port_info 0 /INPUT 1 "a";
    .port_info 1 /INPUT 1 "b";
    .port_info 2 /INPUT 1 "cin";
    .port_info 3 /OUTPUT 1 "sum";
    .port_info 4 /OUTPUT 1 "cout";
L_00000187d2eb9df0 .functor XOR 1, L_00000187d2e37ed0, L_00000187d2e38010, C4<0>, C4<0>;
L_00000187d2eb9920 .functor XOR 1, L_00000187d2eb9df0, L_00000187d2e383d0, C4<0>, C4<0>;
L_00000187d2ebad40 .functor AND 1, L_00000187d2e37ed0, L_00000187d2e38010, C4<1>, C4<1>;
L_00000187d2eb9e60 .functor XOR 1, L_00000187d2e37ed0, L_00000187d2e38010, C4<0>, C4<0>;
L_00000187d2ebb280 .functor AND 1, L_00000187d2e383d0, L_00000187d2eb9e60, C4<1>, C4<1>;
L_00000187d2ebadb0 .functor OR 1, L_00000187d2ebad40, L_00000187d2ebb280, C4<0>, C4<0>;
v00000187d2dda1e0_0 .net *"_ivl_0", 0 0, L_00000187d2eb9df0;  1 drivers
v00000187d2dda280_0 .net *"_ivl_4", 0 0, L_00000187d2ebad40;  1 drivers
v00000187d2ddabe0_0 .net *"_ivl_6", 0 0, L_00000187d2eb9e60;  1 drivers
v00000187d2dda320_0 .net *"_ivl_8", 0 0, L_00000187d2ebb280;  1 drivers
v00000187d2dda5a0_0 .net "a", 0 0, L_00000187d2e37ed0;  1 drivers
v00000187d2ddbae0_0 .net "b", 0 0, L_00000187d2e38010;  1 drivers
v00000187d2dda8c0_0 .net "cin", 0 0, L_00000187d2e383d0;  1 drivers
v00000187d2ddb180_0 .net "cout", 0 0, L_00000187d2ebadb0;  1 drivers
v00000187d2dda640_0 .net "sum", 0 0, L_00000187d2eb9920;  1 drivers
S_00000187d2de63d0 .scope generate, "fa_gen[30]" "fa_gen[30]" 9 17, 9 17 0, S_00000187d2dcfaf0;
 .timescale 0 0;
P_00000187d2d115a0 .param/l "i" 0 9 17, +C4<011110>;
S_00000187d2de6a10 .scope module, "fa" "full_adder" 9 18, 9 33 0, S_00000187d2de63d0;
 .timescale 0 0;
    .port_info 0 /INPUT 1 "a";
    .port_info 1 /INPUT 1 "b";
    .port_info 2 /INPUT 1 "cin";
    .port_info 3 /OUTPUT 1 "sum";
    .port_info 4 /OUTPUT 1 "cout";
L_00000187d2eb96f0 .functor XOR 1, L_00000187d2e37b10, L_00000187d2e380b0, C4<0>, C4<0>;
L_00000187d2ebae20 .functor XOR 1, L_00000187d2eb96f0, L_00000187d2e36df0, C4<0>, C4<0>;
L_00000187d2ebb0c0 .functor AND 1, L_00000187d2e37b10, L_00000187d2e380b0, C4<1>, C4<1>;
L_00000187d2ebb130 .functor XOR 1, L_00000187d2e37b10, L_00000187d2e380b0, C4<0>, C4<0>;
L_00000187d2eb9760 .functor AND 1, L_00000187d2e36df0, L_00000187d2ebb130, C4<1>, C4<1>;
L_00000187d2eb9b50 .functor OR 1, L_00000187d2ebb0c0, L_00000187d2eb9760, C4<0>, C4<0>;
v00000187d2ddbb80_0 .net *"_ivl_0", 0 0, L_00000187d2eb96f0;  1 drivers
v00000187d2dda6e0_0 .net *"_ivl_4", 0 0, L_00000187d2ebb0c0;  1 drivers
v00000187d2ddbcc0_0 .net *"_ivl_6", 0 0, L_00000187d2ebb130;  1 drivers
v00000187d2dda780_0 .net *"_ivl_8", 0 0, L_00000187d2eb9760;  1 drivers
v00000187d2dda820_0 .net "a", 0 0, L_00000187d2e37b10;  1 drivers
v00000187d2ddaaa0_0 .net "b", 0 0, L_00000187d2e380b0;  1 drivers
v00000187d2ddaf00_0 .net "cin", 0 0, L_00000187d2e36df0;  1 drivers
v00000187d2ddab40_0 .net "cout", 0 0, L_00000187d2eb9b50;  1 drivers
v00000187d2ddafa0_0 .net "sum", 0 0, L_00000187d2ebae20;  1 drivers
S_00000187d2de6240 .scope generate, "fa_gen[31]" "fa_gen[31]" 9 17, 9 17 0, S_00000187d2dcfaf0;
 .timescale 0 0;
P_00000187d2d114e0 .param/l "i" 0 9 17, +C4<011111>;
S_00000187d2de79b0 .scope module, "fa" "full_adder" 9 18, 9 33 0, S_00000187d2de6240;
 .timescale 0 0;
    .port_info 0 /INPUT 1 "a";
    .port_info 1 /INPUT 1 "b";
    .port_info 2 /INPUT 1 "cin";
    .port_info 3 /OUTPUT 1 "sum";
    .port_info 4 /OUTPUT 1 "cout";
L_00000187d2eb9bc0 .functor XOR 1, L_00000187d2e38830, L_00000187d2e37cf0, C4<0>, C4<0>;
L_00000187d2eb9c30 .functor XOR 1, L_00000187d2eb9bc0, L_00000187d2e379d0, C4<0>, C4<0>;
L_00000187d2ebb670 .functor AND 1, L_00000187d2e38830, L_00000187d2e37cf0, C4<1>, C4<1>;
L_00000187d2ebba60 .functor XOR 1, L_00000187d2e38830, L_00000187d2e37cf0, C4<0>, C4<0>;
L_00000187d2ebb4b0 .functor AND 1, L_00000187d2e379d0, L_00000187d2ebba60, C4<1>, C4<1>;
L_00000187d2ebbbb0 .functor OR 1, L_00000187d2ebb670, L_00000187d2ebb4b0, C4<0>, C4<0>;
v00000187d2ddb040_0 .net *"_ivl_0", 0 0, L_00000187d2eb9bc0;  1 drivers
v00000187d2dde9c0_0 .net *"_ivl_4", 0 0, L_00000187d2ebb670;  1 drivers
v00000187d2ddd840_0 .net *"_ivl_6", 0 0, L_00000187d2ebba60;  1 drivers
v00000187d2dddb60_0 .net *"_ivl_8", 0 0, L_00000187d2ebb4b0;  1 drivers
v00000187d2ddcda0_0 .net "a", 0 0, L_00000187d2e38830;  1 drivers
v00000187d2ddcee0_0 .net "b", 0 0, L_00000187d2e37cf0;  1 drivers
v00000187d2dde380_0 .net "cin", 0 0, L_00000187d2e379d0;  1 drivers
v00000187d2dddfc0_0 .net "cout", 0 0, L_00000187d2ebbbb0;  1 drivers
v00000187d2dddd40_0 .net "sum", 0 0, L_00000187d2eb9c30;  1 drivers
S_00000187d2de7370 .scope module, "rca_sub" "ripple_carry_adder" 6 50, 9 3 0, S_00000187d28e3340;
 .timescale 0 0;
    .port_info 0 /INPUT 32 "A";
    .port_info 1 /INPUT 32 "B";
    .port_info 2 /INPUT 1 "Cin";
    .port_info 3 /OUTPUT 32 "Sum";
    .port_info 4 /OUTPUT 1 "Cout";
    .port_info 5 /OUTPUT 1 "Overflow";
L_00000187d2e39dd0 .functor BUFT 1, C4<1>, C4<0>, C4<0>, C4<0>;
L_00000187d2eb6040 .functor BUFZ 1, L_00000187d2e39dd0, C4<0>, C4<0>, C4<0>;
L_00000187d2eb79a0 .functor XOR 1, L_00000187d2e33ab0, L_00000187d2e33b50, C4<0>, C4<0>;
v00000187d2dedaa0_0 .net "A", 31 0, v00000187d2e04710_0;  alias, 1 drivers
v00000187d2ded280_0 .net "B", 31 0, L_00000187d2eb6c80;  1 drivers
v00000187d2dee540_0 .net "Cin", 0 0, L_00000187d2e39dd0;  1 drivers
v00000187d2ded460_0 .net "Cout", 0 0, L_00000187d2e33a10;  alias, 1 drivers
v00000187d2dee4a0_0 .net "Overflow", 0 0, L_00000187d2eb79a0;  alias, 1 drivers
v00000187d2dec9c0_0 .net "Sum", 31 0, L_00000187d2e338d0;  alias, 1 drivers
v00000187d2dee2c0_0 .net *"_ivl_229", 0 0, L_00000187d2eb6040;  1 drivers
v00000187d2dee360_0 .net *"_ivl_233", 0 0, L_00000187d2e33ab0;  1 drivers
v00000187d2dee0e0_0 .net *"_ivl_235", 0 0, L_00000187d2e33b50;  1 drivers
v00000187d2dedb40_0 .net "carry", 32 0, L_00000187d2e33970;  1 drivers
L_00000187d2e30a90 .part v00000187d2e04710_0, 0, 1;
L_00000187d2e317b0 .part L_00000187d2eb6c80, 0, 1;
L_00000187d2e30f90 .part L_00000187d2e33970, 0, 1;
L_00000187d2e30d10 .part v00000187d2e04710_0, 1, 1;
L_00000187d2e2f910 .part L_00000187d2eb6c80, 1, 1;
L_00000187d2e31170 .part L_00000187d2e33970, 1, 1;
L_00000187d2e31850 .part v00000187d2e04710_0, 2, 1;
L_00000187d2e308b0 .part L_00000187d2eb6c80, 2, 1;
L_00000187d2e30590 .part L_00000187d2e33970, 2, 1;
L_00000187d2e30770 .part v00000187d2e04710_0, 3, 1;
L_00000187d2e2fc30 .part L_00000187d2eb6c80, 3, 1;
L_00000187d2e30db0 .part L_00000187d2e33970, 3, 1;
L_00000187d2e301d0 .part v00000187d2e04710_0, 4, 1;
L_00000187d2e31030 .part L_00000187d2eb6c80, 4, 1;
L_00000187d2e31350 .part L_00000187d2e33970, 4, 1;
L_00000187d2e2f550 .part v00000187d2e04710_0, 5, 1;
L_00000187d2e31530 .part L_00000187d2eb6c80, 5, 1;
L_00000187d2e30b30 .part L_00000187d2e33970, 5, 1;
L_00000187d2e30310 .part v00000187d2e04710_0, 6, 1;
L_00000187d2e304f0 .part L_00000187d2eb6c80, 6, 1;
L_00000187d2e2f870 .part L_00000187d2e33970, 6, 1;
L_00000187d2e30950 .part v00000187d2e04710_0, 7, 1;
L_00000187d2e30270 .part L_00000187d2eb6c80, 7, 1;
L_00000187d2e310d0 .part L_00000187d2e33970, 7, 1;
L_00000187d2e2f5f0 .part v00000187d2e04710_0, 8, 1;
L_00000187d2e2fa50 .part L_00000187d2eb6c80, 8, 1;
L_00000187d2e30bd0 .part L_00000187d2e33970, 8, 1;
L_00000187d2e303b0 .part v00000187d2e04710_0, 9, 1;
L_00000187d2e2fd70 .part L_00000187d2eb6c80, 9, 1;
L_00000187d2e2f370 .part L_00000187d2e33970, 9, 1;
L_00000187d2e30c70 .part v00000187d2e04710_0, 10, 1;
L_00000187d2e30450 .part L_00000187d2eb6c80, 10, 1;
L_00000187d2e318f0 .part L_00000187d2e33970, 10, 1;
L_00000187d2e31210 .part v00000187d2e04710_0, 11, 1;
L_00000187d2e313f0 .part L_00000187d2eb6c80, 11, 1;
L_00000187d2e31670 .part L_00000187d2e33970, 11, 1;
L_00000187d2e31710 .part v00000187d2e04710_0, 12, 1;
L_00000187d2e2fe10 .part L_00000187d2eb6c80, 12, 1;
L_00000187d2e2f690 .part L_00000187d2e33970, 12, 1;
L_00000187d2e2f730 .part v00000187d2e04710_0, 13, 1;
L_00000187d2e2f190 .part L_00000187d2eb6c80, 13, 1;
L_00000187d2e2faf0 .part L_00000187d2e33970, 13, 1;
L_00000187d2e2fb90 .part v00000187d2e04710_0, 14, 1;
L_00000187d2e2f230 .part L_00000187d2eb6c80, 14, 1;
L_00000187d2e2f2d0 .part L_00000187d2e33970, 14, 1;
L_00000187d2e2f410 .part v00000187d2e04710_0, 15, 1;
L_00000187d2e2fcd0 .part L_00000187d2eb6c80, 15, 1;
L_00000187d2e2feb0 .part L_00000187d2e33970, 15, 1;
L_00000187d2e2ff50 .part v00000187d2e04710_0, 16, 1;
L_00000187d2e2fff0 .part L_00000187d2eb6c80, 16, 1;
L_00000187d2e30090 .part L_00000187d2e33970, 16, 1;
L_00000187d2e30130 .part v00000187d2e04710_0, 17, 1;
L_00000187d2e33330 .part L_00000187d2eb6c80, 17, 1;
L_00000187d2e31fd0 .part L_00000187d2e33970, 17, 1;
L_00000187d2e33290 .part v00000187d2e04710_0, 18, 1;
L_00000187d2e32cf0 .part L_00000187d2eb6c80, 18, 1;
L_00000187d2e33f10 .part L_00000187d2e33970, 18, 1;
L_00000187d2e32250 .part v00000187d2e04710_0, 19, 1;
L_00000187d2e33510 .part L_00000187d2eb6c80, 19, 1;
L_00000187d2e33650 .part L_00000187d2e33970, 19, 1;
L_00000187d2e31f30 .part v00000187d2e04710_0, 20, 1;
L_00000187d2e327f0 .part L_00000187d2eb6c80, 20, 1;
L_00000187d2e330b0 .part L_00000187d2e33970, 20, 1;
L_00000187d2e333d0 .part v00000187d2e04710_0, 21, 1;
L_00000187d2e32b10 .part L_00000187d2eb6c80, 21, 1;
L_00000187d2e31c10 .part L_00000187d2e33970, 21, 1;
L_00000187d2e32d90 .part v00000187d2e04710_0, 22, 1;
L_00000187d2e32bb0 .part L_00000187d2eb6c80, 22, 1;
L_00000187d2e32390 .part L_00000187d2e33970, 22, 1;
L_00000187d2e32430 .part v00000187d2e04710_0, 23, 1;
L_00000187d2e32c50 .part L_00000187d2eb6c80, 23, 1;
L_00000187d2e335b0 .part L_00000187d2e33970, 23, 1;
L_00000187d2e32e30 .part v00000187d2e04710_0, 24, 1;
L_00000187d2e329d0 .part L_00000187d2eb6c80, 24, 1;
L_00000187d2e32610 .part L_00000187d2e33970, 24, 1;
L_00000187d2e331f0 .part v00000187d2e04710_0, 25, 1;
L_00000187d2e322f0 .part L_00000187d2eb6c80, 25, 1;
L_00000187d2e33fb0 .part L_00000187d2e33970, 25, 1;
L_00000187d2e32a70 .part v00000187d2e04710_0, 26, 1;
L_00000187d2e32750 .part L_00000187d2eb6c80, 26, 1;
L_00000187d2e326b0 .part L_00000187d2e33970, 26, 1;
L_00000187d2e32ed0 .part v00000187d2e04710_0, 27, 1;
L_00000187d2e32f70 .part L_00000187d2eb6c80, 27, 1;
L_00000187d2e32890 .part L_00000187d2e33970, 27, 1;
L_00000187d2e33470 .part v00000187d2e04710_0, 28, 1;
L_00000187d2e324d0 .part L_00000187d2eb6c80, 28, 1;
L_00000187d2e34050 .part L_00000187d2e33970, 28, 1;
L_00000187d2e33010 .part v00000187d2e04710_0, 29, 1;
L_00000187d2e32930 .part L_00000187d2eb6c80, 29, 1;
L_00000187d2e33150 .part L_00000187d2e33970, 29, 1;
L_00000187d2e336f0 .part v00000187d2e04710_0, 30, 1;
L_00000187d2e31b70 .part L_00000187d2eb6c80, 30, 1;
L_00000187d2e33790 .part L_00000187d2e33970, 30, 1;
L_00000187d2e31df0 .part v00000187d2e04710_0, 31, 1;
L_00000187d2e32070 .part L_00000187d2eb6c80, 31, 1;
L_00000187d2e33830 .part L_00000187d2e33970, 31, 1;
LS_00000187d2e338d0_0_0 .concat8 [ 1 1 1 1], L_00000187d2eb0ec0, L_00000187d2eb0360, L_00000187d2eb1630, L_00000187d2eb15c0;
LS_00000187d2e338d0_0_4 .concat8 [ 1 1 1 1], L_00000187d2eb00c0, L_00000187d2eb25f0, L_00000187d2eb1d30, L_00000187d2eb1e10;
LS_00000187d2e338d0_0_8 .concat8 [ 1 1 1 1], L_00000187d2eb2350, L_00000187d2eb2580, L_00000187d2eab9e0, L_00000187d2eab2e0;
LS_00000187d2e338d0_0_12 .concat8 [ 1 1 1 1], L_00000187d2eac310, L_00000187d2eabc10, L_00000187d2eac150, L_00000187d2eab820;
LS_00000187d2e338d0_0_16 .concat8 [ 1 1 1 1], L_00000187d2eab900, L_00000187d2eab350, L_00000187d2eac000, L_00000187d2eabf90;
LS_00000187d2e338d0_0_20 .concat8 [ 1 1 1 1], L_00000187d2eaa860, L_00000187d2eb5470, L_00000187d2eb4b40, L_00000187d2eb5160;
LS_00000187d2e338d0_0_24 .concat8 [ 1 1 1 1], L_00000187d2eb4830, L_00000187d2eb4750, L_00000187d2eb5550, L_00000187d2eb51d0;
LS_00000187d2e338d0_0_28 .concat8 [ 1 1 1 1], L_00000187d2eb47c0, L_00000187d2eb5630, L_00000187d2eb5a20, L_00000187d2eb4bb0;
LS_00000187d2e338d0_1_0 .concat8 [ 4 4 4 4], LS_00000187d2e338d0_0_0, LS_00000187d2e338d0_0_4, LS_00000187d2e338d0_0_8, LS_00000187d2e338d0_0_12;
LS_00000187d2e338d0_1_4 .concat8 [ 4 4 4 4], LS_00000187d2e338d0_0_16, LS_00000187d2e338d0_0_20, LS_00000187d2e338d0_0_24, LS_00000187d2e338d0_0_28;
L_00000187d2e338d0 .concat8 [ 16 16 0 0], LS_00000187d2e338d0_1_0, LS_00000187d2e338d0_1_4;
LS_00000187d2e33970_0_0 .concat8 [ 1 1 1 1], L_00000187d2eb6040, L_00000187d2eb0830, L_00000187d2eb10f0, L_00000187d2eb1390;
LS_00000187d2e33970_0_4 .concat8 [ 1 1 1 1], L_00000187d2eafcd0, L_00000187d2eb1ef0, L_00000187d2eb20b0, L_00000187d2eb1da0;
LS_00000187d2e33970_0_8 .concat8 [ 1 1 1 1], L_00000187d2eb19b0, L_00000187d2eb24a0, L_00000187d2eb1be0, L_00000187d2eaada0;
LS_00000187d2e33970_0_12 .concat8 [ 1 1 1 1], L_00000187d2eaac50, L_00000187d2eaba50, L_00000187d2eab5f0, L_00000187d2eaafd0;
LS_00000187d2e33970_0_16 .concat8 [ 1 1 1 1], L_00000187d2eab3c0, L_00000187d2eab0b0, L_00000187d2eaaf60, L_00000187d2eab4a0;
LS_00000187d2e33970_0_20 .concat8 [ 1 1 1 1], L_00000187d2eac380, L_00000187d2eafe90, L_00000187d2eb42f0, L_00000187d2eb5e10;
LS_00000187d2e33970_0_24 .concat8 [ 1 1 1 1], L_00000187d2eb43d0, L_00000187d2eb48a0, L_00000187d2eb5010, L_00000187d2eb50f0;
LS_00000187d2e33970_0_28 .concat8 [ 1 1 1 1], L_00000187d2eb4910, L_00000187d2eb5320, L_00000187d2eb5390, L_00000187d2eb5c50;
LS_00000187d2e33970_0_32 .concat8 [ 1 0 0 0], L_00000187d2eb6740;
LS_00000187d2e33970_1_0 .concat8 [ 4 4 4 4], LS_00000187d2e33970_0_0, LS_00000187d2e33970_0_4, LS_00000187d2e33970_0_8, LS_00000187d2e33970_0_12;
LS_00000187d2e33970_1_4 .concat8 [ 4 4 4 4], LS_00000187d2e33970_0_16, LS_00000187d2e33970_0_20, LS_00000187d2e33970_0_24, LS_00000187d2e33970_0_28;
LS_00000187d2e33970_1_8 .concat8 [ 1 0 0 0], LS_00000187d2e33970_0_32;
L_00000187d2e33970 .concat8 [ 16 16 1 0], LS_00000187d2e33970_1_0, LS_00000187d2e33970_1_4, LS_00000187d2e33970_1_8;
L_00000187d2e33a10 .part L_00000187d2e33970, 32, 1;
L_00000187d2e33ab0 .part L_00000187d2e33970, 31, 1;
L_00000187d2e33b50 .part L_00000187d2e33970, 32, 1;
S_00000187d2de7500 .scope generate, "fa_gen[0]" "fa_gen[0]" 9 17, 9 17 0, S_00000187d2de7370;
 .timescale 0 0;
P_00000187d2d11a20 .param/l "i" 0 9 17, +C4<00>;
S_00000187d2de6ec0 .scope module, "fa" "full_adder" 9 18, 9 33 0, S_00000187d2de7500;
 .timescale 0 0;
    .port_info 0 /INPUT 1 "a";
    .port_info 1 /INPUT 1 "b";
    .port_info 2 /INPUT 1 "cin";
    .port_info 3 /OUTPUT 1 "sum";
    .port_info 4 /OUTPUT 1 "cout";
L_00000187d2eb0de0 .functor XOR 1, L_00000187d2e30a90, L_00000187d2e317b0, C4<0>, C4<0>;
L_00000187d2eb0ec0 .functor XOR 1, L_00000187d2eb0de0, L_00000187d2e30f90, C4<0>, C4<0>;
L_00000187d2eb03d0 .functor AND 1, L_00000187d2e30a90, L_00000187d2e317b0, C4<1>, C4<1>;
L_00000187d2eb1010 .functor XOR 1, L_00000187d2e30a90, L_00000187d2e317b0, C4<0>, C4<0>;
L_00000187d2eb0440 .functor AND 1, L_00000187d2e30f90, L_00000187d2eb1010, C4<1>, C4<1>;
L_00000187d2eb0830 .functor OR 1, L_00000187d2eb03d0, L_00000187d2eb0440, C4<0>, C4<0>;
v00000187d2ddd660_0 .net *"_ivl_0", 0 0, L_00000187d2eb0de0;  1 drivers
v00000187d2dde740_0 .net *"_ivl_4", 0 0, L_00000187d2eb03d0;  1 drivers
v00000187d2ddda20_0 .net *"_ivl_6", 0 0, L_00000187d2eb1010;  1 drivers
v00000187d2ddd8e0_0 .net *"_ivl_8", 0 0, L_00000187d2eb0440;  1 drivers
v00000187d2ddd3e0_0 .net "a", 0 0, L_00000187d2e30a90;  1 drivers
v00000187d2dde600_0 .net "b", 0 0, L_00000187d2e317b0;  1 drivers
v00000187d2dddde0_0 .net "cin", 0 0, L_00000187d2e30f90;  1 drivers
v00000187d2dde4c0_0 .net "cout", 0 0, L_00000187d2eb0830;  1 drivers
v00000187d2ddce40_0 .net "sum", 0 0, L_00000187d2eb0ec0;  1 drivers
S_00000187d2de7b40 .scope generate, "fa_gen[1]" "fa_gen[1]" 9 17, 9 17 0, S_00000187d2de7370;
 .timescale 0 0;
P_00000187d2d11e60 .param/l "i" 0 9 17, +C4<01>;
S_00000187d2de7e60 .scope module, "fa" "full_adder" 9 18, 9 33 0, S_00000187d2de7b40;
 .timescale 0 0;
    .port_info 0 /INPUT 1 "a";
    .port_info 1 /INPUT 1 "b";
    .port_info 2 /INPUT 1 "cin";
    .port_info 3 /OUTPUT 1 "sum";
    .port_info 4 /OUTPUT 1 "cout";
L_00000187d2eb0f30 .functor XOR 1, L_00000187d2e30d10, L_00000187d2e2f910, C4<0>, C4<0>;
L_00000187d2eb0360 .functor XOR 1, L_00000187d2eb0f30, L_00000187d2e31170, C4<0>, C4<0>;
L_00000187d2eb14e0 .functor AND 1, L_00000187d2e30d10, L_00000187d2e2f910, C4<1>, C4<1>;
L_00000187d2eb11d0 .functor XOR 1, L_00000187d2e30d10, L_00000187d2e2f910, C4<0>, C4<0>;
L_00000187d2eb1080 .functor AND 1, L_00000187d2e31170, L_00000187d2eb11d0, C4<1>, C4<1>;
L_00000187d2eb10f0 .functor OR 1, L_00000187d2eb14e0, L_00000187d2eb1080, C4<0>, C4<0>;
v00000187d2ddd980_0 .net *"_ivl_0", 0 0, L_00000187d2eb0f30;  1 drivers
v00000187d2ddcbc0_0 .net *"_ivl_4", 0 0, L_00000187d2eb14e0;  1 drivers
v00000187d2ddd200_0 .net *"_ivl_6", 0 0, L_00000187d2eb11d0;  1 drivers
v00000187d2ddde80_0 .net *"_ivl_8", 0 0, L_00000187d2eb1080;  1 drivers
v00000187d2ddd520_0 .net "a", 0 0, L_00000187d2e30d10;  1 drivers
v00000187d2ddc8a0_0 .net "b", 0 0, L_00000187d2e2f910;  1 drivers
v00000187d2dde880_0 .net "cin", 0 0, L_00000187d2e31170;  1 drivers
v00000187d2dde060_0 .net "cout", 0 0, L_00000187d2eb10f0;  1 drivers
v00000187d2dddca0_0 .net "sum", 0 0, L_00000187d2eb0360;  1 drivers
S_00000187d2de6ba0 .scope generate, "fa_gen[2]" "fa_gen[2]" 9 17, 9 17 0, S_00000187d2de7370;
 .timescale 0 0;
P_00000187d2d114a0 .param/l "i" 0 9 17, +C4<010>;
S_00000187d2de6560 .scope module, "fa" "full_adder" 9 18, 9 33 0, S_00000187d2de6ba0;
 .timescale 0 0;
    .port_info 0 /INPUT 1 "a";
    .port_info 1 /INPUT 1 "b";
    .port_info 2 /INPUT 1 "cin";
    .port_info 3 /OUTPUT 1 "sum";
    .port_info 4 /OUTPUT 1 "cout";
L_00000187d2eaff00 .functor XOR 1, L_00000187d2e31850, L_00000187d2e308b0, C4<0>, C4<0>;
L_00000187d2eb1630 .functor XOR 1, L_00000187d2eaff00, L_00000187d2e30590, C4<0>, C4<0>;
L_00000187d2eb1160 .functor AND 1, L_00000187d2e31850, L_00000187d2e308b0, C4<1>, C4<1>;
L_00000187d2eaff70 .functor XOR 1, L_00000187d2e31850, L_00000187d2e308b0, C4<0>, C4<0>;
L_00000187d2eb1320 .functor AND 1, L_00000187d2e30590, L_00000187d2eaff70, C4<1>, C4<1>;
L_00000187d2eb1390 .functor OR 1, L_00000187d2eb1160, L_00000187d2eb1320, C4<0>, C4<0>;
v00000187d2ddd0c0_0 .net *"_ivl_0", 0 0, L_00000187d2eaff00;  1 drivers
v00000187d2ddeb00_0 .net *"_ivl_4", 0 0, L_00000187d2eb1160;  1 drivers
v00000187d2dde2e0_0 .net *"_ivl_6", 0 0, L_00000187d2eaff70;  1 drivers
v00000187d2ddee20_0 .net *"_ivl_8", 0 0, L_00000187d2eb1320;  1 drivers
v00000187d2ddc940_0 .net "a", 0 0, L_00000187d2e31850;  1 drivers
v00000187d2dde560_0 .net "b", 0 0, L_00000187d2e308b0;  1 drivers
v00000187d2ddcf80_0 .net "cin", 0 0, L_00000187d2e30590;  1 drivers
v00000187d2ddd700_0 .net "cout", 0 0, L_00000187d2eb1390;  1 drivers
v00000187d2dde100_0 .net "sum", 0 0, L_00000187d2eb1630;  1 drivers
S_00000187d2de6d30 .scope generate, "fa_gen[3]" "fa_gen[3]" 9 17, 9 17 0, S_00000187d2de7370;
 .timescale 0 0;
P_00000187d2d11ea0 .param/l "i" 0 9 17, +C4<011>;
S_00000187d2de66f0 .scope module, "fa" "full_adder" 9 18, 9 33 0, S_00000187d2de6d30;
 .timescale 0 0;
    .port_info 0 /INPUT 1 "a";
    .port_info 1 /INPUT 1 "b";
    .port_info 2 /INPUT 1 "cin";
    .port_info 3 /OUTPUT 1 "sum";
    .port_info 4 /OUTPUT 1 "cout";
L_00000187d2eb1470 .functor XOR 1, L_00000187d2e30770, L_00000187d2e2fc30, C4<0>, C4<0>;
L_00000187d2eb15c0 .functor XOR 1, L_00000187d2eb1470, L_00000187d2e30db0, C4<0>, C4<0>;
L_00000187d2eb16a0 .functor AND 1, L_00000187d2e30770, L_00000187d2e2fc30, C4<1>, C4<1>;
L_00000187d2eb1780 .functor XOR 1, L_00000187d2e30770, L_00000187d2e2fc30, C4<0>, C4<0>;
L_00000187d2eb17f0 .functor AND 1, L_00000187d2e30db0, L_00000187d2eb1780, C4<1>, C4<1>;
L_00000187d2eafcd0 .functor OR 1, L_00000187d2eb16a0, L_00000187d2eb17f0, C4<0>, C4<0>;
v00000187d2dde6a0_0 .net *"_ivl_0", 0 0, L_00000187d2eb1470;  1 drivers
v00000187d2dde920_0 .net *"_ivl_4", 0 0, L_00000187d2eb16a0;  1 drivers
v00000187d2ddeba0_0 .net *"_ivl_6", 0 0, L_00000187d2eb1780;  1 drivers
v00000187d2ddd7a0_0 .net *"_ivl_8", 0 0, L_00000187d2eb17f0;  1 drivers
v00000187d2ddec40_0 .net "a", 0 0, L_00000187d2e30770;  1 drivers
v00000187d2ddece0_0 .net "b", 0 0, L_00000187d2e2fc30;  1 drivers
v00000187d2dddac0_0 .net "cin", 0 0, L_00000187d2e30db0;  1 drivers
v00000187d2dded80_0 .net "cout", 0 0, L_00000187d2eafcd0;  1 drivers
v00000187d2ddeec0_0 .net "sum", 0 0, L_00000187d2eb15c0;  1 drivers
S_00000187d2de7690 .scope generate, "fa_gen[4]" "fa_gen[4]" 9 17, 9 17 0, S_00000187d2de7370;
 .timescale 0 0;
P_00000187d2d11fe0 .param/l "i" 0 9 17, +C4<0100>;
S_00000187d2de71e0 .scope module, "fa" "full_adder" 9 18, 9 33 0, S_00000187d2de7690;
 .timescale 0 0;
    .port_info 0 /INPUT 1 "a";
    .port_info 1 /INPUT 1 "b";
    .port_info 2 /INPUT 1 "cin";
    .port_info 3 /OUTPUT 1 "sum";
    .port_info 4 /OUTPUT 1 "cout";
L_00000187d2eaffe0 .functor XOR 1, L_00000187d2e301d0, L_00000187d2e31030, C4<0>, C4<0>;
L_00000187d2eb00c0 .functor XOR 1, L_00000187d2eaffe0, L_00000187d2e31350, C4<0>, C4<0>;
L_00000187d2eb1f60 .functor AND 1, L_00000187d2e301d0, L_00000187d2e31030, C4<1>, C4<1>;
L_00000187d2eb2190 .functor XOR 1, L_00000187d2e301d0, L_00000187d2e31030, C4<0>, C4<0>;
L_00000187d2eb2040 .functor AND 1, L_00000187d2e31350, L_00000187d2eb2190, C4<1>, C4<1>;
L_00000187d2eb1ef0 .functor OR 1, L_00000187d2eb1f60, L_00000187d2eb2040, C4<0>, C4<0>;
v00000187d2ddd5c0_0 .net *"_ivl_0", 0 0, L_00000187d2eaffe0;  1 drivers
v00000187d2dddc00_0 .net *"_ivl_4", 0 0, L_00000187d2eb1f60;  1 drivers
v00000187d2ddef60_0 .net *"_ivl_6", 0 0, L_00000187d2eb2190;  1 drivers
v00000187d2ddf000_0 .net *"_ivl_8", 0 0, L_00000187d2eb2040;  1 drivers
v00000187d2dddf20_0 .net "a", 0 0, L_00000187d2e301d0;  1 drivers
v00000187d2ddc9e0_0 .net "b", 0 0, L_00000187d2e31030;  1 drivers
v00000187d2ddcc60_0 .net "cin", 0 0, L_00000187d2e31350;  1 drivers
v00000187d2ddcd00_0 .net "cout", 0 0, L_00000187d2eb1ef0;  1 drivers
v00000187d2ddd020_0 .net "sum", 0 0, L_00000187d2eb00c0;  1 drivers
S_00000187d2de6880 .scope generate, "fa_gen[5]" "fa_gen[5]" 9 17, 9 17 0, S_00000187d2de7370;
 .timescale 0 0;
P_00000187d2d12020 .param/l "i" 0 9 17, +C4<0101>;
S_00000187d2de7050 .scope module, "fa" "full_adder" 9 18, 9 33 0, S_00000187d2de6880;
 .timescale 0 0;
    .port_info 0 /INPUT 1 "a";
    .port_info 1 /INPUT 1 "b";
    .port_info 2 /INPUT 1 "cin";
    .port_info 3 /OUTPUT 1 "sum";
    .port_info 4 /OUTPUT 1 "cout";
L_00000187d2eb22e0 .functor XOR 1, L_00000187d2e2f550, L_00000187d2e31530, C4<0>, C4<0>;
L_00000187d2eb25f0 .functor XOR 1, L_00000187d2eb22e0, L_00000187d2e30b30, C4<0>, C4<0>;
L_00000187d2eb1cc0 .functor AND 1, L_00000187d2e2f550, L_00000187d2e31530, C4<1>, C4<1>;
L_00000187d2eb26d0 .functor XOR 1, L_00000187d2e2f550, L_00000187d2e31530, C4<0>, C4<0>;
L_00000187d2eb23c0 .functor AND 1, L_00000187d2e30b30, L_00000187d2eb26d0, C4<1>, C4<1>;
L_00000187d2eb20b0 .functor OR 1, L_00000187d2eb1cc0, L_00000187d2eb23c0, C4<0>, C4<0>;
v00000187d2ddd160_0 .net *"_ivl_0", 0 0, L_00000187d2eb22e0;  1 drivers
v00000187d2ddfdc0_0 .net *"_ivl_4", 0 0, L_00000187d2eb1cc0;  1 drivers
v00000187d2ddfbe0_0 .net *"_ivl_6", 0 0, L_00000187d2eb26d0;  1 drivers
v00000187d2ddf8c0_0 .net *"_ivl_8", 0 0, L_00000187d2eb23c0;  1 drivers
v00000187d2ddf640_0 .net "a", 0 0, L_00000187d2e2f550;  1 drivers
v00000187d2ddfaa0_0 .net "b", 0 0, L_00000187d2e31530;  1 drivers
v00000187d2ddf960_0 .net "cin", 0 0, L_00000187d2e30b30;  1 drivers
v00000187d2ddf820_0 .net "cout", 0 0, L_00000187d2eb20b0;  1 drivers
v00000187d2ddfc80_0 .net "sum", 0 0, L_00000187d2eb25f0;  1 drivers
S_00000187d2de7820 .scope generate, "fa_gen[6]" "fa_gen[6]" 9 17, 9 17 0, S_00000187d2de7370;
 .timescale 0 0;
P_00000187d2d12060 .param/l "i" 0 9 17, +C4<0110>;
S_00000187d2de7cd0 .scope module, "fa" "full_adder" 9 18, 9 33 0, S_00000187d2de7820;
 .timescale 0 0;
    .port_info 0 /INPUT 1 "a";
    .port_info 1 /INPUT 1 "b";
    .port_info 2 /INPUT 1 "cin";
    .port_info 3 /OUTPUT 1 "sum";
    .port_info 4 /OUTPUT 1 "cout";
L_00000187d2eb1a90 .functor XOR 1, L_00000187d2e30310, L_00000187d2e304f0, C4<0>, C4<0>;
L_00000187d2eb1d30 .functor XOR 1, L_00000187d2eb1a90, L_00000187d2e2f870, C4<0>, C4<0>;
L_00000187d2eb2120 .functor AND 1, L_00000187d2e30310, L_00000187d2e304f0, C4<1>, C4<1>;
L_00000187d2eb1b00 .functor XOR 1, L_00000187d2e30310, L_00000187d2e304f0, C4<0>, C4<0>;
L_00000187d2eb1940 .functor AND 1, L_00000187d2e2f870, L_00000187d2eb1b00, C4<1>, C4<1>;
L_00000187d2eb1da0 .functor OR 1, L_00000187d2eb2120, L_00000187d2eb1940, C4<0>, C4<0>;
v00000187d2ddfe60_0 .net *"_ivl_0", 0 0, L_00000187d2eb1a90;  1 drivers
v00000187d2ddf1e0_0 .net *"_ivl_4", 0 0, L_00000187d2eb2120;  1 drivers
v00000187d2ddf460_0 .net *"_ivl_6", 0 0, L_00000187d2eb1b00;  1 drivers
v00000187d2ddf3c0_0 .net *"_ivl_8", 0 0, L_00000187d2eb1940;  1 drivers
v00000187d2ddfd20_0 .net "a", 0 0, L_00000187d2e30310;  1 drivers
v00000187d2ddfb40_0 .net "b", 0 0, L_00000187d2e304f0;  1 drivers
v00000187d2ddf6e0_0 .net "cin", 0 0, L_00000187d2e2f870;  1 drivers
v00000187d2ddf280_0 .net "cout", 0 0, L_00000187d2eb1da0;  1 drivers
v00000187d2ddf500_0 .net "sum", 0 0, L_00000187d2eb1d30;  1 drivers
S_00000187d2de60b0 .scope generate, "fa_gen[7]" "fa_gen[7]" 9 17, 9 17 0, S_00000187d2de7370;
 .timescale 0 0;
P_00000187d2d120a0 .param/l "i" 0 9 17, +C4<0111>;
S_00000187d2deac80 .scope module, "fa" "full_adder" 9 18, 9 33 0, S_00000187d2de60b0;
 .timescale 0 0;
    .port_info 0 /INPUT 1 "a";
    .port_info 1 /INPUT 1 "b";
    .port_info 2 /INPUT 1 "cin";
    .port_info 3 /OUTPUT 1 "sum";
    .port_info 4 /OUTPUT 1 "cout";
L_00000187d2eb1860 .functor XOR 1, L_00000187d2e30950, L_00000187d2e30270, C4<0>, C4<0>;
L_00000187d2eb1e10 .functor XOR 1, L_00000187d2eb1860, L_00000187d2e310d0, C4<0>, C4<0>;
L_00000187d2eb1fd0 .functor AND 1, L_00000187d2e30950, L_00000187d2e30270, C4<1>, C4<1>;
L_00000187d2eb1a20 .functor XOR 1, L_00000187d2e30950, L_00000187d2e30270, C4<0>, C4<0>;
L_00000187d2eb2430 .functor AND 1, L_00000187d2e310d0, L_00000187d2eb1a20, C4<1>, C4<1>;
L_00000187d2eb19b0 .functor OR 1, L_00000187d2eb1fd0, L_00000187d2eb2430, C4<0>, C4<0>;
v00000187d2ddf320_0 .net *"_ivl_0", 0 0, L_00000187d2eb1860;  1 drivers
v00000187d2ddff00_0 .net *"_ivl_4", 0 0, L_00000187d2eb1fd0;  1 drivers
v00000187d2ddf0a0_0 .net *"_ivl_6", 0 0, L_00000187d2eb1a20;  1 drivers
v00000187d2ddf5a0_0 .net *"_ivl_8", 0 0, L_00000187d2eb2430;  1 drivers
v00000187d2ddf140_0 .net "a", 0 0, L_00000187d2e30950;  1 drivers
v00000187d2ddf780_0 .net "b", 0 0, L_00000187d2e30270;  1 drivers
v00000187d2ddfa00_0 .net "cin", 0 0, L_00000187d2e310d0;  1 drivers
v00000187d2df4440_0 .net "cout", 0 0, L_00000187d2eb19b0;  1 drivers
v00000187d2df3fe0_0 .net "sum", 0 0, L_00000187d2eb1e10;  1 drivers
S_00000187d2dea190 .scope generate, "fa_gen[8]" "fa_gen[8]" 9 17, 9 17 0, S_00000187d2de7370;
 .timescale 0 0;
P_00000187d2d120e0 .param/l "i" 0 9 17, +C4<01000>;
S_00000187d2deafa0 .scope module, "fa" "full_adder" 9 18, 9 33 0, S_00000187d2dea190;
 .timescale 0 0;
    .port_info 0 /INPUT 1 "a";
    .port_info 1 /INPUT 1 "b";
    .port_info 2 /INPUT 1 "cin";
    .port_info 3 /OUTPUT 1 "sum";
    .port_info 4 /OUTPUT 1 "cout";
L_00000187d2eb2200 .functor XOR 1, L_00000187d2e2f5f0, L_00000187d2e2fa50, C4<0>, C4<0>;
L_00000187d2eb2350 .functor XOR 1, L_00000187d2eb2200, L_00000187d2e30bd0, C4<0>, C4<0>;
L_00000187d2eb2270 .functor AND 1, L_00000187d2e2f5f0, L_00000187d2e2fa50, C4<1>, C4<1>;
L_00000187d2eb1e80 .functor XOR 1, L_00000187d2e2f5f0, L_00000187d2e2fa50, C4<0>, C4<0>;
L_00000187d2eb2740 .functor AND 1, L_00000187d2e30bd0, L_00000187d2eb1e80, C4<1>, C4<1>;
L_00000187d2eb24a0 .functor OR 1, L_00000187d2eb2270, L_00000187d2eb2740, C4<0>, C4<0>;
v00000187d2df3b80_0 .net *"_ivl_0", 0 0, L_00000187d2eb2200;  1 drivers
v00000187d2df4260_0 .net *"_ivl_4", 0 0, L_00000187d2eb2270;  1 drivers
v00000187d2df4e40_0 .net *"_ivl_6", 0 0, L_00000187d2eb1e80;  1 drivers
v00000187d2df3f40_0 .net *"_ivl_8", 0 0, L_00000187d2eb2740;  1 drivers
v00000187d2df4080_0 .net "a", 0 0, L_00000187d2e2f5f0;  1 drivers
v00000187d2df5020_0 .net "b", 0 0, L_00000187d2e2fa50;  1 drivers
v00000187d2df4d00_0 .net "cin", 0 0, L_00000187d2e30bd0;  1 drivers
v00000187d2df5ac0_0 .net "cout", 0 0, L_00000187d2eb24a0;  1 drivers
v00000187d2df55c0_0 .net "sum", 0 0, L_00000187d2eb2350;  1 drivers
S_00000187d2de8a20 .scope generate, "fa_gen[9]" "fa_gen[9]" 9 17, 9 17 0, S_00000187d2de7370;
 .timescale 0 0;
P_00000187d2d115e0 .param/l "i" 0 9 17, +C4<01001>;
S_00000187d2de9e70 .scope module, "fa" "full_adder" 9 18, 9 33 0, S_00000187d2de8a20;
 .timescale 0 0;
    .port_info 0 /INPUT 1 "a";
    .port_info 1 /INPUT 1 "b";
    .port_info 2 /INPUT 1 "cin";
    .port_info 3 /OUTPUT 1 "sum";
    .port_info 4 /OUTPUT 1 "cout";
L_00000187d2eb2510 .functor XOR 1, L_00000187d2e303b0, L_00000187d2e2fd70, C4<0>, C4<0>;
L_00000187d2eb2580 .functor XOR 1, L_00000187d2eb2510, L_00000187d2e2f370, C4<0>, C4<0>;
L_00000187d2eb2660 .functor AND 1, L_00000187d2e303b0, L_00000187d2e2fd70, C4<1>, C4<1>;
L_00000187d2eb18d0 .functor XOR 1, L_00000187d2e303b0, L_00000187d2e2fd70, C4<0>, C4<0>;
L_00000187d2eb1b70 .functor AND 1, L_00000187d2e2f370, L_00000187d2eb18d0, C4<1>, C4<1>;
L_00000187d2eb1be0 .functor OR 1, L_00000187d2eb2660, L_00000187d2eb1b70, C4<0>, C4<0>;
v00000187d2df4580_0 .net *"_ivl_0", 0 0, L_00000187d2eb2510;  1 drivers
v00000187d2df4a80_0 .net *"_ivl_4", 0 0, L_00000187d2eb2660;  1 drivers
v00000187d2df3c20_0 .net *"_ivl_6", 0 0, L_00000187d2eb18d0;  1 drivers
v00000187d2df4ee0_0 .net *"_ivl_8", 0 0, L_00000187d2eb1b70;  1 drivers
v00000187d2df3cc0_0 .net "a", 0 0, L_00000187d2e303b0;  1 drivers
v00000187d2df3d60_0 .net "b", 0 0, L_00000187d2e2fd70;  1 drivers
v00000187d2df4800_0 .net "cin", 0 0, L_00000187d2e2f370;  1 drivers
v00000187d2df43a0_0 .net "cout", 0 0, L_00000187d2eb1be0;  1 drivers
v00000187d2df4300_0 .net "sum", 0 0, L_00000187d2eb2580;  1 drivers
S_00000187d2de9ce0 .scope generate, "fa_gen[10]" "fa_gen[10]" 9 17, 9 17 0, S_00000187d2de7370;
 .timescale 0 0;
P_00000187d2d113a0 .param/l "i" 0 9 17, +C4<01010>;
S_00000187d2de9380 .scope module, "fa" "full_adder" 9 18, 9 33 0, S_00000187d2de9ce0;
 .timescale 0 0;
    .port_info 0 /INPUT 1 "a";
    .port_info 1 /INPUT 1 "b";
    .port_info 2 /INPUT 1 "cin";
    .port_info 3 /OUTPUT 1 "sum";
    .port_info 4 /OUTPUT 1 "cout";
L_00000187d2eb1c50 .functor XOR 1, L_00000187d2e30c70, L_00000187d2e30450, C4<0>, C4<0>;
L_00000187d2eab9e0 .functor XOR 1, L_00000187d2eb1c50, L_00000187d2e318f0, C4<0>, C4<0>;
L_00000187d2eabba0 .functor AND 1, L_00000187d2e30c70, L_00000187d2e30450, C4<1>, C4<1>;
L_00000187d2eabb30 .functor XOR 1, L_00000187d2e30c70, L_00000187d2e30450, C4<0>, C4<0>;
L_00000187d2eab200 .functor AND 1, L_00000187d2e318f0, L_00000187d2eabb30, C4<1>, C4<1>;
L_00000187d2eaada0 .functor OR 1, L_00000187d2eabba0, L_00000187d2eab200, C4<0>, C4<0>;
v00000187d2df3ae0_0 .net *"_ivl_0", 0 0, L_00000187d2eb1c50;  1 drivers
v00000187d2df5160_0 .net *"_ivl_4", 0 0, L_00000187d2eabba0;  1 drivers
v00000187d2df4f80_0 .net *"_ivl_6", 0 0, L_00000187d2eabb30;  1 drivers
v00000187d2df4c60_0 .net *"_ivl_8", 0 0, L_00000187d2eab200;  1 drivers
v00000187d2df4120_0 .net "a", 0 0, L_00000187d2e30c70;  1 drivers
v00000187d2df5b60_0 .net "b", 0 0, L_00000187d2e30450;  1 drivers
v00000187d2df4b20_0 .net "cin", 0 0, L_00000187d2e318f0;  1 drivers
v00000187d2df5fc0_0 .net "cout", 0 0, L_00000187d2eaada0;  1 drivers
v00000187d2df4940_0 .net "sum", 0 0, L_00000187d2eab9e0;  1 drivers
S_00000187d2deb450 .scope generate, "fa_gen[11]" "fa_gen[11]" 9 17, 9 17 0, S_00000187d2de7370;
 .timescale 0 0;
P_00000187d2d11520 .param/l "i" 0 9 17, +C4<01011>;
S_00000187d2de8bb0 .scope module, "fa" "full_adder" 9 18, 9 33 0, S_00000187d2deb450;
 .timescale 0 0;
    .port_info 0 /INPUT 1 "a";
    .port_info 1 /INPUT 1 "b";
    .port_info 2 /INPUT 1 "cin";
    .port_info 3 /OUTPUT 1 "sum";
    .port_info 4 /OUTPUT 1 "cout";
L_00000187d2eab740 .functor XOR 1, L_00000187d2e31210, L_00000187d2e313f0, C4<0>, C4<0>;
L_00000187d2eab2e0 .functor XOR 1, L_00000187d2eab740, L_00000187d2e31670, C4<0>, C4<0>;
L_00000187d2eaae10 .functor AND 1, L_00000187d2e31210, L_00000187d2e313f0, C4<1>, C4<1>;
L_00000187d2eab7b0 .functor XOR 1, L_00000187d2e31210, L_00000187d2e313f0, C4<0>, C4<0>;
L_00000187d2eabcf0 .functor AND 1, L_00000187d2e31670, L_00000187d2eab7b0, C4<1>, C4<1>;
L_00000187d2eaac50 .functor OR 1, L_00000187d2eaae10, L_00000187d2eabcf0, C4<0>, C4<0>;
v00000187d2df48a0_0 .net *"_ivl_0", 0 0, L_00000187d2eab740;  1 drivers
v00000187d2df50c0_0 .net *"_ivl_4", 0 0, L_00000187d2eaae10;  1 drivers
v00000187d2df5f20_0 .net *"_ivl_6", 0 0, L_00000187d2eab7b0;  1 drivers
v00000187d2df5700_0 .net *"_ivl_8", 0 0, L_00000187d2eabcf0;  1 drivers
v00000187d2df53e0_0 .net "a", 0 0, L_00000187d2e31210;  1 drivers
v00000187d2df4da0_0 .net "b", 0 0, L_00000187d2e313f0;  1 drivers
v00000187d2df41c0_0 .net "cin", 0 0, L_00000187d2e31670;  1 drivers
v00000187d2df44e0_0 .net "cout", 0 0, L_00000187d2eaac50;  1 drivers
v00000187d2df3e00_0 .net "sum", 0 0, L_00000187d2eab2e0;  1 drivers
S_00000187d2deb130 .scope generate, "fa_gen[12]" "fa_gen[12]" 9 17, 9 17 0, S_00000187d2de7370;
 .timescale 0 0;
P_00000187d2d12120 .param/l "i" 0 9 17, +C4<01100>;
S_00000187d2de8890 .scope module, "fa" "full_adder" 9 18, 9 33 0, S_00000187d2deb130;
 .timescale 0 0;
    .port_info 0 /INPUT 1 "a";
    .port_info 1 /INPUT 1 "b";
    .port_info 2 /INPUT 1 "cin";
    .port_info 3 /OUTPUT 1 "sum";
    .port_info 4 /OUTPUT 1 "cout";
L_00000187d2eab120 .functor XOR 1, L_00000187d2e31710, L_00000187d2e2fe10, C4<0>, C4<0>;
L_00000187d2eac310 .functor XOR 1, L_00000187d2eab120, L_00000187d2e2f690, C4<0>, C4<0>;
L_00000187d2eab970 .functor AND 1, L_00000187d2e31710, L_00000187d2e2fe10, C4<1>, C4<1>;
L_00000187d2eaad30 .functor XOR 1, L_00000187d2e31710, L_00000187d2e2fe10, C4<0>, C4<0>;
L_00000187d2eaab00 .functor AND 1, L_00000187d2e2f690, L_00000187d2eaad30, C4<1>, C4<1>;
L_00000187d2eaba50 .functor OR 1, L_00000187d2eab970, L_00000187d2eaab00, C4<0>, C4<0>;
v00000187d2df4bc0_0 .net *"_ivl_0", 0 0, L_00000187d2eab120;  1 drivers
v00000187d2df4620_0 .net *"_ivl_4", 0 0, L_00000187d2eab970;  1 drivers
v00000187d2df46c0_0 .net *"_ivl_6", 0 0, L_00000187d2eaad30;  1 drivers
v00000187d2df5200_0 .net *"_ivl_8", 0 0, L_00000187d2eaab00;  1 drivers
v00000187d2df4760_0 .net "a", 0 0, L_00000187d2e31710;  1 drivers
v00000187d2df5c00_0 .net "b", 0 0, L_00000187d2e2fe10;  1 drivers
v00000187d2df3ea0_0 .net "cin", 0 0, L_00000187d2e2f690;  1 drivers
v00000187d2df52a0_0 .net "cout", 0 0, L_00000187d2eaba50;  1 drivers
v00000187d2df5340_0 .net "sum", 0 0, L_00000187d2eac310;  1 drivers
S_00000187d2dea320 .scope generate, "fa_gen[13]" "fa_gen[13]" 9 17, 9 17 0, S_00000187d2de7370;
 .timescale 0 0;
P_00000187d2d111a0 .param/l "i" 0 9 17, +C4<01101>;
S_00000187d2dea4b0 .scope module, "fa" "full_adder" 9 18, 9 33 0, S_00000187d2dea320;
 .timescale 0 0;
    .port_info 0 /INPUT 1 "a";
    .port_info 1 /INPUT 1 "b";
    .port_info 2 /INPUT 1 "cin";
    .port_info 3 /OUTPUT 1 "sum";
    .port_info 4 /OUTPUT 1 "cout";
L_00000187d2eac0e0 .functor XOR 1, L_00000187d2e2f730, L_00000187d2e2f190, C4<0>, C4<0>;
L_00000187d2eabc10 .functor XOR 1, L_00000187d2eac0e0, L_00000187d2e2faf0, C4<0>, C4<0>;
L_00000187d2eab040 .functor AND 1, L_00000187d2e2f730, L_00000187d2e2f190, C4<1>, C4<1>;
L_00000187d2eaae80 .functor XOR 1, L_00000187d2e2f730, L_00000187d2e2f190, C4<0>, C4<0>;
L_00000187d2eac070 .functor AND 1, L_00000187d2e2faf0, L_00000187d2eaae80, C4<1>, C4<1>;
L_00000187d2eab5f0 .functor OR 1, L_00000187d2eab040, L_00000187d2eac070, C4<0>, C4<0>;
v00000187d2df49e0_0 .net *"_ivl_0", 0 0, L_00000187d2eac0e0;  1 drivers
v00000187d2df5480_0 .net *"_ivl_4", 0 0, L_00000187d2eab040;  1 drivers
v00000187d2df5d40_0 .net *"_ivl_6", 0 0, L_00000187d2eaae80;  1 drivers
v00000187d2df5520_0 .net *"_ivl_8", 0 0, L_00000187d2eac070;  1 drivers
v00000187d2df5660_0 .net "a", 0 0, L_00000187d2e2f730;  1 drivers
v00000187d2df57a0_0 .net "b", 0 0, L_00000187d2e2f190;  1 drivers
v00000187d2df5840_0 .net "cin", 0 0, L_00000187d2e2faf0;  1 drivers
v00000187d2df5ca0_0 .net "cout", 0 0, L_00000187d2eab5f0;  1 drivers
v00000187d2df58e0_0 .net "sum", 0 0, L_00000187d2eabc10;  1 drivers
S_00000187d2de8d40 .scope generate, "fa_gen[14]" "fa_gen[14]" 9 17, 9 17 0, S_00000187d2de7370;
 .timescale 0 0;
P_00000187d2d11220 .param/l "i" 0 9 17, +C4<01110>;
S_00000187d2de9510 .scope module, "fa" "full_adder" 9 18, 9 33 0, S_00000187d2de8d40;
 .timescale 0 0;
    .port_info 0 /INPUT 1 "a";
    .port_info 1 /INPUT 1 "b";
    .port_info 2 /INPUT 1 "cin";
    .port_info 3 /OUTPUT 1 "sum";
    .port_info 4 /OUTPUT 1 "cout";
L_00000187d2eab190 .functor XOR 1, L_00000187d2e2fb90, L_00000187d2e2f230, C4<0>, C4<0>;
L_00000187d2eac150 .functor XOR 1, L_00000187d2eab190, L_00000187d2e2f2d0, C4<0>, C4<0>;
L_00000187d2eab580 .functor AND 1, L_00000187d2e2fb90, L_00000187d2e2f230, C4<1>, C4<1>;
L_00000187d2eaacc0 .functor XOR 1, L_00000187d2e2fb90, L_00000187d2e2f230, C4<0>, C4<0>;
L_00000187d2eab890 .functor AND 1, L_00000187d2e2f2d0, L_00000187d2eaacc0, C4<1>, C4<1>;
L_00000187d2eaafd0 .functor OR 1, L_00000187d2eab580, L_00000187d2eab890, C4<0>, C4<0>;
v00000187d2df5980_0 .net *"_ivl_0", 0 0, L_00000187d2eab190;  1 drivers
v00000187d2df5de0_0 .net *"_ivl_4", 0 0, L_00000187d2eab580;  1 drivers
v00000187d2df5a20_0 .net *"_ivl_6", 0 0, L_00000187d2eaacc0;  1 drivers
v00000187d2df5e80_0 .net *"_ivl_8", 0 0, L_00000187d2eab890;  1 drivers
v00000187d2df6060_0 .net "a", 0 0, L_00000187d2e2fb90;  1 drivers
v00000187d2df3900_0 .net "b", 0 0, L_00000187d2e2f230;  1 drivers
v00000187d2df39a0_0 .net "cin", 0 0, L_00000187d2e2f2d0;  1 drivers
v00000187d2df3a40_0 .net "cout", 0 0, L_00000187d2eaafd0;  1 drivers
v00000187d2df80e0_0 .net "sum", 0 0, L_00000187d2eac150;  1 drivers
S_00000187d2deb2c0 .scope generate, "fa_gen[15]" "fa_gen[15]" 9 17, 9 17 0, S_00000187d2de7370;
 .timescale 0 0;
P_00000187d2d112a0 .param/l "i" 0 9 17, +C4<01111>;
S_00000187d2de83e0 .scope module, "fa" "full_adder" 9 18, 9 33 0, S_00000187d2deb2c0;
 .timescale 0 0;
    .port_info 0 /INPUT 1 "a";
    .port_info 1 /INPUT 1 "b";
    .port_info 2 /INPUT 1 "cin";
    .port_info 3 /OUTPUT 1 "sum";
    .port_info 4 /OUTPUT 1 "cout";
L_00000187d2eac1c0 .functor XOR 1, L_00000187d2e2f410, L_00000187d2e2fcd0, C4<0>, C4<0>;
L_00000187d2eab820 .functor XOR 1, L_00000187d2eac1c0, L_00000187d2e2feb0, C4<0>, C4<0>;
L_00000187d2eaab70 .functor AND 1, L_00000187d2e2f410, L_00000187d2e2fcd0, C4<1>, C4<1>;
L_00000187d2eabeb0 .functor XOR 1, L_00000187d2e2f410, L_00000187d2e2fcd0, C4<0>, C4<0>;
L_00000187d2eab6d0 .functor AND 1, L_00000187d2e2feb0, L_00000187d2eabeb0, C4<1>, C4<1>;
L_00000187d2eab3c0 .functor OR 1, L_00000187d2eaab70, L_00000187d2eab6d0, C4<0>, C4<0>;
v00000187d2df7be0_0 .net *"_ivl_0", 0 0, L_00000187d2eac1c0;  1 drivers
v00000187d2df7c80_0 .net *"_ivl_4", 0 0, L_00000187d2eaab70;  1 drivers
v00000187d2df8360_0 .net *"_ivl_6", 0 0, L_00000187d2eabeb0;  1 drivers
v00000187d2df7000_0 .net *"_ivl_8", 0 0, L_00000187d2eab6d0;  1 drivers
v00000187d2df7b40_0 .net "a", 0 0, L_00000187d2e2f410;  1 drivers
v00000187d2df7dc0_0 .net "b", 0 0, L_00000187d2e2fcd0;  1 drivers
v00000187d2df70a0_0 .net "cin", 0 0, L_00000187d2e2feb0;  1 drivers
v00000187d2df78c0_0 .net "cout", 0 0, L_00000187d2eab3c0;  1 drivers
v00000187d2df84a0_0 .net "sum", 0 0, L_00000187d2eab820;  1 drivers
S_00000187d2deb5e0 .scope generate, "fa_gen[16]" "fa_gen[16]" 9 17, 9 17 0, S_00000187d2de7370;
 .timescale 0 0;
P_00000187d2d112e0 .param/l "i" 0 9 17, +C4<010000>;
S_00000187d2dea000 .scope module, "fa" "full_adder" 9 18, 9 33 0, S_00000187d2deb5e0;
 .timescale 0 0;
    .port_info 0 /INPUT 1 "a";
    .port_info 1 /INPUT 1 "b";
    .port_info 2 /INPUT 1 "cin";
    .port_info 3 /OUTPUT 1 "sum";
    .port_info 4 /OUTPUT 1 "cout";
L_00000187d2eaa9b0 .functor XOR 1, L_00000187d2e2ff50, L_00000187d2e2fff0, C4<0>, C4<0>;
L_00000187d2eab900 .functor XOR 1, L_00000187d2eaa9b0, L_00000187d2e30090, C4<0>, C4<0>;
L_00000187d2eab660 .functor AND 1, L_00000187d2e2ff50, L_00000187d2e2fff0, C4<1>, C4<1>;
L_00000187d2eaaef0 .functor XOR 1, L_00000187d2e2ff50, L_00000187d2e2fff0, C4<0>, C4<0>;
L_00000187d2eabac0 .functor AND 1, L_00000187d2e30090, L_00000187d2eaaef0, C4<1>, C4<1>;
L_00000187d2eab0b0 .functor OR 1, L_00000187d2eab660, L_00000187d2eabac0, C4<0>, C4<0>;
v00000187d2df7140_0 .net *"_ivl_0", 0 0, L_00000187d2eaa9b0;  1 drivers
v00000187d2df8180_0 .net *"_ivl_4", 0 0, L_00000187d2eab660;  1 drivers
v00000187d2df7500_0 .net *"_ivl_6", 0 0, L_00000187d2eaaef0;  1 drivers
v00000187d2df6b00_0 .net *"_ivl_8", 0 0, L_00000187d2eabac0;  1 drivers
v00000187d2df73c0_0 .net "a", 0 0, L_00000187d2e2ff50;  1 drivers
v00000187d2df7f00_0 .net "b", 0 0, L_00000187d2e2fff0;  1 drivers
v00000187d2df8040_0 .net "cin", 0 0, L_00000187d2e30090;  1 drivers
v00000187d2df85e0_0 .net "cout", 0 0, L_00000187d2eab0b0;  1 drivers
v00000187d2df6380_0 .net "sum", 0 0, L_00000187d2eab900;  1 drivers
S_00000187d2dea640 .scope generate, "fa_gen[17]" "fa_gen[17]" 9 17, 9 17 0, S_00000187d2de7370;
 .timescale 0 0;
P_00000187d2d11320 .param/l "i" 0 9 17, +C4<010001>;
S_00000187d2de9060 .scope module, "fa" "full_adder" 9 18, 9 33 0, S_00000187d2dea640;
 .timescale 0 0;
    .port_info 0 /INPUT 1 "a";
    .port_info 1 /INPUT 1 "b";
    .port_info 2 /INPUT 1 "cin";
    .port_info 3 /OUTPUT 1 "sum";
    .port_info 4 /OUTPUT 1 "cout";
L_00000187d2eabd60 .functor XOR 1, L_00000187d2e30130, L_00000187d2e33330, C4<0>, C4<0>;
L_00000187d2eab350 .functor XOR 1, L_00000187d2eabd60, L_00000187d2e31fd0, C4<0>, C4<0>;
L_00000187d2eabc80 .functor AND 1, L_00000187d2e30130, L_00000187d2e33330, C4<1>, C4<1>;
L_00000187d2eabdd0 .functor XOR 1, L_00000187d2e30130, L_00000187d2e33330, C4<0>, C4<0>;
L_00000187d2eabe40 .functor AND 1, L_00000187d2e31fd0, L_00000187d2eabdd0, C4<1>, C4<1>;
L_00000187d2eaaf60 .functor OR 1, L_00000187d2eabc80, L_00000187d2eabe40, C4<0>, C4<0>;
v00000187d2df82c0_0 .net *"_ivl_0", 0 0, L_00000187d2eabd60;  1 drivers
v00000187d2df7460_0 .net *"_ivl_4", 0 0, L_00000187d2eabc80;  1 drivers
v00000187d2df8220_0 .net *"_ivl_6", 0 0, L_00000187d2eabdd0;  1 drivers
v00000187d2df75a0_0 .net *"_ivl_8", 0 0, L_00000187d2eabe40;  1 drivers
v00000187d2df7960_0 .net "a", 0 0, L_00000187d2e30130;  1 drivers
v00000187d2df6420_0 .net "b", 0 0, L_00000187d2e33330;  1 drivers
v00000187d2df7a00_0 .net "cin", 0 0, L_00000187d2e31fd0;  1 drivers
v00000187d2df7640_0 .net "cout", 0 0, L_00000187d2eaaf60;  1 drivers
v00000187d2df76e0_0 .net "sum", 0 0, L_00000187d2eab350;  1 drivers
S_00000187d2de8ed0 .scope generate, "fa_gen[18]" "fa_gen[18]" 9 17, 9 17 0, S_00000187d2de7370;
 .timescale 0 0;
P_00000187d2d11560 .param/l "i" 0 9 17, +C4<010010>;
S_00000187d2de99c0 .scope module, "fa" "full_adder" 9 18, 9 33 0, S_00000187d2de8ed0;
 .timescale 0 0;
    .port_info 0 /INPUT 1 "a";
    .port_info 1 /INPUT 1 "b";
    .port_info 2 /INPUT 1 "cin";
    .port_info 3 /OUTPUT 1 "sum";
    .port_info 4 /OUTPUT 1 "cout";
L_00000187d2eabf20 .functor XOR 1, L_00000187d2e33290, L_00000187d2e32cf0, C4<0>, C4<0>;
L_00000187d2eac000 .functor XOR 1, L_00000187d2eabf20, L_00000187d2e33f10, C4<0>, C4<0>;
L_00000187d2eaa8d0 .functor AND 1, L_00000187d2e33290, L_00000187d2e32cf0, C4<1>, C4<1>;
L_00000187d2eac230 .functor XOR 1, L_00000187d2e33290, L_00000187d2e32cf0, C4<0>, C4<0>;
L_00000187d2eab430 .functor AND 1, L_00000187d2e33f10, L_00000187d2eac230, C4<1>, C4<1>;
L_00000187d2eab4a0 .functor OR 1, L_00000187d2eaa8d0, L_00000187d2eab430, C4<0>, C4<0>;
v00000187d2df7d20_0 .net *"_ivl_0", 0 0, L_00000187d2eabf20;  1 drivers
v00000187d2df8400_0 .net *"_ivl_4", 0 0, L_00000187d2eaa8d0;  1 drivers
v00000187d2df8540_0 .net *"_ivl_6", 0 0, L_00000187d2eac230;  1 drivers
v00000187d2df8680_0 .net *"_ivl_8", 0 0, L_00000187d2eab430;  1 drivers
v00000187d2df71e0_0 .net "a", 0 0, L_00000187d2e33290;  1 drivers
v00000187d2df6d80_0 .net "b", 0 0, L_00000187d2e32cf0;  1 drivers
v00000187d2df7780_0 .net "cin", 0 0, L_00000187d2e33f10;  1 drivers
v00000187d2df7820_0 .net "cout", 0 0, L_00000187d2eab4a0;  1 drivers
v00000187d2df8720_0 .net "sum", 0 0, L_00000187d2eac000;  1 drivers
S_00000187d2de8570 .scope generate, "fa_gen[19]" "fa_gen[19]" 9 17, 9 17 0, S_00000187d2de7370;
 .timescale 0 0;
P_00000187d2d12420 .param/l "i" 0 9 17, +C4<010011>;
S_00000187d2de8700 .scope module, "fa" "full_adder" 9 18, 9 33 0, S_00000187d2de8570;
 .timescale 0 0;
    .port_info 0 /INPUT 1 "a";
    .port_info 1 /INPUT 1 "b";
    .port_info 2 /INPUT 1 "cin";
    .port_info 3 /OUTPUT 1 "sum";
    .port_info 4 /OUTPUT 1 "cout";
L_00000187d2eab270 .functor XOR 1, L_00000187d2e32250, L_00000187d2e33510, C4<0>, C4<0>;
L_00000187d2eabf90 .functor XOR 1, L_00000187d2eab270, L_00000187d2e33650, C4<0>, C4<0>;
L_00000187d2eab510 .functor AND 1, L_00000187d2e32250, L_00000187d2e33510, C4<1>, C4<1>;
L_00000187d2eaa940 .functor XOR 1, L_00000187d2e32250, L_00000187d2e33510, C4<0>, C4<0>;
L_00000187d2eac2a0 .functor AND 1, L_00000187d2e33650, L_00000187d2eaa940, C4<1>, C4<1>;
L_00000187d2eac380 .functor OR 1, L_00000187d2eab510, L_00000187d2eac2a0, C4<0>, C4<0>;
v00000187d2df6740_0 .net *"_ivl_0", 0 0, L_00000187d2eab270;  1 drivers
v00000187d2df7fa0_0 .net *"_ivl_4", 0 0, L_00000187d2eab510;  1 drivers
v00000187d2df7aa0_0 .net *"_ivl_6", 0 0, L_00000187d2eaa940;  1 drivers
v00000187d2df7e60_0 .net *"_ivl_8", 0 0, L_00000187d2eac2a0;  1 drivers
v00000187d2df87c0_0 .net "a", 0 0, L_00000187d2e32250;  1 drivers
v00000187d2df6c40_0 .net "b", 0 0, L_00000187d2e33510;  1 drivers
v00000187d2df6ce0_0 .net "cin", 0 0, L_00000187d2e33650;  1 drivers
v00000187d2df8860_0 .net "cout", 0 0, L_00000187d2eac380;  1 drivers
v00000187d2df6e20_0 .net "sum", 0 0, L_00000187d2eabf90;  1 drivers
S_00000187d2de96a0 .scope generate, "fa_gen[20]" "fa_gen[20]" 9 17, 9 17 0, S_00000187d2de7370;
 .timescale 0 0;
P_00000187d2d12260 .param/l "i" 0 9 17, +C4<010100>;
S_00000187d2dea7d0 .scope module, "fa" "full_adder" 9 18, 9 33 0, S_00000187d2de96a0;
 .timescale 0 0;
    .port_info 0 /INPUT 1 "a";
    .port_info 1 /INPUT 1 "b";
    .port_info 2 /INPUT 1 "cin";
    .port_info 3 /OUTPUT 1 "sum";
    .port_info 4 /OUTPUT 1 "cout";
L_00000187d2eac3f0 .functor XOR 1, L_00000187d2e31f30, L_00000187d2e327f0, C4<0>, C4<0>;
L_00000187d2eaa860 .functor XOR 1, L_00000187d2eac3f0, L_00000187d2e330b0, C4<0>, C4<0>;
L_00000187d2eaaa20 .functor AND 1, L_00000187d2e31f30, L_00000187d2e327f0, C4<1>, C4<1>;
L_00000187d2eaaa90 .functor XOR 1, L_00000187d2e31f30, L_00000187d2e327f0, C4<0>, C4<0>;
L_00000187d2eaabe0 .functor AND 1, L_00000187d2e330b0, L_00000187d2eaaa90, C4<1>, C4<1>;
L_00000187d2eafe90 .functor OR 1, L_00000187d2eaaa20, L_00000187d2eaabe0, C4<0>, C4<0>;
v00000187d2df61a0_0 .net *"_ivl_0", 0 0, L_00000187d2eac3f0;  1 drivers
v00000187d2df6100_0 .net *"_ivl_4", 0 0, L_00000187d2eaaa20;  1 drivers
v00000187d2df7280_0 .net *"_ivl_6", 0 0, L_00000187d2eaaa90;  1 drivers
v00000187d2df6240_0 .net *"_ivl_8", 0 0, L_00000187d2eaabe0;  1 drivers
v00000187d2df62e0_0 .net "a", 0 0, L_00000187d2e31f30;  1 drivers
v00000187d2df7320_0 .net "b", 0 0, L_00000187d2e327f0;  1 drivers
v00000187d2df6ba0_0 .net "cin", 0 0, L_00000187d2e330b0;  1 drivers
v00000187d2df64c0_0 .net "cout", 0 0, L_00000187d2eafe90;  1 drivers
v00000187d2df6560_0 .net "sum", 0 0, L_00000187d2eaa860;  1 drivers
S_00000187d2deb770 .scope generate, "fa_gen[21]" "fa_gen[21]" 9 17, 9 17 0, S_00000187d2de7370;
 .timescale 0 0;
P_00000187d2d12ce0 .param/l "i" 0 9 17, +C4<010101>;
S_00000187d2deb900 .scope module, "fa" "full_adder" 9 18, 9 33 0, S_00000187d2deb770;
 .timescale 0 0;
    .port_info 0 /INPUT 1 "a";
    .port_info 1 /INPUT 1 "b";
    .port_info 2 /INPUT 1 "cin";
    .port_info 3 /OUTPUT 1 "sum";
    .port_info 4 /OUTPUT 1 "cout";
L_00000187d2b5a0e0 .functor XOR 1, L_00000187d2e333d0, L_00000187d2e32b10, C4<0>, C4<0>;
L_00000187d2eb5470 .functor XOR 1, L_00000187d2b5a0e0, L_00000187d2e31c10, C4<0>, C4<0>;
L_00000187d2eb4e50 .functor AND 1, L_00000187d2e333d0, L_00000187d2e32b10, C4<1>, C4<1>;
L_00000187d2eb5be0 .functor XOR 1, L_00000187d2e333d0, L_00000187d2e32b10, C4<0>, C4<0>;
L_00000187d2eb4ec0 .functor AND 1, L_00000187d2e31c10, L_00000187d2eb5be0, C4<1>, C4<1>;
L_00000187d2eb42f0 .functor OR 1, L_00000187d2eb4e50, L_00000187d2eb4ec0, C4<0>, C4<0>;
v00000187d2df6ec0_0 .net *"_ivl_0", 0 0, L_00000187d2b5a0e0;  1 drivers
v00000187d2df6600_0 .net *"_ivl_4", 0 0, L_00000187d2eb4e50;  1 drivers
v00000187d2df66a0_0 .net *"_ivl_6", 0 0, L_00000187d2eb5be0;  1 drivers
v00000187d2df67e0_0 .net *"_ivl_8", 0 0, L_00000187d2eb4ec0;  1 drivers
v00000187d2df6880_0 .net "a", 0 0, L_00000187d2e333d0;  1 drivers
v00000187d2df6920_0 .net "b", 0 0, L_00000187d2e32b10;  1 drivers
v00000187d2df69c0_0 .net "cin", 0 0, L_00000187d2e31c10;  1 drivers
v00000187d2df6a60_0 .net "cout", 0 0, L_00000187d2eb42f0;  1 drivers
v00000187d2df6f60_0 .net "sum", 0 0, L_00000187d2eb5470;  1 drivers
S_00000187d2dea960 .scope generate, "fa_gen[22]" "fa_gen[22]" 9 17, 9 17 0, S_00000187d2de7370;
 .timescale 0 0;
P_00000187d2d12b20 .param/l "i" 0 9 17, +C4<010110>;
S_00000187d2deba90 .scope module, "fa" "full_adder" 9 18, 9 33 0, S_00000187d2dea960;
 .timescale 0 0;
    .port_info 0 /INPUT 1 "a";
    .port_info 1 /INPUT 1 "b";
    .port_info 2 /INPUT 1 "cin";
    .port_info 3 /OUTPUT 1 "sum";
    .port_info 4 /OUTPUT 1 "cout";
L_00000187d2eb5cc0 .functor XOR 1, L_00000187d2e32d90, L_00000187d2e32bb0, C4<0>, C4<0>;
L_00000187d2eb4b40 .functor XOR 1, L_00000187d2eb5cc0, L_00000187d2e32390, C4<0>, C4<0>;
L_00000187d2eb4600 .functor AND 1, L_00000187d2e32d90, L_00000187d2e32bb0, C4<1>, C4<1>;
L_00000187d2eb4ad0 .functor XOR 1, L_00000187d2e32d90, L_00000187d2e32bb0, C4<0>, C4<0>;
L_00000187d2eb5400 .functor AND 1, L_00000187d2e32390, L_00000187d2eb4ad0, C4<1>, C4<1>;
L_00000187d2eb5e10 .functor OR 1, L_00000187d2eb4600, L_00000187d2eb5400, C4<0>, C4<0>;
v00000187d2df93a0_0 .net *"_ivl_0", 0 0, L_00000187d2eb5cc0;  1 drivers
v00000187d2df8f40_0 .net *"_ivl_4", 0 0, L_00000187d2eb4600;  1 drivers
v00000187d2dfa520_0 .net *"_ivl_6", 0 0, L_00000187d2eb4ad0;  1 drivers
v00000187d2df8e00_0 .net *"_ivl_8", 0 0, L_00000187d2eb5400;  1 drivers
v00000187d2dfa700_0 .net "a", 0 0, L_00000187d2e32d90;  1 drivers
v00000187d2df9760_0 .net "b", 0 0, L_00000187d2e32bb0;  1 drivers
v00000187d2dfafc0_0 .net "cin", 0 0, L_00000187d2e32390;  1 drivers
v00000187d2df8fe0_0 .net "cout", 0 0, L_00000187d2eb5e10;  1 drivers
v00000187d2df99e0_0 .net "sum", 0 0, L_00000187d2eb4b40;  1 drivers
S_00000187d2de9b50 .scope generate, "fa_gen[23]" "fa_gen[23]" 9 17, 9 17 0, S_00000187d2de7370;
 .timescale 0 0;
P_00000187d2d12860 .param/l "i" 0 9 17, +C4<010111>;
S_00000187d2de91f0 .scope module, "fa" "full_adder" 9 18, 9 33 0, S_00000187d2de9b50;
 .timescale 0 0;
    .port_info 0 /INPUT 1 "a";
    .port_info 1 /INPUT 1 "b";
    .port_info 2 /INPUT 1 "cin";
    .port_info 3 /OUTPUT 1 "sum";
    .port_info 4 /OUTPUT 1 "cout";
L_00000187d2eb5e80 .functor XOR 1, L_00000187d2e32430, L_00000187d2e32c50, C4<0>, C4<0>;
L_00000187d2eb5160 .functor XOR 1, L_00000187d2eb5e80, L_00000187d2e335b0, C4<0>, C4<0>;
L_00000187d2eb4f30 .functor AND 1, L_00000187d2e32430, L_00000187d2e32c50, C4<1>, C4<1>;
L_00000187d2eb44b0 .functor XOR 1, L_00000187d2e32430, L_00000187d2e32c50, C4<0>, C4<0>;
L_00000187d2eb46e0 .functor AND 1, L_00000187d2e335b0, L_00000187d2eb44b0, C4<1>, C4<1>;
L_00000187d2eb43d0 .functor OR 1, L_00000187d2eb4f30, L_00000187d2eb46e0, C4<0>, C4<0>;
v00000187d2df8d60_0 .net *"_ivl_0", 0 0, L_00000187d2eb5e80;  1 drivers
v00000187d2dfa200_0 .net *"_ivl_4", 0 0, L_00000187d2eb4f30;  1 drivers
v00000187d2df9800_0 .net *"_ivl_6", 0 0, L_00000187d2eb44b0;  1 drivers
v00000187d2dfa020_0 .net *"_ivl_8", 0 0, L_00000187d2eb46e0;  1 drivers
v00000187d2df96c0_0 .net "a", 0 0, L_00000187d2e32430;  1 drivers
v00000187d2df9c60_0 .net "b", 0 0, L_00000187d2e32c50;  1 drivers
v00000187d2df9d00_0 .net "cin", 0 0, L_00000187d2e335b0;  1 drivers
v00000187d2dfa5c0_0 .net "cout", 0 0, L_00000187d2eb43d0;  1 drivers
v00000187d2df9940_0 .net "sum", 0 0, L_00000187d2eb5160;  1 drivers
S_00000187d2de9830 .scope generate, "fa_gen[24]" "fa_gen[24]" 9 17, 9 17 0, S_00000187d2de7370;
 .timescale 0 0;
P_00000187d2d12ee0 .param/l "i" 0 9 17, +C4<011000>;
S_00000187d2de80c0 .scope module, "fa" "full_adder" 9 18, 9 33 0, S_00000187d2de9830;
 .timescale 0 0;
    .port_info 0 /INPUT 1 "a";
    .port_info 1 /INPUT 1 "b";
    .port_info 2 /INPUT 1 "cin";
    .port_info 3 /OUTPUT 1 "sum";
    .port_info 4 /OUTPUT 1 "cout";
L_00000187d2eb4c90 .functor XOR 1, L_00000187d2e32e30, L_00000187d2e329d0, C4<0>, C4<0>;
L_00000187d2eb4830 .functor XOR 1, L_00000187d2eb4c90, L_00000187d2e32610, C4<0>, C4<0>;
L_00000187d2eb5080 .functor AND 1, L_00000187d2e32e30, L_00000187d2e329d0, C4<1>, C4<1>;
L_00000187d2eb5860 .functor XOR 1, L_00000187d2e32e30, L_00000187d2e329d0, C4<0>, C4<0>;
L_00000187d2eb4440 .functor AND 1, L_00000187d2e32610, L_00000187d2eb5860, C4<1>, C4<1>;
L_00000187d2eb48a0 .functor OR 1, L_00000187d2eb5080, L_00000187d2eb4440, C4<0>, C4<0>;
v00000187d2df8cc0_0 .net *"_ivl_0", 0 0, L_00000187d2eb4c90;  1 drivers
v00000187d2dfa660_0 .net *"_ivl_4", 0 0, L_00000187d2eb5080;  1 drivers
v00000187d2dfa0c0_0 .net *"_ivl_6", 0 0, L_00000187d2eb5860;  1 drivers
v00000187d2df94e0_0 .net *"_ivl_8", 0 0, L_00000187d2eb4440;  1 drivers
v00000187d2dfa7a0_0 .net "a", 0 0, L_00000187d2e32e30;  1 drivers
v00000187d2df8ea0_0 .net "b", 0 0, L_00000187d2e329d0;  1 drivers
v00000187d2df9080_0 .net "cin", 0 0, L_00000187d2e32610;  1 drivers
v00000187d2dfa160_0 .net "cout", 0 0, L_00000187d2eb48a0;  1 drivers
v00000187d2df9440_0 .net "sum", 0 0, L_00000187d2eb4830;  1 drivers
S_00000187d2deaaf0 .scope generate, "fa_gen[25]" "fa_gen[25]" 9 17, 9 17 0, S_00000187d2de7370;
 .timescale 0 0;
P_00000187d2d12e20 .param/l "i" 0 9 17, +C4<011001>;
S_00000187d2deae10 .scope module, "fa" "full_adder" 9 18, 9 33 0, S_00000187d2deaaf0;
 .timescale 0 0;
    .port_info 0 /INPUT 1 "a";
    .port_info 1 /INPUT 1 "b";
    .port_info 2 /INPUT 1 "cin";
    .port_info 3 /OUTPUT 1 "sum";
    .port_info 4 /OUTPUT 1 "cout";
L_00000187d2eb5780 .functor XOR 1, L_00000187d2e331f0, L_00000187d2e322f0, C4<0>, C4<0>;
L_00000187d2eb4750 .functor XOR 1, L_00000187d2eb5780, L_00000187d2e33fb0, C4<0>, C4<0>;
L_00000187d2eb4fa0 .functor AND 1, L_00000187d2e331f0, L_00000187d2e322f0, C4<1>, C4<1>;
L_00000187d2eb5da0 .functor XOR 1, L_00000187d2e331f0, L_00000187d2e322f0, C4<0>, C4<0>;
L_00000187d2eb54e0 .functor AND 1, L_00000187d2e33fb0, L_00000187d2eb5da0, C4<1>, C4<1>;
L_00000187d2eb5010 .functor OR 1, L_00000187d2eb4fa0, L_00000187d2eb54e0, C4<0>, C4<0>;
v00000187d2dfb060_0 .net *"_ivl_0", 0 0, L_00000187d2eb5780;  1 drivers
v00000187d2df91c0_0 .net *"_ivl_4", 0 0, L_00000187d2eb4fa0;  1 drivers
v00000187d2df9da0_0 .net *"_ivl_6", 0 0, L_00000187d2eb5da0;  1 drivers
v00000187d2dfa2a0_0 .net *"_ivl_8", 0 0, L_00000187d2eb54e0;  1 drivers
v00000187d2df9e40_0 .net "a", 0 0, L_00000187d2e331f0;  1 drivers
v00000187d2df8b80_0 .net "b", 0 0, L_00000187d2e322f0;  1 drivers
v00000187d2df9ee0_0 .net "cin", 0 0, L_00000187d2e33fb0;  1 drivers
v00000187d2dfa340_0 .net "cout", 0 0, L_00000187d2eb5010;  1 drivers
v00000187d2df9a80_0 .net "sum", 0 0, L_00000187d2eb4750;  1 drivers
S_00000187d2debc20 .scope generate, "fa_gen[26]" "fa_gen[26]" 9 17, 9 17 0, S_00000187d2de7370;
 .timescale 0 0;
P_00000187d2d128e0 .param/l "i" 0 9 17, +C4<011010>;
S_00000187d2debdb0 .scope module, "fa" "full_adder" 9 18, 9 33 0, S_00000187d2debc20;
 .timescale 0 0;
    .port_info 0 /INPUT 1 "a";
    .port_info 1 /INPUT 1 "b";
    .port_info 2 /INPUT 1 "cin";
    .port_info 3 /OUTPUT 1 "sum";
    .port_info 4 /OUTPUT 1 "cout";
L_00000187d2eb4590 .functor XOR 1, L_00000187d2e32a70, L_00000187d2e32750, C4<0>, C4<0>;
L_00000187d2eb5550 .functor XOR 1, L_00000187d2eb4590, L_00000187d2e326b0, C4<0>, C4<0>;
L_00000187d2eb56a0 .functor AND 1, L_00000187d2e32a70, L_00000187d2e32750, C4<1>, C4<1>;
L_00000187d2eb58d0 .functor XOR 1, L_00000187d2e32a70, L_00000187d2e32750, C4<0>, C4<0>;
L_00000187d2eb4360 .functor AND 1, L_00000187d2e326b0, L_00000187d2eb58d0, C4<1>, C4<1>;
L_00000187d2eb50f0 .functor OR 1, L_00000187d2eb56a0, L_00000187d2eb4360, C4<0>, C4<0>;
v00000187d2df9f80_0 .net *"_ivl_0", 0 0, L_00000187d2eb4590;  1 drivers
v00000187d2dfaca0_0 .net *"_ivl_4", 0 0, L_00000187d2eb56a0;  1 drivers
v00000187d2df9b20_0 .net *"_ivl_6", 0 0, L_00000187d2eb58d0;  1 drivers
v00000187d2dfa3e0_0 .net *"_ivl_8", 0 0, L_00000187d2eb4360;  1 drivers
v00000187d2dfa480_0 .net "a", 0 0, L_00000187d2e32a70;  1 drivers
v00000187d2df9120_0 .net "b", 0 0, L_00000187d2e32750;  1 drivers
v00000187d2df9260_0 .net "cin", 0 0, L_00000187d2e326b0;  1 drivers
v00000187d2df9300_0 .net "cout", 0 0, L_00000187d2eb50f0;  1 drivers
v00000187d2df9580_0 .net "sum", 0 0, L_00000187d2eb5550;  1 drivers
S_00000187d2de8250 .scope generate, "fa_gen[27]" "fa_gen[27]" 9 17, 9 17 0, S_00000187d2de7370;
 .timescale 0 0;
P_00000187d2d12360 .param/l "i" 0 9 17, +C4<011011>;
S_00000187d2dfeb10 .scope module, "fa" "full_adder" 9 18, 9 33 0, S_00000187d2de8250;
 .timescale 0 0;
    .port_info 0 /INPUT 1 "a";
    .port_info 1 /INPUT 1 "b";
    .port_info 2 /INPUT 1 "cin";
    .port_info 3 /OUTPUT 1 "sum";
    .port_info 4 /OUTPUT 1 "cout";
L_00000187d2eb5b00 .functor XOR 1, L_00000187d2e32ed0, L_00000187d2e32f70, C4<0>, C4<0>;
L_00000187d2eb51d0 .functor XOR 1, L_00000187d2eb5b00, L_00000187d2e32890, C4<0>, C4<0>;
L_00000187d2eb5240 .functor AND 1, L_00000187d2e32ed0, L_00000187d2e32f70, C4<1>, C4<1>;
L_00000187d2eb5940 .functor XOR 1, L_00000187d2e32ed0, L_00000187d2e32f70, C4<0>, C4<0>;
L_00000187d2eb4520 .functor AND 1, L_00000187d2e32890, L_00000187d2eb5940, C4<1>, C4<1>;
L_00000187d2eb4910 .functor OR 1, L_00000187d2eb5240, L_00000187d2eb4520, C4<0>, C4<0>;
v00000187d2df9620_0 .net *"_ivl_0", 0 0, L_00000187d2eb5b00;  1 drivers
v00000187d2df8c20_0 .net *"_ivl_4", 0 0, L_00000187d2eb5240;  1 drivers
v00000187d2df9bc0_0 .net *"_ivl_6", 0 0, L_00000187d2eb5940;  1 drivers
v00000187d2df98a0_0 .net *"_ivl_8", 0 0, L_00000187d2eb4520;  1 drivers
v00000187d2dfa840_0 .net "a", 0 0, L_00000187d2e32ed0;  1 drivers
v00000187d2dfa8e0_0 .net "b", 0 0, L_00000187d2e32f70;  1 drivers
v00000187d2dfa980_0 .net "cin", 0 0, L_00000187d2e32890;  1 drivers
v00000187d2dfaa20_0 .net "cout", 0 0, L_00000187d2eb4910;  1 drivers
v00000187d2df89a0_0 .net "sum", 0 0, L_00000187d2eb51d0;  1 drivers
S_00000187d2dfe4d0 .scope generate, "fa_gen[28]" "fa_gen[28]" 9 17, 9 17 0, S_00000187d2de7370;
 .timescale 0 0;
P_00000187d2d12920 .param/l "i" 0 9 17, +C4<011100>;
S_00000187d2dfd530 .scope module, "fa" "full_adder" 9 18, 9 33 0, S_00000187d2dfe4d0;
 .timescale 0 0;
    .port_info 0 /INPUT 1 "a";
    .port_info 1 /INPUT 1 "b";
    .port_info 2 /INPUT 1 "cin";
    .port_info 3 /OUTPUT 1 "sum";
    .port_info 4 /OUTPUT 1 "cout";
L_00000187d2eb57f0 .functor XOR 1, L_00000187d2e33470, L_00000187d2e324d0, C4<0>, C4<0>;
L_00000187d2eb47c0 .functor XOR 1, L_00000187d2eb57f0, L_00000187d2e34050, C4<0>, C4<0>;
L_00000187d2eb52b0 .functor AND 1, L_00000187d2e33470, L_00000187d2e324d0, C4<1>, C4<1>;
L_00000187d2eb4670 .functor XOR 1, L_00000187d2e33470, L_00000187d2e324d0, C4<0>, C4<0>;
L_00000187d2eb55c0 .functor AND 1, L_00000187d2e34050, L_00000187d2eb4670, C4<1>, C4<1>;
L_00000187d2eb5320 .functor OR 1, L_00000187d2eb52b0, L_00000187d2eb55c0, C4<0>, C4<0>;
v00000187d2dfaac0_0 .net *"_ivl_0", 0 0, L_00000187d2eb57f0;  1 drivers
v00000187d2df8ae0_0 .net *"_ivl_4", 0 0, L_00000187d2eb52b0;  1 drivers
v00000187d2dfad40_0 .net *"_ivl_6", 0 0, L_00000187d2eb4670;  1 drivers
v00000187d2dfab60_0 .net *"_ivl_8", 0 0, L_00000187d2eb55c0;  1 drivers
v00000187d2dfac00_0 .net "a", 0 0, L_00000187d2e33470;  1 drivers
v00000187d2df8900_0 .net "b", 0 0, L_00000187d2e324d0;  1 drivers
v00000187d2dfade0_0 .net "cin", 0 0, L_00000187d2e34050;  1 drivers
v00000187d2dfae80_0 .net "cout", 0 0, L_00000187d2eb5320;  1 drivers
v00000187d2dfaf20_0 .net "sum", 0 0, L_00000187d2eb47c0;  1 drivers
S_00000187d2dff790 .scope generate, "fa_gen[29]" "fa_gen[29]" 9 17, 9 17 0, S_00000187d2de7370;
 .timescale 0 0;
P_00000187d2d12fa0 .param/l "i" 0 9 17, +C4<011101>;
S_00000187d2dfe340 .scope module, "fa" "full_adder" 9 18, 9 33 0, S_00000187d2dff790;
 .timescale 0 0;
    .port_info 0 /INPUT 1 "a";
    .port_info 1 /INPUT 1 "b";
    .port_info 2 /INPUT 1 "cin";
    .port_info 3 /OUTPUT 1 "sum";
    .port_info 4 /OUTPUT 1 "cout";
L_00000187d2eb4980 .functor XOR 1, L_00000187d2e33010, L_00000187d2e32930, C4<0>, C4<0>;
L_00000187d2eb5630 .functor XOR 1, L_00000187d2eb4980, L_00000187d2e33150, C4<0>, C4<0>;
L_00000187d2eb5710 .functor AND 1, L_00000187d2e33010, L_00000187d2e32930, C4<1>, C4<1>;
L_00000187d2eb59b0 .functor XOR 1, L_00000187d2e33010, L_00000187d2e32930, C4<0>, C4<0>;
L_00000187d2eb49f0 .functor AND 1, L_00000187d2e33150, L_00000187d2eb59b0, C4<1>, C4<1>;
L_00000187d2eb5390 .functor OR 1, L_00000187d2eb5710, L_00000187d2eb49f0, C4<0>, C4<0>;
v00000187d2df8a40_0 .net *"_ivl_0", 0 0, L_00000187d2eb4980;  1 drivers
v00000187d2dfb1a0_0 .net *"_ivl_4", 0 0, L_00000187d2eb5710;  1 drivers
v00000187d2dfb2e0_0 .net *"_ivl_6", 0 0, L_00000187d2eb59b0;  1 drivers
v00000187d2dfbf60_0 .net *"_ivl_8", 0 0, L_00000187d2eb49f0;  1 drivers
v00000187d2dfb9c0_0 .net "a", 0 0, L_00000187d2e33010;  1 drivers
v00000187d2dfb880_0 .net "b", 0 0, L_00000187d2e32930;  1 drivers
v00000187d2dfb7e0_0 .net "cin", 0 0, L_00000187d2e33150;  1 drivers
v00000187d2dfb4c0_0 .net "cout", 0 0, L_00000187d2eb5390;  1 drivers
v00000187d2dfb420_0 .net "sum", 0 0, L_00000187d2eb5630;  1 drivers
S_00000187d2dfde90 .scope generate, "fa_gen[30]" "fa_gen[30]" 9 17, 9 17 0, S_00000187d2de7370;
 .timescale 0 0;
P_00000187d2d12e60 .param/l "i" 0 9 17, +C4<011110>;
S_00000187d2dff920 .scope module, "fa" "full_adder" 9 18, 9 33 0, S_00000187d2dfde90;
 .timescale 0 0;
    .port_info 0 /INPUT 1 "a";
    .port_info 1 /INPUT 1 "b";
    .port_info 2 /INPUT 1 "cin";
    .port_info 3 /OUTPUT 1 "sum";
    .port_info 4 /OUTPUT 1 "cout";
L_00000187d2eb5b70 .functor XOR 1, L_00000187d2e336f0, L_00000187d2e31b70, C4<0>, C4<0>;
L_00000187d2eb5a20 .functor XOR 1, L_00000187d2eb5b70, L_00000187d2e33790, C4<0>, C4<0>;
L_00000187d2eb4a60 .functor AND 1, L_00000187d2e336f0, L_00000187d2e31b70, C4<1>, C4<1>;
L_00000187d2eb4d00 .functor XOR 1, L_00000187d2e336f0, L_00000187d2e31b70, C4<0>, C4<0>;
L_00000187d2eb5a90 .functor AND 1, L_00000187d2e33790, L_00000187d2eb4d00, C4<1>, C4<1>;
L_00000187d2eb5c50 .functor OR 1, L_00000187d2eb4a60, L_00000187d2eb5a90, C4<0>, C4<0>;
v00000187d2dfba60_0 .net *"_ivl_0", 0 0, L_00000187d2eb5b70;  1 drivers
v00000187d2dfb100_0 .net *"_ivl_4", 0 0, L_00000187d2eb4a60;  1 drivers
v00000187d2dfbb00_0 .net *"_ivl_6", 0 0, L_00000187d2eb4d00;  1 drivers
v00000187d2dfb600_0 .net *"_ivl_8", 0 0, L_00000187d2eb5a90;  1 drivers
v00000187d2dfb920_0 .net "a", 0 0, L_00000187d2e336f0;  1 drivers
v00000187d2dfbe20_0 .net "b", 0 0, L_00000187d2e31b70;  1 drivers
v00000187d2dfbba0_0 .net "cin", 0 0, L_00000187d2e33790;  1 drivers
v00000187d2dfbc40_0 .net "cout", 0 0, L_00000187d2eb5c50;  1 drivers
v00000187d2dfbce0_0 .net "sum", 0 0, L_00000187d2eb5a20;  1 drivers
S_00000187d2dffc40 .scope generate, "fa_gen[31]" "fa_gen[31]" 9 17, 9 17 0, S_00000187d2de7370;
 .timescale 0 0;
P_00000187d2d12ca0 .param/l "i" 0 9 17, +C4<011111>;
S_00000187d2dff2e0 .scope module, "fa" "full_adder" 9 18, 9 33 0, S_00000187d2dffc40;
 .timescale 0 0;
    .port_info 0 /INPUT 1 "a";
    .port_info 1 /INPUT 1 "b";
    .port_info 2 /INPUT 1 "cin";
    .port_info 3 /OUTPUT 1 "sum";
    .port_info 4 /OUTPUT 1 "cout";
L_00000187d2eb5d30 .functor XOR 1, L_00000187d2e31df0, L_00000187d2e32070, C4<0>, C4<0>;
L_00000187d2eb4bb0 .functor XOR 1, L_00000187d2eb5d30, L_00000187d2e33830, C4<0>, C4<0>;
L_00000187d2eb4c20 .functor AND 1, L_00000187d2e31df0, L_00000187d2e32070, C4<1>, C4<1>;
L_00000187d2eb4d70 .functor XOR 1, L_00000187d2e31df0, L_00000187d2e32070, C4<0>, C4<0>;
L_00000187d2eb4de0 .functor AND 1, L_00000187d2e33830, L_00000187d2eb4d70, C4<1>, C4<1>;
L_00000187d2eb6740 .functor OR 1, L_00000187d2eb4c20, L_00000187d2eb4de0, C4<0>, C4<0>;
v00000187d2dfbd80_0 .net *"_ivl_0", 0 0, L_00000187d2eb5d30;  1 drivers
v00000187d2dfbec0_0 .net *"_ivl_4", 0 0, L_00000187d2eb4c20;  1 drivers
v00000187d2dfb6a0_0 .net *"_ivl_6", 0 0, L_00000187d2eb4d70;  1 drivers
v00000187d2dfb560_0 .net *"_ivl_8", 0 0, L_00000187d2eb4de0;  1 drivers
v00000187d2dfb240_0 .net "a", 0 0, L_00000187d2e31df0;  1 drivers
v00000187d2dfb380_0 .net "b", 0 0, L_00000187d2e32070;  1 drivers
v00000187d2dfb740_0 .net "cin", 0 0, L_00000187d2e33830;  1 drivers
v00000187d2dee400_0 .net "cout", 0 0, L_00000187d2eb6740;  1 drivers
v00000187d2dee720_0 .net "sum", 0 0, L_00000187d2eb4bb0;  1 drivers
S_00000187d2dffab0 .scope module, "shifter" "barrel_shifter" 6 82, 10 3 0, S_00000187d28e3340;
 .timescale 0 0;
    .port_info 0 /INPUT 32 "A";
    .port_info 1 /INPUT 5 "B";
    .port_info 2 /OUTPUT 32 "shr_out";
    .port_info 3 /OUTPUT 32 "shra_out";
    .port_info 4 /OUTPUT 32 "shl_out";
    .port_info 5 /OUTPUT 32 "ror_out";
    .port_info 6 /OUTPUT 32 "rol_out";
L_00000187d2ebb910 .functor BUFZ 32, L_00000187d2ef92f0, C4<00000000000000000000000000000000>, C4<00000000000000000000000000000000>, C4<00000000000000000000000000000000>;
L_00000187d2ebc0f0 .functor BUFZ 32, L_00000187d2ef9610, C4<00000000000000000000000000000000>, C4<00000000000000000000000000000000>, C4<00000000000000000000000000000000>;
L_00000187d2ebb980 .functor BUFZ 32, L_00000187d2efbaf0, C4<00000000000000000000000000000000>, C4<00000000000000000000000000000000>, C4<00000000000000000000000000000000>;
L_00000187d2ebbec0 .functor BUFZ 32, L_00000187d2efd5d0, C4<00000000000000000000000000000000>, C4<00000000000000000000000000000000>, C4<00000000000000000000000000000000>;
L_00000187d2ebbd00 .functor BUFZ 32, L_00000187d2efbc30, C4<00000000000000000000000000000000>, C4<00000000000000000000000000000000>, C4<00000000000000000000000000000000>;
v00000187d2deddc0_0 .net "A", 31 0, v00000187d2e04710_0;  alias, 1 drivers
v00000187d2dec560_0 .net "B", 4 0, L_00000187d2efddf0;  1 drivers
v00000187d2ded8c0_0 .net *"_ivl_1", 0 0, L_00000187d2ef9930;  1 drivers
v00000187d2dec420_0 .net *"_ivl_105", 0 0, L_00000187d2efa6f0;  1 drivers
v00000187d2ded780_0 .net *"_ivl_107", 30 0, L_00000187d2efb4b0;  1 drivers
L_00000187d2e3ab08 .functor BUFT 1, C4<0>, C4<0>, C4<0>, C4<0>;
v00000187d2dec740_0 .net/2u *"_ivl_108", 0 0, L_00000187d2e3ab08;  1 drivers
v00000187d2dee180_0 .net *"_ivl_11", 0 0, L_00000187d2efb0f0;  1 drivers
v00000187d2ded5a0_0 .net *"_ivl_110", 31 0, L_00000187d2efa790;  1 drivers
v00000187d2ded320_0 .net *"_ivl_115", 0 0, L_00000187d2efaa10;  1 drivers
v00000187d2deca60_0 .net *"_ivl_117", 29 0, L_00000187d2ef96b0;  1 drivers
L_00000187d2e3ab50 .functor BUFT 1, C4<00>, C4<0>, C4<0>, C4<0>;
v00000187d2decb00_0 .net/2u *"_ivl_118", 1 0, L_00000187d2e3ab50;  1 drivers
L_00000187d2e3a9e8 .functor BUFT 1, C4<00>, C4<0>, C4<0>, C4<0>;
v00000187d2dee040_0 .net/2u *"_ivl_12", 1 0, L_00000187d2e3a9e8;  1 drivers
v00000187d2ded500_0 .net *"_ivl_120", 31 0, L_00000187d2efac90;  1 drivers
v00000187d2dee220_0 .net *"_ivl_125", 0 0, L_00000187d2efb190;  1 drivers
v00000187d2dec2e0_0 .net *"_ivl_127", 27 0, L_00000187d2efb230;  1 drivers
L_00000187d2e3ab98 .functor BUFT 1, C4<0000>, C4<0>, C4<0>, C4<0>;
v00000187d2dedc80_0 .net/2u *"_ivl_128", 3 0, L_00000187d2e3ab98;  1 drivers
v00000187d2dedbe0_0 .net *"_ivl_130", 31 0, L_00000187d2efb2d0;  1 drivers
v00000187d2dee7c0_0 .net *"_ivl_135", 0 0, L_00000187d2efb410;  1 drivers
v00000187d2decba0_0 .net *"_ivl_137", 23 0, L_00000187d2efb550;  1 drivers
L_00000187d2e3abe0 .functor BUFT 1, C4<00000000>, C4<0>, C4<0>, C4<0>;
v00000187d2dee5e0_0 .net/2u *"_ivl_138", 7 0, L_00000187d2e3abe0;  1 drivers
v00000187d2dedd20_0 .net *"_ivl_140", 31 0, L_00000187d2ef8fd0;  1 drivers
v00000187d2dece20_0 .net *"_ivl_145", 0 0, L_00000187d2ef8e90;  1 drivers
v00000187d2decc40_0 .net *"_ivl_147", 15 0, L_00000187d2efd170;  1 drivers
L_00000187d2e3ac28 .functor BUFT 1, C4<0000000000000000>, C4<0>, C4<0>, C4<0>;
v00000187d2ded640_0 .net/2u *"_ivl_148", 15 0, L_00000187d2e3ac28;  1 drivers
v00000187d2ded960_0 .net *"_ivl_15", 29 0, L_00000187d2efa330;  1 drivers
v00000187d2dec4c0_0 .net *"_ivl_150", 31 0, L_00000187d2efd490;  1 drivers
v00000187d2ded3c0_0 .net *"_ivl_157", 0 0, L_00000187d2efc270;  1 drivers
v00000187d2ded6e0_0 .net *"_ivl_159", 0 0, L_00000187d2efca90;  1 drivers
v00000187d2deda00_0 .net *"_ivl_16", 31 0, L_00000187d2efa010;  1 drivers
v00000187d2dee680_0 .net *"_ivl_161", 30 0, L_00000187d2efc130;  1 drivers
v00000187d2dec7e0_0 .net *"_ivl_162", 31 0, L_00000187d2efb9b0;  1 drivers
v00000187d2ded820_0 .net *"_ivl_167", 0 0, L_00000187d2efd210;  1 drivers
v00000187d2dee860_0 .net *"_ivl_169", 1 0, L_00000187d2efbf50;  1 drivers
v00000187d2dec1a0_0 .net *"_ivl_171", 29 0, L_00000187d2efd850;  1 drivers
v00000187d2dede60_0 .net *"_ivl_172", 31 0, L_00000187d2efbe10;  1 drivers
v00000187d2dedf00_0 .net *"_ivl_177", 0 0, L_00000187d2efd990;  1 drivers
v00000187d2dedfa0_0 .net *"_ivl_179", 3 0, L_00000187d2efc630;  1 drivers
v00000187d2decce0_0 .net *"_ivl_181", 27 0, L_00000187d2efba50;  1 drivers
v00000187d2dec100_0 .net *"_ivl_182", 31 0, L_00000187d2efcef0;  1 drivers
v00000187d2ded140_0 .net *"_ivl_187", 0 0, L_00000187d2efcb30;  1 drivers
v00000187d2decd80_0 .net *"_ivl_189", 7 0, L_00000187d2efd670;  1 drivers
v00000187d2dec240_0 .net *"_ivl_191", 23 0, L_00000187d2efc8b0;  1 drivers
v00000187d2dec380_0 .net *"_ivl_192", 31 0, L_00000187d2efd530;  1 drivers
v00000187d2dec600_0 .net *"_ivl_197", 0 0, L_00000187d2efb910;  1 drivers
v00000187d2dec6a0_0 .net *"_ivl_199", 15 0, L_00000187d2efc310;  1 drivers
L_00000187d2e3a9a0 .functor BUFT 1, C4<0>, C4<0>, C4<0>, C4<0>;
v00000187d2dec880_0 .net/2u *"_ivl_2", 0 0, L_00000187d2e3a9a0;  1 drivers
v00000187d2dec920_0 .net *"_ivl_201", 15 0, L_00000187d2efdad0;  1 drivers
v00000187d2decec0_0 .net *"_ivl_202", 31 0, L_00000187d2efd2b0;  1 drivers
v00000187d2decf60_0 .net *"_ivl_209", 0 0, L_00000187d2efcbd0;  1 drivers
v00000187d2ded000_0 .net *"_ivl_21", 0 0, L_00000187d2efabf0;  1 drivers
v00000187d2ded0a0_0 .net *"_ivl_211", 30 0, L_00000187d2efcc70;  1 drivers
v00000187d2ded1e0_0 .net *"_ivl_213", 0 0, L_00000187d2efdcb0;  1 drivers
v00000187d2def4e0_0 .net *"_ivl_214", 31 0, L_00000187d2efd030;  1 drivers
v00000187d2df02a0_0 .net *"_ivl_219", 0 0, L_00000187d2efc1d0;  1 drivers
L_00000187d2e3aa30 .functor BUFT 1, C4<0000>, C4<0>, C4<0>, C4<0>;
v00000187d2df0ca0_0 .net/2u *"_ivl_22", 3 0, L_00000187d2e3aa30;  1 drivers
v00000187d2df0980_0 .net *"_ivl_221", 29 0, L_00000187d2efd710;  1 drivers
v00000187d2deef40_0 .net *"_ivl_223", 1 0, L_00000187d2efcd10;  1 drivers
v00000187d2def440_0 .net *"_ivl_224", 31 0, L_00000187d2efd3f0;  1 drivers
v00000187d2deea40_0 .net *"_ivl_229", 0 0, L_00000187d2efc950;  1 drivers
v00000187d2def120_0 .net *"_ivl_231", 27 0, L_00000187d2efc4f0;  1 drivers
v00000187d2def580_0 .net *"_ivl_233", 3 0, L_00000187d2efce50;  1 drivers
v00000187d2deeb80_0 .net *"_ivl_234", 31 0, L_00000187d2efc3b0;  1 drivers
v00000187d2deec20_0 .net *"_ivl_239", 0 0, L_00000187d2efd7b0;  1 drivers
v00000187d2df0e80_0 .net *"_ivl_241", 23 0, L_00000187d2efda30;  1 drivers
v00000187d2dee9a0_0 .net *"_ivl_243", 7 0, L_00000187d2efc6d0;  1 drivers
v00000187d2df0200_0 .net *"_ivl_244", 31 0, L_00000187d2efcf90;  1 drivers
v00000187d2def620_0 .net *"_ivl_249", 0 0, L_00000187d2efdc10;  1 drivers
v00000187d2df0020_0 .net *"_ivl_25", 27 0, L_00000187d2efafb0;  1 drivers
v00000187d2defc60_0 .net *"_ivl_251", 15 0, L_00000187d2efd0d0;  1 drivers
v00000187d2df0d40_0 .net *"_ivl_253", 15 0, L_00000187d2efbb90;  1 drivers
v00000187d2def9e0_0 .net *"_ivl_254", 31 0, L_00000187d2efdd50;  1 drivers
v00000187d2df0520_0 .net *"_ivl_26", 31 0, L_00000187d2ef9e30;  1 drivers
v00000187d2defda0_0 .net *"_ivl_31", 0 0, L_00000187d2efa970;  1 drivers
L_00000187d2e3aa78 .functor BUFT 1, C4<00000000>, C4<0>, C4<0>, C4<0>;
v00000187d2def6c0_0 .net/2u *"_ivl_32", 7 0, L_00000187d2e3aa78;  1 drivers
v00000187d2deeea0_0 .net *"_ivl_35", 23 0, L_00000187d2efa3d0;  1 drivers
v00000187d2df00c0_0 .net *"_ivl_36", 31 0, L_00000187d2ef9250;  1 drivers
v00000187d2df0de0_0 .net *"_ivl_41", 0 0, L_00000187d2ef9a70;  1 drivers
L_00000187d2e3aac0 .functor BUFT 1, C4<0000000000000000>, C4<0>, C4<0>, C4<0>;
v00000187d2def1c0_0 .net/2u *"_ivl_42", 15 0, L_00000187d2e3aac0;  1 drivers
v00000187d2deff80_0 .net *"_ivl_45", 15 0, L_00000187d2efadd0;  1 drivers
v00000187d2deefe0_0 .net *"_ivl_46", 31 0, L_00000187d2ef94d0;  1 drivers
v00000187d2def8a0_0 .net *"_ivl_5", 30 0, L_00000187d2ef9ed0;  1 drivers
v00000187d2deecc0_0 .net *"_ivl_55", 0 0, L_00000187d2efa470;  1 drivers
v00000187d2df0160_0 .net *"_ivl_57", 30 0, L_00000187d2efa0b0;  1 drivers
v00000187d2def940_0 .net *"_ivl_58", 31 0, L_00000187d2ef9cf0;  1 drivers
v00000187d2df03e0_0 .net *"_ivl_6", 31 0, L_00000187d2efab50;  1 drivers
v00000187d2df08e0_0 .net *"_ivl_63", 0 0, L_00000187d2ef9070;  1 drivers
v00000187d2df0a20_0 .net *"_ivl_64", 1 0, L_00000187d2ef9b10;  1 drivers
v00000187d2def300_0 .net *"_ivl_67", 29 0, L_00000187d2ef9110;  1 drivers
v00000187d2defbc0_0 .net *"_ivl_68", 31 0, L_00000187d2ef9390;  1 drivers
v00000187d2df0700_0 .net *"_ivl_73", 0 0, L_00000187d2ef9570;  1 drivers
v00000187d2defe40_0 .net *"_ivl_74", 3 0, L_00000187d2efa150;  1 drivers
v00000187d2deed60_0 .net *"_ivl_77", 27 0, L_00000187d2efaab0;  1 drivers
v00000187d2def760_0 .net *"_ivl_78", 31 0, L_00000187d2efa830;  1 drivers
v00000187d2df0f20_0 .net *"_ivl_83", 0 0, L_00000187d2ef99d0;  1 drivers
v00000187d2defd00_0 .net *"_ivl_84", 7 0, L_00000187d2efaf10;  1 drivers
v00000187d2def800_0 .net *"_ivl_87", 23 0, L_00000187d2efad30;  1 drivers
v00000187d2df0fc0_0 .net *"_ivl_88", 31 0, L_00000187d2efa650;  1 drivers
v00000187d2def260_0 .net *"_ivl_93", 0 0, L_00000187d2efa8d0;  1 drivers
v00000187d2df0ac0_0 .net *"_ivl_94", 15 0, L_00000187d2efae70;  1 drivers
v00000187d2df0480_0 .net *"_ivl_97", 15 0, L_00000187d2ef9c50;  1 drivers
v00000187d2defa80_0 .net *"_ivl_98", 31 0, L_00000187d2ef97f0;  1 drivers
v00000187d2def3a0_0 .net "rol_out", 31 0, L_00000187d2ebbd00;  alias, 1 drivers
v00000187d2defee0_0 .net "rol_stage0", 31 0, L_00000187d2efc090;  1 drivers
v00000187d2df0340_0 .net "rol_stage1", 31 0, L_00000187d2efcdb0;  1 drivers
v00000187d2deee00_0 .net "rol_stage2", 31 0, L_00000187d2efd8f0;  1 drivers
v00000187d2defb20_0 .net "rol_stage3", 31 0, L_00000187d2efdb70;  1 drivers
v00000187d2df05c0_0 .net "rol_stage4", 31 0, L_00000187d2efbc30;  1 drivers
v00000187d2df0660_0 .net "ror_out", 31 0, L_00000187d2ebbec0;  alias, 1 drivers
v00000187d2df0b60_0 .net "ror_stage0", 31 0, L_00000187d2efb870;  1 drivers
v00000187d2def080_0 .net "ror_stage1", 31 0, L_00000187d2efd350;  1 drivers
v00000187d2df07a0_0 .net "ror_stage2", 31 0, L_00000187d2efbcd0;  1 drivers
v00000187d2df0840_0 .net "ror_stage3", 31 0, L_00000187d2efbff0;  1 drivers
v00000187d2deeae0_0 .net "ror_stage4", 31 0, L_00000187d2efd5d0;  1 drivers
v00000187d2df0c00_0 .net "shl_out", 31 0, L_00000187d2ebb980;  alias, 1 drivers
v00000187d2df1060_0 .net "shl_stage0", 31 0, L_00000187d2ef9f70;  1 drivers
v00000187d2dee900_0 .net "shl_stage1", 31 0, L_00000187d2efb050;  1 drivers
v00000187d2df1c40_0 .net "shl_stage2", 31 0, L_00000187d2ef8f30;  1 drivers
v00000187d2df3400_0 .net "shl_stage3", 31 0, L_00000187d2efb5f0;  1 drivers
v00000187d2df2140_0 .net "shl_stage4", 31 0, L_00000187d2efbaf0;  1 drivers
v00000187d2df1d80_0 .net "shr_out", 31 0, L_00000187d2ebb910;  alias, 1 drivers
v00000187d2df2a00_0 .net "shr_stage0", 31 0, L_00000187d2ef9750;  1 drivers
v00000187d2df3720_0 .net "shr_stage1", 31 0, L_00000187d2efa290;  1 drivers
v00000187d2df34a0_0 .net "shr_stage2", 31 0, L_00000187d2efa510;  1 drivers
v00000187d2df2960_0 .net "shr_stage3", 31 0, L_00000187d2efb370;  1 drivers
v00000187d2df1380_0 .net "shr_stage4", 31 0, L_00000187d2ef92f0;  1 drivers
v00000187d2df17e0_0 .net "shra_out", 31 0, L_00000187d2ebc0f0;  alias, 1 drivers
v00000187d2df3680_0 .net "shra_stage0", 31 0, L_00000187d2ef9430;  1 drivers
v00000187d2df1740_0 .net "shra_stage1", 31 0, L_00000187d2ef9bb0;  1 drivers
v00000187d2df1880_0 .net "shra_stage2", 31 0, L_00000187d2ef9890;  1 drivers
v00000187d2df1920_0 .net "shra_stage3", 31 0, L_00000187d2ef9d90;  1 drivers
v00000187d2df2820_0 .net "shra_stage4", 31 0, L_00000187d2ef9610;  1 drivers
v00000187d2df1ce0_0 .net "sign_bit", 0 0, L_00000187d2efa5b0;  1 drivers
L_00000187d2ef9930 .part L_00000187d2efddf0, 0, 1;
L_00000187d2ef9ed0 .part v00000187d2e04710_0, 1, 31;
L_00000187d2efab50 .concat [ 31 1 0 0], L_00000187d2ef9ed0, L_00000187d2e3a9a0;
L_00000187d2ef9750 .functor MUXZ 32, v00000187d2e04710_0, L_00000187d2efab50, L_00000187d2ef9930, C4<>;
L_00000187d2efb0f0 .part L_00000187d2efddf0, 1, 1;
L_00000187d2efa330 .part L_00000187d2ef9750, 2, 30;
L_00000187d2efa010 .concat [ 30 2 0 0], L_00000187d2efa330, L_00000187d2e3a9e8;
L_00000187d2efa290 .functor MUXZ 32, L_00000187d2ef9750, L_00000187d2efa010, L_00000187d2efb0f0, C4<>;
L_00000187d2efabf0 .part L_00000187d2efddf0, 2, 1;
L_00000187d2efafb0 .part L_00000187d2efa290, 4, 28;
L_00000187d2ef9e30 .concat [ 28 4 0 0], L_00000187d2efafb0, L_00000187d2e3aa30;
L_00000187d2efa510 .functor MUXZ 32, L_00000187d2efa290, L_00000187d2ef9e30, L_00000187d2efabf0, C4<>;
L_00000187d2efa970 .part L_00000187d2efddf0, 3, 1;
L_00000187d2efa3d0 .part L_00000187d2efa510, 8, 24;
L_00000187d2ef9250 .concat [ 24 8 0 0], L_00000187d2efa3d0, L_00000187d2e3aa78;
L_00000187d2efb370 .functor MUXZ 32, L_00000187d2efa510, L_00000187d2ef9250, L_00000187d2efa970, C4<>;
L_00000187d2ef9a70 .part L_00000187d2efddf0, 4, 1;
L_00000187d2efadd0 .part L_00000187d2efb370, 16, 16;
L_00000187d2ef94d0 .concat [ 16 16 0 0], L_00000187d2efadd0, L_00000187d2e3aac0;
L_00000187d2ef92f0 .functor MUXZ 32, L_00000187d2efb370, L_00000187d2ef94d0, L_00000187d2ef9a70, C4<>;
L_00000187d2efa5b0 .part v00000187d2e04710_0, 31, 1;
L_00000187d2efa470 .part L_00000187d2efddf0, 0, 1;
L_00000187d2efa0b0 .part v00000187d2e04710_0, 1, 31;
L_00000187d2ef9cf0 .concat [ 31 1 0 0], L_00000187d2efa0b0, L_00000187d2efa5b0;
L_00000187d2ef9430 .functor MUXZ 32, v00000187d2e04710_0, L_00000187d2ef9cf0, L_00000187d2efa470, C4<>;
L_00000187d2ef9070 .part L_00000187d2efddf0, 1, 1;
L_00000187d2ef9b10 .concat [ 1 1 0 0], L_00000187d2efa5b0, L_00000187d2efa5b0;
L_00000187d2ef9110 .part L_00000187d2ef9430, 2, 30;
L_00000187d2ef9390 .concat [ 30 2 0 0], L_00000187d2ef9110, L_00000187d2ef9b10;
L_00000187d2ef9bb0 .functor MUXZ 32, L_00000187d2ef9430, L_00000187d2ef9390, L_00000187d2ef9070, C4<>;
L_00000187d2ef9570 .part L_00000187d2efddf0, 2, 1;
L_00000187d2efa150 .concat [ 1 1 1 1], L_00000187d2efa5b0, L_00000187d2efa5b0, L_00000187d2efa5b0, L_00000187d2efa5b0;
L_00000187d2efaab0 .part L_00000187d2ef9bb0, 4, 28;
L_00000187d2efa830 .concat [ 28 4 0 0], L_00000187d2efaab0, L_00000187d2efa150;
L_00000187d2ef9890 .functor MUXZ 32, L_00000187d2ef9bb0, L_00000187d2efa830, L_00000187d2ef9570, C4<>;
L_00000187d2ef99d0 .part L_00000187d2efddf0, 3, 1;
LS_00000187d2efaf10_0_0 .concat [ 1 1 1 1], L_00000187d2efa5b0, L_00000187d2efa5b0, L_00000187d2efa5b0, L_00000187d2efa5b0;
LS_00000187d2efaf10_0_4 .concat [ 1 1 1 1], L_00000187d2efa5b0, L_00000187d2efa5b0, L_00000187d2efa5b0, L_00000187d2efa5b0;
L_00000187d2efaf10 .concat [ 4 4 0 0], LS_00000187d2efaf10_0_0, LS_00000187d2efaf10_0_4;
L_00000187d2efad30 .part L_00000187d2ef9890, 8, 24;
L_00000187d2efa650 .concat [ 24 8 0 0], L_00000187d2efad30, L_00000187d2efaf10;
L_00000187d2ef9d90 .functor MUXZ 32, L_00000187d2ef9890, L_00000187d2efa650, L_00000187d2ef99d0, C4<>;
L_00000187d2efa8d0 .part L_00000187d2efddf0, 4, 1;
LS_00000187d2efae70_0_0 .concat [ 1 1 1 1], L_00000187d2efa5b0, L_00000187d2efa5b0, L_00000187d2efa5b0, L_00000187d2efa5b0;
LS_00000187d2efae70_0_4 .concat [ 1 1 1 1], L_00000187d2efa5b0, L_00000187d2efa5b0, L_00000187d2efa5b0, L_00000187d2efa5b0;
LS_00000187d2efae70_0_8 .concat [ 1 1 1 1], L_00000187d2efa5b0, L_00000187d2efa5b0, L_00000187d2efa5b0, L_00000187d2efa5b0;
LS_00000187d2efae70_0_12 .concat [ 1 1 1 1], L_00000187d2efa5b0, L_00000187d2efa5b0, L_00000187d2efa5b0, L_00000187d2efa5b0;
L_00000187d2efae70 .concat [ 4 4 4 4], LS_00000187d2efae70_0_0, LS_00000187d2efae70_0_4, LS_00000187d2efae70_0_8, LS_00000187d2efae70_0_12;
L_00000187d2ef9c50 .part L_00000187d2ef9d90, 16, 16;
L_00000187d2ef97f0 .concat [ 16 16 0 0], L_00000187d2ef9c50, L_00000187d2efae70;
L_00000187d2ef9610 .functor MUXZ 32, L_00000187d2ef9d90, L_00000187d2ef97f0, L_00000187d2efa8d0, C4<>;
L_00000187d2efa6f0 .part L_00000187d2efddf0, 0, 1;
L_00000187d2efb4b0 .part v00000187d2e04710_0, 0, 31;
L_00000187d2efa790 .concat [ 1 31 0 0], L_00000187d2e3ab08, L_00000187d2efb4b0;
L_00000187d2ef9f70 .functor MUXZ 32, v00000187d2e04710_0, L_00000187d2efa790, L_00000187d2efa6f0, C4<>;
L_00000187d2efaa10 .part L_00000187d2efddf0, 1, 1;
L_00000187d2ef96b0 .part L_00000187d2ef9f70, 0, 30;
L_00000187d2efac90 .concat [ 2 30 0 0], L_00000187d2e3ab50, L_00000187d2ef96b0;
L_00000187d2efb050 .functor MUXZ 32, L_00000187d2ef9f70, L_00000187d2efac90, L_00000187d2efaa10, C4<>;
L_00000187d2efb190 .part L_00000187d2efddf0, 2, 1;
L_00000187d2efb230 .part L_00000187d2efb050, 0, 28;
L_00000187d2efb2d0 .concat [ 4 28 0 0], L_00000187d2e3ab98, L_00000187d2efb230;
L_00000187d2ef8f30 .functor MUXZ 32, L_00000187d2efb050, L_00000187d2efb2d0, L_00000187d2efb190, C4<>;
L_00000187d2efb410 .part L_00000187d2efddf0, 3, 1;
L_00000187d2efb550 .part L_00000187d2ef8f30, 0, 24;
L_00000187d2ef8fd0 .concat [ 8 24 0 0], L_00000187d2e3abe0, L_00000187d2efb550;
L_00000187d2efb5f0 .functor MUXZ 32, L_00000187d2ef8f30, L_00000187d2ef8fd0, L_00000187d2efb410, C4<>;
L_00000187d2ef8e90 .part L_00000187d2efddf0, 4, 1;
L_00000187d2efd170 .part L_00000187d2efb5f0, 0, 16;
L_00000187d2efd490 .concat [ 16 16 0 0], L_00000187d2e3ac28, L_00000187d2efd170;
L_00000187d2efbaf0 .functor MUXZ 32, L_00000187d2efb5f0, L_00000187d2efd490, L_00000187d2ef8e90, C4<>;
L_00000187d2efc270 .part L_00000187d2efddf0, 0, 1;
L_00000187d2efca90 .part v00000187d2e04710_0, 0, 1;
L_00000187d2efc130 .part v00000187d2e04710_0, 1, 31;
L_00000187d2efb9b0 .concat [ 31 1 0 0], L_00000187d2efc130, L_00000187d2efca90;
L_00000187d2efb870 .functor MUXZ 32, v00000187d2e04710_0, L_00000187d2efb9b0, L_00000187d2efc270, C4<>;
L_00000187d2efd210 .part L_00000187d2efddf0, 1, 1;
L_00000187d2efbf50 .part L_00000187d2efb870, 0, 2;
L_00000187d2efd850 .part L_00000187d2efb870, 2, 30;
L_00000187d2efbe10 .concat [ 30 2 0 0], L_00000187d2efd850, L_00000187d2efbf50;
L_00000187d2efd350 .functor MUXZ 32, L_00000187d2efb870, L_00000187d2efbe10, L_00000187d2efd210, C4<>;
L_00000187d2efd990 .part L_00000187d2efddf0, 2, 1;
L_00000187d2efc630 .part L_00000187d2efd350, 0, 4;
L_00000187d2efba50 .part L_00000187d2efd350, 4, 28;
L_00000187d2efcef0 .concat [ 28 4 0 0], L_00000187d2efba50, L_00000187d2efc630;
L_00000187d2efbcd0 .functor MUXZ 32, L_00000187d2efd350, L_00000187d2efcef0, L_00000187d2efd990, C4<>;
L_00000187d2efcb30 .part L_00000187d2efddf0, 3, 1;
L_00000187d2efd670 .part L_00000187d2efbcd0, 0, 8;
L_00000187d2efc8b0 .part L_00000187d2efbcd0, 8, 24;
L_00000187d2efd530 .concat [ 24 8 0 0], L_00000187d2efc8b0, L_00000187d2efd670;
L_00000187d2efbff0 .functor MUXZ 32, L_00000187d2efbcd0, L_00000187d2efd530, L_00000187d2efcb30, C4<>;
L_00000187d2efb910 .part L_00000187d2efddf0, 4, 1;
L_00000187d2efc310 .part L_00000187d2efbff0, 0, 16;
L_00000187d2efdad0 .part L_00000187d2efbff0, 16, 16;
L_00000187d2efd2b0 .concat [ 16 16 0 0], L_00000187d2efdad0, L_00000187d2efc310;
L_00000187d2efd5d0 .functor MUXZ 32, L_00000187d2efbff0, L_00000187d2efd2b0, L_00000187d2efb910, C4<>;
L_00000187d2efcbd0 .part L_00000187d2efddf0, 0, 1;
L_00000187d2efcc70 .part v00000187d2e04710_0, 0, 31;
L_00000187d2efdcb0 .part v00000187d2e04710_0, 31, 1;
L_00000187d2efd030 .concat [ 1 31 0 0], L_00000187d2efdcb0, L_00000187d2efcc70;
L_00000187d2efc090 .functor MUXZ 32, v00000187d2e04710_0, L_00000187d2efd030, L_00000187d2efcbd0, C4<>;
L_00000187d2efc1d0 .part L_00000187d2efddf0, 1, 1;
L_00000187d2efd710 .part L_00000187d2efc090, 0, 30;
L_00000187d2efcd10 .part L_00000187d2efc090, 30, 2;
L_00000187d2efd3f0 .concat [ 2 30 0 0], L_00000187d2efcd10, L_00000187d2efd710;
L_00000187d2efcdb0 .functor MUXZ 32, L_00000187d2efc090, L_00000187d2efd3f0, L_00000187d2efc1d0, C4<>;
L_00000187d2efc950 .part L_00000187d2efddf0, 2, 1;
L_00000187d2efc4f0 .part L_00000187d2efcdb0, 0, 28;
L_00000187d2efce50 .part L_00000187d2efcdb0, 28, 4;
L_00000187d2efc3b0 .concat [ 4 28 0 0], L_00000187d2efce50, L_00000187d2efc4f0;
L_00000187d2efd8f0 .functor MUXZ 32, L_00000187d2efcdb0, L_00000187d2efc3b0, L_00000187d2efc950, C4<>;
L_00000187d2efd7b0 .part L_00000187d2efddf0, 3, 1;
L_00000187d2efda30 .part L_00000187d2efd8f0, 0, 24;
L_00000187d2efc6d0 .part L_00000187d2efd8f0, 24, 8;
L_00000187d2efcf90 .concat [ 8 24 0 0], L_00000187d2efc6d0, L_00000187d2efda30;
L_00000187d2efdb70 .functor MUXZ 32, L_00000187d2efd8f0, L_00000187d2efcf90, L_00000187d2efd7b0, C4<>;
L_00000187d2efdc10 .part L_00000187d2efddf0, 4, 1;
L_00000187d2efd0d0 .part L_00000187d2efdb70, 0, 16;
L_00000187d2efbb90 .part L_00000187d2efdb70, 16, 16;
L_00000187d2efdd50 .concat [ 16 16 0 0], L_00000187d2efbb90, L_00000187d2efd0d0;
L_00000187d2efbc30 .functor MUXZ 32, L_00000187d2efdb70, L_00000187d2efdd50, L_00000187d2efdc10, C4<>;
S_00000187d2dff470 .scope module, "bmux" "bus_mux_enc" 5 234, 11 1 0, S_00000187d2d432c0;
 .timescale 0 0;
    .port_info 0 /INPUT 5 "bus_sel";
    .port_info 1 /INPUT 32 "r0";
    .port_info 2 /INPUT 32 "r1";
    .port_info 3 /INPUT 32 "r2";
    .port_info 4 /INPUT 32 "r3";
    .port_info 5 /INPUT 32 "r4";
    .port_info 6 /INPUT 32 "r5";
    .port_info 7 /INPUT 32 "r6";
    .port_info 8 /INPUT 32 "r7";
    .port_info 9 /INPUT 32 "r8";
    .port_info 10 /INPUT 32 "r9";
    .port_info 11 /INPUT 32 "r10";
    .port_info 12 /INPUT 32 "r11";
    .port_info 13 /INPUT 32 "r12";
    .port_info 14 /INPUT 32 "r13";
    .port_info 15 /INPUT 32 "r14";
    .port_info 16 /INPUT 32 "r15";
    .port_info 17 /INPUT 32 "hi_val";
    .port_info 18 /INPUT 32 "lo_val";
    .port_info 19 /INPUT 32 "zhigh_val";
    .port_info 20 /INPUT 32 "zlow_val";
    .port_info 21 /INPUT 32 "pc_val";
    .port_info 22 /INPUT 32 "mdr_val";
    .port_info 23 /INPUT 32 "inport_val";
    .port_info 24 /INPUT 32 "c_val";
    .port_info 25 /OUTPUT 32 "BusMuxOut";
v00000187d2df2c80_0 .var "BusMuxOut", 31 0;
v00000187d2df2000_0 .net "bus_sel", 4 0, v00000187d2e039f0_0;  alias, 1 drivers
v00000187d2df1b00_0 .net "c_val", 31 0, L_00000187d2e2c0d0;  alias, 1 drivers
v00000187d2df25a0_0 .net "hi_val", 31 0, v00000187d2e074b0_0;  alias, 1 drivers
v00000187d2df1ba0_0 .net "inport_val", 31 0, v00000187d2e079b0_0;  alias, 1 drivers
v00000187d2df20a0_0 .net "lo_val", 31 0, v00000187d2e07ff0_0;  alias, 1 drivers
v00000187d2df2320_0 .net "mdr_val", 31 0, v00000187d2e03b30_0;  alias, 1 drivers
v00000187d2df26e0_0 .net "pc_val", 31 0, v00000187d2e04670_0;  alias, 1 drivers
v00000187d2df2b40_0 .net "r0", 31 0, L_00000187d2e25550;  alias, 1 drivers
v00000187d2df2500_0 .net "r1", 31 0, v00000187d2e1d5d0_0;  alias, 1 drivers
v00000187d2df2780_0 .net "r10", 31 0, v00000187d2e1be10_0;  alias, 1 drivers
v00000187d2df2fa0_0 .net "r11", 31 0, v00000187d2e1d030_0;  alias, 1 drivers
v00000187d2df2dc0_0 .net "r12", 31 0, v00000187d2e1b870_0;  alias, 1 drivers
v00000187d2df1a60_0 .net "r13", 31 0, v00000187d2e1cbd0_0;  alias, 1 drivers
v00000187d2df3860_0 .net "r14", 31 0, v00000187d2e1d490_0;  alias, 1 drivers
v00000187d2df16a0_0 .net "r15", 31 0, v00000187d2e1d530_0;  alias, 1 drivers
v00000187d2df23c0_0 .net "r2", 31 0, v00000187d2e1b190_0;  alias, 1 drivers
v00000187d2df2e60_0 .net "r3", 31 0, v00000187d2e1b7d0_0;  alias, 1 drivers
v00000187d2df2f00_0 .net "r4", 31 0, v00000187d2e1e750_0;  alias, 1 drivers
v00000187d2df3040_0 .net "r5", 31 0, v00000187d2e1e110_0;  alias, 1 drivers
v00000187d2df3180_0 .net "r6", 31 0, v00000187d2e1f8d0_0;  alias, 1 drivers
v00000187d2df30e0_0 .net "r7", 31 0, v00000187d2e1eed0_0;  alias, 1 drivers
v00000187d2df1100_0 .net "r8", 31 0, v00000187d2e1fe70_0;  alias, 1 drivers
v00000187d2df3220_0 .net "r9", 31 0, v00000187d2e1fab0_0;  alias, 1 drivers
v00000187d2df32c0_0 .net "zhigh_val", 31 0, L_00000187d2e25e10;  alias, 1 drivers
v00000187d2df11a0_0 .net "zlow_val", 31 0, L_00000187d2e254b0;  alias, 1 drivers
E_00000187d2d105a0/0 .event anyedge, v00000187d2df2000_0, v00000187d2df2b40_0, v00000187d2df2500_0, v00000187d2df23c0_0;
E_00000187d2d105a0/1 .event anyedge, v00000187d2df2e60_0, v00000187d2df2f00_0, v00000187d2df3040_0, v00000187d2df3180_0;
E_00000187d2d105a0/2 .event anyedge, v00000187d2df30e0_0, v00000187d2df1100_0, v00000187d2df3220_0, v00000187d2df2780_0;
E_00000187d2d105a0/3 .event anyedge, v00000187d2df2fa0_0, v00000187d2df2dc0_0, v00000187d2df1a60_0, v00000187d2df3860_0;
E_00000187d2d105a0/4 .event anyedge, v00000187d2df16a0_0, v00000187d2df25a0_0, v00000187d2df20a0_0, v00000187d2df32c0_0;
E_00000187d2d105a0/5 .event anyedge, v00000187d2df11a0_0, v00000187d2df26e0_0, v00000187d2df2320_0, v00000187d2df1ba0_0;
E_00000187d2d105a0/6 .event anyedge, v00000187d2df1b00_0;
E_00000187d2d105a0 .event/or E_00000187d2d105a0/0, E_00000187d2d105a0/1, E_00000187d2d105a0/2, E_00000187d2d105a0/3, E_00000187d2d105a0/4, E_00000187d2d105a0/5, E_00000187d2d105a0/6;
S_00000187d2dfe020 .scope module, "conff_inst" "con_ff" 5 190, 12 1 0, S_00000187d2d432c0;
 .timescale 0 0;
    .port_info 0 /INPUT 1 "clk";
    .port_info 1 /INPUT 1 "reset";
    .port_info 2 /INPUT 1 "con_en";
    .port_info 3 /INPUT 32 "BusMuxOut";
    .port_info 4 /INPUT 2 "c2";
    .port_info 5 /OUTPUT 1 "con";
L_00000187d2cb8fd0 .functor NOT 1, L_00000187d2e2aa50, C4<0>, C4<0>, C4<0>;
v00000187d2df1240_0 .net "BusMuxOut", 31 0, v00000187d2df2c80_0;  alias, 1 drivers
L_00000187d2e39c20 .functor BUFT 1, C4<00>, C4<0>, C4<0>, C4<0>;
v00000187d2e05930_0 .net/2u *"_ivl_0", 1 0, L_00000187d2e39c20;  1 drivers
v00000187d2e05f70_0 .net *"_ivl_10", 0 0, L_00000187d2e2c850;  1 drivers
L_00000187d2e39cf8 .functor BUFT 1, C4<00000000000000000000000000000000>, C4<0>, C4<0>, C4<0>;
v00000187d2e06470_0 .net/2u *"_ivl_12", 31 0, L_00000187d2e39cf8;  1 drivers
v00000187d2e05a70_0 .net *"_ivl_14", 0 0, L_00000187d2e2b770;  1 drivers
L_00000187d2e39d40 .functor BUFT 1, C4<10>, C4<0>, C4<0>, C4<0>;
v00000187d2e06150_0 .net/2u *"_ivl_16", 1 0, L_00000187d2e39d40;  1 drivers
v00000187d2e065b0_0 .net *"_ivl_18", 0 0, L_00000187d2e2c8f0;  1 drivers
v00000187d2e06ab0_0 .net *"_ivl_2", 0 0, L_00000187d2e2b130;  1 drivers
v00000187d2e06b50_0 .net *"_ivl_21", 0 0, L_00000187d2e2aa50;  1 drivers
v00000187d2e06510_0 .net *"_ivl_22", 0 0, L_00000187d2cb8fd0;  1 drivers
v00000187d2e05d90_0 .net *"_ivl_25", 0 0, L_00000187d2e2b450;  1 drivers
v00000187d2e063d0_0 .net *"_ivl_26", 0 0, L_00000187d2e2b8b0;  1 drivers
v00000187d2e05ed0_0 .net *"_ivl_28", 0 0, L_00000187d2e2a730;  1 drivers
L_00000187d2e39c68 .functor BUFT 1, C4<00000000000000000000000000000000>, C4<0>, C4<0>, C4<0>;
v00000187d2e06bf0_0 .net/2u *"_ivl_4", 31 0, L_00000187d2e39c68;  1 drivers
v00000187d2e07050_0 .net *"_ivl_6", 0 0, L_00000187d2e2b810;  1 drivers
L_00000187d2e39cb0 .functor BUFT 1, C4<01>, C4<0>, C4<0>, C4<0>;
v00000187d2e06650_0 .net/2u *"_ivl_8", 1 0, L_00000187d2e39cb0;  1 drivers
v00000187d2e066f0_0 .net "c2", 1 0, L_00000187d2e2b950;  1 drivers
v00000187d2e06330_0 .net "clk", 0 0, v00000187d2e26310_0;  alias, 1 drivers
v00000187d2e06d30_0 .var "con", 0 0;
v00000187d2e07d70_0 .net "con_en", 0 0, v00000187d2cf40d0_0;  alias, 1 drivers
v00000187d2e075f0_0 .net "condition_met", 0 0, L_00000187d2e2bef0;  1 drivers
v00000187d2e070f0_0 .net "reset", 0 0, v00000187d2e27850_0;  alias, 1 drivers
L_00000187d2e2b130 .cmp/eq 2, L_00000187d2e2b950, L_00000187d2e39c20;
L_00000187d2e2b810 .cmp/eq 32, v00000187d2df2c80_0, L_00000187d2e39c68;
L_00000187d2e2c850 .cmp/eq 2, L_00000187d2e2b950, L_00000187d2e39cb0;
L_00000187d2e2b770 .cmp/ne 32, v00000187d2df2c80_0, L_00000187d2e39cf8;
L_00000187d2e2c8f0 .cmp/eq 2, L_00000187d2e2b950, L_00000187d2e39d40;
L_00000187d2e2aa50 .part v00000187d2df2c80_0, 31, 1;
L_00000187d2e2b450 .part v00000187d2df2c80_0, 31, 1;
L_00000187d2e2b8b0 .functor MUXZ 1, L_00000187d2e2b450, L_00000187d2cb8fd0, L_00000187d2e2c8f0, C4<>;
L_00000187d2e2a730 .functor MUXZ 1, L_00000187d2e2b8b0, L_00000187d2e2b770, L_00000187d2e2c850, C4<>;
L_00000187d2e2bef0 .functor MUXZ 1, L_00000187d2e2a730, L_00000187d2e2b810, L_00000187d2e2b130, C4<>;
S_00000187d2dfcbd0 .scope module, "extend_c_inst" "extend_c" 5 174, 13 53 0, S_00000187d2d432c0;
 .timescale 0 0;
    .port_info 0 /INPUT 32 "IRin";
    .port_info 1 /INPUT 1 "Cout";
    .port_info 2 /OUTPUT 32 "C_extended";
v00000187d2e07910_0 .net "C_extended", 31 0, L_00000187d2e2aeb0;  alias, 1 drivers
v00000187d2e07370_0 .net "Cout", 0 0, v00000187d2cf3db0_0;  alias, 1 drivers
v00000187d2e07690_0 .net "IRin", 31 0, v00000187d2e06e70_0;  alias, 1 drivers
v00000187d2e07190_0 .net *"_ivl_2", 12 0, L_00000187d2e2a5f0;  1 drivers
v00000187d2e07cd0_0 .net *"_ivl_5", 18 0, L_00000187d2e2ba90;  1 drivers
v00000187d2e07730_0 .net "sign", 0 0, L_00000187d2e2c170;  1 drivers
L_00000187d2e2c170 .part v00000187d2e06e70_0, 18, 1;
LS_00000187d2e2a5f0_0_0 .concat [ 1 1 1 1], L_00000187d2e2c170, L_00000187d2e2c170, L_00000187d2e2c170, L_00000187d2e2c170;
LS_00000187d2e2a5f0_0_4 .concat [ 1 1 1 1], L_00000187d2e2c170, L_00000187d2e2c170, L_00000187d2e2c170, L_00000187d2e2c170;
LS_00000187d2e2a5f0_0_8 .concat [ 1 1 1 1], L_00000187d2e2c170, L_00000187d2e2c170, L_00000187d2e2c170, L_00000187d2e2c170;
LS_00000187d2e2a5f0_0_12 .concat [ 1 0 0 0], L_00000187d2e2c170;
L_00000187d2e2a5f0 .concat [ 4 4 4 1], LS_00000187d2e2a5f0_0_0, LS_00000187d2e2a5f0_0_4, LS_00000187d2e2a5f0_0_8, LS_00000187d2e2a5f0_0_12;
L_00000187d2e2ba90 .part v00000187d2e06e70_0, 0, 19;
L_00000187d2e2aeb0 .concat [ 19 13 0 0], L_00000187d2e2ba90, L_00000187d2e2a5f0;
S_00000187d2dffdd0 .scope module, "inport_inst" "inport" 5 215, 14 18 0, S_00000187d2d432c0;
 .timescale 0 0;
    .port_info 0 /INPUT 1 "clk";
    .port_info 1 /INPUT 1 "reset";
    .port_info 2 /INPUT 1 "inport_in";
    .port_info 3 /INPUT 32 "device_in";
    .port_info 4 /OUTPUT 32 "inport_val";
v00000187d2e05c50_0 .net "clk", 0 0, v00000187d2e26310_0;  alias, 1 drivers
v00000187d2e06fb0_0 .net "device_in", 31 0, v00000187d2e264f0_0;  alias, 1 drivers
v00000187d2e06010_0 .net "inport_in", 0 0, v00000187d2cf3630_0;  alias, 1 drivers
v00000187d2e079b0_0 .var "inport_val", 31 0;
v00000187d2e06dd0_0 .net "reset", 0 0, v00000187d2e27850_0;  alias, 1 drivers
S_00000187d2dfe7f0 .scope module, "key_regs_inst" "key_regs" 5 117, 15 1 0, S_00000187d2d432c0;
 .timescale 0 0;
    .port_info 0 /INPUT 1 "clk";
    .port_info 1 /INPUT 1 "reset";
    .port_info 2 /INPUT 32 "BusMuxOut";
    .port_info 3 /INPUT 1 "pc_in";
    .port_info 4 /INPUT 1 "IncPC";
    .port_info 5 /OUTPUT 32 "pc_val";
    .port_info 6 /INPUT 1 "ir_in";
    .port_info 7 /OUTPUT 32 "ir_val";
    .port_info 8 /INPUT 1 "y_in";
    .port_info 9 /OUTPUT 32 "y_val";
    .port_info 10 /INPUT 1 "zhigh_in";
    .port_info 11 /OUTPUT 32 "zhigh_val";
    .port_info 12 /INPUT 1 "zlow_in";
    .port_info 13 /OUTPUT 32 "zlow_val";
    .port_info 14 /INPUT 1 "mar_in";
    .port_info 15 /OUTPUT 32 "mar_val";
    .port_info 16 /INPUT 1 "hi_in";
    .port_info 17 /INPUT 1 "lo_in";
    .port_info 18 /OUTPUT 32 "hi_val";
    .port_info 19 /OUTPUT 32 "lo_val";
v00000187d2e04850_0 .net "BusMuxOut", 31 0, v00000187d2df2c80_0;  alias, 1 drivers
v00000187d2e03ef0_0 .net "IncPC", 0 0, v00000187d2cf29b0_0;  alias, 1 drivers
v00000187d2e04490_0 .net "clk", 0 0, v00000187d2e26310_0;  alias, 1 drivers
v00000187d2e04530_0 .net "hi_in", 0 0, v00000187d2cf3b30_0;  alias, 1 drivers
v00000187d2e04e90_0 .net "hi_val", 31 0, v00000187d2e074b0_0;  alias, 1 drivers
v00000187d2e03310_0 .net "ir_in", 0 0, v00000187d2cf3090_0;  alias, 1 drivers
v00000187d2e045d0_0 .net "ir_val", 31 0, v00000187d2e06e70_0;  alias, 1 drivers
v00000187d2e054d0_0 .net "lo_in", 0 0, v00000187d2cf3770_0;  alias, 1 drivers
v00000187d2e03db0_0 .net "lo_val", 31 0, v00000187d2e07ff0_0;  alias, 1 drivers
v00000187d2e05390_0 .net "mar_in", 0 0, v00000187d2cf3f90_0;  alias, 1 drivers
v00000187d2e038b0_0 .net "mar_val", 31 0, v00000187d2e07230_0;  alias, 1 drivers
v00000187d2e048f0_0 .net "pc_in", 0 0, v00000187d2cf27d0_0;  alias, 1 drivers
v00000187d2e04030_0 .net "pc_val", 31 0, v00000187d2e04670_0;  alias, 1 drivers
v00000187d2e034f0_0 .net "reset", 0 0, v00000187d2e27850_0;  alias, 1 drivers
v00000187d2e04cb0_0 .net "y_in", 0 0, v00000187d2cf3130_0;  alias, 1 drivers
v00000187d2e043f0_0 .net "y_val", 31 0, v00000187d2e04710_0;  alias, 1 drivers
L_00000187d2e39ab8 .functor BUFT 1, C4<0>, C4<0>, C4<0>, C4<0>;
v00000187d2e03590_0 .net "zhigh_in", 0 0, L_00000187d2e39ab8;  1 drivers
v00000187d2e03770_0 .net "zhigh_val", 31 0, v00000187d2e04a30_0;  1 drivers
L_00000187d2e39b00 .functor BUFT 1, C4<0>, C4<0>, C4<0>, C4<0>;
v00000187d2e05570_0 .net "zlow_in", 0 0, L_00000187d2e39b00;  1 drivers
v00000187d2e05610_0 .net "zlow_val", 31 0, v00000187d2e056b0_0;  1 drivers
S_00000187d2dfe980 .scope module, "HI" "reg32" 15 73, 16 2 0, S_00000187d2dfe7f0;
 .timescale 0 0;
    .port_info 0 /INPUT 1 "clk";
    .port_info 1 /INPUT 1 "reset";
    .port_info 2 /INPUT 1 "en";
    .port_info 3 /INPUT 32 "d_in";
    .port_info 4 /OUTPUT 32 "d_out";
v00000187d2e06790_0 .net "clk", 0 0, v00000187d2e26310_0;  alias, 1 drivers
v00000187d2e05b10_0 .net "d_in", 31 0, v00000187d2df2c80_0;  alias, 1 drivers
v00000187d2e074b0_0 .var "d_out", 31 0;
v00000187d2e06830_0 .net "en", 0 0, v00000187d2cf3b30_0;  alias, 1 drivers
v00000187d2e068d0_0 .net "reset", 0 0, v00000187d2e27850_0;  alias, 1 drivers
E_00000187d2d122a0 .event posedge, v00000187d2cf4a30_0;
S_00000187d2dfcd60 .scope module, "IR" "reg32" 15 33, 16 2 0, S_00000187d2dfe7f0;
 .timescale 0 0;
    .port_info 0 /INPUT 1 "clk";
    .port_info 1 /INPUT 1 "reset";
    .port_info 2 /INPUT 1 "en";
    .port_info 3 /INPUT 32 "d_in";
    .port_info 4 /OUTPUT 32 "d_out";
v00000187d2e06970_0 .net "clk", 0 0, v00000187d2e26310_0;  alias, 1 drivers
v00000187d2e06a10_0 .net "d_in", 31 0, v00000187d2df2c80_0;  alias, 1 drivers
v00000187d2e06e70_0 .var "d_out", 31 0;
v00000187d2e05bb0_0 .net "en", 0 0, v00000187d2cf3090_0;  alias, 1 drivers
v00000187d2e05cf0_0 .net "reset", 0 0, v00000187d2e27850_0;  alias, 1 drivers
S_00000187d2dfeca0 .scope module, "LO" "reg32" 15 81, 16 2 0, S_00000187d2dfe7f0;
 .timescale 0 0;
    .port_info 0 /INPUT 1 "clk";
    .port_info 1 /INPUT 1 "reset";
    .port_info 2 /INPUT 1 "en";
    .port_info 3 /INPUT 32 "d_in";
    .port_info 4 /OUTPUT 32 "d_out";
v00000187d2e077d0_0 .net "clk", 0 0, v00000187d2e26310_0;  alias, 1 drivers
v00000187d2e07b90_0 .net "d_in", 31 0, v00000187d2df2c80_0;  alias, 1 drivers
v00000187d2e07ff0_0 .var "d_out", 31 0;
v00000187d2e059d0_0 .net "en", 0 0, v00000187d2cf3770_0;  alias, 1 drivers
v00000187d2e06c90_0 .net "reset", 0 0, v00000187d2e27850_0;  alias, 1 drivers
S_00000187d2dfc8b0 .scope module, "MAR" "reg32" 15 65, 16 2 0, S_00000187d2dfe7f0;
 .timescale 0 0;
    .port_info 0 /INPUT 1 "clk";
    .port_info 1 /INPUT 1 "reset";
    .port_info 2 /INPUT 1 "en";
    .port_info 3 /INPUT 32 "d_in";
    .port_info 4 /OUTPUT 32 "d_out";
v00000187d2e060b0_0 .net "clk", 0 0, v00000187d2e26310_0;  alias, 1 drivers
v00000187d2e06f10_0 .net "d_in", 31 0, v00000187d2df2c80_0;  alias, 1 drivers
v00000187d2e07230_0 .var "d_out", 31 0;
v00000187d2e072d0_0 .net "en", 0 0, v00000187d2cf3f90_0;  alias, 1 drivers
v00000187d2e07410_0 .net "reset", 0 0, v00000187d2e27850_0;  alias, 1 drivers
S_00000187d2dfe660 .scope module, "PC" "pc_reg" 15 24, 17 3 0, S_00000187d2dfe7f0;
 .timescale 0 0;
    .port_info 0 /INPUT 1 "clk";
    .port_info 1 /INPUT 1 "reset";
    .port_info 2 /INPUT 1 "pc_in";
    .port_info 3 /INPUT 1 "IncPC";
    .port_info 4 /INPUT 32 "BusMuxOut";
    .port_info 5 /OUTPUT 32 "pc_val";
v00000187d2e052f0_0 .net "BusMuxOut", 31 0, v00000187d2df2c80_0;  alias, 1 drivers
v00000187d2e036d0_0 .net "IncPC", 0 0, v00000187d2cf29b0_0;  alias, 1 drivers
v00000187d2e04f30_0 .net "clk", 0 0, v00000187d2e26310_0;  alias, 1 drivers
v00000187d2e05430_0 .net "cout", 0 0, L_00000187d2e2acd0;  1 drivers
v00000187d2e057f0_0 .net "pc_in", 0 0, v00000187d2cf27d0_0;  alias, 1 drivers
v00000187d2e042b0_0 .net "pc_plus_one", 31 0, L_00000187d2e2aff0;  1 drivers
v00000187d2e04670_0 .var "pc_val", 31 0;
v00000187d2e04ad0_0 .net "reset", 0 0, v00000187d2e27850_0;  alias, 1 drivers
S_00000187d2dfee30 .scope module, "inc_adder" "ripple_carry_adder" 17 15, 9 3 0, S_00000187d2dfe660;
 .timescale 0 0;
    .port_info 0 /INPUT 32 "A";
    .port_info 1 /INPUT 32 "B";
    .port_info 2 /INPUT 1 "Cin";
    .port_info 3 /OUTPUT 32 "Sum";
    .port_info 4 /OUTPUT 1 "Cout";
    .port_info 5 /OUTPUT 1 "Overflow";
L_00000187d2e39a70 .functor BUFT 1, C4<0>, C4<0>, C4<0>, C4<0>;
L_00000187d2cb9900 .functor BUFZ 1, L_00000187d2e39a70, C4<0>, C4<0>, C4<0>;
L_00000187d2cb8da0 .functor XOR 1, L_00000187d2e2b090, L_00000187d2e2b4f0, C4<0>, C4<0>;
v00000187d2e02f50_0 .net "A", 31 0, v00000187d2e04670_0;  alias, 1 drivers
L_00000187d2e39a28 .functor BUFT 1, C4<00000000000000000000000000000001>, C4<0>, C4<0>, C4<0>;
v00000187d2e00c50_0 .net "B", 31 0, L_00000187d2e39a28;  1 drivers
v00000187d2e00d90_0 .net "Cin", 0 0, L_00000187d2e39a70;  1 drivers
v00000187d2e00e30_0 .net "Cout", 0 0, L_00000187d2e2acd0;  alias, 1 drivers
v00000187d2e05750_0 .net "Overflow", 0 0, L_00000187d2cb8da0;  1 drivers
v00000187d2e04d50_0 .net "Sum", 31 0, L_00000187d2e2aff0;  alias, 1 drivers
v00000187d2e03270_0 .net *"_ivl_229", 0 0, L_00000187d2cb9900;  1 drivers
v00000187d2e04fd0_0 .net *"_ivl_233", 0 0, L_00000187d2e2b090;  1 drivers
v00000187d2e04df0_0 .net *"_ivl_235", 0 0, L_00000187d2e2b4f0;  1 drivers
v00000187d2e05070_0 .net "carry", 32 0, L_00000187d2e2b270;  1 drivers
L_00000187d2e27530 .part v00000187d2e04670_0, 0, 1;
L_00000187d2e27210 .part L_00000187d2e39a28, 0, 1;
L_00000187d2e257d0 .part L_00000187d2e2b270, 0, 1;
L_00000187d2e263b0 .part v00000187d2e04670_0, 1, 1;
L_00000187d2e266d0 .part L_00000187d2e39a28, 1, 1;
L_00000187d2e26d10 .part L_00000187d2e2b270, 1, 1;
L_00000187d2e26770 .part v00000187d2e04670_0, 2, 1;
L_00000187d2e26630 .part L_00000187d2e39a28, 2, 1;
L_00000187d2e25870 .part L_00000187d2e2b270, 2, 1;
L_00000187d2e26810 .part v00000187d2e04670_0, 3, 1;
L_00000187d2e26450 .part L_00000187d2e39a28, 3, 1;
L_00000187d2e25370 .part L_00000187d2e2b270, 3, 1;
L_00000187d2e26bd0 .part v00000187d2e04670_0, 4, 1;
L_00000187d2e26db0 .part L_00000187d2e39a28, 4, 1;
L_00000187d2e26f90 .part L_00000187d2e2b270, 4, 1;
L_00000187d2e26130 .part v00000187d2e04670_0, 5, 1;
L_00000187d2e27490 .part L_00000187d2e39a28, 5, 1;
L_00000187d2e277b0 .part L_00000187d2e2b270, 5, 1;
L_00000187d2e27670 .part v00000187d2e04670_0, 6, 1;
L_00000187d2e275d0 .part L_00000187d2e39a28, 6, 1;
L_00000187d2e25910 .part L_00000187d2e2b270, 6, 1;
L_00000187d2e278f0 .part v00000187d2e04670_0, 7, 1;
L_00000187d2e261d0 .part L_00000187d2e39a28, 7, 1;
L_00000187d2e25c30 .part L_00000187d2e2b270, 7, 1;
L_00000187d2e25730 .part v00000187d2e04670_0, 8, 1;
L_00000187d2e25b90 .part L_00000187d2e39a28, 8, 1;
L_00000187d2e25cd0 .part L_00000187d2e2b270, 8, 1;
L_00000187d2e29290 .part v00000187d2e04670_0, 9, 1;
L_00000187d2e29790 .part L_00000187d2e39a28, 9, 1;
L_00000187d2e29ab0 .part L_00000187d2e2b270, 9, 1;
L_00000187d2e29330 .part v00000187d2e04670_0, 10, 1;
L_00000187d2e28cf0 .part L_00000187d2e39a28, 10, 1;
L_00000187d2e29f10 .part L_00000187d2e2b270, 10, 1;
L_00000187d2e28250 .part v00000187d2e04670_0, 11, 1;
L_00000187d2e29510 .part L_00000187d2e39a28, 11, 1;
L_00000187d2e29650 .part L_00000187d2e2b270, 11, 1;
L_00000187d2e28c50 .part v00000187d2e04670_0, 12, 1;
L_00000187d2e29010 .part L_00000187d2e39a28, 12, 1;
L_00000187d2e296f0 .part L_00000187d2e2b270, 12, 1;
L_00000187d2e27d50 .part v00000187d2e04670_0, 13, 1;
L_00000187d2e28890 .part L_00000187d2e39a28, 13, 1;
L_00000187d2e28610 .part L_00000187d2e2b270, 13, 1;
L_00000187d2e27ad0 .part v00000187d2e04670_0, 14, 1;
L_00000187d2e27fd0 .part L_00000187d2e39a28, 14, 1;
L_00000187d2e28070 .part L_00000187d2e2b270, 14, 1;
L_00000187d2e293d0 .part v00000187d2e04670_0, 15, 1;
L_00000187d2e28d90 .part L_00000187d2e39a28, 15, 1;
L_00000187d2e29c90 .part L_00000187d2e2b270, 15, 1;
L_00000187d2e28ed0 .part v00000187d2e04670_0, 16, 1;
L_00000187d2e29dd0 .part L_00000187d2e39a28, 16, 1;
L_00000187d2e295b0 .part L_00000187d2e2b270, 16, 1;
L_00000187d2e28e30 .part v00000187d2e04670_0, 17, 1;
L_00000187d2e28f70 .part L_00000187d2e39a28, 17, 1;
L_00000187d2e29830 .part L_00000187d2e2b270, 17, 1;
L_00000187d2e28930 .part v00000187d2e04670_0, 18, 1;
L_00000187d2e286b0 .part L_00000187d2e39a28, 18, 1;
L_00000187d2e290b0 .part L_00000187d2e2b270, 18, 1;
L_00000187d2e29b50 .part v00000187d2e04670_0, 19, 1;
L_00000187d2e29d30 .part L_00000187d2e39a28, 19, 1;
L_00000187d2e29150 .part L_00000187d2e2b270, 19, 1;
L_00000187d2e291f0 .part v00000187d2e04670_0, 20, 1;
L_00000187d2e28750 .part L_00000187d2e39a28, 20, 1;
L_00000187d2e28b10 .part L_00000187d2e2b270, 20, 1;
L_00000187d2e29470 .part v00000187d2e04670_0, 21, 1;
L_00000187d2e298d0 .part L_00000187d2e39a28, 21, 1;
L_00000187d2e28bb0 .part L_00000187d2e2b270, 21, 1;
L_00000187d2e29970 .part v00000187d2e04670_0, 22, 1;
L_00000187d2e29a10 .part L_00000187d2e39a28, 22, 1;
L_00000187d2e29bf0 .part L_00000187d2e2b270, 22, 1;
L_00000187d2e28110 .part v00000187d2e04670_0, 23, 1;
L_00000187d2e29e70 .part L_00000187d2e39a28, 23, 1;
L_00000187d2e29fb0 .part L_00000187d2e2b270, 23, 1;
L_00000187d2e2a050 .part v00000187d2e04670_0, 24, 1;
L_00000187d2e2a0f0 .part L_00000187d2e39a28, 24, 1;
L_00000187d2e27990 .part L_00000187d2e2b270, 24, 1;
L_00000187d2e281b0 .part v00000187d2e04670_0, 25, 1;
L_00000187d2e27a30 .part L_00000187d2e39a28, 25, 1;
L_00000187d2e287f0 .part L_00000187d2e2b270, 25, 1;
L_00000187d2e28a70 .part v00000187d2e04670_0, 26, 1;
L_00000187d2e27b70 .part L_00000187d2e39a28, 26, 1;
L_00000187d2e27c10 .part L_00000187d2e2b270, 26, 1;
L_00000187d2e27cb0 .part v00000187d2e04670_0, 27, 1;
L_00000187d2e27df0 .part L_00000187d2e39a28, 27, 1;
L_00000187d2e27e90 .part L_00000187d2e2b270, 27, 1;
L_00000187d2e28430 .part v00000187d2e04670_0, 28, 1;
L_00000187d2e27f30 .part L_00000187d2e39a28, 28, 1;
L_00000187d2e282f0 .part L_00000187d2e2b270, 28, 1;
L_00000187d2e28390 .part v00000187d2e04670_0, 29, 1;
L_00000187d2e284d0 .part L_00000187d2e39a28, 29, 1;
L_00000187d2e28570 .part L_00000187d2e2b270, 29, 1;
L_00000187d2e289d0 .part v00000187d2e04670_0, 30, 1;
L_00000187d2e2bd10 .part L_00000187d2e39a28, 30, 1;
L_00000187d2e2b630 .part L_00000187d2e2b270, 30, 1;
L_00000187d2e2a7d0 .part v00000187d2e04670_0, 31, 1;
L_00000187d2e2a9b0 .part L_00000187d2e39a28, 31, 1;
L_00000187d2e2bbd0 .part L_00000187d2e2b270, 31, 1;
LS_00000187d2e2aff0_0_0 .concat8 [ 1 1 1 1], L_00000187d2cb4f80, L_00000187d2cb4650, L_00000187d2cb3e70, L_00000187d2cb40a0;
LS_00000187d2e2aff0_0_4 .concat8 [ 1 1 1 1], L_00000187d2cb3fc0, L_00000187d2cb3690, L_00000187d2cb3a80, L_00000187d2cb5ed0;
LS_00000187d2e2aff0_0_8 .concat8 [ 1 1 1 1], L_00000187d2cb53e0, L_00000187d2cb56f0, L_00000187d2cb6a30, L_00000187d2cb6170;
LS_00000187d2e2aff0_0_12 .concat8 [ 1 1 1 1], L_00000187d2cb6250, L_00000187d2cb69c0, L_00000187d2cb5a00, L_00000187d2cb6800;
LS_00000187d2e2aff0_0_16 .concat8 [ 1 1 1 1], L_00000187d2cb6480, L_00000187d2cb65d0, L_00000187d2cb7360, L_00000187d2cb8710;
LS_00000187d2e2aff0_0_20 .concat8 [ 1 1 1 1], L_00000187d2cb72f0, L_00000187d2cb70c0, L_00000187d2cb7980, L_00000187d2cb74b0;
LS_00000187d2e2aff0_0_24 .concat8 [ 1 1 1 1], L_00000187d2cb7670, L_00000187d2cb7a60, L_00000187d2cb8320, L_00000187d2cb7520;
LS_00000187d2e2aff0_0_28 .concat8 [ 1 1 1 1], L_00000187d2cb97b0, L_00000187d2cb93c0, L_00000187d2cb8e10, L_00000187d2cb8f60;
LS_00000187d2e2aff0_1_0 .concat8 [ 4 4 4 4], LS_00000187d2e2aff0_0_0, LS_00000187d2e2aff0_0_4, LS_00000187d2e2aff0_0_8, LS_00000187d2e2aff0_0_12;
LS_00000187d2e2aff0_1_4 .concat8 [ 4 4 4 4], LS_00000187d2e2aff0_0_16, LS_00000187d2e2aff0_0_20, LS_00000187d2e2aff0_0_24, LS_00000187d2e2aff0_0_28;
L_00000187d2e2aff0 .concat8 [ 16 16 0 0], LS_00000187d2e2aff0_1_0, LS_00000187d2e2aff0_1_4;
LS_00000187d2e2b270_0_0 .concat8 [ 1 1 1 1], L_00000187d2cb9900, L_00000187d2cb4810, L_00000187d2cb4570, L_00000187d2cb38c0;
LS_00000187d2e2b270_0_4 .concat8 [ 1 1 1 1], L_00000187d2cb43b0, L_00000187d2cb47a0, L_00000187d2cb3850, L_00000187d2cb5ae0;
LS_00000187d2e2b270_0_8 .concat8 [ 1 1 1 1], L_00000187d2cb5b50, L_00000187d2cb5fb0, L_00000187d2cb6020, L_00000187d2cb6100;
LS_00000187d2e2b270_0_12 .concat8 [ 1 1 1 1], L_00000187d2cb66b0, L_00000187d2cb6c60, L_00000187d2cb6330, L_00000187d2cb6db0;
LS_00000187d2e2b270_0_16 .concat8 [ 1 1 1 1], L_00000187d2cb6410, L_00000187d2cb5d80, L_00000187d2cb6fe0, L_00000187d2cb8390;
LS_00000187d2e2b270_0_20 .concat8 [ 1 1 1 1], L_00000187d2cb8400, L_00000187d2cb73d0, L_00000187d2cb7440, L_00000187d2cb79f0;
LS_00000187d2e2b270_0_24 .concat8 [ 1 1 1 1], L_00000187d2cb7bb0, L_00000187d2cb71a0, L_00000187d2cb7c90, L_00000187d2cb8240;
LS_00000187d2e2b270_0_28 .concat8 [ 1 1 1 1], L_00000187d2cb6e90, L_00000187d2cb9350, L_00000187d2cb9890, L_00000187d2cb8d30;
LS_00000187d2e2b270_0_32 .concat8 [ 1 0 0 0], L_00000187d2cb96d0;
LS_00000187d2e2b270_1_0 .concat8 [ 4 4 4 4], LS_00000187d2e2b270_0_0, LS_00000187d2e2b270_0_4, LS_00000187d2e2b270_0_8, LS_00000187d2e2b270_0_12;
LS_00000187d2e2b270_1_4 .concat8 [ 4 4 4 4], LS_00000187d2e2b270_0_16, LS_00000187d2e2b270_0_20, LS_00000187d2e2b270_0_24, LS_00000187d2e2b270_0_28;
LS_00000187d2e2b270_1_8 .concat8 [ 1 0 0 0], LS_00000187d2e2b270_0_32;
L_00000187d2e2b270 .concat8 [ 16 16 1 0], LS_00000187d2e2b270_1_0, LS_00000187d2e2b270_1_4, LS_00000187d2e2b270_1_8;
L_00000187d2e2acd0 .part L_00000187d2e2b270, 32, 1;
L_00000187d2e2b090 .part L_00000187d2e2b270, 31, 1;
L_00000187d2e2b4f0 .part L_00000187d2e2b270, 32, 1;
S_00000187d2dfc590 .scope generate, "fa_gen[0]" "fa_gen[0]" 9 17, 9 17 0, S_00000187d2dfee30;
 .timescale 0 0;
P_00000187d2d125a0 .param/l "i" 0 9 17, +C4<00>;
S_00000187d2dfca40 .scope module, "fa" "full_adder" 9 18, 9 33 0, S_00000187d2dfc590;
 .timescale 0 0;
    .port_info 0 /INPUT 1 "a";
    .port_info 1 /INPUT 1 "b";
    .port_info 2 /INPUT 1 "cin";
    .port_info 3 /OUTPUT 1 "sum";
    .port_info 4 /OUTPUT 1 "cout";
L_00000187d2cb4260 .functor XOR 1, L_00000187d2e27530, L_00000187d2e27210, C4<0>, C4<0>;
L_00000187d2cb4f80 .functor XOR 1, L_00000187d2cb4260, L_00000187d2e257d0, C4<0>, C4<0>;
L_00000187d2cb4ff0 .functor AND 1, L_00000187d2e27530, L_00000187d2e27210, C4<1>, C4<1>;
L_00000187d2cb4d50 .functor XOR 1, L_00000187d2e27530, L_00000187d2e27210, C4<0>, C4<0>;
L_00000187d2cb4a40 .functor AND 1, L_00000187d2e257d0, L_00000187d2cb4d50, C4<1>, C4<1>;
L_00000187d2cb4810 .functor OR 1, L_00000187d2cb4ff0, L_00000187d2cb4a40, C4<0>, C4<0>;
v00000187d2e07550_0 .net *"_ivl_0", 0 0, L_00000187d2cb4260;  1 drivers
v00000187d2e07c30_0 .net *"_ivl_4", 0 0, L_00000187d2cb4ff0;  1 drivers
v00000187d2e05e30_0 .net *"_ivl_6", 0 0, L_00000187d2cb4d50;  1 drivers
v00000187d2e07870_0 .net *"_ivl_8", 0 0, L_00000187d2cb4a40;  1 drivers
v00000187d2e07a50_0 .net "a", 0 0, L_00000187d2e27530;  1 drivers
v00000187d2e07af0_0 .net "b", 0 0, L_00000187d2e27210;  1 drivers
v00000187d2e07e10_0 .net "cin", 0 0, L_00000187d2e257d0;  1 drivers
v00000187d2e061f0_0 .net "cout", 0 0, L_00000187d2cb4810;  1 drivers
v00000187d2e07eb0_0 .net "sum", 0 0, L_00000187d2cb4f80;  1 drivers
S_00000187d2dfd210 .scope generate, "fa_gen[1]" "fa_gen[1]" 9 17, 9 17 0, S_00000187d2dfee30;
 .timescale 0 0;
P_00000187d2d121a0 .param/l "i" 0 9 17, +C4<01>;
S_00000187d2dfe1b0 .scope module, "fa" "full_adder" 9 18, 9 33 0, S_00000187d2dfd210;
 .timescale 0 0;
    .port_info 0 /INPUT 1 "a";
    .port_info 1 /INPUT 1 "b";
    .port_info 2 /INPUT 1 "cin";
    .port_info 3 /OUTPUT 1 "sum";
    .port_info 4 /OUTPUT 1 "cout";
L_00000187d2cb4340 .functor XOR 1, L_00000187d2e263b0, L_00000187d2e266d0, C4<0>, C4<0>;
L_00000187d2cb4650 .functor XOR 1, L_00000187d2cb4340, L_00000187d2e26d10, C4<0>, C4<0>;
L_00000187d2cb4ab0 .functor AND 1, L_00000187d2e263b0, L_00000187d2e266d0, C4<1>, C4<1>;
L_00000187d2cb4dc0 .functor XOR 1, L_00000187d2e263b0, L_00000187d2e266d0, C4<0>, C4<0>;
L_00000187d2cb5220 .functor AND 1, L_00000187d2e26d10, L_00000187d2cb4dc0, C4<1>, C4<1>;
L_00000187d2cb4570 .functor OR 1, L_00000187d2cb4ab0, L_00000187d2cb5220, C4<0>, C4<0>;
v00000187d2e07f50_0 .net *"_ivl_0", 0 0, L_00000187d2cb4340;  1 drivers
v00000187d2e08090_0 .net *"_ivl_4", 0 0, L_00000187d2cb4ab0;  1 drivers
v00000187d2e06290_0 .net *"_ivl_6", 0 0, L_00000187d2cb4dc0;  1 drivers
v00000187d2e09d50_0 .net *"_ivl_8", 0 0, L_00000187d2cb5220;  1 drivers
v00000187d2e0a570_0 .net "a", 0 0, L_00000187d2e263b0;  1 drivers
v00000187d2e09490_0 .net "b", 0 0, L_00000187d2e266d0;  1 drivers
v00000187d2e0a4d0_0 .net "cin", 0 0, L_00000187d2e26d10;  1 drivers
v00000187d2e08db0_0 .net "cout", 0 0, L_00000187d2cb4570;  1 drivers
v00000187d2e09210_0 .net "sum", 0 0, L_00000187d2cb4650;  1 drivers
S_00000187d2dfd850 .scope generate, "fa_gen[2]" "fa_gen[2]" 9 17, 9 17 0, S_00000187d2dfee30;
 .timescale 0 0;
P_00000187d2d126e0 .param/l "i" 0 9 17, +C4<010>;
S_00000187d2dfd9e0 .scope module, "fa" "full_adder" 9 18, 9 33 0, S_00000187d2dfd850;
 .timescale 0 0;
    .port_info 0 /INPUT 1 "a";
    .port_info 1 /INPUT 1 "b";
    .port_info 2 /INPUT 1 "cin";
    .port_info 3 /OUTPUT 1 "sum";
    .port_info 4 /OUTPUT 1 "cout";
L_00000187d2cb4b20 .functor XOR 1, L_00000187d2e26770, L_00000187d2e26630, C4<0>, C4<0>;
L_00000187d2cb3e70 .functor XOR 1, L_00000187d2cb4b20, L_00000187d2e25870, C4<0>, C4<0>;
L_00000187d2cb3ee0 .functor AND 1, L_00000187d2e26770, L_00000187d2e26630, C4<1>, C4<1>;
L_00000187d2cb5060 .functor XOR 1, L_00000187d2e26770, L_00000187d2e26630, C4<0>, C4<0>;
L_00000187d2cb45e0 .functor AND 1, L_00000187d2e25870, L_00000187d2cb5060, C4<1>, C4<1>;
L_00000187d2cb38c0 .functor OR 1, L_00000187d2cb3ee0, L_00000187d2cb45e0, C4<0>, C4<0>;
v00000187d2e0a610_0 .net *"_ivl_0", 0 0, L_00000187d2cb4b20;  1 drivers
v00000187d2e09df0_0 .net *"_ivl_4", 0 0, L_00000187d2cb3ee0;  1 drivers
v00000187d2e0a250_0 .net *"_ivl_6", 0 0, L_00000187d2cb5060;  1 drivers
v00000187d2e090d0_0 .net *"_ivl_8", 0 0, L_00000187d2cb45e0;  1 drivers
v00000187d2e08450_0 .net "a", 0 0, L_00000187d2e26770;  1 drivers
v00000187d2e097b0_0 .net "b", 0 0, L_00000187d2e26630;  1 drivers
v00000187d2e09e90_0 .net "cin", 0 0, L_00000187d2e25870;  1 drivers
v00000187d2e08770_0 .net "cout", 0 0, L_00000187d2cb38c0;  1 drivers
v00000187d2e09c10_0 .net "sum", 0 0, L_00000187d2cb3e70;  1 drivers
S_00000187d2dfd080 .scope generate, "fa_gen[3]" "fa_gen[3]" 9 17, 9 17 0, S_00000187d2dfee30;
 .timescale 0 0;
P_00000187d2d12960 .param/l "i" 0 9 17, +C4<011>;
S_00000187d2dfefc0 .scope module, "fa" "full_adder" 9 18, 9 33 0, S_00000187d2dfd080;
 .timescale 0 0;
    .port_info 0 /INPUT 1 "a";
    .port_info 1 /INPUT 1 "b";
    .port_info 2 /INPUT 1 "cin";
    .port_info 3 /OUTPUT 1 "sum";
    .port_info 4 /OUTPUT 1 "cout";
L_00000187d2cb3b60 .functor XOR 1, L_00000187d2e26810, L_00000187d2e26450, C4<0>, C4<0>;
L_00000187d2cb40a0 .functor XOR 1, L_00000187d2cb3b60, L_00000187d2e25370, C4<0>, C4<0>;
L_00000187d2cb3f50 .functor AND 1, L_00000187d2e26810, L_00000187d2e26450, C4<1>, C4<1>;
L_00000187d2cb4b90 .functor XOR 1, L_00000187d2e26810, L_00000187d2e26450, C4<0>, C4<0>;
L_00000187d2cb4c00 .functor AND 1, L_00000187d2e25370, L_00000187d2cb4b90, C4<1>, C4<1>;
L_00000187d2cb43b0 .functor OR 1, L_00000187d2cb3f50, L_00000187d2cb4c00, C4<0>, C4<0>;
v00000187d2e083b0_0 .net *"_ivl_0", 0 0, L_00000187d2cb3b60;  1 drivers
v00000187d2e09670_0 .net *"_ivl_4", 0 0, L_00000187d2cb3f50;  1 drivers
v00000187d2e09530_0 .net *"_ivl_6", 0 0, L_00000187d2cb4b90;  1 drivers
v00000187d2e09fd0_0 .net *"_ivl_8", 0 0, L_00000187d2cb4c00;  1 drivers
v00000187d2e09f30_0 .net "a", 0 0, L_00000187d2e26810;  1 drivers
v00000187d2e0a7f0_0 .net "b", 0 0, L_00000187d2e26450;  1 drivers
v00000187d2e09170_0 .net "cin", 0 0, L_00000187d2e25370;  1 drivers
v00000187d2e081d0_0 .net "cout", 0 0, L_00000187d2cb43b0;  1 drivers
v00000187d2e08ef0_0 .net "sum", 0 0, L_00000187d2cb40a0;  1 drivers
S_00000187d2dff600 .scope generate, "fa_gen[4]" "fa_gen[4]" 9 17, 9 17 0, S_00000187d2dfee30;
 .timescale 0 0;
P_00000187d2d12f60 .param/l "i" 0 9 17, +C4<0100>;
S_00000187d2dfdb70 .scope module, "fa" "full_adder" 9 18, 9 33 0, S_00000187d2dff600;
 .timescale 0 0;
    .port_info 0 /INPUT 1 "a";
    .port_info 1 /INPUT 1 "b";
    .port_info 2 /INPUT 1 "cin";
    .port_info 3 /OUTPUT 1 "sum";
    .port_info 4 /OUTPUT 1 "cout";
L_00000187d2cb4c70 .functor XOR 1, L_00000187d2e26bd0, L_00000187d2e26db0, C4<0>, C4<0>;
L_00000187d2cb3fc0 .functor XOR 1, L_00000187d2cb4c70, L_00000187d2e26f90, C4<0>, C4<0>;
L_00000187d2cb46c0 .functor AND 1, L_00000187d2e26bd0, L_00000187d2e26db0, C4<1>, C4<1>;
L_00000187d2cb4730 .functor XOR 1, L_00000187d2e26bd0, L_00000187d2e26db0, C4<0>, C4<0>;
L_00000187d2cb4030 .functor AND 1, L_00000187d2e26f90, L_00000187d2cb4730, C4<1>, C4<1>;
L_00000187d2cb47a0 .functor OR 1, L_00000187d2cb46c0, L_00000187d2cb4030, C4<0>, C4<0>;
v00000187d2e09a30_0 .net *"_ivl_0", 0 0, L_00000187d2cb4c70;  1 drivers
v00000187d2e095d0_0 .net *"_ivl_4", 0 0, L_00000187d2cb46c0;  1 drivers
v00000187d2e092b0_0 .net *"_ivl_6", 0 0, L_00000187d2cb4730;  1 drivers
v00000187d2e084f0_0 .net *"_ivl_8", 0 0, L_00000187d2cb4030;  1 drivers
v00000187d2e08810_0 .net "a", 0 0, L_00000187d2e26bd0;  1 drivers
v00000187d2e0a6b0_0 .net "b", 0 0, L_00000187d2e26db0;  1 drivers
v00000187d2e09710_0 .net "cin", 0 0, L_00000187d2e26f90;  1 drivers
v00000187d2e0a430_0 .net "cout", 0 0, L_00000187d2cb47a0;  1 drivers
v00000187d2e088b0_0 .net "sum", 0 0, L_00000187d2cb3fc0;  1 drivers
S_00000187d2dfd3a0 .scope generate, "fa_gen[5]" "fa_gen[5]" 9 17, 9 17 0, S_00000187d2dfee30;
 .timescale 0 0;
P_00000187d2d12fe0 .param/l "i" 0 9 17, +C4<0101>;
S_00000187d2dfc0e0 .scope module, "fa" "full_adder" 9 18, 9 33 0, S_00000187d2dfd3a0;
 .timescale 0 0;
    .port_info 0 /INPUT 1 "a";
    .port_info 1 /INPUT 1 "b";
    .port_info 2 /INPUT 1 "cin";
    .port_info 3 /OUTPUT 1 "sum";
    .port_info 4 /OUTPUT 1 "cout";
L_00000187d2cb3770 .functor XOR 1, L_00000187d2e26130, L_00000187d2e27490, C4<0>, C4<0>;
L_00000187d2cb3690 .functor XOR 1, L_00000187d2cb3770, L_00000187d2e277b0, C4<0>, C4<0>;
L_00000187d2cb3700 .functor AND 1, L_00000187d2e26130, L_00000187d2e27490, C4<1>, C4<1>;
L_00000187d2cb4110 .functor XOR 1, L_00000187d2e26130, L_00000187d2e27490, C4<0>, C4<0>;
L_00000187d2cb37e0 .functor AND 1, L_00000187d2e277b0, L_00000187d2cb4110, C4<1>, C4<1>;
L_00000187d2cb3850 .functor OR 1, L_00000187d2cb3700, L_00000187d2cb37e0, C4<0>, C4<0>;
v00000187d2e08950_0 .net *"_ivl_0", 0 0, L_00000187d2cb3770;  1 drivers
v00000187d2e08590_0 .net *"_ivl_4", 0 0, L_00000187d2cb3700;  1 drivers
v00000187d2e09350_0 .net *"_ivl_6", 0 0, L_00000187d2cb4110;  1 drivers
v00000187d2e08e50_0 .net *"_ivl_8", 0 0, L_00000187d2cb37e0;  1 drivers
v00000187d2e08630_0 .net "a", 0 0, L_00000187d2e26130;  1 drivers
v00000187d2e086d0_0 .net "b", 0 0, L_00000187d2e27490;  1 drivers
v00000187d2e08c70_0 .net "cin", 0 0, L_00000187d2e277b0;  1 drivers
v00000187d2e089f0_0 .net "cout", 0 0, L_00000187d2cb3850;  1 drivers
v00000187d2e08270_0 .net "sum", 0 0, L_00000187d2cb3690;  1 drivers
S_00000187d2dff150 .scope generate, "fa_gen[6]" "fa_gen[6]" 9 17, 9 17 0, S_00000187d2dfee30;
 .timescale 0 0;
P_00000187d2d129a0 .param/l "i" 0 9 17, +C4<0110>;
S_00000187d2dfd6c0 .scope module, "fa" "full_adder" 9 18, 9 33 0, S_00000187d2dff150;
 .timescale 0 0;
    .port_info 0 /INPUT 1 "a";
    .port_info 1 /INPUT 1 "b";
    .port_info 2 /INPUT 1 "cin";
    .port_info 3 /OUTPUT 1 "sum";
    .port_info 4 /OUTPUT 1 "cout";
L_00000187d2cb3a10 .functor XOR 1, L_00000187d2e27670, L_00000187d2e275d0, C4<0>, C4<0>;
L_00000187d2cb3a80 .functor XOR 1, L_00000187d2cb3a10, L_00000187d2e25910, C4<0>, C4<0>;
L_00000187d2cb3cb0 .functor AND 1, L_00000187d2e27670, L_00000187d2e275d0, C4<1>, C4<1>;
L_00000187d2cb3af0 .functor XOR 1, L_00000187d2e27670, L_00000187d2e275d0, C4<0>, C4<0>;
L_00000187d2cb3bd0 .functor AND 1, L_00000187d2e25910, L_00000187d2cb3af0, C4<1>, C4<1>;
L_00000187d2cb5ae0 .functor OR 1, L_00000187d2cb3cb0, L_00000187d2cb3bd0, C4<0>, C4<0>;
v00000187d2e0a070_0 .net *"_ivl_0", 0 0, L_00000187d2cb3a10;  1 drivers
v00000187d2e08310_0 .net *"_ivl_4", 0 0, L_00000187d2cb3cb0;  1 drivers
v00000187d2e0a750_0 .net *"_ivl_6", 0 0, L_00000187d2cb3af0;  1 drivers
v00000187d2e093f0_0 .net *"_ivl_8", 0 0, L_00000187d2cb3bd0;  1 drivers
v00000187d2e0a110_0 .net "a", 0 0, L_00000187d2e27670;  1 drivers
v00000187d2e08130_0 .net "b", 0 0, L_00000187d2e275d0;  1 drivers
v00000187d2e0a1b0_0 .net "cin", 0 0, L_00000187d2e25910;  1 drivers
v00000187d2e09850_0 .net "cout", 0 0, L_00000187d2cb5ae0;  1 drivers
v00000187d2e09b70_0 .net "sum", 0 0, L_00000187d2cb3a80;  1 drivers
S_00000187d2dfc270 .scope generate, "fa_gen[7]" "fa_gen[7]" 9 17, 9 17 0, S_00000187d2dfee30;
 .timescale 0 0;
P_00000187d2d13020 .param/l "i" 0 9 17, +C4<0111>;
S_00000187d2dfc400 .scope module, "fa" "full_adder" 9 18, 9 33 0, S_00000187d2dfc270;
 .timescale 0 0;
    .port_info 0 /INPUT 1 "a";
    .port_info 1 /INPUT 1 "b";
    .port_info 2 /INPUT 1 "cin";
    .port_info 3 /OUTPUT 1 "sum";
    .port_info 4 /OUTPUT 1 "cout";
L_00000187d2cb5e60 .functor XOR 1, L_00000187d2e278f0, L_00000187d2e261d0, C4<0>, C4<0>;
L_00000187d2cb5ed0 .functor XOR 1, L_00000187d2cb5e60, L_00000187d2e25c30, C4<0>, C4<0>;
L_00000187d2cb5f40 .functor AND 1, L_00000187d2e278f0, L_00000187d2e261d0, C4<1>, C4<1>;
L_00000187d2cb5a70 .functor XOR 1, L_00000187d2e278f0, L_00000187d2e261d0, C4<0>, C4<0>;
L_00000187d2cb5300 .functor AND 1, L_00000187d2e25c30, L_00000187d2cb5a70, C4<1>, C4<1>;
L_00000187d2cb5b50 .functor OR 1, L_00000187d2cb5f40, L_00000187d2cb5300, C4<0>, C4<0>;
v00000187d2e098f0_0 .net *"_ivl_0", 0 0, L_00000187d2cb5e60;  1 drivers
v00000187d2e08a90_0 .net *"_ivl_4", 0 0, L_00000187d2cb5f40;  1 drivers
v00000187d2e08b30_0 .net *"_ivl_6", 0 0, L_00000187d2cb5a70;  1 drivers
v00000187d2e0a890_0 .net *"_ivl_8", 0 0, L_00000187d2cb5300;  1 drivers
v00000187d2e09990_0 .net "a", 0 0, L_00000187d2e278f0;  1 drivers
v00000187d2e09ad0_0 .net "b", 0 0, L_00000187d2e261d0;  1 drivers
v00000187d2e09cb0_0 .net "cin", 0 0, L_00000187d2e25c30;  1 drivers
v00000187d2e08bd0_0 .net "cout", 0 0, L_00000187d2cb5b50;  1 drivers
v00000187d2e08d10_0 .net "sum", 0 0, L_00000187d2cb5ed0;  1 drivers
S_00000187d2dfc720 .scope generate, "fa_gen[8]" "fa_gen[8]" 9 17, 9 17 0, S_00000187d2dfee30;
 .timescale 0 0;
P_00000187d2d12620 .param/l "i" 0 9 17, +C4<01000>;
S_00000187d2dfdd00 .scope module, "fa" "full_adder" 9 18, 9 33 0, S_00000187d2dfc720;
 .timescale 0 0;
    .port_info 0 /INPUT 1 "a";
    .port_info 1 /INPUT 1 "b";
    .port_info 2 /INPUT 1 "cin";
    .port_info 3 /OUTPUT 1 "sum";
    .port_info 4 /OUTPUT 1 "cout";
L_00000187d2cb61e0 .functor XOR 1, L_00000187d2e25730, L_00000187d2e25b90, C4<0>, C4<0>;
L_00000187d2cb53e0 .functor XOR 1, L_00000187d2cb61e0, L_00000187d2e25cd0, C4<0>, C4<0>;
L_00000187d2cb5bc0 .functor AND 1, L_00000187d2e25730, L_00000187d2e25b90, C4<1>, C4<1>;
L_00000187d2cb57d0 .functor XOR 1, L_00000187d2e25730, L_00000187d2e25b90, C4<0>, C4<0>;
L_00000187d2cb68e0 .functor AND 1, L_00000187d2e25cd0, L_00000187d2cb57d0, C4<1>, C4<1>;
L_00000187d2cb5fb0 .functor OR 1, L_00000187d2cb5bc0, L_00000187d2cb68e0, C4<0>, C4<0>;
v00000187d2e09030_0 .net *"_ivl_0", 0 0, L_00000187d2cb61e0;  1 drivers
v00000187d2e08f90_0 .net *"_ivl_4", 0 0, L_00000187d2cb5bc0;  1 drivers
v00000187d2e0a2f0_0 .net *"_ivl_6", 0 0, L_00000187d2cb57d0;  1 drivers
v00000187d2e0a390_0 .net *"_ivl_8", 0 0, L_00000187d2cb68e0;  1 drivers
v00000187d2e0b650_0 .net "a", 0 0, L_00000187d2e25730;  1 drivers
v00000187d2e0b3d0_0 .net "b", 0 0, L_00000187d2e25b90;  1 drivers
v00000187d2e0b5b0_0 .net "cin", 0 0, L_00000187d2e25cd0;  1 drivers
v00000187d2e0be70_0 .net "cout", 0 0, L_00000187d2cb5fb0;  1 drivers
v00000187d2e0c0f0_0 .net "sum", 0 0, L_00000187d2cb53e0;  1 drivers
S_00000187d2dfcef0 .scope generate, "fa_gen[9]" "fa_gen[9]" 9 17, 9 17 0, S_00000187d2dfee30;
 .timescale 0 0;
P_00000187d2d129e0 .param/l "i" 0 9 17, +C4<01001>;
S_00000187d2e118b0 .scope module, "fa" "full_adder" 9 18, 9 33 0, S_00000187d2dfcef0;
 .timescale 0 0;
    .port_info 0 /INPUT 1 "a";
    .port_info 1 /INPUT 1 "b";
    .port_info 2 /INPUT 1 "cin";
    .port_info 3 /OUTPUT 1 "sum";
    .port_info 4 /OUTPUT 1 "cout";
L_00000187d2cb58b0 .functor XOR 1, L_00000187d2e29290, L_00000187d2e29790, C4<0>, C4<0>;
L_00000187d2cb56f0 .functor XOR 1, L_00000187d2cb58b0, L_00000187d2e29ab0, C4<0>, C4<0>;
L_00000187d2cb54c0 .functor AND 1, L_00000187d2e29290, L_00000187d2e29790, C4<1>, C4<1>;
L_00000187d2cb5df0 .functor XOR 1, L_00000187d2e29290, L_00000187d2e29790, C4<0>, C4<0>;
L_00000187d2cb6950 .functor AND 1, L_00000187d2e29ab0, L_00000187d2cb5df0, C4<1>, C4<1>;
L_00000187d2cb6020 .functor OR 1, L_00000187d2cb54c0, L_00000187d2cb6950, C4<0>, C4<0>;
v00000187d2e0bc90_0 .net *"_ivl_0", 0 0, L_00000187d2cb58b0;  1 drivers
v00000187d2e0ccd0_0 .net *"_ivl_4", 0 0, L_00000187d2cb54c0;  1 drivers
v00000187d2e0bfb0_0 .net *"_ivl_6", 0 0, L_00000187d2cb5df0;  1 drivers
v00000187d2e0cc30_0 .net *"_ivl_8", 0 0, L_00000187d2cb6950;  1 drivers
v00000187d2e0b470_0 .net "a", 0 0, L_00000187d2e29290;  1 drivers
v00000187d2e0bbf0_0 .net "b", 0 0, L_00000187d2e29790;  1 drivers
v00000187d2e0c050_0 .net "cin", 0 0, L_00000187d2e29ab0;  1 drivers
v00000187d2e0c690_0 .net "cout", 0 0, L_00000187d2cb6020;  1 drivers
v00000187d2e0af70_0 .net "sum", 0 0, L_00000187d2cb56f0;  1 drivers
S_00000187d2e12530 .scope generate, "fa_gen[10]" "fa_gen[10]" 9 17, 9 17 0, S_00000187d2dfee30;
 .timescale 0 0;
P_00000187d2d13120 .param/l "i" 0 9 17, +C4<01010>;
S_00000187d2e11590 .scope module, "fa" "full_adder" 9 18, 9 33 0, S_00000187d2e12530;
 .timescale 0 0;
    .port_info 0 /INPUT 1 "a";
    .port_info 1 /INPUT 1 "b";
    .port_info 2 /INPUT 1 "cin";
    .port_info 3 /OUTPUT 1 "sum";
    .port_info 4 /OUTPUT 1 "cout";
L_00000187d2cb6090 .functor XOR 1, L_00000187d2e29330, L_00000187d2e28cf0, C4<0>, C4<0>;
L_00000187d2cb6a30 .functor XOR 1, L_00000187d2cb6090, L_00000187d2e29f10, C4<0>, C4<0>;
L_00000187d2cb5370 .functor AND 1, L_00000187d2e29330, L_00000187d2e28cf0, C4<1>, C4<1>;
L_00000187d2cb6bf0 .functor XOR 1, L_00000187d2e29330, L_00000187d2e28cf0, C4<0>, C4<0>;
L_00000187d2cb5d10 .functor AND 1, L_00000187d2e29f10, L_00000187d2cb6bf0, C4<1>, C4<1>;
L_00000187d2cb6100 .functor OR 1, L_00000187d2cb5370, L_00000187d2cb5d10, C4<0>, C4<0>;
v00000187d2e0ce10_0 .net *"_ivl_0", 0 0, L_00000187d2cb6090;  1 drivers
v00000187d2e0c910_0 .net *"_ivl_4", 0 0, L_00000187d2cb5370;  1 drivers
v00000187d2e0cd70_0 .net *"_ivl_6", 0 0, L_00000187d2cb6bf0;  1 drivers
v00000187d2e0acf0_0 .net *"_ivl_8", 0 0, L_00000187d2cb5d10;  1 drivers
v00000187d2e0bab0_0 .net "a", 0 0, L_00000187d2e29330;  1 drivers
v00000187d2e0b330_0 .net "b", 0 0, L_00000187d2e28cf0;  1 drivers
v00000187d2e0b290_0 .net "cin", 0 0, L_00000187d2e29f10;  1 drivers
v00000187d2e0bdd0_0 .net "cout", 0 0, L_00000187d2cb6100;  1 drivers
v00000187d2e0b010_0 .net "sum", 0 0, L_00000187d2cb6a30;  1 drivers
S_00000187d2e13020 .scope generate, "fa_gen[11]" "fa_gen[11]" 9 17, 9 17 0, S_00000187d2dfee30;
 .timescale 0 0;
P_00000187d2d12a60 .param/l "i" 0 9 17, +C4<01011>;
S_00000187d2e13fc0 .scope module, "fa" "full_adder" 9 18, 9 33 0, S_00000187d2e13020;
 .timescale 0 0;
    .port_info 0 /INPUT 1 "a";
    .port_info 1 /INPUT 1 "b";
    .port_info 2 /INPUT 1 "cin";
    .port_info 3 /OUTPUT 1 "sum";
    .port_info 4 /OUTPUT 1 "cout";
L_00000187d2cb5760 .functor XOR 1, L_00000187d2e28250, L_00000187d2e29510, C4<0>, C4<0>;
L_00000187d2cb6170 .functor XOR 1, L_00000187d2cb5760, L_00000187d2e29650, C4<0>, C4<0>;
L_00000187d2cb5840 .functor AND 1, L_00000187d2e28250, L_00000187d2e29510, C4<1>, C4<1>;
L_00000187d2cb5450 .functor XOR 1, L_00000187d2e28250, L_00000187d2e29510, C4<0>, C4<0>;
L_00000187d2cb6b10 .functor AND 1, L_00000187d2e29650, L_00000187d2cb5450, C4<1>, C4<1>;
L_00000187d2cb66b0 .functor OR 1, L_00000187d2cb5840, L_00000187d2cb6b10, C4<0>, C4<0>;
v00000187d2e0bf10_0 .net *"_ivl_0", 0 0, L_00000187d2cb5760;  1 drivers
v00000187d2e0c550_0 .net *"_ivl_4", 0 0, L_00000187d2cb5840;  1 drivers
v00000187d2e0c9b0_0 .net *"_ivl_6", 0 0, L_00000187d2cb5450;  1 drivers
v00000187d2e0cb90_0 .net *"_ivl_8", 0 0, L_00000187d2cb6b10;  1 drivers
v00000187d2e0ad90_0 .net "a", 0 0, L_00000187d2e28250;  1 drivers
v00000187d2e0b970_0 .net "b", 0 0, L_00000187d2e29510;  1 drivers
v00000187d2e0a9d0_0 .net "cin", 0 0, L_00000187d2e29650;  1 drivers
v00000187d2e0b6f0_0 .net "cout", 0 0, L_00000187d2cb66b0;  1 drivers
v00000187d2e0c730_0 .net "sum", 0 0, L_00000187d2cb6170;  1 drivers
S_00000187d2e137f0 .scope generate, "fa_gen[12]" "fa_gen[12]" 9 17, 9 17 0, S_00000187d2dfee30;
 .timescale 0 0;
P_00000187d2d128a0 .param/l "i" 0 9 17, +C4<01100>;
S_00000187d2e123a0 .scope module, "fa" "full_adder" 9 18, 9 33 0, S_00000187d2e137f0;
 .timescale 0 0;
    .port_info 0 /INPUT 1 "a";
    .port_info 1 /INPUT 1 "b";
    .port_info 2 /INPUT 1 "cin";
    .port_info 3 /OUTPUT 1 "sum";
    .port_info 4 /OUTPUT 1 "cout";
L_00000187d2cb5920 .functor XOR 1, L_00000187d2e28c50, L_00000187d2e29010, C4<0>, C4<0>;
L_00000187d2cb6250 .functor XOR 1, L_00000187d2cb5920, L_00000187d2e296f0, C4<0>, C4<0>;
L_00000187d2cb5530 .functor AND 1, L_00000187d2e28c50, L_00000187d2e29010, C4<1>, C4<1>;
L_00000187d2cb6b80 .functor XOR 1, L_00000187d2e28c50, L_00000187d2e29010, C4<0>, C4<0>;
L_00000187d2cb6720 .functor AND 1, L_00000187d2e296f0, L_00000187d2cb6b80, C4<1>, C4<1>;
L_00000187d2cb6c60 .functor OR 1, L_00000187d2cb5530, L_00000187d2cb6720, C4<0>, C4<0>;
v00000187d2e0bd30_0 .net *"_ivl_0", 0 0, L_00000187d2cb5920;  1 drivers
v00000187d2e0bb50_0 .net *"_ivl_4", 0 0, L_00000187d2cb5530;  1 drivers
v00000187d2e0c190_0 .net *"_ivl_6", 0 0, L_00000187d2cb6b80;  1 drivers
v00000187d2e0c230_0 .net *"_ivl_8", 0 0, L_00000187d2cb6720;  1 drivers
v00000187d2e0b510_0 .net "a", 0 0, L_00000187d2e28c50;  1 drivers
v00000187d2e0ae30_0 .net "b", 0 0, L_00000187d2e29010;  1 drivers
v00000187d2e0b0b0_0 .net "cin", 0 0, L_00000187d2e296f0;  1 drivers
v00000187d2e0b790_0 .net "cout", 0 0, L_00000187d2cb6c60;  1 drivers
v00000187d2e0c2d0_0 .net "sum", 0 0, L_00000187d2cb6250;  1 drivers
S_00000187d2e13ca0 .scope generate, "fa_gen[13]" "fa_gen[13]" 9 17, 9 17 0, S_00000187d2dfee30;
 .timescale 0 0;
P_00000187d2d12da0 .param/l "i" 0 9 17, +C4<01101>;
S_00000187d2e10910 .scope module, "fa" "full_adder" 9 18, 9 33 0, S_00000187d2e13ca0;
 .timescale 0 0;
    .port_info 0 /INPUT 1 "a";
    .port_info 1 /INPUT 1 "b";
    .port_info 2 /INPUT 1 "cin";
    .port_info 3 /OUTPUT 1 "sum";
    .port_info 4 /OUTPUT 1 "cout";
L_00000187d2cb62c0 .functor XOR 1, L_00000187d2e27d50, L_00000187d2e28890, C4<0>, C4<0>;
L_00000187d2cb69c0 .functor XOR 1, L_00000187d2cb62c0, L_00000187d2e28610, C4<0>, C4<0>;
L_00000187d2cb5990 .functor AND 1, L_00000187d2e27d50, L_00000187d2e28890, C4<1>, C4<1>;
L_00000187d2cb6790 .functor XOR 1, L_00000187d2e27d50, L_00000187d2e28890, C4<0>, C4<0>;
L_00000187d2cb6cd0 .functor AND 1, L_00000187d2e28610, L_00000187d2cb6790, C4<1>, C4<1>;
L_00000187d2cb6330 .functor OR 1, L_00000187d2cb5990, L_00000187d2cb6cd0, C4<0>, C4<0>;
v00000187d2e0ceb0_0 .net *"_ivl_0", 0 0, L_00000187d2cb62c0;  1 drivers
v00000187d2e0b830_0 .net *"_ivl_4", 0 0, L_00000187d2cb5990;  1 drivers
v00000187d2e0b150_0 .net *"_ivl_6", 0 0, L_00000187d2cb6790;  1 drivers
v00000187d2e0cf50_0 .net *"_ivl_8", 0 0, L_00000187d2cb6cd0;  1 drivers
v00000187d2e0c370_0 .net "a", 0 0, L_00000187d2e27d50;  1 drivers
v00000187d2e0c410_0 .net "b", 0 0, L_00000187d2e28890;  1 drivers
v00000187d2e0cff0_0 .net "cin", 0 0, L_00000187d2e28610;  1 drivers
v00000187d2e0aed0_0 .net "cout", 0 0, L_00000187d2cb6330;  1 drivers
v00000187d2e0b1f0_0 .net "sum", 0 0, L_00000187d2cb69c0;  1 drivers
S_00000187d2e11400 .scope generate, "fa_gen[14]" "fa_gen[14]" 9 17, 9 17 0, S_00000187d2dfee30;
 .timescale 0 0;
P_00000187d2d12660 .param/l "i" 0 9 17, +C4<01110>;
S_00000187d2e12850 .scope module, "fa" "full_adder" 9 18, 9 33 0, S_00000187d2e11400;
 .timescale 0 0;
    .port_info 0 /INPUT 1 "a";
    .port_info 1 /INPUT 1 "b";
    .port_info 2 /INPUT 1 "cin";
    .port_info 3 /OUTPUT 1 "sum";
    .port_info 4 /OUTPUT 1 "cout";
L_00000187d2cb6aa0 .functor XOR 1, L_00000187d2e27ad0, L_00000187d2e27fd0, C4<0>, C4<0>;
L_00000187d2cb5a00 .functor XOR 1, L_00000187d2cb6aa0, L_00000187d2e28070, C4<0>, C4<0>;
L_00000187d2cb5680 .functor AND 1, L_00000187d2e27ad0, L_00000187d2e27fd0, C4<1>, C4<1>;
L_00000187d2cb63a0 .functor XOR 1, L_00000187d2e27ad0, L_00000187d2e27fd0, C4<0>, C4<0>;
L_00000187d2cb6d40 .functor AND 1, L_00000187d2e28070, L_00000187d2cb63a0, C4<1>, C4<1>;
L_00000187d2cb6db0 .functor OR 1, L_00000187d2cb5680, L_00000187d2cb6d40, C4<0>, C4<0>;
v00000187d2e0c4b0_0 .net *"_ivl_0", 0 0, L_00000187d2cb6aa0;  1 drivers
v00000187d2e0c5f0_0 .net *"_ivl_4", 0 0, L_00000187d2cb5680;  1 drivers
v00000187d2e0c7d0_0 .net *"_ivl_6", 0 0, L_00000187d2cb63a0;  1 drivers
v00000187d2e0c870_0 .net *"_ivl_8", 0 0, L_00000187d2cb6d40;  1 drivers
v00000187d2e0b8d0_0 .net "a", 0 0, L_00000187d2e27ad0;  1 drivers
v00000187d2e0ba10_0 .net "b", 0 0, L_00000187d2e27fd0;  1 drivers
v00000187d2e0ca50_0 .net "cin", 0 0, L_00000187d2e28070;  1 drivers
v00000187d2e0caf0_0 .net "cout", 0 0, L_00000187d2cb6db0;  1 drivers
v00000187d2e0d090_0 .net "sum", 0 0, L_00000187d2cb5a00;  1 drivers
S_00000187d2e13b10 .scope generate, "fa_gen[15]" "fa_gen[15]" 9 17, 9 17 0, S_00000187d2dfee30;
 .timescale 0 0;
P_00000187d2d12b60 .param/l "i" 0 9 17, +C4<01111>;
S_00000187d2e126c0 .scope module, "fa" "full_adder" 9 18, 9 33 0, S_00000187d2e13b10;
 .timescale 0 0;
    .port_info 0 /INPUT 1 "a";
    .port_info 1 /INPUT 1 "b";
    .port_info 2 /INPUT 1 "cin";
    .port_info 3 /OUTPUT 1 "sum";
    .port_info 4 /OUTPUT 1 "cout";
L_00000187d2cb6e20 .functor XOR 1, L_00000187d2e293d0, L_00000187d2e28d90, C4<0>, C4<0>;
L_00000187d2cb6800 .functor XOR 1, L_00000187d2cb6e20, L_00000187d2e29c90, C4<0>, C4<0>;
L_00000187d2cb6870 .functor AND 1, L_00000187d2e293d0, L_00000187d2e28d90, C4<1>, C4<1>;
L_00000187d2cb5c30 .functor XOR 1, L_00000187d2e293d0, L_00000187d2e28d90, C4<0>, C4<0>;
L_00000187d2cb5ca0 .functor AND 1, L_00000187d2e29c90, L_00000187d2cb5c30, C4<1>, C4<1>;
L_00000187d2cb6410 .functor OR 1, L_00000187d2cb6870, L_00000187d2cb5ca0, C4<0>, C4<0>;
v00000187d2e0a930_0 .net *"_ivl_0", 0 0, L_00000187d2cb6e20;  1 drivers
v00000187d2e0aa70_0 .net *"_ivl_4", 0 0, L_00000187d2cb6870;  1 drivers
v00000187d2e0ab10_0 .net *"_ivl_6", 0 0, L_00000187d2cb5c30;  1 drivers
v00000187d2e0abb0_0 .net *"_ivl_8", 0 0, L_00000187d2cb5ca0;  1 drivers
v00000187d2e0ac50_0 .net "a", 0 0, L_00000187d2e293d0;  1 drivers
v00000187d2e0e490_0 .net "b", 0 0, L_00000187d2e28d90;  1 drivers
v00000187d2e0ea30_0 .net "cin", 0 0, L_00000187d2e29c90;  1 drivers
v00000187d2e0dd10_0 .net "cout", 0 0, L_00000187d2cb6410;  1 drivers
v00000187d2e0d310_0 .net "sum", 0 0, L_00000187d2cb6800;  1 drivers
S_00000187d2e11bd0 .scope generate, "fa_gen[16]" "fa_gen[16]" 9 17, 9 17 0, S_00000187d2dfee30;
 .timescale 0 0;
P_00000187d2d12520 .param/l "i" 0 9 17, +C4<010000>;
S_00000187d2e11720 .scope module, "fa" "full_adder" 9 18, 9 33 0, S_00000187d2e11bd0;
 .timescale 0 0;
    .port_info 0 /INPUT 1 "a";
    .port_info 1 /INPUT 1 "b";
    .port_info 2 /INPUT 1 "cin";
    .port_info 3 /OUTPUT 1 "sum";
    .port_info 4 /OUTPUT 1 "cout";
L_00000187d2cb5290 .functor XOR 1, L_00000187d2e28ed0, L_00000187d2e29dd0, C4<0>, C4<0>;
L_00000187d2cb6480 .functor XOR 1, L_00000187d2cb5290, L_00000187d2e295b0, C4<0>, C4<0>;
L_00000187d2cb55a0 .functor AND 1, L_00000187d2e28ed0, L_00000187d2e29dd0, C4<1>, C4<1>;
L_00000187d2cb64f0 .functor XOR 1, L_00000187d2e28ed0, L_00000187d2e29dd0, C4<0>, C4<0>;
L_00000187d2cb5610 .functor AND 1, L_00000187d2e295b0, L_00000187d2cb64f0, C4<1>, C4<1>;
L_00000187d2cb5d80 .functor OR 1, L_00000187d2cb55a0, L_00000187d2cb5610, C4<0>, C4<0>;
v00000187d2e0de50_0 .net *"_ivl_0", 0 0, L_00000187d2cb5290;  1 drivers
v00000187d2e0ead0_0 .net *"_ivl_4", 0 0, L_00000187d2cb55a0;  1 drivers
v00000187d2e0e170_0 .net *"_ivl_6", 0 0, L_00000187d2cb64f0;  1 drivers
v00000187d2e0d450_0 .net *"_ivl_8", 0 0, L_00000187d2cb5610;  1 drivers
v00000187d2e0e350_0 .net "a", 0 0, L_00000187d2e28ed0;  1 drivers
v00000187d2e0e670_0 .net "b", 0 0, L_00000187d2e29dd0;  1 drivers
v00000187d2e0ed50_0 .net "cin", 0 0, L_00000187d2e295b0;  1 drivers
v00000187d2e0e530_0 .net "cout", 0 0, L_00000187d2cb5d80;  1 drivers
v00000187d2e0f1b0_0 .net "sum", 0 0, L_00000187d2cb6480;  1 drivers
S_00000187d2e13e30 .scope generate, "fa_gen[17]" "fa_gen[17]" 9 17, 9 17 0, S_00000187d2dfee30;
 .timescale 0 0;
P_00000187d2d121e0 .param/l "i" 0 9 17, +C4<010001>;
S_00000187d2e13980 .scope module, "fa" "full_adder" 9 18, 9 33 0, S_00000187d2e13e30;
 .timescale 0 0;
    .port_info 0 /INPUT 1 "a";
    .port_info 1 /INPUT 1 "b";
    .port_info 2 /INPUT 1 "cin";
    .port_info 3 /OUTPUT 1 "sum";
    .port_info 4 /OUTPUT 1 "cout";
L_00000187d2cb6560 .functor XOR 1, L_00000187d2e28e30, L_00000187d2e28f70, C4<0>, C4<0>;
L_00000187d2cb65d0 .functor XOR 1, L_00000187d2cb6560, L_00000187d2e29830, C4<0>, C4<0>;
L_00000187d2cb6640 .functor AND 1, L_00000187d2e28e30, L_00000187d2e28f70, C4<1>, C4<1>;
L_00000187d2cb77c0 .functor XOR 1, L_00000187d2e28e30, L_00000187d2e28f70, C4<0>, C4<0>;
L_00000187d2cb8010 .functor AND 1, L_00000187d2e29830, L_00000187d2cb77c0, C4<1>, C4<1>;
L_00000187d2cb6fe0 .functor OR 1, L_00000187d2cb6640, L_00000187d2cb8010, C4<0>, C4<0>;
v00000187d2e0ecb0_0 .net *"_ivl_0", 0 0, L_00000187d2cb6560;  1 drivers
v00000187d2e0ef30_0 .net *"_ivl_4", 0 0, L_00000187d2cb6640;  1 drivers
v00000187d2e0f750_0 .net *"_ivl_6", 0 0, L_00000187d2cb77c0;  1 drivers
v00000187d2e0ddb0_0 .net *"_ivl_8", 0 0, L_00000187d2cb8010;  1 drivers
v00000187d2e0eb70_0 .net "a", 0 0, L_00000187d2e28e30;  1 drivers
v00000187d2e0f7f0_0 .net "b", 0 0, L_00000187d2e28f70;  1 drivers
v00000187d2e0e2b0_0 .net "cin", 0 0, L_00000187d2e29830;  1 drivers
v00000187d2e0efd0_0 .net "cout", 0 0, L_00000187d2cb6fe0;  1 drivers
v00000187d2e0e990_0 .net "sum", 0 0, L_00000187d2cb65d0;  1 drivers
S_00000187d2e14470 .scope generate, "fa_gen[18]" "fa_gen[18]" 9 17, 9 17 0, S_00000187d2dfee30;
 .timescale 0 0;
P_00000187d2d123e0 .param/l "i" 0 9 17, +C4<010010>;
S_00000187d2e131b0 .scope module, "fa" "full_adder" 9 18, 9 33 0, S_00000187d2e14470;
 .timescale 0 0;
    .port_info 0 /INPUT 1 "a";
    .port_info 1 /INPUT 1 "b";
    .port_info 2 /INPUT 1 "cin";
    .port_info 3 /OUTPUT 1 "sum";
    .port_info 4 /OUTPUT 1 "cout";
L_00000187d2cb8080 .functor XOR 1, L_00000187d2e28930, L_00000187d2e286b0, C4<0>, C4<0>;
L_00000187d2cb7360 .functor XOR 1, L_00000187d2cb8080, L_00000187d2e290b0, C4<0>, C4<0>;
L_00000187d2cb78a0 .functor AND 1, L_00000187d2e28930, L_00000187d2e286b0, C4<1>, C4<1>;
L_00000187d2cb7750 .functor XOR 1, L_00000187d2e28930, L_00000187d2e286b0, C4<0>, C4<0>;
L_00000187d2cb8630 .functor AND 1, L_00000187d2e290b0, L_00000187d2cb7750, C4<1>, C4<1>;
L_00000187d2cb8390 .functor OR 1, L_00000187d2cb78a0, L_00000187d2cb8630, C4<0>, C4<0>;
v00000187d2e0e850_0 .net *"_ivl_0", 0 0, L_00000187d2cb8080;  1 drivers
v00000187d2e0f2f0_0 .net *"_ivl_4", 0 0, L_00000187d2cb78a0;  1 drivers
v00000187d2e0e7b0_0 .net *"_ivl_6", 0 0, L_00000187d2cb7750;  1 drivers
v00000187d2e0edf0_0 .net *"_ivl_8", 0 0, L_00000187d2cb8630;  1 drivers
v00000187d2e0d770_0 .net "a", 0 0, L_00000187d2e28930;  1 drivers
v00000187d2e0dc70_0 .net "b", 0 0, L_00000187d2e286b0;  1 drivers
v00000187d2e0e030_0 .net "cin", 0 0, L_00000187d2e290b0;  1 drivers
v00000187d2e0e5d0_0 .net "cout", 0 0, L_00000187d2cb8390;  1 drivers
v00000187d2e0d950_0 .net "sum", 0 0, L_00000187d2cb7360;  1 drivers
S_00000187d2e10dc0 .scope generate, "fa_gen[19]" "fa_gen[19]" 9 17, 9 17 0, S_00000187d2dfee30;
 .timescale 0 0;
P_00000187d2d13060 .param/l "i" 0 9 17, +C4<010011>;
S_00000187d2e11270 .scope module, "fa" "full_adder" 9 18, 9 33 0, S_00000187d2e10dc0;
 .timescale 0 0;
    .port_info 0 /INPUT 1 "a";
    .port_info 1 /INPUT 1 "b";
    .port_info 2 /INPUT 1 "cin";
    .port_info 3 /OUTPUT 1 "sum";
    .port_info 4 /OUTPUT 1 "cout";
L_00000187d2cb80f0 .functor XOR 1, L_00000187d2e29b50, L_00000187d2e29d30, C4<0>, C4<0>;
L_00000187d2cb8710 .functor XOR 1, L_00000187d2cb80f0, L_00000187d2e29150, C4<0>, C4<0>;
L_00000187d2cb7050 .functor AND 1, L_00000187d2e29b50, L_00000187d2e29d30, C4<1>, C4<1>;
L_00000187d2cb88d0 .functor XOR 1, L_00000187d2e29b50, L_00000187d2e29d30, C4<0>, C4<0>;
L_00000187d2cb8780 .functor AND 1, L_00000187d2e29150, L_00000187d2cb88d0, C4<1>, C4<1>;
L_00000187d2cb8400 .functor OR 1, L_00000187d2cb7050, L_00000187d2cb8780, C4<0>, C4<0>;
v00000187d2e0def0_0 .net *"_ivl_0", 0 0, L_00000187d2cb80f0;  1 drivers
v00000187d2e0d810_0 .net *"_ivl_4", 0 0, L_00000187d2cb7050;  1 drivers
v00000187d2e0df90_0 .net *"_ivl_6", 0 0, L_00000187d2cb88d0;  1 drivers
v00000187d2e0e210_0 .net *"_ivl_8", 0 0, L_00000187d2cb8780;  1 drivers
v00000187d2e0ee90_0 .net "a", 0 0, L_00000187d2e29b50;  1 drivers
v00000187d2e0f570_0 .net "b", 0 0, L_00000187d2e29d30;  1 drivers
v00000187d2e0f070_0 .net "cin", 0 0, L_00000187d2e29150;  1 drivers
v00000187d2e0e8f0_0 .net "cout", 0 0, L_00000187d2cb8400;  1 drivers
v00000187d2e0ec10_0 .net "sum", 0 0, L_00000187d2cb8710;  1 drivers
S_00000187d2e10aa0 .scope generate, "fa_gen[20]" "fa_gen[20]" 9 17, 9 17 0, S_00000187d2dfee30;
 .timescale 0 0;
P_00000187d2d12760 .param/l "i" 0 9 17, +C4<010100>;
S_00000187d2e12080 .scope module, "fa" "full_adder" 9 18, 9 33 0, S_00000187d2e10aa0;
 .timescale 0 0;
    .port_info 0 /INPUT 1 "a";
    .port_info 1 /INPUT 1 "b";
    .port_info 2 /INPUT 1 "cin";
    .port_info 3 /OUTPUT 1 "sum";
    .port_info 4 /OUTPUT 1 "cout";
L_00000187d2cb7de0 .functor XOR 1, L_00000187d2e291f0, L_00000187d2e28750, C4<0>, C4<0>;
L_00000187d2cb72f0 .functor XOR 1, L_00000187d2cb7de0, L_00000187d2e28b10, C4<0>, C4<0>;
L_00000187d2cb6f70 .functor AND 1, L_00000187d2e291f0, L_00000187d2e28750, C4<1>, C4<1>;
L_00000187d2cb7830 .functor XOR 1, L_00000187d2e291f0, L_00000187d2e28750, C4<0>, C4<0>;
L_00000187d2cb7ad0 .functor AND 1, L_00000187d2e28b10, L_00000187d2cb7830, C4<1>, C4<1>;
L_00000187d2cb73d0 .functor OR 1, L_00000187d2cb6f70, L_00000187d2cb7ad0, C4<0>, C4<0>;
v00000187d2e0f110_0 .net *"_ivl_0", 0 0, L_00000187d2cb7de0;  1 drivers
v00000187d2e0e3f0_0 .net *"_ivl_4", 0 0, L_00000187d2cb6f70;  1 drivers
v00000187d2e0d3b0_0 .net *"_ivl_6", 0 0, L_00000187d2cb7830;  1 drivers
v00000187d2e0e710_0 .net *"_ivl_8", 0 0, L_00000187d2cb7ad0;  1 drivers
v00000187d2e0d8b0_0 .net "a", 0 0, L_00000187d2e291f0;  1 drivers
v00000187d2e0d630_0 .net "b", 0 0, L_00000187d2e28750;  1 drivers
v00000187d2e0f250_0 .net "cin", 0 0, L_00000187d2e28b10;  1 drivers
v00000187d2e0d6d0_0 .net "cout", 0 0, L_00000187d2cb73d0;  1 drivers
v00000187d2e0e0d0_0 .net "sum", 0 0, L_00000187d2cb72f0;  1 drivers
S_00000187d2e12210 .scope generate, "fa_gen[21]" "fa_gen[21]" 9 17, 9 17 0, S_00000187d2dfee30;
 .timescale 0 0;
P_00000187d2d12aa0 .param/l "i" 0 9 17, +C4<010101>;
S_00000187d2e129e0 .scope module, "fa" "full_adder" 9 18, 9 33 0, S_00000187d2e12210;
 .timescale 0 0;
    .port_info 0 /INPUT 1 "a";
    .port_info 1 /INPUT 1 "b";
    .port_info 2 /INPUT 1 "cin";
    .port_info 3 /OUTPUT 1 "sum";
    .port_info 4 /OUTPUT 1 "cout";
L_00000187d2cb7ec0 .functor XOR 1, L_00000187d2e29470, L_00000187d2e298d0, C4<0>, C4<0>;
L_00000187d2cb70c0 .functor XOR 1, L_00000187d2cb7ec0, L_00000187d2e28bb0, C4<0>, C4<0>;
L_00000187d2cb7f30 .functor AND 1, L_00000187d2e29470, L_00000187d2e298d0, C4<1>, C4<1>;
L_00000187d2cb7c20 .functor XOR 1, L_00000187d2e29470, L_00000187d2e298d0, C4<0>, C4<0>;
L_00000187d2cb7910 .functor AND 1, L_00000187d2e28bb0, L_00000187d2cb7c20, C4<1>, C4<1>;
L_00000187d2cb7440 .functor OR 1, L_00000187d2cb7f30, L_00000187d2cb7910, C4<0>, C4<0>;
v00000187d2e0f390_0 .net *"_ivl_0", 0 0, L_00000187d2cb7ec0;  1 drivers
v00000187d2e0d9f0_0 .net *"_ivl_4", 0 0, L_00000187d2cb7f30;  1 drivers
v00000187d2e0f430_0 .net *"_ivl_6", 0 0, L_00000187d2cb7c20;  1 drivers
v00000187d2e0f4d0_0 .net *"_ivl_8", 0 0, L_00000187d2cb7910;  1 drivers
v00000187d2e0f610_0 .net "a", 0 0, L_00000187d2e29470;  1 drivers
v00000187d2e0f6b0_0 .net "b", 0 0, L_00000187d2e298d0;  1 drivers
v00000187d2e0db30_0 .net "cin", 0 0, L_00000187d2e28bb0;  1 drivers
v00000187d2e0f890_0 .net "cout", 0 0, L_00000187d2cb7440;  1 drivers
v00000187d2e0d4f0_0 .net "sum", 0 0, L_00000187d2cb70c0;  1 drivers
S_00000187d2e12e90 .scope generate, "fa_gen[22]" "fa_gen[22]" 9 17, 9 17 0, S_00000187d2dfee30;
 .timescale 0 0;
P_00000187d2d12460 .param/l "i" 0 9 17, +C4<010110>;
S_00000187d2e11d60 .scope module, "fa" "full_adder" 9 18, 9 33 0, S_00000187d2e12e90;
 .timescale 0 0;
    .port_info 0 /INPUT 1 "a";
    .port_info 1 /INPUT 1 "b";
    .port_info 2 /INPUT 1 "cin";
    .port_info 3 /OUTPUT 1 "sum";
    .port_info 4 /OUTPUT 1 "cout";
L_00000187d2cb7590 .functor XOR 1, L_00000187d2e29970, L_00000187d2e29a10, C4<0>, C4<0>;
L_00000187d2cb7980 .functor XOR 1, L_00000187d2cb7590, L_00000187d2e29bf0, C4<0>, C4<0>;
L_00000187d2cb8470 .functor AND 1, L_00000187d2e29970, L_00000187d2e29a10, C4<1>, C4<1>;
L_00000187d2cb7fa0 .functor XOR 1, L_00000187d2e29970, L_00000187d2e29a10, C4<0>, C4<0>;
L_00000187d2cb7130 .functor AND 1, L_00000187d2e29bf0, L_00000187d2cb7fa0, C4<1>, C4<1>;
L_00000187d2cb79f0 .functor OR 1, L_00000187d2cb8470, L_00000187d2cb7130, C4<0>, C4<0>;
v00000187d2e0d130_0 .net *"_ivl_0", 0 0, L_00000187d2cb7590;  1 drivers
v00000187d2e0da90_0 .net *"_ivl_4", 0 0, L_00000187d2cb8470;  1 drivers
v00000187d2e0d1d0_0 .net *"_ivl_6", 0 0, L_00000187d2cb7fa0;  1 drivers
v00000187d2e0d270_0 .net *"_ivl_8", 0 0, L_00000187d2cb7130;  1 drivers
v00000187d2e0dbd0_0 .net "a", 0 0, L_00000187d2e29970;  1 drivers
v00000187d2e0d590_0 .net "b", 0 0, L_00000187d2e29a10;  1 drivers
v00000187d2e0fc50_0 .net "cin", 0 0, L_00000187d2e29bf0;  1 drivers
v00000187d2e10330_0 .net "cout", 0 0, L_00000187d2cb79f0;  1 drivers
v00000187d2e100b0_0 .net "sum", 0 0, L_00000187d2cb7980;  1 drivers
S_00000187d2e14600 .scope generate, "fa_gen[23]" "fa_gen[23]" 9 17, 9 17 0, S_00000187d2dfee30;
 .timescale 0 0;
P_00000187d2d12ae0 .param/l "i" 0 9 17, +C4<010111>;
S_00000187d2e12b70 .scope module, "fa" "full_adder" 9 18, 9 33 0, S_00000187d2e14600;
 .timescale 0 0;
    .port_info 0 /INPUT 1 "a";
    .port_info 1 /INPUT 1 "b";
    .port_info 2 /INPUT 1 "cin";
    .port_info 3 /OUTPUT 1 "sum";
    .port_info 4 /OUTPUT 1 "cout";
L_00000187d2cb7600 .functor XOR 1, L_00000187d2e28110, L_00000187d2e29e70, C4<0>, C4<0>;
L_00000187d2cb74b0 .functor XOR 1, L_00000187d2cb7600, L_00000187d2e29fb0, C4<0>, C4<0>;
L_00000187d2cb87f0 .functor AND 1, L_00000187d2e28110, L_00000187d2e29e70, C4<1>, C4<1>;
L_00000187d2cb7e50 .functor XOR 1, L_00000187d2e28110, L_00000187d2e29e70, C4<0>, C4<0>;
L_00000187d2cb8860 .functor AND 1, L_00000187d2e29fb0, L_00000187d2cb7e50, C4<1>, C4<1>;
L_00000187d2cb7bb0 .functor OR 1, L_00000187d2cb87f0, L_00000187d2cb8860, C4<0>, C4<0>;
v00000187d2e0fcf0_0 .net *"_ivl_0", 0 0, L_00000187d2cb7600;  1 drivers
v00000187d2e0fbb0_0 .net *"_ivl_4", 0 0, L_00000187d2cb87f0;  1 drivers
v00000187d2e0fed0_0 .net *"_ivl_6", 0 0, L_00000187d2cb7e50;  1 drivers
v00000187d2e0fd90_0 .net *"_ivl_8", 0 0, L_00000187d2cb8860;  1 drivers
v00000187d2e10150_0 .net "a", 0 0, L_00000187d2e28110;  1 drivers
v00000187d2e101f0_0 .net "b", 0 0, L_00000187d2e29e70;  1 drivers
v00000187d2e10650_0 .net "cin", 0 0, L_00000187d2e29fb0;  1 drivers
v00000187d2e10010_0 .net "cout", 0 0, L_00000187d2cb7bb0;  1 drivers
v00000187d2e10290_0 .net "sum", 0 0, L_00000187d2cb74b0;  1 drivers
S_00000187d2e14150 .scope generate, "fa_gen[24]" "fa_gen[24]" 9 17, 9 17 0, S_00000187d2dfee30;
 .timescale 0 0;
P_00000187d2d124e0 .param/l "i" 0 9 17, +C4<011000>;
S_00000187d2e11a40 .scope module, "fa" "full_adder" 9 18, 9 33 0, S_00000187d2e14150;
 .timescale 0 0;
    .port_info 0 /INPUT 1 "a";
    .port_info 1 /INPUT 1 "b";
    .port_info 2 /INPUT 1 "cin";
    .port_info 3 /OUTPUT 1 "sum";
    .port_info 4 /OUTPUT 1 "cout";
L_00000187d2cb84e0 .functor XOR 1, L_00000187d2e2a050, L_00000187d2e2a0f0, C4<0>, C4<0>;
L_00000187d2cb7670 .functor XOR 1, L_00000187d2cb84e0, L_00000187d2e27990, C4<0>, C4<0>;
L_00000187d2cb8550 .functor AND 1, L_00000187d2e2a050, L_00000187d2e2a0f0, C4<1>, C4<1>;
L_00000187d2cb8940 .functor XOR 1, L_00000187d2e2a050, L_00000187d2e2a0f0, C4<0>, C4<0>;
L_00000187d2cb7d70 .functor AND 1, L_00000187d2e27990, L_00000187d2cb8940, C4<1>, C4<1>;
L_00000187d2cb71a0 .functor OR 1, L_00000187d2cb8550, L_00000187d2cb7d70, C4<0>, C4<0>;
v00000187d2e0f930_0 .net *"_ivl_0", 0 0, L_00000187d2cb84e0;  1 drivers
v00000187d2e10470_0 .net *"_ivl_4", 0 0, L_00000187d2cb8550;  1 drivers
v00000187d2e103d0_0 .net *"_ivl_6", 0 0, L_00000187d2cb8940;  1 drivers
v00000187d2e0fe30_0 .net *"_ivl_8", 0 0, L_00000187d2cb7d70;  1 drivers
v00000187d2e106f0_0 .net "a", 0 0, L_00000187d2e2a050;  1 drivers
v00000187d2e0ff70_0 .net "b", 0 0, L_00000187d2e2a0f0;  1 drivers
v00000187d2e10510_0 .net "cin", 0 0, L_00000187d2e27990;  1 drivers
v00000187d2e10790_0 .net "cout", 0 0, L_00000187d2cb71a0;  1 drivers
v00000187d2e105b0_0 .net "sum", 0 0, L_00000187d2cb7670;  1 drivers
S_00000187d2e13340 .scope generate, "fa_gen[25]" "fa_gen[25]" 9 17, 9 17 0, S_00000187d2dfee30;
 .timescale 0 0;
P_00000187d2d12320 .param/l "i" 0 9 17, +C4<011001>;
S_00000187d2e11ef0 .scope module, "fa" "full_adder" 9 18, 9 33 0, S_00000187d2e13340;
 .timescale 0 0;
    .port_info 0 /INPUT 1 "a";
    .port_info 1 /INPUT 1 "b";
    .port_info 2 /INPUT 1 "cin";
    .port_info 3 /OUTPUT 1 "sum";
    .port_info 4 /OUTPUT 1 "cout";
L_00000187d2cb86a0 .functor XOR 1, L_00000187d2e281b0, L_00000187d2e27a30, C4<0>, C4<0>;
L_00000187d2cb7a60 .functor XOR 1, L_00000187d2cb86a0, L_00000187d2e287f0, C4<0>, C4<0>;
L_00000187d2cb7d00 .functor AND 1, L_00000187d2e281b0, L_00000187d2e27a30, C4<1>, C4<1>;
L_00000187d2cb7210 .functor XOR 1, L_00000187d2e281b0, L_00000187d2e27a30, C4<0>, C4<0>;
L_00000187d2cb8160 .functor AND 1, L_00000187d2e287f0, L_00000187d2cb7210, C4<1>, C4<1>;
L_00000187d2cb7c90 .functor OR 1, L_00000187d2cb7d00, L_00000187d2cb8160, C4<0>, C4<0>;
v00000187d2e0f9d0_0 .net *"_ivl_0", 0 0, L_00000187d2cb86a0;  1 drivers
v00000187d2e0fa70_0 .net *"_ivl_4", 0 0, L_00000187d2cb7d00;  1 drivers
v00000187d2e0fb10_0 .net *"_ivl_6", 0 0, L_00000187d2cb7210;  1 drivers
v00000187d2e01510_0 .net *"_ivl_8", 0 0, L_00000187d2cb8160;  1 drivers
v00000187d2e02c30_0 .net "a", 0 0, L_00000187d2e281b0;  1 drivers
v00000187d2e01f10_0 .net "b", 0 0, L_00000187d2e27a30;  1 drivers
v00000187d2e00930_0 .net "cin", 0 0, L_00000187d2e287f0;  1 drivers
v00000187d2e02230_0 .net "cout", 0 0, L_00000187d2cb7c90;  1 drivers
v00000187d2e00f70_0 .net "sum", 0 0, L_00000187d2cb7a60;  1 drivers
S_00000187d2e12d00 .scope generate, "fa_gen[26]" "fa_gen[26]" 9 17, 9 17 0, S_00000187d2dfee30;
 .timescale 0 0;
P_00000187d2d12ba0 .param/l "i" 0 9 17, +C4<011010>;
S_00000187d2e142e0 .scope module, "fa" "full_adder" 9 18, 9 33 0, S_00000187d2e12d00;
 .timescale 0 0;
    .port_info 0 /INPUT 1 "a";
    .port_info 1 /INPUT 1 "b";
    .port_info 2 /INPUT 1 "cin";
    .port_info 3 /OUTPUT 1 "sum";
    .port_info 4 /OUTPUT 1 "cout";
L_00000187d2cb85c0 .functor XOR 1, L_00000187d2e28a70, L_00000187d2e27b70, C4<0>, C4<0>;
L_00000187d2cb8320 .functor XOR 1, L_00000187d2cb85c0, L_00000187d2e27c10, C4<0>, C4<0>;
L_00000187d2cb7280 .functor AND 1, L_00000187d2e28a70, L_00000187d2e27b70, C4<1>, C4<1>;
L_00000187d2cb7b40 .functor XOR 1, L_00000187d2e28a70, L_00000187d2e27b70, C4<0>, C4<0>;
L_00000187d2cb81d0 .functor AND 1, L_00000187d2e27c10, L_00000187d2cb7b40, C4<1>, C4<1>;
L_00000187d2cb8240 .functor OR 1, L_00000187d2cb7280, L_00000187d2cb81d0, C4<0>, C4<0>;
v00000187d2e01fb0_0 .net *"_ivl_0", 0 0, L_00000187d2cb85c0;  1 drivers
v00000187d2e022d0_0 .net *"_ivl_4", 0 0, L_00000187d2cb7280;  1 drivers
v00000187d2e01a10_0 .net *"_ivl_6", 0 0, L_00000187d2cb7b40;  1 drivers
v00000187d2e00a70_0 .net *"_ivl_8", 0 0, L_00000187d2cb81d0;  1 drivers
v00000187d2e01150_0 .net "a", 0 0, L_00000187d2e28a70;  1 drivers
v00000187d2e015b0_0 .net "b", 0 0, L_00000187d2e27b70;  1 drivers
v00000187d2e01ab0_0 .net "cin", 0 0, L_00000187d2e27c10;  1 drivers
v00000187d2e01b50_0 .net "cout", 0 0, L_00000187d2cb8240;  1 drivers
v00000187d2e00bb0_0 .net "sum", 0 0, L_00000187d2cb8320;  1 drivers
S_00000187d2e134d0 .scope generate, "fa_gen[27]" "fa_gen[27]" 9 17, 9 17 0, S_00000187d2dfee30;
 .timescale 0 0;
P_00000187d2d126a0 .param/l "i" 0 9 17, +C4<011011>;
S_00000187d2e13660 .scope module, "fa" "full_adder" 9 18, 9 33 0, S_00000187d2e134d0;
 .timescale 0 0;
    .port_info 0 /INPUT 1 "a";
    .port_info 1 /INPUT 1 "b";
    .port_info 2 /INPUT 1 "cin";
    .port_info 3 /OUTPUT 1 "sum";
    .port_info 4 /OUTPUT 1 "cout";
L_00000187d2cb82b0 .functor XOR 1, L_00000187d2e27cb0, L_00000187d2e27df0, C4<0>, C4<0>;
L_00000187d2cb7520 .functor XOR 1, L_00000187d2cb82b0, L_00000187d2e27e90, C4<0>, C4<0>;
L_00000187d2cb89b0 .functor AND 1, L_00000187d2e27cb0, L_00000187d2e27df0, C4<1>, C4<1>;
L_00000187d2cb8a20 .functor XOR 1, L_00000187d2e27cb0, L_00000187d2e27df0, C4<0>, C4<0>;
L_00000187d2cb76e0 .functor AND 1, L_00000187d2e27e90, L_00000187d2cb8a20, C4<1>, C4<1>;
L_00000187d2cb6e90 .functor OR 1, L_00000187d2cb89b0, L_00000187d2cb76e0, C4<0>, C4<0>;
v00000187d2e02d70_0 .net *"_ivl_0", 0 0, L_00000187d2cb82b0;  1 drivers
v00000187d2e01d30_0 .net *"_ivl_4", 0 0, L_00000187d2cb89b0;  1 drivers
v00000187d2e01970_0 .net *"_ivl_6", 0 0, L_00000187d2cb8a20;  1 drivers
v00000187d2e01c90_0 .net *"_ivl_8", 0 0, L_00000187d2cb76e0;  1 drivers
v00000187d2e02410_0 .net "a", 0 0, L_00000187d2e27cb0;  1 drivers
v00000187d2e01bf0_0 .net "b", 0 0, L_00000187d2e27df0;  1 drivers
v00000187d2e02af0_0 .net "cin", 0 0, L_00000187d2e27e90;  1 drivers
v00000187d2e010b0_0 .net "cout", 0 0, L_00000187d2cb6e90;  1 drivers
v00000187d2e009d0_0 .net "sum", 0 0, L_00000187d2cb7520;  1 drivers
S_00000187d2e10c30 .scope generate, "fa_gen[28]" "fa_gen[28]" 9 17, 9 17 0, S_00000187d2dfee30;
 .timescale 0 0;
P_00000187d2d12be0 .param/l "i" 0 9 17, +C4<011100>;
S_00000187d2e10f50 .scope module, "fa" "full_adder" 9 18, 9 33 0, S_00000187d2e10c30;
 .timescale 0 0;
    .port_info 0 /INPUT 1 "a";
    .port_info 1 /INPUT 1 "b";
    .port_info 2 /INPUT 1 "cin";
    .port_info 3 /OUTPUT 1 "sum";
    .port_info 4 /OUTPUT 1 "cout";
L_00000187d2cb6f00 .functor XOR 1, L_00000187d2e28430, L_00000187d2e27f30, C4<0>, C4<0>;
L_00000187d2cb97b0 .functor XOR 1, L_00000187d2cb6f00, L_00000187d2e282f0, C4<0>, C4<0>;
L_00000187d2cb9200 .functor AND 1, L_00000187d2e28430, L_00000187d2e27f30, C4<1>, C4<1>;
L_00000187d2cb8c50 .functor XOR 1, L_00000187d2e28430, L_00000187d2e27f30, C4<0>, C4<0>;
L_00000187d2cb8cc0 .functor AND 1, L_00000187d2e282f0, L_00000187d2cb8c50, C4<1>, C4<1>;
L_00000187d2cb9350 .functor OR 1, L_00000187d2cb9200, L_00000187d2cb8cc0, C4<0>, C4<0>;
v00000187d2e02870_0 .net *"_ivl_0", 0 0, L_00000187d2cb6f00;  1 drivers
v00000187d2e01010_0 .net *"_ivl_4", 0 0, L_00000187d2cb9200;  1 drivers
v00000187d2e01470_0 .net *"_ivl_6", 0 0, L_00000187d2cb8c50;  1 drivers
v00000187d2e02190_0 .net *"_ivl_8", 0 0, L_00000187d2cb8cc0;  1 drivers
v00000187d2e02690_0 .net "a", 0 0, L_00000187d2e28430;  1 drivers
v00000187d2e02ff0_0 .net "b", 0 0, L_00000187d2e27f30;  1 drivers
v00000187d2e02910_0 .net "cin", 0 0, L_00000187d2e282f0;  1 drivers
v00000187d2e029b0_0 .net "cout", 0 0, L_00000187d2cb9350;  1 drivers
v00000187d2e01dd0_0 .net "sum", 0 0, L_00000187d2cb97b0;  1 drivers
S_00000187d2e110e0 .scope generate, "fa_gen[29]" "fa_gen[29]" 9 17, 9 17 0, S_00000187d2dfee30;
 .timescale 0 0;
P_00000187d2d12de0 .param/l "i" 0 9 17, +C4<011101>;
S_00000187d2e163b0 .scope module, "fa" "full_adder" 9 18, 9 33 0, S_00000187d2e110e0;
 .timescale 0 0;
    .port_info 0 /INPUT 1 "a";
    .port_info 1 /INPUT 1 "b";
    .port_info 2 /INPUT 1 "cin";
    .port_info 3 /OUTPUT 1 "sum";
    .port_info 4 /OUTPUT 1 "cout";
L_00000187d2cb9580 .functor XOR 1, L_00000187d2e28390, L_00000187d2e284d0, C4<0>, C4<0>;
L_00000187d2cb93c0 .functor XOR 1, L_00000187d2cb9580, L_00000187d2e28570, C4<0>, C4<0>;
L_00000187d2cb9510 .functor AND 1, L_00000187d2e28390, L_00000187d2e284d0, C4<1>, C4<1>;
L_00000187d2cb92e0 .functor XOR 1, L_00000187d2e28390, L_00000187d2e284d0, C4<0>, C4<0>;
L_00000187d2cb8be0 .functor AND 1, L_00000187d2e28570, L_00000187d2cb92e0, C4<1>, C4<1>;
L_00000187d2cb9890 .functor OR 1, L_00000187d2cb9510, L_00000187d2cb8be0, C4<0>, C4<0>;
v00000187d2e02e10_0 .net *"_ivl_0", 0 0, L_00000187d2cb9580;  1 drivers
v00000187d2e00cf0_0 .net *"_ivl_4", 0 0, L_00000187d2cb9510;  1 drivers
v00000187d2e013d0_0 .net *"_ivl_6", 0 0, L_00000187d2cb92e0;  1 drivers
v00000187d2e01290_0 .net *"_ivl_8", 0 0, L_00000187d2cb8be0;  1 drivers
v00000187d2e02b90_0 .net "a", 0 0, L_00000187d2e28390;  1 drivers
v00000187d2e024b0_0 .net "b", 0 0, L_00000187d2e284d0;  1 drivers
v00000187d2e01e70_0 .net "cin", 0 0, L_00000187d2e28570;  1 drivers
v00000187d2e00ed0_0 .net "cout", 0 0, L_00000187d2cb9890;  1 drivers
v00000187d2e01650_0 .net "sum", 0 0, L_00000187d2cb93c0;  1 drivers
S_00000187d2e14dd0 .scope generate, "fa_gen[30]" "fa_gen[30]" 9 17, 9 17 0, S_00000187d2dfee30;
 .timescale 0 0;
P_00000187d2d12c60 .param/l "i" 0 9 17, +C4<011110>;
S_00000187d2e17800 .scope module, "fa" "full_adder" 9 18, 9 33 0, S_00000187d2e14dd0;
 .timescale 0 0;
    .port_info 0 /INPUT 1 "a";
    .port_info 1 /INPUT 1 "b";
    .port_info 2 /INPUT 1 "cin";
    .port_info 3 /OUTPUT 1 "sum";
    .port_info 4 /OUTPUT 1 "cout";
L_00000187d2cb9660 .functor XOR 1, L_00000187d2e289d0, L_00000187d2e2bd10, C4<0>, C4<0>;
L_00000187d2cb8e10 .functor XOR 1, L_00000187d2cb9660, L_00000187d2e2b630, C4<0>, C4<0>;
L_00000187d2cb95f0 .functor AND 1, L_00000187d2e289d0, L_00000187d2e2bd10, C4<1>, C4<1>;
L_00000187d2cb9820 .functor XOR 1, L_00000187d2e289d0, L_00000187d2e2bd10, C4<0>, C4<0>;
L_00000187d2cb9430 .functor AND 1, L_00000187d2e2b630, L_00000187d2cb9820, C4<1>, C4<1>;
L_00000187d2cb8d30 .functor OR 1, L_00000187d2cb95f0, L_00000187d2cb9430, C4<0>, C4<0>;
v00000187d2e02a50_0 .net *"_ivl_0", 0 0, L_00000187d2cb9660;  1 drivers
v00000187d2e02cd0_0 .net *"_ivl_4", 0 0, L_00000187d2cb95f0;  1 drivers
v00000187d2e03090_0 .net *"_ivl_6", 0 0, L_00000187d2cb9820;  1 drivers
v00000187d2e00b10_0 .net *"_ivl_8", 0 0, L_00000187d2cb9430;  1 drivers
v00000187d2e02550_0 .net "a", 0 0, L_00000187d2e289d0;  1 drivers
v00000187d2e02050_0 .net "b", 0 0, L_00000187d2e2bd10;  1 drivers
v00000187d2e025f0_0 .net "cin", 0 0, L_00000187d2e2b630;  1 drivers
v00000187d2e011f0_0 .net "cout", 0 0, L_00000187d2cb8d30;  1 drivers
v00000187d2e016f0_0 .net "sum", 0 0, L_00000187d2cb8e10;  1 drivers
S_00000187d2e15be0 .scope generate, "fa_gen[31]" "fa_gen[31]" 9 17, 9 17 0, S_00000187d2dfee30;
 .timescale 0 0;
P_00000187d2d12d60 .param/l "i" 0 9 17, +C4<011111>;
S_00000187d2e166d0 .scope module, "fa" "full_adder" 9 18, 9 33 0, S_00000187d2e15be0;
 .timescale 0 0;
    .port_info 0 /INPUT 1 "a";
    .port_info 1 /INPUT 1 "b";
    .port_info 2 /INPUT 1 "cin";
    .port_info 3 /OUTPUT 1 "sum";
    .port_info 4 /OUTPUT 1 "cout";
L_00000187d2cb9740 .functor XOR 1, L_00000187d2e2a7d0, L_00000187d2e2a9b0, C4<0>, C4<0>;
L_00000187d2cb8f60 .functor XOR 1, L_00000187d2cb9740, L_00000187d2e2bbd0, C4<0>, C4<0>;
L_00000187d2cb9270 .functor AND 1, L_00000187d2e2a7d0, L_00000187d2e2a9b0, C4<1>, C4<1>;
L_00000187d2cb8b70 .functor XOR 1, L_00000187d2e2a7d0, L_00000187d2e2a9b0, C4<0>, C4<0>;
L_00000187d2cb94a0 .functor AND 1, L_00000187d2e2bbd0, L_00000187d2cb8b70, C4<1>, C4<1>;
L_00000187d2cb96d0 .functor OR 1, L_00000187d2cb9270, L_00000187d2cb94a0, C4<0>, C4<0>;
v00000187d2e02370_0 .net *"_ivl_0", 0 0, L_00000187d2cb9740;  1 drivers
v00000187d2e020f0_0 .net *"_ivl_4", 0 0, L_00000187d2cb9270;  1 drivers
v00000187d2e01330_0 .net *"_ivl_6", 0 0, L_00000187d2cb8b70;  1 drivers
v00000187d2e01790_0 .net *"_ivl_8", 0 0, L_00000187d2cb94a0;  1 drivers
v00000187d2e01830_0 .net "a", 0 0, L_00000187d2e2a7d0;  1 drivers
v00000187d2e018d0_0 .net "b", 0 0, L_00000187d2e2a9b0;  1 drivers
v00000187d2e02730_0 .net "cin", 0 0, L_00000187d2e2bbd0;  1 drivers
v00000187d2e027d0_0 .net "cout", 0 0, L_00000187d2cb96d0;  1 drivers
v00000187d2e02eb0_0 .net "sum", 0 0, L_00000187d2cb8f60;  1 drivers
S_00000187d2e17350 .scope module, "Y" "reg32" 15 41, 16 2 0, S_00000187d2dfe7f0;
 .timescale 0 0;
    .port_info 0 /INPUT 1 "clk";
    .port_info 1 /INPUT 1 "reset";
    .port_info 2 /INPUT 1 "en";
    .port_info 3 /INPUT 32 "d_in";
    .port_info 4 /OUTPUT 32 "d_out";
v00000187d2e04990_0 .net "clk", 0 0, v00000187d2e26310_0;  alias, 1 drivers
v00000187d2e03950_0 .net "d_in", 31 0, v00000187d2df2c80_0;  alias, 1 drivers
v00000187d2e04710_0 .var "d_out", 31 0;
v00000187d2e03bd0_0 .net "en", 0 0, v00000187d2cf3130_0;  alias, 1 drivers
v00000187d2e04b70_0 .net "reset", 0 0, v00000187d2e27850_0;  alias, 1 drivers
S_00000187d2e17cb0 .scope module, "ZHIGH" "reg32" 15 49, 16 2 0, S_00000187d2dfe7f0;
 .timescale 0 0;
    .port_info 0 /INPUT 1 "clk";
    .port_info 1 /INPUT 1 "reset";
    .port_info 2 /INPUT 1 "en";
    .port_info 3 /INPUT 32 "d_in";
    .port_info 4 /OUTPUT 32 "d_out";
v00000187d2e047b0_0 .net "clk", 0 0, v00000187d2e26310_0;  alias, 1 drivers
v00000187d2e031d0_0 .net "d_in", 31 0, v00000187d2df2c80_0;  alias, 1 drivers
v00000187d2e04a30_0 .var "d_out", 31 0;
v00000187d2e04210_0 .net "en", 0 0, L_00000187d2e39ab8;  alias, 1 drivers
v00000187d2e033b0_0 .net "reset", 0 0, v00000187d2e27850_0;  alias, 1 drivers
S_00000187d2e15d70 .scope module, "ZLOW" "reg32" 15 57, 16 2 0, S_00000187d2dfe7f0;
 .timescale 0 0;
    .port_info 0 /INPUT 1 "clk";
    .port_info 1 /INPUT 1 "reset";
    .port_info 2 /INPUT 1 "en";
    .port_info 3 /INPUT 32 "d_in";
    .port_info 4 /OUTPUT 32 "d_out";
v00000187d2e04350_0 .net "clk", 0 0, v00000187d2e26310_0;  alias, 1 drivers
v00000187d2e03450_0 .net "d_in", 31 0, v00000187d2df2c80_0;  alias, 1 drivers
v00000187d2e056b0_0 .var "d_out", 31 0;
v00000187d2e03630_0 .net "en", 0 0, L_00000187d2e39b00;  alias, 1 drivers
v00000187d2e04c10_0 .net "reset", 0 0, v00000187d2e27850_0;  alias, 1 drivers
S_00000187d2e16d10 .scope module, "mdr_inst" "mdr" 5 140, 18 2 0, S_00000187d2d432c0;
 .timescale 0 0;
    .port_info 0 /INPUT 1 "clk";
    .port_info 1 /INPUT 1 "reset";
    .port_info 2 /INPUT 1 "MDRin";
    .port_info 3 /INPUT 1 "Read";
    .port_info 4 /INPUT 32 "BusMuxOut";
    .port_info 5 /INPUT 32 "Mdatain";
    .port_info 6 /OUTPUT 32 "MDR_val";
v00000187d2e05110_0 .net "BusMuxOut", 31 0, v00000187d2df2c80_0;  alias, 1 drivers
v00000187d2e03b30_0 .var "MDR_val", 31 0;
v00000187d2e051b0_0 .net "MDRin", 0 0, v00000187d2cf33b0_0;  alias, 1 drivers
v00000187d2e05250_0 .net "Mdatain", 31 0, L_00000187d2e2ac30;  alias, 1 drivers
v00000187d2e05890_0 .net "Read", 0 0, v00000187d2cf2d70_0;  alias, 1 drivers
v00000187d2e03130_0 .net "clk", 0 0, v00000187d2e26310_0;  alias, 1 drivers
v00000187d2e040d0_0 .net "reset", 0 0, v00000187d2e27850_0;  alias, 1 drivers
S_00000187d2e17030 .scope module, "mux_encoder_inst" "mux_encoder" 5 184, 13 66 0, S_00000187d2d432c0;
 .timescale 0 0;
    .port_info 0 /INPUT 16 "Rout_decoded";
    .port_info 1 /INPUT 5 "other_sel";
    .port_info 2 /OUTPUT 5 "mux_sel";
v00000187d2e03810_0 .net "Rout_decoded", 15 0, L_00000187d2cb8b00;  alias, 1 drivers
v00000187d2e039f0_0 .var "mux_sel", 4 0;
v00000187d2e03a90_0 .net "other_sel", 4 0, v00000187d2cf3bd0_0;  alias, 1 drivers
E_00000187d2d130e0 .event anyedge, v00000187d2e03810_0, v00000187d2cf3bd0_0;
S_00000187d2e16540 .scope module, "outport_inst" "outport" 5 207, 14 1 0, S_00000187d2d432c0;
 .timescale 0 0;
    .port_info 0 /INPUT 1 "clk";
    .port_info 1 /INPUT 1 "reset";
    .port_info 2 /INPUT 1 "outport_in";
    .port_info 3 /INPUT 32 "BusMuxOut";
    .port_info 4 /OUTPUT 32 "outport_val";
v00000187d2e03c70_0 .net "BusMuxOut", 31 0, v00000187d2df2c80_0;  alias, 1 drivers
v00000187d2e03d10_0 .net "clk", 0 0, v00000187d2e26310_0;  alias, 1 drivers
v00000187d2e03e50_0 .net "outport_in", 0 0, v00000187d2cf2cd0_0;  alias, 1 drivers
v00000187d2e03f90_0 .var "outport_val", 31 0;
v00000187d2e04170_0 .net "reset", 0 0, v00000187d2e27850_0;  alias, 1 drivers
S_00000187d2e15f00 .scope module, "ram_inst" "ram" 5 152, 19 5 0, S_00000187d2d432c0;
 .timescale 0 0;
    .port_info 0 /INPUT 1 "clk";
    .port_info 1 /INPUT 1 "ram_read";
    .port_info 2 /INPUT 1 "ram_en";
    .port_info 3 /INPUT 9 "ram_addr";
    .port_info 4 /INPUT 32 "ram_in";
    .port_info 5 /OUTPUT 32 "ram_val";
L_00000187d2cb8e80 .functor AND 1, v00000187d2cf4170_0, v00000187d2cf2d70_0, C4<1>, C4<1>;
v00000187d2e1c770_0 .net *"_ivl_1", 0 0, L_00000187d2cb8e80;  1 drivers
v00000187d2e1ce50_0 .net *"_ivl_2", 31 0, L_00000187d2e2b6d0;  1 drivers
v00000187d2e1cef0_0 .net *"_ivl_4", 10 0, L_00000187d2e2b310;  1 drivers
L_00000187d2e39b48 .functor BUFT 1, C4<00>, C4<0>, C4<0>, C4<0>;
v00000187d2e1cc70_0 .net *"_ivl_7", 1 0, L_00000187d2e39b48;  1 drivers
L_00000187d2e39b90 .functor BUFT 1, C4<00000000000000000000000000000000>, C4<0>, C4<0>, C4<0>;
v00000187d2e1c270_0 .net/2u *"_ivl_8", 31 0, L_00000187d2e39b90;  1 drivers
v00000187d2e1b910_0 .net "clk", 0 0, v00000187d2e26310_0;  alias, 1 drivers
v00000187d2e1d3f0 .array "mem", 511 0, 31 0;
v00000187d2e1c810_0 .net "ram_addr", 8 0, L_00000187d2e2b1d0;  1 drivers
v00000187d2e1c630_0 .net "ram_en", 0 0, v00000187d2cf4170_0;  alias, 1 drivers
v00000187d2e1bf50_0 .net "ram_in", 31 0, v00000187d2df2c80_0;  alias, 1 drivers
v00000187d2e1bb90_0 .net "ram_read", 0 0, v00000187d2cf2d70_0;  alias, 1 drivers
v00000187d2e1d670_0 .net "ram_val", 31 0, L_00000187d2e2ac30;  alias, 1 drivers
L_00000187d2e2b6d0 .array/port v00000187d2e1d3f0, L_00000187d2e2b310;
L_00000187d2e2b310 .concat [ 9 2 0 0], L_00000187d2e2b1d0, L_00000187d2e39b48;
L_00000187d2e2ac30 .functor MUXZ 32, L_00000187d2e39b90, L_00000187d2e2b6d0, L_00000187d2cb8e80, C4<>;
S_00000187d2e17990 .scope module, "rf" "regfile16" 5 105, 16 40 0, S_00000187d2d432c0;
 .timescale 0 0;
    .port_info 0 /INPUT 1 "clk";
    .port_info 1 /INPUT 1 "reset";
    .port_info 2 /INPUT 1 "r0_zeroes";
    .port_info 3 /INPUT 16 "rin";
    .port_info 4 /INPUT 32 "bus";
    .port_info 5 /OUTPUT 32 "r0_out";
    .port_info 6 /OUTPUT 32 "r1_out";
    .port_info 7 /OUTPUT 32 "r2_out";
    .port_info 8 /OUTPUT 32 "r3_out";
    .port_info 9 /OUTPUT 32 "r4_out";
    .port_info 10 /OUTPUT 32 "r5_out";
    .port_info 11 /OUTPUT 32 "r6_out";
    .port_info 12 /OUTPUT 32 "r7_out";
    .port_info 13 /OUTPUT 32 "r8_out";
    .port_info 14 /OUTPUT 32 "r9_out";
    .port_info 15 /OUTPUT 32 "r10_out";
    .port_info 16 /OUTPUT 32 "r11_out";
    .port_info 17 /OUTPUT 32 "r12_out";
    .port_info 18 /OUTPUT 32 "r13_out";
    .port_info 19 /OUTPUT 32 "r14_out";
    .port_info 20 /OUTPUT 32 "r15_out";
v00000187d2e1f010_0 .net "bus", 31 0, v00000187d2df2c80_0;  alias, 1 drivers
v00000187d2e1f830_0 .net "clk", 0 0, v00000187d2e26310_0;  alias, 1 drivers
v00000187d2e1f290_0 .net "r0_out", 31 0, L_00000187d2e25550;  alias, 1 drivers
v00000187d2e1e070_0 .net "r0_zeroes", 0 0, L_00000187d2cb8ef0;  alias, 1 drivers
v00000187d2e1e1b0_0 .net "r10_out", 31 0, v00000187d2e1be10_0;  alias, 1 drivers
v00000187d2e1de90_0 .net "r11_out", 31 0, v00000187d2e1d030_0;  alias, 1 drivers
v00000187d2e1ebb0_0 .net "r12_out", 31 0, v00000187d2e1b870_0;  alias, 1 drivers
v00000187d2e1e4d0_0 .net "r13_out", 31 0, v00000187d2e1cbd0_0;  alias, 1 drivers
v00000187d2e1f6f0_0 .net "r14_out", 31 0, v00000187d2e1d490_0;  alias, 1 drivers
v00000187d2e1f5b0_0 .net "r15_out", 31 0, v00000187d2e1d530_0;  alias, 1 drivers
v00000187d2e1fb50_0 .net "r1_out", 31 0, v00000187d2e1d5d0_0;  alias, 1 drivers
v00000187d2e1e2f0_0 .net "r2_out", 31 0, v00000187d2e1b190_0;  alias, 1 drivers
v00000187d2e1ffb0_0 .net "r3_out", 31 0, v00000187d2e1b7d0_0;  alias, 1 drivers
v00000187d2e1d990_0 .net "r4_out", 31 0, v00000187d2e1e750_0;  alias, 1 drivers
v00000187d2e1e610_0 .net "r5_out", 31 0, v00000187d2e1e110_0;  alias, 1 drivers
v00000187d2e1ec50_0 .net "r6_out", 31 0, v00000187d2e1f8d0_0;  alias, 1 drivers
v00000187d2e1df30_0 .net "r7_out", 31 0, v00000187d2e1eed0_0;  alias, 1 drivers
v00000187d2e1da30_0 .net "r8_out", 31 0, v00000187d2e1fe70_0;  alias, 1 drivers
v00000187d2e1f330_0 .net "r9_out", 31 0, v00000187d2e1fab0_0;  alias, 1 drivers
v00000187d2e1ed90_0 .net "reset", 0 0, v00000187d2e27850_0;  alias, 1 drivers
v00000187d2e1fbf0_0 .net "rin", 15 0, L_00000187d2cb3930;  1 drivers
L_00000187d2e25190 .part L_00000187d2cb3930, 0, 1;
L_00000187d2e26a90 .part L_00000187d2cb3930, 1, 1;
L_00000187d2e273f0 .part L_00000187d2cb3930, 2, 1;
L_00000187d2e270d0 .part L_00000187d2cb3930, 3, 1;
L_00000187d2e25230 .part L_00000187d2cb3930, 4, 1;
L_00000187d2e25eb0 .part L_00000187d2cb3930, 5, 1;
L_00000187d2e26270 .part L_00000187d2cb3930, 6, 1;
L_00000187d2e26090 .part L_00000187d2cb3930, 7, 1;
L_00000187d2e259b0 .part L_00000187d2cb3930, 8, 1;
L_00000187d2e25f50 .part L_00000187d2cb3930, 9, 1;
L_00000187d2e255f0 .part L_00000187d2cb3930, 10, 1;
L_00000187d2e25690 .part L_00000187d2cb3930, 11, 1;
L_00000187d2e27710 .part L_00000187d2cb3930, 12, 1;
L_00000187d2e252d0 .part L_00000187d2cb3930, 13, 1;
L_00000187d2e26b30 .part L_00000187d2cb3930, 14, 1;
L_00000187d2e25ff0 .part L_00000187d2cb3930, 15, 1;
S_00000187d2e17e40 .scope module, "r0" "reg32_r0" 16 65, 16 19 0, S_00000187d2e17990;
 .timescale 0 0;
    .port_info 0 /INPUT 1 "clk";
    .port_info 1 /INPUT 1 "reset";
    .port_info 2 /INPUT 1 "en";
    .port_info 3 /INPUT 1 "r0_zeroes";
    .port_info 4 /INPUT 32 "d_in";
    .port_info 5 /OUTPUT 32 "d_out";
L_00000187d2e39950 .functor BUFT 1, C4<00000000000000000000000000000000>, C4<0>, C4<0>, C4<0>;
v00000187d2e1bcd0_0 .net/2u *"_ivl_0", 31 0, L_00000187d2e39950;  1 drivers
v00000187d2e1c9f0_0 .net "clk", 0 0, v00000187d2e26310_0;  alias, 1 drivers
v00000187d2e1b690_0 .var "d", 31 0;
v00000187d2e1d850_0 .net "d_in", 31 0, v00000187d2df2c80_0;  alias, 1 drivers
v00000187d2e1d170_0 .net "d_out", 31 0, L_00000187d2e25550;  alias, 1 drivers
v00000187d2e1c590_0 .net "en", 0 0, L_00000187d2e25190;  1 drivers
v00000187d2e1c3b0_0 .net "r0_zeroes", 0 0, L_00000187d2cb8ef0;  alias, 1 drivers
v00000187d2e1bc30_0 .net "reset", 0 0, v00000187d2e27850_0;  alias, 1 drivers
L_00000187d2e25550 .functor MUXZ 32, v00000187d2e1b690_0, L_00000187d2e39950, L_00000187d2cb8ef0, C4<>;
S_00000187d2e17fd0 .scope module, "r1" "reg32" 16 73, 16 2 0, S_00000187d2e17990;
 .timescale 0 0;
    .port_info 0 /INPUT 1 "clk";
    .port_info 1 /INPUT 1 "reset";
    .port_info 2 /INPUT 1 "en";
    .port_info 3 /INPUT 32 "d_in";
    .port_info 4 /OUTPUT 32 "d_out";
v00000187d2e1c310_0 .net "clk", 0 0, v00000187d2e26310_0;  alias, 1 drivers
v00000187d2e1bd70_0 .net "d_in", 31 0, v00000187d2df2c80_0;  alias, 1 drivers
v00000187d2e1d5d0_0 .var "d_out", 31 0;
v00000187d2e1b550_0 .net "en", 0 0, L_00000187d2e26a90;  1 drivers
v00000187d2e1c090_0 .net "reset", 0 0, v00000187d2e27850_0;  alias, 1 drivers
S_00000187d2e16860 .scope module, "r10" "reg32" 16 136, 16 2 0, S_00000187d2e17990;
 .timescale 0 0;
    .port_info 0 /INPUT 1 "clk";
    .port_info 1 /INPUT 1 "reset";
    .port_info 2 /INPUT 1 "en";
    .port_info 3 /INPUT 32 "d_in";
    .port_info 4 /OUTPUT 32 "d_out";
v00000187d2e1c450_0 .net "clk", 0 0, v00000187d2e26310_0;  alias, 1 drivers
v00000187d2e1beb0_0 .net "d_in", 31 0, v00000187d2df2c80_0;  alias, 1 drivers
v00000187d2e1be10_0 .var "d_out", 31 0;
v00000187d2e1c6d0_0 .net "en", 0 0, L_00000187d2e255f0;  1 drivers
v00000187d2e1c950_0 .net "reset", 0 0, v00000187d2e27850_0;  alias, 1 drivers
S_00000187d2e18480 .scope module, "r11" "reg32" 16 143, 16 2 0, S_00000187d2e17990;
 .timescale 0 0;
    .port_info 0 /INPUT 1 "clk";
    .port_info 1 /INPUT 1 "reset";
    .port_info 2 /INPUT 1 "en";
    .port_info 3 /INPUT 32 "d_in";
    .port_info 4 /OUTPUT 32 "d_out";
v00000187d2e1ca90_0 .net "clk", 0 0, v00000187d2e26310_0;  alias, 1 drivers
v00000187d2e1b2d0_0 .net "d_in", 31 0, v00000187d2df2c80_0;  alias, 1 drivers
v00000187d2e1d030_0 .var "d_out", 31 0;
v00000187d2e1c4f0_0 .net "en", 0 0, L_00000187d2e25690;  1 drivers
v00000187d2e1d8f0_0 .net "reset", 0 0, v00000187d2e27850_0;  alias, 1 drivers
S_00000187d2e17670 .scope module, "r12" "reg32" 16 150, 16 2 0, S_00000187d2e17990;
 .timescale 0 0;
    .port_info 0 /INPUT 1 "clk";
    .port_info 1 /INPUT 1 "reset";
    .port_info 2 /INPUT 1 "en";
    .port_info 3 /INPUT 32 "d_in";
    .port_info 4 /OUTPUT 32 "d_out";
v00000187d2e1cd10_0 .net "clk", 0 0, v00000187d2e26310_0;  alias, 1 drivers
v00000187d2e1d210_0 .net "d_in", 31 0, v00000187d2df2c80_0;  alias, 1 drivers
v00000187d2e1b870_0 .var "d_out", 31 0;
v00000187d2e1c1d0_0 .net "en", 0 0, L_00000187d2e27710;  1 drivers
v00000187d2e1c8b0_0 .net "reset", 0 0, v00000187d2e27850_0;  alias, 1 drivers
S_00000187d2e169f0 .scope module, "r13" "reg32" 16 157, 16 2 0, S_00000187d2e17990;
 .timescale 0 0;
    .port_info 0 /INPUT 1 "clk";
    .port_info 1 /INPUT 1 "reset";
    .port_info 2 /INPUT 1 "en";
    .port_info 3 /INPUT 32 "d_in";
    .port_info 4 /OUTPUT 32 "d_out";
v00000187d2e1cb30_0 .net "clk", 0 0, v00000187d2e26310_0;  alias, 1 drivers
v00000187d2e1cdb0_0 .net "d_in", 31 0, v00000187d2df2c80_0;  alias, 1 drivers
v00000187d2e1cbd0_0 .var "d_out", 31 0;
v00000187d2e1b9b0_0 .net "en", 0 0, L_00000187d2e252d0;  1 drivers
v00000187d2e1b5f0_0 .net "reset", 0 0, v00000187d2e27850_0;  alias, 1 drivers
S_00000187d2e15280 .scope module, "r14" "reg32" 16 164, 16 2 0, S_00000187d2e17990;
 .timescale 0 0;
    .port_info 0 /INPUT 1 "clk";
    .port_info 1 /INPUT 1 "reset";
    .port_info 2 /INPUT 1 "en";
    .port_info 3 /INPUT 32 "d_in";
    .port_info 4 /OUTPUT 32 "d_out";
v00000187d2e1cf90_0 .net "clk", 0 0, v00000187d2e26310_0;  alias, 1 drivers
v00000187d2e1bff0_0 .net "d_in", 31 0, v00000187d2df2c80_0;  alias, 1 drivers
v00000187d2e1d490_0 .var "d_out", 31 0;
v00000187d2e1b230_0 .net "en", 0 0, L_00000187d2e26b30;  1 drivers
v00000187d2e1d0d0_0 .net "reset", 0 0, v00000187d2e27850_0;  alias, 1 drivers
S_00000187d2e16b80 .scope module, "r15" "reg32" 16 171, 16 2 0, S_00000187d2e17990;
 .timescale 0 0;
    .port_info 0 /INPUT 1 "clk";
    .port_info 1 /INPUT 1 "reset";
    .port_info 2 /INPUT 1 "en";
    .port_info 3 /INPUT 32 "d_in";
    .port_info 4 /OUTPUT 32 "d_out";
v00000187d2e1d2b0_0 .net "clk", 0 0, v00000187d2e26310_0;  alias, 1 drivers
v00000187d2e1d350_0 .net "d_in", 31 0, v00000187d2df2c80_0;  alias, 1 drivers
v00000187d2e1d530_0 .var "d_out", 31 0;
v00000187d2e1ba50_0 .net "en", 0 0, L_00000187d2e25ff0;  1 drivers
v00000187d2e1b730_0 .net "reset", 0 0, v00000187d2e27850_0;  alias, 1 drivers
S_00000187d2e15410 .scope module, "r2" "reg32" 16 80, 16 2 0, S_00000187d2e17990;
 .timescale 0 0;
    .port_info 0 /INPUT 1 "clk";
    .port_info 1 /INPUT 1 "reset";
    .port_info 2 /INPUT 1 "en";
    .port_info 3 /INPUT 32 "d_in";
    .port_info 4 /OUTPUT 32 "d_out";
v00000187d2e1d710_0 .net "clk", 0 0, v00000187d2e26310_0;  alias, 1 drivers
v00000187d2e1d7b0_0 .net "d_in", 31 0, v00000187d2df2c80_0;  alias, 1 drivers
v00000187d2e1b190_0 .var "d_out", 31 0;
v00000187d2e1b370_0 .net "en", 0 0, L_00000187d2e273f0;  1 drivers
v00000187d2e1b410_0 .net "reset", 0 0, v00000187d2e27850_0;  alias, 1 drivers
S_00000187d2e14ab0 .scope module, "r3" "reg32" 16 87, 16 2 0, S_00000187d2e17990;
 .timescale 0 0;
    .port_info 0 /INPUT 1 "clk";
    .port_info 1 /INPUT 1 "reset";
    .port_info 2 /INPUT 1 "en";
    .port_info 3 /INPUT 32 "d_in";
    .port_info 4 /OUTPUT 32 "d_out";
v00000187d2e1c130_0 .net "clk", 0 0, v00000187d2e26310_0;  alias, 1 drivers
v00000187d2e1b4b0_0 .net "d_in", 31 0, v00000187d2df2c80_0;  alias, 1 drivers
v00000187d2e1b7d0_0 .var "d_out", 31 0;
v00000187d2e1baf0_0 .net "en", 0 0, L_00000187d2e270d0;  1 drivers
v00000187d2e1ff10_0 .net "reset", 0 0, v00000187d2e27850_0;  alias, 1 drivers
S_00000187d2e150f0 .scope module, "r4" "reg32" 16 94, 16 2 0, S_00000187d2e17990;
 .timescale 0 0;
    .port_info 0 /INPUT 1 "clk";
    .port_info 1 /INPUT 1 "reset";
    .port_info 2 /INPUT 1 "en";
    .port_info 3 /INPUT 32 "d_in";
    .port_info 4 /OUTPUT 32 "d_out";
v00000187d2e1f0b0_0 .net "clk", 0 0, v00000187d2e26310_0;  alias, 1 drivers
v00000187d2e1f150_0 .net "d_in", 31 0, v00000187d2df2c80_0;  alias, 1 drivers
v00000187d2e1e750_0 .var "d_out", 31 0;
v00000187d2e1dd50_0 .net "en", 0 0, L_00000187d2e25230;  1 drivers
v00000187d2e1fc90_0 .net "reset", 0 0, v00000187d2e27850_0;  alias, 1 drivers
S_00000187d2e16ea0 .scope module, "r5" "reg32" 16 101, 16 2 0, S_00000187d2e17990;
 .timescale 0 0;
    .port_info 0 /INPUT 1 "clk";
    .port_info 1 /INPUT 1 "reset";
    .port_info 2 /INPUT 1 "en";
    .port_info 3 /INPUT 32 "d_in";
    .port_info 4 /OUTPUT 32 "d_out";
v00000187d2e1e250_0 .net "clk", 0 0, v00000187d2e26310_0;  alias, 1 drivers
v00000187d2e1f510_0 .net "d_in", 31 0, v00000187d2df2c80_0;  alias, 1 drivers
v00000187d2e1e110_0 .var "d_out", 31 0;
v00000187d2e1f970_0 .net "en", 0 0, L_00000187d2e25eb0;  1 drivers
v00000187d2e1ee30_0 .net "reset", 0 0, v00000187d2e27850_0;  alias, 1 drivers
S_00000187d2e171c0 .scope module, "r6" "reg32" 16 108, 16 2 0, S_00000187d2e17990;
 .timescale 0 0;
    .port_info 0 /INPUT 1 "clk";
    .port_info 1 /INPUT 1 "reset";
    .port_info 2 /INPUT 1 "en";
    .port_info 3 /INPUT 32 "d_in";
    .port_info 4 /OUTPUT 32 "d_out";
v00000187d2e1fd30_0 .net "clk", 0 0, v00000187d2e26310_0;  alias, 1 drivers
v00000187d2e1fdd0_0 .net "d_in", 31 0, v00000187d2df2c80_0;  alias, 1 drivers
v00000187d2e1f8d0_0 .var "d_out", 31 0;
v00000187d2e1dfd0_0 .net "en", 0 0, L_00000187d2e26270;  1 drivers
v00000187d2e1f1f0_0 .net "reset", 0 0, v00000187d2e27850_0;  alias, 1 drivers
S_00000187d2e155a0 .scope module, "r7" "reg32" 16 115, 16 2 0, S_00000187d2e17990;
 .timescale 0 0;
    .port_info 0 /INPUT 1 "clk";
    .port_info 1 /INPUT 1 "reset";
    .port_info 2 /INPUT 1 "en";
    .port_info 3 /INPUT 32 "d_in";
    .port_info 4 /OUTPUT 32 "d_out";
v00000187d2e20050_0 .net "clk", 0 0, v00000187d2e26310_0;  alias, 1 drivers
v00000187d2e1fa10_0 .net "d_in", 31 0, v00000187d2df2c80_0;  alias, 1 drivers
v00000187d2e1eed0_0 .var "d_out", 31 0;
v00000187d2e1e430_0 .net "en", 0 0, L_00000187d2e26090;  1 drivers
v00000187d2e200f0_0 .net "reset", 0 0, v00000187d2e27850_0;  alias, 1 drivers
S_00000187d2e174e0 .scope module, "r8" "reg32" 16 122, 16 2 0, S_00000187d2e17990;
 .timescale 0 0;
    .port_info 0 /INPUT 1 "clk";
    .port_info 1 /INPUT 1 "reset";
    .port_info 2 /INPUT 1 "en";
    .port_info 3 /INPUT 32 "d_in";
    .port_info 4 /OUTPUT 32 "d_out";
v00000187d2e1ea70_0 .net "clk", 0 0, v00000187d2e26310_0;  alias, 1 drivers
v00000187d2e1e570_0 .net "d_in", 31 0, v00000187d2df2c80_0;  alias, 1 drivers
v00000187d2e1fe70_0 .var "d_out", 31 0;
v00000187d2e1ddf0_0 .net "en", 0 0, L_00000187d2e259b0;  1 drivers
v00000187d2e1e890_0 .net "reset", 0 0, v00000187d2e27850_0;  alias, 1 drivers
S_00000187d2e17b20 .scope module, "r9" "reg32" 16 129, 16 2 0, S_00000187d2e17990;
 .timescale 0 0;
    .port_info 0 /INPUT 1 "clk";
    .port_info 1 /INPUT 1 "reset";
    .port_info 2 /INPUT 1 "en";
    .port_info 3 /INPUT 32 "d_in";
    .port_info 4 /OUTPUT 32 "d_out";
v00000187d2e1f470_0 .net "clk", 0 0, v00000187d2e26310_0;  alias, 1 drivers
v00000187d2e1e9d0_0 .net "d_in", 31 0, v00000187d2df2c80_0;  alias, 1 drivers
v00000187d2e1fab0_0 .var "d_out", 31 0;
v00000187d2e1ef70_0 .net "en", 0 0, L_00000187d2e25f50;  1 drivers
v00000187d2e1eb10_0 .net "reset", 0 0, v00000187d2e27850_0;  alias, 1 drivers
S_00000187d2e14f60 .scope module, "select_encode_inst" "select_encode" 5 161, 13 1 0, S_00000187d2d432c0;
 .timescale 0 0;
    .port_info 0 /INPUT 32 "IRin";
    .port_info 1 /INPUT 1 "Gra";
    .port_info 2 /INPUT 1 "Grb";
    .port_info 3 /INPUT 1 "Grc";
    .port_info 4 /INPUT 1 "Rin";
    .port_info 5 /INPUT 1 "Rout";
    .port_info 6 /INPUT 1 "BAout";
    .port_info 7 /OUTPUT 16 "Rin_decoded";
    .port_info 8 /OUTPUT 16 "Rout_decoded";
    .port_info 9 /OUTPUT 1 "BAout_R0";
L_00000187d2cb8a90 .functor AND 16, v00000187d2e20730_0, L_00000187d2e2be50, C4<1111111111111111>, C4<1111111111111111>;
L_00000187d2cb8b00 .functor AND 16, v00000187d2e20730_0, L_00000187d2e2a4b0, C4<1111111111111111>, C4<1111111111111111>;
L_00000187d2cb8ef0 .functor AND 1, v00000187d2cf3310_0, L_00000187d2e2b3b0, C4<1>, C4<1>;
v00000187d2e1e390_0 .net "BAout", 0 0, v00000187d2cf3310_0;  alias, 1 drivers
v00000187d2e1f3d0_0 .net "BAout_R0", 0 0, L_00000187d2cb8ef0;  alias, 1 drivers
v00000187d2e1e6b0_0 .net "Gra", 0 0, v00000187d2cf2f50_0;  alias, 1 drivers
v00000187d2e1ecf0_0 .net "Grb", 0 0, v00000187d2cf22d0_0;  alias, 1 drivers
v00000187d2e1e7f0_0 .net "Grc", 0 0, v00000187d2cf45d0_0;  alias, 1 drivers
v00000187d2e1f650_0 .net "IRin", 31 0, v00000187d2e06e70_0;  alias, 1 drivers
v00000187d2e1f790_0 .net "Ra", 3 0, L_00000187d2e2b590;  1 drivers
v00000187d2e1db70_0 .net "Rb", 3 0, L_00000187d2e2ae10;  1 drivers
v00000187d2e1dad0_0 .net "Rc", 3 0, L_00000187d2e2bdb0;  1 drivers
v00000187d2e1dc10_0 .net "Rin", 0 0, v00000187d2cf3ef0_0;  alias, 1 drivers
v00000187d2e1dcb0_0 .net "Rin_decoded", 15 0, L_00000187d2cb8a90;  alias, 1 drivers
v00000187d2e1e930_0 .net "Rout", 0 0, v00000187d2cf4990_0;  alias, 1 drivers
v00000187d2e22210_0 .net "Rout_decoded", 15 0, L_00000187d2cb8b00;  alias, 1 drivers
v00000187d2e20870_0 .net *"_ivl_10", 3 0, L_00000187d2e2bc70;  1 drivers
v00000187d2e21310_0 .net *"_ivl_14", 15 0, L_00000187d2e2be50;  1 drivers
v00000187d2e220d0_0 .net *"_ivl_18", 15 0, L_00000187d2e2a4b0;  1 drivers
v00000187d2e20230_0 .net *"_ivl_23", 0 0, L_00000187d2e2b3b0;  1 drivers
L_00000187d2e39bd8 .functor BUFT 1, C4<0000>, C4<0>, C4<0>, C4<0>;
v00000187d2e21ef0_0 .net/2u *"_ivl_6", 3 0, L_00000187d2e39bd8;  1 drivers
v00000187d2e22350_0 .net *"_ivl_8", 3 0, L_00000187d2e2c3f0;  1 drivers
v00000187d2e20730_0 .var "decoded", 15 0;
v00000187d2e21f90_0 .net "reg_sel", 3 0, L_00000187d2e2a550;  1 drivers
E_00000187d2d127a0 .event anyedge, v00000187d2e21f90_0;
L_00000187d2e2b590 .part v00000187d2e06e70_0, 23, 4;
L_00000187d2e2ae10 .part v00000187d2e06e70_0, 19, 4;
L_00000187d2e2bdb0 .part v00000187d2e06e70_0, 15, 4;
L_00000187d2e2c3f0 .functor MUXZ 4, L_00000187d2e39bd8, L_00000187d2e2bdb0, v00000187d2cf45d0_0, C4<>;
L_00000187d2e2bc70 .functor MUXZ 4, L_00000187d2e2c3f0, L_00000187d2e2ae10, v00000187d2cf22d0_0, C4<>;
L_00000187d2e2a550 .functor MUXZ 4, L_00000187d2e2bc70, L_00000187d2e2b590, v00000187d2cf2f50_0, C4<>;
LS_00000187d2e2be50_0_0 .concat [ 1 1 1 1], v00000187d2cf3ef0_0, v00000187d2cf3ef0_0, v00000187d2cf3ef0_0, v00000187d2cf3ef0_0;
LS_00000187d2e2be50_0_4 .concat [ 1 1 1 1], v00000187d2cf3ef0_0, v00000187d2cf3ef0_0, v00000187d2cf3ef0_0, v00000187d2cf3ef0_0;
LS_00000187d2e2be50_0_8 .concat [ 1 1 1 1], v00000187d2cf3ef0_0, v00000187d2cf3ef0_0, v00000187d2cf3ef0_0, v00000187d2cf3ef0_0;
LS_00000187d2e2be50_0_12 .concat [ 1 1 1 1], v00000187d2cf3ef0_0, v00000187d2cf3ef0_0, v00000187d2cf3ef0_0, v00000187d2cf3ef0_0;
L_00000187d2e2be50 .concat [ 4 4 4 4], LS_00000187d2e2be50_0_0, LS_00000187d2e2be50_0_4, LS_00000187d2e2be50_0_8, LS_00000187d2e2be50_0_12;
LS_00000187d2e2a4b0_0_0 .concat [ 1 1 1 1], v00000187d2cf4990_0, v00000187d2cf4990_0, v00000187d2cf4990_0, v00000187d2cf4990_0;
LS_00000187d2e2a4b0_0_4 .concat [ 1 1 1 1], v00000187d2cf4990_0, v00000187d2cf4990_0, v00000187d2cf4990_0, v00000187d2cf4990_0;
LS_00000187d2e2a4b0_0_8 .concat [ 1 1 1 1], v00000187d2cf4990_0, v00000187d2cf4990_0, v00000187d2cf4990_0, v00000187d2cf4990_0;
LS_00000187d2e2a4b0_0_12 .concat [ 1 1 1 1], v00000187d2cf4990_0, v00000187d2cf4990_0, v00000187d2cf4990_0, v00000187d2cf4990_0;
L_00000187d2e2a4b0 .concat [ 4 4 4 4], LS_00000187d2e2a4b0_0_0, LS_00000187d2e2a4b0_0_4, LS_00000187d2e2a4b0_0_8, LS_00000187d2e2a4b0_0_12;
L_00000187d2e2b3b0 .part v00000187d2e20730_0, 0, 1;
S_00000187d2e18160 .scope begin, "check" "check" 2 108, 2 108 0, S_00000187d2d423b0;
 .timescale -9 -11;
v00000187d2e25050_0 .var "pass", 0 0;
S_00000187d2e15730 .scope task, "dump_memory" "dump_memory" 2 51, 2 51 0, S_00000187d2d423b0;
 .timescale -9 -11;
v00000187d2e250f0_0 .var/i "fd", 31 0;
v00000187d2e22990_0 .var "filename", 255 0;
v00000187d2e23c50_0 .var/i "i", 31 0;
TD_cpu_tb.dump_memory ;
    %vpi_func 2 55 "$fopen" 32, v00000187d2e22990_0, "w" {0 0 0};
    %store/vec4 v00000187d2e250f0_0, 0, 32;
    %pushi/vec4 0, 0, 32;
    %store/vec4 v00000187d2e23c50_0, 0, 32;
T_0.0 ;
    %load/vec4 v00000187d2e23c50_0;
    %cmpi/s 512, 0, 32;
    %jmp/0xz T_0.1, 5;
    %vpi_call 2 57 "$fdisplay", v00000187d2e250f0_0, "%08X", &A<v00000187d2e1d3f0, v00000187d2e23c50_0 > {0 0 0};
    %load/vec4 v00000187d2e23c50_0;
    %addi 1, 0, 32;
    %store/vec4 v00000187d2e23c50_0, 0, 32;
    %jmp T_0.0;
T_0.1 ;
    %vpi_call 2 58 "$fclose", v00000187d2e250f0_0 {0 0 0};
    %end;
    .scope S_00000187d2d42b70;
T_1 ;
    %wait E_00000187d2d0da60;
    %load/vec4 v00000187d2cf2eb0_0;
    %flag_set/vec4 8;
    %jmp/0xz  T_1.0, 8;
    %pushi/vec4 0, 0, 6;
    %assign/vec4 v00000187d2cf2e10_0, 0;
    %jmp T_1.1;
T_1.0 ;
    %load/vec4 v00000187d2cf2a50_0;
    %assign/vec4 v00000187d2cf2e10_0, 0;
T_1.1 ;
    %jmp T_1;
    .thread T_1;
    .scope S_00000187d2d42b70;
T_2 ;
    %wait E_00000187d2d0dc20;
    %pushi/vec4 1, 0, 6;
    %store/vec4 v00000187d2cf2a50_0, 0, 6;
    %load/vec4 v00000187d2cf36d0_0;
    %flag_set/vec4 8;
    %jmp/0xz  T_2.0, 8;
    %pushi/vec4 46, 0, 6;
    %store/vec4 v00000187d2cf2a50_0, 0, 6;
    %jmp T_2.1;
T_2.0 ;
    %load/vec4 v00000187d2cf2e10_0;
    %dup/vec4;
    %pushi/vec4 0, 0, 6;
    %cmp/u;
    %jmp/1 T_2.2, 6;
    %dup/vec4;
    %pushi/vec4 1, 0, 6;
    %cmp/u;
    %jmp/1 T_2.3, 6;
    %dup/vec4;
    %pushi/vec4 2, 0, 6;
    %cmp/u;
    %jmp/1 T_2.4, 6;
    %dup/vec4;
    %pushi/vec4 3, 0, 6;
    %cmp/u;
    %jmp/1 T_2.5, 6;
    %dup/vec4;
    %pushi/vec4 4, 0, 6;
    %cmp/u;
    %jmp/1 T_2.6, 6;
    %dup/vec4;
    %pushi/vec4 5, 0, 6;
    %cmp/u;
    %jmp/1 T_2.7, 6;
    %dup/vec4;
    %pushi/vec4 6, 0, 6;
    %cmp/u;
    %jmp/1 T_2.8, 6;
    %dup/vec4;
    %pushi/vec4 7, 0, 6;
    %cmp/u;
    %jmp/1 T_2.9, 6;
    %dup/vec4;
    %pushi/vec4 8, 0, 6;
    %cmp/u;
    %jmp/1 T_2.10, 6;
    %dup/vec4;
    %pushi/vec4 9, 0, 6;
    %cmp/u;
    %jmp/1 T_2.11, 6;
    %dup/vec4;
    %pushi/vec4 10, 0, 6;
    %cmp/u;
    %jmp/1 T_2.12, 6;
    %dup/vec4;
    %pushi/vec4 11, 0, 6;
    %cmp/u;
    %jmp/1 T_2.13, 6;
    %dup/vec4;
    %pushi/vec4 12, 0, 6;
    %cmp/u;
    %jmp/1 T_2.14, 6;
    %dup/vec4;
    %pushi/vec4 13, 0, 6;
    %cmp/u;
    %jmp/1 T_2.15, 6;
    %dup/vec4;
    %pushi/vec4 14, 0, 6;
    %cmp/u;
    %jmp/1 T_2.16, 6;
    %dup/vec4;
    %pushi/vec4 15, 0, 6;
    %cmp/u;
    %jmp/1 T_2.17, 6;
    %dup/vec4;
    %pushi/vec4 16, 0, 6;
    %cmp/u;
    %jmp/1 T_2.18, 6;
    %dup/vec4;
    %pushi/vec4 17, 0, 6;
    %cmp/u;
    %jmp/1 T_2.19, 6;
    %dup/vec4;
    %pushi/vec4 18, 0, 6;
    %cmp/u;
    %jmp/1 T_2.20, 6;
    %dup/vec4;
    %pushi/vec4 19, 0, 6;
    %cmp/u;
    %jmp/1 T_2.21, 6;
    %dup/vec4;
    %pushi/vec4 20, 0, 6;
    %cmp/u;
    %jmp/1 T_2.22, 6;
    %dup/vec4;
    %pushi/vec4 21, 0, 6;
    %cmp/u;
    %jmp/1 T_2.23, 6;
    %dup/vec4;
    %pushi/vec4 22, 0, 6;
    %cmp/u;
    %jmp/1 T_2.24, 6;
    %dup/vec4;
    %pushi/vec4 23, 0, 6;
    %cmp/u;
    %jmp/1 T_2.25, 6;
    %dup/vec4;
    %pushi/vec4 24, 0, 6;
    %cmp/u;
    %jmp/1 T_2.26, 6;
    %dup/vec4;
    %pushi/vec4 25, 0, 6;
    %cmp/u;
    %jmp/1 T_2.27, 6;
    %dup/vec4;
    %pushi/vec4 26, 0, 6;
    %cmp/u;
    %jmp/1 T_2.28, 6;
    %dup/vec4;
    %pushi/vec4 27, 0, 6;
    %cmp/u;
    %jmp/1 T_2.29, 6;
    %dup/vec4;
    %pushi/vec4 28, 0, 6;
    %cmp/u;
    %jmp/1 T_2.30, 6;
    %dup/vec4;
    %pushi/vec4 29, 0, 6;
    %cmp/u;
    %jmp/1 T_2.31, 6;
    %dup/vec4;
    %pushi/vec4 30, 0, 6;
    %cmp/u;
    %jmp/1 T_2.32, 6;
    %dup/vec4;
    %pushi/vec4 31, 0, 6;
    %cmp/u;
    %jmp/1 T_2.33, 6;
    %dup/vec4;
    %pushi/vec4 32, 0, 6;
    %cmp/u;
    %jmp/1 T_2.34, 6;
    %dup/vec4;
    %pushi/vec4 33, 0, 6;
    %cmp/u;
    %jmp/1 T_2.35, 6;
    %dup/vec4;
    %pushi/vec4 34, 0, 6;
    %cmp/u;
    %jmp/1 T_2.36, 6;
    %dup/vec4;
    %pushi/vec4 35, 0, 6;
    %cmp/u;
    %jmp/1 T_2.37, 6;
    %dup/vec4;
    %pushi/vec4 36, 0, 6;
    %cmp/u;
    %jmp/1 T_2.38, 6;
    %dup/vec4;
    %pushi/vec4 37, 0, 6;
    %cmp/u;
    %jmp/1 T_2.39, 6;
    %dup/vec4;
    %pushi/vec4 38, 0, 6;
    %cmp/u;
    %jmp/1 T_2.40, 6;
    %dup/vec4;
    %pushi/vec4 39, 0, 6;
    %cmp/u;
    %jmp/1 T_2.41, 6;
    %dup/vec4;
    %pushi/vec4 40, 0, 6;
    %cmp/u;
    %jmp/1 T_2.42, 6;
    %dup/vec4;
    %pushi/vec4 41, 0, 6;
    %cmp/u;
    %jmp/1 T_2.43, 6;
    %dup/vec4;
    %pushi/vec4 42, 0, 6;
    %cmp/u;
    %jmp/1 T_2.44, 6;
    %dup/vec4;
    %pushi/vec4 43, 0, 6;
    %cmp/u;
    %jmp/1 T_2.45, 6;
    %dup/vec4;
    %pushi/vec4 44, 0, 6;
    %cmp/u;
    %jmp/1 T_2.46, 6;
    %dup/vec4;
    %pushi/vec4 45, 0, 6;
    %cmp/u;
    %jmp/1 T_2.47, 6;
    %dup/vec4;
    %pushi/vec4 46, 0, 6;
    %cmp/u;
    %jmp/1 T_2.48, 6;
    %pushi/vec4 1, 0, 6;
    %store/vec4 v00000187d2cf2a50_0, 0, 6;
    %jmp T_2.50;
T_2.2 ;
    %pushi/vec4 1, 0, 6;
    %store/vec4 v00000187d2cf2a50_0, 0, 6;
    %jmp T_2.50;
T_2.3 ;
    %pushi/vec4 2, 0, 6;
    %store/vec4 v00000187d2cf2a50_0, 0, 6;
    %jmp T_2.50;
T_2.4 ;
    %pushi/vec4 3, 0, 6;
    %store/vec4 v00000187d2cf2a50_0, 0, 6;
    %jmp T_2.50;
T_2.5 ;
    %load/vec4 v00000187d2cf2af0_0;
    %dup/vec4;
    %pushi/vec4 0, 0, 5;
    %cmp/u;
    %jmp/1 T_2.51, 6;
    %dup/vec4;
    %pushi/vec4 1, 0, 5;
    %cmp/u;
    %jmp/1 T_2.52, 6;
    %dup/vec4;
    %pushi/vec4 2, 0, 5;
    %cmp/u;
    %jmp/1 T_2.53, 6;
    %dup/vec4;
    %pushi/vec4 3, 0, 5;
    %cmp/u;
    %jmp/1 T_2.54, 6;
    %dup/vec4;
    %pushi/vec4 4, 0, 5;
    %cmp/u;
    %jmp/1 T_2.55, 6;
    %dup/vec4;
    %pushi/vec4 5, 0, 5;
    %cmp/u;
    %jmp/1 T_2.56, 6;
    %dup/vec4;
    %pushi/vec4 6, 0, 5;
    %cmp/u;
    %jmp/1 T_2.57, 6;
    %dup/vec4;
    %pushi/vec4 7, 0, 5;
    %cmp/u;
    %jmp/1 T_2.58, 6;
    %dup/vec4;
    %pushi/vec4 8, 0, 5;
    %cmp/u;
    %jmp/1 T_2.59, 6;
    %dup/vec4;
    %pushi/vec4 14, 0, 5;
    %cmp/u;
    %jmp/1 T_2.60, 6;
    %dup/vec4;
    %pushi/vec4 15, 0, 5;
    %cmp/u;
    %jmp/1 T_2.61, 6;
    %dup/vec4;
    %pushi/vec4 13, 0, 5;
    %cmp/u;
    %jmp/1 T_2.62, 6;
    %dup/vec4;
    %pushi/vec4 12, 0, 5;
    %cmp/u;
    %jmp/1 T_2.63, 6;
    %dup/vec4;
    %pushi/vec4 16, 0, 5;
    %cmp/u;
    %jmp/1 T_2.64, 6;
    %dup/vec4;
    %pushi/vec4 17, 0, 5;
    %cmp/u;
    %jmp/1 T_2.65, 6;
    %dup/vec4;
    %pushi/vec4 18, 0, 5;
    %cmp/u;
    %jmp/1 T_2.66, 6;
    %dup/vec4;
    %pushi/vec4 9, 0, 5;
    %cmp/u;
    %jmp/1 T_2.67, 6;
    %dup/vec4;
    %pushi/vec4 10, 0, 5;
    %cmp/u;
    %jmp/1 T_2.68, 6;
    %dup/vec4;
    %pushi/vec4 11, 0, 5;
    %cmp/u;
    %jmp/1 T_2.69, 6;
    %dup/vec4;
    %pushi/vec4 21, 0, 5;
    %cmp/u;
    %jmp/1 T_2.70, 6;
    %dup/vec4;
    %pushi/vec4 20, 0, 5;
    %cmp/u;
    %jmp/1 T_2.71, 6;
    %dup/vec4;
    %pushi/vec4 19, 0, 5;
    %cmp/u;
    %jmp/1 T_2.72, 6;
    %dup/vec4;
    %pushi/vec4 24, 0, 5;
    %cmp/u;
    %jmp/1 T_2.73, 6;
    %dup/vec4;
    %pushi/vec4 25, 0, 5;
    %cmp/u;
    %jmp/1 T_2.74, 6;
    %dup/vec4;
    %pushi/vec4 22, 0, 5;
    %cmp/u;
    %jmp/1 T_2.75, 6;
    %dup/vec4;
    %pushi/vec4 23, 0, 5;
    %cmp/u;
    %jmp/1 T_2.76, 6;
    %dup/vec4;
    %pushi/vec4 26, 0, 5;
    %cmp/u;
    %jmp/1 T_2.77, 6;
    %dup/vec4;
    %pushi/vec4 27, 0, 5;
    %cmp/u;
    %jmp/1 T_2.78, 6;
    %pushi/vec4 1, 0, 6;
    %store/vec4 v00000187d2cf2a50_0, 0, 6;
    %jmp T_2.80;
T_2.51 ;
    %pushi/vec4 4, 0, 6;
    %store/vec4 v00000187d2cf2a50_0, 0, 6;
    %jmp T_2.80;
T_2.52 ;
    %pushi/vec4 4, 0, 6;
    %store/vec4 v00000187d2cf2a50_0, 0, 6;
    %jmp T_2.80;
T_2.53 ;
    %pushi/vec4 4, 0, 6;
    %store/vec4 v00000187d2cf2a50_0, 0, 6;
    %jmp T_2.80;
T_2.54 ;
    %pushi/vec4 4, 0, 6;
    %store/vec4 v00000187d2cf2a50_0, 0, 6;
    %jmp T_2.80;
T_2.55 ;
    %pushi/vec4 4, 0, 6;
    %store/vec4 v00000187d2cf2a50_0, 0, 6;
    %jmp T_2.80;
T_2.56 ;
    %pushi/vec4 4, 0, 6;
    %store/vec4 v00000187d2cf2a50_0, 0, 6;
    %jmp T_2.80;
T_2.57 ;
    %pushi/vec4 4, 0, 6;
    %store/vec4 v00000187d2cf2a50_0, 0, 6;
    %jmp T_2.80;
T_2.58 ;
    %pushi/vec4 4, 0, 6;
    %store/vec4 v00000187d2cf2a50_0, 0, 6;
    %jmp T_2.80;
T_2.59 ;
    %pushi/vec4 4, 0, 6;
    %store/vec4 v00000187d2cf2a50_0, 0, 6;
    %jmp T_2.80;
T_2.60 ;
    %pushi/vec4 7, 0, 6;
    %store/vec4 v00000187d2cf2a50_0, 0, 6;
    %jmp T_2.80;
T_2.61 ;
    %pushi/vec4 7, 0, 6;
    %store/vec4 v00000187d2cf2a50_0, 0, 6;
    %jmp T_2.80;
T_2.62 ;
    %pushi/vec4 9, 0, 6;
    %store/vec4 v00000187d2cf2a50_0, 0, 6;
    %jmp T_2.80;
T_2.63 ;
    %pushi/vec4 13, 0, 6;
    %store/vec4 v00000187d2cf2a50_0, 0, 6;
    %jmp T_2.80;
T_2.64 ;
    %pushi/vec4 17, 0, 6;
    %store/vec4 v00000187d2cf2a50_0, 0, 6;
    %jmp T_2.80;
T_2.65 ;
    %pushi/vec4 22, 0, 6;
    %store/vec4 v00000187d2cf2a50_0, 0, 6;
    %jmp T_2.80;
T_2.66 ;
    %pushi/vec4 25, 0, 6;
    %store/vec4 v00000187d2cf2a50_0, 0, 6;
    %jmp T_2.80;
T_2.67 ;
    %pushi/vec4 30, 0, 6;
    %store/vec4 v00000187d2cf2a50_0, 0, 6;
    %jmp T_2.80;
T_2.68 ;
    %pushi/vec4 30, 0, 6;
    %store/vec4 v00000187d2cf2a50_0, 0, 6;
    %jmp T_2.80;
T_2.69 ;
    %pushi/vec4 30, 0, 6;
    %store/vec4 v00000187d2cf2a50_0, 0, 6;
    %jmp T_2.80;
T_2.70 ;
    %pushi/vec4 33, 0, 6;
    %store/vec4 v00000187d2cf2a50_0, 0, 6;
    %jmp T_2.80;
T_2.71 ;
    %pushi/vec4 37, 0, 6;
    %store/vec4 v00000187d2cf2a50_0, 0, 6;
    %jmp T_2.80;
T_2.72 ;
    %pushi/vec4 38, 0, 6;
    %store/vec4 v00000187d2cf2a50_0, 0, 6;
    %jmp T_2.80;
T_2.73 ;
    %pushi/vec4 40, 0, 6;
    %store/vec4 v00000187d2cf2a50_0, 0, 6;
    %jmp T_2.80;
T_2.74 ;
    %pushi/vec4 41, 0, 6;
    %store/vec4 v00000187d2cf2a50_0, 0, 6;
    %jmp T_2.80;
T_2.75 ;
    %pushi/vec4 42, 0, 6;
    %store/vec4 v00000187d2cf2a50_0, 0, 6;
    %jmp T_2.80;
T_2.76 ;
    %pushi/vec4 44, 0, 6;
    %store/vec4 v00000187d2cf2a50_0, 0, 6;
    %jmp T_2.80;
T_2.77 ;
    %pushi/vec4 45, 0, 6;
    %store/vec4 v00000187d2cf2a50_0, 0, 6;
    %jmp T_2.80;
T_2.78 ;
    %pushi/vec4 46, 0, 6;
    %store/vec4 v00000187d2cf2a50_0, 0, 6;
    %jmp T_2.80;
T_2.80 ;
    %pop/vec4 1;
    %jmp T_2.50;
T_2.6 ;
    %pushi/vec4 5, 0, 6;
    %store/vec4 v00000187d2cf2a50_0, 0, 6;
    %jmp T_2.50;
T_2.7 ;
    %pushi/vec4 6, 0, 6;
    %store/vec4 v00000187d2cf2a50_0, 0, 6;
    %jmp T_2.50;
T_2.8 ;
    %pushi/vec4 1, 0, 6;
    %store/vec4 v00000187d2cf2a50_0, 0, 6;
    %jmp T_2.50;
T_2.9 ;
    %pushi/vec4 8, 0, 6;
    %store/vec4 v00000187d2cf2a50_0, 0, 6;
    %jmp T_2.50;
T_2.10 ;
    %pushi/vec4 1, 0, 6;
    %store/vec4 v00000187d2cf2a50_0, 0, 6;
    %jmp T_2.50;
T_2.11 ;
    %pushi/vec4 10, 0, 6;
    %store/vec4 v00000187d2cf2a50_0, 0, 6;
    %jmp T_2.50;
T_2.12 ;
    %pushi/vec4 11, 0, 6;
    %store/vec4 v00000187d2cf2a50_0, 0, 6;
    %jmp T_2.50;
T_2.13 ;
    %pushi/vec4 12, 0, 6;
    %store/vec4 v00000187d2cf2a50_0, 0, 6;
    %jmp T_2.50;
T_2.14 ;
    %pushi/vec4 1, 0, 6;
    %store/vec4 v00000187d2cf2a50_0, 0, 6;
    %jmp T_2.50;
T_2.15 ;
    %pushi/vec4 14, 0, 6;
    %store/vec4 v00000187d2cf2a50_0, 0, 6;
    %jmp T_2.50;
T_2.16 ;
    %pushi/vec4 15, 0, 6;
    %store/vec4 v00000187d2cf2a50_0, 0, 6;
    %jmp T_2.50;
T_2.17 ;
    %pushi/vec4 16, 0, 6;
    %store/vec4 v00000187d2cf2a50_0, 0, 6;
    %jmp T_2.50;
T_2.18 ;
    %pushi/vec4 1, 0, 6;
    %store/vec4 v00000187d2cf2a50_0, 0, 6;
    %jmp T_2.50;
T_2.19 ;
    %pushi/vec4 18, 0, 6;
    %store/vec4 v00000187d2cf2a50_0, 0, 6;
    %jmp T_2.50;
T_2.20 ;
    %pushi/vec4 19, 0, 6;
    %store/vec4 v00000187d2cf2a50_0, 0, 6;
    %jmp T_2.50;
T_2.21 ;
    %pushi/vec4 20, 0, 6;
    %store/vec4 v00000187d2cf2a50_0, 0, 6;
    %jmp T_2.50;
T_2.22 ;
    %pushi/vec4 21, 0, 6;
    %store/vec4 v00000187d2cf2a50_0, 0, 6;
    %jmp T_2.50;
T_2.23 ;
    %pushi/vec4 1, 0, 6;
    %store/vec4 v00000187d2cf2a50_0, 0, 6;
    %jmp T_2.50;
T_2.24 ;
    %pushi/vec4 23, 0, 6;
    %store/vec4 v00000187d2cf2a50_0, 0, 6;
    %jmp T_2.50;
T_2.25 ;
    %pushi/vec4 24, 0, 6;
    %store/vec4 v00000187d2cf2a50_0, 0, 6;
    %jmp T_2.50;
T_2.26 ;
    %pushi/vec4 1, 0, 6;
    %store/vec4 v00000187d2cf2a50_0, 0, 6;
    %jmp T_2.50;
T_2.27 ;
    %pushi/vec4 26, 0, 6;
    %store/vec4 v00000187d2cf2a50_0, 0, 6;
    %jmp T_2.50;
T_2.28 ;
    %pushi/vec4 27, 0, 6;
    %store/vec4 v00000187d2cf2a50_0, 0, 6;
    %jmp T_2.50;
T_2.29 ;
    %pushi/vec4 28, 0, 6;
    %store/vec4 v00000187d2cf2a50_0, 0, 6;
    %jmp T_2.50;
T_2.30 ;
    %pushi/vec4 29, 0, 6;
    %store/vec4 v00000187d2cf2a50_0, 0, 6;
    %jmp T_2.50;
T_2.31 ;
    %pushi/vec4 1, 0, 6;
    %store/vec4 v00000187d2cf2a50_0, 0, 6;
    %jmp T_2.50;
T_2.32 ;
    %pushi/vec4 31, 0, 6;
    %store/vec4 v00000187d2cf2a50_0, 0, 6;
    %jmp T_2.50;
T_2.33 ;
    %pushi/vec4 32, 0, 6;
    %store/vec4 v00000187d2cf2a50_0, 0, 6;
    %jmp T_2.50;
T_2.34 ;
    %pushi/vec4 1, 0, 6;
    %store/vec4 v00000187d2cf2a50_0, 0, 6;
    %jmp T_2.50;
T_2.35 ;
    %pushi/vec4 34, 0, 6;
    %store/vec4 v00000187d2cf2a50_0, 0, 6;
    %jmp T_2.50;
T_2.36 ;
    %pushi/vec4 35, 0, 6;
    %store/vec4 v00000187d2cf2a50_0, 0, 6;
    %jmp T_2.50;
T_2.37 ;
    %pushi/vec4 36, 0, 6;
    %store/vec4 v00000187d2cf2a50_0, 0, 6;
    %jmp T_2.50;
T_2.38 ;
    %pushi/vec4 1, 0, 6;
    %store/vec4 v00000187d2cf2a50_0, 0, 6;
    %jmp T_2.50;
T_2.39 ;
    %pushi/vec4 1, 0, 6;
    %store/vec4 v00000187d2cf2a50_0, 0, 6;
    %jmp T_2.50;
T_2.40 ;
    %pushi/vec4 39, 0, 6;
    %store/vec4 v00000187d2cf2a50_0, 0, 6;
    %jmp T_2.50;
T_2.41 ;
    %pushi/vec4 1, 0, 6;
    %store/vec4 v00000187d2cf2a50_0, 0, 6;
    %jmp T_2.50;
T_2.42 ;
    %pushi/vec4 1, 0, 6;
    %store/vec4 v00000187d2cf2a50_0, 0, 6;
    %jmp T_2.50;
T_2.43 ;
    %pushi/vec4 1, 0, 6;
    %store/vec4 v00000187d2cf2a50_0, 0, 6;
    %jmp T_2.50;
T_2.44 ;
    %pushi/vec4 43, 0, 6;
    %store/vec4 v00000187d2cf2a50_0, 0, 6;
    %jmp T_2.50;
T_2.45 ;
    %pushi/vec4 1, 0, 6;
    %store/vec4 v00000187d2cf2a50_0, 0, 6;
    %jmp T_2.50;
T_2.46 ;
    %pushi/vec4 1, 0, 6;
    %store/vec4 v00000187d2cf2a50_0, 0, 6;
    %jmp T_2.50;
T_2.47 ;
    %pushi/vec4 1, 0, 6;
    %store/vec4 v00000187d2cf2a50_0, 0, 6;
    %jmp T_2.50;
T_2.48 ;
    %pushi/vec4 46, 0, 6;
    %store/vec4 v00000187d2cf2a50_0, 0, 6;
    %jmp T_2.50;
T_2.50 ;
    %pop/vec4 1;
T_2.1 ;
    %jmp T_2;
    .thread T_2, $push;
    .scope S_00000187d2d42b70;
T_3 ;
    %vpi_call 4 201 "$display", "[CU] MDR_decode_fix_v3: correct file loaded, same cycle count" {0 0 0};
    %end;
    .thread T_3;
    .scope S_00000187d2d42b70;
T_4 ;
    %wait E_00000187d2d0dee0;
    %pushi/vec4 0, 0, 5;
    %store/vec4 v00000187d2cf3bd0_0, 0, 5;
    %pushi/vec4 0, 0, 1;
    %store/vec4 v00000187d2cf27d0_0, 0, 1;
    %pushi/vec4 0, 0, 1;
    %store/vec4 v00000187d2cf29b0_0, 0, 1;
    %pushi/vec4 0, 0, 1;
    %store/vec4 v00000187d2cf3090_0, 0, 1;
    %pushi/vec4 0, 0, 1;
    %store/vec4 v00000187d2cf3130_0, 0, 1;
    %pushi/vec4 0, 0, 1;
    %store/vec4 v00000187d2cf3f90_0, 0, 1;
    %pushi/vec4 0, 0, 1;
    %store/vec4 v00000187d2cf3b30_0, 0, 1;
    %pushi/vec4 0, 0, 1;
    %store/vec4 v00000187d2cf3770_0, 0, 1;
    %pushi/vec4 0, 0, 1;
    %store/vec4 v00000187d2cf33b0_0, 0, 1;
    %pushi/vec4 0, 0, 1;
    %store/vec4 v00000187d2cf2d70_0, 0, 1;
    %pushi/vec4 0, 0, 1;
    %store/vec4 v00000187d2cf4170_0, 0, 1;
    %pushi/vec4 0, 0, 5;
    %store/vec4 v00000187d2cf2ff0_0, 0, 5;
    %pushi/vec4 0, 0, 1;
    %store/vec4 v00000187d2cf4850_0, 0, 1;
    %pushi/vec4 0, 0, 1;
    %store/vec4 v00000187d2cf2f50_0, 0, 1;
    %pushi/vec4 0, 0, 1;
    %store/vec4 v00000187d2cf22d0_0, 0, 1;
    %pushi/vec4 0, 0, 1;
    %store/vec4 v00000187d2cf45d0_0, 0, 1;
    %pushi/vec4 0, 0, 1;
    %store/vec4 v00000187d2cf3ef0_0, 0, 1;
    %pushi/vec4 0, 0, 1;
    %store/vec4 v00000187d2cf4990_0, 0, 1;
    %pushi/vec4 0, 0, 1;
    %store/vec4 v00000187d2cf3310_0, 0, 1;
    %pushi/vec4 0, 0, 1;
    %store/vec4 v00000187d2cf3db0_0, 0, 1;
    %pushi/vec4 0, 0, 1;
    %store/vec4 v00000187d2cf40d0_0, 0, 1;
    %pushi/vec4 0, 0, 1;
    %store/vec4 v00000187d2cf3630_0, 0, 1;
    %pushi/vec4 0, 0, 1;
    %store/vec4 v00000187d2cf2cd0_0, 0, 1;
    %pushi/vec4 0, 0, 1;
    %store/vec4 v00000187d2cf3950_0, 0, 1;
    %load/vec4 v00000187d2cf2e10_0;
    %pushi/vec4 46, 0, 6;
    %cmp/ne;
    %flag_get/vec4 4;
    %store/vec4 v00000187d2cf2870_0, 0, 1;
    %load/vec4 v00000187d2cf2e10_0;
    %dup/vec4;
    %pushi/vec4 1, 0, 6;
    %cmp/u;
    %jmp/1 T_4.0, 6;
    %dup/vec4;
    %pushi/vec4 2, 0, 6;
    %cmp/u;
    %jmp/1 T_4.1, 6;
    %dup/vec4;
    %pushi/vec4 3, 0, 6;
    %cmp/u;
    %jmp/1 T_4.2, 6;
    %dup/vec4;
    %pushi/vec4 4, 0, 6;
    %cmp/u;
    %jmp/1 T_4.3, 6;
    %dup/vec4;
    %pushi/vec4 5, 0, 6;
    %cmp/u;
    %jmp/1 T_4.4, 6;
    %dup/vec4;
    %pushi/vec4 6, 0, 6;
    %cmp/u;
    %jmp/1 T_4.5, 6;
    %dup/vec4;
    %pushi/vec4 7, 0, 6;
    %cmp/u;
    %jmp/1 T_4.6, 6;
    %dup/vec4;
    %pushi/vec4 8, 0, 6;
    %cmp/u;
    %jmp/1 T_4.7, 6;
    %dup/vec4;
    %pushi/vec4 9, 0, 6;
    %cmp/u;
    %jmp/1 T_4.8, 6;
    %dup/vec4;
    %pushi/vec4 10, 0, 6;
    %cmp/u;
    %jmp/1 T_4.9, 6;
    %dup/vec4;
    %pushi/vec4 11, 0, 6;
    %cmp/u;
    %jmp/1 T_4.10, 6;
    %dup/vec4;
    %pushi/vec4 12, 0, 6;
    %cmp/u;
    %jmp/1 T_4.11, 6;
    %dup/vec4;
    %pushi/vec4 13, 0, 6;
    %cmp/u;
    %jmp/1 T_4.12, 6;
    %dup/vec4;
    %pushi/vec4 14, 0, 6;
    %cmp/u;
    %jmp/1 T_4.13, 6;
    %dup/vec4;
    %pushi/vec4 15, 0, 6;
    %cmp/u;
    %jmp/1 T_4.14, 6;
    %dup/vec4;
    %pushi/vec4 16, 0, 6;
    %cmp/u;
    %jmp/1 T_4.15, 6;
    %dup/vec4;
    %pushi/vec4 17, 0, 6;
    %cmp/u;
    %jmp/1 T_4.16, 6;
    %dup/vec4;
    %pushi/vec4 18, 0, 6;
    %cmp/u;
    %jmp/1 T_4.17, 6;
    %dup/vec4;
    %pushi/vec4 19, 0, 6;
    %cmp/u;
    %jmp/1 T_4.18, 6;
    %dup/vec4;
    %pushi/vec4 20, 0, 6;
    %cmp/u;
    %jmp/1 T_4.19, 6;
    %dup/vec4;
    %pushi/vec4 21, 0, 6;
    %cmp/u;
    %jmp/1 T_4.20, 6;
    %dup/vec4;
    %pushi/vec4 22, 0, 6;
    %cmp/u;
    %jmp/1 T_4.21, 6;
    %dup/vec4;
    %pushi/vec4 23, 0, 6;
    %cmp/u;
    %jmp/1 T_4.22, 6;
    %dup/vec4;
    %pushi/vec4 24, 0, 6;
    %cmp/u;
    %jmp/1 T_4.23, 6;
    %dup/vec4;
    %pushi/vec4 25, 0, 6;
    %cmp/u;
    %jmp/1 T_4.24, 6;
    %dup/vec4;
    %pushi/vec4 26, 0, 6;
    %cmp/u;
    %jmp/1 T_4.25, 6;
    %dup/vec4;
    %pushi/vec4 27, 0, 6;
    %cmp/u;
    %jmp/1 T_4.26, 6;
    %dup/vec4;
    %pushi/vec4 28, 0, 6;
    %cmp/u;
    %jmp/1 T_4.27, 6;
    %dup/vec4;
    %pushi/vec4 29, 0, 6;
    %cmp/u;
    %jmp/1 T_4.28, 6;
    %dup/vec4;
    %pushi/vec4 30, 0, 6;
    %cmp/u;
    %jmp/1 T_4.29, 6;
    %dup/vec4;
    %pushi/vec4 31, 0, 6;
    %cmp/u;
    %jmp/1 T_4.30, 6;
    %dup/vec4;
    %pushi/vec4 32, 0, 6;
    %cmp/u;
    %jmp/1 T_4.31, 6;
    %dup/vec4;
    %pushi/vec4 33, 0, 6;
    %cmp/u;
    %jmp/1 T_4.32, 6;
    %dup/vec4;
    %pushi/vec4 34, 0, 6;
    %cmp/u;
    %jmp/1 T_4.33, 6;
    %dup/vec4;
    %pushi/vec4 35, 0, 6;
    %cmp/u;
    %jmp/1 T_4.34, 6;
    %dup/vec4;
    %pushi/vec4 36, 0, 6;
    %cmp/u;
    %jmp/1 T_4.35, 6;
    %dup/vec4;
    %pushi/vec4 37, 0, 6;
    %cmp/u;
    %jmp/1 T_4.36, 6;
    %dup/vec4;
    %pushi/vec4 38, 0, 6;
    %cmp/u;
    %jmp/1 T_4.37, 6;
    %dup/vec4;
    %pushi/vec4 39, 0, 6;
    %cmp/u;
    %jmp/1 T_4.38, 6;
    %dup/vec4;
    %pushi/vec4 40, 0, 6;
    %cmp/u;
    %jmp/1 T_4.39, 6;
    %dup/vec4;
    %pushi/vec4 41, 0, 6;
    %cmp/u;
    %jmp/1 T_4.40, 6;
    %dup/vec4;
    %pushi/vec4 42, 0, 6;
    %cmp/u;
    %jmp/1 T_4.41, 6;
    %dup/vec4;
    %pushi/vec4 43, 0, 6;
    %cmp/u;
    %jmp/1 T_4.42, 6;
    %dup/vec4;
    %pushi/vec4 44, 0, 6;
    %cmp/u;
    %jmp/1 T_4.43, 6;
    %dup/vec4;
    %pushi/vec4 45, 0, 6;
    %cmp/u;
    %jmp/1 T_4.44, 6;
    %dup/vec4;
    %pushi/vec4 0, 0, 6;
    %cmp/u;
    %jmp/1 T_4.45, 6;
    %dup/vec4;
    %pushi/vec4 46, 0, 6;
    %cmp/u;
    %jmp/1 T_4.46, 6;
    %jmp T_4.47;
T_4.0 ;
    %pushi/vec4 20, 0, 5;
    %store/vec4 v00000187d2cf3bd0_0, 0, 5;
    %pushi/vec4 1, 0, 1;
    %store/vec4 v00000187d2cf3f90_0, 0, 1;
    %pushi/vec4 1, 0, 1;
    %store/vec4 v00000187d2cf29b0_0, 0, 1;
    %jmp T_4.47;
T_4.1 ;
    %pushi/vec4 1, 0, 1;
    %store/vec4 v00000187d2cf2d70_0, 0, 1;
    %pushi/vec4 1, 0, 1;
    %store/vec4 v00000187d2cf33b0_0, 0, 1;
    %pushi/vec4 1, 0, 1;
    %store/vec4 v00000187d2cf4170_0, 0, 1;
    %jmp T_4.47;
T_4.2 ;
    %pushi/vec4 21, 0, 5;
    %store/vec4 v00000187d2cf3bd0_0, 0, 5;
    %pushi/vec4 1, 0, 1;
    %store/vec4 v00000187d2cf3090_0, 0, 1;
    %jmp T_4.47;
T_4.3 ;
    %pushi/vec4 1, 0, 1;
    %store/vec4 v00000187d2cf22d0_0, 0, 1;
    %pushi/vec4 1, 0, 1;
    %store/vec4 v00000187d2cf4990_0, 0, 1;
    %pushi/vec4 1, 0, 1;
    %store/vec4 v00000187d2cf3130_0, 0, 1;
    %jmp T_4.47;
T_4.4 ;
    %pushi/vec4 1, 0, 1;
    %store/vec4 v00000187d2cf45d0_0, 0, 1;
    %pushi/vec4 1, 0, 1;
    %store/vec4 v00000187d2cf4990_0, 0, 1;
    %load/vec4 v00000187d2cf2af0_0;
    %dup/vec4;
    %pushi/vec4 0, 0, 5;
    %cmp/u;
    %jmp/1 T_4.48, 6;
    %dup/vec4;
    %pushi/vec4 1, 0, 5;
    %cmp/u;
    %jmp/1 T_4.49, 6;
    %dup/vec4;
    %pushi/vec4 2, 0, 5;
    %cmp/u;
    %jmp/1 T_4.50, 6;
    %dup/vec4;
    %pushi/vec4 3, 0, 5;
    %cmp/u;
    %jmp/1 T_4.51, 6;
    %dup/vec4;
    %pushi/vec4 4, 0, 5;
    %cmp/u;
    %jmp/1 T_4.52, 6;
    %dup/vec4;
    %pushi/vec4 5, 0, 5;
    %cmp/u;
    %jmp/1 T_4.53, 6;
    %dup/vec4;
    %pushi/vec4 6, 0, 5;
    %cmp/u;
    %jmp/1 T_4.54, 6;
    %dup/vec4;
    %pushi/vec4 7, 0, 5;
    %cmp/u;
    %jmp/1 T_4.55, 6;
    %dup/vec4;
    %pushi/vec4 8, 0, 5;
    %cmp/u;
    %jmp/1 T_4.56, 6;
    %pushi/vec4 0, 0, 5;
    %store/vec4 v00000187d2cf2ff0_0, 0, 5;
    %jmp T_4.58;
T_4.48 ;
    %pushi/vec4 0, 0, 5;
    %store/vec4 v00000187d2cf2ff0_0, 0, 5;
    %jmp T_4.58;
T_4.49 ;
    %pushi/vec4 1, 0, 5;
    %store/vec4 v00000187d2cf2ff0_0, 0, 5;
    %jmp T_4.58;
T_4.50 ;
    %pushi/vec4 4, 0, 5;
    %store/vec4 v00000187d2cf2ff0_0, 0, 5;
    %jmp T_4.58;
T_4.51 ;
    %pushi/vec4 5, 0, 5;
    %store/vec4 v00000187d2cf2ff0_0, 0, 5;
    %jmp T_4.58;
T_4.52 ;
    %pushi/vec4 8, 0, 5;
    %store/vec4 v00000187d2cf2ff0_0, 0, 5;
    %jmp T_4.58;
T_4.53 ;
    %pushi/vec4 9, 0, 5;
    %store/vec4 v00000187d2cf2ff0_0, 0, 5;
    %jmp T_4.58;
T_4.54 ;
    %pushi/vec4 10, 0, 5;
    %store/vec4 v00000187d2cf2ff0_0, 0, 5;
    %jmp T_4.58;
T_4.55 ;
    %pushi/vec4 11, 0, 5;
    %store/vec4 v00000187d2cf2ff0_0, 0, 5;
    %jmp T_4.58;
T_4.56 ;
    %pushi/vec4 12, 0, 5;
    %store/vec4 v00000187d2cf2ff0_0, 0, 5;
    %jmp T_4.58;
T_4.58 ;
    %pop/vec4 1;
    %pushi/vec4 1, 0, 1;
    %store/vec4 v00000187d2cf4850_0, 0, 1;
    %jmp T_4.47;
T_4.5 ;
    %pushi/vec4 19, 0, 5;
    %store/vec4 v00000187d2cf3bd0_0, 0, 5;
    %pushi/vec4 1, 0, 1;
    %store/vec4 v00000187d2cf2f50_0, 0, 1;
    %pushi/vec4 1, 0, 1;
    %store/vec4 v00000187d2cf3ef0_0, 0, 1;
    %jmp T_4.47;
T_4.6 ;
    %pushi/vec4 1, 0, 1;
    %store/vec4 v00000187d2cf22d0_0, 0, 1;
    %pushi/vec4 1, 0, 1;
    %store/vec4 v00000187d2cf4990_0, 0, 1;
    %load/vec4 v00000187d2cf2af0_0;
    %cmpi/e 14, 0, 5;
    %flag_mov 8, 4;
    %jmp/0 T_4.59, 8;
    %pushi/vec4 7, 0, 5;
    %jmp/1 T_4.60, 8;
T_4.59 ; End of true expr.
    %pushi/vec4 6, 0, 5;
    %jmp/0 T_4.60, 8;
 ; End of false expr.
    %blend;
T_4.60;
    %store/vec4 v00000187d2cf2ff0_0, 0, 5;
    %pushi/vec4 1, 0, 1;
    %store/vec4 v00000187d2cf4850_0, 0, 1;
    %jmp T_4.47;
T_4.7 ;
    %pushi/vec4 19, 0, 5;
    %store/vec4 v00000187d2cf3bd0_0, 0, 5;
    %pushi/vec4 1, 0, 1;
    %store/vec4 v00000187d2cf2f50_0, 0, 1;
    %pushi/vec4 1, 0, 1;
    %store/vec4 v00000187d2cf3ef0_0, 0, 1;
    %jmp T_4.47;
T_4.8 ;
    %pushi/vec4 1, 0, 1;
    %store/vec4 v00000187d2cf2f50_0, 0, 1;
    %pushi/vec4 1, 0, 1;
    %store/vec4 v00000187d2cf4990_0, 0, 1;
    %pushi/vec4 1, 0, 1;
    %store/vec4 v00000187d2cf3130_0, 0, 1;
    %jmp T_4.47;
T_4.9 ;
    %pushi/vec4 1, 0, 1;
    %store/vec4 v00000187d2cf22d0_0, 0, 1;
    %pushi/vec4 1, 0, 1;
    %store/vec4 v00000187d2cf4990_0, 0, 1;
    %pushi/vec4 2, 0, 5;
    %store/vec4 v00000187d2cf2ff0_0, 0, 5;
    %pushi/vec4 1, 0, 1;
    %store/vec4 v00000187d2cf4850_0, 0, 1;
    %jmp T_4.47;
T_4.10 ;
    %pushi/vec4 19, 0, 5;
    %store/vec4 v00000187d2cf3bd0_0, 0, 5;
    %pushi/vec4 1, 0, 1;
    %store/vec4 v00000187d2cf3770_0, 0, 1;
    %jmp T_4.47;
T_4.11 ;
    %pushi/vec4 18, 0, 5;
    %store/vec4 v00000187d2cf3bd0_0, 0, 5;
    %pushi/vec4 1, 0, 1;
    %store/vec4 v00000187d2cf3b30_0, 0, 1;
    %jmp T_4.47;
T_4.12 ;
    %pushi/vec4 1, 0, 1;
    %store/vec4 v00000187d2cf2f50_0, 0, 1;
    %pushi/vec4 1, 0, 1;
    %store/vec4 v00000187d2cf4990_0, 0, 1;
    %pushi/vec4 1, 0, 1;
    %store/vec4 v00000187d2cf3130_0, 0, 1;
    %jmp T_4.47;
T_4.13 ;
    %pushi/vec4 1, 0, 1;
    %store/vec4 v00000187d2cf22d0_0, 0, 1;
    %pushi/vec4 1, 0, 1;
    %store/vec4 v00000187d2cf4990_0, 0, 1;
    %pushi/vec4 3, 0, 5;
    %store/vec4 v00000187d2cf2ff0_0, 0, 5;
    %pushi/vec4 1, 0, 1;
    %store/vec4 v00000187d2cf4850_0, 0, 1;
    %jmp T_4.47;
T_4.14 ;
    %pushi/vec4 19, 0, 5;
    %store/vec4 v00000187d2cf3bd0_0, 0, 5;
    %pushi/vec4 1, 0, 1;
    %store/vec4 v00000187d2cf3770_0, 0, 1;
    %jmp T_4.47;
T_4.15 ;
    %pushi/vec4 18, 0, 5;
    %store/vec4 v00000187d2cf3bd0_0, 0, 5;
    %pushi/vec4 1, 0, 1;
    %store/vec4 v00000187d2cf3b30_0, 0, 1;
    %jmp T_4.47;
T_4.16 ;
    %pushi/vec4 1, 0, 1;
    %store/vec4 v00000187d2cf22d0_0, 0, 1;
    %pushi/vec4 1, 0, 1;
    %store/vec4 v00000187d2cf3310_0, 0, 1;
    %pushi/vec4 1, 0, 1;
    %store/vec4 v00000187d2cf4990_0, 0, 1;
    %pushi/vec4 1, 0, 1;
    %store/vec4 v00000187d2cf3130_0, 0, 1;
    %jmp T_4.47;
T_4.17 ;
    %pushi/vec4 1, 0, 1;
    %store/vec4 v00000187d2cf3db0_0, 0, 1;
    %pushi/vec4 23, 0, 5;
    %store/vec4 v00000187d2cf3bd0_0, 0, 5;
    %pushi/vec4 0, 0, 5;
    %store/vec4 v00000187d2cf2ff0_0, 0, 5;
    %pushi/vec4 1, 0, 1;
    %store/vec4 v00000187d2cf4850_0, 0, 1;
    %jmp T_4.47;
T_4.18 ;
    %pushi/vec4 19, 0, 5;
    %store/vec4 v00000187d2cf3bd0_0, 0, 5;
    %pushi/vec4 1, 0, 1;
    %store/vec4 v00000187d2cf3f90_0, 0, 1;
    %jmp T_4.47;
T_4.19 ;
    %pushi/vec4 1, 0, 1;
    %store/vec4 v00000187d2cf2d70_0, 0, 1;
    %pushi/vec4 1, 0, 1;
    %store/vec4 v00000187d2cf33b0_0, 0, 1;
    %pushi/vec4 1, 0, 1;
    %store/vec4 v00000187d2cf4170_0, 0, 1;
    %jmp T_4.47;
T_4.20 ;
    %pushi/vec4 21, 0, 5;
    %store/vec4 v00000187d2cf3bd0_0, 0, 5;
    %pushi/vec4 1, 0, 1;
    %store/vec4 v00000187d2cf2f50_0, 0, 1;
    %pushi/vec4 1, 0, 1;
    %store/vec4 v00000187d2cf3ef0_0, 0, 1;
    %jmp T_4.47;
T_4.21 ;
    %pushi/vec4 1, 0, 1;
    %store/vec4 v00000187d2cf22d0_0, 0, 1;
    %pushi/vec4 1, 0, 1;
    %store/vec4 v00000187d2cf3310_0, 0, 1;
    %pushi/vec4 1, 0, 1;
    %store/vec4 v00000187d2cf4990_0, 0, 1;
    %pushi/vec4 1, 0, 1;
    %store/vec4 v00000187d2cf3130_0, 0, 1;
    %jmp T_4.47;
T_4.22 ;
    %pushi/vec4 1, 0, 1;
    %store/vec4 v00000187d2cf3db0_0, 0, 1;
    %pushi/vec4 23, 0, 5;
    %store/vec4 v00000187d2cf3bd0_0, 0, 5;
    %pushi/vec4 0, 0, 5;
    %store/vec4 v00000187d2cf2ff0_0, 0, 5;
    %pushi/vec4 1, 0, 1;
    %store/vec4 v00000187d2cf4850_0, 0, 1;
    %jmp T_4.47;
T_4.23 ;
    %pushi/vec4 19, 0, 5;
    %store/vec4 v00000187d2cf3bd0_0, 0, 5;
    %pushi/vec4 1, 0, 1;
    %store/vec4 v00000187d2cf2f50_0, 0, 1;
    %pushi/vec4 1, 0, 1;
    %store/vec4 v00000187d2cf3ef0_0, 0, 1;
    %jmp T_4.47;
T_4.24 ;
    %pushi/vec4 1, 0, 1;
    %store/vec4 v00000187d2cf22d0_0, 0, 1;
    %pushi/vec4 1, 0, 1;
    %store/vec4 v00000187d2cf3310_0, 0, 1;
    %pushi/vec4 1, 0, 1;
    %store/vec4 v00000187d2cf4990_0, 0, 1;
    %pushi/vec4 1, 0, 1;
    %store/vec4 v00000187d2cf3130_0, 0, 1;
    %jmp T_4.47;
T_4.25 ;
    %pushi/vec4 1, 0, 1;
    %store/vec4 v00000187d2cf3db0_0, 0, 1;
    %pushi/vec4 23, 0, 5;
    %store/vec4 v00000187d2cf3bd0_0, 0, 5;
    %pushi/vec4 0, 0, 5;
    %store/vec4 v00000187d2cf2ff0_0, 0, 5;
    %pushi/vec4 1, 0, 1;
    %store/vec4 v00000187d2cf4850_0, 0, 1;
    %jmp T_4.47;
T_4.26 ;
    %pushi/vec4 19, 0, 5;
    %store/vec4 v00000187d2cf3bd0_0, 0, 5;
    %pushi/vec4 1, 0, 1;
    %store/vec4 v00000187d2cf3f90_0, 0, 1;
    %jmp T_4.47;
T_4.27 ;
    %pushi/vec4 1, 0, 1;
    %store/vec4 v00000187d2cf2f50_0, 0, 1;
    %pushi/vec4 1, 0, 1;
    %store/vec4 v00000187d2cf4990_0, 0, 1;
    %pushi/vec4 1, 0, 1;
    %store/vec4 v00000187d2cf33b0_0, 0, 1;
    %jmp T_4.47;
T_4.28 ;
    %pushi/vec4 21, 0, 5;
    %store/vec4 v00000187d2cf3bd0_0, 0, 5;
    %pushi/vec4 1, 0, 1;
    %store/vec4 v00000187d2cf4170_0, 0, 1;
    %jmp T_4.47;
T_4.29 ;
    %pushi/vec4 1, 0, 1;
    %store/vec4 v00000187d2cf22d0_0, 0, 1;
    %pushi/vec4 1, 0, 1;
    %store/vec4 v00000187d2cf4990_0, 0, 1;
    %pushi/vec4 1, 0, 1;
    %store/vec4 v00000187d2cf3130_0, 0, 1;
    %jmp T_4.47;
T_4.30 ;
    %pushi/vec4 1, 0, 1;
    %store/vec4 v00000187d2cf3db0_0, 0, 1;
    %pushi/vec4 23, 0, 5;
    %store/vec4 v00000187d2cf3bd0_0, 0, 5;
    %load/vec4 v00000187d2cf2af0_0;
    %dup/vec4;
    %pushi/vec4 9, 0, 5;
    %cmp/u;
    %jmp/1 T_4.61, 6;
    %dup/vec4;
    %pushi/vec4 10, 0, 5;
    %cmp/u;
    %jmp/1 T_4.62, 6;
    %dup/vec4;
    %pushi/vec4 11, 0, 5;
    %cmp/u;
    %jmp/1 T_4.63, 6;
    %pushi/vec4 0, 0, 5;
    %store/vec4 v00000187d2cf2ff0_0, 0, 5;
    %jmp T_4.65;
T_4.61 ;
    %pushi/vec4 0, 0, 5;
    %store/vec4 v00000187d2cf2ff0_0, 0, 5;
    %jmp T_4.65;
T_4.62 ;
    %pushi/vec4 4, 0, 5;
    %store/vec4 v00000187d2cf2ff0_0, 0, 5;
    %jmp T_4.65;
T_4.63 ;
    %pushi/vec4 5, 0, 5;
    %store/vec4 v00000187d2cf2ff0_0, 0, 5;
    %jmp T_4.65;
T_4.65 ;
    %pop/vec4 1;
    %pushi/vec4 1, 0, 1;
    %store/vec4 v00000187d2cf4850_0, 0, 1;
    %jmp T_4.47;
T_4.31 ;
    %pushi/vec4 19, 0, 5;
    %store/vec4 v00000187d2cf3bd0_0, 0, 5;
    %pushi/vec4 1, 0, 1;
    %store/vec4 v00000187d2cf2f50_0, 0, 1;
    %pushi/vec4 1, 0, 1;
    %store/vec4 v00000187d2cf3ef0_0, 0, 1;
    %jmp T_4.47;
T_4.32 ;
    %pushi/vec4 1, 0, 1;
    %store/vec4 v00000187d2cf2f50_0, 0, 1;
    %pushi/vec4 1, 0, 1;
    %store/vec4 v00000187d2cf4990_0, 0, 1;
    %pushi/vec4 1, 0, 1;
    %store/vec4 v00000187d2cf40d0_0, 0, 1;
    %jmp T_4.47;
T_4.33 ;
    %pushi/vec4 20, 0, 5;
    %store/vec4 v00000187d2cf3bd0_0, 0, 5;
    %pushi/vec4 1, 0, 1;
    %store/vec4 v00000187d2cf3130_0, 0, 1;
    %jmp T_4.47;
T_4.34 ;
    %pushi/vec4 1, 0, 1;
    %store/vec4 v00000187d2cf3db0_0, 0, 1;
    %pushi/vec4 23, 0, 5;
    %store/vec4 v00000187d2cf3bd0_0, 0, 5;
    %pushi/vec4 0, 0, 5;
    %store/vec4 v00000187d2cf2ff0_0, 0, 5;
    %pushi/vec4 1, 0, 1;
    %store/vec4 v00000187d2cf4850_0, 0, 1;
    %jmp T_4.47;
T_4.35 ;
    %pushi/vec4 19, 0, 5;
    %store/vec4 v00000187d2cf3bd0_0, 0, 5;
    %load/vec4 v00000187d2cf3590_0;
    %store/vec4 v00000187d2cf27d0_0, 0, 1;
    %jmp T_4.47;
T_4.36 ;
    %pushi/vec4 1, 0, 1;
    %store/vec4 v00000187d2cf2f50_0, 0, 1;
    %pushi/vec4 1, 0, 1;
    %store/vec4 v00000187d2cf4990_0, 0, 1;
    %pushi/vec4 1, 0, 1;
    %store/vec4 v00000187d2cf27d0_0, 0, 1;
    %jmp T_4.47;
T_4.37 ;
    %pushi/vec4 20, 0, 5;
    %store/vec4 v00000187d2cf3bd0_0, 0, 5;
    %pushi/vec4 1, 0, 1;
    %store/vec4 v00000187d2cf3950_0, 0, 1;
    %jmp T_4.47;
T_4.38 ;
    %pushi/vec4 1, 0, 1;
    %store/vec4 v00000187d2cf2f50_0, 0, 1;
    %pushi/vec4 1, 0, 1;
    %store/vec4 v00000187d2cf4990_0, 0, 1;
    %pushi/vec4 1, 0, 1;
    %store/vec4 v00000187d2cf27d0_0, 0, 1;
    %jmp T_4.47;
T_4.39 ;
    %pushi/vec4 16, 0, 5;
    %store/vec4 v00000187d2cf3bd0_0, 0, 5;
    %pushi/vec4 1, 0, 1;
    %store/vec4 v00000187d2cf2f50_0, 0, 1;
    %pushi/vec4 1, 0, 1;
    %store/vec4 v00000187d2cf3ef0_0, 0, 1;
    %jmp T_4.47;
T_4.40 ;
    %pushi/vec4 17, 0, 5;
    %store/vec4 v00000187d2cf3bd0_0, 0, 5;
    %pushi/vec4 1, 0, 1;
    %store/vec4 v00000187d2cf2f50_0, 0, 1;
    %pushi/vec4 1, 0, 1;
    %store/vec4 v00000187d2cf3ef0_0, 0, 1;
    %jmp T_4.47;
T_4.41 ;
    %pushi/vec4 1, 0, 1;
    %store/vec4 v00000187d2cf3630_0, 0, 1;
    %jmp T_4.47;
T_4.42 ;
    %pushi/vec4 22, 0, 5;
    %store/vec4 v00000187d2cf3bd0_0, 0, 5;
    %pushi/vec4 1, 0, 1;
    %store/vec4 v00000187d2cf2f50_0, 0, 1;
    %pushi/vec4 1, 0, 1;
    %store/vec4 v00000187d2cf3ef0_0, 0, 1;
    %jmp T_4.47;
T_4.43 ;
    %pushi/vec4 1, 0, 1;
    %store/vec4 v00000187d2cf2f50_0, 0, 1;
    %pushi/vec4 1, 0, 1;
    %store/vec4 v00000187d2cf4990_0, 0, 1;
    %pushi/vec4 1, 0, 1;
    %store/vec4 v00000187d2cf2cd0_0, 0, 1;
    %jmp T_4.47;
T_4.44 ;
    %jmp T_4.47;
T_4.45 ;
    %jmp T_4.47;
T_4.46 ;
    %jmp T_4.47;
T_4.47 ;
    %pop/vec4 1;
    %jmp T_4;
    .thread T_4, $push;
    .scope S_00000187d2e17e40;
T_5 ;
    %wait E_00000187d2d122a0;
    %load/vec4 v00000187d2e1bc30_0;
    %flag_set/vec4 8;
    %jmp/0xz  T_5.0, 8;
    %pushi/vec4 0, 0, 32;
    %assign/vec4 v00000187d2e1b690_0, 0;
    %jmp T_5.1;
T_5.0 ;
    %load/vec4 v00000187d2e1c590_0;
    %flag_set/vec4 8;
    %jmp/0xz  T_5.2, 8;
    %load/vec4 v00000187d2e1d850_0;
    %assign/vec4 v00000187d2e1b690_0, 0;
T_5.2 ;
T_5.1 ;
    %jmp T_5;
    .thread T_5;
    .scope S_00000187d2e17fd0;
T_6 ;
    %wait E_00000187d2d122a0;
    %load/vec4 v00000187d2e1c090_0;
    %flag_set/vec4 8;
    %jmp/0xz  T_6.0, 8;
    %pushi/vec4 0, 0, 32;
    %assign/vec4 v00000187d2e1d5d0_0, 0;
    %jmp T_6.1;
T_6.0 ;
    %load/vec4 v00000187d2e1b550_0;
    %flag_set/vec4 8;
    %jmp/0xz  T_6.2, 8;
    %load/vec4 v00000187d2e1bd70_0;
    %assign/vec4 v00000187d2e1d5d0_0, 0;
T_6.2 ;
T_6.1 ;
    %jmp T_6;
    .thread T_6;
    .scope S_00000187d2e15410;
T_7 ;
    %wait E_00000187d2d122a0;
    %load/vec4 v00000187d2e1b410_0;
    %flag_set/vec4 8;
    %jmp/0xz  T_7.0, 8;
    %pushi/vec4 0, 0, 32;
    %assign/vec4 v00000187d2e1b190_0, 0;
    %jmp T_7.1;
T_7.0 ;
    %load/vec4 v00000187d2e1b370_0;
    %flag_set/vec4 8;
    %jmp/0xz  T_7.2, 8;
    %load/vec4 v00000187d2e1d7b0_0;
    %assign/vec4 v00000187d2e1b190_0, 0;
T_7.2 ;
T_7.1 ;
    %jmp T_7;
    .thread T_7;
    .scope S_00000187d2e14ab0;
T_8 ;
    %wait E_00000187d2d122a0;
    %load/vec4 v00000187d2e1ff10_0;
    %flag_set/vec4 8;
    %jmp/0xz  T_8.0, 8;
    %pushi/vec4 0, 0, 32;
    %assign/vec4 v00000187d2e1b7d0_0, 0;
    %jmp T_8.1;
T_8.0 ;
    %load/vec4 v00000187d2e1baf0_0;
    %flag_set/vec4 8;
    %jmp/0xz  T_8.2, 8;
    %load/vec4 v00000187d2e1b4b0_0;
    %assign/vec4 v00000187d2e1b7d0_0, 0;
T_8.2 ;
T_8.1 ;
    %jmp T_8;
    .thread T_8;
    .scope S_00000187d2e150f0;
T_9 ;
    %wait E_00000187d2d122a0;
    %load/vec4 v00000187d2e1fc90_0;
    %flag_set/vec4 8;
    %jmp/0xz  T_9.0, 8;
    %pushi/vec4 0, 0, 32;
    %assign/vec4 v00000187d2e1e750_0, 0;
    %jmp T_9.1;
T_9.0 ;
    %load/vec4 v00000187d2e1dd50_0;
    %flag_set/vec4 8;
    %jmp/0xz  T_9.2, 8;
    %load/vec4 v00000187d2e1f150_0;
    %assign/vec4 v00000187d2e1e750_0, 0;
T_9.2 ;
T_9.1 ;
    %jmp T_9;
    .thread T_9;
    .scope S_00000187d2e16ea0;
T_10 ;
    %wait E_00000187d2d122a0;
    %load/vec4 v00000187d2e1ee30_0;
    %flag_set/vec4 8;
    %jmp/0xz  T_10.0, 8;
    %pushi/vec4 0, 0, 32;
    %assign/vec4 v00000187d2e1e110_0, 0;
    %jmp T_10.1;
T_10.0 ;
    %load/vec4 v00000187d2e1f970_0;
    %flag_set/vec4 8;
    %jmp/0xz  T_10.2, 8;
    %load/vec4 v00000187d2e1f510_0;
    %assign/vec4 v00000187d2e1e110_0, 0;
T_10.2 ;
T_10.1 ;
    %jmp T_10;
    .thread T_10;
    .scope S_00000187d2e171c0;
T_11 ;
    %wait E_00000187d2d122a0;
    %load/vec4 v00000187d2e1f1f0_0;
    %flag_set/vec4 8;
    %jmp/0xz  T_11.0, 8;
    %pushi/vec4 0, 0, 32;
    %assign/vec4 v00000187d2e1f8d0_0, 0;
    %jmp T_11.1;
T_11.0 ;
    %load/vec4 v00000187d2e1dfd0_0;
    %flag_set/vec4 8;
    %jmp/0xz  T_11.2, 8;
    %load/vec4 v00000187d2e1fdd0_0;
    %assign/vec4 v00000187d2e1f8d0_0, 0;
T_11.2 ;
T_11.1 ;
    %jmp T_11;
    .thread T_11;
    .scope S_00000187d2e155a0;
T_12 ;
    %wait E_00000187d2d122a0;
    %load/vec4 v00000187d2e200f0_0;
    %flag_set/vec4 8;
    %jmp/0xz  T_12.0, 8;
    %pushi/vec4 0, 0, 32;
    %assign/vec4 v00000187d2e1eed0_0, 0;
    %jmp T_12.1;
T_12.0 ;
    %load/vec4 v00000187d2e1e430_0;
    %flag_set/vec4 8;
    %jmp/0xz  T_12.2, 8;
    %load/vec4 v00000187d2e1fa10_0;
    %assign/vec4 v00000187d2e1eed0_0, 0;
T_12.2 ;
T_12.1 ;
    %jmp T_12;
    .thread T_12;
    .scope S_00000187d2e174e0;
T_13 ;
    %wait E_00000187d2d122a0;
    %load/vec4 v00000187d2e1e890_0;
    %flag_set/vec4 8;
    %jmp/0xz  T_13.0, 8;
    %pushi/vec4 0, 0, 32;
    %assign/vec4 v00000187d2e1fe70_0, 0;
    %jmp T_13.1;
T_13.0 ;
    %load/vec4 v00000187d2e1ddf0_0;
    %flag_set/vec4 8;
    %jmp/0xz  T_13.2, 8;
    %load/vec4 v00000187d2e1e570_0;
    %assign/vec4 v00000187d2e1fe70_0, 0;
T_13.2 ;
T_13.1 ;
    %jmp T_13;
    .thread T_13;
    .scope S_00000187d2e17b20;
T_14 ;
    %wait E_00000187d2d122a0;
    %load/vec4 v00000187d2e1eb10_0;
    %flag_set/vec4 8;
    %jmp/0xz  T_14.0, 8;
    %pushi/vec4 0, 0, 32;
    %assign/vec4 v00000187d2e1fab0_0, 0;
    %jmp T_14.1;
T_14.0 ;
    %load/vec4 v00000187d2e1ef70_0;
    %flag_set/vec4 8;
    %jmp/0xz  T_14.2, 8;
    %load/vec4 v00000187d2e1e9d0_0;
    %assign/vec4 v00000187d2e1fab0_0, 0;
T_14.2 ;
T_14.1 ;
    %jmp T_14;
    .thread T_14;
    .scope S_00000187d2e16860;
T_15 ;
    %wait E_00000187d2d122a0;
    %load/vec4 v00000187d2e1c950_0;
    %flag_set/vec4 8;
    %jmp/0xz  T_15.0, 8;
    %pushi/vec4 0, 0, 32;
    %assign/vec4 v00000187d2e1be10_0, 0;
    %jmp T_15.1;
T_15.0 ;
    %load/vec4 v00000187d2e1c6d0_0;
    %flag_set/vec4 8;
    %jmp/0xz  T_15.2, 8;
    %load/vec4 v00000187d2e1beb0_0;
    %assign/vec4 v00000187d2e1be10_0, 0;
T_15.2 ;
T_15.1 ;
    %jmp T_15;
    .thread T_15;
    .scope S_00000187d2e18480;
T_16 ;
    %wait E_00000187d2d122a0;
    %load/vec4 v00000187d2e1d8f0_0;
    %flag_set/vec4 8;
    %jmp/0xz  T_16.0, 8;
    %pushi/vec4 0, 0, 32;
    %assign/vec4 v00000187d2e1d030_0, 0;
    %jmp T_16.1;
T_16.0 ;
    %load/vec4 v00000187d2e1c4f0_0;
    %flag_set/vec4 8;
    %jmp/0xz  T_16.2, 8;
    %load/vec4 v00000187d2e1b2d0_0;
    %assign/vec4 v00000187d2e1d030_0, 0;
T_16.2 ;
T_16.1 ;
    %jmp T_16;
    .thread T_16;
    .scope S_00000187d2e17670;
T_17 ;
    %wait E_00000187d2d122a0;
    %load/vec4 v00000187d2e1c8b0_0;
    %flag_set/vec4 8;
    %jmp/0xz  T_17.0, 8;
    %pushi/vec4 0, 0, 32;
    %assign/vec4 v00000187d2e1b870_0, 0;
    %jmp T_17.1;
T_17.0 ;
    %load/vec4 v00000187d2e1c1d0_0;
    %flag_set/vec4 8;
    %jmp/0xz  T_17.2, 8;
    %load/vec4 v00000187d2e1d210_0;
    %assign/vec4 v00000187d2e1b870_0, 0;
T_17.2 ;
T_17.1 ;
    %jmp T_17;
    .thread T_17;
    .scope S_00000187d2e169f0;
T_18 ;
    %wait E_00000187d2d122a0;
    %load/vec4 v00000187d2e1b5f0_0;
    %flag_set/vec4 8;
    %jmp/0xz  T_18.0, 8;
    %pushi/vec4 0, 0, 32;
    %assign/vec4 v00000187d2e1cbd0_0, 0;
    %jmp T_18.1;
T_18.0 ;
    %load/vec4 v00000187d2e1b9b0_0;
    %flag_set/vec4 8;
    %jmp/0xz  T_18.2, 8;
    %load/vec4 v00000187d2e1cdb0_0;
    %assign/vec4 v00000187d2e1cbd0_0, 0;
T_18.2 ;
T_18.1 ;
    %jmp T_18;
    .thread T_18;
    .scope S_00000187d2e15280;
T_19 ;
    %wait E_00000187d2d122a0;
    %load/vec4 v00000187d2e1d0d0_0;
    %flag_set/vec4 8;
    %jmp/0xz  T_19.0, 8;
    %pushi/vec4 0, 0, 32;
    %assign/vec4 v00000187d2e1d490_0, 0;
    %jmp T_19.1;
T_19.0 ;
    %load/vec4 v00000187d2e1b230_0;
    %flag_set/vec4 8;
    %jmp/0xz  T_19.2, 8;
    %load/vec4 v00000187d2e1bff0_0;
    %assign/vec4 v00000187d2e1d490_0, 0;
T_19.2 ;
T_19.1 ;
    %jmp T_19;
    .thread T_19;
    .scope S_00000187d2e16b80;
T_20 ;
    %wait E_00000187d2d122a0;
    %load/vec4 v00000187d2e1b730_0;
    %flag_set/vec4 8;
    %jmp/0xz  T_20.0, 8;
    %pushi/vec4 0, 0, 32;
    %assign/vec4 v00000187d2e1d530_0, 0;
    %jmp T_20.1;
T_20.0 ;
    %load/vec4 v00000187d2e1ba50_0;
    %flag_set/vec4 8;
    %jmp/0xz  T_20.2, 8;
    %load/vec4 v00000187d2e1d350_0;
    %assign/vec4 v00000187d2e1d530_0, 0;
T_20.2 ;
T_20.1 ;
    %jmp T_20;
    .thread T_20;
    .scope S_00000187d2dfe660;
T_21 ;
    %wait E_00000187d2d0da60;
    %load/vec4 v00000187d2e04ad0_0;
    %flag_set/vec4 8;
    %jmp/0xz  T_21.0, 8;
    %pushi/vec4 0, 0, 32;
    %assign/vec4 v00000187d2e04670_0, 0;
    %jmp T_21.1;
T_21.0 ;
    %load/vec4 v00000187d2e057f0_0;
    %flag_set/vec4 8;
    %jmp/0xz  T_21.2, 8;
    %load/vec4 v00000187d2e052f0_0;
    %assign/vec4 v00000187d2e04670_0, 0;
    %jmp T_21.3;
T_21.2 ;
    %load/vec4 v00000187d2e036d0_0;
    %flag_set/vec4 8;
    %jmp/0xz  T_21.4, 8;
    %load/vec4 v00000187d2e042b0_0;
    %assign/vec4 v00000187d2e04670_0, 0;
T_21.4 ;
T_21.3 ;
T_21.1 ;
    %jmp T_21;
    .thread T_21;
    .scope S_00000187d2dfcd60;
T_22 ;
    %wait E_00000187d2d122a0;
    %load/vec4 v00000187d2e05cf0_0;
    %flag_set/vec4 8;
    %jmp/0xz  T_22.0, 8;
    %pushi/vec4 0, 0, 32;
    %assign/vec4 v00000187d2e06e70_0, 0;
    %jmp T_22.1;
T_22.0 ;
    %load/vec4 v00000187d2e05bb0_0;
    %flag_set/vec4 8;
    %jmp/0xz  T_22.2, 8;
    %load/vec4 v00000187d2e06a10_0;
    %assign/vec4 v00000187d2e06e70_0, 0;
T_22.2 ;
T_22.1 ;
    %jmp T_22;
    .thread T_22;
    .scope S_00000187d2e17350;
T_23 ;
    %wait E_00000187d2d122a0;
    %load/vec4 v00000187d2e04b70_0;
    %flag_set/vec4 8;
    %jmp/0xz  T_23.0, 8;
    %pushi/vec4 0, 0, 32;
    %assign/vec4 v00000187d2e04710_0, 0;
    %jmp T_23.1;
T_23.0 ;
    %load/vec4 v00000187d2e03bd0_0;
    %flag_set/vec4 8;
    %jmp/0xz  T_23.2, 8;
    %load/vec4 v00000187d2e03950_0;
    %assign/vec4 v00000187d2e04710_0, 0;
T_23.2 ;
T_23.1 ;
    %jmp T_23;
    .thread T_23;
    .scope S_00000187d2e17cb0;
T_24 ;
    %wait E_00000187d2d122a0;
    %load/vec4 v00000187d2e033b0_0;
    %flag_set/vec4 8;
    %jmp/0xz  T_24.0, 8;
    %pushi/vec4 0, 0, 32;
    %assign/vec4 v00000187d2e04a30_0, 0;
    %jmp T_24.1;
T_24.0 ;
    %load/vec4 v00000187d2e04210_0;
    %flag_set/vec4 8;
    %jmp/0xz  T_24.2, 8;
    %load/vec4 v00000187d2e031d0_0;
    %assign/vec4 v00000187d2e04a30_0, 0;
T_24.2 ;
T_24.1 ;
    %jmp T_24;
    .thread T_24;
    .scope S_00000187d2e15d70;
T_25 ;
    %wait E_00000187d2d122a0;
    %load/vec4 v00000187d2e04c10_0;
    %flag_set/vec4 8;
    %jmp/0xz  T_25.0, 8;
    %pushi/vec4 0, 0, 32;
    %assign/vec4 v00000187d2e056b0_0, 0;
    %jmp T_25.1;
T_25.0 ;
    %load/vec4 v00000187d2e03630_0;
    %flag_set/vec4 8;
    %jmp/0xz  T_25.2, 8;
    %load/vec4 v00000187d2e03450_0;
    %assign/vec4 v00000187d2e056b0_0, 0;
T_25.2 ;
T_25.1 ;
    %jmp T_25;
    .thread T_25;
    .scope S_00000187d2dfc8b0;
T_26 ;
    %wait E_00000187d2d122a0;
    %load/vec4 v00000187d2e07410_0;
    %flag_set/vec4 8;
    %jmp/0xz  T_26.0, 8;
    %pushi/vec4 0, 0, 32;
    %assign/vec4 v00000187d2e07230_0, 0;
    %jmp T_26.1;
T_26.0 ;
    %load/vec4 v00000187d2e072d0_0;
    %flag_set/vec4 8;
    %jmp/0xz  T_26.2, 8;
    %load/vec4 v00000187d2e06f10_0;
    %assign/vec4 v00000187d2e07230_0, 0;
T_26.2 ;
T_26.1 ;
    %jmp T_26;
    .thread T_26;
    .scope S_00000187d2dfe980;
T_27 ;
    %wait E_00000187d2d122a0;
    %load/vec4 v00000187d2e068d0_0;
    %flag_set/vec4 8;
    %jmp/0xz  T_27.0, 8;
    %pushi/vec4 0, 0, 32;
    %assign/vec4 v00000187d2e074b0_0, 0;
    %jmp T_27.1;
T_27.0 ;
    %load/vec4 v00000187d2e06830_0;
    %flag_set/vec4 8;
    %jmp/0xz  T_27.2, 8;
    %load/vec4 v00000187d2e05b10_0;
    %assign/vec4 v00000187d2e074b0_0, 0;
T_27.2 ;
T_27.1 ;
    %jmp T_27;
    .thread T_27;
    .scope S_00000187d2dfeca0;
T_28 ;
    %wait E_00000187d2d122a0;
    %load/vec4 v00000187d2e06c90_0;
    %flag_set/vec4 8;
    %jmp/0xz  T_28.0, 8;
    %pushi/vec4 0, 0, 32;
    %assign/vec4 v00000187d2e07ff0_0, 0;
    %jmp T_28.1;
T_28.0 ;
    %load/vec4 v00000187d2e059d0_0;
    %flag_set/vec4 8;
    %jmp/0xz  T_28.2, 8;
    %load/vec4 v00000187d2e07b90_0;
    %assign/vec4 v00000187d2e07ff0_0, 0;
T_28.2 ;
T_28.1 ;
    %jmp T_28;
    .thread T_28;
    .scope S_00000187d2e16d10;
T_29 ;
    %wait E_00000187d2d0da60;
    %load/vec4 v00000187d2e040d0_0;
    %flag_set/vec4 8;
    %jmp/0xz  T_29.0, 8;
    %pushi/vec4 0, 0, 32;
    %assign/vec4 v00000187d2e03b30_0, 0;
    %jmp T_29.1;
T_29.0 ;
    %load/vec4 v00000187d2e051b0_0;
    %flag_set/vec4 8;
    %jmp/0xz  T_29.2, 8;
    %load/vec4 v00000187d2e05890_0;
    %flag_set/vec4 8;
    %jmp/0 T_29.4, 8;
    %load/vec4 v00000187d2e05250_0;
    %jmp/1 T_29.5, 8;
T_29.4 ; End of true expr.
    %load/vec4 v00000187d2e05110_0;
    %jmp/0 T_29.5, 8;
 ; End of false expr.
    %blend;
T_29.5;
    %assign/vec4 v00000187d2e03b30_0, 0;
T_29.2 ;
T_29.1 ;
    %jmp T_29;
    .thread T_29;
    .scope S_00000187d2e15f00;
T_30 ;
    %vpi_call 19 17 "$readmemh", "simulation/P3/memory_p3.hex", v00000187d2e1d3f0 {0 0 0};
    %end;
    .thread T_30;
    .scope S_00000187d2e15f00;
T_31 ;
    %wait E_00000187d2d122a0;
    %load/vec4 v00000187d2e1c630_0;
    %flag_set/vec4 9;
    %flag_get/vec4 9;
    %jmp/0 T_31.2, 9;
    %load/vec4 v00000187d2e1bb90_0;
    %nor/r;
    %and;
T_31.2;
    %flag_set/vec4 8;
    %jmp/0xz  T_31.0, 8;
    %load/vec4 v00000187d2e1bf50_0;
    %load/vec4 v00000187d2e1c810_0;
    %pad/u 11;
    %ix/vec4 3;
    %ix/load 4, 0, 0; Constant delay
    %assign/vec4/a/d v00000187d2e1d3f0, 0, 4;
T_31.0 ;
    %jmp T_31;
    .thread T_31;
    .scope S_00000187d2e14f60;
T_32 ;
    %wait E_00000187d2d127a0;
    %load/vec4 v00000187d2e21f90_0;
    %dup/vec4;
    %pushi/vec4 0, 0, 4;
    %cmp/u;
    %jmp/1 T_32.0, 6;
    %dup/vec4;
    %pushi/vec4 1, 0, 4;
    %cmp/u;
    %jmp/1 T_32.1, 6;
    %dup/vec4;
    %pushi/vec4 2, 0, 4;
    %cmp/u;
    %jmp/1 T_32.2, 6;
    %dup/vec4;
    %pushi/vec4 3, 0, 4;
    %cmp/u;
    %jmp/1 T_32.3, 6;
    %dup/vec4;
    %pushi/vec4 4, 0, 4;
    %cmp/u;
    %jmp/1 T_32.4, 6;
    %dup/vec4;
    %pushi/vec4 5, 0, 4;
    %cmp/u;
    %jmp/1 T_32.5, 6;
    %dup/vec4;
    %pushi/vec4 6, 0, 4;
    %cmp/u;
    %jmp/1 T_32.6, 6;
    %dup/vec4;
    %pushi/vec4 7, 0, 4;
    %cmp/u;
    %jmp/1 T_32.7, 6;
    %dup/vec4;
    %pushi/vec4 8, 0, 4;
    %cmp/u;
    %jmp/1 T_32.8, 6;
    %dup/vec4;
    %pushi/vec4 9, 0, 4;
    %cmp/u;
    %jmp/1 T_32.9, 6;
    %dup/vec4;
    %pushi/vec4 10, 0, 4;
    %cmp/u;
    %jmp/1 T_32.10, 6;
    %dup/vec4;
    %pushi/vec4 11, 0, 4;
    %cmp/u;
    %jmp/1 T_32.11, 6;
    %dup/vec4;
    %pushi/vec4 12, 0, 4;
    %cmp/u;
    %jmp/1 T_32.12, 6;
    %dup/vec4;
    %pushi/vec4 13, 0, 4;
    %cmp/u;
    %jmp/1 T_32.13, 6;
    %dup/vec4;
    %pushi/vec4 14, 0, 4;
    %cmp/u;
    %jmp/1 T_32.14, 6;
    %dup/vec4;
    %pushi/vec4 15, 0, 4;
    %cmp/u;
    %jmp/1 T_32.15, 6;
    %pushi/vec4 0, 0, 16;
    %store/vec4 v00000187d2e20730_0, 0, 16;
    %jmp T_32.17;
T_32.0 ;
    %pushi/vec4 1, 0, 16;
    %store/vec4 v00000187d2e20730_0, 0, 16;
    %jmp T_32.17;
T_32.1 ;
    %pushi/vec4 2, 0, 16;
    %store/vec4 v00000187d2e20730_0, 0, 16;
    %jmp T_32.17;
T_32.2 ;
    %pushi/vec4 4, 0, 16;
    %store/vec4 v00000187d2e20730_0, 0, 16;
    %jmp T_32.17;
T_32.3 ;
    %pushi/vec4 8, 0, 16;
    %store/vec4 v00000187d2e20730_0, 0, 16;
    %jmp T_32.17;
T_32.4 ;
    %pushi/vec4 16, 0, 16;
    %store/vec4 v00000187d2e20730_0, 0, 16;
    %jmp T_32.17;
T_32.5 ;
    %pushi/vec4 32, 0, 16;
    %store/vec4 v00000187d2e20730_0, 0, 16;
    %jmp T_32.17;
T_32.6 ;
    %pushi/vec4 64, 0, 16;
    %store/vec4 v00000187d2e20730_0, 0, 16;
    %jmp T_32.17;
T_32.7 ;
    %pushi/vec4 128, 0, 16;
    %store/vec4 v00000187d2e20730_0, 0, 16;
    %jmp T_32.17;
T_32.8 ;
    %pushi/vec4 256, 0, 16;
    %store/vec4 v00000187d2e20730_0, 0, 16;
    %jmp T_32.17;
T_32.9 ;
    %pushi/vec4 512, 0, 16;
    %store/vec4 v00000187d2e20730_0, 0, 16;
    %jmp T_32.17;
T_32.10 ;
    %pushi/vec4 1024, 0, 16;
    %store/vec4 v00000187d2e20730_0, 0, 16;
    %jmp T_32.17;
T_32.11 ;
    %pushi/vec4 2048, 0, 16;
    %store/vec4 v00000187d2e20730_0, 0, 16;
    %jmp T_32.17;
T_32.12 ;
    %pushi/vec4 4096, 0, 16;
    %store/vec4 v00000187d2e20730_0, 0, 16;
    %jmp T_32.17;
T_32.13 ;
    %pushi/vec4 8192, 0, 16;
    %store/vec4 v00000187d2e20730_0, 0, 16;
    %jmp T_32.17;
T_32.14 ;
    %pushi/vec4 16384, 0, 16;
    %store/vec4 v00000187d2e20730_0, 0, 16;
    %jmp T_32.17;
T_32.15 ;
    %pushi/vec4 32768, 0, 16;
    %store/vec4 v00000187d2e20730_0, 0, 16;
    %jmp T_32.17;
T_32.17 ;
    %pop/vec4 1;
    %jmp T_32;
    .thread T_32, $push;
    .scope S_00000187d2e17030;
T_33 ;
    %wait E_00000187d2d130e0;
    %load/vec4 v00000187d2e03810_0;
    %dup/vec4;
    %pushi/vec4 1, 0, 16;
    %cmp/u;
    %jmp/1 T_33.0, 6;
    %dup/vec4;
    %pushi/vec4 2, 0, 16;
    %cmp/u;
    %jmp/1 T_33.1, 6;
    %dup/vec4;
    %pushi/vec4 4, 0, 16;
    %cmp/u;
    %jmp/1 T_33.2, 6;
    %dup/vec4;
    %pushi/vec4 8, 0, 16;
    %cmp/u;
    %jmp/1 T_33.3, 6;
    %dup/vec4;
    %pushi/vec4 16, 0, 16;
    %cmp/u;
    %jmp/1 T_33.4, 6;
    %dup/vec4;
    %pushi/vec4 32, 0, 16;
    %cmp/u;
    %jmp/1 T_33.5, 6;
    %dup/vec4;
    %pushi/vec4 64, 0, 16;
    %cmp/u;
    %jmp/1 T_33.6, 6;
    %dup/vec4;
    %pushi/vec4 128, 0, 16;
    %cmp/u;
    %jmp/1 T_33.7, 6;
    %dup/vec4;
    %pushi/vec4 256, 0, 16;
    %cmp/u;
    %jmp/1 T_33.8, 6;
    %dup/vec4;
    %pushi/vec4 512, 0, 16;
    %cmp/u;
    %jmp/1 T_33.9, 6;
    %dup/vec4;
    %pushi/vec4 1024, 0, 16;
    %cmp/u;
    %jmp/1 T_33.10, 6;
    %dup/vec4;
    %pushi/vec4 2048, 0, 16;
    %cmp/u;
    %jmp/1 T_33.11, 6;
    %dup/vec4;
    %pushi/vec4 4096, 0, 16;
    %cmp/u;
    %jmp/1 T_33.12, 6;
    %dup/vec4;
    %pushi/vec4 8192, 0, 16;
    %cmp/u;
    %jmp/1 T_33.13, 6;
    %dup/vec4;
    %pushi/vec4 16384, 0, 16;
    %cmp/u;
    %jmp/1 T_33.14, 6;
    %dup/vec4;
    %pushi/vec4 32768, 0, 16;
    %cmp/u;
    %jmp/1 T_33.15, 6;
    %load/vec4 v00000187d2e03a90_0;
    %store/vec4 v00000187d2e039f0_0, 0, 5;
    %jmp T_33.17;
T_33.0 ;
    %pushi/vec4 0, 0, 5;
    %store/vec4 v00000187d2e039f0_0, 0, 5;
    %jmp T_33.17;
T_33.1 ;
    %pushi/vec4 1, 0, 5;
    %store/vec4 v00000187d2e039f0_0, 0, 5;
    %jmp T_33.17;
T_33.2 ;
    %pushi/vec4 2, 0, 5;
    %store/vec4 v00000187d2e039f0_0, 0, 5;
    %jmp T_33.17;
T_33.3 ;
    %pushi/vec4 3, 0, 5;
    %store/vec4 v00000187d2e039f0_0, 0, 5;
    %jmp T_33.17;
T_33.4 ;
    %pushi/vec4 4, 0, 5;
    %store/vec4 v00000187d2e039f0_0, 0, 5;
    %jmp T_33.17;
T_33.5 ;
    %pushi/vec4 5, 0, 5;
    %store/vec4 v00000187d2e039f0_0, 0, 5;
    %jmp T_33.17;
T_33.6 ;
    %pushi/vec4 6, 0, 5;
    %store/vec4 v00000187d2e039f0_0, 0, 5;
    %jmp T_33.17;
T_33.7 ;
    %pushi/vec4 7, 0, 5;
    %store/vec4 v00000187d2e039f0_0, 0, 5;
    %jmp T_33.17;
T_33.8 ;
    %pushi/vec4 8, 0, 5;
    %store/vec4 v00000187d2e039f0_0, 0, 5;
    %jmp T_33.17;
T_33.9 ;
    %pushi/vec4 9, 0, 5;
    %store/vec4 v00000187d2e039f0_0, 0, 5;
    %jmp T_33.17;
T_33.10 ;
    %pushi/vec4 10, 0, 5;
    %store/vec4 v00000187d2e039f0_0, 0, 5;
    %jmp T_33.17;
T_33.11 ;
    %pushi/vec4 11, 0, 5;
    %store/vec4 v00000187d2e039f0_0, 0, 5;
    %jmp T_33.17;
T_33.12 ;
    %pushi/vec4 12, 0, 5;
    %store/vec4 v00000187d2e039f0_0, 0, 5;
    %jmp T_33.17;
T_33.13 ;
    %pushi/vec4 13, 0, 5;
    %store/vec4 v00000187d2e039f0_0, 0, 5;
    %jmp T_33.17;
T_33.14 ;
    %pushi/vec4 14, 0, 5;
    %store/vec4 v00000187d2e039f0_0, 0, 5;
    %jmp T_33.17;
T_33.15 ;
    %pushi/vec4 15, 0, 5;
    %store/vec4 v00000187d2e039f0_0, 0, 5;
    %jmp T_33.17;
T_33.17 ;
    %pop/vec4 1;
    %jmp T_33;
    .thread T_33, $push;
    .scope S_00000187d2dfe020;
T_34 ;
    %wait E_00000187d2d0da60;
    %load/vec4 v00000187d2e070f0_0;
    %flag_set/vec4 8;
    %jmp/0xz  T_34.0, 8;
    %pushi/vec4 0, 0, 1;
    %assign/vec4 v00000187d2e06d30_0, 0;
    %jmp T_34.1;
T_34.0 ;
    %load/vec4 v00000187d2e07d70_0;
    %flag_set/vec4 8;
    %jmp/0xz  T_34.2, 8;
    %load/vec4 v00000187d2e075f0_0;
    %assign/vec4 v00000187d2e06d30_0, 0;
T_34.2 ;
T_34.1 ;
    %jmp T_34;
    .thread T_34;
    .scope S_00000187d28cb2c0;
T_35 ;
    %wait E_00000187d2d0dda0;
    %load/vec4 v00000187d2cf4350_0;
    %dup/vec4;
    %pushi/vec4 0, 0, 3;
    %cmp/u;
    %jmp/1 T_35.0, 6;
    %dup/vec4;
    %pushi/vec4 1, 0, 3;
    %cmp/u;
    %jmp/1 T_35.1, 6;
    %dup/vec4;
    %pushi/vec4 2, 0, 3;
    %cmp/u;
    %jmp/1 T_35.2, 6;
    %dup/vec4;
    %pushi/vec4 3, 0, 3;
    %cmp/u;
    %jmp/1 T_35.3, 6;
    %dup/vec4;
    %pushi/vec4 4, 0, 3;
    %cmp/u;
    %jmp/1 T_35.4, 6;
    %dup/vec4;
    %pushi/vec4 5, 0, 3;
    %cmp/u;
    %jmp/1 T_35.5, 6;
    %dup/vec4;
    %pushi/vec4 6, 0, 3;
    %cmp/u;
    %jmp/1 T_35.6, 6;
    %dup/vec4;
    %pushi/vec4 7, 0, 3;
    %cmp/u;
    %jmp/1 T_35.7, 6;
    %pushi/vec4 0, 0, 64;
    %store/vec4 v00000187d2cf3270_0, 0, 64;
    %jmp T_35.9;
T_35.0 ;
    %pushi/vec4 0, 0, 64;
    %store/vec4 v00000187d2cf3270_0, 0, 64;
    %jmp T_35.9;
T_35.1 ;
    %load/vec4 v00000187d2cf42b0_0;
    %store/vec4 v00000187d2cf3270_0, 0, 64;
    %jmp T_35.9;
T_35.2 ;
    %load/vec4 v00000187d2cf42b0_0;
    %store/vec4 v00000187d2cf3270_0, 0, 64;
    %jmp T_35.9;
T_35.3 ;
    %load/vec4 v00000187d2cf38b0_0;
    %store/vec4 v00000187d2cf3270_0, 0, 64;
    %jmp T_35.9;
T_35.4 ;
    %load/vec4 v00000187d2cf38b0_0;
    %inv;
    %pushi/vec4 1, 0, 64;
    %add;
    %store/vec4 v00000187d2cf3270_0, 0, 64;
    %jmp T_35.9;
T_35.5 ;
    %load/vec4 v00000187d2cf42b0_0;
    %inv;
    %pushi/vec4 1, 0, 64;
    %add;
    %store/vec4 v00000187d2cf3270_0, 0, 64;
    %jmp T_35.9;
T_35.6 ;
    %load/vec4 v00000187d2cf42b0_0;
    %inv;
    %pushi/vec4 1, 0, 64;
    %add;
    %store/vec4 v00000187d2cf3270_0, 0, 64;
    %jmp T_35.9;
T_35.7 ;
    %pushi/vec4 0, 0, 64;
    %store/vec4 v00000187d2cf3270_0, 0, 64;
    %jmp T_35.9;
T_35.9 ;
    %pop/vec4 1;
    %jmp T_35;
    .thread T_35, $push;
    .scope S_00000187d28cadc0;
T_36 ;
    %wait E_00000187d2d0d820;
    %load/vec4 v00000187d2cf6e70_0;
    %dup/vec4;
    %pushi/vec4 0, 0, 3;
    %cmp/u;
    %jmp/1 T_36.0, 6;
    %dup/vec4;
    %pushi/vec4 1, 0, 3;
    %cmp/u;
    %jmp/1 T_36.1, 6;
    %dup/vec4;
    %pushi/vec4 2, 0, 3;
    %cmp/u;
    %jmp/1 T_36.2, 6;
    %dup/vec4;
    %pushi/vec4 3, 0, 3;
    %cmp/u;
    %jmp/1 T_36.3, 6;
    %dup/vec4;
    %pushi/vec4 4, 0, 3;
    %cmp/u;
    %jmp/1 T_36.4, 6;
    %dup/vec4;
    %pushi/vec4 5, 0, 3;
    %cmp/u;
    %jmp/1 T_36.5, 6;
    %dup/vec4;
    %pushi/vec4 6, 0, 3;
    %cmp/u;
    %jmp/1 T_36.6, 6;
    %dup/vec4;
    %pushi/vec4 7, 0, 3;
    %cmp/u;
    %jmp/1 T_36.7, 6;
    %pushi/vec4 0, 0, 64;
    %store/vec4 v00000187d2cf6150_0, 0, 64;
    %jmp T_36.9;
T_36.0 ;
    %pushi/vec4 0, 0, 64;
    %store/vec4 v00000187d2cf6150_0, 0, 64;
    %jmp T_36.9;
T_36.1 ;
    %load/vec4 v00000187d2cf4710_0;
    %store/vec4 v00000187d2cf6150_0, 0, 64;
    %jmp T_36.9;
T_36.2 ;
    %load/vec4 v00000187d2cf4710_0;
    %store/vec4 v00000187d2cf6150_0, 0, 64;
    %jmp T_36.9;
T_36.3 ;
    %load/vec4 v00000187d2cf4670_0;
    %store/vec4 v00000187d2cf6150_0, 0, 64;
    %jmp T_36.9;
T_36.4 ;
    %load/vec4 v00000187d2cf4670_0;
    %inv;
    %pushi/vec4 1, 0, 64;
    %add;
    %store/vec4 v00000187d2cf6150_0, 0, 64;
    %jmp T_36.9;
T_36.5 ;
    %load/vec4 v00000187d2cf4710_0;
    %inv;
    %pushi/vec4 1, 0, 64;
    %add;
    %store/vec4 v00000187d2cf6150_0, 0, 64;
    %jmp T_36.9;
T_36.6 ;
    %load/vec4 v00000187d2cf4710_0;
    %inv;
    %pushi/vec4 1, 0, 64;
    %add;
    %store/vec4 v00000187d2cf6150_0, 0, 64;
    %jmp T_36.9;
T_36.7 ;
    %pushi/vec4 0, 0, 64;
    %store/vec4 v00000187d2cf6150_0, 0, 64;
    %jmp T_36.9;
T_36.9 ;
    %pop/vec4 1;
    %jmp T_36;
    .thread T_36, $push;
    .scope S_00000187d28c64a0;
T_37 ;
    %wait E_00000187d2d0da20;
    %load/vec4 v00000187d2cf6510_0;
    %dup/vec4;
    %pushi/vec4 0, 0, 3;
    %cmp/u;
    %jmp/1 T_37.0, 6;
    %dup/vec4;
    %pushi/vec4 1, 0, 3;
    %cmp/u;
    %jmp/1 T_37.1, 6;
    %dup/vec4;
    %pushi/vec4 2, 0, 3;
    %cmp/u;
    %jmp/1 T_37.2, 6;
    %dup/vec4;
    %pushi/vec4 3, 0, 3;
    %cmp/u;
    %jmp/1 T_37.3, 6;
    %dup/vec4;
    %pushi/vec4 4, 0, 3;
    %cmp/u;
    %jmp/1 T_37.4, 6;
    %dup/vec4;
    %pushi/vec4 5, 0, 3;
    %cmp/u;
    %jmp/1 T_37.5, 6;
    %dup/vec4;
    %pushi/vec4 6, 0, 3;
    %cmp/u;
    %jmp/1 T_37.6, 6;
    %dup/vec4;
    %pushi/vec4 7, 0, 3;
    %cmp/u;
    %jmp/1 T_37.7, 6;
    %pushi/vec4 0, 0, 64;
    %store/vec4 v00000187d2cf5430_0, 0, 64;
    %jmp T_37.9;
T_37.0 ;
    %pushi/vec4 0, 0, 64;
    %store/vec4 v00000187d2cf5430_0, 0, 64;
    %jmp T_37.9;
T_37.1 ;
    %load/vec4 v00000187d2cf5750_0;
    %store/vec4 v00000187d2cf5430_0, 0, 64;
    %jmp T_37.9;
T_37.2 ;
    %load/vec4 v00000187d2cf5750_0;
    %store/vec4 v00000187d2cf5430_0, 0, 64;
    %jmp T_37.9;
T_37.3 ;
    %load/vec4 v00000187d2cf5390_0;
    %store/vec4 v00000187d2cf5430_0, 0, 64;
    %jmp T_37.9;
T_37.4 ;
    %load/vec4 v00000187d2cf5390_0;
    %inv;
    %pushi/vec4 1, 0, 64;
    %add;
    %store/vec4 v00000187d2cf5430_0, 0, 64;
    %jmp T_37.9;
T_37.5 ;
    %load/vec4 v00000187d2cf5750_0;
    %inv;
    %pushi/vec4 1, 0, 64;
    %add;
    %store/vec4 v00000187d2cf5430_0, 0, 64;
    %jmp T_37.9;
T_37.6 ;
    %load/vec4 v00000187d2cf5750_0;
    %inv;
    %pushi/vec4 1, 0, 64;
    %add;
    %store/vec4 v00000187d2cf5430_0, 0, 64;
    %jmp T_37.9;
T_37.7 ;
    %pushi/vec4 0, 0, 64;
    %store/vec4 v00000187d2cf5430_0, 0, 64;
    %jmp T_37.9;
T_37.9 ;
    %pop/vec4 1;
    %jmp T_37;
    .thread T_37, $push;
    .scope S_00000187d28c5fa0;
T_38 ;
    %wait E_00000187d2d0d2a0;
    %load/vec4 v00000187d2cf6c90_0;
    %dup/vec4;
    %pushi/vec4 0, 0, 3;
    %cmp/u;
    %jmp/1 T_38.0, 6;
    %dup/vec4;
    %pushi/vec4 1, 0, 3;
    %cmp/u;
    %jmp/1 T_38.1, 6;
    %dup/vec4;
    %pushi/vec4 2, 0, 3;
    %cmp/u;
    %jmp/1 T_38.2, 6;
    %dup/vec4;
    %pushi/vec4 3, 0, 3;
    %cmp/u;
    %jmp/1 T_38.3, 6;
    %dup/vec4;
    %pushi/vec4 4, 0, 3;
    %cmp/u;
    %jmp/1 T_38.4, 6;
    %dup/vec4;
    %pushi/vec4 5, 0, 3;
    %cmp/u;
    %jmp/1 T_38.5, 6;
    %dup/vec4;
    %pushi/vec4 6, 0, 3;
    %cmp/u;
    %jmp/1 T_38.6, 6;
    %dup/vec4;
    %pushi/vec4 7, 0, 3;
    %cmp/u;
    %jmp/1 T_38.7, 6;
    %pushi/vec4 0, 0, 64;
    %store/vec4 v00000187d2cf65b0_0, 0, 64;
    %jmp T_38.9;
T_38.0 ;
    %pushi/vec4 0, 0, 64;
    %store/vec4 v00000187d2cf65b0_0, 0, 64;
    %jmp T_38.9;
T_38.1 ;
    %load/vec4 v00000187d2cf5890_0;
    %store/vec4 v00000187d2cf65b0_0, 0, 64;
    %jmp T_38.9;
T_38.2 ;
    %load/vec4 v00000187d2cf5890_0;
    %store/vec4 v00000187d2cf65b0_0, 0, 64;
    %jmp T_38.9;
T_38.3 ;
    %load/vec4 v00000187d2cf5bb0_0;
    %store/vec4 v00000187d2cf65b0_0, 0, 64;
    %jmp T_38.9;
T_38.4 ;
    %load/vec4 v00000187d2cf5bb0_0;
    %inv;
    %pushi/vec4 1, 0, 64;
    %add;
    %store/vec4 v00000187d2cf65b0_0, 0, 64;
    %jmp T_38.9;
T_38.5 ;
    %load/vec4 v00000187d2cf5890_0;
    %inv;
    %pushi/vec4 1, 0, 64;
    %add;
    %store/vec4 v00000187d2cf65b0_0, 0, 64;
    %jmp T_38.9;
T_38.6 ;
    %load/vec4 v00000187d2cf5890_0;
    %inv;
    %pushi/vec4 1, 0, 64;
    %add;
    %store/vec4 v00000187d2cf65b0_0, 0, 64;
    %jmp T_38.9;
T_38.7 ;
    %pushi/vec4 0, 0, 64;
    %store/vec4 v00000187d2cf65b0_0, 0, 64;
    %jmp T_38.9;
T_38.9 ;
    %pop/vec4 1;
    %jmp T_38;
    .thread T_38, $push;
    .scope S_00000187d28adf30;
T_39 ;
    %wait E_00000187d2d0db60;
    %load/vec4 v00000187d2cf4d50_0;
    %dup/vec4;
    %pushi/vec4 0, 0, 3;
    %cmp/u;
    %jmp/1 T_39.0, 6;
    %dup/vec4;
    %pushi/vec4 1, 0, 3;
    %cmp/u;
    %jmp/1 T_39.1, 6;
    %dup/vec4;
    %pushi/vec4 2, 0, 3;
    %cmp/u;
    %jmp/1 T_39.2, 6;
    %dup/vec4;
    %pushi/vec4 3, 0, 3;
    %cmp/u;
    %jmp/1 T_39.3, 6;
    %dup/vec4;
    %pushi/vec4 4, 0, 3;
    %cmp/u;
    %jmp/1 T_39.4, 6;
    %dup/vec4;
    %pushi/vec4 5, 0, 3;
    %cmp/u;
    %jmp/1 T_39.5, 6;
    %dup/vec4;
    %pushi/vec4 6, 0, 3;
    %cmp/u;
    %jmp/1 T_39.6, 6;
    %dup/vec4;
    %pushi/vec4 7, 0, 3;
    %cmp/u;
    %jmp/1 T_39.7, 6;
    %pushi/vec4 0, 0, 64;
    %store/vec4 v00000187d2cf5250_0, 0, 64;
    %jmp T_39.9;
T_39.0 ;
    %pushi/vec4 0, 0, 64;
    %store/vec4 v00000187d2cf5250_0, 0, 64;
    %jmp T_39.9;
T_39.1 ;
    %load/vec4 v00000187d2cf4c10_0;
    %store/vec4 v00000187d2cf5250_0, 0, 64;
    %jmp T_39.9;
T_39.2 ;
    %load/vec4 v00000187d2cf4c10_0;
    %store/vec4 v00000187d2cf5250_0, 0, 64;
    %jmp T_39.9;
T_39.3 ;
    %load/vec4 v00000187d2cf4b70_0;
    %store/vec4 v00000187d2cf5250_0, 0, 64;
    %jmp T_39.9;
T_39.4 ;
    %load/vec4 v00000187d2cf4b70_0;
    %inv;
    %pushi/vec4 1, 0, 64;
    %add;
    %store/vec4 v00000187d2cf5250_0, 0, 64;
    %jmp T_39.9;
T_39.5 ;
    %load/vec4 v00000187d2cf4c10_0;
    %inv;
    %pushi/vec4 1, 0, 64;
    %add;
    %store/vec4 v00000187d2cf5250_0, 0, 64;
    %jmp T_39.9;
T_39.6 ;
    %load/vec4 v00000187d2cf4c10_0;
    %inv;
    %pushi/vec4 1, 0, 64;
    %add;
    %store/vec4 v00000187d2cf5250_0, 0, 64;
    %jmp T_39.9;
T_39.7 ;
    %pushi/vec4 0, 0, 64;
    %store/vec4 v00000187d2cf5250_0, 0, 64;
    %jmp T_39.9;
T_39.9 ;
    %pop/vec4 1;
    %jmp T_39;
    .thread T_39, $push;
    .scope S_00000187d2da63d0;
T_40 ;
    %wait E_00000187d2d0d3a0;
    %load/vec4 v00000187d2cf60b0_0;
    %dup/vec4;
    %pushi/vec4 0, 0, 3;
    %cmp/u;
    %jmp/1 T_40.0, 6;
    %dup/vec4;
    %pushi/vec4 1, 0, 3;
    %cmp/u;
    %jmp/1 T_40.1, 6;
    %dup/vec4;
    %pushi/vec4 2, 0, 3;
    %cmp/u;
    %jmp/1 T_40.2, 6;
    %dup/vec4;
    %pushi/vec4 3, 0, 3;
    %cmp/u;
    %jmp/1 T_40.3, 6;
    %dup/vec4;
    %pushi/vec4 4, 0, 3;
    %cmp/u;
    %jmp/1 T_40.4, 6;
    %dup/vec4;
    %pushi/vec4 5, 0, 3;
    %cmp/u;
    %jmp/1 T_40.5, 6;
    %dup/vec4;
    %pushi/vec4 6, 0, 3;
    %cmp/u;
    %jmp/1 T_40.6, 6;
    %dup/vec4;
    %pushi/vec4 7, 0, 3;
    %cmp/u;
    %jmp/1 T_40.7, 6;
    %pushi/vec4 0, 0, 64;
    %store/vec4 v00000187d2cf6650_0, 0, 64;
    %jmp T_40.9;
T_40.0 ;
    %pushi/vec4 0, 0, 64;
    %store/vec4 v00000187d2cf6650_0, 0, 64;
    %jmp T_40.9;
T_40.1 ;
    %load/vec4 v00000187d2cf59d0_0;
    %store/vec4 v00000187d2cf6650_0, 0, 64;
    %jmp T_40.9;
T_40.2 ;
    %load/vec4 v00000187d2cf59d0_0;
    %store/vec4 v00000187d2cf6650_0, 0, 64;
    %jmp T_40.9;
T_40.3 ;
    %load/vec4 v00000187d2cf6d30_0;
    %store/vec4 v00000187d2cf6650_0, 0, 64;
    %jmp T_40.9;
T_40.4 ;
    %load/vec4 v00000187d2cf6d30_0;
    %inv;
    %pushi/vec4 1, 0, 64;
    %add;
    %store/vec4 v00000187d2cf6650_0, 0, 64;
    %jmp T_40.9;
T_40.5 ;
    %load/vec4 v00000187d2cf59d0_0;
    %inv;
    %pushi/vec4 1, 0, 64;
    %add;
    %store/vec4 v00000187d2cf6650_0, 0, 64;
    %jmp T_40.9;
T_40.6 ;
    %load/vec4 v00000187d2cf59d0_0;
    %inv;
    %pushi/vec4 1, 0, 64;
    %add;
    %store/vec4 v00000187d2cf6650_0, 0, 64;
    %jmp T_40.9;
T_40.7 ;
    %pushi/vec4 0, 0, 64;
    %store/vec4 v00000187d2cf6650_0, 0, 64;
    %jmp T_40.9;
T_40.9 ;
    %pop/vec4 1;
    %jmp T_40;
    .thread T_40, $push;
    .scope S_00000187d2da6240;
T_41 ;
    %wait E_00000187d2d0efe0;
    %load/vec4 v00000187d2cf77d0_0;
    %dup/vec4;
    %pushi/vec4 0, 0, 3;
    %cmp/u;
    %jmp/1 T_41.0, 6;
    %dup/vec4;
    %pushi/vec4 1, 0, 3;
    %cmp/u;
    %jmp/1 T_41.1, 6;
    %dup/vec4;
    %pushi/vec4 2, 0, 3;
    %cmp/u;
    %jmp/1 T_41.2, 6;
    %dup/vec4;
    %pushi/vec4 3, 0, 3;
    %cmp/u;
    %jmp/1 T_41.3, 6;
    %dup/vec4;
    %pushi/vec4 4, 0, 3;
    %cmp/u;
    %jmp/1 T_41.4, 6;
    %dup/vec4;
    %pushi/vec4 5, 0, 3;
    %cmp/u;
    %jmp/1 T_41.5, 6;
    %dup/vec4;
    %pushi/vec4 6, 0, 3;
    %cmp/u;
    %jmp/1 T_41.6, 6;
    %dup/vec4;
    %pushi/vec4 7, 0, 3;
    %cmp/u;
    %jmp/1 T_41.7, 6;
    %pushi/vec4 0, 0, 64;
    %store/vec4 v00000187d2cf72d0_0, 0, 64;
    %jmp T_41.9;
T_41.0 ;
    %pushi/vec4 0, 0, 64;
    %store/vec4 v00000187d2cf72d0_0, 0, 64;
    %jmp T_41.9;
T_41.1 ;
    %load/vec4 v00000187d2cf6bf0_0;
    %store/vec4 v00000187d2cf72d0_0, 0, 64;
    %jmp T_41.9;
T_41.2 ;
    %load/vec4 v00000187d2cf6bf0_0;
    %store/vec4 v00000187d2cf72d0_0, 0, 64;
    %jmp T_41.9;
T_41.3 ;
    %load/vec4 v00000187d2cf6a10_0;
    %store/vec4 v00000187d2cf72d0_0, 0, 64;
    %jmp T_41.9;
T_41.4 ;
    %load/vec4 v00000187d2cf6a10_0;
    %inv;
    %pushi/vec4 1, 0, 64;
    %add;
    %store/vec4 v00000187d2cf72d0_0, 0, 64;
    %jmp T_41.9;
T_41.5 ;
    %load/vec4 v00000187d2cf6bf0_0;
    %inv;
    %pushi/vec4 1, 0, 64;
    %add;
    %store/vec4 v00000187d2cf72d0_0, 0, 64;
    %jmp T_41.9;
T_41.6 ;
    %load/vec4 v00000187d2cf6bf0_0;
    %inv;
    %pushi/vec4 1, 0, 64;
    %add;
    %store/vec4 v00000187d2cf72d0_0, 0, 64;
    %jmp T_41.9;
T_41.7 ;
    %pushi/vec4 0, 0, 64;
    %store/vec4 v00000187d2cf72d0_0, 0, 64;
    %jmp T_41.9;
T_41.9 ;
    %pop/vec4 1;
    %jmp T_41;
    .thread T_41, $push;
    .scope S_00000187d2da5750;
T_42 ;
    %wait E_00000187d2d0f060;
    %load/vec4 v00000187d2b11c30_0;
    %dup/vec4;
    %pushi/vec4 0, 0, 3;
    %cmp/u;
    %jmp/1 T_42.0, 6;
    %dup/vec4;
    %pushi/vec4 1, 0, 3;
    %cmp/u;
    %jmp/1 T_42.1, 6;
    %dup/vec4;
    %pushi/vec4 2, 0, 3;
    %cmp/u;
    %jmp/1 T_42.2, 6;
    %dup/vec4;
    %pushi/vec4 3, 0, 3;
    %cmp/u;
    %jmp/1 T_42.3, 6;
    %dup/vec4;
    %pushi/vec4 4, 0, 3;
    %cmp/u;
    %jmp/1 T_42.4, 6;
    %dup/vec4;
    %pushi/vec4 5, 0, 3;
    %cmp/u;
    %jmp/1 T_42.5, 6;
    %dup/vec4;
    %pushi/vec4 6, 0, 3;
    %cmp/u;
    %jmp/1 T_42.6, 6;
    %dup/vec4;
    %pushi/vec4 7, 0, 3;
    %cmp/u;
    %jmp/1 T_42.7, 6;
    %pushi/vec4 0, 0, 64;
    %store/vec4 v00000187d2b11550_0, 0, 64;
    %jmp T_42.9;
T_42.0 ;
    %pushi/vec4 0, 0, 64;
    %store/vec4 v00000187d2b11550_0, 0, 64;
    %jmp T_42.9;
T_42.1 ;
    %load/vec4 v00000187d2b11910_0;
    %store/vec4 v00000187d2b11550_0, 0, 64;
    %jmp T_42.9;
T_42.2 ;
    %load/vec4 v00000187d2b11910_0;
    %store/vec4 v00000187d2b11550_0, 0, 64;
    %jmp T_42.9;
T_42.3 ;
    %load/vec4 v00000187d2cf7370_0;
    %store/vec4 v00000187d2b11550_0, 0, 64;
    %jmp T_42.9;
T_42.4 ;
    %load/vec4 v00000187d2cf7370_0;
    %inv;
    %pushi/vec4 1, 0, 64;
    %add;
    %store/vec4 v00000187d2b11550_0, 0, 64;
    %jmp T_42.9;
T_42.5 ;
    %load/vec4 v00000187d2b11910_0;
    %inv;
    %pushi/vec4 1, 0, 64;
    %add;
    %store/vec4 v00000187d2b11550_0, 0, 64;
    %jmp T_42.9;
T_42.6 ;
    %load/vec4 v00000187d2b11910_0;
    %inv;
    %pushi/vec4 1, 0, 64;
    %add;
    %store/vec4 v00000187d2b11550_0, 0, 64;
    %jmp T_42.9;
T_42.7 ;
    %pushi/vec4 0, 0, 64;
    %store/vec4 v00000187d2b11550_0, 0, 64;
    %jmp T_42.9;
T_42.9 ;
    %pop/vec4 1;
    %jmp T_42;
    .thread T_42, $push;
    .scope S_00000187d2da58e0;
T_43 ;
    %wait E_00000187d2d0f660;
    %load/vec4 v00000187d2b75720_0;
    %dup/vec4;
    %pushi/vec4 0, 0, 3;
    %cmp/u;
    %jmp/1 T_43.0, 6;
    %dup/vec4;
    %pushi/vec4 1, 0, 3;
    %cmp/u;
    %jmp/1 T_43.1, 6;
    %dup/vec4;
    %pushi/vec4 2, 0, 3;
    %cmp/u;
    %jmp/1 T_43.2, 6;
    %dup/vec4;
    %pushi/vec4 3, 0, 3;
    %cmp/u;
    %jmp/1 T_43.3, 6;
    %dup/vec4;
    %pushi/vec4 4, 0, 3;
    %cmp/u;
    %jmp/1 T_43.4, 6;
    %dup/vec4;
    %pushi/vec4 5, 0, 3;
    %cmp/u;
    %jmp/1 T_43.5, 6;
    %dup/vec4;
    %pushi/vec4 6, 0, 3;
    %cmp/u;
    %jmp/1 T_43.6, 6;
    %dup/vec4;
    %pushi/vec4 7, 0, 3;
    %cmp/u;
    %jmp/1 T_43.7, 6;
    %pushi/vec4 0, 0, 64;
    %store/vec4 v00000187d2b76260_0, 0, 64;
    %jmp T_43.9;
T_43.0 ;
    %pushi/vec4 0, 0, 64;
    %store/vec4 v00000187d2b76260_0, 0, 64;
    %jmp T_43.9;
T_43.1 ;
    %load/vec4 v00000187d2b74aa0_0;
    %store/vec4 v00000187d2b76260_0, 0, 64;
    %jmp T_43.9;
T_43.2 ;
    %load/vec4 v00000187d2b74aa0_0;
    %store/vec4 v00000187d2b76260_0, 0, 64;
    %jmp T_43.9;
T_43.3 ;
    %load/vec4 v00000187d2b763a0_0;
    %store/vec4 v00000187d2b76260_0, 0, 64;
    %jmp T_43.9;
T_43.4 ;
    %load/vec4 v00000187d2b763a0_0;
    %inv;
    %pushi/vec4 1, 0, 64;
    %add;
    %store/vec4 v00000187d2b76260_0, 0, 64;
    %jmp T_43.9;
T_43.5 ;
    %load/vec4 v00000187d2b74aa0_0;
    %inv;
    %pushi/vec4 1, 0, 64;
    %add;
    %store/vec4 v00000187d2b76260_0, 0, 64;
    %jmp T_43.9;
T_43.6 ;
    %load/vec4 v00000187d2b74aa0_0;
    %inv;
    %pushi/vec4 1, 0, 64;
    %add;
    %store/vec4 v00000187d2b76260_0, 0, 64;
    %jmp T_43.9;
T_43.7 ;
    %pushi/vec4 0, 0, 64;
    %store/vec4 v00000187d2b76260_0, 0, 64;
    %jmp T_43.9;
T_43.9 ;
    %pop/vec4 1;
    %jmp T_43;
    .thread T_43, $push;
    .scope S_00000187d2da5d90;
T_44 ;
    %wait E_00000187d2d0f760;
    %load/vec4 v00000187d2daa520_0;
    %dup/vec4;
    %pushi/vec4 0, 0, 3;
    %cmp/u;
    %jmp/1 T_44.0, 6;
    %dup/vec4;
    %pushi/vec4 1, 0, 3;
    %cmp/u;
    %jmp/1 T_44.1, 6;
    %dup/vec4;
    %pushi/vec4 2, 0, 3;
    %cmp/u;
    %jmp/1 T_44.2, 6;
    %dup/vec4;
    %pushi/vec4 3, 0, 3;
    %cmp/u;
    %jmp/1 T_44.3, 6;
    %dup/vec4;
    %pushi/vec4 4, 0, 3;
    %cmp/u;
    %jmp/1 T_44.4, 6;
    %dup/vec4;
    %pushi/vec4 5, 0, 3;
    %cmp/u;
    %jmp/1 T_44.5, 6;
    %dup/vec4;
    %pushi/vec4 6, 0, 3;
    %cmp/u;
    %jmp/1 T_44.6, 6;
    %dup/vec4;
    %pushi/vec4 7, 0, 3;
    %cmp/u;
    %jmp/1 T_44.7, 6;
    %pushi/vec4 0, 0, 64;
    %store/vec4 v00000187d2da9a80_0, 0, 64;
    %jmp T_44.9;
T_44.0 ;
    %pushi/vec4 0, 0, 64;
    %store/vec4 v00000187d2da9a80_0, 0, 64;
    %jmp T_44.9;
T_44.1 ;
    %load/vec4 v00000187d2b56340_0;
    %store/vec4 v00000187d2da9a80_0, 0, 64;
    %jmp T_44.9;
T_44.2 ;
    %load/vec4 v00000187d2b56340_0;
    %store/vec4 v00000187d2da9a80_0, 0, 64;
    %jmp T_44.9;
T_44.3 ;
    %load/vec4 v00000187d2b141b0_0;
    %store/vec4 v00000187d2da9a80_0, 0, 64;
    %jmp T_44.9;
T_44.4 ;
    %load/vec4 v00000187d2b141b0_0;
    %inv;
    %pushi/vec4 1, 0, 64;
    %add;
    %store/vec4 v00000187d2da9a80_0, 0, 64;
    %jmp T_44.9;
T_44.5 ;
    %load/vec4 v00000187d2b56340_0;
    %inv;
    %pushi/vec4 1, 0, 64;
    %add;
    %store/vec4 v00000187d2da9a80_0, 0, 64;
    %jmp T_44.9;
T_44.6 ;
    %load/vec4 v00000187d2b56340_0;
    %inv;
    %pushi/vec4 1, 0, 64;
    %add;
    %store/vec4 v00000187d2da9a80_0, 0, 64;
    %jmp T_44.9;
T_44.7 ;
    %pushi/vec4 0, 0, 64;
    %store/vec4 v00000187d2da9a80_0, 0, 64;
    %jmp T_44.9;
T_44.9 ;
    %pop/vec4 1;
    %jmp T_44;
    .thread T_44, $push;
    .scope S_00000187d2db65e0;
T_45 ;
    %wait E_00000187d2d102e0;
    %load/vec4 v00000187d2daa0c0_0;
    %dup/vec4;
    %pushi/vec4 0, 0, 3;
    %cmp/u;
    %jmp/1 T_45.0, 6;
    %dup/vec4;
    %pushi/vec4 1, 0, 3;
    %cmp/u;
    %jmp/1 T_45.1, 6;
    %dup/vec4;
    %pushi/vec4 2, 0, 3;
    %cmp/u;
    %jmp/1 T_45.2, 6;
    %dup/vec4;
    %pushi/vec4 3, 0, 3;
    %cmp/u;
    %jmp/1 T_45.3, 6;
    %dup/vec4;
    %pushi/vec4 4, 0, 3;
    %cmp/u;
    %jmp/1 T_45.4, 6;
    %dup/vec4;
    %pushi/vec4 5, 0, 3;
    %cmp/u;
    %jmp/1 T_45.5, 6;
    %dup/vec4;
    %pushi/vec4 6, 0, 3;
    %cmp/u;
    %jmp/1 T_45.6, 6;
    %dup/vec4;
    %pushi/vec4 7, 0, 3;
    %cmp/u;
    %jmp/1 T_45.7, 6;
    %pushi/vec4 0, 0, 64;
    %store/vec4 v00000187d2dab4c0_0, 0, 64;
    %jmp T_45.9;
T_45.0 ;
    %pushi/vec4 0, 0, 64;
    %store/vec4 v00000187d2dab4c0_0, 0, 64;
    %jmp T_45.9;
T_45.1 ;
    %load/vec4 v00000187d2dab1a0_0;
    %store/vec4 v00000187d2dab4c0_0, 0, 64;
    %jmp T_45.9;
T_45.2 ;
    %load/vec4 v00000187d2dab1a0_0;
    %store/vec4 v00000187d2dab4c0_0, 0, 64;
    %jmp T_45.9;
T_45.3 ;
    %load/vec4 v00000187d2da9d00_0;
    %store/vec4 v00000187d2dab4c0_0, 0, 64;
    %jmp T_45.9;
T_45.4 ;
    %load/vec4 v00000187d2da9d00_0;
    %inv;
    %pushi/vec4 1, 0, 64;
    %add;
    %store/vec4 v00000187d2dab4c0_0, 0, 64;
    %jmp T_45.9;
T_45.5 ;
    %load/vec4 v00000187d2dab1a0_0;
    %inv;
    %pushi/vec4 1, 0, 64;
    %add;
    %store/vec4 v00000187d2dab4c0_0, 0, 64;
    %jmp T_45.9;
T_45.6 ;
    %load/vec4 v00000187d2dab1a0_0;
    %inv;
    %pushi/vec4 1, 0, 64;
    %add;
    %store/vec4 v00000187d2dab4c0_0, 0, 64;
    %jmp T_45.9;
T_45.7 ;
    %pushi/vec4 0, 0, 64;
    %store/vec4 v00000187d2dab4c0_0, 0, 64;
    %jmp T_45.9;
T_45.9 ;
    %pop/vec4 1;
    %jmp T_45;
    .thread T_45, $push;
    .scope S_00000187d2db6770;
T_46 ;
    %wait E_00000187d2d106a0;
    %load/vec4 v00000187d2da9120_0;
    %dup/vec4;
    %pushi/vec4 0, 0, 3;
    %cmp/u;
    %jmp/1 T_46.0, 6;
    %dup/vec4;
    %pushi/vec4 1, 0, 3;
    %cmp/u;
    %jmp/1 T_46.1, 6;
    %dup/vec4;
    %pushi/vec4 2, 0, 3;
    %cmp/u;
    %jmp/1 T_46.2, 6;
    %dup/vec4;
    %pushi/vec4 3, 0, 3;
    %cmp/u;
    %jmp/1 T_46.3, 6;
    %dup/vec4;
    %pushi/vec4 4, 0, 3;
    %cmp/u;
    %jmp/1 T_46.4, 6;
    %dup/vec4;
    %pushi/vec4 5, 0, 3;
    %cmp/u;
    %jmp/1 T_46.5, 6;
    %dup/vec4;
    %pushi/vec4 6, 0, 3;
    %cmp/u;
    %jmp/1 T_46.6, 6;
    %dup/vec4;
    %pushi/vec4 7, 0, 3;
    %cmp/u;
    %jmp/1 T_46.7, 6;
    %pushi/vec4 0, 0, 64;
    %store/vec4 v00000187d2da91c0_0, 0, 64;
    %jmp T_46.9;
T_46.0 ;
    %pushi/vec4 0, 0, 64;
    %store/vec4 v00000187d2da91c0_0, 0, 64;
    %jmp T_46.9;
T_46.1 ;
    %load/vec4 v00000187d2da8e00_0;
    %store/vec4 v00000187d2da91c0_0, 0, 64;
    %jmp T_46.9;
T_46.2 ;
    %load/vec4 v00000187d2da8e00_0;
    %store/vec4 v00000187d2da91c0_0, 0, 64;
    %jmp T_46.9;
T_46.3 ;
    %load/vec4 v00000187d2daa7a0_0;
    %store/vec4 v00000187d2da91c0_0, 0, 64;
    %jmp T_46.9;
T_46.4 ;
    %load/vec4 v00000187d2daa7a0_0;
    %inv;
    %pushi/vec4 1, 0, 64;
    %add;
    %store/vec4 v00000187d2da91c0_0, 0, 64;
    %jmp T_46.9;
T_46.5 ;
    %load/vec4 v00000187d2da8e00_0;
    %inv;
    %pushi/vec4 1, 0, 64;
    %add;
    %store/vec4 v00000187d2da91c0_0, 0, 64;
    %jmp T_46.9;
T_46.6 ;
    %load/vec4 v00000187d2da8e00_0;
    %inv;
    %pushi/vec4 1, 0, 64;
    %add;
    %store/vec4 v00000187d2da91c0_0, 0, 64;
    %jmp T_46.9;
T_46.7 ;
    %pushi/vec4 0, 0, 64;
    %store/vec4 v00000187d2da91c0_0, 0, 64;
    %jmp T_46.9;
T_46.9 ;
    %pop/vec4 1;
    %jmp T_46;
    .thread T_46, $push;
    .scope S_00000187d2db7580;
T_47 ;
    %wait E_00000187d2d10ca0;
    %load/vec4 v00000187d2dab240_0;
    %dup/vec4;
    %pushi/vec4 0, 0, 3;
    %cmp/u;
    %jmp/1 T_47.0, 6;
    %dup/vec4;
    %pushi/vec4 1, 0, 3;
    %cmp/u;
    %jmp/1 T_47.1, 6;
    %dup/vec4;
    %pushi/vec4 2, 0, 3;
    %cmp/u;
    %jmp/1 T_47.2, 6;
    %dup/vec4;
    %pushi/vec4 3, 0, 3;
    %cmp/u;
    %jmp/1 T_47.3, 6;
    %dup/vec4;
    %pushi/vec4 4, 0, 3;
    %cmp/u;
    %jmp/1 T_47.4, 6;
    %dup/vec4;
    %pushi/vec4 5, 0, 3;
    %cmp/u;
    %jmp/1 T_47.5, 6;
    %dup/vec4;
    %pushi/vec4 6, 0, 3;
    %cmp/u;
    %jmp/1 T_47.6, 6;
    %dup/vec4;
    %pushi/vec4 7, 0, 3;
    %cmp/u;
    %jmp/1 T_47.7, 6;
    %pushi/vec4 0, 0, 64;
    %store/vec4 v00000187d2da9b20_0, 0, 64;
    %jmp T_47.9;
T_47.0 ;
    %pushi/vec4 0, 0, 64;
    %store/vec4 v00000187d2da9b20_0, 0, 64;
    %jmp T_47.9;
T_47.1 ;
    %load/vec4 v00000187d2daa3e0_0;
    %store/vec4 v00000187d2da9b20_0, 0, 64;
    %jmp T_47.9;
T_47.2 ;
    %load/vec4 v00000187d2daa3e0_0;
    %store/vec4 v00000187d2da9b20_0, 0, 64;
    %jmp T_47.9;
T_47.3 ;
    %load/vec4 v00000187d2daa840_0;
    %store/vec4 v00000187d2da9b20_0, 0, 64;
    %jmp T_47.9;
T_47.4 ;
    %load/vec4 v00000187d2daa840_0;
    %inv;
    %pushi/vec4 1, 0, 64;
    %add;
    %store/vec4 v00000187d2da9b20_0, 0, 64;
    %jmp T_47.9;
T_47.5 ;
    %load/vec4 v00000187d2daa3e0_0;
    %inv;
    %pushi/vec4 1, 0, 64;
    %add;
    %store/vec4 v00000187d2da9b20_0, 0, 64;
    %jmp T_47.9;
T_47.6 ;
    %load/vec4 v00000187d2daa3e0_0;
    %inv;
    %pushi/vec4 1, 0, 64;
    %add;
    %store/vec4 v00000187d2da9b20_0, 0, 64;
    %jmp T_47.9;
T_47.7 ;
    %pushi/vec4 0, 0, 64;
    %store/vec4 v00000187d2da9b20_0, 0, 64;
    %jmp T_47.9;
T_47.9 ;
    %pop/vec4 1;
    %jmp T_47;
    .thread T_47, $push;
    .scope S_00000187d2db6c20;
T_48 ;
    %wait E_00000187d2d108a0;
    %load/vec4 v00000187d2da9580_0;
    %dup/vec4;
    %pushi/vec4 0, 0, 3;
    %cmp/u;
    %jmp/1 T_48.0, 6;
    %dup/vec4;
    %pushi/vec4 1, 0, 3;
    %cmp/u;
    %jmp/1 T_48.1, 6;
    %dup/vec4;
    %pushi/vec4 2, 0, 3;
    %cmp/u;
    %jmp/1 T_48.2, 6;
    %dup/vec4;
    %pushi/vec4 3, 0, 3;
    %cmp/u;
    %jmp/1 T_48.3, 6;
    %dup/vec4;
    %pushi/vec4 4, 0, 3;
    %cmp/u;
    %jmp/1 T_48.4, 6;
    %dup/vec4;
    %pushi/vec4 5, 0, 3;
    %cmp/u;
    %jmp/1 T_48.5, 6;
    %dup/vec4;
    %pushi/vec4 6, 0, 3;
    %cmp/u;
    %jmp/1 T_48.6, 6;
    %dup/vec4;
    %pushi/vec4 7, 0, 3;
    %cmp/u;
    %jmp/1 T_48.7, 6;
    %pushi/vec4 0, 0, 64;
    %store/vec4 v00000187d2dab060_0, 0, 64;
    %jmp T_48.9;
T_48.0 ;
    %pushi/vec4 0, 0, 64;
    %store/vec4 v00000187d2dab060_0, 0, 64;
    %jmp T_48.9;
T_48.1 ;
    %load/vec4 v00000187d2da9260_0;
    %store/vec4 v00000187d2dab060_0, 0, 64;
    %jmp T_48.9;
T_48.2 ;
    %load/vec4 v00000187d2da9260_0;
    %store/vec4 v00000187d2dab060_0, 0, 64;
    %jmp T_48.9;
T_48.3 ;
    %load/vec4 v00000187d2daaa20_0;
    %store/vec4 v00000187d2dab060_0, 0, 64;
    %jmp T_48.9;
T_48.4 ;
    %load/vec4 v00000187d2daaa20_0;
    %inv;
    %pushi/vec4 1, 0, 64;
    %add;
    %store/vec4 v00000187d2dab060_0, 0, 64;
    %jmp T_48.9;
T_48.5 ;
    %load/vec4 v00000187d2da9260_0;
    %inv;
    %pushi/vec4 1, 0, 64;
    %add;
    %store/vec4 v00000187d2dab060_0, 0, 64;
    %jmp T_48.9;
T_48.6 ;
    %load/vec4 v00000187d2da9260_0;
    %inv;
    %pushi/vec4 1, 0, 64;
    %add;
    %store/vec4 v00000187d2dab060_0, 0, 64;
    %jmp T_48.9;
T_48.7 ;
    %pushi/vec4 0, 0, 64;
    %store/vec4 v00000187d2dab060_0, 0, 64;
    %jmp T_48.9;
T_48.9 ;
    %pop/vec4 1;
    %jmp T_48;
    .thread T_48, $push;
    .scope S_00000187d2db7bc0;
T_49 ;
    %wait E_00000187d2d10660;
    %load/vec4 v00000187d2dacaa0_0;
    %dup/vec4;
    %pushi/vec4 0, 0, 3;
    %cmp/u;
    %jmp/1 T_49.0, 6;
    %dup/vec4;
    %pushi/vec4 1, 0, 3;
    %cmp/u;
    %jmp/1 T_49.1, 6;
    %dup/vec4;
    %pushi/vec4 2, 0, 3;
    %cmp/u;
    %jmp/1 T_49.2, 6;
    %dup/vec4;
    %pushi/vec4 3, 0, 3;
    %cmp/u;
    %jmp/1 T_49.3, 6;
    %dup/vec4;
    %pushi/vec4 4, 0, 3;
    %cmp/u;
    %jmp/1 T_49.4, 6;
    %dup/vec4;
    %pushi/vec4 5, 0, 3;
    %cmp/u;
    %jmp/1 T_49.5, 6;
    %dup/vec4;
    %pushi/vec4 6, 0, 3;
    %cmp/u;
    %jmp/1 T_49.6, 6;
    %dup/vec4;
    %pushi/vec4 7, 0, 3;
    %cmp/u;
    %jmp/1 T_49.7, 6;
    %pushi/vec4 0, 0, 64;
    %store/vec4 v00000187d2dac500_0, 0, 64;
    %jmp T_49.9;
T_49.0 ;
    %pushi/vec4 0, 0, 64;
    %store/vec4 v00000187d2dac500_0, 0, 64;
    %jmp T_49.9;
T_49.1 ;
    %load/vec4 v00000187d2daade0_0;
    %store/vec4 v00000187d2dac500_0, 0, 64;
    %jmp T_49.9;
T_49.2 ;
    %load/vec4 v00000187d2daade0_0;
    %store/vec4 v00000187d2dac500_0, 0, 64;
    %jmp T_49.9;
T_49.3 ;
    %load/vec4 v00000187d2da9c60_0;
    %store/vec4 v00000187d2dac500_0, 0, 64;
    %jmp T_49.9;
T_49.4 ;
    %load/vec4 v00000187d2da9c60_0;
    %inv;
    %pushi/vec4 1, 0, 64;
    %add;
    %store/vec4 v00000187d2dac500_0, 0, 64;
    %jmp T_49.9;
T_49.5 ;
    %load/vec4 v00000187d2daade0_0;
    %inv;
    %pushi/vec4 1, 0, 64;
    %add;
    %store/vec4 v00000187d2dac500_0, 0, 64;
    %jmp T_49.9;
T_49.6 ;
    %load/vec4 v00000187d2daade0_0;
    %inv;
    %pushi/vec4 1, 0, 64;
    %add;
    %store/vec4 v00000187d2dac500_0, 0, 64;
    %jmp T_49.9;
T_49.7 ;
    %pushi/vec4 0, 0, 64;
    %store/vec4 v00000187d2dac500_0, 0, 64;
    %jmp T_49.9;
T_49.9 ;
    %pop/vec4 1;
    %jmp T_49;
    .thread T_49, $push;
    .scope S_00000187d2db7d50;
T_50 ;
    %wait E_00000187d2d10460;
    %load/vec4 v00000187d2dac320_0;
    %dup/vec4;
    %pushi/vec4 0, 0, 3;
    %cmp/u;
    %jmp/1 T_50.0, 6;
    %dup/vec4;
    %pushi/vec4 1, 0, 3;
    %cmp/u;
    %jmp/1 T_50.1, 6;
    %dup/vec4;
    %pushi/vec4 2, 0, 3;
    %cmp/u;
    %jmp/1 T_50.2, 6;
    %dup/vec4;
    %pushi/vec4 3, 0, 3;
    %cmp/u;
    %jmp/1 T_50.3, 6;
    %dup/vec4;
    %pushi/vec4 4, 0, 3;
    %cmp/u;
    %jmp/1 T_50.4, 6;
    %dup/vec4;
    %pushi/vec4 5, 0, 3;
    %cmp/u;
    %jmp/1 T_50.5, 6;
    %dup/vec4;
    %pushi/vec4 6, 0, 3;
    %cmp/u;
    %jmp/1 T_50.6, 6;
    %dup/vec4;
    %pushi/vec4 7, 0, 3;
    %cmp/u;
    %jmp/1 T_50.7, 6;
    %pushi/vec4 0, 0, 64;
    %store/vec4 v00000187d2dacfa0_0, 0, 64;
    %jmp T_50.9;
T_50.0 ;
    %pushi/vec4 0, 0, 64;
    %store/vec4 v00000187d2dacfa0_0, 0, 64;
    %jmp T_50.9;
T_50.1 ;
    %load/vec4 v00000187d2dac0a0_0;
    %store/vec4 v00000187d2dacfa0_0, 0, 64;
    %jmp T_50.9;
T_50.2 ;
    %load/vec4 v00000187d2dac0a0_0;
    %store/vec4 v00000187d2dacfa0_0, 0, 64;
    %jmp T_50.9;
T_50.3 ;
    %load/vec4 v00000187d2dacb40_0;
    %store/vec4 v00000187d2dacfa0_0, 0, 64;
    %jmp T_50.9;
T_50.4 ;
    %load/vec4 v00000187d2dacb40_0;
    %inv;
    %pushi/vec4 1, 0, 64;
    %add;
    %store/vec4 v00000187d2dacfa0_0, 0, 64;
    %jmp T_50.9;
T_50.5 ;
    %load/vec4 v00000187d2dac0a0_0;
    %inv;
    %pushi/vec4 1, 0, 64;
    %add;
    %store/vec4 v00000187d2dacfa0_0, 0, 64;
    %jmp T_50.9;
T_50.6 ;
    %load/vec4 v00000187d2dac0a0_0;
    %inv;
    %pushi/vec4 1, 0, 64;
    %add;
    %store/vec4 v00000187d2dacfa0_0, 0, 64;
    %jmp T_50.9;
T_50.7 ;
    %pushi/vec4 0, 0, 64;
    %store/vec4 v00000187d2dacfa0_0, 0, 64;
    %jmp T_50.9;
T_50.9 ;
    %pop/vec4 1;
    %jmp T_50;
    .thread T_50, $push;
    .scope S_00000187d2db7710;
T_51 ;
    %wait E_00000187d2d108e0;
    %load/vec4 v00000187d2daba60_0;
    %dup/vec4;
    %pushi/vec4 0, 0, 3;
    %cmp/u;
    %jmp/1 T_51.0, 6;
    %dup/vec4;
    %pushi/vec4 1, 0, 3;
    %cmp/u;
    %jmp/1 T_51.1, 6;
    %dup/vec4;
    %pushi/vec4 2, 0, 3;
    %cmp/u;
    %jmp/1 T_51.2, 6;
    %dup/vec4;
    %pushi/vec4 3, 0, 3;
    %cmp/u;
    %jmp/1 T_51.3, 6;
    %dup/vec4;
    %pushi/vec4 4, 0, 3;
    %cmp/u;
    %jmp/1 T_51.4, 6;
    %dup/vec4;
    %pushi/vec4 5, 0, 3;
    %cmp/u;
    %jmp/1 T_51.5, 6;
    %dup/vec4;
    %pushi/vec4 6, 0, 3;
    %cmp/u;
    %jmp/1 T_51.6, 6;
    %dup/vec4;
    %pushi/vec4 7, 0, 3;
    %cmp/u;
    %jmp/1 T_51.7, 6;
    %pushi/vec4 0, 0, 64;
    %store/vec4 v00000187d2dac460_0, 0, 64;
    %jmp T_51.9;
T_51.0 ;
    %pushi/vec4 0, 0, 64;
    %store/vec4 v00000187d2dac460_0, 0, 64;
    %jmp T_51.9;
T_51.1 ;
    %load/vec4 v00000187d2dacf00_0;
    %store/vec4 v00000187d2dac460_0, 0, 64;
    %jmp T_51.9;
T_51.2 ;
    %load/vec4 v00000187d2dacf00_0;
    %store/vec4 v00000187d2dac460_0, 0, 64;
    %jmp T_51.9;
T_51.3 ;
    %load/vec4 v00000187d2dab7e0_0;
    %store/vec4 v00000187d2dac460_0, 0, 64;
    %jmp T_51.9;
T_51.4 ;
    %load/vec4 v00000187d2dab7e0_0;
    %inv;
    %pushi/vec4 1, 0, 64;
    %add;
    %store/vec4 v00000187d2dac460_0, 0, 64;
    %jmp T_51.9;
T_51.5 ;
    %load/vec4 v00000187d2dacf00_0;
    %inv;
    %pushi/vec4 1, 0, 64;
    %add;
    %store/vec4 v00000187d2dac460_0, 0, 64;
    %jmp T_51.9;
T_51.6 ;
    %load/vec4 v00000187d2dacf00_0;
    %inv;
    %pushi/vec4 1, 0, 64;
    %add;
    %store/vec4 v00000187d2dac460_0, 0, 64;
    %jmp T_51.9;
T_51.7 ;
    %pushi/vec4 0, 0, 64;
    %store/vec4 v00000187d2dac460_0, 0, 64;
    %jmp T_51.9;
T_51.9 ;
    %pop/vec4 1;
    %jmp T_51;
    .thread T_51, $push;
    .scope S_00000187d2db70d0;
T_52 ;
    %wait E_00000187d2d10ae0;
    %load/vec4 v00000187d2dabf60_0;
    %cmpi/e 0, 0, 32;
    %jmp/0xz  T_52.0, 4;
    %pushi/vec4 4294967295, 0, 32;
    %store/vec4 v00000187d2dab920_0, 0, 32;
    %load/vec4 v00000187d2dadb80_0;
    %store/vec4 v00000187d2dada40_0, 0, 32;
    %jmp T_52.1;
T_52.0 ;
    %pushi/vec4 0, 0, 32;
    %load/vec4 v00000187d2dadb80_0;
    %concat/vec4; draw_concat_vec4
    %store/vec4 v00000187d2dad220_0, 0, 64;
    %load/vec4 v00000187d2dabf60_0;
    %store/vec4 v00000187d2dab880_0, 0, 32;
    %pushi/vec4 0, 0, 32;
    %store/vec4 v00000187d2dadae0_0, 0, 32;
T_52.2 ;
    %load/vec4 v00000187d2dadae0_0;
    %cmpi/s 32, 0, 32;
    %jmp/0xz T_52.3, 5;
    %load/vec4 v00000187d2dad220_0;
    %ix/load 4, 1, 0;
    %flag_set/imm 4, 0;
    %shiftl 4;
    %store/vec4 v00000187d2dad220_0, 0, 64;
    %load/vec4 v00000187d2dad220_0;
    %parti/s 1, 63, 7;
    %flag_set/vec4 8;
    %jmp/0xz  T_52.4, 8;
    %load/vec4 v00000187d2dad220_0;
    %parti/s 32, 32, 7;
    %load/vec4 v00000187d2dab880_0;
    %add;
    %ix/load 4, 32, 0;
    %flag_set/imm 4, 0;
    %store/vec4 v00000187d2dad220_0, 4, 32;
    %jmp T_52.5;
T_52.4 ;
    %load/vec4 v00000187d2dad220_0;
    %parti/s 32, 32, 7;
    %load/vec4 v00000187d2dab880_0;
    %sub;
    %ix/load 4, 32, 0;
    %flag_set/imm 4, 0;
    %store/vec4 v00000187d2dad220_0, 4, 32;
T_52.5 ;
    %load/vec4 v00000187d2dad220_0;
    %parti/s 1, 63, 7;
    %flag_set/vec4 8;
    %jmp/0xz  T_52.6, 8;
    %pushi/vec4 0, 0, 1;
    %ix/load 4, 0, 0;
    %flag_set/imm 4, 0;
    %store/vec4 v00000187d2dad220_0, 4, 1;
    %jmp T_52.7;
T_52.6 ;
    %pushi/vec4 1, 0, 1;
    %ix/load 4, 0, 0;
    %flag_set/imm 4, 0;
    %store/vec4 v00000187d2dad220_0, 4, 1;
T_52.7 ;
    %load/vec4 v00000187d2dadae0_0;
    %addi 1, 0, 32;
    %store/vec4 v00000187d2dadae0_0, 0, 32;
    %jmp T_52.2;
T_52.3 ;
    %load/vec4 v00000187d2dad220_0;
    %parti/s 1, 63, 7;
    %flag_set/vec4 8;
    %jmp/0xz  T_52.8, 8;
    %load/vec4 v00000187d2dad220_0;
    %parti/s 32, 32, 7;
    %load/vec4 v00000187d2dab880_0;
    %add;
    %store/vec4 v00000187d2dada40_0, 0, 32;
    %jmp T_52.9;
T_52.8 ;
    %load/vec4 v00000187d2dad220_0;
    %parti/s 32, 32, 7;
    %store/vec4 v00000187d2dada40_0, 0, 32;
T_52.9 ;
    %load/vec4 v00000187d2dad220_0;
    %parti/s 32, 0, 2;
    %store/vec4 v00000187d2dab920_0, 0, 32;
T_52.1 ;
    %jmp T_52;
    .thread T_52, $push;
    .scope S_00000187d28e3340;
T_53 ;
    %wait E_00000187d2d0dfa0;
    %pushi/vec4 0, 0, 1;
    %store/vec4 v00000187d2df21e0_0, 0, 1;
    %load/vec4 v00000187d2df28c0_0;
    %dup/vec4;
    %pushi/vec4 0, 0, 5;
    %cmp/u;
    %jmp/1 T_53.0, 6;
    %dup/vec4;
    %pushi/vec4 1, 0, 5;
    %cmp/u;
    %jmp/1 T_53.1, 6;
    %dup/vec4;
    %pushi/vec4 2, 0, 5;
    %cmp/u;
    %jmp/1 T_53.2, 6;
    %dup/vec4;
    %pushi/vec4 3, 0, 5;
    %cmp/u;
    %jmp/1 T_53.3, 6;
    %dup/vec4;
    %pushi/vec4 4, 0, 5;
    %cmp/u;
    %jmp/1 T_53.4, 6;
    %dup/vec4;
    %pushi/vec4 5, 0, 5;
    %cmp/u;
    %jmp/1 T_53.5, 6;
    %dup/vec4;
    %pushi/vec4 6, 0, 5;
    %cmp/u;
    %jmp/1 T_53.6, 6;
    %dup/vec4;
    %pushi/vec4 7, 0, 5;
    %cmp/u;
    %jmp/1 T_53.7, 6;
    %dup/vec4;
    %pushi/vec4 8, 0, 5;
    %cmp/u;
    %jmp/1 T_53.8, 6;
    %dup/vec4;
    %pushi/vec4 9, 0, 5;
    %cmp/u;
    %jmp/1 T_53.9, 6;
    %dup/vec4;
    %pushi/vec4 10, 0, 5;
    %cmp/u;
    %jmp/1 T_53.10, 6;
    %dup/vec4;
    %pushi/vec4 11, 0, 5;
    %cmp/u;
    %jmp/1 T_53.11, 6;
    %dup/vec4;
    %pushi/vec4 12, 0, 5;
    %cmp/u;
    %jmp/1 T_53.12, 6;
    %pushi/vec4 0, 0, 64;
    %store/vec4 v00000187d2df1420_0, 0, 64;
    %jmp T_53.14;
T_53.0 ;
    %pushi/vec4 0, 0, 32;
    %load/vec4 v00000187d2df14c0_0;
    %concat/vec4; draw_concat_vec4
    %store/vec4 v00000187d2df1420_0, 0, 64;
    %load/vec4 v00000187d2df3360_0;
    %store/vec4 v00000187d2df21e0_0, 0, 1;
    %jmp T_53.14;
T_53.1 ;
    %pushi/vec4 0, 0, 32;
    %load/vec4 v00000187d2df19c0_0;
    %concat/vec4; draw_concat_vec4
    %store/vec4 v00000187d2df1420_0, 0, 64;
    %load/vec4 v00000187d2df2be0_0;
    %store/vec4 v00000187d2df21e0_0, 0, 1;
    %jmp T_53.14;
T_53.2 ;
    %load/vec4 v00000187d2df1600_0;
    %store/vec4 v00000187d2df1420_0, 0, 64;
    %jmp T_53.14;
T_53.3 ;
    %load/vec4 v00000187d2df37c0_0;
    %load/vec4 v00000187d2df1560_0;
    %concat/vec4; draw_concat_vec4
    %store/vec4 v00000187d2df1420_0, 0, 64;
    %jmp T_53.14;
T_53.4 ;
    %pushi/vec4 0, 0, 32;
    %load/vec4 v00000187d2df1e20_0;
    %load/vec4 v00000187d2df3540_0;
    %and;
    %concat/vec4; draw_concat_vec4
    %store/vec4 v00000187d2df1420_0, 0, 64;
    %jmp T_53.14;
T_53.5 ;
    %pushi/vec4 0, 0, 32;
    %load/vec4 v00000187d2df1e20_0;
    %load/vec4 v00000187d2df3540_0;
    %or;
    %concat/vec4; draw_concat_vec4
    %store/vec4 v00000187d2df1420_0, 0, 64;
    %jmp T_53.14;
T_53.6 ;
    %pushi/vec4 0, 0, 32;
    %load/vec4 v00000187d2df3540_0;
    %inv;
    %concat/vec4; draw_concat_vec4
    %store/vec4 v00000187d2df1420_0, 0, 64;
    %jmp T_53.14;
T_53.7 ;
    %pushi/vec4 0, 0, 32;
    %load/vec4 v00000187d2df1f60_0;
    %concat/vec4; draw_concat_vec4
    %store/vec4 v00000187d2df1420_0, 0, 64;
    %jmp T_53.14;
T_53.8 ;
    %pushi/vec4 0, 0, 32;
    %load/vec4 v00000187d2df2d20_0;
    %concat/vec4; draw_concat_vec4
    %store/vec4 v00000187d2df1420_0, 0, 64;
    %jmp T_53.14;
T_53.9 ;
    %pushi/vec4 0, 0, 32;
    %load/vec4 v00000187d2df12e0_0;
    %concat/vec4; draw_concat_vec4
    %store/vec4 v00000187d2df1420_0, 0, 64;
    %jmp T_53.14;
T_53.10 ;
    %pushi/vec4 0, 0, 32;
    %load/vec4 v00000187d2df2280_0;
    %concat/vec4; draw_concat_vec4
    %store/vec4 v00000187d2df1420_0, 0, 64;
    %jmp T_53.14;
T_53.11 ;
    %pushi/vec4 0, 0, 32;
    %load/vec4 v00000187d2df35e0_0;
    %concat/vec4; draw_concat_vec4
    %store/vec4 v00000187d2df1420_0, 0, 64;
    %jmp T_53.14;
T_53.12 ;
    %pushi/vec4 0, 0, 32;
    %load/vec4 v00000187d2df2460_0;
    %concat/vec4; draw_concat_vec4
    %store/vec4 v00000187d2df1420_0, 0, 64;
    %jmp T_53.14;
T_53.14 ;
    %pop/vec4 1;
    %jmp T_53;
    .thread T_53, $push;
    .scope S_00000187d2e16540;
T_54 ;
    %wait E_00000187d2d0da60;
    %load/vec4 v00000187d2e04170_0;
    %flag_set/vec4 8;
    %jmp/0xz  T_54.0, 8;
    %pushi/vec4 0, 0, 32;
    %assign/vec4 v00000187d2e03f90_0, 0;
    %jmp T_54.1;
T_54.0 ;
    %load/vec4 v00000187d2e03e50_0;
    %flag_set/vec4 8;
    %jmp/0xz  T_54.2, 8;
    %load/vec4 v00000187d2e03c70_0;
    %assign/vec4 v00000187d2e03f90_0, 0;
T_54.2 ;
T_54.1 ;
    %jmp T_54;
    .thread T_54;
    .scope S_00000187d2dffdd0;
T_55 ;
    %wait E_00000187d2d0da60;
    %load/vec4 v00000187d2e06dd0_0;
    %flag_set/vec4 8;
    %jmp/0xz  T_55.0, 8;
    %pushi/vec4 0, 0, 32;
    %assign/vec4 v00000187d2e079b0_0, 0;
    %jmp T_55.1;
T_55.0 ;
    %load/vec4 v00000187d2e06010_0;
    %flag_set/vec4 8;
    %jmp/0xz  T_55.2, 8;
    %load/vec4 v00000187d2e06fb0_0;
    %assign/vec4 v00000187d2e079b0_0, 0;
T_55.2 ;
T_55.1 ;
    %jmp T_55;
    .thread T_55;
    .scope S_00000187d2dff470;
T_56 ;
    %wait E_00000187d2d105a0;
    %load/vec4 v00000187d2df2000_0;
    %dup/vec4;
    %pushi/vec4 0, 0, 5;
    %cmp/u;
    %jmp/1 T_56.0, 6;
    %dup/vec4;
    %pushi/vec4 1, 0, 5;
    %cmp/u;
    %jmp/1 T_56.1, 6;
    %dup/vec4;
    %pushi/vec4 2, 0, 5;
    %cmp/u;
    %jmp/1 T_56.2, 6;
    %dup/vec4;
    %pushi/vec4 3, 0, 5;
    %cmp/u;
    %jmp/1 T_56.3, 6;
    %dup/vec4;
    %pushi/vec4 4, 0, 5;
    %cmp/u;
    %jmp/1 T_56.4, 6;
    %dup/vec4;
    %pushi/vec4 5, 0, 5;
    %cmp/u;
    %jmp/1 T_56.5, 6;
    %dup/vec4;
    %pushi/vec4 6, 0, 5;
    %cmp/u;
    %jmp/1 T_56.6, 6;
    %dup/vec4;
    %pushi/vec4 7, 0, 5;
    %cmp/u;
    %jmp/1 T_56.7, 6;
    %dup/vec4;
    %pushi/vec4 8, 0, 5;
    %cmp/u;
    %jmp/1 T_56.8, 6;
    %dup/vec4;
    %pushi/vec4 9, 0, 5;
    %cmp/u;
    %jmp/1 T_56.9, 6;
    %dup/vec4;
    %pushi/vec4 10, 0, 5;
    %cmp/u;
    %jmp/1 T_56.10, 6;
    %dup/vec4;
    %pushi/vec4 11, 0, 5;
    %cmp/u;
    %jmp/1 T_56.11, 6;
    %dup/vec4;
    %pushi/vec4 12, 0, 5;
    %cmp/u;
    %jmp/1 T_56.12, 6;
    %dup/vec4;
    %pushi/vec4 13, 0, 5;
    %cmp/u;
    %jmp/1 T_56.13, 6;
    %dup/vec4;
    %pushi/vec4 14, 0, 5;
    %cmp/u;
    %jmp/1 T_56.14, 6;
    %dup/vec4;
    %pushi/vec4 15, 0, 5;
    %cmp/u;
    %jmp/1 T_56.15, 6;
    %dup/vec4;
    %pushi/vec4 16, 0, 5;
    %cmp/u;
    %jmp/1 T_56.16, 6;
    %dup/vec4;
    %pushi/vec4 17, 0, 5;
    %cmp/u;
    %jmp/1 T_56.17, 6;
    %dup/vec4;
    %pushi/vec4 18, 0, 5;
    %cmp/u;
    %jmp/1 T_56.18, 6;
    %dup/vec4;
    %pushi/vec4 19, 0, 5;
    %cmp/u;
    %jmp/1 T_56.19, 6;
    %dup/vec4;
    %pushi/vec4 20, 0, 5;
    %cmp/u;
    %jmp/1 T_56.20, 6;
    %dup/vec4;
    %pushi/vec4 21, 0, 5;
    %cmp/u;
    %jmp/1 T_56.21, 6;
    %dup/vec4;
    %pushi/vec4 22, 0, 5;
    %cmp/u;
    %jmp/1 T_56.22, 6;
    %dup/vec4;
    %pushi/vec4 23, 0, 5;
    %cmp/u;
    %jmp/1 T_56.23, 6;
    %pushi/vec4 0, 0, 32;
    %store/vec4 v00000187d2df2c80_0, 0, 32;
    %jmp T_56.25;
T_56.0 ;
    %load/vec4 v00000187d2df2b40_0;
    %store/vec4 v00000187d2df2c80_0, 0, 32;
    %jmp T_56.25;
T_56.1 ;
    %load/vec4 v00000187d2df2500_0;
    %store/vec4 v00000187d2df2c80_0, 0, 32;
    %jmp T_56.25;
T_56.2 ;
    %load/vec4 v00000187d2df23c0_0;
    %store/vec4 v00000187d2df2c80_0, 0, 32;
    %jmp T_56.25;
T_56.3 ;
    %load/vec4 v00000187d2df2e60_0;
    %store/vec4 v00000187d2df2c80_0, 0, 32;
    %jmp T_56.25;
T_56.4 ;
    %load/vec4 v00000187d2df2f00_0;
    %store/vec4 v00000187d2df2c80_0, 0, 32;
    %jmp T_56.25;
T_56.5 ;
    %load/vec4 v00000187d2df3040_0;
    %store/vec4 v00000187d2df2c80_0, 0, 32;
    %jmp T_56.25;
T_56.6 ;
    %load/vec4 v00000187d2df3180_0;
    %store/vec4 v00000187d2df2c80_0, 0, 32;
    %jmp T_56.25;
T_56.7 ;
    %load/vec4 v00000187d2df30e0_0;
    %store/vec4 v00000187d2df2c80_0, 0, 32;
    %jmp T_56.25;
T_56.8 ;
    %load/vec4 v00000187d2df1100_0;
    %store/vec4 v00000187d2df2c80_0, 0, 32;
    %jmp T_56.25;
T_56.9 ;
    %load/vec4 v00000187d2df3220_0;
    %store/vec4 v00000187d2df2c80_0, 0, 32;
    %jmp T_56.25;
T_56.10 ;
    %load/vec4 v00000187d2df2780_0;
    %store/vec4 v00000187d2df2c80_0, 0, 32;
    %jmp T_56.25;
T_56.11 ;
    %load/vec4 v00000187d2df2fa0_0;
    %store/vec4 v00000187d2df2c80_0, 0, 32;
    %jmp T_56.25;
T_56.12 ;
    %load/vec4 v00000187d2df2dc0_0;
    %store/vec4 v00000187d2df2c80_0, 0, 32;
    %jmp T_56.25;
T_56.13 ;
    %load/vec4 v00000187d2df1a60_0;
    %store/vec4 v00000187d2df2c80_0, 0, 32;
    %jmp T_56.25;
T_56.14 ;
    %load/vec4 v00000187d2df3860_0;
    %store/vec4 v00000187d2df2c80_0, 0, 32;
    %jmp T_56.25;
T_56.15 ;
    %load/vec4 v00000187d2df16a0_0;
    %store/vec4 v00000187d2df2c80_0, 0, 32;
    %jmp T_56.25;
T_56.16 ;
    %load/vec4 v00000187d2df25a0_0;
    %store/vec4 v00000187d2df2c80_0, 0, 32;
    %jmp T_56.25;
T_56.17 ;
    %load/vec4 v00000187d2df20a0_0;
    %store/vec4 v00000187d2df2c80_0, 0, 32;
    %jmp T_56.25;
T_56.18 ;
    %load/vec4 v00000187d2df32c0_0;
    %store/vec4 v00000187d2df2c80_0, 0, 32;
    %jmp T_56.25;
T_56.19 ;
    %load/vec4 v00000187d2df11a0_0;
    %store/vec4 v00000187d2df2c80_0, 0, 32;
    %jmp T_56.25;
T_56.20 ;
    %load/vec4 v00000187d2df26e0_0;
    %store/vec4 v00000187d2df2c80_0, 0, 32;
    %jmp T_56.25;
T_56.21 ;
    %load/vec4 v00000187d2df2320_0;
    %store/vec4 v00000187d2df2c80_0, 0, 32;
    %jmp T_56.25;
T_56.22 ;
    %load/vec4 v00000187d2df1ba0_0;
    %store/vec4 v00000187d2df2c80_0, 0, 32;
    %jmp T_56.25;
T_56.23 ;
    %load/vec4 v00000187d2df1b00_0;
    %store/vec4 v00000187d2df2c80_0, 0, 32;
    %jmp T_56.25;
T_56.25 ;
    %pop/vec4 1;
    %jmp T_56;
    .thread T_56, $push;
    .scope S_00000187d2d432c0;
T_57 ;
    %wait E_00000187d2d0da60;
    %load/vec4 v00000187d2e241f0_0;
    %flag_set/vec4 8;
    %jmp/0xz  T_57.0, 8;
    %pushi/vec4 0, 0, 64;
    %assign/vec4 v00000187d2e202d0_0, 0;
    %pushi/vec4 0, 0, 1;
    %assign/vec4 v00000187d2e21bd0_0, 0;
    %jmp T_57.1;
T_57.0 ;
    %load/vec4 v00000187d2e20d70_0;
    %flag_set/vec4 8;
    %jmp/0xz  T_57.2, 8;
    %load/vec4 v00000187d2e204b0_0;
    %assign/vec4 v00000187d2e202d0_0, 0;
    %load/vec4 v00000187d2e223f0_0;
    %assign/vec4 v00000187d2e21bd0_0, 0;
T_57.2 ;
T_57.1 ;
    %jmp T_57;
    .thread T_57;
    .scope S_00000187d2d423b0;
T_58 ;
    %pushi/vec4 0, 0, 1;
    %store/vec4 v00000187d2e26310_0, 0, 1;
T_58.0 ;
    %delay 1000, 0;
    %load/vec4 v00000187d2e26310_0;
    %inv;
    %store/vec4 v00000187d2e26310_0, 0, 1;
    %jmp T_58.0;
    %end;
    .thread T_58;
    .scope S_00000187d2d423b0;
T_59 ;
    %pushi/vec4 0, 0, 32;
    %store/vec4 v00000187d2e25410_0, 0, 32;
T_59.0 ;
    %wait E_00000187d2d122a0;
    %load/vec4 v00000187d2e25410_0;
    %addi 1, 0, 32;
    %store/vec4 v00000187d2e25410_0, 0, 32;
    %load/vec4 v00000187d2e25410_0;
    %cmpi/s 50000, 0, 32;
    %flag_or 5, 4; GT is !LE
    %flag_inv 5;
    %jmp/0xz  T_59.1, 5;
    %vpi_call 2 45 "$display", "TIMEOUT after %0d cycles", v00000187d2e25410_0 {0 0 0};
    %vpi_call 2 46 "$finish" {0 0 0};
T_59.1 ;
    %jmp T_59.0;
    %end;
    .thread T_59;
    .scope S_00000187d2d423b0;
T_60 ;
    %vpi_call 2 63 "$dumpfile", "cpu_tb.vcd" {0 0 0};
    %vpi_call 2 64 "$dumpvars", 32'sb00000000000000000000000000000000, S_00000187d2d423b0 {0 0 0};
    %pushi/vec4 0, 0, 32;
    %store/vec4 v00000187d2e264f0_0, 0, 32;
    %pushi/vec4 0, 0, 1;
    %store/vec4 v00000187d2e268b0_0, 0, 1;
    %pushi/vec4 0, 0, 32; draw_string_vec4
    %pushi/vec4 0, 0, 32; draw_string_vec4
    %concat/vec4; draw_string_vec4
    %pushi/vec4 0, 0, 32; draw_string_vec4
    %concat/vec4; draw_string_vec4
    %pushi/vec4 109, 0, 32; draw_string_vec4
    %concat/vec4; draw_string_vec4
    %pushi/vec4 1701670770, 0, 32; draw_string_vec4
    %concat/vec4; draw_string_vec4
    %pushi/vec4 2036294245, 0, 32; draw_string_vec4
    %concat/vec4; draw_string_vec4
    %pushi/vec4 1718579813, 0, 32; draw_string_vec4
    %concat/vec4; draw_string_vec4
    %pushi/vec4 778593656, 0, 32; draw_string_vec4
    %concat/vec4; draw_string_vec4
    %store/vec4 v00000187d2e22990_0, 0, 256;
    %fork TD_cpu_tb.dump_memory, S_00000187d2e15730;
    %join;
    %vpi_call 2 69 "$display", "Memory dumped to memory_before.hex" {0 0 0};
    %pushi/vec4 1, 0, 1;
    %store/vec4 v00000187d2e27850_0, 0, 1;
    %pushi/vec4 3, 0, 32;
T_60.0 %dup/vec4;
    %pushi/vec4 0, 0, 32;
    %cmp/s;
    %jmp/1xz T_60.1, 5;
    %jmp/1 T_60.1, 4;
    %pushi/vec4 1, 0, 32;
    %sub;
    %wait E_00000187d2d122a0;
    %jmp T_60.0;
T_60.1 ;
    %pop/vec4 1;
    %delay 100, 0;
    %pushi/vec4 0, 0, 1;
    %store/vec4 v00000187d2e27850_0, 0, 1;
    %wait E_00000187d2d0d9a0;
    %pushi/vec4 2, 0, 32;
T_60.2 %dup/vec4;
    %pushi/vec4 0, 0, 32;
    %cmp/s;
    %jmp/1xz T_60.3, 5;
    %jmp/1 T_60.3, 4;
    %pushi/vec4 1, 0, 32;
    %sub;
    %wait E_00000187d2d122a0;
    %jmp T_60.2;
T_60.3 ;
    %pop/vec4 1;
    %vpi_call 2 77 "$display", "=======================================================" {0 0 0};
    %vpi_call 2 78 "$display", "  Phase 3 Program Complete  (%0d cycles)", v00000187d2e25410_0 {0 0 0};
    %vpi_call 2 79 "$display", "=======================================================" {0 0 0};
    %vpi_call 2 80 "$display", "  PC  = 0x%08h", v00000187d2e26ef0_0 {0 0 0};
    %vpi_call 2 81 "$display", "  IR  = 0x%08h", v00000187d2e26e50_0 {0 0 0};
    %vpi_call 2 82 "$display", "  MAR = 0x%08h", v00000187d2e26950_0 {0 0 0};
    %vpi_call 2 83 "$display", "  MDR = 0x%08h", v00000187d2e27030_0 {0 0 0};
    %vpi_call 2 84 "$display", "-------------------------------------------------------" {0 0 0};
    %vpi_call 2 85 "$display", "  R0  = 0x%08h   (exp 0x00000614)", v00000187d2e1f290_0 {0 0 0};
    %vpi_call 2 86 "$display", "  R1  = 0x%08h   (exp 0x00000000)", v00000187d2e1fb50_0 {0 0 0};
    %vpi_call 2 87 "$display", "  R2  = 0x%08h   (exp 0x00000004)", v00000187d2e1e2f0_0 {0 0 0};
    %vpi_call 2 88 "$display", "  R3  = 0x%08h   (exp 0x00000019)", v00000187d2e1ffb0_0 {0 0 0};
    %vpi_call 2 89 "$display", "  R4  = 0x%08h   (exp 0x00006800)", v00000187d2e1d990_0 {0 0 0};
    %vpi_call 2 90 "$display", "  R5  = 0x%08h   (exp 0x00000680)", v00000187d2e1e610_0 {0 0 0};
    %vpi_call 2 91 "$display", "  R6  = 0x%08h   (exp 0x000000AF)", v00000187d2e1ec50_0 {0 0 0};
    %vpi_call 2 92 "$display", "  R7  = 0x%08h   (exp 0x00000007)", v00000187d2e1df30_0 {0 0 0};
    %vpi_call 2 93 "$display", "  R8  = 0x%08h   (exp 0x00000009)", v00000187d2e1da30_0 {0 0 0};
    %vpi_call 2 94 "$display", "  R9  = 0x%08h   (exp 0x00000015)", v00000187d2e1f330_0 {0 0 0};
    %vpi_call 2 95 "$display", "  R10 = 0x%08h   (exp 0x000000B2)", v00000187d2e1e1b0_0 {0 0 0};
    %vpi_call 2 96 "$display", "  R11 = 0x%08h   (exp 0x00000005)", v00000187d2e1de90_0 {0 0 0};
    %vpi_call 2 97 "$display", "  R12 = 0x%08h   (exp 0x00000029)", v00000187d2e1ebb0_0 {0 0 0};
    %vpi_call 2 98 "$display", "  R13 = 0x%08h   (exp 0x00000010)", v00000187d2e1e4d0_0 {0 0 0};
    %vpi_call 2 99 "$display", "  R14 = 0x%08h   (exp 0x000000AB)", v00000187d2e1f6f0_0 {0 0 0};
    %vpi_call 2 100 "$display", "  R15 = 0x%08h   (exp 0x00000000)", v00000187d2e1f5b0_0 {0 0 0};
    %vpi_call 2 101 "$display", "  HI  = 0x%08h   (exp 0x00000004)", v00000187d2e25d70_0 {0 0 0};
    %vpi_call 2 102 "$display", "  LO  = 0x%08h   (exp 0x00000003)", v00000187d2e272b0_0 {0 0 0};
    %vpi_call 2 103 "$display", "-------------------------------------------------------" {0 0 0};
    %vpi_call 2 104 "$display", "  mem[0x089] = 0x%08h   (exp 0x0000006C)", &A<v00000187d2e1d3f0, 137> {0 0 0};
    %vpi_call 2 105 "$display", "  mem[0x0A3] = 0x%08h   (exp 0x00000008)", &A<v00000187d2e1d3f0, 163> {0 0 0};
    %vpi_call 2 106 "$display", "=======================================================" {0 0 0};
    %fork t_1, S_00000187d2e18160;
    %jmp t_0;
    .scope S_00000187d2e18160;
t_1 ;
    %pushi/vec4 1, 0, 1;
    %store/vec4 v00000187d2e25050_0, 0, 1;
    %load/vec4 v00000187d2e1f290_0;
    %cmpi/ne 1556, 0, 32;
    %jmp/0xz  T_60.4, 6;
    %vpi_call 2 111 "$display", "  FAIL R0" {0 0 0};
    %pushi/vec4 0, 0, 1;
    %store/vec4 v00000187d2e25050_0, 0, 1;
T_60.4 ;
    %load/vec4 v00000187d2e1fb50_0;
    %cmpi/ne 0, 0, 32;
    %jmp/0xz  T_60.6, 6;
    %vpi_call 2 112 "$display", "  FAIL R1" {0 0 0};
    %pushi/vec4 0, 0, 1;
    %store/vec4 v00000187d2e25050_0, 0, 1;
T_60.6 ;
    %load/vec4 v00000187d2e1e2f0_0;
    %cmpi/ne 4, 0, 32;
    %jmp/0xz  T_60.8, 6;
    %vpi_call 2 113 "$display", "  FAIL R2" {0 0 0};
    %pushi/vec4 0, 0, 1;
    %store/vec4 v00000187d2e25050_0, 0, 1;
T_60.8 ;
    %load/vec4 v00000187d2e1ffb0_0;
    %cmpi/ne 25, 0, 32;
    %jmp/0xz  T_60.10, 6;
    %vpi_call 2 114 "$display", "  FAIL R3" {0 0 0};
    %pushi/vec4 0, 0, 1;
    %store/vec4 v00000187d2e25050_0, 0, 1;
T_60.10 ;
    %load/vec4 v00000187d2e1d990_0;
    %cmpi/ne 26624, 0, 32;
    %jmp/0xz  T_60.12, 6;
    %vpi_call 2 115 "$display", "  FAIL R4" {0 0 0};
    %pushi/vec4 0, 0, 1;
    %store/vec4 v00000187d2e25050_0, 0, 1;
T_60.12 ;
    %load/vec4 v00000187d2e1e610_0;
    %cmpi/ne 1664, 0, 32;
    %jmp/0xz  T_60.14, 6;
    %vpi_call 2 116 "$display", "  FAIL R5" {0 0 0};
    %pushi/vec4 0, 0, 1;
    %store/vec4 v00000187d2e25050_0, 0, 1;
T_60.14 ;
    %load/vec4 v00000187d2e1ec50_0;
    %cmpi/ne 175, 0, 32;
    %jmp/0xz  T_60.16, 6;
    %vpi_call 2 117 "$display", "  FAIL R6" {0 0 0};
    %pushi/vec4 0, 0, 1;
    %store/vec4 v00000187d2e25050_0, 0, 1;
T_60.16 ;
    %load/vec4 v00000187d2e1df30_0;
    %cmpi/ne 7, 0, 32;
    %jmp/0xz  T_60.18, 6;
    %vpi_call 2 118 "$display", "  FAIL R7" {0 0 0};
    %pushi/vec4 0, 0, 1;
    %store/vec4 v00000187d2e25050_0, 0, 1;
T_60.18 ;
    %load/vec4 v00000187d2e1da30_0;
    %cmpi/ne 9, 0, 32;
    %jmp/0xz  T_60.20, 6;
    %vpi_call 2 119 "$display", "  FAIL R8" {0 0 0};
    %pushi/vec4 0, 0, 1;
    %store/vec4 v00000187d2e25050_0, 0, 1;
T_60.20 ;
    %load/vec4 v00000187d2e1f330_0;
    %cmpi/ne 21, 0, 32;
    %jmp/0xz  T_60.22, 6;
    %vpi_call 2 120 "$display", "  FAIL R9" {0 0 0};
    %pushi/vec4 0, 0, 1;
    %store/vec4 v00000187d2e25050_0, 0, 1;
T_60.22 ;
    %load/vec4 v00000187d2e1e1b0_0;
    %cmpi/ne 178, 0, 32;
    %jmp/0xz  T_60.24, 6;
    %vpi_call 2 121 "$display", "  FAIL R10" {0 0 0};
    %pushi/vec4 0, 0, 1;
    %store/vec4 v00000187d2e25050_0, 0, 1;
T_60.24 ;
    %load/vec4 v00000187d2e1de90_0;
    %cmpi/ne 5, 0, 32;
    %jmp/0xz  T_60.26, 6;
    %vpi_call 2 122 "$display", "  FAIL R11" {0 0 0};
    %pushi/vec4 0, 0, 1;
    %store/vec4 v00000187d2e25050_0, 0, 1;
T_60.26 ;
    %load/vec4 v00000187d2e1ebb0_0;
    %cmpi/ne 41, 0, 32;
    %jmp/0xz  T_60.28, 6;
    %vpi_call 2 123 "$display", "  FAIL R12" {0 0 0};
    %pushi/vec4 0, 0, 1;
    %store/vec4 v00000187d2e25050_0, 0, 1;
T_60.28 ;
    %load/vec4 v00000187d2e1e4d0_0;
    %cmpi/ne 16, 0, 32;
    %jmp/0xz  T_60.30, 6;
    %vpi_call 2 124 "$display", "  FAIL R13" {0 0 0};
    %pushi/vec4 0, 0, 1;
    %store/vec4 v00000187d2e25050_0, 0, 1;
T_60.30 ;
    %load/vec4 v00000187d2e1f6f0_0;
    %cmpi/ne 171, 0, 32;
    %jmp/0xz  T_60.32, 6;
    %vpi_call 2 125 "$display", "  FAIL R14" {0 0 0};
    %pushi/vec4 0, 0, 1;
    %store/vec4 v00000187d2e25050_0, 0, 1;
T_60.32 ;
    %load/vec4 v00000187d2e1f5b0_0;
    %cmpi/ne 0, 0, 32;
    %jmp/0xz  T_60.34, 6;
    %vpi_call 2 126 "$display", "  FAIL R15" {0 0 0};
    %pushi/vec4 0, 0, 1;
    %store/vec4 v00000187d2e25050_0, 0, 1;
T_60.34 ;
    %load/vec4 v00000187d2e25d70_0;
    %cmpi/ne 4, 0, 32;
    %jmp/0xz  T_60.36, 6;
    %vpi_call 2 127 "$display", "  FAIL HI" {0 0 0};
    %pushi/vec4 0, 0, 1;
    %store/vec4 v00000187d2e25050_0, 0, 1;
T_60.36 ;
    %load/vec4 v00000187d2e272b0_0;
    %cmpi/ne 3, 0, 32;
    %jmp/0xz  T_60.38, 6;
    %vpi_call 2 128 "$display", "  FAIL LO" {0 0 0};
    %pushi/vec4 0, 0, 1;
    %store/vec4 v00000187d2e25050_0, 0, 1;
T_60.38 ;
    %ix/load 4, 137, 0;
    %flag_set/imm 4, 0;
    %load/vec4a v00000187d2e1d3f0, 4;
    %cmpi/ne 108, 0, 32;
    %jmp/0xz  T_60.40, 6;
    %vpi_call 2 129 "$display", "  FAIL mem[0x89]" {0 0 0};
    %pushi/vec4 0, 0, 1;
    %store/vec4 v00000187d2e25050_0, 0, 1;
T_60.40 ;
    %ix/load 4, 163, 0;
    %flag_set/imm 4, 0;
    %load/vec4a v00000187d2e1d3f0, 4;
    %cmpi/ne 8, 0, 32;
    %jmp/0xz  T_60.42, 6;
    %vpi_call 2 130 "$display", "  FAIL mem[0xA3]" {0 0 0};
    %pushi/vec4 0, 0, 1;
    %store/vec4 v00000187d2e25050_0, 0, 1;
T_60.42 ;
    %load/vec4 v00000187d2e25050_0;
    %flag_set/vec4 8;
    %jmp/0xz  T_60.44, 8;
    %vpi_call 2 131 "$display", "  >>> ALL CHECKS PASSED <<<" {0 0 0};
    %jmp T_60.45;
T_60.44 ;
    %vpi_call 2 132 "$display", "  >>> SOME CHECKS FAILED <<<" {0 0 0};
T_60.45 ;
    %end;
    .scope S_00000187d2d423b0;
t_0 %join;
    %pushi/vec4 0, 0, 32; draw_string_vec4
    %pushi/vec4 0, 0, 32; draw_string_vec4
    %concat/vec4; draw_string_vec4
    %pushi/vec4 0, 0, 32; draw_string_vec4
    %concat/vec4; draw_string_vec4
    %pushi/vec4 0, 0, 32; draw_string_vec4
    %concat/vec4; draw_string_vec4
    %pushi/vec4 1835363695, 0, 32; draw_string_vec4
    %concat/vec4; draw_string_vec4
    %pushi/vec4 1920556897, 0, 32; draw_string_vec4
    %concat/vec4; draw_string_vec4
    %pushi/vec4 1718904178, 0, 32; draw_string_vec4
    %concat/vec4; draw_string_vec4
    %pushi/vec4 778593656, 0, 32; draw_string_vec4
    %concat/vec4; draw_string_vec4
    %store/vec4 v00000187d2e22990_0, 0, 256;
    %fork TD_cpu_tb.dump_memory, S_00000187d2e15730;
    %join;
    %vpi_call 2 136 "$display", "Memory dumped to memory_after.hex" {0 0 0};
    %delay 2000, 0;
    %vpi_call 2 137 "$finish" {0 0 0};
    %end;
    .thread T_60;
# The file index is used to find the file name in the following table.
:file_names 20;
    "N/A";
    "<interactive>";
    ".\simulation\P3\cpu_tb.v";
    "rtl/cpu.v";
    "rtl/control_unit.v";
    "rtl/datapath_top.v";
    "rtl/alu.v";
    "rtl/booth_multiplier.v";
    "rtl/divider.v";
    "rtl/ripple_carry_adder.v";
    "rtl/barrel_shifter.v";
    "rtl/bus_mux.v";
    "rtl/con_ff.v";
    "rtl/select_encode.v";
    "rtl/io.v";
    "rtl/key_regs.v";
    "rtl/registers.v";
    "rtl/pc_reg.v";
    "rtl/mdr.v";
    "rtl/ram.v";
