#! /c/Source/iverilog-install/bin/vvp
:ivl_version "12.0 (devel)" "(s20150603-1539-g2693dd32b)";
:ivl_delay_selection "TYPICAL";
:vpi_time_precision - 11;
:vpi_module "C:\iverilog\lib\ivl\system.vpi";
:vpi_module "C:\iverilog\lib\ivl\vhdl_sys.vpi";
:vpi_module "C:\iverilog\lib\ivl\vhdl_textio.vpi";
:vpi_module "C:\iverilog\lib\ivl\v2005_math.vpi";
:vpi_module "C:\iverilog\lib\ivl\va_math.vpi";
S_000002342a3c33a0 .scope module, "cpu_tb" "cpu_tb" 2 13;
 .timescale -9 -11;
L_000002342a537890 .functor BUFZ 32, v000002342a488730_0, C4<00000000000000000000000000000000>, C4<00000000000000000000000000000000>, C4<00000000000000000000000000000000>;
L_000002342a537c80 .functor BUFZ 32, v000002342a48b890_0, C4<00000000000000000000000000000000>, C4<00000000000000000000000000000000>, C4<00000000000000000000000000000000>;
L_000002342a5385b0 .functor BUFZ 32, v000002342a48b390_0, C4<00000000000000000000000000000000>, C4<00000000000000000000000000000000>, C4<00000000000000000000000000000000>;
L_000002342a537120 .functor BUFZ 32, L_000002342a335500, C4<00000000000000000000000000000000>, C4<00000000000000000000000000000000>, C4<00000000000000000000000000000000>;
L_000002342a537200 .functor BUFZ 32, v000002342a489db0_0, C4<00000000000000000000000000000000>, C4<00000000000000000000000000000000>, C4<00000000000000000000000000000000>;
L_000002342a5382a0 .functor BUFZ 32, v000002342a48acb0_0, C4<00000000000000000000000000000000>, C4<00000000000000000000000000000000>, C4<00000000000000000000000000000000>;
v000002342a4a8fd0_0 .var "clk", 0 0;
v000002342a4a9390_0 .var/i "cycle_count", 31 0;
v000002342a4a9b10_0 .var "device_in", 31 0;
v000002342a4aabf0_0 .net "hi_val", 31 0, L_000002342a537200;  1 drivers
v000002342a4ab050_0 .net "ir_val", 31 0, L_000002342a537c80;  1 drivers
v000002342a4a8a30_0 .net "lo_val", 31 0, L_000002342a5382a0;  1 drivers
v000002342a4aa6f0_0 .net "mar_val", 31 0, L_000002342a5385b0;  1 drivers
v000002342a4a9c50_0 .net "mdr_val", 31 0, L_000002342a537120;  1 drivers
v000002342a4aafb0_0 .net "outport_val", 31 0, v000002342a487f10_0;  1 drivers
v000002342a4a92f0_0 .net "pc_val", 31 0, L_000002342a537890;  1 drivers
v000002342a4aac90_0 .var "reset", 0 0;
v000002342a4a8b70_0 .net "run", 0 0, v000002342a3724b0_0;  1 drivers
v000002342a4aab50_0 .var "stop", 0 0;
E_000002342a38dc10 .event negedge, v000002342a3724b0_0;
S_000002342a3c39d0 .scope module, "DUT" "cpu" 2 20, 3 3 0, S_000002342a3c33a0;
 .timescale -9 -11;
    .port_info 0 /INPUT 1 "clk";
    .port_info 1 /INPUT 1 "reset";
    .port_info 2 /INPUT 1 "stop";
    .port_info 3 /INPUT 32 "device_in";
    .port_info 4 /OUTPUT 32 "outport_val";
    .port_info 5 /OUTPUT 1 "run";
v000002342a4a6eb0_0 .net "BAout", 0 0, v000002342a3729b0_0;  1 drivers
v000002342a4a6af0_0 .net "BusMuxOut", 31 0, v000002342a47a1c0_0;  1 drivers
v000002342a4a6f50_0 .net "Cout", 0 0, v000002342a3718d0_0;  1 drivers
v000002342a4a7130_0 .net "Gra", 0 0, v000002342a372c30_0;  1 drivers
v000002342a4a8530_0 .net "Grb", 0 0, v000002342a370ed0_0;  1 drivers
v000002342a4a6a50_0 .net "Grc", 0 0, v000002342a371830_0;  1 drivers
v000002342a4a6ff0_0 .net "IncPC", 0 0, v000002342a3720f0_0;  1 drivers
v000002342a4a88f0_0 .net "MDRin", 0 0, v000002342a372690_0;  1 drivers
v000002342a4a7b30_0 .net "Mdataout", 31 0, L_000002342a335500;  1 drivers
v000002342a4a7bd0_0 .net "Read", 0 0, v000002342a3734f0_0;  1 drivers
v000002342a4a7e50_0 .net "Rin", 0 0, v000002342a371c90_0;  1 drivers
v000002342a4a6c30_0 .net "Rout", 0 0, v000002342a371a10_0;  1 drivers
v000002342a4a67d0_0 .net "Zin", 0 0, v000002342a3725f0_0;  1 drivers
v000002342a4a6870_0 .net "alu_op", 4 0, v000002342a372a50_0;  1 drivers
v000002342a4a7310_0 .net "bus_sel", 4 0, v000002342a3733b0_0;  1 drivers
v000002342a4a7590_0 .net "clk", 0 0, v000002342a4a8fd0_0;  1 drivers
v000002342a4a6230_0 .net "con", 0 0, v000002342a48afd0_0;  1 drivers
v000002342a4a62d0_0 .net "con_en", 0 0, v000002342a371290_0;  1 drivers
v000002342a4a6370_0 .net "device_in", 31 0, v000002342a4a9b10_0;  1 drivers
v000002342a4a7770_0 .net "hi_in", 0 0, v000002342a372e10_0;  1 drivers
v000002342a4a7c70_0 .net "inport_in", 0 0, v000002342a371bf0_0;  1 drivers
v000002342a4a7810_0 .net "ir_in", 0 0, v000002342a372870_0;  1 drivers
v000002342a4a78b0_0 .net "ir_val", 31 0, v000002342a48b890_0;  1 drivers
v000002342a4a7950_0 .net "jal_r12_in", 0 0, v000002342a372230_0;  1 drivers
v000002342a4a7d10_0 .net "lo_in", 0 0, v000002342a372b90_0;  1 drivers
v000002342a4a6550_0 .net "mar_in", 0 0, v000002342a372410_0;  1 drivers
v000002342a4a8710_0 .net "mar_val", 31 0, v000002342a48b390_0;  1 drivers
v000002342a4a7ef0_0 .net "outport_in", 0 0, v000002342a372eb0_0;  1 drivers
v000002342a4a85d0_0 .net "outport_val", 31 0, v000002342a487f10_0;  alias, 1 drivers
v000002342a4a64b0_0 .net "pc_in", 0 0, v000002342a372370_0;  1 drivers
v000002342a4a7f90_0 .net "pc_val", 31 0, v000002342a488730_0;  1 drivers
v000002342a4a8030_0 .net "ram_in", 0 0, v000002342a371470_0;  1 drivers
v000002342a4a6cd0_0 .net "reset", 0 0, v000002342a4aac90_0;  1 drivers
v000002342a4a6b90_0 .net "run", 0 0, v000002342a3724b0_0;  alias, 1 drivers
v000002342a4a8210_0 .net "stop", 0 0, v000002342a4aab50_0;  1 drivers
v000002342a4a80d0_0 .net "y_in", 0 0, v000002342a372550_0;  1 drivers
v000002342a4a8170_0 .net "y_val", 31 0, v000002342a486a70_0;  1 drivers
v000002342a4a8350_0 .net "zhigh_out", 31 0, L_000002342a3390f0;  1 drivers
v000002342a4a83f0_0 .net "zlow_out", 31 0, L_000002342a338670;  1 drivers
S_000002342a3c3b60 .scope module, "cu" "control_unit" 3 30, 4 3 0, S_000002342a3c39d0;
 .timescale -9 -11;
    .port_info 0 /INPUT 1 "clk";
    .port_info 1 /INPUT 1 "reset";
    .port_info 2 /INPUT 1 "stop";
    .port_info 3 /INPUT 1 "con";
    .port_info 4 /INPUT 32 "IR";
    .port_info 5 /INPUT 32 "MDR";
    .port_info 6 /OUTPUT 5 "bus_sel";
    .port_info 7 /OUTPUT 1 "pc_in";
    .port_info 8 /OUTPUT 1 "IncPC";
    .port_info 9 /OUTPUT 1 "ir_in";
    .port_info 10 /OUTPUT 1 "y_in";
    .port_info 11 /OUTPUT 1 "mar_in";
    .port_info 12 /OUTPUT 1 "hi_in";
    .port_info 13 /OUTPUT 1 "lo_in";
    .port_info 14 /OUTPUT 1 "MDRin";
    .port_info 15 /OUTPUT 1 "Read";
    .port_info 16 /OUTPUT 1 "ram_in";
    .port_info 17 /OUTPUT 5 "alu_op";
    .port_info 18 /OUTPUT 1 "Zin";
    .port_info 19 /OUTPUT 1 "Gra";
    .port_info 20 /OUTPUT 1 "Grb";
    .port_info 21 /OUTPUT 1 "Grc";
    .port_info 22 /OUTPUT 1 "Rin";
    .port_info 23 /OUTPUT 1 "Rout";
    .port_info 24 /OUTPUT 1 "BAout";
    .port_info 25 /OUTPUT 1 "Cout";
    .port_info 26 /OUTPUT 1 "con_en";
    .port_info 27 /OUTPUT 1 "inport_in";
    .port_info 28 /OUTPUT 1 "outport_in";
    .port_info 29 /OUTPUT 1 "jal_r12_in";
    .port_info 30 /OUTPUT 1 "run";
P_000002342a3c4ff0 .param/l "ALU_ADD" 1 4 53, C4<00000>;
P_000002342a3c5028 .param/l "ALU_AND" 1 4 55, C4<00100>;
P_000002342a3c5060 .param/l "ALU_DIV" 1 4 54, C4<00011>;
P_000002342a3c5098 .param/l "ALU_MUL" 1 4 54, C4<00010>;
P_000002342a3c50d0 .param/l "ALU_NEG" 1 4 56, C4<00111>;
P_000002342a3c5108 .param/l "ALU_NOT" 1 4 56, C4<00110>;
P_000002342a3c5140 .param/l "ALU_OR" 1 4 55, C4<00101>;
P_000002342a3c5178 .param/l "ALU_ROL" 1 4 58, C4<01100>;
P_000002342a3c51b0 .param/l "ALU_ROR" 1 4 58, C4<01011>;
P_000002342a3c51e8 .param/l "ALU_SHL" 1 4 58, C4<01010>;
P_000002342a3c5220 .param/l "ALU_SHR" 1 4 57, C4<01000>;
P_000002342a3c5258 .param/l "ALU_SHRA" 1 4 57, C4<01001>;
P_000002342a3c5290 .param/l "ALU_SUB" 1 4 53, C4<00001>;
P_000002342a3c52c8 .param/l "BUS_C" 1 4 65, C4<10111>;
P_000002342a3c5300 .param/l "BUS_HI" 1 4 62, C4<10000>;
P_000002342a3c5338 .param/l "BUS_IN" 1 4 65, C4<10110>;
P_000002342a3c5370 .param/l "BUS_LO" 1 4 62, C4<10001>;
P_000002342a3c53a8 .param/l "BUS_MDR" 1 4 64, C4<10101>;
P_000002342a3c53e0 .param/l "BUS_PC" 1 4 64, C4<10100>;
P_000002342a3c5418 .param/l "BUS_ZH" 1 4 63, C4<10010>;
P_000002342a3c5450 .param/l "BUS_ZL" 1 4 63, C4<10011>;
P_000002342a3c5488 .param/l "OP_ADD" 1 4 35, C4<00000>;
P_000002342a3c54c0 .param/l "OP_ADDI" 1 4 39, C4<01001>;
P_000002342a3c54f8 .param/l "OP_AND" 1 4 36, C4<00010>;
P_000002342a3c5530 .param/l "OP_ANDI" 1 4 39, C4<01010>;
P_000002342a3c5568 .param/l "OP_BR" 1 4 43, C4<10101>;
P_000002342a3c55a0 .param/l "OP_DIV" 1 4 40, C4<01100>;
P_000002342a3c55d8 .param/l "OP_HALT" 1 4 46, C4<11011>;
P_000002342a3c5610 .param/l "OP_IN" 1 4 44, C4<10110>;
P_000002342a3c5648 .param/l "OP_JAL" 1 4 43, C4<10011>;
P_000002342a3c5680 .param/l "OP_JR" 1 4 43, C4<10100>;
P_000002342a3c56b8 .param/l "OP_LD" 1 4 42, C4<10000>;
P_000002342a3c56f0 .param/l "OP_LDI" 1 4 42, C4<10001>;
P_000002342a3c5728 .param/l "OP_MFHI" 1 4 45, C4<11000>;
P_000002342a3c5760 .param/l "OP_MFLO" 1 4 45, C4<11001>;
P_000002342a3c5798 .param/l "OP_MUL" 1 4 40, C4<01101>;
P_000002342a3c57d0 .param/l "OP_NEG" 1 4 41, C4<01110>;
P_000002342a3c5808 .param/l "OP_NOP" 1 4 46, C4<11010>;
P_000002342a3c5840 .param/l "OP_NOT" 1 4 41, C4<01111>;
P_000002342a3c5878 .param/l "OP_OR" 1 4 36, C4<00011>;
P_000002342a3c58b0 .param/l "OP_ORI" 1 4 39, C4<01011>;
P_000002342a3c58e8 .param/l "OP_OUT" 1 4 44, C4<10111>;
P_000002342a3c5920 .param/l "OP_ROL" 1 4 38, C4<01000>;
P_000002342a3c5958 .param/l "OP_ROR" 1 4 38, C4<00111>;
P_000002342a3c5990 .param/l "OP_SHL" 1 4 38, C4<00110>;
P_000002342a3c59c8 .param/l "OP_SHR" 1 4 37, C4<00100>;
P_000002342a3c5a00 .param/l "OP_SHRA" 1 4 37, C4<00101>;
P_000002342a3c5a38 .param/l "OP_ST" 1 4 42, C4<10010>;
P_000002342a3c5a70 .param/l "OP_SUB" 1 4 35, C4<00001>;
P_000002342a3c5aa8 .param/l "S_ALU2_T3" 1 4 74, C4<000111>;
P_000002342a3c5ae0 .param/l "S_ALU2_T4" 1 4 74, C4<001000>;
P_000002342a3c5b18 .param/l "S_ALU3_T3" 1 4 73, C4<000100>;
P_000002342a3c5b50 .param/l "S_ALU3_T4" 1 4 73, C4<000101>;
P_000002342a3c5b88 .param/l "S_ALU3_T5" 1 4 73, C4<000110>;
P_000002342a3c5bc0 .param/l "S_BR_T3" 1 4 83, C4<100001>;
P_000002342a3c5bf8 .param/l "S_BR_T4" 1 4 83, C4<100010>;
P_000002342a3c5c30 .param/l "S_BR_T5" 1 4 83, C4<100011>;
P_000002342a3c5c68 .param/l "S_BR_T6" 1 4 83, C4<100100>;
P_000002342a3c5ca0 .param/l "S_DIV_T3" 1 4 76, C4<001101>;
P_000002342a3c5cd8 .param/l "S_DIV_T4" 1 4 76, C4<001110>;
P_000002342a3c5d10 .param/l "S_DIV_T5" 1 4 76, C4<001111>;
P_000002342a3c5d48 .param/l "S_DIV_T6" 1 4 76, C4<010000>;
P_000002342a3c5d80 .param/l "S_FETCH0" 1 4 70, C4<000001>;
P_000002342a3c5db8 .param/l "S_FETCH1" 1 4 71, C4<000010>;
P_000002342a3c5df0 .param/l "S_FETCH2" 1 4 72, C4<000011>;
P_000002342a3c5e28 .param/l "S_HALT" 1 4 90, C4<101110>;
P_000002342a3c5e60 .param/l "S_IMM_T3" 1 4 82, C4<011110>;
P_000002342a3c5e98 .param/l "S_IMM_T4" 1 4 82, C4<011111>;
P_000002342a3c5ed0 .param/l "S_IMM_T5" 1 4 82, C4<100000>;
P_000002342a3c5f08 .param/l "S_IN_T3" 1 4 87, C4<101010>;
P_000002342a3c5f40 .param/l "S_IN_T4" 1 4 87, C4<101011>;
P_000002342a3c5f78 .param/l "S_JAL_T3" 1 4 85, C4<100110>;
P_000002342a3c5fb0 .param/l "S_JAL_T4" 1 4 85, C4<100111>;
P_000002342a3c5fe8 .param/l "S_JR_T3" 1 4 84, C4<100101>;
P_000002342a3c6020 .param/l "S_LDI_T3" 1 4 79, C4<010110>;
P_000002342a3c6058 .param/l "S_LDI_T4" 1 4 79, C4<010111>;
P_000002342a3c6090 .param/l "S_LDI_T5" 1 4 79, C4<011000>;
P_000002342a3c60c8 .param/l "S_LD_T3" 1 4 77, C4<010001>;
P_000002342a3c6100 .param/l "S_LD_T4" 1 4 77, C4<010010>;
P_000002342a3c6138 .param/l "S_LD_T5" 1 4 77, C4<010011>;
P_000002342a3c6170 .param/l "S_LD_T6" 1 4 78, C4<010100>;
P_000002342a3c61a8 .param/l "S_LD_T7" 1 4 78, C4<010101>;
P_000002342a3c61e0 .param/l "S_MFHI_T3" 1 4 86, C4<101000>;
P_000002342a3c6218 .param/l "S_MFLO_T3" 1 4 86, C4<101001>;
P_000002342a3c6250 .param/l "S_MUL_T3" 1 4 75, C4<001001>;
P_000002342a3c6288 .param/l "S_MUL_T4" 1 4 75, C4<001010>;
P_000002342a3c62c0 .param/l "S_MUL_T5" 1 4 75, C4<001011>;
P_000002342a3c62f8 .param/l "S_MUL_T6" 1 4 75, C4<001100>;
P_000002342a3c6330 .param/l "S_NOP_T3" 1 4 89, C4<101101>;
P_000002342a3c6368 .param/l "S_OUT_T3" 1 4 88, C4<101100>;
P_000002342a3c63a0 .param/l "S_RESET" 1 4 69, C4<000000>;
P_000002342a3c63d8 .param/l "S_ST_T3" 1 4 80, C4<011001>;
P_000002342a3c6410 .param/l "S_ST_T4" 1 4 80, C4<011010>;
P_000002342a3c6448 .param/l "S_ST_T5" 1 4 80, C4<011011>;
P_000002342a3c6480 .param/l "S_ST_T6" 1 4 81, C4<011100>;
P_000002342a3c64b8 .param/l "S_ST_T7" 1 4 81, C4<011101>;
v000002342a3729b0_0 .var "BAout", 0 0;
v000002342a3718d0_0 .var "Cout", 0 0;
v000002342a372c30_0 .var "Gra", 0 0;
v000002342a370ed0_0 .var "Grb", 0 0;
v000002342a371830_0 .var "Grc", 0 0;
v000002342a3711f0_0 .net "IR", 31 0, v000002342a48b890_0;  alias, 1 drivers
v000002342a3720f0_0 .var "IncPC", 0 0;
v000002342a3710b0_0 .net "MDR", 31 0, L_000002342a335500;  alias, 1 drivers
v000002342a372690_0 .var "MDRin", 0 0;
v000002342a3734f0_0 .var "Read", 0 0;
v000002342a371c90_0 .var "Rin", 0 0;
v000002342a371a10_0 .var "Rout", 0 0;
v000002342a3725f0_0 .var "Zin", 0 0;
L_000002342a4ba908 .functor BUFT 1, C4<000011>, C4<0>, C4<0>, C4<0>;
v000002342a370f70_0 .net/2u *"_ivl_0", 5 0, L_000002342a4ba908;  1 drivers
v000002342a372190_0 .net *"_ivl_2", 0 0, L_000002342a4a9a70;  1 drivers
v000002342a371ab0_0 .net *"_ivl_5", 4 0, L_000002342a4a9bb0;  1 drivers
v000002342a371650_0 .net *"_ivl_7", 4 0, L_000002342a4a9ed0;  1 drivers
v000002342a372a50_0 .var "alu_op", 4 0;
v000002342a3733b0_0 .var "bus_sel", 4 0;
v000002342a3727d0_0 .net "clk", 0 0, v000002342a4a8fd0_0;  alias, 1 drivers
v000002342a372730_0 .net "con", 0 0, v000002342a48afd0_0;  alias, 1 drivers
v000002342a371290_0 .var "con_en", 0 0;
v000002342a372e10_0 .var "hi_in", 0 0;
v000002342a371bf0_0 .var "inport_in", 0 0;
v000002342a372870_0 .var "ir_in", 0 0;
v000002342a372230_0 .var "jal_r12_in", 0 0;
v000002342a372b90_0 .var "lo_in", 0 0;
v000002342a372410_0 .var "mar_in", 0 0;
v000002342a3722d0_0 .var "next_state", 5 0;
v000002342a3715b0_0 .net "opcode", 4 0, L_000002342a4aad30;  1 drivers
v000002342a372eb0_0 .var "outport_in", 0 0;
v000002342a372370_0 .var "pc_in", 0 0;
v000002342a371470_0 .var "ram_in", 0 0;
v000002342a371790_0 .net "reset", 0 0, v000002342a4aac90_0;  alias, 1 drivers
v000002342a3724b0_0 .var "run", 0 0;
v000002342a371d30_0 .var "state", 5 0;
v000002342a371b50_0 .net "stop", 0 0, v000002342a4aab50_0;  alias, 1 drivers
v000002342a372550_0 .var "y_in", 0 0;
E_000002342a38df50 .event anyedge, v000002342a371d30_0, v000002342a3715b0_0, v000002342a372730_0;
E_000002342a38da50 .event anyedge, v000002342a371b50_0, v000002342a371d30_0, v000002342a3715b0_0;
E_000002342a38dc50 .event posedge, v000002342a371790_0, v000002342a3727d0_0;
L_000002342a4a9a70 .cmp/eq 6, v000002342a371d30_0, L_000002342a4ba908;
L_000002342a4a9bb0 .part L_000002342a335500, 27, 5;
L_000002342a4a9ed0 .part v000002342a48b890_0, 27, 5;
L_000002342a4aad30 .functor MUXZ 5, L_000002342a4a9ed0, L_000002342a4a9bb0, L_000002342a4a9a70, C4<>;
S_000002342a3c42b0 .scope module, "dp" "datapath_top" 3 61, 5 1 0, S_000002342a3c39d0;
 .timescale 0 0;
    .port_info 0 /INPUT 1 "clk";
    .port_info 1 /INPUT 1 "reset";
    .port_info 2 /INPUT 5 "bus_sel";
    .port_info 3 /INPUT 1 "pc_in";
    .port_info 4 /INPUT 1 "IncPC";
    .port_info 5 /INPUT 1 "ir_in";
    .port_info 6 /INPUT 1 "y_in";
    .port_info 7 /INPUT 1 "mar_in";
    .port_info 8 /INPUT 1 "hi_in";
    .port_info 9 /INPUT 1 "lo_in";
    .port_info 10 /INPUT 1 "MDRin";
    .port_info 11 /INPUT 1 "Read";
    .port_info 12 /INPUT 5 "alu_op";
    .port_info 13 /INPUT 1 "Zin";
    .port_info 14 /INPUT 32 "c_val";
    .port_info 15 /INPUT 1 "ram_in";
    .port_info 16 /INPUT 32 "device_in";
    .port_info 17 /INPUT 1 "inport_in";
    .port_info 18 /INPUT 1 "outport_in";
    .port_info 19 /INPUT 1 "Gra";
    .port_info 20 /INPUT 1 "Grb";
    .port_info 21 /INPUT 1 "Grc";
    .port_info 22 /INPUT 1 "Rin";
    .port_info 23 /INPUT 1 "Rout";
    .port_info 24 /INPUT 1 "BAout";
    .port_info 25 /INPUT 1 "Cout";
    .port_info 26 /INPUT 1 "con_en";
    .port_info 27 /INPUT 1 "jal_r12_in";
    .port_info 28 /OUTPUT 32 "BusMuxOut";
    .port_info 29 /OUTPUT 32 "pc_val";
    .port_info 30 /OUTPUT 32 "ir_val";
    .port_info 31 /OUTPUT 32 "y_val";
    .port_info 32 /OUTPUT 32 "mar_val";
    .port_info 33 /OUTPUT 32 "zhigh_out";
    .port_info 34 /OUTPUT 32 "zlow_out";
    .port_info 35 /OUTPUT 32 "Mdataout";
    .port_info 36 /OUTPUT 32 "outport_val";
    .port_info 37 /OUTPUT 1 "con";
    .port_info 38 /OUTPUT 1 "Overflow";
L_000002342a3390f0 .functor BUFZ 32, L_000002342a4aaf10, C4<00000000000000000000000000000000>, C4<00000000000000000000000000000000>, C4<00000000000000000000000000000000>;
L_000002342a338670 .functor BUFZ 32, L_000002342a4ab0f0, C4<00000000000000000000000000000000>, C4<00000000000000000000000000000000>, C4<00000000000000000000000000000000>;
L_000002342a3386e0 .functor BUFZ 1, v000002342a4a51f0_0, C4<0>, C4<0>, C4<0>;
L_000002342a4bbc70 .functor BUFT 1, C4<00000000000000000000000000000000>, C4<0>, C4<0>, C4<0>;
L_000002342a339860 .functor BUFZ 32, L_000002342a4bbc70, C4<00000000000000000000000000000000>, C4<00000000000000000000000000000000>, C4<00000000000000000000000000000000>;
L_000002342a338750 .functor OR 16, L_000002342a335ff0, L_000002342a4a9110, C4<0000000000000000>, C4<0000000000000000>;
L_000002342a335500 .functor BUFZ 32, v000002342a487290_0, C4<00000000000000000000000000000000>, C4<00000000000000000000000000000000>, C4<00000000000000000000000000000000>;
v000002342a4a4e30_0 .net "BAout", 0 0, v000002342a3729b0_0;  alias, 1 drivers
v000002342a4a3b70_0 .net "BAout_R0", 0 0, L_000002342a3350a0;  1 drivers
v000002342a4a41b0_0 .net "BusMuxOut", 31 0, v000002342a47a1c0_0;  alias, 1 drivers
v000002342a4a4250_0 .net "Cout", 0 0, v000002342a3718d0_0;  alias, 1 drivers
v000002342a4a55b0_0 .net "Gra", 0 0, v000002342a372c30_0;  alias, 1 drivers
v000002342a4a49d0_0 .net "Grb", 0 0, v000002342a370ed0_0;  alias, 1 drivers
v000002342a4a3d50_0 .net "Grc", 0 0, v000002342a371830_0;  alias, 1 drivers
v000002342a4a4750_0 .net "IncPC", 0 0, v000002342a3720f0_0;  alias, 1 drivers
v000002342a4a4a70_0 .net "MDRin", 0 0, v000002342a372690_0;  alias, 1 drivers
v000002342a4a5330_0 .net "Mdataout", 31 0, L_000002342a335500;  alias, 1 drivers
v000002342a4a4f70_0 .net "Overflow", 0 0, L_000002342a3386e0;  1 drivers
v000002342a4a3c10_0 .net "Read", 0 0, v000002342a3734f0_0;  alias, 1 drivers
v000002342a4a60f0_0 .net "Rin", 0 0, v000002342a371c90_0;  alias, 1 drivers
v000002342a4a4390_0 .net "Rin_decoded", 15 0, L_000002342a335ff0;  1 drivers
v000002342a4a5f10_0 .net "Rout", 0 0, v000002342a371a10_0;  alias, 1 drivers
v000002342a4a3cb0_0 .net "Rout_decoded", 15 0, L_000002342a335030;  1 drivers
v000002342a4a42f0_0 .var "Z_reg", 63 0;
v000002342a4a4b10_0 .net "Zin", 0 0, v000002342a3725f0_0;  alias, 1 drivers
L_000002342a4ba998 .functor BUFT 1, C4<0001000000000000>, C4<0>, C4<0>, C4<0>;
v000002342a4a6050_0 .net/2u *"_ivl_12", 15 0, L_000002342a4ba998;  1 drivers
L_000002342a4ba9e0 .functor BUFT 1, C4<0000000000000000>, C4<0>, C4<0>, C4<0>;
v000002342a4a5b50_0 .net/2u *"_ivl_14", 15 0, L_000002342a4ba9e0;  1 drivers
v000002342a4a58d0_0 .net *"_ivl_16", 15 0, L_000002342a4a9110;  1 drivers
v000002342a4a4bb0_0 .net "alu_op", 4 0, v000002342a372a50_0;  alias, 1 drivers
v000002342a4a56f0_0 .net "alu_overflow", 0 0, v000002342a47b5c0_0;  1 drivers
v000002342a4a4570_0 .net "alu_result", 63 0, v000002342a47bfc0_0;  1 drivers
v000002342a4a3f30_0 .net "bus_sel", 4 0, v000002342a3733b0_0;  alias, 1 drivers
v000002342a4a5830_0 .net "c_bus_val", 31 0, L_000002342a4af010;  1 drivers
v000002342a4a4430_0 .net "c_extended", 31 0, L_000002342a4ae930;  1 drivers
v000002342a4a3fd0_0 .net "c_raw", 31 0, L_000002342a339860;  1 drivers
v000002342a4a5fb0_0 .net "c_val", 31 0, L_000002342a4bbc70;  1 drivers
v000002342a4a53d0_0 .net "clk", 0 0, v000002342a4a8fd0_0;  alias, 1 drivers
v000002342a4a44d0_0 .net "con", 0 0, v000002342a48afd0_0;  alias, 1 drivers
v000002342a4a47f0_0 .net "con_en", 0 0, v000002342a371290_0;  alias, 1 drivers
v000002342a4a4890_0 .net "device_in", 31 0, v000002342a4a9b10_0;  alias, 1 drivers
v000002342a4a4c50_0 .net "hi_in", 0 0, v000002342a372e10_0;  alias, 1 drivers
v000002342a4a4cf0_0 .net "hi_val", 31 0, v000002342a489db0_0;  1 drivers
v000002342a4a3990_0 .net "inport_in", 0 0, v000002342a371bf0_0;  alias, 1 drivers
v000002342a4a3a30_0 .net "inport_val", 31 0, v000002342a48a350_0;  1 drivers
v000002342a4a4ed0_0 .net "ir_in", 0 0, v000002342a372870_0;  alias, 1 drivers
v000002342a4a5010_0 .net "ir_val", 31 0, v000002342a48b890_0;  alias, 1 drivers
v000002342a4a5470_0 .net "jal_r12_in", 0 0, v000002342a372230_0;  alias, 1 drivers
v000002342a4a5510_0 .net "lo_in", 0 0, v000002342a372b90_0;  alias, 1 drivers
v000002342a4a4070_0 .net "lo_val", 31 0, v000002342a48acb0_0;  1 drivers
v000002342a4a5650_0 .net "mar_in", 0 0, v000002342a372410_0;  alias, 1 drivers
v000002342a4a50b0_0 .net "mar_val", 31 0, v000002342a48b390_0;  alias, 1 drivers
v000002342a4a5150_0 .net "mdr_val", 31 0, v000002342a487290_0;  1 drivers
v000002342a4a5790_0 .net "outport_in", 0 0, v000002342a372eb0_0;  alias, 1 drivers
v000002342a4a3ad0_0 .net "outport_val", 31 0, v000002342a487f10_0;  alias, 1 drivers
v000002342a4a51f0_0 .var "overflow_reg", 0 0;
v000002342a4a5a10_0 .net "pc_in", 0 0, v000002342a372370_0;  alias, 1 drivers
v000002342a4a3df0_0 .net "pc_val", 31 0, v000002342a488730_0;  alias, 1 drivers
v000002342a4a5bf0_0 .net "r0_out", 31 0, L_000002342a4a9430;  1 drivers
v000002342a4a5d30_0 .net "r10_out", 31 0, v000002342a49f6b0_0;  1 drivers
v000002342a4a5dd0_0 .net "r11_out", 31 0, v000002342a49fe30_0;  1 drivers
v000002342a4a5e70_0 .net "r12_out", 31 0, v000002342a49ff70_0;  1 drivers
v000002342a4a3e90_0 .net "r13_out", 31 0, v000002342a49f250_0;  1 drivers
v000002342a4a7a90_0 .net "r14_out", 31 0, v000002342a49f110_0;  1 drivers
v000002342a4a7090_0 .net "r15_out", 31 0, v000002342a49f7f0_0;  1 drivers
v000002342a4a87b0_0 .net "r1_out", 31 0, v000002342a4a0290_0;  1 drivers
v000002342a4a8850_0 .net "r2_out", 31 0, v000002342a4a0f10_0;  1 drivers
v000002342a4a6410_0 .net "r3_out", 31 0, v000002342a4a0150_0;  1 drivers
v000002342a4a6e10_0 .net "r4_out", 31 0, v000002342a4a2bd0_0;  1 drivers
v000002342a4a71d0_0 .net "r5_out", 31 0, v000002342a4a2f90_0;  1 drivers
v000002342a4a76d0_0 .net "r6_out", 31 0, v000002342a4a3710_0;  1 drivers
v000002342a4a82b0_0 .net "r7_out", 31 0, v000002342a4a1690_0;  1 drivers
v000002342a4a7450_0 .net "r8_out", 31 0, v000002342a4a1eb0_0;  1 drivers
v000002342a4a6d70_0 .net "r9_out", 31 0, v000002342a4a3210_0;  1 drivers
v000002342a4a73b0_0 .net "ram_in", 0 0, v000002342a371470_0;  alias, 1 drivers
v000002342a4a6730_0 .net "ram_val", 31 0, L_000002342a4af790;  1 drivers
v000002342a4a6190_0 .net "reset", 0 0, v000002342a4aac90_0;  alias, 1 drivers
v000002342a4a79f0_0 .net "sel_encoded", 4 0, v000002342a487b50_0;  1 drivers
v000002342a4a74f0_0 .net "y_in", 0 0, v000002342a372550_0;  alias, 1 drivers
v000002342a4a7630_0 .net "y_val", 31 0, v000002342a486a70_0;  alias, 1 drivers
v000002342a4a69b0_0 .net "zhigh_out", 31 0, L_000002342a3390f0;  alias, 1 drivers
v000002342a4a65f0_0 .net "zhigh_val", 31 0, L_000002342a4aaf10;  1 drivers
v000002342a4a7db0_0 .net "zlow_out", 31 0, L_000002342a338670;  alias, 1 drivers
v000002342a4a7270_0 .net "zlow_val", 31 0, L_000002342a4ab0f0;  1 drivers
L_000002342a4aaf10 .part v000002342a4a42f0_0, 32, 32;
L_000002342a4ab0f0 .part v000002342a4a42f0_0, 0, 32;
L_000002342a4a9110 .functor MUXZ 16, L_000002342a4ba9e0, L_000002342a4ba998, v000002342a372230_0, C4<>;
L_000002342a4aee30 .part v000002342a48b390_0, 0, 9;
L_000002342a4af010 .functor MUXZ 32, L_000002342a339860, L_000002342a4ae930, v000002342a3718d0_0, C4<>;
L_000002342a4af970 .part v000002342a48b890_0, 19, 2;
S_0000023429ff3920 .scope module, "alu_inst" "alu" 5 199, 6 4 0, S_000002342a3c42b0;
 .timescale 0 0;
    .port_info 0 /INPUT 32 "A";
    .port_info 1 /INPUT 32 "B";
    .port_info 2 /INPUT 5 "op";
    .port_info 3 /OUTPUT 64 "C";
    .port_info 4 /OUTPUT 1 "Overflow";
P_0000023429fe2dd0 .param/l "OP_ADD" 1 6 13, C4<00000>;
P_0000023429fe2e08 .param/l "OP_AND" 1 6 17, C4<00100>;
P_0000023429fe2e40 .param/l "OP_DIV" 1 6 16, C4<00011>;
P_0000023429fe2e78 .param/l "OP_MUL" 1 6 15, C4<00010>;
P_0000023429fe2eb0 .param/l "OP_NEG" 1 6 20, C4<00111>;
P_0000023429fe2ee8 .param/l "OP_NOT" 1 6 19, C4<00110>;
P_0000023429fe2f20 .param/l "OP_OR" 1 6 18, C4<00101>;
P_0000023429fe2f58 .param/l "OP_ROL" 1 6 25, C4<01100>;
P_0000023429fe2f90 .param/l "OP_ROR" 1 6 24, C4<01011>;
P_0000023429fe2fc8 .param/l "OP_SHL" 1 6 23, C4<01010>;
P_0000023429fe3000 .param/l "OP_SHR" 1 6 21, C4<01000>;
P_0000023429fe3038 .param/l "OP_SHRA" 1 6 22, C4<01001>;
P_0000023429fe3070 .param/l "OP_SUB" 1 6 14, C4<00001>;
L_000002342a53ad80 .functor NOT 32, v000002342a47a1c0_0, C4<00000000000000000000000000000000>, C4<00000000000000000000000000000000>, C4<00000000000000000000000000000000>;
L_000002342a537eb0 .functor NOT 32, v000002342a47a1c0_0, C4<00000000000000000000000000000000>, C4<00000000000000000000000000000000>, C4<00000000000000000000000000000000>;
v000002342a479f40_0 .net "A", 31 0, v000002342a486a70_0;  alias, 1 drivers
v000002342a4799a0_0 .net "B", 31 0, v000002342a47a1c0_0;  alias, 1 drivers
v000002342a47bfc0_0 .var "C", 63 0;
v000002342a47b5c0_0 .var "Overflow", 0 0;
v000002342a47aa80_0 .net "add_cout", 0 0, L_000002342a4b2d50;  1 drivers
v000002342a47af80_0 .net "add_overflow", 0 0, L_000002342a52eea0;  1 drivers
v000002342a47b660_0 .net "add_result", 31 0, L_000002342a4b32f0;  1 drivers
v000002342a479c20_0 .net "div_quotient", 31 0, L_000002342a572f50;  1 drivers
v000002342a47be80_0 .net "div_remainder", 31 0, L_000002342a575610;  1 drivers
v000002342a47bca0_0 .net "mul_result", 63 0, L_000002342a572d70;  1 drivers
v000002342a47ad00_0 .net "neg_cout", 0 0, L_000002342a49b5b0;  1 drivers
v000002342a47c060_0 .net "neg_result", 31 0, L_000002342a499c10;  1 drivers
v000002342a479a40_0 .net "op", 4 0, v000002342a372a50_0;  alias, 1 drivers
v000002342a479cc0_0 .net "rol_result", 31 0, L_000002342a5370b0;  1 drivers
v000002342a479fe0_0 .net "ror_result", 31 0, L_000002342a538460;  1 drivers
v000002342a47b020_0 .net "shl_result", 31 0, L_000002342a537e40;  1 drivers
v000002342a47bac0_0 .net "shr_result", 31 0, L_000002342a537040;  1 drivers
v000002342a47bb60_0 .net "shra_result", 31 0, L_000002342a537820;  1 drivers
v000002342a47a080_0 .net "sub_cout", 0 0, L_000002342a4b7710;  1 drivers
v000002342a47bc00_0 .net "sub_overflow", 0 0, L_000002342a53a6f0;  1 drivers
v000002342a47bd40_0 .net "sub_result", 31 0, L_000002342a4b52d0;  1 drivers
E_000002342a38d850/0 .event anyedge, v000002342a372a50_0, v000002342a452900_0, v000002342a451280_0, v000002342a476fc0_0;
E_000002342a38d850/1 .event anyedge, v000002342a475580_0, v000002342a430290_0, v000002342a4321d0_0, v000002342a432130_0;
E_000002342a38d850/2 .event anyedge, v000002342a372910_0, v000002342a42f2f0_0, v000002342a45e5c0_0, v000002342a47ab20_0;
E_000002342a38d850/3 .event anyedge, v000002342a47b520_0, v000002342a47bf20_0, v000002342a47a620_0, v000002342a47b0c0_0;
E_000002342a38d850 .event/or E_000002342a38d850/0, E_000002342a38d850/1, E_000002342a38d850/2, E_000002342a38d850/3;
L_000002342a5789f0 .part v000002342a47a1c0_0, 0, 5;
S_0000023429fe30b0 .scope module, "booth_mul" "booth_multiplier" 6 69, 7 4 0, S_0000023429ff3920;
 .timescale 0 0;
    .port_info 0 /INPUT 32 "A";
    .port_info 1 /INPUT 32 "B";
    .port_info 2 /OUTPUT 64 "Product";
v000002342a42f250_0 .net/s "A", 31 0, v000002342a486a70_0;  alias, 1 drivers
v000002342a42f2f0_0 .net/s "B", 31 0, v000002342a47a1c0_0;  alias, 1 drivers
v000002342a4306f0_0 .net "B_ext", 32 0, L_000002342a573db0;  1 drivers
v000002342a430290_0 .net/s "Product", 63 0, L_000002342a572d70;  alias, 1 drivers
L_000002342a4bb7a8 .functor BUFT 1, C4<0>, C4<0>, C4<0>, C4<0>;
v000002342a42f390_0 .net/2u *"_ivl_16", 0 0, L_000002342a4bb7a8;  1 drivers
v000002342a430bf0_0 .net *"_ivl_21", 0 0, L_000002342a574df0;  1 drivers
v000002342a430c90_0 .net *"_ivl_23", 0 0, L_000002342a572cd0;  1 drivers
v000002342a42fbb0_0 .net *"_ivl_25", 0 0, L_000002342a572910;  1 drivers
L_000002342a4bb838 .functor BUFT 1, C4<00000000000000000000000000100000>, C4<0>, C4<0>, C4<0>;
v000002342a42f930_0 .net/2s *"_ivl_28", 31 0, L_000002342a4bb838;  1 drivers
v000002342a42ff70_0 .net/s *"_ivl_35", 63 0, L_000002342a573310;  1 drivers
v000002342a42fed0_0 .net/s *"_ivl_38", 63 0, L_000002342a5733b0;  1 drivers
v000002342a430970_0 .net/s *"_ivl_41", 63 0, L_000002342a574d50;  1 drivers
v000002342a42f9d0_0 .net/s *"_ivl_44", 63 0, L_000002342a573770;  1 drivers
v000002342a430fb0_0 .net/s *"_ivl_47", 63 0, L_000002342a573bd0;  1 drivers
v000002342a430ab0_0 .net/s *"_ivl_50", 63 0, L_000002342a573810;  1 drivers
v000002342a430b50_0 .net/s *"_ivl_53", 63 0, L_000002342a572af0;  1 drivers
v000002342a42fa70_0 .net/s *"_ivl_56", 63 0, L_000002342a573950;  1 drivers
v000002342a4300b0_0 .net/s *"_ivl_59", 63 0, L_000002342a572690;  1 drivers
v000002342a431050_0 .net/s *"_ivl_62", 63 0, L_000002342a574850;  1 drivers
v000002342a430510_0 .net/s *"_ivl_65", 63 0, L_000002342a5748f0;  1 drivers
v000002342a42fc50_0 .net/s *"_ivl_68", 63 0, L_000002342a574990;  1 drivers
v000002342a430650_0 .net/s *"_ivl_71", 63 0, L_000002342a5739f0;  1 drivers
v000002342a430150_0 .net/s *"_ivl_74", 63 0, L_000002342a572730;  1 drivers
v000002342a4310f0_0 .net/s *"_ivl_77", 63 0, L_000002342a572b90;  1 drivers
v000002342a42fcf0_0 .net "last_booth_bits", 2 0, L_000002342a5727d0;  1 drivers
v000002342a4301f0 .array "pp", 0 16;
v000002342a4301f0_0 .net/s v000002342a4301f0 0, 63 0, L_000002342a499f30; 1 drivers
v000002342a4301f0_1 .net/s v000002342a4301f0 1, 63 0, L_000002342a49b970; 1 drivers
v000002342a4301f0_2 .net/s v000002342a4301f0 2, 63 0, L_000002342a49bfb0; 1 drivers
v000002342a4301f0_3 .net/s v000002342a4301f0 3, 63 0, L_000002342a49d810; 1 drivers
v000002342a4301f0_4 .net/s v000002342a4301f0 4, 63 0, L_000002342a49cc30; 1 drivers
v000002342a4301f0_5 .net/s v000002342a4301f0 5, 63 0, L_000002342a49d1d0; 1 drivers
v000002342a4301f0_6 .net/s v000002342a4301f0 6, 63 0, L_000002342a49d770; 1 drivers
v000002342a4301f0_7 .net/s v000002342a4301f0 7, 63 0, L_000002342a49cb90; 1 drivers
v000002342a4301f0_8 .net/s v000002342a4301f0 8, 63 0, L_000002342a49c690; 1 drivers
v000002342a4301f0_9 .net/s v000002342a4301f0 9, 63 0, L_000002342a49cf50; 1 drivers
v000002342a4301f0_10 .net/s v000002342a4301f0 10, 63 0, L_000002342a49e350; 1 drivers
v000002342a4301f0_11 .net/s v000002342a4301f0 11, 63 0, L_000002342a49e670; 1 drivers
v000002342a4301f0_12 .net/s v000002342a4301f0 12, 63 0, L_000002342a574030; 1 drivers
v000002342a4301f0_13 .net/s v000002342a4301f0 13, 63 0, L_000002342a574710; 1 drivers
v000002342a4301f0_14 .net/s v000002342a4301f0 14, 63 0, L_000002342a573d10; 1 drivers
v000002342a4301f0_15 .net/s v000002342a4301f0 15, 63 0, L_000002342a5734f0; 1 drivers
v000002342a4301f0_16 .net/s v000002342a4301f0 16, 63 0, L_000002342a574670; 1 drivers
L_000002342a49c0f0 .part L_000002342a573db0, 0, 3;
L_000002342a49c050 .part L_000002342a573db0, 2, 3;
L_000002342a499a30 .part L_000002342a573db0, 4, 3;
L_000002342a49a070 .part L_000002342a573db0, 6, 3;
L_000002342a49e710 .part L_000002342a573db0, 8, 3;
L_000002342a49e7b0 .part L_000002342a573db0, 10, 3;
L_000002342a49d3b0 .part L_000002342a573db0, 12, 3;
L_000002342a49d630 .part L_000002342a573db0, 14, 3;
L_000002342a49ce10 .part L_000002342a573db0, 16, 3;
L_000002342a49dbd0 .part L_000002342a573db0, 18, 3;
L_000002342a49c230 .part L_000002342a573db0, 20, 3;
L_000002342a49c9b0 .part L_000002342a573db0, 22, 3;
L_000002342a574ad0 .part L_000002342a573db0, 24, 3;
L_000002342a5745d0 .part L_000002342a573db0, 26, 3;
L_000002342a573f90 .part L_000002342a573db0, 28, 3;
L_000002342a574350 .part L_000002342a573db0, 30, 3;
L_000002342a573db0 .concat [ 1 32 0 0], L_000002342a4bb7a8, v000002342a47a1c0_0;
L_000002342a574df0 .part v000002342a47a1c0_0, 31, 1;
L_000002342a572cd0 .part v000002342a47a1c0_0, 31, 1;
L_000002342a572910 .part L_000002342a573db0, 31, 1;
L_000002342a5727d0 .concat [ 1 1 1 0], L_000002342a572910, L_000002342a572cd0, L_000002342a574df0;
L_000002342a5747b0 .part L_000002342a4bb838, 0, 6;
L_000002342a573310 .arith/sum 64, L_000002342a499f30, L_000002342a49b970;
L_000002342a5733b0 .arith/sum 64, L_000002342a573310, L_000002342a49bfb0;
L_000002342a574d50 .arith/sum 64, L_000002342a5733b0, L_000002342a49d810;
L_000002342a573770 .arith/sum 64, L_000002342a574d50, L_000002342a49cc30;
L_000002342a573bd0 .arith/sum 64, L_000002342a573770, L_000002342a49d1d0;
L_000002342a573810 .arith/sum 64, L_000002342a573bd0, L_000002342a49d770;
L_000002342a572af0 .arith/sum 64, L_000002342a573810, L_000002342a49cb90;
L_000002342a573950 .arith/sum 64, L_000002342a572af0, L_000002342a49c690;
L_000002342a572690 .arith/sum 64, L_000002342a573950, L_000002342a49cf50;
L_000002342a574850 .arith/sum 64, L_000002342a572690, L_000002342a49e350;
L_000002342a5748f0 .arith/sum 64, L_000002342a574850, L_000002342a49e670;
L_000002342a574990 .arith/sum 64, L_000002342a5748f0, L_000002342a574030;
L_000002342a5739f0 .arith/sum 64, L_000002342a574990, L_000002342a574710;
L_000002342a572730 .arith/sum 64, L_000002342a5739f0, L_000002342a573d10;
L_000002342a572b90 .arith/sum 64, L_000002342a572730, L_000002342a5734f0;
L_000002342a572d70 .arith/sum 64, L_000002342a572b90, L_000002342a574670;
S_000002342a3c49e0 .scope generate, "booth_pp_gen[0]" "booth_pp_gen[0]" 7 27, 7 27 0, S_0000023429fe30b0;
 .timescale 0 0;
P_000002342a38dc90 .param/l "i" 0 7 27, +C4<00>;
L_000002342a4baef0 .functor BUFT 1, C4<0>, C4<0>, C4<0>, C4<0>;
v000002342a371970_0 .net/2s *"_ivl_1", 0 0, L_000002342a4baef0;  1 drivers
v000002342a372f50_0 .net "booth_bits", 2 0, L_000002342a49c0f0;  1 drivers
L_000002342a49a7f0 .extend/s 6, L_000002342a4baef0;
S_0000023429fdb8a0 .scope module, "bpp" "booth_partial_product" 7 31, 7 57 0, S_000002342a3c49e0;
 .timescale 0 0;
    .port_info 0 /INPUT 32 "M";
    .port_info 1 /INPUT 3 "booth_bits";
    .port_info 2 /INPUT 6 "shift_amount";
    .port_info 3 /OUTPUT 64 "pp";
v000002342a372910_0 .net/s "M", 31 0, v000002342a486a70_0;  alias, 1 drivers
v000002342a372af0_0 .net/s "M2", 63 0, L_000002342a49b790;  1 drivers
v000002342a371e70_0 .net/s "M_ext", 63 0, L_000002342a499cb0;  1 drivers
v000002342a371330_0 .net *"_ivl_1", 0 0, L_000002342a49a750;  1 drivers
L_000002342a4baea8 .functor BUFT 1, C4<0>, C4<0>, C4<0>, C4<0>;
v000002342a373130_0 .net *"_ivl_10", 0 0, L_000002342a4baea8;  1 drivers
v000002342a372cd0_0 .net *"_ivl_2", 31 0, L_000002342a499df0;  1 drivers
v000002342a371f10_0 .net *"_ivl_8", 62 0, L_000002342a49b8d0;  1 drivers
v000002342a372d70_0 .net "booth_bits", 2 0, L_000002342a49c0f0;  alias, 1 drivers
v000002342a371010_0 .net/s "pp", 63 0, L_000002342a499f30;  alias, 1 drivers
v000002342a371fb0_0 .var/s "pp_unshifted", 63 0;
v000002342a373450_0 .net "shift_amount", 5 0, L_000002342a49a7f0;  1 drivers
E_000002342a38d4d0 .event anyedge, v000002342a372d70_0, v000002342a371e70_0, v000002342a372af0_0;
L_000002342a49a750 .part v000002342a486a70_0, 31, 1;
LS_000002342a499df0_0_0 .concat [ 1 1 1 1], L_000002342a49a750, L_000002342a49a750, L_000002342a49a750, L_000002342a49a750;
LS_000002342a499df0_0_4 .concat [ 1 1 1 1], L_000002342a49a750, L_000002342a49a750, L_000002342a49a750, L_000002342a49a750;
LS_000002342a499df0_0_8 .concat [ 1 1 1 1], L_000002342a49a750, L_000002342a49a750, L_000002342a49a750, L_000002342a49a750;
LS_000002342a499df0_0_12 .concat [ 1 1 1 1], L_000002342a49a750, L_000002342a49a750, L_000002342a49a750, L_000002342a49a750;
LS_000002342a499df0_0_16 .concat [ 1 1 1 1], L_000002342a49a750, L_000002342a49a750, L_000002342a49a750, L_000002342a49a750;
LS_000002342a499df0_0_20 .concat [ 1 1 1 1], L_000002342a49a750, L_000002342a49a750, L_000002342a49a750, L_000002342a49a750;
LS_000002342a499df0_0_24 .concat [ 1 1 1 1], L_000002342a49a750, L_000002342a49a750, L_000002342a49a750, L_000002342a49a750;
LS_000002342a499df0_0_28 .concat [ 1 1 1 1], L_000002342a49a750, L_000002342a49a750, L_000002342a49a750, L_000002342a49a750;
LS_000002342a499df0_1_0 .concat [ 4 4 4 4], LS_000002342a499df0_0_0, LS_000002342a499df0_0_4, LS_000002342a499df0_0_8, LS_000002342a499df0_0_12;
LS_000002342a499df0_1_4 .concat [ 4 4 4 4], LS_000002342a499df0_0_16, LS_000002342a499df0_0_20, LS_000002342a499df0_0_24, LS_000002342a499df0_0_28;
L_000002342a499df0 .concat [ 16 16 0 0], LS_000002342a499df0_1_0, LS_000002342a499df0_1_4;
L_000002342a499cb0 .concat [ 32 32 0 0], v000002342a486a70_0, L_000002342a499df0;
L_000002342a49b8d0 .part L_000002342a499cb0, 0, 63;
L_000002342a49b790 .concat [ 1 63 0 0], L_000002342a4baea8, L_000002342a49b8d0;
L_000002342a499f30 .shift/l 64, v000002342a371fb0_0, L_000002342a49a7f0;
S_0000023429fdba30 .scope generate, "booth_pp_gen[1]" "booth_pp_gen[1]" 7 27, 7 27 0, S_0000023429fe30b0;
 .timescale 0 0;
P_000002342a38d5d0 .param/l "i" 0 7 27, +C4<01>;
L_000002342a4baf80 .functor BUFT 1, C4<010>, C4<0>, C4<0>, C4<0>;
v000002342a3751b0_0 .net/2s *"_ivl_1", 2 0, L_000002342a4baf80;  1 drivers
v000002342a374850_0 .net "booth_bits", 2 0, L_000002342a49c050;  1 drivers
L_000002342a49bab0 .extend/s 6, L_000002342a4baf80;
S_0000023429fdb3a0 .scope module, "bpp" "booth_partial_product" 7 31, 7 57 0, S_0000023429fdba30;
 .timescale 0 0;
    .port_info 0 /INPUT 32 "M";
    .port_info 1 /INPUT 3 "booth_bits";
    .port_info 2 /INPUT 6 "shift_amount";
    .port_info 3 /OUTPUT 64 "pp";
v000002342a3716f0_0 .net/s "M", 31 0, v000002342a486a70_0;  alias, 1 drivers
v000002342a3731d0_0 .net/s "M2", 63 0, L_000002342a49af70;  1 drivers
v000002342a373270_0 .net/s "M_ext", 63 0, L_000002342a49a890;  1 drivers
v000002342a371dd0_0 .net *"_ivl_1", 0 0, L_000002342a49be70;  1 drivers
L_000002342a4baf38 .functor BUFT 1, C4<0>, C4<0>, C4<0>, C4<0>;
v000002342a372050_0 .net *"_ivl_10", 0 0, L_000002342a4baf38;  1 drivers
v000002342a373310_0 .net *"_ivl_2", 31 0, L_000002342a49b830;  1 drivers
v000002342a373590_0 .net *"_ivl_8", 62 0, L_000002342a49a930;  1 drivers
v000002342a373630_0 .net "booth_bits", 2 0, L_000002342a49c050;  alias, 1 drivers
v000002342a371150_0 .net/s "pp", 63 0, L_000002342a49b970;  alias, 1 drivers
v000002342a3713d0_0 .var/s "pp_unshifted", 63 0;
v000002342a371510_0 .net "shift_amount", 5 0, L_000002342a49bab0;  1 drivers
E_000002342a38dd90 .event anyedge, v000002342a373630_0, v000002342a373270_0, v000002342a3731d0_0;
L_000002342a49be70 .part v000002342a486a70_0, 31, 1;
LS_000002342a49b830_0_0 .concat [ 1 1 1 1], L_000002342a49be70, L_000002342a49be70, L_000002342a49be70, L_000002342a49be70;
LS_000002342a49b830_0_4 .concat [ 1 1 1 1], L_000002342a49be70, L_000002342a49be70, L_000002342a49be70, L_000002342a49be70;
LS_000002342a49b830_0_8 .concat [ 1 1 1 1], L_000002342a49be70, L_000002342a49be70, L_000002342a49be70, L_000002342a49be70;
LS_000002342a49b830_0_12 .concat [ 1 1 1 1], L_000002342a49be70, L_000002342a49be70, L_000002342a49be70, L_000002342a49be70;
LS_000002342a49b830_0_16 .concat [ 1 1 1 1], L_000002342a49be70, L_000002342a49be70, L_000002342a49be70, L_000002342a49be70;
LS_000002342a49b830_0_20 .concat [ 1 1 1 1], L_000002342a49be70, L_000002342a49be70, L_000002342a49be70, L_000002342a49be70;
LS_000002342a49b830_0_24 .concat [ 1 1 1 1], L_000002342a49be70, L_000002342a49be70, L_000002342a49be70, L_000002342a49be70;
LS_000002342a49b830_0_28 .concat [ 1 1 1 1], L_000002342a49be70, L_000002342a49be70, L_000002342a49be70, L_000002342a49be70;
LS_000002342a49b830_1_0 .concat [ 4 4 4 4], LS_000002342a49b830_0_0, LS_000002342a49b830_0_4, LS_000002342a49b830_0_8, LS_000002342a49b830_0_12;
LS_000002342a49b830_1_4 .concat [ 4 4 4 4], LS_000002342a49b830_0_16, LS_000002342a49b830_0_20, LS_000002342a49b830_0_24, LS_000002342a49b830_0_28;
L_000002342a49b830 .concat [ 16 16 0 0], LS_000002342a49b830_1_0, LS_000002342a49b830_1_4;
L_000002342a49a890 .concat [ 32 32 0 0], v000002342a486a70_0, L_000002342a49b830;
L_000002342a49a930 .part L_000002342a49a890, 0, 63;
L_000002342a49af70 .concat [ 1 63 0 0], L_000002342a4baf38, L_000002342a49a930;
L_000002342a49b970 .shift/l 64, v000002342a3713d0_0, L_000002342a49bab0;
S_0000023429fdb530 .scope generate, "booth_pp_gen[2]" "booth_pp_gen[2]" 7 27, 7 27 0, S_0000023429fe30b0;
 .timescale 0 0;
P_000002342a38df90 .param/l "i" 0 7 27, +C4<010>;
L_000002342a4bb010 .functor BUFT 1, C4<0100>, C4<0>, C4<0>, C4<0>;
v000002342a374710_0 .net/2s *"_ivl_1", 3 0, L_000002342a4bb010;  1 drivers
v000002342a375e30_0 .net "booth_bits", 2 0, L_000002342a499a30;  1 drivers
L_000002342a499e90 .extend/s 6, L_000002342a4bb010;
S_0000023429fd6a80 .scope module, "bpp" "booth_partial_product" 7 31, 7 57 0, S_0000023429fdb530;
 .timescale 0 0;
    .port_info 0 /INPUT 32 "M";
    .port_info 1 /INPUT 3 "booth_bits";
    .port_info 2 /INPUT 6 "shift_amount";
    .port_info 3 /OUTPUT 64 "pp";
v000002342a373ef0_0 .net/s "M", 31 0, v000002342a486a70_0;  alias, 1 drivers
v000002342a375cf0_0 .net/s "M2", 63 0, L_000002342a49bf10;  1 drivers
v000002342a374170_0 .net/s "M_ext", 63 0, L_000002342a49bdd0;  1 drivers
v000002342a375070_0 .net *"_ivl_1", 0 0, L_000002342a49bbf0;  1 drivers
L_000002342a4bafc8 .functor BUFT 1, C4<0>, C4<0>, C4<0>, C4<0>;
v000002342a3743f0_0 .net *"_ivl_10", 0 0, L_000002342a4bafc8;  1 drivers
v000002342a373810_0 .net *"_ivl_2", 31 0, L_000002342a49a9d0;  1 drivers
v000002342a3748f0_0 .net *"_ivl_8", 62 0, L_000002342a49aa70;  1 drivers
v000002342a374c10_0 .net "booth_bits", 2 0, L_000002342a499a30;  alias, 1 drivers
v000002342a375890_0 .net/s "pp", 63 0, L_000002342a49bfb0;  alias, 1 drivers
v000002342a3738b0_0 .var/s "pp_unshifted", 63 0;
v000002342a375c50_0 .net "shift_amount", 5 0, L_000002342a499e90;  1 drivers
E_000002342a38d550 .event anyedge, v000002342a374c10_0, v000002342a374170_0, v000002342a375cf0_0;
L_000002342a49bbf0 .part v000002342a486a70_0, 31, 1;
LS_000002342a49a9d0_0_0 .concat [ 1 1 1 1], L_000002342a49bbf0, L_000002342a49bbf0, L_000002342a49bbf0, L_000002342a49bbf0;
LS_000002342a49a9d0_0_4 .concat [ 1 1 1 1], L_000002342a49bbf0, L_000002342a49bbf0, L_000002342a49bbf0, L_000002342a49bbf0;
LS_000002342a49a9d0_0_8 .concat [ 1 1 1 1], L_000002342a49bbf0, L_000002342a49bbf0, L_000002342a49bbf0, L_000002342a49bbf0;
LS_000002342a49a9d0_0_12 .concat [ 1 1 1 1], L_000002342a49bbf0, L_000002342a49bbf0, L_000002342a49bbf0, L_000002342a49bbf0;
LS_000002342a49a9d0_0_16 .concat [ 1 1 1 1], L_000002342a49bbf0, L_000002342a49bbf0, L_000002342a49bbf0, L_000002342a49bbf0;
LS_000002342a49a9d0_0_20 .concat [ 1 1 1 1], L_000002342a49bbf0, L_000002342a49bbf0, L_000002342a49bbf0, L_000002342a49bbf0;
LS_000002342a49a9d0_0_24 .concat [ 1 1 1 1], L_000002342a49bbf0, L_000002342a49bbf0, L_000002342a49bbf0, L_000002342a49bbf0;
LS_000002342a49a9d0_0_28 .concat [ 1 1 1 1], L_000002342a49bbf0, L_000002342a49bbf0, L_000002342a49bbf0, L_000002342a49bbf0;
LS_000002342a49a9d0_1_0 .concat [ 4 4 4 4], LS_000002342a49a9d0_0_0, LS_000002342a49a9d0_0_4, LS_000002342a49a9d0_0_8, LS_000002342a49a9d0_0_12;
LS_000002342a49a9d0_1_4 .concat [ 4 4 4 4], LS_000002342a49a9d0_0_16, LS_000002342a49a9d0_0_20, LS_000002342a49a9d0_0_24, LS_000002342a49a9d0_0_28;
L_000002342a49a9d0 .concat [ 16 16 0 0], LS_000002342a49a9d0_1_0, LS_000002342a49a9d0_1_4;
L_000002342a49bdd0 .concat [ 32 32 0 0], v000002342a486a70_0, L_000002342a49a9d0;
L_000002342a49aa70 .part L_000002342a49bdd0, 0, 63;
L_000002342a49bf10 .concat [ 1 63 0 0], L_000002342a4bafc8, L_000002342a49aa70;
L_000002342a49bfb0 .shift/l 64, v000002342a3738b0_0, L_000002342a499e90;
S_0000023429fd6c10 .scope generate, "booth_pp_gen[3]" "booth_pp_gen[3]" 7 27, 7 27 0, S_0000023429fe30b0;
 .timescale 0 0;
P_000002342a38dfd0 .param/l "i" 0 7 27, +C4<011>;
L_000002342a4bb0a0 .functor BUFT 1, C4<0110>, C4<0>, C4<0>, C4<0>;
v000002342a3736d0_0 .net/2s *"_ivl_1", 3 0, L_000002342a4bb0a0;  1 drivers
v000002342a374e90_0 .net "booth_bits", 2 0, L_000002342a49a070;  1 drivers
L_000002342a49d9f0 .extend/s 6, L_000002342a4bb0a0;
S_0000023429fd6580 .scope module, "bpp" "booth_partial_product" 7 31, 7 57 0, S_0000023429fd6c10;
 .timescale 0 0;
    .port_info 0 /INPUT 32 "M";
    .port_info 1 /INPUT 3 "booth_bits";
    .port_info 2 /INPUT 6 "shift_amount";
    .port_info 3 /OUTPUT 64 "pp";
v000002342a374030_0 .net/s "M", 31 0, v000002342a486a70_0;  alias, 1 drivers
v000002342a375930_0 .net/s "M2", 63 0, L_000002342a49d130;  1 drivers
v000002342a3759d0_0 .net/s "M_ext", 63 0, L_000002342a49a250;  1 drivers
v000002342a375b10_0 .net *"_ivl_1", 0 0, L_000002342a49a110;  1 drivers
L_000002342a4bb058 .functor BUFT 1, C4<0>, C4<0>, C4<0>, C4<0>;
v000002342a375bb0_0 .net *"_ivl_10", 0 0, L_000002342a4bb058;  1 drivers
v000002342a374530_0 .net *"_ivl_2", 31 0, L_000002342a49a1b0;  1 drivers
v000002342a375110_0 .net *"_ivl_8", 62 0, L_000002342a49ccd0;  1 drivers
v000002342a375250_0 .net "booth_bits", 2 0, L_000002342a49a070;  alias, 1 drivers
v000002342a3740d0_0 .net/s "pp", 63 0, L_000002342a49d810;  alias, 1 drivers
v000002342a374990_0 .var/s "pp_unshifted", 63 0;
v000002342a375a70_0 .net "shift_amount", 5 0, L_000002342a49d9f0;  1 drivers
E_000002342a38e050 .event anyedge, v000002342a375250_0, v000002342a3759d0_0, v000002342a375930_0;
L_000002342a49a110 .part v000002342a486a70_0, 31, 1;
LS_000002342a49a1b0_0_0 .concat [ 1 1 1 1], L_000002342a49a110, L_000002342a49a110, L_000002342a49a110, L_000002342a49a110;
LS_000002342a49a1b0_0_4 .concat [ 1 1 1 1], L_000002342a49a110, L_000002342a49a110, L_000002342a49a110, L_000002342a49a110;
LS_000002342a49a1b0_0_8 .concat [ 1 1 1 1], L_000002342a49a110, L_000002342a49a110, L_000002342a49a110, L_000002342a49a110;
LS_000002342a49a1b0_0_12 .concat [ 1 1 1 1], L_000002342a49a110, L_000002342a49a110, L_000002342a49a110, L_000002342a49a110;
LS_000002342a49a1b0_0_16 .concat [ 1 1 1 1], L_000002342a49a110, L_000002342a49a110, L_000002342a49a110, L_000002342a49a110;
LS_000002342a49a1b0_0_20 .concat [ 1 1 1 1], L_000002342a49a110, L_000002342a49a110, L_000002342a49a110, L_000002342a49a110;
LS_000002342a49a1b0_0_24 .concat [ 1 1 1 1], L_000002342a49a110, L_000002342a49a110, L_000002342a49a110, L_000002342a49a110;
LS_000002342a49a1b0_0_28 .concat [ 1 1 1 1], L_000002342a49a110, L_000002342a49a110, L_000002342a49a110, L_000002342a49a110;
LS_000002342a49a1b0_1_0 .concat [ 4 4 4 4], LS_000002342a49a1b0_0_0, LS_000002342a49a1b0_0_4, LS_000002342a49a1b0_0_8, LS_000002342a49a1b0_0_12;
LS_000002342a49a1b0_1_4 .concat [ 4 4 4 4], LS_000002342a49a1b0_0_16, LS_000002342a49a1b0_0_20, LS_000002342a49a1b0_0_24, LS_000002342a49a1b0_0_28;
L_000002342a49a1b0 .concat [ 16 16 0 0], LS_000002342a49a1b0_1_0, LS_000002342a49a1b0_1_4;
L_000002342a49a250 .concat [ 32 32 0 0], v000002342a486a70_0, L_000002342a49a1b0;
L_000002342a49ccd0 .part L_000002342a49a250, 0, 63;
L_000002342a49d130 .concat [ 1 63 0 0], L_000002342a4bb058, L_000002342a49ccd0;
L_000002342a49d810 .shift/l 64, v000002342a374990_0, L_000002342a49d9f0;
S_0000023429fd6710 .scope generate, "booth_pp_gen[4]" "booth_pp_gen[4]" 7 27, 7 27 0, S_0000023429fe30b0;
 .timescale 0 0;
P_000002342a38e190 .param/l "i" 0 7 27, +C4<0100>;
L_000002342a4bb130 .functor BUFT 1, C4<01000>, C4<0>, C4<0>, C4<0>;
v000002342a374b70_0 .net/2s *"_ivl_1", 4 0, L_000002342a4bb130;  1 drivers
v000002342a373950_0 .net "booth_bits", 2 0, L_000002342a49e710;  1 drivers
L_000002342a49de50 .extend/s 6, L_000002342a4bb130;
S_0000023429fbe510 .scope module, "bpp" "booth_partial_product" 7 31, 7 57 0, S_0000023429fd6710;
 .timescale 0 0;
    .port_info 0 /INPUT 32 "M";
    .port_info 1 /INPUT 3 "booth_bits";
    .port_info 2 /INPUT 6 "shift_amount";
    .port_info 3 /OUTPUT 64 "pp";
v000002342a374490_0 .net/s "M", 31 0, v000002342a486a70_0;  alias, 1 drivers
v000002342a373c70_0 .net/s "M2", 63 0, L_000002342a49c370;  1 drivers
v000002342a375d90_0 .net/s "M_ext", 63 0, L_000002342a49d450;  1 drivers
v000002342a374f30_0 .net *"_ivl_1", 0 0, L_000002342a49caf0;  1 drivers
L_000002342a4bb0e8 .functor BUFT 1, C4<0>, C4<0>, C4<0>, C4<0>;
v000002342a373a90_0 .net *"_ivl_10", 0 0, L_000002342a4bb0e8;  1 drivers
v000002342a3745d0_0 .net *"_ivl_2", 31 0, L_000002342a49c4b0;  1 drivers
v000002342a374210_0 .net *"_ivl_8", 62 0, L_000002342a49d310;  1 drivers
v000002342a375390_0 .net "booth_bits", 2 0, L_000002342a49e710;  alias, 1 drivers
v000002342a373770_0 .net/s "pp", 63 0, L_000002342a49cc30;  alias, 1 drivers
v000002342a373db0_0 .var/s "pp_unshifted", 63 0;
v000002342a375610_0 .net "shift_amount", 5 0, L_000002342a49de50;  1 drivers
E_000002342a38e210 .event anyedge, v000002342a375390_0, v000002342a375d90_0, v000002342a373c70_0;
L_000002342a49caf0 .part v000002342a486a70_0, 31, 1;
LS_000002342a49c4b0_0_0 .concat [ 1 1 1 1], L_000002342a49caf0, L_000002342a49caf0, L_000002342a49caf0, L_000002342a49caf0;
LS_000002342a49c4b0_0_4 .concat [ 1 1 1 1], L_000002342a49caf0, L_000002342a49caf0, L_000002342a49caf0, L_000002342a49caf0;
LS_000002342a49c4b0_0_8 .concat [ 1 1 1 1], L_000002342a49caf0, L_000002342a49caf0, L_000002342a49caf0, L_000002342a49caf0;
LS_000002342a49c4b0_0_12 .concat [ 1 1 1 1], L_000002342a49caf0, L_000002342a49caf0, L_000002342a49caf0, L_000002342a49caf0;
LS_000002342a49c4b0_0_16 .concat [ 1 1 1 1], L_000002342a49caf0, L_000002342a49caf0, L_000002342a49caf0, L_000002342a49caf0;
LS_000002342a49c4b0_0_20 .concat [ 1 1 1 1], L_000002342a49caf0, L_000002342a49caf0, L_000002342a49caf0, L_000002342a49caf0;
LS_000002342a49c4b0_0_24 .concat [ 1 1 1 1], L_000002342a49caf0, L_000002342a49caf0, L_000002342a49caf0, L_000002342a49caf0;
LS_000002342a49c4b0_0_28 .concat [ 1 1 1 1], L_000002342a49caf0, L_000002342a49caf0, L_000002342a49caf0, L_000002342a49caf0;
LS_000002342a49c4b0_1_0 .concat [ 4 4 4 4], LS_000002342a49c4b0_0_0, LS_000002342a49c4b0_0_4, LS_000002342a49c4b0_0_8, LS_000002342a49c4b0_0_12;
LS_000002342a49c4b0_1_4 .concat [ 4 4 4 4], LS_000002342a49c4b0_0_16, LS_000002342a49c4b0_0_20, LS_000002342a49c4b0_0_24, LS_000002342a49c4b0_0_28;
L_000002342a49c4b0 .concat [ 16 16 0 0], LS_000002342a49c4b0_1_0, LS_000002342a49c4b0_1_4;
L_000002342a49d450 .concat [ 32 32 0 0], v000002342a486a70_0, L_000002342a49c4b0;
L_000002342a49d310 .part L_000002342a49d450, 0, 63;
L_000002342a49c370 .concat [ 1 63 0 0], L_000002342a4bb0e8, L_000002342a49d310;
L_000002342a49cc30 .shift/l 64, v000002342a373db0_0, L_000002342a49de50;
S_0000023429fbe6a0 .scope generate, "booth_pp_gen[5]" "booth_pp_gen[5]" 7 27, 7 27 0, S_0000023429fe30b0;
 .timescale 0 0;
P_000002342a38d590 .param/l "i" 0 7 27, +C4<0101>;
L_000002342a4bb1c0 .functor BUFT 1, C4<01010>, C4<0>, C4<0>, C4<0>;
v000002342a375750_0 .net/2s *"_ivl_1", 4 0, L_000002342a4bb1c0;  1 drivers
v000002342a3742b0_0 .net "booth_bits", 2 0, L_000002342a49e7b0;  1 drivers
L_000002342a49d4f0 .extend/s 6, L_000002342a4bb1c0;
S_000002342a4273c0 .scope module, "bpp" "booth_partial_product" 7 31, 7 57 0, S_0000023429fbe6a0;
 .timescale 0 0;
    .port_info 0 /INPUT 32 "M";
    .port_info 1 /INPUT 3 "booth_bits";
    .port_info 2 /INPUT 6 "shift_amount";
    .port_info 3 /OUTPUT 64 "pp";
v000002342a3754d0_0 .net/s "M", 31 0, v000002342a486a70_0;  alias, 1 drivers
v000002342a375570_0 .net/s "M2", 63 0, L_000002342a49e850;  1 drivers
v000002342a373e50_0 .net/s "M_ext", 63 0, L_000002342a49e5d0;  1 drivers
v000002342a3752f0_0 .net *"_ivl_1", 0 0, L_000002342a49d950;  1 drivers
L_000002342a4bb178 .functor BUFT 1, C4<0>, C4<0>, C4<0>, C4<0>;
v000002342a3739f0_0 .net *"_ivl_10", 0 0, L_000002342a4bb178;  1 drivers
v000002342a374fd0_0 .net *"_ivl_2", 31 0, L_000002342a49c550;  1 drivers
v000002342a373b30_0 .net *"_ivl_8", 62 0, L_000002342a49c910;  1 drivers
v000002342a374350_0 .net "booth_bits", 2 0, L_000002342a49e7b0;  alias, 1 drivers
v000002342a375430_0 .net/s "pp", 63 0, L_000002342a49d1d0;  alias, 1 drivers
v000002342a3756b0_0 .var/s "pp_unshifted", 63 0;
v000002342a373bd0_0 .net "shift_amount", 5 0, L_000002342a49d4f0;  1 drivers
E_000002342a38d610 .event anyedge, v000002342a374350_0, v000002342a373e50_0, v000002342a375570_0;
L_000002342a49d950 .part v000002342a486a70_0, 31, 1;
LS_000002342a49c550_0_0 .concat [ 1 1 1 1], L_000002342a49d950, L_000002342a49d950, L_000002342a49d950, L_000002342a49d950;
LS_000002342a49c550_0_4 .concat [ 1 1 1 1], L_000002342a49d950, L_000002342a49d950, L_000002342a49d950, L_000002342a49d950;
LS_000002342a49c550_0_8 .concat [ 1 1 1 1], L_000002342a49d950, L_000002342a49d950, L_000002342a49d950, L_000002342a49d950;
LS_000002342a49c550_0_12 .concat [ 1 1 1 1], L_000002342a49d950, L_000002342a49d950, L_000002342a49d950, L_000002342a49d950;
LS_000002342a49c550_0_16 .concat [ 1 1 1 1], L_000002342a49d950, L_000002342a49d950, L_000002342a49d950, L_000002342a49d950;
LS_000002342a49c550_0_20 .concat [ 1 1 1 1], L_000002342a49d950, L_000002342a49d950, L_000002342a49d950, L_000002342a49d950;
LS_000002342a49c550_0_24 .concat [ 1 1 1 1], L_000002342a49d950, L_000002342a49d950, L_000002342a49d950, L_000002342a49d950;
LS_000002342a49c550_0_28 .concat [ 1 1 1 1], L_000002342a49d950, L_000002342a49d950, L_000002342a49d950, L_000002342a49d950;
LS_000002342a49c550_1_0 .concat [ 4 4 4 4], LS_000002342a49c550_0_0, LS_000002342a49c550_0_4, LS_000002342a49c550_0_8, LS_000002342a49c550_0_12;
LS_000002342a49c550_1_4 .concat [ 4 4 4 4], LS_000002342a49c550_0_16, LS_000002342a49c550_0_20, LS_000002342a49c550_0_24, LS_000002342a49c550_0_28;
L_000002342a49c550 .concat [ 16 16 0 0], LS_000002342a49c550_1_0, LS_000002342a49c550_1_4;
L_000002342a49e5d0 .concat [ 32 32 0 0], v000002342a486a70_0, L_000002342a49c550;
L_000002342a49c910 .part L_000002342a49e5d0, 0, 63;
L_000002342a49e850 .concat [ 1 63 0 0], L_000002342a4bb178, L_000002342a49c910;
L_000002342a49d1d0 .shift/l 64, v000002342a3756b0_0, L_000002342a49d4f0;
S_000002342a427230 .scope generate, "booth_pp_gen[6]" "booth_pp_gen[6]" 7 27, 7 27 0, S_0000023429fe30b0;
 .timescale 0 0;
P_000002342a38ecd0 .param/l "i" 0 7 27, +C4<0110>;
L_000002342a4bb250 .functor BUFT 1, C4<01100>, C4<0>, C4<0>, C4<0>;
v000002342a378d10_0 .net/2s *"_ivl_1", 4 0, L_000002342a4bb250;  1 drivers
v000002342a378a90_0 .net "booth_bits", 2 0, L_000002342a49d3b0;  1 drivers
L_000002342a49c7d0 .extend/s 6, L_000002342a4bb250;
S_000002342a4270a0 .scope module, "bpp" "booth_partial_product" 7 31, 7 57 0, S_000002342a427230;
 .timescale 0 0;
    .port_info 0 /INPUT 32 "M";
    .port_info 1 /INPUT 3 "booth_bits";
    .port_info 2 /INPUT 6 "shift_amount";
    .port_info 3 /OUTPUT 64 "pp";
v000002342a374a30_0 .net/s "M", 31 0, v000002342a486a70_0;  alias, 1 drivers
v000002342a373f90_0 .net/s "M2", 63 0, L_000002342a49e8f0;  1 drivers
v000002342a373d10_0 .net/s "M_ext", 63 0, L_000002342a49cff0;  1 drivers
v000002342a374670_0 .net *"_ivl_1", 0 0, L_000002342a49cd70;  1 drivers
L_000002342a4bb208 .functor BUFT 1, C4<0>, C4<0>, C4<0>, C4<0>;
v000002342a3747b0_0 .net *"_ivl_10", 0 0, L_000002342a4bb208;  1 drivers
v000002342a374ad0_0 .net *"_ivl_2", 31 0, L_000002342a49da90;  1 drivers
v000002342a3757f0_0 .net *"_ivl_8", 62 0, L_000002342a49d590;  1 drivers
v000002342a374cb0_0 .net "booth_bits", 2 0, L_000002342a49d3b0;  alias, 1 drivers
v000002342a374d50_0 .net/s "pp", 63 0, L_000002342a49d770;  alias, 1 drivers
v000002342a374df0_0 .var/s "pp_unshifted", 63 0;
v000002342a378c70_0 .net "shift_amount", 5 0, L_000002342a49c7d0;  1 drivers
E_000002342a38f050 .event anyedge, v000002342a374cb0_0, v000002342a373d10_0, v000002342a373f90_0;
L_000002342a49cd70 .part v000002342a486a70_0, 31, 1;
LS_000002342a49da90_0_0 .concat [ 1 1 1 1], L_000002342a49cd70, L_000002342a49cd70, L_000002342a49cd70, L_000002342a49cd70;
LS_000002342a49da90_0_4 .concat [ 1 1 1 1], L_000002342a49cd70, L_000002342a49cd70, L_000002342a49cd70, L_000002342a49cd70;
LS_000002342a49da90_0_8 .concat [ 1 1 1 1], L_000002342a49cd70, L_000002342a49cd70, L_000002342a49cd70, L_000002342a49cd70;
LS_000002342a49da90_0_12 .concat [ 1 1 1 1], L_000002342a49cd70, L_000002342a49cd70, L_000002342a49cd70, L_000002342a49cd70;
LS_000002342a49da90_0_16 .concat [ 1 1 1 1], L_000002342a49cd70, L_000002342a49cd70, L_000002342a49cd70, L_000002342a49cd70;
LS_000002342a49da90_0_20 .concat [ 1 1 1 1], L_000002342a49cd70, L_000002342a49cd70, L_000002342a49cd70, L_000002342a49cd70;
LS_000002342a49da90_0_24 .concat [ 1 1 1 1], L_000002342a49cd70, L_000002342a49cd70, L_000002342a49cd70, L_000002342a49cd70;
LS_000002342a49da90_0_28 .concat [ 1 1 1 1], L_000002342a49cd70, L_000002342a49cd70, L_000002342a49cd70, L_000002342a49cd70;
LS_000002342a49da90_1_0 .concat [ 4 4 4 4], LS_000002342a49da90_0_0, LS_000002342a49da90_0_4, LS_000002342a49da90_0_8, LS_000002342a49da90_0_12;
LS_000002342a49da90_1_4 .concat [ 4 4 4 4], LS_000002342a49da90_0_16, LS_000002342a49da90_0_20, LS_000002342a49da90_0_24, LS_000002342a49da90_0_28;
L_000002342a49da90 .concat [ 16 16 0 0], LS_000002342a49da90_1_0, LS_000002342a49da90_1_4;
L_000002342a49cff0 .concat [ 32 32 0 0], v000002342a486a70_0, L_000002342a49da90;
L_000002342a49d590 .part L_000002342a49cff0, 0, 63;
L_000002342a49e8f0 .concat [ 1 63 0 0], L_000002342a4bb208, L_000002342a49d590;
L_000002342a49d770 .shift/l 64, v000002342a374df0_0, L_000002342a49c7d0;
S_000002342a426740 .scope generate, "booth_pp_gen[7]" "booth_pp_gen[7]" 7 27, 7 27 0, S_0000023429fe30b0;
 .timescale 0 0;
P_000002342a38f210 .param/l "i" 0 7 27, +C4<0111>;
L_000002342a4bb2e0 .functor BUFT 1, C4<01110>, C4<0>, C4<0>, C4<0>;
v000002342a191720_0 .net/2s *"_ivl_1", 4 0, L_000002342a4bb2e0;  1 drivers
v000002342a191ae0_0 .net "booth_bits", 2 0, L_000002342a49d630;  1 drivers
L_000002342a49c190 .extend/s 6, L_000002342a4bb2e0;
S_000002342a4265b0 .scope module, "bpp" "booth_partial_product" 7 31, 7 57 0, S_000002342a426740;
 .timescale 0 0;
    .port_info 0 /INPUT 32 "M";
    .port_info 1 /INPUT 3 "booth_bits";
    .port_info 2 /INPUT 6 "shift_amount";
    .port_info 3 /OUTPUT 64 "pp";
v000002342a3786d0_0 .net/s "M", 31 0, v000002342a486a70_0;  alias, 1 drivers
v000002342a378770_0 .net/s "M2", 63 0, L_000002342a49c730;  1 drivers
v000002342a191a40_0 .net/s "M_ext", 63 0, L_000002342a49ceb0;  1 drivers
v000002342a191ea0_0 .net *"_ivl_1", 0 0, L_000002342a49dd10;  1 drivers
L_000002342a4bb298 .functor BUFT 1, C4<0>, C4<0>, C4<0>, C4<0>;
v000002342a191c20_0 .net *"_ivl_10", 0 0, L_000002342a4bb298;  1 drivers
v000002342a191b80_0 .net *"_ivl_2", 31 0, L_000002342a49d270;  1 drivers
v000002342a191d60_0 .net *"_ivl_8", 62 0, L_000002342a49def0;  1 drivers
v000002342a1924e0_0 .net "booth_bits", 2 0, L_000002342a49d630;  alias, 1 drivers
v000002342a191860_0 .net/s "pp", 63 0, L_000002342a49cb90;  alias, 1 drivers
v000002342a191fe0_0 .var/s "pp_unshifted", 63 0;
v000002342a192260_0 .net "shift_amount", 5 0, L_000002342a49c190;  1 drivers
E_000002342a38f250 .event anyedge, v000002342a1924e0_0, v000002342a191a40_0, v000002342a378770_0;
L_000002342a49dd10 .part v000002342a486a70_0, 31, 1;
LS_000002342a49d270_0_0 .concat [ 1 1 1 1], L_000002342a49dd10, L_000002342a49dd10, L_000002342a49dd10, L_000002342a49dd10;
LS_000002342a49d270_0_4 .concat [ 1 1 1 1], L_000002342a49dd10, L_000002342a49dd10, L_000002342a49dd10, L_000002342a49dd10;
LS_000002342a49d270_0_8 .concat [ 1 1 1 1], L_000002342a49dd10, L_000002342a49dd10, L_000002342a49dd10, L_000002342a49dd10;
LS_000002342a49d270_0_12 .concat [ 1 1 1 1], L_000002342a49dd10, L_000002342a49dd10, L_000002342a49dd10, L_000002342a49dd10;
LS_000002342a49d270_0_16 .concat [ 1 1 1 1], L_000002342a49dd10, L_000002342a49dd10, L_000002342a49dd10, L_000002342a49dd10;
LS_000002342a49d270_0_20 .concat [ 1 1 1 1], L_000002342a49dd10, L_000002342a49dd10, L_000002342a49dd10, L_000002342a49dd10;
LS_000002342a49d270_0_24 .concat [ 1 1 1 1], L_000002342a49dd10, L_000002342a49dd10, L_000002342a49dd10, L_000002342a49dd10;
LS_000002342a49d270_0_28 .concat [ 1 1 1 1], L_000002342a49dd10, L_000002342a49dd10, L_000002342a49dd10, L_000002342a49dd10;
LS_000002342a49d270_1_0 .concat [ 4 4 4 4], LS_000002342a49d270_0_0, LS_000002342a49d270_0_4, LS_000002342a49d270_0_8, LS_000002342a49d270_0_12;
LS_000002342a49d270_1_4 .concat [ 4 4 4 4], LS_000002342a49d270_0_16, LS_000002342a49d270_0_20, LS_000002342a49d270_0_24, LS_000002342a49d270_0_28;
L_000002342a49d270 .concat [ 16 16 0 0], LS_000002342a49d270_1_0, LS_000002342a49d270_1_4;
L_000002342a49ceb0 .concat [ 32 32 0 0], v000002342a486a70_0, L_000002342a49d270;
L_000002342a49def0 .part L_000002342a49ceb0, 0, 63;
L_000002342a49c730 .concat [ 1 63 0 0], L_000002342a4bb298, L_000002342a49def0;
L_000002342a49cb90 .shift/l 64, v000002342a191fe0_0, L_000002342a49c190;
S_000002342a426f10 .scope generate, "booth_pp_gen[8]" "booth_pp_gen[8]" 7 27, 7 27 0, S_0000023429fe30b0;
 .timescale 0 0;
P_000002342a38f290 .param/l "i" 0 7 27, +C4<01000>;
v000002342a1f5350_0 .net "booth_bits", 2 0, L_000002342a49ce10;  1 drivers
S_000002342a4268d0 .scope module, "bpp" "booth_partial_product" 7 31, 7 57 0, S_000002342a426f10;
 .timescale 0 0;
    .port_info 0 /INPUT 32 "M";
    .port_info 1 /INPUT 3 "booth_bits";
    .port_info 2 /INPUT 6 "shift_amount";
    .port_info 3 /OUTPUT 64 "pp";
v000002342a191cc0_0 .net/s "M", 31 0, v000002342a486a70_0;  alias, 1 drivers
v000002342a1f6b10_0 .net/s "M2", 63 0, L_000002342a49ddb0;  1 drivers
v000002342a1f6930_0 .net/s "M_ext", 63 0, L_000002342a49d090;  1 drivers
v000002342a1f5030_0 .net *"_ivl_1", 0 0, L_000002342a49c870;  1 drivers
L_000002342a4bb328 .functor BUFT 1, C4<0>, C4<0>, C4<0>, C4<0>;
v000002342a1f55d0_0 .net *"_ivl_10", 0 0, L_000002342a4bb328;  1 drivers
v000002342a1f5490_0 .net *"_ivl_2", 31 0, L_000002342a49db30;  1 drivers
v000002342a1f50d0_0 .net *"_ivl_8", 62 0, L_000002342a49c5f0;  1 drivers
v000002342a1f5ad0_0 .net "booth_bits", 2 0, L_000002342a49ce10;  alias, 1 drivers
v000002342a1f6390_0 .net/s "pp", 63 0, L_000002342a49c690;  alias, 1 drivers
v000002342a1f5170_0 .var/s "pp_unshifted", 63 0;
L_000002342a4bb370 .functor BUFT 1, C4<010000>, C4<0>, C4<0>, C4<0>;
v000002342a1f52b0_0 .net "shift_amount", 5 0, L_000002342a4bb370;  1 drivers
E_000002342a390010 .event anyedge, v000002342a1f5ad0_0, v000002342a1f6930_0, v000002342a1f6b10_0;
L_000002342a49c870 .part v000002342a486a70_0, 31, 1;
LS_000002342a49db30_0_0 .concat [ 1 1 1 1], L_000002342a49c870, L_000002342a49c870, L_000002342a49c870, L_000002342a49c870;
LS_000002342a49db30_0_4 .concat [ 1 1 1 1], L_000002342a49c870, L_000002342a49c870, L_000002342a49c870, L_000002342a49c870;
LS_000002342a49db30_0_8 .concat [ 1 1 1 1], L_000002342a49c870, L_000002342a49c870, L_000002342a49c870, L_000002342a49c870;
LS_000002342a49db30_0_12 .concat [ 1 1 1 1], L_000002342a49c870, L_000002342a49c870, L_000002342a49c870, L_000002342a49c870;
LS_000002342a49db30_0_16 .concat [ 1 1 1 1], L_000002342a49c870, L_000002342a49c870, L_000002342a49c870, L_000002342a49c870;
LS_000002342a49db30_0_20 .concat [ 1 1 1 1], L_000002342a49c870, L_000002342a49c870, L_000002342a49c870, L_000002342a49c870;
LS_000002342a49db30_0_24 .concat [ 1 1 1 1], L_000002342a49c870, L_000002342a49c870, L_000002342a49c870, L_000002342a49c870;
LS_000002342a49db30_0_28 .concat [ 1 1 1 1], L_000002342a49c870, L_000002342a49c870, L_000002342a49c870, L_000002342a49c870;
LS_000002342a49db30_1_0 .concat [ 4 4 4 4], LS_000002342a49db30_0_0, LS_000002342a49db30_0_4, LS_000002342a49db30_0_8, LS_000002342a49db30_0_12;
LS_000002342a49db30_1_4 .concat [ 4 4 4 4], LS_000002342a49db30_0_16, LS_000002342a49db30_0_20, LS_000002342a49db30_0_24, LS_000002342a49db30_0_28;
L_000002342a49db30 .concat [ 16 16 0 0], LS_000002342a49db30_1_0, LS_000002342a49db30_1_4;
L_000002342a49d090 .concat [ 32 32 0 0], v000002342a486a70_0, L_000002342a49db30;
L_000002342a49c5f0 .part L_000002342a49d090, 0, 63;
L_000002342a49ddb0 .concat [ 1 63 0 0], L_000002342a4bb328, L_000002342a49c5f0;
L_000002342a49c690 .shift/l 64, v000002342a1f5170_0, L_000002342a4bb370;
S_000002342a426a60 .scope generate, "booth_pp_gen[9]" "booth_pp_gen[9]" 7 27, 7 27 0, S_0000023429fe30b0;
 .timescale 0 0;
P_000002342a38fc50 .param/l "i" 0 7 27, +C4<01001>;
v000002342a42e3f0_0 .net "booth_bits", 2 0, L_000002342a49dbd0;  1 drivers
S_000002342a426bf0 .scope module, "bpp" "booth_partial_product" 7 31, 7 57 0, S_000002342a426a60;
 .timescale 0 0;
    .port_info 0 /INPUT 32 "M";
    .port_info 1 /INPUT 3 "booth_bits";
    .port_info 2 /INPUT 6 "shift_amount";
    .port_info 3 /OUTPUT 64 "pp";
v000002342a1b4330_0 .net/s "M", 31 0, v000002342a486a70_0;  alias, 1 drivers
v000002342a1962c0_0 .net/s "M2", 63 0, L_000002342a49d8b0;  1 drivers
v000002342a1d5390_0 .net/s "M_ext", 63 0, L_000002342a49df90;  1 drivers
v000002342a42dbd0_0 .net *"_ivl_1", 0 0, L_000002342a49dc70;  1 drivers
L_000002342a4bb3b8 .functor BUFT 1, C4<0>, C4<0>, C4<0>, C4<0>;
v000002342a42ed50_0 .net *"_ivl_10", 0 0, L_000002342a4bb3b8;  1 drivers
v000002342a42d950_0 .net *"_ivl_2", 31 0, L_000002342a49c2d0;  1 drivers
v000002342a42c7d0_0 .net *"_ivl_8", 62 0, L_000002342a49d6d0;  1 drivers
v000002342a42ce10_0 .net "booth_bits", 2 0, L_000002342a49dbd0;  alias, 1 drivers
v000002342a42e350_0 .net/s "pp", 63 0, L_000002342a49cf50;  alias, 1 drivers
v000002342a42ccd0_0 .var/s "pp_unshifted", 63 0;
L_000002342a4bb400 .functor BUFT 1, C4<010010>, C4<0>, C4<0>, C4<0>;
v000002342a42cd70_0 .net "shift_amount", 5 0, L_000002342a4bb400;  1 drivers
E_000002342a390090 .event anyedge, v000002342a42ce10_0, v000002342a1d5390_0, v000002342a1962c0_0;
L_000002342a49dc70 .part v000002342a486a70_0, 31, 1;
LS_000002342a49c2d0_0_0 .concat [ 1 1 1 1], L_000002342a49dc70, L_000002342a49dc70, L_000002342a49dc70, L_000002342a49dc70;
LS_000002342a49c2d0_0_4 .concat [ 1 1 1 1], L_000002342a49dc70, L_000002342a49dc70, L_000002342a49dc70, L_000002342a49dc70;
LS_000002342a49c2d0_0_8 .concat [ 1 1 1 1], L_000002342a49dc70, L_000002342a49dc70, L_000002342a49dc70, L_000002342a49dc70;
LS_000002342a49c2d0_0_12 .concat [ 1 1 1 1], L_000002342a49dc70, L_000002342a49dc70, L_000002342a49dc70, L_000002342a49dc70;
LS_000002342a49c2d0_0_16 .concat [ 1 1 1 1], L_000002342a49dc70, L_000002342a49dc70, L_000002342a49dc70, L_000002342a49dc70;
LS_000002342a49c2d0_0_20 .concat [ 1 1 1 1], L_000002342a49dc70, L_000002342a49dc70, L_000002342a49dc70, L_000002342a49dc70;
LS_000002342a49c2d0_0_24 .concat [ 1 1 1 1], L_000002342a49dc70, L_000002342a49dc70, L_000002342a49dc70, L_000002342a49dc70;
LS_000002342a49c2d0_0_28 .concat [ 1 1 1 1], L_000002342a49dc70, L_000002342a49dc70, L_000002342a49dc70, L_000002342a49dc70;
LS_000002342a49c2d0_1_0 .concat [ 4 4 4 4], LS_000002342a49c2d0_0_0, LS_000002342a49c2d0_0_4, LS_000002342a49c2d0_0_8, LS_000002342a49c2d0_0_12;
LS_000002342a49c2d0_1_4 .concat [ 4 4 4 4], LS_000002342a49c2d0_0_16, LS_000002342a49c2d0_0_20, LS_000002342a49c2d0_0_24, LS_000002342a49c2d0_0_28;
L_000002342a49c2d0 .concat [ 16 16 0 0], LS_000002342a49c2d0_1_0, LS_000002342a49c2d0_1_4;
L_000002342a49df90 .concat [ 32 32 0 0], v000002342a486a70_0, L_000002342a49c2d0;
L_000002342a49d6d0 .part L_000002342a49df90, 0, 63;
L_000002342a49d8b0 .concat [ 1 63 0 0], L_000002342a4bb3b8, L_000002342a49d6d0;
L_000002342a49cf50 .shift/l 64, v000002342a42ccd0_0, L_000002342a4bb400;
S_000002342a426d80 .scope generate, "booth_pp_gen[10]" "booth_pp_gen[10]" 7 27, 7 27 0, S_0000023429fe30b0;
 .timescale 0 0;
P_000002342a3900d0 .param/l "i" 0 7 27, +C4<01010>;
v000002342a42c690_0 .net "booth_bits", 2 0, L_000002342a49c230;  1 drivers
S_000002342a437c10 .scope module, "bpp" "booth_partial_product" 7 31, 7 57 0, S_000002342a426d80;
 .timescale 0 0;
    .port_info 0 /INPUT 32 "M";
    .port_info 1 /INPUT 3 "booth_bits";
    .port_info 2 /INPUT 6 "shift_amount";
    .port_info 3 /OUTPUT 64 "pp";
v000002342a42c910_0 .net/s "M", 31 0, v000002342a486a70_0;  alias, 1 drivers
v000002342a42d090_0 .net/s "M2", 63 0, L_000002342a49e2b0;  1 drivers
v000002342a42df90_0 .net/s "M_ext", 63 0, L_000002342a49e0d0;  1 drivers
v000002342a42c5f0_0 .net *"_ivl_1", 0 0, L_000002342a49e210;  1 drivers
L_000002342a4bb448 .functor BUFT 1, C4<0>, C4<0>, C4<0>, C4<0>;
v000002342a42c730_0 .net *"_ivl_10", 0 0, L_000002342a4bb448;  1 drivers
v000002342a42c870_0 .net *"_ivl_2", 31 0, L_000002342a49e030;  1 drivers
v000002342a42c9b0_0 .net *"_ivl_8", 62 0, L_000002342a49e170;  1 drivers
v000002342a42d590_0 .net "booth_bits", 2 0, L_000002342a49c230;  alias, 1 drivers
v000002342a42ca50_0 .net/s "pp", 63 0, L_000002342a49e350;  alias, 1 drivers
v000002342a42e7b0_0 .var/s "pp_unshifted", 63 0;
L_000002342a4bb490 .functor BUFT 1, C4<010100>, C4<0>, C4<0>, C4<0>;
v000002342a42eb70_0 .net "shift_amount", 5 0, L_000002342a4bb490;  1 drivers
E_000002342a3911d0 .event anyedge, v000002342a42d590_0, v000002342a42df90_0, v000002342a42d090_0;
L_000002342a49e210 .part v000002342a486a70_0, 31, 1;
LS_000002342a49e030_0_0 .concat [ 1 1 1 1], L_000002342a49e210, L_000002342a49e210, L_000002342a49e210, L_000002342a49e210;
LS_000002342a49e030_0_4 .concat [ 1 1 1 1], L_000002342a49e210, L_000002342a49e210, L_000002342a49e210, L_000002342a49e210;
LS_000002342a49e030_0_8 .concat [ 1 1 1 1], L_000002342a49e210, L_000002342a49e210, L_000002342a49e210, L_000002342a49e210;
LS_000002342a49e030_0_12 .concat [ 1 1 1 1], L_000002342a49e210, L_000002342a49e210, L_000002342a49e210, L_000002342a49e210;
LS_000002342a49e030_0_16 .concat [ 1 1 1 1], L_000002342a49e210, L_000002342a49e210, L_000002342a49e210, L_000002342a49e210;
LS_000002342a49e030_0_20 .concat [ 1 1 1 1], L_000002342a49e210, L_000002342a49e210, L_000002342a49e210, L_000002342a49e210;
LS_000002342a49e030_0_24 .concat [ 1 1 1 1], L_000002342a49e210, L_000002342a49e210, L_000002342a49e210, L_000002342a49e210;
LS_000002342a49e030_0_28 .concat [ 1 1 1 1], L_000002342a49e210, L_000002342a49e210, L_000002342a49e210, L_000002342a49e210;
LS_000002342a49e030_1_0 .concat [ 4 4 4 4], LS_000002342a49e030_0_0, LS_000002342a49e030_0_4, LS_000002342a49e030_0_8, LS_000002342a49e030_0_12;
LS_000002342a49e030_1_4 .concat [ 4 4 4 4], LS_000002342a49e030_0_16, LS_000002342a49e030_0_20, LS_000002342a49e030_0_24, LS_000002342a49e030_0_28;
L_000002342a49e030 .concat [ 16 16 0 0], LS_000002342a49e030_1_0, LS_000002342a49e030_1_4;
L_000002342a49e0d0 .concat [ 32 32 0 0], v000002342a486a70_0, L_000002342a49e030;
L_000002342a49e170 .part L_000002342a49e0d0, 0, 63;
L_000002342a49e2b0 .concat [ 1 63 0 0], L_000002342a4bb448, L_000002342a49e170;
L_000002342a49e350 .shift/l 64, v000002342a42e7b0_0, L_000002342a4bb490;
S_000002342a438570 .scope generate, "booth_pp_gen[11]" "booth_pp_gen[11]" 7 27, 7 27 0, S_0000023429fe30b0;
 .timescale 0 0;
P_000002342a390e90 .param/l "i" 0 7 27, +C4<01011>;
v000002342a42d3b0_0 .net "booth_bits", 2 0, L_000002342a49c9b0;  1 drivers
S_000002342a438250 .scope module, "bpp" "booth_partial_product" 7 31, 7 57 0, S_000002342a438570;
 .timescale 0 0;
    .port_info 0 /INPUT 32 "M";
    .port_info 1 /INPUT 3 "booth_bits";
    .port_info 2 /INPUT 6 "shift_amount";
    .port_info 3 /OUTPUT 64 "pp";
v000002342a42e850_0 .net/s "M", 31 0, v000002342a486a70_0;  alias, 1 drivers
v000002342a42ec10_0 .net/s "M2", 63 0, L_000002342a49e530;  1 drivers
v000002342a42e210_0 .net/s "M_ext", 63 0, L_000002342a49e490;  1 drivers
v000002342a42cc30_0 .net *"_ivl_1", 0 0, L_000002342a49e3f0;  1 drivers
L_000002342a4bb4d8 .functor BUFT 1, C4<0>, C4<0>, C4<0>, C4<0>;
v000002342a42d630_0 .net *"_ivl_10", 0 0, L_000002342a4bb4d8;  1 drivers
v000002342a42e030_0 .net *"_ivl_2", 31 0, L_000002342a49ca50;  1 drivers
v000002342a42d270_0 .net *"_ivl_8", 62 0, L_000002342a49c410;  1 drivers
v000002342a42dd10_0 .net "booth_bits", 2 0, L_000002342a49c9b0;  alias, 1 drivers
v000002342a42db30_0 .net/s "pp", 63 0, L_000002342a49e670;  alias, 1 drivers
v000002342a42caf0_0 .var/s "pp_unshifted", 63 0;
L_000002342a4bb520 .functor BUFT 1, C4<010110>, C4<0>, C4<0>, C4<0>;
v000002342a42dc70_0 .net "shift_amount", 5 0, L_000002342a4bb520;  1 drivers
E_000002342a390490 .event anyedge, v000002342a42dd10_0, v000002342a42e210_0, v000002342a42ec10_0;
L_000002342a49e3f0 .part v000002342a486a70_0, 31, 1;
LS_000002342a49ca50_0_0 .concat [ 1 1 1 1], L_000002342a49e3f0, L_000002342a49e3f0, L_000002342a49e3f0, L_000002342a49e3f0;
LS_000002342a49ca50_0_4 .concat [ 1 1 1 1], L_000002342a49e3f0, L_000002342a49e3f0, L_000002342a49e3f0, L_000002342a49e3f0;
LS_000002342a49ca50_0_8 .concat [ 1 1 1 1], L_000002342a49e3f0, L_000002342a49e3f0, L_000002342a49e3f0, L_000002342a49e3f0;
LS_000002342a49ca50_0_12 .concat [ 1 1 1 1], L_000002342a49e3f0, L_000002342a49e3f0, L_000002342a49e3f0, L_000002342a49e3f0;
LS_000002342a49ca50_0_16 .concat [ 1 1 1 1], L_000002342a49e3f0, L_000002342a49e3f0, L_000002342a49e3f0, L_000002342a49e3f0;
LS_000002342a49ca50_0_20 .concat [ 1 1 1 1], L_000002342a49e3f0, L_000002342a49e3f0, L_000002342a49e3f0, L_000002342a49e3f0;
LS_000002342a49ca50_0_24 .concat [ 1 1 1 1], L_000002342a49e3f0, L_000002342a49e3f0, L_000002342a49e3f0, L_000002342a49e3f0;
LS_000002342a49ca50_0_28 .concat [ 1 1 1 1], L_000002342a49e3f0, L_000002342a49e3f0, L_000002342a49e3f0, L_000002342a49e3f0;
LS_000002342a49ca50_1_0 .concat [ 4 4 4 4], LS_000002342a49ca50_0_0, LS_000002342a49ca50_0_4, LS_000002342a49ca50_0_8, LS_000002342a49ca50_0_12;
LS_000002342a49ca50_1_4 .concat [ 4 4 4 4], LS_000002342a49ca50_0_16, LS_000002342a49ca50_0_20, LS_000002342a49ca50_0_24, LS_000002342a49ca50_0_28;
L_000002342a49ca50 .concat [ 16 16 0 0], LS_000002342a49ca50_1_0, LS_000002342a49ca50_1_4;
L_000002342a49e490 .concat [ 32 32 0 0], v000002342a486a70_0, L_000002342a49ca50;
L_000002342a49c410 .part L_000002342a49e490, 0, 63;
L_000002342a49e530 .concat [ 1 63 0 0], L_000002342a4bb4d8, L_000002342a49c410;
L_000002342a49e670 .shift/l 64, v000002342a42caf0_0, L_000002342a4bb520;
S_000002342a438a20 .scope generate, "booth_pp_gen[12]" "booth_pp_gen[12]" 7 27, 7 27 0, S_0000023429fe30b0;
 .timescale 0 0;
P_000002342a390bd0 .param/l "i" 0 7 27, +C4<01100>;
v000002342a42cff0_0 .net "booth_bits", 2 0, L_000002342a574ad0;  1 drivers
S_000002342a4378f0 .scope module, "bpp" "booth_partial_product" 7 31, 7 57 0, S_000002342a438a20;
 .timescale 0 0;
    .port_info 0 /INPUT 32 "M";
    .port_info 1 /INPUT 3 "booth_bits";
    .port_info 2 /INPUT 6 "shift_amount";
    .port_info 3 /OUTPUT 64 "pp";
v000002342a42d4f0_0 .net/s "M", 31 0, v000002342a486a70_0;  alias, 1 drivers
v000002342a42d450_0 .net/s "M2", 63 0, L_000002342a573130;  1 drivers
v000002342a42ecb0_0 .net/s "M_ext", 63 0, L_000002342a573090;  1 drivers
v000002342a42cb90_0 .net *"_ivl_1", 0 0, L_000002342a574210;  1 drivers
L_000002342a4bb568 .functor BUFT 1, C4<0>, C4<0>, C4<0>, C4<0>;
v000002342a42ddb0_0 .net *"_ivl_10", 0 0, L_000002342a4bb568;  1 drivers
v000002342a42e530_0 .net *"_ivl_2", 31 0, L_000002342a573270;  1 drivers
v000002342a42ceb0_0 .net *"_ivl_8", 62 0, L_000002342a573ef0;  1 drivers
v000002342a42d9f0_0 .net "booth_bits", 2 0, L_000002342a574ad0;  alias, 1 drivers
v000002342a42d6d0_0 .net/s "pp", 63 0, L_000002342a574030;  alias, 1 drivers
v000002342a42e170_0 .var/s "pp_unshifted", 63 0;
L_000002342a4bb5b0 .functor BUFT 1, C4<011000>, C4<0>, C4<0>, C4<0>;
v000002342a42cf50_0 .net "shift_amount", 5 0, L_000002342a4bb5b0;  1 drivers
E_000002342a390ad0 .event anyedge, v000002342a42d9f0_0, v000002342a42ecb0_0, v000002342a42d450_0;
L_000002342a574210 .part v000002342a486a70_0, 31, 1;
LS_000002342a573270_0_0 .concat [ 1 1 1 1], L_000002342a574210, L_000002342a574210, L_000002342a574210, L_000002342a574210;
LS_000002342a573270_0_4 .concat [ 1 1 1 1], L_000002342a574210, L_000002342a574210, L_000002342a574210, L_000002342a574210;
LS_000002342a573270_0_8 .concat [ 1 1 1 1], L_000002342a574210, L_000002342a574210, L_000002342a574210, L_000002342a574210;
LS_000002342a573270_0_12 .concat [ 1 1 1 1], L_000002342a574210, L_000002342a574210, L_000002342a574210, L_000002342a574210;
LS_000002342a573270_0_16 .concat [ 1 1 1 1], L_000002342a574210, L_000002342a574210, L_000002342a574210, L_000002342a574210;
LS_000002342a573270_0_20 .concat [ 1 1 1 1], L_000002342a574210, L_000002342a574210, L_000002342a574210, L_000002342a574210;
LS_000002342a573270_0_24 .concat [ 1 1 1 1], L_000002342a574210, L_000002342a574210, L_000002342a574210, L_000002342a574210;
LS_000002342a573270_0_28 .concat [ 1 1 1 1], L_000002342a574210, L_000002342a574210, L_000002342a574210, L_000002342a574210;
LS_000002342a573270_1_0 .concat [ 4 4 4 4], LS_000002342a573270_0_0, LS_000002342a573270_0_4, LS_000002342a573270_0_8, LS_000002342a573270_0_12;
LS_000002342a573270_1_4 .concat [ 4 4 4 4], LS_000002342a573270_0_16, LS_000002342a573270_0_20, LS_000002342a573270_0_24, LS_000002342a573270_0_28;
L_000002342a573270 .concat [ 16 16 0 0], LS_000002342a573270_1_0, LS_000002342a573270_1_4;
L_000002342a573090 .concat [ 32 32 0 0], v000002342a486a70_0, L_000002342a573270;
L_000002342a573ef0 .part L_000002342a573090, 0, 63;
L_000002342a573130 .concat [ 1 63 0 0], L_000002342a4bb568, L_000002342a573ef0;
L_000002342a574030 .shift/l 64, v000002342a42e170_0, L_000002342a4bb5b0;
S_000002342a4380c0 .scope generate, "booth_pp_gen[13]" "booth_pp_gen[13]" 7 27, 7 27 0, S_0000023429fe30b0;
 .timescale 0 0;
P_000002342a390850 .param/l "i" 0 7 27, +C4<01101>;
v000002342a42de50_0 .net "booth_bits", 2 0, L_000002342a5745d0;  1 drivers
S_000002342a437a80 .scope module, "bpp" "booth_partial_product" 7 31, 7 57 0, S_000002342a4380c0;
 .timescale 0 0;
    .port_info 0 /INPUT 32 "M";
    .port_info 1 /INPUT 3 "booth_bits";
    .port_info 2 /INPUT 6 "shift_amount";
    .port_info 3 /OUTPUT 64 "pp";
v000002342a42d310_0 .net/s "M", 31 0, v000002342a486a70_0;  alias, 1 drivers
v000002342a42e5d0_0 .net/s "M2", 63 0, L_000002342a574170;  1 drivers
v000002342a42def0_0 .net/s "M_ext", 63 0, L_000002342a572a50;  1 drivers
v000002342a42e2b0_0 .net *"_ivl_1", 0 0, L_000002342a573590;  1 drivers
L_000002342a4bb5f8 .functor BUFT 1, C4<0>, C4<0>, C4<0>, C4<0>;
v000002342a42d130_0 .net *"_ivl_10", 0 0, L_000002342a4bb5f8;  1 drivers
v000002342a42d1d0_0 .net *"_ivl_2", 31 0, L_000002342a5740d0;  1 drivers
v000002342a42e670_0 .net *"_ivl_8", 62 0, L_000002342a574b70;  1 drivers
v000002342a42e0d0_0 .net "booth_bits", 2 0, L_000002342a5745d0;  alias, 1 drivers
v000002342a42d770_0 .net/s "pp", 63 0, L_000002342a574710;  alias, 1 drivers
v000002342a42d810_0 .var/s "pp_unshifted", 63 0;
L_000002342a4bb640 .functor BUFT 1, C4<011010>, C4<0>, C4<0>, C4<0>;
v000002342a42d8b0_0 .net "shift_amount", 5 0, L_000002342a4bb640;  1 drivers
E_000002342a390ed0 .event anyedge, v000002342a42e0d0_0, v000002342a42def0_0, v000002342a42e5d0_0;
L_000002342a573590 .part v000002342a486a70_0, 31, 1;
LS_000002342a5740d0_0_0 .concat [ 1 1 1 1], L_000002342a573590, L_000002342a573590, L_000002342a573590, L_000002342a573590;
LS_000002342a5740d0_0_4 .concat [ 1 1 1 1], L_000002342a573590, L_000002342a573590, L_000002342a573590, L_000002342a573590;
LS_000002342a5740d0_0_8 .concat [ 1 1 1 1], L_000002342a573590, L_000002342a573590, L_000002342a573590, L_000002342a573590;
LS_000002342a5740d0_0_12 .concat [ 1 1 1 1], L_000002342a573590, L_000002342a573590, L_000002342a573590, L_000002342a573590;
LS_000002342a5740d0_0_16 .concat [ 1 1 1 1], L_000002342a573590, L_000002342a573590, L_000002342a573590, L_000002342a573590;
LS_000002342a5740d0_0_20 .concat [ 1 1 1 1], L_000002342a573590, L_000002342a573590, L_000002342a573590, L_000002342a573590;
LS_000002342a5740d0_0_24 .concat [ 1 1 1 1], L_000002342a573590, L_000002342a573590, L_000002342a573590, L_000002342a573590;
LS_000002342a5740d0_0_28 .concat [ 1 1 1 1], L_000002342a573590, L_000002342a573590, L_000002342a573590, L_000002342a573590;
LS_000002342a5740d0_1_0 .concat [ 4 4 4 4], LS_000002342a5740d0_0_0, LS_000002342a5740d0_0_4, LS_000002342a5740d0_0_8, LS_000002342a5740d0_0_12;
LS_000002342a5740d0_1_4 .concat [ 4 4 4 4], LS_000002342a5740d0_0_16, LS_000002342a5740d0_0_20, LS_000002342a5740d0_0_24, LS_000002342a5740d0_0_28;
L_000002342a5740d0 .concat [ 16 16 0 0], LS_000002342a5740d0_1_0, LS_000002342a5740d0_1_4;
L_000002342a572a50 .concat [ 32 32 0 0], v000002342a486a70_0, L_000002342a5740d0;
L_000002342a574b70 .part L_000002342a572a50, 0, 63;
L_000002342a574170 .concat [ 1 63 0 0], L_000002342a4bb5f8, L_000002342a574b70;
L_000002342a574710 .shift/l 64, v000002342a42d810_0, L_000002342a4bb640;
S_000002342a438700 .scope generate, "booth_pp_gen[14]" "booth_pp_gen[14]" 7 27, 7 27 0, S_0000023429fe30b0;
 .timescale 0 0;
P_000002342a390710 .param/l "i" 0 7 27, +C4<01110>;
v000002342a42f750_0 .net "booth_bits", 2 0, L_000002342a573f90;  1 drivers
S_000002342a438bb0 .scope module, "bpp" "booth_partial_product" 7 31, 7 57 0, S_000002342a438700;
 .timescale 0 0;
    .port_info 0 /INPUT 32 "M";
    .port_info 1 /INPUT 3 "booth_bits";
    .port_info 2 /INPUT 6 "shift_amount";
    .port_info 3 /OUTPUT 64 "pp";
v000002342a42da90_0 .net/s "M", 31 0, v000002342a486a70_0;  alias, 1 drivers
v000002342a42e490_0 .net/s "M2", 63 0, L_000002342a573630;  1 drivers
v000002342a42e710_0 .net/s "M_ext", 63 0, L_000002342a573450;  1 drivers
v000002342a42e8f0_0 .net *"_ivl_1", 0 0, L_000002342a5736d0;  1 drivers
L_000002342a4bb688 .functor BUFT 1, C4<0>, C4<0>, C4<0>, C4<0>;
v000002342a42e990_0 .net *"_ivl_10", 0 0, L_000002342a4bb688;  1 drivers
v000002342a42ea30_0 .net *"_ivl_2", 31 0, L_000002342a5742b0;  1 drivers
v000002342a42ead0_0 .net *"_ivl_8", 62 0, L_000002342a5731d0;  1 drivers
v000002342a431370_0 .net "booth_bits", 2 0, L_000002342a573f90;  alias, 1 drivers
v000002342a42f4d0_0 .net/s "pp", 63 0, L_000002342a573d10;  alias, 1 drivers
v000002342a4308d0_0 .var/s "pp_unshifted", 63 0;
L_000002342a4bb6d0 .functor BUFT 1, C4<011100>, C4<0>, C4<0>, C4<0>;
v000002342a42f570_0 .net "shift_amount", 5 0, L_000002342a4bb6d0;  1 drivers
E_000002342a390f10 .event anyedge, v000002342a431370_0, v000002342a42e710_0, v000002342a42e490_0;
L_000002342a5736d0 .part v000002342a486a70_0, 31, 1;
LS_000002342a5742b0_0_0 .concat [ 1 1 1 1], L_000002342a5736d0, L_000002342a5736d0, L_000002342a5736d0, L_000002342a5736d0;
LS_000002342a5742b0_0_4 .concat [ 1 1 1 1], L_000002342a5736d0, L_000002342a5736d0, L_000002342a5736d0, L_000002342a5736d0;
LS_000002342a5742b0_0_8 .concat [ 1 1 1 1], L_000002342a5736d0, L_000002342a5736d0, L_000002342a5736d0, L_000002342a5736d0;
LS_000002342a5742b0_0_12 .concat [ 1 1 1 1], L_000002342a5736d0, L_000002342a5736d0, L_000002342a5736d0, L_000002342a5736d0;
LS_000002342a5742b0_0_16 .concat [ 1 1 1 1], L_000002342a5736d0, L_000002342a5736d0, L_000002342a5736d0, L_000002342a5736d0;
LS_000002342a5742b0_0_20 .concat [ 1 1 1 1], L_000002342a5736d0, L_000002342a5736d0, L_000002342a5736d0, L_000002342a5736d0;
LS_000002342a5742b0_0_24 .concat [ 1 1 1 1], L_000002342a5736d0, L_000002342a5736d0, L_000002342a5736d0, L_000002342a5736d0;
LS_000002342a5742b0_0_28 .concat [ 1 1 1 1], L_000002342a5736d0, L_000002342a5736d0, L_000002342a5736d0, L_000002342a5736d0;
LS_000002342a5742b0_1_0 .concat [ 4 4 4 4], LS_000002342a5742b0_0_0, LS_000002342a5742b0_0_4, LS_000002342a5742b0_0_8, LS_000002342a5742b0_0_12;
LS_000002342a5742b0_1_4 .concat [ 4 4 4 4], LS_000002342a5742b0_0_16, LS_000002342a5742b0_0_20, LS_000002342a5742b0_0_24, LS_000002342a5742b0_0_28;
L_000002342a5742b0 .concat [ 16 16 0 0], LS_000002342a5742b0_1_0, LS_000002342a5742b0_1_4;
L_000002342a573450 .concat [ 32 32 0 0], v000002342a486a70_0, L_000002342a5742b0;
L_000002342a5731d0 .part L_000002342a573450, 0, 63;
L_000002342a573630 .concat [ 1 63 0 0], L_000002342a4bb688, L_000002342a5731d0;
L_000002342a573d10 .shift/l 64, v000002342a4308d0_0, L_000002342a4bb6d0;
S_000002342a438d40 .scope generate, "booth_pp_gen[15]" "booth_pp_gen[15]" 7 27, 7 27 0, S_0000023429fe30b0;
 .timescale 0 0;
P_000002342a390790 .param/l "i" 0 7 27, +C4<01111>;
v000002342a42f1b0_0 .net "booth_bits", 2 0, L_000002342a574350;  1 drivers
S_000002342a437da0 .scope module, "bpp" "booth_partial_product" 7 31, 7 57 0, S_000002342a438d40;
 .timescale 0 0;
    .port_info 0 /INPUT 32 "M";
    .port_info 1 /INPUT 3 "booth_bits";
    .port_info 2 /INPUT 6 "shift_amount";
    .port_info 3 /OUTPUT 64 "pp";
v000002342a42f890_0 .net/s "M", 31 0, v000002342a486a70_0;  alias, 1 drivers
v000002342a42f610_0 .net/s "M2", 63 0, L_000002342a573e50;  1 drivers
v000002342a42fb10_0 .net/s "M_ext", 63 0, L_000002342a5743f0;  1 drivers
v000002342a42ef30_0 .net *"_ivl_1", 0 0, L_000002342a574c10;  1 drivers
L_000002342a4bb718 .functor BUFT 1, C4<0>, C4<0>, C4<0>, C4<0>;
v000002342a430010_0 .net *"_ivl_10", 0 0, L_000002342a4bb718;  1 drivers
v000002342a42f110_0 .net *"_ivl_2", 31 0, L_000002342a572ff0;  1 drivers
v000002342a42fd90_0 .net *"_ivl_8", 62 0, L_000002342a574cb0;  1 drivers
v000002342a42efd0_0 .net "booth_bits", 2 0, L_000002342a574350;  alias, 1 drivers
v000002342a431410_0 .net/s "pp", 63 0, L_000002342a5734f0;  alias, 1 drivers
v000002342a4314b0_0 .var/s "pp_unshifted", 63 0;
L_000002342a4bb760 .functor BUFT 1, C4<011110>, C4<0>, C4<0>, C4<0>;
v000002342a42f6b0_0 .net "shift_amount", 5 0, L_000002342a4bb760;  1 drivers
E_000002342a3904d0 .event anyedge, v000002342a42efd0_0, v000002342a42fb10_0, v000002342a42f610_0;
L_000002342a574c10 .part v000002342a486a70_0, 31, 1;
LS_000002342a572ff0_0_0 .concat [ 1 1 1 1], L_000002342a574c10, L_000002342a574c10, L_000002342a574c10, L_000002342a574c10;
LS_000002342a572ff0_0_4 .concat [ 1 1 1 1], L_000002342a574c10, L_000002342a574c10, L_000002342a574c10, L_000002342a574c10;
LS_000002342a572ff0_0_8 .concat [ 1 1 1 1], L_000002342a574c10, L_000002342a574c10, L_000002342a574c10, L_000002342a574c10;
LS_000002342a572ff0_0_12 .concat [ 1 1 1 1], L_000002342a574c10, L_000002342a574c10, L_000002342a574c10, L_000002342a574c10;
LS_000002342a572ff0_0_16 .concat [ 1 1 1 1], L_000002342a574c10, L_000002342a574c10, L_000002342a574c10, L_000002342a574c10;
LS_000002342a572ff0_0_20 .concat [ 1 1 1 1], L_000002342a574c10, L_000002342a574c10, L_000002342a574c10, L_000002342a574c10;
LS_000002342a572ff0_0_24 .concat [ 1 1 1 1], L_000002342a574c10, L_000002342a574c10, L_000002342a574c10, L_000002342a574c10;
LS_000002342a572ff0_0_28 .concat [ 1 1 1 1], L_000002342a574c10, L_000002342a574c10, L_000002342a574c10, L_000002342a574c10;
LS_000002342a572ff0_1_0 .concat [ 4 4 4 4], LS_000002342a572ff0_0_0, LS_000002342a572ff0_0_4, LS_000002342a572ff0_0_8, LS_000002342a572ff0_0_12;
LS_000002342a572ff0_1_4 .concat [ 4 4 4 4], LS_000002342a572ff0_0_16, LS_000002342a572ff0_0_20, LS_000002342a572ff0_0_24, LS_000002342a572ff0_0_28;
L_000002342a572ff0 .concat [ 16 16 0 0], LS_000002342a572ff0_1_0, LS_000002342a572ff0_1_4;
L_000002342a5743f0 .concat [ 32 32 0 0], v000002342a486a70_0, L_000002342a572ff0;
L_000002342a574cb0 .part L_000002342a5743f0, 0, 63;
L_000002342a573e50 .concat [ 1 63 0 0], L_000002342a4bb718, L_000002342a574cb0;
L_000002342a5734f0 .shift/l 64, v000002342a4314b0_0, L_000002342a4bb760;
S_000002342a438ed0 .scope module, "bpp_last" "booth_partial_product" 7 44, 7 57 0, S_0000023429fe30b0;
 .timescale 0 0;
    .port_info 0 /INPUT 32 "M";
    .port_info 1 /INPUT 3 "booth_bits";
    .port_info 2 /INPUT 6 "shift_amount";
    .port_info 3 /OUTPUT 64 "pp";
v000002342a42f7f0_0 .net/s "M", 31 0, v000002342a486a70_0;  alias, 1 drivers
v000002342a42ee90_0 .net/s "M2", 63 0, L_000002342a574a30;  1 drivers
v000002342a431550_0 .net/s "M_ext", 63 0, L_000002342a574490;  1 drivers
v000002342a430a10_0 .net *"_ivl_1", 0 0, L_000002342a5738b0;  1 drivers
L_000002342a4bb7f0 .functor BUFT 1, C4<0>, C4<0>, C4<0>, C4<0>;
v000002342a42f070_0 .net *"_ivl_10", 0 0, L_000002342a4bb7f0;  1 drivers
v000002342a42fe30_0 .net *"_ivl_2", 31 0, L_000002342a574530;  1 drivers
v000002342a430f10_0 .net *"_ivl_8", 62 0, L_000002342a572c30;  1 drivers
v000002342a430470_0 .net "booth_bits", 2 0, L_000002342a5727d0;  alias, 1 drivers
v000002342a42f430_0 .net/s "pp", 63 0, L_000002342a574670;  alias, 1 drivers
v000002342a430330_0 .var/s "pp_unshifted", 63 0;
v000002342a42edf0_0 .net "shift_amount", 5 0, L_000002342a5747b0;  1 drivers
E_000002342a390f90 .event anyedge, v000002342a430470_0, v000002342a431550_0, v000002342a42ee90_0;
L_000002342a5738b0 .part v000002342a486a70_0, 31, 1;
LS_000002342a574530_0_0 .concat [ 1 1 1 1], L_000002342a5738b0, L_000002342a5738b0, L_000002342a5738b0, L_000002342a5738b0;
LS_000002342a574530_0_4 .concat [ 1 1 1 1], L_000002342a5738b0, L_000002342a5738b0, L_000002342a5738b0, L_000002342a5738b0;
LS_000002342a574530_0_8 .concat [ 1 1 1 1], L_000002342a5738b0, L_000002342a5738b0, L_000002342a5738b0, L_000002342a5738b0;
LS_000002342a574530_0_12 .concat [ 1 1 1 1], L_000002342a5738b0, L_000002342a5738b0, L_000002342a5738b0, L_000002342a5738b0;
LS_000002342a574530_0_16 .concat [ 1 1 1 1], L_000002342a5738b0, L_000002342a5738b0, L_000002342a5738b0, L_000002342a5738b0;
LS_000002342a574530_0_20 .concat [ 1 1 1 1], L_000002342a5738b0, L_000002342a5738b0, L_000002342a5738b0, L_000002342a5738b0;
LS_000002342a574530_0_24 .concat [ 1 1 1 1], L_000002342a5738b0, L_000002342a5738b0, L_000002342a5738b0, L_000002342a5738b0;
LS_000002342a574530_0_28 .concat [ 1 1 1 1], L_000002342a5738b0, L_000002342a5738b0, L_000002342a5738b0, L_000002342a5738b0;
LS_000002342a574530_1_0 .concat [ 4 4 4 4], LS_000002342a574530_0_0, LS_000002342a574530_0_4, LS_000002342a574530_0_8, LS_000002342a574530_0_12;
LS_000002342a574530_1_4 .concat [ 4 4 4 4], LS_000002342a574530_0_16, LS_000002342a574530_0_20, LS_000002342a574530_0_24, LS_000002342a574530_0_28;
L_000002342a574530 .concat [ 16 16 0 0], LS_000002342a574530_1_0, LS_000002342a574530_1_4;
L_000002342a574490 .concat [ 32 32 0 0], v000002342a486a70_0, L_000002342a574530;
L_000002342a572c30 .part L_000002342a574490, 0, 63;
L_000002342a574a30 .concat [ 1 63 0 0], L_000002342a4bb7f0, L_000002342a572c30;
L_000002342a574670 .shift/l 64, v000002342a430330_0, L_000002342a5747b0;
S_000002342a437f30 .scope module, "div_unit" "divider" 6 75, 8 4 0, S_0000023429ff3920;
 .timescale 0 0;
    .port_info 0 /INPUT 32 "Dividend";
    .port_info 1 /INPUT 32 "Divisor";
    .port_info 2 /OUTPUT 32 "Quotient";
    .port_info 3 /OUTPUT 32 "Remainder";
L_000002342a537f20 .functor XOR 1, L_000002342a572870, L_000002342a5729b0, C4<0>, C4<0>;
L_000002342a5380e0 .functor BUFZ 1, L_000002342a572870, C4<0>, C4<0>, C4<0>;
L_000002342a537430 .functor NOT 32, v000002342a486a70_0, C4<00000000000000000000000000000000>, C4<00000000000000000000000000000000>, C4<00000000000000000000000000000000>;
L_000002342a538230 .functor NOT 32, v000002342a47a1c0_0, C4<00000000000000000000000000000000>, C4<00000000000000000000000000000000>, C4<00000000000000000000000000000000>;
L_000002342a537660 .functor NOT 32, v000002342a431190_0, C4<00000000000000000000000000000000>, C4<00000000000000000000000000000000>, C4<00000000000000000000000000000000>;
L_000002342a537ba0 .functor NOT 32, v000002342a430830_0, C4<00000000000000000000000000000000>, C4<00000000000000000000000000000000>, C4<00000000000000000000000000000000>;
v000002342a431230_0 .net/s "Dividend", 31 0, v000002342a486a70_0;  alias, 1 drivers
v000002342a4312d0_0 .net/s "Divisor", 31 0, v000002342a47a1c0_0;  alias, 1 drivers
v000002342a432130_0 .net/s "Quotient", 31 0, L_000002342a572f50;  alias, 1 drivers
v000002342a4321d0_0 .net/s "Remainder", 31 0, L_000002342a575610;  alias, 1 drivers
L_000002342a4bb880 .functor BUFT 1, C4<00000000000000000000000000000001>, C4<0>, C4<0>, C4<0>;
v000002342a432a90_0 .net/2s *"_ivl_10", 31 0, L_000002342a4bb880;  1 drivers
v000002342a432450_0 .net/s *"_ivl_12", 31 0, L_000002342a572e10;  1 drivers
v000002342a4330d0_0 .net *"_ivl_16", 31 0, L_000002342a538230;  1 drivers
L_000002342a4bb8c8 .functor BUFT 1, C4<00000000000000000000000000000001>, C4<0>, C4<0>, C4<0>;
v000002342a432310_0 .net/2s *"_ivl_18", 31 0, L_000002342a4bb8c8;  1 drivers
v000002342a4319b0_0 .net/s *"_ivl_20", 31 0, L_000002342a573a90;  1 drivers
v000002342a432090_0 .net *"_ivl_24", 31 0, L_000002342a537660;  1 drivers
L_000002342a4bb910 .functor BUFT 1, C4<00000000000000000000000000000001>, C4<0>, C4<0>, C4<0>;
v000002342a4333f0_0 .net/2u *"_ivl_26", 31 0, L_000002342a4bb910;  1 drivers
v000002342a432270_0 .net *"_ivl_28", 31 0, L_000002342a572eb0;  1 drivers
v000002342a432b30_0 .net *"_ivl_32", 31 0, L_000002342a537ba0;  1 drivers
L_000002342a4bb958 .functor BUFT 1, C4<00000000000000000000000000000001>, C4<0>, C4<0>, C4<0>;
v000002342a432950_0 .net/2u *"_ivl_34", 31 0, L_000002342a4bb958;  1 drivers
v000002342a4317d0_0 .net *"_ivl_36", 31 0, L_000002342a576790;  1 drivers
v000002342a431e10_0 .net *"_ivl_8", 31 0, L_000002342a537430;  1 drivers
v000002342a433350_0 .net "dividend_abs", 31 0, L_000002342a573c70;  1 drivers
v000002342a431cd0_0 .net "dividend_sign", 0 0, L_000002342a572870;  1 drivers
v000002342a433710_0 .net "divisor_abs", 31 0, L_000002342a573b30;  1 drivers
v000002342a433530_0 .net "divisor_sign", 0 0, L_000002342a5729b0;  1 drivers
v000002342a431d70_0 .net "quotient_abs", 31 0, v000002342a431190_0;  1 drivers
v000002342a433170_0 .net "quotient_sign", 0 0, L_000002342a537f20;  1 drivers
v000002342a4329f0_0 .net "remainder_abs", 31 0, v000002342a430830_0;  1 drivers
v000002342a431f50_0 .net "remainder_sign", 0 0, L_000002342a5380e0;  1 drivers
L_000002342a572870 .part v000002342a486a70_0, 31, 1;
L_000002342a5729b0 .part v000002342a47a1c0_0, 31, 1;
L_000002342a572e10 .arith/sum 32, L_000002342a537430, L_000002342a4bb880;
L_000002342a573c70 .functor MUXZ 32, v000002342a486a70_0, L_000002342a572e10, L_000002342a572870, C4<>;
L_000002342a573a90 .arith/sum 32, L_000002342a538230, L_000002342a4bb8c8;
L_000002342a573b30 .functor MUXZ 32, v000002342a47a1c0_0, L_000002342a573a90, L_000002342a5729b0, C4<>;
L_000002342a572eb0 .arith/sum 32, L_000002342a537660, L_000002342a4bb910;
L_000002342a572f50 .functor MUXZ 32, v000002342a431190_0, L_000002342a572eb0, L_000002342a537f20, C4<>;
L_000002342a576790 .arith/sum 32, L_000002342a537ba0, L_000002342a4bb958;
L_000002342a575610 .functor MUXZ 32, v000002342a430830_0, L_000002342a576790, L_000002342a5380e0, C4<>;
S_000002342a439060 .scope module, "div_core" "non_restoring_divider_unsigned" 8 22, 8 34 0, S_000002342a437f30;
 .timescale 0 0;
    .port_info 0 /INPUT 32 "Dividend";
    .port_info 1 /INPUT 32 "Divisor";
    .port_info 2 /OUTPUT 32 "Quotient";
    .port_info 3 /OUTPUT 32 "Remainder";
v000002342a4305b0_0 .var "AQ", 63 0;
v000002342a430d30_0 .net "Dividend", 31 0, L_000002342a573c70;  alias, 1 drivers
v000002342a430790_0 .net "Divisor", 31 0, L_000002342a573b30;  alias, 1 drivers
v000002342a430dd0_0 .var "M", 31 0;
v000002342a4303d0_0 .net "Quotient", 31 0, v000002342a431190_0;  alias, 1 drivers
v000002342a430830_0 .var "Remainder", 31 0;
v000002342a430e70_0 .var/i "i", 31 0;
v000002342a431190_0 .var "quotient_reg", 31 0;
E_000002342a390450 .event anyedge, v000002342a430790_0, v000002342a430d30_0, v000002342a4305b0_0, v000002342a430dd0_0;
S_000002342a4383e0 .scope module, "rca_add" "ripple_carry_adder" 6 40, 9 3 0, S_0000023429ff3920;
 .timescale 0 0;
    .port_info 0 /INPUT 32 "A";
    .port_info 1 /INPUT 32 "B";
    .port_info 2 /INPUT 1 "Cin";
    .port_info 3 /OUTPUT 32 "Sum";
    .port_info 4 /OUTPUT 1 "Cout";
    .port_info 5 /OUTPUT 1 "Overflow";
L_000002342a4bad88 .functor BUFT 1, C4<0>, C4<0>, C4<0>, C4<0>;
L_000002342a52e110 .functor BUFZ 1, L_000002342a4bad88, C4<0>, C4<0>, C4<0>;
L_000002342a52eea0 .functor XOR 1, L_000002342a4b3250, L_000002342a4b45b0, C4<0>, C4<0>;
v000002342a452f40_0 .net "A", 31 0, v000002342a486a70_0;  alias, 1 drivers
v000002342a452cc0_0 .net "B", 31 0, v000002342a47a1c0_0;  alias, 1 drivers
v000002342a452220_0 .net "Cin", 0 0, L_000002342a4bad88;  1 drivers
v000002342a4515a0_0 .net "Cout", 0 0, L_000002342a4b2d50;  alias, 1 drivers
v000002342a451280_0 .net "Overflow", 0 0, L_000002342a52eea0;  alias, 1 drivers
v000002342a452900_0 .net "Sum", 31 0, L_000002342a4b32f0;  alias, 1 drivers
v000002342a451be0_0 .net *"_ivl_229", 0 0, L_000002342a52e110;  1 drivers
v000002342a4522c0_0 .net *"_ivl_233", 0 0, L_000002342a4b3250;  1 drivers
v000002342a452d60_0 .net *"_ivl_235", 0 0, L_000002342a4b45b0;  1 drivers
v000002342a4510a0_0 .net "carry", 32 0, L_000002342a4b4e70;  1 drivers
L_000002342a4afa10 .part v000002342a486a70_0, 0, 1;
L_000002342a4ae1b0 .part v000002342a47a1c0_0, 0, 1;
L_000002342a4ae250 .part L_000002342a4b4e70, 0, 1;
L_000002342a4adf30 .part v000002342a486a70_0, 1, 1;
L_000002342a4afc90 .part v000002342a47a1c0_0, 1, 1;
L_000002342a4ae110 .part L_000002342a4b4e70, 1, 1;
L_000002342a4ae750 .part v000002342a486a70_0, 2, 1;
L_000002342a4afd30 .part v000002342a47a1c0_0, 2, 1;
L_000002342a4ae610 .part L_000002342a4b4e70, 2, 1;
L_000002342a4afdd0 .part v000002342a486a70_0, 3, 1;
L_000002342a4afe70 .part v000002342a47a1c0_0, 3, 1;
L_000002342a4adad0 .part L_000002342a4b4e70, 3, 1;
L_000002342a4b0050 .part v000002342a486a70_0, 4, 1;
L_000002342a4ae070 .part v000002342a47a1c0_0, 4, 1;
L_000002342a4b00f0 .part L_000002342a4b4e70, 4, 1;
L_000002342a4ad990 .part v000002342a486a70_0, 5, 1;
L_000002342a4ada30 .part v000002342a47a1c0_0, 5, 1;
L_000002342a4ae390 .part L_000002342a4b4e70, 5, 1;
L_000002342a4adb70 .part v000002342a486a70_0, 6, 1;
L_000002342a4ae4d0 .part v000002342a47a1c0_0, 6, 1;
L_000002342a4adcb0 .part L_000002342a4b4e70, 6, 1;
L_000002342a4ae570 .part v000002342a486a70_0, 7, 1;
L_000002342a4ae6b0 .part v000002342a47a1c0_0, 7, 1;
L_000002342a4ae7f0 .part L_000002342a4b4e70, 7, 1;
L_000002342a4ae890 .part v000002342a486a70_0, 8, 1;
L_000002342a4b0e10 .part v000002342a47a1c0_0, 8, 1;
L_000002342a4b09b0 .part L_000002342a4b4e70, 8, 1;
L_000002342a4b0190 .part v000002342a486a70_0, 9, 1;
L_000002342a4b0af0 .part v000002342a47a1c0_0, 9, 1;
L_000002342a4b2850 .part L_000002342a4b4e70, 9, 1;
L_000002342a4b2670 .part v000002342a486a70_0, 10, 1;
L_000002342a4b0370 .part v000002342a47a1c0_0, 10, 1;
L_000002342a4b1950 .part L_000002342a4b4e70, 10, 1;
L_000002342a4b0730 .part v000002342a486a70_0, 11, 1;
L_000002342a4b1e50 .part v000002342a47a1c0_0, 11, 1;
L_000002342a4b2030 .part L_000002342a4b4e70, 11, 1;
L_000002342a4b1630 .part v000002342a486a70_0, 12, 1;
L_000002342a4b28f0 .part v000002342a47a1c0_0, 12, 1;
L_000002342a4b2710 .part L_000002342a4b4e70, 12, 1;
L_000002342a4b0a50 .part v000002342a486a70_0, 13, 1;
L_000002342a4b07d0 .part v000002342a47a1c0_0, 13, 1;
L_000002342a4b19f0 .part L_000002342a4b4e70, 13, 1;
L_000002342a4b2350 .part v000002342a486a70_0, 14, 1;
L_000002342a4b25d0 .part v000002342a47a1c0_0, 14, 1;
L_000002342a4b02d0 .part L_000002342a4b4e70, 14, 1;
L_000002342a4b0cd0 .part v000002342a486a70_0, 15, 1;
L_000002342a4b13b0 .part v000002342a47a1c0_0, 15, 1;
L_000002342a4b0410 .part L_000002342a4b4e70, 15, 1;
L_000002342a4b1a90 .part v000002342a486a70_0, 16, 1;
L_000002342a4b1b30 .part v000002342a47a1c0_0, 16, 1;
L_000002342a4b1bd0 .part L_000002342a4b4e70, 16, 1;
L_000002342a4b1db0 .part v000002342a486a70_0, 17, 1;
L_000002342a4b0870 .part v000002342a47a1c0_0, 17, 1;
L_000002342a4b0910 .part L_000002342a4b4e70, 17, 1;
L_000002342a4b0d70 .part v000002342a486a70_0, 18, 1;
L_000002342a4b1f90 .part v000002342a47a1c0_0, 18, 1;
L_000002342a4b1c70 .part L_000002342a4b4e70, 18, 1;
L_000002342a4b1d10 .part v000002342a486a70_0, 19, 1;
L_000002342a4b0eb0 .part v000002342a47a1c0_0, 19, 1;
L_000002342a4b0b90 .part L_000002342a4b4e70, 19, 1;
L_000002342a4b1ef0 .part v000002342a486a70_0, 20, 1;
L_000002342a4b0c30 .part v000002342a47a1c0_0, 20, 1;
L_000002342a4b20d0 .part L_000002342a4b4e70, 20, 1;
L_000002342a4b0f50 .part v000002342a486a70_0, 21, 1;
L_000002342a4b2210 .part v000002342a47a1c0_0, 21, 1;
L_000002342a4b2170 .part L_000002342a4b4e70, 21, 1;
L_000002342a4b22b0 .part v000002342a486a70_0, 22, 1;
L_000002342a4b0ff0 .part v000002342a47a1c0_0, 22, 1;
L_000002342a4b1090 .part L_000002342a4b4e70, 22, 1;
L_000002342a4b1130 .part v000002342a486a70_0, 23, 1;
L_000002342a4b23f0 .part v000002342a47a1c0_0, 23, 1;
L_000002342a4b2490 .part L_000002342a4b4e70, 23, 1;
L_000002342a4b2530 .part v000002342a486a70_0, 24, 1;
L_000002342a4b11d0 .part v000002342a47a1c0_0, 24, 1;
L_000002342a4b1270 .part L_000002342a4b4e70, 24, 1;
L_000002342a4b27b0 .part v000002342a486a70_0, 25, 1;
L_000002342a4b1310 .part v000002342a47a1c0_0, 25, 1;
L_000002342a4b0230 .part L_000002342a4b4e70, 25, 1;
L_000002342a4b1450 .part v000002342a486a70_0, 26, 1;
L_000002342a4b04b0 .part v000002342a47a1c0_0, 26, 1;
L_000002342a4b0550 .part L_000002342a4b4e70, 26, 1;
L_000002342a4b14f0 .part v000002342a486a70_0, 27, 1;
L_000002342a4b05f0 .part v000002342a47a1c0_0, 27, 1;
L_000002342a4b1590 .part L_000002342a4b4e70, 27, 1;
L_000002342a4b0690 .part v000002342a486a70_0, 28, 1;
L_000002342a4b16d0 .part v000002342a47a1c0_0, 28, 1;
L_000002342a4b1770 .part L_000002342a4b4e70, 28, 1;
L_000002342a4b1810 .part v000002342a486a70_0, 29, 1;
L_000002342a4b18b0 .part v000002342a47a1c0_0, 29, 1;
L_000002342a4b4dd0 .part L_000002342a4b4e70, 29, 1;
L_000002342a4b40b0 .part v000002342a486a70_0, 30, 1;
L_000002342a4b34d0 .part v000002342a47a1c0_0, 30, 1;
L_000002342a4b4d30 .part L_000002342a4b4e70, 30, 1;
L_000002342a4b4470 .part v000002342a486a70_0, 31, 1;
L_000002342a4b4fb0 .part v000002342a47a1c0_0, 31, 1;
L_000002342a4b3b10 .part L_000002342a4b4e70, 31, 1;
LS_000002342a4b32f0_0_0 .concat8 [ 1 1 1 1], L_000002342a335490, L_000002342a01d4c0, L_000002342a01c650, L_000002342a1d99f0;
LS_000002342a4b32f0_0_4 .concat8 [ 1 1 1 1], L_000002342a192930, L_000002342a531d70, L_000002342a530cd0, L_000002342a531590;
LS_000002342a4b32f0_0_8 .concat8 [ 1 1 1 1], L_000002342a532780, L_000002342a5327f0, L_000002342a532160, L_000002342a531a60;
LS_000002342a4b32f0_0_12 .concat8 [ 1 1 1 1], L_000002342a531fa0, L_000002342a5311a0, L_000002342a5316e0, L_000002342a532550;
LS_000002342a4b32f0_0_16 .concat8 [ 1 1 1 1], L_000002342a5332e0, L_000002342a533510, L_000002342a533580, L_000002342a533120;
LS_000002342a4b32f0_0_20 .concat8 [ 1 1 1 1], L_000002342a532cc0, L_000002342a5330b0, L_000002342a52ce40, L_000002342a52ceb0;
LS_000002342a4b32f0_0_24 .concat8 [ 1 1 1 1], L_000002342a52c5f0, L_000002342a52d310, L_000002342a52cf20, L_000002342a52c580;
LS_000002342a4b32f0_0_28 .concat8 [ 1 1 1 1], L_000002342a52d3f0, L_000002342a52bfd0, L_000002342a52bd30, L_000002342a52c270;
LS_000002342a4b32f0_1_0 .concat8 [ 4 4 4 4], LS_000002342a4b32f0_0_0, LS_000002342a4b32f0_0_4, LS_000002342a4b32f0_0_8, LS_000002342a4b32f0_0_12;
LS_000002342a4b32f0_1_4 .concat8 [ 4 4 4 4], LS_000002342a4b32f0_0_16, LS_000002342a4b32f0_0_20, LS_000002342a4b32f0_0_24, LS_000002342a4b32f0_0_28;
L_000002342a4b32f0 .concat8 [ 16 16 0 0], LS_000002342a4b32f0_1_0, LS_000002342a4b32f0_1_4;
LS_000002342a4b4e70_0_0 .concat8 [ 1 1 1 1], L_000002342a52e110, L_000002342a01d610, L_000002342a01d3e0, L_000002342a1da8d0;
LS_000002342a4b4e70_0_4 .concat8 [ 1 1 1 1], L_000002342a1d9c90, L_000002342a5314b0, L_000002342a532710, L_000002342a5312f0;
LS_000002342a4b4e70_0_8 .concat8 [ 1 1 1 1], L_000002342a5326a0, L_000002342a5318a0, L_000002342a531360, L_000002342a531830;
LS_000002342a4b4e70_0_12 .concat8 [ 1 1 1 1], L_000002342a532320, L_000002342a5321d0, L_000002342a532630, L_000002342a532080;
LS_000002342a4b4e70_0_16 .concat8 [ 1 1 1 1], L_000002342a5333c0, L_000002342a5336d0, L_000002342a533190, L_000002342a532a20;
LS_000002342a4b4e70_0_20 .concat8 [ 1 1 1 1], L_000002342a532be0, L_000002342a533040, L_000002342a52bda0, L_000002342a52c970;
LS_000002342a4b4e70_0_24 .concat8 [ 1 1 1 1], L_000002342a52b940, L_000002342a52cba0, L_000002342a52b9b0, L_000002342a52be10;
LS_000002342a4b4e70_0_28 .concat8 [ 1 1 1 1], L_000002342a52d070, L_000002342a52bef0, L_000002342a52bb70, L_000002342a52c120;
LS_000002342a4b4e70_0_32 .concat8 [ 1 0 0 0], L_000002342a52c510;
LS_000002342a4b4e70_1_0 .concat8 [ 4 4 4 4], LS_000002342a4b4e70_0_0, LS_000002342a4b4e70_0_4, LS_000002342a4b4e70_0_8, LS_000002342a4b4e70_0_12;
LS_000002342a4b4e70_1_4 .concat8 [ 4 4 4 4], LS_000002342a4b4e70_0_16, LS_000002342a4b4e70_0_20, LS_000002342a4b4e70_0_24, LS_000002342a4b4e70_0_28;
LS_000002342a4b4e70_1_8 .concat8 [ 1 0 0 0], LS_000002342a4b4e70_0_32;
L_000002342a4b4e70 .concat8 [ 16 16 1 0], LS_000002342a4b4e70_1_0, LS_000002342a4b4e70_1_4, LS_000002342a4b4e70_1_8;
L_000002342a4b2d50 .part L_000002342a4b4e70, 32, 1;
L_000002342a4b3250 .part L_000002342a4b4e70, 31, 1;
L_000002342a4b45b0 .part L_000002342a4b4e70, 32, 1;
S_000002342a438890 .scope generate, "fa_gen[0]" "fa_gen[0]" 9 17, 9 17 0, S_000002342a4383e0;
 .timescale 0 0;
P_000002342a390550 .param/l "i" 0 9 17, +C4<00>;
S_000002342a4391f0 .scope module, "fa" "full_adder" 9 18, 9 33 0, S_000002342a438890;
 .timescale 0 0;
    .port_info 0 /INPUT 1 "a";
    .port_info 1 /INPUT 1 "b";
    .port_info 2 /INPUT 1 "cin";
    .port_info 3 /OUTPUT 1 "sum";
    .port_info 4 /OUTPUT 1 "cout";
L_000002342a3353b0 .functor XOR 1, L_000002342a4afa10, L_000002342a4ae1b0, C4<0>, C4<0>;
L_000002342a335490 .functor XOR 1, L_000002342a3353b0, L_000002342a4ae250, C4<0>, C4<0>;
L_000002342a335570 .functor AND 1, L_000002342a4afa10, L_000002342a4ae1b0, C4<1>, C4<1>;
L_000002342a3355e0 .functor XOR 1, L_000002342a4afa10, L_000002342a4ae1b0, C4<0>, C4<0>;
L_000002342a01d450 .functor AND 1, L_000002342a4ae250, L_000002342a3355e0, C4<1>, C4<1>;
L_000002342a01d610 .functor OR 1, L_000002342a335570, L_000002342a01d450, C4<0>, C4<0>;
v000002342a4323b0_0 .net *"_ivl_0", 0 0, L_000002342a3353b0;  1 drivers
v000002342a433cb0_0 .net *"_ivl_4", 0 0, L_000002342a335570;  1 drivers
v000002342a432810_0 .net *"_ivl_6", 0 0, L_000002342a3355e0;  1 drivers
v000002342a431910_0 .net *"_ivl_8", 0 0, L_000002342a01d450;  1 drivers
v000002342a432590_0 .net "a", 0 0, L_000002342a4afa10;  1 drivers
v000002342a431730_0 .net "b", 0 0, L_000002342a4ae1b0;  1 drivers
v000002342a433490_0 .net "cin", 0 0, L_000002342a4ae250;  1 drivers
v000002342a4337b0_0 .net "cout", 0 0, L_000002342a01d610;  1 drivers
v000002342a433a30_0 .net "sum", 0 0, L_000002342a335490;  1 drivers
S_000002342a439380 .scope generate, "fa_gen[1]" "fa_gen[1]" 9 17, 9 17 0, S_000002342a4383e0;
 .timescale 0 0;
P_000002342a390c10 .param/l "i" 0 9 17, +C4<01>;
S_000002342a4375d0 .scope module, "fa" "full_adder" 9 18, 9 33 0, S_000002342a439380;
 .timescale 0 0;
    .port_info 0 /INPUT 1 "a";
    .port_info 1 /INPUT 1 "b";
    .port_info 2 /INPUT 1 "cin";
    .port_info 3 /OUTPUT 1 "sum";
    .port_info 4 /OUTPUT 1 "cout";
L_000002342a01d680 .functor XOR 1, L_000002342a4adf30, L_000002342a4afc90, C4<0>, C4<0>;
L_000002342a01d4c0 .functor XOR 1, L_000002342a01d680, L_000002342a4ae110, C4<0>, C4<0>;
L_000002342a01d530 .functor AND 1, L_000002342a4adf30, L_000002342a4afc90, C4<1>, C4<1>;
L_000002342a01d5a0 .functor XOR 1, L_000002342a4adf30, L_000002342a4afc90, C4<0>, C4<0>;
L_000002342a01d370 .functor AND 1, L_000002342a4ae110, L_000002342a01d5a0, C4<1>, C4<1>;
L_000002342a01d3e0 .functor OR 1, L_000002342a01d530, L_000002342a01d370, C4<0>, C4<0>;
v000002342a432ef0_0 .net *"_ivl_0", 0 0, L_000002342a01d680;  1 drivers
v000002342a432bd0_0 .net *"_ivl_4", 0 0, L_000002342a01d530;  1 drivers
v000002342a431af0_0 .net *"_ivl_6", 0 0, L_000002342a01d5a0;  1 drivers
v000002342a4324f0_0 .net *"_ivl_8", 0 0, L_000002342a01d370;  1 drivers
v000002342a432630_0 .net "a", 0 0, L_000002342a4adf30;  1 drivers
v000002342a431eb0_0 .net "b", 0 0, L_000002342a4afc90;  1 drivers
v000002342a431a50_0 .net "cin", 0 0, L_000002342a4ae110;  1 drivers
v000002342a433210_0 .net "cout", 0 0, L_000002342a01d3e0;  1 drivers
v000002342a432770_0 .net "sum", 0 0, L_000002342a01d4c0;  1 drivers
S_000002342a437760 .scope generate, "fa_gen[2]" "fa_gen[2]" 9 17, 9 17 0, S_000002342a4383e0;
 .timescale 0 0;
P_000002342a390590 .param/l "i" 0 9 17, +C4<010>;
S_000002342a43a0d0 .scope module, "fa" "full_adder" 9 18, 9 33 0, S_000002342a437760;
 .timescale 0 0;
    .port_info 0 /INPUT 1 "a";
    .port_info 1 /INPUT 1 "b";
    .port_info 2 /INPUT 1 "cin";
    .port_info 3 /OUTPUT 1 "sum";
    .port_info 4 /OUTPUT 1 "cout";
L_000002342a01d1b0 .functor XOR 1, L_000002342a4ae750, L_000002342a4afd30, C4<0>, C4<0>;
L_000002342a01c650 .functor XOR 1, L_000002342a01d1b0, L_000002342a4ae610, C4<0>, C4<0>;
L_000002342a01c6c0 .functor AND 1, L_000002342a4ae750, L_000002342a4afd30, C4<1>, C4<1>;
L_000002342a01c730 .functor XOR 1, L_000002342a4ae750, L_000002342a4afd30, C4<0>, C4<0>;
L_000002342a1dab70 .functor AND 1, L_000002342a4ae610, L_000002342a01c730, C4<1>, C4<1>;
L_000002342a1da8d0 .functor OR 1, L_000002342a01c6c0, L_000002342a1dab70, C4<0>, C4<0>;
v000002342a432e50_0 .net *"_ivl_0", 0 0, L_000002342a01d1b0;  1 drivers
v000002342a4315f0_0 .net *"_ivl_4", 0 0, L_000002342a01c6c0;  1 drivers
v000002342a4332b0_0 .net *"_ivl_6", 0 0, L_000002342a01c730;  1 drivers
v000002342a431870_0 .net *"_ivl_8", 0 0, L_000002342a1dab70;  1 drivers
v000002342a4326d0_0 .net "a", 0 0, L_000002342a4ae750;  1 drivers
v000002342a4328b0_0 .net "b", 0 0, L_000002342a4afd30;  1 drivers
v000002342a432c70_0 .net "cin", 0 0, L_000002342a4ae610;  1 drivers
v000002342a431b90_0 .net "cout", 0 0, L_000002342a1da8d0;  1 drivers
v000002342a4335d0_0 .net "sum", 0 0, L_000002342a01c650;  1 drivers
S_000002342a439c20 .scope generate, "fa_gen[3]" "fa_gen[3]" 9 17, 9 17 0, S_000002342a4383e0;
 .timescale 0 0;
P_000002342a3908d0 .param/l "i" 0 9 17, +C4<011>;
S_000002342a439f40 .scope module, "fa" "full_adder" 9 18, 9 33 0, S_000002342a439c20;
 .timescale 0 0;
    .port_info 0 /INPUT 1 "a";
    .port_info 1 /INPUT 1 "b";
    .port_info 2 /INPUT 1 "cin";
    .port_info 3 /OUTPUT 1 "sum";
    .port_info 4 /OUTPUT 1 "cout";
L_000002342a1d92f0 .functor XOR 1, L_000002342a4afdd0, L_000002342a4afe70, C4<0>, C4<0>;
L_000002342a1d99f0 .functor XOR 1, L_000002342a1d92f0, L_000002342a4adad0, C4<0>, C4<0>;
L_000002342a1d9ec0 .functor AND 1, L_000002342a4afdd0, L_000002342a4afe70, C4<1>, C4<1>;
L_000002342a1da6a0 .functor XOR 1, L_000002342a4afdd0, L_000002342a4afe70, C4<0>, C4<0>;
L_000002342a1d9a60 .functor AND 1, L_000002342a4adad0, L_000002342a1da6a0, C4<1>, C4<1>;
L_000002342a1d9c90 .functor OR 1, L_000002342a1d9ec0, L_000002342a1d9a60, C4<0>, C4<0>;
v000002342a432d10_0 .net *"_ivl_0", 0 0, L_000002342a1d92f0;  1 drivers
v000002342a432f90_0 .net *"_ivl_4", 0 0, L_000002342a1d9ec0;  1 drivers
v000002342a432db0_0 .net *"_ivl_6", 0 0, L_000002342a1da6a0;  1 drivers
v000002342a431ff0_0 .net *"_ivl_8", 0 0, L_000002342a1d9a60;  1 drivers
v000002342a433b70_0 .net "a", 0 0, L_000002342a4afdd0;  1 drivers
v000002342a433670_0 .net "b", 0 0, L_000002342a4afe70;  1 drivers
v000002342a433030_0 .net "cin", 0 0, L_000002342a4adad0;  1 drivers
v000002342a433d50_0 .net "cout", 0 0, L_000002342a1d9c90;  1 drivers
v000002342a433c10_0 .net "sum", 0 0, L_000002342a1d99f0;  1 drivers
S_000002342a43a260 .scope generate, "fa_gen[4]" "fa_gen[4]" 9 17, 9 17 0, S_000002342a4383e0;
 .timescale 0 0;
P_000002342a390fd0 .param/l "i" 0 9 17, +C4<0100>;
S_000002342a439770 .scope module, "fa" "full_adder" 9 18, 9 33 0, S_000002342a43a260;
 .timescale 0 0;
    .port_info 0 /INPUT 1 "a";
    .port_info 1 /INPUT 1 "b";
    .port_info 2 /INPUT 1 "cin";
    .port_info 3 /OUTPUT 1 "sum";
    .port_info 4 /OUTPUT 1 "cout";
L_000002342a193ff0 .functor XOR 1, L_000002342a4b0050, L_000002342a4ae070, C4<0>, C4<0>;
L_000002342a192930 .functor XOR 1, L_000002342a193ff0, L_000002342a4b00f0, C4<0>, C4<0>;
L_000002342a192f50 .functor AND 1, L_000002342a4b0050, L_000002342a4ae070, C4<1>, C4<1>;
L_000002342a193110 .functor XOR 1, L_000002342a4b0050, L_000002342a4ae070, C4<0>, C4<0>;
L_000002342a1903f0 .functor AND 1, L_000002342a4b00f0, L_000002342a193110, C4<1>, C4<1>;
L_000002342a5314b0 .functor OR 1, L_000002342a192f50, L_000002342a1903f0, C4<0>, C4<0>;
v000002342a433850_0 .net *"_ivl_0", 0 0, L_000002342a193ff0;  1 drivers
v000002342a4338f0_0 .net *"_ivl_4", 0 0, L_000002342a192f50;  1 drivers
v000002342a433990_0 .net *"_ivl_6", 0 0, L_000002342a193110;  1 drivers
v000002342a431c30_0 .net *"_ivl_8", 0 0, L_000002342a1903f0;  1 drivers
v000002342a433ad0_0 .net "a", 0 0, L_000002342a4b0050;  1 drivers
v000002342a431690_0 .net "b", 0 0, L_000002342a4ae070;  1 drivers
v000002342a4349d0_0 .net "cin", 0 0, L_000002342a4b00f0;  1 drivers
v000002342a434b10_0 .net "cout", 0 0, L_000002342a5314b0;  1 drivers
v000002342a434ed0_0 .net "sum", 0 0, L_000002342a192930;  1 drivers
S_000002342a439900 .scope generate, "fa_gen[5]" "fa_gen[5]" 9 17, 9 17 0, S_000002342a4383e0;
 .timescale 0 0;
P_000002342a390a10 .param/l "i" 0 9 17, +C4<0101>;
S_000002342a439a90 .scope module, "fa" "full_adder" 9 18, 9 33 0, S_000002342a439900;
 .timescale 0 0;
    .port_info 0 /INPUT 1 "a";
    .port_info 1 /INPUT 1 "b";
    .port_info 2 /INPUT 1 "cin";
    .port_info 3 /OUTPUT 1 "sum";
    .port_info 4 /OUTPUT 1 "cout";
L_000002342a531c20 .functor XOR 1, L_000002342a4ad990, L_000002342a4ada30, C4<0>, C4<0>;
L_000002342a531d70 .functor XOR 1, L_000002342a531c20, L_000002342a4ae390, C4<0>, C4<0>;
L_000002342a532470 .functor AND 1, L_000002342a4ad990, L_000002342a4ada30, C4<1>, C4<1>;
L_000002342a5317c0 .functor XOR 1, L_000002342a4ad990, L_000002342a4ada30, C4<0>, C4<0>;
L_000002342a5320f0 .functor AND 1, L_000002342a4ae390, L_000002342a5317c0, C4<1>, C4<1>;
L_000002342a532710 .functor OR 1, L_000002342a532470, L_000002342a5320f0, C4<0>, C4<0>;
v000002342a436230_0 .net *"_ivl_0", 0 0, L_000002342a531c20;  1 drivers
v000002342a4344d0_0 .net *"_ivl_4", 0 0, L_000002342a532470;  1 drivers
v000002342a4350b0_0 .net *"_ivl_6", 0 0, L_000002342a5317c0;  1 drivers
v000002342a434110_0 .net *"_ivl_8", 0 0, L_000002342a5320f0;  1 drivers
v000002342a434e30_0 .net "a", 0 0, L_000002342a4ad990;  1 drivers
v000002342a4362d0_0 .net "b", 0 0, L_000002342a4ada30;  1 drivers
v000002342a434f70_0 .net "cin", 0 0, L_000002342a4ae390;  1 drivers
v000002342a434a70_0 .net "cout", 0 0, L_000002342a532710;  1 drivers
v000002342a434610_0 .net "sum", 0 0, L_000002342a531d70;  1 drivers
S_000002342a43b070 .scope generate, "fa_gen[6]" "fa_gen[6]" 9 17, 9 17 0, S_000002342a4383e0;
 .timescale 0 0;
P_000002342a391090 .param/l "i" 0 9 17, +C4<0110>;
S_000002342a43b200 .scope module, "fa" "full_adder" 9 18, 9 33 0, S_000002342a43b070;
 .timescale 0 0;
    .port_info 0 /INPUT 1 "a";
    .port_info 1 /INPUT 1 "b";
    .port_info 2 /INPUT 1 "cin";
    .port_info 3 /OUTPUT 1 "sum";
    .port_info 4 /OUTPUT 1 "cout";
L_000002342a531de0 .functor XOR 1, L_000002342a4adb70, L_000002342a4ae4d0, C4<0>, C4<0>;
L_000002342a530cd0 .functor XOR 1, L_000002342a531de0, L_000002342a4adcb0, C4<0>, C4<0>;
L_000002342a531d00 .functor AND 1, L_000002342a4adb70, L_000002342a4ae4d0, C4<1>, C4<1>;
L_000002342a531520 .functor XOR 1, L_000002342a4adb70, L_000002342a4ae4d0, C4<0>, C4<0>;
L_000002342a531750 .functor AND 1, L_000002342a4adcb0, L_000002342a531520, C4<1>, C4<1>;
L_000002342a5312f0 .functor OR 1, L_000002342a531d00, L_000002342a531750, C4<0>, C4<0>;
v000002342a435f10_0 .net *"_ivl_0", 0 0, L_000002342a531de0;  1 drivers
v000002342a434bb0_0 .net *"_ivl_4", 0 0, L_000002342a531d00;  1 drivers
v000002342a4347f0_0 .net *"_ivl_6", 0 0, L_000002342a531520;  1 drivers
v000002342a435010_0 .net *"_ivl_8", 0 0, L_000002342a531750;  1 drivers
v000002342a436050_0 .net "a", 0 0, L_000002342a4adb70;  1 drivers
v000002342a4364b0_0 .net "b", 0 0, L_000002342a4ae4d0;  1 drivers
v000002342a435650_0 .net "cin", 0 0, L_000002342a4adcb0;  1 drivers
v000002342a435150_0 .net "cout", 0 0, L_000002342a5312f0;  1 drivers
v000002342a4358d0_0 .net "sum", 0 0, L_000002342a530cd0;  1 drivers
S_000002342a43a3f0 .scope generate, "fa_gen[7]" "fa_gen[7]" 9 17, 9 17 0, S_000002342a4383e0;
 .timescale 0 0;
P_000002342a391010 .param/l "i" 0 9 17, +C4<0111>;
S_000002342a43a8a0 .scope module, "fa" "full_adder" 9 18, 9 33 0, S_000002342a43a3f0;
 .timescale 0 0;
    .port_info 0 /INPUT 1 "a";
    .port_info 1 /INPUT 1 "b";
    .port_info 2 /INPUT 1 "cin";
    .port_info 3 /OUTPUT 1 "sum";
    .port_info 4 /OUTPUT 1 "cout";
L_000002342a531b40 .functor XOR 1, L_000002342a4ae570, L_000002342a4ae6b0, C4<0>, C4<0>;
L_000002342a531590 .functor XOR 1, L_000002342a531b40, L_000002342a4ae7f0, C4<0>, C4<0>;
L_000002342a5322b0 .functor AND 1, L_000002342a4ae570, L_000002342a4ae6b0, C4<1>, C4<1>;
L_000002342a531ad0 .functor XOR 1, L_000002342a4ae570, L_000002342a4ae6b0, C4<0>, C4<0>;
L_000002342a530f00 .functor AND 1, L_000002342a4ae7f0, L_000002342a531ad0, C4<1>, C4<1>;
L_000002342a5326a0 .functor OR 1, L_000002342a5322b0, L_000002342a530f00, C4<0>, C4<0>;
v000002342a435fb0_0 .net *"_ivl_0", 0 0, L_000002342a531b40;  1 drivers
v000002342a4356f0_0 .net *"_ivl_4", 0 0, L_000002342a5322b0;  1 drivers
v000002342a433df0_0 .net *"_ivl_6", 0 0, L_000002342a531ad0;  1 drivers
v000002342a435970_0 .net *"_ivl_8", 0 0, L_000002342a530f00;  1 drivers
v000002342a4346b0_0 .net "a", 0 0, L_000002342a4ae570;  1 drivers
v000002342a4360f0_0 .net "b", 0 0, L_000002342a4ae6b0;  1 drivers
v000002342a435a10_0 .net "cin", 0 0, L_000002342a4ae7f0;  1 drivers
v000002342a434c50_0 .net "cout", 0 0, L_000002342a5326a0;  1 drivers
v000002342a4351f0_0 .net "sum", 0 0, L_000002342a531590;  1 drivers
S_000002342a43a580 .scope generate, "fa_gen[8]" "fa_gen[8]" 9 17, 9 17 0, S_000002342a4383e0;
 .timescale 0 0;
P_000002342a390910 .param/l "i" 0 9 17, +C4<01000>;
S_000002342a43aa30 .scope module, "fa" "full_adder" 9 18, 9 33 0, S_000002342a43a580;
 .timescale 0 0;
    .port_info 0 /INPUT 1 "a";
    .port_info 1 /INPUT 1 "b";
    .port_info 2 /INPUT 1 "cin";
    .port_info 3 /OUTPUT 1 "sum";
    .port_info 4 /OUTPUT 1 "cout";
L_000002342a531bb0 .functor XOR 1, L_000002342a4ae890, L_000002342a4b0e10, C4<0>, C4<0>;
L_000002342a532780 .functor XOR 1, L_000002342a531bb0, L_000002342a4b09b0, C4<0>, C4<0>;
L_000002342a530f70 .functor AND 1, L_000002342a4ae890, L_000002342a4b0e10, C4<1>, C4<1>;
L_000002342a531ec0 .functor XOR 1, L_000002342a4ae890, L_000002342a4b0e10, C4<0>, C4<0>;
L_000002342a532390 .functor AND 1, L_000002342a4b09b0, L_000002342a531ec0, C4<1>, C4<1>;
L_000002342a5318a0 .functor OR 1, L_000002342a530f70, L_000002342a532390, C4<0>, C4<0>;
v000002342a435790_0 .net *"_ivl_0", 0 0, L_000002342a531bb0;  1 drivers
v000002342a435290_0 .net *"_ivl_4", 0 0, L_000002342a530f70;  1 drivers
v000002342a435bf0_0 .net *"_ivl_6", 0 0, L_000002342a531ec0;  1 drivers
v000002342a434070_0 .net *"_ivl_8", 0 0, L_000002342a532390;  1 drivers
v000002342a434890_0 .net "a", 0 0, L_000002342a4ae890;  1 drivers
v000002342a436370_0 .net "b", 0 0, L_000002342a4b0e10;  1 drivers
v000002342a433fd0_0 .net "cin", 0 0, L_000002342a4b09b0;  1 drivers
v000002342a434250_0 .net "cout", 0 0, L_000002342a5318a0;  1 drivers
v000002342a4341b0_0 .net "sum", 0 0, L_000002342a532780;  1 drivers
S_000002342a439db0 .scope generate, "fa_gen[9]" "fa_gen[9]" 9 17, 9 17 0, S_000002342a4383e0;
 .timescale 0 0;
P_000002342a390a50 .param/l "i" 0 9 17, +C4<01001>;
S_000002342a43abc0 .scope module, "fa" "full_adder" 9 18, 9 33 0, S_000002342a439db0;
 .timescale 0 0;
    .port_info 0 /INPUT 1 "a";
    .port_info 1 /INPUT 1 "b";
    .port_info 2 /INPUT 1 "cin";
    .port_info 3 /OUTPUT 1 "sum";
    .port_info 4 /OUTPUT 1 "cout";
L_000002342a530e20 .functor XOR 1, L_000002342a4b0190, L_000002342a4b0af0, C4<0>, C4<0>;
L_000002342a5327f0 .functor XOR 1, L_000002342a530e20, L_000002342a4b2850, C4<0>, C4<0>;
L_000002342a531440 .functor AND 1, L_000002342a4b0190, L_000002342a4b0af0, C4<1>, C4<1>;
L_000002342a530fe0 .functor XOR 1, L_000002342a4b0190, L_000002342a4b0af0, C4<0>, C4<0>;
L_000002342a531e50 .functor AND 1, L_000002342a4b2850, L_000002342a530fe0, C4<1>, C4<1>;
L_000002342a531360 .functor OR 1, L_000002342a531440, L_000002342a531e50, C4<0>, C4<0>;
v000002342a434750_0 .net *"_ivl_0", 0 0, L_000002342a530e20;  1 drivers
v000002342a435c90_0 .net *"_ivl_4", 0 0, L_000002342a531440;  1 drivers
v000002342a434930_0 .net *"_ivl_6", 0 0, L_000002342a530fe0;  1 drivers
v000002342a434cf0_0 .net *"_ivl_8", 0 0, L_000002342a531e50;  1 drivers
v000002342a436410_0 .net "a", 0 0, L_000002342a4b0190;  1 drivers
v000002342a435330_0 .net "b", 0 0, L_000002342a4b0af0;  1 drivers
v000002342a434430_0 .net "cin", 0 0, L_000002342a4b2850;  1 drivers
v000002342a434570_0 .net "cout", 0 0, L_000002342a531360;  1 drivers
v000002342a434d90_0 .net "sum", 0 0, L_000002342a5327f0;  1 drivers
S_000002342a43a710 .scope generate, "fa_gen[10]" "fa_gen[10]" 9 17, 9 17 0, S_000002342a4383e0;
 .timescale 0 0;
P_000002342a390c50 .param/l "i" 0 9 17, +C4<01010>;
S_000002342a43ad50 .scope module, "fa" "full_adder" 9 18, 9 33 0, S_000002342a43a710;
 .timescale 0 0;
    .port_info 0 /INPUT 1 "a";
    .port_info 1 /INPUT 1 "b";
    .port_info 2 /INPUT 1 "cin";
    .port_info 3 /OUTPUT 1 "sum";
    .port_info 4 /OUTPUT 1 "cout";
L_000002342a530e90 .functor XOR 1, L_000002342a4b2670, L_000002342a4b0370, C4<0>, C4<0>;
L_000002342a532160 .functor XOR 1, L_000002342a530e90, L_000002342a4b1950, C4<0>, C4<0>;
L_000002342a530c60 .functor AND 1, L_000002342a4b2670, L_000002342a4b0370, C4<1>, C4<1>;
L_000002342a5324e0 .functor XOR 1, L_000002342a4b2670, L_000002342a4b0370, C4<0>, C4<0>;
L_000002342a531f30 .functor AND 1, L_000002342a4b1950, L_000002342a5324e0, C4<1>, C4<1>;
L_000002342a531830 .functor OR 1, L_000002342a530c60, L_000002342a531f30, C4<0>, C4<0>;
v000002342a435d30_0 .net *"_ivl_0", 0 0, L_000002342a530e90;  1 drivers
v000002342a436550_0 .net *"_ivl_4", 0 0, L_000002342a530c60;  1 drivers
v000002342a4353d0_0 .net *"_ivl_6", 0 0, L_000002342a5324e0;  1 drivers
v000002342a435470_0 .net *"_ivl_8", 0 0, L_000002342a531f30;  1 drivers
v000002342a433e90_0 .net "a", 0 0, L_000002342a4b2670;  1 drivers
v000002342a435510_0 .net "b", 0 0, L_000002342a4b0370;  1 drivers
v000002342a435ab0_0 .net "cin", 0 0, L_000002342a4b1950;  1 drivers
v000002342a433f30_0 .net "cout", 0 0, L_000002342a531830;  1 drivers
v000002342a4355b0_0 .net "sum", 0 0, L_000002342a532160;  1 drivers
S_000002342a43b390 .scope generate, "fa_gen[11]" "fa_gen[11]" 9 17, 9 17 0, S_000002342a4383e0;
 .timescale 0 0;
P_000002342a391050 .param/l "i" 0 9 17, +C4<01011>;
S_000002342a43aee0 .scope module, "fa" "full_adder" 9 18, 9 33 0, S_000002342a43b390;
 .timescale 0 0;
    .port_info 0 /INPUT 1 "a";
    .port_info 1 /INPUT 1 "b";
    .port_info 2 /INPUT 1 "cin";
    .port_info 3 /OUTPUT 1 "sum";
    .port_info 4 /OUTPUT 1 "cout";
L_000002342a531c90 .functor XOR 1, L_000002342a4b0730, L_000002342a4b1e50, C4<0>, C4<0>;
L_000002342a531a60 .functor XOR 1, L_000002342a531c90, L_000002342a4b2030, C4<0>, C4<0>;
L_000002342a531050 .functor AND 1, L_000002342a4b0730, L_000002342a4b1e50, C4<1>, C4<1>;
L_000002342a5313d0 .functor XOR 1, L_000002342a4b0730, L_000002342a4b1e50, C4<0>, C4<0>;
L_000002342a531600 .functor AND 1, L_000002342a4b2030, L_000002342a5313d0, C4<1>, C4<1>;
L_000002342a532320 .functor OR 1, L_000002342a531050, L_000002342a531600, C4<0>, C4<0>;
v000002342a435830_0 .net *"_ivl_0", 0 0, L_000002342a531c90;  1 drivers
v000002342a436190_0 .net *"_ivl_4", 0 0, L_000002342a531050;  1 drivers
v000002342a435b50_0 .net *"_ivl_6", 0 0, L_000002342a5313d0;  1 drivers
v000002342a435dd0_0 .net *"_ivl_8", 0 0, L_000002342a531600;  1 drivers
v000002342a435e70_0 .net "a", 0 0, L_000002342a4b0730;  1 drivers
v000002342a4342f0_0 .net "b", 0 0, L_000002342a4b1e50;  1 drivers
v000002342a434390_0 .net "cin", 0 0, L_000002342a4b2030;  1 drivers
v000002342a437450_0 .net "cout", 0 0, L_000002342a532320;  1 drivers
v000002342a436eb0_0 .net "sum", 0 0, L_000002342a531a60;  1 drivers
S_000002342a4395e0 .scope generate, "fa_gen[12]" "fa_gen[12]" 9 17, 9 17 0, S_000002342a4383e0;
 .timescale 0 0;
P_000002342a390d10 .param/l "i" 0 9 17, +C4<01100>;
S_000002342a43c8b0 .scope module, "fa" "full_adder" 9 18, 9 33 0, S_000002342a4395e0;
 .timescale 0 0;
    .port_info 0 /INPUT 1 "a";
    .port_info 1 /INPUT 1 "b";
    .port_info 2 /INPUT 1 "cin";
    .port_info 3 /OUTPUT 1 "sum";
    .port_info 4 /OUTPUT 1 "cout";
L_000002342a5310c0 .functor XOR 1, L_000002342a4b1630, L_000002342a4b28f0, C4<0>, C4<0>;
L_000002342a531fa0 .functor XOR 1, L_000002342a5310c0, L_000002342a4b2710, C4<0>, C4<0>;
L_000002342a531130 .functor AND 1, L_000002342a4b1630, L_000002342a4b28f0, C4<1>, C4<1>;
L_000002342a530d40 .functor XOR 1, L_000002342a4b1630, L_000002342a4b28f0, C4<0>, C4<0>;
L_000002342a531670 .functor AND 1, L_000002342a4b2710, L_000002342a530d40, C4<1>, C4<1>;
L_000002342a5321d0 .functor OR 1, L_000002342a531130, L_000002342a531670, C4<0>, C4<0>;
v000002342a4369b0_0 .net *"_ivl_0", 0 0, L_000002342a5310c0;  1 drivers
v000002342a436870_0 .net *"_ivl_4", 0 0, L_000002342a531130;  1 drivers
v000002342a436690_0 .net *"_ivl_6", 0 0, L_000002342a530d40;  1 drivers
v000002342a436730_0 .net *"_ivl_8", 0 0, L_000002342a531670;  1 drivers
v000002342a4367d0_0 .net "a", 0 0, L_000002342a4b1630;  1 drivers
v000002342a436b90_0 .net "b", 0 0, L_000002342a4b28f0;  1 drivers
v000002342a436ff0_0 .net "cin", 0 0, L_000002342a4b2710;  1 drivers
v000002342a436910_0 .net "cout", 0 0, L_000002342a5321d0;  1 drivers
v000002342a4373b0_0 .net "sum", 0 0, L_000002342a531fa0;  1 drivers
S_000002342a43ca40 .scope generate, "fa_gen[13]" "fa_gen[13]" 9 17, 9 17 0, S_000002342a4383e0;
 .timescale 0 0;
P_000002342a391350 .param/l "i" 0 9 17, +C4<01101>;
S_000002342a43c590 .scope module, "fa" "full_adder" 9 18, 9 33 0, S_000002342a43ca40;
 .timescale 0 0;
    .port_info 0 /INPUT 1 "a";
    .port_info 1 /INPUT 1 "b";
    .port_info 2 /INPUT 1 "cin";
    .port_info 3 /OUTPUT 1 "sum";
    .port_info 4 /OUTPUT 1 "cout";
L_000002342a532240 .functor XOR 1, L_000002342a4b0a50, L_000002342a4b07d0, C4<0>, C4<0>;
L_000002342a5311a0 .functor XOR 1, L_000002342a532240, L_000002342a4b19f0, C4<0>, C4<0>;
L_000002342a531210 .functor AND 1, L_000002342a4b0a50, L_000002342a4b07d0, C4<1>, C4<1>;
L_000002342a531280 .functor XOR 1, L_000002342a4b0a50, L_000002342a4b07d0, C4<0>, C4<0>;
L_000002342a532400 .functor AND 1, L_000002342a4b19f0, L_000002342a531280, C4<1>, C4<1>;
L_000002342a532630 .functor OR 1, L_000002342a531210, L_000002342a532400, C4<0>, C4<0>;
v000002342a4365f0_0 .net *"_ivl_0", 0 0, L_000002342a532240;  1 drivers
v000002342a436f50_0 .net *"_ivl_4", 0 0, L_000002342a531210;  1 drivers
v000002342a436d70_0 .net *"_ivl_6", 0 0, L_000002342a531280;  1 drivers
v000002342a436a50_0 .net *"_ivl_8", 0 0, L_000002342a532400;  1 drivers
v000002342a436af0_0 .net "a", 0 0, L_000002342a4b0a50;  1 drivers
v000002342a436c30_0 .net "b", 0 0, L_000002342a4b07d0;  1 drivers
v000002342a436cd0_0 .net "cin", 0 0, L_000002342a4b19f0;  1 drivers
v000002342a436e10_0 .net "cout", 0 0, L_000002342a532630;  1 drivers
v000002342a437090_0 .net "sum", 0 0, L_000002342a5311a0;  1 drivers
S_000002342a43baa0 .scope generate, "fa_gen[14]" "fa_gen[14]" 9 17, 9 17 0, S_000002342a4383e0;
 .timescale 0 0;
P_000002342a390d50 .param/l "i" 0 9 17, +C4<01110>;
S_000002342a43d210 .scope module, "fa" "full_adder" 9 18, 9 33 0, S_000002342a43baa0;
 .timescale 0 0;
    .port_info 0 /INPUT 1 "a";
    .port_info 1 /INPUT 1 "b";
    .port_info 2 /INPUT 1 "cin";
    .port_info 3 /OUTPUT 1 "sum";
    .port_info 4 /OUTPUT 1 "cout";
L_000002342a530db0 .functor XOR 1, L_000002342a4b2350, L_000002342a4b25d0, C4<0>, C4<0>;
L_000002342a5316e0 .functor XOR 1, L_000002342a530db0, L_000002342a4b02d0, C4<0>, C4<0>;
L_000002342a531910 .functor AND 1, L_000002342a4b2350, L_000002342a4b25d0, C4<1>, C4<1>;
L_000002342a531980 .functor XOR 1, L_000002342a4b2350, L_000002342a4b25d0, C4<0>, C4<0>;
L_000002342a532010 .functor AND 1, L_000002342a4b02d0, L_000002342a531980, C4<1>, C4<1>;
L_000002342a532080 .functor OR 1, L_000002342a531910, L_000002342a532010, C4<0>, C4<0>;
v000002342a437130_0 .net *"_ivl_0", 0 0, L_000002342a530db0;  1 drivers
v000002342a4371d0_0 .net *"_ivl_4", 0 0, L_000002342a531910;  1 drivers
v000002342a437270_0 .net *"_ivl_6", 0 0, L_000002342a531980;  1 drivers
v000002342a437310_0 .net *"_ivl_8", 0 0, L_000002342a532010;  1 drivers
v000002342a428770_0 .net "a", 0 0, L_000002342a4b2350;  1 drivers
v000002342a427af0_0 .net "b", 0 0, L_000002342a4b25d0;  1 drivers
v000002342a4293f0_0 .net "cin", 0 0, L_000002342a4b02d0;  1 drivers
v000002342a427870_0 .net "cout", 0 0, L_000002342a532080;  1 drivers
v000002342a427ff0_0 .net "sum", 0 0, L_000002342a5316e0;  1 drivers
S_000002342a43d3a0 .scope generate, "fa_gen[15]" "fa_gen[15]" 9 17, 9 17 0, S_000002342a4383e0;
 .timescale 0 0;
P_000002342a390390 .param/l "i" 0 9 17, +C4<01111>;
S_000002342a43c720 .scope module, "fa" "full_adder" 9 18, 9 33 0, S_000002342a43d3a0;
 .timescale 0 0;
    .port_info 0 /INPUT 1 "a";
    .port_info 1 /INPUT 1 "b";
    .port_info 2 /INPUT 1 "cin";
    .port_info 3 /OUTPUT 1 "sum";
    .port_info 4 /OUTPUT 1 "cout";
L_000002342a5319f0 .functor XOR 1, L_000002342a4b0cd0, L_000002342a4b13b0, C4<0>, C4<0>;
L_000002342a532550 .functor XOR 1, L_000002342a5319f0, L_000002342a4b0410, C4<0>, C4<0>;
L_000002342a5325c0 .functor AND 1, L_000002342a4b0cd0, L_000002342a4b13b0, C4<1>, C4<1>;
L_000002342a5334a0 .functor XOR 1, L_000002342a4b0cd0, L_000002342a4b13b0, C4<0>, C4<0>;
L_000002342a532e80 .functor AND 1, L_000002342a4b0410, L_000002342a5334a0, C4<1>, C4<1>;
L_000002342a5333c0 .functor OR 1, L_000002342a5325c0, L_000002342a532e80, C4<0>, C4<0>;
v000002342a428270_0 .net *"_ivl_0", 0 0, L_000002342a5319f0;  1 drivers
v000002342a428090_0 .net *"_ivl_4", 0 0, L_000002342a5325c0;  1 drivers
v000002342a4297b0_0 .net *"_ivl_6", 0 0, L_000002342a5334a0;  1 drivers
v000002342a428e50_0 .net *"_ivl_8", 0 0, L_000002342a532e80;  1 drivers
v000002342a4275f0_0 .net "a", 0 0, L_000002342a4b0cd0;  1 drivers
v000002342a429350_0 .net "b", 0 0, L_000002342a4b13b0;  1 drivers
v000002342a4290d0_0 .net "cin", 0 0, L_000002342a4b0410;  1 drivers
v000002342a428130_0 .net "cout", 0 0, L_000002342a5333c0;  1 drivers
v000002342a4277d0_0 .net "sum", 0 0, L_000002342a532550;  1 drivers
S_000002342a43cd60 .scope generate, "fa_gen[16]" "fa_gen[16]" 9 17, 9 17 0, S_000002342a4383e0;
 .timescale 0 0;
P_000002342a390a90 .param/l "i" 0 9 17, +C4<010000>;
S_000002342a43c400 .scope module, "fa" "full_adder" 9 18, 9 33 0, S_000002342a43cd60;
 .timescale 0 0;
    .port_info 0 /INPUT 1 "a";
    .port_info 1 /INPUT 1 "b";
    .port_info 2 /INPUT 1 "cin";
    .port_info 3 /OUTPUT 1 "sum";
    .port_info 4 /OUTPUT 1 "cout";
L_000002342a532b70 .functor XOR 1, L_000002342a4b1a90, L_000002342a4b1b30, C4<0>, C4<0>;
L_000002342a5332e0 .functor XOR 1, L_000002342a532b70, L_000002342a4b1bd0, C4<0>, C4<0>;
L_000002342a532da0 .functor AND 1, L_000002342a4b1a90, L_000002342a4b1b30, C4<1>, C4<1>;
L_000002342a533430 .functor XOR 1, L_000002342a4b1a90, L_000002342a4b1b30, C4<0>, C4<0>;
L_000002342a532940 .functor AND 1, L_000002342a4b1bd0, L_000002342a533430, C4<1>, C4<1>;
L_000002342a5336d0 .functor OR 1, L_000002342a532da0, L_000002342a532940, C4<0>, C4<0>;
v000002342a428450_0 .net *"_ivl_0", 0 0, L_000002342a532b70;  1 drivers
v000002342a429990_0 .net *"_ivl_4", 0 0, L_000002342a532da0;  1 drivers
v000002342a428f90_0 .net *"_ivl_6", 0 0, L_000002342a533430;  1 drivers
v000002342a4286d0_0 .net *"_ivl_8", 0 0, L_000002342a532940;  1 drivers
v000002342a429030_0 .net "a", 0 0, L_000002342a4b1a90;  1 drivers
v000002342a428bd0_0 .net "b", 0 0, L_000002342a4b1b30;  1 drivers
v000002342a427910_0 .net "cin", 0 0, L_000002342a4b1bd0;  1 drivers
v000002342a428a90_0 .net "cout", 0 0, L_000002342a5336d0;  1 drivers
v000002342a429cb0_0 .net "sum", 0 0, L_000002342a5332e0;  1 drivers
S_000002342a43b5f0 .scope generate, "fa_gen[17]" "fa_gen[17]" 9 17, 9 17 0, S_000002342a4383e0;
 .timescale 0 0;
P_000002342a390b10 .param/l "i" 0 9 17, +C4<010001>;
S_000002342a43d080 .scope module, "fa" "full_adder" 9 18, 9 33 0, S_000002342a43b5f0;
 .timescale 0 0;
    .port_info 0 /INPUT 1 "a";
    .port_info 1 /INPUT 1 "b";
    .port_info 2 /INPUT 1 "cin";
    .port_info 3 /OUTPUT 1 "sum";
    .port_info 4 /OUTPUT 1 "cout";
L_000002342a533740 .functor XOR 1, L_000002342a4b1db0, L_000002342a4b0870, C4<0>, C4<0>;
L_000002342a533510 .functor XOR 1, L_000002342a533740, L_000002342a4b0910, C4<0>, C4<0>;
L_000002342a533350 .functor AND 1, L_000002342a4b1db0, L_000002342a4b0870, C4<1>, C4<1>;
L_000002342a533660 .functor XOR 1, L_000002342a4b1db0, L_000002342a4b0870, C4<0>, C4<0>;
L_000002342a5335f0 .functor AND 1, L_000002342a4b0910, L_000002342a533660, C4<1>, C4<1>;
L_000002342a533190 .functor OR 1, L_000002342a533350, L_000002342a5335f0, C4<0>, C4<0>;
v000002342a427d70_0 .net *"_ivl_0", 0 0, L_000002342a533740;  1 drivers
v000002342a429490_0 .net *"_ivl_4", 0 0, L_000002342a533350;  1 drivers
v000002342a427f50_0 .net *"_ivl_6", 0 0, L_000002342a533660;  1 drivers
v000002342a429530_0 .net *"_ivl_8", 0 0, L_000002342a5335f0;  1 drivers
v000002342a4281d0_0 .net "a", 0 0, L_000002342a4b1db0;  1 drivers
v000002342a427b90_0 .net "b", 0 0, L_000002342a4b0870;  1 drivers
v000002342a428310_0 .net "cin", 0 0, L_000002342a4b0910;  1 drivers
v000002342a427cd0_0 .net "cout", 0 0, L_000002342a533190;  1 drivers
v000002342a4279b0_0 .net "sum", 0 0, L_000002342a533510;  1 drivers
S_000002342a43c0e0 .scope generate, "fa_gen[18]" "fa_gen[18]" 9 17, 9 17 0, S_000002342a4383e0;
 .timescale 0 0;
P_000002342a390b90 .param/l "i" 0 9 17, +C4<010010>;
S_000002342a43cef0 .scope module, "fa" "full_adder" 9 18, 9 33 0, S_000002342a43c0e0;
 .timescale 0 0;
    .port_info 0 /INPUT 1 "a";
    .port_info 1 /INPUT 1 "b";
    .port_info 2 /INPUT 1 "cin";
    .port_info 3 /OUTPUT 1 "sum";
    .port_info 4 /OUTPUT 1 "cout";
L_000002342a533200 .functor XOR 1, L_000002342a4b0d70, L_000002342a4b1f90, C4<0>, C4<0>;
L_000002342a533580 .functor XOR 1, L_000002342a533200, L_000002342a4b1c70, C4<0>, C4<0>;
L_000002342a533270 .functor AND 1, L_000002342a4b0d70, L_000002342a4b1f90, C4<1>, C4<1>;
L_000002342a532860 .functor XOR 1, L_000002342a4b0d70, L_000002342a4b1f90, C4<0>, C4<0>;
L_000002342a5328d0 .functor AND 1, L_000002342a4b1c70, L_000002342a532860, C4<1>, C4<1>;
L_000002342a532a20 .functor OR 1, L_000002342a533270, L_000002342a5328d0, C4<0>, C4<0>;
v000002342a4283b0_0 .net *"_ivl_0", 0 0, L_000002342a533200;  1 drivers
v000002342a429a30_0 .net *"_ivl_4", 0 0, L_000002342a533270;  1 drivers
v000002342a429670_0 .net *"_ivl_6", 0 0, L_000002342a532860;  1 drivers
v000002342a4284f0_0 .net *"_ivl_8", 0 0, L_000002342a5328d0;  1 drivers
v000002342a428590_0 .net "a", 0 0, L_000002342a4b0d70;  1 drivers
v000002342a427690_0 .net "b", 0 0, L_000002342a4b1f90;  1 drivers
v000002342a429d50_0 .net "cin", 0 0, L_000002342a4b1c70;  1 drivers
v000002342a429710_0 .net "cout", 0 0, L_000002342a532a20;  1 drivers
v000002342a428810_0 .net "sum", 0 0, L_000002342a533580;  1 drivers
S_000002342a43cbd0 .scope generate, "fa_gen[19]" "fa_gen[19]" 9 17, 9 17 0, S_000002342a4383e0;
 .timescale 0 0;
P_000002342a3910d0 .param/l "i" 0 9 17, +C4<010011>;
S_000002342a43b780 .scope module, "fa" "full_adder" 9 18, 9 33 0, S_000002342a43cbd0;
 .timescale 0 0;
    .port_info 0 /INPUT 1 "a";
    .port_info 1 /INPUT 1 "b";
    .port_info 2 /INPUT 1 "cin";
    .port_info 3 /OUTPUT 1 "sum";
    .port_info 4 /OUTPUT 1 "cout";
L_000002342a532e10 .functor XOR 1, L_000002342a4b1d10, L_000002342a4b0eb0, C4<0>, C4<0>;
L_000002342a533120 .functor XOR 1, L_000002342a532e10, L_000002342a4b0b90, C4<0>, C4<0>;
L_000002342a532a90 .functor AND 1, L_000002342a4b1d10, L_000002342a4b0eb0, C4<1>, C4<1>;
L_000002342a5329b0 .functor XOR 1, L_000002342a4b1d10, L_000002342a4b0eb0, C4<0>, C4<0>;
L_000002342a532b00 .functor AND 1, L_000002342a4b0b90, L_000002342a5329b0, C4<1>, C4<1>;
L_000002342a532be0 .functor OR 1, L_000002342a532a90, L_000002342a532b00, C4<0>, C4<0>;
v000002342a428630_0 .net *"_ivl_0", 0 0, L_000002342a532e10;  1 drivers
v000002342a427730_0 .net *"_ivl_4", 0 0, L_000002342a532a90;  1 drivers
v000002342a428b30_0 .net *"_ivl_6", 0 0, L_000002342a5329b0;  1 drivers
v000002342a429ad0_0 .net *"_ivl_8", 0 0, L_000002342a532b00;  1 drivers
v000002342a4288b0_0 .net "a", 0 0, L_000002342a4b1d10;  1 drivers
v000002342a429170_0 .net "b", 0 0, L_000002342a4b0eb0;  1 drivers
v000002342a427a50_0 .net "cin", 0 0, L_000002342a4b0b90;  1 drivers
v000002342a427c30_0 .net "cout", 0 0, L_000002342a532be0;  1 drivers
v000002342a429850_0 .net "sum", 0 0, L_000002342a533120;  1 drivers
S_000002342a43b910 .scope generate, "fa_gen[20]" "fa_gen[20]" 9 17, 9 17 0, S_000002342a4383e0;
 .timescale 0 0;
P_000002342a391110 .param/l "i" 0 9 17, +C4<010100>;
S_000002342a43bc30 .scope module, "fa" "full_adder" 9 18, 9 33 0, S_000002342a43b910;
 .timescale 0 0;
    .port_info 0 /INPUT 1 "a";
    .port_info 1 /INPUT 1 "b";
    .port_info 2 /INPUT 1 "cin";
    .port_info 3 /OUTPUT 1 "sum";
    .port_info 4 /OUTPUT 1 "cout";
L_000002342a532c50 .functor XOR 1, L_000002342a4b1ef0, L_000002342a4b0c30, C4<0>, C4<0>;
L_000002342a532cc0 .functor XOR 1, L_000002342a532c50, L_000002342a4b20d0, C4<0>, C4<0>;
L_000002342a532ef0 .functor AND 1, L_000002342a4b1ef0, L_000002342a4b0c30, C4<1>, C4<1>;
L_000002342a532d30 .functor XOR 1, L_000002342a4b1ef0, L_000002342a4b0c30, C4<0>, C4<0>;
L_000002342a532f60 .functor AND 1, L_000002342a4b20d0, L_000002342a532d30, C4<1>, C4<1>;
L_000002342a533040 .functor OR 1, L_000002342a532ef0, L_000002342a532f60, C4<0>, C4<0>;
v000002342a429210_0 .net *"_ivl_0", 0 0, L_000002342a532c50;  1 drivers
v000002342a428ef0_0 .net *"_ivl_4", 0 0, L_000002342a532ef0;  1 drivers
v000002342a429b70_0 .net *"_ivl_6", 0 0, L_000002342a532d30;  1 drivers
v000002342a428c70_0 .net *"_ivl_8", 0 0, L_000002342a532f60;  1 drivers
v000002342a4292b0_0 .net "a", 0 0, L_000002342a4b1ef0;  1 drivers
v000002342a427e10_0 .net "b", 0 0, L_000002342a4b0c30;  1 drivers
v000002342a4295d0_0 .net "cin", 0 0, L_000002342a4b20d0;  1 drivers
v000002342a428950_0 .net "cout", 0 0, L_000002342a533040;  1 drivers
v000002342a429c10_0 .net "sum", 0 0, L_000002342a532cc0;  1 drivers
S_000002342a43bdc0 .scope generate, "fa_gen[21]" "fa_gen[21]" 9 17, 9 17 0, S_000002342a4383e0;
 .timescale 0 0;
P_000002342a391790 .param/l "i" 0 9 17, +C4<010101>;
S_000002342a43bf50 .scope module, "fa" "full_adder" 9 18, 9 33 0, S_000002342a43bdc0;
 .timescale 0 0;
    .port_info 0 /INPUT 1 "a";
    .port_info 1 /INPUT 1 "b";
    .port_info 2 /INPUT 1 "cin";
    .port_info 3 /OUTPUT 1 "sum";
    .port_info 4 /OUTPUT 1 "cout";
L_000002342a532fd0 .functor XOR 1, L_000002342a4b0f50, L_000002342a4b2210, C4<0>, C4<0>;
L_000002342a5330b0 .functor XOR 1, L_000002342a532fd0, L_000002342a4b2170, C4<0>, C4<0>;
L_000002342a52c890 .functor AND 1, L_000002342a4b0f50, L_000002342a4b2210, C4<1>, C4<1>;
L_000002342a52c660 .functor XOR 1, L_000002342a4b0f50, L_000002342a4b2210, C4<0>, C4<0>;
L_000002342a52c9e0 .functor AND 1, L_000002342a4b2170, L_000002342a52c660, C4<1>, C4<1>;
L_000002342a52bda0 .functor OR 1, L_000002342a52c890, L_000002342a52c9e0, C4<0>, C4<0>;
v000002342a427eb0_0 .net *"_ivl_0", 0 0, L_000002342a532fd0;  1 drivers
v000002342a4289f0_0 .net *"_ivl_4", 0 0, L_000002342a52c890;  1 drivers
v000002342a428d10_0 .net *"_ivl_6", 0 0, L_000002342a52c660;  1 drivers
v000002342a428db0_0 .net *"_ivl_8", 0 0, L_000002342a52c9e0;  1 drivers
v000002342a4298f0_0 .net "a", 0 0, L_000002342a4b0f50;  1 drivers
v000002342a42a9d0_0 .net "b", 0 0, L_000002342a4b2210;  1 drivers
v000002342a42bfb0_0 .net "cin", 0 0, L_000002342a4b2170;  1 drivers
v000002342a42a610_0 .net "cout", 0 0, L_000002342a52bda0;  1 drivers
v000002342a42b650_0 .net "sum", 0 0, L_000002342a5330b0;  1 drivers
S_000002342a43c270 .scope generate, "fa_gen[22]" "fa_gen[22]" 9 17, 9 17 0, S_000002342a4383e0;
 .timescale 0 0;
P_000002342a391450 .param/l "i" 0 9 17, +C4<010110>;
S_000002342a44f380 .scope module, "fa" "full_adder" 9 18, 9 33 0, S_000002342a43c270;
 .timescale 0 0;
    .port_info 0 /INPUT 1 "a";
    .port_info 1 /INPUT 1 "b";
    .port_info 2 /INPUT 1 "cin";
    .port_info 3 /OUTPUT 1 "sum";
    .port_info 4 /OUTPUT 1 "cout";
L_000002342a52c3c0 .functor XOR 1, L_000002342a4b22b0, L_000002342a4b0ff0, C4<0>, C4<0>;
L_000002342a52ce40 .functor XOR 1, L_000002342a52c3c0, L_000002342a4b1090, C4<0>, C4<0>;
L_000002342a52ccf0 .functor AND 1, L_000002342a4b22b0, L_000002342a4b0ff0, C4<1>, C4<1>;
L_000002342a52d230 .functor XOR 1, L_000002342a4b22b0, L_000002342a4b0ff0, C4<0>, C4<0>;
L_000002342a52d150 .functor AND 1, L_000002342a4b1090, L_000002342a52d230, C4<1>, C4<1>;
L_000002342a52c970 .functor OR 1, L_000002342a52ccf0, L_000002342a52d150, C4<0>, C4<0>;
v000002342a42a390_0 .net *"_ivl_0", 0 0, L_000002342a52c3c0;  1 drivers
v000002342a42b6f0_0 .net *"_ivl_4", 0 0, L_000002342a52ccf0;  1 drivers
v000002342a42b290_0 .net *"_ivl_6", 0 0, L_000002342a52d230;  1 drivers
v000002342a42ac50_0 .net *"_ivl_8", 0 0, L_000002342a52d150;  1 drivers
v000002342a42b8d0_0 .net "a", 0 0, L_000002342a4b22b0;  1 drivers
v000002342a42ab10_0 .net "b", 0 0, L_000002342a4b0ff0;  1 drivers
v000002342a42b790_0 .net "cin", 0 0, L_000002342a4b1090;  1 drivers
v000002342a42abb0_0 .net "cout", 0 0, L_000002342a52c970;  1 drivers
v000002342a42aed0_0 .net "sum", 0 0, L_000002342a52ce40;  1 drivers
S_000002342a450e10 .scope generate, "fa_gen[23]" "fa_gen[23]" 9 17, 9 17 0, S_000002342a4383e0;
 .timescale 0 0;
P_000002342a392310 .param/l "i" 0 9 17, +C4<010111>;
S_000002342a44f060 .scope module, "fa" "full_adder" 9 18, 9 33 0, S_000002342a450e10;
 .timescale 0 0;
    .port_info 0 /INPUT 1 "a";
    .port_info 1 /INPUT 1 "b";
    .port_info 2 /INPUT 1 "cin";
    .port_info 3 /OUTPUT 1 "sum";
    .port_info 4 /OUTPUT 1 "cout";
L_000002342a52ca50 .functor XOR 1, L_000002342a4b1130, L_000002342a4b23f0, C4<0>, C4<0>;
L_000002342a52ceb0 .functor XOR 1, L_000002342a52ca50, L_000002342a4b2490, C4<0>, C4<0>;
L_000002342a52cac0 .functor AND 1, L_000002342a4b1130, L_000002342a4b23f0, C4<1>, C4<1>;
L_000002342a52cb30 .functor XOR 1, L_000002342a4b1130, L_000002342a4b23f0, C4<0>, C4<0>;
L_000002342a52cd60 .functor AND 1, L_000002342a4b2490, L_000002342a52cb30, C4<1>, C4<1>;
L_000002342a52b940 .functor OR 1, L_000002342a52cac0, L_000002342a52cd60, C4<0>, C4<0>;
v000002342a42c4b0_0 .net *"_ivl_0", 0 0, L_000002342a52ca50;  1 drivers
v000002342a42b830_0 .net *"_ivl_4", 0 0, L_000002342a52cac0;  1 drivers
v000002342a42a4d0_0 .net *"_ivl_6", 0 0, L_000002342a52cb30;  1 drivers
v000002342a42a570_0 .net *"_ivl_8", 0 0, L_000002342a52cd60;  1 drivers
v000002342a42b970_0 .net "a", 0 0, L_000002342a4b1130;  1 drivers
v000002342a42aa70_0 .net "b", 0 0, L_000002342a4b23f0;  1 drivers
v000002342a42a750_0 .net "cin", 0 0, L_000002342a4b2490;  1 drivers
v000002342a42a6b0_0 .net "cout", 0 0, L_000002342a52b940;  1 drivers
v000002342a42ba10_0 .net "sum", 0 0, L_000002342a52ceb0;  1 drivers
S_000002342a44f510 .scope generate, "fa_gen[24]" "fa_gen[24]" 9 17, 9 17 0, S_000002342a4383e0;
 .timescale 0 0;
P_000002342a391c10 .param/l "i" 0 9 17, +C4<011000>;
S_000002342a450000 .scope module, "fa" "full_adder" 9 18, 9 33 0, S_000002342a44f510;
 .timescale 0 0;
    .port_info 0 /INPUT 1 "a";
    .port_info 1 /INPUT 1 "b";
    .port_info 2 /INPUT 1 "cin";
    .port_info 3 /OUTPUT 1 "sum";
    .port_info 4 /OUTPUT 1 "cout";
L_000002342a52bf60 .functor XOR 1, L_000002342a4b2530, L_000002342a4b11d0, C4<0>, C4<0>;
L_000002342a52c5f0 .functor XOR 1, L_000002342a52bf60, L_000002342a4b1270, C4<0>, C4<0>;
L_000002342a52ba20 .functor AND 1, L_000002342a4b2530, L_000002342a4b11d0, C4<1>, C4<1>;
L_000002342a52d2a0 .functor XOR 1, L_000002342a4b2530, L_000002342a4b11d0, C4<0>, C4<0>;
L_000002342a52c900 .functor AND 1, L_000002342a4b1270, L_000002342a52d2a0, C4<1>, C4<1>;
L_000002342a52cba0 .functor OR 1, L_000002342a52ba20, L_000002342a52c900, C4<0>, C4<0>;
v000002342a42bc90_0 .net *"_ivl_0", 0 0, L_000002342a52bf60;  1 drivers
v000002342a429df0_0 .net *"_ivl_4", 0 0, L_000002342a52ba20;  1 drivers
v000002342a42b010_0 .net *"_ivl_6", 0 0, L_000002342a52d2a0;  1 drivers
v000002342a42a7f0_0 .net *"_ivl_8", 0 0, L_000002342a52c900;  1 drivers
v000002342a42a1b0_0 .net "a", 0 0, L_000002342a4b2530;  1 drivers
v000002342a42b5b0_0 .net "b", 0 0, L_000002342a4b11d0;  1 drivers
v000002342a42be70_0 .net "cin", 0 0, L_000002342a4b1270;  1 drivers
v000002342a42a250_0 .net "cout", 0 0, L_000002342a52cba0;  1 drivers
v000002342a42acf0_0 .net "sum", 0 0, L_000002342a52c5f0;  1 drivers
S_000002342a44f6a0 .scope generate, "fa_gen[25]" "fa_gen[25]" 9 17, 9 17 0, S_000002342a4383e0;
 .timescale 0 0;
P_000002342a3917d0 .param/l "i" 0 9 17, +C4<011001>;
S_000002342a450960 .scope module, "fa" "full_adder" 9 18, 9 33 0, S_000002342a44f6a0;
 .timescale 0 0;
    .port_info 0 /INPUT 1 "a";
    .port_info 1 /INPUT 1 "b";
    .port_info 2 /INPUT 1 "cin";
    .port_info 3 /OUTPUT 1 "sum";
    .port_info 4 /OUTPUT 1 "cout";
L_000002342a52cc10 .functor XOR 1, L_000002342a4b27b0, L_000002342a4b1310, C4<0>, C4<0>;
L_000002342a52d310 .functor XOR 1, L_000002342a52cc10, L_000002342a4b0230, C4<0>, C4<0>;
L_000002342a52ba90 .functor AND 1, L_000002342a4b27b0, L_000002342a4b1310, C4<1>, C4<1>;
L_000002342a52cdd0 .functor XOR 1, L_000002342a4b27b0, L_000002342a4b1310, C4<0>, C4<0>;
L_000002342a52cc80 .functor AND 1, L_000002342a4b0230, L_000002342a52cdd0, C4<1>, C4<1>;
L_000002342a52b9b0 .functor OR 1, L_000002342a52ba90, L_000002342a52cc80, C4<0>, C4<0>;
v000002342a42a110_0 .net *"_ivl_0", 0 0, L_000002342a52cc10;  1 drivers
v000002342a42a890_0 .net *"_ivl_4", 0 0, L_000002342a52ba90;  1 drivers
v000002342a42bf10_0 .net *"_ivl_6", 0 0, L_000002342a52cdd0;  1 drivers
v000002342a42ad90_0 .net *"_ivl_8", 0 0, L_000002342a52cc80;  1 drivers
v000002342a42b330_0 .net "a", 0 0, L_000002342a4b27b0;  1 drivers
v000002342a42b150_0 .net "b", 0 0, L_000002342a4b1310;  1 drivers
v000002342a42a070_0 .net "cin", 0 0, L_000002342a4b0230;  1 drivers
v000002342a42a430_0 .net "cout", 0 0, L_000002342a52b9b0;  1 drivers
v000002342a42ae30_0 .net "sum", 0 0, L_000002342a52d310;  1 drivers
S_000002342a44f830 .scope generate, "fa_gen[26]" "fa_gen[26]" 9 17, 9 17 0, S_000002342a4383e0;
 .timescale 0 0;
P_000002342a3922d0 .param/l "i" 0 9 17, +C4<011010>;
S_000002342a44f9c0 .scope module, "fa" "full_adder" 9 18, 9 33 0, S_000002342a44f830;
 .timescale 0 0;
    .port_info 0 /INPUT 1 "a";
    .port_info 1 /INPUT 1 "b";
    .port_info 2 /INPUT 1 "cin";
    .port_info 3 /OUTPUT 1 "sum";
    .port_info 4 /OUTPUT 1 "cout";
L_000002342a52bcc0 .functor XOR 1, L_000002342a4b1450, L_000002342a4b04b0, C4<0>, C4<0>;
L_000002342a52cf20 .functor XOR 1, L_000002342a52bcc0, L_000002342a4b0550, C4<0>, C4<0>;
L_000002342a52cf90 .functor AND 1, L_000002342a4b1450, L_000002342a4b04b0, C4<1>, C4<1>;
L_000002342a52c6d0 .functor XOR 1, L_000002342a4b1450, L_000002342a4b04b0, C4<0>, C4<0>;
L_000002342a52d000 .functor AND 1, L_000002342a4b0550, L_000002342a52c6d0, C4<1>, C4<1>;
L_000002342a52be10 .functor OR 1, L_000002342a52cf90, L_000002342a52d000, C4<0>, C4<0>;
v000002342a42af70_0 .net *"_ivl_0", 0 0, L_000002342a52bcc0;  1 drivers
v000002342a42b0b0_0 .net *"_ivl_4", 0 0, L_000002342a52cf90;  1 drivers
v000002342a42b3d0_0 .net *"_ivl_6", 0 0, L_000002342a52c6d0;  1 drivers
v000002342a42b470_0 .net *"_ivl_8", 0 0, L_000002342a52d000;  1 drivers
v000002342a42c050_0 .net "a", 0 0, L_000002342a4b1450;  1 drivers
v000002342a42bab0_0 .net "b", 0 0, L_000002342a4b04b0;  1 drivers
v000002342a42a2f0_0 .net "cin", 0 0, L_000002342a4b0550;  1 drivers
v000002342a42c370_0 .net "cout", 0 0, L_000002342a52be10;  1 drivers
v000002342a42b1f0_0 .net "sum", 0 0, L_000002342a52cf20;  1 drivers
S_000002342a450190 .scope generate, "fa_gen[27]" "fa_gen[27]" 9 17, 9 17 0, S_000002342a4383e0;
 .timescale 0 0;
P_000002342a3913d0 .param/l "i" 0 9 17, +C4<011011>;
S_000002342a44fe70 .scope module, "fa" "full_adder" 9 18, 9 33 0, S_000002342a450190;
 .timescale 0 0;
    .port_info 0 /INPUT 1 "a";
    .port_info 1 /INPUT 1 "b";
    .port_info 2 /INPUT 1 "cin";
    .port_info 3 /OUTPUT 1 "sum";
    .port_info 4 /OUTPUT 1 "cout";
L_000002342a52c430 .functor XOR 1, L_000002342a4b14f0, L_000002342a4b05f0, C4<0>, C4<0>;
L_000002342a52c580 .functor XOR 1, L_000002342a52c430, L_000002342a4b1590, C4<0>, C4<0>;
L_000002342a52bc50 .functor AND 1, L_000002342a4b14f0, L_000002342a4b05f0, C4<1>, C4<1>;
L_000002342a52c740 .functor XOR 1, L_000002342a4b14f0, L_000002342a4b05f0, C4<0>, C4<0>;
L_000002342a52be80 .functor AND 1, L_000002342a4b1590, L_000002342a52c740, C4<1>, C4<1>;
L_000002342a52d070 .functor OR 1, L_000002342a52bc50, L_000002342a52be80, C4<0>, C4<0>;
v000002342a42b510_0 .net *"_ivl_0", 0 0, L_000002342a52c430;  1 drivers
v000002342a42a930_0 .net *"_ivl_4", 0 0, L_000002342a52bc50;  1 drivers
v000002342a42c0f0_0 .net *"_ivl_6", 0 0, L_000002342a52c740;  1 drivers
v000002342a42bb50_0 .net *"_ivl_8", 0 0, L_000002342a52be80;  1 drivers
v000002342a42bbf0_0 .net "a", 0 0, L_000002342a4b14f0;  1 drivers
v000002342a429f30_0 .net "b", 0 0, L_000002342a4b05f0;  1 drivers
v000002342a42c2d0_0 .net "cin", 0 0, L_000002342a4b1590;  1 drivers
v000002342a42bd30_0 .net "cout", 0 0, L_000002342a52d070;  1 drivers
v000002342a42bdd0_0 .net "sum", 0 0, L_000002342a52c580;  1 drivers
S_000002342a44fb50 .scope generate, "fa_gen[28]" "fa_gen[28]" 9 17, 9 17 0, S_000002342a4383e0;
 .timescale 0 0;
P_000002342a391f50 .param/l "i" 0 9 17, +C4<011100>;
S_000002342a450c80 .scope module, "fa" "full_adder" 9 18, 9 33 0, S_000002342a44fb50;
 .timescale 0 0;
    .port_info 0 /INPUT 1 "a";
    .port_info 1 /INPUT 1 "b";
    .port_info 2 /INPUT 1 "cin";
    .port_info 3 /OUTPUT 1 "sum";
    .port_info 4 /OUTPUT 1 "cout";
L_000002342a52c7b0 .functor XOR 1, L_000002342a4b0690, L_000002342a4b16d0, C4<0>, C4<0>;
L_000002342a52d3f0 .functor XOR 1, L_000002342a52c7b0, L_000002342a4b1770, C4<0>, C4<0>;
L_000002342a52d0e0 .functor AND 1, L_000002342a4b0690, L_000002342a4b16d0, C4<1>, C4<1>;
L_000002342a52bb00 .functor XOR 1, L_000002342a4b0690, L_000002342a4b16d0, C4<0>, C4<0>;
L_000002342a52d380 .functor AND 1, L_000002342a4b1770, L_000002342a52bb00, C4<1>, C4<1>;
L_000002342a52bef0 .functor OR 1, L_000002342a52d0e0, L_000002342a52d380, C4<0>, C4<0>;
v000002342a42c190_0 .net *"_ivl_0", 0 0, L_000002342a52c7b0;  1 drivers
v000002342a42c550_0 .net *"_ivl_4", 0 0, L_000002342a52d0e0;  1 drivers
v000002342a42c230_0 .net *"_ivl_6", 0 0, L_000002342a52bb00;  1 drivers
v000002342a42c410_0 .net *"_ivl_8", 0 0, L_000002342a52d380;  1 drivers
v000002342a429fd0_0 .net "a", 0 0, L_000002342a4b0690;  1 drivers
v000002342a429e90_0 .net "b", 0 0, L_000002342a4b16d0;  1 drivers
v000002342a452860_0 .net "cin", 0 0, L_000002342a4b1770;  1 drivers
v000002342a4516e0_0 .net "cout", 0 0, L_000002342a52bef0;  1 drivers
v000002342a451dc0_0 .net "sum", 0 0, L_000002342a52d3f0;  1 drivers
S_000002342a44f1f0 .scope generate, "fa_gen[29]" "fa_gen[29]" 9 17, 9 17 0, S_000002342a4383e0;
 .timescale 0 0;
P_000002342a391d10 .param/l "i" 0 9 17, +C4<011101>;
S_000002342a450320 .scope module, "fa" "full_adder" 9 18, 9 33 0, S_000002342a44f1f0;
 .timescale 0 0;
    .port_info 0 /INPUT 1 "a";
    .port_info 1 /INPUT 1 "b";
    .port_info 2 /INPUT 1 "cin";
    .port_info 3 /OUTPUT 1 "sum";
    .port_info 4 /OUTPUT 1 "cout";
L_000002342a52b860 .functor XOR 1, L_000002342a4b1810, L_000002342a4b18b0, C4<0>, C4<0>;
L_000002342a52bfd0 .functor XOR 1, L_000002342a52b860, L_000002342a4b4dd0, C4<0>, C4<0>;
L_000002342a52d1c0 .functor AND 1, L_000002342a4b1810, L_000002342a4b18b0, C4<1>, C4<1>;
L_000002342a52b8d0 .functor XOR 1, L_000002342a4b1810, L_000002342a4b18b0, C4<0>, C4<0>;
L_000002342a52c200 .functor AND 1, L_000002342a4b4dd0, L_000002342a52b8d0, C4<1>, C4<1>;
L_000002342a52bb70 .functor OR 1, L_000002342a52d1c0, L_000002342a52c200, C4<0>, C4<0>;
v000002342a4529a0_0 .net *"_ivl_0", 0 0, L_000002342a52b860;  1 drivers
v000002342a451f00_0 .net *"_ivl_4", 0 0, L_000002342a52d1c0;  1 drivers
v000002342a451fa0_0 .net *"_ivl_6", 0 0, L_000002342a52b8d0;  1 drivers
v000002342a451d20_0 .net *"_ivl_8", 0 0, L_000002342a52c200;  1 drivers
v000002342a451a00_0 .net "a", 0 0, L_000002342a4b1810;  1 drivers
v000002342a4536c0_0 .net "b", 0 0, L_000002342a4b18b0;  1 drivers
v000002342a453120_0 .net "cin", 0 0, L_000002342a4b4dd0;  1 drivers
v000002342a451b40_0 .net "cout", 0 0, L_000002342a52bb70;  1 drivers
v000002342a451e60_0 .net "sum", 0 0, L_000002342a52bfd0;  1 drivers
S_000002342a44fce0 .scope generate, "fa_gen[30]" "fa_gen[30]" 9 17, 9 17 0, S_000002342a4383e0;
 .timescale 0 0;
P_000002342a391ad0 .param/l "i" 0 9 17, +C4<011110>;
S_000002342a450640 .scope module, "fa" "full_adder" 9 18, 9 33 0, S_000002342a44fce0;
 .timescale 0 0;
    .port_info 0 /INPUT 1 "a";
    .port_info 1 /INPUT 1 "b";
    .port_info 2 /INPUT 1 "cin";
    .port_info 3 /OUTPUT 1 "sum";
    .port_info 4 /OUTPUT 1 "cout";
L_000002342a52bbe0 .functor XOR 1, L_000002342a4b40b0, L_000002342a4b34d0, C4<0>, C4<0>;
L_000002342a52bd30 .functor XOR 1, L_000002342a52bbe0, L_000002342a4b4d30, C4<0>, C4<0>;
L_000002342a52c040 .functor AND 1, L_000002342a4b40b0, L_000002342a4b34d0, C4<1>, C4<1>;
L_000002342a52c820 .functor XOR 1, L_000002342a4b40b0, L_000002342a4b34d0, C4<0>, C4<0>;
L_000002342a52c0b0 .functor AND 1, L_000002342a4b4d30, L_000002342a52c820, C4<1>, C4<1>;
L_000002342a52c120 .functor OR 1, L_000002342a52c040, L_000002342a52c0b0, C4<0>, C4<0>;
v000002342a452c20_0 .net *"_ivl_0", 0 0, L_000002342a52bbe0;  1 drivers
v000002342a453620_0 .net *"_ivl_4", 0 0, L_000002342a52c040;  1 drivers
v000002342a453760_0 .net *"_ivl_6", 0 0, L_000002342a52c820;  1 drivers
v000002342a4520e0_0 .net *"_ivl_8", 0 0, L_000002342a52c0b0;  1 drivers
v000002342a452360_0 .net "a", 0 0, L_000002342a4b40b0;  1 drivers
v000002342a451140_0 .net "b", 0 0, L_000002342a4b34d0;  1 drivers
v000002342a452540_0 .net "cin", 0 0, L_000002342a4b4d30;  1 drivers
v000002342a452180_0 .net "cout", 0 0, L_000002342a52c120;  1 drivers
v000002342a453580_0 .net "sum", 0 0, L_000002342a52bd30;  1 drivers
S_000002342a450af0 .scope generate, "fa_gen[31]" "fa_gen[31]" 9 17, 9 17 0, S_000002342a4383e0;
 .timescale 0 0;
P_000002342a392110 .param/l "i" 0 9 17, +C4<011111>;
S_000002342a4504b0 .scope module, "fa" "full_adder" 9 18, 9 33 0, S_000002342a450af0;
 .timescale 0 0;
    .port_info 0 /INPUT 1 "a";
    .port_info 1 /INPUT 1 "b";
    .port_info 2 /INPUT 1 "cin";
    .port_info 3 /OUTPUT 1 "sum";
    .port_info 4 /OUTPUT 1 "cout";
L_000002342a52c190 .functor XOR 1, L_000002342a4b4470, L_000002342a4b4fb0, C4<0>, C4<0>;
L_000002342a52c270 .functor XOR 1, L_000002342a52c190, L_000002342a4b3b10, C4<0>, C4<0>;
L_000002342a52c2e0 .functor AND 1, L_000002342a4b4470, L_000002342a4b4fb0, C4<1>, C4<1>;
L_000002342a52c350 .functor XOR 1, L_000002342a4b4470, L_000002342a4b4fb0, C4<0>, C4<0>;
L_000002342a52c4a0 .functor AND 1, L_000002342a4b3b10, L_000002342a52c350, C4<1>, C4<1>;
L_000002342a52c510 .functor OR 1, L_000002342a52c2e0, L_000002342a52c4a0, C4<0>, C4<0>;
v000002342a4511e0_0 .net *"_ivl_0", 0 0, L_000002342a52c190;  1 drivers
v000002342a452040_0 .net *"_ivl_4", 0 0, L_000002342a52c2e0;  1 drivers
v000002342a452a40_0 .net *"_ivl_6", 0 0, L_000002342a52c350;  1 drivers
v000002342a452b80_0 .net *"_ivl_8", 0 0, L_000002342a52c4a0;  1 drivers
v000002342a451aa0_0 .net "a", 0 0, L_000002342a4b4470;  1 drivers
v000002342a452e00_0 .net "b", 0 0, L_000002342a4b4fb0;  1 drivers
v000002342a453800_0 .net "cin", 0 0, L_000002342a4b3b10;  1 drivers
v000002342a453300_0 .net "cout", 0 0, L_000002342a52c510;  1 drivers
v000002342a4525e0_0 .net "sum", 0 0, L_000002342a52c270;  1 drivers
S_000002342a4507d0 .scope module, "rca_neg" "ripple_carry_adder" 6 60, 9 3 0, S_0000023429ff3920;
 .timescale 0 0;
    .port_info 0 /INPUT 32 "A";
    .port_info 1 /INPUT 32 "B";
    .port_info 2 /INPUT 1 "Cin";
    .port_info 3 /OUTPUT 32 "Sum";
    .port_info 4 /OUTPUT 1 "Cout";
    .port_info 5 /OUTPUT 1 "Overflow";
L_000002342a4bae60 .functor BUFT 1, C4<1>, C4<0>, C4<0>, C4<0>;
L_000002342a537510 .functor BUFZ 1, L_000002342a4bae60, C4<0>, C4<0>, C4<0>;
L_000002342a537ac0 .functor XOR 1, L_000002342a499fd0, L_000002342a49b510, C4<0>, C4<0>;
L_000002342a4bae18 .functor BUFT 1, C4<00000000000000000000000000000000>, C4<0>, C4<0>, C4<0>;
v000002342a45da80_0 .net "A", 31 0, L_000002342a4bae18;  1 drivers
v000002342a45dbc0_0 .net "B", 31 0, L_000002342a537eb0;  1 drivers
v000002342a45e2a0_0 .net "Cin", 0 0, L_000002342a4bae60;  1 drivers
v000002342a45e480_0 .net "Cout", 0 0, L_000002342a49b5b0;  alias, 1 drivers
v000002342a45df80_0 .net "Overflow", 0 0, L_000002342a537ac0;  1 drivers
v000002342a45e5c0_0 .net "Sum", 31 0, L_000002342a499c10;  alias, 1 drivers
v000002342a45ed40_0 .net *"_ivl_229", 0 0, L_000002342a537510;  1 drivers
v000002342a45ec00_0 .net *"_ivl_233", 0 0, L_000002342a499fd0;  1 drivers
v000002342a45e200_0 .net *"_ivl_235", 0 0, L_000002342a49b510;  1 drivers
v000002342a45f740_0 .net "carry", 32 0, L_000002342a49a390;  1 drivers
L_000002342a4b7850 .part L_000002342a4bae18, 0, 1;
L_000002342a4b6130 .part L_000002342a537eb0, 0, 1;
L_000002342a4b66d0 .part L_000002342a49a390, 0, 1;
L_000002342a4b6270 .part L_000002342a4bae18, 1, 1;
L_000002342a4b5230 .part L_000002342a537eb0, 1, 1;
L_000002342a4b5410 .part L_000002342a49a390, 1, 1;
L_000002342a4b6310 .part L_000002342a4bae18, 2, 1;
L_000002342a4b6590 .part L_000002342a537eb0, 2, 1;
L_000002342a4b6630 .part L_000002342a49a390, 2, 1;
L_000002342a4b6770 .part L_000002342a4bae18, 3, 1;
L_000002342a4b78f0 .part L_000002342a537eb0, 3, 1;
L_000002342a4b6810 .part L_000002342a49a390, 3, 1;
L_000002342a4b68b0 .part L_000002342a4bae18, 4, 1;
L_000002342a4b54b0 .part L_000002342a537eb0, 4, 1;
L_000002342a4b55f0 .part L_000002342a49a390, 4, 1;
L_000002342a4b8cf0 .part L_000002342a4bae18, 5, 1;
L_000002342a4b7a30 .part L_000002342a537eb0, 5, 1;
L_000002342a4b7ad0 .part L_000002342a49a390, 5, 1;
L_000002342a4b8a70 .part L_000002342a4bae18, 6, 1;
L_000002342a4b86b0 .part L_000002342a537eb0, 6, 1;
L_000002342a4b82f0 .part L_000002342a49a390, 6, 1;
L_000002342a4b7b70 .part L_000002342a4bae18, 7, 1;
L_000002342a4b8110 .part L_000002342a537eb0, 7, 1;
L_000002342a4b96f0 .part L_000002342a49a390, 7, 1;
L_000002342a4b7df0 .part L_000002342a4bae18, 8, 1;
L_000002342a4b8d90 .part L_000002342a537eb0, 8, 1;
L_000002342a4b9330 .part L_000002342a49a390, 8, 1;
L_000002342a4b95b0 .part L_000002342a4bae18, 9, 1;
L_000002342a4b7c10 .part L_000002342a537eb0, 9, 1;
L_000002342a4b93d0 .part L_000002342a49a390, 9, 1;
L_000002342a4b8f70 .part L_000002342a4bae18, 10, 1;
L_000002342a4b8ed0 .part L_000002342a537eb0, 10, 1;
L_000002342a4b7cb0 .part L_000002342a49a390, 10, 1;
L_000002342a4b9470 .part L_000002342a4bae18, 11, 1;
L_000002342a4b89d0 .part L_000002342a537eb0, 11, 1;
L_000002342a4b7d50 .part L_000002342a49a390, 11, 1;
L_000002342a4b9650 .part L_000002342a4bae18, 12, 1;
L_000002342a4b8e30 .part L_000002342a537eb0, 12, 1;
L_000002342a4b8bb0 .part L_000002342a49a390, 12, 1;
L_000002342a4b8390 .part L_000002342a4bae18, 13, 1;
L_000002342a4b8750 .part L_000002342a537eb0, 13, 1;
L_000002342a4b7e90 .part L_000002342a49a390, 13, 1;
L_000002342a4b81b0 .part L_000002342a4bae18, 14, 1;
L_000002342a4b8250 .part L_000002342a537eb0, 14, 1;
L_000002342a4b9790 .part L_000002342a49a390, 14, 1;
L_000002342a4b8430 .part L_000002342a4bae18, 15, 1;
L_000002342a4b9830 .part L_000002342a537eb0, 15, 1;
L_000002342a4b7990 .part L_000002342a49a390, 15, 1;
L_000002342a4b9010 .part L_000002342a4bae18, 16, 1;
L_000002342a4b7f30 .part L_000002342a537eb0, 16, 1;
L_000002342a4b7fd0 .part L_000002342a49a390, 16, 1;
L_000002342a4b90b0 .part L_000002342a4bae18, 17, 1;
L_000002342a4b8070 .part L_000002342a537eb0, 17, 1;
L_000002342a4b84d0 .part L_000002342a49a390, 17, 1;
L_000002342a4b9150 .part L_000002342a4bae18, 18, 1;
L_000002342a4b8570 .part L_000002342a537eb0, 18, 1;
L_000002342a4b8610 .part L_000002342a49a390, 18, 1;
L_000002342a4b87f0 .part L_000002342a4bae18, 19, 1;
L_000002342a4b8890 .part L_000002342a537eb0, 19, 1;
L_000002342a4b8b10 .part L_000002342a49a390, 19, 1;
L_000002342a4b8930 .part L_000002342a4bae18, 20, 1;
L_000002342a4b8c50 .part L_000002342a537eb0, 20, 1;
L_000002342a4b91f0 .part L_000002342a49a390, 20, 1;
L_000002342a4b9290 .part L_000002342a4bae18, 21, 1;
L_000002342a4b9510 .part L_000002342a537eb0, 21, 1;
L_000002342a49b650 .part L_000002342a49a390, 21, 1;
L_000002342a49ab10 .part L_000002342a4bae18, 22, 1;
L_000002342a49ad90 .part L_000002342a537eb0, 22, 1;
L_000002342a499ad0 .part L_000002342a49a390, 22, 1;
L_000002342a49b1f0 .part L_000002342a4bae18, 23, 1;
L_000002342a49ae30 .part L_000002342a537eb0, 23, 1;
L_000002342a49aed0 .part L_000002342a49a390, 23, 1;
L_000002342a499990 .part L_000002342a4bae18, 24, 1;
L_000002342a49a4d0 .part L_000002342a537eb0, 24, 1;
L_000002342a49abb0 .part L_000002342a49a390, 24, 1;
L_000002342a49ac50 .part L_000002342a4bae18, 25, 1;
L_000002342a49b010 .part L_000002342a537eb0, 25, 1;
L_000002342a49b3d0 .part L_000002342a49a390, 25, 1;
L_000002342a49a430 .part L_000002342a4bae18, 26, 1;
L_000002342a49a570 .part L_000002342a537eb0, 26, 1;
L_000002342a49a610 .part L_000002342a49a390, 26, 1;
L_000002342a49b6f0 .part L_000002342a4bae18, 27, 1;
L_000002342a49a2f0 .part L_000002342a537eb0, 27, 1;
L_000002342a49ba10 .part L_000002342a49a390, 27, 1;
L_000002342a49b330 .part L_000002342a4bae18, 28, 1;
L_000002342a49b0b0 .part L_000002342a537eb0, 28, 1;
L_000002342a49b470 .part L_000002342a49a390, 28, 1;
L_000002342a49bb50 .part L_000002342a4bae18, 29, 1;
L_000002342a49b290 .part L_000002342a537eb0, 29, 1;
L_000002342a49a6b0 .part L_000002342a49a390, 29, 1;
L_000002342a49bd30 .part L_000002342a4bae18, 30, 1;
L_000002342a49b150 .part L_000002342a537eb0, 30, 1;
L_000002342a499d50 .part L_000002342a49a390, 30, 1;
L_000002342a49acf0 .part L_000002342a4bae18, 31, 1;
L_000002342a499b70 .part L_000002342a537eb0, 31, 1;
L_000002342a49bc90 .part L_000002342a49a390, 31, 1;
LS_000002342a499c10_0_0 .concat8 [ 1 1 1 1], L_000002342a53b480, L_000002342a53a920, L_000002342a53b4f0, L_000002342a53a990;
LS_000002342a499c10_0_4 .concat8 [ 1 1 1 1], L_000002342a53ba30, L_000002342a53b5d0, L_000002342a53b090, L_000002342a53bcd0;
LS_000002342a499c10_0_8 .concat8 [ 1 1 1 1], L_000002342a53bf00, L_000002342a53b100, L_000002342a53cf30, L_000002342a53cde0;
LS_000002342a499c10_0_12 .concat8 [ 1 1 1 1], L_000002342a53cfa0, L_000002342a53cad0, L_000002342a53c9f0, L_000002342a53c590;
LS_000002342a499c10_0_16 .concat8 [ 1 1 1 1], L_000002342a535750, L_000002342a5367f0, L_000002342a535b40, L_000002342a536e10;
LS_000002342a499c10_0_20 .concat8 [ 1 1 1 1], L_000002342a536d30, L_000002342a536240, L_000002342a535e50, L_000002342a535f30;
LS_000002342a499c10_0_24 .concat8 [ 1 1 1 1], L_000002342a536be0, L_000002342a5360f0, L_000002342a536e80, L_000002342a538930;
LS_000002342a499c10_0_28 .concat8 [ 1 1 1 1], L_000002342a5388c0, L_000002342a537b30, L_000002342a536f60, L_000002342a5381c0;
LS_000002342a499c10_1_0 .concat8 [ 4 4 4 4], LS_000002342a499c10_0_0, LS_000002342a499c10_0_4, LS_000002342a499c10_0_8, LS_000002342a499c10_0_12;
LS_000002342a499c10_1_4 .concat8 [ 4 4 4 4], LS_000002342a499c10_0_16, LS_000002342a499c10_0_20, LS_000002342a499c10_0_24, LS_000002342a499c10_0_28;
L_000002342a499c10 .concat8 [ 16 16 0 0], LS_000002342a499c10_1_0, LS_000002342a499c10_1_4;
LS_000002342a49a390_0_0 .concat8 [ 1 1 1 1], L_000002342a537510, L_000002342a53b790, L_000002342a53b800, L_000002342a53bd40;
LS_000002342a49a390_0_4 .concat8 [ 1 1 1 1], L_000002342a53aed0, L_000002342a53b1e0, L_000002342a53aa70, L_000002342a53abc0;
LS_000002342a49a390_0_8 .concat8 [ 1 1 1 1], L_000002342a53b410, L_000002342a53bfe0, L_000002342a53c050, L_000002342a53d080;
LS_000002342a49a390_0_12 .concat8 [ 1 1 1 1], L_000002342a53cc90, L_000002342a53c440, L_000002342a53d160, L_000002342a53c360;
LS_000002342a49a390_0_16 .concat8 [ 1 1 1 1], L_000002342a535c90, L_000002342a536630, L_000002342a535360, L_000002342a536160;
LS_000002342a49a390_0_20 .concat8 [ 1 1 1 1], L_000002342a535d00, L_000002342a5366a0, L_000002342a5362b0, L_000002342a536470;
LS_000002342a49a390_0_24 .concat8 [ 1 1 1 1], L_000002342a536080, L_000002342a536940, L_000002342a536cc0, L_000002342a538a10;
LS_000002342a49a390_0_28 .concat8 [ 1 1 1 1], L_000002342a5389a0, L_000002342a537d60, L_000002342a537580, L_000002342a538700;
LS_000002342a49a390_0_32 .concat8 [ 1 0 0 0], L_000002342a5383f0;
LS_000002342a49a390_1_0 .concat8 [ 4 4 4 4], LS_000002342a49a390_0_0, LS_000002342a49a390_0_4, LS_000002342a49a390_0_8, LS_000002342a49a390_0_12;
LS_000002342a49a390_1_4 .concat8 [ 4 4 4 4], LS_000002342a49a390_0_16, LS_000002342a49a390_0_20, LS_000002342a49a390_0_24, LS_000002342a49a390_0_28;
LS_000002342a49a390_1_8 .concat8 [ 1 0 0 0], LS_000002342a49a390_0_32;
L_000002342a49a390 .concat8 [ 16 16 1 0], LS_000002342a49a390_1_0, LS_000002342a49a390_1_4, LS_000002342a49a390_1_8;
L_000002342a49b5b0 .part L_000002342a49a390, 32, 1;
L_000002342a499fd0 .part L_000002342a49a390, 31, 1;
L_000002342a49b510 .part L_000002342a49a390, 32, 1;
S_000002342a461850 .scope generate, "fa_gen[0]" "fa_gen[0]" 9 17, 9 17 0, S_000002342a4507d0;
 .timescale 0 0;
P_000002342a391d90 .param/l "i" 0 9 17, +C4<00>;
S_000002342a461530 .scope module, "fa" "full_adder" 9 18, 9 33 0, S_000002342a461850;
 .timescale 0 0;
    .port_info 0 /INPUT 1 "a";
    .port_info 1 /INPUT 1 "b";
    .port_info 2 /INPUT 1 "cin";
    .port_info 3 /OUTPUT 1 "sum";
    .port_info 4 /OUTPUT 1 "cout";
L_000002342a53adf0 .functor XOR 1, L_000002342a4b7850, L_000002342a4b6130, C4<0>, C4<0>;
L_000002342a53b480 .functor XOR 1, L_000002342a53adf0, L_000002342a4b66d0, C4<0>, C4<0>;
L_000002342a53a8b0 .functor AND 1, L_000002342a4b7850, L_000002342a4b6130, C4<1>, C4<1>;
L_000002342a53c130 .functor XOR 1, L_000002342a4b7850, L_000002342a4b6130, C4<0>, C4<0>;
L_000002342a53b720 .functor AND 1, L_000002342a4b66d0, L_000002342a53c130, C4<1>, C4<1>;
L_000002342a53b790 .functor OR 1, L_000002342a53a8b0, L_000002342a53b720, C4<0>, C4<0>;
v000002342a452400_0 .net *"_ivl_0", 0 0, L_000002342a53adf0;  1 drivers
v000002342a453080_0 .net *"_ivl_4", 0 0, L_000002342a53a8b0;  1 drivers
v000002342a4524a0_0 .net *"_ivl_6", 0 0, L_000002342a53c130;  1 drivers
v000002342a452ea0_0 .net *"_ivl_8", 0 0, L_000002342a53b720;  1 drivers
v000002342a451640_0 .net "a", 0 0, L_000002342a4b7850;  1 drivers
v000002342a451320_0 .net "b", 0 0, L_000002342a4b6130;  1 drivers
v000002342a451c80_0 .net "cin", 0 0, L_000002342a4b66d0;  1 drivers
v000002342a452680_0 .net "cout", 0 0, L_000002342a53b790;  1 drivers
v000002342a4513c0_0 .net "sum", 0 0, L_000002342a53b480;  1 drivers
S_000002342a4619e0 .scope generate, "fa_gen[1]" "fa_gen[1]" 9 17, 9 17 0, S_000002342a4507d0;
 .timescale 0 0;
P_000002342a391910 .param/l "i" 0 9 17, +C4<01>;
S_000002342a461b70 .scope module, "fa" "full_adder" 9 18, 9 33 0, S_000002342a4619e0;
 .timescale 0 0;
    .port_info 0 /INPUT 1 "a";
    .port_info 1 /INPUT 1 "b";
    .port_info 2 /INPUT 1 "cin";
    .port_info 3 /OUTPUT 1 "sum";
    .port_info 4 /OUTPUT 1 "cout";
L_000002342a53c1a0 .functor XOR 1, L_000002342a4b6270, L_000002342a4b5230, C4<0>, C4<0>;
L_000002342a53a920 .functor XOR 1, L_000002342a53c1a0, L_000002342a4b5410, C4<0>, C4<0>;
L_000002342a53bb80 .functor AND 1, L_000002342a4b6270, L_000002342a4b5230, C4<1>, C4<1>;
L_000002342a53c210 .functor XOR 1, L_000002342a4b6270, L_000002342a4b5230, C4<0>, C4<0>;
L_000002342a53a840 .functor AND 1, L_000002342a4b5410, L_000002342a53c210, C4<1>, C4<1>;
L_000002342a53b800 .functor OR 1, L_000002342a53bb80, L_000002342a53a840, C4<0>, C4<0>;
v000002342a452720_0 .net *"_ivl_0", 0 0, L_000002342a53c1a0;  1 drivers
v000002342a4527c0_0 .net *"_ivl_4", 0 0, L_000002342a53bb80;  1 drivers
v000002342a452fe0_0 .net *"_ivl_6", 0 0, L_000002342a53c210;  1 drivers
v000002342a4518c0_0 .net *"_ivl_8", 0 0, L_000002342a53a840;  1 drivers
v000002342a4531c0_0 .net "a", 0 0, L_000002342a4b6270;  1 drivers
v000002342a452ae0_0 .net "b", 0 0, L_000002342a4b5230;  1 drivers
v000002342a453260_0 .net "cin", 0 0, L_000002342a4b5410;  1 drivers
v000002342a451780_0 .net "cout", 0 0, L_000002342a53b800;  1 drivers
v000002342a4533a0_0 .net "sum", 0 0, L_000002342a53a920;  1 drivers
S_000002342a461210 .scope generate, "fa_gen[2]" "fa_gen[2]" 9 17, 9 17 0, S_000002342a4507d0;
 .timescale 0 0;
P_000002342a391950 .param/l "i" 0 9 17, +C4<010>;
S_000002342a4621b0 .scope module, "fa" "full_adder" 9 18, 9 33 0, S_000002342a461210;
 .timescale 0 0;
    .port_info 0 /INPUT 1 "a";
    .port_info 1 /INPUT 1 "b";
    .port_info 2 /INPUT 1 "cin";
    .port_info 3 /OUTPUT 1 "sum";
    .port_info 4 /OUTPUT 1 "cout";
L_000002342a53b870 .functor XOR 1, L_000002342a4b6310, L_000002342a4b6590, C4<0>, C4<0>;
L_000002342a53b4f0 .functor XOR 1, L_000002342a53b870, L_000002342a4b6630, C4<0>, C4<0>;
L_000002342a53aa00 .functor AND 1, L_000002342a4b6310, L_000002342a4b6590, C4<1>, C4<1>;
L_000002342a53ae60 .functor XOR 1, L_000002342a4b6310, L_000002342a4b6590, C4<0>, C4<0>;
L_000002342a53b020 .functor AND 1, L_000002342a4b6630, L_000002342a53ae60, C4<1>, C4<1>;
L_000002342a53bd40 .functor OR 1, L_000002342a53aa00, L_000002342a53b020, C4<0>, C4<0>;
v000002342a453440_0 .net *"_ivl_0", 0 0, L_000002342a53b870;  1 drivers
v000002342a4534e0_0 .net *"_ivl_4", 0 0, L_000002342a53aa00;  1 drivers
v000002342a451460_0 .net *"_ivl_6", 0 0, L_000002342a53ae60;  1 drivers
v000002342a451500_0 .net *"_ivl_8", 0 0, L_000002342a53b020;  1 drivers
v000002342a451820_0 .net "a", 0 0, L_000002342a4b6310;  1 drivers
v000002342a451960_0 .net "b", 0 0, L_000002342a4b6590;  1 drivers
v000002342a454b60_0 .net "cin", 0 0, L_000002342a4b6630;  1 drivers
v000002342a455ec0_0 .net "cout", 0 0, L_000002342a53bd40;  1 drivers
v000002342a454d40_0 .net "sum", 0 0, L_000002342a53b4f0;  1 drivers
S_000002342a462340 .scope generate, "fa_gen[3]" "fa_gen[3]" 9 17, 9 17 0, S_000002342a4507d0;
 .timescale 0 0;
P_000002342a391810 .param/l "i" 0 9 17, +C4<011>;
S_000002342a4613a0 .scope module, "fa" "full_adder" 9 18, 9 33 0, S_000002342a462340;
 .timescale 0 0;
    .port_info 0 /INPUT 1 "a";
    .port_info 1 /INPUT 1 "b";
    .port_info 2 /INPUT 1 "cin";
    .port_info 3 /OUTPUT 1 "sum";
    .port_info 4 /OUTPUT 1 "cout";
L_000002342a53a760 .functor XOR 1, L_000002342a4b6770, L_000002342a4b78f0, C4<0>, C4<0>;
L_000002342a53a990 .functor XOR 1, L_000002342a53a760, L_000002342a4b6810, C4<0>, C4<0>;
L_000002342a53be90 .functor AND 1, L_000002342a4b6770, L_000002342a4b78f0, C4<1>, C4<1>;
L_000002342a53b8e0 .functor XOR 1, L_000002342a4b6770, L_000002342a4b78f0, C4<0>, C4<0>;
L_000002342a53aca0 .functor AND 1, L_000002342a4b6810, L_000002342a53b8e0, C4<1>, C4<1>;
L_000002342a53aed0 .functor OR 1, L_000002342a53be90, L_000002342a53aca0, C4<0>, C4<0>;
v000002342a455d80_0 .net *"_ivl_0", 0 0, L_000002342a53a760;  1 drivers
v000002342a455060_0 .net *"_ivl_4", 0 0, L_000002342a53be90;  1 drivers
v000002342a453b20_0 .net *"_ivl_6", 0 0, L_000002342a53b8e0;  1 drivers
v000002342a453da0_0 .net *"_ivl_8", 0 0, L_000002342a53aca0;  1 drivers
v000002342a454c00_0 .net "a", 0 0, L_000002342a4b6770;  1 drivers
v000002342a4552e0_0 .net "b", 0 0, L_000002342a4b78f0;  1 drivers
v000002342a4551a0_0 .net "cin", 0 0, L_000002342a4b6810;  1 drivers
v000002342a4547a0_0 .net "cout", 0 0, L_000002342a53aed0;  1 drivers
v000002342a453f80_0 .net "sum", 0 0, L_000002342a53a990;  1 drivers
S_000002342a462980 .scope generate, "fa_gen[4]" "fa_gen[4]" 9 17, 9 17 0, S_000002342a4507d0;
 .timescale 0 0;
P_000002342a391a50 .param/l "i" 0 9 17, +C4<0100>;
S_000002342a462660 .scope module, "fa" "full_adder" 9 18, 9 33 0, S_000002342a462980;
 .timescale 0 0;
    .port_info 0 /INPUT 1 "a";
    .port_info 1 /INPUT 1 "b";
    .port_info 2 /INPUT 1 "cin";
    .port_info 3 /OUTPUT 1 "sum";
    .port_info 4 /OUTPUT 1 "cout";
L_000002342a53af40 .functor XOR 1, L_000002342a4b68b0, L_000002342a4b54b0, C4<0>, C4<0>;
L_000002342a53ba30 .functor XOR 1, L_000002342a53af40, L_000002342a4b55f0, C4<0>, C4<0>;
L_000002342a53baa0 .functor AND 1, L_000002342a4b68b0, L_000002342a4b54b0, C4<1>, C4<1>;
L_000002342a53aae0 .functor XOR 1, L_000002342a4b68b0, L_000002342a4b54b0, C4<0>, C4<0>;
L_000002342a53b170 .functor AND 1, L_000002342a4b55f0, L_000002342a53aae0, C4<1>, C4<1>;
L_000002342a53b1e0 .functor OR 1, L_000002342a53baa0, L_000002342a53b170, C4<0>, C4<0>;
v000002342a455880_0 .net *"_ivl_0", 0 0, L_000002342a53af40;  1 drivers
v000002342a454de0_0 .net *"_ivl_4", 0 0, L_000002342a53baa0;  1 drivers
v000002342a4540c0_0 .net *"_ivl_6", 0 0, L_000002342a53aae0;  1 drivers
v000002342a453c60_0 .net *"_ivl_8", 0 0, L_000002342a53b170;  1 drivers
v000002342a455100_0 .net "a", 0 0, L_000002342a4b68b0;  1 drivers
v000002342a455240_0 .net "b", 0 0, L_000002342a4b54b0;  1 drivers
v000002342a454660_0 .net "cin", 0 0, L_000002342a4b55f0;  1 drivers
v000002342a454980_0 .net "cout", 0 0, L_000002342a53b1e0;  1 drivers
v000002342a454520_0 .net "sum", 0 0, L_000002342a53ba30;  1 drivers
S_000002342a461d00 .scope generate, "fa_gen[5]" "fa_gen[5]" 9 17, 9 17 0, S_000002342a4507d0;
 .timescale 0 0;
P_000002342a392290 .param/l "i" 0 9 17, +C4<0101>;
S_000002342a4616c0 .scope module, "fa" "full_adder" 9 18, 9 33 0, S_000002342a461d00;
 .timescale 0 0;
    .port_info 0 /INPUT 1 "a";
    .port_info 1 /INPUT 1 "b";
    .port_info 2 /INPUT 1 "cin";
    .port_info 3 /OUTPUT 1 "sum";
    .port_info 4 /OUTPUT 1 "cout";
L_000002342a53bbf0 .functor XOR 1, L_000002342a4b8cf0, L_000002342a4b7a30, C4<0>, C4<0>;
L_000002342a53b5d0 .functor XOR 1, L_000002342a53bbf0, L_000002342a4b7ad0, C4<0>, C4<0>;
L_000002342a53b950 .functor AND 1, L_000002342a4b8cf0, L_000002342a4b7a30, C4<1>, C4<1>;
L_000002342a53bb10 .functor XOR 1, L_000002342a4b8cf0, L_000002342a4b7a30, C4<0>, C4<0>;
L_000002342a53b330 .functor AND 1, L_000002342a4b7ad0, L_000002342a53bb10, C4<1>, C4<1>;
L_000002342a53aa70 .functor OR 1, L_000002342a53b950, L_000002342a53b330, C4<0>, C4<0>;
v000002342a455e20_0 .net *"_ivl_0", 0 0, L_000002342a53bbf0;  1 drivers
v000002342a454480_0 .net *"_ivl_4", 0 0, L_000002342a53b950;  1 drivers
v000002342a4557e0_0 .net *"_ivl_6", 0 0, L_000002342a53bb10;  1 drivers
v000002342a454e80_0 .net *"_ivl_8", 0 0, L_000002342a53b330;  1 drivers
v000002342a454ca0_0 .net "a", 0 0, L_000002342a4b8cf0;  1 drivers
v000002342a454200_0 .net "b", 0 0, L_000002342a4b7a30;  1 drivers
v000002342a455f60_0 .net "cin", 0 0, L_000002342a4b7ad0;  1 drivers
v000002342a455740_0 .net "cout", 0 0, L_000002342a53aa70;  1 drivers
v000002342a455c40_0 .net "sum", 0 0, L_000002342a53b5d0;  1 drivers
S_000002342a462e30 .scope generate, "fa_gen[6]" "fa_gen[6]" 9 17, 9 17 0, S_000002342a4507d0;
 .timescale 0 0;
P_000002342a391b10 .param/l "i" 0 9 17, +C4<0110>;
S_000002342a461e90 .scope module, "fa" "full_adder" 9 18, 9 33 0, S_000002342a462e30;
 .timescale 0 0;
    .port_info 0 /INPUT 1 "a";
    .port_info 1 /INPUT 1 "b";
    .port_info 2 /INPUT 1 "cin";
    .port_info 3 /OUTPUT 1 "sum";
    .port_info 4 /OUTPUT 1 "cout";
L_000002342a53c0c0 .functor XOR 1, L_000002342a4b8a70, L_000002342a4b86b0, C4<0>, C4<0>;
L_000002342a53b090 .functor XOR 1, L_000002342a53c0c0, L_000002342a4b82f0, C4<0>, C4<0>;
L_000002342a53b560 .functor AND 1, L_000002342a4b8a70, L_000002342a4b86b0, C4<1>, C4<1>;
L_000002342a53bc60 .functor XOR 1, L_000002342a4b8a70, L_000002342a4b86b0, C4<0>, C4<0>;
L_000002342a53ab50 .functor AND 1, L_000002342a4b82f0, L_000002342a53bc60, C4<1>, C4<1>;
L_000002342a53abc0 .functor OR 1, L_000002342a53b560, L_000002342a53ab50, C4<0>, C4<0>;
v000002342a4538a0_0 .net *"_ivl_0", 0 0, L_000002342a53c0c0;  1 drivers
v000002342a4559c0_0 .net *"_ivl_4", 0 0, L_000002342a53b560;  1 drivers
v000002342a455380_0 .net *"_ivl_6", 0 0, L_000002342a53bc60;  1 drivers
v000002342a455a60_0 .net *"_ivl_8", 0 0, L_000002342a53ab50;  1 drivers
v000002342a455420_0 .net "a", 0 0, L_000002342a4b8a70;  1 drivers
v000002342a4556a0_0 .net "b", 0 0, L_000002342a4b86b0;  1 drivers
v000002342a455b00_0 .net "cin", 0 0, L_000002342a4b82f0;  1 drivers
v000002342a455ce0_0 .net "cout", 0 0, L_000002342a53abc0;  1 drivers
v000002342a454fc0_0 .net "sum", 0 0, L_000002342a53b090;  1 drivers
S_000002342a461080 .scope generate, "fa_gen[7]" "fa_gen[7]" 9 17, 9 17 0, S_000002342a4507d0;
 .timescale 0 0;
P_000002342a391610 .param/l "i" 0 9 17, +C4<0111>;
S_000002342a462020 .scope module, "fa" "full_adder" 9 18, 9 33 0, S_000002342a461080;
 .timescale 0 0;
    .port_info 0 /INPUT 1 "a";
    .port_info 1 /INPUT 1 "b";
    .port_info 2 /INPUT 1 "cin";
    .port_info 3 /OUTPUT 1 "sum";
    .port_info 4 /OUTPUT 1 "cout";
L_000002342a53b3a0 .functor XOR 1, L_000002342a4b7b70, L_000002342a4b8110, C4<0>, C4<0>;
L_000002342a53bcd0 .functor XOR 1, L_000002342a53b3a0, L_000002342a4b96f0, C4<0>, C4<0>;
L_000002342a53ad10 .functor AND 1, L_000002342a4b7b70, L_000002342a4b8110, C4<1>, C4<1>;
L_000002342a53bdb0 .functor XOR 1, L_000002342a4b7b70, L_000002342a4b8110, C4<0>, C4<0>;
L_000002342a53a7d0 .functor AND 1, L_000002342a4b96f0, L_000002342a53bdb0, C4<1>, C4<1>;
L_000002342a53b410 .functor OR 1, L_000002342a53ad10, L_000002342a53a7d0, C4<0>, C4<0>;
v000002342a4554c0_0 .net *"_ivl_0", 0 0, L_000002342a53b3a0;  1 drivers
v000002342a453940_0 .net *"_ivl_4", 0 0, L_000002342a53ad10;  1 drivers
v000002342a456000_0 .net *"_ivl_6", 0 0, L_000002342a53bdb0;  1 drivers
v000002342a455560_0 .net *"_ivl_8", 0 0, L_000002342a53a7d0;  1 drivers
v000002342a4539e0_0 .net "a", 0 0, L_000002342a4b7b70;  1 drivers
v000002342a455600_0 .net "b", 0 0, L_000002342a4b8110;  1 drivers
v000002342a453d00_0 .net "cin", 0 0, L_000002342a4b96f0;  1 drivers
v000002342a454020_0 .net "cout", 0 0, L_000002342a53b410;  1 drivers
v000002342a453a80_0 .net "sum", 0 0, L_000002342a53bcd0;  1 drivers
S_000002342a4627f0 .scope generate, "fa_gen[8]" "fa_gen[8]" 9 17, 9 17 0, S_000002342a4507d0;
 .timescale 0 0;
P_000002342a3915d0 .param/l "i" 0 9 17, +C4<01000>;
S_000002342a4624d0 .scope module, "fa" "full_adder" 9 18, 9 33 0, S_000002342a4627f0;
 .timescale 0 0;
    .port_info 0 /INPUT 1 "a";
    .port_info 1 /INPUT 1 "b";
    .port_info 2 /INPUT 1 "cin";
    .port_info 3 /OUTPUT 1 "sum";
    .port_info 4 /OUTPUT 1 "cout";
L_000002342a53be20 .functor XOR 1, L_000002342a4b7df0, L_000002342a4b8d90, C4<0>, C4<0>;
L_000002342a53bf00 .functor XOR 1, L_000002342a53be20, L_000002342a4b9330, C4<0>, C4<0>;
L_000002342a53ac30 .functor AND 1, L_000002342a4b7df0, L_000002342a4b8d90, C4<1>, C4<1>;
L_000002342a53b640 .functor XOR 1, L_000002342a4b7df0, L_000002342a4b8d90, C4<0>, C4<0>;
L_000002342a53afb0 .functor AND 1, L_000002342a4b9330, L_000002342a53b640, C4<1>, C4<1>;
L_000002342a53bfe0 .functor OR 1, L_000002342a53ac30, L_000002342a53afb0, C4<0>, C4<0>;
v000002342a455920_0 .net *"_ivl_0", 0 0, L_000002342a53be20;  1 drivers
v000002342a454f20_0 .net *"_ivl_4", 0 0, L_000002342a53ac30;  1 drivers
v000002342a454700_0 .net *"_ivl_6", 0 0, L_000002342a53b640;  1 drivers
v000002342a453bc0_0 .net *"_ivl_8", 0 0, L_000002342a53afb0;  1 drivers
v000002342a455ba0_0 .net "a", 0 0, L_000002342a4b7df0;  1 drivers
v000002342a454840_0 .net "b", 0 0, L_000002342a4b8d90;  1 drivers
v000002342a454a20_0 .net "cin", 0 0, L_000002342a4b9330;  1 drivers
v000002342a4545c0_0 .net "cout", 0 0, L_000002342a53bfe0;  1 drivers
v000002342a453e40_0 .net "sum", 0 0, L_000002342a53bf00;  1 drivers
S_000002342a462b10 .scope generate, "fa_gen[9]" "fa_gen[9]" 9 17, 9 17 0, S_000002342a4507d0;
 .timescale 0 0;
P_000002342a391490 .param/l "i" 0 9 17, +C4<01001>;
S_000002342a462ca0 .scope module, "fa" "full_adder" 9 18, 9 33 0, S_000002342a462b10;
 .timescale 0 0;
    .port_info 0 /INPUT 1 "a";
    .port_info 1 /INPUT 1 "b";
    .port_info 2 /INPUT 1 "cin";
    .port_info 3 /OUTPUT 1 "sum";
    .port_info 4 /OUTPUT 1 "cout";
L_000002342a53c280 .functor XOR 1, L_000002342a4b95b0, L_000002342a4b7c10, C4<0>, C4<0>;
L_000002342a53b100 .functor XOR 1, L_000002342a53c280, L_000002342a4b93d0, C4<0>, C4<0>;
L_000002342a53b250 .functor AND 1, L_000002342a4b95b0, L_000002342a4b7c10, C4<1>, C4<1>;
L_000002342a53b2c0 .functor XOR 1, L_000002342a4b95b0, L_000002342a4b7c10, C4<0>, C4<0>;
L_000002342a53b6b0 .functor AND 1, L_000002342a4b93d0, L_000002342a53b2c0, C4<1>, C4<1>;
L_000002342a53c050 .functor OR 1, L_000002342a53b250, L_000002342a53b6b0, C4<0>, C4<0>;
v000002342a453ee0_0 .net *"_ivl_0", 0 0, L_000002342a53c280;  1 drivers
v000002342a454160_0 .net *"_ivl_4", 0 0, L_000002342a53b250;  1 drivers
v000002342a4542a0_0 .net *"_ivl_6", 0 0, L_000002342a53b2c0;  1 drivers
v000002342a454340_0 .net *"_ivl_8", 0 0, L_000002342a53b6b0;  1 drivers
v000002342a4543e0_0 .net "a", 0 0, L_000002342a4b95b0;  1 drivers
v000002342a4548e0_0 .net "b", 0 0, L_000002342a4b7c10;  1 drivers
v000002342a454ac0_0 .net "cin", 0 0, L_000002342a4b93d0;  1 drivers
v000002342a458440_0 .net "cout", 0 0, L_000002342a53c050;  1 drivers
v000002342a456960_0 .net "sum", 0 0, L_000002342a53b100;  1 drivers
S_000002342a464670 .scope generate, "fa_gen[10]" "fa_gen[10]" 9 17, 9 17 0, S_000002342a4507d0;
 .timescale 0 0;
P_000002342a391890 .param/l "i" 0 9 17, +C4<01010>;
S_000002342a4639f0 .scope module, "fa" "full_adder" 9 18, 9 33 0, S_000002342a464670;
 .timescale 0 0;
    .port_info 0 /INPUT 1 "a";
    .port_info 1 /INPUT 1 "b";
    .port_info 2 /INPUT 1 "cin";
    .port_info 3 /OUTPUT 1 "sum";
    .port_info 4 /OUTPUT 1 "cout";
L_000002342a53cd00 .functor XOR 1, L_000002342a4b8f70, L_000002342a4b8ed0, C4<0>, C4<0>;
L_000002342a53cf30 .functor XOR 1, L_000002342a53cd00, L_000002342a4b7cb0, C4<0>, C4<0>;
L_000002342a53cc20 .functor AND 1, L_000002342a4b8f70, L_000002342a4b8ed0, C4<1>, C4<1>;
L_000002342a53cd70 .functor XOR 1, L_000002342a4b8f70, L_000002342a4b8ed0, C4<0>, C4<0>;
L_000002342a53c2f0 .functor AND 1, L_000002342a4b7cb0, L_000002342a53cd70, C4<1>, C4<1>;
L_000002342a53d080 .functor OR 1, L_000002342a53cc20, L_000002342a53c2f0, C4<0>, C4<0>;
v000002342a4561e0_0 .net *"_ivl_0", 0 0, L_000002342a53cd00;  1 drivers
v000002342a456280_0 .net *"_ivl_4", 0 0, L_000002342a53cc20;  1 drivers
v000002342a457680_0 .net *"_ivl_6", 0 0, L_000002342a53cd70;  1 drivers
v000002342a457c20_0 .net *"_ivl_8", 0 0, L_000002342a53c2f0;  1 drivers
v000002342a457ea0_0 .net "a", 0 0, L_000002342a4b8f70;  1 drivers
v000002342a4572c0_0 .net "b", 0 0, L_000002342a4b8ed0;  1 drivers
v000002342a458620_0 .net "cin", 0 0, L_000002342a4b7cb0;  1 drivers
v000002342a4586c0_0 .net "cout", 0 0, L_000002342a53d080;  1 drivers
v000002342a4570e0_0 .net "sum", 0 0, L_000002342a53cf30;  1 drivers
S_000002342a463540 .scope generate, "fa_gen[11]" "fa_gen[11]" 9 17, 9 17 0, S_000002342a4507d0;
 .timescale 0 0;
P_000002342a392250 .param/l "i" 0 9 17, +C4<01011>;
S_000002342a464800 .scope module, "fa" "full_adder" 9 18, 9 33 0, S_000002342a463540;
 .timescale 0 0;
    .port_info 0 /INPUT 1 "a";
    .port_info 1 /INPUT 1 "b";
    .port_info 2 /INPUT 1 "cin";
    .port_info 3 /OUTPUT 1 "sum";
    .port_info 4 /OUTPUT 1 "cout";
L_000002342a53c6e0 .functor XOR 1, L_000002342a4b9470, L_000002342a4b89d0, C4<0>, C4<0>;
L_000002342a53cde0 .functor XOR 1, L_000002342a53c6e0, L_000002342a4b7d50, C4<0>, C4<0>;
L_000002342a53d0f0 .functor AND 1, L_000002342a4b9470, L_000002342a4b89d0, C4<1>, C4<1>;
L_000002342a53c8a0 .functor XOR 1, L_000002342a4b9470, L_000002342a4b89d0, C4<0>, C4<0>;
L_000002342a53cbb0 .functor AND 1, L_000002342a4b7d50, L_000002342a53c8a0, C4<1>, C4<1>;
L_000002342a53cc90 .functor OR 1, L_000002342a53d0f0, L_000002342a53cbb0, C4<0>, C4<0>;
v000002342a456a00_0 .net *"_ivl_0", 0 0, L_000002342a53c6e0;  1 drivers
v000002342a457d60_0 .net *"_ivl_4", 0 0, L_000002342a53d0f0;  1 drivers
v000002342a4568c0_0 .net *"_ivl_6", 0 0, L_000002342a53c8a0;  1 drivers
v000002342a456320_0 .net *"_ivl_8", 0 0, L_000002342a53cbb0;  1 drivers
v000002342a457a40_0 .net "a", 0 0, L_000002342a4b9470;  1 drivers
v000002342a456f00_0 .net "b", 0 0, L_000002342a4b89d0;  1 drivers
v000002342a457ae0_0 .net "cin", 0 0, L_000002342a4b7d50;  1 drivers
v000002342a457720_0 .net "cout", 0 0, L_000002342a53cc90;  1 drivers
v000002342a457b80_0 .net "sum", 0 0, L_000002342a53cde0;  1 drivers
S_000002342a463090 .scope generate, "fa_gen[12]" "fa_gen[12]" 9 17, 9 17 0, S_000002342a4507d0;
 .timescale 0 0;
P_000002342a391c50 .param/l "i" 0 9 17, +C4<01100>;
S_000002342a463ea0 .scope module, "fa" "full_adder" 9 18, 9 33 0, S_000002342a463090;
 .timescale 0 0;
    .port_info 0 /INPUT 1 "a";
    .port_info 1 /INPUT 1 "b";
    .port_info 2 /INPUT 1 "cin";
    .port_info 3 /OUTPUT 1 "sum";
    .port_info 4 /OUTPUT 1 "cout";
L_000002342a53ce50 .functor XOR 1, L_000002342a4b9650, L_000002342a4b8e30, C4<0>, C4<0>;
L_000002342a53cfa0 .functor XOR 1, L_000002342a53ce50, L_000002342a4b8bb0, C4<0>, C4<0>;
L_000002342a53cb40 .functor AND 1, L_000002342a4b9650, L_000002342a4b8e30, C4<1>, C4<1>;
L_000002342a53c3d0 .functor XOR 1, L_000002342a4b9650, L_000002342a4b8e30, C4<0>, C4<0>;
L_000002342a53cec0 .functor AND 1, L_000002342a4b8bb0, L_000002342a53c3d0, C4<1>, C4<1>;
L_000002342a53c440 .functor OR 1, L_000002342a53cb40, L_000002342a53cec0, C4<0>, C4<0>;
v000002342a457f40_0 .net *"_ivl_0", 0 0, L_000002342a53ce50;  1 drivers
v000002342a458760_0 .net *"_ivl_4", 0 0, L_000002342a53cb40;  1 drivers
v000002342a456aa0_0 .net *"_ivl_6", 0 0, L_000002342a53c3d0;  1 drivers
v000002342a4563c0_0 .net *"_ivl_8", 0 0, L_000002342a53cec0;  1 drivers
v000002342a457860_0 .net "a", 0 0, L_000002342a4b9650;  1 drivers
v000002342a456b40_0 .net "b", 0 0, L_000002342a4b8e30;  1 drivers
v000002342a456820_0 .net "cin", 0 0, L_000002342a4b8bb0;  1 drivers
v000002342a456460_0 .net "cout", 0 0, L_000002342a53c440;  1 drivers
v000002342a457cc0_0 .net "sum", 0 0, L_000002342a53cfa0;  1 drivers
S_000002342a463b80 .scope generate, "fa_gen[13]" "fa_gen[13]" 9 17, 9 17 0, S_000002342a4507d0;
 .timescale 0 0;
P_000002342a392010 .param/l "i" 0 9 17, +C4<01101>;
S_000002342a4644e0 .scope module, "fa" "full_adder" 9 18, 9 33 0, S_000002342a463b80;
 .timescale 0 0;
    .port_info 0 /INPUT 1 "a";
    .port_info 1 /INPUT 1 "b";
    .port_info 2 /INPUT 1 "cin";
    .port_info 3 /OUTPUT 1 "sum";
    .port_info 4 /OUTPUT 1 "cout";
L_000002342a53c830 .functor XOR 1, L_000002342a4b8390, L_000002342a4b8750, C4<0>, C4<0>;
L_000002342a53cad0 .functor XOR 1, L_000002342a53c830, L_000002342a4b7e90, C4<0>, C4<0>;
L_000002342a53d010 .functor AND 1, L_000002342a4b8390, L_000002342a4b8750, C4<1>, C4<1>;
L_000002342a53d1d0 .functor XOR 1, L_000002342a4b8390, L_000002342a4b8750, C4<0>, C4<0>;
L_000002342a53c4b0 .functor AND 1, L_000002342a4b7e90, L_000002342a53d1d0, C4<1>, C4<1>;
L_000002342a53d160 .functor OR 1, L_000002342a53d010, L_000002342a53c4b0, C4<0>, C4<0>;
v000002342a457e00_0 .net *"_ivl_0", 0 0, L_000002342a53c830;  1 drivers
v000002342a456fa0_0 .net *"_ivl_4", 0 0, L_000002342a53d010;  1 drivers
v000002342a456dc0_0 .net *"_ivl_6", 0 0, L_000002342a53d1d0;  1 drivers
v000002342a456500_0 .net *"_ivl_8", 0 0, L_000002342a53c4b0;  1 drivers
v000002342a457360_0 .net "a", 0 0, L_000002342a4b8390;  1 drivers
v000002342a4575e0_0 .net "b", 0 0, L_000002342a4b8750;  1 drivers
v000002342a4577c0_0 .net "cin", 0 0, L_000002342a4b7e90;  1 drivers
v000002342a457040_0 .net "cout", 0 0, L_000002342a53d160;  1 drivers
v000002342a457fe0_0 .net "sum", 0 0, L_000002342a53cad0;  1 drivers
S_000002342a464350 .scope generate, "fa_gen[14]" "fa_gen[14]" 9 17, 9 17 0, S_000002342a4507d0;
 .timescale 0 0;
P_000002342a391a10 .param/l "i" 0 9 17, +C4<01110>;
S_000002342a463220 .scope module, "fa" "full_adder" 9 18, 9 33 0, S_000002342a464350;
 .timescale 0 0;
    .port_info 0 /INPUT 1 "a";
    .port_info 1 /INPUT 1 "b";
    .port_info 2 /INPUT 1 "cin";
    .port_info 3 /OUTPUT 1 "sum";
    .port_info 4 /OUTPUT 1 "cout";
L_000002342a53c7c0 .functor XOR 1, L_000002342a4b81b0, L_000002342a4b8250, C4<0>, C4<0>;
L_000002342a53c9f0 .functor XOR 1, L_000002342a53c7c0, L_000002342a4b9790, C4<0>, C4<0>;
L_000002342a53c520 .functor AND 1, L_000002342a4b81b0, L_000002342a4b8250, C4<1>, C4<1>;
L_000002342a53c980 .functor XOR 1, L_000002342a4b81b0, L_000002342a4b8250, C4<0>, C4<0>;
L_000002342a53c910 .functor AND 1, L_000002342a4b9790, L_000002342a53c980, C4<1>, C4<1>;
L_000002342a53c360 .functor OR 1, L_000002342a53c520, L_000002342a53c910, C4<0>, C4<0>;
v000002342a4566e0_0 .net *"_ivl_0", 0 0, L_000002342a53c7c0;  1 drivers
v000002342a458580_0 .net *"_ivl_4", 0 0, L_000002342a53c520;  1 drivers
v000002342a456d20_0 .net *"_ivl_6", 0 0, L_000002342a53c980;  1 drivers
v000002342a456be0_0 .net *"_ivl_8", 0 0, L_000002342a53c910;  1 drivers
v000002342a458260_0 .net "a", 0 0, L_000002342a4b81b0;  1 drivers
v000002342a458080_0 .net "b", 0 0, L_000002342a4b8250;  1 drivers
v000002342a456c80_0 .net "cin", 0 0, L_000002342a4b9790;  1 drivers
v000002342a458120_0 .net "cout", 0 0, L_000002342a53c360;  1 drivers
v000002342a4565a0_0 .net "sum", 0 0, L_000002342a53c9f0;  1 drivers
S_000002342a464990 .scope generate, "fa_gen[15]" "fa_gen[15]" 9 17, 9 17 0, S_000002342a4507d0;
 .timescale 0 0;
P_000002342a391e50 .param/l "i" 0 9 17, +C4<01111>;
S_000002342a464b20 .scope module, "fa" "full_adder" 9 18, 9 33 0, S_000002342a464990;
 .timescale 0 0;
    .port_info 0 /INPUT 1 "a";
    .port_info 1 /INPUT 1 "b";
    .port_info 2 /INPUT 1 "cin";
    .port_info 3 /OUTPUT 1 "sum";
    .port_info 4 /OUTPUT 1 "cout";
L_000002342a53c750 .functor XOR 1, L_000002342a4b8430, L_000002342a4b9830, C4<0>, C4<0>;
L_000002342a53c590 .functor XOR 1, L_000002342a53c750, L_000002342a4b7990, C4<0>, C4<0>;
L_000002342a53c600 .functor AND 1, L_000002342a4b8430, L_000002342a4b9830, C4<1>, C4<1>;
L_000002342a53c670 .functor XOR 1, L_000002342a4b8430, L_000002342a4b9830, C4<0>, C4<0>;
L_000002342a53ca60 .functor AND 1, L_000002342a4b7990, L_000002342a53c670, C4<1>, C4<1>;
L_000002342a535c90 .functor OR 1, L_000002342a53c600, L_000002342a53ca60, C4<0>, C4<0>;
v000002342a4560a0_0 .net *"_ivl_0", 0 0, L_000002342a53c750;  1 drivers
v000002342a458800_0 .net *"_ivl_4", 0 0, L_000002342a53c600;  1 drivers
v000002342a456140_0 .net *"_ivl_6", 0 0, L_000002342a53c670;  1 drivers
v000002342a4581c0_0 .net *"_ivl_8", 0 0, L_000002342a53ca60;  1 drivers
v000002342a458300_0 .net "a", 0 0, L_000002342a4b8430;  1 drivers
v000002342a457540_0 .net "b", 0 0, L_000002342a4b9830;  1 drivers
v000002342a456e60_0 .net "cin", 0 0, L_000002342a4b7990;  1 drivers
v000002342a456640_0 .net "cout", 0 0, L_000002342a535c90;  1 drivers
v000002342a456780_0 .net "sum", 0 0, L_000002342a53c590;  1 drivers
S_000002342a464030 .scope generate, "fa_gen[16]" "fa_gen[16]" 9 17, 9 17 0, S_000002342a4507d0;
 .timescale 0 0;
P_000002342a392350 .param/l "i" 0 9 17, +C4<010000>;
S_000002342a4636d0 .scope module, "fa" "full_adder" 9 18, 9 33 0, S_000002342a464030;
 .timescale 0 0;
    .port_info 0 /INPUT 1 "a";
    .port_info 1 /INPUT 1 "b";
    .port_info 2 /INPUT 1 "cin";
    .port_info 3 /OUTPUT 1 "sum";
    .port_info 4 /OUTPUT 1 "cout";
L_000002342a5369b0 .functor XOR 1, L_000002342a4b9010, L_000002342a4b7f30, C4<0>, C4<0>;
L_000002342a535750 .functor XOR 1, L_000002342a5369b0, L_000002342a4b7fd0, C4<0>, C4<0>;
L_000002342a535c20 .functor AND 1, L_000002342a4b9010, L_000002342a4b7f30, C4<1>, C4<1>;
L_000002342a535d70 .functor XOR 1, L_000002342a4b9010, L_000002342a4b7f30, C4<0>, C4<0>;
L_000002342a5361d0 .functor AND 1, L_000002342a4b7fd0, L_000002342a535d70, C4<1>, C4<1>;
L_000002342a536630 .functor OR 1, L_000002342a535c20, L_000002342a5361d0, C4<0>, C4<0>;
v000002342a457180_0 .net *"_ivl_0", 0 0, L_000002342a5369b0;  1 drivers
v000002342a457220_0 .net *"_ivl_4", 0 0, L_000002342a535c20;  1 drivers
v000002342a457400_0 .net *"_ivl_6", 0 0, L_000002342a535d70;  1 drivers
v000002342a4574a0_0 .net *"_ivl_8", 0 0, L_000002342a5361d0;  1 drivers
v000002342a457900_0 .net "a", 0 0, L_000002342a4b9010;  1 drivers
v000002342a4579a0_0 .net "b", 0 0, L_000002342a4b7f30;  1 drivers
v000002342a4583a0_0 .net "cin", 0 0, L_000002342a4b7fd0;  1 drivers
v000002342a4584e0_0 .net "cout", 0 0, L_000002342a536630;  1 drivers
v000002342a458e40_0 .net "sum", 0 0, L_000002342a535750;  1 drivers
S_000002342a463d10 .scope generate, "fa_gen[17]" "fa_gen[17]" 9 17, 9 17 0, S_000002342a4507d0;
 .timescale 0 0;
P_000002342a391fd0 .param/l "i" 0 9 17, +C4<010001>;
S_000002342a4633b0 .scope module, "fa" "full_adder" 9 18, 9 33 0, S_000002342a463d10;
 .timescale 0 0;
    .port_info 0 /INPUT 1 "a";
    .port_info 1 /INPUT 1 "b";
    .port_info 2 /INPUT 1 "cin";
    .port_info 3 /OUTPUT 1 "sum";
    .port_info 4 /OUTPUT 1 "cout";
L_000002342a536a90 .functor XOR 1, L_000002342a4b90b0, L_000002342a4b8070, C4<0>, C4<0>;
L_000002342a5367f0 .functor XOR 1, L_000002342a536a90, L_000002342a4b84d0, C4<0>, C4<0>;
L_000002342a535520 .functor AND 1, L_000002342a4b90b0, L_000002342a4b8070, C4<1>, C4<1>;
L_000002342a5358a0 .functor XOR 1, L_000002342a4b90b0, L_000002342a4b8070, C4<0>, C4<0>;
L_000002342a535910 .functor AND 1, L_000002342a4b84d0, L_000002342a5358a0, C4<1>, C4<1>;
L_000002342a535360 .functor OR 1, L_000002342a535520, L_000002342a535910, C4<0>, C4<0>;
v000002342a459d40_0 .net *"_ivl_0", 0 0, L_000002342a536a90;  1 drivers
v000002342a459700_0 .net *"_ivl_4", 0 0, L_000002342a535520;  1 drivers
v000002342a45ac40_0 .net *"_ivl_6", 0 0, L_000002342a5358a0;  1 drivers
v000002342a45a240_0 .net *"_ivl_8", 0 0, L_000002342a535910;  1 drivers
v000002342a4595c0_0 .net "a", 0 0, L_000002342a4b90b0;  1 drivers
v000002342a459520_0 .net "b", 0 0, L_000002342a4b8070;  1 drivers
v000002342a45a6a0_0 .net "cin", 0 0, L_000002342a4b84d0;  1 drivers
v000002342a459e80_0 .net "cout", 0 0, L_000002342a535360;  1 drivers
v000002342a458b20_0 .net "sum", 0 0, L_000002342a5367f0;  1 drivers
S_000002342a464e40 .scope generate, "fa_gen[18]" "fa_gen[18]" 9 17, 9 17 0, S_000002342a4507d0;
 .timescale 0 0;
P_000002342a3914d0 .param/l "i" 0 9 17, +C4<010010>;
S_000002342a4641c0 .scope module, "fa" "full_adder" 9 18, 9 33 0, S_000002342a464e40;
 .timescale 0 0;
    .port_info 0 /INPUT 1 "a";
    .port_info 1 /INPUT 1 "b";
    .port_info 2 /INPUT 1 "cin";
    .port_info 3 /OUTPUT 1 "sum";
    .port_info 4 /OUTPUT 1 "cout";
L_000002342a535ad0 .functor XOR 1, L_000002342a4b9150, L_000002342a4b8570, C4<0>, C4<0>;
L_000002342a535b40 .functor XOR 1, L_000002342a535ad0, L_000002342a4b8610, C4<0>, C4<0>;
L_000002342a5353d0 .functor AND 1, L_000002342a4b9150, L_000002342a4b8570, C4<1>, C4<1>;
L_000002342a535980 .functor XOR 1, L_000002342a4b9150, L_000002342a4b8570, C4<0>, C4<0>;
L_000002342a5357c0 .functor AND 1, L_000002342a4b8610, L_000002342a535980, C4<1>, C4<1>;
L_000002342a536160 .functor OR 1, L_000002342a5353d0, L_000002342a5357c0, C4<0>, C4<0>;
v000002342a458f80_0 .net *"_ivl_0", 0 0, L_000002342a535ad0;  1 drivers
v000002342a459020_0 .net *"_ivl_4", 0 0, L_000002342a5353d0;  1 drivers
v000002342a45a600_0 .net *"_ivl_6", 0 0, L_000002342a535980;  1 drivers
v000002342a459200_0 .net *"_ivl_8", 0 0, L_000002342a5357c0;  1 drivers
v000002342a459660_0 .net "a", 0 0, L_000002342a4b9150;  1 drivers
v000002342a45ace0_0 .net "b", 0 0, L_000002342a4b8570;  1 drivers
v000002342a459160_0 .net "cin", 0 0, L_000002342a4b8610;  1 drivers
v000002342a458ee0_0 .net "cout", 0 0, L_000002342a536160;  1 drivers
v000002342a45a100_0 .net "sum", 0 0, L_000002342a535b40;  1 drivers
S_000002342a464cb0 .scope generate, "fa_gen[19]" "fa_gen[19]" 9 17, 9 17 0, S_000002342a4507d0;
 .timescale 0 0;
P_000002342a391c90 .param/l "i" 0 9 17, +C4<010011>;
S_000002342a463860 .scope module, "fa" "full_adder" 9 18, 9 33 0, S_000002342a464cb0;
 .timescale 0 0;
    .port_info 0 /INPUT 1 "a";
    .port_info 1 /INPUT 1 "b";
    .port_info 2 /INPUT 1 "cin";
    .port_info 3 /OUTPUT 1 "sum";
    .port_info 4 /OUTPUT 1 "cout";
L_000002342a535de0 .functor XOR 1, L_000002342a4b87f0, L_000002342a4b8890, C4<0>, C4<0>;
L_000002342a536e10 .functor XOR 1, L_000002342a535de0, L_000002342a4b8b10, C4<0>, C4<0>;
L_000002342a535a60 .functor AND 1, L_000002342a4b87f0, L_000002342a4b8890, C4<1>, C4<1>;
L_000002342a5364e0 .functor XOR 1, L_000002342a4b87f0, L_000002342a4b8890, C4<0>, C4<0>;
L_000002342a535590 .functor AND 1, L_000002342a4b8b10, L_000002342a5364e0, C4<1>, C4<1>;
L_000002342a535d00 .functor OR 1, L_000002342a535a60, L_000002342a535590, C4<0>, C4<0>;
v000002342a459a20_0 .net *"_ivl_0", 0 0, L_000002342a535de0;  1 drivers
v000002342a4592a0_0 .net *"_ivl_4", 0 0, L_000002342a535a60;  1 drivers
v000002342a45a1a0_0 .net *"_ivl_6", 0 0, L_000002342a5364e0;  1 drivers
v000002342a45af60_0 .net *"_ivl_8", 0 0, L_000002342a535590;  1 drivers
v000002342a45a560_0 .net "a", 0 0, L_000002342a4b87f0;  1 drivers
v000002342a45aec0_0 .net "b", 0 0, L_000002342a4b8890;  1 drivers
v000002342a459de0_0 .net "cin", 0 0, L_000002342a4b8b10;  1 drivers
v000002342a459340_0 .net "cout", 0 0, L_000002342a535d00;  1 drivers
v000002342a458da0_0 .net "sum", 0 0, L_000002342a536e10;  1 drivers
S_000002342a4669a0 .scope generate, "fa_gen[20]" "fa_gen[20]" 9 17, 9 17 0, S_000002342a4507d0;
 .timescale 0 0;
P_000002342a391e90 .param/l "i" 0 9 17, +C4<010100>;
S_000002342a466cc0 .scope module, "fa" "full_adder" 9 18, 9 33 0, S_000002342a4669a0;
 .timescale 0 0;
    .port_info 0 /INPUT 1 "a";
    .port_info 1 /INPUT 1 "b";
    .port_info 2 /INPUT 1 "cin";
    .port_info 3 /OUTPUT 1 "sum";
    .port_info 4 /OUTPUT 1 "cout";
L_000002342a535600 .functor XOR 1, L_000002342a4b8930, L_000002342a4b8c50, C4<0>, C4<0>;
L_000002342a536d30 .functor XOR 1, L_000002342a535600, L_000002342a4b91f0, C4<0>, C4<0>;
L_000002342a536780 .functor AND 1, L_000002342a4b8930, L_000002342a4b8c50, C4<1>, C4<1>;
L_000002342a5359f0 .functor XOR 1, L_000002342a4b8930, L_000002342a4b8c50, C4<0>, C4<0>;
L_000002342a536400 .functor AND 1, L_000002342a4b91f0, L_000002342a5359f0, C4<1>, C4<1>;
L_000002342a5366a0 .functor OR 1, L_000002342a536780, L_000002342a536400, C4<0>, C4<0>;
v000002342a459fc0_0 .net *"_ivl_0", 0 0, L_000002342a535600;  1 drivers
v000002342a45a7e0_0 .net *"_ivl_4", 0 0, L_000002342a536780;  1 drivers
v000002342a45a2e0_0 .net *"_ivl_6", 0 0, L_000002342a5359f0;  1 drivers
v000002342a4590c0_0 .net *"_ivl_8", 0 0, L_000002342a536400;  1 drivers
v000002342a45a380_0 .net "a", 0 0, L_000002342a4b8930;  1 drivers
v000002342a45aba0_0 .net "b", 0 0, L_000002342a4b8c50;  1 drivers
v000002342a4588a0_0 .net "cin", 0 0, L_000002342a4b91f0;  1 drivers
v000002342a45a880_0 .net "cout", 0 0, L_000002342a5366a0;  1 drivers
v000002342a459b60_0 .net "sum", 0 0, L_000002342a536d30;  1 drivers
S_000002342a465eb0 .scope generate, "fa_gen[21]" "fa_gen[21]" 9 17, 9 17 0, S_000002342a4507d0;
 .timescale 0 0;
P_000002342a391f10 .param/l "i" 0 9 17, +C4<010101>;
S_000002342a465870 .scope module, "fa" "full_adder" 9 18, 9 33 0, S_000002342a465eb0;
 .timescale 0 0;
    .port_info 0 /INPUT 1 "a";
    .port_info 1 /INPUT 1 "b";
    .port_info 2 /INPUT 1 "cin";
    .port_info 3 /OUTPUT 1 "sum";
    .port_info 4 /OUTPUT 1 "cout";
L_000002342a535bb0 .functor XOR 1, L_000002342a4b9290, L_000002342a4b9510, C4<0>, C4<0>;
L_000002342a536240 .functor XOR 1, L_000002342a535bb0, L_000002342a49b650, C4<0>, C4<0>;
L_000002342a536550 .functor AND 1, L_000002342a4b9290, L_000002342a4b9510, C4<1>, C4<1>;
L_000002342a536320 .functor XOR 1, L_000002342a4b9290, L_000002342a4b9510, C4<0>, C4<0>;
L_000002342a536860 .functor AND 1, L_000002342a49b650, L_000002342a536320, C4<1>, C4<1>;
L_000002342a5362b0 .functor OR 1, L_000002342a536550, L_000002342a536860, C4<0>, C4<0>;
v000002342a459f20_0 .net *"_ivl_0", 0 0, L_000002342a535bb0;  1 drivers
v000002342a4593e0_0 .net *"_ivl_4", 0 0, L_000002342a536550;  1 drivers
v000002342a458c60_0 .net *"_ivl_6", 0 0, L_000002342a536320;  1 drivers
v000002342a4597a0_0 .net *"_ivl_8", 0 0, L_000002342a536860;  1 drivers
v000002342a458d00_0 .net "a", 0 0, L_000002342a4b9290;  1 drivers
v000002342a459980_0 .net "b", 0 0, L_000002342a4b9510;  1 drivers
v000002342a459840_0 .net "cin", 0 0, L_000002342a49b650;  1 drivers
v000002342a45a740_0 .net "cout", 0 0, L_000002342a5362b0;  1 drivers
v000002342a45a060_0 .net "sum", 0 0, L_000002342a536240;  1 drivers
S_000002342a466810 .scope generate, "fa_gen[22]" "fa_gen[22]" 9 17, 9 17 0, S_000002342a4507d0;
 .timescale 0 0;
P_000002342a391550 .param/l "i" 0 9 17, +C4<010110>;
S_000002342a466680 .scope module, "fa" "full_adder" 9 18, 9 33 0, S_000002342a466810;
 .timescale 0 0;
    .port_info 0 /INPUT 1 "a";
    .port_info 1 /INPUT 1 "b";
    .port_info 2 /INPUT 1 "cin";
    .port_info 3 /OUTPUT 1 "sum";
    .port_info 4 /OUTPUT 1 "cout";
L_000002342a536010 .functor XOR 1, L_000002342a49ab10, L_000002342a49ad90, C4<0>, C4<0>;
L_000002342a535e50 .functor XOR 1, L_000002342a536010, L_000002342a499ad0, C4<0>, C4<0>;
L_000002342a536b00 .functor AND 1, L_000002342a49ab10, L_000002342a49ad90, C4<1>, C4<1>;
L_000002342a535830 .functor XOR 1, L_000002342a49ab10, L_000002342a49ad90, C4<0>, C4<0>;
L_000002342a536710 .functor AND 1, L_000002342a499ad0, L_000002342a535830, C4<1>, C4<1>;
L_000002342a536470 .functor OR 1, L_000002342a536b00, L_000002342a536710, C4<0>, C4<0>;
v000002342a459480_0 .net *"_ivl_0", 0 0, L_000002342a536010;  1 drivers
v000002342a45a920_0 .net *"_ivl_4", 0 0, L_000002342a536b00;  1 drivers
v000002342a45a420_0 .net *"_ivl_6", 0 0, L_000002342a535830;  1 drivers
v000002342a4598e0_0 .net *"_ivl_8", 0 0, L_000002342a536710;  1 drivers
v000002342a459ac0_0 .net "a", 0 0, L_000002342a49ab10;  1 drivers
v000002342a45a9c0_0 .net "b", 0 0, L_000002342a49ad90;  1 drivers
v000002342a45ad80_0 .net "cin", 0 0, L_000002342a499ad0;  1 drivers
v000002342a459c00_0 .net "cout", 0 0, L_000002342a536470;  1 drivers
v000002342a459ca0_0 .net "sum", 0 0, L_000002342a535e50;  1 drivers
S_000002342a465a00 .scope generate, "fa_gen[23]" "fa_gen[23]" 9 17, 9 17 0, S_000002342a4507d0;
 .timescale 0 0;
P_000002342a391650 .param/l "i" 0 9 17, +C4<010111>;
S_000002342a465b90 .scope module, "fa" "full_adder" 9 18, 9 33 0, S_000002342a465a00;
 .timescale 0 0;
    .port_info 0 /INPUT 1 "a";
    .port_info 1 /INPUT 1 "b";
    .port_info 2 /INPUT 1 "cin";
    .port_info 3 /OUTPUT 1 "sum";
    .port_info 4 /OUTPUT 1 "cout";
L_000002342a535ec0 .functor XOR 1, L_000002342a49b1f0, L_000002342a49ae30, C4<0>, C4<0>;
L_000002342a535f30 .functor XOR 1, L_000002342a535ec0, L_000002342a49aed0, C4<0>, C4<0>;
L_000002342a536da0 .functor AND 1, L_000002342a49b1f0, L_000002342a49ae30, C4<1>, C4<1>;
L_000002342a535fa0 .functor XOR 1, L_000002342a49b1f0, L_000002342a49ae30, C4<0>, C4<0>;
L_000002342a536a20 .functor AND 1, L_000002342a49aed0, L_000002342a535fa0, C4<1>, C4<1>;
L_000002342a536080 .functor OR 1, L_000002342a536da0, L_000002342a536a20, C4<0>, C4<0>;
v000002342a45aa60_0 .net *"_ivl_0", 0 0, L_000002342a535ec0;  1 drivers
v000002342a45a4c0_0 .net *"_ivl_4", 0 0, L_000002342a536da0;  1 drivers
v000002342a45ab00_0 .net *"_ivl_6", 0 0, L_000002342a535fa0;  1 drivers
v000002342a4589e0_0 .net *"_ivl_8", 0 0, L_000002342a536a20;  1 drivers
v000002342a45ae20_0 .net "a", 0 0, L_000002342a49b1f0;  1 drivers
v000002342a45b000_0 .net "b", 0 0, L_000002342a49ae30;  1 drivers
v000002342a458940_0 .net "cin", 0 0, L_000002342a49aed0;  1 drivers
v000002342a458a80_0 .net "cout", 0 0, L_000002342a536080;  1 drivers
v000002342a458bc0_0 .net "sum", 0 0, L_000002342a535f30;  1 drivers
S_000002342a465d20 .scope generate, "fa_gen[24]" "fa_gen[24]" 9 17, 9 17 0, S_000002342a4507d0;
 .timescale 0 0;
P_000002342a391390 .param/l "i" 0 9 17, +C4<011000>;
S_000002342a466040 .scope module, "fa" "full_adder" 9 18, 9 33 0, S_000002342a465d20;
 .timescale 0 0;
    .port_info 0 /INPUT 1 "a";
    .port_info 1 /INPUT 1 "b";
    .port_info 2 /INPUT 1 "cin";
    .port_info 3 /OUTPUT 1 "sum";
    .port_info 4 /OUTPUT 1 "cout";
L_000002342a535440 .functor XOR 1, L_000002342a499990, L_000002342a49a4d0, C4<0>, C4<0>;
L_000002342a536be0 .functor XOR 1, L_000002342a535440, L_000002342a49abb0, C4<0>, C4<0>;
L_000002342a5368d0 .functor AND 1, L_000002342a499990, L_000002342a49a4d0, C4<1>, C4<1>;
L_000002342a5365c0 .functor XOR 1, L_000002342a499990, L_000002342a49a4d0, C4<0>, C4<0>;
L_000002342a5354b0 .functor AND 1, L_000002342a49abb0, L_000002342a5365c0, C4<1>, C4<1>;
L_000002342a536940 .functor OR 1, L_000002342a5368d0, L_000002342a5354b0, C4<0>, C4<0>;
v000002342a45b140_0 .net *"_ivl_0", 0 0, L_000002342a535440;  1 drivers
v000002342a45d620_0 .net *"_ivl_4", 0 0, L_000002342a5368d0;  1 drivers
v000002342a45ccc0_0 .net *"_ivl_6", 0 0, L_000002342a5365c0;  1 drivers
v000002342a45b6e0_0 .net *"_ivl_8", 0 0, L_000002342a5354b0;  1 drivers
v000002342a45c040_0 .net "a", 0 0, L_000002342a499990;  1 drivers
v000002342a45d1c0_0 .net "b", 0 0, L_000002342a49a4d0;  1 drivers
v000002342a45ca40_0 .net "cin", 0 0, L_000002342a49abb0;  1 drivers
v000002342a45cd60_0 .net "cout", 0 0, L_000002342a536940;  1 drivers
v000002342a45cc20_0 .net "sum", 0 0, L_000002342a536be0;  1 drivers
S_000002342a466b30 .scope generate, "fa_gen[25]" "fa_gen[25]" 9 17, 9 17 0, S_000002342a4507d0;
 .timescale 0 0;
P_000002342a391ed0 .param/l "i" 0 9 17, +C4<011001>;
S_000002342a465550 .scope module, "fa" "full_adder" 9 18, 9 33 0, S_000002342a466b30;
 .timescale 0 0;
    .port_info 0 /INPUT 1 "a";
    .port_info 1 /INPUT 1 "b";
    .port_info 2 /INPUT 1 "cin";
    .port_info 3 /OUTPUT 1 "sum";
    .port_info 4 /OUTPUT 1 "cout";
L_000002342a536390 .functor XOR 1, L_000002342a49ac50, L_000002342a49b010, C4<0>, C4<0>;
L_000002342a5360f0 .functor XOR 1, L_000002342a536390, L_000002342a49b3d0, C4<0>, C4<0>;
L_000002342a535670 .functor AND 1, L_000002342a49ac50, L_000002342a49b010, C4<1>, C4<1>;
L_000002342a536b70 .functor XOR 1, L_000002342a49ac50, L_000002342a49b010, C4<0>, C4<0>;
L_000002342a536c50 .functor AND 1, L_000002342a49b3d0, L_000002342a536b70, C4<1>, C4<1>;
L_000002342a536cc0 .functor OR 1, L_000002342a535670, L_000002342a536c50, C4<0>, C4<0>;
v000002342a45bf00_0 .net *"_ivl_0", 0 0, L_000002342a536390;  1 drivers
v000002342a45c720_0 .net *"_ivl_4", 0 0, L_000002342a535670;  1 drivers
v000002342a45c7c0_0 .net *"_ivl_6", 0 0, L_000002342a536b70;  1 drivers
v000002342a45ce00_0 .net *"_ivl_8", 0 0, L_000002342a536c50;  1 drivers
v000002342a45b0a0_0 .net "a", 0 0, L_000002342a49ac50;  1 drivers
v000002342a45c5e0_0 .net "b", 0 0, L_000002342a49b010;  1 drivers
v000002342a45b3c0_0 .net "cin", 0 0, L_000002342a49b3d0;  1 drivers
v000002342a45c0e0_0 .net "cout", 0 0, L_000002342a536cc0;  1 drivers
v000002342a45c900_0 .net "sum", 0 0, L_000002342a5360f0;  1 drivers
S_000002342a4661d0 .scope generate, "fa_gen[26]" "fa_gen[26]" 9 17, 9 17 0, S_000002342a4507d0;
 .timescale 0 0;
P_000002342a391510 .param/l "i" 0 9 17, +C4<011010>;
S_000002342a4653c0 .scope module, "fa" "full_adder" 9 18, 9 33 0, S_000002342a4661d0;
 .timescale 0 0;
    .port_info 0 /INPUT 1 "a";
    .port_info 1 /INPUT 1 "b";
    .port_info 2 /INPUT 1 "cin";
    .port_info 3 /OUTPUT 1 "sum";
    .port_info 4 /OUTPUT 1 "cout";
L_000002342a5356e0 .functor XOR 1, L_000002342a49a430, L_000002342a49a570, C4<0>, C4<0>;
L_000002342a536e80 .functor XOR 1, L_000002342a5356e0, L_000002342a49a610, C4<0>, C4<0>;
L_000002342a5352f0 .functor AND 1, L_000002342a49a430, L_000002342a49a570, C4<1>, C4<1>;
L_000002342a5372e0 .functor XOR 1, L_000002342a49a430, L_000002342a49a570, C4<0>, C4<0>;
L_000002342a537970 .functor AND 1, L_000002342a49a610, L_000002342a5372e0, C4<1>, C4<1>;
L_000002342a538a10 .functor OR 1, L_000002342a5352f0, L_000002342a537970, C4<0>, C4<0>;
v000002342a45bb40_0 .net *"_ivl_0", 0 0, L_000002342a5356e0;  1 drivers
v000002342a45d6c0_0 .net *"_ivl_4", 0 0, L_000002342a5352f0;  1 drivers
v000002342a45c860_0 .net *"_ivl_6", 0 0, L_000002342a5372e0;  1 drivers
v000002342a45c9a0_0 .net *"_ivl_8", 0 0, L_000002342a537970;  1 drivers
v000002342a45bdc0_0 .net "a", 0 0, L_000002342a49a430;  1 drivers
v000002342a45cfe0_0 .net "b", 0 0, L_000002342a49a570;  1 drivers
v000002342a45be60_0 .net "cin", 0 0, L_000002342a49a610;  1 drivers
v000002342a45cae0_0 .net "cout", 0 0, L_000002342a538a10;  1 drivers
v000002342a45c400_0 .net "sum", 0 0, L_000002342a536e80;  1 drivers
S_000002342a4656e0 .scope generate, "fa_gen[27]" "fa_gen[27]" 9 17, 9 17 0, S_000002342a4507d0;
 .timescale 0 0;
P_000002342a392050 .param/l "i" 0 9 17, +C4<011011>;
S_000002342a466360 .scope module, "fa" "full_adder" 9 18, 9 33 0, S_000002342a4656e0;
 .timescale 0 0;
    .port_info 0 /INPUT 1 "a";
    .port_info 1 /INPUT 1 "b";
    .port_info 2 /INPUT 1 "cin";
    .port_info 3 /OUTPUT 1 "sum";
    .port_info 4 /OUTPUT 1 "cout";
L_000002342a5373c0 .functor XOR 1, L_000002342a49b6f0, L_000002342a49a2f0, C4<0>, C4<0>;
L_000002342a538930 .functor XOR 1, L_000002342a5373c0, L_000002342a49ba10, C4<0>, C4<0>;
L_000002342a538000 .functor AND 1, L_000002342a49b6f0, L_000002342a49a2f0, C4<1>, C4<1>;
L_000002342a5379e0 .functor XOR 1, L_000002342a49b6f0, L_000002342a49a2f0, C4<0>, C4<0>;
L_000002342a537190 .functor AND 1, L_000002342a49ba10, L_000002342a5379e0, C4<1>, C4<1>;
L_000002342a5389a0 .functor OR 1, L_000002342a538000, L_000002342a537190, C4<0>, C4<0>;
v000002342a45d260_0 .net *"_ivl_0", 0 0, L_000002342a5373c0;  1 drivers
v000002342a45bc80_0 .net *"_ivl_4", 0 0, L_000002342a538000;  1 drivers
v000002342a45b640_0 .net *"_ivl_6", 0 0, L_000002342a5379e0;  1 drivers
v000002342a45cb80_0 .net *"_ivl_8", 0 0, L_000002342a537190;  1 drivers
v000002342a45c2c0_0 .net "a", 0 0, L_000002342a49b6f0;  1 drivers
v000002342a45b8c0_0 .net "b", 0 0, L_000002342a49a2f0;  1 drivers
v000002342a45bfa0_0 .net "cin", 0 0, L_000002342a49ba10;  1 drivers
v000002342a45b460_0 .net "cout", 0 0, L_000002342a5389a0;  1 drivers
v000002342a45d440_0 .net "sum", 0 0, L_000002342a538930;  1 drivers
S_000002342a4664f0 .scope generate, "fa_gen[28]" "fa_gen[28]" 9 17, 9 17 0, S_000002342a4507d0;
 .timescale 0 0;
P_000002342a391f90 .param/l "i" 0 9 17, +C4<011100>;
S_000002342a465230 .scope module, "fa" "full_adder" 9 18, 9 33 0, S_000002342a4664f0;
 .timescale 0 0;
    .port_info 0 /INPUT 1 "a";
    .port_info 1 /INPUT 1 "b";
    .port_info 2 /INPUT 1 "cin";
    .port_info 3 /OUTPUT 1 "sum";
    .port_info 4 /OUTPUT 1 "cout";
L_000002342a538150 .functor XOR 1, L_000002342a49b330, L_000002342a49b0b0, C4<0>, C4<0>;
L_000002342a5388c0 .functor XOR 1, L_000002342a538150, L_000002342a49b470, C4<0>, C4<0>;
L_000002342a5374a0 .functor AND 1, L_000002342a49b330, L_000002342a49b0b0, C4<1>, C4<1>;
L_000002342a538310 .functor XOR 1, L_000002342a49b330, L_000002342a49b0b0, C4<0>, C4<0>;
L_000002342a537740 .functor AND 1, L_000002342a49b470, L_000002342a538310, C4<1>, C4<1>;
L_000002342a537d60 .functor OR 1, L_000002342a5374a0, L_000002342a537740, C4<0>, C4<0>;
v000002342a45c4a0_0 .net *"_ivl_0", 0 0, L_000002342a538150;  1 drivers
v000002342a45cea0_0 .net *"_ivl_4", 0 0, L_000002342a5374a0;  1 drivers
v000002342a45d760_0 .net *"_ivl_6", 0 0, L_000002342a538310;  1 drivers
v000002342a45cf40_0 .net *"_ivl_8", 0 0, L_000002342a537740;  1 drivers
v000002342a45d300_0 .net "a", 0 0, L_000002342a49b330;  1 drivers
v000002342a45d080_0 .net "b", 0 0, L_000002342a49b0b0;  1 drivers
v000002342a45b820_0 .net "cin", 0 0, L_000002342a49b470;  1 drivers
v000002342a45c540_0 .net "cout", 0 0, L_000002342a537d60;  1 drivers
v000002342a45d120_0 .net "sum", 0 0, L_000002342a5388c0;  1 drivers
S_000002342a466e50 .scope generate, "fa_gen[29]" "fa_gen[29]" 9 17, 9 17 0, S_000002342a4507d0;
 .timescale 0 0;
P_000002342a391710 .param/l "i" 0 9 17, +C4<011101>;
S_000002342a4650a0 .scope module, "fa" "full_adder" 9 18, 9 33 0, S_000002342a466e50;
 .timescale 0 0;
    .port_info 0 /INPUT 1 "a";
    .port_info 1 /INPUT 1 "b";
    .port_info 2 /INPUT 1 "cin";
    .port_info 3 /OUTPUT 1 "sum";
    .port_info 4 /OUTPUT 1 "cout";
L_000002342a537350 .functor XOR 1, L_000002342a49bb50, L_000002342a49b290, C4<0>, C4<0>;
L_000002342a537b30 .functor XOR 1, L_000002342a537350, L_000002342a49a6b0, C4<0>, C4<0>;
L_000002342a538a80 .functor AND 1, L_000002342a49bb50, L_000002342a49b290, C4<1>, C4<1>;
L_000002342a536ef0 .functor XOR 1, L_000002342a49bb50, L_000002342a49b290, C4<0>, C4<0>;
L_000002342a537c10 .functor AND 1, L_000002342a49a6b0, L_000002342a536ef0, C4<1>, C4<1>;
L_000002342a537580 .functor OR 1, L_000002342a538a80, L_000002342a537c10, C4<0>, C4<0>;
v000002342a45bbe0_0 .net *"_ivl_0", 0 0, L_000002342a537350;  1 drivers
v000002342a45bd20_0 .net *"_ivl_4", 0 0, L_000002342a538a80;  1 drivers
v000002342a45c180_0 .net *"_ivl_6", 0 0, L_000002342a536ef0;  1 drivers
v000002342a45d800_0 .net *"_ivl_8", 0 0, L_000002342a537c10;  1 drivers
v000002342a45c680_0 .net "a", 0 0, L_000002342a49bb50;  1 drivers
v000002342a45d3a0_0 .net "b", 0 0, L_000002342a49b290;  1 drivers
v000002342a45b500_0 .net "cin", 0 0, L_000002342a49a6b0;  1 drivers
v000002342a45d4e0_0 .net "cout", 0 0, L_000002342a537580;  1 drivers
v000002342a45d580_0 .net "sum", 0 0, L_000002342a537b30;  1 drivers
S_000002342a4670b0 .scope generate, "fa_gen[30]" "fa_gen[30]" 9 17, 9 17 0, S_000002342a4507d0;
 .timescale 0 0;
P_000002342a391e10 .param/l "i" 0 9 17, +C4<011110>;
S_000002342a467880 .scope module, "fa" "full_adder" 9 18, 9 33 0, S_000002342a4670b0;
 .timescale 0 0;
    .port_info 0 /INPUT 1 "a";
    .port_info 1 /INPUT 1 "b";
    .port_info 2 /INPUT 1 "cin";
    .port_info 3 /OUTPUT 1 "sum";
    .port_info 4 /OUTPUT 1 "cout";
L_000002342a538070 .functor XOR 1, L_000002342a49bd30, L_000002342a49b150, C4<0>, C4<0>;
L_000002342a536f60 .functor XOR 1, L_000002342a538070, L_000002342a499d50, C4<0>, C4<0>;
L_000002342a537f90 .functor AND 1, L_000002342a49bd30, L_000002342a49b150, C4<1>, C4<1>;
L_000002342a5377b0 .functor XOR 1, L_000002342a49bd30, L_000002342a49b150, C4<0>, C4<0>;
L_000002342a536fd0 .functor AND 1, L_000002342a499d50, L_000002342a5377b0, C4<1>, C4<1>;
L_000002342a538700 .functor OR 1, L_000002342a537f90, L_000002342a536fd0, C4<0>, C4<0>;
v000002342a45b780_0 .net *"_ivl_0", 0 0, L_000002342a538070;  1 drivers
v000002342a45b1e0_0 .net *"_ivl_4", 0 0, L_000002342a537f90;  1 drivers
v000002342a45c220_0 .net *"_ivl_6", 0 0, L_000002342a5377b0;  1 drivers
v000002342a45b280_0 .net *"_ivl_8", 0 0, L_000002342a536fd0;  1 drivers
v000002342a45c360_0 .net "a", 0 0, L_000002342a49bd30;  1 drivers
v000002342a45b960_0 .net "b", 0 0, L_000002342a49b150;  1 drivers
v000002342a45b320_0 .net "cin", 0 0, L_000002342a499d50;  1 drivers
v000002342a45b5a0_0 .net "cout", 0 0, L_000002342a538700;  1 drivers
v000002342a45ba00_0 .net "sum", 0 0, L_000002342a536f60;  1 drivers
S_000002342a467560 .scope generate, "fa_gen[31]" "fa_gen[31]" 9 17, 9 17 0, S_000002342a4507d0;
 .timescale 0 0;
P_000002342a391b50 .param/l "i" 0 9 17, +C4<011111>;
S_000002342a4689b0 .scope module, "fa" "full_adder" 9 18, 9 33 0, S_000002342a467560;
 .timescale 0 0;
    .port_info 0 /INPUT 1 "a";
    .port_info 1 /INPUT 1 "b";
    .port_info 2 /INPUT 1 "cin";
    .port_info 3 /OUTPUT 1 "sum";
    .port_info 4 /OUTPUT 1 "cout";
L_000002342a537900 .functor XOR 1, L_000002342a49acf0, L_000002342a499b70, C4<0>, C4<0>;
L_000002342a5381c0 .functor XOR 1, L_000002342a537900, L_000002342a49bc90, C4<0>, C4<0>;
L_000002342a538380 .functor AND 1, L_000002342a49acf0, L_000002342a499b70, C4<1>, C4<1>;
L_000002342a537dd0 .functor XOR 1, L_000002342a49acf0, L_000002342a499b70, C4<0>, C4<0>;
L_000002342a537a50 .functor AND 1, L_000002342a49bc90, L_000002342a537dd0, C4<1>, C4<1>;
L_000002342a5383f0 .functor OR 1, L_000002342a538380, L_000002342a537a50, C4<0>, C4<0>;
v000002342a45baa0_0 .net *"_ivl_0", 0 0, L_000002342a537900;  1 drivers
v000002342a45e0c0_0 .net *"_ivl_4", 0 0, L_000002342a538380;  1 drivers
v000002342a45f380_0 .net *"_ivl_6", 0 0, L_000002342a537dd0;  1 drivers
v000002342a45f920_0 .net *"_ivl_8", 0 0, L_000002342a537a50;  1 drivers
v000002342a45e660_0 .net "a", 0 0, L_000002342a49acf0;  1 drivers
v000002342a45e340_0 .net "b", 0 0, L_000002342a499b70;  1 drivers
v000002342a45f240_0 .net "cin", 0 0, L_000002342a49bc90;  1 drivers
v000002342a45ef20_0 .net "cout", 0 0, L_000002342a5383f0;  1 drivers
v000002342a45e3e0_0 .net "sum", 0 0, L_000002342a5381c0;  1 drivers
S_000002342a468b40 .scope module, "rca_sub" "ripple_carry_adder" 6 50, 9 3 0, S_0000023429ff3920;
 .timescale 0 0;
    .port_info 0 /INPUT 32 "A";
    .port_info 1 /INPUT 32 "B";
    .port_info 2 /INPUT 1 "Cin";
    .port_info 3 /OUTPUT 32 "Sum";
    .port_info 4 /OUTPUT 1 "Cout";
    .port_info 5 /OUTPUT 1 "Overflow";
L_000002342a4badd0 .functor BUFT 1, C4<1>, C4<0>, C4<0>, C4<0>;
L_000002342a53b9c0 .functor BUFZ 1, L_000002342a4badd0, C4<0>, C4<0>, C4<0>;
L_000002342a53a6f0 .functor XOR 1, L_000002342a4b6450, L_000002342a4b77b0, C4<0>, C4<0>;
v000002342a475da0_0 .net "A", 31 0, v000002342a486a70_0;  alias, 1 drivers
v000002342a475d00_0 .net "B", 31 0, L_000002342a53ad80;  1 drivers
v000002342a476700_0 .net "Cin", 0 0, L_000002342a4badd0;  1 drivers
v000002342a474e00_0 .net "Cout", 0 0, L_000002342a4b7710;  alias, 1 drivers
v000002342a475580_0 .net "Overflow", 0 0, L_000002342a53a6f0;  alias, 1 drivers
v000002342a476fc0_0 .net "Sum", 31 0, L_000002342a4b52d0;  alias, 1 drivers
v000002342a476a20_0 .net *"_ivl_229", 0 0, L_000002342a53b9c0;  1 drivers
v000002342a476840_0 .net *"_ivl_233", 0 0, L_000002342a4b6450;  1 drivers
v000002342a475a80_0 .net *"_ivl_235", 0 0, L_000002342a4b77b0;  1 drivers
v000002342a475e40_0 .net "carry", 32 0, L_000002342a4b6090;  1 drivers
L_000002342a4b3570 .part v000002342a486a70_0, 0, 1;
L_000002342a4b4a10 .part L_000002342a53ad80, 0, 1;
L_000002342a4b4290 .part L_000002342a4b6090, 0, 1;
L_000002342a4b4150 .part v000002342a486a70_0, 1, 1;
L_000002342a4b3ed0 .part L_000002342a53ad80, 1, 1;
L_000002342a4b2990 .part L_000002342a4b6090, 1, 1;
L_000002342a4b2a30 .part v000002342a486a70_0, 2, 1;
L_000002342a4b4f10 .part L_000002342a53ad80, 2, 1;
L_000002342a4b41f0 .part L_000002342a4b6090, 2, 1;
L_000002342a4b3610 .part v000002342a486a70_0, 3, 1;
L_000002342a4b4830 .part L_000002342a53ad80, 3, 1;
L_000002342a4b2ad0 .part L_000002342a4b6090, 3, 1;
L_000002342a4b2b70 .part v000002342a486a70_0, 4, 1;
L_000002342a4b31b0 .part L_000002342a53ad80, 4, 1;
L_000002342a4b4330 .part L_000002342a4b6090, 4, 1;
L_000002342a4b3430 .part v000002342a486a70_0, 5, 1;
L_000002342a4b2fd0 .part L_000002342a53ad80, 5, 1;
L_000002342a4b43d0 .part L_000002342a4b6090, 5, 1;
L_000002342a4b2df0 .part v000002342a486a70_0, 6, 1;
L_000002342a4b3390 .part L_000002342a53ad80, 6, 1;
L_000002342a4b36b0 .part L_000002342a4b6090, 6, 1;
L_000002342a4b4b50 .part v000002342a486a70_0, 7, 1;
L_000002342a4b5050 .part L_000002342a53ad80, 7, 1;
L_000002342a4b2c10 .part L_000002342a4b6090, 7, 1;
L_000002342a4b3750 .part v000002342a486a70_0, 8, 1;
L_000002342a4b3bb0 .part L_000002342a53ad80, 8, 1;
L_000002342a4b4510 .part L_000002342a4b6090, 8, 1;
L_000002342a4b3cf0 .part v000002342a486a70_0, 9, 1;
L_000002342a4b3890 .part L_000002342a53ad80, 9, 1;
L_000002342a4b4650 .part L_000002342a4b6090, 9, 1;
L_000002342a4b39d0 .part v000002342a486a70_0, 10, 1;
L_000002342a4b37f0 .part L_000002342a53ad80, 10, 1;
L_000002342a4b3930 .part L_000002342a4b6090, 10, 1;
L_000002342a4b2cb0 .part v000002342a486a70_0, 11, 1;
L_000002342a4b3a70 .part L_000002342a53ad80, 11, 1;
L_000002342a4b50f0 .part L_000002342a4b6090, 11, 1;
L_000002342a4b2e90 .part v000002342a486a70_0, 12, 1;
L_000002342a4b2f30 .part L_000002342a53ad80, 12, 1;
L_000002342a4b46f0 .part L_000002342a4b6090, 12, 1;
L_000002342a4b3070 .part v000002342a486a70_0, 13, 1;
L_000002342a4b3c50 .part L_000002342a53ad80, 13, 1;
L_000002342a4b4790 .part L_000002342a4b6090, 13, 1;
L_000002342a4b48d0 .part v000002342a486a70_0, 14, 1;
L_000002342a4b3110 .part L_000002342a53ad80, 14, 1;
L_000002342a4b3d90 .part L_000002342a4b6090, 14, 1;
L_000002342a4b3e30 .part v000002342a486a70_0, 15, 1;
L_000002342a4b4970 .part L_000002342a53ad80, 15, 1;
L_000002342a4b4ab0 .part L_000002342a4b6090, 15, 1;
L_000002342a4b4bf0 .part v000002342a486a70_0, 16, 1;
L_000002342a4b4c90 .part L_000002342a53ad80, 16, 1;
L_000002342a4b3f70 .part L_000002342a4b6090, 16, 1;
L_000002342a4b4010 .part v000002342a486a70_0, 17, 1;
L_000002342a4b7670 .part L_000002342a53ad80, 17, 1;
L_000002342a4b5c30 .part L_000002342a4b6090, 17, 1;
L_000002342a4b5190 .part v000002342a486a70_0, 18, 1;
L_000002342a4b6bd0 .part L_000002342a53ad80, 18, 1;
L_000002342a4b6ef0 .part L_000002342a4b6090, 18, 1;
L_000002342a4b5730 .part v000002342a486a70_0, 19, 1;
L_000002342a4b7170 .part L_000002342a53ad80, 19, 1;
L_000002342a4b69f0 .part L_000002342a4b6090, 19, 1;
L_000002342a4b70d0 .part v000002342a486a70_0, 20, 1;
L_000002342a4b6db0 .part L_000002342a53ad80, 20, 1;
L_000002342a4b59b0 .part L_000002342a4b6090, 20, 1;
L_000002342a4b7210 .part v000002342a486a70_0, 21, 1;
L_000002342a4b6b30 .part L_000002342a53ad80, 21, 1;
L_000002342a4b6e50 .part L_000002342a4b6090, 21, 1;
L_000002342a4b7350 .part v000002342a486a70_0, 22, 1;
L_000002342a4b64f0 .part L_000002342a53ad80, 22, 1;
L_000002342a4b5cd0 .part L_000002342a4b6090, 22, 1;
L_000002342a4b5550 .part v000002342a486a70_0, 23, 1;
L_000002342a4b72b0 .part L_000002342a53ad80, 23, 1;
L_000002342a4b6c70 .part L_000002342a4b6090, 23, 1;
L_000002342a4b7490 .part v000002342a486a70_0, 24, 1;
L_000002342a4b5690 .part L_000002342a53ad80, 24, 1;
L_000002342a4b6950 .part L_000002342a4b6090, 24, 1;
L_000002342a4b5d70 .part v000002342a486a70_0, 25, 1;
L_000002342a4b6f90 .part L_000002342a53ad80, 25, 1;
L_000002342a4b5eb0 .part L_000002342a4b6090, 25, 1;
L_000002342a4b63b0 .part v000002342a486a70_0, 26, 1;
L_000002342a4b5370 .part L_000002342a53ad80, 26, 1;
L_000002342a4b5a50 .part L_000002342a4b6090, 26, 1;
L_000002342a4b73f0 .part v000002342a486a70_0, 27, 1;
L_000002342a4b5e10 .part L_000002342a53ad80, 27, 1;
L_000002342a4b7530 .part L_000002342a4b6090, 27, 1;
L_000002342a4b57d0 .part v000002342a486a70_0, 28, 1;
L_000002342a4b5870 .part L_000002342a53ad80, 28, 1;
L_000002342a4b5f50 .part L_000002342a4b6090, 28, 1;
L_000002342a4b7030 .part v000002342a486a70_0, 29, 1;
L_000002342a4b6d10 .part L_000002342a53ad80, 29, 1;
L_000002342a4b75d0 .part L_000002342a4b6090, 29, 1;
L_000002342a4b5ff0 .part v000002342a486a70_0, 30, 1;
L_000002342a4b5910 .part L_000002342a53ad80, 30, 1;
L_000002342a4b5b90 .part L_000002342a4b6090, 30, 1;
L_000002342a4b5af0 .part v000002342a486a70_0, 31, 1;
L_000002342a4b6a90 .part L_000002342a53ad80, 31, 1;
L_000002342a4b61d0 .part L_000002342a4b6090, 31, 1;
LS_000002342a4b52d0_0_0 .concat8 [ 1 1 1 1], L_000002342a52d620, L_000002342a52da10, L_000002342a52e570, L_000002342a52e260;
LS_000002342a4b52d0_0_4 .concat8 [ 1 1 1 1], L_000002342a52d700, L_000002342a52e8f0, L_000002342a52de00, L_000002342a52eb20;
LS_000002342a4b52d0_0_8 .concat8 [ 1 1 1 1], L_000002342a52ed50, L_000002342a52dbd0, L_000002342a52e1f0, L_000002342a530aa0;
LS_000002342a4b52d0_0_12 .concat8 [ 1 1 1 1], L_000002342a5304f0, L_000002342a52fe60, L_000002342a52f060, L_000002342a5309c0;
LS_000002342a4b52d0_0_16 .concat8 [ 1 1 1 1], L_000002342a52f610, L_000002342a5303a0, L_000002342a52fa70, L_000002342a530790;
LS_000002342a4b52d0_0_20 .concat8 [ 1 1 1 1], L_000002342a52f680, L_000002342a5392d0, L_000002342a5393b0, L_000002342a539c70;
LS_000002342a4b52d0_0_24 .concat8 [ 1 1 1 1], L_000002342a539c00, L_000002342a538bd0, L_000002342a5399d0, L_000002342a53a680;
LS_000002342a4b52d0_0_28 .concat8 [ 1 1 1 1], L_000002342a5390a0, L_000002342a5397a0, L_000002342a539f10, L_000002342a539ff0;
LS_000002342a4b52d0_1_0 .concat8 [ 4 4 4 4], LS_000002342a4b52d0_0_0, LS_000002342a4b52d0_0_4, LS_000002342a4b52d0_0_8, LS_000002342a4b52d0_0_12;
LS_000002342a4b52d0_1_4 .concat8 [ 4 4 4 4], LS_000002342a4b52d0_0_16, LS_000002342a4b52d0_0_20, LS_000002342a4b52d0_0_24, LS_000002342a4b52d0_0_28;
L_000002342a4b52d0 .concat8 [ 16 16 0 0], LS_000002342a4b52d0_1_0, LS_000002342a4b52d0_1_4;
LS_000002342a4b6090_0_0 .concat8 [ 1 1 1 1], L_000002342a53b9c0, L_000002342a52e730, L_000002342a52e650, L_000002342a52e5e0;
LS_000002342a4b6090_0_4 .concat8 [ 1 1 1 1], L_000002342a52e3b0, L_000002342a52e490, L_000002342a52d4d0, L_000002342a52ece0;
LS_000002342a4b6090_0_8 .concat8 [ 1 1 1 1], L_000002342a52d930, L_000002342a52daf0, L_000002342a52dfc0, L_000002342a530720;
LS_000002342a4b6090_0_12 .concat8 [ 1 1 1 1], L_000002342a52f760, L_000002342a52fbc0, L_000002342a530b80, L_000002342a5302c0;
LS_000002342a4b6090_0_16 .concat8 [ 1 1 1 1], L_000002342a52fd80, L_000002342a52f140, L_000002342a52f7d0, L_000002342a52f1b0;
LS_000002342a4b6090_0_20 .concat8 [ 1 1 1 1], L_000002342a530950, L_000002342a530a30, L_000002342a539110, L_000002342a53a290;
LS_000002342a4b6090_0_24 .concat8 [ 1 1 1 1], L_000002342a539420, L_000002342a53a5a0, L_000002342a538e00, L_000002342a539570;
LS_000002342a4b6090_0_28 .concat8 [ 1 1 1 1], L_000002342a538c40, L_000002342a53a1b0, L_000002342a53a3e0, L_000002342a539b90;
LS_000002342a4b6090_0_32 .concat8 [ 1 0 0 0], L_000002342a53bf70;
LS_000002342a4b6090_1_0 .concat8 [ 4 4 4 4], LS_000002342a4b6090_0_0, LS_000002342a4b6090_0_4, LS_000002342a4b6090_0_8, LS_000002342a4b6090_0_12;
LS_000002342a4b6090_1_4 .concat8 [ 4 4 4 4], LS_000002342a4b6090_0_16, LS_000002342a4b6090_0_20, LS_000002342a4b6090_0_24, LS_000002342a4b6090_0_28;
LS_000002342a4b6090_1_8 .concat8 [ 1 0 0 0], LS_000002342a4b6090_0_32;
L_000002342a4b6090 .concat8 [ 16 16 1 0], LS_000002342a4b6090_1_0, LS_000002342a4b6090_1_4, LS_000002342a4b6090_1_8;
L_000002342a4b7710 .part L_000002342a4b6090, 32, 1;
L_000002342a4b6450 .part L_000002342a4b6090, 31, 1;
L_000002342a4b77b0 .part L_000002342a4b6090, 32, 1;
S_000002342a467a10 .scope generate, "fa_gen[0]" "fa_gen[0]" 9 17, 9 17 0, S_000002342a468b40;
 .timescale 0 0;
P_000002342a391dd0 .param/l "i" 0 9 17, +C4<00>;
S_000002342a467240 .scope module, "fa" "full_adder" 9 18, 9 33 0, S_000002342a467a10;
 .timescale 0 0;
    .port_info 0 /INPUT 1 "a";
    .port_info 1 /INPUT 1 "b";
    .port_info 2 /INPUT 1 "cin";
    .port_info 3 /OUTPUT 1 "sum";
    .port_info 4 /OUTPUT 1 "cout";
L_000002342a52e0a0 .functor XOR 1, L_000002342a4b3570, L_000002342a4b4a10, C4<0>, C4<0>;
L_000002342a52d620 .functor XOR 1, L_000002342a52e0a0, L_000002342a4b4290, C4<0>, C4<0>;
L_000002342a52ef10 .functor AND 1, L_000002342a4b3570, L_000002342a4b4a10, C4<1>, C4<1>;
L_000002342a52e500 .functor XOR 1, L_000002342a4b3570, L_000002342a4b4a10, C4<0>, C4<0>;
L_000002342a52e6c0 .functor AND 1, L_000002342a4b4290, L_000002342a52e500, C4<1>, C4<1>;
L_000002342a52e730 .functor OR 1, L_000002342a52ef10, L_000002342a52e6c0, C4<0>, C4<0>;
v000002342a45ede0_0 .net *"_ivl_0", 0 0, L_000002342a52e0a0;  1 drivers
v000002342a45ee80_0 .net *"_ivl_4", 0 0, L_000002342a52ef10;  1 drivers
v000002342a45e840_0 .net *"_ivl_6", 0 0, L_000002342a52e500;  1 drivers
v000002342a45dc60_0 .net *"_ivl_8", 0 0, L_000002342a52e6c0;  1 drivers
v000002342a45fa60_0 .net "a", 0 0, L_000002342a4b3570;  1 drivers
v000002342a45fe20_0 .net "b", 0 0, L_000002342a4b4a10;  1 drivers
v000002342a45d8a0_0 .net "cin", 0 0, L_000002342a4b4290;  1 drivers
v000002342a45f2e0_0 .net "cout", 0 0, L_000002342a52e730;  1 drivers
v000002342a45f600_0 .net "sum", 0 0, L_000002342a52d620;  1 drivers
S_000002342a468820 .scope generate, "fa_gen[1]" "fa_gen[1]" 9 17, 9 17 0, S_000002342a468b40;
 .timescale 0 0;
P_000002342a391a90 .param/l "i" 0 9 17, +C4<01>;
S_000002342a467ba0 .scope module, "fa" "full_adder" 9 18, 9 33 0, S_000002342a468820;
 .timescale 0 0;
    .port_info 0 /INPUT 1 "a";
    .port_info 1 /INPUT 1 "b";
    .port_info 2 /INPUT 1 "cin";
    .port_info 3 /OUTPUT 1 "sum";
    .port_info 4 /OUTPUT 1 "cout";
L_000002342a52ee30 .functor XOR 1, L_000002342a4b4150, L_000002342a4b3ed0, C4<0>, C4<0>;
L_000002342a52da10 .functor XOR 1, L_000002342a52ee30, L_000002342a4b2990, C4<0>, C4<0>;
L_000002342a52e880 .functor AND 1, L_000002342a4b4150, L_000002342a4b3ed0, C4<1>, C4<1>;
L_000002342a52ec00 .functor XOR 1, L_000002342a4b4150, L_000002342a4b3ed0, C4<0>, C4<0>;
L_000002342a52e2d0 .functor AND 1, L_000002342a4b2990, L_000002342a52ec00, C4<1>, C4<1>;
L_000002342a52e650 .functor OR 1, L_000002342a52e880, L_000002342a52e2d0, C4<0>, C4<0>;
v000002342a45fb00_0 .net *"_ivl_0", 0 0, L_000002342a52ee30;  1 drivers
v000002342a45fba0_0 .net *"_ivl_4", 0 0, L_000002342a52e880;  1 drivers
v000002342a45fce0_0 .net *"_ivl_6", 0 0, L_000002342a52ec00;  1 drivers
v000002342a45f420_0 .net *"_ivl_8", 0 0, L_000002342a52e2d0;  1 drivers
v000002342a45e700_0 .net "a", 0 0, L_000002342a4b4150;  1 drivers
v000002342a45f4c0_0 .net "b", 0 0, L_000002342a4b3ed0;  1 drivers
v000002342a45e520_0 .net "cin", 0 0, L_000002342a4b2990;  1 drivers
v000002342a45dee0_0 .net "cout", 0 0, L_000002342a52e650;  1 drivers
v000002342a45e7a0_0 .net "sum", 0 0, L_000002342a52da10;  1 drivers
S_000002342a468370 .scope generate, "fa_gen[2]" "fa_gen[2]" 9 17, 9 17 0, S_000002342a468b40;
 .timescale 0 0;
P_000002342a391b90 .param/l "i" 0 9 17, +C4<010>;
S_000002342a468cd0 .scope module, "fa" "full_adder" 9 18, 9 33 0, S_000002342a468370;
 .timescale 0 0;
    .port_info 0 /INPUT 1 "a";
    .port_info 1 /INPUT 1 "b";
    .port_info 2 /INPUT 1 "cin";
    .port_info 3 /OUTPUT 1 "sum";
    .port_info 4 /OUTPUT 1 "cout";
L_000002342a52e340 .functor XOR 1, L_000002342a4b2a30, L_000002342a4b4f10, C4<0>, C4<0>;
L_000002342a52e570 .functor XOR 1, L_000002342a52e340, L_000002342a4b41f0, C4<0>, C4<0>;
L_000002342a52e7a0 .functor AND 1, L_000002342a4b2a30, L_000002342a4b4f10, C4<1>, C4<1>;
L_000002342a52d5b0 .functor XOR 1, L_000002342a4b2a30, L_000002342a4b4f10, C4<0>, C4<0>;
L_000002342a52d7e0 .functor AND 1, L_000002342a4b41f0, L_000002342a52d5b0, C4<1>, C4<1>;
L_000002342a52e5e0 .functor OR 1, L_000002342a52e7a0, L_000002342a52d7e0, C4<0>, C4<0>;
v000002342a45fec0_0 .net *"_ivl_0", 0 0, L_000002342a52e340;  1 drivers
v000002342a45e8e0_0 .net *"_ivl_4", 0 0, L_000002342a52e7a0;  1 drivers
v000002342a45db20_0 .net *"_ivl_6", 0 0, L_000002342a52d5b0;  1 drivers
v000002342a45f1a0_0 .net *"_ivl_8", 0 0, L_000002342a52d7e0;  1 drivers
v000002342a45f6a0_0 .net "a", 0 0, L_000002342a4b2a30;  1 drivers
v000002342a45ff60_0 .net "b", 0 0, L_000002342a4b4f10;  1 drivers
v000002342a45f7e0_0 .net "cin", 0 0, L_000002342a4b41f0;  1 drivers
v000002342a45efc0_0 .net "cout", 0 0, L_000002342a52e5e0;  1 drivers
v000002342a460000_0 .net "sum", 0 0, L_000002342a52e570;  1 drivers
S_000002342a467d30 .scope generate, "fa_gen[3]" "fa_gen[3]" 9 17, 9 17 0, S_000002342a468b40;
 .timescale 0 0;
P_000002342a391690 .param/l "i" 0 9 17, +C4<011>;
S_000002342a467ec0 .scope module, "fa" "full_adder" 9 18, 9 33 0, S_000002342a467d30;
 .timescale 0 0;
    .port_info 0 /INPUT 1 "a";
    .port_info 1 /INPUT 1 "b";
    .port_info 2 /INPUT 1 "cin";
    .port_info 3 /OUTPUT 1 "sum";
    .port_info 4 /OUTPUT 1 "cout";
L_000002342a52dd90 .functor XOR 1, L_000002342a4b3610, L_000002342a4b4830, C4<0>, C4<0>;
L_000002342a52e260 .functor XOR 1, L_000002342a52dd90, L_000002342a4b2ad0, C4<0>, C4<0>;
L_000002342a52e960 .functor AND 1, L_000002342a4b3610, L_000002342a4b4830, C4<1>, C4<1>;
L_000002342a52ef80 .functor XOR 1, L_000002342a4b3610, L_000002342a4b4830, C4<0>, C4<0>;
L_000002342a52d690 .functor AND 1, L_000002342a4b2ad0, L_000002342a52ef80, C4<1>, C4<1>;
L_000002342a52e3b0 .functor OR 1, L_000002342a52e960, L_000002342a52d690, C4<0>, C4<0>;
v000002342a45f9c0_0 .net *"_ivl_0", 0 0, L_000002342a52dd90;  1 drivers
v000002342a45f560_0 .net *"_ivl_4", 0 0, L_000002342a52e960;  1 drivers
v000002342a45fc40_0 .net *"_ivl_6", 0 0, L_000002342a52ef80;  1 drivers
v000002342a45d9e0_0 .net *"_ivl_8", 0 0, L_000002342a52d690;  1 drivers
v000002342a45d940_0 .net "a", 0 0, L_000002342a4b3610;  1 drivers
v000002342a45fd80_0 .net "b", 0 0, L_000002342a4b4830;  1 drivers
v000002342a45dd00_0 .net "cin", 0 0, L_000002342a4b2ad0;  1 drivers
v000002342a45dda0_0 .net "cout", 0 0, L_000002342a52e3b0;  1 drivers
v000002342a45eca0_0 .net "sum", 0 0, L_000002342a52e260;  1 drivers
S_000002342a468050 .scope generate, "fa_gen[4]" "fa_gen[4]" 9 17, 9 17 0, S_000002342a468b40;
 .timescale 0 0;
P_000002342a391bd0 .param/l "i" 0 9 17, +C4<0100>;
S_000002342a468e60 .scope module, "fa" "full_adder" 9 18, 9 33 0, S_000002342a468050;
 .timescale 0 0;
    .port_info 0 /INPUT 1 "a";
    .port_info 1 /INPUT 1 "b";
    .port_info 2 /INPUT 1 "cin";
    .port_info 3 /OUTPUT 1 "sum";
    .port_info 4 /OUTPUT 1 "cout";
L_000002342a52e420 .functor XOR 1, L_000002342a4b2b70, L_000002342a4b31b0, C4<0>, C4<0>;
L_000002342a52d700 .functor XOR 1, L_000002342a52e420, L_000002342a4b4330, C4<0>, C4<0>;
L_000002342a52eff0 .functor AND 1, L_000002342a4b2b70, L_000002342a4b31b0, C4<1>, C4<1>;
L_000002342a52d460 .functor XOR 1, L_000002342a4b2b70, L_000002342a4b31b0, C4<0>, C4<0>;
L_000002342a52e9d0 .functor AND 1, L_000002342a4b4330, L_000002342a52d460, C4<1>, C4<1>;
L_000002342a52e490 .functor OR 1, L_000002342a52eff0, L_000002342a52e9d0, C4<0>, C4<0>;
v000002342a45de40_0 .net *"_ivl_0", 0 0, L_000002342a52e420;  1 drivers
v000002342a45f880_0 .net *"_ivl_4", 0 0, L_000002342a52eff0;  1 drivers
v000002342a45e020_0 .net *"_ivl_6", 0 0, L_000002342a52d460;  1 drivers
v000002342a45e160_0 .net *"_ivl_8", 0 0, L_000002342a52e9d0;  1 drivers
v000002342a45e980_0 .net "a", 0 0, L_000002342a4b2b70;  1 drivers
v000002342a45ea20_0 .net "b", 0 0, L_000002342a4b31b0;  1 drivers
v000002342a45f060_0 .net "cin", 0 0, L_000002342a4b4330;  1 drivers
v000002342a45eac0_0 .net "cout", 0 0, L_000002342a52e490;  1 drivers
v000002342a45f100_0 .net "sum", 0 0, L_000002342a52d700;  1 drivers
S_000002342a4681e0 .scope generate, "fa_gen[5]" "fa_gen[5]" 9 17, 9 17 0, S_000002342a468b40;
 .timescale 0 0;
P_000002342a391590 .param/l "i" 0 9 17, +C4<0101>;
S_000002342a468690 .scope module, "fa" "full_adder" 9 18, 9 33 0, S_000002342a4681e0;
 .timescale 0 0;
    .port_info 0 /INPUT 1 "a";
    .port_info 1 /INPUT 1 "b";
    .port_info 2 /INPUT 1 "cin";
    .port_info 3 /OUTPUT 1 "sum";
    .port_info 4 /OUTPUT 1 "cout";
L_000002342a52e810 .functor XOR 1, L_000002342a4b3430, L_000002342a4b2fd0, C4<0>, C4<0>;
L_000002342a52e8f0 .functor XOR 1, L_000002342a52e810, L_000002342a4b43d0, C4<0>, C4<0>;
L_000002342a52ea40 .functor AND 1, L_000002342a4b3430, L_000002342a4b2fd0, C4<1>, C4<1>;
L_000002342a52d850 .functor XOR 1, L_000002342a4b3430, L_000002342a4b2fd0, C4<0>, C4<0>;
L_000002342a52dee0 .functor AND 1, L_000002342a4b43d0, L_000002342a52d850, C4<1>, C4<1>;
L_000002342a52d4d0 .functor OR 1, L_000002342a52ea40, L_000002342a52dee0, C4<0>, C4<0>;
v000002342a45eb60_0 .net *"_ivl_0", 0 0, L_000002342a52e810;  1 drivers
v000002342a460820_0 .net *"_ivl_4", 0 0, L_000002342a52ea40;  1 drivers
v000002342a460280_0 .net *"_ivl_6", 0 0, L_000002342a52d850;  1 drivers
v000002342a460d20_0 .net *"_ivl_8", 0 0, L_000002342a52dee0;  1 drivers
v000002342a460320_0 .net "a", 0 0, L_000002342a4b3430;  1 drivers
v000002342a460dc0_0 .net "b", 0 0, L_000002342a4b2fd0;  1 drivers
v000002342a460e60_0 .net "cin", 0 0, L_000002342a4b43d0;  1 drivers
v000002342a460be0_0 .net "cout", 0 0, L_000002342a52d4d0;  1 drivers
v000002342a460960_0 .net "sum", 0 0, L_000002342a52e8f0;  1 drivers
S_000002342a4676f0 .scope generate, "fa_gen[6]" "fa_gen[6]" 9 17, 9 17 0, S_000002342a468b40;
 .timescale 0 0;
P_000002342a3918d0 .param/l "i" 0 9 17, +C4<0110>;
S_000002342a468500 .scope module, "fa" "full_adder" 9 18, 9 33 0, S_000002342a4676f0;
 .timescale 0 0;
    .port_info 0 /INPUT 1 "a";
    .port_info 1 /INPUT 1 "b";
    .port_info 2 /INPUT 1 "cin";
    .port_info 3 /OUTPUT 1 "sum";
    .port_info 4 /OUTPUT 1 "cout";
L_000002342a52dd20 .functor XOR 1, L_000002342a4b2df0, L_000002342a4b3390, C4<0>, C4<0>;
L_000002342a52de00 .functor XOR 1, L_000002342a52dd20, L_000002342a4b36b0, C4<0>, C4<0>;
L_000002342a52d770 .functor AND 1, L_000002342a4b2df0, L_000002342a4b3390, C4<1>, C4<1>;
L_000002342a52d540 .functor XOR 1, L_000002342a4b2df0, L_000002342a4b3390, C4<0>, C4<0>;
L_000002342a52ec70 .functor AND 1, L_000002342a4b36b0, L_000002342a52d540, C4<1>, C4<1>;
L_000002342a52ece0 .functor OR 1, L_000002342a52d770, L_000002342a52ec70, C4<0>, C4<0>;
v000002342a460a00_0 .net *"_ivl_0", 0 0, L_000002342a52dd20;  1 drivers
v000002342a4603c0_0 .net *"_ivl_4", 0 0, L_000002342a52d770;  1 drivers
v000002342a460b40_0 .net *"_ivl_6", 0 0, L_000002342a52d540;  1 drivers
v000002342a460640_0 .net *"_ivl_8", 0 0, L_000002342a52ec70;  1 drivers
v000002342a460140_0 .net "a", 0 0, L_000002342a4b2df0;  1 drivers
v000002342a460780_0 .net "b", 0 0, L_000002342a4b3390;  1 drivers
v000002342a460500_0 .net "cin", 0 0, L_000002342a4b36b0;  1 drivers
v000002342a4606e0_0 .net "cout", 0 0, L_000002342a52ece0;  1 drivers
v000002342a460460_0 .net "sum", 0 0, L_000002342a52de00;  1 drivers
S_000002342a4673d0 .scope generate, "fa_gen[7]" "fa_gen[7]" 9 17, 9 17 0, S_000002342a468b40;
 .timescale 0 0;
P_000002342a391990 .param/l "i" 0 9 17, +C4<0111>;
S_000002342a46ca90 .scope module, "fa" "full_adder" 9 18, 9 33 0, S_000002342a4673d0;
 .timescale 0 0;
    .port_info 0 /INPUT 1 "a";
    .port_info 1 /INPUT 1 "b";
    .port_info 2 /INPUT 1 "cin";
    .port_info 3 /OUTPUT 1 "sum";
    .port_info 4 /OUTPUT 1 "cout";
L_000002342a52eab0 .functor XOR 1, L_000002342a4b4b50, L_000002342a4b5050, C4<0>, C4<0>;
L_000002342a52eb20 .functor XOR 1, L_000002342a52eab0, L_000002342a4b2c10, C4<0>, C4<0>;
L_000002342a52e030 .functor AND 1, L_000002342a4b4b50, L_000002342a4b5050, C4<1>, C4<1>;
L_000002342a52eb90 .functor XOR 1, L_000002342a4b4b50, L_000002342a4b5050, C4<0>, C4<0>;
L_000002342a52d8c0 .functor AND 1, L_000002342a4b2c10, L_000002342a52eb90, C4<1>, C4<1>;
L_000002342a52d930 .functor OR 1, L_000002342a52e030, L_000002342a52d8c0, C4<0>, C4<0>;
v000002342a4605a0_0 .net *"_ivl_0", 0 0, L_000002342a52eab0;  1 drivers
v000002342a4608c0_0 .net *"_ivl_4", 0 0, L_000002342a52e030;  1 drivers
v000002342a460aa0_0 .net *"_ivl_6", 0 0, L_000002342a52eb90;  1 drivers
v000002342a460c80_0 .net *"_ivl_8", 0 0, L_000002342a52d8c0;  1 drivers
v000002342a460f00_0 .net "a", 0 0, L_000002342a4b4b50;  1 drivers
v000002342a4601e0_0 .net "b", 0 0, L_000002342a4b5050;  1 drivers
v000002342a4600a0_0 .net "cin", 0 0, L_000002342a4b2c10;  1 drivers
v000002342a46f040_0 .net "cout", 0 0, L_000002342a52d930;  1 drivers
v000002342a46d1a0_0 .net "sum", 0 0, L_000002342a52eb20;  1 drivers
S_000002342a46a510 .scope generate, "fa_gen[8]" "fa_gen[8]" 9 17, 9 17 0, S_000002342a468b40;
 .timescale 0 0;
P_000002342a392090 .param/l "i" 0 9 17, +C4<01000>;
S_000002342a4693e0 .scope module, "fa" "full_adder" 9 18, 9 33 0, S_000002342a46a510;
 .timescale 0 0;
    .port_info 0 /INPUT 1 "a";
    .port_info 1 /INPUT 1 "b";
    .port_info 2 /INPUT 1 "cin";
    .port_info 3 /OUTPUT 1 "sum";
    .port_info 4 /OUTPUT 1 "cout";
L_000002342a52de70 .functor XOR 1, L_000002342a4b3750, L_000002342a4b3bb0, C4<0>, C4<0>;
L_000002342a52ed50 .functor XOR 1, L_000002342a52de70, L_000002342a4b4510, C4<0>, C4<0>;
L_000002342a52edc0 .functor AND 1, L_000002342a4b3750, L_000002342a4b3bb0, C4<1>, C4<1>;
L_000002342a52d9a0 .functor XOR 1, L_000002342a4b3750, L_000002342a4b3bb0, C4<0>, C4<0>;
L_000002342a52da80 .functor AND 1, L_000002342a4b4510, L_000002342a52d9a0, C4<1>, C4<1>;
L_000002342a52daf0 .functor OR 1, L_000002342a52edc0, L_000002342a52da80, C4<0>, C4<0>;
v000002342a46efa0_0 .net *"_ivl_0", 0 0, L_000002342a52de70;  1 drivers
v000002342a46d9c0_0 .net *"_ivl_4", 0 0, L_000002342a52edc0;  1 drivers
v000002342a46e960_0 .net *"_ivl_6", 0 0, L_000002342a52d9a0;  1 drivers
v000002342a46eaa0_0 .net *"_ivl_8", 0 0, L_000002342a52da80;  1 drivers
v000002342a46dba0_0 .net "a", 0 0, L_000002342a4b3750;  1 drivers
v000002342a46f180_0 .net "b", 0 0, L_000002342a4b3bb0;  1 drivers
v000002342a46d240_0 .net "cin", 0 0, L_000002342a4b4510;  1 drivers
v000002342a46f5e0_0 .net "cout", 0 0, L_000002342a52daf0;  1 drivers
v000002342a46e0a0_0 .net "sum", 0 0, L_000002342a52ed50;  1 drivers
S_000002342a469a20 .scope generate, "fa_gen[9]" "fa_gen[9]" 9 17, 9 17 0, S_000002342a468b40;
 .timescale 0 0;
P_000002342a3920d0 .param/l "i" 0 9 17, +C4<01001>;
S_000002342a46cc20 .scope module, "fa" "full_adder" 9 18, 9 33 0, S_000002342a469a20;
 .timescale 0 0;
    .port_info 0 /INPUT 1 "a";
    .port_info 1 /INPUT 1 "b";
    .port_info 2 /INPUT 1 "cin";
    .port_info 3 /OUTPUT 1 "sum";
    .port_info 4 /OUTPUT 1 "cout";
L_000002342a52db60 .functor XOR 1, L_000002342a4b3cf0, L_000002342a4b3890, C4<0>, C4<0>;
L_000002342a52dbd0 .functor XOR 1, L_000002342a52db60, L_000002342a4b4650, C4<0>, C4<0>;
L_000002342a52dc40 .functor AND 1, L_000002342a4b3cf0, L_000002342a4b3890, C4<1>, C4<1>;
L_000002342a52dcb0 .functor XOR 1, L_000002342a4b3cf0, L_000002342a4b3890, C4<0>, C4<0>;
L_000002342a52df50 .functor AND 1, L_000002342a4b4650, L_000002342a52dcb0, C4<1>, C4<1>;
L_000002342a52dfc0 .functor OR 1, L_000002342a52dc40, L_000002342a52df50, C4<0>, C4<0>;
v000002342a46f7c0_0 .net *"_ivl_0", 0 0, L_000002342a52db60;  1 drivers
v000002342a46d2e0_0 .net *"_ivl_4", 0 0, L_000002342a52dc40;  1 drivers
v000002342a46f0e0_0 .net *"_ivl_6", 0 0, L_000002342a52dcb0;  1 drivers
v000002342a46f720_0 .net *"_ivl_8", 0 0, L_000002342a52df50;  1 drivers
v000002342a46e280_0 .net "a", 0 0, L_000002342a4b3cf0;  1 drivers
v000002342a46d600_0 .net "b", 0 0, L_000002342a4b3890;  1 drivers
v000002342a46d380_0 .net "cin", 0 0, L_000002342a4b4650;  1 drivers
v000002342a46f2c0_0 .net "cout", 0 0, L_000002342a52dfc0;  1 drivers
v000002342a46ea00_0 .net "sum", 0 0, L_000002342a52dbd0;  1 drivers
S_000002342a469d40 .scope generate, "fa_gen[10]" "fa_gen[10]" 9 17, 9 17 0, S_000002342a468b40;
 .timescale 0 0;
P_000002342a391410 .param/l "i" 0 9 17, +C4<01010>;
S_000002342a46b4b0 .scope module, "fa" "full_adder" 9 18, 9 33 0, S_000002342a469d40;
 .timescale 0 0;
    .port_info 0 /INPUT 1 "a";
    .port_info 1 /INPUT 1 "b";
    .port_info 2 /INPUT 1 "cin";
    .port_info 3 /OUTPUT 1 "sum";
    .port_info 4 /OUTPUT 1 "cout";
L_000002342a52e180 .functor XOR 1, L_000002342a4b39d0, L_000002342a4b37f0, C4<0>, C4<0>;
L_000002342a52e1f0 .functor XOR 1, L_000002342a52e180, L_000002342a4b3930, C4<0>, C4<0>;
L_000002342a530800 .functor AND 1, L_000002342a4b39d0, L_000002342a4b37f0, C4<1>, C4<1>;
L_000002342a530870 .functor XOR 1, L_000002342a4b39d0, L_000002342a4b37f0, C4<0>, C4<0>;
L_000002342a52f840 .functor AND 1, L_000002342a4b3930, L_000002342a530870, C4<1>, C4<1>;
L_000002342a530720 .functor OR 1, L_000002342a530800, L_000002342a52f840, C4<0>, C4<0>;
v000002342a46dd80_0 .net *"_ivl_0", 0 0, L_000002342a52e180;  1 drivers
v000002342a46dc40_0 .net *"_ivl_4", 0 0, L_000002342a530800;  1 drivers
v000002342a46eb40_0 .net *"_ivl_6", 0 0, L_000002342a530870;  1 drivers
v000002342a46e000_0 .net *"_ivl_8", 0 0, L_000002342a52f840;  1 drivers
v000002342a46d100_0 .net "a", 0 0, L_000002342a4b39d0;  1 drivers
v000002342a46ee60_0 .net "b", 0 0, L_000002342a4b37f0;  1 drivers
v000002342a46ebe0_0 .net "cin", 0 0, L_000002342a4b3930;  1 drivers
v000002342a46e140_0 .net "cout", 0 0, L_000002342a530720;  1 drivers
v000002342a46e640_0 .net "sum", 0 0, L_000002342a52e1f0;  1 drivers
S_000002342a46bfa0 .scope generate, "fa_gen[11]" "fa_gen[11]" 9 17, 9 17 0, S_000002342a468b40;
 .timescale 0 0;
P_000002342a392150 .param/l "i" 0 9 17, +C4<01011>;
S_000002342a46b000 .scope module, "fa" "full_adder" 9 18, 9 33 0, S_000002342a46bfa0;
 .timescale 0 0;
    .port_info 0 /INPUT 1 "a";
    .port_info 1 /INPUT 1 "b";
    .port_info 2 /INPUT 1 "cin";
    .port_info 3 /OUTPUT 1 "sum";
    .port_info 4 /OUTPUT 1 "cout";
L_000002342a52f220 .functor XOR 1, L_000002342a4b2cb0, L_000002342a4b3a70, C4<0>, C4<0>;
L_000002342a530aa0 .functor XOR 1, L_000002342a52f220, L_000002342a4b50f0, C4<0>, C4<0>;
L_000002342a52f8b0 .functor AND 1, L_000002342a4b2cb0, L_000002342a4b3a70, C4<1>, C4<1>;
L_000002342a52f300 .functor XOR 1, L_000002342a4b2cb0, L_000002342a4b3a70, C4<0>, C4<0>;
L_000002342a530250 .functor AND 1, L_000002342a4b50f0, L_000002342a52f300, C4<1>, C4<1>;
L_000002342a52f760 .functor OR 1, L_000002342a52f8b0, L_000002342a530250, C4<0>, C4<0>;
v000002342a46d920_0 .net *"_ivl_0", 0 0, L_000002342a52f220;  1 drivers
v000002342a46f360_0 .net *"_ivl_4", 0 0, L_000002342a52f8b0;  1 drivers
v000002342a46e1e0_0 .net *"_ivl_6", 0 0, L_000002342a52f300;  1 drivers
v000002342a46de20_0 .net *"_ivl_8", 0 0, L_000002342a530250;  1 drivers
v000002342a46dec0_0 .net "a", 0 0, L_000002342a4b2cb0;  1 drivers
v000002342a46e780_0 .net "b", 0 0, L_000002342a4b3a70;  1 drivers
v000002342a46dce0_0 .net "cin", 0 0, L_000002342a4b50f0;  1 drivers
v000002342a46f860_0 .net "cout", 0 0, L_000002342a52f760;  1 drivers
v000002342a46db00_0 .net "sum", 0 0, L_000002342a530aa0;  1 drivers
S_000002342a469890 .scope generate, "fa_gen[12]" "fa_gen[12]" 9 17, 9 17 0, S_000002342a468b40;
 .timescale 0 0;
P_000002342a3916d0 .param/l "i" 0 9 17, +C4<01100>;
S_000002342a46ab50 .scope module, "fa" "full_adder" 9 18, 9 33 0, S_000002342a469890;
 .timescale 0 0;
    .port_info 0 /INPUT 1 "a";
    .port_info 1 /INPUT 1 "b";
    .port_info 2 /INPUT 1 "cin";
    .port_info 3 /OUTPUT 1 "sum";
    .port_info 4 /OUTPUT 1 "cout";
L_000002342a52f290 .functor XOR 1, L_000002342a4b2e90, L_000002342a4b2f30, C4<0>, C4<0>;
L_000002342a5304f0 .functor XOR 1, L_000002342a52f290, L_000002342a4b46f0, C4<0>, C4<0>;
L_000002342a530b10 .functor AND 1, L_000002342a4b2e90, L_000002342a4b2f30, C4<1>, C4<1>;
L_000002342a5308e0 .functor XOR 1, L_000002342a4b2e90, L_000002342a4b2f30, C4<0>, C4<0>;
L_000002342a530100 .functor AND 1, L_000002342a4b46f0, L_000002342a5308e0, C4<1>, C4<1>;
L_000002342a52fbc0 .functor OR 1, L_000002342a530b10, L_000002342a530100, C4<0>, C4<0>;
v000002342a46df60_0 .net *"_ivl_0", 0 0, L_000002342a52f290;  1 drivers
v000002342a46ec80_0 .net *"_ivl_4", 0 0, L_000002342a530b10;  1 drivers
v000002342a46d420_0 .net *"_ivl_6", 0 0, L_000002342a5308e0;  1 drivers
v000002342a46e320_0 .net *"_ivl_8", 0 0, L_000002342a530100;  1 drivers
v000002342a46f4a0_0 .net "a", 0 0, L_000002342a4b2e90;  1 drivers
v000002342a46e3c0_0 .net "b", 0 0, L_000002342a4b2f30;  1 drivers
v000002342a46d4c0_0 .net "cin", 0 0, L_000002342a4b46f0;  1 drivers
v000002342a46f680_0 .net "cout", 0 0, L_000002342a52fbc0;  1 drivers
v000002342a46d560_0 .net "sum", 0 0, L_000002342a5304f0;  1 drivers
S_000002342a46a380 .scope generate, "fa_gen[13]" "fa_gen[13]" 9 17, 9 17 0, S_000002342a468b40;
 .timescale 0 0;
P_000002342a391750 .param/l "i" 0 9 17, +C4<01101>;
S_000002342a46c450 .scope module, "fa" "full_adder" 9 18, 9 33 0, S_000002342a46a380;
 .timescale 0 0;
    .port_info 0 /INPUT 1 "a";
    .port_info 1 /INPUT 1 "b";
    .port_info 2 /INPUT 1 "cin";
    .port_info 3 /OUTPUT 1 "sum";
    .port_info 4 /OUTPUT 1 "cout";
L_000002342a530090 .functor XOR 1, L_000002342a4b3070, L_000002342a4b3c50, C4<0>, C4<0>;
L_000002342a52fe60 .functor XOR 1, L_000002342a530090, L_000002342a4b4790, C4<0>, C4<0>;
L_000002342a52fb50 .functor AND 1, L_000002342a4b3070, L_000002342a4b3c50, C4<1>, C4<1>;
L_000002342a530020 .functor XOR 1, L_000002342a4b3070, L_000002342a4b3c50, C4<0>, C4<0>;
L_000002342a530170 .functor AND 1, L_000002342a4b4790, L_000002342a530020, C4<1>, C4<1>;
L_000002342a530b80 .functor OR 1, L_000002342a52fb50, L_000002342a530170, C4<0>, C4<0>;
v000002342a46e6e0_0 .net *"_ivl_0", 0 0, L_000002342a530090;  1 drivers
v000002342a46e460_0 .net *"_ivl_4", 0 0, L_000002342a52fb50;  1 drivers
v000002342a46d6a0_0 .net *"_ivl_6", 0 0, L_000002342a530020;  1 drivers
v000002342a46e500_0 .net *"_ivl_8", 0 0, L_000002342a530170;  1 drivers
v000002342a46d740_0 .net "a", 0 0, L_000002342a4b3070;  1 drivers
v000002342a46ed20_0 .net "b", 0 0, L_000002342a4b3c50;  1 drivers
v000002342a46ef00_0 .net "cin", 0 0, L_000002342a4b4790;  1 drivers
v000002342a46da60_0 .net "cout", 0 0, L_000002342a530b80;  1 drivers
v000002342a46d7e0_0 .net "sum", 0 0, L_000002342a52fe60;  1 drivers
S_000002342a46a9c0 .scope generate, "fa_gen[14]" "fa_gen[14]" 9 17, 9 17 0, S_000002342a468b40;
 .timescale 0 0;
P_000002342a392190 .param/l "i" 0 9 17, +C4<01110>;
S_000002342a469250 .scope module, "fa" "full_adder" 9 18, 9 33 0, S_000002342a46a9c0;
 .timescale 0 0;
    .port_info 0 /INPUT 1 "a";
    .port_info 1 /INPUT 1 "b";
    .port_info 2 /INPUT 1 "cin";
    .port_info 3 /OUTPUT 1 "sum";
    .port_info 4 /OUTPUT 1 "cout";
L_000002342a530bf0 .functor XOR 1, L_000002342a4b48d0, L_000002342a4b3110, C4<0>, C4<0>;
L_000002342a52f060 .functor XOR 1, L_000002342a530bf0, L_000002342a4b3d90, C4<0>, C4<0>;
L_000002342a52f3e0 .functor AND 1, L_000002342a4b48d0, L_000002342a4b3110, C4<1>, C4<1>;
L_000002342a5301e0 .functor XOR 1, L_000002342a4b48d0, L_000002342a4b3110, C4<0>, C4<0>;
L_000002342a52f4c0 .functor AND 1, L_000002342a4b3d90, L_000002342a5301e0, C4<1>, C4<1>;
L_000002342a5302c0 .functor OR 1, L_000002342a52f3e0, L_000002342a52f4c0, C4<0>, C4<0>;
v000002342a46edc0_0 .net *"_ivl_0", 0 0, L_000002342a530bf0;  1 drivers
v000002342a46d880_0 .net *"_ivl_4", 0 0, L_000002342a52f3e0;  1 drivers
v000002342a46e5a0_0 .net *"_ivl_6", 0 0, L_000002342a5301e0;  1 drivers
v000002342a46e820_0 .net *"_ivl_8", 0 0, L_000002342a52f4c0;  1 drivers
v000002342a46e8c0_0 .net "a", 0 0, L_000002342a4b48d0;  1 drivers
v000002342a46f220_0 .net "b", 0 0, L_000002342a4b3110;  1 drivers
v000002342a46f400_0 .net "cin", 0 0, L_000002342a4b3d90;  1 drivers
v000002342a46f540_0 .net "cout", 0 0, L_000002342a5302c0;  1 drivers
v000002342a470b20_0 .net "sum", 0 0, L_000002342a52f060;  1 drivers
S_000002342a46bc80 .scope generate, "fa_gen[15]" "fa_gen[15]" 9 17, 9 17 0, S_000002342a468b40;
 .timescale 0 0;
P_000002342a391cd0 .param/l "i" 0 9 17, +C4<01111>;
S_000002342a46a6a0 .scope module, "fa" "full_adder" 9 18, 9 33 0, S_000002342a46bc80;
 .timescale 0 0;
    .port_info 0 /INPUT 1 "a";
    .port_info 1 /INPUT 1 "b";
    .port_info 2 /INPUT 1 "cin";
    .port_info 3 /OUTPUT 1 "sum";
    .port_info 4 /OUTPUT 1 "cout";
L_000002342a52f920 .functor XOR 1, L_000002342a4b3e30, L_000002342a4b4970, C4<0>, C4<0>;
L_000002342a5309c0 .functor XOR 1, L_000002342a52f920, L_000002342a4b4ab0, C4<0>, C4<0>;
L_000002342a52f370 .functor AND 1, L_000002342a4b3e30, L_000002342a4b4970, C4<1>, C4<1>;
L_000002342a52f450 .functor XOR 1, L_000002342a4b3e30, L_000002342a4b4970, C4<0>, C4<0>;
L_000002342a52fc30 .functor AND 1, L_000002342a4b4ab0, L_000002342a52f450, C4<1>, C4<1>;
L_000002342a52fd80 .functor OR 1, L_000002342a52f370, L_000002342a52fc30, C4<0>, C4<0>;
v000002342a471700_0 .net *"_ivl_0", 0 0, L_000002342a52f920;  1 drivers
v000002342a46fb80_0 .net *"_ivl_4", 0 0, L_000002342a52f370;  1 drivers
v000002342a471fc0_0 .net *"_ivl_6", 0 0, L_000002342a52f450;  1 drivers
v000002342a46fae0_0 .net *"_ivl_8", 0 0, L_000002342a52fc30;  1 drivers
v000002342a470120_0 .net "a", 0 0, L_000002342a4b3e30;  1 drivers
v000002342a470440_0 .net "b", 0 0, L_000002342a4b4970;  1 drivers
v000002342a470760_0 .net "cin", 0 0, L_000002342a4b4ab0;  1 drivers
v000002342a471f20_0 .net "cout", 0 0, L_000002342a52fd80;  1 drivers
v000002342a471a20_0 .net "sum", 0 0, L_000002342a5309c0;  1 drivers
S_000002342a46be10 .scope generate, "fa_gen[16]" "fa_gen[16]" 9 17, 9 17 0, S_000002342a468b40;
 .timescale 0 0;
P_000002342a3919d0 .param/l "i" 0 9 17, +C4<010000>;
S_000002342a46c130 .scope module, "fa" "full_adder" 9 18, 9 33 0, S_000002342a46be10;
 .timescale 0 0;
    .port_info 0 /INPUT 1 "a";
    .port_info 1 /INPUT 1 "b";
    .port_info 2 /INPUT 1 "cin";
    .port_info 3 /OUTPUT 1 "sum";
    .port_info 4 /OUTPUT 1 "cout";
L_000002342a52f990 .functor XOR 1, L_000002342a4b4bf0, L_000002342a4b4c90, C4<0>, C4<0>;
L_000002342a52f610 .functor XOR 1, L_000002342a52f990, L_000002342a4b3f70, C4<0>, C4<0>;
L_000002342a52f0d0 .functor AND 1, L_000002342a4b4bf0, L_000002342a4b4c90, C4<1>, C4<1>;
L_000002342a52fae0 .functor XOR 1, L_000002342a4b4bf0, L_000002342a4b4c90, C4<0>, C4<0>;
L_000002342a52fed0 .functor AND 1, L_000002342a4b3f70, L_000002342a52fae0, C4<1>, C4<1>;
L_000002342a52f140 .functor OR 1, L_000002342a52f0d0, L_000002342a52fed0, C4<0>, C4<0>;
v000002342a470580_0 .net *"_ivl_0", 0 0, L_000002342a52f990;  1 drivers
v000002342a471e80_0 .net *"_ivl_4", 0 0, L_000002342a52f0d0;  1 drivers
v000002342a4703a0_0 .net *"_ivl_6", 0 0, L_000002342a52fae0;  1 drivers
v000002342a470620_0 .net *"_ivl_8", 0 0, L_000002342a52fed0;  1 drivers
v000002342a4704e0_0 .net "a", 0 0, L_000002342a4b4bf0;  1 drivers
v000002342a46f900_0 .net "b", 0 0, L_000002342a4b4c90;  1 drivers
v000002342a472060_0 .net "cin", 0 0, L_000002342a4b3f70;  1 drivers
v000002342a471ac0_0 .net "cout", 0 0, L_000002342a52f140;  1 drivers
v000002342a470bc0_0 .net "sum", 0 0, L_000002342a52f610;  1 drivers
S_000002342a46baf0 .scope generate, "fa_gen[17]" "fa_gen[17]" 9 17, 9 17 0, S_000002342a468b40;
 .timescale 0 0;
P_000002342a3921d0 .param/l "i" 0 9 17, +C4<010001>;
S_000002342a46c900 .scope module, "fa" "full_adder" 9 18, 9 33 0, S_000002342a46baf0;
 .timescale 0 0;
    .port_info 0 /INPUT 1 "a";
    .port_info 1 /INPUT 1 "b";
    .port_info 2 /INPUT 1 "cin";
    .port_info 3 /OUTPUT 1 "sum";
    .port_info 4 /OUTPUT 1 "cout";
L_000002342a530330 .functor XOR 1, L_000002342a4b4010, L_000002342a4b7670, C4<0>, C4<0>;
L_000002342a5303a0 .functor XOR 1, L_000002342a530330, L_000002342a4b5c30, C4<0>, C4<0>;
L_000002342a52fa00 .functor AND 1, L_000002342a4b4010, L_000002342a4b7670, C4<1>, C4<1>;
L_000002342a52fdf0 .functor XOR 1, L_000002342a4b4010, L_000002342a4b7670, C4<0>, C4<0>;
L_000002342a52f530 .functor AND 1, L_000002342a4b5c30, L_000002342a52fdf0, C4<1>, C4<1>;
L_000002342a52f7d0 .functor OR 1, L_000002342a52fa00, L_000002342a52f530, C4<0>, C4<0>;
v000002342a471340_0 .net *"_ivl_0", 0 0, L_000002342a530330;  1 drivers
v000002342a470260_0 .net *"_ivl_4", 0 0, L_000002342a52fa00;  1 drivers
v000002342a470da0_0 .net *"_ivl_6", 0 0, L_000002342a52fdf0;  1 drivers
v000002342a471de0_0 .net *"_ivl_8", 0 0, L_000002342a52f530;  1 drivers
v000002342a470940_0 .net "a", 0 0, L_000002342a4b4010;  1 drivers
v000002342a471480_0 .net "b", 0 0, L_000002342a4b7670;  1 drivers
v000002342a46fc20_0 .net "cin", 0 0, L_000002342a4b5c30;  1 drivers
v000002342a46f9a0_0 .net "cout", 0 0, L_000002342a52f7d0;  1 drivers
v000002342a471b60_0 .net "sum", 0 0, L_000002342a5303a0;  1 drivers
S_000002342a469570 .scope generate, "fa_gen[18]" "fa_gen[18]" 9 17, 9 17 0, S_000002342a468b40;
 .timescale 0 0;
P_000002342a392210 .param/l "i" 0 9 17, +C4<010010>;
S_000002342a46c5e0 .scope module, "fa" "full_adder" 9 18, 9 33 0, S_000002342a469570;
 .timescale 0 0;
    .port_info 0 /INPUT 1 "a";
    .port_info 1 /INPUT 1 "b";
    .port_info 2 /INPUT 1 "cin";
    .port_info 3 /OUTPUT 1 "sum";
    .port_info 4 /OUTPUT 1 "cout";
L_000002342a530410 .functor XOR 1, L_000002342a4b5190, L_000002342a4b6bd0, C4<0>, C4<0>;
L_000002342a52fa70 .functor XOR 1, L_000002342a530410, L_000002342a4b6ef0, C4<0>, C4<0>;
L_000002342a52ff40 .functor AND 1, L_000002342a4b5190, L_000002342a4b6bd0, C4<1>, C4<1>;
L_000002342a52ffb0 .functor XOR 1, L_000002342a4b5190, L_000002342a4b6bd0, C4<0>, C4<0>;
L_000002342a52fca0 .functor AND 1, L_000002342a4b6ef0, L_000002342a52ffb0, C4<1>, C4<1>;
L_000002342a52f1b0 .functor OR 1, L_000002342a52ff40, L_000002342a52fca0, C4<0>, C4<0>;
v000002342a4713e0_0 .net *"_ivl_0", 0 0, L_000002342a530410;  1 drivers
v000002342a471160_0 .net *"_ivl_4", 0 0, L_000002342a52ff40;  1 drivers
v000002342a46fa40_0 .net *"_ivl_6", 0 0, L_000002342a52ffb0;  1 drivers
v000002342a470e40_0 .net *"_ivl_8", 0 0, L_000002342a52fca0;  1 drivers
v000002342a471200_0 .net "a", 0 0, L_000002342a4b5190;  1 drivers
v000002342a4712a0_0 .net "b", 0 0, L_000002342a4b6bd0;  1 drivers
v000002342a471660_0 .net "cin", 0 0, L_000002342a4b6ef0;  1 drivers
v000002342a4715c0_0 .net "cout", 0 0, L_000002342a52f1b0;  1 drivers
v000002342a471520_0 .net "sum", 0 0, L_000002342a52fa70;  1 drivers
S_000002342a469700 .scope generate, "fa_gen[19]" "fa_gen[19]" 9 17, 9 17 0, S_000002342a468b40;
 .timescale 0 0;
P_000002342a392d10 .param/l "i" 0 9 17, +C4<010011>;
S_000002342a46c2c0 .scope module, "fa" "full_adder" 9 18, 9 33 0, S_000002342a469700;
 .timescale 0 0;
    .port_info 0 /INPUT 1 "a";
    .port_info 1 /INPUT 1 "b";
    .port_info 2 /INPUT 1 "cin";
    .port_info 3 /OUTPUT 1 "sum";
    .port_info 4 /OUTPUT 1 "cout";
L_000002342a52fd10 .functor XOR 1, L_000002342a4b5730, L_000002342a4b7170, C4<0>, C4<0>;
L_000002342a530790 .functor XOR 1, L_000002342a52fd10, L_000002342a4b69f0, C4<0>, C4<0>;
L_000002342a530480 .functor AND 1, L_000002342a4b5730, L_000002342a4b7170, C4<1>, C4<1>;
L_000002342a52f6f0 .functor XOR 1, L_000002342a4b5730, L_000002342a4b7170, C4<0>, C4<0>;
L_000002342a530560 .functor AND 1, L_000002342a4b69f0, L_000002342a52f6f0, C4<1>, C4<1>;
L_000002342a530950 .functor OR 1, L_000002342a530480, L_000002342a530560, C4<0>, C4<0>;
v000002342a471840_0 .net *"_ivl_0", 0 0, L_000002342a52fd10;  1 drivers
v000002342a46fcc0_0 .net *"_ivl_4", 0 0, L_000002342a530480;  1 drivers
v000002342a471020_0 .net *"_ivl_6", 0 0, L_000002342a52f6f0;  1 drivers
v000002342a4718e0_0 .net *"_ivl_8", 0 0, L_000002342a530560;  1 drivers
v000002342a46fe00_0 .net "a", 0 0, L_000002342a4b5730;  1 drivers
v000002342a470c60_0 .net "b", 0 0, L_000002342a4b7170;  1 drivers
v000002342a470080_0 .net "cin", 0 0, L_000002342a4b69f0;  1 drivers
v000002342a4701c0_0 .net "cout", 0 0, L_000002342a530950;  1 drivers
v000002342a4708a0_0 .net "sum", 0 0, L_000002342a530790;  1 drivers
S_000002342a469bb0 .scope generate, "fa_gen[20]" "fa_gen[20]" 9 17, 9 17 0, S_000002342a468b40;
 .timescale 0 0;
P_000002342a3926d0 .param/l "i" 0 9 17, +C4<010100>;
S_000002342a4690c0 .scope module, "fa" "full_adder" 9 18, 9 33 0, S_000002342a469bb0;
 .timescale 0 0;
    .port_info 0 /INPUT 1 "a";
    .port_info 1 /INPUT 1 "b";
    .port_info 2 /INPUT 1 "cin";
    .port_info 3 /OUTPUT 1 "sum";
    .port_info 4 /OUTPUT 1 "cout";
L_000002342a5305d0 .functor XOR 1, L_000002342a4b70d0, L_000002342a4b6db0, C4<0>, C4<0>;
L_000002342a52f680 .functor XOR 1, L_000002342a5305d0, L_000002342a4b59b0, C4<0>, C4<0>;
L_000002342a52f5a0 .functor AND 1, L_000002342a4b70d0, L_000002342a4b6db0, C4<1>, C4<1>;
L_000002342a530640 .functor XOR 1, L_000002342a4b70d0, L_000002342a4b6db0, C4<0>, C4<0>;
L_000002342a5306b0 .functor AND 1, L_000002342a4b59b0, L_000002342a530640, C4<1>, C4<1>;
L_000002342a530a30 .functor OR 1, L_000002342a52f5a0, L_000002342a5306b0, C4<0>, C4<0>;
v000002342a471c00_0 .net *"_ivl_0", 0 0, L_000002342a5305d0;  1 drivers
v000002342a4706c0_0 .net *"_ivl_4", 0 0, L_000002342a52f5a0;  1 drivers
v000002342a4717a0_0 .net *"_ivl_6", 0 0, L_000002342a530640;  1 drivers
v000002342a46fd60_0 .net *"_ivl_8", 0 0, L_000002342a5306b0;  1 drivers
v000002342a46fea0_0 .net "a", 0 0, L_000002342a4b70d0;  1 drivers
v000002342a470800_0 .net "b", 0 0, L_000002342a4b6db0;  1 drivers
v000002342a470300_0 .net "cin", 0 0, L_000002342a4b59b0;  1 drivers
v000002342a4709e0_0 .net "cout", 0 0, L_000002342a530a30;  1 drivers
v000002342a46ff40_0 .net "sum", 0 0, L_000002342a52f680;  1 drivers
S_000002342a46a830 .scope generate, "fa_gen[21]" "fa_gen[21]" 9 17, 9 17 0, S_000002342a468b40;
 .timescale 0 0;
P_000002342a392dd0 .param/l "i" 0 9 17, +C4<010101>;
S_000002342a469ed0 .scope module, "fa" "full_adder" 9 18, 9 33 0, S_000002342a46a830;
 .timescale 0 0;
    .port_info 0 /INPUT 1 "a";
    .port_info 1 /INPUT 1 "b";
    .port_info 2 /INPUT 1 "cin";
    .port_info 3 /OUTPUT 1 "sum";
    .port_info 4 /OUTPUT 1 "cout";
L_000002342a1d9d70 .functor XOR 1, L_000002342a4b7210, L_000002342a4b6b30, C4<0>, C4<0>;
L_000002342a5392d0 .functor XOR 1, L_000002342a1d9d70, L_000002342a4b6e50, C4<0>, C4<0>;
L_000002342a539030 .functor AND 1, L_000002342a4b7210, L_000002342a4b6b30, C4<1>, C4<1>;
L_000002342a539340 .functor XOR 1, L_000002342a4b7210, L_000002342a4b6b30, C4<0>, C4<0>;
L_000002342a53a4c0 .functor AND 1, L_000002342a4b6e50, L_000002342a539340, C4<1>, C4<1>;
L_000002342a539110 .functor OR 1, L_000002342a539030, L_000002342a53a4c0, C4<0>, C4<0>;
v000002342a470ee0_0 .net *"_ivl_0", 0 0, L_000002342a1d9d70;  1 drivers
v000002342a470f80_0 .net *"_ivl_4", 0 0, L_000002342a539030;  1 drivers
v000002342a470a80_0 .net *"_ivl_6", 0 0, L_000002342a539340;  1 drivers
v000002342a46ffe0_0 .net *"_ivl_8", 0 0, L_000002342a53a4c0;  1 drivers
v000002342a471ca0_0 .net "a", 0 0, L_000002342a4b7210;  1 drivers
v000002342a470d00_0 .net "b", 0 0, L_000002342a4b6b30;  1 drivers
v000002342a4710c0_0 .net "cin", 0 0, L_000002342a4b6e50;  1 drivers
v000002342a471980_0 .net "cout", 0 0, L_000002342a539110;  1 drivers
v000002342a471d40_0 .net "sum", 0 0, L_000002342a5392d0;  1 drivers
S_000002342a46cdb0 .scope generate, "fa_gen[22]" "fa_gen[22]" 9 17, 9 17 0, S_000002342a468b40;
 .timescale 0 0;
P_000002342a392b50 .param/l "i" 0 9 17, +C4<010110>;
S_000002342a46a060 .scope module, "fa" "full_adder" 9 18, 9 33 0, S_000002342a46cdb0;
 .timescale 0 0;
    .port_info 0 /INPUT 1 "a";
    .port_info 1 /INPUT 1 "b";
    .port_info 2 /INPUT 1 "cin";
    .port_info 3 /OUTPUT 1 "sum";
    .port_info 4 /OUTPUT 1 "cout";
L_000002342a539260 .functor XOR 1, L_000002342a4b7350, L_000002342a4b64f0, C4<0>, C4<0>;
L_000002342a5393b0 .functor XOR 1, L_000002342a539260, L_000002342a4b5cd0, C4<0>, C4<0>;
L_000002342a539490 .functor AND 1, L_000002342a4b7350, L_000002342a4b64f0, C4<1>, C4<1>;
L_000002342a538d20 .functor XOR 1, L_000002342a4b7350, L_000002342a4b64f0, C4<0>, C4<0>;
L_000002342a539dc0 .functor AND 1, L_000002342a4b5cd0, L_000002342a538d20, C4<1>, C4<1>;
L_000002342a53a290 .functor OR 1, L_000002342a539490, L_000002342a539dc0, C4<0>, C4<0>;
v000002342a474360_0 .net *"_ivl_0", 0 0, L_000002342a539260;  1 drivers
v000002342a473d20_0 .net *"_ivl_4", 0 0, L_000002342a539490;  1 drivers
v000002342a474180_0 .net *"_ivl_6", 0 0, L_000002342a538d20;  1 drivers
v000002342a4745e0_0 .net *"_ivl_8", 0 0, L_000002342a539dc0;  1 drivers
v000002342a4724c0_0 .net "a", 0 0, L_000002342a4b7350;  1 drivers
v000002342a473aa0_0 .net "b", 0 0, L_000002342a4b64f0;  1 drivers
v000002342a473780_0 .net "cin", 0 0, L_000002342a4b5cd0;  1 drivers
v000002342a473be0_0 .net "cout", 0 0, L_000002342a53a290;  1 drivers
v000002342a473820_0 .net "sum", 0 0, L_000002342a5393b0;  1 drivers
S_000002342a46b190 .scope generate, "fa_gen[23]" "fa_gen[23]" 9 17, 9 17 0, S_000002342a468b40;
 .timescale 0 0;
P_000002342a3924d0 .param/l "i" 0 9 17, +C4<010111>;
S_000002342a46c770 .scope module, "fa" "full_adder" 9 18, 9 33 0, S_000002342a46b190;
 .timescale 0 0;
    .port_info 0 /INPUT 1 "a";
    .port_info 1 /INPUT 1 "b";
    .port_info 2 /INPUT 1 "cin";
    .port_info 3 /OUTPUT 1 "sum";
    .port_info 4 /OUTPUT 1 "cout";
L_000002342a539180 .functor XOR 1, L_000002342a4b5550, L_000002342a4b72b0, C4<0>, C4<0>;
L_000002342a539c70 .functor XOR 1, L_000002342a539180, L_000002342a4b6c70, C4<0>, C4<0>;
L_000002342a539ea0 .functor AND 1, L_000002342a4b5550, L_000002342a4b72b0, C4<1>, C4<1>;
L_000002342a538b60 .functor XOR 1, L_000002342a4b5550, L_000002342a4b72b0, C4<0>, C4<0>;
L_000002342a53a530 .functor AND 1, L_000002342a4b6c70, L_000002342a538b60, C4<1>, C4<1>;
L_000002342a539420 .functor OR 1, L_000002342a539ea0, L_000002342a53a530, C4<0>, C4<0>;
v000002342a4733c0_0 .net *"_ivl_0", 0 0, L_000002342a539180;  1 drivers
v000002342a4735a0_0 .net *"_ivl_4", 0 0, L_000002342a539ea0;  1 drivers
v000002342a472600_0 .net *"_ivl_6", 0 0, L_000002342a538b60;  1 drivers
v000002342a4742c0_0 .net *"_ivl_8", 0 0, L_000002342a53a530;  1 drivers
v000002342a472740_0 .net "a", 0 0, L_000002342a4b5550;  1 drivers
v000002342a474400_0 .net "b", 0 0, L_000002342a4b72b0;  1 drivers
v000002342a474680_0 .net "cin", 0 0, L_000002342a4b6c70;  1 drivers
v000002342a474040_0 .net "cout", 0 0, L_000002342a539420;  1 drivers
v000002342a4738c0_0 .net "sum", 0 0, L_000002342a539c70;  1 drivers
S_000002342a46ace0 .scope generate, "fa_gen[24]" "fa_gen[24]" 9 17, 9 17 0, S_000002342a468b40;
 .timescale 0 0;
P_000002342a3928d0 .param/l "i" 0 9 17, +C4<011000>;
S_000002342a46a1f0 .scope module, "fa" "full_adder" 9 18, 9 33 0, S_000002342a46ace0;
 .timescale 0 0;
    .port_info 0 /INPUT 1 "a";
    .port_info 1 /INPUT 1 "b";
    .port_info 2 /INPUT 1 "cin";
    .port_info 3 /OUTPUT 1 "sum";
    .port_info 4 /OUTPUT 1 "cout";
L_000002342a539ab0 .functor XOR 1, L_000002342a4b7490, L_000002342a4b5690, C4<0>, C4<0>;
L_000002342a539c00 .functor XOR 1, L_000002342a539ab0, L_000002342a4b6950, C4<0>, C4<0>;
L_000002342a53a300 .functor AND 1, L_000002342a4b7490, L_000002342a4b5690, C4<1>, C4<1>;
L_000002342a539650 .functor XOR 1, L_000002342a4b7490, L_000002342a4b5690, C4<0>, C4<0>;
L_000002342a539f80 .functor AND 1, L_000002342a4b6950, L_000002342a539650, C4<1>, C4<1>;
L_000002342a53a5a0 .functor OR 1, L_000002342a53a300, L_000002342a539f80, C4<0>, C4<0>;
v000002342a473a00_0 .net *"_ivl_0", 0 0, L_000002342a539ab0;  1 drivers
v000002342a4727e0_0 .net *"_ivl_4", 0 0, L_000002342a53a300;  1 drivers
v000002342a473e60_0 .net *"_ivl_6", 0 0, L_000002342a539650;  1 drivers
v000002342a473140_0 .net *"_ivl_8", 0 0, L_000002342a539f80;  1 drivers
v000002342a472380_0 .net "a", 0 0, L_000002342a4b7490;  1 drivers
v000002342a473460_0 .net "b", 0 0, L_000002342a4b5690;  1 drivers
v000002342a472ce0_0 .net "cin", 0 0, L_000002342a4b6950;  1 drivers
v000002342a473320_0 .net "cout", 0 0, L_000002342a53a5a0;  1 drivers
v000002342a4726a0_0 .net "sum", 0 0, L_000002342a539c00;  1 drivers
S_000002342a46b320 .scope generate, "fa_gen[25]" "fa_gen[25]" 9 17, 9 17 0, S_000002342a468b40;
 .timescale 0 0;
P_000002342a392510 .param/l "i" 0 9 17, +C4<011001>;
S_000002342a46ae70 .scope module, "fa" "full_adder" 9 18, 9 33 0, S_000002342a46b320;
 .timescale 0 0;
    .port_info 0 /INPUT 1 "a";
    .port_info 1 /INPUT 1 "b";
    .port_info 2 /INPUT 1 "cin";
    .port_info 3 /OUTPUT 1 "sum";
    .port_info 4 /OUTPUT 1 "cout";
L_000002342a539ce0 .functor XOR 1, L_000002342a4b5d70, L_000002342a4b6f90, C4<0>, C4<0>;
L_000002342a538bd0 .functor XOR 1, L_000002342a539ce0, L_000002342a4b5eb0, C4<0>, C4<0>;
L_000002342a53a610 .functor AND 1, L_000002342a4b5d70, L_000002342a4b6f90, C4<1>, C4<1>;
L_000002342a538d90 .functor XOR 1, L_000002342a4b5d70, L_000002342a4b6f90, C4<0>, C4<0>;
L_000002342a5398f0 .functor AND 1, L_000002342a4b5eb0, L_000002342a538d90, C4<1>, C4<1>;
L_000002342a538e00 .functor OR 1, L_000002342a53a610, L_000002342a5398f0, C4<0>, C4<0>;
v000002342a472560_0 .net *"_ivl_0", 0 0, L_000002342a539ce0;  1 drivers
v000002342a472ba0_0 .net *"_ivl_4", 0 0, L_000002342a53a610;  1 drivers
v000002342a473960_0 .net *"_ivl_6", 0 0, L_000002342a538d90;  1 drivers
v000002342a474860_0 .net *"_ivl_8", 0 0, L_000002342a5398f0;  1 drivers
v000002342a4747c0_0 .net "a", 0 0, L_000002342a4b5d70;  1 drivers
v000002342a4740e0_0 .net "b", 0 0, L_000002342a4b6f90;  1 drivers
v000002342a472a60_0 .net "cin", 0 0, L_000002342a4b5eb0;  1 drivers
v000002342a472100_0 .net "cout", 0 0, L_000002342a538e00;  1 drivers
v000002342a473b40_0 .net "sum", 0 0, L_000002342a538bd0;  1 drivers
S_000002342a46b640 .scope generate, "fa_gen[26]" "fa_gen[26]" 9 17, 9 17 0, S_000002342a468b40;
 .timescale 0 0;
P_000002342a392bd0 .param/l "i" 0 9 17, +C4<011010>;
S_000002342a46b7d0 .scope module, "fa" "full_adder" 9 18, 9 33 0, S_000002342a46b640;
 .timescale 0 0;
    .port_info 0 /INPUT 1 "a";
    .port_info 1 /INPUT 1 "b";
    .port_info 2 /INPUT 1 "cin";
    .port_info 3 /OUTPUT 1 "sum";
    .port_info 4 /OUTPUT 1 "cout";
L_000002342a538cb0 .functor XOR 1, L_000002342a4b63b0, L_000002342a4b5370, C4<0>, C4<0>;
L_000002342a5399d0 .functor XOR 1, L_000002342a538cb0, L_000002342a4b5a50, C4<0>, C4<0>;
L_000002342a539500 .functor AND 1, L_000002342a4b63b0, L_000002342a4b5370, C4<1>, C4<1>;
L_000002342a538e70 .functor XOR 1, L_000002342a4b63b0, L_000002342a4b5370, C4<0>, C4<0>;
L_000002342a538ee0 .functor AND 1, L_000002342a4b5a50, L_000002342a538e70, C4<1>, C4<1>;
L_000002342a539570 .functor OR 1, L_000002342a539500, L_000002342a538ee0, C4<0>, C4<0>;
v000002342a473c80_0 .net *"_ivl_0", 0 0, L_000002342a538cb0;  1 drivers
v000002342a473f00_0 .net *"_ivl_4", 0 0, L_000002342a539500;  1 drivers
v000002342a473dc0_0 .net *"_ivl_6", 0 0, L_000002342a538e70;  1 drivers
v000002342a474720_0 .net *"_ivl_8", 0 0, L_000002342a538ee0;  1 drivers
v000002342a473fa0_0 .net "a", 0 0, L_000002342a4b63b0;  1 drivers
v000002342a472e20_0 .net "b", 0 0, L_000002342a4b5370;  1 drivers
v000002342a472420_0 .net "cin", 0 0, L_000002342a4b5a50;  1 drivers
v000002342a472d80_0 .net "cout", 0 0, L_000002342a539570;  1 drivers
v000002342a472880_0 .net "sum", 0 0, L_000002342a5399d0;  1 drivers
S_000002342a46b960 .scope generate, "fa_gen[27]" "fa_gen[27]" 9 17, 9 17 0, S_000002342a468b40;
 .timescale 0 0;
P_000002342a392650 .param/l "i" 0 9 17, +C4<011011>;
S_000002342a4802e0 .scope module, "fa" "full_adder" 9 18, 9 33 0, S_000002342a46b960;
 .timescale 0 0;
    .port_info 0 /INPUT 1 "a";
    .port_info 1 /INPUT 1 "b";
    .port_info 2 /INPUT 1 "cin";
    .port_info 3 /OUTPUT 1 "sum";
    .port_info 4 /OUTPUT 1 "cout";
L_000002342a538f50 .functor XOR 1, L_000002342a4b73f0, L_000002342a4b5e10, C4<0>, C4<0>;
L_000002342a53a680 .functor XOR 1, L_000002342a538f50, L_000002342a4b7530, C4<0>, C4<0>;
L_000002342a538af0 .functor AND 1, L_000002342a4b73f0, L_000002342a4b5e10, C4<1>, C4<1>;
L_000002342a539a40 .functor XOR 1, L_000002342a4b73f0, L_000002342a4b5e10, C4<0>, C4<0>;
L_000002342a539960 .functor AND 1, L_000002342a4b7530, L_000002342a539a40, C4<1>, C4<1>;
L_000002342a538c40 .functor OR 1, L_000002342a538af0, L_000002342a539960, C4<0>, C4<0>;
v000002342a473640_0 .net *"_ivl_0", 0 0, L_000002342a538f50;  1 drivers
v000002342a473500_0 .net *"_ivl_4", 0 0, L_000002342a538af0;  1 drivers
v000002342a4736e0_0 .net *"_ivl_6", 0 0, L_000002342a539a40;  1 drivers
v000002342a474220_0 .net *"_ivl_8", 0 0, L_000002342a539960;  1 drivers
v000002342a472c40_0 .net "a", 0 0, L_000002342a4b73f0;  1 drivers
v000002342a4744a0_0 .net "b", 0 0, L_000002342a4b5e10;  1 drivers
v000002342a472920_0 .net "cin", 0 0, L_000002342a4b7530;  1 drivers
v000002342a4729c0_0 .net "cout", 0 0, L_000002342a538c40;  1 drivers
v000002342a472b00_0 .net "sum", 0 0, L_000002342a53a680;  1 drivers
S_000002342a47e530 .scope generate, "fa_gen[28]" "fa_gen[28]" 9 17, 9 17 0, S_000002342a468b40;
 .timescale 0 0;
P_000002342a392890 .param/l "i" 0 9 17, +C4<011100>;
S_000002342a47f340 .scope module, "fa" "full_adder" 9 18, 9 33 0, S_000002342a47e530;
 .timescale 0 0;
    .port_info 0 /INPUT 1 "a";
    .port_info 1 /INPUT 1 "b";
    .port_info 2 /INPUT 1 "cin";
    .port_info 3 /OUTPUT 1 "sum";
    .port_info 4 /OUTPUT 1 "cout";
L_000002342a5395e0 .functor XOR 1, L_000002342a4b57d0, L_000002342a4b5870, C4<0>, C4<0>;
L_000002342a5390a0 .functor XOR 1, L_000002342a5395e0, L_000002342a4b5f50, C4<0>, C4<0>;
L_000002342a5396c0 .functor AND 1, L_000002342a4b57d0, L_000002342a4b5870, C4<1>, C4<1>;
L_000002342a53a060 .functor XOR 1, L_000002342a4b57d0, L_000002342a4b5870, C4<0>, C4<0>;
L_000002342a5391f0 .functor AND 1, L_000002342a4b5f50, L_000002342a53a060, C4<1>, C4<1>;
L_000002342a53a1b0 .functor OR 1, L_000002342a5396c0, L_000002342a5391f0, C4<0>, C4<0>;
v000002342a472ec0_0 .net *"_ivl_0", 0 0, L_000002342a5395e0;  1 drivers
v000002342a474540_0 .net *"_ivl_4", 0 0, L_000002342a5396c0;  1 drivers
v000002342a472f60_0 .net *"_ivl_6", 0 0, L_000002342a53a060;  1 drivers
v000002342a4721a0_0 .net *"_ivl_8", 0 0, L_000002342a5391f0;  1 drivers
v000002342a472240_0 .net "a", 0 0, L_000002342a4b57d0;  1 drivers
v000002342a473000_0 .net "b", 0 0, L_000002342a4b5870;  1 drivers
v000002342a4722e0_0 .net "cin", 0 0, L_000002342a4b5f50;  1 drivers
v000002342a4730a0_0 .net "cout", 0 0, L_000002342a53a1b0;  1 drivers
v000002342a4731e0_0 .net "sum", 0 0, L_000002342a5390a0;  1 drivers
S_000002342a47e6c0 .scope generate, "fa_gen[29]" "fa_gen[29]" 9 17, 9 17 0, S_000002342a468b40;
 .timescale 0 0;
P_000002342a3931d0 .param/l "i" 0 9 17, +C4<011101>;
S_000002342a47d8b0 .scope module, "fa" "full_adder" 9 18, 9 33 0, S_000002342a47e6c0;
 .timescale 0 0;
    .port_info 0 /INPUT 1 "a";
    .port_info 1 /INPUT 1 "b";
    .port_info 2 /INPUT 1 "cin";
    .port_info 3 /OUTPUT 1 "sum";
    .port_info 4 /OUTPUT 1 "cout";
L_000002342a539730 .functor XOR 1, L_000002342a4b7030, L_000002342a4b6d10, C4<0>, C4<0>;
L_000002342a5397a0 .functor XOR 1, L_000002342a539730, L_000002342a4b75d0, C4<0>, C4<0>;
L_000002342a538fc0 .functor AND 1, L_000002342a4b7030, L_000002342a4b6d10, C4<1>, C4<1>;
L_000002342a539810 .functor XOR 1, L_000002342a4b7030, L_000002342a4b6d10, C4<0>, C4<0>;
L_000002342a53a370 .functor AND 1, L_000002342a4b75d0, L_000002342a539810, C4<1>, C4<1>;
L_000002342a53a3e0 .functor OR 1, L_000002342a538fc0, L_000002342a53a370, C4<0>, C4<0>;
v000002342a473280_0 .net *"_ivl_0", 0 0, L_000002342a539730;  1 drivers
v000002342a4753a0_0 .net *"_ivl_4", 0 0, L_000002342a538fc0;  1 drivers
v000002342a4762a0_0 .net *"_ivl_6", 0 0, L_000002342a539810;  1 drivers
v000002342a474900_0 .net *"_ivl_8", 0 0, L_000002342a53a370;  1 drivers
v000002342a474a40_0 .net "a", 0 0, L_000002342a4b7030;  1 drivers
v000002342a475b20_0 .net "b", 0 0, L_000002342a4b6d10;  1 drivers
v000002342a476340_0 .net "cin", 0 0, L_000002342a4b75d0;  1 drivers
v000002342a474c20_0 .net "cout", 0 0, L_000002342a53a3e0;  1 drivers
v000002342a476ac0_0 .net "sum", 0 0, L_000002342a5397a0;  1 drivers
S_000002342a47ed00 .scope generate, "fa_gen[30]" "fa_gen[30]" 9 17, 9 17 0, S_000002342a468b40;
 .timescale 0 0;
P_000002342a392410 .param/l "i" 0 9 17, +C4<011110>;
S_000002342a47ee90 .scope module, "fa" "full_adder" 9 18, 9 33 0, S_000002342a47ed00;
 .timescale 0 0;
    .port_info 0 /INPUT 1 "a";
    .port_info 1 /INPUT 1 "b";
    .port_info 2 /INPUT 1 "cin";
    .port_info 3 /OUTPUT 1 "sum";
    .port_info 4 /OUTPUT 1 "cout";
L_000002342a539d50 .functor XOR 1, L_000002342a4b5ff0, L_000002342a4b5910, C4<0>, C4<0>;
L_000002342a539f10 .functor XOR 1, L_000002342a539d50, L_000002342a4b5b90, C4<0>, C4<0>;
L_000002342a539880 .functor AND 1, L_000002342a4b5ff0, L_000002342a4b5910, C4<1>, C4<1>;
L_000002342a53a450 .functor XOR 1, L_000002342a4b5ff0, L_000002342a4b5910, C4<0>, C4<0>;
L_000002342a539b20 .functor AND 1, L_000002342a4b5b90, L_000002342a53a450, C4<1>, C4<1>;
L_000002342a539b90 .functor OR 1, L_000002342a539880, L_000002342a539b20, C4<0>, C4<0>;
v000002342a4749a0_0 .net *"_ivl_0", 0 0, L_000002342a539d50;  1 drivers
v000002342a475940_0 .net *"_ivl_4", 0 0, L_000002342a539880;  1 drivers
v000002342a475c60_0 .net *"_ivl_6", 0 0, L_000002342a53a450;  1 drivers
v000002342a476480_0 .net *"_ivl_8", 0 0, L_000002342a539b20;  1 drivers
v000002342a475260_0 .net "a", 0 0, L_000002342a4b5ff0;  1 drivers
v000002342a476b60_0 .net "b", 0 0, L_000002342a4b5910;  1 drivers
v000002342a476e80_0 .net "cin", 0 0, L_000002342a4b5b90;  1 drivers
v000002342a476c00_0 .net "cout", 0 0, L_000002342a539b90;  1 drivers
v000002342a476520_0 .net "sum", 0 0, L_000002342a539f10;  1 drivers
S_000002342a47e850 .scope generate, "fa_gen[31]" "fa_gen[31]" 9 17, 9 17 0, S_000002342a468b40;
 .timescale 0 0;
P_000002342a392e10 .param/l "i" 0 9 17, +C4<011111>;
S_000002342a47da40 .scope module, "fa" "full_adder" 9 18, 9 33 0, S_000002342a47e850;
 .timescale 0 0;
    .port_info 0 /INPUT 1 "a";
    .port_info 1 /INPUT 1 "b";
    .port_info 2 /INPUT 1 "cin";
    .port_info 3 /OUTPUT 1 "sum";
    .port_info 4 /OUTPUT 1 "cout";
L_000002342a539e30 .functor XOR 1, L_000002342a4b5af0, L_000002342a4b6a90, C4<0>, C4<0>;
L_000002342a539ff0 .functor XOR 1, L_000002342a539e30, L_000002342a4b61d0, C4<0>, C4<0>;
L_000002342a53a0d0 .functor AND 1, L_000002342a4b5af0, L_000002342a4b6a90, C4<1>, C4<1>;
L_000002342a53a140 .functor XOR 1, L_000002342a4b5af0, L_000002342a4b6a90, C4<0>, C4<0>;
L_000002342a53a220 .functor AND 1, L_000002342a4b61d0, L_000002342a53a140, C4<1>, C4<1>;
L_000002342a53bf70 .functor OR 1, L_000002342a53a0d0, L_000002342a53a220, C4<0>, C4<0>;
v000002342a476660_0 .net *"_ivl_0", 0 0, L_000002342a539e30;  1 drivers
v000002342a475440_0 .net *"_ivl_4", 0 0, L_000002342a53a0d0;  1 drivers
v000002342a474ae0_0 .net *"_ivl_6", 0 0, L_000002342a53a140;  1 drivers
v000002342a474d60_0 .net *"_ivl_8", 0 0, L_000002342a53a220;  1 drivers
v000002342a4765c0_0 .net "a", 0 0, L_000002342a4b5af0;  1 drivers
v000002342a4759e0_0 .net "b", 0 0, L_000002342a4b6a90;  1 drivers
v000002342a474cc0_0 .net "cin", 0 0, L_000002342a4b61d0;  1 drivers
v000002342a475620_0 .net "cout", 0 0, L_000002342a53bf70;  1 drivers
v000002342a4754e0_0 .net "sum", 0 0, L_000002342a539ff0;  1 drivers
S_000002342a47e080 .scope module, "shifter" "barrel_shifter" 6 82, 10 3 0, S_0000023429ff3920;
 .timescale 0 0;
    .port_info 0 /INPUT 32 "A";
    .port_info 1 /INPUT 5 "B";
    .port_info 2 /OUTPUT 32 "shr_out";
    .port_info 3 /OUTPUT 32 "shra_out";
    .port_info 4 /OUTPUT 32 "shl_out";
    .port_info 5 /OUTPUT 32 "ror_out";
    .port_info 6 /OUTPUT 32 "rol_out";
L_000002342a537040 .functor BUFZ 32, L_000002342a576c90, C4<00000000000000000000000000000000>, C4<00000000000000000000000000000000>, C4<00000000000000000000000000000000>;
L_000002342a537820 .functor BUFZ 32, L_000002342a577410, C4<00000000000000000000000000000000>, C4<00000000000000000000000000000000>, C4<00000000000000000000000000000000>;
L_000002342a537e40 .functor BUFZ 32, L_000002342a577e10, C4<00000000000000000000000000000000>, C4<00000000000000000000000000000000>, C4<00000000000000000000000000000000>;
L_000002342a538460 .functor BUFZ 32, L_000002342a579c10, C4<00000000000000000000000000000000>, C4<00000000000000000000000000000000>, C4<00000000000000000000000000000000>;
L_000002342a5370b0 .functor BUFZ 32, L_000002342a578950, C4<00000000000000000000000000000000>, C4<00000000000000000000000000000000>, C4<00000000000000000000000000000000>;
v000002342a477060_0 .net "A", 31 0, v000002342a486a70_0;  alias, 1 drivers
v000002342a476980_0 .net "B", 4 0, L_000002342a5789f0;  1 drivers
v000002342a4767a0_0 .net *"_ivl_1", 0 0, L_000002342a575bb0;  1 drivers
v000002342a474fe0_0 .net *"_ivl_105", 0 0, L_000002342a576290;  1 drivers
v000002342a4756c0_0 .net *"_ivl_107", 30 0, L_000002342a574fd0;  1 drivers
L_000002342a4bbb08 .functor BUFT 1, C4<0>, C4<0>, C4<0>, C4<0>;
v000002342a474b80_0 .net/2u *"_ivl_108", 0 0, L_000002342a4bbb08;  1 drivers
v000002342a475ee0_0 .net *"_ivl_11", 0 0, L_000002342a574e90;  1 drivers
v000002342a4763e0_0 .net *"_ivl_110", 31 0, L_000002342a576fb0;  1 drivers
v000002342a475f80_0 .net *"_ivl_115", 0 0, L_000002342a575250;  1 drivers
v000002342a4768e0_0 .net *"_ivl_117", 29 0, L_000002342a5761f0;  1 drivers
L_000002342a4bbb50 .functor BUFT 1, C4<00>, C4<0>, C4<0>, C4<0>;
v000002342a476ca0_0 .net/2u *"_ivl_118", 1 0, L_000002342a4bbb50;  1 drivers
L_000002342a4bb9e8 .functor BUFT 1, C4<00>, C4<0>, C4<0>, C4<0>;
v000002342a475bc0_0 .net/2u *"_ivl_12", 1 0, L_000002342a4bb9e8;  1 drivers
v000002342a474ea0_0 .net *"_ivl_120", 31 0, L_000002342a5763d0;  1 drivers
v000002342a476d40_0 .net *"_ivl_125", 0 0, L_000002342a5756b0;  1 drivers
v000002342a475760_0 .net *"_ivl_127", 27 0, L_000002342a577230;  1 drivers
L_000002342a4bbb98 .functor BUFT 1, C4<0000>, C4<0>, C4<0>, C4<0>;
v000002342a474f40_0 .net/2u *"_ivl_128", 3 0, L_000002342a4bbb98;  1 drivers
v000002342a475080_0 .net *"_ivl_130", 31 0, L_000002342a576470;  1 drivers
v000002342a476de0_0 .net *"_ivl_135", 0 0, L_000002342a576a10;  1 drivers
v000002342a476f20_0 .net *"_ivl_137", 23 0, L_000002342a576510;  1 drivers
L_000002342a4bbbe0 .functor BUFT 1, C4<00000000>, C4<0>, C4<0>, C4<0>;
v000002342a475120_0 .net/2u *"_ivl_138", 7 0, L_000002342a4bbbe0;  1 drivers
v000002342a4751c0_0 .net *"_ivl_140", 31 0, L_000002342a577550;  1 drivers
v000002342a475300_0 .net *"_ivl_145", 0 0, L_000002342a574f30;  1 drivers
v000002342a475800_0 .net *"_ivl_147", 15 0, L_000002342a578b30;  1 drivers
L_000002342a4bbc28 .functor BUFT 1, C4<0000000000000000>, C4<0>, C4<0>, C4<0>;
v000002342a4758a0_0 .net/2u *"_ivl_148", 15 0, L_000002342a4bbc28;  1 drivers
v000002342a476020_0 .net *"_ivl_15", 29 0, L_000002342a576330;  1 drivers
v000002342a4760c0_0 .net *"_ivl_150", 31 0, L_000002342a577d70;  1 drivers
v000002342a476160_0 .net *"_ivl_157", 0 0, L_000002342a577910;  1 drivers
v000002342a476200_0 .net *"_ivl_159", 0 0, L_000002342a578090;  1 drivers
v000002342a477740_0 .net *"_ivl_16", 31 0, L_000002342a5760b0;  1 drivers
v000002342a478960_0 .net *"_ivl_161", 30 0, L_000002342a577ff0;  1 drivers
v000002342a478280_0 .net *"_ivl_162", 31 0, L_000002342a5779b0;  1 drivers
v000002342a479360_0 .net *"_ivl_167", 0 0, L_000002342a5788b0;  1 drivers
v000002342a4797c0_0 .net *"_ivl_169", 1 0, L_000002342a578630;  1 drivers
v000002342a478140_0 .net *"_ivl_171", 29 0, L_000002342a578270;  1 drivers
v000002342a479860_0 .net *"_ivl_172", 31 0, L_000002342a5792b0;  1 drivers
v000002342a478dc0_0 .net *"_ivl_177", 0 0, L_000002342a579b70;  1 drivers
v000002342a479720_0 .net *"_ivl_179", 3 0, L_000002342a579530;  1 drivers
v000002342a478320_0 .net *"_ivl_181", 27 0, L_000002342a578130;  1 drivers
v000002342a477600_0 .net *"_ivl_182", 31 0, L_000002342a578310;  1 drivers
v000002342a4776a0_0 .net *"_ivl_187", 0 0, L_000002342a577cd0;  1 drivers
v000002342a478a00_0 .net *"_ivl_189", 7 0, L_000002342a577eb0;  1 drivers
v000002342a478f00_0 .net *"_ivl_191", 23 0, L_000002342a5783b0;  1 drivers
v000002342a479680_0 .net *"_ivl_192", 31 0, L_000002342a577a50;  1 drivers
v000002342a477920_0 .net *"_ivl_197", 0 0, L_000002342a578c70;  1 drivers
v000002342a477100_0 .net *"_ivl_199", 15 0, L_000002342a5786d0;  1 drivers
L_000002342a4bb9a0 .functor BUFT 1, C4<0>, C4<0>, C4<0>, C4<0>;
v000002342a4788c0_0 .net/2u *"_ivl_2", 0 0, L_000002342a4bb9a0;  1 drivers
v000002342a4774c0_0 .net *"_ivl_201", 15 0, L_000002342a5777d0;  1 drivers
v000002342a477d80_0 .net *"_ivl_202", 31 0, L_000002342a579490;  1 drivers
v000002342a478aa0_0 .net *"_ivl_209", 0 0, L_000002342a578ef0;  1 drivers
v000002342a477c40_0 .net *"_ivl_21", 0 0, L_000002342a575b10;  1 drivers
v000002342a4779c0_0 .net *"_ivl_211", 30 0, L_000002342a578450;  1 drivers
v000002342a478000_0 .net *"_ivl_213", 0 0, L_000002342a578a90;  1 drivers
v000002342a478d20_0 .net *"_ivl_214", 31 0, L_000002342a579cb0;  1 drivers
v000002342a477380_0 .net *"_ivl_219", 0 0, L_000002342a5781d0;  1 drivers
L_000002342a4bba30 .functor BUFT 1, C4<0000>, C4<0>, C4<0>, C4<0>;
v000002342a478be0_0 .net/2u *"_ivl_22", 3 0, L_000002342a4bba30;  1 drivers
v000002342a478640_0 .net *"_ivl_221", 29 0, L_000002342a5795d0;  1 drivers
v000002342a4781e0_0 .net *"_ivl_223", 1 0, L_000002342a577af0;  1 drivers
v000002342a477ce0_0 .net *"_ivl_224", 31 0, L_000002342a578db0;  1 drivers
v000002342a478fa0_0 .net *"_ivl_229", 0 0, L_000002342a579030;  1 drivers
v000002342a4790e0_0 .net *"_ivl_231", 27 0, L_000002342a578d10;  1 drivers
v000002342a478b40_0 .net *"_ivl_233", 3 0, L_000002342a577f50;  1 drivers
v000002342a4795e0_0 .net *"_ivl_234", 31 0, L_000002342a5784f0;  1 drivers
v000002342a478e60_0 .net *"_ivl_239", 0 0, L_000002342a577b90;  1 drivers
v000002342a477e20_0 .net *"_ivl_241", 23 0, L_000002342a578770;  1 drivers
v000002342a477ec0_0 .net *"_ivl_243", 7 0, L_000002342a579df0;  1 drivers
v000002342a4771a0_0 .net *"_ivl_244", 31 0, L_000002342a579670;  1 drivers
v000002342a477240_0 .net *"_ivl_249", 0 0, L_000002342a579990;  1 drivers
v000002342a4783c0_0 .net *"_ivl_25", 27 0, L_000002342a5772d0;  1 drivers
v000002342a4786e0_0 .net *"_ivl_251", 15 0, L_000002342a577c30;  1 drivers
v000002342a4792c0_0 .net *"_ivl_253", 15 0, L_000002342a578f90;  1 drivers
v000002342a478c80_0 .net *"_ivl_254", 31 0, L_000002342a578810;  1 drivers
v000002342a479040_0 .net *"_ivl_26", 31 0, L_000002342a575a70;  1 drivers
v000002342a478460_0 .net *"_ivl_31", 0 0, L_000002342a575430;  1 drivers
L_000002342a4bba78 .functor BUFT 1, C4<00000000>, C4<0>, C4<0>, C4<0>;
v000002342a4772e0_0 .net/2u *"_ivl_32", 7 0, L_000002342a4bba78;  1 drivers
v000002342a479180_0 .net *"_ivl_35", 23 0, L_000002342a577370;  1 drivers
v000002342a477f60_0 .net *"_ivl_36", 31 0, L_000002342a575930;  1 drivers
v000002342a477420_0 .net *"_ivl_41", 0 0, L_000002342a575cf0;  1 drivers
L_000002342a4bbac0 .functor BUFT 1, C4<0000000000000000>, C4<0>, C4<0>, C4<0>;
v000002342a4777e0_0 .net/2u *"_ivl_42", 15 0, L_000002342a4bbac0;  1 drivers
v000002342a477560_0 .net *"_ivl_45", 15 0, L_000002342a576830;  1 drivers
v000002342a478500_0 .net *"_ivl_46", 31 0, L_000002342a577050;  1 drivers
v000002342a479220_0 .net *"_ivl_5", 30 0, L_000002342a575ed0;  1 drivers
v000002342a477a60_0 .net *"_ivl_55", 0 0, L_000002342a576dd0;  1 drivers
v000002342a479400_0 .net *"_ivl_57", 30 0, L_000002342a575d90;  1 drivers
v000002342a4794a0_0 .net *"_ivl_58", 31 0, L_000002342a576ab0;  1 drivers
v000002342a479540_0 .net *"_ivl_6", 31 0, L_000002342a575110;  1 drivers
v000002342a477880_0 .net *"_ivl_63", 0 0, L_000002342a5752f0;  1 drivers
v000002342a477b00_0 .net *"_ivl_64", 1 0, L_000002342a576650;  1 drivers
v000002342a4780a0_0 .net *"_ivl_67", 29 0, L_000002342a575390;  1 drivers
v000002342a477ba0_0 .net *"_ivl_68", 31 0, L_000002342a5770f0;  1 drivers
v000002342a4785a0_0 .net *"_ivl_73", 0 0, L_000002342a5768d0;  1 drivers
v000002342a478780_0 .net *"_ivl_74", 3 0, L_000002342a575f70;  1 drivers
v000002342a478820_0 .net *"_ivl_77", 27 0, L_000002342a575890;  1 drivers
v000002342a479900_0 .net *"_ivl_78", 31 0, L_000002342a576e70;  1 drivers
v000002342a47ae40_0 .net *"_ivl_83", 0 0, L_000002342a576010;  1 drivers
v000002342a47b160_0 .net *"_ivl_84", 7 0, L_000002342a5766f0;  1 drivers
v000002342a47b200_0 .net *"_ivl_87", 23 0, L_000002342a576f10;  1 drivers
v000002342a47b7a0_0 .net *"_ivl_88", 31 0, L_000002342a5774b0;  1 drivers
v000002342a47b3e0_0 .net *"_ivl_93", 0 0, L_000002342a577190;  1 drivers
v000002342a47ada0_0 .net *"_ivl_94", 15 0, L_000002342a576970;  1 drivers
v000002342a479ae0_0 .net *"_ivl_97", 15 0, L_000002342a5754d0;  1 drivers
v000002342a479b80_0 .net *"_ivl_98", 31 0, L_000002342a5759d0;  1 drivers
v000002342a47b0c0_0 .net "rol_out", 31 0, L_000002342a5370b0;  alias, 1 drivers
v000002342a47a3a0_0 .net "rol_stage0", 31 0, L_000002342a579350;  1 drivers
v000002342a47a4e0_0 .net "rol_stage1", 31 0, L_000002342a578bd0;  1 drivers
v000002342a47b840_0 .net "rol_stage2", 31 0, L_000002342a579d50;  1 drivers
v000002342a47bde0_0 .net "rol_stage3", 31 0, L_000002342a577690;  1 drivers
v000002342a47b2a0_0 .net "rol_stage4", 31 0, L_000002342a578950;  1 drivers
v000002342a47a620_0 .net "ror_out", 31 0, L_000002342a538460;  alias, 1 drivers
v000002342a47b8e0_0 .net "ror_stage0", 31 0, L_000002342a579210;  1 drivers
v000002342a479e00_0 .net "ror_stage1", 31 0, L_000002342a5793f0;  1 drivers
v000002342a47ac60_0 .net "ror_stage2", 31 0, L_000002342a579710;  1 drivers
v000002342a47b340_0 .net "ror_stage3", 31 0, L_000002342a578590;  1 drivers
v000002342a47a8a0_0 .net "ror_stage4", 31 0, L_000002342a579c10;  1 drivers
v000002342a47bf20_0 .net "shl_out", 31 0, L_000002342a537e40;  alias, 1 drivers
v000002342a47a6c0_0 .net "shl_stage0", 31 0, L_000002342a5751b0;  1 drivers
v000002342a47a580_0 .net "shl_stage1", 31 0, L_000002342a575570;  1 drivers
v000002342a47b980_0 .net "shl_stage2", 31 0, L_000002342a575750;  1 drivers
v000002342a47ba20_0 .net "shl_stage3", 31 0, L_000002342a5775f0;  1 drivers
v000002342a479ea0_0 .net "shl_stage4", 31 0, L_000002342a577e10;  1 drivers
v000002342a47ab20_0 .net "shr_out", 31 0, L_000002342a537040;  alias, 1 drivers
v000002342a47a440_0 .net "shr_stage0", 31 0, L_000002342a576b50;  1 drivers
v000002342a47b480_0 .net "shr_stage1", 31 0, L_000002342a576150;  1 drivers
v000002342a47abc0_0 .net "shr_stage2", 31 0, L_000002342a576d30;  1 drivers
v000002342a47a120_0 .net "shr_stage3", 31 0, L_000002342a575c50;  1 drivers
v000002342a479d60_0 .net "shr_stage4", 31 0, L_000002342a576c90;  1 drivers
v000002342a47b520_0 .net "shra_out", 31 0, L_000002342a537820;  alias, 1 drivers
v000002342a47a940_0 .net "shra_stage0", 31 0, L_000002342a575e30;  1 drivers
v000002342a47a760_0 .net "shra_stage1", 31 0, L_000002342a5765b0;  1 drivers
v000002342a47a800_0 .net "shra_stage2", 31 0, L_000002342a5757f0;  1 drivers
v000002342a47b700_0 .net "shra_stage3", 31 0, L_000002342a575070;  1 drivers
v000002342a47a9e0_0 .net "shra_stage4", 31 0, L_000002342a577410;  1 drivers
v000002342a47aee0_0 .net "sign_bit", 0 0, L_000002342a576bf0;  1 drivers
L_000002342a575bb0 .part L_000002342a5789f0, 0, 1;
L_000002342a575ed0 .part v000002342a486a70_0, 1, 31;
L_000002342a575110 .concat [ 31 1 0 0], L_000002342a575ed0, L_000002342a4bb9a0;
L_000002342a576b50 .functor MUXZ 32, v000002342a486a70_0, L_000002342a575110, L_000002342a575bb0, C4<>;
L_000002342a574e90 .part L_000002342a5789f0, 1, 1;
L_000002342a576330 .part L_000002342a576b50, 2, 30;
L_000002342a5760b0 .concat [ 30 2 0 0], L_000002342a576330, L_000002342a4bb9e8;
L_000002342a576150 .functor MUXZ 32, L_000002342a576b50, L_000002342a5760b0, L_000002342a574e90, C4<>;
L_000002342a575b10 .part L_000002342a5789f0, 2, 1;
L_000002342a5772d0 .part L_000002342a576150, 4, 28;
L_000002342a575a70 .concat [ 28 4 0 0], L_000002342a5772d0, L_000002342a4bba30;
L_000002342a576d30 .functor MUXZ 32, L_000002342a576150, L_000002342a575a70, L_000002342a575b10, C4<>;
L_000002342a575430 .part L_000002342a5789f0, 3, 1;
L_000002342a577370 .part L_000002342a576d30, 8, 24;
L_000002342a575930 .concat [ 24 8 0 0], L_000002342a577370, L_000002342a4bba78;
L_000002342a575c50 .functor MUXZ 32, L_000002342a576d30, L_000002342a575930, L_000002342a575430, C4<>;
L_000002342a575cf0 .part L_000002342a5789f0, 4, 1;
L_000002342a576830 .part L_000002342a575c50, 16, 16;
L_000002342a577050 .concat [ 16 16 0 0], L_000002342a576830, L_000002342a4bbac0;
L_000002342a576c90 .functor MUXZ 32, L_000002342a575c50, L_000002342a577050, L_000002342a575cf0, C4<>;
L_000002342a576bf0 .part v000002342a486a70_0, 31, 1;
L_000002342a576dd0 .part L_000002342a5789f0, 0, 1;
L_000002342a575d90 .part v000002342a486a70_0, 1, 31;
L_000002342a576ab0 .concat [ 31 1 0 0], L_000002342a575d90, L_000002342a576bf0;
L_000002342a575e30 .functor MUXZ 32, v000002342a486a70_0, L_000002342a576ab0, L_000002342a576dd0, C4<>;
L_000002342a5752f0 .part L_000002342a5789f0, 1, 1;
L_000002342a576650 .concat [ 1 1 0 0], L_000002342a576bf0, L_000002342a576bf0;
L_000002342a575390 .part L_000002342a575e30, 2, 30;
L_000002342a5770f0 .concat [ 30 2 0 0], L_000002342a575390, L_000002342a576650;
L_000002342a5765b0 .functor MUXZ 32, L_000002342a575e30, L_000002342a5770f0, L_000002342a5752f0, C4<>;
L_000002342a5768d0 .part L_000002342a5789f0, 2, 1;
L_000002342a575f70 .concat [ 1 1 1 1], L_000002342a576bf0, L_000002342a576bf0, L_000002342a576bf0, L_000002342a576bf0;
L_000002342a575890 .part L_000002342a5765b0, 4, 28;
L_000002342a576e70 .concat [ 28 4 0 0], L_000002342a575890, L_000002342a575f70;
L_000002342a5757f0 .functor MUXZ 32, L_000002342a5765b0, L_000002342a576e70, L_000002342a5768d0, C4<>;
L_000002342a576010 .part L_000002342a5789f0, 3, 1;
LS_000002342a5766f0_0_0 .concat [ 1 1 1 1], L_000002342a576bf0, L_000002342a576bf0, L_000002342a576bf0, L_000002342a576bf0;
LS_000002342a5766f0_0_4 .concat [ 1 1 1 1], L_000002342a576bf0, L_000002342a576bf0, L_000002342a576bf0, L_000002342a576bf0;
L_000002342a5766f0 .concat [ 4 4 0 0], LS_000002342a5766f0_0_0, LS_000002342a5766f0_0_4;
L_000002342a576f10 .part L_000002342a5757f0, 8, 24;
L_000002342a5774b0 .concat [ 24 8 0 0], L_000002342a576f10, L_000002342a5766f0;
L_000002342a575070 .functor MUXZ 32, L_000002342a5757f0, L_000002342a5774b0, L_000002342a576010, C4<>;
L_000002342a577190 .part L_000002342a5789f0, 4, 1;
LS_000002342a576970_0_0 .concat [ 1 1 1 1], L_000002342a576bf0, L_000002342a576bf0, L_000002342a576bf0, L_000002342a576bf0;
LS_000002342a576970_0_4 .concat [ 1 1 1 1], L_000002342a576bf0, L_000002342a576bf0, L_000002342a576bf0, L_000002342a576bf0;
LS_000002342a576970_0_8 .concat [ 1 1 1 1], L_000002342a576bf0, L_000002342a576bf0, L_000002342a576bf0, L_000002342a576bf0;
LS_000002342a576970_0_12 .concat [ 1 1 1 1], L_000002342a576bf0, L_000002342a576bf0, L_000002342a576bf0, L_000002342a576bf0;
L_000002342a576970 .concat [ 4 4 4 4], LS_000002342a576970_0_0, LS_000002342a576970_0_4, LS_000002342a576970_0_8, LS_000002342a576970_0_12;
L_000002342a5754d0 .part L_000002342a575070, 16, 16;
L_000002342a5759d0 .concat [ 16 16 0 0], L_000002342a5754d0, L_000002342a576970;
L_000002342a577410 .functor MUXZ 32, L_000002342a575070, L_000002342a5759d0, L_000002342a577190, C4<>;
L_000002342a576290 .part L_000002342a5789f0, 0, 1;
L_000002342a574fd0 .part v000002342a486a70_0, 0, 31;
L_000002342a576fb0 .concat [ 1 31 0 0], L_000002342a4bbb08, L_000002342a574fd0;
L_000002342a5751b0 .functor MUXZ 32, v000002342a486a70_0, L_000002342a576fb0, L_000002342a576290, C4<>;
L_000002342a575250 .part L_000002342a5789f0, 1, 1;
L_000002342a5761f0 .part L_000002342a5751b0, 0, 30;
L_000002342a5763d0 .concat [ 2 30 0 0], L_000002342a4bbb50, L_000002342a5761f0;
L_000002342a575570 .functor MUXZ 32, L_000002342a5751b0, L_000002342a5763d0, L_000002342a575250, C4<>;
L_000002342a5756b0 .part L_000002342a5789f0, 2, 1;
L_000002342a577230 .part L_000002342a575570, 0, 28;
L_000002342a576470 .concat [ 4 28 0 0], L_000002342a4bbb98, L_000002342a577230;
L_000002342a575750 .functor MUXZ 32, L_000002342a575570, L_000002342a576470, L_000002342a5756b0, C4<>;
L_000002342a576a10 .part L_000002342a5789f0, 3, 1;
L_000002342a576510 .part L_000002342a575750, 0, 24;
L_000002342a577550 .concat [ 8 24 0 0], L_000002342a4bbbe0, L_000002342a576510;
L_000002342a5775f0 .functor MUXZ 32, L_000002342a575750, L_000002342a577550, L_000002342a576a10, C4<>;
L_000002342a574f30 .part L_000002342a5789f0, 4, 1;
L_000002342a578b30 .part L_000002342a5775f0, 0, 16;
L_000002342a577d70 .concat [ 16 16 0 0], L_000002342a4bbc28, L_000002342a578b30;
L_000002342a577e10 .functor MUXZ 32, L_000002342a5775f0, L_000002342a577d70, L_000002342a574f30, C4<>;
L_000002342a577910 .part L_000002342a5789f0, 0, 1;
L_000002342a578090 .part v000002342a486a70_0, 0, 1;
L_000002342a577ff0 .part v000002342a486a70_0, 1, 31;
L_000002342a5779b0 .concat [ 31 1 0 0], L_000002342a577ff0, L_000002342a578090;
L_000002342a579210 .functor MUXZ 32, v000002342a486a70_0, L_000002342a5779b0, L_000002342a577910, C4<>;
L_000002342a5788b0 .part L_000002342a5789f0, 1, 1;
L_000002342a578630 .part L_000002342a579210, 0, 2;
L_000002342a578270 .part L_000002342a579210, 2, 30;
L_000002342a5792b0 .concat [ 30 2 0 0], L_000002342a578270, L_000002342a578630;
L_000002342a5793f0 .functor MUXZ 32, L_000002342a579210, L_000002342a5792b0, L_000002342a5788b0, C4<>;
L_000002342a579b70 .part L_000002342a5789f0, 2, 1;
L_000002342a579530 .part L_000002342a5793f0, 0, 4;
L_000002342a578130 .part L_000002342a5793f0, 4, 28;
L_000002342a578310 .concat [ 28 4 0 0], L_000002342a578130, L_000002342a579530;
L_000002342a579710 .functor MUXZ 32, L_000002342a5793f0, L_000002342a578310, L_000002342a579b70, C4<>;
L_000002342a577cd0 .part L_000002342a5789f0, 3, 1;
L_000002342a577eb0 .part L_000002342a579710, 0, 8;
L_000002342a5783b0 .part L_000002342a579710, 8, 24;
L_000002342a577a50 .concat [ 24 8 0 0], L_000002342a5783b0, L_000002342a577eb0;
L_000002342a578590 .functor MUXZ 32, L_000002342a579710, L_000002342a577a50, L_000002342a577cd0, C4<>;
L_000002342a578c70 .part L_000002342a5789f0, 4, 1;
L_000002342a5786d0 .part L_000002342a578590, 0, 16;
L_000002342a5777d0 .part L_000002342a578590, 16, 16;
L_000002342a579490 .concat [ 16 16 0 0], L_000002342a5777d0, L_000002342a5786d0;
L_000002342a579c10 .functor MUXZ 32, L_000002342a578590, L_000002342a579490, L_000002342a578c70, C4<>;
L_000002342a578ef0 .part L_000002342a5789f0, 0, 1;
L_000002342a578450 .part v000002342a486a70_0, 0, 31;
L_000002342a578a90 .part v000002342a486a70_0, 31, 1;
L_000002342a579cb0 .concat [ 1 31 0 0], L_000002342a578a90, L_000002342a578450;
L_000002342a579350 .functor MUXZ 32, v000002342a486a70_0, L_000002342a579cb0, L_000002342a578ef0, C4<>;
L_000002342a5781d0 .part L_000002342a5789f0, 1, 1;
L_000002342a5795d0 .part L_000002342a579350, 0, 30;
L_000002342a577af0 .part L_000002342a579350, 30, 2;
L_000002342a578db0 .concat [ 2 30 0 0], L_000002342a577af0, L_000002342a5795d0;
L_000002342a578bd0 .functor MUXZ 32, L_000002342a579350, L_000002342a578db0, L_000002342a5781d0, C4<>;
L_000002342a579030 .part L_000002342a5789f0, 2, 1;
L_000002342a578d10 .part L_000002342a578bd0, 0, 28;
L_000002342a577f50 .part L_000002342a578bd0, 28, 4;
L_000002342a5784f0 .concat [ 4 28 0 0], L_000002342a577f50, L_000002342a578d10;
L_000002342a579d50 .functor MUXZ 32, L_000002342a578bd0, L_000002342a5784f0, L_000002342a579030, C4<>;
L_000002342a577b90 .part L_000002342a5789f0, 3, 1;
L_000002342a578770 .part L_000002342a579d50, 0, 24;
L_000002342a579df0 .part L_000002342a579d50, 24, 8;
L_000002342a579670 .concat [ 8 24 0 0], L_000002342a579df0, L_000002342a578770;
L_000002342a577690 .functor MUXZ 32, L_000002342a579d50, L_000002342a579670, L_000002342a577b90, C4<>;
L_000002342a579990 .part L_000002342a5789f0, 4, 1;
L_000002342a577c30 .part L_000002342a577690, 0, 16;
L_000002342a578f90 .part L_000002342a577690, 16, 16;
L_000002342a578810 .concat [ 16 16 0 0], L_000002342a578f90, L_000002342a577c30;
L_000002342a578950 .functor MUXZ 32, L_000002342a577690, L_000002342a578810, L_000002342a579990, C4<>;
S_000002342a480470 .scope module, "bmux" "bus_mux_enc" 5 234, 11 1 0, S_000002342a3c42b0;
 .timescale 0 0;
    .port_info 0 /INPUT 5 "bus_sel";
    .port_info 1 /INPUT 32 "r0";
    .port_info 2 /INPUT 32 "r1";
    .port_info 3 /INPUT 32 "r2";
    .port_info 4 /INPUT 32 "r3";
    .port_info 5 /INPUT 32 "r4";
    .port_info 6 /INPUT 32 "r5";
    .port_info 7 /INPUT 32 "r6";
    .port_info 8 /INPUT 32 "r7";
    .port_info 9 /INPUT 32 "r8";
    .port_info 10 /INPUT 32 "r9";
    .port_info 11 /INPUT 32 "r10";
    .port_info 12 /INPUT 32 "r11";
    .port_info 13 /INPUT 32 "r12";
    .port_info 14 /INPUT 32 "r13";
    .port_info 15 /INPUT 32 "r14";
    .port_info 16 /INPUT 32 "r15";
    .port_info 17 /INPUT 32 "hi_val";
    .port_info 18 /INPUT 32 "lo_val";
    .port_info 19 /INPUT 32 "zhigh_val";
    .port_info 20 /INPUT 32 "zlow_val";
    .port_info 21 /INPUT 32 "pc_val";
    .port_info 22 /INPUT 32 "mdr_val";
    .port_info 23 /INPUT 32 "inport_val";
    .port_info 24 /INPUT 32 "c_val";
    .port_info 25 /OUTPUT 32 "BusMuxOut";
v000002342a47a1c0_0 .var "BusMuxOut", 31 0;
v000002342a47a260_0 .net "bus_sel", 4 0, v000002342a487b50_0;  alias, 1 drivers
v000002342a47a300_0 .net "c_val", 31 0, L_000002342a4af010;  alias, 1 drivers
v000002342a47c920_0 .net "hi_val", 31 0, v000002342a489db0_0;  alias, 1 drivers
v000002342a47ca60_0 .net "inport_val", 31 0, v000002342a48a350_0;  alias, 1 drivers
v000002342a47cd80_0 .net "lo_val", 31 0, v000002342a48acb0_0;  alias, 1 drivers
v000002342a47cb00_0 .net "mdr_val", 31 0, v000002342a487290_0;  alias, 1 drivers
v000002342a47cc40_0 .net "pc_val", 31 0, v000002342a488730_0;  alias, 1 drivers
v000002342a47c7e0_0 .net "r0", 31 0, L_000002342a4a9430;  alias, 1 drivers
v000002342a47c100_0 .net "r1", 31 0, v000002342a4a0290_0;  alias, 1 drivers
v000002342a47c880_0 .net "r10", 31 0, v000002342a49f6b0_0;  alias, 1 drivers
v000002342a47c4c0_0 .net "r11", 31 0, v000002342a49fe30_0;  alias, 1 drivers
v000002342a47c240_0 .net "r12", 31 0, v000002342a49ff70_0;  alias, 1 drivers
v000002342a47c9c0_0 .net "r13", 31 0, v000002342a49f250_0;  alias, 1 drivers
v000002342a47cf60_0 .net "r14", 31 0, v000002342a49f110_0;  alias, 1 drivers
v000002342a47cba0_0 .net "r15", 31 0, v000002342a49f7f0_0;  alias, 1 drivers
v000002342a47c560_0 .net "r2", 31 0, v000002342a4a0f10_0;  alias, 1 drivers
v000002342a47ce20_0 .net "r3", 31 0, v000002342a4a0150_0;  alias, 1 drivers
v000002342a47c1a0_0 .net "r4", 31 0, v000002342a4a2bd0_0;  alias, 1 drivers
v000002342a47c600_0 .net "r5", 31 0, v000002342a4a2f90_0;  alias, 1 drivers
v000002342a47c2e0_0 .net "r6", 31 0, v000002342a4a3710_0;  alias, 1 drivers
v000002342a47c380_0 .net "r7", 31 0, v000002342a4a1690_0;  alias, 1 drivers
v000002342a47c6a0_0 .net "r8", 31 0, v000002342a4a1eb0_0;  alias, 1 drivers
v000002342a47cec0_0 .net "r9", 31 0, v000002342a4a3210_0;  alias, 1 drivers
v000002342a47cce0_0 .net "zhigh_val", 31 0, L_000002342a4aaf10;  alias, 1 drivers
v000002342a47c420_0 .net "zlow_val", 31 0, L_000002342a4ab0f0;  alias, 1 drivers
E_000002342a390750/0 .event anyedge, v000002342a47a260_0, v000002342a47c7e0_0, v000002342a47c100_0, v000002342a47c560_0;
E_000002342a390750/1 .event anyedge, v000002342a47ce20_0, v000002342a47c1a0_0, v000002342a47c600_0, v000002342a47c2e0_0;
E_000002342a390750/2 .event anyedge, v000002342a47c380_0, v000002342a47c6a0_0, v000002342a47cec0_0, v000002342a47c880_0;
E_000002342a390750/3 .event anyedge, v000002342a47c4c0_0, v000002342a47c240_0, v000002342a47c9c0_0, v000002342a47cf60_0;
E_000002342a390750/4 .event anyedge, v000002342a47cba0_0, v000002342a47c920_0, v000002342a47cd80_0, v000002342a47cce0_0;
E_000002342a390750/5 .event anyedge, v000002342a47c420_0, v000002342a47cc40_0, v000002342a47cb00_0, v000002342a47ca60_0;
E_000002342a390750/6 .event anyedge, v000002342a47a300_0;
E_000002342a390750 .event/or E_000002342a390750/0, E_000002342a390750/1, E_000002342a390750/2, E_000002342a390750/3, E_000002342a390750/4, E_000002342a390750/5, E_000002342a390750/6;
S_000002342a480790 .scope module, "conff_inst" "con_ff" 5 190, 12 1 0, S_000002342a3c42b0;
 .timescale 0 0;
    .port_info 0 /INPUT 1 "clk";
    .port_info 1 /INPUT 1 "reset";
    .port_info 2 /INPUT 1 "con_en";
    .port_info 3 /INPUT 32 "BusMuxOut";
    .port_info 4 /INPUT 2 "c2";
    .port_info 5 /OUTPUT 1 "con";
L_000002342a335110 .functor NOT 1, L_000002342a4ade90, C4<0>, C4<0>, C4<0>;
v000002342a47c740_0 .net "BusMuxOut", 31 0, v000002342a47a1c0_0;  alias, 1 drivers
L_000002342a4bac20 .functor BUFT 1, C4<00>, C4<0>, C4<0>, C4<0>;
v000002342a489770_0 .net/2u *"_ivl_0", 1 0, L_000002342a4bac20;  1 drivers
v000002342a48adf0_0 .net *"_ivl_10", 0 0, L_000002342a4aecf0;  1 drivers
L_000002342a4bacf8 .functor BUFT 1, C4<00000000000000000000000000000000>, C4<0>, C4<0>, C4<0>;
v000002342a48b610_0 .net/2u *"_ivl_12", 31 0, L_000002342a4bacf8;  1 drivers
v000002342a48aa30_0 .net *"_ivl_14", 0 0, L_000002342a4af8d0;  1 drivers
L_000002342a4bad40 .functor BUFT 1, C4<10>, C4<0>, C4<0>, C4<0>;
v000002342a489e50_0 .net/2u *"_ivl_16", 1 0, L_000002342a4bad40;  1 drivers
v000002342a48b070_0 .net *"_ivl_18", 0 0, L_000002342a4af150;  1 drivers
v000002342a489ef0_0 .net *"_ivl_2", 0 0, L_000002342a4aef70;  1 drivers
v000002342a48aad0_0 .net *"_ivl_21", 0 0, L_000002342a4ade90;  1 drivers
v000002342a4898b0_0 .net *"_ivl_22", 0 0, L_000002342a335110;  1 drivers
v000002342a48ab70_0 .net *"_ivl_25", 0 0, L_000002342a4ae430;  1 drivers
v000002342a48b430_0 .net *"_ivl_26", 0 0, L_000002342a4aed90;  1 drivers
v000002342a48b750_0 .net *"_ivl_28", 0 0, L_000002342a4affb0;  1 drivers
L_000002342a4bac68 .functor BUFT 1, C4<00000000000000000000000000000000>, C4<0>, C4<0>, C4<0>;
v000002342a48b1b0_0 .net/2u *"_ivl_4", 31 0, L_000002342a4bac68;  1 drivers
v000002342a48a170_0 .net *"_ivl_6", 0 0, L_000002342a4ae2f0;  1 drivers
L_000002342a4bacb0 .functor BUFT 1, C4<01>, C4<0>, C4<0>, C4<0>;
v000002342a48a670_0 .net/2u *"_ivl_8", 1 0, L_000002342a4bacb0;  1 drivers
v000002342a48a210_0 .net "c2", 1 0, L_000002342a4af970;  1 drivers
v000002342a48ae90_0 .net "clk", 0 0, v000002342a4a8fd0_0;  alias, 1 drivers
v000002342a48afd0_0 .var "con", 0 0;
v000002342a489c70_0 .net "con_en", 0 0, v000002342a371290_0;  alias, 1 drivers
v000002342a489130_0 .net "condition_met", 0 0, L_000002342a4af510;  1 drivers
v000002342a489d10_0 .net "reset", 0 0, v000002342a4aac90_0;  alias, 1 drivers
L_000002342a4aef70 .cmp/eq 2, L_000002342a4af970, L_000002342a4bac20;
L_000002342a4ae2f0 .cmp/eq 32, v000002342a47a1c0_0, L_000002342a4bac68;
L_000002342a4aecf0 .cmp/eq 2, L_000002342a4af970, L_000002342a4bacb0;
L_000002342a4af8d0 .cmp/ne 32, v000002342a47a1c0_0, L_000002342a4bacf8;
L_000002342a4af150 .cmp/eq 2, L_000002342a4af970, L_000002342a4bad40;
L_000002342a4ade90 .part v000002342a47a1c0_0, 31, 1;
L_000002342a4ae430 .part v000002342a47a1c0_0, 31, 1;
L_000002342a4aed90 .functor MUXZ 1, L_000002342a4ae430, L_000002342a335110, L_000002342a4af150, C4<>;
L_000002342a4affb0 .functor MUXZ 1, L_000002342a4aed90, L_000002342a4af8d0, L_000002342a4aecf0, C4<>;
L_000002342a4af510 .functor MUXZ 1, L_000002342a4affb0, L_000002342a4ae2f0, L_000002342a4aef70, C4<>;
S_000002342a47dd60 .scope module, "extend_c_inst" "extend_c" 5 174, 13 53 0, S_000002342a3c42b0;
 .timescale 0 0;
    .port_info 0 /INPUT 32 "IRin";
    .port_info 1 /INPUT 1 "Cout";
    .port_info 2 /OUTPUT 32 "C_extended";
v000002342a48b6b0_0 .net "C_extended", 31 0, L_000002342a4ae930;  alias, 1 drivers
v000002342a489f90_0 .net "Cout", 0 0, v000002342a3718d0_0;  alias, 1 drivers
v000002342a489bd0_0 .net "IRin", 31 0, v000002342a48b890_0;  alias, 1 drivers
v000002342a48a7b0_0 .net *"_ivl_2", 12 0, L_000002342a4af650;  1 drivers
v000002342a4893b0_0 .net *"_ivl_5", 18 0, L_000002342a4adfd0;  1 drivers
v000002342a48b7f0_0 .net "sign", 0 0, L_000002342a4afbf0;  1 drivers
L_000002342a4afbf0 .part v000002342a48b890_0, 18, 1;
LS_000002342a4af650_0_0 .concat [ 1 1 1 1], L_000002342a4afbf0, L_000002342a4afbf0, L_000002342a4afbf0, L_000002342a4afbf0;
LS_000002342a4af650_0_4 .concat [ 1 1 1 1], L_000002342a4afbf0, L_000002342a4afbf0, L_000002342a4afbf0, L_000002342a4afbf0;
LS_000002342a4af650_0_8 .concat [ 1 1 1 1], L_000002342a4afbf0, L_000002342a4afbf0, L_000002342a4afbf0, L_000002342a4afbf0;
LS_000002342a4af650_0_12 .concat [ 1 0 0 0], L_000002342a4afbf0;
L_000002342a4af650 .concat [ 4 4 4 1], LS_000002342a4af650_0_0, LS_000002342a4af650_0_4, LS_000002342a4af650_0_8, LS_000002342a4af650_0_12;
L_000002342a4adfd0 .part v000002342a48b890_0, 0, 19;
L_000002342a4ae930 .concat [ 19 13 0 0], L_000002342a4adfd0, L_000002342a4af650;
S_000002342a47d720 .scope module, "inport_inst" "inport" 5 215, 14 18 0, S_000002342a3c42b0;
 .timescale 0 0;
    .port_info 0 /INPUT 1 "clk";
    .port_info 1 /INPUT 1 "reset";
    .port_info 2 /INPUT 1 "inport_in";
    .port_info 3 /INPUT 32 "device_in";
    .port_info 4 /OUTPUT 32 "inport_val";
v000002342a48a030_0 .net "clk", 0 0, v000002342a4a8fd0_0;  alias, 1 drivers
v000002342a48a2b0_0 .net "device_in", 31 0, v000002342a4a9b10_0;  alias, 1 drivers
v000002342a48b110_0 .net "inport_in", 0 0, v000002342a371bf0_0;  alias, 1 drivers
v000002342a48a350_0 .var "inport_val", 31 0;
v000002342a48af30_0 .net "reset", 0 0, v000002342a4aac90_0;  alias, 1 drivers
S_000002342a47e9e0 .scope module, "key_regs_inst" "key_regs" 5 117, 15 1 0, S_000002342a3c42b0;
 .timescale 0 0;
    .port_info 0 /INPUT 1 "clk";
    .port_info 1 /INPUT 1 "reset";
    .port_info 2 /INPUT 32 "BusMuxOut";
    .port_info 3 /INPUT 1 "pc_in";
    .port_info 4 /INPUT 1 "IncPC";
    .port_info 5 /OUTPUT 32 "pc_val";
    .port_info 6 /INPUT 1 "ir_in";
    .port_info 7 /OUTPUT 32 "ir_val";
    .port_info 8 /INPUT 1 "y_in";
    .port_info 9 /OUTPUT 32 "y_val";
    .port_info 10 /INPUT 1 "zhigh_in";
    .port_info 11 /OUTPUT 32 "zhigh_val";
    .port_info 12 /INPUT 1 "zlow_in";
    .port_info 13 /OUTPUT 32 "zlow_val";
    .port_info 14 /INPUT 1 "mar_in";
    .port_info 15 /OUTPUT 32 "mar_val";
    .port_info 16 /INPUT 1 "hi_in";
    .port_info 17 /INPUT 1 "lo_in";
    .port_info 18 /OUTPUT 32 "hi_val";
    .port_info 19 /OUTPUT 32 "lo_val";
v000002342a487150_0 .net "BusMuxOut", 31 0, v000002342a47a1c0_0;  alias, 1 drivers
v000002342a4871f0_0 .net "IncPC", 0 0, v000002342a3720f0_0;  alias, 1 drivers
v000002342a488eb0_0 .net "clk", 0 0, v000002342a4a8fd0_0;  alias, 1 drivers
v000002342a487a10_0 .net "hi_in", 0 0, v000002342a372e10_0;  alias, 1 drivers
v000002342a486cf0_0 .net "hi_val", 31 0, v000002342a489db0_0;  alias, 1 drivers
v000002342a4873d0_0 .net "ir_in", 0 0, v000002342a372870_0;  alias, 1 drivers
v000002342a488550_0 .net "ir_val", 31 0, v000002342a48b890_0;  alias, 1 drivers
v000002342a487fb0_0 .net "lo_in", 0 0, v000002342a372b90_0;  alias, 1 drivers
v000002342a487510_0 .net "lo_val", 31 0, v000002342a48acb0_0;  alias, 1 drivers
v000002342a487330_0 .net "mar_in", 0 0, v000002342a372410_0;  alias, 1 drivers
v000002342a487c90_0 .net "mar_val", 31 0, v000002342a48b390_0;  alias, 1 drivers
v000002342a486d90_0 .net "pc_in", 0 0, v000002342a372370_0;  alias, 1 drivers
v000002342a486e30_0 .net "pc_val", 31 0, v000002342a488730_0;  alias, 1 drivers
v000002342a4880f0_0 .net "reset", 0 0, v000002342a4aac90_0;  alias, 1 drivers
v000002342a486ed0_0 .net "y_in", 0 0, v000002342a372550_0;  alias, 1 drivers
v000002342a487ab0_0 .net "y_val", 31 0, v000002342a486a70_0;  alias, 1 drivers
L_000002342a4baab8 .functor BUFT 1, C4<0>, C4<0>, C4<0>, C4<0>;
v000002342a487010_0 .net "zhigh_in", 0 0, L_000002342a4baab8;  1 drivers
v000002342a488af0_0 .net "zhigh_val", 31 0, v000002342a4884b0_0;  1 drivers
L_000002342a4bab00 .functor BUFT 1, C4<0>, C4<0>, C4<0>, C4<0>;
v000002342a488870_0 .net "zlow_in", 0 0, L_000002342a4bab00;  1 drivers
v000002342a4870b0_0 .net "zlow_val", 31 0, v000002342a4887d0_0;  1 drivers
S_000002342a47def0 .scope module, "HI" "reg32" 15 73, 16 2 0, S_000002342a47e9e0;
 .timescale 0 0;
    .port_info 0 /INPUT 1 "clk";
    .port_info 1 /INPUT 1 "reset";
    .port_info 2 /INPUT 1 "en";
    .port_info 3 /INPUT 32 "d_in";
    .port_info 4 /OUTPUT 32 "d_out";
v000002342a48ac10_0 .net "clk", 0 0, v000002342a4a8fd0_0;  alias, 1 drivers
v000002342a48ad50_0 .net "d_in", 31 0, v000002342a47a1c0_0;  alias, 1 drivers
v000002342a489db0_0 .var "d_out", 31 0;
v000002342a48a0d0_0 .net "en", 0 0, v000002342a372e10_0;  alias, 1 drivers
v000002342a4891d0_0 .net "reset", 0 0, v000002342a4aac90_0;  alias, 1 drivers
E_000002342a3932d0 .event posedge, v000002342a3727d0_0;
S_000002342a47f980 .scope module, "IR" "reg32" 15 33, 16 2 0, S_000002342a47e9e0;
 .timescale 0 0;
    .port_info 0 /INPUT 1 "clk";
    .port_info 1 /INPUT 1 "reset";
    .port_info 2 /INPUT 1 "en";
    .port_info 3 /INPUT 32 "d_in";
    .port_info 4 /OUTPUT 32 "d_out";
v000002342a48a3f0_0 .net "clk", 0 0, v000002342a4a8fd0_0;  alias, 1 drivers
v000002342a489270_0 .net "d_in", 31 0, v000002342a47a1c0_0;  alias, 1 drivers
v000002342a48b890_0 .var "d_out", 31 0;
v000002342a489310_0 .net "en", 0 0, v000002342a372870_0;  alias, 1 drivers
v000002342a489450_0 .net "reset", 0 0, v000002342a4aac90_0;  alias, 1 drivers
S_000002342a47d590 .scope module, "LO" "reg32" 15 81, 16 2 0, S_000002342a47e9e0;
 .timescale 0 0;
    .port_info 0 /INPUT 1 "clk";
    .port_info 1 /INPUT 1 "reset";
    .port_info 2 /INPUT 1 "en";
    .port_info 3 /INPUT 32 "d_in";
    .port_info 4 /OUTPUT 32 "d_out";
v000002342a4894f0_0 .net "clk", 0 0, v000002342a4a8fd0_0;  alias, 1 drivers
v000002342a48a490_0 .net "d_in", 31 0, v000002342a47a1c0_0;  alias, 1 drivers
v000002342a48acb0_0 .var "d_out", 31 0;
v000002342a489590_0 .net "en", 0 0, v000002342a372b90_0;  alias, 1 drivers
v000002342a48b2f0_0 .net "reset", 0 0, v000002342a4aac90_0;  alias, 1 drivers
S_000002342a480920 .scope module, "MAR" "reg32" 15 65, 16 2 0, S_000002342a47e9e0;
 .timescale 0 0;
    .port_info 0 /INPUT 1 "clk";
    .port_info 1 /INPUT 1 "reset";
    .port_info 2 /INPUT 1 "en";
    .port_info 3 /INPUT 32 "d_in";
    .port_info 4 /OUTPUT 32 "d_out";
v000002342a48b250_0 .net "clk", 0 0, v000002342a4a8fd0_0;  alias, 1 drivers
v000002342a489630_0 .net "d_in", 31 0, v000002342a47a1c0_0;  alias, 1 drivers
v000002342a48b390_0 .var "d_out", 31 0;
v000002342a48b4d0_0 .net "en", 0 0, v000002342a372410_0;  alias, 1 drivers
v000002342a48a850_0 .net "reset", 0 0, v000002342a4aac90_0;  alias, 1 drivers
S_000002342a480600 .scope module, "PC" "pc_reg" 15 24, 17 3 0, S_000002342a47e9e0;
 .timescale 0 0;
    .port_info 0 /INPUT 1 "clk";
    .port_info 1 /INPUT 1 "reset";
    .port_info 2 /INPUT 1 "pc_in";
    .port_info 3 /INPUT 1 "IncPC";
    .port_info 4 /INPUT 32 "BusMuxOut";
    .port_info 5 /OUTPUT 32 "pc_val";
v000002342a488690_0 .net "BusMuxOut", 31 0, v000002342a47a1c0_0;  alias, 1 drivers
v000002342a486930_0 .net "IncPC", 0 0, v000002342a3720f0_0;  alias, 1 drivers
v000002342a487e70_0 .net "clk", 0 0, v000002342a4a8fd0_0;  alias, 1 drivers
v000002342a486c50_0 .net "cout", 0 0, L_000002342a4aeed0;  1 drivers
v000002342a487970_0 .net "pc_in", 0 0, v000002342a372370_0;  alias, 1 drivers
v000002342a488ff0_0 .net "pc_plus_one", 31 0, L_000002342a4aeb10;  1 drivers
v000002342a488730_0 .var "pc_val", 31 0;
v000002342a488f50_0 .net "reset", 0 0, v000002342a4aac90_0;  alias, 1 drivers
S_000002342a47f660 .scope module, "inc_adder" "ripple_carry_adder" 17 15, 9 3 0, S_000002342a480600;
 .timescale 0 0;
    .port_info 0 /INPUT 32 "A";
    .port_info 1 /INPUT 32 "B";
    .port_info 2 /INPUT 1 "Cin";
    .port_info 3 /OUTPUT 32 "Sum";
    .port_info 4 /OUTPUT 1 "Cout";
    .port_info 5 /OUTPUT 1 "Overflow";
L_000002342a4baa70 .functor BUFT 1, C4<0>, C4<0>, C4<0>, C4<0>;
L_000002342a335f10 .functor BUFZ 1, L_000002342a4baa70, C4<0>, C4<0>, C4<0>;
L_000002342a334fc0 .functor XOR 1, L_000002342a4afab0, L_000002342a4aec50, C4<0>, C4<0>;
v000002342a4848b0_0 .net "A", 31 0, v000002342a488730_0;  alias, 1 drivers
L_000002342a4baa28 .functor BUFT 1, C4<00000000000000000000000000000001>, C4<0>, C4<0>, C4<0>;
v000002342a484950_0 .net "B", 31 0, L_000002342a4baa28;  1 drivers
v000002342a4849f0_0 .net "Cin", 0 0, L_000002342a4baa70;  1 drivers
v000002342a484d10_0 .net "Cout", 0 0, L_000002342a4aeed0;  alias, 1 drivers
v000002342a4885f0_0 .net "Overflow", 0 0, L_000002342a334fc0;  1 drivers
v000002342a488b90_0 .net "Sum", 31 0, L_000002342a4aeb10;  alias, 1 drivers
v000002342a4889b0_0 .net *"_ivl_229", 0 0, L_000002342a335f10;  1 drivers
v000002342a486f70_0 .net *"_ivl_233", 0 0, L_000002342a4afab0;  1 drivers
v000002342a4878d0_0 .net *"_ivl_235", 0 0, L_000002342a4aec50;  1 drivers
v000002342a4882d0_0 .net "carry", 32 0, L_000002342a4ae9d0;  1 drivers
L_000002342a4a8d50 .part v000002342a488730_0, 0, 1;
L_000002342a4a9e30 .part L_000002342a4baa28, 0, 1;
L_000002342a4a9f70 .part L_000002342a4ae9d0, 0, 1;
L_000002342a4a9610 .part v000002342a488730_0, 1, 1;
L_000002342a4a8df0 .part L_000002342a4baa28, 1, 1;
L_000002342a4a8e90 .part L_000002342a4ae9d0, 1, 1;
L_000002342a4aaa10 .part v000002342a488730_0, 2, 1;
L_000002342a4aa5b0 .part L_000002342a4baa28, 2, 1;
L_000002342a4a96b0 .part L_000002342a4ae9d0, 2, 1;
L_000002342a4a8f30 .part v000002342a488730_0, 3, 1;
L_000002342a4aa0b0 .part L_000002342a4baa28, 3, 1;
L_000002342a4a91b0 .part L_000002342a4ae9d0, 3, 1;
L_000002342a4a9930 .part v000002342a488730_0, 4, 1;
L_000002342a4aa150 .part L_000002342a4baa28, 4, 1;
L_000002342a4a9250 .part L_000002342a4ae9d0, 4, 1;
L_000002342a4a9750 .part v000002342a488730_0, 5, 1;
L_000002342a4a9890 .part L_000002342a4baa28, 5, 1;
L_000002342a4a99d0 .part L_000002342a4ae9d0, 5, 1;
L_000002342a4aa290 .part v000002342a488730_0, 6, 1;
L_000002342a4aa470 .part L_000002342a4baa28, 6, 1;
L_000002342a4aa510 .part L_000002342a4ae9d0, 6, 1;
L_000002342a4aa3d0 .part v000002342a488730_0, 7, 1;
L_000002342a4aa650 .part L_000002342a4baa28, 7, 1;
L_000002342a4aa830 .part L_000002342a4ae9d0, 7, 1;
L_000002342a4aa8d0 .part v000002342a488730_0, 8, 1;
L_000002342a4aa970 .part L_000002342a4baa28, 8, 1;
L_000002342a4aaab0 .part L_000002342a4ae9d0, 8, 1;
L_000002342a4abb90 .part v000002342a488730_0, 9, 1;
L_000002342a4abe10 .part L_000002342a4baa28, 9, 1;
L_000002342a4ad850 .part L_000002342a4ae9d0, 9, 1;
L_000002342a4ad710 .part v000002342a488730_0, 10, 1;
L_000002342a4ac3b0 .part L_000002342a4baa28, 10, 1;
L_000002342a4ad7b0 .part L_000002342a4ae9d0, 10, 1;
L_000002342a4ad210 .part v000002342a488730_0, 11, 1;
L_000002342a4ab2d0 .part L_000002342a4baa28, 11, 1;
L_000002342a4ad670 .part L_000002342a4ae9d0, 11, 1;
L_000002342a4ad8f0 .part v000002342a488730_0, 12, 1;
L_000002342a4ac630 .part L_000002342a4baa28, 12, 1;
L_000002342a4abaf0 .part L_000002342a4ae9d0, 12, 1;
L_000002342a4abcd0 .part v000002342a488730_0, 13, 1;
L_000002342a4acbd0 .part L_000002342a4baa28, 13, 1;
L_000002342a4ab910 .part L_000002342a4ae9d0, 13, 1;
L_000002342a4ab550 .part v000002342a488730_0, 14, 1;
L_000002342a4aba50 .part L_000002342a4baa28, 14, 1;
L_000002342a4acdb0 .part L_000002342a4ae9d0, 14, 1;
L_000002342a4acef0 .part v000002342a488730_0, 15, 1;
L_000002342a4ab190 .part L_000002342a4baa28, 15, 1;
L_000002342a4ad3f0 .part L_000002342a4ae9d0, 15, 1;
L_000002342a4ace50 .part v000002342a488730_0, 16, 1;
L_000002342a4acc70 .part L_000002342a4baa28, 16, 1;
L_000002342a4ab230 .part L_000002342a4ae9d0, 16, 1;
L_000002342a4ad2b0 .part v000002342a488730_0, 17, 1;
L_000002342a4ac450 .part L_000002342a4baa28, 17, 1;
L_000002342a4abd70 .part L_000002342a4ae9d0, 17, 1;
L_000002342a4abeb0 .part v000002342a488730_0, 18, 1;
L_000002342a4ab370 .part L_000002342a4baa28, 18, 1;
L_000002342a4abc30 .part L_000002342a4ae9d0, 18, 1;
L_000002342a4ac090 .part v000002342a488730_0, 19, 1;
L_000002342a4abf50 .part L_000002342a4baa28, 19, 1;
L_000002342a4abff0 .part L_000002342a4ae9d0, 19, 1;
L_000002342a4ab5f0 .part v000002342a488730_0, 20, 1;
L_000002342a4ab410 .part L_000002342a4baa28, 20, 1;
L_000002342a4ac4f0 .part L_000002342a4ae9d0, 20, 1;
L_000002342a4ab9b0 .part v000002342a488730_0, 21, 1;
L_000002342a4ad350 .part L_000002342a4baa28, 21, 1;
L_000002342a4ab4b0 .part L_000002342a4ae9d0, 21, 1;
L_000002342a4ab690 .part v000002342a488730_0, 22, 1;
L_000002342a4ab730 .part L_000002342a4baa28, 22, 1;
L_000002342a4ac130 .part L_000002342a4ae9d0, 22, 1;
L_000002342a4ac950 .part v000002342a488730_0, 23, 1;
L_000002342a4ac1d0 .part L_000002342a4baa28, 23, 1;
L_000002342a4ac270 .part L_000002342a4ae9d0, 23, 1;
L_000002342a4acd10 .part v000002342a488730_0, 24, 1;
L_000002342a4ac590 .part L_000002342a4baa28, 24, 1;
L_000002342a4ab7d0 .part L_000002342a4ae9d0, 24, 1;
L_000002342a4acb30 .part v000002342a488730_0, 25, 1;
L_000002342a4ab870 .part L_000002342a4baa28, 25, 1;
L_000002342a4ad490 .part L_000002342a4ae9d0, 25, 1;
L_000002342a4ac310 .part v000002342a488730_0, 26, 1;
L_000002342a4ac6d0 .part L_000002342a4baa28, 26, 1;
L_000002342a4ad530 .part L_000002342a4ae9d0, 26, 1;
L_000002342a4ac770 .part v000002342a488730_0, 27, 1;
L_000002342a4ac810 .part L_000002342a4baa28, 27, 1;
L_000002342a4ac9f0 .part L_000002342a4ae9d0, 27, 1;
L_000002342a4ac8b0 .part v000002342a488730_0, 28, 1;
L_000002342a4aca90 .part L_000002342a4baa28, 28, 1;
L_000002342a4acf90 .part L_000002342a4ae9d0, 28, 1;
L_000002342a4ad030 .part v000002342a488730_0, 29, 1;
L_000002342a4ad0d0 .part L_000002342a4baa28, 29, 1;
L_000002342a4ad170 .part L_000002342a4ae9d0, 29, 1;
L_000002342a4ad5d0 .part v000002342a488730_0, 30, 1;
L_000002342a4af290 .part L_000002342a4baa28, 30, 1;
L_000002342a4af1f0 .part L_000002342a4ae9d0, 30, 1;
L_000002342a4af0b0 .part v000002342a488730_0, 31, 1;
L_000002342a4af330 .part L_000002342a4baa28, 31, 1;
L_000002342a4af6f0 .part L_000002342a4ae9d0, 31, 1;
LS_000002342a4aeb10_0_0 .concat8 [ 1 1 1 1], L_000002342a3381a0, L_000002342a338b40, L_000002342a338280, L_000002342a338c20;
LS_000002342a4aeb10_0_4 .concat8 [ 1 1 1 1], L_000002342a338d00, L_000002342a3394e0, L_000002342a337e90, L_000002342a33a890;
LS_000002342a4aeb10_0_8 .concat8 [ 1 1 1 1], L_000002342a33a580, L_000002342a339b00, L_000002342a33a5f0, L_000002342a33a270;
LS_000002342a4aeb10_0_12 .concat8 [ 1 1 1 1], L_000002342a33a900, L_000002342a333b30, L_000002342a332cc0, L_000002342a333510;
LS_000002342a4aeb10_0_16 .concat8 [ 1 1 1 1], L_000002342a332b00, L_000002342a333890, L_000002342a332a90, L_000002342a332f60;
LS_000002342a4aeb10_0_20 .concat8 [ 1 1 1 1], L_000002342a333c80, L_000002342a333820, L_000002342a3341c0, L_000002342a334380;
LS_000002342a4aeb10_0_24 .concat8 [ 1 1 1 1], L_000002342a334850, L_000002342a335f80, L_000002342a336140, L_000002342a335d50;
LS_000002342a4aeb10_0_28 .concat8 [ 1 1 1 1], L_000002342a334700, L_000002342a335b90, L_000002342a335880, L_000002342a334c40;
LS_000002342a4aeb10_1_0 .concat8 [ 4 4 4 4], LS_000002342a4aeb10_0_0, LS_000002342a4aeb10_0_4, LS_000002342a4aeb10_0_8, LS_000002342a4aeb10_0_12;
LS_000002342a4aeb10_1_4 .concat8 [ 4 4 4 4], LS_000002342a4aeb10_0_16, LS_000002342a4aeb10_0_20, LS_000002342a4aeb10_0_24, LS_000002342a4aeb10_0_28;
L_000002342a4aeb10 .concat8 [ 16 16 0 0], LS_000002342a4aeb10_1_0, LS_000002342a4aeb10_1_4;
LS_000002342a4ae9d0_0_0 .concat8 [ 1 1 1 1], L_000002342a335f10, L_000002342a339550, L_000002342a338e50, L_000002342a338ad0;
LS_000002342a4ae9d0_0_4 .concat8 [ 1 1 1 1], L_000002342a339390, L_000002342a339400, L_000002342a339780, L_000002342a33a6d0;
LS_000002342a4ae9d0_0_8 .concat8 [ 1 1 1 1], L_000002342a339e10, L_000002342a339ef0, L_000002342a339da0, L_000002342a33a190;
LS_000002342a4ae9d0_0_12 .concat8 [ 1 1 1 1], L_000002342a33a660, L_000002342a334620, L_000002342a3332e0, L_000002342a333900;
LS_000002342a4ae9d0_0_16 .concat8 [ 1 1 1 1], L_000002342a332d30, L_000002342a333270, L_000002342a333430, L_000002342a333040;
LS_000002342a4ae9d0_0_20 .concat8 [ 1 1 1 1], L_000002342a332fd0, L_000002342a333ac0, L_000002342a3342a0, L_000002342a334150;
LS_000002342a4ae9d0_0_24 .concat8 [ 1 1 1 1], L_000002342a335e30, L_000002342a335960, L_000002342a335260, L_000002342a335420;
LS_000002342a4ae9d0_0_28 .concat8 [ 1 1 1 1], L_000002342a3361b0, L_000002342a3359d0, L_000002342a334f50, L_000002342a335c70;
LS_000002342a4ae9d0_0_32 .concat8 [ 1 0 0 0], L_000002342a335ea0;
LS_000002342a4ae9d0_1_0 .concat8 [ 4 4 4 4], LS_000002342a4ae9d0_0_0, LS_000002342a4ae9d0_0_4, LS_000002342a4ae9d0_0_8, LS_000002342a4ae9d0_0_12;
LS_000002342a4ae9d0_1_4 .concat8 [ 4 4 4 4], LS_000002342a4ae9d0_0_16, LS_000002342a4ae9d0_0_20, LS_000002342a4ae9d0_0_24, LS_000002342a4ae9d0_0_28;
LS_000002342a4ae9d0_1_8 .concat8 [ 1 0 0 0], LS_000002342a4ae9d0_0_32;
L_000002342a4ae9d0 .concat8 [ 16 16 1 0], LS_000002342a4ae9d0_1_0, LS_000002342a4ae9d0_1_4, LS_000002342a4ae9d0_1_8;
L_000002342a4aeed0 .part L_000002342a4ae9d0, 32, 1;
L_000002342a4afab0 .part L_000002342a4ae9d0, 31, 1;
L_000002342a4aec50 .part L_000002342a4ae9d0, 32, 1;
S_000002342a47fe30 .scope generate, "fa_gen[0]" "fa_gen[0]" 9 17, 9 17 0, S_000002342a47f660;
 .timescale 0 0;
P_000002342a392e50 .param/l "i" 0 9 17, +C4<00>;
S_000002342a47eb70 .scope module, "fa" "full_adder" 9 18, 9 33 0, S_000002342a47fe30;
 .timescale 0 0;
    .port_info 0 /INPUT 1 "a";
    .port_info 1 /INPUT 1 "b";
    .port_info 2 /INPUT 1 "cin";
    .port_info 3 /OUTPUT 1 "sum";
    .port_info 4 /OUTPUT 1 "cout";
L_000002342a3398d0 .functor XOR 1, L_000002342a4a8d50, L_000002342a4a9e30, C4<0>, C4<0>;
L_000002342a3381a0 .functor XOR 1, L_000002342a3398d0, L_000002342a4a9f70, C4<0>, C4<0>;
L_000002342a337f70 .functor AND 1, L_000002342a4a8d50, L_000002342a4a9e30, C4<1>, C4<1>;
L_000002342a3387c0 .functor XOR 1, L_000002342a4a8d50, L_000002342a4a9e30, C4<0>, C4<0>;
L_000002342a339710 .functor AND 1, L_000002342a4a9f70, L_000002342a3387c0, C4<1>, C4<1>;
L_000002342a339550 .functor OR 1, L_000002342a337f70, L_000002342a339710, C4<0>, C4<0>;
v000002342a4896d0_0 .net *"_ivl_0", 0 0, L_000002342a3398d0;  1 drivers
v000002342a48b570_0 .net *"_ivl_4", 0 0, L_000002342a337f70;  1 drivers
v000002342a489810_0 .net *"_ivl_6", 0 0, L_000002342a3387c0;  1 drivers
v000002342a489950_0 .net *"_ivl_8", 0 0, L_000002342a339710;  1 drivers
v000002342a4899f0_0 .net "a", 0 0, L_000002342a4a8d50;  1 drivers
v000002342a489a90_0 .net "b", 0 0, L_000002342a4a9e30;  1 drivers
v000002342a48a8f0_0 .net "cin", 0 0, L_000002342a4a9f70;  1 drivers
v000002342a489b30_0 .net "cout", 0 0, L_000002342a339550;  1 drivers
v000002342a48a530_0 .net "sum", 0 0, L_000002342a3381a0;  1 drivers
S_000002342a47fb10 .scope generate, "fa_gen[1]" "fa_gen[1]" 9 17, 9 17 0, S_000002342a47f660;
 .timescale 0 0;
P_000002342a392990 .param/l "i" 0 9 17, +C4<01>;
S_000002342a480c40 .scope module, "fa" "full_adder" 9 18, 9 33 0, S_000002342a47fb10;
 .timescale 0 0;
    .port_info 0 /INPUT 1 "a";
    .port_info 1 /INPUT 1 "b";
    .port_info 2 /INPUT 1 "cin";
    .port_info 3 /OUTPUT 1 "sum";
    .port_info 4 /OUTPUT 1 "cout";
L_000002342a3388a0 .functor XOR 1, L_000002342a4a9610, L_000002342a4a8df0, C4<0>, C4<0>;
L_000002342a338b40 .functor XOR 1, L_000002342a3388a0, L_000002342a4a8e90, C4<0>, C4<0>;
L_000002342a338210 .functor AND 1, L_000002342a4a9610, L_000002342a4a8df0, C4<1>, C4<1>;
L_000002342a338a60 .functor XOR 1, L_000002342a4a9610, L_000002342a4a8df0, C4<0>, C4<0>;
L_000002342a338910 .functor AND 1, L_000002342a4a8e90, L_000002342a338a60, C4<1>, C4<1>;
L_000002342a338e50 .functor OR 1, L_000002342a338210, L_000002342a338910, C4<0>, C4<0>;
v000002342a48a5d0_0 .net *"_ivl_0", 0 0, L_000002342a3388a0;  1 drivers
v000002342a48a710_0 .net *"_ivl_4", 0 0, L_000002342a338210;  1 drivers
v000002342a48a990_0 .net *"_ivl_6", 0 0, L_000002342a338a60;  1 drivers
v000002342a48d7d0_0 .net *"_ivl_8", 0 0, L_000002342a338910;  1 drivers
v000002342a48d910_0 .net "a", 0 0, L_000002342a4a9610;  1 drivers
v000002342a48c470_0 .net "b", 0 0, L_000002342a4a8df0;  1 drivers
v000002342a48cb50_0 .net "cin", 0 0, L_000002342a4a8e90;  1 drivers
v000002342a48bb10_0 .net "cout", 0 0, L_000002342a338e50;  1 drivers
v000002342a48c150_0 .net "sum", 0 0, L_000002342a338b40;  1 drivers
S_000002342a47f7f0 .scope generate, "fa_gen[2]" "fa_gen[2]" 9 17, 9 17 0, S_000002342a47f660;
 .timescale 0 0;
P_000002342a392a50 .param/l "i" 0 9 17, +C4<010>;
S_000002342a47ffc0 .scope module, "fa" "full_adder" 9 18, 9 33 0, S_000002342a47f7f0;
 .timescale 0 0;
    .port_info 0 /INPUT 1 "a";
    .port_info 1 /INPUT 1 "b";
    .port_info 2 /INPUT 1 "cin";
    .port_info 3 /OUTPUT 1 "sum";
    .port_info 4 /OUTPUT 1 "cout";
L_000002342a338050 .functor XOR 1, L_000002342a4aaa10, L_000002342a4aa5b0, C4<0>, C4<0>;
L_000002342a338280 .functor XOR 1, L_000002342a338050, L_000002342a4a96b0, C4<0>, C4<0>;
L_000002342a3383d0 .functor AND 1, L_000002342a4aaa10, L_000002342a4aa5b0, C4<1>, C4<1>;
L_000002342a338980 .functor XOR 1, L_000002342a4aaa10, L_000002342a4aa5b0, C4<0>, C4<0>;
L_000002342a339940 .functor AND 1, L_000002342a4a96b0, L_000002342a338980, C4<1>, C4<1>;
L_000002342a338ad0 .functor OR 1, L_000002342a3383d0, L_000002342a339940, C4<0>, C4<0>;
v000002342a48e090_0 .net *"_ivl_0", 0 0, L_000002342a338050;  1 drivers
v000002342a48cc90_0 .net *"_ivl_4", 0 0, L_000002342a3383d0;  1 drivers
v000002342a48d550_0 .net *"_ivl_6", 0 0, L_000002342a338980;  1 drivers
v000002342a48d870_0 .net *"_ivl_8", 0 0, L_000002342a339940;  1 drivers
v000002342a48b9d0_0 .net "a", 0 0, L_000002342a4aaa10;  1 drivers
v000002342a48df50_0 .net "b", 0 0, L_000002342a4aa5b0;  1 drivers
v000002342a48da50_0 .net "cin", 0 0, L_000002342a4a96b0;  1 drivers
v000002342a48d410_0 .net "cout", 0 0, L_000002342a338ad0;  1 drivers
v000002342a48c650_0 .net "sum", 0 0, L_000002342a338280;  1 drivers
S_000002342a47e210 .scope generate, "fa_gen[3]" "fa_gen[3]" 9 17, 9 17 0, S_000002342a47f660;
 .timescale 0 0;
P_000002342a392910 .param/l "i" 0 9 17, +C4<011>;
S_000002342a47e3a0 .scope module, "fa" "full_adder" 9 18, 9 33 0, S_000002342a47e210;
 .timescale 0 0;
    .port_info 0 /INPUT 1 "a";
    .port_info 1 /INPUT 1 "b";
    .port_info 2 /INPUT 1 "cin";
    .port_info 3 /OUTPUT 1 "sum";
    .port_info 4 /OUTPUT 1 "cout";
L_000002342a339080 .functor XOR 1, L_000002342a4a8f30, L_000002342a4aa0b0, C4<0>, C4<0>;
L_000002342a338c20 .functor XOR 1, L_000002342a339080, L_000002342a4a91b0, C4<0>, C4<0>;
L_000002342a3392b0 .functor AND 1, L_000002342a4a8f30, L_000002342a4aa0b0, C4<1>, C4<1>;
L_000002342a339160 .functor XOR 1, L_000002342a4a8f30, L_000002342a4aa0b0, C4<0>, C4<0>;
L_000002342a3382f0 .functor AND 1, L_000002342a4a91b0, L_000002342a339160, C4<1>, C4<1>;
L_000002342a339390 .functor OR 1, L_000002342a3392b0, L_000002342a3382f0, C4<0>, C4<0>;
v000002342a48d190_0 .net *"_ivl_0", 0 0, L_000002342a339080;  1 drivers
v000002342a48d2d0_0 .net *"_ivl_4", 0 0, L_000002342a3392b0;  1 drivers
v000002342a48bf70_0 .net *"_ivl_6", 0 0, L_000002342a339160;  1 drivers
v000002342a48c510_0 .net *"_ivl_8", 0 0, L_000002342a3382f0;  1 drivers
v000002342a48b930_0 .net "a", 0 0, L_000002342a4a8f30;  1 drivers
v000002342a48ba70_0 .net "b", 0 0, L_000002342a4aa0b0;  1 drivers
v000002342a48ce70_0 .net "cin", 0 0, L_000002342a4a91b0;  1 drivers
v000002342a48bbb0_0 .net "cout", 0 0, L_000002342a339390;  1 drivers
v000002342a48cf10_0 .net "sum", 0 0, L_000002342a338c20;  1 drivers
S_000002342a480150 .scope generate, "fa_gen[4]" "fa_gen[4]" 9 17, 9 17 0, S_000002342a47f660;
 .timescale 0 0;
P_000002342a393210 .param/l "i" 0 9 17, +C4<0100>;
S_000002342a480ab0 .scope module, "fa" "full_adder" 9 18, 9 33 0, S_000002342a480150;
 .timescale 0 0;
    .port_info 0 /INPUT 1 "a";
    .port_info 1 /INPUT 1 "b";
    .port_info 2 /INPUT 1 "cin";
    .port_info 3 /OUTPUT 1 "sum";
    .port_info 4 /OUTPUT 1 "cout";
L_000002342a338c90 .functor XOR 1, L_000002342a4a9930, L_000002342a4aa150, C4<0>, C4<0>;
L_000002342a338d00 .functor XOR 1, L_000002342a338c90, L_000002342a4a9250, C4<0>, C4<0>;
L_000002342a338de0 .functor AND 1, L_000002342a4a9930, L_000002342a4aa150, C4<1>, C4<1>;
L_000002342a339010 .functor XOR 1, L_000002342a4a9930, L_000002342a4aa150, C4<0>, C4<0>;
L_000002342a3391d0 .functor AND 1, L_000002342a4a9250, L_000002342a339010, C4<1>, C4<1>;
L_000002342a339400 .functor OR 1, L_000002342a338de0, L_000002342a3391d0, C4<0>, C4<0>;
v000002342a48c290_0 .net *"_ivl_0", 0 0, L_000002342a338c90;  1 drivers
v000002342a48cdd0_0 .net *"_ivl_4", 0 0, L_000002342a338de0;  1 drivers
v000002342a48de10_0 .net *"_ivl_6", 0 0, L_000002342a339010;  1 drivers
v000002342a48d5f0_0 .net *"_ivl_8", 0 0, L_000002342a3391d0;  1 drivers
v000002342a48c1f0_0 .net "a", 0 0, L_000002342a4a9930;  1 drivers
v000002342a48bc50_0 .net "b", 0 0, L_000002342a4aa150;  1 drivers
v000002342a48daf0_0 .net "cin", 0 0, L_000002342a4a9250;  1 drivers
v000002342a48deb0_0 .net "cout", 0 0, L_000002342a339400;  1 drivers
v000002342a48db90_0 .net "sum", 0 0, L_000002342a338d00;  1 drivers
S_000002342a47f020 .scope generate, "fa_gen[5]" "fa_gen[5]" 9 17, 9 17 0, S_000002342a47f660;
 .timescale 0 0;
P_000002342a3930d0 .param/l "i" 0 9 17, +C4<0101>;
S_000002342a47f1b0 .scope module, "fa" "full_adder" 9 18, 9 33 0, S_000002342a47f020;
 .timescale 0 0;
    .port_info 0 /INPUT 1 "a";
    .port_info 1 /INPUT 1 "b";
    .port_info 2 /INPUT 1 "cin";
    .port_info 3 /OUTPUT 1 "sum";
    .port_info 4 /OUTPUT 1 "cout";
L_000002342a339470 .functor XOR 1, L_000002342a4a9750, L_000002342a4a9890, C4<0>, C4<0>;
L_000002342a3394e0 .functor XOR 1, L_000002342a339470, L_000002342a4a99d0, C4<0>, C4<0>;
L_000002342a339a20 .functor AND 1, L_000002342a4a9750, L_000002342a4a9890, C4<1>, C4<1>;
L_000002342a3395c0 .functor XOR 1, L_000002342a4a9750, L_000002342a4a9890, C4<0>, C4<0>;
L_000002342a339630 .functor AND 1, L_000002342a4a99d0, L_000002342a3395c0, C4<1>, C4<1>;
L_000002342a339780 .functor OR 1, L_000002342a339a20, L_000002342a339630, C4<0>, C4<0>;
v000002342a48d230_0 .net *"_ivl_0", 0 0, L_000002342a339470;  1 drivers
v000002342a48dff0_0 .net *"_ivl_4", 0 0, L_000002342a339a20;  1 drivers
v000002342a48cfb0_0 .net *"_ivl_6", 0 0, L_000002342a3395c0;  1 drivers
v000002342a48c970_0 .net *"_ivl_8", 0 0, L_000002342a339630;  1 drivers
v000002342a48bcf0_0 .net "a", 0 0, L_000002342a4a9750;  1 drivers
v000002342a48d690_0 .net "b", 0 0, L_000002342a4a9890;  1 drivers
v000002342a48d4b0_0 .net "cin", 0 0, L_000002342a4a99d0;  1 drivers
v000002342a48bd90_0 .net "cout", 0 0, L_000002342a339780;  1 drivers
v000002342a48cab0_0 .net "sum", 0 0, L_000002342a3394e0;  1 drivers
S_000002342a47fca0 .scope generate, "fa_gen[6]" "fa_gen[6]" 9 17, 9 17 0, S_000002342a47f660;
 .timescale 0 0;
P_000002342a392d90 .param/l "i" 0 9 17, +C4<0110>;
S_000002342a47f4d0 .scope module, "fa" "full_adder" 9 18, 9 33 0, S_000002342a47fca0;
 .timescale 0 0;
    .port_info 0 /INPUT 1 "a";
    .port_info 1 /INPUT 1 "b";
    .port_info 2 /INPUT 1 "cin";
    .port_info 3 /OUTPUT 1 "sum";
    .port_info 4 /OUTPUT 1 "cout";
L_000002342a3397f0 .functor XOR 1, L_000002342a4aa290, L_000002342a4aa470, C4<0>, C4<0>;
L_000002342a337e90 .functor XOR 1, L_000002342a3397f0, L_000002342a4aa510, C4<0>, C4<0>;
L_000002342a338360 .functor AND 1, L_000002342a4aa290, L_000002342a4aa470, C4<1>, C4<1>;
L_000002342a337f00 .functor XOR 1, L_000002342a4aa290, L_000002342a4aa470, C4<0>, C4<0>;
L_000002342a337fe0 .functor AND 1, L_000002342a4aa510, L_000002342a337f00, C4<1>, C4<1>;
L_000002342a33a6d0 .functor OR 1, L_000002342a338360, L_000002342a337fe0, C4<0>, C4<0>;
v000002342a48be30_0 .net *"_ivl_0", 0 0, L_000002342a3397f0;  1 drivers
v000002342a48d050_0 .net *"_ivl_4", 0 0, L_000002342a338360;  1 drivers
v000002342a48d9b0_0 .net *"_ivl_6", 0 0, L_000002342a337f00;  1 drivers
v000002342a48d370_0 .net *"_ivl_8", 0 0, L_000002342a337fe0;  1 drivers
v000002342a48c5b0_0 .net "a", 0 0, L_000002342a4aa290;  1 drivers
v000002342a48c330_0 .net "b", 0 0, L_000002342a4aa470;  1 drivers
v000002342a48c8d0_0 .net "cin", 0 0, L_000002342a4aa510;  1 drivers
v000002342a48dc30_0 .net "cout", 0 0, L_000002342a33a6d0;  1 drivers
v000002342a48d730_0 .net "sum", 0 0, L_000002342a337e90;  1 drivers
S_000002342a480dd0 .scope generate, "fa_gen[7]" "fa_gen[7]" 9 17, 9 17 0, S_000002342a47f660;
 .timescale 0 0;
P_000002342a392a90 .param/l "i" 0 9 17, +C4<0111>;
S_000002342a47d0e0 .scope module, "fa" "full_adder" 9 18, 9 33 0, S_000002342a480dd0;
 .timescale 0 0;
    .port_info 0 /INPUT 1 "a";
    .port_info 1 /INPUT 1 "b";
    .port_info 2 /INPUT 1 "cin";
    .port_info 3 /OUTPUT 1 "sum";
    .port_info 4 /OUTPUT 1 "cout";
L_000002342a339b70 .functor XOR 1, L_000002342a4aa3d0, L_000002342a4aa650, C4<0>, C4<0>;
L_000002342a33a890 .functor XOR 1, L_000002342a339b70, L_000002342a4aa830, C4<0>, C4<0>;
L_000002342a33a820 .functor AND 1, L_000002342a4aa3d0, L_000002342a4aa650, C4<1>, C4<1>;
L_000002342a339be0 .functor XOR 1, L_000002342a4aa3d0, L_000002342a4aa650, C4<0>, C4<0>;
L_000002342a33a430 .functor AND 1, L_000002342a4aa830, L_000002342a339be0, C4<1>, C4<1>;
L_000002342a339e10 .functor OR 1, L_000002342a33a820, L_000002342a33a430, C4<0>, C4<0>;
v000002342a48dcd0_0 .net *"_ivl_0", 0 0, L_000002342a339b70;  1 drivers
v000002342a48d0f0_0 .net *"_ivl_4", 0 0, L_000002342a33a820;  1 drivers
v000002342a48c3d0_0 .net *"_ivl_6", 0 0, L_000002342a339be0;  1 drivers
v000002342a48c6f0_0 .net *"_ivl_8", 0 0, L_000002342a33a430;  1 drivers
v000002342a48bed0_0 .net "a", 0 0, L_000002342a4aa3d0;  1 drivers
v000002342a48dd70_0 .net "b", 0 0, L_000002342a4aa650;  1 drivers
v000002342a48c790_0 .net "cin", 0 0, L_000002342a4aa830;  1 drivers
v000002342a48ca10_0 .net "cout", 0 0, L_000002342a339e10;  1 drivers
v000002342a48c830_0 .net "sum", 0 0, L_000002342a33a890;  1 drivers
S_000002342a47d270 .scope generate, "fa_gen[8]" "fa_gen[8]" 9 17, 9 17 0, S_000002342a47f660;
 .timescale 0 0;
P_000002342a393010 .param/l "i" 0 9 17, +C4<01000>;
S_000002342a47d400 .scope module, "fa" "full_adder" 9 18, 9 33 0, S_000002342a47d270;
 .timescale 0 0;
    .port_info 0 /INPUT 1 "a";
    .port_info 1 /INPUT 1 "b";
    .port_info 2 /INPUT 1 "cin";
    .port_info 3 /OUTPUT 1 "sum";
    .port_info 4 /OUTPUT 1 "cout";
L_000002342a33a0b0 .functor XOR 1, L_000002342a4aa8d0, L_000002342a4aa970, C4<0>, C4<0>;
L_000002342a33a580 .functor XOR 1, L_000002342a33a0b0, L_000002342a4aaab0, C4<0>, C4<0>;
L_000002342a33a120 .functor AND 1, L_000002342a4aa8d0, L_000002342a4aa970, C4<1>, C4<1>;
L_000002342a339c50 .functor XOR 1, L_000002342a4aa8d0, L_000002342a4aa970, C4<0>, C4<0>;
L_000002342a339cc0 .functor AND 1, L_000002342a4aaab0, L_000002342a339c50, C4<1>, C4<1>;
L_000002342a339ef0 .functor OR 1, L_000002342a33a120, L_000002342a339cc0, C4<0>, C4<0>;
v000002342a48c010_0 .net *"_ivl_0", 0 0, L_000002342a33a0b0;  1 drivers
v000002342a48c0b0_0 .net *"_ivl_4", 0 0, L_000002342a33a120;  1 drivers
v000002342a48cbf0_0 .net *"_ivl_6", 0 0, L_000002342a339c50;  1 drivers
v000002342a48cd30_0 .net *"_ivl_8", 0 0, L_000002342a339cc0;  1 drivers
v000002342a48fa30_0 .net "a", 0 0, L_000002342a4aa8d0;  1 drivers
v000002342a48fad0_0 .net "b", 0 0, L_000002342a4aa970;  1 drivers
v000002342a48f170_0 .net "cin", 0 0, L_000002342a4aaab0;  1 drivers
v000002342a48ec70_0 .net "cout", 0 0, L_000002342a339ef0;  1 drivers
v000002342a48e1d0_0 .net "sum", 0 0, L_000002342a33a580;  1 drivers
S_000002342a47dbd0 .scope generate, "fa_gen[9]" "fa_gen[9]" 9 17, 9 17 0, S_000002342a47f660;
 .timescale 0 0;
P_000002342a392950 .param/l "i" 0 9 17, +C4<01001>;
S_000002342a494020 .scope module, "fa" "full_adder" 9 18, 9 33 0, S_000002342a47dbd0;
 .timescale 0 0;
    .port_info 0 /INPUT 1 "a";
    .port_info 1 /INPUT 1 "b";
    .port_info 2 /INPUT 1 "cin";
    .port_info 3 /OUTPUT 1 "sum";
    .port_info 4 /OUTPUT 1 "cout";
L_000002342a339d30 .functor XOR 1, L_000002342a4abb90, L_000002342a4abe10, C4<0>, C4<0>;
L_000002342a339b00 .functor XOR 1, L_000002342a339d30, L_000002342a4ad850, C4<0>, C4<0>;
L_000002342a33a2e0 .functor AND 1, L_000002342a4abb90, L_000002342a4abe10, C4<1>, C4<1>;
L_000002342a339f60 .functor XOR 1, L_000002342a4abb90, L_000002342a4abe10, C4<0>, C4<0>;
L_000002342a33a510 .functor AND 1, L_000002342a4ad850, L_000002342a339f60, C4<1>, C4<1>;
L_000002342a339da0 .functor OR 1, L_000002342a33a2e0, L_000002342a33a510, C4<0>, C4<0>;
v000002342a48fb70_0 .net *"_ivl_0", 0 0, L_000002342a339d30;  1 drivers
v000002342a490750_0 .net *"_ivl_4", 0 0, L_000002342a33a2e0;  1 drivers
v000002342a48e3b0_0 .net *"_ivl_6", 0 0, L_000002342a339f60;  1 drivers
v000002342a48f210_0 .net *"_ivl_8", 0 0, L_000002342a33a510;  1 drivers
v000002342a48e450_0 .net "a", 0 0, L_000002342a4abb90;  1 drivers
v000002342a48f3f0_0 .net "b", 0 0, L_000002342a4abe10;  1 drivers
v000002342a48ed10_0 .net "cin", 0 0, L_000002342a4ad850;  1 drivers
v000002342a48f350_0 .net "cout", 0 0, L_000002342a339da0;  1 drivers
v000002342a48e6d0_0 .net "sum", 0 0, L_000002342a339b00;  1 drivers
S_000002342a491c30 .scope generate, "fa_gen[10]" "fa_gen[10]" 9 17, 9 17 0, S_000002342a47f660;
 .timescale 0 0;
P_000002342a392550 .param/l "i" 0 9 17, +C4<01010>;
S_000002342a4944d0 .scope module, "fa" "full_adder" 9 18, 9 33 0, S_000002342a491c30;
 .timescale 0 0;
    .port_info 0 /INPUT 1 "a";
    .port_info 1 /INPUT 1 "b";
    .port_info 2 /INPUT 1 "cin";
    .port_info 3 /OUTPUT 1 "sum";
    .port_info 4 /OUTPUT 1 "cout";
L_000002342a33a3c0 .functor XOR 1, L_000002342a4ad710, L_000002342a4ac3b0, C4<0>, C4<0>;
L_000002342a33a5f0 .functor XOR 1, L_000002342a33a3c0, L_000002342a4ad7b0, C4<0>, C4<0>;
L_000002342a339fd0 .functor AND 1, L_000002342a4ad710, L_000002342a4ac3b0, C4<1>, C4<1>;
L_000002342a339e80 .functor XOR 1, L_000002342a4ad710, L_000002342a4ac3b0, C4<0>, C4<0>;
L_000002342a33a040 .functor AND 1, L_000002342a4ad7b0, L_000002342a339e80, C4<1>, C4<1>;
L_000002342a33a190 .functor OR 1, L_000002342a339fd0, L_000002342a33a040, C4<0>, C4<0>;
v000002342a48e4f0_0 .net *"_ivl_0", 0 0, L_000002342a33a3c0;  1 drivers
v000002342a48ebd0_0 .net *"_ivl_4", 0 0, L_000002342a339fd0;  1 drivers
v000002342a48f7b0_0 .net *"_ivl_6", 0 0, L_000002342a339e80;  1 drivers
v000002342a490890_0 .net *"_ivl_8", 0 0, L_000002342a33a040;  1 drivers
v000002342a4907f0_0 .net "a", 0 0, L_000002342a4ad710;  1 drivers
v000002342a490070_0 .net "b", 0 0, L_000002342a4ac3b0;  1 drivers
v000002342a48fd50_0 .net "cin", 0 0, L_000002342a4ad7b0;  1 drivers
v000002342a48e950_0 .net "cout", 0 0, L_000002342a33a190;  1 drivers
v000002342a490110_0 .net "sum", 0 0, L_000002342a33a5f0;  1 drivers
S_000002342a494340 .scope generate, "fa_gen[11]" "fa_gen[11]" 9 17, 9 17 0, S_000002342a47f660;
 .timescale 0 0;
P_000002342a392690 .param/l "i" 0 9 17, +C4<01011>;
S_000002342a494660 .scope module, "fa" "full_adder" 9 18, 9 33 0, S_000002342a494340;
 .timescale 0 0;
    .port_info 0 /INPUT 1 "a";
    .port_info 1 /INPUT 1 "b";
    .port_info 2 /INPUT 1 "cin";
    .port_info 3 /OUTPUT 1 "sum";
    .port_info 4 /OUTPUT 1 "cout";
L_000002342a33a200 .functor XOR 1, L_000002342a4ad210, L_000002342a4ab2d0, C4<0>, C4<0>;
L_000002342a33a270 .functor XOR 1, L_000002342a33a200, L_000002342a4ad670, C4<0>, C4<0>;
L_000002342a33a740 .functor AND 1, L_000002342a4ad210, L_000002342a4ab2d0, C4<1>, C4<1>;
L_000002342a33a350 .functor XOR 1, L_000002342a4ad210, L_000002342a4ab2d0, C4<0>, C4<0>;
L_000002342a33a4a0 .functor AND 1, L_000002342a4ad670, L_000002342a33a350, C4<1>, C4<1>;
L_000002342a33a660 .functor OR 1, L_000002342a33a740, L_000002342a33a4a0, C4<0>, C4<0>;
v000002342a48e770_0 .net *"_ivl_0", 0 0, L_000002342a33a200;  1 drivers
v000002342a48f030_0 .net *"_ivl_4", 0 0, L_000002342a33a740;  1 drivers
v000002342a48edb0_0 .net *"_ivl_6", 0 0, L_000002342a33a350;  1 drivers
v000002342a4906b0_0 .net *"_ivl_8", 0 0, L_000002342a33a4a0;  1 drivers
v000002342a48fc10_0 .net "a", 0 0, L_000002342a4ad210;  1 drivers
v000002342a48ee50_0 .net "b", 0 0, L_000002342a4ab2d0;  1 drivers
v000002342a48eef0_0 .net "cin", 0 0, L_000002342a4ad670;  1 drivers
v000002342a48fcb0_0 .net "cout", 0 0, L_000002342a33a660;  1 drivers
v000002342a48ef90_0 .net "sum", 0 0, L_000002342a33a270;  1 drivers
S_000002342a491dc0 .scope generate, "fa_gen[12]" "fa_gen[12]" 9 17, 9 17 0, S_000002342a47f660;
 .timescale 0 0;
P_000002342a392590 .param/l "i" 0 9 17, +C4<01100>;
S_000002342a4947f0 .scope module, "fa" "full_adder" 9 18, 9 33 0, S_000002342a491dc0;
 .timescale 0 0;
    .port_info 0 /INPUT 1 "a";
    .port_info 1 /INPUT 1 "b";
    .port_info 2 /INPUT 1 "cin";
    .port_info 3 /OUTPUT 1 "sum";
    .port_info 4 /OUTPUT 1 "cout";
L_000002342a33a7b0 .functor XOR 1, L_000002342a4ad8f0, L_000002342a4ac630, C4<0>, C4<0>;
L_000002342a33a900 .functor XOR 1, L_000002342a33a7b0, L_000002342a4abaf0, C4<0>, C4<0>;
L_000002342a33a970 .functor AND 1, L_000002342a4ad8f0, L_000002342a4ac630, C4<1>, C4<1>;
L_000002342a339a90 .functor XOR 1, L_000002342a4ad8f0, L_000002342a4ac630, C4<0>, C4<0>;
L_000002342a3345b0 .functor AND 1, L_000002342a4abaf0, L_000002342a339a90, C4<1>, C4<1>;
L_000002342a334620 .functor OR 1, L_000002342a33a970, L_000002342a3345b0, C4<0>, C4<0>;
v000002342a48e130_0 .net *"_ivl_0", 0 0, L_000002342a33a7b0;  1 drivers
v000002342a48e270_0 .net *"_ivl_4", 0 0, L_000002342a33a970;  1 drivers
v000002342a48fdf0_0 .net *"_ivl_6", 0 0, L_000002342a339a90;  1 drivers
v000002342a48ea90_0 .net *"_ivl_8", 0 0, L_000002342a3345b0;  1 drivers
v000002342a48e590_0 .net "a", 0 0, L_000002342a4ad8f0;  1 drivers
v000002342a48f2b0_0 .net "b", 0 0, L_000002342a4ac630;  1 drivers
v000002342a490610_0 .net "cin", 0 0, L_000002342a4abaf0;  1 drivers
v000002342a48f490_0 .net "cout", 0 0, L_000002342a334620;  1 drivers
v000002342a48fe90_0 .net "sum", 0 0, L_000002342a33a900;  1 drivers
S_000002342a494980 .scope generate, "fa_gen[13]" "fa_gen[13]" 9 17, 9 17 0, S_000002342a47f660;
 .timescale 0 0;
P_000002342a393150 .param/l "i" 0 9 17, +C4<01101>;
S_000002342a495150 .scope module, "fa" "full_adder" 9 18, 9 33 0, S_000002342a494980;
 .timescale 0 0;
    .port_info 0 /INPUT 1 "a";
    .port_info 1 /INPUT 1 "b";
    .port_info 2 /INPUT 1 "cin";
    .port_info 3 /OUTPUT 1 "sum";
    .port_info 4 /OUTPUT 1 "cout";
L_000002342a332be0 .functor XOR 1, L_000002342a4abcd0, L_000002342a4acbd0, C4<0>, C4<0>;
L_000002342a333b30 .functor XOR 1, L_000002342a332be0, L_000002342a4ab910, C4<0>, C4<0>;
L_000002342a3335f0 .functor AND 1, L_000002342a4abcd0, L_000002342a4acbd0, C4<1>, C4<1>;
L_000002342a334460 .functor XOR 1, L_000002342a4abcd0, L_000002342a4acbd0, C4<0>, C4<0>;
L_000002342a333ba0 .functor AND 1, L_000002342a4ab910, L_000002342a334460, C4<1>, C4<1>;
L_000002342a3332e0 .functor OR 1, L_000002342a3335f0, L_000002342a333ba0, C4<0>, C4<0>;
v000002342a48f0d0_0 .net *"_ivl_0", 0 0, L_000002342a332be0;  1 drivers
v000002342a48ff30_0 .net *"_ivl_4", 0 0, L_000002342a3335f0;  1 drivers
v000002342a48ffd0_0 .net *"_ivl_6", 0 0, L_000002342a334460;  1 drivers
v000002342a48f990_0 .net *"_ivl_8", 0 0, L_000002342a333ba0;  1 drivers
v000002342a48f530_0 .net "a", 0 0, L_000002342a4abcd0;  1 drivers
v000002342a490390_0 .net "b", 0 0, L_000002342a4acbd0;  1 drivers
v000002342a48f670_0 .net "cin", 0 0, L_000002342a4ab910;  1 drivers
v000002342a48e630_0 .net "cout", 0 0, L_000002342a3332e0;  1 drivers
v000002342a48f5d0_0 .net "sum", 0 0, L_000002342a333b30;  1 drivers
S_000002342a4933a0 .scope generate, "fa_gen[14]" "fa_gen[14]" 9 17, 9 17 0, S_000002342a47f660;
 .timescale 0 0;
P_000002342a392e90 .param/l "i" 0 9 17, +C4<01110>;
S_000002342a492a40 .scope module, "fa" "full_adder" 9 18, 9 33 0, S_000002342a4933a0;
 .timescale 0 0;
    .port_info 0 /INPUT 1 "a";
    .port_info 1 /INPUT 1 "b";
    .port_info 2 /INPUT 1 "cin";
    .port_info 3 /OUTPUT 1 "sum";
    .port_info 4 /OUTPUT 1 "cout";
L_000002342a332c50 .functor XOR 1, L_000002342a4ab550, L_000002342a4aba50, C4<0>, C4<0>;
L_000002342a332cc0 .functor XOR 1, L_000002342a332c50, L_000002342a4acdb0, C4<0>, C4<0>;
L_000002342a333970 .functor AND 1, L_000002342a4ab550, L_000002342a4aba50, C4<1>, C4<1>;
L_000002342a333350 .functor XOR 1, L_000002342a4ab550, L_000002342a4aba50, C4<0>, C4<0>;
L_000002342a332e80 .functor AND 1, L_000002342a4acdb0, L_000002342a333350, C4<1>, C4<1>;
L_000002342a333900 .functor OR 1, L_000002342a333970, L_000002342a332e80, C4<0>, C4<0>;
v000002342a48e310_0 .net *"_ivl_0", 0 0, L_000002342a332c50;  1 drivers
v000002342a48e810_0 .net *"_ivl_4", 0 0, L_000002342a333970;  1 drivers
v000002342a48e8b0_0 .net *"_ivl_6", 0 0, L_000002342a333350;  1 drivers
v000002342a48f710_0 .net *"_ivl_8", 0 0, L_000002342a332e80;  1 drivers
v000002342a48f850_0 .net "a", 0 0, L_000002342a4ab550;  1 drivers
v000002342a4901b0_0 .net "b", 0 0, L_000002342a4aba50;  1 drivers
v000002342a48f8f0_0 .net "cin", 0 0, L_000002342a4acdb0;  1 drivers
v000002342a490250_0 .net "cout", 0 0, L_000002342a333900;  1 drivers
v000002342a4902f0_0 .net "sum", 0 0, L_000002342a332cc0;  1 drivers
S_000002342a494b10 .scope generate, "fa_gen[15]" "fa_gen[15]" 9 17, 9 17 0, S_000002342a47f660;
 .timescale 0 0;
P_000002342a392790 .param/l "i" 0 9 17, +C4<01111>;
S_000002342a495470 .scope module, "fa" "full_adder" 9 18, 9 33 0, S_000002342a494b10;
 .timescale 0 0;
    .port_info 0 /INPUT 1 "a";
    .port_info 1 /INPUT 1 "b";
    .port_info 2 /INPUT 1 "cin";
    .port_info 3 /OUTPUT 1 "sum";
    .port_info 4 /OUTPUT 1 "cout";
L_000002342a3344d0 .functor XOR 1, L_000002342a4acef0, L_000002342a4ab190, C4<0>, C4<0>;
L_000002342a333510 .functor XOR 1, L_000002342a3344d0, L_000002342a4ad3f0, C4<0>, C4<0>;
L_000002342a333a50 .functor AND 1, L_000002342a4acef0, L_000002342a4ab190, C4<1>, C4<1>;
L_000002342a333190 .functor XOR 1, L_000002342a4acef0, L_000002342a4ab190, C4<0>, C4<0>;
L_000002342a334070 .functor AND 1, L_000002342a4ad3f0, L_000002342a333190, C4<1>, C4<1>;
L_000002342a332d30 .functor OR 1, L_000002342a333a50, L_000002342a334070, C4<0>, C4<0>;
v000002342a490430_0 .net *"_ivl_0", 0 0, L_000002342a3344d0;  1 drivers
v000002342a48e9f0_0 .net *"_ivl_4", 0 0, L_000002342a333a50;  1 drivers
v000002342a4904d0_0 .net *"_ivl_6", 0 0, L_000002342a333190;  1 drivers
v000002342a490570_0 .net *"_ivl_8", 0 0, L_000002342a334070;  1 drivers
v000002342a48eb30_0 .net "a", 0 0, L_000002342a4acef0;  1 drivers
v000002342a4909d0_0 .net "b", 0 0, L_000002342a4ab190;  1 drivers
v000002342a4910b0_0 .net "cin", 0 0, L_000002342a4ad3f0;  1 drivers
v000002342a491150_0 .net "cout", 0 0, L_000002342a332d30;  1 drivers
v000002342a490ed0_0 .net "sum", 0 0, L_000002342a333510;  1 drivers
S_000002342a4952e0 .scope generate, "fa_gen[16]" "fa_gen[16]" 9 17, 9 17 0, S_000002342a47f660;
 .timescale 0 0;
P_000002342a393110 .param/l "i" 0 9 17, +C4<010000>;
S_000002342a492bd0 .scope module, "fa" "full_adder" 9 18, 9 33 0, S_000002342a4952e0;
 .timescale 0 0;
    .port_info 0 /INPUT 1 "a";
    .port_info 1 /INPUT 1 "b";
    .port_info 2 /INPUT 1 "cin";
    .port_info 3 /OUTPUT 1 "sum";
    .port_info 4 /OUTPUT 1 "cout";
L_000002342a333120 .functor XOR 1, L_000002342a4ace50, L_000002342a4acc70, C4<0>, C4<0>;
L_000002342a332b00 .functor XOR 1, L_000002342a333120, L_000002342a4ab230, C4<0>, C4<0>;
L_000002342a3337b0 .functor AND 1, L_000002342a4ace50, L_000002342a4acc70, C4<1>, C4<1>;
L_000002342a333200 .functor XOR 1, L_000002342a4ace50, L_000002342a4acc70, C4<0>, C4<0>;
L_000002342a332da0 .functor AND 1, L_000002342a4ab230, L_000002342a333200, C4<1>, C4<1>;
L_000002342a333270 .functor OR 1, L_000002342a3337b0, L_000002342a332da0, C4<0>, C4<0>;
v000002342a4911f0_0 .net *"_ivl_0", 0 0, L_000002342a333120;  1 drivers
v000002342a4916f0_0 .net *"_ivl_4", 0 0, L_000002342a3337b0;  1 drivers
v000002342a491330_0 .net *"_ivl_6", 0 0, L_000002342a333200;  1 drivers
v000002342a490a70_0 .net *"_ivl_8", 0 0, L_000002342a332da0;  1 drivers
v000002342a4915b0_0 .net "a", 0 0, L_000002342a4ace50;  1 drivers
v000002342a491790_0 .net "b", 0 0, L_000002342a4acc70;  1 drivers
v000002342a491650_0 .net "cin", 0 0, L_000002342a4ab230;  1 drivers
v000002342a4913d0_0 .net "cout", 0 0, L_000002342a333270;  1 drivers
v000002342a490930_0 .net "sum", 0 0, L_000002342a332b00;  1 drivers
S_000002342a4941b0 .scope generate, "fa_gen[17]" "fa_gen[17]" 9 17, 9 17 0, S_000002342a47f660;
 .timescale 0 0;
P_000002342a3929d0 .param/l "i" 0 9 17, +C4<010001>;
S_000002342a4928b0 .scope module, "fa" "full_adder" 9 18, 9 33 0, S_000002342a4941b0;
 .timescale 0 0;
    .port_info 0 /INPUT 1 "a";
    .port_info 1 /INPUT 1 "b";
    .port_info 2 /INPUT 1 "cin";
    .port_info 3 /OUTPUT 1 "sum";
    .port_info 4 /OUTPUT 1 "cout";
L_000002342a332e10 .functor XOR 1, L_000002342a4ad2b0, L_000002342a4ac450, C4<0>, C4<0>;
L_000002342a333890 .functor XOR 1, L_000002342a332e10, L_000002342a4abd70, C4<0>, C4<0>;
L_000002342a333580 .functor AND 1, L_000002342a4ad2b0, L_000002342a4ac450, C4<1>, C4<1>;
L_000002342a3333c0 .functor XOR 1, L_000002342a4ad2b0, L_000002342a4ac450, C4<0>, C4<0>;
L_000002342a334540 .functor AND 1, L_000002342a4abd70, L_000002342a3333c0, C4<1>, C4<1>;
L_000002342a333430 .functor OR 1, L_000002342a333580, L_000002342a334540, C4<0>, C4<0>;
v000002342a490b10_0 .net *"_ivl_0", 0 0, L_000002342a332e10;  1 drivers
v000002342a491470_0 .net *"_ivl_4", 0 0, L_000002342a333580;  1 drivers
v000002342a491290_0 .net *"_ivl_6", 0 0, L_000002342a3333c0;  1 drivers
v000002342a490bb0_0 .net *"_ivl_8", 0 0, L_000002342a334540;  1 drivers
v000002342a491510_0 .net "a", 0 0, L_000002342a4ad2b0;  1 drivers
v000002342a490c50_0 .net "b", 0 0, L_000002342a4ac450;  1 drivers
v000002342a490cf0_0 .net "cin", 0 0, L_000002342a4abd70;  1 drivers
v000002342a490e30_0 .net "cout", 0 0, L_000002342a333430;  1 drivers
v000002342a490d90_0 .net "sum", 0 0, L_000002342a333890;  1 drivers
S_000002342a492270 .scope generate, "fa_gen[18]" "fa_gen[18]" 9 17, 9 17 0, S_000002342a47f660;
 .timescale 0 0;
P_000002342a392810 .param/l "i" 0 9 17, +C4<010010>;
S_000002342a495600 .scope module, "fa" "full_adder" 9 18, 9 33 0, S_000002342a492270;
 .timescale 0 0;
    .port_info 0 /INPUT 1 "a";
    .port_info 1 /INPUT 1 "b";
    .port_info 2 /INPUT 1 "cin";
    .port_info 3 /OUTPUT 1 "sum";
    .port_info 4 /OUTPUT 1 "cout";
L_000002342a333eb0 .functor XOR 1, L_000002342a4abeb0, L_000002342a4ab370, C4<0>, C4<0>;
L_000002342a332a90 .functor XOR 1, L_000002342a333eb0, L_000002342a4abc30, C4<0>, C4<0>;
L_000002342a332ef0 .functor AND 1, L_000002342a4abeb0, L_000002342a4ab370, C4<1>, C4<1>;
L_000002342a334230 .functor XOR 1, L_000002342a4abeb0, L_000002342a4ab370, C4<0>, C4<0>;
L_000002342a333660 .functor AND 1, L_000002342a4abc30, L_000002342a334230, C4<1>, C4<1>;
L_000002342a333040 .functor OR 1, L_000002342a332ef0, L_000002342a333660, C4<0>, C4<0>;
v000002342a490f70_0 .net *"_ivl_0", 0 0, L_000002342a333eb0;  1 drivers
v000002342a491010_0 .net *"_ivl_4", 0 0, L_000002342a332ef0;  1 drivers
v000002342a481a70_0 .net *"_ivl_6", 0 0, L_000002342a334230;  1 drivers
v000002342a4820b0_0 .net *"_ivl_8", 0 0, L_000002342a333660;  1 drivers
v000002342a483230_0 .net "a", 0 0, L_000002342a4abeb0;  1 drivers
v000002342a483c30_0 .net "b", 0 0, L_000002342a4ab370;  1 drivers
v000002342a483550_0 .net "cin", 0 0, L_000002342a4abc30;  1 drivers
v000002342a482650_0 .net "cout", 0 0, L_000002342a333040;  1 drivers
v000002342a4839b0_0 .net "sum", 0 0, L_000002342a332a90;  1 drivers
S_000002342a4936c0 .scope generate, "fa_gen[19]" "fa_gen[19]" 9 17, 9 17 0, S_000002342a47f660;
 .timescale 0 0;
P_000002342a392f10 .param/l "i" 0 9 17, +C4<010011>;
S_000002342a492d60 .scope module, "fa" "full_adder" 9 18, 9 33 0, S_000002342a4936c0;
 .timescale 0 0;
    .port_info 0 /INPUT 1 "a";
    .port_info 1 /INPUT 1 "b";
    .port_info 2 /INPUT 1 "cin";
    .port_info 3 /OUTPUT 1 "sum";
    .port_info 4 /OUTPUT 1 "cout";
L_000002342a332b70 .functor XOR 1, L_000002342a4ac090, L_000002342a4abf50, C4<0>, C4<0>;
L_000002342a332f60 .functor XOR 1, L_000002342a332b70, L_000002342a4abff0, C4<0>, C4<0>;
L_000002342a333cf0 .functor AND 1, L_000002342a4ac090, L_000002342a4abf50, C4<1>, C4<1>;
L_000002342a333d60 .functor XOR 1, L_000002342a4ac090, L_000002342a4abf50, C4<0>, C4<0>;
L_000002342a3336d0 .functor AND 1, L_000002342a4abff0, L_000002342a333d60, C4<1>, C4<1>;
L_000002342a332fd0 .functor OR 1, L_000002342a333cf0, L_000002342a3336d0, C4<0>, C4<0>;
v000002342a482dd0_0 .net *"_ivl_0", 0 0, L_000002342a332b70;  1 drivers
v000002342a482150_0 .net *"_ivl_4", 0 0, L_000002342a333cf0;  1 drivers
v000002342a4821f0_0 .net *"_ivl_6", 0 0, L_000002342a333d60;  1 drivers
v000002342a481b10_0 .net *"_ivl_8", 0 0, L_000002342a3336d0;  1 drivers
v000002342a483370_0 .net "a", 0 0, L_000002342a4ac090;  1 drivers
v000002342a482470_0 .net "b", 0 0, L_000002342a4abf50;  1 drivers
v000002342a483b90_0 .net "cin", 0 0, L_000002342a4abff0;  1 drivers
v000002342a481c50_0 .net "cout", 0 0, L_000002342a332fd0;  1 drivers
v000002342a481f70_0 .net "sum", 0 0, L_000002342a332f60;  1 drivers
S_000002342a494ca0 .scope generate, "fa_gen[20]" "fa_gen[20]" 9 17, 9 17 0, S_000002342a47f660;
 .timescale 0 0;
P_000002342a3927d0 .param/l "i" 0 9 17, +C4<010100>;
S_000002342a494e30 .scope module, "fa" "full_adder" 9 18, 9 33 0, S_000002342a494ca0;
 .timescale 0 0;
    .port_info 0 /INPUT 1 "a";
    .port_info 1 /INPUT 1 "b";
    .port_info 2 /INPUT 1 "cin";
    .port_info 3 /OUTPUT 1 "sum";
    .port_info 4 /OUTPUT 1 "cout";
L_000002342a3330b0 .functor XOR 1, L_000002342a4ab5f0, L_000002342a4ab410, C4<0>, C4<0>;
L_000002342a333c80 .functor XOR 1, L_000002342a3330b0, L_000002342a4ac4f0, C4<0>, C4<0>;
L_000002342a3334a0 .functor AND 1, L_000002342a4ab5f0, L_000002342a4ab410, C4<1>, C4<1>;
L_000002342a333740 .functor XOR 1, L_000002342a4ab5f0, L_000002342a4ab410, C4<0>, C4<0>;
L_000002342a3339e0 .functor AND 1, L_000002342a4ac4f0, L_000002342a333740, C4<1>, C4<1>;
L_000002342a333ac0 .functor OR 1, L_000002342a3334a0, L_000002342a3339e0, C4<0>, C4<0>;
v000002342a4835f0_0 .net *"_ivl_0", 0 0, L_000002342a3330b0;  1 drivers
v000002342a482010_0 .net *"_ivl_4", 0 0, L_000002342a3334a0;  1 drivers
v000002342a481cf0_0 .net *"_ivl_6", 0 0, L_000002342a333740;  1 drivers
v000002342a4832d0_0 .net *"_ivl_8", 0 0, L_000002342a3339e0;  1 drivers
v000002342a483410_0 .net "a", 0 0, L_000002342a4ab5f0;  1 drivers
v000002342a482330_0 .net "b", 0 0, L_000002342a4ab410;  1 drivers
v000002342a482e70_0 .net "cin", 0 0, L_000002342a4ac4f0;  1 drivers
v000002342a482ab0_0 .net "cout", 0 0, L_000002342a333ac0;  1 drivers
v000002342a481930_0 .net "sum", 0 0, L_000002342a333c80;  1 drivers
S_000002342a493e90 .scope generate, "fa_gen[21]" "fa_gen[21]" 9 17, 9 17 0, S_000002342a47f660;
 .timescale 0 0;
P_000002342a392fd0 .param/l "i" 0 9 17, +C4<010101>;
S_000002342a491910 .scope module, "fa" "full_adder" 9 18, 9 33 0, S_000002342a493e90;
 .timescale 0 0;
    .port_info 0 /INPUT 1 "a";
    .port_info 1 /INPUT 1 "b";
    .port_info 2 /INPUT 1 "cin";
    .port_info 3 /OUTPUT 1 "sum";
    .port_info 4 /OUTPUT 1 "cout";
L_000002342a3343f0 .functor XOR 1, L_000002342a4ab9b0, L_000002342a4ad350, C4<0>, C4<0>;
L_000002342a333820 .functor XOR 1, L_000002342a3343f0, L_000002342a4ab4b0, C4<0>, C4<0>;
L_000002342a333dd0 .functor AND 1, L_000002342a4ab9b0, L_000002342a4ad350, C4<1>, C4<1>;
L_000002342a333c10 .functor XOR 1, L_000002342a4ab9b0, L_000002342a4ad350, C4<0>, C4<0>;
L_000002342a333e40 .functor AND 1, L_000002342a4ab4b0, L_000002342a333c10, C4<1>, C4<1>;
L_000002342a3342a0 .functor OR 1, L_000002342a333dd0, L_000002342a333e40, C4<0>, C4<0>;
v000002342a481bb0_0 .net *"_ivl_0", 0 0, L_000002342a3343f0;  1 drivers
v000002342a481e30_0 .net *"_ivl_4", 0 0, L_000002342a333dd0;  1 drivers
v000002342a482290_0 .net *"_ivl_6", 0 0, L_000002342a333c10;  1 drivers
v000002342a482970_0 .net *"_ivl_8", 0 0, L_000002342a333e40;  1 drivers
v000002342a483690_0 .net "a", 0 0, L_000002342a4ab9b0;  1 drivers
v000002342a483e10_0 .net "b", 0 0, L_000002342a4ad350;  1 drivers
v000002342a481d90_0 .net "cin", 0 0, L_000002342a4ab4b0;  1 drivers
v000002342a4830f0_0 .net "cout", 0 0, L_000002342a3342a0;  1 drivers
v000002342a4826f0_0 .net "sum", 0 0, L_000002342a333820;  1 drivers
S_000002342a494fc0 .scope generate, "fa_gen[22]" "fa_gen[22]" 9 17, 9 17 0, S_000002342a47f660;
 .timescale 0 0;
P_000002342a392ed0 .param/l "i" 0 9 17, +C4<010110>;
S_000002342a493210 .scope module, "fa" "full_adder" 9 18, 9 33 0, S_000002342a494fc0;
 .timescale 0 0;
    .port_info 0 /INPUT 1 "a";
    .port_info 1 /INPUT 1 "b";
    .port_info 2 /INPUT 1 "cin";
    .port_info 3 /OUTPUT 1 "sum";
    .port_info 4 /OUTPUT 1 "cout";
L_000002342a333f20 .functor XOR 1, L_000002342a4ab690, L_000002342a4ab730, C4<0>, C4<0>;
L_000002342a3341c0 .functor XOR 1, L_000002342a333f20, L_000002342a4ac130, C4<0>, C4<0>;
L_000002342a333f90 .functor AND 1, L_000002342a4ab690, L_000002342a4ab730, C4<1>, C4<1>;
L_000002342a334000 .functor XOR 1, L_000002342a4ab690, L_000002342a4ab730, C4<0>, C4<0>;
L_000002342a3340e0 .functor AND 1, L_000002342a4ac130, L_000002342a334000, C4<1>, C4<1>;
L_000002342a334150 .functor OR 1, L_000002342a333f90, L_000002342a3340e0, C4<0>, C4<0>;
v000002342a482790_0 .net *"_ivl_0", 0 0, L_000002342a333f20;  1 drivers
v000002342a4834b0_0 .net *"_ivl_4", 0 0, L_000002342a333f90;  1 drivers
v000002342a481ed0_0 .net *"_ivl_6", 0 0, L_000002342a334000;  1 drivers
v000002342a4823d0_0 .net *"_ivl_8", 0 0, L_000002342a3340e0;  1 drivers
v000002342a482b50_0 .net "a", 0 0, L_000002342a4ab690;  1 drivers
v000002342a482510_0 .net "b", 0 0, L_000002342a4ab730;  1 drivers
v000002342a4819d0_0 .net "cin", 0 0, L_000002342a4ac130;  1 drivers
v000002342a4825b0_0 .net "cout", 0 0, L_000002342a334150;  1 drivers
v000002342a482bf0_0 .net "sum", 0 0, L_000002342a3341c0;  1 drivers
S_000002342a491aa0 .scope generate, "fa_gen[23]" "fa_gen[23]" 9 17, 9 17 0, S_000002342a47f660;
 .timescale 0 0;
P_000002342a392a10 .param/l "i" 0 9 17, +C4<010111>;
S_000002342a493530 .scope module, "fa" "full_adder" 9 18, 9 33 0, S_000002342a491aa0;
 .timescale 0 0;
    .port_info 0 /INPUT 1 "a";
    .port_info 1 /INPUT 1 "b";
    .port_info 2 /INPUT 1 "cin";
    .port_info 3 /OUTPUT 1 "sum";
    .port_info 4 /OUTPUT 1 "cout";
L_000002342a334310 .functor XOR 1, L_000002342a4ac950, L_000002342a4ac1d0, C4<0>, C4<0>;
L_000002342a334380 .functor XOR 1, L_000002342a334310, L_000002342a4ac270, C4<0>, C4<0>;
L_000002342a335c00 .functor AND 1, L_000002342a4ac950, L_000002342a4ac1d0, C4<1>, C4<1>;
L_000002342a334e70 .functor XOR 1, L_000002342a4ac950, L_000002342a4ac1d0, C4<0>, C4<0>;
L_000002342a3347e0 .functor AND 1, L_000002342a4ac270, L_000002342a334e70, C4<1>, C4<1>;
L_000002342a335e30 .functor OR 1, L_000002342a335c00, L_000002342a3347e0, C4<0>, C4<0>;
v000002342a483730_0 .net *"_ivl_0", 0 0, L_000002342a334310;  1 drivers
v000002342a482830_0 .net *"_ivl_4", 0 0, L_000002342a335c00;  1 drivers
v000002342a483ff0_0 .net *"_ivl_6", 0 0, L_000002342a334e70;  1 drivers
v000002342a4828d0_0 .net *"_ivl_8", 0 0, L_000002342a3347e0;  1 drivers
v000002342a482a10_0 .net "a", 0 0, L_000002342a4ac950;  1 drivers
v000002342a482c90_0 .net "b", 0 0, L_000002342a4ac1d0;  1 drivers
v000002342a482d30_0 .net "cin", 0 0, L_000002342a4ac270;  1 drivers
v000002342a483f50_0 .net "cout", 0 0, L_000002342a335e30;  1 drivers
v000002342a483a50_0 .net "sum", 0 0, L_000002342a334380;  1 drivers
S_000002342a491f50 .scope generate, "fa_gen[24]" "fa_gen[24]" 9 17, 9 17 0, S_000002342a47f660;
 .timescale 0 0;
P_000002342a392490 .param/l "i" 0 9 17, +C4<011000>;
S_000002342a493850 .scope module, "fa" "full_adder" 9 18, 9 33 0, S_000002342a491f50;
 .timescale 0 0;
    .port_info 0 /INPUT 1 "a";
    .port_info 1 /INPUT 1 "b";
    .port_info 2 /INPUT 1 "cin";
    .port_info 3 /OUTPUT 1 "sum";
    .port_info 4 /OUTPUT 1 "cout";
L_000002342a3352d0 .functor XOR 1, L_000002342a4acd10, L_000002342a4ac590, C4<0>, C4<0>;
L_000002342a334850 .functor XOR 1, L_000002342a3352d0, L_000002342a4ab7d0, C4<0>, C4<0>;
L_000002342a3360d0 .functor AND 1, L_000002342a4acd10, L_000002342a4ac590, C4<1>, C4<1>;
L_000002342a335730 .functor XOR 1, L_000002342a4acd10, L_000002342a4ac590, C4<0>, C4<0>;
L_000002342a3358f0 .functor AND 1, L_000002342a4ab7d0, L_000002342a335730, C4<1>, C4<1>;
L_000002342a335960 .functor OR 1, L_000002342a3360d0, L_000002342a3358f0, C4<0>, C4<0>;
v000002342a482f10_0 .net *"_ivl_0", 0 0, L_000002342a3352d0;  1 drivers
v000002342a483190_0 .net *"_ivl_4", 0 0, L_000002342a3360d0;  1 drivers
v000002342a4837d0_0 .net *"_ivl_6", 0 0, L_000002342a335730;  1 drivers
v000002342a482fb0_0 .net *"_ivl_8", 0 0, L_000002342a3358f0;  1 drivers
v000002342a483870_0 .net "a", 0 0, L_000002342a4acd10;  1 drivers
v000002342a483050_0 .net "b", 0 0, L_000002342a4ac590;  1 drivers
v000002342a483910_0 .net "cin", 0 0, L_000002342a4ab7d0;  1 drivers
v000002342a483af0_0 .net "cout", 0 0, L_000002342a335960;  1 drivers
v000002342a483cd0_0 .net "sum", 0 0, L_000002342a334850;  1 drivers
S_000002342a4920e0 .scope generate, "fa_gen[25]" "fa_gen[25]" 9 17, 9 17 0, S_000002342a47f660;
 .timescale 0 0;
P_000002342a3925d0 .param/l "i" 0 9 17, +C4<011001>;
S_000002342a492400 .scope module, "fa" "full_adder" 9 18, 9 33 0, S_000002342a4920e0;
 .timescale 0 0;
    .port_info 0 /INPUT 1 "a";
    .port_info 1 /INPUT 1 "b";
    .port_info 2 /INPUT 1 "cin";
    .port_info 3 /OUTPUT 1 "sum";
    .port_info 4 /OUTPUT 1 "cout";
L_000002342a334d20 .functor XOR 1, L_000002342a4acb30, L_000002342a4ab870, C4<0>, C4<0>;
L_000002342a335f80 .functor XOR 1, L_000002342a334d20, L_000002342a4ad490, C4<0>, C4<0>;
L_000002342a3357a0 .functor AND 1, L_000002342a4acb30, L_000002342a4ab870, C4<1>, C4<1>;
L_000002342a335a40 .functor XOR 1, L_000002342a4acb30, L_000002342a4ab870, C4<0>, C4<0>;
L_000002342a334b60 .functor AND 1, L_000002342a4ad490, L_000002342a335a40, C4<1>, C4<1>;
L_000002342a335260 .functor OR 1, L_000002342a3357a0, L_000002342a334b60, C4<0>, C4<0>;
v000002342a483d70_0 .net *"_ivl_0", 0 0, L_000002342a334d20;  1 drivers
v000002342a483eb0_0 .net *"_ivl_4", 0 0, L_000002342a3357a0;  1 drivers
v000002342a484090_0 .net *"_ivl_6", 0 0, L_000002342a335a40;  1 drivers
v000002342a485cb0_0 .net *"_ivl_8", 0 0, L_000002342a334b60;  1 drivers
v000002342a484a90_0 .net "a", 0 0, L_000002342a4acb30;  1 drivers
v000002342a4862f0_0 .net "b", 0 0, L_000002342a4ab870;  1 drivers
v000002342a4866b0_0 .net "cin", 0 0, L_000002342a4ad490;  1 drivers
v000002342a486390_0 .net "cout", 0 0, L_000002342a335260;  1 drivers
v000002342a485d50_0 .net "sum", 0 0, L_000002342a335f80;  1 drivers
S_000002342a493b70 .scope generate, "fa_gen[26]" "fa_gen[26]" 9 17, 9 17 0, S_000002342a47f660;
 .timescale 0 0;
P_000002342a392f50 .param/l "i" 0 9 17, +C4<011010>;
S_000002342a492ef0 .scope module, "fa" "full_adder" 9 18, 9 33 0, S_000002342a493b70;
 .timescale 0 0;
    .port_info 0 /INPUT 1 "a";
    .port_info 1 /INPUT 1 "b";
    .port_info 2 /INPUT 1 "cin";
    .port_info 3 /OUTPUT 1 "sum";
    .port_info 4 /OUTPUT 1 "cout";
L_000002342a335180 .functor XOR 1, L_000002342a4ac310, L_000002342a4ac6d0, C4<0>, C4<0>;
L_000002342a336140 .functor XOR 1, L_000002342a335180, L_000002342a4ad530, C4<0>, C4<0>;
L_000002342a334690 .functor AND 1, L_000002342a4ac310, L_000002342a4ac6d0, C4<1>, C4<1>;
L_000002342a334d90 .functor XOR 1, L_000002342a4ac310, L_000002342a4ac6d0, C4<0>, C4<0>;
L_000002342a334e00 .functor AND 1, L_000002342a4ad530, L_000002342a334d90, C4<1>, C4<1>;
L_000002342a335420 .functor OR 1, L_000002342a334690, L_000002342a334e00, C4<0>, C4<0>;
v000002342a485e90_0 .net *"_ivl_0", 0 0, L_000002342a335180;  1 drivers
v000002342a486430_0 .net *"_ivl_4", 0 0, L_000002342a334690;  1 drivers
v000002342a484450_0 .net *"_ivl_6", 0 0, L_000002342a334d90;  1 drivers
v000002342a485990_0 .net *"_ivl_8", 0 0, L_000002342a334e00;  1 drivers
v000002342a485fd0_0 .net "a", 0 0, L_000002342a4ac310;  1 drivers
v000002342a485c10_0 .net "b", 0 0, L_000002342a4ac6d0;  1 drivers
v000002342a486750_0 .net "cin", 0 0, L_000002342a4ad530;  1 drivers
v000002342a4852b0_0 .net "cout", 0 0, L_000002342a335420;  1 drivers
v000002342a484310_0 .net "sum", 0 0, L_000002342a336140;  1 drivers
S_000002342a4939e0 .scope generate, "fa_gen[27]" "fa_gen[27]" 9 17, 9 17 0, S_000002342a47f660;
 .timescale 0 0;
P_000002342a392b10 .param/l "i" 0 9 17, +C4<011011>;
S_000002342a492720 .scope module, "fa" "full_adder" 9 18, 9 33 0, S_000002342a4939e0;
 .timescale 0 0;
    .port_info 0 /INPUT 1 "a";
    .port_info 1 /INPUT 1 "b";
    .port_info 2 /INPUT 1 "cin";
    .port_info 3 /OUTPUT 1 "sum";
    .port_info 4 /OUTPUT 1 "cout";
L_000002342a335ab0 .functor XOR 1, L_000002342a4ac770, L_000002342a4ac810, C4<0>, C4<0>;
L_000002342a335d50 .functor XOR 1, L_000002342a335ab0, L_000002342a4ac9f0, C4<0>, C4<0>;
L_000002342a3351f0 .functor AND 1, L_000002342a4ac770, L_000002342a4ac810, C4<1>, C4<1>;
L_000002342a335650 .functor XOR 1, L_000002342a4ac770, L_000002342a4ac810, C4<0>, C4<0>;
L_000002342a3356c0 .functor AND 1, L_000002342a4ac9f0, L_000002342a335650, C4<1>, C4<1>;
L_000002342a3361b0 .functor OR 1, L_000002342a3351f0, L_000002342a3356c0, C4<0>, C4<0>;
v000002342a485a30_0 .net *"_ivl_0", 0 0, L_000002342a335ab0;  1 drivers
v000002342a4844f0_0 .net *"_ivl_4", 0 0, L_000002342a3351f0;  1 drivers
v000002342a485530_0 .net *"_ivl_6", 0 0, L_000002342a335650;  1 drivers
v000002342a485ad0_0 .net *"_ivl_8", 0 0, L_000002342a3356c0;  1 drivers
v000002342a485b70_0 .net "a", 0 0, L_000002342a4ac770;  1 drivers
v000002342a4850d0_0 .net "b", 0 0, L_000002342a4ac810;  1 drivers
v000002342a4864d0_0 .net "cin", 0 0, L_000002342a4ac9f0;  1 drivers
v000002342a485df0_0 .net "cout", 0 0, L_000002342a3361b0;  1 drivers
v000002342a484e50_0 .net "sum", 0 0, L_000002342a335d50;  1 drivers
S_000002342a492590 .scope generate, "fa_gen[28]" "fa_gen[28]" 9 17, 9 17 0, S_000002342a47f660;
 .timescale 0 0;
P_000002342a392610 .param/l "i" 0 9 17, +C4<011100>;
S_000002342a493080 .scope module, "fa" "full_adder" 9 18, 9 33 0, S_000002342a492590;
 .timescale 0 0;
    .port_info 0 /INPUT 1 "a";
    .port_info 1 /INPUT 1 "b";
    .port_info 2 /INPUT 1 "cin";
    .port_info 3 /OUTPUT 1 "sum";
    .port_info 4 /OUTPUT 1 "cout";
L_000002342a336220 .functor XOR 1, L_000002342a4ac8b0, L_000002342a4aca90, C4<0>, C4<0>;
L_000002342a334700 .functor XOR 1, L_000002342a336220, L_000002342a4acf90, C4<0>, C4<0>;
L_000002342a334a10 .functor AND 1, L_000002342a4ac8b0, L_000002342a4aca90, C4<1>, C4<1>;
L_000002342a335810 .functor XOR 1, L_000002342a4ac8b0, L_000002342a4aca90, C4<0>, C4<0>;
L_000002342a334af0 .functor AND 1, L_000002342a4acf90, L_000002342a335810, C4<1>, C4<1>;
L_000002342a3359d0 .functor OR 1, L_000002342a334a10, L_000002342a334af0, C4<0>, C4<0>;
v000002342a485f30_0 .net *"_ivl_0", 0 0, L_000002342a336220;  1 drivers
v000002342a4855d0_0 .net *"_ivl_4", 0 0, L_000002342a334a10;  1 drivers
v000002342a484590_0 .net *"_ivl_6", 0 0, L_000002342a335810;  1 drivers
v000002342a486070_0 .net *"_ivl_8", 0 0, L_000002342a334af0;  1 drivers
v000002342a485170_0 .net "a", 0 0, L_000002342a4ac8b0;  1 drivers
v000002342a484ef0_0 .net "b", 0 0, L_000002342a4aca90;  1 drivers
v000002342a485210_0 .net "cin", 0 0, L_000002342a4acf90;  1 drivers
v000002342a484db0_0 .net "cout", 0 0, L_000002342a3359d0;  1 drivers
v000002342a486110_0 .net "sum", 0 0, L_000002342a334700;  1 drivers
S_000002342a493d00 .scope generate, "fa_gen[29]" "fa_gen[29]" 9 17, 9 17 0, S_000002342a47f660;
 .timescale 0 0;
P_000002342a392450 .param/l "i" 0 9 17, +C4<011101>;
S_000002342a495c40 .scope module, "fa" "full_adder" 9 18, 9 33 0, S_000002342a493d00;
 .timescale 0 0;
    .port_info 0 /INPUT 1 "a";
    .port_info 1 /INPUT 1 "b";
    .port_info 2 /INPUT 1 "cin";
    .port_info 3 /OUTPUT 1 "sum";
    .port_info 4 /OUTPUT 1 "cout";
L_000002342a335b20 .functor XOR 1, L_000002342a4ad030, L_000002342a4ad0d0, C4<0>, C4<0>;
L_000002342a335b90 .functor XOR 1, L_000002342a335b20, L_000002342a4ad170, C4<0>, C4<0>;
L_000002342a334a80 .functor AND 1, L_000002342a4ad030, L_000002342a4ad0d0, C4<1>, C4<1>;
L_000002342a334ee0 .functor XOR 1, L_000002342a4ad030, L_000002342a4ad0d0, C4<0>, C4<0>;
L_000002342a334770 .functor AND 1, L_000002342a4ad170, L_000002342a334ee0, C4<1>, C4<1>;
L_000002342a334f50 .functor OR 1, L_000002342a334a80, L_000002342a334770, C4<0>, C4<0>;
v000002342a4857b0_0 .net *"_ivl_0", 0 0, L_000002342a335b20;  1 drivers
v000002342a4861b0_0 .net *"_ivl_4", 0 0, L_000002342a334a80;  1 drivers
v000002342a485350_0 .net *"_ivl_6", 0 0, L_000002342a334ee0;  1 drivers
v000002342a485490_0 .net *"_ivl_8", 0 0, L_000002342a334770;  1 drivers
v000002342a484b30_0 .net "a", 0 0, L_000002342a4ad030;  1 drivers
v000002342a484f90_0 .net "b", 0 0, L_000002342a4ad0d0;  1 drivers
v000002342a485030_0 .net "cin", 0 0, L_000002342a4ad170;  1 drivers
v000002342a484bd0_0 .net "cout", 0 0, L_000002342a334f50;  1 drivers
v000002342a4853f0_0 .net "sum", 0 0, L_000002342a335b90;  1 drivers
S_000002342a4984e0 .scope generate, "fa_gen[30]" "fa_gen[30]" 9 17, 9 17 0, S_000002342a47f660;
 .timescale 0 0;
P_000002342a392b90 .param/l "i" 0 9 17, +C4<011110>;
S_000002342a496be0 .scope module, "fa" "full_adder" 9 18, 9 33 0, S_000002342a4984e0;
 .timescale 0 0;
    .port_info 0 /INPUT 1 "a";
    .port_info 1 /INPUT 1 "b";
    .port_info 2 /INPUT 1 "cin";
    .port_info 3 /OUTPUT 1 "sum";
    .port_info 4 /OUTPUT 1 "cout";
L_000002342a3348c0 .functor XOR 1, L_000002342a4ad5d0, L_000002342a4af290, C4<0>, C4<0>;
L_000002342a335880 .functor XOR 1, L_000002342a3348c0, L_000002342a4af1f0, C4<0>, C4<0>;
L_000002342a335340 .functor AND 1, L_000002342a4ad5d0, L_000002342a4af290, C4<1>, C4<1>;
L_000002342a334930 .functor XOR 1, L_000002342a4ad5d0, L_000002342a4af290, C4<0>, C4<0>;
L_000002342a3349a0 .functor AND 1, L_000002342a4af1f0, L_000002342a334930, C4<1>, C4<1>;
L_000002342a335c70 .functor OR 1, L_000002342a335340, L_000002342a3349a0, C4<0>, C4<0>;
v000002342a484270_0 .net *"_ivl_0", 0 0, L_000002342a3348c0;  1 drivers
v000002342a4843b0_0 .net *"_ivl_4", 0 0, L_000002342a335340;  1 drivers
v000002342a485710_0 .net *"_ivl_6", 0 0, L_000002342a334930;  1 drivers
v000002342a486250_0 .net *"_ivl_8", 0 0, L_000002342a3349a0;  1 drivers
v000002342a486570_0 .net "a", 0 0, L_000002342a4ad5d0;  1 drivers
v000002342a485670_0 .net "b", 0 0, L_000002342a4af290;  1 drivers
v000002342a4867f0_0 .net "cin", 0 0, L_000002342a4af1f0;  1 drivers
v000002342a484130_0 .net "cout", 0 0, L_000002342a335c70;  1 drivers
v000002342a486610_0 .net "sum", 0 0, L_000002342a335880;  1 drivers
S_000002342a496d70 .scope generate, "fa_gen[31]" "fa_gen[31]" 9 17, 9 17 0, S_000002342a47f660;
 .timescale 0 0;
P_000002342a392850 .param/l "i" 0 9 17, +C4<011111>;
S_000002342a4973b0 .scope module, "fa" "full_adder" 9 18, 9 33 0, S_000002342a496d70;
 .timescale 0 0;
    .port_info 0 /INPUT 1 "a";
    .port_info 1 /INPUT 1 "b";
    .port_info 2 /INPUT 1 "cin";
    .port_info 3 /OUTPUT 1 "sum";
    .port_info 4 /OUTPUT 1 "cout";
L_000002342a336060 .functor XOR 1, L_000002342a4af0b0, L_000002342a4af330, C4<0>, C4<0>;
L_000002342a334c40 .functor XOR 1, L_000002342a336060, L_000002342a4af6f0, C4<0>, C4<0>;
L_000002342a335ce0 .functor AND 1, L_000002342a4af0b0, L_000002342a4af330, C4<1>, C4<1>;
L_000002342a335dc0 .functor XOR 1, L_000002342a4af0b0, L_000002342a4af330, C4<0>, C4<0>;
L_000002342a334bd0 .functor AND 1, L_000002342a4af6f0, L_000002342a335dc0, C4<1>, C4<1>;
L_000002342a335ea0 .functor OR 1, L_000002342a335ce0, L_000002342a334bd0, C4<0>, C4<0>;
v000002342a485850_0 .net *"_ivl_0", 0 0, L_000002342a336060;  1 drivers
v000002342a484630_0 .net *"_ivl_4", 0 0, L_000002342a335ce0;  1 drivers
v000002342a486890_0 .net *"_ivl_6", 0 0, L_000002342a335dc0;  1 drivers
v000002342a4841d0_0 .net *"_ivl_8", 0 0, L_000002342a334bd0;  1 drivers
v000002342a4858f0_0 .net "a", 0 0, L_000002342a4af0b0;  1 drivers
v000002342a4846d0_0 .net "b", 0 0, L_000002342a4af330;  1 drivers
v000002342a484770_0 .net "cin", 0 0, L_000002342a4af6f0;  1 drivers
v000002342a484810_0 .net "cout", 0 0, L_000002342a335ea0;  1 drivers
v000002342a484c70_0 .net "sum", 0 0, L_000002342a334c40;  1 drivers
S_000002342a495dd0 .scope module, "Y" "reg32" 15 41, 16 2 0, S_000002342a47e9e0;
 .timescale 0 0;
    .port_info 0 /INPUT 1 "clk";
    .port_info 1 /INPUT 1 "reset";
    .port_info 2 /INPUT 1 "en";
    .port_info 3 /INPUT 32 "d_in";
    .port_info 4 /OUTPUT 32 "d_out";
v000002342a488230_0 .net "clk", 0 0, v000002342a4a8fd0_0;  alias, 1 drivers
v000002342a488370_0 .net "d_in", 31 0, v000002342a47a1c0_0;  alias, 1 drivers
v000002342a486a70_0 .var "d_out", 31 0;
v000002342a4869d0_0 .net "en", 0 0, v000002342a372550_0;  alias, 1 drivers
v000002342a488e10_0 .net "reset", 0 0, v000002342a4aac90_0;  alias, 1 drivers
S_000002342a497540 .scope module, "ZHIGH" "reg32" 15 49, 16 2 0, S_000002342a47e9e0;
 .timescale 0 0;
    .port_info 0 /INPUT 1 "clk";
    .port_info 1 /INPUT 1 "reset";
    .port_info 2 /INPUT 1 "en";
    .port_info 3 /INPUT 32 "d_in";
    .port_info 4 /OUTPUT 32 "d_out";
v000002342a486b10_0 .net "clk", 0 0, v000002342a4a8fd0_0;  alias, 1 drivers
v000002342a488410_0 .net "d_in", 31 0, v000002342a47a1c0_0;  alias, 1 drivers
v000002342a4884b0_0 .var "d_out", 31 0;
v000002342a487830_0 .net "en", 0 0, L_000002342a4baab8;  alias, 1 drivers
v000002342a489090_0 .net "reset", 0 0, v000002342a4aac90_0;  alias, 1 drivers
S_000002342a497220 .scope module, "ZLOW" "reg32" 15 57, 16 2 0, S_000002342a47e9e0;
 .timescale 0 0;
    .port_info 0 /INPUT 1 "clk";
    .port_info 1 /INPUT 1 "reset";
    .port_info 2 /INPUT 1 "en";
    .port_info 3 /INPUT 32 "d_in";
    .port_info 4 /OUTPUT 32 "d_out";
v000002342a488a50_0 .net "clk", 0 0, v000002342a4a8fd0_0;  alias, 1 drivers
v000002342a487bf0_0 .net "d_in", 31 0, v000002342a47a1c0_0;  alias, 1 drivers
v000002342a4887d0_0 .var "d_out", 31 0;
v000002342a487470_0 .net "en", 0 0, L_000002342a4bab00;  alias, 1 drivers
v000002342a486bb0_0 .net "reset", 0 0, v000002342a4aac90_0;  alias, 1 drivers
S_000002342a4981c0 .scope module, "mdr_inst" "mdr" 5 140, 18 2 0, S_000002342a3c42b0;
 .timescale 0 0;
    .port_info 0 /INPUT 1 "clk";
    .port_info 1 /INPUT 1 "reset";
    .port_info 2 /INPUT 1 "MDRin";
    .port_info 3 /INPUT 1 "Read";
    .port_info 4 /INPUT 32 "BusMuxOut";
    .port_info 5 /INPUT 32 "Mdatain";
    .port_info 6 /OUTPUT 32 "MDR_val";
v000002342a488050_0 .net "BusMuxOut", 31 0, v000002342a47a1c0_0;  alias, 1 drivers
v000002342a487290_0 .var "MDR_val", 31 0;
v000002342a4875b0_0 .net "MDRin", 0 0, v000002342a372690_0;  alias, 1 drivers
v000002342a488910_0 .net "Mdatain", 31 0, L_000002342a4af790;  alias, 1 drivers
v000002342a487650_0 .net "Read", 0 0, v000002342a3734f0_0;  alias, 1 drivers
v000002342a4876f0_0 .net "clk", 0 0, v000002342a4a8fd0_0;  alias, 1 drivers
v000002342a487790_0 .net "reset", 0 0, v000002342a4aac90_0;  alias, 1 drivers
S_000002342a499480 .scope module, "mux_encoder_inst" "mux_encoder" 5 184, 13 66 0, S_000002342a3c42b0;
 .timescale 0 0;
    .port_info 0 /INPUT 16 "Rout_decoded";
    .port_info 1 /INPUT 5 "other_sel";
    .port_info 2 /OUTPUT 5 "mux_sel";
v000002342a488c30_0 .net "Rout_decoded", 15 0, L_000002342a335030;  alias, 1 drivers
v000002342a487b50_0 .var "mux_sel", 4 0;
v000002342a487d30_0 .net "other_sel", 4 0, v000002342a3733b0_0;  alias, 1 drivers
E_000002342a393250 .event anyedge, v000002342a488c30_0, v000002342a3733b0_0;
S_000002342a495f60 .scope module, "outport_inst" "outport" 5 207, 14 1 0, S_000002342a3c42b0;
 .timescale 0 0;
    .port_info 0 /INPUT 1 "clk";
    .port_info 1 /INPUT 1 "reset";
    .port_info 2 /INPUT 1 "outport_in";
    .port_info 3 /INPUT 32 "BusMuxOut";
    .port_info 4 /OUTPUT 32 "outport_val";
v000002342a488cd0_0 .net "BusMuxOut", 31 0, v000002342a47a1c0_0;  alias, 1 drivers
v000002342a488d70_0 .net "clk", 0 0, v000002342a4a8fd0_0;  alias, 1 drivers
v000002342a487dd0_0 .net "outport_in", 0 0, v000002342a372eb0_0;  alias, 1 drivers
v000002342a487f10_0 .var "outport_val", 31 0;
v000002342a488190_0 .net "reset", 0 0, v000002342a4aac90_0;  alias, 1 drivers
S_000002342a496730 .scope module, "ram_inst" "ram" 5 152, 19 5 0, S_000002342a3c42b0;
 .timescale 0 0;
    .port_info 0 /INPUT 1 "clk";
    .port_info 1 /INPUT 1 "ram_read";
    .port_info 2 /INPUT 1 "ram_en";
    .port_info 3 /INPUT 9 "ram_addr";
    .port_info 4 /INPUT 32 "ram_in";
    .port_info 5 /OUTPUT 32 "ram_val";
L_000002342a334cb0 .functor AND 1, v000002342a371470_0, v000002342a3734f0_0, C4<1>, C4<1>;
v000002342a4a0a10_0 .net *"_ivl_1", 0 0, L_000002342a334cb0;  1 drivers
v000002342a4a01f0_0 .net *"_ivl_2", 31 0, L_000002342a4afb50;  1 drivers
v000002342a4a05b0_0 .net *"_ivl_4", 10 0, L_000002342a4aea70;  1 drivers
L_000002342a4bab48 .functor BUFT 1, C4<00>, C4<0>, C4<0>, C4<0>;
v000002342a49ec10_0 .net *"_ivl_7", 1 0, L_000002342a4bab48;  1 drivers
L_000002342a4bab90 .functor BUFT 1, C4<00000000000000000000000000000000>, C4<0>, C4<0>, C4<0>;
v000002342a4a0bf0_0 .net/2u *"_ivl_8", 31 0, L_000002342a4bab90;  1 drivers
v000002342a4a0650_0 .net "clk", 0 0, v000002342a4a8fd0_0;  alias, 1 drivers
v000002342a4a0c90 .array "mem", 511 0, 31 0;
v000002342a4a06f0_0 .net "ram_addr", 8 0, L_000002342a4aee30;  1 drivers
v000002342a49ead0_0 .net "ram_en", 0 0, v000002342a371470_0;  alias, 1 drivers
v000002342a4a0330_0 .net "ram_in", 31 0, v000002342a47a1c0_0;  alias, 1 drivers
v000002342a49ed50_0 .net "ram_read", 0 0, v000002342a3734f0_0;  alias, 1 drivers
v000002342a4a0ab0_0 .net "ram_val", 31 0, L_000002342a4af790;  alias, 1 drivers
L_000002342a4afb50 .array/port v000002342a4a0c90, L_000002342a4aea70;
L_000002342a4aea70 .concat [ 9 2 0 0], L_000002342a4aee30, L_000002342a4bab48;
L_000002342a4af790 .functor MUXZ 32, L_000002342a4bab90, L_000002342a4afb50, L_000002342a334cb0, C4<>;
S_000002342a4979f0 .scope module, "rf" "regfile16" 5 105, 16 40 0, S_000002342a3c42b0;
 .timescale 0 0;
    .port_info 0 /INPUT 1 "clk";
    .port_info 1 /INPUT 1 "reset";
    .port_info 2 /INPUT 1 "r0_zeroes";
    .port_info 3 /INPUT 16 "rin";
    .port_info 4 /INPUT 32 "bus";
    .port_info 5 /OUTPUT 32 "r0_out";
    .port_info 6 /OUTPUT 32 "r1_out";
    .port_info 7 /OUTPUT 32 "r2_out";
    .port_info 8 /OUTPUT 32 "r3_out";
    .port_info 9 /OUTPUT 32 "r4_out";
    .port_info 10 /OUTPUT 32 "r5_out";
    .port_info 11 /OUTPUT 32 "r6_out";
    .port_info 12 /OUTPUT 32 "r7_out";
    .port_info 13 /OUTPUT 32 "r8_out";
    .port_info 14 /OUTPUT 32 "r9_out";
    .port_info 15 /OUTPUT 32 "r10_out";
    .port_info 16 /OUTPUT 32 "r11_out";
    .port_info 17 /OUTPUT 32 "r12_out";
    .port_info 18 /OUTPUT 32 "r13_out";
    .port_info 19 /OUTPUT 32 "r14_out";
    .port_info 20 /OUTPUT 32 "r15_out";
v000002342a4a3030_0 .net "bus", 31 0, v000002342a47a1c0_0;  alias, 1 drivers
v000002342a4a32b0_0 .net "clk", 0 0, v000002342a4a8fd0_0;  alias, 1 drivers
v000002342a4a1730_0 .net "r0_out", 31 0, L_000002342a4a9430;  alias, 1 drivers
v000002342a4a2d10_0 .net "r0_zeroes", 0 0, L_000002342a3350a0;  alias, 1 drivers
v000002342a4a12d0_0 .net "r10_out", 31 0, v000002342a49f6b0_0;  alias, 1 drivers
v000002342a4a33f0_0 .net "r11_out", 31 0, v000002342a49fe30_0;  alias, 1 drivers
v000002342a4a1230_0 .net "r12_out", 31 0, v000002342a49ff70_0;  alias, 1 drivers
v000002342a4a3490_0 .net "r13_out", 31 0, v000002342a49f250_0;  alias, 1 drivers
v000002342a4a30d0_0 .net "r14_out", 31 0, v000002342a49f110_0;  alias, 1 drivers
v000002342a4a3530_0 .net "r15_out", 31 0, v000002342a49f7f0_0;  alias, 1 drivers
v000002342a4a35d0_0 .net "r1_out", 31 0, v000002342a4a0290_0;  alias, 1 drivers
v000002342a4a29f0_0 .net "r2_out", 31 0, v000002342a4a0f10_0;  alias, 1 drivers
v000002342a4a21d0_0 .net "r3_out", 31 0, v000002342a4a0150_0;  alias, 1 drivers
v000002342a4a1370_0 .net "r4_out", 31 0, v000002342a4a2bd0_0;  alias, 1 drivers
v000002342a4a1c30_0 .net "r5_out", 31 0, v000002342a4a2f90_0;  alias, 1 drivers
v000002342a4a1870_0 .net "r6_out", 31 0, v000002342a4a3710_0;  alias, 1 drivers
v000002342a4a1910_0 .net "r7_out", 31 0, v000002342a4a1690_0;  alias, 1 drivers
v000002342a4a19b0_0 .net "r8_out", 31 0, v000002342a4a1eb0_0;  alias, 1 drivers
v000002342a4a1a50_0 .net "r9_out", 31 0, v000002342a4a3210_0;  alias, 1 drivers
v000002342a4a2130_0 .net "reset", 0 0, v000002342a4aac90_0;  alias, 1 drivers
v000002342a4a1cd0_0 .net "rin", 15 0, L_000002342a338750;  1 drivers
L_000002342a4aadd0 .part L_000002342a338750, 0, 1;
L_000002342a4aae70 .part L_000002342a338750, 1, 1;
L_000002342a4aa330 .part L_000002342a338750, 2, 1;
L_000002342a4a97f0 .part L_000002342a338750, 3, 1;
L_000002342a4aa010 .part L_000002342a338750, 4, 1;
L_000002342a4a9070 .part L_000002342a338750, 5, 1;
L_000002342a4aa1f0 .part L_000002342a338750, 6, 1;
L_000002342a4a9cf0 .part L_000002342a338750, 7, 1;
L_000002342a4a94d0 .part L_000002342a338750, 8, 1;
L_000002342a4a8cb0 .part L_000002342a338750, 9, 1;
L_000002342a4a8ad0 .part L_000002342a338750, 10, 1;
L_000002342a4aa790 .part L_000002342a338750, 11, 1;
L_000002342a4a9d90 .part L_000002342a338750, 12, 1;
L_000002342a4a8990 .part L_000002342a338750, 13, 1;
L_000002342a4a9570 .part L_000002342a338750, 14, 1;
L_000002342a4a8c10 .part L_000002342a338750, 15, 1;
S_000002342a4992f0 .scope module, "r0" "reg32_r0" 16 65, 16 19 0, S_000002342a4979f0;
 .timescale 0 0;
    .port_info 0 /INPUT 1 "clk";
    .port_info 1 /INPUT 1 "reset";
    .port_info 2 /INPUT 1 "en";
    .port_info 3 /INPUT 1 "r0_zeroes";
    .port_info 4 /INPUT 32 "d_in";
    .port_info 5 /OUTPUT 32 "d_out";
L_000002342a4ba950 .functor BUFT 1, C4<00000000000000000000000000000000>, C4<0>, C4<0>, C4<0>;
v000002342a4a1050_0 .net/2u *"_ivl_0", 31 0, L_000002342a4ba950;  1 drivers
v000002342a49ea30_0 .net "clk", 0 0, v000002342a4a8fd0_0;  alias, 1 drivers
v000002342a4a10f0_0 .var "d", 31 0;
v000002342a49fc50_0 .net "d_in", 31 0, v000002342a47a1c0_0;  alias, 1 drivers
v000002342a4a0fb0_0 .net "d_out", 31 0, L_000002342a4a9430;  alias, 1 drivers
v000002342a49f2f0_0 .net "en", 0 0, L_000002342a4aadd0;  1 drivers
v000002342a49ee90_0 .net "r0_zeroes", 0 0, L_000002342a3350a0;  alias, 1 drivers
v000002342a49eb70_0 .net "reset", 0 0, v000002342a4aac90_0;  alias, 1 drivers
L_000002342a4a9430 .functor MUXZ 32, v000002342a4a10f0_0, L_000002342a4ba950, L_000002342a3350a0, C4<>;
S_000002342a496280 .scope module, "r1" "reg32" 16 73, 16 2 0, S_000002342a4979f0;
 .timescale 0 0;
    .port_info 0 /INPUT 1 "clk";
    .port_info 1 /INPUT 1 "reset";
    .port_info 2 /INPUT 1 "en";
    .port_info 3 /INPUT 32 "d_in";
    .port_info 4 /OUTPUT 32 "d_out";
v000002342a49ecb0_0 .net "clk", 0 0, v000002342a4a8fd0_0;  alias, 1 drivers
v000002342a4a0e70_0 .net "d_in", 31 0, v000002342a47a1c0_0;  alias, 1 drivers
v000002342a4a0290_0 .var "d_out", 31 0;
v000002342a49edf0_0 .net "en", 0 0, L_000002342a4aae70;  1 drivers
v000002342a49fb10_0 .net "reset", 0 0, v000002342a4aac90_0;  alias, 1 drivers
S_000002342a496410 .scope module, "r10" "reg32" 16 136, 16 2 0, S_000002342a4979f0;
 .timescale 0 0;
    .port_info 0 /INPUT 1 "clk";
    .port_info 1 /INPUT 1 "reset";
    .port_info 2 /INPUT 1 "en";
    .port_info 3 /INPUT 32 "d_in";
    .port_info 4 /OUTPUT 32 "d_out";
v000002342a49f890_0 .net "clk", 0 0, v000002342a4a8fd0_0;  alias, 1 drivers
v000002342a49e990_0 .net "d_in", 31 0, v000002342a47a1c0_0;  alias, 1 drivers
v000002342a49f6b0_0 .var "d_out", 31 0;
v000002342a4a0470_0 .net "en", 0 0, L_000002342a4a8ad0;  1 drivers
v000002342a4a0970_0 .net "reset", 0 0, v000002342a4aac90_0;  alias, 1 drivers
S_000002342a498670 .scope module, "r11" "reg32" 16 143, 16 2 0, S_000002342a4979f0;
 .timescale 0 0;
    .port_info 0 /INPUT 1 "clk";
    .port_info 1 /INPUT 1 "reset";
    .port_info 2 /INPUT 1 "en";
    .port_info 3 /INPUT 32 "d_in";
    .port_info 4 /OUTPUT 32 "d_out";
v000002342a49f4d0_0 .net "clk", 0 0, v000002342a4a8fd0_0;  alias, 1 drivers
v000002342a49ef30_0 .net "d_in", 31 0, v000002342a47a1c0_0;  alias, 1 drivers
v000002342a49fe30_0 .var "d_out", 31 0;
v000002342a49f1b0_0 .net "en", 0 0, L_000002342a4aa790;  1 drivers
v000002342a49efd0_0 .net "reset", 0 0, v000002342a4aac90_0;  alias, 1 drivers
S_000002342a498030 .scope module, "r12" "reg32" 16 150, 16 2 0, S_000002342a4979f0;
 .timescale 0 0;
    .port_info 0 /INPUT 1 "clk";
    .port_info 1 /INPUT 1 "reset";
    .port_info 2 /INPUT 1 "en";
    .port_info 3 /INPUT 32 "d_in";
    .port_info 4 /OUTPUT 32 "d_out";
v000002342a49f430_0 .net "clk", 0 0, v000002342a4a8fd0_0;  alias, 1 drivers
v000002342a4a03d0_0 .net "d_in", 31 0, v000002342a47a1c0_0;  alias, 1 drivers
v000002342a49ff70_0 .var "d_out", 31 0;
v000002342a49fed0_0 .net "en", 0 0, L_000002342a4a9d90;  1 drivers
v000002342a49f070_0 .net "reset", 0 0, v000002342a4aac90_0;  alias, 1 drivers
S_000002342a497ea0 .scope module, "r13" "reg32" 16 157, 16 2 0, S_000002342a4979f0;
 .timescale 0 0;
    .port_info 0 /INPUT 1 "clk";
    .port_info 1 /INPUT 1 "reset";
    .port_info 2 /INPUT 1 "en";
    .port_info 3 /INPUT 32 "d_in";
    .port_info 4 /OUTPUT 32 "d_out";
v000002342a49f570_0 .net "clk", 0 0, v000002342a4a8fd0_0;  alias, 1 drivers
v000002342a49fbb0_0 .net "d_in", 31 0, v000002342a47a1c0_0;  alias, 1 drivers
v000002342a49f250_0 .var "d_out", 31 0;
v000002342a49f390_0 .net "en", 0 0, L_000002342a4a8990;  1 drivers
v000002342a4a0790_0 .net "reset", 0 0, v000002342a4aac90_0;  alias, 1 drivers
S_000002342a4976d0 .scope module, "r14" "reg32" 16 164, 16 2 0, S_000002342a4979f0;
 .timescale 0 0;
    .port_info 0 /INPUT 1 "clk";
    .port_info 1 /INPUT 1 "reset";
    .port_info 2 /INPUT 1 "en";
    .port_info 3 /INPUT 32 "d_in";
    .port_info 4 /OUTPUT 32 "d_out";
v000002342a4a0830_0 .net "clk", 0 0, v000002342a4a8fd0_0;  alias, 1 drivers
v000002342a4a0010_0 .net "d_in", 31 0, v000002342a47a1c0_0;  alias, 1 drivers
v000002342a49f110_0 .var "d_out", 31 0;
v000002342a49fcf0_0 .net "en", 0 0, L_000002342a4a9570;  1 drivers
v000002342a4a08d0_0 .net "reset", 0 0, v000002342a4aac90_0;  alias, 1 drivers
S_000002342a497090 .scope module, "r15" "reg32" 16 171, 16 2 0, S_000002342a4979f0;
 .timescale 0 0;
    .port_info 0 /INPUT 1 "clk";
    .port_info 1 /INPUT 1 "reset";
    .port_info 2 /INPUT 1 "en";
    .port_info 3 /INPUT 32 "d_in";
    .port_info 4 /OUTPUT 32 "d_out";
v000002342a49f610_0 .net "clk", 0 0, v000002342a4a8fd0_0;  alias, 1 drivers
v000002342a49f750_0 .net "d_in", 31 0, v000002342a47a1c0_0;  alias, 1 drivers
v000002342a49f7f0_0 .var "d_out", 31 0;
v000002342a4a0510_0 .net "en", 0 0, L_000002342a4a8c10;  1 drivers
v000002342a49fd90_0 .net "reset", 0 0, v000002342a4aac90_0;  alias, 1 drivers
S_000002342a497860 .scope module, "r2" "reg32" 16 80, 16 2 0, S_000002342a4979f0;
 .timescale 0 0;
    .port_info 0 /INPUT 1 "clk";
    .port_info 1 /INPUT 1 "reset";
    .port_info 2 /INPUT 1 "en";
    .port_info 3 /INPUT 32 "d_in";
    .port_info 4 /OUTPUT 32 "d_out";
v000002342a49f930_0 .net "clk", 0 0, v000002342a4a8fd0_0;  alias, 1 drivers
v000002342a4a0b50_0 .net "d_in", 31 0, v000002342a47a1c0_0;  alias, 1 drivers
v000002342a4a0f10_0 .var "d_out", 31 0;
v000002342a49f9d0_0 .net "en", 0 0, L_000002342a4aa330;  1 drivers
v000002342a49fa70_0 .net "reset", 0 0, v000002342a4aac90_0;  alias, 1 drivers
S_000002342a499610 .scope module, "r3" "reg32" 16 87, 16 2 0, S_000002342a4979f0;
 .timescale 0 0;
    .port_info 0 /INPUT 1 "clk";
    .port_info 1 /INPUT 1 "reset";
    .port_info 2 /INPUT 1 "en";
    .port_info 3 /INPUT 32 "d_in";
    .port_info 4 /OUTPUT 32 "d_out";
v000002342a4a00b0_0 .net "clk", 0 0, v000002342a4a8fd0_0;  alias, 1 drivers
v000002342a4a0d30_0 .net "d_in", 31 0, v000002342a47a1c0_0;  alias, 1 drivers
v000002342a4a0150_0 .var "d_out", 31 0;
v000002342a4a0dd0_0 .net "en", 0 0, L_000002342a4a97f0;  1 drivers
v000002342a4a1550_0 .net "reset", 0 0, v000002342a4aac90_0;  alias, 1 drivers
S_000002342a495920 .scope module, "r4" "reg32" 16 94, 16 2 0, S_000002342a4979f0;
 .timescale 0 0;
    .port_info 0 /INPUT 1 "clk";
    .port_info 1 /INPUT 1 "reset";
    .port_info 2 /INPUT 1 "en";
    .port_info 3 /INPUT 32 "d_in";
    .port_info 4 /OUTPUT 32 "d_out";
v000002342a4a2ef0_0 .net "clk", 0 0, v000002342a4a8fd0_0;  alias, 1 drivers
v000002342a4a1af0_0 .net "d_in", 31 0, v000002342a47a1c0_0;  alias, 1 drivers
v000002342a4a2bd0_0 .var "d_out", 31 0;
v000002342a4a14b0_0 .net "en", 0 0, L_000002342a4aa010;  1 drivers
v000002342a4a3670_0 .net "reset", 0 0, v000002342a4aac90_0;  alias, 1 drivers
S_000002342a4968c0 .scope module, "r5" "reg32" 16 101, 16 2 0, S_000002342a4979f0;
 .timescale 0 0;
    .port_info 0 /INPUT 1 "clk";
    .port_info 1 /INPUT 1 "reset";
    .port_info 2 /INPUT 1 "en";
    .port_info 3 /INPUT 32 "d_in";
    .port_info 4 /OUTPUT 32 "d_out";
v000002342a4a2e50_0 .net "clk", 0 0, v000002342a4a8fd0_0;  alias, 1 drivers
v000002342a4a2db0_0 .net "d_in", 31 0, v000002342a47a1c0_0;  alias, 1 drivers
v000002342a4a2f90_0 .var "d_out", 31 0;
v000002342a4a17d0_0 .net "en", 0 0, L_000002342a4a9070;  1 drivers
v000002342a4a2b30_0 .net "reset", 0 0, v000002342a4aac90_0;  alias, 1 drivers
S_000002342a496f00 .scope module, "r6" "reg32" 16 108, 16 2 0, S_000002342a4979f0;
 .timescale 0 0;
    .port_info 0 /INPUT 1 "clk";
    .port_info 1 /INPUT 1 "reset";
    .port_info 2 /INPUT 1 "en";
    .port_info 3 /INPUT 32 "d_in";
    .port_info 4 /OUTPUT 32 "d_out";
v000002342a4a1b90_0 .net "clk", 0 0, v000002342a4a8fd0_0;  alias, 1 drivers
v000002342a4a26d0_0 .net "d_in", 31 0, v000002342a47a1c0_0;  alias, 1 drivers
v000002342a4a3710_0 .var "d_out", 31 0;
v000002342a4a2770_0 .net "en", 0 0, L_000002342a4aa1f0;  1 drivers
v000002342a4a15f0_0 .net "reset", 0 0, v000002342a4aac90_0;  alias, 1 drivers
S_000002342a498800 .scope module, "r7" "reg32" 16 115, 16 2 0, S_000002342a4979f0;
 .timescale 0 0;
    .port_info 0 /INPUT 1 "clk";
    .port_info 1 /INPUT 1 "reset";
    .port_info 2 /INPUT 1 "en";
    .port_info 3 /INPUT 32 "d_in";
    .port_info 4 /OUTPUT 32 "d_out";
v000002342a4a37b0_0 .net "clk", 0 0, v000002342a4a8fd0_0;  alias, 1 drivers
v000002342a4a2310_0 .net "d_in", 31 0, v000002342a47a1c0_0;  alias, 1 drivers
v000002342a4a1690_0 .var "d_out", 31 0;
v000002342a4a3350_0 .net "en", 0 0, L_000002342a4a9cf0;  1 drivers
v000002342a4a2a90_0 .net "reset", 0 0, v000002342a4aac90_0;  alias, 1 drivers
S_000002342a498990 .scope module, "r8" "reg32" 16 122, 16 2 0, S_000002342a4979f0;
 .timescale 0 0;
    .port_info 0 /INPUT 1 "clk";
    .port_info 1 /INPUT 1 "reset";
    .port_info 2 /INPUT 1 "en";
    .port_info 3 /INPUT 32 "d_in";
    .port_info 4 /OUTPUT 32 "d_out";
v000002342a4a3850_0 .net "clk", 0 0, v000002342a4a8fd0_0;  alias, 1 drivers
v000002342a4a2c70_0 .net "d_in", 31 0, v000002342a47a1c0_0;  alias, 1 drivers
v000002342a4a1eb0_0 .var "d_out", 31 0;
v000002342a4a1d70_0 .net "en", 0 0, L_000002342a4a94d0;  1 drivers
v000002342a4a2590_0 .net "reset", 0 0, v000002342a4aac90_0;  alias, 1 drivers
S_000002342a498350 .scope module, "r9" "reg32" 16 129, 16 2 0, S_000002342a4979f0;
 .timescale 0 0;
    .port_info 0 /INPUT 1 "clk";
    .port_info 1 /INPUT 1 "reset";
    .port_info 2 /INPUT 1 "en";
    .port_info 3 /INPUT 32 "d_in";
    .port_info 4 /OUTPUT 32 "d_out";
v000002342a4a38f0_0 .net "clk", 0 0, v000002342a4a8fd0_0;  alias, 1 drivers
v000002342a4a1190_0 .net "d_in", 31 0, v000002342a47a1c0_0;  alias, 1 drivers
v000002342a4a3210_0 .var "d_out", 31 0;
v000002342a4a3170_0 .net "en", 0 0, L_000002342a4a8cb0;  1 drivers
v000002342a4a1410_0 .net "reset", 0 0, v000002342a4aac90_0;  alias, 1 drivers
S_000002342a498b20 .scope module, "select_encode_inst" "select_encode" 5 161, 13 1 0, S_000002342a3c42b0;
 .timescale 0 0;
    .port_info 0 /INPUT 32 "IRin";
    .port_info 1 /INPUT 1 "Gra";
    .port_info 2 /INPUT 1 "Grb";
    .port_info 3 /INPUT 1 "Grc";
    .port_info 4 /INPUT 1 "Rin";
    .port_info 5 /INPUT 1 "Rout";
    .port_info 6 /INPUT 1 "BAout";
    .port_info 7 /OUTPUT 16 "Rin_decoded";
    .port_info 8 /OUTPUT 16 "Rout_decoded";
    .port_info 9 /OUTPUT 1 "BAout_R0";
L_000002342a335ff0 .functor AND 16, v000002342a4a5970_0, L_000002342a4aebb0, C4<1111111111111111>, C4<1111111111111111>;
L_000002342a335030 .functor AND 16, v000002342a4a5970_0, L_000002342a4af830, C4<1111111111111111>, C4<1111111111111111>;
L_000002342a3350a0 .functor AND 1, v000002342a3729b0_0, L_000002342a4af5b0, C4<1>, C4<1>;
v000002342a4a1e10_0 .net "BAout", 0 0, v000002342a3729b0_0;  alias, 1 drivers
v000002342a4a23b0_0 .net "BAout_R0", 0 0, L_000002342a3350a0;  alias, 1 drivers
v000002342a4a1f50_0 .net "Gra", 0 0, v000002342a372c30_0;  alias, 1 drivers
v000002342a4a1ff0_0 .net "Grb", 0 0, v000002342a370ed0_0;  alias, 1 drivers
v000002342a4a2950_0 .net "Grc", 0 0, v000002342a371830_0;  alias, 1 drivers
v000002342a4a2090_0 .net "IRin", 31 0, v000002342a48b890_0;  alias, 1 drivers
v000002342a4a2270_0 .net "Ra", 3 0, L_000002342a4aff10;  1 drivers
v000002342a4a2450_0 .net "Rb", 3 0, L_000002342a4addf0;  1 drivers
v000002342a4a24f0_0 .net "Rc", 3 0, L_000002342a4adc10;  1 drivers
v000002342a4a2630_0 .net "Rin", 0 0, v000002342a371c90_0;  alias, 1 drivers
v000002342a4a2810_0 .net "Rin_decoded", 15 0, L_000002342a335ff0;  alias, 1 drivers
v000002342a4a28b0_0 .net "Rout", 0 0, v000002342a371a10_0;  alias, 1 drivers
v000002342a4a4d90_0 .net "Rout_decoded", 15 0, L_000002342a335030;  alias, 1 drivers
v000002342a4a4930_0 .net *"_ivl_10", 3 0, L_000002342a4af3d0;  1 drivers
v000002342a4a4110_0 .net *"_ivl_14", 15 0, L_000002342a4aebb0;  1 drivers
v000002342a4a5290_0 .net *"_ivl_18", 15 0, L_000002342a4af830;  1 drivers
v000002342a4a5c90_0 .net *"_ivl_23", 0 0, L_000002342a4af5b0;  1 drivers
L_000002342a4babd8 .functor BUFT 1, C4<0000>, C4<0>, C4<0>, C4<0>;
v000002342a4a46b0_0 .net/2u *"_ivl_6", 3 0, L_000002342a4babd8;  1 drivers
v000002342a4a4610_0 .net *"_ivl_8", 3 0, L_000002342a4add50;  1 drivers
v000002342a4a5970_0 .var "decoded", 15 0;
v000002342a4a5ab0_0 .net "reg_sel", 3 0, L_000002342a4af470;  1 drivers
E_000002342a392f90 .event anyedge, v000002342a4a5ab0_0;
L_000002342a4aff10 .part v000002342a48b890_0, 23, 4;
L_000002342a4addf0 .part v000002342a48b890_0, 19, 4;
L_000002342a4adc10 .part v000002342a48b890_0, 15, 4;
L_000002342a4add50 .functor MUXZ 4, L_000002342a4babd8, L_000002342a4adc10, v000002342a371830_0, C4<>;
L_000002342a4af3d0 .functor MUXZ 4, L_000002342a4add50, L_000002342a4addf0, v000002342a370ed0_0, C4<>;
L_000002342a4af470 .functor MUXZ 4, L_000002342a4af3d0, L_000002342a4aff10, v000002342a372c30_0, C4<>;
LS_000002342a4aebb0_0_0 .concat [ 1 1 1 1], v000002342a371c90_0, v000002342a371c90_0, v000002342a371c90_0, v000002342a371c90_0;
LS_000002342a4aebb0_0_4 .concat [ 1 1 1 1], v000002342a371c90_0, v000002342a371c90_0, v000002342a371c90_0, v000002342a371c90_0;
LS_000002342a4aebb0_0_8 .concat [ 1 1 1 1], v000002342a371c90_0, v000002342a371c90_0, v000002342a371c90_0, v000002342a371c90_0;
LS_000002342a4aebb0_0_12 .concat [ 1 1 1 1], v000002342a371c90_0, v000002342a371c90_0, v000002342a371c90_0, v000002342a371c90_0;
L_000002342a4aebb0 .concat [ 4 4 4 4], LS_000002342a4aebb0_0_0, LS_000002342a4aebb0_0_4, LS_000002342a4aebb0_0_8, LS_000002342a4aebb0_0_12;
LS_000002342a4af830_0_0 .concat [ 1 1 1 1], v000002342a371a10_0, v000002342a371a10_0, v000002342a371a10_0, v000002342a371a10_0;
LS_000002342a4af830_0_4 .concat [ 1 1 1 1], v000002342a371a10_0, v000002342a371a10_0, v000002342a371a10_0, v000002342a371a10_0;
LS_000002342a4af830_0_8 .concat [ 1 1 1 1], v000002342a371a10_0, v000002342a371a10_0, v000002342a371a10_0, v000002342a371a10_0;
LS_000002342a4af830_0_12 .concat [ 1 1 1 1], v000002342a371a10_0, v000002342a371a10_0, v000002342a371a10_0, v000002342a371a10_0;
L_000002342a4af830 .concat [ 4 4 4 4], LS_000002342a4af830_0_0, LS_000002342a4af830_0_4, LS_000002342a4af830_0_8, LS_000002342a4af830_0_12;
L_000002342a4af5b0 .part v000002342a4a5970_0, 0, 1;
S_000002342a498cb0 .scope begin, "check" "check" 2 108, 2 108 0, S_000002342a3c33a0;
 .timescale -9 -11;
v000002342a4a8490_0 .var "pass", 0 0;
S_000002342a498e40 .scope task, "dump_memory" "dump_memory" 2 51, 2 51 0, S_000002342a3c33a0;
 .timescale -9 -11;
v000002342a4a6910_0 .var/i "fd", 31 0;
v000002342a4a6690_0 .var "filename", 255 0;
v000002342a4a8670_0 .var/i "i", 31 0;
TD_cpu_tb.dump_memory ;
    %vpi_func 2 55 "$fopen" 32, v000002342a4a6690_0, "w" {0 0 0};
    %store/vec4 v000002342a4a6910_0, 0, 32;
    %pushi/vec4 0, 0, 32;
    %store/vec4 v000002342a4a8670_0, 0, 32;
T_0.0 ;
    %load/vec4 v000002342a4a8670_0;
    %cmpi/s 512, 0, 32;
    %jmp/0xz T_0.1, 5;
    %vpi_call 2 57 "$fdisplay", v000002342a4a6910_0, "%08X", &A<v000002342a4a0c90, v000002342a4a8670_0 > {0 0 0};
    %load/vec4 v000002342a4a8670_0;
    %addi 1, 0, 32;
    %store/vec4 v000002342a4a8670_0, 0, 32;
    %jmp T_0.0;
T_0.1 ;
    %vpi_call 2 58 "$fclose", v000002342a4a6910_0 {0 0 0};
    %end;
    .scope S_000002342a3c3b60;
T_1 ;
    %wait E_000002342a38dc50;
    %load/vec4 v000002342a371790_0;
    %flag_set/vec4 8;
    %jmp/0xz  T_1.0, 8;
    %pushi/vec4 0, 0, 6;
    %assign/vec4 v000002342a371d30_0, 0;
    %jmp T_1.1;
T_1.0 ;
    %load/vec4 v000002342a3722d0_0;
    %assign/vec4 v000002342a371d30_0, 0;
T_1.1 ;
    %jmp T_1;
    .thread T_1;
    .scope S_000002342a3c3b60;
T_2 ;
    %wait E_000002342a38da50;
    %pushi/vec4 1, 0, 6;
    %store/vec4 v000002342a3722d0_0, 0, 6;
    %load/vec4 v000002342a371b50_0;
    %flag_set/vec4 8;
    %jmp/0xz  T_2.0, 8;
    %pushi/vec4 46, 0, 6;
    %store/vec4 v000002342a3722d0_0, 0, 6;
    %jmp T_2.1;
T_2.0 ;
    %load/vec4 v000002342a371d30_0;
    %dup/vec4;
    %pushi/vec4 0, 0, 6;
    %cmp/u;
    %jmp/1 T_2.2, 6;
    %dup/vec4;
    %pushi/vec4 1, 0, 6;
    %cmp/u;
    %jmp/1 T_2.3, 6;
    %dup/vec4;
    %pushi/vec4 2, 0, 6;
    %cmp/u;
    %jmp/1 T_2.4, 6;
    %dup/vec4;
    %pushi/vec4 3, 0, 6;
    %cmp/u;
    %jmp/1 T_2.5, 6;
    %dup/vec4;
    %pushi/vec4 4, 0, 6;
    %cmp/u;
    %jmp/1 T_2.6, 6;
    %dup/vec4;
    %pushi/vec4 5, 0, 6;
    %cmp/u;
    %jmp/1 T_2.7, 6;
    %dup/vec4;
    %pushi/vec4 6, 0, 6;
    %cmp/u;
    %jmp/1 T_2.8, 6;
    %dup/vec4;
    %pushi/vec4 7, 0, 6;
    %cmp/u;
    %jmp/1 T_2.9, 6;
    %dup/vec4;
    %pushi/vec4 8, 0, 6;
    %cmp/u;
    %jmp/1 T_2.10, 6;
    %dup/vec4;
    %pushi/vec4 9, 0, 6;
    %cmp/u;
    %jmp/1 T_2.11, 6;
    %dup/vec4;
    %pushi/vec4 10, 0, 6;
    %cmp/u;
    %jmp/1 T_2.12, 6;
    %dup/vec4;
    %pushi/vec4 11, 0, 6;
    %cmp/u;
    %jmp/1 T_2.13, 6;
    %dup/vec4;
    %pushi/vec4 12, 0, 6;
    %cmp/u;
    %jmp/1 T_2.14, 6;
    %dup/vec4;
    %pushi/vec4 13, 0, 6;
    %cmp/u;
    %jmp/1 T_2.15, 6;
    %dup/vec4;
    %pushi/vec4 14, 0, 6;
    %cmp/u;
    %jmp/1 T_2.16, 6;
    %dup/vec4;
    %pushi/vec4 15, 0, 6;
    %cmp/u;
    %jmp/1 T_2.17, 6;
    %dup/vec4;
    %pushi/vec4 16, 0, 6;
    %cmp/u;
    %jmp/1 T_2.18, 6;
    %dup/vec4;
    %pushi/vec4 17, 0, 6;
    %cmp/u;
    %jmp/1 T_2.19, 6;
    %dup/vec4;
    %pushi/vec4 18, 0, 6;
    %cmp/u;
    %jmp/1 T_2.20, 6;
    %dup/vec4;
    %pushi/vec4 19, 0, 6;
    %cmp/u;
    %jmp/1 T_2.21, 6;
    %dup/vec4;
    %pushi/vec4 20, 0, 6;
    %cmp/u;
    %jmp/1 T_2.22, 6;
    %dup/vec4;
    %pushi/vec4 21, 0, 6;
    %cmp/u;
    %jmp/1 T_2.23, 6;
    %dup/vec4;
    %pushi/vec4 22, 0, 6;
    %cmp/u;
    %jmp/1 T_2.24, 6;
    %dup/vec4;
    %pushi/vec4 23, 0, 6;
    %cmp/u;
    %jmp/1 T_2.25, 6;
    %dup/vec4;
    %pushi/vec4 24, 0, 6;
    %cmp/u;
    %jmp/1 T_2.26, 6;
    %dup/vec4;
    %pushi/vec4 25, 0, 6;
    %cmp/u;
    %jmp/1 T_2.27, 6;
    %dup/vec4;
    %pushi/vec4 26, 0, 6;
    %cmp/u;
    %jmp/1 T_2.28, 6;
    %dup/vec4;
    %pushi/vec4 27, 0, 6;
    %cmp/u;
    %jmp/1 T_2.29, 6;
    %dup/vec4;
    %pushi/vec4 28, 0, 6;
    %cmp/u;
    %jmp/1 T_2.30, 6;
    %dup/vec4;
    %pushi/vec4 29, 0, 6;
    %cmp/u;
    %jmp/1 T_2.31, 6;
    %dup/vec4;
    %pushi/vec4 30, 0, 6;
    %cmp/u;
    %jmp/1 T_2.32, 6;
    %dup/vec4;
    %pushi/vec4 31, 0, 6;
    %cmp/u;
    %jmp/1 T_2.33, 6;
    %dup/vec4;
    %pushi/vec4 32, 0, 6;
    %cmp/u;
    %jmp/1 T_2.34, 6;
    %dup/vec4;
    %pushi/vec4 33, 0, 6;
    %cmp/u;
    %jmp/1 T_2.35, 6;
    %dup/vec4;
    %pushi/vec4 34, 0, 6;
    %cmp/u;
    %jmp/1 T_2.36, 6;
    %dup/vec4;
    %pushi/vec4 35, 0, 6;
    %cmp/u;
    %jmp/1 T_2.37, 6;
    %dup/vec4;
    %pushi/vec4 36, 0, 6;
    %cmp/u;
    %jmp/1 T_2.38, 6;
    %dup/vec4;
    %pushi/vec4 37, 0, 6;
    %cmp/u;
    %jmp/1 T_2.39, 6;
    %dup/vec4;
    %pushi/vec4 38, 0, 6;
    %cmp/u;
    %jmp/1 T_2.40, 6;
    %dup/vec4;
    %pushi/vec4 39, 0, 6;
    %cmp/u;
    %jmp/1 T_2.41, 6;
    %dup/vec4;
    %pushi/vec4 40, 0, 6;
    %cmp/u;
    %jmp/1 T_2.42, 6;
    %dup/vec4;
    %pushi/vec4 41, 0, 6;
    %cmp/u;
    %jmp/1 T_2.43, 6;
    %dup/vec4;
    %pushi/vec4 42, 0, 6;
    %cmp/u;
    %jmp/1 T_2.44, 6;
    %dup/vec4;
    %pushi/vec4 43, 0, 6;
    %cmp/u;
    %jmp/1 T_2.45, 6;
    %dup/vec4;
    %pushi/vec4 44, 0, 6;
    %cmp/u;
    %jmp/1 T_2.46, 6;
    %dup/vec4;
    %pushi/vec4 45, 0, 6;
    %cmp/u;
    %jmp/1 T_2.47, 6;
    %dup/vec4;
    %pushi/vec4 46, 0, 6;
    %cmp/u;
    %jmp/1 T_2.48, 6;
    %pushi/vec4 1, 0, 6;
    %store/vec4 v000002342a3722d0_0, 0, 6;
    %jmp T_2.50;
T_2.2 ;
    %pushi/vec4 1, 0, 6;
    %store/vec4 v000002342a3722d0_0, 0, 6;
    %jmp T_2.50;
T_2.3 ;
    %pushi/vec4 2, 0, 6;
    %store/vec4 v000002342a3722d0_0, 0, 6;
    %jmp T_2.50;
T_2.4 ;
    %pushi/vec4 3, 0, 6;
    %store/vec4 v000002342a3722d0_0, 0, 6;
    %jmp T_2.50;
T_2.5 ;
    %load/vec4 v000002342a3715b0_0;
    %dup/vec4;
    %pushi/vec4 0, 0, 5;
    %cmp/u;
    %jmp/1 T_2.51, 6;
    %dup/vec4;
    %pushi/vec4 1, 0, 5;
    %cmp/u;
    %jmp/1 T_2.52, 6;
    %dup/vec4;
    %pushi/vec4 2, 0, 5;
    %cmp/u;
    %jmp/1 T_2.53, 6;
    %dup/vec4;
    %pushi/vec4 3, 0, 5;
    %cmp/u;
    %jmp/1 T_2.54, 6;
    %dup/vec4;
    %pushi/vec4 4, 0, 5;
    %cmp/u;
    %jmp/1 T_2.55, 6;
    %dup/vec4;
    %pushi/vec4 5, 0, 5;
    %cmp/u;
    %jmp/1 T_2.56, 6;
    %dup/vec4;
    %pushi/vec4 6, 0, 5;
    %cmp/u;
    %jmp/1 T_2.57, 6;
    %dup/vec4;
    %pushi/vec4 7, 0, 5;
    %cmp/u;
    %jmp/1 T_2.58, 6;
    %dup/vec4;
    %pushi/vec4 8, 0, 5;
    %cmp/u;
    %jmp/1 T_2.59, 6;
    %dup/vec4;
    %pushi/vec4 14, 0, 5;
    %cmp/u;
    %jmp/1 T_2.60, 6;
    %dup/vec4;
    %pushi/vec4 15, 0, 5;
    %cmp/u;
    %jmp/1 T_2.61, 6;
    %dup/vec4;
    %pushi/vec4 13, 0, 5;
    %cmp/u;
    %jmp/1 T_2.62, 6;
    %dup/vec4;
    %pushi/vec4 12, 0, 5;
    %cmp/u;
    %jmp/1 T_2.63, 6;
    %dup/vec4;
    %pushi/vec4 16, 0, 5;
    %cmp/u;
    %jmp/1 T_2.64, 6;
    %dup/vec4;
    %pushi/vec4 17, 0, 5;
    %cmp/u;
    %jmp/1 T_2.65, 6;
    %dup/vec4;
    %pushi/vec4 18, 0, 5;
    %cmp/u;
    %jmp/1 T_2.66, 6;
    %dup/vec4;
    %pushi/vec4 9, 0, 5;
    %cmp/u;
    %jmp/1 T_2.67, 6;
    %dup/vec4;
    %pushi/vec4 10, 0, 5;
    %cmp/u;
    %jmp/1 T_2.68, 6;
    %dup/vec4;
    %pushi/vec4 11, 0, 5;
    %cmp/u;
    %jmp/1 T_2.69, 6;
    %dup/vec4;
    %pushi/vec4 21, 0, 5;
    %cmp/u;
    %jmp/1 T_2.70, 6;
    %dup/vec4;
    %pushi/vec4 20, 0, 5;
    %cmp/u;
    %jmp/1 T_2.71, 6;
    %dup/vec4;
    %pushi/vec4 19, 0, 5;
    %cmp/u;
    %jmp/1 T_2.72, 6;
    %dup/vec4;
    %pushi/vec4 24, 0, 5;
    %cmp/u;
    %jmp/1 T_2.73, 6;
    %dup/vec4;
    %pushi/vec4 25, 0, 5;
    %cmp/u;
    %jmp/1 T_2.74, 6;
    %dup/vec4;
    %pushi/vec4 22, 0, 5;
    %cmp/u;
    %jmp/1 T_2.75, 6;
    %dup/vec4;
    %pushi/vec4 23, 0, 5;
    %cmp/u;
    %jmp/1 T_2.76, 6;
    %dup/vec4;
    %pushi/vec4 26, 0, 5;
    %cmp/u;
    %jmp/1 T_2.77, 6;
    %dup/vec4;
    %pushi/vec4 27, 0, 5;
    %cmp/u;
    %jmp/1 T_2.78, 6;
    %pushi/vec4 1, 0, 6;
    %store/vec4 v000002342a3722d0_0, 0, 6;
    %jmp T_2.80;
T_2.51 ;
    %pushi/vec4 4, 0, 6;
    %store/vec4 v000002342a3722d0_0, 0, 6;
    %jmp T_2.80;
T_2.52 ;
    %pushi/vec4 4, 0, 6;
    %store/vec4 v000002342a3722d0_0, 0, 6;
    %jmp T_2.80;
T_2.53 ;
    %pushi/vec4 4, 0, 6;
    %store/vec4 v000002342a3722d0_0, 0, 6;
    %jmp T_2.80;
T_2.54 ;
    %pushi/vec4 4, 0, 6;
    %store/vec4 v000002342a3722d0_0, 0, 6;
    %jmp T_2.80;
T_2.55 ;
    %pushi/vec4 4, 0, 6;
    %store/vec4 v000002342a3722d0_0, 0, 6;
    %jmp T_2.80;
T_2.56 ;
    %pushi/vec4 4, 0, 6;
    %store/vec4 v000002342a3722d0_0, 0, 6;
    %jmp T_2.80;
T_2.57 ;
    %pushi/vec4 4, 0, 6;
    %store/vec4 v000002342a3722d0_0, 0, 6;
    %jmp T_2.80;
T_2.58 ;
    %pushi/vec4 4, 0, 6;
    %store/vec4 v000002342a3722d0_0, 0, 6;
    %jmp T_2.80;
T_2.59 ;
    %pushi/vec4 4, 0, 6;
    %store/vec4 v000002342a3722d0_0, 0, 6;
    %jmp T_2.80;
T_2.60 ;
    %pushi/vec4 7, 0, 6;
    %store/vec4 v000002342a3722d0_0, 0, 6;
    %jmp T_2.80;
T_2.61 ;
    %pushi/vec4 7, 0, 6;
    %store/vec4 v000002342a3722d0_0, 0, 6;
    %jmp T_2.80;
T_2.62 ;
    %pushi/vec4 9, 0, 6;
    %store/vec4 v000002342a3722d0_0, 0, 6;
    %jmp T_2.80;
T_2.63 ;
    %pushi/vec4 13, 0, 6;
    %store/vec4 v000002342a3722d0_0, 0, 6;
    %jmp T_2.80;
T_2.64 ;
    %pushi/vec4 17, 0, 6;
    %store/vec4 v000002342a3722d0_0, 0, 6;
    %jmp T_2.80;
T_2.65 ;
    %pushi/vec4 22, 0, 6;
    %store/vec4 v000002342a3722d0_0, 0, 6;
    %jmp T_2.80;
T_2.66 ;
    %pushi/vec4 25, 0, 6;
    %store/vec4 v000002342a3722d0_0, 0, 6;
    %jmp T_2.80;
T_2.67 ;
    %pushi/vec4 30, 0, 6;
    %store/vec4 v000002342a3722d0_0, 0, 6;
    %jmp T_2.80;
T_2.68 ;
    %pushi/vec4 30, 0, 6;
    %store/vec4 v000002342a3722d0_0, 0, 6;
    %jmp T_2.80;
T_2.69 ;
    %pushi/vec4 30, 0, 6;
    %store/vec4 v000002342a3722d0_0, 0, 6;
    %jmp T_2.80;
T_2.70 ;
    %pushi/vec4 33, 0, 6;
    %store/vec4 v000002342a3722d0_0, 0, 6;
    %jmp T_2.80;
T_2.71 ;
    %pushi/vec4 37, 0, 6;
    %store/vec4 v000002342a3722d0_0, 0, 6;
    %jmp T_2.80;
T_2.72 ;
    %pushi/vec4 38, 0, 6;
    %store/vec4 v000002342a3722d0_0, 0, 6;
    %jmp T_2.80;
T_2.73 ;
    %pushi/vec4 40, 0, 6;
    %store/vec4 v000002342a3722d0_0, 0, 6;
    %jmp T_2.80;
T_2.74 ;
    %pushi/vec4 41, 0, 6;
    %store/vec4 v000002342a3722d0_0, 0, 6;
    %jmp T_2.80;
T_2.75 ;
    %pushi/vec4 42, 0, 6;
    %store/vec4 v000002342a3722d0_0, 0, 6;
    %jmp T_2.80;
T_2.76 ;
    %pushi/vec4 44, 0, 6;
    %store/vec4 v000002342a3722d0_0, 0, 6;
    %jmp T_2.80;
T_2.77 ;
    %pushi/vec4 45, 0, 6;
    %store/vec4 v000002342a3722d0_0, 0, 6;
    %jmp T_2.80;
T_2.78 ;
    %pushi/vec4 46, 0, 6;
    %store/vec4 v000002342a3722d0_0, 0, 6;
    %jmp T_2.80;
T_2.80 ;
    %pop/vec4 1;
    %jmp T_2.50;
T_2.6 ;
    %pushi/vec4 5, 0, 6;
    %store/vec4 v000002342a3722d0_0, 0, 6;
    %jmp T_2.50;
T_2.7 ;
    %pushi/vec4 6, 0, 6;
    %store/vec4 v000002342a3722d0_0, 0, 6;
    %jmp T_2.50;
T_2.8 ;
    %pushi/vec4 1, 0, 6;
    %store/vec4 v000002342a3722d0_0, 0, 6;
    %jmp T_2.50;
T_2.9 ;
    %pushi/vec4 8, 0, 6;
    %store/vec4 v000002342a3722d0_0, 0, 6;
    %jmp T_2.50;
T_2.10 ;
    %pushi/vec4 1, 0, 6;
    %store/vec4 v000002342a3722d0_0, 0, 6;
    %jmp T_2.50;
T_2.11 ;
    %pushi/vec4 10, 0, 6;
    %store/vec4 v000002342a3722d0_0, 0, 6;
    %jmp T_2.50;
T_2.12 ;
    %pushi/vec4 11, 0, 6;
    %store/vec4 v000002342a3722d0_0, 0, 6;
    %jmp T_2.50;
T_2.13 ;
    %pushi/vec4 12, 0, 6;
    %store/vec4 v000002342a3722d0_0, 0, 6;
    %jmp T_2.50;
T_2.14 ;
    %pushi/vec4 1, 0, 6;
    %store/vec4 v000002342a3722d0_0, 0, 6;
    %jmp T_2.50;
T_2.15 ;
    %pushi/vec4 14, 0, 6;
    %store/vec4 v000002342a3722d0_0, 0, 6;
    %jmp T_2.50;
T_2.16 ;
    %pushi/vec4 15, 0, 6;
    %store/vec4 v000002342a3722d0_0, 0, 6;
    %jmp T_2.50;
T_2.17 ;
    %pushi/vec4 16, 0, 6;
    %store/vec4 v000002342a3722d0_0, 0, 6;
    %jmp T_2.50;
T_2.18 ;
    %pushi/vec4 1, 0, 6;
    %store/vec4 v000002342a3722d0_0, 0, 6;
    %jmp T_2.50;
T_2.19 ;
    %pushi/vec4 18, 0, 6;
    %store/vec4 v000002342a3722d0_0, 0, 6;
    %jmp T_2.50;
T_2.20 ;
    %pushi/vec4 19, 0, 6;
    %store/vec4 v000002342a3722d0_0, 0, 6;
    %jmp T_2.50;
T_2.21 ;
    %pushi/vec4 20, 0, 6;
    %store/vec4 v000002342a3722d0_0, 0, 6;
    %jmp T_2.50;
T_2.22 ;
    %pushi/vec4 21, 0, 6;
    %store/vec4 v000002342a3722d0_0, 0, 6;
    %jmp T_2.50;
T_2.23 ;
    %pushi/vec4 1, 0, 6;
    %store/vec4 v000002342a3722d0_0, 0, 6;
    %jmp T_2.50;
T_2.24 ;
    %pushi/vec4 23, 0, 6;
    %store/vec4 v000002342a3722d0_0, 0, 6;
    %jmp T_2.50;
T_2.25 ;
    %pushi/vec4 24, 0, 6;
    %store/vec4 v000002342a3722d0_0, 0, 6;
    %jmp T_2.50;
T_2.26 ;
    %pushi/vec4 1, 0, 6;
    %store/vec4 v000002342a3722d0_0, 0, 6;
    %jmp T_2.50;
T_2.27 ;
    %pushi/vec4 26, 0, 6;
    %store/vec4 v000002342a3722d0_0, 0, 6;
    %jmp T_2.50;
T_2.28 ;
    %pushi/vec4 27, 0, 6;
    %store/vec4 v000002342a3722d0_0, 0, 6;
    %jmp T_2.50;
T_2.29 ;
    %pushi/vec4 28, 0, 6;
    %store/vec4 v000002342a3722d0_0, 0, 6;
    %jmp T_2.50;
T_2.30 ;
    %pushi/vec4 29, 0, 6;
    %store/vec4 v000002342a3722d0_0, 0, 6;
    %jmp T_2.50;
T_2.31 ;
    %pushi/vec4 1, 0, 6;
    %store/vec4 v000002342a3722d0_0, 0, 6;
    %jmp T_2.50;
T_2.32 ;
    %pushi/vec4 31, 0, 6;
    %store/vec4 v000002342a3722d0_0, 0, 6;
    %jmp T_2.50;
T_2.33 ;
    %pushi/vec4 32, 0, 6;
    %store/vec4 v000002342a3722d0_0, 0, 6;
    %jmp T_2.50;
T_2.34 ;
    %pushi/vec4 1, 0, 6;
    %store/vec4 v000002342a3722d0_0, 0, 6;
    %jmp T_2.50;
T_2.35 ;
    %pushi/vec4 34, 0, 6;
    %store/vec4 v000002342a3722d0_0, 0, 6;
    %jmp T_2.50;
T_2.36 ;
    %pushi/vec4 35, 0, 6;
    %store/vec4 v000002342a3722d0_0, 0, 6;
    %jmp T_2.50;
T_2.37 ;
    %pushi/vec4 36, 0, 6;
    %store/vec4 v000002342a3722d0_0, 0, 6;
    %jmp T_2.50;
T_2.38 ;
    %pushi/vec4 1, 0, 6;
    %store/vec4 v000002342a3722d0_0, 0, 6;
    %jmp T_2.50;
T_2.39 ;
    %pushi/vec4 1, 0, 6;
    %store/vec4 v000002342a3722d0_0, 0, 6;
    %jmp T_2.50;
T_2.40 ;
    %pushi/vec4 39, 0, 6;
    %store/vec4 v000002342a3722d0_0, 0, 6;
    %jmp T_2.50;
T_2.41 ;
    %pushi/vec4 1, 0, 6;
    %store/vec4 v000002342a3722d0_0, 0, 6;
    %jmp T_2.50;
T_2.42 ;
    %pushi/vec4 1, 0, 6;
    %store/vec4 v000002342a3722d0_0, 0, 6;
    %jmp T_2.50;
T_2.43 ;
    %pushi/vec4 1, 0, 6;
    %store/vec4 v000002342a3722d0_0, 0, 6;
    %jmp T_2.50;
T_2.44 ;
    %pushi/vec4 43, 0, 6;
    %store/vec4 v000002342a3722d0_0, 0, 6;
    %jmp T_2.50;
T_2.45 ;
    %pushi/vec4 1, 0, 6;
    %store/vec4 v000002342a3722d0_0, 0, 6;
    %jmp T_2.50;
T_2.46 ;
    %pushi/vec4 1, 0, 6;
    %store/vec4 v000002342a3722d0_0, 0, 6;
    %jmp T_2.50;
T_2.47 ;
    %pushi/vec4 1, 0, 6;
    %store/vec4 v000002342a3722d0_0, 0, 6;
    %jmp T_2.50;
T_2.48 ;
    %pushi/vec4 46, 0, 6;
    %store/vec4 v000002342a3722d0_0, 0, 6;
    %jmp T_2.50;
T_2.50 ;
    %pop/vec4 1;
T_2.1 ;
    %jmp T_2;
    .thread T_2, $push;
    .scope S_000002342a3c3b60;
T_3 ;
    %vpi_call 4 201 "$display", "[CU] MDR_decode_fix_v3: correct file loaded, same cycle count" {0 0 0};
    %end;
    .thread T_3;
    .scope S_000002342a3c3b60;
T_4 ;
    %wait E_000002342a38df50;
    %pushi/vec4 0, 0, 5;
    %store/vec4 v000002342a3733b0_0, 0, 5;
    %pushi/vec4 0, 0, 1;
    %store/vec4 v000002342a372370_0, 0, 1;
    %pushi/vec4 0, 0, 1;
    %store/vec4 v000002342a3720f0_0, 0, 1;
    %pushi/vec4 0, 0, 1;
    %store/vec4 v000002342a372870_0, 0, 1;
    %pushi/vec4 0, 0, 1;
    %store/vec4 v000002342a372550_0, 0, 1;
    %pushi/vec4 0, 0, 1;
    %store/vec4 v000002342a372410_0, 0, 1;
    %pushi/vec4 0, 0, 1;
    %store/vec4 v000002342a372e10_0, 0, 1;
    %pushi/vec4 0, 0, 1;
    %store/vec4 v000002342a372b90_0, 0, 1;
    %pushi/vec4 0, 0, 1;
    %store/vec4 v000002342a372690_0, 0, 1;
    %pushi/vec4 0, 0, 1;
    %store/vec4 v000002342a3734f0_0, 0, 1;
    %pushi/vec4 0, 0, 1;
    %store/vec4 v000002342a371470_0, 0, 1;
    %pushi/vec4 0, 0, 5;
    %store/vec4 v000002342a372a50_0, 0, 5;
    %pushi/vec4 0, 0, 1;
    %store/vec4 v000002342a3725f0_0, 0, 1;
    %pushi/vec4 0, 0, 1;
    %store/vec4 v000002342a372c30_0, 0, 1;
    %pushi/vec4 0, 0, 1;
    %store/vec4 v000002342a370ed0_0, 0, 1;
    %pushi/vec4 0, 0, 1;
    %store/vec4 v000002342a371830_0, 0, 1;
    %pushi/vec4 0, 0, 1;
    %store/vec4 v000002342a371c90_0, 0, 1;
    %pushi/vec4 0, 0, 1;
    %store/vec4 v000002342a371a10_0, 0, 1;
    %pushi/vec4 0, 0, 1;
    %store/vec4 v000002342a3729b0_0, 0, 1;
    %pushi/vec4 0, 0, 1;
    %store/vec4 v000002342a3718d0_0, 0, 1;
    %pushi/vec4 0, 0, 1;
    %store/vec4 v000002342a371290_0, 0, 1;
    %pushi/vec4 0, 0, 1;
    %store/vec4 v000002342a371bf0_0, 0, 1;
    %pushi/vec4 0, 0, 1;
    %store/vec4 v000002342a372eb0_0, 0, 1;
    %pushi/vec4 0, 0, 1;
    %store/vec4 v000002342a372230_0, 0, 1;
    %load/vec4 v000002342a371d30_0;
    %pushi/vec4 46, 0, 6;
    %cmp/ne;
    %flag_get/vec4 4;
    %store/vec4 v000002342a3724b0_0, 0, 1;
    %load/vec4 v000002342a371d30_0;
    %dup/vec4;
    %pushi/vec4 1, 0, 6;
    %cmp/u;
    %jmp/1 T_4.0, 6;
    %dup/vec4;
    %pushi/vec4 2, 0, 6;
    %cmp/u;
    %jmp/1 T_4.1, 6;
    %dup/vec4;
    %pushi/vec4 3, 0, 6;
    %cmp/u;
    %jmp/1 T_4.2, 6;
    %dup/vec4;
    %pushi/vec4 4, 0, 6;
    %cmp/u;
    %jmp/1 T_4.3, 6;
    %dup/vec4;
    %pushi/vec4 5, 0, 6;
    %cmp/u;
    %jmp/1 T_4.4, 6;
    %dup/vec4;
    %pushi/vec4 6, 0, 6;
    %cmp/u;
    %jmp/1 T_4.5, 6;
    %dup/vec4;
    %pushi/vec4 7, 0, 6;
    %cmp/u;
    %jmp/1 T_4.6, 6;
    %dup/vec4;
    %pushi/vec4 8, 0, 6;
    %cmp/u;
    %jmp/1 T_4.7, 6;
    %dup/vec4;
    %pushi/vec4 9, 0, 6;
    %cmp/u;
    %jmp/1 T_4.8, 6;
    %dup/vec4;
    %pushi/vec4 10, 0, 6;
    %cmp/u;
    %jmp/1 T_4.9, 6;
    %dup/vec4;
    %pushi/vec4 11, 0, 6;
    %cmp/u;
    %jmp/1 T_4.10, 6;
    %dup/vec4;
    %pushi/vec4 12, 0, 6;
    %cmp/u;
    %jmp/1 T_4.11, 6;
    %dup/vec4;
    %pushi/vec4 13, 0, 6;
    %cmp/u;
    %jmp/1 T_4.12, 6;
    %dup/vec4;
    %pushi/vec4 14, 0, 6;
    %cmp/u;
    %jmp/1 T_4.13, 6;
    %dup/vec4;
    %pushi/vec4 15, 0, 6;
    %cmp/u;
    %jmp/1 T_4.14, 6;
    %dup/vec4;
    %pushi/vec4 16, 0, 6;
    %cmp/u;
    %jmp/1 T_4.15, 6;
    %dup/vec4;
    %pushi/vec4 17, 0, 6;
    %cmp/u;
    %jmp/1 T_4.16, 6;
    %dup/vec4;
    %pushi/vec4 18, 0, 6;
    %cmp/u;
    %jmp/1 T_4.17, 6;
    %dup/vec4;
    %pushi/vec4 19, 0, 6;
    %cmp/u;
    %jmp/1 T_4.18, 6;
    %dup/vec4;
    %pushi/vec4 20, 0, 6;
    %cmp/u;
    %jmp/1 T_4.19, 6;
    %dup/vec4;
    %pushi/vec4 21, 0, 6;
    %cmp/u;
    %jmp/1 T_4.20, 6;
    %dup/vec4;
    %pushi/vec4 22, 0, 6;
    %cmp/u;
    %jmp/1 T_4.21, 6;
    %dup/vec4;
    %pushi/vec4 23, 0, 6;
    %cmp/u;
    %jmp/1 T_4.22, 6;
    %dup/vec4;
    %pushi/vec4 24, 0, 6;
    %cmp/u;
    %jmp/1 T_4.23, 6;
    %dup/vec4;
    %pushi/vec4 25, 0, 6;
    %cmp/u;
    %jmp/1 T_4.24, 6;
    %dup/vec4;
    %pushi/vec4 26, 0, 6;
    %cmp/u;
    %jmp/1 T_4.25, 6;
    %dup/vec4;
    %pushi/vec4 27, 0, 6;
    %cmp/u;
    %jmp/1 T_4.26, 6;
    %dup/vec4;
    %pushi/vec4 28, 0, 6;
    %cmp/u;
    %jmp/1 T_4.27, 6;
    %dup/vec4;
    %pushi/vec4 29, 0, 6;
    %cmp/u;
    %jmp/1 T_4.28, 6;
    %dup/vec4;
    %pushi/vec4 30, 0, 6;
    %cmp/u;
    %jmp/1 T_4.29, 6;
    %dup/vec4;
    %pushi/vec4 31, 0, 6;
    %cmp/u;
    %jmp/1 T_4.30, 6;
    %dup/vec4;
    %pushi/vec4 32, 0, 6;
    %cmp/u;
    %jmp/1 T_4.31, 6;
    %dup/vec4;
    %pushi/vec4 33, 0, 6;
    %cmp/u;
    %jmp/1 T_4.32, 6;
    %dup/vec4;
    %pushi/vec4 34, 0, 6;
    %cmp/u;
    %jmp/1 T_4.33, 6;
    %dup/vec4;
    %pushi/vec4 35, 0, 6;
    %cmp/u;
    %jmp/1 T_4.34, 6;
    %dup/vec4;
    %pushi/vec4 36, 0, 6;
    %cmp/u;
    %jmp/1 T_4.35, 6;
    %dup/vec4;
    %pushi/vec4 37, 0, 6;
    %cmp/u;
    %jmp/1 T_4.36, 6;
    %dup/vec4;
    %pushi/vec4 38, 0, 6;
    %cmp/u;
    %jmp/1 T_4.37, 6;
    %dup/vec4;
    %pushi/vec4 39, 0, 6;
    %cmp/u;
    %jmp/1 T_4.38, 6;
    %dup/vec4;
    %pushi/vec4 40, 0, 6;
    %cmp/u;
    %jmp/1 T_4.39, 6;
    %dup/vec4;
    %pushi/vec4 41, 0, 6;
    %cmp/u;
    %jmp/1 T_4.40, 6;
    %dup/vec4;
    %pushi/vec4 42, 0, 6;
    %cmp/u;
    %jmp/1 T_4.41, 6;
    %dup/vec4;
    %pushi/vec4 43, 0, 6;
    %cmp/u;
    %jmp/1 T_4.42, 6;
    %dup/vec4;
    %pushi/vec4 44, 0, 6;
    %cmp/u;
    %jmp/1 T_4.43, 6;
    %dup/vec4;
    %pushi/vec4 45, 0, 6;
    %cmp/u;
    %jmp/1 T_4.44, 6;
    %dup/vec4;
    %pushi/vec4 0, 0, 6;
    %cmp/u;
    %jmp/1 T_4.45, 6;
    %dup/vec4;
    %pushi/vec4 46, 0, 6;
    %cmp/u;
    %jmp/1 T_4.46, 6;
    %jmp T_4.47;
T_4.0 ;
    %pushi/vec4 20, 0, 5;
    %store/vec4 v000002342a3733b0_0, 0, 5;
    %pushi/vec4 1, 0, 1;
    %store/vec4 v000002342a372410_0, 0, 1;
    %pushi/vec4 1, 0, 1;
    %store/vec4 v000002342a3720f0_0, 0, 1;
    %jmp T_4.47;
T_4.1 ;
    %pushi/vec4 1, 0, 1;
    %store/vec4 v000002342a3734f0_0, 0, 1;
    %pushi/vec4 1, 0, 1;
    %store/vec4 v000002342a372690_0, 0, 1;
    %pushi/vec4 1, 0, 1;
    %store/vec4 v000002342a371470_0, 0, 1;
    %jmp T_4.47;
T_4.2 ;
    %pushi/vec4 21, 0, 5;
    %store/vec4 v000002342a3733b0_0, 0, 5;
    %pushi/vec4 1, 0, 1;
    %store/vec4 v000002342a372870_0, 0, 1;
    %jmp T_4.47;
T_4.3 ;
    %pushi/vec4 1, 0, 1;
    %store/vec4 v000002342a370ed0_0, 0, 1;
    %pushi/vec4 1, 0, 1;
    %store/vec4 v000002342a371a10_0, 0, 1;
    %pushi/vec4 1, 0, 1;
    %store/vec4 v000002342a372550_0, 0, 1;
    %jmp T_4.47;
T_4.4 ;
    %pushi/vec4 1, 0, 1;
    %store/vec4 v000002342a371830_0, 0, 1;
    %pushi/vec4 1, 0, 1;
    %store/vec4 v000002342a371a10_0, 0, 1;
    %load/vec4 v000002342a3715b0_0;
    %dup/vec4;
    %pushi/vec4 0, 0, 5;
    %cmp/u;
    %jmp/1 T_4.48, 6;
    %dup/vec4;
    %pushi/vec4 1, 0, 5;
    %cmp/u;
    %jmp/1 T_4.49, 6;
    %dup/vec4;
    %pushi/vec4 2, 0, 5;
    %cmp/u;
    %jmp/1 T_4.50, 6;
    %dup/vec4;
    %pushi/vec4 3, 0, 5;
    %cmp/u;
    %jmp/1 T_4.51, 6;
    %dup/vec4;
    %pushi/vec4 4, 0, 5;
    %cmp/u;
    %jmp/1 T_4.52, 6;
    %dup/vec4;
    %pushi/vec4 5, 0, 5;
    %cmp/u;
    %jmp/1 T_4.53, 6;
    %dup/vec4;
    %pushi/vec4 6, 0, 5;
    %cmp/u;
    %jmp/1 T_4.54, 6;
    %dup/vec4;
    %pushi/vec4 7, 0, 5;
    %cmp/u;
    %jmp/1 T_4.55, 6;
    %dup/vec4;
    %pushi/vec4 8, 0, 5;
    %cmp/u;
    %jmp/1 T_4.56, 6;
    %pushi/vec4 0, 0, 5;
    %store/vec4 v000002342a372a50_0, 0, 5;
    %jmp T_4.58;
T_4.48 ;
    %pushi/vec4 0, 0, 5;
    %store/vec4 v000002342a372a50_0, 0, 5;
    %jmp T_4.58;
T_4.49 ;
    %pushi/vec4 1, 0, 5;
    %store/vec4 v000002342a372a50_0, 0, 5;
    %jmp T_4.58;
T_4.50 ;
    %pushi/vec4 4, 0, 5;
    %store/vec4 v000002342a372a50_0, 0, 5;
    %jmp T_4.58;
T_4.51 ;
    %pushi/vec4 5, 0, 5;
    %store/vec4 v000002342a372a50_0, 0, 5;
    %jmp T_4.58;
T_4.52 ;
    %pushi/vec4 8, 0, 5;
    %store/vec4 v000002342a372a50_0, 0, 5;
    %jmp T_4.58;
T_4.53 ;
    %pushi/vec4 9, 0, 5;
    %store/vec4 v000002342a372a50_0, 0, 5;
    %jmp T_4.58;
T_4.54 ;
    %pushi/vec4 10, 0, 5;
    %store/vec4 v000002342a372a50_0, 0, 5;
    %jmp T_4.58;
T_4.55 ;
    %pushi/vec4 11, 0, 5;
    %store/vec4 v000002342a372a50_0, 0, 5;
    %jmp T_4.58;
T_4.56 ;
    %pushi/vec4 12, 0, 5;
    %store/vec4 v000002342a372a50_0, 0, 5;
    %jmp T_4.58;
T_4.58 ;
    %pop/vec4 1;
    %pushi/vec4 1, 0, 1;
    %store/vec4 v000002342a3725f0_0, 0, 1;
    %jmp T_4.47;
T_4.5 ;
    %pushi/vec4 19, 0, 5;
    %store/vec4 v000002342a3733b0_0, 0, 5;
    %pushi/vec4 1, 0, 1;
    %store/vec4 v000002342a372c30_0, 0, 1;
    %pushi/vec4 1, 0, 1;
    %store/vec4 v000002342a371c90_0, 0, 1;
    %jmp T_4.47;
T_4.6 ;
    %pushi/vec4 1, 0, 1;
    %store/vec4 v000002342a370ed0_0, 0, 1;
    %pushi/vec4 1, 0, 1;
    %store/vec4 v000002342a371a10_0, 0, 1;
    %load/vec4 v000002342a3715b0_0;
    %cmpi/e 14, 0, 5;
    %flag_mov 8, 4;
    %jmp/0 T_4.59, 8;
    %pushi/vec4 7, 0, 5;
    %jmp/1 T_4.60, 8;
T_4.59 ; End of true expr.
    %pushi/vec4 6, 0, 5;
    %jmp/0 T_4.60, 8;
 ; End of false expr.
    %blend;
T_4.60;
    %store/vec4 v000002342a372a50_0, 0, 5;
    %pushi/vec4 1, 0, 1;
    %store/vec4 v000002342a3725f0_0, 0, 1;
    %jmp T_4.47;
T_4.7 ;
    %pushi/vec4 19, 0, 5;
    %store/vec4 v000002342a3733b0_0, 0, 5;
    %pushi/vec4 1, 0, 1;
    %store/vec4 v000002342a372c30_0, 0, 1;
    %pushi/vec4 1, 0, 1;
    %store/vec4 v000002342a371c90_0, 0, 1;
    %jmp T_4.47;
T_4.8 ;
    %pushi/vec4 1, 0, 1;
    %store/vec4 v000002342a372c30_0, 0, 1;
    %pushi/vec4 1, 0, 1;
    %store/vec4 v000002342a371a10_0, 0, 1;
    %pushi/vec4 1, 0, 1;
    %store/vec4 v000002342a372550_0, 0, 1;
    %jmp T_4.47;
T_4.9 ;
    %pushi/vec4 1, 0, 1;
    %store/vec4 v000002342a370ed0_0, 0, 1;
    %pushi/vec4 1, 0, 1;
    %store/vec4 v000002342a371a10_0, 0, 1;
    %pushi/vec4 2, 0, 5;
    %store/vec4 v000002342a372a50_0, 0, 5;
    %pushi/vec4 1, 0, 1;
    %store/vec4 v000002342a3725f0_0, 0, 1;
    %jmp T_4.47;
T_4.10 ;
    %pushi/vec4 19, 0, 5;
    %store/vec4 v000002342a3733b0_0, 0, 5;
    %pushi/vec4 1, 0, 1;
    %store/vec4 v000002342a372b90_0, 0, 1;
    %jmp T_4.47;
T_4.11 ;
    %pushi/vec4 18, 0, 5;
    %store/vec4 v000002342a3733b0_0, 0, 5;
    %pushi/vec4 1, 0, 1;
    %store/vec4 v000002342a372e10_0, 0, 1;
    %jmp T_4.47;
T_4.12 ;
    %pushi/vec4 1, 0, 1;
    %store/vec4 v000002342a372c30_0, 0, 1;
    %pushi/vec4 1, 0, 1;
    %store/vec4 v000002342a371a10_0, 0, 1;
    %pushi/vec4 1, 0, 1;
    %store/vec4 v000002342a372550_0, 0, 1;
    %jmp T_4.47;
T_4.13 ;
    %pushi/vec4 1, 0, 1;
    %store/vec4 v000002342a370ed0_0, 0, 1;
    %pushi/vec4 1, 0, 1;
    %store/vec4 v000002342a371a10_0, 0, 1;
    %pushi/vec4 3, 0, 5;
    %store/vec4 v000002342a372a50_0, 0, 5;
    %pushi/vec4 1, 0, 1;
    %store/vec4 v000002342a3725f0_0, 0, 1;
    %jmp T_4.47;
T_4.14 ;
    %pushi/vec4 19, 0, 5;
    %store/vec4 v000002342a3733b0_0, 0, 5;
    %pushi/vec4 1, 0, 1;
    %store/vec4 v000002342a372b90_0, 0, 1;
    %jmp T_4.47;
T_4.15 ;
    %pushi/vec4 18, 0, 5;
    %store/vec4 v000002342a3733b0_0, 0, 5;
    %pushi/vec4 1, 0, 1;
    %store/vec4 v000002342a372e10_0, 0, 1;
    %jmp T_4.47;
T_4.16 ;
    %pushi/vec4 1, 0, 1;
    %store/vec4 v000002342a370ed0_0, 0, 1;
    %pushi/vec4 1, 0, 1;
    %store/vec4 v000002342a3729b0_0, 0, 1;
    %pushi/vec4 1, 0, 1;
    %store/vec4 v000002342a371a10_0, 0, 1;
    %pushi/vec4 1, 0, 1;
    %store/vec4 v000002342a372550_0, 0, 1;
    %jmp T_4.47;
T_4.17 ;
    %pushi/vec4 1, 0, 1;
    %store/vec4 v000002342a3718d0_0, 0, 1;
    %pushi/vec4 23, 0, 5;
    %store/vec4 v000002342a3733b0_0, 0, 5;
    %pushi/vec4 0, 0, 5;
    %store/vec4 v000002342a372a50_0, 0, 5;
    %pushi/vec4 1, 0, 1;
    %store/vec4 v000002342a3725f0_0, 0, 1;
    %jmp T_4.47;
T_4.18 ;
    %pushi/vec4 19, 0, 5;
    %store/vec4 v000002342a3733b0_0, 0, 5;
    %pushi/vec4 1, 0, 1;
    %store/vec4 v000002342a372410_0, 0, 1;
    %jmp T_4.47;
T_4.19 ;
    %pushi/vec4 1, 0, 1;
    %store/vec4 v000002342a3734f0_0, 0, 1;
    %pushi/vec4 1, 0, 1;
    %store/vec4 v000002342a372690_0, 0, 1;
    %pushi/vec4 1, 0, 1;
    %store/vec4 v000002342a371470_0, 0, 1;
    %jmp T_4.47;
T_4.20 ;
    %pushi/vec4 21, 0, 5;
    %store/vec4 v000002342a3733b0_0, 0, 5;
    %pushi/vec4 1, 0, 1;
    %store/vec4 v000002342a372c30_0, 0, 1;
    %pushi/vec4 1, 0, 1;
    %store/vec4 v000002342a371c90_0, 0, 1;
    %jmp T_4.47;
T_4.21 ;
    %pushi/vec4 1, 0, 1;
    %store/vec4 v000002342a370ed0_0, 0, 1;
    %pushi/vec4 1, 0, 1;
    %store/vec4 v000002342a3729b0_0, 0, 1;
    %pushi/vec4 1, 0, 1;
    %store/vec4 v000002342a371a10_0, 0, 1;
    %pushi/vec4 1, 0, 1;
    %store/vec4 v000002342a372550_0, 0, 1;
    %jmp T_4.47;
T_4.22 ;
    %pushi/vec4 1, 0, 1;
    %store/vec4 v000002342a3718d0_0, 0, 1;
    %pushi/vec4 23, 0, 5;
    %store/vec4 v000002342a3733b0_0, 0, 5;
    %pushi/vec4 0, 0, 5;
    %store/vec4 v000002342a372a50_0, 0, 5;
    %pushi/vec4 1, 0, 1;
    %store/vec4 v000002342a3725f0_0, 0, 1;
    %jmp T_4.47;
T_4.23 ;
    %pushi/vec4 19, 0, 5;
    %store/vec4 v000002342a3733b0_0, 0, 5;
    %pushi/vec4 1, 0, 1;
    %store/vec4 v000002342a372c30_0, 0, 1;
    %pushi/vec4 1, 0, 1;
    %store/vec4 v000002342a371c90_0, 0, 1;
    %jmp T_4.47;
T_4.24 ;
    %pushi/vec4 1, 0, 1;
    %store/vec4 v000002342a370ed0_0, 0, 1;
    %pushi/vec4 1, 0, 1;
    %store/vec4 v000002342a3729b0_0, 0, 1;
    %pushi/vec4 1, 0, 1;
    %store/vec4 v000002342a371a10_0, 0, 1;
    %pushi/vec4 1, 0, 1;
    %store/vec4 v000002342a372550_0, 0, 1;
    %jmp T_4.47;
T_4.25 ;
    %pushi/vec4 1, 0, 1;
    %store/vec4 v000002342a3718d0_0, 0, 1;
    %pushi/vec4 23, 0, 5;
    %store/vec4 v000002342a3733b0_0, 0, 5;
    %pushi/vec4 0, 0, 5;
    %store/vec4 v000002342a372a50_0, 0, 5;
    %pushi/vec4 1, 0, 1;
    %store/vec4 v000002342a3725f0_0, 0, 1;
    %jmp T_4.47;
T_4.26 ;
    %pushi/vec4 19, 0, 5;
    %store/vec4 v000002342a3733b0_0, 0, 5;
    %pushi/vec4 1, 0, 1;
    %store/vec4 v000002342a372410_0, 0, 1;
    %jmp T_4.47;
T_4.27 ;
    %pushi/vec4 1, 0, 1;
    %store/vec4 v000002342a372c30_0, 0, 1;
    %pushi/vec4 1, 0, 1;
    %store/vec4 v000002342a371a10_0, 0, 1;
    %pushi/vec4 1, 0, 1;
    %store/vec4 v000002342a372690_0, 0, 1;
    %jmp T_4.47;
T_4.28 ;
    %pushi/vec4 21, 0, 5;
    %store/vec4 v000002342a3733b0_0, 0, 5;
    %pushi/vec4 1, 0, 1;
    %store/vec4 v000002342a371470_0, 0, 1;
    %jmp T_4.47;
T_4.29 ;
    %pushi/vec4 1, 0, 1;
    %store/vec4 v000002342a370ed0_0, 0, 1;
    %pushi/vec4 1, 0, 1;
    %store/vec4 v000002342a371a10_0, 0, 1;
    %pushi/vec4 1, 0, 1;
    %store/vec4 v000002342a372550_0, 0, 1;
    %jmp T_4.47;
T_4.30 ;
    %pushi/vec4 1, 0, 1;
    %store/vec4 v000002342a3718d0_0, 0, 1;
    %pushi/vec4 23, 0, 5;
    %store/vec4 v000002342a3733b0_0, 0, 5;
    %load/vec4 v000002342a3715b0_0;
    %dup/vec4;
    %pushi/vec4 9, 0, 5;
    %cmp/u;
    %jmp/1 T_4.61, 6;
    %dup/vec4;
    %pushi/vec4 10, 0, 5;
    %cmp/u;
    %jmp/1 T_4.62, 6;
    %dup/vec4;
    %pushi/vec4 11, 0, 5;
    %cmp/u;
    %jmp/1 T_4.63, 6;
    %pushi/vec4 0, 0, 5;
    %store/vec4 v000002342a372a50_0, 0, 5;
    %jmp T_4.65;
T_4.61 ;
    %pushi/vec4 0, 0, 5;
    %store/vec4 v000002342a372a50_0, 0, 5;
    %jmp T_4.65;
T_4.62 ;
    %pushi/vec4 4, 0, 5;
    %store/vec4 v000002342a372a50_0, 0, 5;
    %jmp T_4.65;
T_4.63 ;
    %pushi/vec4 5, 0, 5;
    %store/vec4 v000002342a372a50_0, 0, 5;
    %jmp T_4.65;
T_4.65 ;
    %pop/vec4 1;
    %pushi/vec4 1, 0, 1;
    %store/vec4 v000002342a3725f0_0, 0, 1;
    %jmp T_4.47;
T_4.31 ;
    %pushi/vec4 19, 0, 5;
    %store/vec4 v000002342a3733b0_0, 0, 5;
    %pushi/vec4 1, 0, 1;
    %store/vec4 v000002342a372c30_0, 0, 1;
    %pushi/vec4 1, 0, 1;
    %store/vec4 v000002342a371c90_0, 0, 1;
    %jmp T_4.47;
T_4.32 ;
    %pushi/vec4 1, 0, 1;
    %store/vec4 v000002342a372c30_0, 0, 1;
    %pushi/vec4 1, 0, 1;
    %store/vec4 v000002342a371a10_0, 0, 1;
    %pushi/vec4 1, 0, 1;
    %store/vec4 v000002342a371290_0, 0, 1;
    %jmp T_4.47;
T_4.33 ;
    %pushi/vec4 20, 0, 5;
    %store/vec4 v000002342a3733b0_0, 0, 5;
    %pushi/vec4 1, 0, 1;
    %store/vec4 v000002342a372550_0, 0, 1;
    %jmp T_4.47;
T_4.34 ;
    %pushi/vec4 1, 0, 1;
    %store/vec4 v000002342a3718d0_0, 0, 1;
    %pushi/vec4 23, 0, 5;
    %store/vec4 v000002342a3733b0_0, 0, 5;
    %pushi/vec4 0, 0, 5;
    %store/vec4 v000002342a372a50_0, 0, 5;
    %pushi/vec4 1, 0, 1;
    %store/vec4 v000002342a3725f0_0, 0, 1;
    %jmp T_4.47;
T_4.35 ;
    %pushi/vec4 19, 0, 5;
    %store/vec4 v000002342a3733b0_0, 0, 5;
    %load/vec4 v000002342a372730_0;
    %store/vec4 v000002342a372370_0, 0, 1;
    %jmp T_4.47;
T_4.36 ;
    %pushi/vec4 1, 0, 1;
    %store/vec4 v000002342a372c30_0, 0, 1;
    %pushi/vec4 1, 0, 1;
    %store/vec4 v000002342a371a10_0, 0, 1;
    %pushi/vec4 1, 0, 1;
    %store/vec4 v000002342a372370_0, 0, 1;
    %jmp T_4.47;
T_4.37 ;
    %pushi/vec4 20, 0, 5;
    %store/vec4 v000002342a3733b0_0, 0, 5;
    %pushi/vec4 1, 0, 1;
    %store/vec4 v000002342a372230_0, 0, 1;
    %jmp T_4.47;
T_4.38 ;
    %pushi/vec4 1, 0, 1;
    %store/vec4 v000002342a372c30_0, 0, 1;
    %pushi/vec4 1, 0, 1;
    %store/vec4 v000002342a371a10_0, 0, 1;
    %pushi/vec4 1, 0, 1;
    %store/vec4 v000002342a372370_0, 0, 1;
    %jmp T_4.47;
T_4.39 ;
    %pushi/vec4 16, 0, 5;
    %store/vec4 v000002342a3733b0_0, 0, 5;
    %pushi/vec4 1, 0, 1;
    %store/vec4 v000002342a372c30_0, 0, 1;
    %pushi/vec4 1, 0, 1;
    %store/vec4 v000002342a371c90_0, 0, 1;
    %jmp T_4.47;
T_4.40 ;
    %pushi/vec4 17, 0, 5;
    %store/vec4 v000002342a3733b0_0, 0, 5;
    %pushi/vec4 1, 0, 1;
    %store/vec4 v000002342a372c30_0, 0, 1;
    %pushi/vec4 1, 0, 1;
    %store/vec4 v000002342a371c90_0, 0, 1;
    %jmp T_4.47;
T_4.41 ;
    %pushi/vec4 1, 0, 1;
    %store/vec4 v000002342a371bf0_0, 0, 1;
    %jmp T_4.47;
T_4.42 ;
    %pushi/vec4 22, 0, 5;
    %store/vec4 v000002342a3733b0_0, 0, 5;
    %pushi/vec4 1, 0, 1;
    %store/vec4 v000002342a372c30_0, 0, 1;
    %pushi/vec4 1, 0, 1;
    %store/vec4 v000002342a371c90_0, 0, 1;
    %jmp T_4.47;
T_4.43 ;
    %pushi/vec4 1, 0, 1;
    %store/vec4 v000002342a372c30_0, 0, 1;
    %pushi/vec4 1, 0, 1;
    %store/vec4 v000002342a371a10_0, 0, 1;
    %pushi/vec4 1, 0, 1;
    %store/vec4 v000002342a372eb0_0, 0, 1;
    %jmp T_4.47;
T_4.44 ;
    %jmp T_4.47;
T_4.45 ;
    %jmp T_4.47;
T_4.46 ;
    %jmp T_4.47;
T_4.47 ;
    %pop/vec4 1;
    %jmp T_4;
    .thread T_4, $push;
    .scope S_000002342a4992f0;
T_5 ;
    %wait E_000002342a3932d0;
    %load/vec4 v000002342a49eb70_0;
    %flag_set/vec4 8;
    %jmp/0xz  T_5.0, 8;
    %pushi/vec4 0, 0, 32;
    %assign/vec4 v000002342a4a10f0_0, 0;
    %jmp T_5.1;
T_5.0 ;
    %load/vec4 v000002342a49f2f0_0;
    %flag_set/vec4 8;
    %jmp/0xz  T_5.2, 8;
    %load/vec4 v000002342a49fc50_0;
    %assign/vec4 v000002342a4a10f0_0, 0;
T_5.2 ;
T_5.1 ;
    %jmp T_5;
    .thread T_5;
    .scope S_000002342a496280;
T_6 ;
    %wait E_000002342a3932d0;
    %load/vec4 v000002342a49fb10_0;
    %flag_set/vec4 8;
    %jmp/0xz  T_6.0, 8;
    %pushi/vec4 0, 0, 32;
    %assign/vec4 v000002342a4a0290_0, 0;
    %jmp T_6.1;
T_6.0 ;
    %load/vec4 v000002342a49edf0_0;
    %flag_set/vec4 8;
    %jmp/0xz  T_6.2, 8;
    %load/vec4 v000002342a4a0e70_0;
    %assign/vec4 v000002342a4a0290_0, 0;
T_6.2 ;
T_6.1 ;
    %jmp T_6;
    .thread T_6;
    .scope S_000002342a497860;
T_7 ;
    %wait E_000002342a3932d0;
    %load/vec4 v000002342a49fa70_0;
    %flag_set/vec4 8;
    %jmp/0xz  T_7.0, 8;
    %pushi/vec4 0, 0, 32;
    %assign/vec4 v000002342a4a0f10_0, 0;
    %jmp T_7.1;
T_7.0 ;
    %load/vec4 v000002342a49f9d0_0;
    %flag_set/vec4 8;
    %jmp/0xz  T_7.2, 8;
    %load/vec4 v000002342a4a0b50_0;
    %assign/vec4 v000002342a4a0f10_0, 0;
T_7.2 ;
T_7.1 ;
    %jmp T_7;
    .thread T_7;
    .scope S_000002342a499610;
T_8 ;
    %wait E_000002342a3932d0;
    %load/vec4 v000002342a4a1550_0;
    %flag_set/vec4 8;
    %jmp/0xz  T_8.0, 8;
    %pushi/vec4 0, 0, 32;
    %assign/vec4 v000002342a4a0150_0, 0;
    %jmp T_8.1;
T_8.0 ;
    %load/vec4 v000002342a4a0dd0_0;
    %flag_set/vec4 8;
    %jmp/0xz  T_8.2, 8;
    %load/vec4 v000002342a4a0d30_0;
    %assign/vec4 v000002342a4a0150_0, 0;
T_8.2 ;
T_8.1 ;
    %jmp T_8;
    .thread T_8;
    .scope S_000002342a495920;
T_9 ;
    %wait E_000002342a3932d0;
    %load/vec4 v000002342a4a3670_0;
    %flag_set/vec4 8;
    %jmp/0xz  T_9.0, 8;
    %pushi/vec4 0, 0, 32;
    %assign/vec4 v000002342a4a2bd0_0, 0;
    %jmp T_9.1;
T_9.0 ;
    %load/vec4 v000002342a4a14b0_0;
    %flag_set/vec4 8;
    %jmp/0xz  T_9.2, 8;
    %load/vec4 v000002342a4a1af0_0;
    %assign/vec4 v000002342a4a2bd0_0, 0;
T_9.2 ;
T_9.1 ;
    %jmp T_9;
    .thread T_9;
    .scope S_000002342a4968c0;
T_10 ;
    %wait E_000002342a3932d0;
    %load/vec4 v000002342a4a2b30_0;
    %flag_set/vec4 8;
    %jmp/0xz  T_10.0, 8;
    %pushi/vec4 0, 0, 32;
    %assign/vec4 v000002342a4a2f90_0, 0;
    %jmp T_10.1;
T_10.0 ;
    %load/vec4 v000002342a4a17d0_0;
    %flag_set/vec4 8;
    %jmp/0xz  T_10.2, 8;
    %load/vec4 v000002342a4a2db0_0;
    %assign/vec4 v000002342a4a2f90_0, 0;
T_10.2 ;
T_10.1 ;
    %jmp T_10;
    .thread T_10;
    .scope S_000002342a496f00;
T_11 ;
    %wait E_000002342a3932d0;
    %load/vec4 v000002342a4a15f0_0;
    %flag_set/vec4 8;
    %jmp/0xz  T_11.0, 8;
    %pushi/vec4 0, 0, 32;
    %assign/vec4 v000002342a4a3710_0, 0;
    %jmp T_11.1;
T_11.0 ;
    %load/vec4 v000002342a4a2770_0;
    %flag_set/vec4 8;
    %jmp/0xz  T_11.2, 8;
    %load/vec4 v000002342a4a26d0_0;
    %assign/vec4 v000002342a4a3710_0, 0;
T_11.2 ;
T_11.1 ;
    %jmp T_11;
    .thread T_11;
    .scope S_000002342a498800;
T_12 ;
    %wait E_000002342a3932d0;
    %load/vec4 v000002342a4a2a90_0;
    %flag_set/vec4 8;
    %jmp/0xz  T_12.0, 8;
    %pushi/vec4 0, 0, 32;
    %assign/vec4 v000002342a4a1690_0, 0;
    %jmp T_12.1;
T_12.0 ;
    %load/vec4 v000002342a4a3350_0;
    %flag_set/vec4 8;
    %jmp/0xz  T_12.2, 8;
    %load/vec4 v000002342a4a2310_0;
    %assign/vec4 v000002342a4a1690_0, 0;
T_12.2 ;
T_12.1 ;
    %jmp T_12;
    .thread T_12;
    .scope S_000002342a498990;
T_13 ;
    %wait E_000002342a3932d0;
    %load/vec4 v000002342a4a2590_0;
    %flag_set/vec4 8;
    %jmp/0xz  T_13.0, 8;
    %pushi/vec4 0, 0, 32;
    %assign/vec4 v000002342a4a1eb0_0, 0;
    %jmp T_13.1;
T_13.0 ;
    %load/vec4 v000002342a4a1d70_0;
    %flag_set/vec4 8;
    %jmp/0xz  T_13.2, 8;
    %load/vec4 v000002342a4a2c70_0;
    %assign/vec4 v000002342a4a1eb0_0, 0;
T_13.2 ;
T_13.1 ;
    %jmp T_13;
    .thread T_13;
    .scope S_000002342a498350;
T_14 ;
    %wait E_000002342a3932d0;
    %load/vec4 v000002342a4a1410_0;
    %flag_set/vec4 8;
    %jmp/0xz  T_14.0, 8;
    %pushi/vec4 0, 0, 32;
    %assign/vec4 v000002342a4a3210_0, 0;
    %jmp T_14.1;
T_14.0 ;
    %load/vec4 v000002342a4a3170_0;
    %flag_set/vec4 8;
    %jmp/0xz  T_14.2, 8;
    %load/vec4 v000002342a4a1190_0;
    %assign/vec4 v000002342a4a3210_0, 0;
T_14.2 ;
T_14.1 ;
    %jmp T_14;
    .thread T_14;
    .scope S_000002342a496410;
T_15 ;
    %wait E_000002342a3932d0;
    %load/vec4 v000002342a4a0970_0;
    %flag_set/vec4 8;
    %jmp/0xz  T_15.0, 8;
    %pushi/vec4 0, 0, 32;
    %assign/vec4 v000002342a49f6b0_0, 0;
    %jmp T_15.1;
T_15.0 ;
    %load/vec4 v000002342a4a0470_0;
    %flag_set/vec4 8;
    %jmp/0xz  T_15.2, 8;
    %load/vec4 v000002342a49e990_0;
    %assign/vec4 v000002342a49f6b0_0, 0;
T_15.2 ;
T_15.1 ;
    %jmp T_15;
    .thread T_15;
    .scope S_000002342a498670;
T_16 ;
    %wait E_000002342a3932d0;
    %load/vec4 v000002342a49efd0_0;
    %flag_set/vec4 8;
    %jmp/0xz  T_16.0, 8;
    %pushi/vec4 0, 0, 32;
    %assign/vec4 v000002342a49fe30_0, 0;
    %jmp T_16.1;
T_16.0 ;
    %load/vec4 v000002342a49f1b0_0;
    %flag_set/vec4 8;
    %jmp/0xz  T_16.2, 8;
    %load/vec4 v000002342a49ef30_0;
    %assign/vec4 v000002342a49fe30_0, 0;
T_16.2 ;
T_16.1 ;
    %jmp T_16;
    .thread T_16;
    .scope S_000002342a498030;
T_17 ;
    %wait E_000002342a3932d0;
    %load/vec4 v000002342a49f070_0;
    %flag_set/vec4 8;
    %jmp/0xz  T_17.0, 8;
    %pushi/vec4 0, 0, 32;
    %assign/vec4 v000002342a49ff70_0, 0;
    %jmp T_17.1;
T_17.0 ;
    %load/vec4 v000002342a49fed0_0;
    %flag_set/vec4 8;
    %jmp/0xz  T_17.2, 8;
    %load/vec4 v000002342a4a03d0_0;
    %assign/vec4 v000002342a49ff70_0, 0;
T_17.2 ;
T_17.1 ;
    %jmp T_17;
    .thread T_17;
    .scope S_000002342a497ea0;
T_18 ;
    %wait E_000002342a3932d0;
    %load/vec4 v000002342a4a0790_0;
    %flag_set/vec4 8;
    %jmp/0xz  T_18.0, 8;
    %pushi/vec4 0, 0, 32;
    %assign/vec4 v000002342a49f250_0, 0;
    %jmp T_18.1;
T_18.0 ;
    %load/vec4 v000002342a49f390_0;
    %flag_set/vec4 8;
    %jmp/0xz  T_18.2, 8;
    %load/vec4 v000002342a49fbb0_0;
    %assign/vec4 v000002342a49f250_0, 0;
T_18.2 ;
T_18.1 ;
    %jmp T_18;
    .thread T_18;
    .scope S_000002342a4976d0;
T_19 ;
    %wait E_000002342a3932d0;
    %load/vec4 v000002342a4a08d0_0;
    %flag_set/vec4 8;
    %jmp/0xz  T_19.0, 8;
    %pushi/vec4 0, 0, 32;
    %assign/vec4 v000002342a49f110_0, 0;
    %jmp T_19.1;
T_19.0 ;
    %load/vec4 v000002342a49fcf0_0;
    %flag_set/vec4 8;
    %jmp/0xz  T_19.2, 8;
    %load/vec4 v000002342a4a0010_0;
    %assign/vec4 v000002342a49f110_0, 0;
T_19.2 ;
T_19.1 ;
    %jmp T_19;
    .thread T_19;
    .scope S_000002342a497090;
T_20 ;
    %wait E_000002342a3932d0;
    %load/vec4 v000002342a49fd90_0;
    %flag_set/vec4 8;
    %jmp/0xz  T_20.0, 8;
    %pushi/vec4 0, 0, 32;
    %assign/vec4 v000002342a49f7f0_0, 0;
    %jmp T_20.1;
T_20.0 ;
    %load/vec4 v000002342a4a0510_0;
    %flag_set/vec4 8;
    %jmp/0xz  T_20.2, 8;
    %load/vec4 v000002342a49f750_0;
    %assign/vec4 v000002342a49f7f0_0, 0;
T_20.2 ;
T_20.1 ;
    %jmp T_20;
    .thread T_20;
    .scope S_000002342a480600;
T_21 ;
    %wait E_000002342a38dc50;
    %load/vec4 v000002342a488f50_0;
    %flag_set/vec4 8;
    %jmp/0xz  T_21.0, 8;
    %pushi/vec4 0, 0, 32;
    %assign/vec4 v000002342a488730_0, 0;
    %jmp T_21.1;
T_21.0 ;
    %load/vec4 v000002342a487970_0;
    %flag_set/vec4 8;
    %jmp/0xz  T_21.2, 8;
    %load/vec4 v000002342a488690_0;
    %assign/vec4 v000002342a488730_0, 0;
    %jmp T_21.3;
T_21.2 ;
    %load/vec4 v000002342a486930_0;
    %flag_set/vec4 8;
    %jmp/0xz  T_21.4, 8;
    %load/vec4 v000002342a488ff0_0;
    %assign/vec4 v000002342a488730_0, 0;
T_21.4 ;
T_21.3 ;
T_21.1 ;
    %jmp T_21;
    .thread T_21;
    .scope S_000002342a47f980;
T_22 ;
    %wait E_000002342a3932d0;
    %load/vec4 v000002342a489450_0;
    %flag_set/vec4 8;
    %jmp/0xz  T_22.0, 8;
    %pushi/vec4 0, 0, 32;
    %assign/vec4 v000002342a48b890_0, 0;
    %jmp T_22.1;
T_22.0 ;
    %load/vec4 v000002342a489310_0;
    %flag_set/vec4 8;
    %jmp/0xz  T_22.2, 8;
    %load/vec4 v000002342a489270_0;
    %assign/vec4 v000002342a48b890_0, 0;
T_22.2 ;
T_22.1 ;
    %jmp T_22;
    .thread T_22;
    .scope S_000002342a495dd0;
T_23 ;
    %wait E_000002342a3932d0;
    %load/vec4 v000002342a488e10_0;
    %flag_set/vec4 8;
    %jmp/0xz  T_23.0, 8;
    %pushi/vec4 0, 0, 32;
    %assign/vec4 v000002342a486a70_0, 0;
    %jmp T_23.1;
T_23.0 ;
    %load/vec4 v000002342a4869d0_0;
    %flag_set/vec4 8;
    %jmp/0xz  T_23.2, 8;
    %load/vec4 v000002342a488370_0;
    %assign/vec4 v000002342a486a70_0, 0;
T_23.2 ;
T_23.1 ;
    %jmp T_23;
    .thread T_23;
    .scope S_000002342a497540;
T_24 ;
    %wait E_000002342a3932d0;
    %load/vec4 v000002342a489090_0;
    %flag_set/vec4 8;
    %jmp/0xz  T_24.0, 8;
    %pushi/vec4 0, 0, 32;
    %assign/vec4 v000002342a4884b0_0, 0;
    %jmp T_24.1;
T_24.0 ;
    %load/vec4 v000002342a487830_0;
    %flag_set/vec4 8;
    %jmp/0xz  T_24.2, 8;
    %load/vec4 v000002342a488410_0;
    %assign/vec4 v000002342a4884b0_0, 0;
T_24.2 ;
T_24.1 ;
    %jmp T_24;
    .thread T_24;
    .scope S_000002342a497220;
T_25 ;
    %wait E_000002342a3932d0;
    %load/vec4 v000002342a486bb0_0;
    %flag_set/vec4 8;
    %jmp/0xz  T_25.0, 8;
    %pushi/vec4 0, 0, 32;
    %assign/vec4 v000002342a4887d0_0, 0;
    %jmp T_25.1;
T_25.0 ;
    %load/vec4 v000002342a487470_0;
    %flag_set/vec4 8;
    %jmp/0xz  T_25.2, 8;
    %load/vec4 v000002342a487bf0_0;
    %assign/vec4 v000002342a4887d0_0, 0;
T_25.2 ;
T_25.1 ;
    %jmp T_25;
    .thread T_25;
    .scope S_000002342a480920;
T_26 ;
    %wait E_000002342a3932d0;
    %load/vec4 v000002342a48a850_0;
    %flag_set/vec4 8;
    %jmp/0xz  T_26.0, 8;
    %pushi/vec4 0, 0, 32;
    %assign/vec4 v000002342a48b390_0, 0;
    %jmp T_26.1;
T_26.0 ;
    %load/vec4 v000002342a48b4d0_0;
    %flag_set/vec4 8;
    %jmp/0xz  T_26.2, 8;
    %load/vec4 v000002342a489630_0;
    %assign/vec4 v000002342a48b390_0, 0;
T_26.2 ;
T_26.1 ;
    %jmp T_26;
    .thread T_26;
    .scope S_000002342a47def0;
T_27 ;
    %wait E_000002342a3932d0;
    %load/vec4 v000002342a4891d0_0;
    %flag_set/vec4 8;
    %jmp/0xz  T_27.0, 8;
    %pushi/vec4 0, 0, 32;
    %assign/vec4 v000002342a489db0_0, 0;
    %jmp T_27.1;
T_27.0 ;
    %load/vec4 v000002342a48a0d0_0;
    %flag_set/vec4 8;
    %jmp/0xz  T_27.2, 8;
    %load/vec4 v000002342a48ad50_0;
    %assign/vec4 v000002342a489db0_0, 0;
T_27.2 ;
T_27.1 ;
    %jmp T_27;
    .thread T_27;
    .scope S_000002342a47d590;
T_28 ;
    %wait E_000002342a3932d0;
    %load/vec4 v000002342a48b2f0_0;
    %flag_set/vec4 8;
    %jmp/0xz  T_28.0, 8;
    %pushi/vec4 0, 0, 32;
    %assign/vec4 v000002342a48acb0_0, 0;
    %jmp T_28.1;
T_28.0 ;
    %load/vec4 v000002342a489590_0;
    %flag_set/vec4 8;
    %jmp/0xz  T_28.2, 8;
    %load/vec4 v000002342a48a490_0;
    %assign/vec4 v000002342a48acb0_0, 0;
T_28.2 ;
T_28.1 ;
    %jmp T_28;
    .thread T_28;
    .scope S_000002342a4981c0;
T_29 ;
    %wait E_000002342a38dc50;
    %load/vec4 v000002342a487790_0;
    %flag_set/vec4 8;
    %jmp/0xz  T_29.0, 8;
    %pushi/vec4 0, 0, 32;
    %assign/vec4 v000002342a487290_0, 0;
    %jmp T_29.1;
T_29.0 ;
    %load/vec4 v000002342a4875b0_0;
    %flag_set/vec4 8;
    %jmp/0xz  T_29.2, 8;
    %load/vec4 v000002342a487650_0;
    %flag_set/vec4 8;
    %jmp/0 T_29.4, 8;
    %load/vec4 v000002342a488910_0;
    %jmp/1 T_29.5, 8;
T_29.4 ; End of true expr.
    %load/vec4 v000002342a488050_0;
    %jmp/0 T_29.5, 8;
 ; End of false expr.
    %blend;
T_29.5;
    %assign/vec4 v000002342a487290_0, 0;
T_29.2 ;
T_29.1 ;
    %jmp T_29;
    .thread T_29;
    .scope S_000002342a496730;
T_30 ;
    %vpi_call 19 17 "$readmemh", "simulation/P3/memory_p3.hex", v000002342a4a0c90 {0 0 0};
    %end;
    .thread T_30;
    .scope S_000002342a496730;
T_31 ;
    %wait E_000002342a3932d0;
    %load/vec4 v000002342a49ead0_0;
    %flag_set/vec4 9;
    %flag_get/vec4 9;
    %jmp/0 T_31.2, 9;
    %load/vec4 v000002342a49ed50_0;
    %nor/r;
    %and;
T_31.2;
    %flag_set/vec4 8;
    %jmp/0xz  T_31.0, 8;
    %load/vec4 v000002342a4a0330_0;
    %load/vec4 v000002342a4a06f0_0;
    %pad/u 11;
    %ix/vec4 3;
    %ix/load 4, 0, 0; Constant delay
    %assign/vec4/a/d v000002342a4a0c90, 0, 4;
T_31.0 ;
    %jmp T_31;
    .thread T_31;
    .scope S_000002342a498b20;
T_32 ;
    %wait E_000002342a392f90;
    %load/vec4 v000002342a4a5ab0_0;
    %dup/vec4;
    %pushi/vec4 0, 0, 4;
    %cmp/u;
    %jmp/1 T_32.0, 6;
    %dup/vec4;
    %pushi/vec4 1, 0, 4;
    %cmp/u;
    %jmp/1 T_32.1, 6;
    %dup/vec4;
    %pushi/vec4 2, 0, 4;
    %cmp/u;
    %jmp/1 T_32.2, 6;
    %dup/vec4;
    %pushi/vec4 3, 0, 4;
    %cmp/u;
    %jmp/1 T_32.3, 6;
    %dup/vec4;
    %pushi/vec4 4, 0, 4;
    %cmp/u;
    %jmp/1 T_32.4, 6;
    %dup/vec4;
    %pushi/vec4 5, 0, 4;
    %cmp/u;
    %jmp/1 T_32.5, 6;
    %dup/vec4;
    %pushi/vec4 6, 0, 4;
    %cmp/u;
    %jmp/1 T_32.6, 6;
    %dup/vec4;
    %pushi/vec4 7, 0, 4;
    %cmp/u;
    %jmp/1 T_32.7, 6;
    %dup/vec4;
    %pushi/vec4 8, 0, 4;
    %cmp/u;
    %jmp/1 T_32.8, 6;
    %dup/vec4;
    %pushi/vec4 9, 0, 4;
    %cmp/u;
    %jmp/1 T_32.9, 6;
    %dup/vec4;
    %pushi/vec4 10, 0, 4;
    %cmp/u;
    %jmp/1 T_32.10, 6;
    %dup/vec4;
    %pushi/vec4 11, 0, 4;
    %cmp/u;
    %jmp/1 T_32.11, 6;
    %dup/vec4;
    %pushi/vec4 12, 0, 4;
    %cmp/u;
    %jmp/1 T_32.12, 6;
    %dup/vec4;
    %pushi/vec4 13, 0, 4;
    %cmp/u;
    %jmp/1 T_32.13, 6;
    %dup/vec4;
    %pushi/vec4 14, 0, 4;
    %cmp/u;
    %jmp/1 T_32.14, 6;
    %dup/vec4;
    %pushi/vec4 15, 0, 4;
    %cmp/u;
    %jmp/1 T_32.15, 6;
    %pushi/vec4 0, 0, 16;
    %store/vec4 v000002342a4a5970_0, 0, 16;
    %jmp T_32.17;
T_32.0 ;
    %pushi/vec4 1, 0, 16;
    %store/vec4 v000002342a4a5970_0, 0, 16;
    %jmp T_32.17;
T_32.1 ;
    %pushi/vec4 2, 0, 16;
    %store/vec4 v000002342a4a5970_0, 0, 16;
    %jmp T_32.17;
T_32.2 ;
    %pushi/vec4 4, 0, 16;
    %store/vec4 v000002342a4a5970_0, 0, 16;
    %jmp T_32.17;
T_32.3 ;
    %pushi/vec4 8, 0, 16;
    %store/vec4 v000002342a4a5970_0, 0, 16;
    %jmp T_32.17;
T_32.4 ;
    %pushi/vec4 16, 0, 16;
    %store/vec4 v000002342a4a5970_0, 0, 16;
    %jmp T_32.17;
T_32.5 ;
    %pushi/vec4 32, 0, 16;
    %store/vec4 v000002342a4a5970_0, 0, 16;
    %jmp T_32.17;
T_32.6 ;
    %pushi/vec4 64, 0, 16;
    %store/vec4 v000002342a4a5970_0, 0, 16;
    %jmp T_32.17;
T_32.7 ;
    %pushi/vec4 128, 0, 16;
    %store/vec4 v000002342a4a5970_0, 0, 16;
    %jmp T_32.17;
T_32.8 ;
    %pushi/vec4 256, 0, 16;
    %store/vec4 v000002342a4a5970_0, 0, 16;
    %jmp T_32.17;
T_32.9 ;
    %pushi/vec4 512, 0, 16;
    %store/vec4 v000002342a4a5970_0, 0, 16;
    %jmp T_32.17;
T_32.10 ;
    %pushi/vec4 1024, 0, 16;
    %store/vec4 v000002342a4a5970_0, 0, 16;
    %jmp T_32.17;
T_32.11 ;
    %pushi/vec4 2048, 0, 16;
    %store/vec4 v000002342a4a5970_0, 0, 16;
    %jmp T_32.17;
T_32.12 ;
    %pushi/vec4 4096, 0, 16;
    %store/vec4 v000002342a4a5970_0, 0, 16;
    %jmp T_32.17;
T_32.13 ;
    %pushi/vec4 8192, 0, 16;
    %store/vec4 v000002342a4a5970_0, 0, 16;
    %jmp T_32.17;
T_32.14 ;
    %pushi/vec4 16384, 0, 16;
    %store/vec4 v000002342a4a5970_0, 0, 16;
    %jmp T_32.17;
T_32.15 ;
    %pushi/vec4 32768, 0, 16;
    %store/vec4 v000002342a4a5970_0, 0, 16;
    %jmp T_32.17;
T_32.17 ;
    %pop/vec4 1;
    %jmp T_32;
    .thread T_32, $push;
    .scope S_000002342a499480;
T_33 ;
    %wait E_000002342a393250;
    %load/vec4 v000002342a488c30_0;
    %dup/vec4;
    %pushi/vec4 1, 0, 16;
    %cmp/u;
    %jmp/1 T_33.0, 6;
    %dup/vec4;
    %pushi/vec4 2, 0, 16;
    %cmp/u;
    %jmp/1 T_33.1, 6;
    %dup/vec4;
    %pushi/vec4 4, 0, 16;
    %cmp/u;
    %jmp/1 T_33.2, 6;
    %dup/vec4;
    %pushi/vec4 8, 0, 16;
    %cmp/u;
    %jmp/1 T_33.3, 6;
    %dup/vec4;
    %pushi/vec4 16, 0, 16;
    %cmp/u;
    %jmp/1 T_33.4, 6;
    %dup/vec4;
    %pushi/vec4 32, 0, 16;
    %cmp/u;
    %jmp/1 T_33.5, 6;
    %dup/vec4;
    %pushi/vec4 64, 0, 16;
    %cmp/u;
    %jmp/1 T_33.6, 6;
    %dup/vec4;
    %pushi/vec4 128, 0, 16;
    %cmp/u;
    %jmp/1 T_33.7, 6;
    %dup/vec4;
    %pushi/vec4 256, 0, 16;
    %cmp/u;
    %jmp/1 T_33.8, 6;
    %dup/vec4;
    %pushi/vec4 512, 0, 16;
    %cmp/u;
    %jmp/1 T_33.9, 6;
    %dup/vec4;
    %pushi/vec4 1024, 0, 16;
    %cmp/u;
    %jmp/1 T_33.10, 6;
    %dup/vec4;
    %pushi/vec4 2048, 0, 16;
    %cmp/u;
    %jmp/1 T_33.11, 6;
    %dup/vec4;
    %pushi/vec4 4096, 0, 16;
    %cmp/u;
    %jmp/1 T_33.12, 6;
    %dup/vec4;
    %pushi/vec4 8192, 0, 16;
    %cmp/u;
    %jmp/1 T_33.13, 6;
    %dup/vec4;
    %pushi/vec4 16384, 0, 16;
    %cmp/u;
    %jmp/1 T_33.14, 6;
    %dup/vec4;
    %pushi/vec4 32768, 0, 16;
    %cmp/u;
    %jmp/1 T_33.15, 6;
    %load/vec4 v000002342a487d30_0;
    %store/vec4 v000002342a487b50_0, 0, 5;
    %jmp T_33.17;
T_33.0 ;
    %pushi/vec4 0, 0, 5;
    %store/vec4 v000002342a487b50_0, 0, 5;
    %jmp T_33.17;
T_33.1 ;
    %pushi/vec4 1, 0, 5;
    %store/vec4 v000002342a487b50_0, 0, 5;
    %jmp T_33.17;
T_33.2 ;
    %pushi/vec4 2, 0, 5;
    %store/vec4 v000002342a487b50_0, 0, 5;
    %jmp T_33.17;
T_33.3 ;
    %pushi/vec4 3, 0, 5;
    %store/vec4 v000002342a487b50_0, 0, 5;
    %jmp T_33.17;
T_33.4 ;
    %pushi/vec4 4, 0, 5;
    %store/vec4 v000002342a487b50_0, 0, 5;
    %jmp T_33.17;
T_33.5 ;
    %pushi/vec4 5, 0, 5;
    %store/vec4 v000002342a487b50_0, 0, 5;
    %jmp T_33.17;
T_33.6 ;
    %pushi/vec4 6, 0, 5;
    %store/vec4 v000002342a487b50_0, 0, 5;
    %jmp T_33.17;
T_33.7 ;
    %pushi/vec4 7, 0, 5;
    %store/vec4 v000002342a487b50_0, 0, 5;
    %jmp T_33.17;
T_33.8 ;
    %pushi/vec4 8, 0, 5;
    %store/vec4 v000002342a487b50_0, 0, 5;
    %jmp T_33.17;
T_33.9 ;
    %pushi/vec4 9, 0, 5;
    %store/vec4 v000002342a487b50_0, 0, 5;
    %jmp T_33.17;
T_33.10 ;
    %pushi/vec4 10, 0, 5;
    %store/vec4 v000002342a487b50_0, 0, 5;
    %jmp T_33.17;
T_33.11 ;
    %pushi/vec4 11, 0, 5;
    %store/vec4 v000002342a487b50_0, 0, 5;
    %jmp T_33.17;
T_33.12 ;
    %pushi/vec4 12, 0, 5;
    %store/vec4 v000002342a487b50_0, 0, 5;
    %jmp T_33.17;
T_33.13 ;
    %pushi/vec4 13, 0, 5;
    %store/vec4 v000002342a487b50_0, 0, 5;
    %jmp T_33.17;
T_33.14 ;
    %pushi/vec4 14, 0, 5;
    %store/vec4 v000002342a487b50_0, 0, 5;
    %jmp T_33.17;
T_33.15 ;
    %pushi/vec4 15, 0, 5;
    %store/vec4 v000002342a487b50_0, 0, 5;
    %jmp T_33.17;
T_33.17 ;
    %pop/vec4 1;
    %jmp T_33;
    .thread T_33, $push;
    .scope S_000002342a480790;
T_34 ;
    %wait E_000002342a38dc50;
    %load/vec4 v000002342a489d10_0;
    %flag_set/vec4 8;
    %jmp/0xz  T_34.0, 8;
    %pushi/vec4 0, 0, 1;
    %assign/vec4 v000002342a48afd0_0, 0;
    %jmp T_34.1;
T_34.0 ;
    %load/vec4 v000002342a489c70_0;
    %flag_set/vec4 8;
    %jmp/0xz  T_34.2, 8;
    %load/vec4 v000002342a489130_0;
    %assign/vec4 v000002342a48afd0_0, 0;
T_34.2 ;
T_34.1 ;
    %jmp T_34;
    .thread T_34;
    .scope S_0000023429fdb8a0;
T_35 ;
    %wait E_000002342a38d4d0;
    %load/vec4 v000002342a372d70_0;
    %dup/vec4;
    %pushi/vec4 0, 0, 3;
    %cmp/u;
    %jmp/1 T_35.0, 6;
    %dup/vec4;
    %pushi/vec4 1, 0, 3;
    %cmp/u;
    %jmp/1 T_35.1, 6;
    %dup/vec4;
    %pushi/vec4 2, 0, 3;
    %cmp/u;
    %jmp/1 T_35.2, 6;
    %dup/vec4;
    %pushi/vec4 3, 0, 3;
    %cmp/u;
    %jmp/1 T_35.3, 6;
    %dup/vec4;
    %pushi/vec4 4, 0, 3;
    %cmp/u;
    %jmp/1 T_35.4, 6;
    %dup/vec4;
    %pushi/vec4 5, 0, 3;
    %cmp/u;
    %jmp/1 T_35.5, 6;
    %dup/vec4;
    %pushi/vec4 6, 0, 3;
    %cmp/u;
    %jmp/1 T_35.6, 6;
    %dup/vec4;
    %pushi/vec4 7, 0, 3;
    %cmp/u;
    %jmp/1 T_35.7, 6;
    %pushi/vec4 0, 0, 64;
    %store/vec4 v000002342a371fb0_0, 0, 64;
    %jmp T_35.9;
T_35.0 ;
    %pushi/vec4 0, 0, 64;
    %store/vec4 v000002342a371fb0_0, 0, 64;
    %jmp T_35.9;
T_35.1 ;
    %load/vec4 v000002342a371e70_0;
    %store/vec4 v000002342a371fb0_0, 0, 64;
    %jmp T_35.9;
T_35.2 ;
    %load/vec4 v000002342a371e70_0;
    %store/vec4 v000002342a371fb0_0, 0, 64;
    %jmp T_35.9;
T_35.3 ;
    %load/vec4 v000002342a372af0_0;
    %store/vec4 v000002342a371fb0_0, 0, 64;
    %jmp T_35.9;
T_35.4 ;
    %load/vec4 v000002342a372af0_0;
    %inv;
    %pushi/vec4 1, 0, 64;
    %add;
    %store/vec4 v000002342a371fb0_0, 0, 64;
    %jmp T_35.9;
T_35.5 ;
    %load/vec4 v000002342a371e70_0;
    %inv;
    %pushi/vec4 1, 0, 64;
    %add;
    %store/vec4 v000002342a371fb0_0, 0, 64;
    %jmp T_35.9;
T_35.6 ;
    %load/vec4 v000002342a371e70_0;
    %inv;
    %pushi/vec4 1, 0, 64;
    %add;
    %store/vec4 v000002342a371fb0_0, 0, 64;
    %jmp T_35.9;
T_35.7 ;
    %pushi/vec4 0, 0, 64;
    %store/vec4 v000002342a371fb0_0, 0, 64;
    %jmp T_35.9;
T_35.9 ;
    %pop/vec4 1;
    %jmp T_35;
    .thread T_35, $push;
    .scope S_0000023429fdb3a0;
T_36 ;
    %wait E_000002342a38dd90;
    %load/vec4 v000002342a373630_0;
    %dup/vec4;
    %pushi/vec4 0, 0, 3;
    %cmp/u;
    %jmp/1 T_36.0, 6;
    %dup/vec4;
    %pushi/vec4 1, 0, 3;
    %cmp/u;
    %jmp/1 T_36.1, 6;
    %dup/vec4;
    %pushi/vec4 2, 0, 3;
    %cmp/u;
    %jmp/1 T_36.2, 6;
    %dup/vec4;
    %pushi/vec4 3, 0, 3;
    %cmp/u;
    %jmp/1 T_36.3, 6;
    %dup/vec4;
    %pushi/vec4 4, 0, 3;
    %cmp/u;
    %jmp/1 T_36.4, 6;
    %dup/vec4;
    %pushi/vec4 5, 0, 3;
    %cmp/u;
    %jmp/1 T_36.5, 6;
    %dup/vec4;
    %pushi/vec4 6, 0, 3;
    %cmp/u;
    %jmp/1 T_36.6, 6;
    %dup/vec4;
    %pushi/vec4 7, 0, 3;
    %cmp/u;
    %jmp/1 T_36.7, 6;
    %pushi/vec4 0, 0, 64;
    %store/vec4 v000002342a3713d0_0, 0, 64;
    %jmp T_36.9;
T_36.0 ;
    %pushi/vec4 0, 0, 64;
    %store/vec4 v000002342a3713d0_0, 0, 64;
    %jmp T_36.9;
T_36.1 ;
    %load/vec4 v000002342a373270_0;
    %store/vec4 v000002342a3713d0_0, 0, 64;
    %jmp T_36.9;
T_36.2 ;
    %load/vec4 v000002342a373270_0;
    %store/vec4 v000002342a3713d0_0, 0, 64;
    %jmp T_36.9;
T_36.3 ;
    %load/vec4 v000002342a3731d0_0;
    %store/vec4 v000002342a3713d0_0, 0, 64;
    %jmp T_36.9;
T_36.4 ;
    %load/vec4 v000002342a3731d0_0;
    %inv;
    %pushi/vec4 1, 0, 64;
    %add;
    %store/vec4 v000002342a3713d0_0, 0, 64;
    %jmp T_36.9;
T_36.5 ;
    %load/vec4 v000002342a373270_0;
    %inv;
    %pushi/vec4 1, 0, 64;
    %add;
    %store/vec4 v000002342a3713d0_0, 0, 64;
    %jmp T_36.9;
T_36.6 ;
    %load/vec4 v000002342a373270_0;
    %inv;
    %pushi/vec4 1, 0, 64;
    %add;
    %store/vec4 v000002342a3713d0_0, 0, 64;
    %jmp T_36.9;
T_36.7 ;
    %pushi/vec4 0, 0, 64;
    %store/vec4 v000002342a3713d0_0, 0, 64;
    %jmp T_36.9;
T_36.9 ;
    %pop/vec4 1;
    %jmp T_36;
    .thread T_36, $push;
    .scope S_0000023429fd6a80;
T_37 ;
    %wait E_000002342a38d550;
    %load/vec4 v000002342a374c10_0;
    %dup/vec4;
    %pushi/vec4 0, 0, 3;
    %cmp/u;
    %jmp/1 T_37.0, 6;
    %dup/vec4;
    %pushi/vec4 1, 0, 3;
    %cmp/u;
    %jmp/1 T_37.1, 6;
    %dup/vec4;
    %pushi/vec4 2, 0, 3;
    %cmp/u;
    %jmp/1 T_37.2, 6;
    %dup/vec4;
    %pushi/vec4 3, 0, 3;
    %cmp/u;
    %jmp/1 T_37.3, 6;
    %dup/vec4;
    %pushi/vec4 4, 0, 3;
    %cmp/u;
    %jmp/1 T_37.4, 6;
    %dup/vec4;
    %pushi/vec4 5, 0, 3;
    %cmp/u;
    %jmp/1 T_37.5, 6;
    %dup/vec4;
    %pushi/vec4 6, 0, 3;
    %cmp/u;
    %jmp/1 T_37.6, 6;
    %dup/vec4;
    %pushi/vec4 7, 0, 3;
    %cmp/u;
    %jmp/1 T_37.7, 6;
    %pushi/vec4 0, 0, 64;
    %store/vec4 v000002342a3738b0_0, 0, 64;
    %jmp T_37.9;
T_37.0 ;
    %pushi/vec4 0, 0, 64;
    %store/vec4 v000002342a3738b0_0, 0, 64;
    %jmp T_37.9;
T_37.1 ;
    %load/vec4 v000002342a374170_0;
    %store/vec4 v000002342a3738b0_0, 0, 64;
    %jmp T_37.9;
T_37.2 ;
    %load/vec4 v000002342a374170_0;
    %store/vec4 v000002342a3738b0_0, 0, 64;
    %jmp T_37.9;
T_37.3 ;
    %load/vec4 v000002342a375cf0_0;
    %store/vec4 v000002342a3738b0_0, 0, 64;
    %jmp T_37.9;
T_37.4 ;
    %load/vec4 v000002342a375cf0_0;
    %inv;
    %pushi/vec4 1, 0, 64;
    %add;
    %store/vec4 v000002342a3738b0_0, 0, 64;
    %jmp T_37.9;
T_37.5 ;
    %load/vec4 v000002342a374170_0;
    %inv;
    %pushi/vec4 1, 0, 64;
    %add;
    %store/vec4 v000002342a3738b0_0, 0, 64;
    %jmp T_37.9;
T_37.6 ;
    %load/vec4 v000002342a374170_0;
    %inv;
    %pushi/vec4 1, 0, 64;
    %add;
    %store/vec4 v000002342a3738b0_0, 0, 64;
    %jmp T_37.9;
T_37.7 ;
    %pushi/vec4 0, 0, 64;
    %store/vec4 v000002342a3738b0_0, 0, 64;
    %jmp T_37.9;
T_37.9 ;
    %pop/vec4 1;
    %jmp T_37;
    .thread T_37, $push;
    .scope S_0000023429fd6580;
T_38 ;
    %wait E_000002342a38e050;
    %load/vec4 v000002342a375250_0;
    %dup/vec4;
    %pushi/vec4 0, 0, 3;
    %cmp/u;
    %jmp/1 T_38.0, 6;
    %dup/vec4;
    %pushi/vec4 1, 0, 3;
    %cmp/u;
    %jmp/1 T_38.1, 6;
    %dup/vec4;
    %pushi/vec4 2, 0, 3;
    %cmp/u;
    %jmp/1 T_38.2, 6;
    %dup/vec4;
    %pushi/vec4 3, 0, 3;
    %cmp/u;
    %jmp/1 T_38.3, 6;
    %dup/vec4;
    %pushi/vec4 4, 0, 3;
    %cmp/u;
    %jmp/1 T_38.4, 6;
    %dup/vec4;
    %pushi/vec4 5, 0, 3;
    %cmp/u;
    %jmp/1 T_38.5, 6;
    %dup/vec4;
    %pushi/vec4 6, 0, 3;
    %cmp/u;
    %jmp/1 T_38.6, 6;
    %dup/vec4;
    %pushi/vec4 7, 0, 3;
    %cmp/u;
    %jmp/1 T_38.7, 6;
    %pushi/vec4 0, 0, 64;
    %store/vec4 v000002342a374990_0, 0, 64;
    %jmp T_38.9;
T_38.0 ;
    %pushi/vec4 0, 0, 64;
    %store/vec4 v000002342a374990_0, 0, 64;
    %jmp T_38.9;
T_38.1 ;
    %load/vec4 v000002342a3759d0_0;
    %store/vec4 v000002342a374990_0, 0, 64;
    %jmp T_38.9;
T_38.2 ;
    %load/vec4 v000002342a3759d0_0;
    %store/vec4 v000002342a374990_0, 0, 64;
    %jmp T_38.9;
T_38.3 ;
    %load/vec4 v000002342a375930_0;
    %store/vec4 v000002342a374990_0, 0, 64;
    %jmp T_38.9;
T_38.4 ;
    %load/vec4 v000002342a375930_0;
    %inv;
    %pushi/vec4 1, 0, 64;
    %add;
    %store/vec4 v000002342a374990_0, 0, 64;
    %jmp T_38.9;
T_38.5 ;
    %load/vec4 v000002342a3759d0_0;
    %inv;
    %pushi/vec4 1, 0, 64;
    %add;
    %store/vec4 v000002342a374990_0, 0, 64;
    %jmp T_38.9;
T_38.6 ;
    %load/vec4 v000002342a3759d0_0;
    %inv;
    %pushi/vec4 1, 0, 64;
    %add;
    %store/vec4 v000002342a374990_0, 0, 64;
    %jmp T_38.9;
T_38.7 ;
    %pushi/vec4 0, 0, 64;
    %store/vec4 v000002342a374990_0, 0, 64;
    %jmp T_38.9;
T_38.9 ;
    %pop/vec4 1;
    %jmp T_38;
    .thread T_38, $push;
    .scope S_0000023429fbe510;
T_39 ;
    %wait E_000002342a38e210;
    %load/vec4 v000002342a375390_0;
    %dup/vec4;
    %pushi/vec4 0, 0, 3;
    %cmp/u;
    %jmp/1 T_39.0, 6;
    %dup/vec4;
    %pushi/vec4 1, 0, 3;
    %cmp/u;
    %jmp/1 T_39.1, 6;
    %dup/vec4;
    %pushi/vec4 2, 0, 3;
    %cmp/u;
    %jmp/1 T_39.2, 6;
    %dup/vec4;
    %pushi/vec4 3, 0, 3;
    %cmp/u;
    %jmp/1 T_39.3, 6;
    %dup/vec4;
    %pushi/vec4 4, 0, 3;
    %cmp/u;
    %jmp/1 T_39.4, 6;
    %dup/vec4;
    %pushi/vec4 5, 0, 3;
    %cmp/u;
    %jmp/1 T_39.5, 6;
    %dup/vec4;
    %pushi/vec4 6, 0, 3;
    %cmp/u;
    %jmp/1 T_39.6, 6;
    %dup/vec4;
    %pushi/vec4 7, 0, 3;
    %cmp/u;
    %jmp/1 T_39.7, 6;
    %pushi/vec4 0, 0, 64;
    %store/vec4 v000002342a373db0_0, 0, 64;
    %jmp T_39.9;
T_39.0 ;
    %pushi/vec4 0, 0, 64;
    %store/vec4 v000002342a373db0_0, 0, 64;
    %jmp T_39.9;
T_39.1 ;
    %load/vec4 v000002342a375d90_0;
    %store/vec4 v000002342a373db0_0, 0, 64;
    %jmp T_39.9;
T_39.2 ;
    %load/vec4 v000002342a375d90_0;
    %store/vec4 v000002342a373db0_0, 0, 64;
    %jmp T_39.9;
T_39.3 ;
    %load/vec4 v000002342a373c70_0;
    %store/vec4 v000002342a373db0_0, 0, 64;
    %jmp T_39.9;
T_39.4 ;
    %load/vec4 v000002342a373c70_0;
    %inv;
    %pushi/vec4 1, 0, 64;
    %add;
    %store/vec4 v000002342a373db0_0, 0, 64;
    %jmp T_39.9;
T_39.5 ;
    %load/vec4 v000002342a375d90_0;
    %inv;
    %pushi/vec4 1, 0, 64;
    %add;
    %store/vec4 v000002342a373db0_0, 0, 64;
    %jmp T_39.9;
T_39.6 ;
    %load/vec4 v000002342a375d90_0;
    %inv;
    %pushi/vec4 1, 0, 64;
    %add;
    %store/vec4 v000002342a373db0_0, 0, 64;
    %jmp T_39.9;
T_39.7 ;
    %pushi/vec4 0, 0, 64;
    %store/vec4 v000002342a373db0_0, 0, 64;
    %jmp T_39.9;
T_39.9 ;
    %pop/vec4 1;
    %jmp T_39;
    .thread T_39, $push;
    .scope S_000002342a4273c0;
T_40 ;
    %wait E_000002342a38d610;
    %load/vec4 v000002342a374350_0;
    %dup/vec4;
    %pushi/vec4 0, 0, 3;
    %cmp/u;
    %jmp/1 T_40.0, 6;
    %dup/vec4;
    %pushi/vec4 1, 0, 3;
    %cmp/u;
    %jmp/1 T_40.1, 6;
    %dup/vec4;
    %pushi/vec4 2, 0, 3;
    %cmp/u;
    %jmp/1 T_40.2, 6;
    %dup/vec4;
    %pushi/vec4 3, 0, 3;
    %cmp/u;
    %jmp/1 T_40.3, 6;
    %dup/vec4;
    %pushi/vec4 4, 0, 3;
    %cmp/u;
    %jmp/1 T_40.4, 6;
    %dup/vec4;
    %pushi/vec4 5, 0, 3;
    %cmp/u;
    %jmp/1 T_40.5, 6;
    %dup/vec4;
    %pushi/vec4 6, 0, 3;
    %cmp/u;
    %jmp/1 T_40.6, 6;
    %dup/vec4;
    %pushi/vec4 7, 0, 3;
    %cmp/u;
    %jmp/1 T_40.7, 6;
    %pushi/vec4 0, 0, 64;
    %store/vec4 v000002342a3756b0_0, 0, 64;
    %jmp T_40.9;
T_40.0 ;
    %pushi/vec4 0, 0, 64;
    %store/vec4 v000002342a3756b0_0, 0, 64;
    %jmp T_40.9;
T_40.1 ;
    %load/vec4 v000002342a373e50_0;
    %store/vec4 v000002342a3756b0_0, 0, 64;
    %jmp T_40.9;
T_40.2 ;
    %load/vec4 v000002342a373e50_0;
    %store/vec4 v000002342a3756b0_0, 0, 64;
    %jmp T_40.9;
T_40.3 ;
    %load/vec4 v000002342a375570_0;
    %store/vec4 v000002342a3756b0_0, 0, 64;
    %jmp T_40.9;
T_40.4 ;
    %load/vec4 v000002342a375570_0;
    %inv;
    %pushi/vec4 1, 0, 64;
    %add;
    %store/vec4 v000002342a3756b0_0, 0, 64;
    %jmp T_40.9;
T_40.5 ;
    %load/vec4 v000002342a373e50_0;
    %inv;
    %pushi/vec4 1, 0, 64;
    %add;
    %store/vec4 v000002342a3756b0_0, 0, 64;
    %jmp T_40.9;
T_40.6 ;
    %load/vec4 v000002342a373e50_0;
    %inv;
    %pushi/vec4 1, 0, 64;
    %add;
    %store/vec4 v000002342a3756b0_0, 0, 64;
    %jmp T_40.9;
T_40.7 ;
    %pushi/vec4 0, 0, 64;
    %store/vec4 v000002342a3756b0_0, 0, 64;
    %jmp T_40.9;
T_40.9 ;
    %pop/vec4 1;
    %jmp T_40;
    .thread T_40, $push;
    .scope S_000002342a4270a0;
T_41 ;
    %wait E_000002342a38f050;
    %load/vec4 v000002342a374cb0_0;
    %dup/vec4;
    %pushi/vec4 0, 0, 3;
    %cmp/u;
    %jmp/1 T_41.0, 6;
    %dup/vec4;
    %pushi/vec4 1, 0, 3;
    %cmp/u;
    %jmp/1 T_41.1, 6;
    %dup/vec4;
    %pushi/vec4 2, 0, 3;
    %cmp/u;
    %jmp/1 T_41.2, 6;
    %dup/vec4;
    %pushi/vec4 3, 0, 3;
    %cmp/u;
    %jmp/1 T_41.3, 6;
    %dup/vec4;
    %pushi/vec4 4, 0, 3;
    %cmp/u;
    %jmp/1 T_41.4, 6;
    %dup/vec4;
    %pushi/vec4 5, 0, 3;
    %cmp/u;
    %jmp/1 T_41.5, 6;
    %dup/vec4;
    %pushi/vec4 6, 0, 3;
    %cmp/u;
    %jmp/1 T_41.6, 6;
    %dup/vec4;
    %pushi/vec4 7, 0, 3;
    %cmp/u;
    %jmp/1 T_41.7, 6;
    %pushi/vec4 0, 0, 64;
    %store/vec4 v000002342a374df0_0, 0, 64;
    %jmp T_41.9;
T_41.0 ;
    %pushi/vec4 0, 0, 64;
    %store/vec4 v000002342a374df0_0, 0, 64;
    %jmp T_41.9;
T_41.1 ;
    %load/vec4 v000002342a373d10_0;
    %store/vec4 v000002342a374df0_0, 0, 64;
    %jmp T_41.9;
T_41.2 ;
    %load/vec4 v000002342a373d10_0;
    %store/vec4 v000002342a374df0_0, 0, 64;
    %jmp T_41.9;
T_41.3 ;
    %load/vec4 v000002342a373f90_0;
    %store/vec4 v000002342a374df0_0, 0, 64;
    %jmp T_41.9;
T_41.4 ;
    %load/vec4 v000002342a373f90_0;
    %inv;
    %pushi/vec4 1, 0, 64;
    %add;
    %store/vec4 v000002342a374df0_0, 0, 64;
    %jmp T_41.9;
T_41.5 ;
    %load/vec4 v000002342a373d10_0;
    %inv;
    %pushi/vec4 1, 0, 64;
    %add;
    %store/vec4 v000002342a374df0_0, 0, 64;
    %jmp T_41.9;
T_41.6 ;
    %load/vec4 v000002342a373d10_0;
    %inv;
    %pushi/vec4 1, 0, 64;
    %add;
    %store/vec4 v000002342a374df0_0, 0, 64;
    %jmp T_41.9;
T_41.7 ;
    %pushi/vec4 0, 0, 64;
    %store/vec4 v000002342a374df0_0, 0, 64;
    %jmp T_41.9;
T_41.9 ;
    %pop/vec4 1;
    %jmp T_41;
    .thread T_41, $push;
    .scope S_000002342a4265b0;
T_42 ;
    %wait E_000002342a38f250;
    %load/vec4 v000002342a1924e0_0;
    %dup/vec4;
    %pushi/vec4 0, 0, 3;
    %cmp/u;
    %jmp/1 T_42.0, 6;
    %dup/vec4;
    %pushi/vec4 1, 0, 3;
    %cmp/u;
    %jmp/1 T_42.1, 6;
    %dup/vec4;
    %pushi/vec4 2, 0, 3;
    %cmp/u;
    %jmp/1 T_42.2, 6;
    %dup/vec4;
    %pushi/vec4 3, 0, 3;
    %cmp/u;
    %jmp/1 T_42.3, 6;
    %dup/vec4;
    %pushi/vec4 4, 0, 3;
    %cmp/u;
    %jmp/1 T_42.4, 6;
    %dup/vec4;
    %pushi/vec4 5, 0, 3;
    %cmp/u;
    %jmp/1 T_42.5, 6;
    %dup/vec4;
    %pushi/vec4 6, 0, 3;
    %cmp/u;
    %jmp/1 T_42.6, 6;
    %dup/vec4;
    %pushi/vec4 7, 0, 3;
    %cmp/u;
    %jmp/1 T_42.7, 6;
    %pushi/vec4 0, 0, 64;
    %store/vec4 v000002342a191fe0_0, 0, 64;
    %jmp T_42.9;
T_42.0 ;
    %pushi/vec4 0, 0, 64;
    %store/vec4 v000002342a191fe0_0, 0, 64;
    %jmp T_42.9;
T_42.1 ;
    %load/vec4 v000002342a191a40_0;
    %store/vec4 v000002342a191fe0_0, 0, 64;
    %jmp T_42.9;
T_42.2 ;
    %load/vec4 v000002342a191a40_0;
    %store/vec4 v000002342a191fe0_0, 0, 64;
    %jmp T_42.9;
T_42.3 ;
    %load/vec4 v000002342a378770_0;
    %store/vec4 v000002342a191fe0_0, 0, 64;
    %jmp T_42.9;
T_42.4 ;
    %load/vec4 v000002342a378770_0;
    %inv;
    %pushi/vec4 1, 0, 64;
    %add;
    %store/vec4 v000002342a191fe0_0, 0, 64;
    %jmp T_42.9;
T_42.5 ;
    %load/vec4 v000002342a191a40_0;
    %inv;
    %pushi/vec4 1, 0, 64;
    %add;
    %store/vec4 v000002342a191fe0_0, 0, 64;
    %jmp T_42.9;
T_42.6 ;
    %load/vec4 v000002342a191a40_0;
    %inv;
    %pushi/vec4 1, 0, 64;
    %add;
    %store/vec4 v000002342a191fe0_0, 0, 64;
    %jmp T_42.9;
T_42.7 ;
    %pushi/vec4 0, 0, 64;
    %store/vec4 v000002342a191fe0_0, 0, 64;
    %jmp T_42.9;
T_42.9 ;
    %pop/vec4 1;
    %jmp T_42;
    .thread T_42, $push;
    .scope S_000002342a4268d0;
T_43 ;
    %wait E_000002342a390010;
    %load/vec4 v000002342a1f5ad0_0;
    %dup/vec4;
    %pushi/vec4 0, 0, 3;
    %cmp/u;
    %jmp/1 T_43.0, 6;
    %dup/vec4;
    %pushi/vec4 1, 0, 3;
    %cmp/u;
    %jmp/1 T_43.1, 6;
    %dup/vec4;
    %pushi/vec4 2, 0, 3;
    %cmp/u;
    %jmp/1 T_43.2, 6;
    %dup/vec4;
    %pushi/vec4 3, 0, 3;
    %cmp/u;
    %jmp/1 T_43.3, 6;
    %dup/vec4;
    %pushi/vec4 4, 0, 3;
    %cmp/u;
    %jmp/1 T_43.4, 6;
    %dup/vec4;
    %pushi/vec4 5, 0, 3;
    %cmp/u;
    %jmp/1 T_43.5, 6;
    %dup/vec4;
    %pushi/vec4 6, 0, 3;
    %cmp/u;
    %jmp/1 T_43.6, 6;
    %dup/vec4;
    %pushi/vec4 7, 0, 3;
    %cmp/u;
    %jmp/1 T_43.7, 6;
    %pushi/vec4 0, 0, 64;
    %store/vec4 v000002342a1f5170_0, 0, 64;
    %jmp T_43.9;
T_43.0 ;
    %pushi/vec4 0, 0, 64;
    %store/vec4 v000002342a1f5170_0, 0, 64;
    %jmp T_43.9;
T_43.1 ;
    %load/vec4 v000002342a1f6930_0;
    %store/vec4 v000002342a1f5170_0, 0, 64;
    %jmp T_43.9;
T_43.2 ;
    %load/vec4 v000002342a1f6930_0;
    %store/vec4 v000002342a1f5170_0, 0, 64;
    %jmp T_43.9;
T_43.3 ;
    %load/vec4 v000002342a1f6b10_0;
    %store/vec4 v000002342a1f5170_0, 0, 64;
    %jmp T_43.9;
T_43.4 ;
    %load/vec4 v000002342a1f6b10_0;
    %inv;
    %pushi/vec4 1, 0, 64;
    %add;
    %store/vec4 v000002342a1f5170_0, 0, 64;
    %jmp T_43.9;
T_43.5 ;
    %load/vec4 v000002342a1f6930_0;
    %inv;
    %pushi/vec4 1, 0, 64;
    %add;
    %store/vec4 v000002342a1f5170_0, 0, 64;
    %jmp T_43.9;
T_43.6 ;
    %load/vec4 v000002342a1f6930_0;
    %inv;
    %pushi/vec4 1, 0, 64;
    %add;
    %store/vec4 v000002342a1f5170_0, 0, 64;
    %jmp T_43.9;
T_43.7 ;
    %pushi/vec4 0, 0, 64;
    %store/vec4 v000002342a1f5170_0, 0, 64;
    %jmp T_43.9;
T_43.9 ;
    %pop/vec4 1;
    %jmp T_43;
    .thread T_43, $push;
    .scope S_000002342a426bf0;
T_44 ;
    %wait E_000002342a390090;
    %load/vec4 v000002342a42ce10_0;
    %dup/vec4;
    %pushi/vec4 0, 0, 3;
    %cmp/u;
    %jmp/1 T_44.0, 6;
    %dup/vec4;
    %pushi/vec4 1, 0, 3;
    %cmp/u;
    %jmp/1 T_44.1, 6;
    %dup/vec4;
    %pushi/vec4 2, 0, 3;
    %cmp/u;
    %jmp/1 T_44.2, 6;
    %dup/vec4;
    %pushi/vec4 3, 0, 3;
    %cmp/u;
    %jmp/1 T_44.3, 6;
    %dup/vec4;
    %pushi/vec4 4, 0, 3;
    %cmp/u;
    %jmp/1 T_44.4, 6;
    %dup/vec4;
    %pushi/vec4 5, 0, 3;
    %cmp/u;
    %jmp/1 T_44.5, 6;
    %dup/vec4;
    %pushi/vec4 6, 0, 3;
    %cmp/u;
    %jmp/1 T_44.6, 6;
    %dup/vec4;
    %pushi/vec4 7, 0, 3;
    %cmp/u;
    %jmp/1 T_44.7, 6;
    %pushi/vec4 0, 0, 64;
    %store/vec4 v000002342a42ccd0_0, 0, 64;
    %jmp T_44.9;
T_44.0 ;
    %pushi/vec4 0, 0, 64;
    %store/vec4 v000002342a42ccd0_0, 0, 64;
    %jmp T_44.9;
T_44.1 ;
    %load/vec4 v000002342a1d5390_0;
    %store/vec4 v000002342a42ccd0_0, 0, 64;
    %jmp T_44.9;
T_44.2 ;
    %load/vec4 v000002342a1d5390_0;
    %store/vec4 v000002342a42ccd0_0, 0, 64;
    %jmp T_44.9;
T_44.3 ;
    %load/vec4 v000002342a1962c0_0;
    %store/vec4 v000002342a42ccd0_0, 0, 64;
    %jmp T_44.9;
T_44.4 ;
    %load/vec4 v000002342a1962c0_0;
    %inv;
    %pushi/vec4 1, 0, 64;
    %add;
    %store/vec4 v000002342a42ccd0_0, 0, 64;
    %jmp T_44.9;
T_44.5 ;
    %load/vec4 v000002342a1d5390_0;
    %inv;
    %pushi/vec4 1, 0, 64;
    %add;
    %store/vec4 v000002342a42ccd0_0, 0, 64;
    %jmp T_44.9;
T_44.6 ;
    %load/vec4 v000002342a1d5390_0;
    %inv;
    %pushi/vec4 1, 0, 64;
    %add;
    %store/vec4 v000002342a42ccd0_0, 0, 64;
    %jmp T_44.9;
T_44.7 ;
    %pushi/vec4 0, 0, 64;
    %store/vec4 v000002342a42ccd0_0, 0, 64;
    %jmp T_44.9;
T_44.9 ;
    %pop/vec4 1;
    %jmp T_44;
    .thread T_44, $push;
    .scope S_000002342a437c10;
T_45 ;
    %wait E_000002342a3911d0;
    %load/vec4 v000002342a42d590_0;
    %dup/vec4;
    %pushi/vec4 0, 0, 3;
    %cmp/u;
    %jmp/1 T_45.0, 6;
    %dup/vec4;
    %pushi/vec4 1, 0, 3;
    %cmp/u;
    %jmp/1 T_45.1, 6;
    %dup/vec4;
    %pushi/vec4 2, 0, 3;
    %cmp/u;
    %jmp/1 T_45.2, 6;
    %dup/vec4;
    %pushi/vec4 3, 0, 3;
    %cmp/u;
    %jmp/1 T_45.3, 6;
    %dup/vec4;
    %pushi/vec4 4, 0, 3;
    %cmp/u;
    %jmp/1 T_45.4, 6;
    %dup/vec4;
    %pushi/vec4 5, 0, 3;
    %cmp/u;
    %jmp/1 T_45.5, 6;
    %dup/vec4;
    %pushi/vec4 6, 0, 3;
    %cmp/u;
    %jmp/1 T_45.6, 6;
    %dup/vec4;
    %pushi/vec4 7, 0, 3;
    %cmp/u;
    %jmp/1 T_45.7, 6;
    %pushi/vec4 0, 0, 64;
    %store/vec4 v000002342a42e7b0_0, 0, 64;
    %jmp T_45.9;
T_45.0 ;
    %pushi/vec4 0, 0, 64;
    %store/vec4 v000002342a42e7b0_0, 0, 64;
    %jmp T_45.9;
T_45.1 ;
    %load/vec4 v000002342a42df90_0;
    %store/vec4 v000002342a42e7b0_0, 0, 64;
    %jmp T_45.9;
T_45.2 ;
    %load/vec4 v000002342a42df90_0;
    %store/vec4 v000002342a42e7b0_0, 0, 64;
    %jmp T_45.9;
T_45.3 ;
    %load/vec4 v000002342a42d090_0;
    %store/vec4 v000002342a42e7b0_0, 0, 64;
    %jmp T_45.9;
T_45.4 ;
    %load/vec4 v000002342a42d090_0;
    %inv;
    %pushi/vec4 1, 0, 64;
    %add;
    %store/vec4 v000002342a42e7b0_0, 0, 64;
    %jmp T_45.9;
T_45.5 ;
    %load/vec4 v000002342a42df90_0;
    %inv;
    %pushi/vec4 1, 0, 64;
    %add;
    %store/vec4 v000002342a42e7b0_0, 0, 64;
    %jmp T_45.9;
T_45.6 ;
    %load/vec4 v000002342a42df90_0;
    %inv;
    %pushi/vec4 1, 0, 64;
    %add;
    %store/vec4 v000002342a42e7b0_0, 0, 64;
    %jmp T_45.9;
T_45.7 ;
    %pushi/vec4 0, 0, 64;
    %store/vec4 v000002342a42e7b0_0, 0, 64;
    %jmp T_45.9;
T_45.9 ;
    %pop/vec4 1;
    %jmp T_45;
    .thread T_45, $push;
    .scope S_000002342a438250;
T_46 ;
    %wait E_000002342a390490;
    %load/vec4 v000002342a42dd10_0;
    %dup/vec4;
    %pushi/vec4 0, 0, 3;
    %cmp/u;
    %jmp/1 T_46.0, 6;
    %dup/vec4;
    %pushi/vec4 1, 0, 3;
    %cmp/u;
    %jmp/1 T_46.1, 6;
    %dup/vec4;
    %pushi/vec4 2, 0, 3;
    %cmp/u;
    %jmp/1 T_46.2, 6;
    %dup/vec4;
    %pushi/vec4 3, 0, 3;
    %cmp/u;
    %jmp/1 T_46.3, 6;
    %dup/vec4;
    %pushi/vec4 4, 0, 3;
    %cmp/u;
    %jmp/1 T_46.4, 6;
    %dup/vec4;
    %pushi/vec4 5, 0, 3;
    %cmp/u;
    %jmp/1 T_46.5, 6;
    %dup/vec4;
    %pushi/vec4 6, 0, 3;
    %cmp/u;
    %jmp/1 T_46.6, 6;
    %dup/vec4;
    %pushi/vec4 7, 0, 3;
    %cmp/u;
    %jmp/1 T_46.7, 6;
    %pushi/vec4 0, 0, 64;
    %store/vec4 v000002342a42caf0_0, 0, 64;
    %jmp T_46.9;
T_46.0 ;
    %pushi/vec4 0, 0, 64;
    %store/vec4 v000002342a42caf0_0, 0, 64;
    %jmp T_46.9;
T_46.1 ;
    %load/vec4 v000002342a42e210_0;
    %store/vec4 v000002342a42caf0_0, 0, 64;
    %jmp T_46.9;
T_46.2 ;
    %load/vec4 v000002342a42e210_0;
    %store/vec4 v000002342a42caf0_0, 0, 64;
    %jmp T_46.9;
T_46.3 ;
    %load/vec4 v000002342a42ec10_0;
    %store/vec4 v000002342a42caf0_0, 0, 64;
    %jmp T_46.9;
T_46.4 ;
    %load/vec4 v000002342a42ec10_0;
    %inv;
    %pushi/vec4 1, 0, 64;
    %add;
    %store/vec4 v000002342a42caf0_0, 0, 64;
    %jmp T_46.9;
T_46.5 ;
    %load/vec4 v000002342a42e210_0;
    %inv;
    %pushi/vec4 1, 0, 64;
    %add;
    %store/vec4 v000002342a42caf0_0, 0, 64;
    %jmp T_46.9;
T_46.6 ;
    %load/vec4 v000002342a42e210_0;
    %inv;
    %pushi/vec4 1, 0, 64;
    %add;
    %store/vec4 v000002342a42caf0_0, 0, 64;
    %jmp T_46.9;
T_46.7 ;
    %pushi/vec4 0, 0, 64;
    %store/vec4 v000002342a42caf0_0, 0, 64;
    %jmp T_46.9;
T_46.9 ;
    %pop/vec4 1;
    %jmp T_46;
    .thread T_46, $push;
    .scope S_000002342a4378f0;
T_47 ;
    %wait E_000002342a390ad0;
    %load/vec4 v000002342a42d9f0_0;
    %dup/vec4;
    %pushi/vec4 0, 0, 3;
    %cmp/u;
    %jmp/1 T_47.0, 6;
    %dup/vec4;
    %pushi/vec4 1, 0, 3;
    %cmp/u;
    %jmp/1 T_47.1, 6;
    %dup/vec4;
    %pushi/vec4 2, 0, 3;
    %cmp/u;
    %jmp/1 T_47.2, 6;
    %dup/vec4;
    %pushi/vec4 3, 0, 3;
    %cmp/u;
    %jmp/1 T_47.3, 6;
    %dup/vec4;
    %pushi/vec4 4, 0, 3;
    %cmp/u;
    %jmp/1 T_47.4, 6;
    %dup/vec4;
    %pushi/vec4 5, 0, 3;
    %cmp/u;
    %jmp/1 T_47.5, 6;
    %dup/vec4;
    %pushi/vec4 6, 0, 3;
    %cmp/u;
    %jmp/1 T_47.6, 6;
    %dup/vec4;
    %pushi/vec4 7, 0, 3;
    %cmp/u;
    %jmp/1 T_47.7, 6;
    %pushi/vec4 0, 0, 64;
    %store/vec4 v000002342a42e170_0, 0, 64;
    %jmp T_47.9;
T_47.0 ;
    %pushi/vec4 0, 0, 64;
    %store/vec4 v000002342a42e170_0, 0, 64;
    %jmp T_47.9;
T_47.1 ;
    %load/vec4 v000002342a42ecb0_0;
    %store/vec4 v000002342a42e170_0, 0, 64;
    %jmp T_47.9;
T_47.2 ;
    %load/vec4 v000002342a42ecb0_0;
    %store/vec4 v000002342a42e170_0, 0, 64;
    %jmp T_47.9;
T_47.3 ;
    %load/vec4 v000002342a42d450_0;
    %store/vec4 v000002342a42e170_0, 0, 64;
    %jmp T_47.9;
T_47.4 ;
    %load/vec4 v000002342a42d450_0;
    %inv;
    %pushi/vec4 1, 0, 64;
    %add;
    %store/vec4 v000002342a42e170_0, 0, 64;
    %jmp T_47.9;
T_47.5 ;
    %load/vec4 v000002342a42ecb0_0;
    %inv;
    %pushi/vec4 1, 0, 64;
    %add;
    %store/vec4 v000002342a42e170_0, 0, 64;
    %jmp T_47.9;
T_47.6 ;
    %load/vec4 v000002342a42ecb0_0;
    %inv;
    %pushi/vec4 1, 0, 64;
    %add;
    %store/vec4 v000002342a42e170_0, 0, 64;
    %jmp T_47.9;
T_47.7 ;
    %pushi/vec4 0, 0, 64;
    %store/vec4 v000002342a42e170_0, 0, 64;
    %jmp T_47.9;
T_47.9 ;
    %pop/vec4 1;
    %jmp T_47;
    .thread T_47, $push;
    .scope S_000002342a437a80;
T_48 ;
    %wait E_000002342a390ed0;
    %load/vec4 v000002342a42e0d0_0;
    %dup/vec4;
    %pushi/vec4 0, 0, 3;
    %cmp/u;
    %jmp/1 T_48.0, 6;
    %dup/vec4;
    %pushi/vec4 1, 0, 3;
    %cmp/u;
    %jmp/1 T_48.1, 6;
    %dup/vec4;
    %pushi/vec4 2, 0, 3;
    %cmp/u;
    %jmp/1 T_48.2, 6;
    %dup/vec4;
    %pushi/vec4 3, 0, 3;
    %cmp/u;
    %jmp/1 T_48.3, 6;
    %dup/vec4;
    %pushi/vec4 4, 0, 3;
    %cmp/u;
    %jmp/1 T_48.4, 6;
    %dup/vec4;
    %pushi/vec4 5, 0, 3;
    %cmp/u;
    %jmp/1 T_48.5, 6;
    %dup/vec4;
    %pushi/vec4 6, 0, 3;
    %cmp/u;
    %jmp/1 T_48.6, 6;
    %dup/vec4;
    %pushi/vec4 7, 0, 3;
    %cmp/u;
    %jmp/1 T_48.7, 6;
    %pushi/vec4 0, 0, 64;
    %store/vec4 v000002342a42d810_0, 0, 64;
    %jmp T_48.9;
T_48.0 ;
    %pushi/vec4 0, 0, 64;
    %store/vec4 v000002342a42d810_0, 0, 64;
    %jmp T_48.9;
T_48.1 ;
    %load/vec4 v000002342a42def0_0;
    %store/vec4 v000002342a42d810_0, 0, 64;
    %jmp T_48.9;
T_48.2 ;
    %load/vec4 v000002342a42def0_0;
    %store/vec4 v000002342a42d810_0, 0, 64;
    %jmp T_48.9;
T_48.3 ;
    %load/vec4 v000002342a42e5d0_0;
    %store/vec4 v000002342a42d810_0, 0, 64;
    %jmp T_48.9;
T_48.4 ;
    %load/vec4 v000002342a42e5d0_0;
    %inv;
    %pushi/vec4 1, 0, 64;
    %add;
    %store/vec4 v000002342a42d810_0, 0, 64;
    %jmp T_48.9;
T_48.5 ;
    %load/vec4 v000002342a42def0_0;
    %inv;
    %pushi/vec4 1, 0, 64;
    %add;
    %store/vec4 v000002342a42d810_0, 0, 64;
    %jmp T_48.9;
T_48.6 ;
    %load/vec4 v000002342a42def0_0;
    %inv;
    %pushi/vec4 1, 0, 64;
    %add;
    %store/vec4 v000002342a42d810_0, 0, 64;
    %jmp T_48.9;
T_48.7 ;
    %pushi/vec4 0, 0, 64;
    %store/vec4 v000002342a42d810_0, 0, 64;
    %jmp T_48.9;
T_48.9 ;
    %pop/vec4 1;
    %jmp T_48;
    .thread T_48, $push;
    .scope S_000002342a438bb0;
T_49 ;
    %wait E_000002342a390f10;
    %load/vec4 v000002342a431370_0;
    %dup/vec4;
    %pushi/vec4 0, 0, 3;
    %cmp/u;
    %jmp/1 T_49.0, 6;
    %dup/vec4;
    %pushi/vec4 1, 0, 3;
    %cmp/u;
    %jmp/1 T_49.1, 6;
    %dup/vec4;
    %pushi/vec4 2, 0, 3;
    %cmp/u;
    %jmp/1 T_49.2, 6;
    %dup/vec4;
    %pushi/vec4 3, 0, 3;
    %cmp/u;
    %jmp/1 T_49.3, 6;
    %dup/vec4;
    %pushi/vec4 4, 0, 3;
    %cmp/u;
    %jmp/1 T_49.4, 6;
    %dup/vec4;
    %pushi/vec4 5, 0, 3;
    %cmp/u;
    %jmp/1 T_49.5, 6;
    %dup/vec4;
    %pushi/vec4 6, 0, 3;
    %cmp/u;
    %jmp/1 T_49.6, 6;
    %dup/vec4;
    %pushi/vec4 7, 0, 3;
    %cmp/u;
    %jmp/1 T_49.7, 6;
    %pushi/vec4 0, 0, 64;
    %store/vec4 v000002342a4308d0_0, 0, 64;
    %jmp T_49.9;
T_49.0 ;
    %pushi/vec4 0, 0, 64;
    %store/vec4 v000002342a4308d0_0, 0, 64;
    %jmp T_49.9;
T_49.1 ;
    %load/vec4 v000002342a42e710_0;
    %store/vec4 v000002342a4308d0_0, 0, 64;
    %jmp T_49.9;
T_49.2 ;
    %load/vec4 v000002342a42e710_0;
    %store/vec4 v000002342a4308d0_0, 0, 64;
    %jmp T_49.9;
T_49.3 ;
    %load/vec4 v000002342a42e490_0;
    %store/vec4 v000002342a4308d0_0, 0, 64;
    %jmp T_49.9;
T_49.4 ;
    %load/vec4 v000002342a42e490_0;
    %inv;
    %pushi/vec4 1, 0, 64;
    %add;
    %store/vec4 v000002342a4308d0_0, 0, 64;
    %jmp T_49.9;
T_49.5 ;
    %load/vec4 v000002342a42e710_0;
    %inv;
    %pushi/vec4 1, 0, 64;
    %add;
    %store/vec4 v000002342a4308d0_0, 0, 64;
    %jmp T_49.9;
T_49.6 ;
    %load/vec4 v000002342a42e710_0;
    %inv;
    %pushi/vec4 1, 0, 64;
    %add;
    %store/vec4 v000002342a4308d0_0, 0, 64;
    %jmp T_49.9;
T_49.7 ;
    %pushi/vec4 0, 0, 64;
    %store/vec4 v000002342a4308d0_0, 0, 64;
    %jmp T_49.9;
T_49.9 ;
    %pop/vec4 1;
    %jmp T_49;
    .thread T_49, $push;
    .scope S_000002342a437da0;
T_50 ;
    %wait E_000002342a3904d0;
    %load/vec4 v000002342a42efd0_0;
    %dup/vec4;
    %pushi/vec4 0, 0, 3;
    %cmp/u;
    %jmp/1 T_50.0, 6;
    %dup/vec4;
    %pushi/vec4 1, 0, 3;
    %cmp/u;
    %jmp/1 T_50.1, 6;
    %dup/vec4;
    %pushi/vec4 2, 0, 3;
    %cmp/u;
    %jmp/1 T_50.2, 6;
    %dup/vec4;
    %pushi/vec4 3, 0, 3;
    %cmp/u;
    %jmp/1 T_50.3, 6;
    %dup/vec4;
    %pushi/vec4 4, 0, 3;
    %cmp/u;
    %jmp/1 T_50.4, 6;
    %dup/vec4;
    %pushi/vec4 5, 0, 3;
    %cmp/u;
    %jmp/1 T_50.5, 6;
    %dup/vec4;
    %pushi/vec4 6, 0, 3;
    %cmp/u;
    %jmp/1 T_50.6, 6;
    %dup/vec4;
    %pushi/vec4 7, 0, 3;
    %cmp/u;
    %jmp/1 T_50.7, 6;
    %pushi/vec4 0, 0, 64;
    %store/vec4 v000002342a4314b0_0, 0, 64;
    %jmp T_50.9;
T_50.0 ;
    %pushi/vec4 0, 0, 64;
    %store/vec4 v000002342a4314b0_0, 0, 64;
    %jmp T_50.9;
T_50.1 ;
    %load/vec4 v000002342a42fb10_0;
    %store/vec4 v000002342a4314b0_0, 0, 64;
    %jmp T_50.9;
T_50.2 ;
    %load/vec4 v000002342a42fb10_0;
    %store/vec4 v000002342a4314b0_0, 0, 64;
    %jmp T_50.9;
T_50.3 ;
    %load/vec4 v000002342a42f610_0;
    %store/vec4 v000002342a4314b0_0, 0, 64;
    %jmp T_50.9;
T_50.4 ;
    %load/vec4 v000002342a42f610_0;
    %inv;
    %pushi/vec4 1, 0, 64;
    %add;
    %store/vec4 v000002342a4314b0_0, 0, 64;
    %jmp T_50.9;
T_50.5 ;
    %load/vec4 v000002342a42fb10_0;
    %inv;
    %pushi/vec4 1, 0, 64;
    %add;
    %store/vec4 v000002342a4314b0_0, 0, 64;
    %jmp T_50.9;
T_50.6 ;
    %load/vec4 v000002342a42fb10_0;
    %inv;
    %pushi/vec4 1, 0, 64;
    %add;
    %store/vec4 v000002342a4314b0_0, 0, 64;
    %jmp T_50.9;
T_50.7 ;
    %pushi/vec4 0, 0, 64;
    %store/vec4 v000002342a4314b0_0, 0, 64;
    %jmp T_50.9;
T_50.9 ;
    %pop/vec4 1;
    %jmp T_50;
    .thread T_50, $push;
    .scope S_000002342a438ed0;
T_51 ;
    %wait E_000002342a390f90;
    %load/vec4 v000002342a430470_0;
    %dup/vec4;
    %pushi/vec4 0, 0, 3;
    %cmp/u;
    %jmp/1 T_51.0, 6;
    %dup/vec4;
    %pushi/vec4 1, 0, 3;
    %cmp/u;
    %jmp/1 T_51.1, 6;
    %dup/vec4;
    %pushi/vec4 2, 0, 3;
    %cmp/u;
    %jmp/1 T_51.2, 6;
    %dup/vec4;
    %pushi/vec4 3, 0, 3;
    %cmp/u;
    %jmp/1 T_51.3, 6;
    %dup/vec4;
    %pushi/vec4 4, 0, 3;
    %cmp/u;
    %jmp/1 T_51.4, 6;
    %dup/vec4;
    %pushi/vec4 5, 0, 3;
    %cmp/u;
    %jmp/1 T_51.5, 6;
    %dup/vec4;
    %pushi/vec4 6, 0, 3;
    %cmp/u;
    %jmp/1 T_51.6, 6;
    %dup/vec4;
    %pushi/vec4 7, 0, 3;
    %cmp/u;
    %jmp/1 T_51.7, 6;
    %pushi/vec4 0, 0, 64;
    %store/vec4 v000002342a430330_0, 0, 64;
    %jmp T_51.9;
T_51.0 ;
    %pushi/vec4 0, 0, 64;
    %store/vec4 v000002342a430330_0, 0, 64;
    %jmp T_51.9;
T_51.1 ;
    %load/vec4 v000002342a431550_0;
    %store/vec4 v000002342a430330_0, 0, 64;
    %jmp T_51.9;
T_51.2 ;
    %load/vec4 v000002342a431550_0;
    %store/vec4 v000002342a430330_0, 0, 64;
    %jmp T_51.9;
T_51.3 ;
    %load/vec4 v000002342a42ee90_0;
    %store/vec4 v000002342a430330_0, 0, 64;
    %jmp T_51.9;
T_51.4 ;
    %load/vec4 v000002342a42ee90_0;
    %inv;
    %pushi/vec4 1, 0, 64;
    %add;
    %store/vec4 v000002342a430330_0, 0, 64;
    %jmp T_51.9;
T_51.5 ;
    %load/vec4 v000002342a431550_0;
    %inv;
    %pushi/vec4 1, 0, 64;
    %add;
    %store/vec4 v000002342a430330_0, 0, 64;
    %jmp T_51.9;
T_51.6 ;
    %load/vec4 v000002342a431550_0;
    %inv;
    %pushi/vec4 1, 0, 64;
    %add;
    %store/vec4 v000002342a430330_0, 0, 64;
    %jmp T_51.9;
T_51.7 ;
    %pushi/vec4 0, 0, 64;
    %store/vec4 v000002342a430330_0, 0, 64;
    %jmp T_51.9;
T_51.9 ;
    %pop/vec4 1;
    %jmp T_51;
    .thread T_51, $push;
    .scope S_000002342a439060;
T_52 ;
    %wait E_000002342a390450;
    %load/vec4 v000002342a430790_0;
    %cmpi/e 0, 0, 32;
    %jmp/0xz  T_52.0, 4;
    %pushi/vec4 4294967295, 0, 32;
    %store/vec4 v000002342a431190_0, 0, 32;
    %load/vec4 v000002342a430d30_0;
    %store/vec4 v000002342a430830_0, 0, 32;
    %jmp T_52.1;
T_52.0 ;
    %pushi/vec4 0, 0, 32;
    %load/vec4 v000002342a430d30_0;
    %concat/vec4; draw_concat_vec4
    %store/vec4 v000002342a4305b0_0, 0, 64;
    %load/vec4 v000002342a430790_0;
    %store/vec4 v000002342a430dd0_0, 0, 32;
    %pushi/vec4 0, 0, 32;
    %store/vec4 v000002342a430e70_0, 0, 32;
T_52.2 ;
    %load/vec4 v000002342a430e70_0;
    %cmpi/s 32, 0, 32;
    %jmp/0xz T_52.3, 5;
    %load/vec4 v000002342a4305b0_0;
    %ix/load 4, 1, 0;
    %flag_set/imm 4, 0;
    %shiftl 4;
    %store/vec4 v000002342a4305b0_0, 0, 64;
    %load/vec4 v000002342a4305b0_0;
    %parti/s 1, 63, 7;
    %flag_set/vec4 8;
    %jmp/0xz  T_52.4, 8;
    %load/vec4 v000002342a4305b0_0;
    %parti/s 32, 32, 7;
    %load/vec4 v000002342a430dd0_0;
    %add;
    %ix/load 4, 32, 0;
    %flag_set/imm 4, 0;
    %store/vec4 v000002342a4305b0_0, 4, 32;
    %jmp T_52.5;
T_52.4 ;
    %load/vec4 v000002342a4305b0_0;
    %parti/s 32, 32, 7;
    %load/vec4 v000002342a430dd0_0;
    %sub;
    %ix/load 4, 32, 0;
    %flag_set/imm 4, 0;
    %store/vec4 v000002342a4305b0_0, 4, 32;
T_52.5 ;
    %load/vec4 v000002342a4305b0_0;
    %parti/s 1, 63, 7;
    %flag_set/vec4 8;
    %jmp/0xz  T_52.6, 8;
    %pushi/vec4 0, 0, 1;
    %ix/load 4, 0, 0;
    %flag_set/imm 4, 0;
    %store/vec4 v000002342a4305b0_0, 4, 1;
    %jmp T_52.7;
T_52.6 ;
    %pushi/vec4 1, 0, 1;
    %ix/load 4, 0, 0;
    %flag_set/imm 4, 0;
    %store/vec4 v000002342a4305b0_0, 4, 1;
T_52.7 ;
    %load/vec4 v000002342a430e70_0;
    %addi 1, 0, 32;
    %store/vec4 v000002342a430e70_0, 0, 32;
    %jmp T_52.2;
T_52.3 ;
    %load/vec4 v000002342a4305b0_0;
    %parti/s 1, 63, 7;
    %flag_set/vec4 8;
    %jmp/0xz  T_52.8, 8;
    %load/vec4 v000002342a4305b0_0;
    %parti/s 32, 32, 7;
    %load/vec4 v000002342a430dd0_0;
    %add;
    %store/vec4 v000002342a430830_0, 0, 32;
    %jmp T_52.9;
T_52.8 ;
    %load/vec4 v000002342a4305b0_0;
    %parti/s 32, 32, 7;
    %store/vec4 v000002342a430830_0, 0, 32;
T_52.9 ;
    %load/vec4 v000002342a4305b0_0;
    %parti/s 32, 0, 2;
    %store/vec4 v000002342a431190_0, 0, 32;
T_52.1 ;
    %jmp T_52;
    .thread T_52, $push;
    .scope S_0000023429ff3920;
T_53 ;
    %wait E_000002342a38d850;
    %pushi/vec4 0, 0, 1;
    %store/vec4 v000002342a47b5c0_0, 0, 1;
    %load/vec4 v000002342a479a40_0;
    %dup/vec4;
    %pushi/vec4 0, 0, 5;
    %cmp/u;
    %jmp/1 T_53.0, 6;
    %dup/vec4;
    %pushi/vec4 1, 0, 5;
    %cmp/u;
    %jmp/1 T_53.1, 6;
    %dup/vec4;
    %pushi/vec4 2, 0, 5;
    %cmp/u;
    %jmp/1 T_53.2, 6;
    %dup/vec4;
    %pushi/vec4 3, 0, 5;
    %cmp/u;
    %jmp/1 T_53.3, 6;
    %dup/vec4;
    %pushi/vec4 4, 0, 5;
    %cmp/u;
    %jmp/1 T_53.4, 6;
    %dup/vec4;
    %pushi/vec4 5, 0, 5;
    %cmp/u;
    %jmp/1 T_53.5, 6;
    %dup/vec4;
    %pushi/vec4 6, 0, 5;
    %cmp/u;
    %jmp/1 T_53.6, 6;
    %dup/vec4;
    %pushi/vec4 7, 0, 5;
    %cmp/u;
    %jmp/1 T_53.7, 6;
    %dup/vec4;
    %pushi/vec4 8, 0, 5;
    %cmp/u;
    %jmp/1 T_53.8, 6;
    %dup/vec4;
    %pushi/vec4 9, 0, 5;
    %cmp/u;
    %jmp/1 T_53.9, 6;
    %dup/vec4;
    %pushi/vec4 10, 0, 5;
    %cmp/u;
    %jmp/1 T_53.10, 6;
    %dup/vec4;
    %pushi/vec4 11, 0, 5;
    %cmp/u;
    %jmp/1 T_53.11, 6;
    %dup/vec4;
    %pushi/vec4 12, 0, 5;
    %cmp/u;
    %jmp/1 T_53.12, 6;
    %pushi/vec4 0, 0, 64;
    %store/vec4 v000002342a47bfc0_0, 0, 64;
    %jmp T_53.14;
T_53.0 ;
    %pushi/vec4 0, 0, 32;
    %load/vec4 v000002342a47b660_0;
    %concat/vec4; draw_concat_vec4
    %store/vec4 v000002342a47bfc0_0, 0, 64;
    %load/vec4 v000002342a47af80_0;
    %store/vec4 v000002342a47b5c0_0, 0, 1;
    %jmp T_53.14;
T_53.1 ;
    %pushi/vec4 0, 0, 32;
    %load/vec4 v000002342a47bd40_0;
    %concat/vec4; draw_concat_vec4
    %store/vec4 v000002342a47bfc0_0, 0, 64;
    %load/vec4 v000002342a47bc00_0;
    %store/vec4 v000002342a47b5c0_0, 0, 1;
    %jmp T_53.14;
T_53.2 ;
    %load/vec4 v000002342a47bca0_0;
    %store/vec4 v000002342a47bfc0_0, 0, 64;
    %jmp T_53.14;
T_53.3 ;
    %load/vec4 v000002342a47be80_0;
    %load/vec4 v000002342a479c20_0;
    %concat/vec4; draw_concat_vec4
    %store/vec4 v000002342a47bfc0_0, 0, 64;
    %jmp T_53.14;
T_53.4 ;
    %pushi/vec4 0, 0, 32;
    %load/vec4 v000002342a479f40_0;
    %load/vec4 v000002342a4799a0_0;
    %and;
    %concat/vec4; draw_concat_vec4
    %store/vec4 v000002342a47bfc0_0, 0, 64;
    %jmp T_53.14;
T_53.5 ;
    %pushi/vec4 0, 0, 32;
    %load/vec4 v000002342a479f40_0;
    %load/vec4 v000002342a4799a0_0;
    %or;
    %concat/vec4; draw_concat_vec4
    %store/vec4 v000002342a47bfc0_0, 0, 64;
    %jmp T_53.14;
T_53.6 ;
    %pushi/vec4 0, 0, 32;
    %load/vec4 v000002342a4799a0_0;
    %inv;
    %concat/vec4; draw_concat_vec4
    %store/vec4 v000002342a47bfc0_0, 0, 64;
    %jmp T_53.14;
T_53.7 ;
    %pushi/vec4 0, 0, 32;
    %load/vec4 v000002342a47c060_0;
    %concat/vec4; draw_concat_vec4
    %store/vec4 v000002342a47bfc0_0, 0, 64;
    %jmp T_53.14;
T_53.8 ;
    %pushi/vec4 0, 0, 32;
    %load/vec4 v000002342a47bac0_0;
    %concat/vec4; draw_concat_vec4
    %store/vec4 v000002342a47bfc0_0, 0, 64;
    %jmp T_53.14;
T_53.9 ;
    %pushi/vec4 0, 0, 32;
    %load/vec4 v000002342a47bb60_0;
    %concat/vec4; draw_concat_vec4
    %store/vec4 v000002342a47bfc0_0, 0, 64;
    %jmp T_53.14;
T_53.10 ;
    %pushi/vec4 0, 0, 32;
    %load/vec4 v000002342a47b020_0;
    %concat/vec4; draw_concat_vec4
    %store/vec4 v000002342a47bfc0_0, 0, 64;
    %jmp T_53.14;
T_53.11 ;
    %pushi/vec4 0, 0, 32;
    %load/vec4 v000002342a479fe0_0;
    %concat/vec4; draw_concat_vec4
    %store/vec4 v000002342a47bfc0_0, 0, 64;
    %jmp T_53.14;
T_53.12 ;
    %pushi/vec4 0, 0, 32;
    %load/vec4 v000002342a479cc0_0;
    %concat/vec4; draw_concat_vec4
    %store/vec4 v000002342a47bfc0_0, 0, 64;
    %jmp T_53.14;
T_53.14 ;
    %pop/vec4 1;
    %jmp T_53;
    .thread T_53, $push;
    .scope S_000002342a495f60;
T_54 ;
    %wait E_000002342a38dc50;
    %load/vec4 v000002342a488190_0;
    %flag_set/vec4 8;
    %jmp/0xz  T_54.0, 8;
    %pushi/vec4 0, 0, 32;
    %assign/vec4 v000002342a487f10_0, 0;
    %jmp T_54.1;
T_54.0 ;
    %load/vec4 v000002342a487dd0_0;
    %flag_set/vec4 8;
    %jmp/0xz  T_54.2, 8;
    %load/vec4 v000002342a488cd0_0;
    %assign/vec4 v000002342a487f10_0, 0;
T_54.2 ;
T_54.1 ;
    %jmp T_54;
    .thread T_54;
    .scope S_000002342a47d720;
T_55 ;
    %wait E_000002342a38dc50;
    %load/vec4 v000002342a48af30_0;
    %flag_set/vec4 8;
    %jmp/0xz  T_55.0, 8;
    %pushi/vec4 0, 0, 32;
    %assign/vec4 v000002342a48a350_0, 0;
    %jmp T_55.1;
T_55.0 ;
    %load/vec4 v000002342a48b110_0;
    %flag_set/vec4 8;
    %jmp/0xz  T_55.2, 8;
    %load/vec4 v000002342a48a2b0_0;
    %assign/vec4 v000002342a48a350_0, 0;
T_55.2 ;
T_55.1 ;
    %jmp T_55;
    .thread T_55;
    .scope S_000002342a480470;
T_56 ;
    %wait E_000002342a390750;
    %load/vec4 v000002342a47a260_0;
    %dup/vec4;
    %pushi/vec4 0, 0, 5;
    %cmp/u;
    %jmp/1 T_56.0, 6;
    %dup/vec4;
    %pushi/vec4 1, 0, 5;
    %cmp/u;
    %jmp/1 T_56.1, 6;
    %dup/vec4;
    %pushi/vec4 2, 0, 5;
    %cmp/u;
    %jmp/1 T_56.2, 6;
    %dup/vec4;
    %pushi/vec4 3, 0, 5;
    %cmp/u;
    %jmp/1 T_56.3, 6;
    %dup/vec4;
    %pushi/vec4 4, 0, 5;
    %cmp/u;
    %jmp/1 T_56.4, 6;
    %dup/vec4;
    %pushi/vec4 5, 0, 5;
    %cmp/u;
    %jmp/1 T_56.5, 6;
    %dup/vec4;
    %pushi/vec4 6, 0, 5;
    %cmp/u;
    %jmp/1 T_56.6, 6;
    %dup/vec4;
    %pushi/vec4 7, 0, 5;
    %cmp/u;
    %jmp/1 T_56.7, 6;
    %dup/vec4;
    %pushi/vec4 8, 0, 5;
    %cmp/u;
    %jmp/1 T_56.8, 6;
    %dup/vec4;
    %pushi/vec4 9, 0, 5;
    %cmp/u;
    %jmp/1 T_56.9, 6;
    %dup/vec4;
    %pushi/vec4 10, 0, 5;
    %cmp/u;
    %jmp/1 T_56.10, 6;
    %dup/vec4;
    %pushi/vec4 11, 0, 5;
    %cmp/u;
    %jmp/1 T_56.11, 6;
    %dup/vec4;
    %pushi/vec4 12, 0, 5;
    %cmp/u;
    %jmp/1 T_56.12, 6;
    %dup/vec4;
    %pushi/vec4 13, 0, 5;
    %cmp/u;
    %jmp/1 T_56.13, 6;
    %dup/vec4;
    %pushi/vec4 14, 0, 5;
    %cmp/u;
    %jmp/1 T_56.14, 6;
    %dup/vec4;
    %pushi/vec4 15, 0, 5;
    %cmp/u;
    %jmp/1 T_56.15, 6;
    %dup/vec4;
    %pushi/vec4 16, 0, 5;
    %cmp/u;
    %jmp/1 T_56.16, 6;
    %dup/vec4;
    %pushi/vec4 17, 0, 5;
    %cmp/u;
    %jmp/1 T_56.17, 6;
    %dup/vec4;
    %pushi/vec4 18, 0, 5;
    %cmp/u;
    %jmp/1 T_56.18, 6;
    %dup/vec4;
    %pushi/vec4 19, 0, 5;
    %cmp/u;
    %jmp/1 T_56.19, 6;
    %dup/vec4;
    %pushi/vec4 20, 0, 5;
    %cmp/u;
    %jmp/1 T_56.20, 6;
    %dup/vec4;
    %pushi/vec4 21, 0, 5;
    %cmp/u;
    %jmp/1 T_56.21, 6;
    %dup/vec4;
    %pushi/vec4 22, 0, 5;
    %cmp/u;
    %jmp/1 T_56.22, 6;
    %dup/vec4;
    %pushi/vec4 23, 0, 5;
    %cmp/u;
    %jmp/1 T_56.23, 6;
    %pushi/vec4 0, 0, 32;
    %store/vec4 v000002342a47a1c0_0, 0, 32;
    %jmp T_56.25;
T_56.0 ;
    %load/vec4 v000002342a47c7e0_0;
    %store/vec4 v000002342a47a1c0_0, 0, 32;
    %jmp T_56.25;
T_56.1 ;
    %load/vec4 v000002342a47c100_0;
    %store/vec4 v000002342a47a1c0_0, 0, 32;
    %jmp T_56.25;
T_56.2 ;
    %load/vec4 v000002342a47c560_0;
    %store/vec4 v000002342a47a1c0_0, 0, 32;
    %jmp T_56.25;
T_56.3 ;
    %load/vec4 v000002342a47ce20_0;
    %store/vec4 v000002342a47a1c0_0, 0, 32;
    %jmp T_56.25;
T_56.4 ;
    %load/vec4 v000002342a47c1a0_0;
    %store/vec4 v000002342a47a1c0_0, 0, 32;
    %jmp T_56.25;
T_56.5 ;
    %load/vec4 v000002342a47c600_0;
    %store/vec4 v000002342a47a1c0_0, 0, 32;
    %jmp T_56.25;
T_56.6 ;
    %load/vec4 v000002342a47c2e0_0;
    %store/vec4 v000002342a47a1c0_0, 0, 32;
    %jmp T_56.25;
T_56.7 ;
    %load/vec4 v000002342a47c380_0;
    %store/vec4 v000002342a47a1c0_0, 0, 32;
    %jmp T_56.25;
T_56.8 ;
    %load/vec4 v000002342a47c6a0_0;
    %store/vec4 v000002342a47a1c0_0, 0, 32;
    %jmp T_56.25;
T_56.9 ;
    %load/vec4 v000002342a47cec0_0;
    %store/vec4 v000002342a47a1c0_0, 0, 32;
    %jmp T_56.25;
T_56.10 ;
    %load/vec4 v000002342a47c880_0;
    %store/vec4 v000002342a47a1c0_0, 0, 32;
    %jmp T_56.25;
T_56.11 ;
    %load/vec4 v000002342a47c4c0_0;
    %store/vec4 v000002342a47a1c0_0, 0, 32;
    %jmp T_56.25;
T_56.12 ;
    %load/vec4 v000002342a47c240_0;
    %store/vec4 v000002342a47a1c0_0, 0, 32;
    %jmp T_56.25;
T_56.13 ;
    %load/vec4 v000002342a47c9c0_0;
    %store/vec4 v000002342a47a1c0_0, 0, 32;
    %jmp T_56.25;
T_56.14 ;
    %load/vec4 v000002342a47cf60_0;
    %store/vec4 v000002342a47a1c0_0, 0, 32;
    %jmp T_56.25;
T_56.15 ;
    %load/vec4 v000002342a47cba0_0;
    %store/vec4 v000002342a47a1c0_0, 0, 32;
    %jmp T_56.25;
T_56.16 ;
    %load/vec4 v000002342a47c920_0;
    %store/vec4 v000002342a47a1c0_0, 0, 32;
    %jmp T_56.25;
T_56.17 ;
    %load/vec4 v000002342a47cd80_0;
    %store/vec4 v000002342a47a1c0_0, 0, 32;
    %jmp T_56.25;
T_56.18 ;
    %load/vec4 v000002342a47cce0_0;
    %store/vec4 v000002342a47a1c0_0, 0, 32;
    %jmp T_56.25;
T_56.19 ;
    %load/vec4 v000002342a47c420_0;
    %store/vec4 v000002342a47a1c0_0, 0, 32;
    %jmp T_56.25;
T_56.20 ;
    %load/vec4 v000002342a47cc40_0;
    %store/vec4 v000002342a47a1c0_0, 0, 32;
    %jmp T_56.25;
T_56.21 ;
    %load/vec4 v000002342a47cb00_0;
    %store/vec4 v000002342a47a1c0_0, 0, 32;
    %jmp T_56.25;
T_56.22 ;
    %load/vec4 v000002342a47ca60_0;
    %store/vec4 v000002342a47a1c0_0, 0, 32;
    %jmp T_56.25;
T_56.23 ;
    %load/vec4 v000002342a47a300_0;
    %store/vec4 v000002342a47a1c0_0, 0, 32;
    %jmp T_56.25;
T_56.25 ;
    %pop/vec4 1;
    %jmp T_56;
    .thread T_56, $push;
    .scope S_000002342a3c42b0;
T_57 ;
    %wait E_000002342a38dc50;
    %load/vec4 v000002342a4a6190_0;
    %flag_set/vec4 8;
    %jmp/0xz  T_57.0, 8;
    %pushi/vec4 0, 0, 64;
    %assign/vec4 v000002342a4a42f0_0, 0;
    %pushi/vec4 0, 0, 1;
    %assign/vec4 v000002342a4a51f0_0, 0;
    %jmp T_57.1;
T_57.0 ;
    %load/vec4 v000002342a4a4b10_0;
    %flag_set/vec4 8;
    %jmp/0xz  T_57.2, 8;
    %load/vec4 v000002342a4a4570_0;
    %assign/vec4 v000002342a4a42f0_0, 0;
    %load/vec4 v000002342a4a56f0_0;
    %assign/vec4 v000002342a4a51f0_0, 0;
T_57.2 ;
T_57.1 ;
    %jmp T_57;
    .thread T_57;
    .scope S_000002342a3c33a0;
T_58 ;
    %pushi/vec4 0, 0, 1;
    %store/vec4 v000002342a4a8fd0_0, 0, 1;
T_58.0 ;
    %delay 1000, 0;
    %load/vec4 v000002342a4a8fd0_0;
    %inv;
    %store/vec4 v000002342a4a8fd0_0, 0, 1;
    %jmp T_58.0;
    %end;
    .thread T_58;
    .scope S_000002342a3c33a0;
T_59 ;
    %pushi/vec4 0, 0, 32;
    %store/vec4 v000002342a4a9390_0, 0, 32;
T_59.0 ;
    %wait E_000002342a3932d0;
    %load/vec4 v000002342a4a9390_0;
    %addi 1, 0, 32;
    %store/vec4 v000002342a4a9390_0, 0, 32;
    %load/vec4 v000002342a4a9390_0;
    %cmpi/s 50000, 0, 32;
    %flag_or 5, 4; GT is !LE
    %flag_inv 5;
    %jmp/0xz  T_59.1, 5;
    %vpi_call 2 45 "$display", "TIMEOUT after %0d cycles", v000002342a4a9390_0 {0 0 0};
    %vpi_call 2 46 "$finish" {0 0 0};
T_59.1 ;
    %jmp T_59.0;
    %end;
    .thread T_59;
    .scope S_000002342a3c33a0;
T_60 ;
    %vpi_call 2 63 "$dumpfile", "cpu_tb.vcd" {0 0 0};
    %vpi_call 2 64 "$dumpvars", 32'sb00000000000000000000000000000000, S_000002342a3c33a0 {0 0 0};
    %pushi/vec4 0, 0, 32;
    %store/vec4 v000002342a4a9b10_0, 0, 32;
    %pushi/vec4 0, 0, 1;
    %store/vec4 v000002342a4aab50_0, 0, 1;
    %pushi/vec4 0, 0, 32; draw_string_vec4
    %pushi/vec4 0, 0, 32; draw_string_vec4
    %concat/vec4; draw_string_vec4
    %pushi/vec4 0, 0, 32; draw_string_vec4
    %concat/vec4; draw_string_vec4
    %pushi/vec4 109, 0, 32; draw_string_vec4
    %concat/vec4; draw_string_vec4
    %pushi/vec4 1701670770, 0, 32; draw_string_vec4
    %concat/vec4; draw_string_vec4
    %pushi/vec4 2036294245, 0, 32; draw_string_vec4
    %concat/vec4; draw_string_vec4
    %pushi/vec4 1718579813, 0, 32; draw_string_vec4
    %concat/vec4; draw_string_vec4
    %pushi/vec4 778593656, 0, 32; draw_string_vec4
    %concat/vec4; draw_string_vec4
    %store/vec4 v000002342a4a6690_0, 0, 256;
    %fork TD_cpu_tb.dump_memory, S_000002342a498e40;
    %join;
    %vpi_call 2 69 "$display", "Memory dumped to memory_before.hex" {0 0 0};
    %pushi/vec4 1, 0, 1;
    %store/vec4 v000002342a4aac90_0, 0, 1;
    %pushi/vec4 3, 0, 32;
T_60.0 %dup/vec4;
    %pushi/vec4 0, 0, 32;
    %cmp/s;
    %jmp/1xz T_60.1, 5;
    %jmp/1 T_60.1, 4;
    %pushi/vec4 1, 0, 32;
    %sub;
    %wait E_000002342a3932d0;
    %jmp T_60.0;
T_60.1 ;
    %pop/vec4 1;
    %delay 100, 0;
    %pushi/vec4 0, 0, 1;
    %store/vec4 v000002342a4aac90_0, 0, 1;
    %wait E_000002342a38dc10;
    %pushi/vec4 2, 0, 32;
T_60.2 %dup/vec4;
    %pushi/vec4 0, 0, 32;
    %cmp/s;
    %jmp/1xz T_60.3, 5;
    %jmp/1 T_60.3, 4;
    %pushi/vec4 1, 0, 32;
    %sub;
    %wait E_000002342a3932d0;
    %jmp T_60.2;
T_60.3 ;
    %pop/vec4 1;
    %vpi_call 2 77 "$display", "=======================================================" {0 0 0};
    %vpi_call 2 78 "$display", "  Phase 3 Program Complete  (%0d cycles)", v000002342a4a9390_0 {0 0 0};
    %vpi_call 2 79 "$display", "=======================================================" {0 0 0};
    %vpi_call 2 80 "$display", "  PC  = 0x%08h", v000002342a4a92f0_0 {0 0 0};
    %vpi_call 2 81 "$display", "  IR  = 0x%08h", v000002342a4ab050_0 {0 0 0};
    %vpi_call 2 82 "$display", "  MAR = 0x%08h", v000002342a4aa6f0_0 {0 0 0};
    %vpi_call 2 83 "$display", "  MDR = 0x%08h", v000002342a4a9c50_0 {0 0 0};
    %vpi_call 2 84 "$display", "-------------------------------------------------------" {0 0 0};
    %vpi_call 2 85 "$display", "  R0  = 0x%08h   (exp 0x00000614)", v000002342a4a1730_0 {0 0 0};
    %vpi_call 2 86 "$display", "  R1  = 0x%08h   (exp 0x00000000)", v000002342a4a35d0_0 {0 0 0};
    %vpi_call 2 87 "$display", "  R2  = 0x%08h   (exp 0x00000004)", v000002342a4a29f0_0 {0 0 0};
    %vpi_call 2 88 "$display", "  R3  = 0x%08h   (exp 0x00000019)", v000002342a4a21d0_0 {0 0 0};
    %vpi_call 2 89 "$display", "  R4  = 0x%08h   (exp 0x00006800)", v000002342a4a1370_0 {0 0 0};
    %vpi_call 2 90 "$display", "  R5  = 0x%08h   (exp 0x00000680)", v000002342a4a1c30_0 {0 0 0};
    %vpi_call 2 91 "$display", "  R6  = 0x%08h   (exp 0x000000AF)", v000002342a4a1870_0 {0 0 0};
    %vpi_call 2 92 "$display", "  R7  = 0x%08h   (exp 0x00000007)", v000002342a4a1910_0 {0 0 0};
    %vpi_call 2 93 "$display", "  R8  = 0x%08h   (exp 0x00000009)", v000002342a4a19b0_0 {0 0 0};
    %vpi_call 2 94 "$display", "  R9  = 0x%08h   (exp 0x00000015)", v000002342a4a1a50_0 {0 0 0};
    %vpi_call 2 95 "$display", "  R10 = 0x%08h   (exp 0x000000B2)", v000002342a4a12d0_0 {0 0 0};
    %vpi_call 2 96 "$display", "  R11 = 0x%08h   (exp 0x00000005)", v000002342a4a33f0_0 {0 0 0};
    %vpi_call 2 97 "$display", "  R12 = 0x%08h   (exp 0x00000029)", v000002342a4a1230_0 {0 0 0};
    %vpi_call 2 98 "$display", "  R13 = 0x%08h   (exp 0x00000010)", v000002342a4a3490_0 {0 0 0};
    %vpi_call 2 99 "$display", "  R14 = 0x%08h   (exp 0x000000AB)", v000002342a4a30d0_0 {0 0 0};
    %vpi_call 2 100 "$display", "  R15 = 0x%08h   (exp 0x00000000)", v000002342a4a3530_0 {0 0 0};
    %vpi_call 2 101 "$display", "  HI  = 0x%08h   (exp 0x00000004)", v000002342a4aabf0_0 {0 0 0};
    %vpi_call 2 102 "$display", "  LO  = 0x%08h   (exp 0x00000003)", v000002342a4a8a30_0 {0 0 0};
    %vpi_call 2 103 "$display", "-------------------------------------------------------" {0 0 0};
    %vpi_call 2 104 "$display", "  mem[0x089] = 0x%08h   (exp 0x0000006C)", &A<v000002342a4a0c90, 137> {0 0 0};
    %vpi_call 2 105 "$display", "  mem[0x0A3] = 0x%08h   (exp 0x00000008)", &A<v000002342a4a0c90, 163> {0 0 0};
    %vpi_call 2 106 "$display", "=======================================================" {0 0 0};
    %fork t_1, S_000002342a498cb0;
    %jmp t_0;
    .scope S_000002342a498cb0;
t_1 ;
    %pushi/vec4 1, 0, 1;
    %store/vec4 v000002342a4a8490_0, 0, 1;
    %load/vec4 v000002342a4a1730_0;
    %cmpi/ne 1556, 0, 32;
    %jmp/0xz  T_60.4, 6;
    %vpi_call 2 111 "$display", "  FAIL R0" {0 0 0};
    %pushi/vec4 0, 0, 1;
    %store/vec4 v000002342a4a8490_0, 0, 1;
T_60.4 ;
    %load/vec4 v000002342a4a35d0_0;
    %cmpi/ne 0, 0, 32;
    %jmp/0xz  T_60.6, 6;
    %vpi_call 2 112 "$display", "  FAIL R1" {0 0 0};
    %pushi/vec4 0, 0, 1;
    %store/vec4 v000002342a4a8490_0, 0, 1;
T_60.6 ;
    %load/vec4 v000002342a4a29f0_0;
    %cmpi/ne 4, 0, 32;
    %jmp/0xz  T_60.8, 6;
    %vpi_call 2 113 "$display", "  FAIL R2" {0 0 0};
    %pushi/vec4 0, 0, 1;
    %store/vec4 v000002342a4a8490_0, 0, 1;
T_60.8 ;
    %load/vec4 v000002342a4a21d0_0;
    %cmpi/ne 25, 0, 32;
    %jmp/0xz  T_60.10, 6;
    %vpi_call 2 114 "$display", "  FAIL R3" {0 0 0};
    %pushi/vec4 0, 0, 1;
    %store/vec4 v000002342a4a8490_0, 0, 1;
T_60.10 ;
    %load/vec4 v000002342a4a1370_0;
    %cmpi/ne 26624, 0, 32;
    %jmp/0xz  T_60.12, 6;
    %vpi_call 2 115 "$display", "  FAIL R4" {0 0 0};
    %pushi/vec4 0, 0, 1;
    %store/vec4 v000002342a4a8490_0, 0, 1;
T_60.12 ;
    %load/vec4 v000002342a4a1c30_0;
    %cmpi/ne 1664, 0, 32;
    %jmp/0xz  T_60.14, 6;
    %vpi_call 2 116 "$display", "  FAIL R5" {0 0 0};
    %pushi/vec4 0, 0, 1;
    %store/vec4 v000002342a4a8490_0, 0, 1;
T_60.14 ;
    %load/vec4 v000002342a4a1870_0;
    %cmpi/ne 175, 0, 32;
    %jmp/0xz  T_60.16, 6;
    %vpi_call 2 117 "$display", "  FAIL R6" {0 0 0};
    %pushi/vec4 0, 0, 1;
    %store/vec4 v000002342a4a8490_0, 0, 1;
T_60.16 ;
    %load/vec4 v000002342a4a1910_0;
    %cmpi/ne 7, 0, 32;
    %jmp/0xz  T_60.18, 6;
    %vpi_call 2 118 "$display", "  FAIL R7" {0 0 0};
    %pushi/vec4 0, 0, 1;
    %store/vec4 v000002342a4a8490_0, 0, 1;
T_60.18 ;
    %load/vec4 v000002342a4a19b0_0;
    %cmpi/ne 9, 0, 32;
    %jmp/0xz  T_60.20, 6;
    %vpi_call 2 119 "$display", "  FAIL R8" {0 0 0};
    %pushi/vec4 0, 0, 1;
    %store/vec4 v000002342a4a8490_0, 0, 1;
T_60.20 ;
    %load/vec4 v000002342a4a1a50_0;
    %cmpi/ne 21, 0, 32;
    %jmp/0xz  T_60.22, 6;
    %vpi_call 2 120 "$display", "  FAIL R9" {0 0 0};
    %pushi/vec4 0, 0, 1;
    %store/vec4 v000002342a4a8490_0, 0, 1;
T_60.22 ;
    %load/vec4 v000002342a4a12d0_0;
    %cmpi/ne 178, 0, 32;
    %jmp/0xz  T_60.24, 6;
    %vpi_call 2 121 "$display", "  FAIL R10" {0 0 0};
    %pushi/vec4 0, 0, 1;
    %store/vec4 v000002342a4a8490_0, 0, 1;
T_60.24 ;
    %load/vec4 v000002342a4a33f0_0;
    %cmpi/ne 5, 0, 32;
    %jmp/0xz  T_60.26, 6;
    %vpi_call 2 122 "$display", "  FAIL R11" {0 0 0};
    %pushi/vec4 0, 0, 1;
    %store/vec4 v000002342a4a8490_0, 0, 1;
T_60.26 ;
    %load/vec4 v000002342a4a1230_0;
    %cmpi/ne 41, 0, 32;
    %jmp/0xz  T_60.28, 6;
    %vpi_call 2 123 "$display", "  FAIL R12" {0 0 0};
    %pushi/vec4 0, 0, 1;
    %store/vec4 v000002342a4a8490_0, 0, 1;
T_60.28 ;
    %load/vec4 v000002342a4a3490_0;
    %cmpi/ne 16, 0, 32;
    %jmp/0xz  T_60.30, 6;
    %vpi_call 2 124 "$display", "  FAIL R13" {0 0 0};
    %pushi/vec4 0, 0, 1;
    %store/vec4 v000002342a4a8490_0, 0, 1;
T_60.30 ;
    %load/vec4 v000002342a4a30d0_0;
    %cmpi/ne 171, 0, 32;
    %jmp/0xz  T_60.32, 6;
    %vpi_call 2 125 "$display", "  FAIL R14" {0 0 0};
    %pushi/vec4 0, 0, 1;
    %store/vec4 v000002342a4a8490_0, 0, 1;
T_60.32 ;
    %load/vec4 v000002342a4a3530_0;
    %cmpi/ne 0, 0, 32;
    %jmp/0xz  T_60.34, 6;
    %vpi_call 2 126 "$display", "  FAIL R15" {0 0 0};
    %pushi/vec4 0, 0, 1;
    %store/vec4 v000002342a4a8490_0, 0, 1;
T_60.34 ;
    %load/vec4 v000002342a4aabf0_0;
    %cmpi/ne 4, 0, 32;
    %jmp/0xz  T_60.36, 6;
    %vpi_call 2 127 "$display", "  FAIL HI" {0 0 0};
    %pushi/vec4 0, 0, 1;
    %store/vec4 v000002342a4a8490_0, 0, 1;
T_60.36 ;
    %load/vec4 v000002342a4a8a30_0;
    %cmpi/ne 3, 0, 32;
    %jmp/0xz  T_60.38, 6;
    %vpi_call 2 128 "$display", "  FAIL LO" {0 0 0};
    %pushi/vec4 0, 0, 1;
    %store/vec4 v000002342a4a8490_0, 0, 1;
T_60.38 ;
    %ix/load 4, 137, 0;
    %flag_set/imm 4, 0;
    %load/vec4a v000002342a4a0c90, 4;
    %cmpi/ne 108, 0, 32;
    %jmp/0xz  T_60.40, 6;
    %vpi_call 2 129 "$display", "  FAIL mem[0x89]" {0 0 0};
    %pushi/vec4 0, 0, 1;
    %store/vec4 v000002342a4a8490_0, 0, 1;
T_60.40 ;
    %ix/load 4, 163, 0;
    %flag_set/imm 4, 0;
    %load/vec4a v000002342a4a0c90, 4;
    %cmpi/ne 8, 0, 32;
    %jmp/0xz  T_60.42, 6;
    %vpi_call 2 130 "$display", "  FAIL mem[0xA3]" {0 0 0};
    %pushi/vec4 0, 0, 1;
    %store/vec4 v000002342a4a8490_0, 0, 1;
T_60.42 ;
    %load/vec4 v000002342a4a8490_0;
    %flag_set/vec4 8;
    %jmp/0xz  T_60.44, 8;
    %vpi_call 2 131 "$display", "  >>> ALL CHECKS PASSED <<<" {0 0 0};
    %jmp T_60.45;
T_60.44 ;
    %vpi_call 2 132 "$display", "  >>> SOME CHECKS FAILED <<<" {0 0 0};
T_60.45 ;
    %end;
    .scope S_000002342a3c33a0;
t_0 %join;
    %pushi/vec4 0, 0, 32; draw_string_vec4
    %pushi/vec4 0, 0, 32; draw_string_vec4
    %concat/vec4; draw_string_vec4
    %pushi/vec4 0, 0, 32; draw_string_vec4
    %concat/vec4; draw_string_vec4
    %pushi/vec4 0, 0, 32; draw_string_vec4
    %concat/vec4; draw_string_vec4
    %pushi/vec4 1835363695, 0, 32; draw_string_vec4
    %concat/vec4; draw_string_vec4
    %pushi/vec4 1920556897, 0, 32; draw_string_vec4
    %concat/vec4; draw_string_vec4
    %pushi/vec4 1718904178, 0, 32; draw_string_vec4
    %concat/vec4; draw_string_vec4
    %pushi/vec4 778593656, 0, 32; draw_string_vec4
    %concat/vec4; draw_string_vec4
    %store/vec4 v000002342a4a6690_0, 0, 256;
    %fork TD_cpu_tb.dump_memory, S_000002342a498e40;
    %join;
    %vpi_call 2 136 "$display", "Memory dumped to memory_after.hex" {0 0 0};
    %delay 2000, 0;
    %vpi_call 2 137 "$finish" {0 0 0};
    %end;
    .thread T_60;
# The file index is used to find the file name in the following table.
:file_names 20;
    "N/A";
    "<interactive>";
    "simulation/P3/cpu_tb.v";
    "rtl/cpu.v";
    "rtl/control_unit.v";
    "rtl/datapath_top.v";
    "rtl/alu.v";
    "rtl/booth_multiplier.v";
    "rtl/divider.v";
    "rtl/ripple_carry_adder.v";
    "rtl/barrel_shifter.v";
    "rtl/bus_mux.v";
    "rtl/con_ff.v";
    "rtl/select_encode.v";
    "rtl/io.v";
    "rtl/key_regs.v";
    "rtl/registers.v";
    "rtl/pc_reg.v";
    "rtl/mdr.v";
    "rtl/ram.v";
