Analysis & Synthesis report for cpu_fpga
Mon Mar 30 15:17:19 2026
Quartus Prime Version 25.1std.0 Build 1129 10/21/2025 SC Lite Edition


---------------------
; Table of Contents ;
---------------------
  1. Legal Notice
  2. Analysis & Synthesis Summary
  3. Analysis & Synthesis Settings
  4. Parallel Compilation
  5. Analysis & Synthesis Source Files Read
  6. Analysis & Synthesis Resource Usage Summary
  7. Analysis & Synthesis Resource Utilization by Entity
  8. State Machine - |cpu_fpga|cpu:cpu_inst|control_unit:cu|state
  9. Registers Removed During Synthesis
 10. General Register Statistics
 11. Multiplexer Restructuring Statistics (Restructuring Performed)
 12. Parameter Settings for User Entity Instance: cpu:cpu_inst
 13. Parameter Settings for User Entity Instance: cpu:cpu_inst|datapath_top:dp
 14. Parameter Settings for User Entity Instance: cpu:cpu_inst|datapath_top:dp|ram:ram_inst
 15. Port Connectivity Checks: "cpu:cpu_inst|datapath_top:dp|alu:alu_inst|booth_multiplier:booth_mul|booth_partial_product:bpp_last"
 16. Port Connectivity Checks: "cpu:cpu_inst|datapath_top:dp|alu:alu_inst|booth_multiplier:booth_mul|booth_partial_product:booth_pp_gen[15].bpp"
 17. Port Connectivity Checks: "cpu:cpu_inst|datapath_top:dp|alu:alu_inst|booth_multiplier:booth_mul|booth_partial_product:booth_pp_gen[14].bpp"
 18. Port Connectivity Checks: "cpu:cpu_inst|datapath_top:dp|alu:alu_inst|booth_multiplier:booth_mul|booth_partial_product:booth_pp_gen[13].bpp"
 19. Port Connectivity Checks: "cpu:cpu_inst|datapath_top:dp|alu:alu_inst|booth_multiplier:booth_mul|booth_partial_product:booth_pp_gen[12].bpp"
 20. Port Connectivity Checks: "cpu:cpu_inst|datapath_top:dp|alu:alu_inst|booth_multiplier:booth_mul|booth_partial_product:booth_pp_gen[11].bpp"
 21. Port Connectivity Checks: "cpu:cpu_inst|datapath_top:dp|alu:alu_inst|booth_multiplier:booth_mul|booth_partial_product:booth_pp_gen[10].bpp"
 22. Port Connectivity Checks: "cpu:cpu_inst|datapath_top:dp|alu:alu_inst|booth_multiplier:booth_mul|booth_partial_product:booth_pp_gen[9].bpp"
 23. Port Connectivity Checks: "cpu:cpu_inst|datapath_top:dp|alu:alu_inst|booth_multiplier:booth_mul|booth_partial_product:booth_pp_gen[8].bpp"
 24. Port Connectivity Checks: "cpu:cpu_inst|datapath_top:dp|alu:alu_inst|booth_multiplier:booth_mul|booth_partial_product:booth_pp_gen[7].bpp"
 25. Port Connectivity Checks: "cpu:cpu_inst|datapath_top:dp|alu:alu_inst|booth_multiplier:booth_mul|booth_partial_product:booth_pp_gen[6].bpp"
 26. Port Connectivity Checks: "cpu:cpu_inst|datapath_top:dp|alu:alu_inst|booth_multiplier:booth_mul|booth_partial_product:booth_pp_gen[5].bpp"
 27. Port Connectivity Checks: "cpu:cpu_inst|datapath_top:dp|alu:alu_inst|booth_multiplier:booth_mul|booth_partial_product:booth_pp_gen[4].bpp"
 28. Port Connectivity Checks: "cpu:cpu_inst|datapath_top:dp|alu:alu_inst|booth_multiplier:booth_mul|booth_partial_product:booth_pp_gen[3].bpp"
 29. Port Connectivity Checks: "cpu:cpu_inst|datapath_top:dp|alu:alu_inst|booth_multiplier:booth_mul|booth_partial_product:booth_pp_gen[2].bpp"
 30. Port Connectivity Checks: "cpu:cpu_inst|datapath_top:dp|alu:alu_inst|booth_multiplier:booth_mul|booth_partial_product:booth_pp_gen[1].bpp"
 31. Port Connectivity Checks: "cpu:cpu_inst|datapath_top:dp|alu:alu_inst|booth_multiplier:booth_mul|booth_partial_product:booth_pp_gen[0].bpp"
 32. Port Connectivity Checks: "cpu:cpu_inst|datapath_top:dp|alu:alu_inst|ripple_carry_adder:rca_neg"
 33. Port Connectivity Checks: "cpu:cpu_inst|datapath_top:dp|alu:alu_inst|ripple_carry_adder:rca_sub"
 34. Port Connectivity Checks: "cpu:cpu_inst|datapath_top:dp|alu:alu_inst|ripple_carry_adder:rca_add"
 35. Port Connectivity Checks: "cpu:cpu_inst|datapath_top:dp|key_regs:key_regs_inst|pc_reg:PC|ripple_carry_adder:inc_adder"
 36. Port Connectivity Checks: "cpu:cpu_inst|datapath_top:dp|key_regs:key_regs_inst"
 37. Port Connectivity Checks: "cpu:cpu_inst|datapath_top:dp"
 38. Port Connectivity Checks: "cpu:cpu_inst"
 39. Post-Synthesis Netlist Statistics for Top Partition
 40. Elapsed Time Per Partition
 41. Analysis & Synthesis Messages



----------------
; Legal Notice ;
----------------
Copyright (C) 2025  Altera Corporation. All rights reserved.
Your use of Altera Corporation's design tools, logic functions 
and other software and tools, and any partner logic 
functions, and any output files from any of the foregoing 
(including device programming or simulation files), and any 
associated documentation or information are expressly subject 
to the terms and conditions of the Altera Program License 
Subscription Agreement, the Altera Quartus Prime License Agreement,
the Altera IP License Agreement, or other applicable license
agreement, including, without limitation, that your use is for
the sole purpose of programming logic devices manufactured by
Altera and sold by Altera or its authorized distributors.  Please
refer to the Altera Software License Subscription Agreements 
on the Quartus Prime software download page.



+-----------------------------------------------------------------------------------+
; Analysis & Synthesis Summary                                                      ;
+---------------------------------+-------------------------------------------------+
; Analysis & Synthesis Status     ; Successful - Mon Mar 30 15:17:18 2026           ;
; Quartus Prime Version           ; 25.1std.0 Build 1129 10/21/2025 SC Lite Edition ;
; Revision Name                   ; cpu_fpga                                        ;
; Top-level Entity Name           ; cpu_fpga                                        ;
; Family                          ; Cyclone V                                       ;
; Logic utilization (in ALMs)     ; N/A                                             ;
; Total registers                 ; 17234                                           ;
; Total pins                      ; 65                                              ;
; Total virtual pins              ; 0                                               ;
; Total block memory bits         ; 0                                               ;
; Total DSP Blocks                ; 0                                               ;
; Total HSSI RX PCSs              ; 0                                               ;
; Total HSSI PMA RX Deserializers ; 0                                               ;
; Total HSSI TX PCSs              ; 0                                               ;
; Total HSSI PMA TX Serializers   ; 0                                               ;
; Total PLLs                      ; 0                                               ;
; Total DLLs                      ; 0                                               ;
+---------------------------------+-------------------------------------------------+


+---------------------------------------------------------------------------------------------------------------------------+
; Analysis & Synthesis Settings                                                                                             ;
+---------------------------------------------------------------------------------+--------------------+--------------------+
; Option                                                                          ; Setting            ; Default Value      ;
+---------------------------------------------------------------------------------+--------------------+--------------------+
; Device                                                                          ; 5CEBA4F23C7        ;                    ;
; Top-level entity name                                                           ; cpu_fpga           ; cpu_fpga           ;
; Family name                                                                     ; Cyclone V          ; Cyclone V          ;
; Use smart compilation                                                           ; Off                ; Off                ;
; Enable parallel Assembler and Timing Analyzer during compilation                ; On                 ; On                 ;
; Enable compact report table                                                     ; Off                ; Off                ;
; Restructure Multiplexers                                                        ; Auto               ; Auto               ;
; MLAB Add Timing Constraints For Mixed-Port Feed-Through Mode Setting Don't Care ; Off                ; Off                ;
; Create Debugging Nodes for IP Cores                                             ; Off                ; Off                ;
; Preserve fewer node names                                                       ; On                 ; On                 ;
; Intel FPGA IP Evaluation Mode                                                   ; Enable             ; Enable             ;
; Verilog Version                                                                 ; Verilog_2001       ; Verilog_2001       ;
; VHDL Version                                                                    ; VHDL_1993          ; VHDL_1993          ;
; State Machine Processing                                                        ; Auto               ; Auto               ;
; Safe State Machine                                                              ; Off                ; Off                ;
; Extract Verilog State Machines                                                  ; On                 ; On                 ;
; Extract VHDL State Machines                                                     ; On                 ; On                 ;
; Ignore Verilog initial constructs                                               ; Off                ; Off                ;
; Iteration limit for constant Verilog loops                                      ; 5000               ; 5000               ;
; Iteration limit for non-constant Verilog loops                                  ; 250                ; 250                ;
; Add Pass-Through Logic to Inferred RAMs                                         ; On                 ; On                 ;
; Infer RAMs from Raw Logic                                                       ; On                 ; On                 ;
; Parallel Synthesis                                                              ; On                 ; On                 ;
; DSP Block Balancing                                                             ; Auto               ; Auto               ;
; NOT Gate Push-Back                                                              ; On                 ; On                 ;
; Power-Up Don't Care                                                             ; On                 ; On                 ;
; Remove Redundant Logic Cells                                                    ; Off                ; Off                ;
; Remove Duplicate Registers                                                      ; On                 ; On                 ;
; Ignore CARRY Buffers                                                            ; Off                ; Off                ;
; Ignore CASCADE Buffers                                                          ; Off                ; Off                ;
; Ignore GLOBAL Buffers                                                           ; Off                ; Off                ;
; Ignore ROW GLOBAL Buffers                                                       ; Off                ; Off                ;
; Ignore LCELL Buffers                                                            ; Off                ; Off                ;
; Ignore SOFT Buffers                                                             ; On                 ; On                 ;
; Limit AHDL Integers to 32 Bits                                                  ; Off                ; Off                ;
; Optimization Technique                                                          ; Balanced           ; Balanced           ;
; Carry Chain Length                                                              ; 70                 ; 70                 ;
; Auto Carry Chains                                                               ; On                 ; On                 ;
; Auto Open-Drain Pins                                                            ; On                 ; On                 ;
; Perform WYSIWYG Primitive Resynthesis                                           ; Off                ; Off                ;
; Auto ROM Replacement                                                            ; On                 ; On                 ;
; Auto RAM Replacement                                                            ; On                 ; On                 ;
; Auto DSP Block Replacement                                                      ; On                 ; On                 ;
; Auto Shift Register Replacement                                                 ; Auto               ; Auto               ;
; Allow Shift Register Merging across Hierarchies                                 ; Auto               ; Auto               ;
; Auto Clock Enable Replacement                                                   ; On                 ; On                 ;
; Strict RAM Replacement                                                          ; Off                ; Off                ;
; Allow Synchronous Control Signals                                               ; On                 ; On                 ;
; Force Use of Synchronous Clear Signals                                          ; Off                ; Off                ;
; Auto Resource Sharing                                                           ; Off                ; Off                ;
; Allow Any RAM Size For Recognition                                              ; Off                ; Off                ;
; Allow Any ROM Size For Recognition                                              ; Off                ; Off                ;
; Allow Any Shift Register Size For Recognition                                   ; Off                ; Off                ;
; Use LogicLock Constraints during Resource Balancing                             ; On                 ; On                 ;
; Ignore translate_off and synthesis_off directives                               ; Off                ; Off                ;
; Timing-Driven Synthesis                                                         ; On                 ; On                 ;
; Report Parameter Settings                                                       ; On                 ; On                 ;
; Report Source Assignments                                                       ; On                 ; On                 ;
; Report Connectivity Checks                                                      ; On                 ; On                 ;
; Ignore Maximum Fan-Out Assignments                                              ; Off                ; Off                ;
; Synchronization Register Chain Length                                           ; 3                  ; 3                  ;
; Power Optimization During Synthesis                                             ; Normal compilation ; Normal compilation ;
; HDL message level                                                               ; Level2             ; Level2             ;
; Suppress Register Optimization Related Messages                                 ; Off                ; Off                ;
; Number of Removed Registers Reported in Synthesis Report                        ; 5000               ; 5000               ;
; Number of Swept Nodes Reported in Synthesis Report                              ; 5000               ; 5000               ;
; Number of Inverted Registers Reported in Synthesis Report                       ; 100                ; 100                ;
; Clock MUX Protection                                                            ; On                 ; On                 ;
; Auto Gated Clock Conversion                                                     ; Off                ; Off                ;
; Block Design Naming                                                             ; Auto               ; Auto               ;
; SDC constraint protection                                                       ; Off                ; Off                ;
; Synthesis Effort                                                                ; Auto               ; Auto               ;
; Shift Register Replacement - Allow Asynchronous Clear Signal                    ; On                 ; On                 ;
; Pre-Mapping Resynthesis Optimization                                            ; Off                ; Off                ;
; Analysis & Synthesis Message Level                                              ; Medium             ; Medium             ;
; Disable Register Merging Across Hierarchies                                     ; Auto               ; Auto               ;
; Resource Aware Inference For Block RAM                                          ; On                 ; On                 ;
; Automatic Parallel Synthesis                                                    ; On                 ; On                 ;
; Partial Reconfiguration Bitstream ID                                            ; Off                ; Off                ;
+---------------------------------------------------------------------------------+--------------------+--------------------+


+------------------------------------------+
; Parallel Compilation                     ;
+----------------------------+-------------+
; Processors                 ; Number      ;
+----------------------------+-------------+
; Number detected on machine ; 16          ;
; Maximum allowed            ; 16          ;
;                            ;             ;
; Average used               ; 1.00        ;
; Maximum used               ; 16          ;
;                            ;             ;
; Usage by Processor         ; % Time Used ;
;     Processor 1            ; 100.0%      ;
;     Processor 2            ;   0.0%      ;
;     Processor 3            ;   0.0%      ;
;     Processor 4            ;   0.0%      ;
;     Processor 5            ;   0.0%      ;
;     Processors 6-16        ;   0.0%      ;
+----------------------------+-------------+


+--------------------------------------------------------------------------------------------------------------------------------------------------------------------+
; Analysis & Synthesis Source Files Read                                                                                                                             ;
+----------------------------------+-----------------+------------------------+----------------------------------------------------------------------------+---------+
; File Name with User-Entered Path ; Used in Netlist ; File Type              ; File Name with Absolute Path                                               ; Library ;
+----------------------------------+-----------------+------------------------+----------------------------------------------------------------------------+---------+
; rtl/alu.v                        ; yes             ; User Verilog HDL File  ; C:/Users/user/Desktop/pc/374/verilog-test/project/rtl/alu.v                ;         ;
; rtl/barrel_shifter.v             ; yes             ; User Verilog HDL File  ; C:/Users/user/Desktop/pc/374/verilog-test/project/rtl/barrel_shifter.v     ;         ;
; rtl/booth_multiplier.v           ; yes             ; User Verilog HDL File  ; C:/Users/user/Desktop/pc/374/verilog-test/project/rtl/booth_multiplier.v   ;         ;
; rtl/bus_mux.v                    ; yes             ; User Verilog HDL File  ; C:/Users/user/Desktop/pc/374/verilog-test/project/rtl/bus_mux.v            ;         ;
; rtl/con_ff.v                     ; yes             ; User Verilog HDL File  ; C:/Users/user/Desktop/pc/374/verilog-test/project/rtl/con_ff.v             ;         ;
; rtl/control_unit.v               ; yes             ; User Verilog HDL File  ; C:/Users/user/Desktop/pc/374/verilog-test/project/rtl/control_unit.v       ;         ;
; rtl/cpu.v                        ; yes             ; User Verilog HDL File  ; C:/Users/user/Desktop/pc/374/verilog-test/project/rtl/cpu.v                ;         ;
; rtl/cpu_fpga.v                   ; yes             ; User Verilog HDL File  ; C:/Users/user/Desktop/pc/374/verilog-test/project/rtl/cpu_fpga.v           ;         ;
; rtl/datapath_top.v               ; yes             ; User Verilog HDL File  ; C:/Users/user/Desktop/pc/374/verilog-test/project/rtl/datapath_top.v       ;         ;
; rtl/divider.v                    ; yes             ; User Verilog HDL File  ; C:/Users/user/Desktop/pc/374/verilog-test/project/rtl/divider.v            ;         ;
; rtl/io.v                         ; yes             ; User Verilog HDL File  ; C:/Users/user/Desktop/pc/374/verilog-test/project/rtl/io.v                 ;         ;
; rtl/key_regs.v                   ; yes             ; User Verilog HDL File  ; C:/Users/user/Desktop/pc/374/verilog-test/project/rtl/key_regs.v           ;         ;
; rtl/mdr.v                        ; yes             ; User Verilog HDL File  ; C:/Users/user/Desktop/pc/374/verilog-test/project/rtl/mdr.v                ;         ;
; rtl/pc_reg.v                     ; yes             ; User Verilog HDL File  ; C:/Users/user/Desktop/pc/374/verilog-test/project/rtl/pc_reg.v             ;         ;
; rtl/ram.v                        ; yes             ; User Verilog HDL File  ; C:/Users/user/Desktop/pc/374/verilog-test/project/rtl/ram.v                ;         ;
; rtl/registers.v                  ; yes             ; User Verilog HDL File  ; C:/Users/user/Desktop/pc/374/verilog-test/project/rtl/registers.v          ;         ;
; rtl/ripple_carry_adder.v         ; yes             ; User Verilog HDL File  ; C:/Users/user/Desktop/pc/374/verilog-test/project/rtl/ripple_carry_adder.v ;         ;
; rtl/select_encode.v              ; yes             ; User Verilog HDL File  ; C:/Users/user/Desktop/pc/374/verilog-test/project/rtl/select_encode.v      ;         ;
; rtl/seven_segment.v              ; yes             ; User Verilog HDL File  ; C:/Users/user/Desktop/pc/374/verilog-test/project/rtl/seven_segment.v      ;         ;
+----------------------------------+-----------------+------------------------+----------------------------------------------------------------------------+---------+


+--------------------------------------------------------------+
; Analysis & Synthesis Resource Usage Summary                  ;
+---------------------------------------------+----------------+
; Resource                                    ; Usage          ;
+---------------------------------------------+----------------+
; Estimate of Logic utilization (ALMs needed) ; 13028          ;
;                                             ;                ;
; Combinational ALUT usage for logic          ; 10861          ;
;     -- 7 input functions                    ; 561            ;
;     -- 6 input functions                    ; 5898           ;
;     -- 5 input functions                    ; 1477           ;
;     -- 4 input functions                    ; 500            ;
;     -- <=3 input functions                  ; 2425           ;
;                                             ;                ;
; Dedicated logic registers                   ; 17234          ;
;                                             ;                ;
; I/O pins                                    ; 65             ;
;                                             ;                ;
; Total DSP Blocks                            ; 0              ;
;                                             ;                ;
; Maximum fan-out node                        ; clk_div_cnt[4] ;
; Maximum fan-out                             ; 17230          ;
; Total fan-out                               ; 106864         ;
; Average fan-out                             ; 3.79           ;
+---------------------------------------------+----------------+


+------------------------------------------------------------------------------------------------------------------------------------------------------------------------------------------------------------------------------------------------------------------------------------------------------------------------------------------------------+
; Analysis & Synthesis Resource Utilization by Entity                                                                                                                                                                                                                                                                                                  ;
+-------------------------------------------------------------+---------------------+---------------------------+-------------------+------------+------+--------------+-------------------------------------------------------------------------------------------------------------------------------+--------------------------------+--------------+
; Compilation Hierarchy Node                                  ; Combinational ALUTs ; Dedicated Logic Registers ; Block Memory Bits ; DSP Blocks ; Pins ; Virtual Pins ; Full Hierarchy Name                                                                                                           ; Entity Name                    ; Library Name ;
+-------------------------------------------------------------+---------------------+---------------------------+-------------------+------------+------+--------------+-------------------------------------------------------------------------------------------------------------------------------+--------------------------------+--------------+
; |cpu_fpga                                                   ; 10861 (7)           ; 17234 (9)                 ; 0                 ; 0          ; 65   ; 0            ; |cpu_fpga                                                                                                                     ; cpu_fpga                       ; work         ;
;    |cpu:cpu_inst|                                           ; 10840 (0)           ; 17225 (0)                 ; 0                 ; 0          ; 0    ; 0            ; |cpu_fpga|cpu:cpu_inst                                                                                                        ; cpu                            ; work         ;
;       |control_unit:cu|                                     ; 83 (83)             ; 47 (47)                   ; 0                 ; 0          ; 0    ; 0            ; |cpu_fpga|cpu:cpu_inst|control_unit:cu                                                                                        ; control_unit                   ; work         ;
;       |datapath_top:dp|                                     ; 10757 (7)           ; 17178 (64)                ; 0                 ; 0          ; 0    ; 0            ; |cpu_fpga|cpu:cpu_inst|datapath_top:dp                                                                                        ; datapath_top                   ; work         ;
;          |alu:alu_inst|                                     ; 2805 (208)          ; 0 (0)                     ; 0                 ; 0          ; 0    ; 0            ; |cpu_fpga|cpu:cpu_inst|datapath_top:dp|alu:alu_inst                                                                           ; alu                            ; work         ;
;             |barrel_shifter:shifter|                        ; 186 (186)           ; 0 (0)                     ; 0                 ; 0          ; 0    ; 0            ; |cpu_fpga|cpu:cpu_inst|datapath_top:dp|alu:alu_inst|barrel_shifter:shifter                                                    ; barrel_shifter                 ; work         ;
;             |booth_multiplier:booth_mul|                    ; 966 (364)           ; 0 (0)                     ; 0                 ; 0          ; 0    ; 0            ; |cpu_fpga|cpu:cpu_inst|datapath_top:dp|alu:alu_inst|booth_multiplier:booth_mul                                                ; booth_multiplier               ; work         ;
;                |booth_partial_product:booth_pp_gen[0].bpp|  ; 32 (32)             ; 0 (0)                     ; 0                 ; 0          ; 0    ; 0            ; |cpu_fpga|cpu:cpu_inst|datapath_top:dp|alu:alu_inst|booth_multiplier:booth_mul|booth_partial_product:booth_pp_gen[0].bpp      ; booth_partial_product          ; work         ;
;                |booth_partial_product:booth_pp_gen[10].bpp| ; 34 (34)             ; 0 (0)                     ; 0                 ; 0          ; 0    ; 0            ; |cpu_fpga|cpu:cpu_inst|datapath_top:dp|alu:alu_inst|booth_multiplier:booth_mul|booth_partial_product:booth_pp_gen[10].bpp     ; booth_partial_product          ; work         ;
;                |booth_partial_product:booth_pp_gen[11].bpp| ; 32 (32)             ; 0 (0)                     ; 0                 ; 0          ; 0    ; 0            ; |cpu_fpga|cpu:cpu_inst|datapath_top:dp|alu:alu_inst|booth_multiplier:booth_mul|booth_partial_product:booth_pp_gen[11].bpp     ; booth_partial_product          ; work         ;
;                |booth_partial_product:booth_pp_gen[12].bpp| ; 34 (34)             ; 0 (0)                     ; 0                 ; 0          ; 0    ; 0            ; |cpu_fpga|cpu:cpu_inst|datapath_top:dp|alu:alu_inst|booth_multiplier:booth_mul|booth_partial_product:booth_pp_gen[12].bpp     ; booth_partial_product          ; work         ;
;                |booth_partial_product:booth_pp_gen[13].bpp| ; 34 (34)             ; 0 (0)                     ; 0                 ; 0          ; 0    ; 0            ; |cpu_fpga|cpu:cpu_inst|datapath_top:dp|alu:alu_inst|booth_multiplier:booth_mul|booth_partial_product:booth_pp_gen[13].bpp     ; booth_partial_product          ; work         ;
;                |booth_partial_product:booth_pp_gen[14].bpp| ; 34 (34)             ; 0 (0)                     ; 0                 ; 0          ; 0    ; 0            ; |cpu_fpga|cpu:cpu_inst|datapath_top:dp|alu:alu_inst|booth_multiplier:booth_mul|booth_partial_product:booth_pp_gen[14].bpp     ; booth_partial_product          ; work         ;
;                |booth_partial_product:booth_pp_gen[15].bpp| ; 69 (69)             ; 0 (0)                     ; 0                 ; 0          ; 0    ; 0            ; |cpu_fpga|cpu:cpu_inst|datapath_top:dp|alu:alu_inst|booth_multiplier:booth_mul|booth_partial_product:booth_pp_gen[15].bpp     ; booth_partial_product          ; work         ;
;                |booth_partial_product:booth_pp_gen[1].bpp|  ; 34 (34)             ; 0 (0)                     ; 0                 ; 0          ; 0    ; 0            ; |cpu_fpga|cpu:cpu_inst|datapath_top:dp|alu:alu_inst|booth_multiplier:booth_mul|booth_partial_product:booth_pp_gen[1].bpp      ; booth_partial_product          ; work         ;
;                |booth_partial_product:booth_pp_gen[2].bpp|  ; 32 (32)             ; 0 (0)                     ; 0                 ; 0          ; 0    ; 0            ; |cpu_fpga|cpu:cpu_inst|datapath_top:dp|alu:alu_inst|booth_multiplier:booth_mul|booth_partial_product:booth_pp_gen[2].bpp      ; booth_partial_product          ; work         ;
;                |booth_partial_product:booth_pp_gen[3].bpp|  ; 34 (34)             ; 0 (0)                     ; 0                 ; 0          ; 0    ; 0            ; |cpu_fpga|cpu:cpu_inst|datapath_top:dp|alu:alu_inst|booth_multiplier:booth_mul|booth_partial_product:booth_pp_gen[3].bpp      ; booth_partial_product          ; work         ;
;                |booth_partial_product:booth_pp_gen[4].bpp|  ; 34 (34)             ; 0 (0)                     ; 0                 ; 0          ; 0    ; 0            ; |cpu_fpga|cpu:cpu_inst|datapath_top:dp|alu:alu_inst|booth_multiplier:booth_mul|booth_partial_product:booth_pp_gen[4].bpp      ; booth_partial_product          ; work         ;
;                |booth_partial_product:booth_pp_gen[5].bpp|  ; 34 (34)             ; 0 (0)                     ; 0                 ; 0          ; 0    ; 0            ; |cpu_fpga|cpu:cpu_inst|datapath_top:dp|alu:alu_inst|booth_multiplier:booth_mul|booth_partial_product:booth_pp_gen[5].bpp      ; booth_partial_product          ; work         ;
;                |booth_partial_product:booth_pp_gen[6].bpp|  ; 33 (33)             ; 0 (0)                     ; 0                 ; 0          ; 0    ; 0            ; |cpu_fpga|cpu:cpu_inst|datapath_top:dp|alu:alu_inst|booth_multiplier:booth_mul|booth_partial_product:booth_pp_gen[6].bpp      ; booth_partial_product          ; work         ;
;                |booth_partial_product:booth_pp_gen[7].bpp|  ; 34 (34)             ; 0 (0)                     ; 0                 ; 0          ; 0    ; 0            ; |cpu_fpga|cpu:cpu_inst|datapath_top:dp|alu:alu_inst|booth_multiplier:booth_mul|booth_partial_product:booth_pp_gen[7].bpp      ; booth_partial_product          ; work         ;
;                |booth_partial_product:booth_pp_gen[8].bpp|  ; 34 (34)             ; 0 (0)                     ; 0                 ; 0          ; 0    ; 0            ; |cpu_fpga|cpu:cpu_inst|datapath_top:dp|alu:alu_inst|booth_multiplier:booth_mul|booth_partial_product:booth_pp_gen[8].bpp      ; booth_partial_product          ; work         ;
;                |booth_partial_product:booth_pp_gen[9].bpp|  ; 33 (33)             ; 0 (0)                     ; 0                 ; 0          ; 0    ; 0            ; |cpu_fpga|cpu:cpu_inst|datapath_top:dp|alu:alu_inst|booth_multiplier:booth_mul|booth_partial_product:booth_pp_gen[9].bpp      ; booth_partial_product          ; work         ;
;                |booth_partial_product:bpp_last|             ; 31 (31)             ; 0 (0)                     ; 0                 ; 0          ; 0    ; 0            ; |cpu_fpga|cpu:cpu_inst|datapath_top:dp|alu:alu_inst|booth_multiplier:booth_mul|booth_partial_product:bpp_last                 ; booth_partial_product          ; work         ;
;             |divider:div_unit|                              ; 1300 (160)          ; 0 (0)                     ; 0                 ; 0          ; 0    ; 0            ; |cpu_fpga|cpu:cpu_inst|datapath_top:dp|alu:alu_inst|divider:div_unit                                                          ; divider                        ; work         ;
;                |non_restoring_divider_unsigned:div_core|    ; 1140 (1140)         ; 0 (0)                     ; 0                 ; 0          ; 0    ; 0            ; |cpu_fpga|cpu:cpu_inst|datapath_top:dp|alu:alu_inst|divider:div_unit|non_restoring_divider_unsigned:div_core                  ; non_restoring_divider_unsigned ; work         ;
;             |ripple_carry_adder:rca_add|                    ; 59 (0)              ; 0 (0)                     ; 0                 ; 0          ; 0    ; 0            ; |cpu_fpga|cpu:cpu_inst|datapath_top:dp|alu:alu_inst|ripple_carry_adder:rca_add                                                ; ripple_carry_adder             ; work         ;
;                |full_adder:fa_gen[10].fa|                   ; 2 (2)               ; 0 (0)                     ; 0                 ; 0          ; 0    ; 0            ; |cpu_fpga|cpu:cpu_inst|datapath_top:dp|alu:alu_inst|ripple_carry_adder:rca_add|full_adder:fa_gen[10].fa                       ; full_adder                     ; work         ;
;                |full_adder:fa_gen[11].fa|                   ; 2 (2)               ; 0 (0)                     ; 0                 ; 0          ; 0    ; 0            ; |cpu_fpga|cpu:cpu_inst|datapath_top:dp|alu:alu_inst|ripple_carry_adder:rca_add|full_adder:fa_gen[11].fa                       ; full_adder                     ; work         ;
;                |full_adder:fa_gen[12].fa|                   ; 2 (2)               ; 0 (0)                     ; 0                 ; 0          ; 0    ; 0            ; |cpu_fpga|cpu:cpu_inst|datapath_top:dp|alu:alu_inst|ripple_carry_adder:rca_add|full_adder:fa_gen[12].fa                       ; full_adder                     ; work         ;
;                |full_adder:fa_gen[13].fa|                   ; 2 (2)               ; 0 (0)                     ; 0                 ; 0          ; 0    ; 0            ; |cpu_fpga|cpu:cpu_inst|datapath_top:dp|alu:alu_inst|ripple_carry_adder:rca_add|full_adder:fa_gen[13].fa                       ; full_adder                     ; work         ;
;                |full_adder:fa_gen[14].fa|                   ; 2 (2)               ; 0 (0)                     ; 0                 ; 0          ; 0    ; 0            ; |cpu_fpga|cpu:cpu_inst|datapath_top:dp|alu:alu_inst|ripple_carry_adder:rca_add|full_adder:fa_gen[14].fa                       ; full_adder                     ; work         ;
;                |full_adder:fa_gen[15].fa|                   ; 2 (2)               ; 0 (0)                     ; 0                 ; 0          ; 0    ; 0            ; |cpu_fpga|cpu:cpu_inst|datapath_top:dp|alu:alu_inst|ripple_carry_adder:rca_add|full_adder:fa_gen[15].fa                       ; full_adder                     ; work         ;
;                |full_adder:fa_gen[16].fa|                   ; 2 (2)               ; 0 (0)                     ; 0                 ; 0          ; 0    ; 0            ; |cpu_fpga|cpu:cpu_inst|datapath_top:dp|alu:alu_inst|ripple_carry_adder:rca_add|full_adder:fa_gen[16].fa                       ; full_adder                     ; work         ;
;                |full_adder:fa_gen[17].fa|                   ; 2 (2)               ; 0 (0)                     ; 0                 ; 0          ; 0    ; 0            ; |cpu_fpga|cpu:cpu_inst|datapath_top:dp|alu:alu_inst|ripple_carry_adder:rca_add|full_adder:fa_gen[17].fa                       ; full_adder                     ; work         ;
;                |full_adder:fa_gen[18].fa|                   ; 2 (2)               ; 0 (0)                     ; 0                 ; 0          ; 0    ; 0            ; |cpu_fpga|cpu:cpu_inst|datapath_top:dp|alu:alu_inst|ripple_carry_adder:rca_add|full_adder:fa_gen[18].fa                       ; full_adder                     ; work         ;
;                |full_adder:fa_gen[19].fa|                   ; 2 (2)               ; 0 (0)                     ; 0                 ; 0          ; 0    ; 0            ; |cpu_fpga|cpu:cpu_inst|datapath_top:dp|alu:alu_inst|ripple_carry_adder:rca_add|full_adder:fa_gen[19].fa                       ; full_adder                     ; work         ;
;                |full_adder:fa_gen[1].fa|                    ; 2 (2)               ; 0 (0)                     ; 0                 ; 0          ; 0    ; 0            ; |cpu_fpga|cpu:cpu_inst|datapath_top:dp|alu:alu_inst|ripple_carry_adder:rca_add|full_adder:fa_gen[1].fa                        ; full_adder                     ; work         ;
;                |full_adder:fa_gen[20].fa|                   ; 2 (2)               ; 0 (0)                     ; 0                 ; 0          ; 0    ; 0            ; |cpu_fpga|cpu:cpu_inst|datapath_top:dp|alu:alu_inst|ripple_carry_adder:rca_add|full_adder:fa_gen[20].fa                       ; full_adder                     ; work         ;
;                |full_adder:fa_gen[21].fa|                   ; 2 (2)               ; 0 (0)                     ; 0                 ; 0          ; 0    ; 0            ; |cpu_fpga|cpu:cpu_inst|datapath_top:dp|alu:alu_inst|ripple_carry_adder:rca_add|full_adder:fa_gen[21].fa                       ; full_adder                     ; work         ;
;                |full_adder:fa_gen[22].fa|                   ; 2 (2)               ; 0 (0)                     ; 0                 ; 0          ; 0    ; 0            ; |cpu_fpga|cpu:cpu_inst|datapath_top:dp|alu:alu_inst|ripple_carry_adder:rca_add|full_adder:fa_gen[22].fa                       ; full_adder                     ; work         ;
;                |full_adder:fa_gen[23].fa|                   ; 2 (2)               ; 0 (0)                     ; 0                 ; 0          ; 0    ; 0            ; |cpu_fpga|cpu:cpu_inst|datapath_top:dp|alu:alu_inst|ripple_carry_adder:rca_add|full_adder:fa_gen[23].fa                       ; full_adder                     ; work         ;
;                |full_adder:fa_gen[24].fa|                   ; 2 (2)               ; 0 (0)                     ; 0                 ; 0          ; 0    ; 0            ; |cpu_fpga|cpu:cpu_inst|datapath_top:dp|alu:alu_inst|ripple_carry_adder:rca_add|full_adder:fa_gen[24].fa                       ; full_adder                     ; work         ;
;                |full_adder:fa_gen[25].fa|                   ; 2 (2)               ; 0 (0)                     ; 0                 ; 0          ; 0    ; 0            ; |cpu_fpga|cpu:cpu_inst|datapath_top:dp|alu:alu_inst|ripple_carry_adder:rca_add|full_adder:fa_gen[25].fa                       ; full_adder                     ; work         ;
;                |full_adder:fa_gen[26].fa|                   ; 2 (2)               ; 0 (0)                     ; 0                 ; 0          ; 0    ; 0            ; |cpu_fpga|cpu:cpu_inst|datapath_top:dp|alu:alu_inst|ripple_carry_adder:rca_add|full_adder:fa_gen[26].fa                       ; full_adder                     ; work         ;
;                |full_adder:fa_gen[27].fa|                   ; 2 (2)               ; 0 (0)                     ; 0                 ; 0          ; 0    ; 0            ; |cpu_fpga|cpu:cpu_inst|datapath_top:dp|alu:alu_inst|ripple_carry_adder:rca_add|full_adder:fa_gen[27].fa                       ; full_adder                     ; work         ;
;                |full_adder:fa_gen[28].fa|                   ; 2 (2)               ; 0 (0)                     ; 0                 ; 0          ; 0    ; 0            ; |cpu_fpga|cpu:cpu_inst|datapath_top:dp|alu:alu_inst|ripple_carry_adder:rca_add|full_adder:fa_gen[28].fa                       ; full_adder                     ; work         ;
;                |full_adder:fa_gen[29].fa|                   ; 2 (2)               ; 0 (0)                     ; 0                 ; 0          ; 0    ; 0            ; |cpu_fpga|cpu:cpu_inst|datapath_top:dp|alu:alu_inst|ripple_carry_adder:rca_add|full_adder:fa_gen[29].fa                       ; full_adder                     ; work         ;
;                |full_adder:fa_gen[2].fa|                    ; 1 (1)               ; 0 (0)                     ; 0                 ; 0          ; 0    ; 0            ; |cpu_fpga|cpu:cpu_inst|datapath_top:dp|alu:alu_inst|ripple_carry_adder:rca_add|full_adder:fa_gen[2].fa                        ; full_adder                     ; work         ;
;                |full_adder:fa_gen[30].fa|                   ; 1 (1)               ; 0 (0)                     ; 0                 ; 0          ; 0    ; 0            ; |cpu_fpga|cpu:cpu_inst|datapath_top:dp|alu:alu_inst|ripple_carry_adder:rca_add|full_adder:fa_gen[30].fa                       ; full_adder                     ; work         ;
;                |full_adder:fa_gen[31].fa|                   ; 1 (1)               ; 0 (0)                     ; 0                 ; 0          ; 0    ; 0            ; |cpu_fpga|cpu:cpu_inst|datapath_top:dp|alu:alu_inst|ripple_carry_adder:rca_add|full_adder:fa_gen[31].fa                       ; full_adder                     ; work         ;
;                |full_adder:fa_gen[3].fa|                    ; 2 (2)               ; 0 (0)                     ; 0                 ; 0          ; 0    ; 0            ; |cpu_fpga|cpu:cpu_inst|datapath_top:dp|alu:alu_inst|ripple_carry_adder:rca_add|full_adder:fa_gen[3].fa                        ; full_adder                     ; work         ;
;                |full_adder:fa_gen[4].fa|                    ; 2 (2)               ; 0 (0)                     ; 0                 ; 0          ; 0    ; 0            ; |cpu_fpga|cpu:cpu_inst|datapath_top:dp|alu:alu_inst|ripple_carry_adder:rca_add|full_adder:fa_gen[4].fa                        ; full_adder                     ; work         ;
;                |full_adder:fa_gen[5].fa|                    ; 2 (2)               ; 0 (0)                     ; 0                 ; 0          ; 0    ; 0            ; |cpu_fpga|cpu:cpu_inst|datapath_top:dp|alu:alu_inst|ripple_carry_adder:rca_add|full_adder:fa_gen[5].fa                        ; full_adder                     ; work         ;
;                |full_adder:fa_gen[6].fa|                    ; 2 (2)               ; 0 (0)                     ; 0                 ; 0          ; 0    ; 0            ; |cpu_fpga|cpu:cpu_inst|datapath_top:dp|alu:alu_inst|ripple_carry_adder:rca_add|full_adder:fa_gen[6].fa                        ; full_adder                     ; work         ;
;                |full_adder:fa_gen[7].fa|                    ; 2 (2)               ; 0 (0)                     ; 0                 ; 0          ; 0    ; 0            ; |cpu_fpga|cpu:cpu_inst|datapath_top:dp|alu:alu_inst|ripple_carry_adder:rca_add|full_adder:fa_gen[7].fa                        ; full_adder                     ; work         ;
;                |full_adder:fa_gen[8].fa|                    ; 2 (2)               ; 0 (0)                     ; 0                 ; 0          ; 0    ; 0            ; |cpu_fpga|cpu:cpu_inst|datapath_top:dp|alu:alu_inst|ripple_carry_adder:rca_add|full_adder:fa_gen[8].fa                        ; full_adder                     ; work         ;
;                |full_adder:fa_gen[9].fa|                    ; 2 (2)               ; 0 (0)                     ; 0                 ; 0          ; 0    ; 0            ; |cpu_fpga|cpu:cpu_inst|datapath_top:dp|alu:alu_inst|ripple_carry_adder:rca_add|full_adder:fa_gen[9].fa                        ; full_adder                     ; work         ;
;             |ripple_carry_adder:rca_neg|                    ; 27 (0)              ; 0 (0)                     ; 0                 ; 0          ; 0    ; 0            ; |cpu_fpga|cpu:cpu_inst|datapath_top:dp|alu:alu_inst|ripple_carry_adder:rca_neg                                                ; ripple_carry_adder             ; work         ;
;                |full_adder:fa_gen[10].fa|                   ; 1 (1)               ; 0 (0)                     ; 0                 ; 0          ; 0    ; 0            ; |cpu_fpga|cpu:cpu_inst|datapath_top:dp|alu:alu_inst|ripple_carry_adder:rca_neg|full_adder:fa_gen[10].fa                       ; full_adder                     ; work         ;
;                |full_adder:fa_gen[11].fa|                   ; 1 (1)               ; 0 (0)                     ; 0                 ; 0          ; 0    ; 0            ; |cpu_fpga|cpu:cpu_inst|datapath_top:dp|alu:alu_inst|ripple_carry_adder:rca_neg|full_adder:fa_gen[11].fa                       ; full_adder                     ; work         ;
;                |full_adder:fa_gen[12].fa|                   ; 1 (1)               ; 0 (0)                     ; 0                 ; 0          ; 0    ; 0            ; |cpu_fpga|cpu:cpu_inst|datapath_top:dp|alu:alu_inst|ripple_carry_adder:rca_neg|full_adder:fa_gen[12].fa                       ; full_adder                     ; work         ;
;                |full_adder:fa_gen[13].fa|                   ; 1 (1)               ; 0 (0)                     ; 0                 ; 0          ; 0    ; 0            ; |cpu_fpga|cpu:cpu_inst|datapath_top:dp|alu:alu_inst|ripple_carry_adder:rca_neg|full_adder:fa_gen[13].fa                       ; full_adder                     ; work         ;
;                |full_adder:fa_gen[14].fa|                   ; 1 (1)               ; 0 (0)                     ; 0                 ; 0          ; 0    ; 0            ; |cpu_fpga|cpu:cpu_inst|datapath_top:dp|alu:alu_inst|ripple_carry_adder:rca_neg|full_adder:fa_gen[14].fa                       ; full_adder                     ; work         ;
;                |full_adder:fa_gen[15].fa|                   ; 1 (1)               ; 0 (0)                     ; 0                 ; 0          ; 0    ; 0            ; |cpu_fpga|cpu:cpu_inst|datapath_top:dp|alu:alu_inst|ripple_carry_adder:rca_neg|full_adder:fa_gen[15].fa                       ; full_adder                     ; work         ;
;                |full_adder:fa_gen[16].fa|                   ; 1 (1)               ; 0 (0)                     ; 0                 ; 0          ; 0    ; 0            ; |cpu_fpga|cpu:cpu_inst|datapath_top:dp|alu:alu_inst|ripple_carry_adder:rca_neg|full_adder:fa_gen[16].fa                       ; full_adder                     ; work         ;
;                |full_adder:fa_gen[17].fa|                   ; 1 (1)               ; 0 (0)                     ; 0                 ; 0          ; 0    ; 0            ; |cpu_fpga|cpu:cpu_inst|datapath_top:dp|alu:alu_inst|ripple_carry_adder:rca_neg|full_adder:fa_gen[17].fa                       ; full_adder                     ; work         ;
;                |full_adder:fa_gen[18].fa|                   ; 1 (1)               ; 0 (0)                     ; 0                 ; 0          ; 0    ; 0            ; |cpu_fpga|cpu:cpu_inst|datapath_top:dp|alu:alu_inst|ripple_carry_adder:rca_neg|full_adder:fa_gen[18].fa                       ; full_adder                     ; work         ;
;                |full_adder:fa_gen[19].fa|                   ; 1 (1)               ; 0 (0)                     ; 0                 ; 0          ; 0    ; 0            ; |cpu_fpga|cpu:cpu_inst|datapath_top:dp|alu:alu_inst|ripple_carry_adder:rca_neg|full_adder:fa_gen[19].fa                       ; full_adder                     ; work         ;
;                |full_adder:fa_gen[20].fa|                   ; 1 (1)               ; 0 (0)                     ; 0                 ; 0          ; 0    ; 0            ; |cpu_fpga|cpu:cpu_inst|datapath_top:dp|alu:alu_inst|ripple_carry_adder:rca_neg|full_adder:fa_gen[20].fa                       ; full_adder                     ; work         ;
;                |full_adder:fa_gen[21].fa|                   ; 1 (1)               ; 0 (0)                     ; 0                 ; 0          ; 0    ; 0            ; |cpu_fpga|cpu:cpu_inst|datapath_top:dp|alu:alu_inst|ripple_carry_adder:rca_neg|full_adder:fa_gen[21].fa                       ; full_adder                     ; work         ;
;                |full_adder:fa_gen[22].fa|                   ; 1 (1)               ; 0 (0)                     ; 0                 ; 0          ; 0    ; 0            ; |cpu_fpga|cpu:cpu_inst|datapath_top:dp|alu:alu_inst|ripple_carry_adder:rca_neg|full_adder:fa_gen[22].fa                       ; full_adder                     ; work         ;
;                |full_adder:fa_gen[23].fa|                   ; 1 (1)               ; 0 (0)                     ; 0                 ; 0          ; 0    ; 0            ; |cpu_fpga|cpu:cpu_inst|datapath_top:dp|alu:alu_inst|ripple_carry_adder:rca_neg|full_adder:fa_gen[23].fa                       ; full_adder                     ; work         ;
;                |full_adder:fa_gen[24].fa|                   ; 1 (1)               ; 0 (0)                     ; 0                 ; 0          ; 0    ; 0            ; |cpu_fpga|cpu:cpu_inst|datapath_top:dp|alu:alu_inst|ripple_carry_adder:rca_neg|full_adder:fa_gen[24].fa                       ; full_adder                     ; work         ;
;                |full_adder:fa_gen[25].fa|                   ; 1 (1)               ; 0 (0)                     ; 0                 ; 0          ; 0    ; 0            ; |cpu_fpga|cpu:cpu_inst|datapath_top:dp|alu:alu_inst|ripple_carry_adder:rca_neg|full_adder:fa_gen[25].fa                       ; full_adder                     ; work         ;
;                |full_adder:fa_gen[26].fa|                   ; 1 (1)               ; 0 (0)                     ; 0                 ; 0          ; 0    ; 0            ; |cpu_fpga|cpu:cpu_inst|datapath_top:dp|alu:alu_inst|ripple_carry_adder:rca_neg|full_adder:fa_gen[26].fa                       ; full_adder                     ; work         ;
;                |full_adder:fa_gen[27].fa|                   ; 1 (1)               ; 0 (0)                     ; 0                 ; 0          ; 0    ; 0            ; |cpu_fpga|cpu:cpu_inst|datapath_top:dp|alu:alu_inst|ripple_carry_adder:rca_neg|full_adder:fa_gen[27].fa                       ; full_adder                     ; work         ;
;                |full_adder:fa_gen[28].fa|                   ; 1 (1)               ; 0 (0)                     ; 0                 ; 0          ; 0    ; 0            ; |cpu_fpga|cpu:cpu_inst|datapath_top:dp|alu:alu_inst|ripple_carry_adder:rca_neg|full_adder:fa_gen[28].fa                       ; full_adder                     ; work         ;
;                |full_adder:fa_gen[2].fa|                    ; 1 (1)               ; 0 (0)                     ; 0                 ; 0          ; 0    ; 0            ; |cpu_fpga|cpu:cpu_inst|datapath_top:dp|alu:alu_inst|ripple_carry_adder:rca_neg|full_adder:fa_gen[2].fa                        ; full_adder                     ; work         ;
;                |full_adder:fa_gen[3].fa|                    ; 1 (1)               ; 0 (0)                     ; 0                 ; 0          ; 0    ; 0            ; |cpu_fpga|cpu:cpu_inst|datapath_top:dp|alu:alu_inst|ripple_carry_adder:rca_neg|full_adder:fa_gen[3].fa                        ; full_adder                     ; work         ;
;                |full_adder:fa_gen[4].fa|                    ; 1 (1)               ; 0 (0)                     ; 0                 ; 0          ; 0    ; 0            ; |cpu_fpga|cpu:cpu_inst|datapath_top:dp|alu:alu_inst|ripple_carry_adder:rca_neg|full_adder:fa_gen[4].fa                        ; full_adder                     ; work         ;
;                |full_adder:fa_gen[5].fa|                    ; 1 (1)               ; 0 (0)                     ; 0                 ; 0          ; 0    ; 0            ; |cpu_fpga|cpu:cpu_inst|datapath_top:dp|alu:alu_inst|ripple_carry_adder:rca_neg|full_adder:fa_gen[5].fa                        ; full_adder                     ; work         ;
;                |full_adder:fa_gen[6].fa|                    ; 1 (1)               ; 0 (0)                     ; 0                 ; 0          ; 0    ; 0            ; |cpu_fpga|cpu:cpu_inst|datapath_top:dp|alu:alu_inst|ripple_carry_adder:rca_neg|full_adder:fa_gen[6].fa                        ; full_adder                     ; work         ;
;                |full_adder:fa_gen[7].fa|                    ; 1 (1)               ; 0 (0)                     ; 0                 ; 0          ; 0    ; 0            ; |cpu_fpga|cpu:cpu_inst|datapath_top:dp|alu:alu_inst|ripple_carry_adder:rca_neg|full_adder:fa_gen[7].fa                        ; full_adder                     ; work         ;
;                |full_adder:fa_gen[8].fa|                    ; 1 (1)               ; 0 (0)                     ; 0                 ; 0          ; 0    ; 0            ; |cpu_fpga|cpu:cpu_inst|datapath_top:dp|alu:alu_inst|ripple_carry_adder:rca_neg|full_adder:fa_gen[8].fa                        ; full_adder                     ; work         ;
;                |full_adder:fa_gen[9].fa|                    ; 1 (1)               ; 0 (0)                     ; 0                 ; 0          ; 0    ; 0            ; |cpu_fpga|cpu:cpu_inst|datapath_top:dp|alu:alu_inst|ripple_carry_adder:rca_neg|full_adder:fa_gen[9].fa                        ; full_adder                     ; work         ;
;             |ripple_carry_adder:rca_sub|                    ; 59 (0)              ; 0 (0)                     ; 0                 ; 0          ; 0    ; 0            ; |cpu_fpga|cpu:cpu_inst|datapath_top:dp|alu:alu_inst|ripple_carry_adder:rca_sub                                                ; ripple_carry_adder             ; work         ;
;                |full_adder:fa_gen[10].fa|                   ; 2 (2)               ; 0 (0)                     ; 0                 ; 0          ; 0    ; 0            ; |cpu_fpga|cpu:cpu_inst|datapath_top:dp|alu:alu_inst|ripple_carry_adder:rca_sub|full_adder:fa_gen[10].fa                       ; full_adder                     ; work         ;
;                |full_adder:fa_gen[11].fa|                   ; 2 (2)               ; 0 (0)                     ; 0                 ; 0          ; 0    ; 0            ; |cpu_fpga|cpu:cpu_inst|datapath_top:dp|alu:alu_inst|ripple_carry_adder:rca_sub|full_adder:fa_gen[11].fa                       ; full_adder                     ; work         ;
;                |full_adder:fa_gen[12].fa|                   ; 2 (2)               ; 0 (0)                     ; 0                 ; 0          ; 0    ; 0            ; |cpu_fpga|cpu:cpu_inst|datapath_top:dp|alu:alu_inst|ripple_carry_adder:rca_sub|full_adder:fa_gen[12].fa                       ; full_adder                     ; work         ;
;                |full_adder:fa_gen[13].fa|                   ; 2 (2)               ; 0 (0)                     ; 0                 ; 0          ; 0    ; 0            ; |cpu_fpga|cpu:cpu_inst|datapath_top:dp|alu:alu_inst|ripple_carry_adder:rca_sub|full_adder:fa_gen[13].fa                       ; full_adder                     ; work         ;
;                |full_adder:fa_gen[14].fa|                   ; 2 (2)               ; 0 (0)                     ; 0                 ; 0          ; 0    ; 0            ; |cpu_fpga|cpu:cpu_inst|datapath_top:dp|alu:alu_inst|ripple_carry_adder:rca_sub|full_adder:fa_gen[14].fa                       ; full_adder                     ; work         ;
;                |full_adder:fa_gen[15].fa|                   ; 2 (2)               ; 0 (0)                     ; 0                 ; 0          ; 0    ; 0            ; |cpu_fpga|cpu:cpu_inst|datapath_top:dp|alu:alu_inst|ripple_carry_adder:rca_sub|full_adder:fa_gen[15].fa                       ; full_adder                     ; work         ;
;                |full_adder:fa_gen[16].fa|                   ; 2 (2)               ; 0 (0)                     ; 0                 ; 0          ; 0    ; 0            ; |cpu_fpga|cpu:cpu_inst|datapath_top:dp|alu:alu_inst|ripple_carry_adder:rca_sub|full_adder:fa_gen[16].fa                       ; full_adder                     ; work         ;
;                |full_adder:fa_gen[17].fa|                   ; 2 (2)               ; 0 (0)                     ; 0                 ; 0          ; 0    ; 0            ; |cpu_fpga|cpu:cpu_inst|datapath_top:dp|alu:alu_inst|ripple_carry_adder:rca_sub|full_adder:fa_gen[17].fa                       ; full_adder                     ; work         ;
;                |full_adder:fa_gen[18].fa|                   ; 2 (2)               ; 0 (0)                     ; 0                 ; 0          ; 0    ; 0            ; |cpu_fpga|cpu:cpu_inst|datapath_top:dp|alu:alu_inst|ripple_carry_adder:rca_sub|full_adder:fa_gen[18].fa                       ; full_adder                     ; work         ;
;                |full_adder:fa_gen[19].fa|                   ; 2 (2)               ; 0 (0)                     ; 0                 ; 0          ; 0    ; 0            ; |cpu_fpga|cpu:cpu_inst|datapath_top:dp|alu:alu_inst|ripple_carry_adder:rca_sub|full_adder:fa_gen[19].fa                       ; full_adder                     ; work         ;
;                |full_adder:fa_gen[1].fa|                    ; 2 (2)               ; 0 (0)                     ; 0                 ; 0          ; 0    ; 0            ; |cpu_fpga|cpu:cpu_inst|datapath_top:dp|alu:alu_inst|ripple_carry_adder:rca_sub|full_adder:fa_gen[1].fa                        ; full_adder                     ; work         ;
;                |full_adder:fa_gen[20].fa|                   ; 2 (2)               ; 0 (0)                     ; 0                 ; 0          ; 0    ; 0            ; |cpu_fpga|cpu:cpu_inst|datapath_top:dp|alu:alu_inst|ripple_carry_adder:rca_sub|full_adder:fa_gen[20].fa                       ; full_adder                     ; work         ;
;                |full_adder:fa_gen[21].fa|                   ; 2 (2)               ; 0 (0)                     ; 0                 ; 0          ; 0    ; 0            ; |cpu_fpga|cpu:cpu_inst|datapath_top:dp|alu:alu_inst|ripple_carry_adder:rca_sub|full_adder:fa_gen[21].fa                       ; full_adder                     ; work         ;
;                |full_adder:fa_gen[22].fa|                   ; 2 (2)               ; 0 (0)                     ; 0                 ; 0          ; 0    ; 0            ; |cpu_fpga|cpu:cpu_inst|datapath_top:dp|alu:alu_inst|ripple_carry_adder:rca_sub|full_adder:fa_gen[22].fa                       ; full_adder                     ; work         ;
;                |full_adder:fa_gen[23].fa|                   ; 2 (2)               ; 0 (0)                     ; 0                 ; 0          ; 0    ; 0            ; |cpu_fpga|cpu:cpu_inst|datapath_top:dp|alu:alu_inst|ripple_carry_adder:rca_sub|full_adder:fa_gen[23].fa                       ; full_adder                     ; work         ;
;                |full_adder:fa_gen[24].fa|                   ; 2 (2)               ; 0 (0)                     ; 0                 ; 0          ; 0    ; 0            ; |cpu_fpga|cpu:cpu_inst|datapath_top:dp|alu:alu_inst|ripple_carry_adder:rca_sub|full_adder:fa_gen[24].fa                       ; full_adder                     ; work         ;
;                |full_adder:fa_gen[25].fa|                   ; 2 (2)               ; 0 (0)                     ; 0                 ; 0          ; 0    ; 0            ; |cpu_fpga|cpu:cpu_inst|datapath_top:dp|alu:alu_inst|ripple_carry_adder:rca_sub|full_adder:fa_gen[25].fa                       ; full_adder                     ; work         ;
;                |full_adder:fa_gen[26].fa|                   ; 2 (2)               ; 0 (0)                     ; 0                 ; 0          ; 0    ; 0            ; |cpu_fpga|cpu:cpu_inst|datapath_top:dp|alu:alu_inst|ripple_carry_adder:rca_sub|full_adder:fa_gen[26].fa                       ; full_adder                     ; work         ;
;                |full_adder:fa_gen[27].fa|                   ; 2 (2)               ; 0 (0)                     ; 0                 ; 0          ; 0    ; 0            ; |cpu_fpga|cpu:cpu_inst|datapath_top:dp|alu:alu_inst|ripple_carry_adder:rca_sub|full_adder:fa_gen[27].fa                       ; full_adder                     ; work         ;
;                |full_adder:fa_gen[28].fa|                   ; 2 (2)               ; 0 (0)                     ; 0                 ; 0          ; 0    ; 0            ; |cpu_fpga|cpu:cpu_inst|datapath_top:dp|alu:alu_inst|ripple_carry_adder:rca_sub|full_adder:fa_gen[28].fa                       ; full_adder                     ; work         ;
;                |full_adder:fa_gen[29].fa|                   ; 2 (2)               ; 0 (0)                     ; 0                 ; 0          ; 0    ; 0            ; |cpu_fpga|cpu:cpu_inst|datapath_top:dp|alu:alu_inst|ripple_carry_adder:rca_sub|full_adder:fa_gen[29].fa                       ; full_adder                     ; work         ;
;                |full_adder:fa_gen[2].fa|                    ; 1 (1)               ; 0 (0)                     ; 0                 ; 0          ; 0    ; 0            ; |cpu_fpga|cpu:cpu_inst|datapath_top:dp|alu:alu_inst|ripple_carry_adder:rca_sub|full_adder:fa_gen[2].fa                        ; full_adder                     ; work         ;
;                |full_adder:fa_gen[30].fa|                   ; 1 (1)               ; 0 (0)                     ; 0                 ; 0          ; 0    ; 0            ; |cpu_fpga|cpu:cpu_inst|datapath_top:dp|alu:alu_inst|ripple_carry_adder:rca_sub|full_adder:fa_gen[30].fa                       ; full_adder                     ; work         ;
;                |full_adder:fa_gen[31].fa|                   ; 1 (1)               ; 0 (0)                     ; 0                 ; 0          ; 0    ; 0            ; |cpu_fpga|cpu:cpu_inst|datapath_top:dp|alu:alu_inst|ripple_carry_adder:rca_sub|full_adder:fa_gen[31].fa                       ; full_adder                     ; work         ;
;                |full_adder:fa_gen[3].fa|                    ; 2 (2)               ; 0 (0)                     ; 0                 ; 0          ; 0    ; 0            ; |cpu_fpga|cpu:cpu_inst|datapath_top:dp|alu:alu_inst|ripple_carry_adder:rca_sub|full_adder:fa_gen[3].fa                        ; full_adder                     ; work         ;
;                |full_adder:fa_gen[4].fa|                    ; 2 (2)               ; 0 (0)                     ; 0                 ; 0          ; 0    ; 0            ; |cpu_fpga|cpu:cpu_inst|datapath_top:dp|alu:alu_inst|ripple_carry_adder:rca_sub|full_adder:fa_gen[4].fa                        ; full_adder                     ; work         ;
;                |full_adder:fa_gen[5].fa|                    ; 2 (2)               ; 0 (0)                     ; 0                 ; 0          ; 0    ; 0            ; |cpu_fpga|cpu:cpu_inst|datapath_top:dp|alu:alu_inst|ripple_carry_adder:rca_sub|full_adder:fa_gen[5].fa                        ; full_adder                     ; work         ;
;                |full_adder:fa_gen[6].fa|                    ; 2 (2)               ; 0 (0)                     ; 0                 ; 0          ; 0    ; 0            ; |cpu_fpga|cpu:cpu_inst|datapath_top:dp|alu:alu_inst|ripple_carry_adder:rca_sub|full_adder:fa_gen[6].fa                        ; full_adder                     ; work         ;
;                |full_adder:fa_gen[7].fa|                    ; 2 (2)               ; 0 (0)                     ; 0                 ; 0          ; 0    ; 0            ; |cpu_fpga|cpu:cpu_inst|datapath_top:dp|alu:alu_inst|ripple_carry_adder:rca_sub|full_adder:fa_gen[7].fa                        ; full_adder                     ; work         ;
;                |full_adder:fa_gen[8].fa|                    ; 2 (2)               ; 0 (0)                     ; 0                 ; 0          ; 0    ; 0            ; |cpu_fpga|cpu:cpu_inst|datapath_top:dp|alu:alu_inst|ripple_carry_adder:rca_sub|full_adder:fa_gen[8].fa                        ; full_adder                     ; work         ;
;                |full_adder:fa_gen[9].fa|                    ; 2 (2)               ; 0 (0)                     ; 0                 ; 0          ; 0    ; 0            ; |cpu_fpga|cpu:cpu_inst|datapath_top:dp|alu:alu_inst|ripple_carry_adder:rca_sub|full_adder:fa_gen[9].fa                        ; full_adder                     ; work         ;
;          |bus_mux_enc:bmux|                                 ; 311 (311)           ; 0 (0)                     ; 0                 ; 0          ; 0    ; 0            ; |cpu_fpga|cpu:cpu_inst|datapath_top:dp|bus_mux_enc:bmux                                                                       ; bus_mux_enc                    ; work         ;
;          |con_ff:conff_inst|                                ; 10 (10)             ; 1 (1)                     ; 0                 ; 0          ; 0    ; 0            ; |cpu_fpga|cpu:cpu_inst|datapath_top:dp|con_ff:conff_inst                                                                      ; con_ff                         ; work         ;
;          |inport:inport_inst|                               ; 0 (0)               ; 8 (8)                     ; 0                 ; 0          ; 0    ; 0            ; |cpu_fpga|cpu:cpu_inst|datapath_top:dp|inport:inport_inst                                                                     ; inport                         ; work         ;
;          |key_regs:key_regs_inst|                           ; 48 (0)              ; 169 (0)                   ; 0                 ; 0          ; 0    ; 0            ; |cpu_fpga|cpu:cpu_inst|datapath_top:dp|key_regs:key_regs_inst                                                                 ; key_regs                       ; work         ;
;             |pc_reg:PC|                                     ; 42 (2)              ; 32 (32)                   ; 0                 ; 0          ; 0    ; 0            ; |cpu_fpga|cpu:cpu_inst|datapath_top:dp|key_regs:key_regs_inst|pc_reg:PC                                                       ; pc_reg                         ; work         ;
;                |ripple_carry_adder:inc_adder|               ; 40 (0)              ; 0 (0)                     ; 0                 ; 0          ; 0    ; 0            ; |cpu_fpga|cpu:cpu_inst|datapath_top:dp|key_regs:key_regs_inst|pc_reg:PC|ripple_carry_adder:inc_adder                          ; ripple_carry_adder             ; work         ;
;                   |full_adder:fa_gen[10].fa|                ; 2 (2)               ; 0 (0)                     ; 0                 ; 0          ; 0    ; 0            ; |cpu_fpga|cpu:cpu_inst|datapath_top:dp|key_regs:key_regs_inst|pc_reg:PC|ripple_carry_adder:inc_adder|full_adder:fa_gen[10].fa ; full_adder                     ; work         ;
;                   |full_adder:fa_gen[11].fa|                ; 1 (1)               ; 0 (0)                     ; 0                 ; 0          ; 0    ; 0            ; |cpu_fpga|cpu:cpu_inst|datapath_top:dp|key_regs:key_regs_inst|pc_reg:PC|ripple_carry_adder:inc_adder|full_adder:fa_gen[11].fa ; full_adder                     ; work         ;
;                   |full_adder:fa_gen[12].fa|                ; 1 (1)               ; 0 (0)                     ; 0                 ; 0          ; 0    ; 0            ; |cpu_fpga|cpu:cpu_inst|datapath_top:dp|key_regs:key_regs_inst|pc_reg:PC|ripple_carry_adder:inc_adder|full_adder:fa_gen[12].fa ; full_adder                     ; work         ;
;                   |full_adder:fa_gen[13].fa|                ; 2 (2)               ; 0 (0)                     ; 0                 ; 0          ; 0    ; 0            ; |cpu_fpga|cpu:cpu_inst|datapath_top:dp|key_regs:key_regs_inst|pc_reg:PC|ripple_carry_adder:inc_adder|full_adder:fa_gen[13].fa ; full_adder                     ; work         ;
;                   |full_adder:fa_gen[14].fa|                ; 1 (1)               ; 0 (0)                     ; 0                 ; 0          ; 0    ; 0            ; |cpu_fpga|cpu:cpu_inst|datapath_top:dp|key_regs:key_regs_inst|pc_reg:PC|ripple_carry_adder:inc_adder|full_adder:fa_gen[14].fa ; full_adder                     ; work         ;
;                   |full_adder:fa_gen[15].fa|                ; 1 (1)               ; 0 (0)                     ; 0                 ; 0          ; 0    ; 0            ; |cpu_fpga|cpu:cpu_inst|datapath_top:dp|key_regs:key_regs_inst|pc_reg:PC|ripple_carry_adder:inc_adder|full_adder:fa_gen[15].fa ; full_adder                     ; work         ;
;                   |full_adder:fa_gen[16].fa|                ; 2 (2)               ; 0 (0)                     ; 0                 ; 0          ; 0    ; 0            ; |cpu_fpga|cpu:cpu_inst|datapath_top:dp|key_regs:key_regs_inst|pc_reg:PC|ripple_carry_adder:inc_adder|full_adder:fa_gen[16].fa ; full_adder                     ; work         ;
;                   |full_adder:fa_gen[17].fa|                ; 1 (1)               ; 0 (0)                     ; 0                 ; 0          ; 0    ; 0            ; |cpu_fpga|cpu:cpu_inst|datapath_top:dp|key_regs:key_regs_inst|pc_reg:PC|ripple_carry_adder:inc_adder|full_adder:fa_gen[17].fa ; full_adder                     ; work         ;
;                   |full_adder:fa_gen[18].fa|                ; 1 (1)               ; 0 (0)                     ; 0                 ; 0          ; 0    ; 0            ; |cpu_fpga|cpu:cpu_inst|datapath_top:dp|key_regs:key_regs_inst|pc_reg:PC|ripple_carry_adder:inc_adder|full_adder:fa_gen[18].fa ; full_adder                     ; work         ;
;                   |full_adder:fa_gen[19].fa|                ; 2 (2)               ; 0 (0)                     ; 0                 ; 0          ; 0    ; 0            ; |cpu_fpga|cpu:cpu_inst|datapath_top:dp|key_regs:key_regs_inst|pc_reg:PC|ripple_carry_adder:inc_adder|full_adder:fa_gen[19].fa ; full_adder                     ; work         ;
;                   |full_adder:fa_gen[1].fa|                 ; 1 (1)               ; 0 (0)                     ; 0                 ; 0          ; 0    ; 0            ; |cpu_fpga|cpu:cpu_inst|datapath_top:dp|key_regs:key_regs_inst|pc_reg:PC|ripple_carry_adder:inc_adder|full_adder:fa_gen[1].fa  ; full_adder                     ; work         ;
;                   |full_adder:fa_gen[20].fa|                ; 1 (1)               ; 0 (0)                     ; 0                 ; 0          ; 0    ; 0            ; |cpu_fpga|cpu:cpu_inst|datapath_top:dp|key_regs:key_regs_inst|pc_reg:PC|ripple_carry_adder:inc_adder|full_adder:fa_gen[20].fa ; full_adder                     ; work         ;
;                   |full_adder:fa_gen[21].fa|                ; 1 (1)               ; 0 (0)                     ; 0                 ; 0          ; 0    ; 0            ; |cpu_fpga|cpu:cpu_inst|datapath_top:dp|key_regs:key_regs_inst|pc_reg:PC|ripple_carry_adder:inc_adder|full_adder:fa_gen[21].fa ; full_adder                     ; work         ;
;                   |full_adder:fa_gen[22].fa|                ; 2 (2)               ; 0 (0)                     ; 0                 ; 0          ; 0    ; 0            ; |cpu_fpga|cpu:cpu_inst|datapath_top:dp|key_regs:key_regs_inst|pc_reg:PC|ripple_carry_adder:inc_adder|full_adder:fa_gen[22].fa ; full_adder                     ; work         ;
;                   |full_adder:fa_gen[23].fa|                ; 1 (1)               ; 0 (0)                     ; 0                 ; 0          ; 0    ; 0            ; |cpu_fpga|cpu:cpu_inst|datapath_top:dp|key_regs:key_regs_inst|pc_reg:PC|ripple_carry_adder:inc_adder|full_adder:fa_gen[23].fa ; full_adder                     ; work         ;
;                   |full_adder:fa_gen[24].fa|                ; 1 (1)               ; 0 (0)                     ; 0                 ; 0          ; 0    ; 0            ; |cpu_fpga|cpu:cpu_inst|datapath_top:dp|key_regs:key_regs_inst|pc_reg:PC|ripple_carry_adder:inc_adder|full_adder:fa_gen[24].fa ; full_adder                     ; work         ;
;                   |full_adder:fa_gen[25].fa|                ; 2 (2)               ; 0 (0)                     ; 0                 ; 0          ; 0    ; 0            ; |cpu_fpga|cpu:cpu_inst|datapath_top:dp|key_regs:key_regs_inst|pc_reg:PC|ripple_carry_adder:inc_adder|full_adder:fa_gen[25].fa ; full_adder                     ; work         ;
;                   |full_adder:fa_gen[26].fa|                ; 1 (1)               ; 0 (0)                     ; 0                 ; 0          ; 0    ; 0            ; |cpu_fpga|cpu:cpu_inst|datapath_top:dp|key_regs:key_regs_inst|pc_reg:PC|ripple_carry_adder:inc_adder|full_adder:fa_gen[26].fa ; full_adder                     ; work         ;
;                   |full_adder:fa_gen[27].fa|                ; 1 (1)               ; 0 (0)                     ; 0                 ; 0          ; 0    ; 0            ; |cpu_fpga|cpu:cpu_inst|datapath_top:dp|key_regs:key_regs_inst|pc_reg:PC|ripple_carry_adder:inc_adder|full_adder:fa_gen[27].fa ; full_adder                     ; work         ;
;                   |full_adder:fa_gen[28].fa|                ; 2 (2)               ; 0 (0)                     ; 0                 ; 0          ; 0    ; 0            ; |cpu_fpga|cpu:cpu_inst|datapath_top:dp|key_regs:key_regs_inst|pc_reg:PC|ripple_carry_adder:inc_adder|full_adder:fa_gen[28].fa ; full_adder                     ; work         ;
;                   |full_adder:fa_gen[29].fa|                ; 1 (1)               ; 0 (0)                     ; 0                 ; 0          ; 0    ; 0            ; |cpu_fpga|cpu:cpu_inst|datapath_top:dp|key_regs:key_regs_inst|pc_reg:PC|ripple_carry_adder:inc_adder|full_adder:fa_gen[29].fa ; full_adder                     ; work         ;
;                   |full_adder:fa_gen[2].fa|                 ; 1 (1)               ; 0 (0)                     ; 0                 ; 0          ; 0    ; 0            ; |cpu_fpga|cpu:cpu_inst|datapath_top:dp|key_regs:key_regs_inst|pc_reg:PC|ripple_carry_adder:inc_adder|full_adder:fa_gen[2].fa  ; full_adder                     ; work         ;
;                   |full_adder:fa_gen[30].fa|                ; 1 (1)               ; 0 (0)                     ; 0                 ; 0          ; 0    ; 0            ; |cpu_fpga|cpu:cpu_inst|datapath_top:dp|key_regs:key_regs_inst|pc_reg:PC|ripple_carry_adder:inc_adder|full_adder:fa_gen[30].fa ; full_adder                     ; work         ;
;                   |full_adder:fa_gen[31].fa|                ; 1 (1)               ; 0 (0)                     ; 0                 ; 0          ; 0    ; 0            ; |cpu_fpga|cpu:cpu_inst|datapath_top:dp|key_regs:key_regs_inst|pc_reg:PC|ripple_carry_adder:inc_adder|full_adder:fa_gen[31].fa ; full_adder                     ; work         ;
;                   |full_adder:fa_gen[3].fa|                 ; 1 (1)               ; 0 (0)                     ; 0                 ; 0          ; 0    ; 0            ; |cpu_fpga|cpu:cpu_inst|datapath_top:dp|key_regs:key_regs_inst|pc_reg:PC|ripple_carry_adder:inc_adder|full_adder:fa_gen[3].fa  ; full_adder                     ; work         ;
;                   |full_adder:fa_gen[4].fa|                 ; 2 (2)               ; 0 (0)                     ; 0                 ; 0          ; 0    ; 0            ; |cpu_fpga|cpu:cpu_inst|datapath_top:dp|key_regs:key_regs_inst|pc_reg:PC|ripple_carry_adder:inc_adder|full_adder:fa_gen[4].fa  ; full_adder                     ; work         ;
;                   |full_adder:fa_gen[5].fa|                 ; 1 (1)               ; 0 (0)                     ; 0                 ; 0          ; 0    ; 0            ; |cpu_fpga|cpu:cpu_inst|datapath_top:dp|key_regs:key_regs_inst|pc_reg:PC|ripple_carry_adder:inc_adder|full_adder:fa_gen[5].fa  ; full_adder                     ; work         ;
;                   |full_adder:fa_gen[6].fa|                 ; 1 (1)               ; 0 (0)                     ; 0                 ; 0          ; 0    ; 0            ; |cpu_fpga|cpu:cpu_inst|datapath_top:dp|key_regs:key_regs_inst|pc_reg:PC|ripple_carry_adder:inc_adder|full_adder:fa_gen[6].fa  ; full_adder                     ; work         ;
;                   |full_adder:fa_gen[7].fa|                 ; 2 (2)               ; 0 (0)                     ; 0                 ; 0          ; 0    ; 0            ; |cpu_fpga|cpu:cpu_inst|datapath_top:dp|key_regs:key_regs_inst|pc_reg:PC|ripple_carry_adder:inc_adder|full_adder:fa_gen[7].fa  ; full_adder                     ; work         ;
;                   |full_adder:fa_gen[8].fa|                 ; 1 (1)               ; 0 (0)                     ; 0                 ; 0          ; 0    ; 0            ; |cpu_fpga|cpu:cpu_inst|datapath_top:dp|key_regs:key_regs_inst|pc_reg:PC|ripple_carry_adder:inc_adder|full_adder:fa_gen[8].fa  ; full_adder                     ; work         ;
;                   |full_adder:fa_gen[9].fa|                 ; 1 (1)               ; 0 (0)                     ; 0                 ; 0          ; 0    ; 0            ; |cpu_fpga|cpu:cpu_inst|datapath_top:dp|key_regs:key_regs_inst|pc_reg:PC|ripple_carry_adder:inc_adder|full_adder:fa_gen[9].fa  ; full_adder                     ; work         ;
;             |reg32:HI|                                      ; 1 (1)               ; 32 (32)                   ; 0                 ; 0          ; 0    ; 0            ; |cpu_fpga|cpu:cpu_inst|datapath_top:dp|key_regs:key_regs_inst|reg32:HI                                                        ; reg32                          ; work         ;
;             |reg32:IR|                                      ; 1 (1)               ; 32 (32)                   ; 0                 ; 0          ; 0    ; 0            ; |cpu_fpga|cpu:cpu_inst|datapath_top:dp|key_regs:key_regs_inst|reg32:IR                                                        ; reg32                          ; work         ;
;             |reg32:LO|                                      ; 1 (1)               ; 32 (32)                   ; 0                 ; 0          ; 0    ; 0            ; |cpu_fpga|cpu:cpu_inst|datapath_top:dp|key_regs:key_regs_inst|reg32:LO                                                        ; reg32                          ; work         ;
;             |reg32:MAR|                                     ; 1 (1)               ; 9 (9)                     ; 0                 ; 0          ; 0    ; 0            ; |cpu_fpga|cpu:cpu_inst|datapath_top:dp|key_regs:key_regs_inst|reg32:MAR                                                       ; reg32                          ; work         ;
;             |reg32:Y|                                       ; 2 (2)               ; 32 (32)                   ; 0                 ; 0          ; 0    ; 0            ; |cpu_fpga|cpu:cpu_inst|datapath_top:dp|key_regs:key_regs_inst|reg32:Y                                                         ; reg32                          ; work         ;
;          |mdr:mdr_inst|                                     ; 0 (0)               ; 32 (32)                   ; 0                 ; 0          ; 0    ; 0            ; |cpu_fpga|cpu:cpu_inst|datapath_top:dp|mdr:mdr_inst                                                                           ; mdr                            ; work         ;
;          |mux_encoder:mux_encoder_inst|                     ; 7 (7)               ; 0 (0)                     ; 0                 ; 0          ; 0    ; 0            ; |cpu_fpga|cpu:cpu_inst|datapath_top:dp|mux_encoder:mux_encoder_inst                                                           ; mux_encoder                    ; work         ;
;          |outport:outport_inst|                             ; 2 (2)               ; 8 (8)                     ; 0                 ; 0          ; 0    ; 0            ; |cpu_fpga|cpu:cpu_inst|datapath_top:dp|outport:outport_inst                                                                   ; outport                        ; work         ;
;          |ram:ram_inst|                                     ; 7540 (7540)         ; 16384 (16384)             ; 0                 ; 0          ; 0    ; 0            ; |cpu_fpga|cpu:cpu_inst|datapath_top:dp|ram:ram_inst                                                                           ; ram                            ; work         ;
;          |regfile16:rf|                                     ; 17 (0)              ; 512 (0)                   ; 0                 ; 0          ; 0    ; 0            ; |cpu_fpga|cpu:cpu_inst|datapath_top:dp|regfile16:rf                                                                           ; regfile16                      ; work         ;
;             |reg32:r10|                                     ; 1 (1)               ; 32 (32)                   ; 0                 ; 0          ; 0    ; 0            ; |cpu_fpga|cpu:cpu_inst|datapath_top:dp|regfile16:rf|reg32:r10                                                                 ; reg32                          ; work         ;
;             |reg32:r11|                                     ; 1 (1)               ; 32 (32)                   ; 0                 ; 0          ; 0    ; 0            ; |cpu_fpga|cpu:cpu_inst|datapath_top:dp|regfile16:rf|reg32:r11                                                                 ; reg32                          ; work         ;
;             |reg32:r12|                                     ; 1 (1)               ; 32 (32)                   ; 0                 ; 0          ; 0    ; 0            ; |cpu_fpga|cpu:cpu_inst|datapath_top:dp|regfile16:rf|reg32:r12                                                                 ; reg32                          ; work         ;
;             |reg32:r13|                                     ; 1 (1)               ; 32 (32)                   ; 0                 ; 0          ; 0    ; 0            ; |cpu_fpga|cpu:cpu_inst|datapath_top:dp|regfile16:rf|reg32:r13                                                                 ; reg32                          ; work         ;
;             |reg32:r14|                                     ; 1 (1)               ; 32 (32)                   ; 0                 ; 0          ; 0    ; 0            ; |cpu_fpga|cpu:cpu_inst|datapath_top:dp|regfile16:rf|reg32:r14                                                                 ; reg32                          ; work         ;
;             |reg32:r15|                                     ; 1 (1)               ; 32 (32)                   ; 0                 ; 0          ; 0    ; 0            ; |cpu_fpga|cpu:cpu_inst|datapath_top:dp|regfile16:rf|reg32:r15                                                                 ; reg32                          ; work         ;
;             |reg32:r1|                                      ; 1 (1)               ; 32 (32)                   ; 0                 ; 0          ; 0    ; 0            ; |cpu_fpga|cpu:cpu_inst|datapath_top:dp|regfile16:rf|reg32:r1                                                                  ; reg32                          ; work         ;
;             |reg32:r2|                                      ; 1 (1)               ; 32 (32)                   ; 0                 ; 0          ; 0    ; 0            ; |cpu_fpga|cpu:cpu_inst|datapath_top:dp|regfile16:rf|reg32:r2                                                                  ; reg32                          ; work         ;
;             |reg32:r3|                                      ; 1 (1)               ; 32 (32)                   ; 0                 ; 0          ; 0    ; 0            ; |cpu_fpga|cpu:cpu_inst|datapath_top:dp|regfile16:rf|reg32:r3                                                                  ; reg32                          ; work         ;
;             |reg32:r4|                                      ; 1 (1)               ; 32 (32)                   ; 0                 ; 0          ; 0    ; 0            ; |cpu_fpga|cpu:cpu_inst|datapath_top:dp|regfile16:rf|reg32:r4                                                                  ; reg32                          ; work         ;
;             |reg32:r5|                                      ; 1 (1)               ; 32 (32)                   ; 0                 ; 0          ; 0    ; 0            ; |cpu_fpga|cpu:cpu_inst|datapath_top:dp|regfile16:rf|reg32:r5                                                                  ; reg32                          ; work         ;
;             |reg32:r6|                                      ; 1 (1)               ; 32 (32)                   ; 0                 ; 0          ; 0    ; 0            ; |cpu_fpga|cpu:cpu_inst|datapath_top:dp|regfile16:rf|reg32:r6                                                                  ; reg32                          ; work         ;
;             |reg32:r7|                                      ; 2 (2)               ; 32 (32)                   ; 0                 ; 0          ; 0    ; 0            ; |cpu_fpga|cpu:cpu_inst|datapath_top:dp|regfile16:rf|reg32:r7                                                                  ; reg32                          ; work         ;
;             |reg32:r8|                                      ; 1 (1)               ; 32 (32)                   ; 0                 ; 0          ; 0    ; 0            ; |cpu_fpga|cpu:cpu_inst|datapath_top:dp|regfile16:rf|reg32:r8                                                                  ; reg32                          ; work         ;
;             |reg32:r9|                                      ; 1 (1)               ; 32 (32)                   ; 0                 ; 0          ; 0    ; 0            ; |cpu_fpga|cpu:cpu_inst|datapath_top:dp|regfile16:rf|reg32:r9                                                                  ; reg32                          ; work         ;
;             |reg32_r0:r0|                                   ; 1 (1)               ; 32 (32)                   ; 0                 ; 0          ; 0    ; 0            ; |cpu_fpga|cpu:cpu_inst|datapath_top:dp|regfile16:rf|reg32_r0:r0                                                               ; reg32_r0                       ; work         ;
;          |select_encode:select_encode_inst|                 ; 10 (10)             ; 0 (0)                     ; 0                 ; 0          ; 0    ; 0            ; |cpu_fpga|cpu:cpu_inst|datapath_top:dp|select_encode:select_encode_inst                                                       ; select_encode                  ; work         ;
;    |seven_seg:seg0|                                         ; 7 (7)               ; 0 (0)                     ; 0                 ; 0          ; 0    ; 0            ; |cpu_fpga|seven_seg:seg0                                                                                                      ; seven_seg                      ; work         ;
;    |seven_seg:seg1|                                         ; 7 (7)               ; 0 (0)                     ; 0                 ; 0          ; 0    ; 0            ; |cpu_fpga|seven_seg:seg1                                                                                                      ; seven_seg                      ; work         ;
+-------------------------------------------------------------+---------------------+---------------------------+-------------------+------------+------+--------------+-------------------------------------------------------------------------------------------------------------------------------+--------------------------------+--------------+
Note: For table entries with two numbers listed, the numbers in parentheses indicate the number of resources of the given type used by the specific entity alone. The numbers listed outside of parentheses indicate the total resources of the given type used by the specific entity and all of its sub-entities in the hierarchy.


Encoding Type:  One-Hot
+-----------------------------------------------------------------------------------------------------------------------------------------------------------------------------------------------------------------------------------------------------------------------------------------------------------------------------------------------------------------------------------------------------------------------------------------------------------------------------------------------------------------------------------------------------------------------------------------------------------------------------------------------------------------------------------------------------------------------------------------------------------------------------------------------------------------------------------+
; State Machine - |cpu_fpga|cpu:cpu_inst|control_unit:cu|state                                                                                                                                                                                                                                                                                                                                                                                                                                                                                                                                                                                                                                                                                                                                                                      ;
+-----------------+--------------+----------------+----------------+---------------+---------------+-----------------+-----------------+----------------+----------------+---------------+---------------+---------------+---------------+---------------+----------------+----------------+----------------+---------------+---------------+---------------+---------------+---------------+----------------+----------------+----------------+---------------+---------------+---------------+---------------+---------------+----------------+----------------+----------------+----------------+----------------+----------------+----------------+----------------+-----------------+-----------------+-----------------+-----------------+-----------------+----------------+----------------+----------------+---------------+
; Name            ; state.S_HALT ; state.S_NOP_T3 ; state.S_OUT_T3 ; state.S_IN_T4 ; state.S_IN_T3 ; state.S_MFLO_T3 ; state.S_MFHI_T3 ; state.S_JAL_T4 ; state.S_JAL_T3 ; state.S_JR_T3 ; state.S_BR_T6 ; state.S_BR_T5 ; state.S_BR_T4 ; state.S_BR_T3 ; state.S_IMM_T5 ; state.S_IMM_T4 ; state.S_IMM_T3 ; state.S_ST_T7 ; state.S_ST_T6 ; state.S_ST_T5 ; state.S_ST_T4 ; state.S_ST_T3 ; state.S_LDI_T5 ; state.S_LDI_T4 ; state.S_LDI_T3 ; state.S_LD_T7 ; state.S_LD_T6 ; state.S_LD_T5 ; state.S_LD_T4 ; state.S_LD_T3 ; state.S_DIV_T6 ; state.S_DIV_T5 ; state.S_DIV_T4 ; state.S_DIV_T3 ; state.S_MUL_T6 ; state.S_MUL_T5 ; state.S_MUL_T4 ; state.S_MUL_T3 ; state.S_ALU2_T4 ; state.S_ALU2_T3 ; state.S_ALU3_T5 ; state.S_ALU3_T4 ; state.S_ALU3_T3 ; state.S_FETCH2 ; state.S_FETCH1 ; state.S_FETCH0 ; state.S_RESET ;
+-----------------+--------------+----------------+----------------+---------------+---------------+-----------------+-----------------+----------------+----------------+---------------+---------------+---------------+---------------+---------------+----------------+----------------+----------------+---------------+---------------+---------------+---------------+---------------+----------------+----------------+----------------+---------------+---------------+---------------+---------------+---------------+----------------+----------------+----------------+----------------+----------------+----------------+----------------+----------------+-----------------+-----------------+-----------------+-----------------+-----------------+----------------+----------------+----------------+---------------+
; state.S_RESET   ; 0            ; 0              ; 0              ; 0             ; 0             ; 0               ; 0               ; 0              ; 0              ; 0             ; 0             ; 0             ; 0             ; 0             ; 0              ; 0              ; 0              ; 0             ; 0             ; 0             ; 0             ; 0             ; 0              ; 0              ; 0              ; 0             ; 0             ; 0             ; 0             ; 0             ; 0              ; 0              ; 0              ; 0              ; 0              ; 0              ; 0              ; 0              ; 0               ; 0               ; 0               ; 0               ; 0               ; 0              ; 0              ; 0              ; 0             ;
; state.S_FETCH0  ; 0            ; 0              ; 0              ; 0             ; 0             ; 0               ; 0               ; 0              ; 0              ; 0             ; 0             ; 0             ; 0             ; 0             ; 0              ; 0              ; 0              ; 0             ; 0             ; 0             ; 0             ; 0             ; 0              ; 0              ; 0              ; 0             ; 0             ; 0             ; 0             ; 0             ; 0              ; 0              ; 0              ; 0              ; 0              ; 0              ; 0              ; 0              ; 0               ; 0               ; 0               ; 0               ; 0               ; 0              ; 0              ; 1              ; 1             ;
; state.S_FETCH1  ; 0            ; 0              ; 0              ; 0             ; 0             ; 0               ; 0               ; 0              ; 0              ; 0             ; 0             ; 0             ; 0             ; 0             ; 0              ; 0              ; 0              ; 0             ; 0             ; 0             ; 0             ; 0             ; 0              ; 0              ; 0              ; 0             ; 0             ; 0             ; 0             ; 0             ; 0              ; 0              ; 0              ; 0              ; 0              ; 0              ; 0              ; 0              ; 0               ; 0               ; 0               ; 0               ; 0               ; 0              ; 1              ; 0              ; 1             ;
; state.S_FETCH2  ; 0            ; 0              ; 0              ; 0             ; 0             ; 0               ; 0               ; 0              ; 0              ; 0             ; 0             ; 0             ; 0             ; 0             ; 0              ; 0              ; 0              ; 0             ; 0             ; 0             ; 0             ; 0             ; 0              ; 0              ; 0              ; 0             ; 0             ; 0             ; 0             ; 0             ; 0              ; 0              ; 0              ; 0              ; 0              ; 0              ; 0              ; 0              ; 0               ; 0               ; 0               ; 0               ; 0               ; 1              ; 0              ; 0              ; 1             ;
; state.S_ALU3_T3 ; 0            ; 0              ; 0              ; 0             ; 0             ; 0               ; 0               ; 0              ; 0              ; 0             ; 0             ; 0             ; 0             ; 0             ; 0              ; 0              ; 0              ; 0             ; 0             ; 0             ; 0             ; 0             ; 0              ; 0              ; 0              ; 0             ; 0             ; 0             ; 0             ; 0             ; 0              ; 0              ; 0              ; 0              ; 0              ; 0              ; 0              ; 0              ; 0               ; 0               ; 0               ; 0               ; 1               ; 0              ; 0              ; 0              ; 1             ;
; state.S_ALU3_T4 ; 0            ; 0              ; 0              ; 0             ; 0             ; 0               ; 0               ; 0              ; 0              ; 0             ; 0             ; 0             ; 0             ; 0             ; 0              ; 0              ; 0              ; 0             ; 0             ; 0             ; 0             ; 0             ; 0              ; 0              ; 0              ; 0             ; 0             ; 0             ; 0             ; 0             ; 0              ; 0              ; 0              ; 0              ; 0              ; 0              ; 0              ; 0              ; 0               ; 0               ; 0               ; 1               ; 0               ; 0              ; 0              ; 0              ; 1             ;
; state.S_ALU3_T5 ; 0            ; 0              ; 0              ; 0             ; 0             ; 0               ; 0               ; 0              ; 0              ; 0             ; 0             ; 0             ; 0             ; 0             ; 0              ; 0              ; 0              ; 0             ; 0             ; 0             ; 0             ; 0             ; 0              ; 0              ; 0              ; 0             ; 0             ; 0             ; 0             ; 0             ; 0              ; 0              ; 0              ; 0              ; 0              ; 0              ; 0              ; 0              ; 0               ; 0               ; 1               ; 0               ; 0               ; 0              ; 0              ; 0              ; 1             ;
; state.S_ALU2_T3 ; 0            ; 0              ; 0              ; 0             ; 0             ; 0               ; 0               ; 0              ; 0              ; 0             ; 0             ; 0             ; 0             ; 0             ; 0              ; 0              ; 0              ; 0             ; 0             ; 0             ; 0             ; 0             ; 0              ; 0              ; 0              ; 0             ; 0             ; 0             ; 0             ; 0             ; 0              ; 0              ; 0              ; 0              ; 0              ; 0              ; 0              ; 0              ; 0               ; 1               ; 0               ; 0               ; 0               ; 0              ; 0              ; 0              ; 1             ;
; state.S_ALU2_T4 ; 0            ; 0              ; 0              ; 0             ; 0             ; 0               ; 0               ; 0              ; 0              ; 0             ; 0             ; 0             ; 0             ; 0             ; 0              ; 0              ; 0              ; 0             ; 0             ; 0             ; 0             ; 0             ; 0              ; 0              ; 0              ; 0             ; 0             ; 0             ; 0             ; 0             ; 0              ; 0              ; 0              ; 0              ; 0              ; 0              ; 0              ; 0              ; 1               ; 0               ; 0               ; 0               ; 0               ; 0              ; 0              ; 0              ; 1             ;
; state.S_MUL_T3  ; 0            ; 0              ; 0              ; 0             ; 0             ; 0               ; 0               ; 0              ; 0              ; 0             ; 0             ; 0             ; 0             ; 0             ; 0              ; 0              ; 0              ; 0             ; 0             ; 0             ; 0             ; 0             ; 0              ; 0              ; 0              ; 0             ; 0             ; 0             ; 0             ; 0             ; 0              ; 0              ; 0              ; 0              ; 0              ; 0              ; 0              ; 1              ; 0               ; 0               ; 0               ; 0               ; 0               ; 0              ; 0              ; 0              ; 1             ;
; state.S_MUL_T4  ; 0            ; 0              ; 0              ; 0             ; 0             ; 0               ; 0               ; 0              ; 0              ; 0             ; 0             ; 0             ; 0             ; 0             ; 0              ; 0              ; 0              ; 0             ; 0             ; 0             ; 0             ; 0             ; 0              ; 0              ; 0              ; 0             ; 0             ; 0             ; 0             ; 0             ; 0              ; 0              ; 0              ; 0              ; 0              ; 0              ; 1              ; 0              ; 0               ; 0               ; 0               ; 0               ; 0               ; 0              ; 0              ; 0              ; 1             ;
; state.S_MUL_T5  ; 0            ; 0              ; 0              ; 0             ; 0             ; 0               ; 0               ; 0              ; 0              ; 0             ; 0             ; 0             ; 0             ; 0             ; 0              ; 0              ; 0              ; 0             ; 0             ; 0             ; 0             ; 0             ; 0              ; 0              ; 0              ; 0             ; 0             ; 0             ; 0             ; 0             ; 0              ; 0              ; 0              ; 0              ; 0              ; 1              ; 0              ; 0              ; 0               ; 0               ; 0               ; 0               ; 0               ; 0              ; 0              ; 0              ; 1             ;
; state.S_MUL_T6  ; 0            ; 0              ; 0              ; 0             ; 0             ; 0               ; 0               ; 0              ; 0              ; 0             ; 0             ; 0             ; 0             ; 0             ; 0              ; 0              ; 0              ; 0             ; 0             ; 0             ; 0             ; 0             ; 0              ; 0              ; 0              ; 0             ; 0             ; 0             ; 0             ; 0             ; 0              ; 0              ; 0              ; 0              ; 1              ; 0              ; 0              ; 0              ; 0               ; 0               ; 0               ; 0               ; 0               ; 0              ; 0              ; 0              ; 1             ;
; state.S_DIV_T3  ; 0            ; 0              ; 0              ; 0             ; 0             ; 0               ; 0               ; 0              ; 0              ; 0             ; 0             ; 0             ; 0             ; 0             ; 0              ; 0              ; 0              ; 0             ; 0             ; 0             ; 0             ; 0             ; 0              ; 0              ; 0              ; 0             ; 0             ; 0             ; 0             ; 0             ; 0              ; 0              ; 0              ; 1              ; 0              ; 0              ; 0              ; 0              ; 0               ; 0               ; 0               ; 0               ; 0               ; 0              ; 0              ; 0              ; 1             ;
; state.S_DIV_T4  ; 0            ; 0              ; 0              ; 0             ; 0             ; 0               ; 0               ; 0              ; 0              ; 0             ; 0             ; 0             ; 0             ; 0             ; 0              ; 0              ; 0              ; 0             ; 0             ; 0             ; 0             ; 0             ; 0              ; 0              ; 0              ; 0             ; 0             ; 0             ; 0             ; 0             ; 0              ; 0              ; 1              ; 0              ; 0              ; 0              ; 0              ; 0              ; 0               ; 0               ; 0               ; 0               ; 0               ; 0              ; 0              ; 0              ; 1             ;
; state.S_DIV_T5  ; 0            ; 0              ; 0              ; 0             ; 0             ; 0               ; 0               ; 0              ; 0              ; 0             ; 0             ; 0             ; 0             ; 0             ; 0              ; 0              ; 0              ; 0             ; 0             ; 0             ; 0             ; 0             ; 0              ; 0              ; 0              ; 0             ; 0             ; 0             ; 0             ; 0             ; 0              ; 1              ; 0              ; 0              ; 0              ; 0              ; 0              ; 0              ; 0               ; 0               ; 0               ; 0               ; 0               ; 0              ; 0              ; 0              ; 1             ;
; state.S_DIV_T6  ; 0            ; 0              ; 0              ; 0             ; 0             ; 0               ; 0               ; 0              ; 0              ; 0             ; 0             ; 0             ; 0             ; 0             ; 0              ; 0              ; 0              ; 0             ; 0             ; 0             ; 0             ; 0             ; 0              ; 0              ; 0              ; 0             ; 0             ; 0             ; 0             ; 0             ; 1              ; 0              ; 0              ; 0              ; 0              ; 0              ; 0              ; 0              ; 0               ; 0               ; 0               ; 0               ; 0               ; 0              ; 0              ; 0              ; 1             ;
; state.S_LD_T3   ; 0            ; 0              ; 0              ; 0             ; 0             ; 0               ; 0               ; 0              ; 0              ; 0             ; 0             ; 0             ; 0             ; 0             ; 0              ; 0              ; 0              ; 0             ; 0             ; 0             ; 0             ; 0             ; 0              ; 0              ; 0              ; 0             ; 0             ; 0             ; 0             ; 1             ; 0              ; 0              ; 0              ; 0              ; 0              ; 0              ; 0              ; 0              ; 0               ; 0               ; 0               ; 0               ; 0               ; 0              ; 0              ; 0              ; 1             ;
; state.S_LD_T4   ; 0            ; 0              ; 0              ; 0             ; 0             ; 0               ; 0               ; 0              ; 0              ; 0             ; 0             ; 0             ; 0             ; 0             ; 0              ; 0              ; 0              ; 0             ; 0             ; 0             ; 0             ; 0             ; 0              ; 0              ; 0              ; 0             ; 0             ; 0             ; 1             ; 0             ; 0              ; 0              ; 0              ; 0              ; 0              ; 0              ; 0              ; 0              ; 0               ; 0               ; 0               ; 0               ; 0               ; 0              ; 0              ; 0              ; 1             ;
; state.S_LD_T5   ; 0            ; 0              ; 0              ; 0             ; 0             ; 0               ; 0               ; 0              ; 0              ; 0             ; 0             ; 0             ; 0             ; 0             ; 0              ; 0              ; 0              ; 0             ; 0             ; 0             ; 0             ; 0             ; 0              ; 0              ; 0              ; 0             ; 0             ; 1             ; 0             ; 0             ; 0              ; 0              ; 0              ; 0              ; 0              ; 0              ; 0              ; 0              ; 0               ; 0               ; 0               ; 0               ; 0               ; 0              ; 0              ; 0              ; 1             ;
; state.S_LD_T6   ; 0            ; 0              ; 0              ; 0             ; 0             ; 0               ; 0               ; 0              ; 0              ; 0             ; 0             ; 0             ; 0             ; 0             ; 0              ; 0              ; 0              ; 0             ; 0             ; 0             ; 0             ; 0             ; 0              ; 0              ; 0              ; 0             ; 1             ; 0             ; 0             ; 0             ; 0              ; 0              ; 0              ; 0              ; 0              ; 0              ; 0              ; 0              ; 0               ; 0               ; 0               ; 0               ; 0               ; 0              ; 0              ; 0              ; 1             ;
; state.S_LD_T7   ; 0            ; 0              ; 0              ; 0             ; 0             ; 0               ; 0               ; 0              ; 0              ; 0             ; 0             ; 0             ; 0             ; 0             ; 0              ; 0              ; 0              ; 0             ; 0             ; 0             ; 0             ; 0             ; 0              ; 0              ; 0              ; 1             ; 0             ; 0             ; 0             ; 0             ; 0              ; 0              ; 0              ; 0              ; 0              ; 0              ; 0              ; 0              ; 0               ; 0               ; 0               ; 0               ; 0               ; 0              ; 0              ; 0              ; 1             ;
; state.S_LDI_T3  ; 0            ; 0              ; 0              ; 0             ; 0             ; 0               ; 0               ; 0              ; 0              ; 0             ; 0             ; 0             ; 0             ; 0             ; 0              ; 0              ; 0              ; 0             ; 0             ; 0             ; 0             ; 0             ; 0              ; 0              ; 1              ; 0             ; 0             ; 0             ; 0             ; 0             ; 0              ; 0              ; 0              ; 0              ; 0              ; 0              ; 0              ; 0              ; 0               ; 0               ; 0               ; 0               ; 0               ; 0              ; 0              ; 0              ; 1             ;
; state.S_LDI_T4  ; 0            ; 0              ; 0              ; 0             ; 0             ; 0               ; 0               ; 0              ; 0              ; 0             ; 0             ; 0             ; 0             ; 0             ; 0              ; 0              ; 0              ; 0             ; 0             ; 0             ; 0             ; 0             ; 0              ; 1              ; 0              ; 0             ; 0             ; 0             ; 0             ; 0             ; 0              ; 0              ; 0              ; 0              ; 0              ; 0              ; 0              ; 0              ; 0               ; 0               ; 0               ; 0               ; 0               ; 0              ; 0              ; 0              ; 1             ;
; state.S_LDI_T5  ; 0            ; 0              ; 0              ; 0             ; 0             ; 0               ; 0               ; 0              ; 0              ; 0             ; 0             ; 0             ; 0             ; 0             ; 0              ; 0              ; 0              ; 0             ; 0             ; 0             ; 0             ; 0             ; 1              ; 0              ; 0              ; 0             ; 0             ; 0             ; 0             ; 0             ; 0              ; 0              ; 0              ; 0              ; 0              ; 0              ; 0              ; 0              ; 0               ; 0               ; 0               ; 0               ; 0               ; 0              ; 0              ; 0              ; 1             ;
; state.S_ST_T3   ; 0            ; 0              ; 0              ; 0             ; 0             ; 0               ; 0               ; 0              ; 0              ; 0             ; 0             ; 0             ; 0             ; 0             ; 0              ; 0              ; 0              ; 0             ; 0             ; 0             ; 0             ; 1             ; 0              ; 0              ; 0              ; 0             ; 0             ; 0             ; 0             ; 0             ; 0              ; 0              ; 0              ; 0              ; 0              ; 0              ; 0              ; 0              ; 0               ; 0               ; 0               ; 0               ; 0               ; 0              ; 0              ; 0              ; 1             ;
; state.S_ST_T4   ; 0            ; 0              ; 0              ; 0             ; 0             ; 0               ; 0               ; 0              ; 0              ; 0             ; 0             ; 0             ; 0             ; 0             ; 0              ; 0              ; 0              ; 0             ; 0             ; 0             ; 1             ; 0             ; 0              ; 0              ; 0              ; 0             ; 0             ; 0             ; 0             ; 0             ; 0              ; 0              ; 0              ; 0              ; 0              ; 0              ; 0              ; 0              ; 0               ; 0               ; 0               ; 0               ; 0               ; 0              ; 0              ; 0              ; 1             ;
; state.S_ST_T5   ; 0            ; 0              ; 0              ; 0             ; 0             ; 0               ; 0               ; 0              ; 0              ; 0             ; 0             ; 0             ; 0             ; 0             ; 0              ; 0              ; 0              ; 0             ; 0             ; 1             ; 0             ; 0             ; 0              ; 0              ; 0              ; 0             ; 0             ; 0             ; 0             ; 0             ; 0              ; 0              ; 0              ; 0              ; 0              ; 0              ; 0              ; 0              ; 0               ; 0               ; 0               ; 0               ; 0               ; 0              ; 0              ; 0              ; 1             ;
; state.S_ST_T6   ; 0            ; 0              ; 0              ; 0             ; 0             ; 0               ; 0               ; 0              ; 0              ; 0             ; 0             ; 0             ; 0             ; 0             ; 0              ; 0              ; 0              ; 0             ; 1             ; 0             ; 0             ; 0             ; 0              ; 0              ; 0              ; 0             ; 0             ; 0             ; 0             ; 0             ; 0              ; 0              ; 0              ; 0              ; 0              ; 0              ; 0              ; 0              ; 0               ; 0               ; 0               ; 0               ; 0               ; 0              ; 0              ; 0              ; 1             ;
; state.S_ST_T7   ; 0            ; 0              ; 0              ; 0             ; 0             ; 0               ; 0               ; 0              ; 0              ; 0             ; 0             ; 0             ; 0             ; 0             ; 0              ; 0              ; 0              ; 1             ; 0             ; 0             ; 0             ; 0             ; 0              ; 0              ; 0              ; 0             ; 0             ; 0             ; 0             ; 0             ; 0              ; 0              ; 0              ; 0              ; 0              ; 0              ; 0              ; 0              ; 0               ; 0               ; 0               ; 0               ; 0               ; 0              ; 0              ; 0              ; 1             ;
; state.S_IMM_T3  ; 0            ; 0              ; 0              ; 0             ; 0             ; 0               ; 0               ; 0              ; 0              ; 0             ; 0             ; 0             ; 0             ; 0             ; 0              ; 0              ; 1              ; 0             ; 0             ; 0             ; 0             ; 0             ; 0              ; 0              ; 0              ; 0             ; 0             ; 0             ; 0             ; 0             ; 0              ; 0              ; 0              ; 0              ; 0              ; 0              ; 0              ; 0              ; 0               ; 0               ; 0               ; 0               ; 0               ; 0              ; 0              ; 0              ; 1             ;
; state.S_IMM_T4  ; 0            ; 0              ; 0              ; 0             ; 0             ; 0               ; 0               ; 0              ; 0              ; 0             ; 0             ; 0             ; 0             ; 0             ; 0              ; 1              ; 0              ; 0             ; 0             ; 0             ; 0             ; 0             ; 0              ; 0              ; 0              ; 0             ; 0             ; 0             ; 0             ; 0             ; 0              ; 0              ; 0              ; 0              ; 0              ; 0              ; 0              ; 0              ; 0               ; 0               ; 0               ; 0               ; 0               ; 0              ; 0              ; 0              ; 1             ;
; state.S_IMM_T5  ; 0            ; 0              ; 0              ; 0             ; 0             ; 0               ; 0               ; 0              ; 0              ; 0             ; 0             ; 0             ; 0             ; 0             ; 1              ; 0              ; 0              ; 0             ; 0             ; 0             ; 0             ; 0             ; 0              ; 0              ; 0              ; 0             ; 0             ; 0             ; 0             ; 0             ; 0              ; 0              ; 0              ; 0              ; 0              ; 0              ; 0              ; 0              ; 0               ; 0               ; 0               ; 0               ; 0               ; 0              ; 0              ; 0              ; 1             ;
; state.S_BR_T3   ; 0            ; 0              ; 0              ; 0             ; 0             ; 0               ; 0               ; 0              ; 0              ; 0             ; 0             ; 0             ; 0             ; 1             ; 0              ; 0              ; 0              ; 0             ; 0             ; 0             ; 0             ; 0             ; 0              ; 0              ; 0              ; 0             ; 0             ; 0             ; 0             ; 0             ; 0              ; 0              ; 0              ; 0              ; 0              ; 0              ; 0              ; 0              ; 0               ; 0               ; 0               ; 0               ; 0               ; 0              ; 0              ; 0              ; 1             ;
; state.S_BR_T4   ; 0            ; 0              ; 0              ; 0             ; 0             ; 0               ; 0               ; 0              ; 0              ; 0             ; 0             ; 0             ; 1             ; 0             ; 0              ; 0              ; 0              ; 0             ; 0             ; 0             ; 0             ; 0             ; 0              ; 0              ; 0              ; 0             ; 0             ; 0             ; 0             ; 0             ; 0              ; 0              ; 0              ; 0              ; 0              ; 0              ; 0              ; 0              ; 0               ; 0               ; 0               ; 0               ; 0               ; 0              ; 0              ; 0              ; 1             ;
; state.S_BR_T5   ; 0            ; 0              ; 0              ; 0             ; 0             ; 0               ; 0               ; 0              ; 0              ; 0             ; 0             ; 1             ; 0             ; 0             ; 0              ; 0              ; 0              ; 0             ; 0             ; 0             ; 0             ; 0             ; 0              ; 0              ; 0              ; 0             ; 0             ; 0             ; 0             ; 0             ; 0              ; 0              ; 0              ; 0              ; 0              ; 0              ; 0              ; 0              ; 0               ; 0               ; 0               ; 0               ; 0               ; 0              ; 0              ; 0              ; 1             ;
; state.S_BR_T6   ; 0            ; 0              ; 0              ; 0             ; 0             ; 0               ; 0               ; 0              ; 0              ; 0             ; 1             ; 0             ; 0             ; 0             ; 0              ; 0              ; 0              ; 0             ; 0             ; 0             ; 0             ; 0             ; 0              ; 0              ; 0              ; 0             ; 0             ; 0             ; 0             ; 0             ; 0              ; 0              ; 0              ; 0              ; 0              ; 0              ; 0              ; 0              ; 0               ; 0               ; 0               ; 0               ; 0               ; 0              ; 0              ; 0              ; 1             ;
; state.S_JR_T3   ; 0            ; 0              ; 0              ; 0             ; 0             ; 0               ; 0               ; 0              ; 0              ; 1             ; 0             ; 0             ; 0             ; 0             ; 0              ; 0              ; 0              ; 0             ; 0             ; 0             ; 0             ; 0             ; 0              ; 0              ; 0              ; 0             ; 0             ; 0             ; 0             ; 0             ; 0              ; 0              ; 0              ; 0              ; 0              ; 0              ; 0              ; 0              ; 0               ; 0               ; 0               ; 0               ; 0               ; 0              ; 0              ; 0              ; 1             ;
; state.S_JAL_T3  ; 0            ; 0              ; 0              ; 0             ; 0             ; 0               ; 0               ; 0              ; 1              ; 0             ; 0             ; 0             ; 0             ; 0             ; 0              ; 0              ; 0              ; 0             ; 0             ; 0             ; 0             ; 0             ; 0              ; 0              ; 0              ; 0             ; 0             ; 0             ; 0             ; 0             ; 0              ; 0              ; 0              ; 0              ; 0              ; 0              ; 0              ; 0              ; 0               ; 0               ; 0               ; 0               ; 0               ; 0              ; 0              ; 0              ; 1             ;
; state.S_JAL_T4  ; 0            ; 0              ; 0              ; 0             ; 0             ; 0               ; 0               ; 1              ; 0              ; 0             ; 0             ; 0             ; 0             ; 0             ; 0              ; 0              ; 0              ; 0             ; 0             ; 0             ; 0             ; 0             ; 0              ; 0              ; 0              ; 0             ; 0             ; 0             ; 0             ; 0             ; 0              ; 0              ; 0              ; 0              ; 0              ; 0              ; 0              ; 0              ; 0               ; 0               ; 0               ; 0               ; 0               ; 0              ; 0              ; 0              ; 1             ;
; state.S_MFHI_T3 ; 0            ; 0              ; 0              ; 0             ; 0             ; 0               ; 1               ; 0              ; 0              ; 0             ; 0             ; 0             ; 0             ; 0             ; 0              ; 0              ; 0              ; 0             ; 0             ; 0             ; 0             ; 0             ; 0              ; 0              ; 0              ; 0             ; 0             ; 0             ; 0             ; 0             ; 0              ; 0              ; 0              ; 0              ; 0              ; 0              ; 0              ; 0              ; 0               ; 0               ; 0               ; 0               ; 0               ; 0              ; 0              ; 0              ; 1             ;
; state.S_MFLO_T3 ; 0            ; 0              ; 0              ; 0             ; 0             ; 1               ; 0               ; 0              ; 0              ; 0             ; 0             ; 0             ; 0             ; 0             ; 0              ; 0              ; 0              ; 0             ; 0             ; 0             ; 0             ; 0             ; 0              ; 0              ; 0              ; 0             ; 0             ; 0             ; 0             ; 0             ; 0              ; 0              ; 0              ; 0              ; 0              ; 0              ; 0              ; 0              ; 0               ; 0               ; 0               ; 0               ; 0               ; 0              ; 0              ; 0              ; 1             ;
; state.S_IN_T3   ; 0            ; 0              ; 0              ; 0             ; 1             ; 0               ; 0               ; 0              ; 0              ; 0             ; 0             ; 0             ; 0             ; 0             ; 0              ; 0              ; 0              ; 0             ; 0             ; 0             ; 0             ; 0             ; 0              ; 0              ; 0              ; 0             ; 0             ; 0             ; 0             ; 0             ; 0              ; 0              ; 0              ; 0              ; 0              ; 0              ; 0              ; 0              ; 0               ; 0               ; 0               ; 0               ; 0               ; 0              ; 0              ; 0              ; 1             ;
; state.S_IN_T4   ; 0            ; 0              ; 0              ; 1             ; 0             ; 0               ; 0               ; 0              ; 0              ; 0             ; 0             ; 0             ; 0             ; 0             ; 0              ; 0              ; 0              ; 0             ; 0             ; 0             ; 0             ; 0             ; 0              ; 0              ; 0              ; 0             ; 0             ; 0             ; 0             ; 0             ; 0              ; 0              ; 0              ; 0              ; 0              ; 0              ; 0              ; 0              ; 0               ; 0               ; 0               ; 0               ; 0               ; 0              ; 0              ; 0              ; 1             ;
; state.S_OUT_T3  ; 0            ; 0              ; 1              ; 0             ; 0             ; 0               ; 0               ; 0              ; 0              ; 0             ; 0             ; 0             ; 0             ; 0             ; 0              ; 0              ; 0              ; 0             ; 0             ; 0             ; 0             ; 0             ; 0              ; 0              ; 0              ; 0             ; 0             ; 0             ; 0             ; 0             ; 0              ; 0              ; 0              ; 0              ; 0              ; 0              ; 0              ; 0              ; 0               ; 0               ; 0               ; 0               ; 0               ; 0              ; 0              ; 0              ; 1             ;
; state.S_NOP_T3  ; 0            ; 1              ; 0              ; 0             ; 0             ; 0               ; 0               ; 0              ; 0              ; 0             ; 0             ; 0             ; 0             ; 0             ; 0              ; 0              ; 0              ; 0             ; 0             ; 0             ; 0             ; 0             ; 0              ; 0              ; 0              ; 0             ; 0             ; 0             ; 0             ; 0             ; 0              ; 0              ; 0              ; 0              ; 0              ; 0              ; 0              ; 0              ; 0               ; 0               ; 0               ; 0               ; 0               ; 0              ; 0              ; 0              ; 1             ;
; state.S_HALT    ; 1            ; 0              ; 0              ; 0             ; 0             ; 0               ; 0               ; 0              ; 0              ; 0             ; 0             ; 0             ; 0             ; 0             ; 0              ; 0              ; 0              ; 0             ; 0             ; 0             ; 0             ; 0             ; 0              ; 0              ; 0              ; 0             ; 0             ; 0             ; 0             ; 0             ; 0              ; 0              ; 0              ; 0              ; 0              ; 0              ; 0              ; 0              ; 0               ; 0               ; 0               ; 0               ; 0               ; 0              ; 0              ; 0              ; 1             ;
+-----------------+--------------+----------------+----------------+---------------+---------------+-----------------+-----------------+----------------+----------------+---------------+---------------+---------------+---------------+---------------+----------------+----------------+----------------+---------------+---------------+---------------+---------------+---------------+----------------+----------------+----------------+---------------+---------------+---------------+---------------+---------------+----------------+----------------+----------------+----------------+----------------+----------------+----------------+----------------+-----------------+-----------------+-----------------+-----------------+-----------------+----------------+----------------+----------------+---------------+


+------------------------------------------------------------------------------------------------------------+
; Registers Removed During Synthesis                                                                         ;
+-------------------------------------------------------------------+----------------------------------------+
; Register name                                                     ; Reason for Removal                     ;
+-------------------------------------------------------------------+----------------------------------------+
; cpu:cpu_inst|datapath_top:dp|inport:inport_inst|inport_val[8..31] ; Stuck at GND due to stuck port data_in ;
; cpu:cpu_inst|control_unit:cu|state~4                              ; Lost fanout                            ;
; cpu:cpu_inst|control_unit:cu|state~5                              ; Lost fanout                            ;
; cpu:cpu_inst|control_unit:cu|state~6                              ; Lost fanout                            ;
; cpu:cpu_inst|control_unit:cu|state~7                              ; Lost fanout                            ;
; cpu:cpu_inst|control_unit:cu|state~8                              ; Lost fanout                            ;
; cpu:cpu_inst|control_unit:cu|state~9                              ; Lost fanout                            ;
; Total Number of Removed Registers = 30                            ;                                        ;
+-------------------------------------------------------------------+----------------------------------------+


+------------------------------------------------------+
; General Register Statistics                          ;
+----------------------------------------------+-------+
; Statistic                                    ; Value ;
+----------------------------------------------+-------+
; Total registers                              ; 17234 ;
; Number of registers using Synchronous Clear  ; 710   ;
; Number of registers using Synchronous Load   ; 64    ;
; Number of registers using Asynchronous Clear ; 192   ;
; Number of registers using Asynchronous Load  ; 0     ;
; Number of registers using Clock Enable       ; 17177 ;
; Number of registers using Preset             ; 0     ;
+----------------------------------------------+-------+


+-----------------------------------------------------------------------------------------------------------------------------------------------------------------------------------------------------------------------------------------------+
; Multiplexer Restructuring Statistics (Restructuring Performed)                                                                                                                                                                                ;
+--------------------+-----------+---------------+----------------------+------------------------+------------+---------------------------------------------------------------------------------------------------------------------------------+
; Multiplexer Inputs ; Bus Width ; Baseline Area ; Area if Restructured ; Saving if Restructured ; Registered ; Example Multiplexer Output                                                                                                      ;
+--------------------+-----------+---------------+----------------------+------------------------+------------+---------------------------------------------------------------------------------------------------------------------------------+
; 3:1                ; 32 bits   ; 64 LEs        ; 0 LEs                ; 64 LEs                 ; Yes        ; |cpu_fpga|cpu:cpu_inst|datapath_top:dp|key_regs:key_regs_inst|pc_reg:PC|pc_val[30]                                              ;
; 3:1                ; 32 bits   ; 64 LEs        ; 0 LEs                ; 64 LEs                 ; Yes        ; |cpu_fpga|cpu:cpu_inst|datapath_top:dp|key_regs:key_regs_inst|reg32:IR|d_out[23]                                                ;
; 3:1                ; 32 bits   ; 64 LEs        ; 0 LEs                ; 64 LEs                 ; Yes        ; |cpu_fpga|cpu:cpu_inst|datapath_top:dp|mdr:mdr_inst|MDR_val[25]                                                                 ;
; 3:1                ; 32 bits   ; 64 LEs        ; 0 LEs                ; 64 LEs                 ; Yes        ; |cpu_fpga|cpu:cpu_inst|datapath_top:dp|regfile16:rf|reg32_r0:r0|d[4]                                                            ;
; 3:1                ; 32 bits   ; 64 LEs        ; 0 LEs                ; 64 LEs                 ; Yes        ; |cpu_fpga|cpu:cpu_inst|datapath_top:dp|regfile16:rf|reg32:r1|d_out[5]                                                           ;
; 3:1                ; 32 bits   ; 64 LEs        ; 0 LEs                ; 64 LEs                 ; Yes        ; |cpu_fpga|cpu:cpu_inst|datapath_top:dp|regfile16:rf|reg32:r2|d_out[5]                                                           ;
; 3:1                ; 32 bits   ; 64 LEs        ; 0 LEs                ; 64 LEs                 ; Yes        ; |cpu_fpga|cpu:cpu_inst|datapath_top:dp|regfile16:rf|reg32:r3|d_out[30]                                                          ;
; 3:1                ; 32 bits   ; 64 LEs        ; 0 LEs                ; 64 LEs                 ; Yes        ; |cpu_fpga|cpu:cpu_inst|datapath_top:dp|regfile16:rf|reg32:r4|d_out[24]                                                          ;
; 3:1                ; 32 bits   ; 64 LEs        ; 0 LEs                ; 64 LEs                 ; Yes        ; |cpu_fpga|cpu:cpu_inst|datapath_top:dp|regfile16:rf|reg32:r5|d_out[20]                                                          ;
; 3:1                ; 32 bits   ; 64 LEs        ; 0 LEs                ; 64 LEs                 ; Yes        ; |cpu_fpga|cpu:cpu_inst|datapath_top:dp|regfile16:rf|reg32:r6|d_out[25]                                                          ;
; 3:1                ; 32 bits   ; 64 LEs        ; 0 LEs                ; 64 LEs                 ; Yes        ; |cpu_fpga|cpu:cpu_inst|datapath_top:dp|regfile16:rf|reg32:r7|d_out[13]                                                          ;
; 3:1                ; 32 bits   ; 64 LEs        ; 0 LEs                ; 64 LEs                 ; Yes        ; |cpu_fpga|cpu:cpu_inst|datapath_top:dp|regfile16:rf|reg32:r8|d_out[5]                                                           ;
; 3:1                ; 32 bits   ; 64 LEs        ; 0 LEs                ; 64 LEs                 ; Yes        ; |cpu_fpga|cpu:cpu_inst|datapath_top:dp|regfile16:rf|reg32:r9|d_out[30]                                                          ;
; 3:1                ; 32 bits   ; 64 LEs        ; 0 LEs                ; 64 LEs                 ; Yes        ; |cpu_fpga|cpu:cpu_inst|datapath_top:dp|regfile16:rf|reg32:r10|d_out[16]                                                         ;
; 3:1                ; 32 bits   ; 64 LEs        ; 0 LEs                ; 64 LEs                 ; Yes        ; |cpu_fpga|cpu:cpu_inst|datapath_top:dp|regfile16:rf|reg32:r11|d_out[4]                                                          ;
; 3:1                ; 32 bits   ; 64 LEs        ; 0 LEs                ; 64 LEs                 ; Yes        ; |cpu_fpga|cpu:cpu_inst|datapath_top:dp|regfile16:rf|reg32:r12|d_out[22]                                                         ;
; 3:1                ; 32 bits   ; 64 LEs        ; 0 LEs                ; 64 LEs                 ; Yes        ; |cpu_fpga|cpu:cpu_inst|datapath_top:dp|regfile16:rf|reg32:r13|d_out[8]                                                          ;
; 3:1                ; 32 bits   ; 64 LEs        ; 0 LEs                ; 64 LEs                 ; Yes        ; |cpu_fpga|cpu:cpu_inst|datapath_top:dp|regfile16:rf|reg32:r14|d_out[30]                                                         ;
; 3:1                ; 32 bits   ; 64 LEs        ; 0 LEs                ; 64 LEs                 ; Yes        ; |cpu_fpga|cpu:cpu_inst|datapath_top:dp|regfile16:rf|reg32:r15|d_out[20]                                                         ;
; 3:1                ; 32 bits   ; 64 LEs        ; 0 LEs                ; 64 LEs                 ; Yes        ; |cpu_fpga|cpu:cpu_inst|datapath_top:dp|key_regs:key_regs_inst|reg32:HI|d_out[15]                                                ;
; 3:1                ; 32 bits   ; 64 LEs        ; 0 LEs                ; 64 LEs                 ; Yes        ; |cpu_fpga|cpu:cpu_inst|datapath_top:dp|key_regs:key_regs_inst|reg32:LO|d_out[7]                                                 ;
; 3:1                ; 32 bits   ; 64 LEs        ; 0 LEs                ; 64 LEs                 ; Yes        ; |cpu_fpga|cpu:cpu_inst|datapath_top:dp|key_regs:key_regs_inst|reg32:Y|d_out[5]                                                  ;
; 3:1                ; 9 bits    ; 18 LEs        ; 0 LEs                ; 18 LEs                 ; Yes        ; |cpu_fpga|cpu:cpu_inst|datapath_top:dp|key_regs:key_regs_inst|reg32:MAR|d_out[5]                                                ;
; 16:1               ; 32 bits   ; 320 LEs       ; 32 LEs               ; 288 LEs                ; Yes        ; |cpu_fpga|cpu:cpu_inst|datapath_top:dp|Z_reg[58]                                                                                ;
; 21:1               ; 14 bits   ; 196 LEs       ; 140 LEs              ; 56 LEs                 ; Yes        ; |cpu_fpga|cpu:cpu_inst|datapath_top:dp|Z_reg[20]                                                                                ;
; 21:1               ; 14 bits   ; 196 LEs       ; 140 LEs              ; 56 LEs                 ; Yes        ; |cpu_fpga|cpu:cpu_inst|datapath_top:dp|Z_reg[11]                                                                                ;
; 3:1                ; 16 bits   ; 32 LEs        ; 32 LEs               ; 0 LEs                  ; No         ; |cpu_fpga|cpu:cpu_inst|control_unit:cu|next_state.S_LD_T3                                                                       ;
; 3:1                ; 4 bits    ; 8 LEs         ; 8 LEs                ; 0 LEs                  ; No         ; |cpu_fpga|cpu:cpu_inst|datapath_top:dp|alu:alu_inst|barrel_shifter:shifter|shr_stage1[28]                                       ;
; 3:1                ; 4 bits    ; 8 LEs         ; 8 LEs                ; 0 LEs                  ; No         ; |cpu_fpga|cpu:cpu_inst|datapath_top:dp|alu:alu_inst|barrel_shifter:shifter|ror_stage1[29]                                       ;
; 4:1                ; 32 bits   ; 64 LEs        ; 64 LEs               ; 0 LEs                  ; No         ; |cpu_fpga|cpu:cpu_inst|datapath_top:dp|alu:alu_inst|booth_multiplier:booth_mul|booth_partial_product:booth_pp_gen[0].bpp|Mux40  ;
; 4:1                ; 56 bits   ; 112 LEs       ; 112 LEs              ; 0 LEs                  ; No         ; |cpu_fpga|cpu:cpu_inst|datapath_top:dp|alu:alu_inst|barrel_shifter:shifter|shr_stage1[17]                                       ;
; 3:1                ; 16 bits   ; 32 LEs        ; 32 LEs               ; 0 LEs                  ; No         ; |cpu_fpga|cpu:cpu_inst|datapath_top:dp|alu:alu_inst|barrel_shifter:shifter|shr_stage0[3]                                        ;
; 3:1                ; 16 bits   ; 32 LEs        ; 32 LEs               ; 0 LEs                  ; No         ; |cpu_fpga|cpu:cpu_inst|datapath_top:dp|alu:alu_inst|barrel_shifter:shifter|shr_stage0[3]                                        ;
; 4:1                ; 32 bits   ; 64 LEs        ; 64 LEs               ; 0 LEs                  ; No         ; |cpu_fpga|cpu:cpu_inst|datapath_top:dp|alu:alu_inst|barrel_shifter:shifter|rol_stage3[2]                                        ;
; 4:1                ; 31 bits   ; 62 LEs        ; 62 LEs               ; 0 LEs                  ; No         ; |cpu_fpga|cpu:cpu_inst|datapath_top:dp|alu:alu_inst|booth_multiplier:booth_mul|booth_partial_product:bpp_last|Mux47             ;
; 3:1                ; 31 bits   ; 62 LEs        ; 62 LEs               ; 0 LEs                  ; No         ; |cpu_fpga|cpu:cpu_inst|datapath_top:dp|alu:alu_inst|divider:div_unit|non_restoring_divider_unsigned:div_core|Remainder[23]      ;
; 4:1                ; 4 bits    ; 8 LEs         ; 8 LEs                ; 0 LEs                  ; No         ; |cpu_fpga|cpu:cpu_inst|datapath_top:dp|select_encode:select_encode_inst|reg_sel[2]                                              ;
; 6:1                ; 31 bits   ; 124 LEs       ; 124 LEs              ; 0 LEs                  ; No         ; |cpu_fpga|cpu:cpu_inst|datapath_top:dp|alu:alu_inst|booth_multiplier:booth_mul|booth_partial_product:booth_pp_gen[1].bpp|Mux59  ;
; 6:1                ; 30 bits   ; 120 LEs       ; 120 LEs              ; 0 LEs                  ; No         ; |cpu_fpga|cpu:cpu_inst|datapath_top:dp|alu:alu_inst|booth_multiplier:booth_mul|booth_partial_product:booth_pp_gen[2].bpp|Mux41  ;
; 6:1                ; 31 bits   ; 124 LEs       ; 124 LEs              ; 0 LEs                  ; No         ; |cpu_fpga|cpu:cpu_inst|datapath_top:dp|alu:alu_inst|booth_multiplier:booth_mul|booth_partial_product:booth_pp_gen[15].bpp|Mux59 ;
; 6:1                ; 30 bits   ; 120 LEs       ; 120 LEs              ; 0 LEs                  ; No         ; |cpu_fpga|cpu:cpu_inst|datapath_top:dp|alu:alu_inst|booth_multiplier:booth_mul|booth_partial_product:booth_pp_gen[13].bpp|Mux48 ;
; 6:1                ; 31 bits   ; 124 LEs       ; 124 LEs              ; 0 LEs                  ; No         ; |cpu_fpga|cpu:cpu_inst|datapath_top:dp|alu:alu_inst|booth_multiplier:booth_mul|booth_partial_product:booth_pp_gen[8].bpp|Mux50  ;
; 6:1                ; 30 bits   ; 120 LEs       ; 120 LEs              ; 0 LEs                  ; No         ; |cpu_fpga|cpu:cpu_inst|datapath_top:dp|alu:alu_inst|booth_multiplier:booth_mul|booth_partial_product:booth_pp_gen[9].bpp|Mux49  ;
; 6:1                ; 30 bits   ; 120 LEs       ; 120 LEs              ; 0 LEs                  ; No         ; |cpu_fpga|cpu:cpu_inst|datapath_top:dp|alu:alu_inst|booth_multiplier:booth_mul|booth_partial_product:booth_pp_gen[11].bpp|Mux51 ;
; 6:1                ; 30 bits   ; 120 LEs       ; 120 LEs              ; 0 LEs                  ; No         ; |cpu_fpga|cpu:cpu_inst|datapath_top:dp|alu:alu_inst|booth_multiplier:booth_mul|booth_partial_product:booth_pp_gen[6].bpp|Mux49  ;
; 6:1                ; 30 bits   ; 120 LEs       ; 120 LEs              ; 0 LEs                  ; No         ; |cpu_fpga|cpu:cpu_inst|datapath_top:dp|alu:alu_inst|booth_multiplier:booth_mul|booth_partial_product:booth_pp_gen[4].bpp|Mux58  ;
; 8:1                ; 30 bits   ; 150 LEs       ; 120 LEs              ; 30 LEs                 ; No         ; |cpu_fpga|cpu:cpu_inst|datapath_top:dp|alu:alu_inst|booth_multiplier:booth_mul|booth_partial_product:booth_pp_gen[3].bpp|Mux35  ;
; 8:1                ; 30 bits   ; 150 LEs       ; 120 LEs              ; 30 LEs                 ; No         ; |cpu_fpga|cpu:cpu_inst|datapath_top:dp|alu:alu_inst|booth_multiplier:booth_mul|booth_partial_product:booth_pp_gen[14].bpp|Mux38 ;
; 8:1                ; 30 bits   ; 150 LEs       ; 120 LEs              ; 30 LEs                 ; No         ; |cpu_fpga|cpu:cpu_inst|datapath_top:dp|alu:alu_inst|booth_multiplier:booth_mul|booth_partial_product:booth_pp_gen[10].bpp|Mux34 ;
; 8:1                ; 30 bits   ; 150 LEs       ; 120 LEs              ; 30 LEs                 ; No         ; |cpu_fpga|cpu:cpu_inst|datapath_top:dp|alu:alu_inst|booth_multiplier:booth_mul|booth_partial_product:booth_pp_gen[12].bpp|Mux45 ;
; 8:1                ; 30 bits   ; 150 LEs       ; 120 LEs              ; 30 LEs                 ; No         ; |cpu_fpga|cpu:cpu_inst|datapath_top:dp|alu:alu_inst|booth_multiplier:booth_mul|booth_partial_product:booth_pp_gen[7].bpp|Mux47  ;
; 8:1                ; 30 bits   ; 150 LEs       ; 120 LEs              ; 30 LEs                 ; No         ; |cpu_fpga|cpu:cpu_inst|datapath_top:dp|alu:alu_inst|booth_multiplier:booth_mul|booth_partial_product:booth_pp_gen[5].bpp|Mux54  ;
; 34:1               ; 10 bits   ; 220 LEs       ; 180 LEs              ; 40 LEs                 ; No         ; |cpu_fpga|cpu:cpu_inst|datapath_top:dp|bus_mux_enc:bmux|Mux17                                                                   ;
; 34:1               ; 8 bits    ; 176 LEs       ; 144 LEs              ; 32 LEs                 ; No         ; |cpu_fpga|cpu:cpu_inst|datapath_top:dp|bus_mux_enc:bmux|Mux29                                                                   ;
; 27:1               ; 14 bits   ; 252 LEs       ; 238 LEs              ; 14 LEs                 ; No         ; |cpu_fpga|cpu:cpu_inst|datapath_top:dp|bus_mux_enc:bmux|Mux13                                                                   ;
+--------------------+-----------+---------------+----------------------+------------------------+------------+---------------------------------------------------------------------------------------------------------------------------------+


+-----------------------------------------------------------+
; Parameter Settings for User Entity Instance: cpu:cpu_inst ;
+----------------+-----------------------------+------------+
; Parameter Name ; Value                       ; Type       ;
+----------------+-----------------------------+------------+
; MEM_INIT_FILE  ; simulation/P4/memory_p4.hex ; String     ;
+----------------+-----------------------------+------------+
Note: In order to hide this table in the UI and the text report file, please set the "Show Parameter Settings in Synthesis Report" option in "Analysis and Synthesis Settings -> More Settings" to "Off".


+---------------------------------------------------------------------------+
; Parameter Settings for User Entity Instance: cpu:cpu_inst|datapath_top:dp ;
+----------------+-----------------------------+----------------------------+
; Parameter Name ; Value                       ; Type                       ;
+----------------+-----------------------------+----------------------------+
; MEM_INIT_FILE  ; simulation/P4/memory_p4.hex ; String                     ;
+----------------+-----------------------------+----------------------------+
Note: In order to hide this table in the UI and the text report file, please set the "Show Parameter Settings in Synthesis Report" option in "Analysis and Synthesis Settings -> More Settings" to "Off".


+----------------------------------------------------------------------------------------+
; Parameter Settings for User Entity Instance: cpu:cpu_inst|datapath_top:dp|ram:ram_inst ;
+----------------+-----------------------------+-----------------------------------------+
; Parameter Name ; Value                       ; Type                                    ;
+----------------+-----------------------------+-----------------------------------------+
; INIT_FILE      ; simulation/P4/memory_p4.hex ; String                                  ;
+----------------+-----------------------------+-----------------------------------------+
Note: In order to hide this table in the UI and the text report file, please set the "Show Parameter Settings in Synthesis Report" option in "Analysis and Synthesis Settings -> More Settings" to "Off".


+----------------------------------------------------------------------------------------------------------------------------------------------------------------------------------------------------------------------------+
; Port Connectivity Checks: "cpu:cpu_inst|datapath_top:dp|alu:alu_inst|booth_multiplier:booth_mul|booth_partial_product:bpp_last"                                                                                            ;
+--------------------+-------+----------+------------------------------------------------------------------------------------------------------------------------------------------------------------------------------------+
; Port               ; Type  ; Severity ; Details                                                                                                                                                                            ;
+--------------------+-------+----------+------------------------------------------------------------------------------------------------------------------------------------------------------------------------------------+
; shift_amount       ; Input ; Warning  ; Input port expression (32 bits) is wider than the input port (6 bits) it drives.  The 26 most-significant bit(s) in the expression will be dangling if they have no other fanouts. ;
; shift_amount[4..0] ; Input ; Info     ; Stuck at GND                                                                                                                                                                       ;
; shift_amount[5]    ; Input ; Info     ; Stuck at VCC                                                                                                                                                                       ;
+--------------------+-------+----------+------------------------------------------------------------------------------------------------------------------------------------------------------------------------------------+


+----------------------------------------------------------------------------------------------------------------------------------------------------------------------------------------------------------------------------+
; Port Connectivity Checks: "cpu:cpu_inst|datapath_top:dp|alu:alu_inst|booth_multiplier:booth_mul|booth_partial_product:booth_pp_gen[15].bpp"                                                                                ;
+--------------------+-------+----------+------------------------------------------------------------------------------------------------------------------------------------------------------------------------------------+
; Port               ; Type  ; Severity ; Details                                                                                                                                                                            ;
+--------------------+-------+----------+------------------------------------------------------------------------------------------------------------------------------------------------------------------------------------+
; shift_amount       ; Input ; Warning  ; Input port expression (32 bits) is wider than the input port (6 bits) it drives.  The 26 most-significant bit(s) in the expression will be dangling if they have no other fanouts. ;
; shift_amount[4..1] ; Input ; Info     ; Stuck at VCC                                                                                                                                                                       ;
; shift_amount[5]    ; Input ; Info     ; Stuck at GND                                                                                                                                                                       ;
; shift_amount[0]    ; Input ; Info     ; Stuck at GND                                                                                                                                                                       ;
+--------------------+-------+----------+------------------------------------------------------------------------------------------------------------------------------------------------------------------------------------+


+----------------------------------------------------------------------------------------------------------------------------------------------------------------------------------------------------------------------------+
; Port Connectivity Checks: "cpu:cpu_inst|datapath_top:dp|alu:alu_inst|booth_multiplier:booth_mul|booth_partial_product:booth_pp_gen[14].bpp"                                                                                ;
+--------------------+-------+----------+------------------------------------------------------------------------------------------------------------------------------------------------------------------------------------+
; Port               ; Type  ; Severity ; Details                                                                                                                                                                            ;
+--------------------+-------+----------+------------------------------------------------------------------------------------------------------------------------------------------------------------------------------------+
; shift_amount       ; Input ; Warning  ; Input port expression (32 bits) is wider than the input port (6 bits) it drives.  The 26 most-significant bit(s) in the expression will be dangling if they have no other fanouts. ;
; shift_amount[4..2] ; Input ; Info     ; Stuck at VCC                                                                                                                                                                       ;
; shift_amount[1..0] ; Input ; Info     ; Stuck at GND                                                                                                                                                                       ;
; shift_amount[5]    ; Input ; Info     ; Stuck at GND                                                                                                                                                                       ;
+--------------------+-------+----------+------------------------------------------------------------------------------------------------------------------------------------------------------------------------------------+


+----------------------------------------------------------------------------------------------------------------------------------------------------------------------------------------------------------------------------+
; Port Connectivity Checks: "cpu:cpu_inst|datapath_top:dp|alu:alu_inst|booth_multiplier:booth_mul|booth_partial_product:booth_pp_gen[13].bpp"                                                                                ;
+--------------------+-------+----------+------------------------------------------------------------------------------------------------------------------------------------------------------------------------------------+
; Port               ; Type  ; Severity ; Details                                                                                                                                                                            ;
+--------------------+-------+----------+------------------------------------------------------------------------------------------------------------------------------------------------------------------------------------+
; shift_amount       ; Input ; Warning  ; Input port expression (32 bits) is wider than the input port (6 bits) it drives.  The 26 most-significant bit(s) in the expression will be dangling if they have no other fanouts. ;
; shift_amount[4..3] ; Input ; Info     ; Stuck at VCC                                                                                                                                                                       ;
; shift_amount[5]    ; Input ; Info     ; Stuck at GND                                                                                                                                                                       ;
; shift_amount[2]    ; Input ; Info     ; Stuck at GND                                                                                                                                                                       ;
; shift_amount[1]    ; Input ; Info     ; Stuck at VCC                                                                                                                                                                       ;
; shift_amount[0]    ; Input ; Info     ; Stuck at GND                                                                                                                                                                       ;
+--------------------+-------+----------+------------------------------------------------------------------------------------------------------------------------------------------------------------------------------------+


+----------------------------------------------------------------------------------------------------------------------------------------------------------------------------------------------------------------------------+
; Port Connectivity Checks: "cpu:cpu_inst|datapath_top:dp|alu:alu_inst|booth_multiplier:booth_mul|booth_partial_product:booth_pp_gen[12].bpp"                                                                                ;
+--------------------+-------+----------+------------------------------------------------------------------------------------------------------------------------------------------------------------------------------------+
; Port               ; Type  ; Severity ; Details                                                                                                                                                                            ;
+--------------------+-------+----------+------------------------------------------------------------------------------------------------------------------------------------------------------------------------------------+
; shift_amount       ; Input ; Warning  ; Input port expression (32 bits) is wider than the input port (6 bits) it drives.  The 26 most-significant bit(s) in the expression will be dangling if they have no other fanouts. ;
; shift_amount[4..3] ; Input ; Info     ; Stuck at VCC                                                                                                                                                                       ;
; shift_amount[2..0] ; Input ; Info     ; Stuck at GND                                                                                                                                                                       ;
; shift_amount[5]    ; Input ; Info     ; Stuck at GND                                                                                                                                                                       ;
+--------------------+-------+----------+------------------------------------------------------------------------------------------------------------------------------------------------------------------------------------+


+----------------------------------------------------------------------------------------------------------------------------------------------------------------------------------------------------------------------------+
; Port Connectivity Checks: "cpu:cpu_inst|datapath_top:dp|alu:alu_inst|booth_multiplier:booth_mul|booth_partial_product:booth_pp_gen[11].bpp"                                                                                ;
+--------------------+-------+----------+------------------------------------------------------------------------------------------------------------------------------------------------------------------------------------+
; Port               ; Type  ; Severity ; Details                                                                                                                                                                            ;
+--------------------+-------+----------+------------------------------------------------------------------------------------------------------------------------------------------------------------------------------------+
; shift_amount       ; Input ; Warning  ; Input port expression (32 bits) is wider than the input port (6 bits) it drives.  The 26 most-significant bit(s) in the expression will be dangling if they have no other fanouts. ;
; shift_amount[2..1] ; Input ; Info     ; Stuck at VCC                                                                                                                                                                       ;
; shift_amount[5]    ; Input ; Info     ; Stuck at GND                                                                                                                                                                       ;
; shift_amount[4]    ; Input ; Info     ; Stuck at VCC                                                                                                                                                                       ;
; shift_amount[3]    ; Input ; Info     ; Stuck at GND                                                                                                                                                                       ;
; shift_amount[0]    ; Input ; Info     ; Stuck at GND                                                                                                                                                                       ;
+--------------------+-------+----------+------------------------------------------------------------------------------------------------------------------------------------------------------------------------------------+


+----------------------------------------------------------------------------------------------------------------------------------------------------------------------------------------------------------------------------+
; Port Connectivity Checks: "cpu:cpu_inst|datapath_top:dp|alu:alu_inst|booth_multiplier:booth_mul|booth_partial_product:booth_pp_gen[10].bpp"                                                                                ;
+--------------------+-------+----------+------------------------------------------------------------------------------------------------------------------------------------------------------------------------------------+
; Port               ; Type  ; Severity ; Details                                                                                                                                                                            ;
+--------------------+-------+----------+------------------------------------------------------------------------------------------------------------------------------------------------------------------------------------+
; shift_amount       ; Input ; Warning  ; Input port expression (32 bits) is wider than the input port (6 bits) it drives.  The 26 most-significant bit(s) in the expression will be dangling if they have no other fanouts. ;
; shift_amount[1..0] ; Input ; Info     ; Stuck at GND                                                                                                                                                                       ;
; shift_amount[5]    ; Input ; Info     ; Stuck at GND                                                                                                                                                                       ;
; shift_amount[4]    ; Input ; Info     ; Stuck at VCC                                                                                                                                                                       ;
; shift_amount[3]    ; Input ; Info     ; Stuck at GND                                                                                                                                                                       ;
; shift_amount[2]    ; Input ; Info     ; Stuck at VCC                                                                                                                                                                       ;
+--------------------+-------+----------+------------------------------------------------------------------------------------------------------------------------------------------------------------------------------------+


+----------------------------------------------------------------------------------------------------------------------------------------------------------------------------------------------------------------------------+
; Port Connectivity Checks: "cpu:cpu_inst|datapath_top:dp|alu:alu_inst|booth_multiplier:booth_mul|booth_partial_product:booth_pp_gen[9].bpp"                                                                                 ;
+--------------------+-------+----------+------------------------------------------------------------------------------------------------------------------------------------------------------------------------------------+
; Port               ; Type  ; Severity ; Details                                                                                                                                                                            ;
+--------------------+-------+----------+------------------------------------------------------------------------------------------------------------------------------------------------------------------------------------+
; shift_amount       ; Input ; Warning  ; Input port expression (32 bits) is wider than the input port (6 bits) it drives.  The 26 most-significant bit(s) in the expression will be dangling if they have no other fanouts. ;
; shift_amount[3..2] ; Input ; Info     ; Stuck at GND                                                                                                                                                                       ;
; shift_amount[5]    ; Input ; Info     ; Stuck at GND                                                                                                                                                                       ;
; shift_amount[4]    ; Input ; Info     ; Stuck at VCC                                                                                                                                                                       ;
; shift_amount[1]    ; Input ; Info     ; Stuck at VCC                                                                                                                                                                       ;
; shift_amount[0]    ; Input ; Info     ; Stuck at GND                                                                                                                                                                       ;
+--------------------+-------+----------+------------------------------------------------------------------------------------------------------------------------------------------------------------------------------------+


+----------------------------------------------------------------------------------------------------------------------------------------------------------------------------------------------------------------------------+
; Port Connectivity Checks: "cpu:cpu_inst|datapath_top:dp|alu:alu_inst|booth_multiplier:booth_mul|booth_partial_product:booth_pp_gen[8].bpp"                                                                                 ;
+--------------------+-------+----------+------------------------------------------------------------------------------------------------------------------------------------------------------------------------------------+
; Port               ; Type  ; Severity ; Details                                                                                                                                                                            ;
+--------------------+-------+----------+------------------------------------------------------------------------------------------------------------------------------------------------------------------------------------+
; shift_amount       ; Input ; Warning  ; Input port expression (32 bits) is wider than the input port (6 bits) it drives.  The 26 most-significant bit(s) in the expression will be dangling if they have no other fanouts. ;
; shift_amount[3..0] ; Input ; Info     ; Stuck at GND                                                                                                                                                                       ;
; shift_amount[5]    ; Input ; Info     ; Stuck at GND                                                                                                                                                                       ;
; shift_amount[4]    ; Input ; Info     ; Stuck at VCC                                                                                                                                                                       ;
+--------------------+-------+----------+------------------------------------------------------------------------------------------------------------------------------------------------------------------------------------+


+----------------------------------------------------------------------------------------------------------------------------------------------------------------------------------------------------------------------------+
; Port Connectivity Checks: "cpu:cpu_inst|datapath_top:dp|alu:alu_inst|booth_multiplier:booth_mul|booth_partial_product:booth_pp_gen[7].bpp"                                                                                 ;
+--------------------+-------+----------+------------------------------------------------------------------------------------------------------------------------------------------------------------------------------------+
; Port               ; Type  ; Severity ; Details                                                                                                                                                                            ;
+--------------------+-------+----------+------------------------------------------------------------------------------------------------------------------------------------------------------------------------------------+
; shift_amount       ; Input ; Warning  ; Input port expression (32 bits) is wider than the input port (6 bits) it drives.  The 26 most-significant bit(s) in the expression will be dangling if they have no other fanouts. ;
; shift_amount[3..1] ; Input ; Info     ; Stuck at VCC                                                                                                                                                                       ;
; shift_amount[5..4] ; Input ; Info     ; Stuck at GND                                                                                                                                                                       ;
; shift_amount[0]    ; Input ; Info     ; Stuck at GND                                                                                                                                                                       ;
+--------------------+-------+----------+------------------------------------------------------------------------------------------------------------------------------------------------------------------------------------+


+----------------------------------------------------------------------------------------------------------------------------------------------------------------------------------------------------------------------------+
; Port Connectivity Checks: "cpu:cpu_inst|datapath_top:dp|alu:alu_inst|booth_multiplier:booth_mul|booth_partial_product:booth_pp_gen[6].bpp"                                                                                 ;
+--------------------+-------+----------+------------------------------------------------------------------------------------------------------------------------------------------------------------------------------------+
; Port               ; Type  ; Severity ; Details                                                                                                                                                                            ;
+--------------------+-------+----------+------------------------------------------------------------------------------------------------------------------------------------------------------------------------------------+
; shift_amount       ; Input ; Warning  ; Input port expression (32 bits) is wider than the input port (6 bits) it drives.  The 26 most-significant bit(s) in the expression will be dangling if they have no other fanouts. ;
; shift_amount[3..2] ; Input ; Info     ; Stuck at VCC                                                                                                                                                                       ;
; shift_amount[5..4] ; Input ; Info     ; Stuck at GND                                                                                                                                                                       ;
; shift_amount[1..0] ; Input ; Info     ; Stuck at GND                                                                                                                                                                       ;
+--------------------+-------+----------+------------------------------------------------------------------------------------------------------------------------------------------------------------------------------------+


+----------------------------------------------------------------------------------------------------------------------------------------------------------------------------------------------------------------------------+
; Port Connectivity Checks: "cpu:cpu_inst|datapath_top:dp|alu:alu_inst|booth_multiplier:booth_mul|booth_partial_product:booth_pp_gen[5].bpp"                                                                                 ;
+--------------------+-------+----------+------------------------------------------------------------------------------------------------------------------------------------------------------------------------------------+
; Port               ; Type  ; Severity ; Details                                                                                                                                                                            ;
+--------------------+-------+----------+------------------------------------------------------------------------------------------------------------------------------------------------------------------------------------+
; shift_amount       ; Input ; Warning  ; Input port expression (32 bits) is wider than the input port (6 bits) it drives.  The 26 most-significant bit(s) in the expression will be dangling if they have no other fanouts. ;
; shift_amount[5..4] ; Input ; Info     ; Stuck at GND                                                                                                                                                                       ;
; shift_amount[3]    ; Input ; Info     ; Stuck at VCC                                                                                                                                                                       ;
; shift_amount[2]    ; Input ; Info     ; Stuck at GND                                                                                                                                                                       ;
; shift_amount[1]    ; Input ; Info     ; Stuck at VCC                                                                                                                                                                       ;
; shift_amount[0]    ; Input ; Info     ; Stuck at GND                                                                                                                                                                       ;
+--------------------+-------+----------+------------------------------------------------------------------------------------------------------------------------------------------------------------------------------------+


+----------------------------------------------------------------------------------------------------------------------------------------------------------------------------------------------------------------------------+
; Port Connectivity Checks: "cpu:cpu_inst|datapath_top:dp|alu:alu_inst|booth_multiplier:booth_mul|booth_partial_product:booth_pp_gen[4].bpp"                                                                                 ;
+--------------------+-------+----------+------------------------------------------------------------------------------------------------------------------------------------------------------------------------------------+
; Port               ; Type  ; Severity ; Details                                                                                                                                                                            ;
+--------------------+-------+----------+------------------------------------------------------------------------------------------------------------------------------------------------------------------------------------+
; shift_amount       ; Input ; Warning  ; Input port expression (32 bits) is wider than the input port (6 bits) it drives.  The 26 most-significant bit(s) in the expression will be dangling if they have no other fanouts. ;
; shift_amount[5..4] ; Input ; Info     ; Stuck at GND                                                                                                                                                                       ;
; shift_amount[2..0] ; Input ; Info     ; Stuck at GND                                                                                                                                                                       ;
; shift_amount[3]    ; Input ; Info     ; Stuck at VCC                                                                                                                                                                       ;
+--------------------+-------+----------+------------------------------------------------------------------------------------------------------------------------------------------------------------------------------------+


+----------------------------------------------------------------------------------------------------------------------------------------------------------------------------------------------------------------------------+
; Port Connectivity Checks: "cpu:cpu_inst|datapath_top:dp|alu:alu_inst|booth_multiplier:booth_mul|booth_partial_product:booth_pp_gen[3].bpp"                                                                                 ;
+--------------------+-------+----------+------------------------------------------------------------------------------------------------------------------------------------------------------------------------------------+
; Port               ; Type  ; Severity ; Details                                                                                                                                                                            ;
+--------------------+-------+----------+------------------------------------------------------------------------------------------------------------------------------------------------------------------------------------+
; shift_amount       ; Input ; Warning  ; Input port expression (32 bits) is wider than the input port (6 bits) it drives.  The 26 most-significant bit(s) in the expression will be dangling if they have no other fanouts. ;
; shift_amount[2..1] ; Input ; Info     ; Stuck at VCC                                                                                                                                                                       ;
; shift_amount[5..3] ; Input ; Info     ; Stuck at GND                                                                                                                                                                       ;
; shift_amount[0]    ; Input ; Info     ; Stuck at GND                                                                                                                                                                       ;
+--------------------+-------+----------+------------------------------------------------------------------------------------------------------------------------------------------------------------------------------------+


+----------------------------------------------------------------------------------------------------------------------------------------------------------------------------------------------------------------------------+
; Port Connectivity Checks: "cpu:cpu_inst|datapath_top:dp|alu:alu_inst|booth_multiplier:booth_mul|booth_partial_product:booth_pp_gen[2].bpp"                                                                                 ;
+--------------------+-------+----------+------------------------------------------------------------------------------------------------------------------------------------------------------------------------------------+
; Port               ; Type  ; Severity ; Details                                                                                                                                                                            ;
+--------------------+-------+----------+------------------------------------------------------------------------------------------------------------------------------------------------------------------------------------+
; shift_amount       ; Input ; Warning  ; Input port expression (32 bits) is wider than the input port (6 bits) it drives.  The 26 most-significant bit(s) in the expression will be dangling if they have no other fanouts. ;
; shift_amount[5..3] ; Input ; Info     ; Stuck at GND                                                                                                                                                                       ;
; shift_amount[1..0] ; Input ; Info     ; Stuck at GND                                                                                                                                                                       ;
; shift_amount[2]    ; Input ; Info     ; Stuck at VCC                                                                                                                                                                       ;
+--------------------+-------+----------+------------------------------------------------------------------------------------------------------------------------------------------------------------------------------------+


+----------------------------------------------------------------------------------------------------------------------------------------------------------------------------------------------------------------------------+
; Port Connectivity Checks: "cpu:cpu_inst|datapath_top:dp|alu:alu_inst|booth_multiplier:booth_mul|booth_partial_product:booth_pp_gen[1].bpp"                                                                                 ;
+--------------------+-------+----------+------------------------------------------------------------------------------------------------------------------------------------------------------------------------------------+
; Port               ; Type  ; Severity ; Details                                                                                                                                                                            ;
+--------------------+-------+----------+------------------------------------------------------------------------------------------------------------------------------------------------------------------------------------+
; shift_amount       ; Input ; Warning  ; Input port expression (32 bits) is wider than the input port (6 bits) it drives.  The 26 most-significant bit(s) in the expression will be dangling if they have no other fanouts. ;
; shift_amount[5..2] ; Input ; Info     ; Stuck at GND                                                                                                                                                                       ;
; shift_amount[1]    ; Input ; Info     ; Stuck at VCC                                                                                                                                                                       ;
; shift_amount[0]    ; Input ; Info     ; Stuck at GND                                                                                                                                                                       ;
+--------------------+-------+----------+------------------------------------------------------------------------------------------------------------------------------------------------------------------------------------+


+----------------------------------------------------------------------------------------------------------------------------------------------------------------------------------------------------------------------------+
; Port Connectivity Checks: "cpu:cpu_inst|datapath_top:dp|alu:alu_inst|booth_multiplier:booth_mul|booth_partial_product:booth_pp_gen[0].bpp"                                                                                 ;
+--------------------+-------+----------+------------------------------------------------------------------------------------------------------------------------------------------------------------------------------------+
; Port               ; Type  ; Severity ; Details                                                                                                                                                                            ;
+--------------------+-------+----------+------------------------------------------------------------------------------------------------------------------------------------------------------------------------------------+
; booth_bits[0]      ; Input ; Info     ; Stuck at GND                                                                                                                                                                       ;
; shift_amount       ; Input ; Warning  ; Input port expression (32 bits) is wider than the input port (6 bits) it drives.  The 26 most-significant bit(s) in the expression will be dangling if they have no other fanouts. ;
; shift_amount[5..0] ; Input ; Info     ; Stuck at GND                                                                                                                                                                       ;
+--------------------+-------+----------+------------------------------------------------------------------------------------------------------------------------------------------------------------------------------------+


+--------------------------------------------------------------------------------------------------------------------+
; Port Connectivity Checks: "cpu:cpu_inst|datapath_top:dp|alu:alu_inst|ripple_carry_adder:rca_neg"                   ;
+----------+--------+----------+-------------------------------------------------------------------------------------+
; Port     ; Type   ; Severity ; Details                                                                             ;
+----------+--------+----------+-------------------------------------------------------------------------------------+
; A        ; Input  ; Info     ; Stuck at GND                                                                        ;
; Cin      ; Input  ; Info     ; Stuck at VCC                                                                        ;
; Cout     ; Output ; Info     ; Connected to dangling logic. Logic that only feeds a dangling port will be removed. ;
; Overflow ; Output ; Info     ; Explicitly unconnected                                                              ;
+----------+--------+----------+-------------------------------------------------------------------------------------+


+----------------------------------------------------------------------------------------------------------------+
; Port Connectivity Checks: "cpu:cpu_inst|datapath_top:dp|alu:alu_inst|ripple_carry_adder:rca_sub"               ;
+------+--------+----------+-------------------------------------------------------------------------------------+
; Port ; Type   ; Severity ; Details                                                                             ;
+------+--------+----------+-------------------------------------------------------------------------------------+
; Cin  ; Input  ; Info     ; Stuck at VCC                                                                        ;
; Cout ; Output ; Info     ; Connected to dangling logic. Logic that only feeds a dangling port will be removed. ;
+------+--------+----------+-------------------------------------------------------------------------------------+


+----------------------------------------------------------------------------------------------------------------+
; Port Connectivity Checks: "cpu:cpu_inst|datapath_top:dp|alu:alu_inst|ripple_carry_adder:rca_add"               ;
+------+--------+----------+-------------------------------------------------------------------------------------+
; Port ; Type   ; Severity ; Details                                                                             ;
+------+--------+----------+-------------------------------------------------------------------------------------+
; Cin  ; Input  ; Info     ; Stuck at GND                                                                        ;
; Cout ; Output ; Info     ; Connected to dangling logic. Logic that only feeds a dangling port will be removed. ;
+------+--------+----------+-------------------------------------------------------------------------------------+


+------------------------------------------------------------------------------------------------------------------------+
; Port Connectivity Checks: "cpu:cpu_inst|datapath_top:dp|key_regs:key_regs_inst|pc_reg:PC|ripple_carry_adder:inc_adder" ;
+----------+--------+----------+-----------------------------------------------------------------------------------------+
; Port     ; Type   ; Severity ; Details                                                                                 ;
+----------+--------+----------+-----------------------------------------------------------------------------------------+
; B[31..1] ; Input  ; Info     ; Stuck at GND                                                                            ;
; B[0]     ; Input  ; Info     ; Stuck at VCC                                                                            ;
; Cin      ; Input  ; Info     ; Stuck at GND                                                                            ;
; Cout     ; Output ; Info     ; Connected to dangling logic. Logic that only feeds a dangling port will be removed.     ;
; Overflow ; Output ; Info     ; Explicitly unconnected                                                                  ;
+----------+--------+----------+-----------------------------------------------------------------------------------------+


+---------------------------------------------------------------------------------+
; Port Connectivity Checks: "cpu:cpu_inst|datapath_top:dp|key_regs:key_regs_inst" ;
+-----------+--------+----------+-------------------------------------------------+
; Port      ; Type   ; Severity ; Details                                         ;
+-----------+--------+----------+-------------------------------------------------+
; zhigh_in  ; Input  ; Info     ; Stuck at GND                                    ;
; zhigh_val ; Output ; Info     ; Explicitly unconnected                          ;
; zlow_in   ; Input  ; Info     ; Stuck at GND                                    ;
; zlow_val  ; Output ; Info     ; Explicitly unconnected                          ;
+-----------+--------+----------+-------------------------------------------------+


+------------------------------------------------------------------------------------------------------------------------------------------+
; Port Connectivity Checks: "cpu:cpu_inst|datapath_top:dp"                                                                                 ;
+-----------+--------+----------+----------------------------------------------------------------------------------------------------------+
; Port      ; Type   ; Severity ; Details                                                                                                  ;
+-----------+--------+----------+----------------------------------------------------------------------------------------------------------+
; c_val     ; Input  ; Info     ; Stuck at GND                                                                                             ;
; BusMuxOut ; Output ; Info     ; Connected to dangling logic. Logic that only feeds a dangling port will be removed.                      ;
; pc_val    ; Output ; Info     ; Connected to dangling logic. Logic that only feeds a dangling port will be removed.                      ;
; y_val     ; Output ; Info     ; Connected to dangling logic. Logic that only feeds a dangling port will be removed.                      ;
; mar_val   ; Output ; Info     ; Connected to dangling logic. Logic that only feeds a dangling port will be removed.                      ;
; zhigh_out ; Output ; Info     ; Connected to dangling logic. Logic that only feeds a dangling port will be removed.                      ;
; zlow_out  ; Output ; Info     ; Connected to dangling logic. Logic that only feeds a dangling port will be removed.                      ;
; Overflow  ; Output ; Warning  ; Declared by entity but not connected by instance. Logic that only feeds a dangling port will be removed. ;
+-----------+--------+----------+----------------------------------------------------------------------------------------------------------+


+------------------------------------------------------------------------------------------------------------------------------+
; Port Connectivity Checks: "cpu:cpu_inst"                                                                                     ;
+--------------------+--------+----------+-------------------------------------------------------------------------------------+
; Port               ; Type   ; Severity ; Details                                                                             ;
+--------------------+--------+----------+-------------------------------------------------------------------------------------+
; device_in[31..8]   ; Input  ; Info     ; Stuck at GND                                                                        ;
; outport_val[31..8] ; Output ; Info     ; Connected to dangling logic. Logic that only feeds a dangling port will be removed. ;
+--------------------+--------+----------+-------------------------------------------------------------------------------------+


+-----------------------------------------------------+
; Post-Synthesis Netlist Statistics for Top Partition ;
+-----------------------+-----------------------------+
; Type                  ; Count                       ;
+-----------------------+-----------------------------+
; arriav_ff             ; 17234                       ;
;     CLR               ; 47                          ;
;     CLR SCLR          ; 1                           ;
;     ENA               ; 16384                       ;
;     ENA CLR           ; 20                          ;
;     ENA CLR SCLR      ; 60                          ;
;     ENA CLR SLD       ; 64                          ;
;     ENA SCLR          ; 649                         ;
;     plain             ; 9                           ;
; arriav_lcell_comb     ; 10866                       ;
;     arith             ; 1249                        ;
;         0 data inputs ; 1                           ;
;         1 data inputs ; 104                         ;
;         2 data inputs ; 1                           ;
;         3 data inputs ; 61                          ;
;         4 data inputs ; 119                         ;
;         5 data inputs ; 963                         ;
;     extend            ; 561                         ;
;         7 data inputs ; 561                         ;
;     normal            ; 8698                        ;
;         0 data inputs ; 2                           ;
;         1 data inputs ; 1533                        ;
;         2 data inputs ; 93                          ;
;         3 data inputs ; 309                         ;
;         4 data inputs ; 349                         ;
;         5 data inputs ; 514                         ;
;         6 data inputs ; 5898                        ;
;     shared            ; 358                         ;
;         2 data inputs ; 61                          ;
;         3 data inputs ; 265                         ;
;         4 data inputs ; 32                          ;
; boundary_port         ; 65                          ;
;                       ;                             ;
; Max LUT depth         ; 145.30                      ;
; Average LUT depth     ; 22.19                       ;
+-----------------------+-----------------------------+


+-------------------------------+
; Elapsed Time Per Partition    ;
+----------------+--------------+
; Partition Name ; Elapsed Time ;
+----------------+--------------+
; Top            ; 00:00:37     ;
+----------------+--------------+


+-------------------------------+
; Analysis & Synthesis Messages ;
+-------------------------------+
Info: *******************************************************************
Info: Running Quartus Prime Analysis & Synthesis
    Info: Version 25.1std.0 Build 1129 10/21/2025 SC Lite Edition
    Info: Processing started: Mon Mar 30 15:16:19 2026
Info: Command: quartus_map --read_settings_files=on --write_settings_files=off cpu_fpga -c cpu_fpga
Warning (18236): Number of processors has not been specified which may cause overloading on shared machines.  Set the global assignment NUM_PARALLEL_PROCESSORS in your QSF to an appropriate value for best performance.
Info (20030): Parallel compilation is enabled and will use 16 of the 16 processors detected
Info (12021): Found 1 design units, including 1 entities, in source file rtl/alu.v
    Info (12023): Found entity 1: alu File: C:/Users/user/Desktop/pc/374/verilog-test/project/rtl/alu.v Line: 4
Info (12021): Found 1 design units, including 1 entities, in source file rtl/barrel_shifter.v
    Info (12023): Found entity 1: barrel_shifter File: C:/Users/user/Desktop/pc/374/verilog-test/project/rtl/barrel_shifter.v Line: 3
Info (12021): Found 2 design units, including 2 entities, in source file rtl/booth_multiplier.v
    Info (12023): Found entity 1: booth_multiplier File: C:/Users/user/Desktop/pc/374/verilog-test/project/rtl/booth_multiplier.v Line: 4
    Info (12023): Found entity 2: booth_partial_product File: C:/Users/user/Desktop/pc/374/verilog-test/project/rtl/booth_multiplier.v Line: 57
Info (12021): Found 1 design units, including 1 entities, in source file rtl/bus_mux.v
    Info (12023): Found entity 1: bus_mux_enc File: C:/Users/user/Desktop/pc/374/verilog-test/project/rtl/bus_mux.v Line: 1
Info (12021): Found 1 design units, including 1 entities, in source file rtl/con_ff.v
    Info (12023): Found entity 1: con_ff File: C:/Users/user/Desktop/pc/374/verilog-test/project/rtl/con_ff.v Line: 1
Info (12021): Found 1 design units, including 1 entities, in source file rtl/control_unit.v
    Info (12023): Found entity 1: control_unit File: C:/Users/user/Desktop/pc/374/verilog-test/project/rtl/control_unit.v Line: 3
Info (12021): Found 1 design units, including 1 entities, in source file rtl/cpu.v
    Info (12023): Found entity 1: cpu File: C:/Users/user/Desktop/pc/374/verilog-test/project/rtl/cpu.v Line: 3
Info (12021): Found 1 design units, including 1 entities, in source file rtl/cpu_fpga.v
    Info (12023): Found entity 1: cpu_fpga File: C:/Users/user/Desktop/pc/374/verilog-test/project/rtl/cpu_fpga.v Line: 3
Info (12021): Found 1 design units, including 1 entities, in source file rtl/datapath_top.v
    Info (12023): Found entity 1: datapath_top File: C:/Users/user/Desktop/pc/374/verilog-test/project/rtl/datapath_top.v Line: 1
Info (12021): Found 2 design units, including 2 entities, in source file rtl/divider.v
    Info (12023): Found entity 1: divider File: C:/Users/user/Desktop/pc/374/verilog-test/project/rtl/divider.v Line: 4
    Info (12023): Found entity 2: non_restoring_divider_unsigned File: C:/Users/user/Desktop/pc/374/verilog-test/project/rtl/divider.v Line: 34
Info (12021): Found 2 design units, including 2 entities, in source file rtl/io.v
    Info (12023): Found entity 1: outport File: C:/Users/user/Desktop/pc/374/verilog-test/project/rtl/io.v Line: 1
    Info (12023): Found entity 2: inport File: C:/Users/user/Desktop/pc/374/verilog-test/project/rtl/io.v Line: 18
Info (12021): Found 1 design units, including 1 entities, in source file rtl/key_regs.v
    Info (12023): Found entity 1: key_regs File: C:/Users/user/Desktop/pc/374/verilog-test/project/rtl/key_regs.v Line: 1
Info (12021): Found 1 design units, including 1 entities, in source file rtl/mdr.v
    Info (12023): Found entity 1: mdr File: C:/Users/user/Desktop/pc/374/verilog-test/project/rtl/mdr.v Line: 2
Info (12021): Found 1 design units, including 1 entities, in source file rtl/pc_reg.v
    Info (12023): Found entity 1: pc_reg File: C:/Users/user/Desktop/pc/374/verilog-test/project/rtl/pc_reg.v Line: 3
Info (12021): Found 1 design units, including 1 entities, in source file rtl/ram.v
    Info (12023): Found entity 1: ram File: C:/Users/user/Desktop/pc/374/verilog-test/project/rtl/ram.v Line: 5
Info (12021): Found 3 design units, including 3 entities, in source file rtl/registers.v
    Info (12023): Found entity 1: reg32 File: C:/Users/user/Desktop/pc/374/verilog-test/project/rtl/registers.v Line: 2
    Info (12023): Found entity 2: reg32_r0 File: C:/Users/user/Desktop/pc/374/verilog-test/project/rtl/registers.v Line: 19
    Info (12023): Found entity 3: regfile16 File: C:/Users/user/Desktop/pc/374/verilog-test/project/rtl/registers.v Line: 40
Info (12021): Found 2 design units, including 2 entities, in source file rtl/ripple_carry_adder.v
    Info (12023): Found entity 1: ripple_carry_adder File: C:/Users/user/Desktop/pc/374/verilog-test/project/rtl/ripple_carry_adder.v Line: 3
    Info (12023): Found entity 2: full_adder File: C:/Users/user/Desktop/pc/374/verilog-test/project/rtl/ripple_carry_adder.v Line: 33
Info (12021): Found 3 design units, including 3 entities, in source file rtl/select_encode.v
    Info (12023): Found entity 1: select_encode File: C:/Users/user/Desktop/pc/374/verilog-test/project/rtl/select_encode.v Line: 1
    Info (12023): Found entity 2: extend_c File: C:/Users/user/Desktop/pc/374/verilog-test/project/rtl/select_encode.v Line: 53
    Info (12023): Found entity 3: mux_encoder File: C:/Users/user/Desktop/pc/374/verilog-test/project/rtl/select_encode.v Line: 66
Info (12021): Found 1 design units, including 1 entities, in source file rtl/seven_segment.v
    Info (12023): Found entity 1: seven_seg File: C:/Users/user/Desktop/pc/374/verilog-test/project/rtl/seven_segment.v Line: 1
Info (12127): Elaborating entity "cpu_fpga" for the top level hierarchy
Info (12128): Elaborating entity "cpu" for hierarchy "cpu:cpu_inst" File: C:/Users/user/Desktop/pc/374/verilog-test/project/rtl/cpu_fpga.v Line: 49
Info (12128): Elaborating entity "control_unit" for hierarchy "cpu:cpu_inst|control_unit:cu" File: C:/Users/user/Desktop/pc/374/verilog-test/project/rtl/cpu.v Line: 61
Info (10648): Verilog HDL Display System Task info at control_unit.v(201): [CU] MDR_decode_fix_v3: correct file loaded, same cycle count File: C:/Users/user/Desktop/pc/374/verilog-test/project/rtl/control_unit.v Line: 201
Info (12128): Elaborating entity "datapath_top" for hierarchy "cpu:cpu_inst|datapath_top:dp" File: C:/Users/user/Desktop/pc/374/verilog-test/project/rtl/cpu.v Line: 100
Info (12128): Elaborating entity "regfile16" for hierarchy "cpu:cpu_inst|datapath_top:dp|regfile16:rf" File: C:/Users/user/Desktop/pc/374/verilog-test/project/rtl/datapath_top.v Line: 117
Info (12128): Elaborating entity "reg32_r0" for hierarchy "cpu:cpu_inst|datapath_top:dp|regfile16:rf|reg32_r0:r0" File: C:/Users/user/Desktop/pc/374/verilog-test/project/rtl/registers.v Line: 72
Info (12128): Elaborating entity "reg32" for hierarchy "cpu:cpu_inst|datapath_top:dp|regfile16:rf|reg32:r1" File: C:/Users/user/Desktop/pc/374/verilog-test/project/rtl/registers.v Line: 79
Info (12128): Elaborating entity "key_regs" for hierarchy "cpu:cpu_inst|datapath_top:dp|key_regs:key_regs_inst" File: C:/Users/user/Desktop/pc/374/verilog-test/project/rtl/datapath_top.v Line: 140
Info (12128): Elaborating entity "pc_reg" for hierarchy "cpu:cpu_inst|datapath_top:dp|key_regs:key_regs_inst|pc_reg:PC" File: C:/Users/user/Desktop/pc/374/verilog-test/project/rtl/key_regs.v Line: 31
Info (12128): Elaborating entity "ripple_carry_adder" for hierarchy "cpu:cpu_inst|datapath_top:dp|key_regs:key_regs_inst|pc_reg:PC|ripple_carry_adder:inc_adder" File: C:/Users/user/Desktop/pc/374/verilog-test/project/rtl/pc_reg.v Line: 22
Info (12128): Elaborating entity "full_adder" for hierarchy "cpu:cpu_inst|datapath_top:dp|key_regs:key_regs_inst|pc_reg:PC|ripple_carry_adder:inc_adder|full_adder:fa_gen[0].fa" File: C:/Users/user/Desktop/pc/374/verilog-test/project/rtl/ripple_carry_adder.v Line: 24
Info (12128): Elaborating entity "mdr" for hierarchy "cpu:cpu_inst|datapath_top:dp|mdr:mdr_inst" File: C:/Users/user/Desktop/pc/374/verilog-test/project/rtl/datapath_top.v Line: 150
Info (12128): Elaborating entity "ram" for hierarchy "cpu:cpu_inst|datapath_top:dp|ram:ram_inst" File: C:/Users/user/Desktop/pc/374/verilog-test/project/rtl/datapath_top.v Line: 163
Info (12128): Elaborating entity "select_encode" for hierarchy "cpu:cpu_inst|datapath_top:dp|select_encode:select_encode_inst" File: C:/Users/user/Desktop/pc/374/verilog-test/project/rtl/datapath_top.v Line: 176
Info (12128): Elaborating entity "extend_c" for hierarchy "cpu:cpu_inst|datapath_top:dp|extend_c:extend_c_inst" File: C:/Users/user/Desktop/pc/374/verilog-test/project/rtl/datapath_top.v Line: 182
Info (12128): Elaborating entity "mux_encoder" for hierarchy "cpu:cpu_inst|datapath_top:dp|mux_encoder:mux_encoder_inst" File: C:/Users/user/Desktop/pc/374/verilog-test/project/rtl/datapath_top.v Line: 192
Info (10264): Verilog HDL Case Statement information at select_encode.v(73): all case item expressions in this case statement are onehot File: C:/Users/user/Desktop/pc/374/verilog-test/project/rtl/select_encode.v Line: 73
Info (12128): Elaborating entity "con_ff" for hierarchy "cpu:cpu_inst|datapath_top:dp|con_ff:conff_inst" File: C:/Users/user/Desktop/pc/374/verilog-test/project/rtl/datapath_top.v Line: 201
Info (12128): Elaborating entity "alu" for hierarchy "cpu:cpu_inst|datapath_top:dp|alu:alu_inst" File: C:/Users/user/Desktop/pc/374/verilog-test/project/rtl/datapath_top.v Line: 209
Info (12128): Elaborating entity "booth_multiplier" for hierarchy "cpu:cpu_inst|datapath_top:dp|alu:alu_inst|booth_multiplier:booth_mul" File: C:/Users/user/Desktop/pc/374/verilog-test/project/rtl/alu.v Line: 73
Info (12128): Elaborating entity "booth_partial_product" for hierarchy "cpu:cpu_inst|datapath_top:dp|alu:alu_inst|booth_multiplier:booth_mul|booth_partial_product:booth_pp_gen[0].bpp" File: C:/Users/user/Desktop/pc/374/verilog-test/project/rtl/booth_multiplier.v Line: 36
Info (12128): Elaborating entity "divider" for hierarchy "cpu:cpu_inst|datapath_top:dp|alu:alu_inst|divider:div_unit" File: C:/Users/user/Desktop/pc/374/verilog-test/project/rtl/alu.v Line: 80
Info (12128): Elaborating entity "non_restoring_divider_unsigned" for hierarchy "cpu:cpu_inst|datapath_top:dp|alu:alu_inst|divider:div_unit|non_restoring_divider_unsigned:div_core" File: C:/Users/user/Desktop/pc/374/verilog-test/project/rtl/divider.v Line: 27
Warning (10240): Verilog HDL Always Construct warning at divider.v(48): inferring latch(es) for variable "AQ", which holds its previous value in one or more paths through the always construct File: C:/Users/user/Desktop/pc/374/verilog-test/project/rtl/divider.v Line: 48
Warning (10240): Verilog HDL Always Construct warning at divider.v(48): inferring latch(es) for variable "M", which holds its previous value in one or more paths through the always construct File: C:/Users/user/Desktop/pc/374/verilog-test/project/rtl/divider.v Line: 48
Warning (10240): Verilog HDL Always Construct warning at divider.v(48): inferring latch(es) for variable "i", which holds its previous value in one or more paths through the always construct File: C:/Users/user/Desktop/pc/374/verilog-test/project/rtl/divider.v Line: 48
Info (12128): Elaborating entity "barrel_shifter" for hierarchy "cpu:cpu_inst|datapath_top:dp|alu:alu_inst|barrel_shifter:shifter" File: C:/Users/user/Desktop/pc/374/verilog-test/project/rtl/alu.v Line: 90
Info (12128): Elaborating entity "outport" for hierarchy "cpu:cpu_inst|datapath_top:dp|outport:outport_inst" File: C:/Users/user/Desktop/pc/374/verilog-test/project/rtl/datapath_top.v Line: 217
Info (12128): Elaborating entity "inport" for hierarchy "cpu:cpu_inst|datapath_top:dp|inport:inport_inst" File: C:/Users/user/Desktop/pc/374/verilog-test/project/rtl/datapath_top.v Line: 225
Info (12128): Elaborating entity "bus_mux_enc" for hierarchy "cpu:cpu_inst|datapath_top:dp|bus_mux_enc:bmux" File: C:/Users/user/Desktop/pc/374/verilog-test/project/rtl/datapath_top.v Line: 257
Info (12128): Elaborating entity "seven_seg" for hierarchy "seven_seg:seg0" File: C:/Users/user/Desktop/pc/374/verilog-test/project/rtl/cpu_fpga.v Line: 54
Info (276014): Found 1 instances of uninferred RAM logic
    Info (276007): RAM logic "cpu:cpu_inst|datapath_top:dp|ram:ram_inst|mem" is uninferred due to asynchronous read logic File: C:/Users/user/Desktop/pc/374/verilog-test/project/rtl/ram.v Line: 16
Warning (12241): 18 hierarchies have connectivity warnings - see the Connectivity Checks report folder
Warning (13024): Output pins are stuck at VCC or GND
    Warning (13410): Pin "LEDR[0]" is stuck at GND File: C:/Users/user/Desktop/pc/374/verilog-test/project/rtl/cpu_fpga.v Line: 7
    Warning (13410): Pin "LEDR[1]" is stuck at GND File: C:/Users/user/Desktop/pc/374/verilog-test/project/rtl/cpu_fpga.v Line: 7
    Warning (13410): Pin "LEDR[2]" is stuck at GND File: C:/Users/user/Desktop/pc/374/verilog-test/project/rtl/cpu_fpga.v Line: 7
    Warning (13410): Pin "LEDR[3]" is stuck at GND File: C:/Users/user/Desktop/pc/374/verilog-test/project/rtl/cpu_fpga.v Line: 7
    Warning (13410): Pin "LEDR[4]" is stuck at GND File: C:/Users/user/Desktop/pc/374/verilog-test/project/rtl/cpu_fpga.v Line: 7
    Warning (13410): Pin "LEDR[6]" is stuck at GND File: C:/Users/user/Desktop/pc/374/verilog-test/project/rtl/cpu_fpga.v Line: 7
    Warning (13410): Pin "LEDR[7]" is stuck at GND File: C:/Users/user/Desktop/pc/374/verilog-test/project/rtl/cpu_fpga.v Line: 7
    Warning (13410): Pin "LEDR[8]" is stuck at GND File: C:/Users/user/Desktop/pc/374/verilog-test/project/rtl/cpu_fpga.v Line: 7
    Warning (13410): Pin "LEDR[9]" is stuck at GND File: C:/Users/user/Desktop/pc/374/verilog-test/project/rtl/cpu_fpga.v Line: 7
    Warning (13410): Pin "HEX2[0]" is stuck at VCC File: C:/Users/user/Desktop/pc/374/verilog-test/project/rtl/cpu_fpga.v Line: 10
    Warning (13410): Pin "HEX2[1]" is stuck at VCC File: C:/Users/user/Desktop/pc/374/verilog-test/project/rtl/cpu_fpga.v Line: 10
    Warning (13410): Pin "HEX2[2]" is stuck at VCC File: C:/Users/user/Desktop/pc/374/verilog-test/project/rtl/cpu_fpga.v Line: 10
    Warning (13410): Pin "HEX2[3]" is stuck at VCC File: C:/Users/user/Desktop/pc/374/verilog-test/project/rtl/cpu_fpga.v Line: 10
    Warning (13410): Pin "HEX2[4]" is stuck at VCC File: C:/Users/user/Desktop/pc/374/verilog-test/project/rtl/cpu_fpga.v Line: 10
    Warning (13410): Pin "HEX2[5]" is stuck at VCC File: C:/Users/user/Desktop/pc/374/verilog-test/project/rtl/cpu_fpga.v Line: 10
    Warning (13410): Pin "HEX2[6]" is stuck at VCC File: C:/Users/user/Desktop/pc/374/verilog-test/project/rtl/cpu_fpga.v Line: 10
    Warning (13410): Pin "HEX3[0]" is stuck at VCC File: C:/Users/user/Desktop/pc/374/verilog-test/project/rtl/cpu_fpga.v Line: 11
    Warning (13410): Pin "HEX3[1]" is stuck at VCC File: C:/Users/user/Desktop/pc/374/verilog-test/project/rtl/cpu_fpga.v Line: 11
    Warning (13410): Pin "HEX3[2]" is stuck at VCC File: C:/Users/user/Desktop/pc/374/verilog-test/project/rtl/cpu_fpga.v Line: 11
    Warning (13410): Pin "HEX3[3]" is stuck at VCC File: C:/Users/user/Desktop/pc/374/verilog-test/project/rtl/cpu_fpga.v Line: 11
    Warning (13410): Pin "HEX3[4]" is stuck at VCC File: C:/Users/user/Desktop/pc/374/verilog-test/project/rtl/cpu_fpga.v Line: 11
    Warning (13410): Pin "HEX3[5]" is stuck at VCC File: C:/Users/user/Desktop/pc/374/verilog-test/project/rtl/cpu_fpga.v Line: 11
    Warning (13410): Pin "HEX3[6]" is stuck at VCC File: C:/Users/user/Desktop/pc/374/verilog-test/project/rtl/cpu_fpga.v Line: 11
    Warning (13410): Pin "HEX4[0]" is stuck at VCC File: C:/Users/user/Desktop/pc/374/verilog-test/project/rtl/cpu_fpga.v Line: 12
    Warning (13410): Pin "HEX4[1]" is stuck at VCC File: C:/Users/user/Desktop/pc/374/verilog-test/project/rtl/cpu_fpga.v Line: 12
    Warning (13410): Pin "HEX4[2]" is stuck at VCC File: C:/Users/user/Desktop/pc/374/verilog-test/project/rtl/cpu_fpga.v Line: 12
    Warning (13410): Pin "HEX4[3]" is stuck at VCC File: C:/Users/user/Desktop/pc/374/verilog-test/project/rtl/cpu_fpga.v Line: 12
    Warning (13410): Pin "HEX4[4]" is stuck at VCC File: C:/Users/user/Desktop/pc/374/verilog-test/project/rtl/cpu_fpga.v Line: 12
    Warning (13410): Pin "HEX4[5]" is stuck at VCC File: C:/Users/user/Desktop/pc/374/verilog-test/project/rtl/cpu_fpga.v Line: 12
    Warning (13410): Pin "HEX4[6]" is stuck at VCC File: C:/Users/user/Desktop/pc/374/verilog-test/project/rtl/cpu_fpga.v Line: 12
    Warning (13410): Pin "HEX5[0]" is stuck at VCC File: C:/Users/user/Desktop/pc/374/verilog-test/project/rtl/cpu_fpga.v Line: 14
    Warning (13410): Pin "HEX5[1]" is stuck at VCC File: C:/Users/user/Desktop/pc/374/verilog-test/project/rtl/cpu_fpga.v Line: 14
    Warning (13410): Pin "HEX5[2]" is stuck at VCC File: C:/Users/user/Desktop/pc/374/verilog-test/project/rtl/cpu_fpga.v Line: 14
    Warning (13410): Pin "HEX5[3]" is stuck at VCC File: C:/Users/user/Desktop/pc/374/verilog-test/project/rtl/cpu_fpga.v Line: 14
    Warning (13410): Pin "HEX5[4]" is stuck at VCC File: C:/Users/user/Desktop/pc/374/verilog-test/project/rtl/cpu_fpga.v Line: 14
    Warning (13410): Pin "HEX5[5]" is stuck at VCC File: C:/Users/user/Desktop/pc/374/verilog-test/project/rtl/cpu_fpga.v Line: 14
    Warning (13410): Pin "HEX5[6]" is stuck at VCC File: C:/Users/user/Desktop/pc/374/verilog-test/project/rtl/cpu_fpga.v Line: 14
Info (286030): Timing-Driven Synthesis is running
Info (17049): 6 registers lost all their fanouts during netlist optimizations.
Info (16010): Generating hard_block partition "hard_block:auto_generated_inst"
    Info (16011): Adding 0 node(s), including 0 DDIO, 0 PLL, 0 transceiver and 0 LCELL
Warning (21074): Design contains 2 input pin(s) that do not drive logic
    Warning (15610): No output dependent on input pin "SW[8]" File: C:/Users/user/Desktop/pc/374/verilog-test/project/rtl/cpu_fpga.v Line: 6
    Warning (15610): No output dependent on input pin "SW[9]" File: C:/Users/user/Desktop/pc/374/verilog-test/project/rtl/cpu_fpga.v Line: 6
Info (21057): Implemented 26454 device resources after synthesis - the final resource count might be different
    Info (21058): Implemented 13 input pins
    Info (21059): Implemented 52 output pins
    Info (21061): Implemented 26389 logic cells
Info: Quartus Prime Analysis & Synthesis was successful. 0 errors, 46 warnings
    Info: Peak virtual memory: 5102 megabytes
    Info: Processing ended: Mon Mar 30 15:17:19 2026
    Info: Elapsed time: 00:01:00
    Info: Total CPU time (on all processors): 00:01:17


