#! /c/Source/iverilog-install/bin/vvp
:ivl_version "12.0 (devel)" "(s20150603-1539-g2693dd32b)";
:ivl_delay_selection "TYPICAL";
:vpi_time_precision - 11;
:vpi_module "C:\iverilog\lib\ivl\system.vpi";
:vpi_module "C:\iverilog\lib\ivl\vhdl_sys.vpi";
:vpi_module "C:\iverilog\lib\ivl\vhdl_textio.vpi";
:vpi_module "C:\iverilog\lib\ivl\v2005_math.vpi";
:vpi_module "C:\iverilog\lib\ivl\va_math.vpi";
S_000002a62dd753b0 .scope module, "cpu_tb" "cpu_tb" 2 13;
 .timescale -9 -11;
L_000002a62deeefa0 .functor BUFZ 32, v000002a62de39790_0, C4<00000000000000000000000000000000>, C4<00000000000000000000000000000000>, C4<00000000000000000000000000000000>;
L_000002a62deef080 .functor BUFZ 32, v000002a62de3c0d0_0, C4<00000000000000000000000000000000>, C4<00000000000000000000000000000000>, C4<00000000000000000000000000000000>;
L_000002a62deef0f0 .functor BUFZ 32, v000002a62de3d890_0, C4<00000000000000000000000000000000>, C4<00000000000000000000000000000000>, C4<00000000000000000000000000000000>;
L_000002a62deef160 .functor BUFZ 32, L_000002a62dce1060, C4<00000000000000000000000000000000>, C4<00000000000000000000000000000000>, C4<00000000000000000000000000000000>;
L_000002a62deee750 .functor BUFZ 32, v000002a62de3c030_0, C4<00000000000000000000000000000000>, C4<00000000000000000000000000000000>, C4<00000000000000000000000000000000>;
L_000002a62deef1d0 .functor BUFZ 32, v000002a62de3b630_0, C4<00000000000000000000000000000000>, C4<00000000000000000000000000000000>, C4<00000000000000000000000000000000>;
v000002a62de5f8f0_0 .var "clk", 0 0;
v000002a62de5d190_0 .var/i "cycle_count", 31 0;
v000002a62de5db90_0 .var "device_in", 31 0;
v000002a62de5e9f0_0 .net "hi_val", 31 0, L_000002a62deee750;  1 drivers
v000002a62de5ebd0_0 .net "ir_val", 31 0, L_000002a62deef080;  1 drivers
v000002a62de5d550_0 .net "lo_val", 31 0, L_000002a62deef1d0;  1 drivers
v000002a62de5e6d0_0 .net "mar_val", 31 0, L_000002a62deef0f0;  1 drivers
v000002a62de5e590_0 .net "mdr_val", 31 0, L_000002a62deef160;  1 drivers
v000002a62de5d230_0 .net "outport_val", 31 0, v000002a62de38ed0_0;  1 drivers
v000002a62de5f7b0_0 .net "pc_val", 31 0, L_000002a62deeefa0;  1 drivers
v000002a62de5d870_0 .var "reset", 0 0;
v000002a62de5f2b0_0 .net "run", 0 0, v000002a62dd25d50_0;  1 drivers
v000002a62de5ec70_0 .var "stop", 0 0;
E_000002a62dd40720 .event negedge, v000002a62dd25d50_0;
S_000002a62dd759e0 .scope module, "DUT" "cpu" 2 20, 3 3 0, S_000002a62dd753b0;
 .timescale -9 -11;
    .port_info 0 /INPUT 1 "clk";
    .port_info 1 /INPUT 1 "reset";
    .port_info 2 /INPUT 1 "stop";
    .port_info 3 /INPUT 32 "device_in";
    .port_info 4 /OUTPUT 32 "outport_val";
    .port_info 5 /OUTPUT 1 "run";
v000002a62de5c6f0_0 .net "BAout", 0 0, v000002a62dd24c70_0;  1 drivers
v000002a62de5adf0_0 .net "BusMuxOut", 31 0, v000002a62de24600_0;  1 drivers
v000002a62de5bbb0_0 .net "Cout", 0 0, v000002a62dd25170_0;  1 drivers
v000002a62de5bf70_0 .net "Gra", 0 0, v000002a62dd257b0_0;  1 drivers
v000002a62de5b930_0 .net "Grb", 0 0, v000002a62dd26110_0;  1 drivers
v000002a62de5d050_0 .net "Grc", 0 0, v000002a62dd249f0_0;  1 drivers
v000002a62de5c830_0 .net "IncPC", 0 0, v000002a62dd25e90_0;  1 drivers
v000002a62de5b4d0_0 .net "MDRin", 0 0, v000002a62dd26cf0_0;  1 drivers
v000002a62de5c010_0 .net "Mdataout", 31 0, L_000002a62dce1060;  1 drivers
v000002a62de5b610_0 .net "Read", 0 0, v000002a62dd26890_0;  1 drivers
v000002a62de5ba70_0 .net "Rin", 0 0, v000002a62dd26d90_0;  1 drivers
v000002a62de5c650_0 .net "Rout", 0 0, v000002a62dd25fd0_0;  1 drivers
v000002a62de5c790_0 .net "Zin", 0 0, v000002a62dd25b70_0;  1 drivers
v000002a62de5cc90_0 .net "alu_op", 4 0, v000002a62dd264d0_0;  1 drivers
v000002a62de5d0f0_0 .net "bus_sel", 4 0, v000002a62dd26930_0;  1 drivers
v000002a62de5cd30_0 .net "clk", 0 0, v000002a62de5f8f0_0;  1 drivers
v000002a62de5c970_0 .net "con", 0 0, v000002a62de3b9f0_0;  1 drivers
v000002a62de5b110_0 .net "con_en", 0 0, v000002a62dd25850_0;  1 drivers
v000002a62de5bc50_0 .net "device_in", 31 0, v000002a62de5db90_0;  1 drivers
v000002a62de5b070_0 .net "hi_in", 0 0, v000002a62dd24db0_0;  1 drivers
v000002a62de5bb10_0 .net "inport_in", 0 0, v000002a62dd25210_0;  1 drivers
v000002a62de5bcf0_0 .net "ir_in", 0 0, v000002a62dd26250_0;  1 drivers
v000002a62de5ab70_0 .net "ir_val", 31 0, v000002a62de3c0d0_0;  1 drivers
v000002a62de5a990_0 .net "jal_r12_in", 0 0, v000002a62dd26a70_0;  1 drivers
v000002a62de5c510_0 .net "lo_in", 0 0, v000002a62dd24bd0_0;  1 drivers
v000002a62de5c0b0_0 .net "mar_in", 0 0, v000002a62dd262f0_0;  1 drivers
v000002a62de5ae90_0 .net "mar_val", 31 0, v000002a62de3d890_0;  1 drivers
v000002a62de5cdd0_0 .net "outport_in", 0 0, v000002a62dd26390_0;  1 drivers
v000002a62de5bd90_0 .net "outport_val", 31 0, v000002a62de38ed0_0;  alias, 1 drivers
v000002a62de5bed0_0 .net "pc_in", 0 0, v000002a62dd26b10_0;  1 drivers
v000002a62de5c150_0 .net "pc_val", 31 0, v000002a62de39790_0;  1 drivers
v000002a62de5c1f0_0 .net "ram_in", 0 0, v000002a62dd252b0_0;  1 drivers
v000002a62de5ca10_0 .net "reset", 0 0, v000002a62de5d870_0;  1 drivers
v000002a62de5c330_0 .net "run", 0 0, v000002a62dd25d50_0;  alias, 1 drivers
v000002a62de5c470_0 .net "stop", 0 0, v000002a62de5ec70_0;  1 drivers
v000002a62de5c5b0_0 .net "y_in", 0 0, v000002a62dd26430_0;  1 drivers
v000002a62de5cab0_0 .net "y_val", 31 0, v000002a62de39a10_0;  1 drivers
v000002a62de5ce70_0 .net "zhigh_out", 31 0, L_000002a62dce3980;  1 drivers
v000002a62de5cf10_0 .net "zlow_out", 31 0, L_000002a62dce4be0;  1 drivers
S_000002a62dd75b70 .scope module, "cu" "control_unit" 3 30, 4 3 0, S_000002a62dd759e0;
 .timescale -9 -11;
    .port_info 0 /INPUT 1 "clk";
    .port_info 1 /INPUT 1 "reset";
    .port_info 2 /INPUT 1 "stop";
    .port_info 3 /INPUT 1 "con";
    .port_info 4 /INPUT 32 "IR";
    .port_info 5 /INPUT 32 "MDR";
    .port_info 6 /OUTPUT 5 "bus_sel";
    .port_info 7 /OUTPUT 1 "pc_in";
    .port_info 8 /OUTPUT 1 "IncPC";
    .port_info 9 /OUTPUT 1 "ir_in";
    .port_info 10 /OUTPUT 1 "y_in";
    .port_info 11 /OUTPUT 1 "mar_in";
    .port_info 12 /OUTPUT 1 "hi_in";
    .port_info 13 /OUTPUT 1 "lo_in";
    .port_info 14 /OUTPUT 1 "MDRin";
    .port_info 15 /OUTPUT 1 "Read";
    .port_info 16 /OUTPUT 1 "ram_in";
    .port_info 17 /OUTPUT 5 "alu_op";
    .port_info 18 /OUTPUT 1 "Zin";
    .port_info 19 /OUTPUT 1 "Gra";
    .port_info 20 /OUTPUT 1 "Grb";
    .port_info 21 /OUTPUT 1 "Grc";
    .port_info 22 /OUTPUT 1 "Rin";
    .port_info 23 /OUTPUT 1 "Rout";
    .port_info 24 /OUTPUT 1 "BAout";
    .port_info 25 /OUTPUT 1 "Cout";
    .port_info 26 /OUTPUT 1 "con_en";
    .port_info 27 /OUTPUT 1 "inport_in";
    .port_info 28 /OUTPUT 1 "outport_in";
    .port_info 29 /OUTPUT 1 "jal_r12_in";
    .port_info 30 /OUTPUT 1 "run";
P_000002a62dd77000 .param/l "ALU_ADD" 1 4 53, C4<00000>;
P_000002a62dd77038 .param/l "ALU_AND" 1 4 55, C4<00100>;
P_000002a62dd77070 .param/l "ALU_DIV" 1 4 54, C4<00011>;
P_000002a62dd770a8 .param/l "ALU_MUL" 1 4 54, C4<00010>;
P_000002a62dd770e0 .param/l "ALU_NEG" 1 4 56, C4<00111>;
P_000002a62dd77118 .param/l "ALU_NOT" 1 4 56, C4<00110>;
P_000002a62dd77150 .param/l "ALU_OR" 1 4 55, C4<00101>;
P_000002a62dd77188 .param/l "ALU_ROL" 1 4 58, C4<01100>;
P_000002a62dd771c0 .param/l "ALU_ROR" 1 4 58, C4<01011>;
P_000002a62dd771f8 .param/l "ALU_SHL" 1 4 58, C4<01010>;
P_000002a62dd77230 .param/l "ALU_SHR" 1 4 57, C4<01000>;
P_000002a62dd77268 .param/l "ALU_SHRA" 1 4 57, C4<01001>;
P_000002a62dd772a0 .param/l "ALU_SUB" 1 4 53, C4<00001>;
P_000002a62dd772d8 .param/l "BUS_C" 1 4 65, C4<10111>;
P_000002a62dd77310 .param/l "BUS_HI" 1 4 62, C4<10000>;
P_000002a62dd77348 .param/l "BUS_IN" 1 4 65, C4<10110>;
P_000002a62dd77380 .param/l "BUS_LO" 1 4 62, C4<10001>;
P_000002a62dd773b8 .param/l "BUS_MDR" 1 4 64, C4<10101>;
P_000002a62dd773f0 .param/l "BUS_PC" 1 4 64, C4<10100>;
P_000002a62dd77428 .param/l "BUS_ZH" 1 4 63, C4<10010>;
P_000002a62dd77460 .param/l "BUS_ZL" 1 4 63, C4<10011>;
P_000002a62dd77498 .param/l "OP_ADD" 1 4 35, C4<00000>;
P_000002a62dd774d0 .param/l "OP_ADDI" 1 4 39, C4<01001>;
P_000002a62dd77508 .param/l "OP_AND" 1 4 36, C4<00010>;
P_000002a62dd77540 .param/l "OP_ANDI" 1 4 39, C4<01010>;
P_000002a62dd77578 .param/l "OP_BR" 1 4 43, C4<10101>;
P_000002a62dd775b0 .param/l "OP_DIV" 1 4 40, C4<01100>;
P_000002a62dd775e8 .param/l "OP_HALT" 1 4 46, C4<11011>;
P_000002a62dd77620 .param/l "OP_IN" 1 4 44, C4<10110>;
P_000002a62dd77658 .param/l "OP_JAL" 1 4 43, C4<10011>;
P_000002a62dd77690 .param/l "OP_JR" 1 4 43, C4<10100>;
P_000002a62dd776c8 .param/l "OP_LD" 1 4 42, C4<10000>;
P_000002a62dd77700 .param/l "OP_LDI" 1 4 42, C4<10001>;
P_000002a62dd77738 .param/l "OP_MFHI" 1 4 45, C4<11000>;
P_000002a62dd77770 .param/l "OP_MFLO" 1 4 45, C4<11001>;
P_000002a62dd777a8 .param/l "OP_MUL" 1 4 40, C4<01101>;
P_000002a62dd777e0 .param/l "OP_NEG" 1 4 41, C4<01110>;
P_000002a62dd77818 .param/l "OP_NOP" 1 4 46, C4<11010>;
P_000002a62dd77850 .param/l "OP_NOT" 1 4 41, C4<01111>;
P_000002a62dd77888 .param/l "OP_OR" 1 4 36, C4<00011>;
P_000002a62dd778c0 .param/l "OP_ORI" 1 4 39, C4<01011>;
P_000002a62dd778f8 .param/l "OP_OUT" 1 4 44, C4<10111>;
P_000002a62dd77930 .param/l "OP_ROL" 1 4 38, C4<01000>;
P_000002a62dd77968 .param/l "OP_ROR" 1 4 38, C4<00111>;
P_000002a62dd779a0 .param/l "OP_SHL" 1 4 38, C4<00110>;
P_000002a62dd779d8 .param/l "OP_SHR" 1 4 37, C4<00100>;
P_000002a62dd77a10 .param/l "OP_SHRA" 1 4 37, C4<00101>;
P_000002a62dd77a48 .param/l "OP_ST" 1 4 42, C4<10010>;
P_000002a62dd77a80 .param/l "OP_SUB" 1 4 35, C4<00001>;
P_000002a62dd77ab8 .param/l "S_ALU2_T3" 1 4 74, C4<000111>;
P_000002a62dd77af0 .param/l "S_ALU2_T4" 1 4 74, C4<001000>;
P_000002a62dd77b28 .param/l "S_ALU3_T3" 1 4 73, C4<000100>;
P_000002a62dd77b60 .param/l "S_ALU3_T4" 1 4 73, C4<000101>;
P_000002a62dd77b98 .param/l "S_ALU3_T5" 1 4 73, C4<000110>;
P_000002a62dd77bd0 .param/l "S_BR_T3" 1 4 83, C4<100001>;
P_000002a62dd77c08 .param/l "S_BR_T4" 1 4 83, C4<100010>;
P_000002a62dd77c40 .param/l "S_BR_T5" 1 4 83, C4<100011>;
P_000002a62dd77c78 .param/l "S_BR_T6" 1 4 83, C4<100100>;
P_000002a62dd77cb0 .param/l "S_DIV_T3" 1 4 76, C4<001101>;
P_000002a62dd77ce8 .param/l "S_DIV_T4" 1 4 76, C4<001110>;
P_000002a62dd77d20 .param/l "S_DIV_T5" 1 4 76, C4<001111>;
P_000002a62dd77d58 .param/l "S_DIV_T6" 1 4 76, C4<010000>;
P_000002a62dd77d90 .param/l "S_FETCH0" 1 4 70, C4<000001>;
P_000002a62dd77dc8 .param/l "S_FETCH1" 1 4 71, C4<000010>;
P_000002a62dd77e00 .param/l "S_FETCH2" 1 4 72, C4<000011>;
P_000002a62dd77e38 .param/l "S_HALT" 1 4 90, C4<101110>;
P_000002a62dd77e70 .param/l "S_IMM_T3" 1 4 82, C4<011110>;
P_000002a62dd77ea8 .param/l "S_IMM_T4" 1 4 82, C4<011111>;
P_000002a62dd77ee0 .param/l "S_IMM_T5" 1 4 82, C4<100000>;
P_000002a62dd77f18 .param/l "S_IN_T3" 1 4 87, C4<101010>;
P_000002a62dd77f50 .param/l "S_IN_T4" 1 4 87, C4<101011>;
P_000002a62dd77f88 .param/l "S_JAL_T3" 1 4 85, C4<100110>;
P_000002a62dd77fc0 .param/l "S_JAL_T4" 1 4 85, C4<100111>;
P_000002a62dd77ff8 .param/l "S_JR_T3" 1 4 84, C4<100101>;
P_000002a62dd78030 .param/l "S_LDI_T3" 1 4 79, C4<010110>;
P_000002a62dd78068 .param/l "S_LDI_T4" 1 4 79, C4<010111>;
P_000002a62dd780a0 .param/l "S_LDI_T5" 1 4 79, C4<011000>;
P_000002a62dd780d8 .param/l "S_LD_T3" 1 4 77, C4<010001>;
P_000002a62dd78110 .param/l "S_LD_T4" 1 4 77, C4<010010>;
P_000002a62dd78148 .param/l "S_LD_T5" 1 4 77, C4<010011>;
P_000002a62dd78180 .param/l "S_LD_T6" 1 4 78, C4<010100>;
P_000002a62dd781b8 .param/l "S_LD_T7" 1 4 78, C4<010101>;
P_000002a62dd781f0 .param/l "S_MFHI_T3" 1 4 86, C4<101000>;
P_000002a62dd78228 .param/l "S_MFLO_T3" 1 4 86, C4<101001>;
P_000002a62dd78260 .param/l "S_MUL_T3" 1 4 75, C4<001001>;
P_000002a62dd78298 .param/l "S_MUL_T4" 1 4 75, C4<001010>;
P_000002a62dd782d0 .param/l "S_MUL_T5" 1 4 75, C4<001011>;
P_000002a62dd78308 .param/l "S_MUL_T6" 1 4 75, C4<001100>;
P_000002a62dd78340 .param/l "S_NOP_T3" 1 4 89, C4<101101>;
P_000002a62dd78378 .param/l "S_OUT_T3" 1 4 88, C4<101100>;
P_000002a62dd783b0 .param/l "S_RESET" 1 4 69, C4<000000>;
P_000002a62dd783e8 .param/l "S_ST_T3" 1 4 80, C4<011001>;
P_000002a62dd78420 .param/l "S_ST_T4" 1 4 80, C4<011010>;
P_000002a62dd78458 .param/l "S_ST_T5" 1 4 80, C4<011011>;
P_000002a62dd78490 .param/l "S_ST_T6" 1 4 81, C4<011100>;
P_000002a62dd784c8 .param/l "S_ST_T7" 1 4 81, C4<011101>;
v000002a62dd24c70_0 .var "BAout", 0 0;
v000002a62dd25170_0 .var "Cout", 0 0;
v000002a62dd257b0_0 .var "Gra", 0 0;
v000002a62dd26110_0 .var "Grb", 0 0;
v000002a62dd249f0_0 .var "Grc", 0 0;
v000002a62dd255d0_0 .net "IR", 31 0, v000002a62de3c0d0_0;  alias, 1 drivers
v000002a62dd25e90_0 .var "IncPC", 0 0;
v000002a62dd26570_0 .net "MDR", 31 0, L_000002a62dce1060;  alias, 1 drivers
v000002a62dd26cf0_0 .var "MDRin", 0 0;
v000002a62dd26890_0 .var "Read", 0 0;
v000002a62dd26d90_0 .var "Rin", 0 0;
v000002a62dd25fd0_0 .var "Rout", 0 0;
v000002a62dd25b70_0 .var "Zin", 0 0;
L_000002a62de6c908 .functor BUFT 1, C4<000011>, C4<0>, C4<0>, C4<0>;
v000002a62dd24950_0 .net/2u *"_ivl_0", 5 0, L_000002a62de6c908;  1 drivers
v000002a62dd250d0_0 .net *"_ivl_2", 0 0, L_000002a62de5f350;  1 drivers
v000002a62dd25cb0_0 .net *"_ivl_5", 4 0, L_000002a62de5dc30;  1 drivers
v000002a62dd267f0_0 .net *"_ivl_7", 4 0, L_000002a62de5e8b0;  1 drivers
v000002a62dd264d0_0 .var "alu_op", 4 0;
v000002a62dd26930_0 .var "bus_sel", 4 0;
v000002a62dd26070_0 .net "clk", 0 0, v000002a62de5f8f0_0;  alias, 1 drivers
v000002a62dd261b0_0 .net "con", 0 0, v000002a62de3b9f0_0;  alias, 1 drivers
v000002a62dd25850_0 .var "con_en", 0 0;
v000002a62dd24db0_0 .var "hi_in", 0 0;
v000002a62dd25210_0 .var "inport_in", 0 0;
v000002a62dd26250_0 .var "ir_in", 0 0;
v000002a62dd26a70_0 .var "jal_r12_in", 0 0;
v000002a62dd24bd0_0 .var "lo_in", 0 0;
v000002a62dd262f0_0 .var "mar_in", 0 0;
v000002a62dd266b0_0 .var "next_state", 5 0;
v000002a62dd25a30_0 .net "opcode", 4 0, L_000002a62de5eef0;  1 drivers
v000002a62dd26390_0 .var "outport_in", 0 0;
v000002a62dd26b10_0 .var "pc_in", 0 0;
v000002a62dd252b0_0 .var "ram_in", 0 0;
v000002a62dd25350_0 .net "reset", 0 0, v000002a62de5d870_0;  alias, 1 drivers
v000002a62dd25d50_0 .var "run", 0 0;
v000002a62dd24770_0 .var "state", 5 0;
v000002a62dd24810_0 .net "stop", 0 0, v000002a62de5ec70_0;  alias, 1 drivers
v000002a62dd26430_0 .var "y_in", 0 0;
E_000002a62dd40e60 .event anyedge, v000002a62dd24770_0, v000002a62dd25a30_0, v000002a62dd261b0_0;
E_000002a62dd40ea0 .event anyedge, v000002a62dd24810_0, v000002a62dd24770_0, v000002a62dd25a30_0;
E_000002a62dd41020 .event posedge, v000002a62dd25350_0, v000002a62dd26070_0;
L_000002a62de5f350 .cmp/eq 6, v000002a62dd24770_0, L_000002a62de6c908;
L_000002a62de5dc30 .part L_000002a62dce1060, 27, 5;
L_000002a62de5e8b0 .part v000002a62de3c0d0_0, 27, 5;
L_000002a62de5eef0 .functor MUXZ 5, L_000002a62de5e8b0, L_000002a62de5dc30, L_000002a62de5f350, C4<>;
S_000002a62dd762c0 .scope module, "dp" "datapath_top" 3 61, 5 1 0, S_000002a62dd759e0;
 .timescale 0 0;
    .port_info 0 /INPUT 1 "clk";
    .port_info 1 /INPUT 1 "reset";
    .port_info 2 /INPUT 5 "bus_sel";
    .port_info 3 /INPUT 1 "pc_in";
    .port_info 4 /INPUT 1 "IncPC";
    .port_info 5 /INPUT 1 "ir_in";
    .port_info 6 /INPUT 1 "y_in";
    .port_info 7 /INPUT 1 "mar_in";
    .port_info 8 /INPUT 1 "hi_in";
    .port_info 9 /INPUT 1 "lo_in";
    .port_info 10 /INPUT 1 "MDRin";
    .port_info 11 /INPUT 1 "Read";
    .port_info 12 /INPUT 5 "alu_op";
    .port_info 13 /INPUT 1 "Zin";
    .port_info 14 /INPUT 32 "c_val";
    .port_info 15 /INPUT 1 "ram_in";
    .port_info 16 /INPUT 32 "device_in";
    .port_info 17 /INPUT 1 "inport_in";
    .port_info 18 /INPUT 1 "outport_in";
    .port_info 19 /INPUT 1 "Gra";
    .port_info 20 /INPUT 1 "Grb";
    .port_info 21 /INPUT 1 "Grc";
    .port_info 22 /INPUT 1 "Rin";
    .port_info 23 /INPUT 1 "Rout";
    .port_info 24 /INPUT 1 "BAout";
    .port_info 25 /INPUT 1 "Cout";
    .port_info 26 /INPUT 1 "con_en";
    .port_info 27 /INPUT 1 "jal_r12_in";
    .port_info 28 /OUTPUT 32 "BusMuxOut";
    .port_info 29 /OUTPUT 32 "pc_val";
    .port_info 30 /OUTPUT 32 "ir_val";
    .port_info 31 /OUTPUT 32 "y_val";
    .port_info 32 /OUTPUT 32 "mar_val";
    .port_info 33 /OUTPUT 32 "zhigh_out";
    .port_info 34 /OUTPUT 32 "zlow_out";
    .port_info 35 /OUTPUT 32 "Mdataout";
    .port_info 36 /OUTPUT 32 "outport_val";
    .port_info 37 /OUTPUT 1 "con";
    .port_info 38 /OUTPUT 1 "Overflow";
L_000002a62dce3980 .functor BUFZ 32, L_000002a62de5f170, C4<00000000000000000000000000000000>, C4<00000000000000000000000000000000>, C4<00000000000000000000000000000000>;
L_000002a62dce4be0 .functor BUFZ 32, L_000002a62de5d410, C4<00000000000000000000000000000000>, C4<00000000000000000000000000000000>, C4<00000000000000000000000000000000>;
L_000002a62dce4010 .functor BUFZ 1, v000002a62de587d0_0, C4<0>, C4<0>, C4<0>;
L_000002a62de6dc70 .functor BUFT 1, C4<00000000000000000000000000000000>, C4<0>, C4<0>, C4<0>;
L_000002a62dce44e0 .functor BUFZ 32, L_000002a62de6dc70, C4<00000000000000000000000000000000>, C4<00000000000000000000000000000000>, C4<00000000000000000000000000000000>;
L_000002a62dce4940 .functor OR 16, L_000002a62dce1610, L_000002a62de5dd70, C4<0000000000000000>, C4<0000000000000000>;
L_000002a62dce1060 .functor BUFZ 32, v000002a62de38d90_0, C4<00000000000000000000000000000000>, C4<00000000000000000000000000000000>, C4<00000000000000000000000000000000>;
v000002a62de58c30_0 .net "BAout", 0 0, v000002a62dd24c70_0;  alias, 1 drivers
v000002a62de598b0_0 .net "BAout_R0", 0 0, L_000002a62dcdfc40;  1 drivers
v000002a62de58eb0_0 .net "BusMuxOut", 31 0, v000002a62de24600_0;  alias, 1 drivers
v000002a62de58730_0 .net "Cout", 0 0, v000002a62dd25170_0;  alias, 1 drivers
v000002a62de59f90_0 .net "Gra", 0 0, v000002a62dd257b0_0;  alias, 1 drivers
v000002a62de58910_0 .net "Grb", 0 0, v000002a62dd26110_0;  alias, 1 drivers
v000002a62de59bd0_0 .net "Grc", 0 0, v000002a62dd249f0_0;  alias, 1 drivers
v000002a62de59270_0 .net "IncPC", 0 0, v000002a62dd25e90_0;  alias, 1 drivers
v000002a62de5a2b0_0 .net "MDRin", 0 0, v000002a62dd26cf0_0;  alias, 1 drivers
v000002a62de59db0_0 .net "Mdataout", 31 0, L_000002a62dce1060;  alias, 1 drivers
v000002a62de58b90_0 .net "Overflow", 0 0, L_000002a62dce4010;  1 drivers
v000002a62de58a50_0 .net "Read", 0 0, v000002a62dd26890_0;  alias, 1 drivers
v000002a62de58af0_0 .net "Rin", 0 0, v000002a62dd26d90_0;  alias, 1 drivers
v000002a62de59310_0 .net "Rin_decoded", 15 0, L_000002a62dce1610;  1 drivers
v000002a62de59a90_0 .net "Rout", 0 0, v000002a62dd25fd0_0;  alias, 1 drivers
v000002a62de58410_0 .net "Rout_decoded", 15 0, L_000002a62dcdfb60;  1 drivers
v000002a62de593b0_0 .var "Z_reg", 63 0;
v000002a62de5a170_0 .net "Zin", 0 0, v000002a62dd25b70_0;  alias, 1 drivers
L_000002a62de6c998 .functor BUFT 1, C4<0001000000000000>, C4<0>, C4<0>, C4<0>;
v000002a62de59590_0 .net/2u *"_ivl_12", 15 0, L_000002a62de6c998;  1 drivers
L_000002a62de6c9e0 .functor BUFT 1, C4<0000000000000000>, C4<0>, C4<0>, C4<0>;
v000002a62de58e10_0 .net/2u *"_ivl_14", 15 0, L_000002a62de6c9e0;  1 drivers
v000002a62de5a710_0 .net *"_ivl_16", 15 0, L_000002a62de5dd70;  1 drivers
v000002a62de5a350_0 .net "alu_op", 4 0, v000002a62dd264d0_0;  alias, 1 drivers
v000002a62de58f50_0 .net "alu_overflow", 0 0, v000002a62de24380_0;  1 drivers
v000002a62de58870_0 .net "alu_result", 63 0, v000002a62de25140_0;  1 drivers
v000002a62de59b30_0 .net "bus_sel", 4 0, v000002a62dd26930_0;  alias, 1 drivers
v000002a62de58cd0_0 .net "c_bus_val", 31 0, L_000002a62de63950;  1 drivers
v000002a62de59450_0 .net "c_extended", 31 0, L_000002a62de62190;  1 drivers
v000002a62de589b0_0 .net "c_raw", 31 0, L_000002a62dce44e0;  1 drivers
v000002a62de5a030_0 .net "c_val", 31 0, L_000002a62de6dc70;  1 drivers
v000002a62de5a530_0 .net "clk", 0 0, v000002a62de5f8f0_0;  alias, 1 drivers
v000002a62de5a0d0_0 .net "con", 0 0, v000002a62de3b9f0_0;  alias, 1 drivers
v000002a62de58ff0_0 .net "con_en", 0 0, v000002a62dd25850_0;  alias, 1 drivers
v000002a62de59e50_0 .net "device_in", 31 0, v000002a62de5db90_0;  alias, 1 drivers
v000002a62de594f0_0 .net "hi_in", 0 0, v000002a62dd24db0_0;  alias, 1 drivers
v000002a62de599f0_0 .net "hi_val", 31 0, v000002a62de3c030_0;  1 drivers
v000002a62de59630_0 .net "inport_in", 0 0, v000002a62dd25210_0;  alias, 1 drivers
v000002a62de58190_0 .net "inport_val", 31 0, v000002a62de3be50_0;  1 drivers
v000002a62de596d0_0 .net "ir_in", 0 0, v000002a62dd26250_0;  alias, 1 drivers
v000002a62de59770_0 .net "ir_val", 31 0, v000002a62de3c0d0_0;  alias, 1 drivers
v000002a62de59810_0 .net "jal_r12_in", 0 0, v000002a62dd26a70_0;  alias, 1 drivers
v000002a62de59c70_0 .net "lo_in", 0 0, v000002a62dd24bd0_0;  alias, 1 drivers
v000002a62de59d10_0 .net "lo_val", 31 0, v000002a62de3b630_0;  1 drivers
v000002a62de5a3f0_0 .net "mar_in", 0 0, v000002a62dd262f0_0;  alias, 1 drivers
v000002a62de5a7b0_0 .net "mar_val", 31 0, v000002a62de3d890_0;  alias, 1 drivers
v000002a62de59ef0_0 .net "mdr_val", 31 0, v000002a62de38d90_0;  1 drivers
v000002a62de5a210_0 .net "outport_in", 0 0, v000002a62dd26390_0;  alias, 1 drivers
v000002a62de5a490_0 .net "outport_val", 31 0, v000002a62de38ed0_0;  alias, 1 drivers
v000002a62de587d0_0 .var "overflow_reg", 0 0;
v000002a62de5a5d0_0 .net "pc_in", 0 0, v000002a62dd26b10_0;  alias, 1 drivers
v000002a62de5a670_0 .net "pc_val", 31 0, v000002a62de39790_0;  alias, 1 drivers
v000002a62de5a8f0_0 .net "r0_out", 31 0, L_000002a62de5e630;  1 drivers
v000002a62de582d0_0 .net "r10_out", 31 0, v000002a62de55030_0;  1 drivers
v000002a62de584b0_0 .net "r11_out", 31 0, v000002a62de54d10_0;  1 drivers
v000002a62de585f0_0 .net "r12_out", 31 0, v000002a62de54310_0;  1 drivers
v000002a62de58690_0 .net "r13_out", 31 0, v000002a62de53c30_0;  1 drivers
v000002a62de5b390_0 .net "r14_out", 31 0, v000002a62de54130_0;  1 drivers
v000002a62de5b250_0 .net "r15_out", 31 0, v000002a62de53910_0;  1 drivers
v000002a62de5acb0_0 .net "r1_out", 31 0, v000002a62de54450_0;  1 drivers
v000002a62de5aa30_0 .net "r2_out", 31 0, v000002a62de537d0_0;  1 drivers
v000002a62de5c290_0 .net "r3_out", 31 0, v000002a62de549f0_0;  1 drivers
v000002a62de5ac10_0 .net "r4_out", 31 0, v000002a62de564d0_0;  1 drivers
v000002a62de5b750_0 .net "r5_out", 31 0, v000002a62de56d90_0;  1 drivers
v000002a62de5b7f0_0 .net "r6_out", 31 0, v000002a62de56f70_0;  1 drivers
v000002a62de5cfb0_0 .net "r7_out", 31 0, v000002a62de578d0_0;  1 drivers
v000002a62de5c8d0_0 .net "r8_out", 31 0, v000002a62de562f0_0;  1 drivers
v000002a62de5b2f0_0 .net "r9_out", 31 0, v000002a62de56390_0;  1 drivers
v000002a62de5b570_0 .net "ram_in", 0 0, v000002a62dd252b0_0;  alias, 1 drivers
v000002a62de5b430_0 .net "ram_val", 31 0, L_000002a62de64350;  1 drivers
v000002a62de5b6b0_0 .net "reset", 0 0, v000002a62de5d870_0;  alias, 1 drivers
v000002a62de5cb50_0 .net "sel_encoded", 4 0, v000002a62de38c50_0;  1 drivers
v000002a62de5b890_0 .net "y_in", 0 0, v000002a62dd26430_0;  alias, 1 drivers
v000002a62de5ad50_0 .net "y_val", 31 0, v000002a62de39a10_0;  alias, 1 drivers
v000002a62de5be30_0 .net "zhigh_out", 31 0, L_000002a62dce3980;  alias, 1 drivers
v000002a62de5cbf0_0 .net "zhigh_val", 31 0, L_000002a62de5f170;  1 drivers
v000002a62de5c3d0_0 .net "zlow_out", 31 0, L_000002a62dce4be0;  alias, 1 drivers
v000002a62de5b9d0_0 .net "zlow_val", 31 0, L_000002a62de5d410;  1 drivers
L_000002a62de5f170 .part v000002a62de593b0_0, 32, 32;
L_000002a62de5d410 .part v000002a62de593b0_0, 0, 32;
L_000002a62de5dd70 .functor MUXZ 16, L_000002a62de6c9e0, L_000002a62de6c998, v000002a62dd26a70_0, C4<>;
L_000002a62de636d0 .part v000002a62de3d890_0, 0, 9;
L_000002a62de63950 .functor MUXZ 32, L_000002a62dce44e0, L_000002a62de62190, v000002a62dd25170_0, C4<>;
L_000002a62de64170 .part v000002a62de3c0d0_0, 19, 2;
S_000002a62d9a3d60 .scope module, "alu_inst" "alu" 5 199, 6 4 0, S_000002a62dd762c0;
 .timescale 0 0;
    .port_info 0 /INPUT 32 "A";
    .port_info 1 /INPUT 32 "B";
    .port_info 2 /INPUT 5 "op";
    .port_info 3 /OUTPUT 64 "C";
    .port_info 4 /OUTPUT 1 "Overflow";
P_000002a62d993210 .param/l "OP_ADD" 1 6 13, C4<00000>;
P_000002a62d993248 .param/l "OP_AND" 1 6 17, C4<00100>;
P_000002a62d993280 .param/l "OP_DIV" 1 6 16, C4<00011>;
P_000002a62d9932b8 .param/l "OP_MUL" 1 6 15, C4<00010>;
P_000002a62d9932f0 .param/l "OP_NEG" 1 6 20, C4<00111>;
P_000002a62d993328 .param/l "OP_NOT" 1 6 19, C4<00110>;
P_000002a62d993360 .param/l "OP_OR" 1 6 18, C4<00101>;
P_000002a62d993398 .param/l "OP_ROL" 1 6 25, C4<01100>;
P_000002a62d9933d0 .param/l "OP_ROR" 1 6 24, C4<01011>;
P_000002a62d993408 .param/l "OP_SHL" 1 6 23, C4<01010>;
P_000002a62d993440 .param/l "OP_SHR" 1 6 21, C4<01000>;
P_000002a62d993478 .param/l "OP_SHRA" 1 6 22, C4<01001>;
P_000002a62d9934b0 .param/l "OP_SUB" 1 6 14, C4<00001>;
L_000002a62dee9430 .functor NOT 32, v000002a62de24600_0, C4<00000000000000000000000000000000>, C4<00000000000000000000000000000000>, C4<00000000000000000000000000000000>;
L_000002a62deeea60 .functor NOT 32, v000002a62de24600_0, C4<00000000000000000000000000000000>, C4<00000000000000000000000000000000>, C4<00000000000000000000000000000000>;
v000002a62de26860_0 .net "A", 31 0, v000002a62de39a10_0;  alias, 1 drivers
v000002a62de24420_0 .net "B", 31 0, v000002a62de24600_0;  alias, 1 drivers
v000002a62de25140_0 .var "C", 63 0;
v000002a62de24380_0 .var "Overflow", 0 0;
v000002a62de25a00_0 .net "add_cout", 0 0, L_000002a62de68950;  1 drivers
v000002a62de25dc0_0 .net "add_overflow", 0 0, L_000002a62deddfd0;  1 drivers
v000002a62de26360_0 .net "add_result", 31 0, L_000002a62de68450;  1 drivers
v000002a62de24100_0 .net "div_quotient", 31 0, L_000002a62df27e40;  1 drivers
v000002a62de255a0_0 .net "div_remainder", 31 0, L_000002a62df2a140;  1 drivers
v000002a62de24f60_0 .net "mul_result", 63 0, L_000002a62df26cc0;  1 drivers
v000002a62de256e0_0 .net "neg_cout", 0 0, L_000002a62de4ff90;  1 drivers
v000002a62de26400_0 .net "neg_result", 31 0, L_000002a62de4e410;  1 drivers
v000002a62de24e20_0 .net "op", 4 0, v000002a62dd264d0_0;  alias, 1 drivers
v000002a62de25640_0 .net "rol_result", 31 0, L_000002a62deeec90;  1 drivers
v000002a62de264a0_0 .net "ror_result", 31 0, L_000002a62deee7c0;  1 drivers
v000002a62de25b40_0 .net "shl_result", 31 0, L_000002a62deeef30;  1 drivers
v000002a62de26680_0 .net "shr_result", 31 0, L_000002a62deeeec0;  1 drivers
v000002a62de26040_0 .net "shra_result", 31 0, L_000002a62deeee50;  1 drivers
v000002a62de25780_0 .net "sub_cout", 0 0, L_000002a62de69990;  1 drivers
v000002a62de244c0_0 .net "sub_overflow", 0 0, L_000002a62dee9c80;  1 drivers
v000002a62de26720_0 .net "sub_result", 31 0, L_000002a62de6b150;  1 drivers
E_000002a62dd40a60/0 .event anyedge, v000002a62dd264d0_0, v000002a62de0c7e0_0, v000002a62de0c600_0, v000002a62de203c0_0;
E_000002a62dd40a60/1 .event anyedge, v000002a62de20fa0_0, v000002a62dde3ba0_0, v000002a62dde84c0_0, v000002a62dde7160_0;
E_000002a62dd40a60/2 .event anyedge, v000002a62dd24d10_0, v000002a62dde3740_0, v000002a62de07ba0_0, v000002a62de242e0_0;
E_000002a62dd40a60/3 .event anyedge, v000002a62de258c0_0, v000002a62de22760_0, v000002a62de22ee0_0, v000002a62de21a40_0;
E_000002a62dd40a60 .event/or E_000002a62dd40a60/0, E_000002a62dd40a60/1, E_000002a62dd40a60/2, E_000002a62dd40a60/3;
L_000002a62df2bea0 .part v000002a62de24600_0, 0, 5;
S_000002a62d9934f0 .scope module, "booth_mul" "booth_multiplier" 6 69, 7 4 0, S_000002a62d9a3d60;
 .timescale 0 0;
    .port_info 0 /INPUT 32 "A";
    .port_info 1 /INPUT 32 "B";
    .port_info 2 /OUTPUT 64 "Product";
v000002a62dde4aa0_0 .net/s "A", 31 0, v000002a62de39a10_0;  alias, 1 drivers
v000002a62dde3740_0 .net/s "B", 31 0, v000002a62de24600_0;  alias, 1 drivers
v000002a62dde4780_0 .net "B_ext", 32 0, L_000002a62df28660;  1 drivers
v000002a62dde3ba0_0 .net/s "Product", 63 0, L_000002a62df26cc0;  alias, 1 drivers
L_000002a62de6d7a8 .functor BUFT 1, C4<0>, C4<0>, C4<0>, C4<0>;
v000002a62dde4b40_0 .net/2u *"_ivl_16", 0 0, L_000002a62de6d7a8;  1 drivers
v000002a62dde55e0_0 .net *"_ivl_21", 0 0, L_000002a62df28ca0;  1 drivers
v000002a62dde5680_0 .net *"_ivl_23", 0 0, L_000002a62df28d40;  1 drivers
v000002a62dde4640_0 .net *"_ivl_25", 0 0, L_000002a62df28f20;  1 drivers
L_000002a62de6d838 .functor BUFT 1, C4<00000000000000000000000000100000>, C4<0>, C4<0>, C4<0>;
v000002a62dde5720_0 .net/2s *"_ivl_28", 31 0, L_000002a62de6d838;  1 drivers
v000002a62dde3c40_0 .net/s *"_ivl_35", 63 0, L_000002a62df276c0;  1 drivers
v000002a62dde4c80_0 .net/s *"_ivl_38", 63 0, L_000002a62df26d60;  1 drivers
v000002a62dde57c0_0 .net/s *"_ivl_41", 63 0, L_000002a62df28fc0;  1 drivers
v000002a62dde5860_0 .net/s *"_ivl_44", 63 0, L_000002a62df288e0;  1 drivers
v000002a62dde39c0_0 .net/s *"_ivl_47", 63 0, L_000002a62df29060;  1 drivers
v000002a62dde4e60_0 .net/s *"_ivl_50", 63 0, L_000002a62df29100;  1 drivers
v000002a62dde4820_0 .net/s *"_ivl_53", 63 0, L_000002a62df28480;  1 drivers
v000002a62dde3ce0_0 .net/s *"_ivl_56", 63 0, L_000002a62df28200;  1 drivers
v000002a62dde4f00_0 .net/s *"_ivl_59", 63 0, L_000002a62df28520;  1 drivers
v000002a62dde5900_0 .net/s *"_ivl_62", 63 0, L_000002a62df291a0;  1 drivers
v000002a62dde41e0_0 .net/s *"_ivl_65", 63 0, L_000002a62df27440;  1 drivers
v000002a62dde50e0_0 .net/s *"_ivl_68", 63 0, L_000002a62df29380;  1 drivers
v000002a62dde3d80_0 .net/s *"_ivl_71", 63 0, L_000002a62df287a0;  1 drivers
v000002a62dde3880_0 .net/s *"_ivl_74", 63 0, L_000002a62df27760;  1 drivers
v000002a62dde3f60_0 .net/s *"_ivl_77", 63 0, L_000002a62df27120;  1 drivers
v000002a62dde59a0_0 .net "last_booth_bits", 2 0, L_000002a62df282a0;  1 drivers
v000002a62dde5b80 .array "pp", 0 16;
v000002a62dde5b80_0 .net/s v000002a62dde5b80 0, 63 0, L_000002a62de500d0; 1 drivers
v000002a62dde5b80_1 .net/s v000002a62dde5b80 1, 63 0, L_000002a62de50490; 1 drivers
v000002a62dde5b80_2 .net/s v000002a62dde5b80 2, 63 0, L_000002a62de4e4b0; 1 drivers
v000002a62dde5b80_3 .net/s v000002a62dde5b80 3, 63 0, L_000002a62de52bf0; 1 drivers
v000002a62dde5b80_4 .net/s v000002a62dde5b80 4, 63 0, L_000002a62de53050; 1 drivers
v000002a62dde5b80_5 .net/s v000002a62dde5b80 5, 63 0, L_000002a62de50cb0; 1 drivers
v000002a62dde5b80_6 .net/s v000002a62dde5b80 6, 63 0, L_000002a62de521f0; 1 drivers
v000002a62dde5b80_7 .net/s v000002a62dde5b80 7, 63 0, L_000002a62de52970; 1 drivers
v000002a62dde5b80_8 .net/s v000002a62dde5b80 8, 63 0, L_000002a62de52470; 1 drivers
v000002a62dde5b80_9 .net/s v000002a62dde5b80 9, 63 0, L_000002a62de51110; 1 drivers
v000002a62dde5b80_10 .net/s v000002a62dde5b80 10, 63 0, L_000002a62de52790; 1 drivers
v000002a62dde5b80_11 .net/s v000002a62dde5b80 11, 63 0, L_000002a62de514d0; 1 drivers
v000002a62dde5b80_12 .net/s v000002a62dde5b80 12, 63 0, L_000002a62df27260; 1 drivers
v000002a62dde5b80_13 .net/s v000002a62dde5b80 13, 63 0, L_000002a62df28ac0; 1 drivers
v000002a62dde5b80_14 .net/s v000002a62dde5b80 14, 63 0, L_000002a62df27bc0; 1 drivers
v000002a62dde5b80_15 .net/s v000002a62dde5b80 15, 63 0, L_000002a62df28980; 1 drivers
v000002a62dde5b80_16 .net/s v000002a62dde5b80 16, 63 0, L_000002a62df28de0; 1 drivers
L_000002a62de4ef50 .part L_000002a62df28660, 0, 3;
L_000002a62de4fb30 .part L_000002a62df28660, 2, 3;
L_000002a62de50670 .part L_000002a62df28660, 4, 3;
L_000002a62de4e870 .part L_000002a62df28660, 6, 3;
L_000002a62de51e30 .part L_000002a62df28660, 8, 3;
L_000002a62de50c10 .part L_000002a62df28660, 10, 3;
L_000002a62de52d30 .part L_000002a62df28660, 12, 3;
L_000002a62de50a30 .part L_000002a62df28660, 14, 3;
L_000002a62de52830 .part L_000002a62df28660, 16, 3;
L_000002a62de52dd0 .part L_000002a62df28660, 18, 3;
L_000002a62de516b0 .part L_000002a62df28660, 20, 3;
L_000002a62de50df0 .part L_000002a62df28660, 22, 3;
L_000002a62df26fe0 .part L_000002a62df28660, 24, 3;
L_000002a62df27ee0 .part L_000002a62df28660, 26, 3;
L_000002a62df28c00 .part L_000002a62df28660, 28, 3;
L_000002a62df271c0 .part L_000002a62df28660, 30, 3;
L_000002a62df28660 .concat [ 1 32 0 0], L_000002a62de6d7a8, v000002a62de24600_0;
L_000002a62df28ca0 .part v000002a62de24600_0, 31, 1;
L_000002a62df28d40 .part v000002a62de24600_0, 31, 1;
L_000002a62df28f20 .part L_000002a62df28660, 31, 1;
L_000002a62df282a0 .concat [ 1 1 1 0], L_000002a62df28f20, L_000002a62df28d40, L_000002a62df28ca0;
L_000002a62df28700 .part L_000002a62de6d838, 0, 6;
L_000002a62df276c0 .arith/sum 64, L_000002a62de500d0, L_000002a62de50490;
L_000002a62df26d60 .arith/sum 64, L_000002a62df276c0, L_000002a62de4e4b0;
L_000002a62df28fc0 .arith/sum 64, L_000002a62df26d60, L_000002a62de52bf0;
L_000002a62df288e0 .arith/sum 64, L_000002a62df28fc0, L_000002a62de53050;
L_000002a62df29060 .arith/sum 64, L_000002a62df288e0, L_000002a62de50cb0;
L_000002a62df29100 .arith/sum 64, L_000002a62df29060, L_000002a62de521f0;
L_000002a62df28480 .arith/sum 64, L_000002a62df29100, L_000002a62de52970;
L_000002a62df28200 .arith/sum 64, L_000002a62df28480, L_000002a62de52470;
L_000002a62df28520 .arith/sum 64, L_000002a62df28200, L_000002a62de51110;
L_000002a62df291a0 .arith/sum 64, L_000002a62df28520, L_000002a62de52790;
L_000002a62df27440 .arith/sum 64, L_000002a62df291a0, L_000002a62de514d0;
L_000002a62df29380 .arith/sum 64, L_000002a62df27440, L_000002a62df27260;
L_000002a62df287a0 .arith/sum 64, L_000002a62df29380, L_000002a62df28ac0;
L_000002a62df27760 .arith/sum 64, L_000002a62df287a0, L_000002a62df27bc0;
L_000002a62df27120 .arith/sum 64, L_000002a62df27760, L_000002a62df28980;
L_000002a62df26cc0 .arith/sum 64, L_000002a62df27120, L_000002a62df28de0;
S_000002a62dd769f0 .scope generate, "booth_pp_gen[0]" "booth_pp_gen[0]" 7 27, 7 27 0, S_000002a62d9934f0;
 .timescale 0 0;
P_000002a62dd41060 .param/l "i" 0 7 27, +C4<00>;
L_000002a62de6cef0 .functor BUFT 1, C4<0>, C4<0>, C4<0>, C4<0>;
v000002a62dd24f90_0 .net/2s *"_ivl_1", 0 0, L_000002a62de6cef0;  1 drivers
v000002a62dd26bb0_0 .net "booth_bits", 2 0, L_000002a62de4ef50;  1 drivers
L_000002a62de4f4f0 .extend/s 6, L_000002a62de6cef0;
S_000002a62d98bce0 .scope module, "bpp" "booth_partial_product" 7 31, 7 57 0, S_000002a62dd769f0;
 .timescale 0 0;
    .port_info 0 /INPUT 32 "M";
    .port_info 1 /INPUT 3 "booth_bits";
    .port_info 2 /INPUT 6 "shift_amount";
    .port_info 3 /OUTPUT 64 "pp";
v000002a62dd24d10_0 .net/s "M", 31 0, v000002a62de39a10_0;  alias, 1 drivers
v000002a62dd25670_0 .net/s "M2", 63 0, L_000002a62de4e690;  1 drivers
v000002a62dd258f0_0 .net/s "M_ext", 63 0, L_000002a62de4f8b0;  1 drivers
v000002a62dd269d0_0 .net *"_ivl_1", 0 0, L_000002a62de50030;  1 drivers
L_000002a62de6cea8 .functor BUFT 1, C4<0>, C4<0>, C4<0>, C4<0>;
v000002a62dd24a90_0 .net *"_ivl_10", 0 0, L_000002a62de6cea8;  1 drivers
v000002a62dd25990_0 .net *"_ivl_2", 31 0, L_000002a62de4f1d0;  1 drivers
v000002a62dd24b30_0 .net *"_ivl_8", 62 0, L_000002a62de4f310;  1 drivers
v000002a62dd26750_0 .net "booth_bits", 2 0, L_000002a62de4ef50;  alias, 1 drivers
v000002a62dd24e50_0 .net/s "pp", 63 0, L_000002a62de500d0;  alias, 1 drivers
v000002a62dd25c10_0 .var/s "pp_unshifted", 63 0;
v000002a62dd24ef0_0 .net "shift_amount", 5 0, L_000002a62de4f4f0;  1 drivers
E_000002a62dd410a0 .event anyedge, v000002a62dd26750_0, v000002a62dd258f0_0, v000002a62dd25670_0;
L_000002a62de50030 .part v000002a62de39a10_0, 31, 1;
LS_000002a62de4f1d0_0_0 .concat [ 1 1 1 1], L_000002a62de50030, L_000002a62de50030, L_000002a62de50030, L_000002a62de50030;
LS_000002a62de4f1d0_0_4 .concat [ 1 1 1 1], L_000002a62de50030, L_000002a62de50030, L_000002a62de50030, L_000002a62de50030;
LS_000002a62de4f1d0_0_8 .concat [ 1 1 1 1], L_000002a62de50030, L_000002a62de50030, L_000002a62de50030, L_000002a62de50030;
LS_000002a62de4f1d0_0_12 .concat [ 1 1 1 1], L_000002a62de50030, L_000002a62de50030, L_000002a62de50030, L_000002a62de50030;
LS_000002a62de4f1d0_0_16 .concat [ 1 1 1 1], L_000002a62de50030, L_000002a62de50030, L_000002a62de50030, L_000002a62de50030;
LS_000002a62de4f1d0_0_20 .concat [ 1 1 1 1], L_000002a62de50030, L_000002a62de50030, L_000002a62de50030, L_000002a62de50030;
LS_000002a62de4f1d0_0_24 .concat [ 1 1 1 1], L_000002a62de50030, L_000002a62de50030, L_000002a62de50030, L_000002a62de50030;
LS_000002a62de4f1d0_0_28 .concat [ 1 1 1 1], L_000002a62de50030, L_000002a62de50030, L_000002a62de50030, L_000002a62de50030;
LS_000002a62de4f1d0_1_0 .concat [ 4 4 4 4], LS_000002a62de4f1d0_0_0, LS_000002a62de4f1d0_0_4, LS_000002a62de4f1d0_0_8, LS_000002a62de4f1d0_0_12;
LS_000002a62de4f1d0_1_4 .concat [ 4 4 4 4], LS_000002a62de4f1d0_0_16, LS_000002a62de4f1d0_0_20, LS_000002a62de4f1d0_0_24, LS_000002a62de4f1d0_0_28;
L_000002a62de4f1d0 .concat [ 16 16 0 0], LS_000002a62de4f1d0_1_0, LS_000002a62de4f1d0_1_4;
L_000002a62de4f8b0 .concat [ 32 32 0 0], v000002a62de39a10_0, L_000002a62de4f1d0;
L_000002a62de4f310 .part L_000002a62de4f8b0, 0, 63;
L_000002a62de4e690 .concat [ 1 63 0 0], L_000002a62de6cea8, L_000002a62de4f310;
L_000002a62de500d0 .shift/l 64, v000002a62dd25c10_0, L_000002a62de4f4f0;
S_000002a62d98be70 .scope generate, "booth_pp_gen[1]" "booth_pp_gen[1]" 7 27, 7 27 0, S_000002a62d9934f0;
 .timescale 0 0;
P_000002a62dd401a0 .param/l "i" 0 7 27, +C4<01>;
L_000002a62de6cf80 .functor BUFT 1, C4<010>, C4<0>, C4<0>, C4<0>;
v000002a62dd287d0_0 .net/2s *"_ivl_1", 2 0, L_000002a62de6cf80;  1 drivers
v000002a62dd276f0_0 .net "booth_bits", 2 0, L_000002a62de4fb30;  1 drivers
L_000002a62de505d0 .extend/s 6, L_000002a62de6cf80;
S_000002a62d9897d0 .scope module, "bpp" "booth_partial_product" 7 31, 7 57 0, S_000002a62d98be70;
 .timescale 0 0;
    .port_info 0 /INPUT 32 "M";
    .port_info 1 /INPUT 3 "booth_bits";
    .port_info 2 /INPUT 6 "shift_amount";
    .port_info 3 /OUTPUT 64 "pp";
v000002a62dd26c50_0 .net/s "M", 31 0, v000002a62de39a10_0;  alias, 1 drivers
v000002a62dd253f0_0 .net/s "M2", 63 0, L_000002a62de503f0;  1 drivers
v000002a62dd25490_0 .net/s "M_ext", 63 0, L_000002a62de4fc70;  1 drivers
v000002a62dd25530_0 .net *"_ivl_1", 0 0, L_000002a62de4fbd0;  1 drivers
L_000002a62de6cf38 .functor BUFT 1, C4<0>, C4<0>, C4<0>, C4<0>;
v000002a62dd27470_0 .net *"_ivl_10", 0 0, L_000002a62de6cf38;  1 drivers
v000002a62dd28d70_0 .net *"_ivl_2", 31 0, L_000002a62de4e5f0;  1 drivers
v000002a62dd270b0_0 .net *"_ivl_8", 62 0, L_000002a62de50350;  1 drivers
v000002a62dd27830_0 .net "booth_bits", 2 0, L_000002a62de4fb30;  alias, 1 drivers
v000002a62dd27e70_0 .net/s "pp", 63 0, L_000002a62de50490;  alias, 1 drivers
v000002a62dd27c90_0 .var/s "pp_unshifted", 63 0;
v000002a62dd29270_0 .net "shift_amount", 5 0, L_000002a62de505d0;  1 drivers
E_000002a62dd403e0 .event anyedge, v000002a62dd27830_0, v000002a62dd25490_0, v000002a62dd253f0_0;
L_000002a62de4fbd0 .part v000002a62de39a10_0, 31, 1;
LS_000002a62de4e5f0_0_0 .concat [ 1 1 1 1], L_000002a62de4fbd0, L_000002a62de4fbd0, L_000002a62de4fbd0, L_000002a62de4fbd0;
LS_000002a62de4e5f0_0_4 .concat [ 1 1 1 1], L_000002a62de4fbd0, L_000002a62de4fbd0, L_000002a62de4fbd0, L_000002a62de4fbd0;
LS_000002a62de4e5f0_0_8 .concat [ 1 1 1 1], L_000002a62de4fbd0, L_000002a62de4fbd0, L_000002a62de4fbd0, L_000002a62de4fbd0;
LS_000002a62de4e5f0_0_12 .concat [ 1 1 1 1], L_000002a62de4fbd0, L_000002a62de4fbd0, L_000002a62de4fbd0, L_000002a62de4fbd0;
LS_000002a62de4e5f0_0_16 .concat [ 1 1 1 1], L_000002a62de4fbd0, L_000002a62de4fbd0, L_000002a62de4fbd0, L_000002a62de4fbd0;
LS_000002a62de4e5f0_0_20 .concat [ 1 1 1 1], L_000002a62de4fbd0, L_000002a62de4fbd0, L_000002a62de4fbd0, L_000002a62de4fbd0;
LS_000002a62de4e5f0_0_24 .concat [ 1 1 1 1], L_000002a62de4fbd0, L_000002a62de4fbd0, L_000002a62de4fbd0, L_000002a62de4fbd0;
LS_000002a62de4e5f0_0_28 .concat [ 1 1 1 1], L_000002a62de4fbd0, L_000002a62de4fbd0, L_000002a62de4fbd0, L_000002a62de4fbd0;
LS_000002a62de4e5f0_1_0 .concat [ 4 4 4 4], LS_000002a62de4e5f0_0_0, LS_000002a62de4e5f0_0_4, LS_000002a62de4e5f0_0_8, LS_000002a62de4e5f0_0_12;
LS_000002a62de4e5f0_1_4 .concat [ 4 4 4 4], LS_000002a62de4e5f0_0_16, LS_000002a62de4e5f0_0_20, LS_000002a62de4e5f0_0_24, LS_000002a62de4e5f0_0_28;
L_000002a62de4e5f0 .concat [ 16 16 0 0], LS_000002a62de4e5f0_1_0, LS_000002a62de4e5f0_1_4;
L_000002a62de4fc70 .concat [ 32 32 0 0], v000002a62de39a10_0, L_000002a62de4e5f0;
L_000002a62de50350 .part L_000002a62de4fc70, 0, 63;
L_000002a62de503f0 .concat [ 1 63 0 0], L_000002a62de6cf38, L_000002a62de50350;
L_000002a62de50490 .shift/l 64, v000002a62dd27c90_0, L_000002a62de505d0;
S_000002a62d989960 .scope generate, "booth_pp_gen[2]" "booth_pp_gen[2]" 7 27, 7 27 0, S_000002a62d9934f0;
 .timescale 0 0;
P_000002a62dd40420 .param/l "i" 0 7 27, +C4<010>;
L_000002a62de6d010 .functor BUFT 1, C4<0100>, C4<0>, C4<0>, C4<0>;
v000002a62dd27a10_0 .net/2s *"_ivl_1", 3 0, L_000002a62de6d010;  1 drivers
v000002a62dd291d0_0 .net "booth_bits", 2 0, L_000002a62de50670;  1 drivers
L_000002a62de4e550 .extend/s 6, L_000002a62de6d010;
S_000002a62d984eb0 .scope module, "bpp" "booth_partial_product" 7 31, 7 57 0, S_000002a62d989960;
 .timescale 0 0;
    .port_info 0 /INPUT 32 "M";
    .port_info 1 /INPUT 3 "booth_bits";
    .port_info 2 /INPUT 6 "shift_amount";
    .port_info 3 /OUTPUT 64 "pp";
v000002a62dd28e10_0 .net/s "M", 31 0, v000002a62de39a10_0;  alias, 1 drivers
v000002a62dd27970_0 .net/s "M2", 63 0, L_000002a62de4e2d0;  1 drivers
v000002a62dd29090_0 .net/s "M_ext", 63 0, L_000002a62de508f0;  1 drivers
v000002a62dd294f0_0 .net *"_ivl_1", 0 0, L_000002a62de4e730;  1 drivers
L_000002a62de6cfc8 .functor BUFT 1, C4<0>, C4<0>, C4<0>, C4<0>;
v000002a62dd27f10_0 .net *"_ivl_10", 0 0, L_000002a62de6cfc8;  1 drivers
v000002a62dd29310_0 .net *"_ivl_2", 31 0, L_000002a62de507b0;  1 drivers
v000002a62dd28370_0 .net *"_ivl_8", 62 0, L_000002a62de4e230;  1 drivers
v000002a62dd27150_0 .net "booth_bits", 2 0, L_000002a62de50670;  alias, 1 drivers
v000002a62dd280f0_0 .net/s "pp", 63 0, L_000002a62de4e4b0;  alias, 1 drivers
v000002a62dd28410_0 .var/s "pp_unshifted", 63 0;
v000002a62dd27fb0_0 .net "shift_amount", 5 0, L_000002a62de4e550;  1 drivers
E_000002a62dd404a0 .event anyedge, v000002a62dd27150_0, v000002a62dd29090_0, v000002a62dd27970_0;
L_000002a62de4e730 .part v000002a62de39a10_0, 31, 1;
LS_000002a62de507b0_0_0 .concat [ 1 1 1 1], L_000002a62de4e730, L_000002a62de4e730, L_000002a62de4e730, L_000002a62de4e730;
LS_000002a62de507b0_0_4 .concat [ 1 1 1 1], L_000002a62de4e730, L_000002a62de4e730, L_000002a62de4e730, L_000002a62de4e730;
LS_000002a62de507b0_0_8 .concat [ 1 1 1 1], L_000002a62de4e730, L_000002a62de4e730, L_000002a62de4e730, L_000002a62de4e730;
LS_000002a62de507b0_0_12 .concat [ 1 1 1 1], L_000002a62de4e730, L_000002a62de4e730, L_000002a62de4e730, L_000002a62de4e730;
LS_000002a62de507b0_0_16 .concat [ 1 1 1 1], L_000002a62de4e730, L_000002a62de4e730, L_000002a62de4e730, L_000002a62de4e730;
LS_000002a62de507b0_0_20 .concat [ 1 1 1 1], L_000002a62de4e730, L_000002a62de4e730, L_000002a62de4e730, L_000002a62de4e730;
LS_000002a62de507b0_0_24 .concat [ 1 1 1 1], L_000002a62de4e730, L_000002a62de4e730, L_000002a62de4e730, L_000002a62de4e730;
LS_000002a62de507b0_0_28 .concat [ 1 1 1 1], L_000002a62de4e730, L_000002a62de4e730, L_000002a62de4e730, L_000002a62de4e730;
LS_000002a62de507b0_1_0 .concat [ 4 4 4 4], LS_000002a62de507b0_0_0, LS_000002a62de507b0_0_4, LS_000002a62de507b0_0_8, LS_000002a62de507b0_0_12;
LS_000002a62de507b0_1_4 .concat [ 4 4 4 4], LS_000002a62de507b0_0_16, LS_000002a62de507b0_0_20, LS_000002a62de507b0_0_24, LS_000002a62de507b0_0_28;
L_000002a62de507b0 .concat [ 16 16 0 0], LS_000002a62de507b0_1_0, LS_000002a62de507b0_1_4;
L_000002a62de508f0 .concat [ 32 32 0 0], v000002a62de39a10_0, L_000002a62de507b0;
L_000002a62de4e230 .part L_000002a62de508f0, 0, 63;
L_000002a62de4e2d0 .concat [ 1 63 0 0], L_000002a62de6cfc8, L_000002a62de4e230;
L_000002a62de4e4b0 .shift/l 64, v000002a62dd28410_0, L_000002a62de4e550;
S_000002a62d985040 .scope generate, "booth_pp_gen[3]" "booth_pp_gen[3]" 7 27, 7 27 0, S_000002a62d9934f0;
 .timescale 0 0;
P_000002a62dd40520 .param/l "i" 0 7 27, +C4<011>;
L_000002a62de6d0a0 .functor BUFT 1, C4<0110>, C4<0>, C4<0>, C4<0>;
v000002a62dd28f50_0 .net/2s *"_ivl_1", 3 0, L_000002a62de6d0a0;  1 drivers
v000002a62dd28ff0_0 .net "booth_bits", 2 0, L_000002a62de4e870;  1 drivers
L_000002a62de52330 .extend/s 6, L_000002a62de6d0a0;
S_000002a62d9849b0 .scope module, "bpp" "booth_partial_product" 7 31, 7 57 0, S_000002a62d985040;
 .timescale 0 0;
    .port_info 0 /INPUT 32 "M";
    .port_info 1 /INPUT 3 "booth_bits";
    .port_info 2 /INPUT 6 "shift_amount";
    .port_info 3 /OUTPUT 64 "pp";
v000002a62dd285f0_0 .net/s "M", 31 0, v000002a62de39a10_0;  alias, 1 drivers
v000002a62dd28870_0 .net/s "M2", 63 0, L_000002a62de51f70;  1 drivers
v000002a62dd27b50_0 .net/s "M_ext", 63 0, L_000002a62de4eaf0;  1 drivers
v000002a62dd29130_0 .net *"_ivl_1", 0 0, L_000002a62de4e910;  1 drivers
L_000002a62de6d058 .functor BUFT 1, C4<0>, C4<0>, C4<0>, C4<0>;
v000002a62dd27dd0_0 .net *"_ivl_10", 0 0, L_000002a62de6d058;  1 drivers
v000002a62dd28eb0_0 .net *"_ivl_2", 31 0, L_000002a62de4ea50;  1 drivers
v000002a62dd28190_0 .net *"_ivl_8", 62 0, L_000002a62de50990;  1 drivers
v000002a62dd27010_0 .net "booth_bits", 2 0, L_000002a62de4e870;  alias, 1 drivers
v000002a62dd27bf0_0 .net/s "pp", 63 0, L_000002a62de52bf0;  alias, 1 drivers
v000002a62dd27330_0 .var/s "pp_unshifted", 63 0;
v000002a62dd271f0_0 .net "shift_amount", 5 0, L_000002a62de52330;  1 drivers
E_000002a62dd40760 .event anyedge, v000002a62dd27010_0, v000002a62dd27b50_0, v000002a62dd28870_0;
L_000002a62de4e910 .part v000002a62de39a10_0, 31, 1;
LS_000002a62de4ea50_0_0 .concat [ 1 1 1 1], L_000002a62de4e910, L_000002a62de4e910, L_000002a62de4e910, L_000002a62de4e910;
LS_000002a62de4ea50_0_4 .concat [ 1 1 1 1], L_000002a62de4e910, L_000002a62de4e910, L_000002a62de4e910, L_000002a62de4e910;
LS_000002a62de4ea50_0_8 .concat [ 1 1 1 1], L_000002a62de4e910, L_000002a62de4e910, L_000002a62de4e910, L_000002a62de4e910;
LS_000002a62de4ea50_0_12 .concat [ 1 1 1 1], L_000002a62de4e910, L_000002a62de4e910, L_000002a62de4e910, L_000002a62de4e910;
LS_000002a62de4ea50_0_16 .concat [ 1 1 1 1], L_000002a62de4e910, L_000002a62de4e910, L_000002a62de4e910, L_000002a62de4e910;
LS_000002a62de4ea50_0_20 .concat [ 1 1 1 1], L_000002a62de4e910, L_000002a62de4e910, L_000002a62de4e910, L_000002a62de4e910;
LS_000002a62de4ea50_0_24 .concat [ 1 1 1 1], L_000002a62de4e910, L_000002a62de4e910, L_000002a62de4e910, L_000002a62de4e910;
LS_000002a62de4ea50_0_28 .concat [ 1 1 1 1], L_000002a62de4e910, L_000002a62de4e910, L_000002a62de4e910, L_000002a62de4e910;
LS_000002a62de4ea50_1_0 .concat [ 4 4 4 4], LS_000002a62de4ea50_0_0, LS_000002a62de4ea50_0_4, LS_000002a62de4ea50_0_8, LS_000002a62de4ea50_0_12;
LS_000002a62de4ea50_1_4 .concat [ 4 4 4 4], LS_000002a62de4ea50_0_16, LS_000002a62de4ea50_0_20, LS_000002a62de4ea50_0_24, LS_000002a62de4ea50_0_28;
L_000002a62de4ea50 .concat [ 16 16 0 0], LS_000002a62de4ea50_1_0, LS_000002a62de4ea50_1_4;
L_000002a62de4eaf0 .concat [ 32 32 0 0], v000002a62de39a10_0, L_000002a62de4ea50;
L_000002a62de50990 .part L_000002a62de4eaf0, 0, 63;
L_000002a62de51f70 .concat [ 1 63 0 0], L_000002a62de6d058, L_000002a62de50990;
L_000002a62de52bf0 .shift/l 64, v000002a62dd27330_0, L_000002a62de52330;
S_000002a62d984b40 .scope generate, "booth_pp_gen[4]" "booth_pp_gen[4]" 7 27, 7 27 0, S_000002a62d9934f0;
 .timescale 0 0;
P_000002a62dd40560 .param/l "i" 0 7 27, +C4<0100>;
L_000002a62de6d130 .functor BUFT 1, C4<01000>, C4<0>, C4<0>, C4<0>;
v000002a62dd289b0_0 .net/2s *"_ivl_1", 4 0, L_000002a62de6d130;  1 drivers
v000002a62dd273d0_0 .net "booth_bits", 2 0, L_000002a62de51e30;  1 drivers
L_000002a62de52650 .extend/s 6, L_000002a62de6d130;
S_000002a62d96e950 .scope module, "bpp" "booth_partial_product" 7 31, 7 57 0, S_000002a62d984b40;
 .timescale 0 0;
    .port_info 0 /INPUT 32 "M";
    .port_info 1 /INPUT 3 "booth_bits";
    .port_info 2 /INPUT 6 "shift_amount";
    .port_info 3 /OUTPUT 64 "pp";
v000002a62dd27290_0 .net/s "M", 31 0, v000002a62de39a10_0;  alias, 1 drivers
v000002a62dd28050_0 .net/s "M2", 63 0, L_000002a62de51b10;  1 drivers
v000002a62dd282d0_0 .net/s "M_ext", 63 0, L_000002a62de52010;  1 drivers
v000002a62dd28230_0 .net *"_ivl_1", 0 0, L_000002a62de51c50;  1 drivers
L_000002a62de6d0e8 .functor BUFT 1, C4<0>, C4<0>, C4<0>, C4<0>;
v000002a62dd26f70_0 .net *"_ivl_10", 0 0, L_000002a62de6d0e8;  1 drivers
v000002a62dd284b0_0 .net *"_ivl_2", 31 0, L_000002a62de52e70;  1 drivers
v000002a62dd26ed0_0 .net *"_ivl_8", 62 0, L_000002a62de50b70;  1 drivers
v000002a62dd29590_0 .net "booth_bits", 2 0, L_000002a62de51e30;  alias, 1 drivers
v000002a62dd275b0_0 .net/s "pp", 63 0, L_000002a62de53050;  alias, 1 drivers
v000002a62dd28690_0 .var/s "pp_unshifted", 63 0;
v000002a62dd293b0_0 .net "shift_amount", 5 0, L_000002a62de52650;  1 drivers
E_000002a62dd405a0 .event anyedge, v000002a62dd29590_0, v000002a62dd282d0_0, v000002a62dd28050_0;
L_000002a62de51c50 .part v000002a62de39a10_0, 31, 1;
LS_000002a62de52e70_0_0 .concat [ 1 1 1 1], L_000002a62de51c50, L_000002a62de51c50, L_000002a62de51c50, L_000002a62de51c50;
LS_000002a62de52e70_0_4 .concat [ 1 1 1 1], L_000002a62de51c50, L_000002a62de51c50, L_000002a62de51c50, L_000002a62de51c50;
LS_000002a62de52e70_0_8 .concat [ 1 1 1 1], L_000002a62de51c50, L_000002a62de51c50, L_000002a62de51c50, L_000002a62de51c50;
LS_000002a62de52e70_0_12 .concat [ 1 1 1 1], L_000002a62de51c50, L_000002a62de51c50, L_000002a62de51c50, L_000002a62de51c50;
LS_000002a62de52e70_0_16 .concat [ 1 1 1 1], L_000002a62de51c50, L_000002a62de51c50, L_000002a62de51c50, L_000002a62de51c50;
LS_000002a62de52e70_0_20 .concat [ 1 1 1 1], L_000002a62de51c50, L_000002a62de51c50, L_000002a62de51c50, L_000002a62de51c50;
LS_000002a62de52e70_0_24 .concat [ 1 1 1 1], L_000002a62de51c50, L_000002a62de51c50, L_000002a62de51c50, L_000002a62de51c50;
LS_000002a62de52e70_0_28 .concat [ 1 1 1 1], L_000002a62de51c50, L_000002a62de51c50, L_000002a62de51c50, L_000002a62de51c50;
LS_000002a62de52e70_1_0 .concat [ 4 4 4 4], LS_000002a62de52e70_0_0, LS_000002a62de52e70_0_4, LS_000002a62de52e70_0_8, LS_000002a62de52e70_0_12;
LS_000002a62de52e70_1_4 .concat [ 4 4 4 4], LS_000002a62de52e70_0_16, LS_000002a62de52e70_0_20, LS_000002a62de52e70_0_24, LS_000002a62de52e70_0_28;
L_000002a62de52e70 .concat [ 16 16 0 0], LS_000002a62de52e70_1_0, LS_000002a62de52e70_1_4;
L_000002a62de52010 .concat [ 32 32 0 0], v000002a62de39a10_0, L_000002a62de52e70;
L_000002a62de50b70 .part L_000002a62de52010, 0, 63;
L_000002a62de51b10 .concat [ 1 63 0 0], L_000002a62de6d0e8, L_000002a62de50b70;
L_000002a62de53050 .shift/l 64, v000002a62dd28690_0, L_000002a62de52650;
S_000002a62d96eae0 .scope generate, "booth_pp_gen[5]" "booth_pp_gen[5]" 7 27, 7 27 0, S_000002a62d9934f0;
 .timescale 0 0;
P_000002a62dd405e0 .param/l "i" 0 7 27, +C4<0101>;
L_000002a62de6d1c0 .functor BUFT 1, C4<01010>, C4<0>, C4<0>, C4<0>;
v000002a62dd28cd0_0 .net/2s *"_ivl_1", 4 0, L_000002a62de6d1c0;  1 drivers
v000002a62dd29630_0 .net "booth_bits", 2 0, L_000002a62de50c10;  1 drivers
L_000002a62de517f0 .extend/s 6, L_000002a62de6d1c0;
S_000002a62ddd9240 .scope module, "bpp" "booth_partial_product" 7 31, 7 57 0, S_000002a62d96eae0;
 .timescale 0 0;
    .port_info 0 /INPUT 32 "M";
    .port_info 1 /INPUT 3 "booth_bits";
    .port_info 2 /INPUT 6 "shift_amount";
    .port_info 3 /OUTPUT 64 "pp";
v000002a62dd27ab0_0 .net/s "M", 31 0, v000002a62de39a10_0;  alias, 1 drivers
v000002a62dd28550_0 .net/s "M2", 63 0, L_000002a62de51610;  1 drivers
v000002a62dd29450_0 .net/s "M_ext", 63 0, L_000002a62de520b0;  1 drivers
v000002a62dd28730_0 .net *"_ivl_1", 0 0, L_000002a62de528d0;  1 drivers
L_000002a62de6d178 .functor BUFT 1, C4<0>, C4<0>, C4<0>, C4<0>;
v000002a62dd27d30_0 .net *"_ivl_10", 0 0, L_000002a62de6d178;  1 drivers
v000002a62dd28910_0 .net *"_ivl_2", 31 0, L_000002a62de52b50;  1 drivers
v000002a62dd27510_0 .net *"_ivl_8", 62 0, L_000002a62de51570;  1 drivers
v000002a62dd28a50_0 .net "booth_bits", 2 0, L_000002a62de50c10;  alias, 1 drivers
v000002a62dd28af0_0 .net/s "pp", 63 0, L_000002a62de50cb0;  alias, 1 drivers
v000002a62dd28b90_0 .var/s "pp_unshifted", 63 0;
v000002a62dd28c30_0 .net "shift_amount", 5 0, L_000002a62de517f0;  1 drivers
E_000002a62dd406a0 .event anyedge, v000002a62dd28a50_0, v000002a62dd29450_0, v000002a62dd28550_0;
L_000002a62de528d0 .part v000002a62de39a10_0, 31, 1;
LS_000002a62de52b50_0_0 .concat [ 1 1 1 1], L_000002a62de528d0, L_000002a62de528d0, L_000002a62de528d0, L_000002a62de528d0;
LS_000002a62de52b50_0_4 .concat [ 1 1 1 1], L_000002a62de528d0, L_000002a62de528d0, L_000002a62de528d0, L_000002a62de528d0;
LS_000002a62de52b50_0_8 .concat [ 1 1 1 1], L_000002a62de528d0, L_000002a62de528d0, L_000002a62de528d0, L_000002a62de528d0;
LS_000002a62de52b50_0_12 .concat [ 1 1 1 1], L_000002a62de528d0, L_000002a62de528d0, L_000002a62de528d0, L_000002a62de528d0;
LS_000002a62de52b50_0_16 .concat [ 1 1 1 1], L_000002a62de528d0, L_000002a62de528d0, L_000002a62de528d0, L_000002a62de528d0;
LS_000002a62de52b50_0_20 .concat [ 1 1 1 1], L_000002a62de528d0, L_000002a62de528d0, L_000002a62de528d0, L_000002a62de528d0;
LS_000002a62de52b50_0_24 .concat [ 1 1 1 1], L_000002a62de528d0, L_000002a62de528d0, L_000002a62de528d0, L_000002a62de528d0;
LS_000002a62de52b50_0_28 .concat [ 1 1 1 1], L_000002a62de528d0, L_000002a62de528d0, L_000002a62de528d0, L_000002a62de528d0;
LS_000002a62de52b50_1_0 .concat [ 4 4 4 4], LS_000002a62de52b50_0_0, LS_000002a62de52b50_0_4, LS_000002a62de52b50_0_8, LS_000002a62de52b50_0_12;
LS_000002a62de52b50_1_4 .concat [ 4 4 4 4], LS_000002a62de52b50_0_16, LS_000002a62de52b50_0_20, LS_000002a62de52b50_0_24, LS_000002a62de52b50_0_28;
L_000002a62de52b50 .concat [ 16 16 0 0], LS_000002a62de52b50_1_0, LS_000002a62de52b50_1_4;
L_000002a62de520b0 .concat [ 32 32 0 0], v000002a62de39a10_0, L_000002a62de52b50;
L_000002a62de51570 .part L_000002a62de520b0, 0, 63;
L_000002a62de51610 .concat [ 1 63 0 0], L_000002a62de6d178, L_000002a62de51570;
L_000002a62de50cb0 .shift/l 64, v000002a62dd28b90_0, L_000002a62de517f0;
S_000002a62ddd93d0 .scope generate, "booth_pp_gen[6]" "booth_pp_gen[6]" 7 27, 7 27 0, S_000002a62d9934f0;
 .timescale 0 0;
P_000002a62dd41160 .param/l "i" 0 7 27, +C4<0110>;
L_000002a62de6d250 .functor BUFT 1, C4<01100>, C4<0>, C4<0>, C4<0>;
v000002a62dd29db0_0 .net/2s *"_ivl_1", 4 0, L_000002a62de6d250;  1 drivers
v000002a62dd296d0_0 .net "booth_bits", 2 0, L_000002a62de52d30;  1 drivers
L_000002a62de51ed0 .extend/s 6, L_000002a62de6d250;
S_000002a62ddd8a70 .scope module, "bpp" "booth_partial_product" 7 31, 7 57 0, S_000002a62ddd93d0;
 .timescale 0 0;
    .port_info 0 /INPUT 32 "M";
    .port_info 1 /INPUT 3 "booth_bits";
    .port_info 2 /INPUT 6 "shift_amount";
    .port_info 3 /OUTPUT 64 "pp";
v000002a62dd27650_0 .net/s "M", 31 0, v000002a62de39a10_0;  alias, 1 drivers
v000002a62dd27790_0 .net/s "M2", 63 0, L_000002a62de519d0;  1 drivers
v000002a62dd278d0_0 .net/s "M_ext", 63 0, L_000002a62de52150;  1 drivers
v000002a62dd299f0_0 .net *"_ivl_1", 0 0, L_000002a62de51890;  1 drivers
L_000002a62de6d208 .functor BUFT 1, C4<0>, C4<0>, C4<0>, C4<0>;
v000002a62dd29b30_0 .net *"_ivl_10", 0 0, L_000002a62de6d208;  1 drivers
v000002a62dd29a90_0 .net *"_ivl_2", 31 0, L_000002a62de51930;  1 drivers
v000002a62dd29c70_0 .net *"_ivl_8", 62 0, L_000002a62de51390;  1 drivers
v000002a62dd29bd0_0 .net "booth_bits", 2 0, L_000002a62de52d30;  alias, 1 drivers
v000002a62dd29770_0 .net/s "pp", 63 0, L_000002a62de521f0;  alias, 1 drivers
v000002a62dd29950_0 .var/s "pp_unshifted", 63 0;
v000002a62dd29d10_0 .net "shift_amount", 5 0, L_000002a62de51ed0;  1 drivers
E_000002a62dd411e0 .event anyedge, v000002a62dd29bd0_0, v000002a62dd278d0_0, v000002a62dd27790_0;
L_000002a62de51890 .part v000002a62de39a10_0, 31, 1;
LS_000002a62de51930_0_0 .concat [ 1 1 1 1], L_000002a62de51890, L_000002a62de51890, L_000002a62de51890, L_000002a62de51890;
LS_000002a62de51930_0_4 .concat [ 1 1 1 1], L_000002a62de51890, L_000002a62de51890, L_000002a62de51890, L_000002a62de51890;
LS_000002a62de51930_0_8 .concat [ 1 1 1 1], L_000002a62de51890, L_000002a62de51890, L_000002a62de51890, L_000002a62de51890;
LS_000002a62de51930_0_12 .concat [ 1 1 1 1], L_000002a62de51890, L_000002a62de51890, L_000002a62de51890, L_000002a62de51890;
LS_000002a62de51930_0_16 .concat [ 1 1 1 1], L_000002a62de51890, L_000002a62de51890, L_000002a62de51890, L_000002a62de51890;
LS_000002a62de51930_0_20 .concat [ 1 1 1 1], L_000002a62de51890, L_000002a62de51890, L_000002a62de51890, L_000002a62de51890;
LS_000002a62de51930_0_24 .concat [ 1 1 1 1], L_000002a62de51890, L_000002a62de51890, L_000002a62de51890, L_000002a62de51890;
LS_000002a62de51930_0_28 .concat [ 1 1 1 1], L_000002a62de51890, L_000002a62de51890, L_000002a62de51890, L_000002a62de51890;
LS_000002a62de51930_1_0 .concat [ 4 4 4 4], LS_000002a62de51930_0_0, LS_000002a62de51930_0_4, LS_000002a62de51930_0_8, LS_000002a62de51930_0_12;
LS_000002a62de51930_1_4 .concat [ 4 4 4 4], LS_000002a62de51930_0_16, LS_000002a62de51930_0_20, LS_000002a62de51930_0_24, LS_000002a62de51930_0_28;
L_000002a62de51930 .concat [ 16 16 0 0], LS_000002a62de51930_1_0, LS_000002a62de51930_1_4;
L_000002a62de52150 .concat [ 32 32 0 0], v000002a62de39a10_0, L_000002a62de51930;
L_000002a62de51390 .part L_000002a62de52150, 0, 63;
L_000002a62de519d0 .concat [ 1 63 0 0], L_000002a62de6d208, L_000002a62de51390;
L_000002a62de521f0 .shift/l 64, v000002a62dd29950_0, L_000002a62de51ed0;
S_000002a62ddd8d90 .scope generate, "booth_pp_gen[7]" "booth_pp_gen[7]" 7 27, 7 27 0, S_000002a62d9934f0;
 .timescale 0 0;
P_000002a62dd41220 .param/l "i" 0 7 27, +C4<0111>;
L_000002a62de6d2e0 .functor BUFT 1, C4<01110>, C4<0>, C4<0>, C4<0>;
v000002a62db425d0_0 .net/2s *"_ivl_1", 4 0, L_000002a62de6d2e0;  1 drivers
v000002a62db41f90_0 .net "booth_bits", 2 0, L_000002a62de50a30;  1 drivers
L_000002a62de52ab0 .extend/s 6, L_000002a62de6d2e0;
S_000002a62ddd85c0 .scope module, "bpp" "booth_partial_product" 7 31, 7 57 0, S_000002a62ddd8d90;
 .timescale 0 0;
    .port_info 0 /INPUT 32 "M";
    .port_info 1 /INPUT 3 "booth_bits";
    .port_info 2 /INPUT 6 "shift_amount";
    .port_info 3 /OUTPUT 64 "pp";
v000002a62dd29810_0 .net/s "M", 31 0, v000002a62de39a10_0;  alias, 1 drivers
v000002a62dd298b0_0 .net/s "M2", 63 0, L_000002a62de523d0;  1 drivers
v000002a62db41c70_0 .net/s "M_ext", 63 0, L_000002a62de50ad0;  1 drivers
v000002a62db420d0_0 .net *"_ivl_1", 0 0, L_000002a62de52290;  1 drivers
L_000002a62de6d298 .functor BUFT 1, C4<0>, C4<0>, C4<0>, C4<0>;
v000002a62db41a90_0 .net *"_ivl_10", 0 0, L_000002a62de6d298;  1 drivers
v000002a62db42670_0 .net *"_ivl_2", 31 0, L_000002a62de51a70;  1 drivers
v000002a62db42350_0 .net *"_ivl_8", 62 0, L_000002a62de51750;  1 drivers
v000002a62db41db0_0 .net "booth_bits", 2 0, L_000002a62de50a30;  alias, 1 drivers
v000002a62db423f0_0 .net/s "pp", 63 0, L_000002a62de52970;  alias, 1 drivers
v000002a62db428f0_0 .var/s "pp_unshifted", 63 0;
v000002a62db42530_0 .net "shift_amount", 5 0, L_000002a62de52ab0;  1 drivers
E_000002a62dd41560 .event anyedge, v000002a62db41db0_0, v000002a62db41c70_0, v000002a62dd298b0_0;
L_000002a62de52290 .part v000002a62de39a10_0, 31, 1;
LS_000002a62de51a70_0_0 .concat [ 1 1 1 1], L_000002a62de52290, L_000002a62de52290, L_000002a62de52290, L_000002a62de52290;
LS_000002a62de51a70_0_4 .concat [ 1 1 1 1], L_000002a62de52290, L_000002a62de52290, L_000002a62de52290, L_000002a62de52290;
LS_000002a62de51a70_0_8 .concat [ 1 1 1 1], L_000002a62de52290, L_000002a62de52290, L_000002a62de52290, L_000002a62de52290;
LS_000002a62de51a70_0_12 .concat [ 1 1 1 1], L_000002a62de52290, L_000002a62de52290, L_000002a62de52290, L_000002a62de52290;
LS_000002a62de51a70_0_16 .concat [ 1 1 1 1], L_000002a62de52290, L_000002a62de52290, L_000002a62de52290, L_000002a62de52290;
LS_000002a62de51a70_0_20 .concat [ 1 1 1 1], L_000002a62de52290, L_000002a62de52290, L_000002a62de52290, L_000002a62de52290;
LS_000002a62de51a70_0_24 .concat [ 1 1 1 1], L_000002a62de52290, L_000002a62de52290, L_000002a62de52290, L_000002a62de52290;
LS_000002a62de51a70_0_28 .concat [ 1 1 1 1], L_000002a62de52290, L_000002a62de52290, L_000002a62de52290, L_000002a62de52290;
LS_000002a62de51a70_1_0 .concat [ 4 4 4 4], LS_000002a62de51a70_0_0, LS_000002a62de51a70_0_4, LS_000002a62de51a70_0_8, LS_000002a62de51a70_0_12;
LS_000002a62de51a70_1_4 .concat [ 4 4 4 4], LS_000002a62de51a70_0_16, LS_000002a62de51a70_0_20, LS_000002a62de51a70_0_24, LS_000002a62de51a70_0_28;
L_000002a62de51a70 .concat [ 16 16 0 0], LS_000002a62de51a70_1_0, LS_000002a62de51a70_1_4;
L_000002a62de50ad0 .concat [ 32 32 0 0], v000002a62de39a10_0, L_000002a62de51a70;
L_000002a62de51750 .part L_000002a62de50ad0, 0, 63;
L_000002a62de523d0 .concat [ 1 63 0 0], L_000002a62de6d298, L_000002a62de51750;
L_000002a62de52970 .shift/l 64, v000002a62db428f0_0, L_000002a62de52ab0;
S_000002a62ddd8f20 .scope generate, "booth_pp_gen[8]" "booth_pp_gen[8]" 7 27, 7 27 0, S_000002a62d9934f0;
 .timescale 0 0;
P_000002a62dd41520 .param/l "i" 0 7 27, +C4<01000>;
v000002a62dba6ca0_0 .net "booth_bits", 2 0, L_000002a62de52830;  1 drivers
S_000002a62ddd8750 .scope module, "bpp" "booth_partial_product" 7 31, 7 57 0, S_000002a62ddd8f20;
 .timescale 0 0;
    .port_info 0 /INPUT 32 "M";
    .port_info 1 /INPUT 3 "booth_bits";
    .port_info 2 /INPUT 6 "shift_amount";
    .port_info 3 /OUTPUT 64 "pp";
v000002a62db42850_0 .net/s "M", 31 0, v000002a62de39a10_0;  alias, 1 drivers
v000002a62dba5120_0 .net/s "M2", 63 0, L_000002a62de51cf0;  1 drivers
v000002a62dba59e0_0 .net/s "M_ext", 63 0, L_000002a62de51bb0;  1 drivers
v000002a62dba65c0_0 .net *"_ivl_1", 0 0, L_000002a62de52a10;  1 drivers
L_000002a62de6d328 .functor BUFT 1, C4<0>, C4<0>, C4<0>, C4<0>;
v000002a62dba6840_0 .net *"_ivl_10", 0 0, L_000002a62de6d328;  1 drivers
v000002a62dba6b60_0 .net *"_ivl_2", 31 0, L_000002a62de50f30;  1 drivers
v000002a62dba5c60_0 .net *"_ivl_8", 62 0, L_000002a62de52c90;  1 drivers
v000002a62dba5d00_0 .net "booth_bits", 2 0, L_000002a62de52830;  alias, 1 drivers
v000002a62dba60c0_0 .net/s "pp", 63 0, L_000002a62de52470;  alias, 1 drivers
v000002a62dba6c00_0 .var/s "pp_unshifted", 63 0;
L_000002a62de6d370 .functor BUFT 1, C4<010000>, C4<0>, C4<0>, C4<0>;
v000002a62dba6340_0 .net "shift_amount", 5 0, L_000002a62de6d370;  1 drivers
E_000002a62dd42460 .event anyedge, v000002a62dba5d00_0, v000002a62dba59e0_0, v000002a62dba5120_0;
L_000002a62de52a10 .part v000002a62de39a10_0, 31, 1;
LS_000002a62de50f30_0_0 .concat [ 1 1 1 1], L_000002a62de52a10, L_000002a62de52a10, L_000002a62de52a10, L_000002a62de52a10;
LS_000002a62de50f30_0_4 .concat [ 1 1 1 1], L_000002a62de52a10, L_000002a62de52a10, L_000002a62de52a10, L_000002a62de52a10;
LS_000002a62de50f30_0_8 .concat [ 1 1 1 1], L_000002a62de52a10, L_000002a62de52a10, L_000002a62de52a10, L_000002a62de52a10;
LS_000002a62de50f30_0_12 .concat [ 1 1 1 1], L_000002a62de52a10, L_000002a62de52a10, L_000002a62de52a10, L_000002a62de52a10;
LS_000002a62de50f30_0_16 .concat [ 1 1 1 1], L_000002a62de52a10, L_000002a62de52a10, L_000002a62de52a10, L_000002a62de52a10;
LS_000002a62de50f30_0_20 .concat [ 1 1 1 1], L_000002a62de52a10, L_000002a62de52a10, L_000002a62de52a10, L_000002a62de52a10;
LS_000002a62de50f30_0_24 .concat [ 1 1 1 1], L_000002a62de52a10, L_000002a62de52a10, L_000002a62de52a10, L_000002a62de52a10;
LS_000002a62de50f30_0_28 .concat [ 1 1 1 1], L_000002a62de52a10, L_000002a62de52a10, L_000002a62de52a10, L_000002a62de52a10;
LS_000002a62de50f30_1_0 .concat [ 4 4 4 4], LS_000002a62de50f30_0_0, LS_000002a62de50f30_0_4, LS_000002a62de50f30_0_8, LS_000002a62de50f30_0_12;
LS_000002a62de50f30_1_4 .concat [ 4 4 4 4], LS_000002a62de50f30_0_16, LS_000002a62de50f30_0_20, LS_000002a62de50f30_0_24, LS_000002a62de50f30_0_28;
L_000002a62de50f30 .concat [ 16 16 0 0], LS_000002a62de50f30_1_0, LS_000002a62de50f30_1_4;
L_000002a62de51bb0 .concat [ 32 32 0 0], v000002a62de39a10_0, L_000002a62de50f30;
L_000002a62de52c90 .part L_000002a62de51bb0, 0, 63;
L_000002a62de51cf0 .concat [ 1 63 0 0], L_000002a62de6d328, L_000002a62de52c90;
L_000002a62de52470 .shift/l 64, v000002a62dba6c00_0, L_000002a62de6d370;
S_000002a62ddd88e0 .scope generate, "booth_pp_gen[9]" "booth_pp_gen[9]" 7 27, 7 27 0, S_000002a62d9934f0;
 .timescale 0 0;
P_000002a62dd424a0 .param/l "i" 0 7 27, +C4<01001>;
v000002a62dde0fe0_0 .net "booth_bits", 2 0, L_000002a62de52dd0;  1 drivers
S_000002a62ddd8c00 .scope module, "bpp" "booth_partial_product" 7 31, 7 57 0, S_000002a62ddd88e0;
 .timescale 0 0;
    .port_info 0 /INPUT 32 "M";
    .port_info 1 /INPUT 3 "booth_bits";
    .port_info 2 /INPUT 6 "shift_amount";
    .port_info 3 /OUTPUT 64 "pp";
v000002a62db63200_0 .net/s "M", 31 0, v000002a62de39a10_0;  alias, 1 drivers
v000002a62db45230_0 .net/s "M2", 63 0, L_000002a62de51070;  1 drivers
v000002a62db85200_0 .net/s "M_ext", 63 0, L_000002a62de52510;  1 drivers
v000002a62dde1bc0_0 .net *"_ivl_1", 0 0, L_000002a62de52f10;  1 drivers
L_000002a62de6d3b8 .functor BUFT 1, C4<0>, C4<0>, C4<0>, C4<0>;
v000002a62dde16c0_0 .net *"_ivl_10", 0 0, L_000002a62de6d3b8;  1 drivers
v000002a62dde1b20_0 .net *"_ivl_2", 31 0, L_000002a62de52fb0;  1 drivers
v000002a62dde18a0_0 .net *"_ivl_8", 62 0, L_000002a62de51d90;  1 drivers
v000002a62dde1e40_0 .net "booth_bits", 2 0, L_000002a62de52dd0;  alias, 1 drivers
v000002a62dde1620_0 .net/s "pp", 63 0, L_000002a62de51110;  alias, 1 drivers
v000002a62dde2a20_0 .var/s "pp_unshifted", 63 0;
L_000002a62de6d400 .functor BUFT 1, C4<010010>, C4<0>, C4<0>, C4<0>;
v000002a62dde1300_0 .net "shift_amount", 5 0, L_000002a62de6d400;  1 drivers
E_000002a62dd42560 .event anyedge, v000002a62dde1e40_0, v000002a62db85200_0, v000002a62db45230_0;
L_000002a62de52f10 .part v000002a62de39a10_0, 31, 1;
LS_000002a62de52fb0_0_0 .concat [ 1 1 1 1], L_000002a62de52f10, L_000002a62de52f10, L_000002a62de52f10, L_000002a62de52f10;
LS_000002a62de52fb0_0_4 .concat [ 1 1 1 1], L_000002a62de52f10, L_000002a62de52f10, L_000002a62de52f10, L_000002a62de52f10;
LS_000002a62de52fb0_0_8 .concat [ 1 1 1 1], L_000002a62de52f10, L_000002a62de52f10, L_000002a62de52f10, L_000002a62de52f10;
LS_000002a62de52fb0_0_12 .concat [ 1 1 1 1], L_000002a62de52f10, L_000002a62de52f10, L_000002a62de52f10, L_000002a62de52f10;
LS_000002a62de52fb0_0_16 .concat [ 1 1 1 1], L_000002a62de52f10, L_000002a62de52f10, L_000002a62de52f10, L_000002a62de52f10;
LS_000002a62de52fb0_0_20 .concat [ 1 1 1 1], L_000002a62de52f10, L_000002a62de52f10, L_000002a62de52f10, L_000002a62de52f10;
LS_000002a62de52fb0_0_24 .concat [ 1 1 1 1], L_000002a62de52f10, L_000002a62de52f10, L_000002a62de52f10, L_000002a62de52f10;
LS_000002a62de52fb0_0_28 .concat [ 1 1 1 1], L_000002a62de52f10, L_000002a62de52f10, L_000002a62de52f10, L_000002a62de52f10;
LS_000002a62de52fb0_1_0 .concat [ 4 4 4 4], LS_000002a62de52fb0_0_0, LS_000002a62de52fb0_0_4, LS_000002a62de52fb0_0_8, LS_000002a62de52fb0_0_12;
LS_000002a62de52fb0_1_4 .concat [ 4 4 4 4], LS_000002a62de52fb0_0_16, LS_000002a62de52fb0_0_20, LS_000002a62de52fb0_0_24, LS_000002a62de52fb0_0_28;
L_000002a62de52fb0 .concat [ 16 16 0 0], LS_000002a62de52fb0_1_0, LS_000002a62de52fb0_1_4;
L_000002a62de52510 .concat [ 32 32 0 0], v000002a62de39a10_0, L_000002a62de52fb0;
L_000002a62de51d90 .part L_000002a62de52510, 0, 63;
L_000002a62de51070 .concat [ 1 63 0 0], L_000002a62de6d3b8, L_000002a62de51d90;
L_000002a62de51110 .shift/l 64, v000002a62dde2a20_0, L_000002a62de6d400;
S_000002a62ddd90b0 .scope generate, "booth_pp_gen[10]" "booth_pp_gen[10]" 7 27, 7 27 0, S_000002a62d9934f0;
 .timescale 0 0;
P_000002a62dd425a0 .param/l "i" 0 7 27, +C4<01010>;
v000002a62dde2c00_0 .net "booth_bits", 2 0, L_000002a62de516b0;  1 drivers
S_000002a62dde95e0 .scope module, "bpp" "booth_partial_product" 7 31, 7 57 0, S_000002a62ddd90b0;
 .timescale 0 0;
    .port_info 0 /INPUT 32 "M";
    .port_info 1 /INPUT 3 "booth_bits";
    .port_info 2 /INPUT 6 "shift_amount";
    .port_info 3 /OUTPUT 64 "pp";
v000002a62dde27a0_0 .net/s "M", 31 0, v000002a62de39a10_0;  alias, 1 drivers
v000002a62dde20c0_0 .net/s "M2", 63 0, L_000002a62de526f0;  1 drivers
v000002a62dde2160_0 .net/s "M_ext", 63 0, L_000002a62de51430;  1 drivers
v000002a62dde2020_0 .net *"_ivl_1", 0 0, L_000002a62de50d50;  1 drivers
L_000002a62de6d448 .functor BUFT 1, C4<0>, C4<0>, C4<0>, C4<0>;
v000002a62dde1da0_0 .net *"_ivl_10", 0 0, L_000002a62de6d448;  1 drivers
v000002a62dde1ee0_0 .net *"_ivl_2", 31 0, L_000002a62de530f0;  1 drivers
v000002a62dde2520_0 .net *"_ivl_8", 62 0, L_000002a62de525b0;  1 drivers
v000002a62dde1a80_0 .net "booth_bits", 2 0, L_000002a62de516b0;  alias, 1 drivers
v000002a62dde2ac0_0 .net/s "pp", 63 0, L_000002a62de52790;  alias, 1 drivers
v000002a62dde1080_0 .var/s "pp_unshifted", 63 0;
L_000002a62de6d490 .functor BUFT 1, C4<010100>, C4<0>, C4<0>, C4<0>;
v000002a62dde2b60_0 .net "shift_amount", 5 0, L_000002a62de6d490;  1 drivers
E_000002a62dd43ba0 .event anyedge, v000002a62dde1a80_0, v000002a62dde2160_0, v000002a62dde20c0_0;
L_000002a62de50d50 .part v000002a62de39a10_0, 31, 1;
LS_000002a62de530f0_0_0 .concat [ 1 1 1 1], L_000002a62de50d50, L_000002a62de50d50, L_000002a62de50d50, L_000002a62de50d50;
LS_000002a62de530f0_0_4 .concat [ 1 1 1 1], L_000002a62de50d50, L_000002a62de50d50, L_000002a62de50d50, L_000002a62de50d50;
LS_000002a62de530f0_0_8 .concat [ 1 1 1 1], L_000002a62de50d50, L_000002a62de50d50, L_000002a62de50d50, L_000002a62de50d50;
LS_000002a62de530f0_0_12 .concat [ 1 1 1 1], L_000002a62de50d50, L_000002a62de50d50, L_000002a62de50d50, L_000002a62de50d50;
LS_000002a62de530f0_0_16 .concat [ 1 1 1 1], L_000002a62de50d50, L_000002a62de50d50, L_000002a62de50d50, L_000002a62de50d50;
LS_000002a62de530f0_0_20 .concat [ 1 1 1 1], L_000002a62de50d50, L_000002a62de50d50, L_000002a62de50d50, L_000002a62de50d50;
LS_000002a62de530f0_0_24 .concat [ 1 1 1 1], L_000002a62de50d50, L_000002a62de50d50, L_000002a62de50d50, L_000002a62de50d50;
LS_000002a62de530f0_0_28 .concat [ 1 1 1 1], L_000002a62de50d50, L_000002a62de50d50, L_000002a62de50d50, L_000002a62de50d50;
LS_000002a62de530f0_1_0 .concat [ 4 4 4 4], LS_000002a62de530f0_0_0, LS_000002a62de530f0_0_4, LS_000002a62de530f0_0_8, LS_000002a62de530f0_0_12;
LS_000002a62de530f0_1_4 .concat [ 4 4 4 4], LS_000002a62de530f0_0_16, LS_000002a62de530f0_0_20, LS_000002a62de530f0_0_24, LS_000002a62de530f0_0_28;
L_000002a62de530f0 .concat [ 16 16 0 0], LS_000002a62de530f0_1_0, LS_000002a62de530f0_1_4;
L_000002a62de51430 .concat [ 32 32 0 0], v000002a62de39a10_0, L_000002a62de530f0;
L_000002a62de525b0 .part L_000002a62de51430, 0, 63;
L_000002a62de526f0 .concat [ 1 63 0 0], L_000002a62de6d448, L_000002a62de525b0;
L_000002a62de52790 .shift/l 64, v000002a62dde1080_0, L_000002a62de6d490;
S_000002a62dde9900 .scope generate, "booth_pp_gen[11]" "booth_pp_gen[11]" 7 27, 7 27 0, S_000002a62d9934f0;
 .timescale 0 0;
P_000002a62dd43e20 .param/l "i" 0 7 27, +C4<01011>;
v000002a62dde2480_0 .net "booth_bits", 2 0, L_000002a62de50df0;  1 drivers
S_000002a62dde9770 .scope module, "bpp" "booth_partial_product" 7 31, 7 57 0, S_000002a62dde9900;
 .timescale 0 0;
    .port_info 0 /INPUT 32 "M";
    .port_info 1 /INPUT 3 "booth_bits";
    .port_info 2 /INPUT 6 "shift_amount";
    .port_info 3 /OUTPUT 64 "pp";
v000002a62dde1d00_0 .net/s "M", 31 0, v000002a62de39a10_0;  alias, 1 drivers
v000002a62dde3380_0 .net/s "M2", 63 0, L_000002a62de512f0;  1 drivers
v000002a62dde2200_0 .net/s "M_ext", 63 0, L_000002a62de511b0;  1 drivers
v000002a62dde19e0_0 .net *"_ivl_1", 0 0, L_000002a62de50e90;  1 drivers
L_000002a62de6d4d8 .functor BUFT 1, C4<0>, C4<0>, C4<0>, C4<0>;
v000002a62dde1f80_0 .net *"_ivl_10", 0 0, L_000002a62de6d4d8;  1 drivers
v000002a62dde13a0_0 .net *"_ivl_2", 31 0, L_000002a62de50fd0;  1 drivers
v000002a62dde22a0_0 .net *"_ivl_8", 62 0, L_000002a62de51250;  1 drivers
v000002a62dde3100_0 .net "booth_bits", 2 0, L_000002a62de50df0;  alias, 1 drivers
v000002a62dde2340_0 .net/s "pp", 63 0, L_000002a62de514d0;  alias, 1 drivers
v000002a62dde23e0_0 .var/s "pp_unshifted", 63 0;
L_000002a62de6d520 .functor BUFT 1, C4<010110>, C4<0>, C4<0>, C4<0>;
v000002a62dde2ca0_0 .net "shift_amount", 5 0, L_000002a62de6d520;  1 drivers
E_000002a62dd43fa0 .event anyedge, v000002a62dde3100_0, v000002a62dde2200_0, v000002a62dde3380_0;
L_000002a62de50e90 .part v000002a62de39a10_0, 31, 1;
LS_000002a62de50fd0_0_0 .concat [ 1 1 1 1], L_000002a62de50e90, L_000002a62de50e90, L_000002a62de50e90, L_000002a62de50e90;
LS_000002a62de50fd0_0_4 .concat [ 1 1 1 1], L_000002a62de50e90, L_000002a62de50e90, L_000002a62de50e90, L_000002a62de50e90;
LS_000002a62de50fd0_0_8 .concat [ 1 1 1 1], L_000002a62de50e90, L_000002a62de50e90, L_000002a62de50e90, L_000002a62de50e90;
LS_000002a62de50fd0_0_12 .concat [ 1 1 1 1], L_000002a62de50e90, L_000002a62de50e90, L_000002a62de50e90, L_000002a62de50e90;
LS_000002a62de50fd0_0_16 .concat [ 1 1 1 1], L_000002a62de50e90, L_000002a62de50e90, L_000002a62de50e90, L_000002a62de50e90;
LS_000002a62de50fd0_0_20 .concat [ 1 1 1 1], L_000002a62de50e90, L_000002a62de50e90, L_000002a62de50e90, L_000002a62de50e90;
LS_000002a62de50fd0_0_24 .concat [ 1 1 1 1], L_000002a62de50e90, L_000002a62de50e90, L_000002a62de50e90, L_000002a62de50e90;
LS_000002a62de50fd0_0_28 .concat [ 1 1 1 1], L_000002a62de50e90, L_000002a62de50e90, L_000002a62de50e90, L_000002a62de50e90;
LS_000002a62de50fd0_1_0 .concat [ 4 4 4 4], LS_000002a62de50fd0_0_0, LS_000002a62de50fd0_0_4, LS_000002a62de50fd0_0_8, LS_000002a62de50fd0_0_12;
LS_000002a62de50fd0_1_4 .concat [ 4 4 4 4], LS_000002a62de50fd0_0_16, LS_000002a62de50fd0_0_20, LS_000002a62de50fd0_0_24, LS_000002a62de50fd0_0_28;
L_000002a62de50fd0 .concat [ 16 16 0 0], LS_000002a62de50fd0_1_0, LS_000002a62de50fd0_1_4;
L_000002a62de511b0 .concat [ 32 32 0 0], v000002a62de39a10_0, L_000002a62de50fd0;
L_000002a62de51250 .part L_000002a62de511b0, 0, 63;
L_000002a62de512f0 .concat [ 1 63 0 0], L_000002a62de6d4d8, L_000002a62de51250;
L_000002a62de514d0 .shift/l 64, v000002a62dde23e0_0, L_000002a62de6d520;
S_000002a62dde9a90 .scope generate, "booth_pp_gen[12]" "booth_pp_gen[12]" 7 27, 7 27 0, S_000002a62d9934f0;
 .timescale 0 0;
P_000002a62dd431a0 .param/l "i" 0 7 27, +C4<01100>;
v000002a62dde1760_0 .net "booth_bits", 2 0, L_000002a62df26fe0;  1 drivers
S_000002a62ddea3f0 .scope module, "bpp" "booth_partial_product" 7 31, 7 57 0, S_000002a62dde9a90;
 .timescale 0 0;
    .port_info 0 /INPUT 32 "M";
    .port_info 1 /INPUT 3 "booth_bits";
    .port_info 2 /INPUT 6 "shift_amount";
    .port_info 3 /OUTPUT 64 "pp";
v000002a62dde1260_0 .net/s "M", 31 0, v000002a62de39a10_0;  alias, 1 drivers
v000002a62dde1120_0 .net/s "M2", 63 0, L_000002a62df283e0;  1 drivers
v000002a62dde1580_0 .net/s "M_ext", 63 0, L_000002a62df26c20;  1 drivers
v000002a62dde0e00_0 .net *"_ivl_1", 0 0, L_000002a62df28160;  1 drivers
L_000002a62de6d568 .functor BUFT 1, C4<0>, C4<0>, C4<0>, C4<0>;
v000002a62dde3420_0 .net *"_ivl_10", 0 0, L_000002a62de6d568;  1 drivers
v000002a62dde2f20_0 .net *"_ivl_2", 31 0, L_000002a62df27080;  1 drivers
v000002a62dde25c0_0 .net *"_ivl_8", 62 0, L_000002a62df27a80;  1 drivers
v000002a62dde2fc0_0 .net "booth_bits", 2 0, L_000002a62df26fe0;  alias, 1 drivers
v000002a62dde1440_0 .net/s "pp", 63 0, L_000002a62df27260;  alias, 1 drivers
v000002a62dde2660_0 .var/s "pp_unshifted", 63 0;
L_000002a62de6d5b0 .functor BUFT 1, C4<011000>, C4<0>, C4<0>, C4<0>;
v000002a62dde2980_0 .net "shift_amount", 5 0, L_000002a62de6d5b0;  1 drivers
E_000002a62dd439a0 .event anyedge, v000002a62dde2fc0_0, v000002a62dde1580_0, v000002a62dde1120_0;
L_000002a62df28160 .part v000002a62de39a10_0, 31, 1;
LS_000002a62df27080_0_0 .concat [ 1 1 1 1], L_000002a62df28160, L_000002a62df28160, L_000002a62df28160, L_000002a62df28160;
LS_000002a62df27080_0_4 .concat [ 1 1 1 1], L_000002a62df28160, L_000002a62df28160, L_000002a62df28160, L_000002a62df28160;
LS_000002a62df27080_0_8 .concat [ 1 1 1 1], L_000002a62df28160, L_000002a62df28160, L_000002a62df28160, L_000002a62df28160;
LS_000002a62df27080_0_12 .concat [ 1 1 1 1], L_000002a62df28160, L_000002a62df28160, L_000002a62df28160, L_000002a62df28160;
LS_000002a62df27080_0_16 .concat [ 1 1 1 1], L_000002a62df28160, L_000002a62df28160, L_000002a62df28160, L_000002a62df28160;
LS_000002a62df27080_0_20 .concat [ 1 1 1 1], L_000002a62df28160, L_000002a62df28160, L_000002a62df28160, L_000002a62df28160;
LS_000002a62df27080_0_24 .concat [ 1 1 1 1], L_000002a62df28160, L_000002a62df28160, L_000002a62df28160, L_000002a62df28160;
LS_000002a62df27080_0_28 .concat [ 1 1 1 1], L_000002a62df28160, L_000002a62df28160, L_000002a62df28160, L_000002a62df28160;
LS_000002a62df27080_1_0 .concat [ 4 4 4 4], LS_000002a62df27080_0_0, LS_000002a62df27080_0_4, LS_000002a62df27080_0_8, LS_000002a62df27080_0_12;
LS_000002a62df27080_1_4 .concat [ 4 4 4 4], LS_000002a62df27080_0_16, LS_000002a62df27080_0_20, LS_000002a62df27080_0_24, LS_000002a62df27080_0_28;
L_000002a62df27080 .concat [ 16 16 0 0], LS_000002a62df27080_1_0, LS_000002a62df27080_1_4;
L_000002a62df26c20 .concat [ 32 32 0 0], v000002a62de39a10_0, L_000002a62df27080;
L_000002a62df27a80 .part L_000002a62df26c20, 0, 63;
L_000002a62df283e0 .concat [ 1 63 0 0], L_000002a62de6d568, L_000002a62df27a80;
L_000002a62df27260 .shift/l 64, v000002a62dde2660_0, L_000002a62de6d5b0;
S_000002a62ddea8a0 .scope generate, "booth_pp_gen[13]" "booth_pp_gen[13]" 7 27, 7 27 0, S_000002a62d9934f0;
 .timescale 0 0;
P_000002a62dd43160 .param/l "i" 0 7 27, +C4<01101>;
v000002a62dde3240_0 .net "booth_bits", 2 0, L_000002a62df27ee0;  1 drivers
S_000002a62ddeb390 .scope module, "bpp" "booth_partial_product" 7 31, 7 57 0, S_000002a62ddea8a0;
 .timescale 0 0;
    .port_info 0 /INPUT 32 "M";
    .port_info 1 /INPUT 3 "booth_bits";
    .port_info 2 /INPUT 6 "shift_amount";
    .port_info 3 /OUTPUT 64 "pp";
v000002a62dde2d40_0 .net/s "M", 31 0, v000002a62de39a10_0;  alias, 1 drivers
v000002a62dde2de0_0 .net/s "M2", 63 0, L_000002a62df278a0;  1 drivers
v000002a62dde2700_0 .net/s "M_ext", 63 0, L_000002a62df28b60;  1 drivers
v000002a62dde2840_0 .net *"_ivl_1", 0 0, L_000002a62df29240;  1 drivers
L_000002a62de6d5f8 .functor BUFT 1, C4<0>, C4<0>, C4<0>, C4<0>;
v000002a62dde28e0_0 .net *"_ivl_10", 0 0, L_000002a62de6d5f8;  1 drivers
v000002a62dde11c0_0 .net *"_ivl_2", 31 0, L_000002a62df28a20;  1 drivers
v000002a62dde2e80_0 .net *"_ivl_8", 62 0, L_000002a62df27620;  1 drivers
v000002a62dde3060_0 .net "booth_bits", 2 0, L_000002a62df27ee0;  alias, 1 drivers
v000002a62dde0ea0_0 .net/s "pp", 63 0, L_000002a62df28ac0;  alias, 1 drivers
v000002a62dde34c0_0 .var/s "pp_unshifted", 63 0;
L_000002a62de6d640 .functor BUFT 1, C4<011010>, C4<0>, C4<0>, C4<0>;
v000002a62dde31a0_0 .net "shift_amount", 5 0, L_000002a62de6d640;  1 drivers
E_000002a62dd43be0 .event anyedge, v000002a62dde3060_0, v000002a62dde2700_0, v000002a62dde2de0_0;
L_000002a62df29240 .part v000002a62de39a10_0, 31, 1;
LS_000002a62df28a20_0_0 .concat [ 1 1 1 1], L_000002a62df29240, L_000002a62df29240, L_000002a62df29240, L_000002a62df29240;
LS_000002a62df28a20_0_4 .concat [ 1 1 1 1], L_000002a62df29240, L_000002a62df29240, L_000002a62df29240, L_000002a62df29240;
LS_000002a62df28a20_0_8 .concat [ 1 1 1 1], L_000002a62df29240, L_000002a62df29240, L_000002a62df29240, L_000002a62df29240;
LS_000002a62df28a20_0_12 .concat [ 1 1 1 1], L_000002a62df29240, L_000002a62df29240, L_000002a62df29240, L_000002a62df29240;
LS_000002a62df28a20_0_16 .concat [ 1 1 1 1], L_000002a62df29240, L_000002a62df29240, L_000002a62df29240, L_000002a62df29240;
LS_000002a62df28a20_0_20 .concat [ 1 1 1 1], L_000002a62df29240, L_000002a62df29240, L_000002a62df29240, L_000002a62df29240;
LS_000002a62df28a20_0_24 .concat [ 1 1 1 1], L_000002a62df29240, L_000002a62df29240, L_000002a62df29240, L_000002a62df29240;
LS_000002a62df28a20_0_28 .concat [ 1 1 1 1], L_000002a62df29240, L_000002a62df29240, L_000002a62df29240, L_000002a62df29240;
LS_000002a62df28a20_1_0 .concat [ 4 4 4 4], LS_000002a62df28a20_0_0, LS_000002a62df28a20_0_4, LS_000002a62df28a20_0_8, LS_000002a62df28a20_0_12;
LS_000002a62df28a20_1_4 .concat [ 4 4 4 4], LS_000002a62df28a20_0_16, LS_000002a62df28a20_0_20, LS_000002a62df28a20_0_24, LS_000002a62df28a20_0_28;
L_000002a62df28a20 .concat [ 16 16 0 0], LS_000002a62df28a20_1_0, LS_000002a62df28a20_1_4;
L_000002a62df28b60 .concat [ 32 32 0 0], v000002a62de39a10_0, L_000002a62df28a20;
L_000002a62df27620 .part L_000002a62df28b60, 0, 63;
L_000002a62df278a0 .concat [ 1 63 0 0], L_000002a62de6d5f8, L_000002a62df27620;
L_000002a62df28ac0 .shift/l 64, v000002a62dde34c0_0, L_000002a62de6d640;
S_000002a62ddea580 .scope generate, "booth_pp_gen[14]" "booth_pp_gen[14]" 7 27, 7 27 0, S_000002a62d9934f0;
 .timescale 0 0;
P_000002a62dd43620 .param/l "i" 0 7 27, +C4<01110>;
v000002a62dde5180_0 .net "booth_bits", 2 0, L_000002a62df28c00;  1 drivers
S_000002a62ddea710 .scope module, "bpp" "booth_partial_product" 7 31, 7 57 0, S_000002a62ddea580;
 .timescale 0 0;
    .port_info 0 /INPUT 32 "M";
    .port_info 1 /INPUT 3 "booth_bits";
    .port_info 2 /INPUT 6 "shift_amount";
    .port_info 3 /OUTPUT 64 "pp";
v000002a62dde32e0_0 .net/s "M", 31 0, v000002a62de39a10_0;  alias, 1 drivers
v000002a62dde3560_0 .net/s "M2", 63 0, L_000002a62df27b20;  1 drivers
v000002a62dde14e0_0 .net/s "M_ext", 63 0, L_000002a62df26ea0;  1 drivers
v000002a62dde0f40_0 .net *"_ivl_1", 0 0, L_000002a62df27580;  1 drivers
L_000002a62de6d688 .functor BUFT 1, C4<0>, C4<0>, C4<0>, C4<0>;
v000002a62dde1800_0 .net *"_ivl_10", 0 0, L_000002a62de6d688;  1 drivers
v000002a62dde1940_0 .net *"_ivl_2", 31 0, L_000002a62df279e0;  1 drivers
v000002a62dde1c60_0 .net *"_ivl_8", 62 0, L_000002a62df28e80;  1 drivers
v000002a62dde5cc0_0 .net "booth_bits", 2 0, L_000002a62df28c00;  alias, 1 drivers
v000002a62dde4a00_0 .net/s "pp", 63 0, L_000002a62df27bc0;  alias, 1 drivers
v000002a62dde43c0_0 .var/s "pp_unshifted", 63 0;
L_000002a62de6d6d0 .functor BUFT 1, C4<011100>, C4<0>, C4<0>, C4<0>;
v000002a62dde4be0_0 .net "shift_amount", 5 0, L_000002a62de6d6d0;  1 drivers
E_000002a62dd43460 .event anyedge, v000002a62dde5cc0_0, v000002a62dde14e0_0, v000002a62dde3560_0;
L_000002a62df27580 .part v000002a62de39a10_0, 31, 1;
LS_000002a62df279e0_0_0 .concat [ 1 1 1 1], L_000002a62df27580, L_000002a62df27580, L_000002a62df27580, L_000002a62df27580;
LS_000002a62df279e0_0_4 .concat [ 1 1 1 1], L_000002a62df27580, L_000002a62df27580, L_000002a62df27580, L_000002a62df27580;
LS_000002a62df279e0_0_8 .concat [ 1 1 1 1], L_000002a62df27580, L_000002a62df27580, L_000002a62df27580, L_000002a62df27580;
LS_000002a62df279e0_0_12 .concat [ 1 1 1 1], L_000002a62df27580, L_000002a62df27580, L_000002a62df27580, L_000002a62df27580;
LS_000002a62df279e0_0_16 .concat [ 1 1 1 1], L_000002a62df27580, L_000002a62df27580, L_000002a62df27580, L_000002a62df27580;
LS_000002a62df279e0_0_20 .concat [ 1 1 1 1], L_000002a62df27580, L_000002a62df27580, L_000002a62df27580, L_000002a62df27580;
LS_000002a62df279e0_0_24 .concat [ 1 1 1 1], L_000002a62df27580, L_000002a62df27580, L_000002a62df27580, L_000002a62df27580;
LS_000002a62df279e0_0_28 .concat [ 1 1 1 1], L_000002a62df27580, L_000002a62df27580, L_000002a62df27580, L_000002a62df27580;
LS_000002a62df279e0_1_0 .concat [ 4 4 4 4], LS_000002a62df279e0_0_0, LS_000002a62df279e0_0_4, LS_000002a62df279e0_0_8, LS_000002a62df279e0_0_12;
LS_000002a62df279e0_1_4 .concat [ 4 4 4 4], LS_000002a62df279e0_0_16, LS_000002a62df279e0_0_20, LS_000002a62df279e0_0_24, LS_000002a62df279e0_0_28;
L_000002a62df279e0 .concat [ 16 16 0 0], LS_000002a62df279e0_1_0, LS_000002a62df279e0_1_4;
L_000002a62df26ea0 .concat [ 32 32 0 0], v000002a62de39a10_0, L_000002a62df279e0;
L_000002a62df28e80 .part L_000002a62df26ea0, 0, 63;
L_000002a62df27b20 .concat [ 1 63 0 0], L_000002a62de6d688, L_000002a62df28e80;
L_000002a62df27bc0 .shift/l 64, v000002a62dde43c0_0, L_000002a62de6d6d0;
S_000002a62dde9db0 .scope generate, "booth_pp_gen[15]" "booth_pp_gen[15]" 7 27, 7 27 0, S_000002a62d9934f0;
 .timescale 0 0;
P_000002a62dd43c20 .param/l "i" 0 7 27, +C4<01111>;
v000002a62dde45a0_0 .net "booth_bits", 2 0, L_000002a62df271c0;  1 drivers
S_000002a62ddea0d0 .scope module, "bpp" "booth_partial_product" 7 31, 7 57 0, S_000002a62dde9db0;
 .timescale 0 0;
    .port_info 0 /INPUT 32 "M";
    .port_info 1 /INPUT 3 "booth_bits";
    .port_info 2 /INPUT 6 "shift_amount";
    .port_info 3 /OUTPUT 64 "pp";
v000002a62dde3b00_0 .net/s "M", 31 0, v000002a62de39a10_0;  alias, 1 drivers
v000002a62dde52c0_0 .net/s "M2", 63 0, L_000002a62df285c0;  1 drivers
v000002a62dde4960_0 .net/s "M_ext", 63 0, L_000002a62df27800;  1 drivers
v000002a62dde5540_0 .net *"_ivl_1", 0 0, L_000002a62df27f80;  1 drivers
L_000002a62de6d718 .functor BUFT 1, C4<0>, C4<0>, C4<0>, C4<0>;
v000002a62dde4460_0 .net *"_ivl_10", 0 0, L_000002a62de6d718;  1 drivers
v000002a62dde5ae0_0 .net *"_ivl_2", 31 0, L_000002a62df26f40;  1 drivers
v000002a62dde5360_0 .net *"_ivl_8", 62 0, L_000002a62df292e0;  1 drivers
v000002a62dde3a60_0 .net "booth_bits", 2 0, L_000002a62df271c0;  alias, 1 drivers
v000002a62dde4fa0_0 .net/s "pp", 63 0, L_000002a62df28980;  alias, 1 drivers
v000002a62dde48c0_0 .var/s "pp_unshifted", 63 0;
L_000002a62de6d760 .functor BUFT 1, C4<011110>, C4<0>, C4<0>, C4<0>;
v000002a62dde5400_0 .net "shift_amount", 5 0, L_000002a62de6d760;  1 drivers
E_000002a62dd43ce0 .event anyedge, v000002a62dde3a60_0, v000002a62dde4960_0, v000002a62dde52c0_0;
L_000002a62df27f80 .part v000002a62de39a10_0, 31, 1;
LS_000002a62df26f40_0_0 .concat [ 1 1 1 1], L_000002a62df27f80, L_000002a62df27f80, L_000002a62df27f80, L_000002a62df27f80;
LS_000002a62df26f40_0_4 .concat [ 1 1 1 1], L_000002a62df27f80, L_000002a62df27f80, L_000002a62df27f80, L_000002a62df27f80;
LS_000002a62df26f40_0_8 .concat [ 1 1 1 1], L_000002a62df27f80, L_000002a62df27f80, L_000002a62df27f80, L_000002a62df27f80;
LS_000002a62df26f40_0_12 .concat [ 1 1 1 1], L_000002a62df27f80, L_000002a62df27f80, L_000002a62df27f80, L_000002a62df27f80;
LS_000002a62df26f40_0_16 .concat [ 1 1 1 1], L_000002a62df27f80, L_000002a62df27f80, L_000002a62df27f80, L_000002a62df27f80;
LS_000002a62df26f40_0_20 .concat [ 1 1 1 1], L_000002a62df27f80, L_000002a62df27f80, L_000002a62df27f80, L_000002a62df27f80;
LS_000002a62df26f40_0_24 .concat [ 1 1 1 1], L_000002a62df27f80, L_000002a62df27f80, L_000002a62df27f80, L_000002a62df27f80;
LS_000002a62df26f40_0_28 .concat [ 1 1 1 1], L_000002a62df27f80, L_000002a62df27f80, L_000002a62df27f80, L_000002a62df27f80;
LS_000002a62df26f40_1_0 .concat [ 4 4 4 4], LS_000002a62df26f40_0_0, LS_000002a62df26f40_0_4, LS_000002a62df26f40_0_8, LS_000002a62df26f40_0_12;
LS_000002a62df26f40_1_4 .concat [ 4 4 4 4], LS_000002a62df26f40_0_16, LS_000002a62df26f40_0_20, LS_000002a62df26f40_0_24, LS_000002a62df26f40_0_28;
L_000002a62df26f40 .concat [ 16 16 0 0], LS_000002a62df26f40_1_0, LS_000002a62df26f40_1_4;
L_000002a62df27800 .concat [ 32 32 0 0], v000002a62de39a10_0, L_000002a62df26f40;
L_000002a62df292e0 .part L_000002a62df27800, 0, 63;
L_000002a62df285c0 .concat [ 1 63 0 0], L_000002a62de6d718, L_000002a62df292e0;
L_000002a62df28980 .shift/l 64, v000002a62dde48c0_0, L_000002a62de6d760;
S_000002a62ddeaa30 .scope module, "bpp_last" "booth_partial_product" 7 44, 7 57 0, S_000002a62d9934f0;
 .timescale 0 0;
    .port_info 0 /INPUT 32 "M";
    .port_info 1 /INPUT 3 "booth_bits";
    .port_info 2 /INPUT 6 "shift_amount";
    .port_info 3 /OUTPUT 64 "pp";
v000002a62dde40a0_0 .net/s "M", 31 0, v000002a62de39a10_0;  alias, 1 drivers
v000002a62dde4d20_0 .net/s "M2", 63 0, L_000002a62df27c60;  1 drivers
v000002a62dde5220_0 .net/s "M_ext", 63 0, L_000002a62df28020;  1 drivers
v000002a62dde5d60_0 .net *"_ivl_1", 0 0, L_000002a62df28340;  1 drivers
L_000002a62de6d7f0 .functor BUFT 1, C4<0>, C4<0>, C4<0>, C4<0>;
v000002a62dde5a40_0 .net *"_ivl_10", 0 0, L_000002a62de6d7f0;  1 drivers
v000002a62dde4500_0 .net *"_ivl_2", 31 0, L_000002a62df27940;  1 drivers
v000002a62dde4dc0_0 .net *"_ivl_8", 62 0, L_000002a62df280c0;  1 drivers
v000002a62dde5040_0 .net "booth_bits", 2 0, L_000002a62df282a0;  alias, 1 drivers
v000002a62dde37e0_0 .net/s "pp", 63 0, L_000002a62df28de0;  alias, 1 drivers
v000002a62dde3600_0 .var/s "pp_unshifted", 63 0;
v000002a62dde54a0_0 .net "shift_amount", 5 0, L_000002a62df28700;  1 drivers
E_000002a62dd43220 .event anyedge, v000002a62dde5040_0, v000002a62dde5220_0, v000002a62dde4d20_0;
L_000002a62df28340 .part v000002a62de39a10_0, 31, 1;
LS_000002a62df27940_0_0 .concat [ 1 1 1 1], L_000002a62df28340, L_000002a62df28340, L_000002a62df28340, L_000002a62df28340;
LS_000002a62df27940_0_4 .concat [ 1 1 1 1], L_000002a62df28340, L_000002a62df28340, L_000002a62df28340, L_000002a62df28340;
LS_000002a62df27940_0_8 .concat [ 1 1 1 1], L_000002a62df28340, L_000002a62df28340, L_000002a62df28340, L_000002a62df28340;
LS_000002a62df27940_0_12 .concat [ 1 1 1 1], L_000002a62df28340, L_000002a62df28340, L_000002a62df28340, L_000002a62df28340;
LS_000002a62df27940_0_16 .concat [ 1 1 1 1], L_000002a62df28340, L_000002a62df28340, L_000002a62df28340, L_000002a62df28340;
LS_000002a62df27940_0_20 .concat [ 1 1 1 1], L_000002a62df28340, L_000002a62df28340, L_000002a62df28340, L_000002a62df28340;
LS_000002a62df27940_0_24 .concat [ 1 1 1 1], L_000002a62df28340, L_000002a62df28340, L_000002a62df28340, L_000002a62df28340;
LS_000002a62df27940_0_28 .concat [ 1 1 1 1], L_000002a62df28340, L_000002a62df28340, L_000002a62df28340, L_000002a62df28340;
LS_000002a62df27940_1_0 .concat [ 4 4 4 4], LS_000002a62df27940_0_0, LS_000002a62df27940_0_4, LS_000002a62df27940_0_8, LS_000002a62df27940_0_12;
LS_000002a62df27940_1_4 .concat [ 4 4 4 4], LS_000002a62df27940_0_16, LS_000002a62df27940_0_20, LS_000002a62df27940_0_24, LS_000002a62df27940_0_28;
L_000002a62df27940 .concat [ 16 16 0 0], LS_000002a62df27940_1_0, LS_000002a62df27940_1_4;
L_000002a62df28020 .concat [ 32 32 0 0], v000002a62de39a10_0, L_000002a62df27940;
L_000002a62df280c0 .part L_000002a62df28020, 0, 63;
L_000002a62df27c60 .concat [ 1 63 0 0], L_000002a62de6d7f0, L_000002a62df280c0;
L_000002a62df28de0 .shift/l 64, v000002a62dde3600_0, L_000002a62df28700;
S_000002a62ddeabc0 .scope module, "div_unit" "divider" 6 75, 8 4 0, S_000002a62d9a3d60;
 .timescale 0 0;
    .port_info 0 /INPUT 32 "Dividend";
    .port_info 1 /INPUT 32 "Divisor";
    .port_info 2 /OUTPUT 32 "Quotient";
    .port_info 3 /OUTPUT 32 "Remainder";
L_000002a62deeeb40 .functor XOR 1, L_000002a62df28840, L_000002a62df27300, C4<0>, C4<0>;
L_000002a62deee360 .functor BUFZ 1, L_000002a62df28840, C4<0>, C4<0>, C4<0>;
L_000002a62deee3d0 .functor NOT 32, v000002a62de39a10_0, C4<00000000000000000000000000000000>, C4<00000000000000000000000000000000>, C4<00000000000000000000000000000000>;
L_000002a62deeed70 .functor NOT 32, v000002a62de24600_0, C4<00000000000000000000000000000000>, C4<00000000000000000000000000000000>, C4<00000000000000000000000000000000>;
L_000002a62deee830 .functor NOT 32, v000002a62dde46e0_0, C4<00000000000000000000000000000000>, C4<00000000000000000000000000000000>, C4<00000000000000000000000000000000>;
L_000002a62deeec20 .functor NOT 32, v000002a62dde4000_0, C4<00000000000000000000000000000000>, C4<00000000000000000000000000000000>, C4<00000000000000000000000000000000>;
v000002a62dde4280_0 .net/s "Dividend", 31 0, v000002a62de39a10_0;  alias, 1 drivers
v000002a62dde4320_0 .net/s "Divisor", 31 0, v000002a62de24600_0;  alias, 1 drivers
v000002a62dde7160_0 .net/s "Quotient", 31 0, L_000002a62df27e40;  alias, 1 drivers
v000002a62dde84c0_0 .net/s "Remainder", 31 0, L_000002a62df2a140;  alias, 1 drivers
L_000002a62de6d880 .functor BUFT 1, C4<00000000000000000000000000000001>, C4<0>, C4<0>, C4<0>;
v000002a62dde6120_0 .net/2s *"_ivl_10", 31 0, L_000002a62de6d880;  1 drivers
v000002a62dde7340_0 .net/s *"_ivl_12", 31 0, L_000002a62df26e00;  1 drivers
v000002a62dde6300_0 .net *"_ivl_16", 31 0, L_000002a62deeed70;  1 drivers
L_000002a62de6d8c8 .functor BUFT 1, C4<00000000000000000000000000000001>, C4<0>, C4<0>, C4<0>;
v000002a62dde6e40_0 .net/2s *"_ivl_18", 31 0, L_000002a62de6d8c8;  1 drivers
v000002a62dde8380_0 .net/s *"_ivl_20", 31 0, L_000002a62df274e0;  1 drivers
v000002a62dde8560_0 .net *"_ivl_24", 31 0, L_000002a62deee830;  1 drivers
L_000002a62de6d910 .functor BUFT 1, C4<00000000000000000000000000000001>, C4<0>, C4<0>, C4<0>;
v000002a62dde7200_0 .net/2u *"_ivl_26", 31 0, L_000002a62de6d910;  1 drivers
v000002a62dde69e0_0 .net *"_ivl_28", 31 0, L_000002a62df27da0;  1 drivers
v000002a62dde8420_0 .net *"_ivl_32", 31 0, L_000002a62deeec20;  1 drivers
L_000002a62de6d958 .functor BUFT 1, C4<00000000000000000000000000000001>, C4<0>, C4<0>, C4<0>;
v000002a62dde72a0_0 .net/2u *"_ivl_34", 31 0, L_000002a62de6d958;  1 drivers
v000002a62dde73e0_0 .net *"_ivl_36", 31 0, L_000002a62df2b9a0;  1 drivers
v000002a62dde7980_0 .net *"_ivl_8", 31 0, L_000002a62deee3d0;  1 drivers
v000002a62dde6b20_0 .net "dividend_abs", 31 0, L_000002a62df273a0;  1 drivers
v000002a62dde7700_0 .net "dividend_sign", 0 0, L_000002a62df28840;  1 drivers
v000002a62dde6ee0_0 .net "divisor_abs", 31 0, L_000002a62df27d00;  1 drivers
v000002a62dde6620_0 .net "divisor_sign", 0 0, L_000002a62df27300;  1 drivers
v000002a62dde7ca0_0 .net "quotient_abs", 31 0, v000002a62dde46e0_0;  1 drivers
v000002a62dde81a0_0 .net "quotient_sign", 0 0, L_000002a62deeeb40;  1 drivers
v000002a62dde63a0_0 .net "remainder_abs", 31 0, v000002a62dde4000_0;  1 drivers
v000002a62dde7ac0_0 .net "remainder_sign", 0 0, L_000002a62deee360;  1 drivers
L_000002a62df28840 .part v000002a62de39a10_0, 31, 1;
L_000002a62df27300 .part v000002a62de24600_0, 31, 1;
L_000002a62df26e00 .arith/sum 32, L_000002a62deee3d0, L_000002a62de6d880;
L_000002a62df273a0 .functor MUXZ 32, v000002a62de39a10_0, L_000002a62df26e00, L_000002a62df28840, C4<>;
L_000002a62df274e0 .arith/sum 32, L_000002a62deeed70, L_000002a62de6d8c8;
L_000002a62df27d00 .functor MUXZ 32, v000002a62de24600_0, L_000002a62df274e0, L_000002a62df27300, C4<>;
L_000002a62df27da0 .arith/sum 32, L_000002a62deee830, L_000002a62de6d910;
L_000002a62df27e40 .functor MUXZ 32, v000002a62dde46e0_0, L_000002a62df27da0, L_000002a62deeeb40, C4<>;
L_000002a62df2b9a0 .arith/sum 32, L_000002a62deeec20, L_000002a62de6d958;
L_000002a62df2a140 .functor MUXZ 32, v000002a62dde4000_0, L_000002a62df2b9a0, L_000002a62deee360, C4<>;
S_000002a62ddead50 .scope module, "div_core" "non_restoring_divider_unsigned" 8 22, 8 34 0, S_000002a62ddeabc0;
 .timescale 0 0;
    .port_info 0 /INPUT 32 "Dividend";
    .port_info 1 /INPUT 32 "Divisor";
    .port_info 2 /OUTPUT 32 "Quotient";
    .port_info 3 /OUTPUT 32 "Remainder";
v000002a62dde5c20_0 .var "AQ", 63 0;
v000002a62dde36a0_0 .net "Dividend", 31 0, L_000002a62df273a0;  alias, 1 drivers
v000002a62dde3920_0 .net "Divisor", 31 0, L_000002a62df27d00;  alias, 1 drivers
v000002a62dde3e20_0 .var "M", 31 0;
v000002a62dde3ec0_0 .net "Quotient", 31 0, v000002a62dde46e0_0;  alias, 1 drivers
v000002a62dde4000_0 .var "Remainder", 31 0;
v000002a62dde4140_0 .var/i "i", 31 0;
v000002a62dde46e0_0 .var "quotient_reg", 31 0;
E_000002a62dd432e0 .event anyedge, v000002a62dde3920_0, v000002a62dde36a0_0, v000002a62dde5c20_0, v000002a62dde3e20_0;
S_000002a62ddeb200 .scope module, "rca_add" "ripple_carry_adder" 6 40, 9 3 0, S_000002a62d9a3d60;
 .timescale 0 0;
    .port_info 0 /INPUT 32 "A";
    .port_info 1 /INPUT 32 "B";
    .port_info 2 /INPUT 1 "Cin";
    .port_info 3 /OUTPUT 32 "Sum";
    .port_info 4 /OUTPUT 1 "Cout";
    .port_info 5 /OUTPUT 1 "Overflow";
L_000002a62de6cd88 .functor BUFT 1, C4<0>, C4<0>, C4<0>, C4<0>;
L_000002a62dedef90 .functor BUFZ 1, L_000002a62de6cd88, C4<0>, C4<0>, C4<0>;
L_000002a62deddfd0 .functor XOR 1, L_000002a62de67190, L_000002a62de677d0, C4<0>, C4<0>;
v000002a62de0cb00_0 .net "A", 31 0, v000002a62de39a10_0;  alias, 1 drivers
v000002a62de0c560_0 .net "B", 31 0, v000002a62de24600_0;  alias, 1 drivers
v000002a62de0b840_0 .net "Cin", 0 0, L_000002a62de6cd88;  1 drivers
v000002a62de0bd40_0 .net "Cout", 0 0, L_000002a62de68950;  alias, 1 drivers
v000002a62de0c600_0 .net "Overflow", 0 0, L_000002a62deddfd0;  alias, 1 drivers
v000002a62de0c7e0_0 .net "Sum", 31 0, L_000002a62de68450;  alias, 1 drivers
v000002a62de0b020_0 .net *"_ivl_229", 0 0, L_000002a62dedef90;  1 drivers
v000002a62de0bde0_0 .net *"_ivl_233", 0 0, L_000002a62de67190;  1 drivers
v000002a62de0b980_0 .net *"_ivl_235", 0 0, L_000002a62de677d0;  1 drivers
v000002a62de0c920_0 .net "carry", 32 0, L_000002a62de68f90;  1 drivers
L_000002a62de63c70 .part v000002a62de39a10_0, 0, 1;
L_000002a62de645d0 .part v000002a62de24600_0, 0, 1;
L_000002a62de64030 .part L_000002a62de68f90, 0, 1;
L_000002a62de640d0 .part v000002a62de39a10_0, 1, 1;
L_000002a62de643f0 .part v000002a62de24600_0, 1, 1;
L_000002a62de622d0 .part L_000002a62de68f90, 1, 1;
L_000002a62de64670 .part v000002a62de39a10_0, 2, 1;
L_000002a62de62e10 .part v000002a62de24600_0, 2, 1;
L_000002a62de63270 .part L_000002a62de68f90, 2, 1;
L_000002a62de62870 .part v000002a62de39a10_0, 3, 1;
L_000002a62de63310 .part v000002a62de24600_0, 3, 1;
L_000002a62de647b0 .part L_000002a62de68f90, 3, 1;
L_000002a62de62410 .part v000002a62de39a10_0, 4, 1;
L_000002a62de62f50 .part v000002a62de24600_0, 4, 1;
L_000002a62de63450 .part L_000002a62de68f90, 4, 1;
L_000002a62de62550 .part v000002a62de39a10_0, 5, 1;
L_000002a62de625f0 .part v000002a62de24600_0, 5, 1;
L_000002a62de62690 .part L_000002a62de68f90, 5, 1;
L_000002a62de62910 .part v000002a62de39a10_0, 6, 1;
L_000002a62de62730 .part v000002a62de24600_0, 6, 1;
L_000002a62de62b90 .part L_000002a62de68f90, 6, 1;
L_000002a62de62af0 .part v000002a62de39a10_0, 7, 1;
L_000002a62de62c30 .part v000002a62de24600_0, 7, 1;
L_000002a62de62cd0 .part L_000002a62de68f90, 7, 1;
L_000002a62de62ff0 .part v000002a62de39a10_0, 8, 1;
L_000002a62de66290 .part v000002a62de24600_0, 8, 1;
L_000002a62de66330 .part L_000002a62de68f90, 8, 1;
L_000002a62de65890 .part v000002a62de39a10_0, 9, 1;
L_000002a62de65b10 .part v000002a62de24600_0, 9, 1;
L_000002a62de66790 .part L_000002a62de68f90, 9, 1;
L_000002a62de65570 .part v000002a62de39a10_0, 10, 1;
L_000002a62de66650 .part v000002a62de24600_0, 10, 1;
L_000002a62de64ad0 .part L_000002a62de68f90, 10, 1;
L_000002a62de65bb0 .part v000002a62de39a10_0, 11, 1;
L_000002a62de670f0 .part v000002a62de24600_0, 11, 1;
L_000002a62de64990 .part L_000002a62de68f90, 11, 1;
L_000002a62de66150 .part v000002a62de39a10_0, 12, 1;
L_000002a62de64a30 .part v000002a62de24600_0, 12, 1;
L_000002a62de64fd0 .part L_000002a62de68f90, 12, 1;
L_000002a62de66010 .part v000002a62de39a10_0, 13, 1;
L_000002a62de66830 .part v000002a62de24600_0, 13, 1;
L_000002a62de65c50 .part L_000002a62de68f90, 13, 1;
L_000002a62de66fb0 .part v000002a62de39a10_0, 14, 1;
L_000002a62de666f0 .part v000002a62de24600_0, 14, 1;
L_000002a62de668d0 .part L_000002a62de68f90, 14, 1;
L_000002a62de65390 .part v000002a62de39a10_0, 15, 1;
L_000002a62de65430 .part v000002a62de24600_0, 15, 1;
L_000002a62de64c10 .part L_000002a62de68f90, 15, 1;
L_000002a62de663d0 .part v000002a62de39a10_0, 16, 1;
L_000002a62de66c90 .part v000002a62de24600_0, 16, 1;
L_000002a62de65750 .part L_000002a62de68f90, 16, 1;
L_000002a62de657f0 .part v000002a62de39a10_0, 17, 1;
L_000002a62de65930 .part v000002a62de24600_0, 17, 1;
L_000002a62de67050 .part L_000002a62de68f90, 17, 1;
L_000002a62de66d30 .part v000002a62de39a10_0, 18, 1;
L_000002a62de64e90 .part v000002a62de24600_0, 18, 1;
L_000002a62de66470 .part L_000002a62de68f90, 18, 1;
L_000002a62de66970 .part v000002a62de39a10_0, 19, 1;
L_000002a62de65cf0 .part v000002a62de24600_0, 19, 1;
L_000002a62de65f70 .part L_000002a62de68f90, 19, 1;
L_000002a62de64b70 .part v000002a62de39a10_0, 20, 1;
L_000002a62de66510 .part v000002a62de24600_0, 20, 1;
L_000002a62de660b0 .part L_000002a62de68f90, 20, 1;
L_000002a62de661f0 .part v000002a62de39a10_0, 21, 1;
L_000002a62de65d90 .part v000002a62de24600_0, 21, 1;
L_000002a62de659d0 .part L_000002a62de68f90, 21, 1;
L_000002a62de654d0 .part v000002a62de39a10_0, 22, 1;
L_000002a62de65610 .part v000002a62de24600_0, 22, 1;
L_000002a62de64cb0 .part L_000002a62de68f90, 22, 1;
L_000002a62de665b0 .part v000002a62de39a10_0, 23, 1;
L_000002a62de66dd0 .part v000002a62de24600_0, 23, 1;
L_000002a62de65a70 .part L_000002a62de68f90, 23, 1;
L_000002a62de65e30 .part v000002a62de39a10_0, 24, 1;
L_000002a62de65ed0 .part v000002a62de24600_0, 24, 1;
L_000002a62de64d50 .part L_000002a62de68f90, 24, 1;
L_000002a62de66e70 .part v000002a62de39a10_0, 25, 1;
L_000002a62de64f30 .part v000002a62de24600_0, 25, 1;
L_000002a62de66a10 .part L_000002a62de68f90, 25, 1;
L_000002a62de66ab0 .part v000002a62de39a10_0, 26, 1;
L_000002a62de66b50 .part v000002a62de24600_0, 26, 1;
L_000002a62de66bf0 .part L_000002a62de68f90, 26, 1;
L_000002a62de64df0 .part v000002a62de39a10_0, 27, 1;
L_000002a62de66f10 .part v000002a62de24600_0, 27, 1;
L_000002a62de65070 .part L_000002a62de68f90, 27, 1;
L_000002a62de65110 .part v000002a62de39a10_0, 28, 1;
L_000002a62de656b0 .part v000002a62de24600_0, 28, 1;
L_000002a62de651b0 .part L_000002a62de68f90, 28, 1;
L_000002a62de65250 .part v000002a62de39a10_0, 29, 1;
L_000002a62de652f0 .part v000002a62de24600_0, 29, 1;
L_000002a62de68bd0 .part L_000002a62de68f90, 29, 1;
L_000002a62de68130 .part v000002a62de39a10_0, 30, 1;
L_000002a62de68090 .part v000002a62de24600_0, 30, 1;
L_000002a62de68310 .part L_000002a62de68f90, 30, 1;
L_000002a62de68ef0 .part v000002a62de39a10_0, 31, 1;
L_000002a62de67d70 .part v000002a62de24600_0, 31, 1;
L_000002a62de68e50 .part L_000002a62de68f90, 31, 1;
LS_000002a62de68450_0_0 .concat8 [ 1 1 1 1], L_000002a62dcdfd90, L_000002a62d9e1f30, L_000002a62d9e0f00, L_000002a62db8a180;
LS_000002a62de68450_0_4 .concat8 [ 1 1 1 1], L_000002a62db44550, L_000002a62dee13e0, L_000002a62dee2bf0, L_000002a62dee25d0;
LS_000002a62de68450_0_8 .concat8 [ 1 1 1 1], L_000002a62dee2b10, L_000002a62dee24f0, L_000002a62dee2800, L_000002a62dee1a00;
LS_000002a62de68450_0_12 .concat8 [ 1 1 1 1], L_000002a62dee2330, L_000002a62dee1e60, L_000002a62dee29c0, L_000002a62dee1300;
LS_000002a62de68450_0_16 .concat8 [ 1 1 1 1], L_000002a62dee3f30, L_000002a62dee3050, L_000002a62dee3600, L_000002a62dee3670;
LS_000002a62de68450_0_20 .concat8 [ 1 1 1 1], L_000002a62dee3c20, L_000002a62dee4320, L_000002a62dee4240, L_000002a62dee4010;
LS_000002a62de68450_0_24 .concat8 [ 1 1 1 1], L_000002a62dee30c0, L_000002a62dee2f00, L_000002a62dee4d30, L_000002a62dee50b0;
LS_000002a62de68450_0_28 .concat8 [ 1 1 1 1], L_000002a62dee54a0, L_000002a62dee5510, L_000002a62dee5270, L_000002a62dee4a90;
LS_000002a62de68450_1_0 .concat8 [ 4 4 4 4], LS_000002a62de68450_0_0, LS_000002a62de68450_0_4, LS_000002a62de68450_0_8, LS_000002a62de68450_0_12;
LS_000002a62de68450_1_4 .concat8 [ 4 4 4 4], LS_000002a62de68450_0_16, LS_000002a62de68450_0_20, LS_000002a62de68450_0_24, LS_000002a62de68450_0_28;
L_000002a62de68450 .concat8 [ 16 16 0 0], LS_000002a62de68450_1_0, LS_000002a62de68450_1_4;
LS_000002a62de68f90_0_0 .concat8 [ 1 1 1 1], L_000002a62dedef90, L_000002a62d9e1fa0, L_000002a62d9e1ec0, L_000002a62db8aea0;
LS_000002a62de68f90_0_4 .concat8 [ 1 1 1 1], L_000002a62db8ab90, L_000002a62dee1920, L_000002a62dee2100, L_000002a62dee26b0;
LS_000002a62de68f90_0_8 .concat8 [ 1 1 1 1], L_000002a62dee1990, L_000002a62dee1840, L_000002a62dee2790, L_000002a62dee1140;
LS_000002a62de68f90_0_12 .concat8 [ 1 1 1 1], L_000002a62dee1ca0, L_000002a62dee1530, L_000002a62dee2020, L_000002a62dee1290;
LS_000002a62de68f90_0_16 .concat8 [ 1 1 1 1], L_000002a62dee3e50, L_000002a62dee3fa0, L_000002a62dee37c0, L_000002a62dee3590;
LS_000002a62de68f90_0_20 .concat8 [ 1 1 1 1], L_000002a62dee3980, L_000002a62dee40f0, L_000002a62dee39f0, L_000002a62dee3bb0;
LS_000002a62de68f90_0_24 .concat8 [ 1 1 1 1], L_000002a62dee4550, L_000002a62dee38a0, L_000002a62dee3280, L_000002a62dee4f60;
LS_000002a62de68f90_0_28 .concat8 [ 1 1 1 1], L_000002a62dee5350, L_000002a62dee5040, L_000002a62dee4fd0, L_000002a62dee4a20;
LS_000002a62de68f90_0_32 .concat8 [ 1 0 0 0], L_000002a62dee4cc0;
LS_000002a62de68f90_1_0 .concat8 [ 4 4 4 4], LS_000002a62de68f90_0_0, LS_000002a62de68f90_0_4, LS_000002a62de68f90_0_8, LS_000002a62de68f90_0_12;
LS_000002a62de68f90_1_4 .concat8 [ 4 4 4 4], LS_000002a62de68f90_0_16, LS_000002a62de68f90_0_20, LS_000002a62de68f90_0_24, LS_000002a62de68f90_0_28;
LS_000002a62de68f90_1_8 .concat8 [ 1 0 0 0], LS_000002a62de68f90_0_32;
L_000002a62de68f90 .concat8 [ 16 16 1 0], LS_000002a62de68f90_1_0, LS_000002a62de68f90_1_4, LS_000002a62de68f90_1_8;
L_000002a62de68950 .part L_000002a62de68f90, 32, 1;
L_000002a62de67190 .part L_000002a62de68f90, 31, 1;
L_000002a62de677d0 .part L_000002a62de68f90, 32, 1;
S_000002a62dde9c20 .scope generate, "fa_gen[0]" "fa_gen[0]" 9 17, 9 17 0, S_000002a62ddeb200;
 .timescale 0 0;
P_000002a62dd43fe0 .param/l "i" 0 9 17, +C4<00>;
S_000002a62dde9f40 .scope module, "fa" "full_adder" 9 18, 9 33 0, S_000002a62dde9c20;
 .timescale 0 0;
    .port_info 0 /INPUT 1 "a";
    .port_info 1 /INPUT 1 "b";
    .port_info 2 /INPUT 1 "cin";
    .port_info 3 /OUTPUT 1 "sum";
    .port_info 4 /OUTPUT 1 "cout";
L_000002a62dcdfd20 .functor XOR 1, L_000002a62de63c70, L_000002a62de645d0, C4<0>, C4<0>;
L_000002a62dcdfd90 .functor XOR 1, L_000002a62dcdfd20, L_000002a62de64030, C4<0>, C4<0>;
L_000002a62dcdfe00 .functor AND 1, L_000002a62de63c70, L_000002a62de645d0, C4<1>, C4<1>;
L_000002a62dcdfe70 .functor XOR 1, L_000002a62de63c70, L_000002a62de645d0, C4<0>, C4<0>;
L_000002a62d9e1d70 .functor AND 1, L_000002a62de64030, L_000002a62dcdfe70, C4<1>, C4<1>;
L_000002a62d9e1fa0 .functor OR 1, L_000002a62dcdfe00, L_000002a62d9e1d70, C4<0>, C4<0>;
v000002a62dde77a0_0 .net *"_ivl_0", 0 0, L_000002a62dcdfd20;  1 drivers
v000002a62dde7480_0 .net *"_ivl_4", 0 0, L_000002a62dcdfe00;  1 drivers
v000002a62dde6080_0 .net *"_ivl_6", 0 0, L_000002a62dcdfe70;  1 drivers
v000002a62dde6440_0 .net *"_ivl_8", 0 0, L_000002a62d9e1d70;  1 drivers
v000002a62dde7520_0 .net "a", 0 0, L_000002a62de63c70;  1 drivers
v000002a62dde6f80_0 .net "b", 0 0, L_000002a62de645d0;  1 drivers
v000002a62dde75c0_0 .net "cin", 0 0, L_000002a62de64030;  1 drivers
v000002a62dde7e80_0 .net "cout", 0 0, L_000002a62d9e1fa0;  1 drivers
v000002a62dde6a80_0 .net "sum", 0 0, L_000002a62dcdfd90;  1 drivers
S_000002a62ddea260 .scope generate, "fa_gen[1]" "fa_gen[1]" 9 17, 9 17 0, S_000002a62ddeb200;
 .timescale 0 0;
P_000002a62dd43260 .param/l "i" 0 9 17, +C4<01>;
S_000002a62ddeb070 .scope module, "fa" "full_adder" 9 18, 9 33 0, S_000002a62ddea260;
 .timescale 0 0;
    .port_info 0 /INPUT 1 "a";
    .port_info 1 /INPUT 1 "b";
    .port_info 2 /INPUT 1 "cin";
    .port_info 3 /OUTPUT 1 "sum";
    .port_info 4 /OUTPUT 1 "cout";
L_000002a62d9e1d00 .functor XOR 1, L_000002a62de640d0, L_000002a62de643f0, C4<0>, C4<0>;
L_000002a62d9e1f30 .functor XOR 1, L_000002a62d9e1d00, L_000002a62de622d0, C4<0>, C4<0>;
L_000002a62d9e2010 .functor AND 1, L_000002a62de640d0, L_000002a62de643f0, C4<1>, C4<1>;
L_000002a62d9e1de0 .functor XOR 1, L_000002a62de640d0, L_000002a62de643f0, C4<0>, C4<0>;
L_000002a62d9e1e50 .functor AND 1, L_000002a62de622d0, L_000002a62d9e1de0, C4<1>, C4<1>;
L_000002a62d9e1ec0 .functor OR 1, L_000002a62d9e2010, L_000002a62d9e1e50, C4<0>, C4<0>;
v000002a62dde5fe0_0 .net *"_ivl_0", 0 0, L_000002a62d9e1d00;  1 drivers
v000002a62dde7840_0 .net *"_ivl_4", 0 0, L_000002a62d9e2010;  1 drivers
v000002a62dde6bc0_0 .net *"_ivl_6", 0 0, L_000002a62d9e1de0;  1 drivers
v000002a62dde7660_0 .net *"_ivl_8", 0 0, L_000002a62d9e1e50;  1 drivers
v000002a62dde7a20_0 .net "a", 0 0, L_000002a62de640d0;  1 drivers
v000002a62dde6c60_0 .net "b", 0 0, L_000002a62de643f0;  1 drivers
v000002a62dde78e0_0 .net "cin", 0 0, L_000002a62de622d0;  1 drivers
v000002a62dde7b60_0 .net "cout", 0 0, L_000002a62d9e1ec0;  1 drivers
v000002a62dde7020_0 .net "sum", 0 0, L_000002a62d9e1f30;  1 drivers
S_000002a62ddeaee0 .scope generate, "fa_gen[2]" "fa_gen[2]" 9 17, 9 17 0, S_000002a62ddeb200;
 .timescale 0 0;
P_000002a62dd43da0 .param/l "i" 0 9 17, +C4<010>;
S_000002a62ddeb780 .scope module, "fa" "full_adder" 9 18, 9 33 0, S_000002a62ddeaee0;
 .timescale 0 0;
    .port_info 0 /INPUT 1 "a";
    .port_info 1 /INPUT 1 "b";
    .port_info 2 /INPUT 1 "cin";
    .port_info 3 /OUTPUT 1 "sum";
    .port_info 4 /OUTPUT 1 "cout";
L_000002a62d9e1b40 .functor XOR 1, L_000002a62de64670, L_000002a62de62e10, C4<0>, C4<0>;
L_000002a62d9e0f00 .functor XOR 1, L_000002a62d9e1b40, L_000002a62de63270, C4<0>, C4<0>;
L_000002a62d9e1c20 .functor AND 1, L_000002a62de64670, L_000002a62de62e10, C4<1>, C4<1>;
L_000002a62d9e0480 .functor XOR 1, L_000002a62de64670, L_000002a62de62e10, C4<0>, C4<0>;
L_000002a62db8ae30 .functor AND 1, L_000002a62de63270, L_000002a62d9e0480, C4<1>, C4<1>;
L_000002a62db8aea0 .functor OR 1, L_000002a62d9e1c20, L_000002a62db8ae30, C4<0>, C4<0>;
v000002a62dde66c0_0 .net *"_ivl_0", 0 0, L_000002a62d9e1b40;  1 drivers
v000002a62dde7d40_0 .net *"_ivl_4", 0 0, L_000002a62d9e1c20;  1 drivers
v000002a62dde7c00_0 .net *"_ivl_6", 0 0, L_000002a62d9e0480;  1 drivers
v000002a62dde7de0_0 .net *"_ivl_8", 0 0, L_000002a62db8ae30;  1 drivers
v000002a62dde7f20_0 .net "a", 0 0, L_000002a62de64670;  1 drivers
v000002a62dde70c0_0 .net "b", 0 0, L_000002a62de62e10;  1 drivers
v000002a62dde7fc0_0 .net "cin", 0 0, L_000002a62de63270;  1 drivers
v000002a62dde8060_0 .net "cout", 0 0, L_000002a62db8aea0;  1 drivers
v000002a62dde8100_0 .net "sum", 0 0, L_000002a62d9e0f00;  1 drivers
S_000002a62ddec270 .scope generate, "fa_gen[3]" "fa_gen[3]" 9 17, 9 17 0, S_000002a62ddeb200;
 .timescale 0 0;
P_000002a62dd440a0 .param/l "i" 0 9 17, +C4<011>;
S_000002a62ddeb910 .scope module, "fa" "full_adder" 9 18, 9 33 0, S_000002a62ddec270;
 .timescale 0 0;
    .port_info 0 /INPUT 1 "a";
    .port_info 1 /INPUT 1 "b";
    .port_info 2 /INPUT 1 "cin";
    .port_info 3 /OUTPUT 1 "sum";
    .port_info 4 /OUTPUT 1 "cout";
L_000002a62db8a7a0 .functor XOR 1, L_000002a62de62870, L_000002a62de63310, C4<0>, C4<0>;
L_000002a62db8a180 .functor XOR 1, L_000002a62db8a7a0, L_000002a62de647b0, C4<0>, C4<0>;
L_000002a62db8a260 .functor AND 1, L_000002a62de62870, L_000002a62de63310, C4<1>, C4<1>;
L_000002a62db8a2d0 .functor XOR 1, L_000002a62de62870, L_000002a62de63310, C4<0>, C4<0>;
L_000002a62db8a420 .functor AND 1, L_000002a62de647b0, L_000002a62db8a2d0, C4<1>, C4<1>;
L_000002a62db8ab90 .functor OR 1, L_000002a62db8a260, L_000002a62db8a420, C4<0>, C4<0>;
v000002a62dde8240_0 .net *"_ivl_0", 0 0, L_000002a62db8a7a0;  1 drivers
v000002a62dde82e0_0 .net *"_ivl_4", 0 0, L_000002a62db8a260;  1 drivers
v000002a62dde5e00_0 .net *"_ivl_6", 0 0, L_000002a62db8a2d0;  1 drivers
v000002a62dde5ea0_0 .net *"_ivl_8", 0 0, L_000002a62db8a420;  1 drivers
v000002a62dde5f40_0 .net "a", 0 0, L_000002a62de62870;  1 drivers
v000002a62dde61c0_0 .net "b", 0 0, L_000002a62de63310;  1 drivers
v000002a62dde6260_0 .net "cin", 0 0, L_000002a62de647b0;  1 drivers
v000002a62dde64e0_0 .net "cout", 0 0, L_000002a62db8ab90;  1 drivers
v000002a62dde6d00_0 .net "sum", 0 0, L_000002a62db8a180;  1 drivers
S_000002a62ddec400 .scope generate, "fa_gen[4]" "fa_gen[4]" 9 17, 9 17 0, S_000002a62ddeb200;
 .timescale 0 0;
P_000002a62dd43660 .param/l "i" 0 9 17, +C4<0100>;
S_000002a62ddeb5f0 .scope module, "fa" "full_adder" 9 18, 9 33 0, S_000002a62ddec400;
 .timescale 0 0;
    .port_info 0 /INPUT 1 "a";
    .port_info 1 /INPUT 1 "b";
    .port_info 2 /INPUT 1 "cin";
    .port_info 3 /OUTPUT 1 "sum";
    .port_info 4 /OUTPUT 1 "cout";
L_000002a62db44470 .functor XOR 1, L_000002a62de62410, L_000002a62de62f50, C4<0>, C4<0>;
L_000002a62db44550 .functor XOR 1, L_000002a62db44470, L_000002a62de63450, C4<0>, C4<0>;
L_000002a62db43210 .functor AND 1, L_000002a62de62410, L_000002a62de62f50, C4<1>, C4<1>;
L_000002a62db43440 .functor XOR 1, L_000002a62de62410, L_000002a62de62f50, C4<0>, C4<0>;
L_000002a62db3fbd0 .functor AND 1, L_000002a62de63450, L_000002a62db43440, C4<1>, C4<1>;
L_000002a62dee1920 .functor OR 1, L_000002a62db43210, L_000002a62db3fbd0, C4<0>, C4<0>;
v000002a62dde6580_0 .net *"_ivl_0", 0 0, L_000002a62db44470;  1 drivers
v000002a62dde6760_0 .net *"_ivl_4", 0 0, L_000002a62db43210;  1 drivers
v000002a62dde6800_0 .net *"_ivl_6", 0 0, L_000002a62db43440;  1 drivers
v000002a62dde68a0_0 .net *"_ivl_8", 0 0, L_000002a62db3fbd0;  1 drivers
v000002a62dde6da0_0 .net "a", 0 0, L_000002a62de62410;  1 drivers
v000002a62dde6940_0 .net "b", 0 0, L_000002a62de62f50;  1 drivers
v000002a62dde87e0_0 .net "cin", 0 0, L_000002a62de63450;  1 drivers
v000002a62dde90a0_0 .net "cout", 0 0, L_000002a62dee1920;  1 drivers
v000002a62dde8ba0_0 .net "sum", 0 0, L_000002a62db44550;  1 drivers
S_000002a62ddebaa0 .scope generate, "fa_gen[5]" "fa_gen[5]" 9 17, 9 17 0, S_000002a62ddeb200;
 .timescale 0 0;
P_000002a62dd43a60 .param/l "i" 0 9 17, +C4<0101>;
S_000002a62ddebc30 .scope module, "fa" "full_adder" 9 18, 9 33 0, S_000002a62ddebaa0;
 .timescale 0 0;
    .port_info 0 /INPUT 1 "a";
    .port_info 1 /INPUT 1 "b";
    .port_info 2 /INPUT 1 "cin";
    .port_info 3 /OUTPUT 1 "sum";
    .port_info 4 /OUTPUT 1 "cout";
L_000002a62dee2640 .functor XOR 1, L_000002a62de62550, L_000002a62de625f0, C4<0>, C4<0>;
L_000002a62dee13e0 .functor XOR 1, L_000002a62dee2640, L_000002a62de62690, C4<0>, C4<0>;
L_000002a62dee2560 .functor AND 1, L_000002a62de62550, L_000002a62de625f0, C4<1>, C4<1>;
L_000002a62dee17d0 .functor XOR 1, L_000002a62de62550, L_000002a62de625f0, C4<0>, C4<0>;
L_000002a62dee1b50 .functor AND 1, L_000002a62de62690, L_000002a62dee17d0, C4<1>, C4<1>;
L_000002a62dee2100 .functor OR 1, L_000002a62dee2560, L_000002a62dee1b50, C4<0>, C4<0>;
v000002a62dde8ec0_0 .net *"_ivl_0", 0 0, L_000002a62dee2640;  1 drivers
v000002a62dde86a0_0 .net *"_ivl_4", 0 0, L_000002a62dee2560;  1 drivers
v000002a62dde8880_0 .net *"_ivl_6", 0 0, L_000002a62dee17d0;  1 drivers
v000002a62dde8600_0 .net *"_ivl_8", 0 0, L_000002a62dee1b50;  1 drivers
v000002a62dde8740_0 .net "a", 0 0, L_000002a62de62550;  1 drivers
v000002a62dde8c40_0 .net "b", 0 0, L_000002a62de625f0;  1 drivers
v000002a62dde8920_0 .net "cin", 0 0, L_000002a62de62690;  1 drivers
v000002a62dde9280_0 .net "cout", 0 0, L_000002a62dee2100;  1 drivers
v000002a62dde9320_0 .net "sum", 0 0, L_000002a62dee13e0;  1 drivers
S_000002a62dded210 .scope generate, "fa_gen[6]" "fa_gen[6]" 9 17, 9 17 0, S_000002a62ddeb200;
 .timescale 0 0;
P_000002a62dd432a0 .param/l "i" 0 9 17, +C4<0110>;
S_000002a62ddebdc0 .scope module, "fa" "full_adder" 9 18, 9 33 0, S_000002a62dded210;
 .timescale 0 0;
    .port_info 0 /INPUT 1 "a";
    .port_info 1 /INPUT 1 "b";
    .port_info 2 /INPUT 1 "cin";
    .port_info 3 /OUTPUT 1 "sum";
    .port_info 4 /OUTPUT 1 "cout";
L_000002a62dee2170 .functor XOR 1, L_000002a62de62910, L_000002a62de62730, C4<0>, C4<0>;
L_000002a62dee2bf0 .functor XOR 1, L_000002a62dee2170, L_000002a62de62b90, C4<0>, C4<0>;
L_000002a62dee1060 .functor AND 1, L_000002a62de62910, L_000002a62de62730, C4<1>, C4<1>;
L_000002a62dee1f40 .functor XOR 1, L_000002a62de62910, L_000002a62de62730, C4<0>, C4<0>;
L_000002a62dee2090 .functor AND 1, L_000002a62de62b90, L_000002a62dee1f40, C4<1>, C4<1>;
L_000002a62dee26b0 .functor OR 1, L_000002a62dee1060, L_000002a62dee2090, C4<0>, C4<0>;
v000002a62dde93c0_0 .net *"_ivl_0", 0 0, L_000002a62dee2170;  1 drivers
v000002a62dde89c0_0 .net *"_ivl_4", 0 0, L_000002a62dee1060;  1 drivers
v000002a62dde8ce0_0 .net *"_ivl_6", 0 0, L_000002a62dee1f40;  1 drivers
v000002a62dde9460_0 .net *"_ivl_8", 0 0, L_000002a62dee2090;  1 drivers
v000002a62dde8d80_0 .net "a", 0 0, L_000002a62de62910;  1 drivers
v000002a62dde9000_0 .net "b", 0 0, L_000002a62de62730;  1 drivers
v000002a62dde8a60_0 .net "cin", 0 0, L_000002a62de62b90;  1 drivers
v000002a62dde8b00_0 .net "cout", 0 0, L_000002a62dee26b0;  1 drivers
v000002a62dde8e20_0 .net "sum", 0 0, L_000002a62dee2bf0;  1 drivers
S_000002a62ddec590 .scope generate, "fa_gen[7]" "fa_gen[7]" 9 17, 9 17 0, S_000002a62ddeb200;
 .timescale 0 0;
P_000002a62dd437e0 .param/l "i" 0 9 17, +C4<0111>;
S_000002a62ddecd60 .scope module, "fa" "full_adder" 9 18, 9 33 0, S_000002a62ddec590;
 .timescale 0 0;
    .port_info 0 /INPUT 1 "a";
    .port_info 1 /INPUT 1 "b";
    .port_info 2 /INPUT 1 "cin";
    .port_info 3 /OUTPUT 1 "sum";
    .port_info 4 /OUTPUT 1 "cout";
L_000002a62dee1680 .functor XOR 1, L_000002a62de62af0, L_000002a62de62c30, C4<0>, C4<0>;
L_000002a62dee25d0 .functor XOR 1, L_000002a62dee1680, L_000002a62de62cd0, C4<0>, C4<0>;
L_000002a62dee1a70 .functor AND 1, L_000002a62de62af0, L_000002a62de62c30, C4<1>, C4<1>;
L_000002a62dee16f0 .functor XOR 1, L_000002a62de62af0, L_000002a62de62c30, C4<0>, C4<0>;
L_000002a62dee1760 .functor AND 1, L_000002a62de62cd0, L_000002a62dee16f0, C4<1>, C4<1>;
L_000002a62dee1990 .functor OR 1, L_000002a62dee1a70, L_000002a62dee1760, C4<0>, C4<0>;
v000002a62dde8f60_0 .net *"_ivl_0", 0 0, L_000002a62dee1680;  1 drivers
v000002a62dde9140_0 .net *"_ivl_4", 0 0, L_000002a62dee1a70;  1 drivers
v000002a62dde91e0_0 .net *"_ivl_6", 0 0, L_000002a62dee16f0;  1 drivers
v000002a62dddadc0_0 .net *"_ivl_8", 0 0, L_000002a62dee1760;  1 drivers
v000002a62ddd99c0_0 .net "a", 0 0, L_000002a62de62af0;  1 drivers
v000002a62dddab40_0 .net "b", 0 0, L_000002a62de62c30;  1 drivers
v000002a62ddd9d80_0 .net "cin", 0 0, L_000002a62de62cd0;  1 drivers
v000002a62ddd96a0_0 .net "cout", 0 0, L_000002a62dee1990;  1 drivers
v000002a62ddd9600_0 .net "sum", 0 0, L_000002a62dee25d0;  1 drivers
S_000002a62dded3a0 .scope generate, "fa_gen[8]" "fa_gen[8]" 9 17, 9 17 0, S_000002a62ddeb200;
 .timescale 0 0;
P_000002a62dd43320 .param/l "i" 0 9 17, +C4<01000>;
S_000002a62ddebf50 .scope module, "fa" "full_adder" 9 18, 9 33 0, S_000002a62dded3a0;
 .timescale 0 0;
    .port_info 0 /INPUT 1 "a";
    .port_info 1 /INPUT 1 "b";
    .port_info 2 /INPUT 1 "cin";
    .port_info 3 /OUTPUT 1 "sum";
    .port_info 4 /OUTPUT 1 "cout";
L_000002a62dee1ae0 .functor XOR 1, L_000002a62de62ff0, L_000002a62de66290, C4<0>, C4<0>;
L_000002a62dee2b10 .functor XOR 1, L_000002a62dee1ae0, L_000002a62de66330, C4<0>, C4<0>;
L_000002a62dee1610 .functor AND 1, L_000002a62de62ff0, L_000002a62de66290, C4<1>, C4<1>;
L_000002a62dee21e0 .functor XOR 1, L_000002a62de62ff0, L_000002a62de66290, C4<0>, C4<0>;
L_000002a62dee10d0 .functor AND 1, L_000002a62de66330, L_000002a62dee21e0, C4<1>, C4<1>;
L_000002a62dee1840 .functor OR 1, L_000002a62dee1610, L_000002a62dee10d0, C4<0>, C4<0>;
v000002a62ddda1e0_0 .net *"_ivl_0", 0 0, L_000002a62dee1ae0;  1 drivers
v000002a62ddda500_0 .net *"_ivl_4", 0 0, L_000002a62dee1610;  1 drivers
v000002a62dddb540_0 .net *"_ivl_6", 0 0, L_000002a62dee21e0;  1 drivers
v000002a62ddda960_0 .net *"_ivl_8", 0 0, L_000002a62dee10d0;  1 drivers
v000002a62dddb720_0 .net "a", 0 0, L_000002a62de62ff0;  1 drivers
v000002a62ddda280_0 .net "b", 0 0, L_000002a62de66290;  1 drivers
v000002a62dddb5e0_0 .net "cin", 0 0, L_000002a62de66330;  1 drivers
v000002a62ddda5a0_0 .net "cout", 0 0, L_000002a62dee1840;  1 drivers
v000002a62dddb2c0_0 .net "sum", 0 0, L_000002a62dee2b10;  1 drivers
S_000002a62ddec0e0 .scope generate, "fa_gen[9]" "fa_gen[9]" 9 17, 9 17 0, S_000002a62ddeb200;
 .timescale 0 0;
P_000002a62dd43360 .param/l "i" 0 9 17, +C4<01001>;
S_000002a62ddecef0 .scope module, "fa" "full_adder" 9 18, 9 33 0, S_000002a62ddec0e0;
 .timescale 0 0;
    .port_info 0 /INPUT 1 "a";
    .port_info 1 /INPUT 1 "b";
    .port_info 2 /INPUT 1 "cin";
    .port_info 3 /OUTPUT 1 "sum";
    .port_info 4 /OUTPUT 1 "cout";
L_000002a62dee2250 .functor XOR 1, L_000002a62de65890, L_000002a62de65b10, C4<0>, C4<0>;
L_000002a62dee24f0 .functor XOR 1, L_000002a62dee2250, L_000002a62de66790, C4<0>, C4<0>;
L_000002a62dee2720 .functor AND 1, L_000002a62de65890, L_000002a62de65b10, C4<1>, C4<1>;
L_000002a62dee14c0 .functor XOR 1, L_000002a62de65890, L_000002a62de65b10, C4<0>, C4<0>;
L_000002a62dee2b80 .functor AND 1, L_000002a62de66790, L_000002a62dee14c0, C4<1>, C4<1>;
L_000002a62dee2790 .functor OR 1, L_000002a62dee2720, L_000002a62dee2b80, C4<0>, C4<0>;
v000002a62dddbb80_0 .net *"_ivl_0", 0 0, L_000002a62dee2250;  1 drivers
v000002a62ddd9740_0 .net *"_ivl_4", 0 0, L_000002a62dee2720;  1 drivers
v000002a62ddd9ec0_0 .net *"_ivl_6", 0 0, L_000002a62dee14c0;  1 drivers
v000002a62ddda320_0 .net *"_ivl_8", 0 0, L_000002a62dee2b80;  1 drivers
v000002a62ddda0a0_0 .net "a", 0 0, L_000002a62de65890;  1 drivers
v000002a62ddda640_0 .net "b", 0 0, L_000002a62de65b10;  1 drivers
v000002a62ddd9ce0_0 .net "cin", 0 0, L_000002a62de66790;  1 drivers
v000002a62ddd9f60_0 .net "cout", 0 0, L_000002a62dee2790;  1 drivers
v000002a62dddad20_0 .net "sum", 0 0, L_000002a62dee24f0;  1 drivers
S_000002a62dded080 .scope generate, "fa_gen[10]" "fa_gen[10]" 9 17, 9 17 0, S_000002a62ddeb200;
 .timescale 0 0;
P_000002a62dd433e0 .param/l "i" 0 9 17, +C4<01010>;
S_000002a62ddec720 .scope module, "fa" "full_adder" 9 18, 9 33 0, S_000002a62dded080;
 .timescale 0 0;
    .port_info 0 /INPUT 1 "a";
    .port_info 1 /INPUT 1 "b";
    .port_info 2 /INPUT 1 "cin";
    .port_info 3 /OUTPUT 1 "sum";
    .port_info 4 /OUTPUT 1 "cout";
L_000002a62dee1d80 .functor XOR 1, L_000002a62de65570, L_000002a62de66650, C4<0>, C4<0>;
L_000002a62dee2800 .functor XOR 1, L_000002a62dee1d80, L_000002a62de64ad0, C4<0>, C4<0>;
L_000002a62dee2870 .functor AND 1, L_000002a62de65570, L_000002a62de66650, C4<1>, C4<1>;
L_000002a62dee22c0 .functor XOR 1, L_000002a62de65570, L_000002a62de66650, C4<0>, C4<0>;
L_000002a62dee23a0 .functor AND 1, L_000002a62de64ad0, L_000002a62dee22c0, C4<1>, C4<1>;
L_000002a62dee1140 .functor OR 1, L_000002a62dee2870, L_000002a62dee23a0, C4<0>, C4<0>;
v000002a62dddb4a0_0 .net *"_ivl_0", 0 0, L_000002a62dee1d80;  1 drivers
v000002a62dddb360_0 .net *"_ivl_4", 0 0, L_000002a62dee2870;  1 drivers
v000002a62dddaf00_0 .net *"_ivl_6", 0 0, L_000002a62dee22c0;  1 drivers
v000002a62ddda3c0_0 .net *"_ivl_8", 0 0, L_000002a62dee23a0;  1 drivers
v000002a62dddaaa0_0 .net "a", 0 0, L_000002a62de65570;  1 drivers
v000002a62ddda8c0_0 .net "b", 0 0, L_000002a62de66650;  1 drivers
v000002a62dddb680_0 .net "cin", 0 0, L_000002a62de64ad0;  1 drivers
v000002a62ddda820_0 .net "cout", 0 0, L_000002a62dee1140;  1 drivers
v000002a62dddabe0_0 .net "sum", 0 0, L_000002a62dee2800;  1 drivers
S_000002a62ddec8b0 .scope generate, "fa_gen[11]" "fa_gen[11]" 9 17, 9 17 0, S_000002a62ddeb200;
 .timescale 0 0;
P_000002a62dd434e0 .param/l "i" 0 9 17, +C4<01011>;
S_000002a62ddeca40 .scope module, "fa" "full_adder" 9 18, 9 33 0, S_000002a62ddec8b0;
 .timescale 0 0;
    .port_info 0 /INPUT 1 "a";
    .port_info 1 /INPUT 1 "b";
    .port_info 2 /INPUT 1 "cin";
    .port_info 3 /OUTPUT 1 "sum";
    .port_info 4 /OUTPUT 1 "cout";
L_000002a62dee18b0 .functor XOR 1, L_000002a62de65bb0, L_000002a62de670f0, C4<0>, C4<0>;
L_000002a62dee1a00 .functor XOR 1, L_000002a62dee18b0, L_000002a62de64990, C4<0>, C4<0>;
L_000002a62dee1bc0 .functor AND 1, L_000002a62de65bb0, L_000002a62de670f0, C4<1>, C4<1>;
L_000002a62dee2410 .functor XOR 1, L_000002a62de65bb0, L_000002a62de670f0, C4<0>, C4<0>;
L_000002a62dee1c30 .functor AND 1, L_000002a62de64990, L_000002a62dee2410, C4<1>, C4<1>;
L_000002a62dee1ca0 .functor OR 1, L_000002a62dee1bc0, L_000002a62dee1c30, C4<0>, C4<0>;
v000002a62dddb220_0 .net *"_ivl_0", 0 0, L_000002a62dee18b0;  1 drivers
v000002a62ddda6e0_0 .net *"_ivl_4", 0 0, L_000002a62dee1bc0;  1 drivers
v000002a62dddb400_0 .net *"_ivl_6", 0 0, L_000002a62dee2410;  1 drivers
v000002a62ddd97e0_0 .net *"_ivl_8", 0 0, L_000002a62dee1c30;  1 drivers
v000002a62dddb7c0_0 .net "a", 0 0, L_000002a62de65bb0;  1 drivers
v000002a62ddd9a60_0 .net "b", 0 0, L_000002a62de670f0;  1 drivers
v000002a62ddda460_0 .net "cin", 0 0, L_000002a62de64990;  1 drivers
v000002a62dddae60_0 .net "cout", 0 0, L_000002a62dee1ca0;  1 drivers
v000002a62dddb860_0 .net "sum", 0 0, L_000002a62dee1a00;  1 drivers
S_000002a62ddecbd0 .scope generate, "fa_gen[12]" "fa_gen[12]" 9 17, 9 17 0, S_000002a62ddeb200;
 .timescale 0 0;
P_000002a62dd438e0 .param/l "i" 0 9 17, +C4<01100>;
S_000002a62ddedf60 .scope module, "fa" "full_adder" 9 18, 9 33 0, S_000002a62ddecbd0;
 .timescale 0 0;
    .port_info 0 /INPUT 1 "a";
    .port_info 1 /INPUT 1 "b";
    .port_info 2 /INPUT 1 "cin";
    .port_info 3 /OUTPUT 1 "sum";
    .port_info 4 /OUTPUT 1 "cout";
L_000002a62dee1d10 .functor XOR 1, L_000002a62de66150, L_000002a62de64a30, C4<0>, C4<0>;
L_000002a62dee2330 .functor XOR 1, L_000002a62dee1d10, L_000002a62de64fd0, C4<0>, C4<0>;
L_000002a62dee1df0 .functor AND 1, L_000002a62de66150, L_000002a62de64a30, C4<1>, C4<1>;
L_000002a62dee15a0 .functor XOR 1, L_000002a62de66150, L_000002a62de64a30, C4<0>, C4<0>;
L_000002a62dee11b0 .functor AND 1, L_000002a62de64fd0, L_000002a62dee15a0, C4<1>, C4<1>;
L_000002a62dee1530 .functor OR 1, L_000002a62dee1df0, L_000002a62dee11b0, C4<0>, C4<0>;
v000002a62dddb900_0 .net *"_ivl_0", 0 0, L_000002a62dee1d10;  1 drivers
v000002a62ddda000_0 .net *"_ivl_4", 0 0, L_000002a62dee1df0;  1 drivers
v000002a62dddac80_0 .net *"_ivl_6", 0 0, L_000002a62dee15a0;  1 drivers
v000002a62ddda780_0 .net *"_ivl_8", 0 0, L_000002a62dee11b0;  1 drivers
v000002a62dddb9a0_0 .net "a", 0 0, L_000002a62de66150;  1 drivers
v000002a62dddba40_0 .net "b", 0 0, L_000002a62de64a30;  1 drivers
v000002a62dddaa00_0 .net "cin", 0 0, L_000002a62de64fd0;  1 drivers
v000002a62dddafa0_0 .net "cout", 0 0, L_000002a62dee1530;  1 drivers
v000002a62dddb040_0 .net "sum", 0 0, L_000002a62dee2330;  1 drivers
S_000002a62ddeed70 .scope generate, "fa_gen[13]" "fa_gen[13]" 9 17, 9 17 0, S_000002a62ddeb200;
 .timescale 0 0;
P_000002a62dd43520 .param/l "i" 0 9 17, +C4<01101>;
S_000002a62ddedc40 .scope module, "fa" "full_adder" 9 18, 9 33 0, S_000002a62ddeed70;
 .timescale 0 0;
    .port_info 0 /INPUT 1 "a";
    .port_info 1 /INPUT 1 "b";
    .port_info 2 /INPUT 1 "cin";
    .port_info 3 /OUTPUT 1 "sum";
    .port_info 4 /OUTPUT 1 "cout";
L_000002a62dee28e0 .functor XOR 1, L_000002a62de66010, L_000002a62de66830, C4<0>, C4<0>;
L_000002a62dee1e60 .functor XOR 1, L_000002a62dee28e0, L_000002a62de65c50, C4<0>, C4<0>;
L_000002a62dee1ed0 .functor AND 1, L_000002a62de66010, L_000002a62de66830, C4<1>, C4<1>;
L_000002a62dee1fb0 .functor XOR 1, L_000002a62de66010, L_000002a62de66830, C4<0>, C4<0>;
L_000002a62dee2480 .functor AND 1, L_000002a62de65c50, L_000002a62dee1fb0, C4<1>, C4<1>;
L_000002a62dee2020 .functor OR 1, L_000002a62dee1ed0, L_000002a62dee2480, C4<0>, C4<0>;
v000002a62dddbae0_0 .net *"_ivl_0", 0 0, L_000002a62dee28e0;  1 drivers
v000002a62dddbc20_0 .net *"_ivl_4", 0 0, L_000002a62dee1ed0;  1 drivers
v000002a62ddd9e20_0 .net *"_ivl_6", 0 0, L_000002a62dee1fb0;  1 drivers
v000002a62dddbcc0_0 .net *"_ivl_8", 0 0, L_000002a62dee2480;  1 drivers
v000002a62dddb0e0_0 .net "a", 0 0, L_000002a62de66010;  1 drivers
v000002a62dddbd60_0 .net "b", 0 0, L_000002a62de66830;  1 drivers
v000002a62ddd9880_0 .net "cin", 0 0, L_000002a62de65c50;  1 drivers
v000002a62ddd9b00_0 .net "cout", 0 0, L_000002a62dee2020;  1 drivers
v000002a62dddb180_0 .net "sum", 0 0, L_000002a62dee1e60;  1 drivers
S_000002a62dded920 .scope generate, "fa_gen[14]" "fa_gen[14]" 9 17, 9 17 0, S_000002a62ddeb200;
 .timescale 0 0;
P_000002a62dd43560 .param/l "i" 0 9 17, +C4<01110>;
S_000002a62ddedab0 .scope module, "fa" "full_adder" 9 18, 9 33 0, S_000002a62dded920;
 .timescale 0 0;
    .port_info 0 /INPUT 1 "a";
    .port_info 1 /INPUT 1 "b";
    .port_info 2 /INPUT 1 "cin";
    .port_info 3 /OUTPUT 1 "sum";
    .port_info 4 /OUTPUT 1 "cout";
L_000002a62dee2950 .functor XOR 1, L_000002a62de66fb0, L_000002a62de666f0, C4<0>, C4<0>;
L_000002a62dee29c0 .functor XOR 1, L_000002a62dee2950, L_000002a62de668d0, C4<0>, C4<0>;
L_000002a62dee2a30 .functor AND 1, L_000002a62de66fb0, L_000002a62de666f0, C4<1>, C4<1>;
L_000002a62dee1220 .functor XOR 1, L_000002a62de66fb0, L_000002a62de666f0, C4<0>, C4<0>;
L_000002a62dee2aa0 .functor AND 1, L_000002a62de668d0, L_000002a62dee1220, C4<1>, C4<1>;
L_000002a62dee1290 .functor OR 1, L_000002a62dee2a30, L_000002a62dee2aa0, C4<0>, C4<0>;
v000002a62ddd9920_0 .net *"_ivl_0", 0 0, L_000002a62dee2950;  1 drivers
v000002a62ddd9ba0_0 .net *"_ivl_4", 0 0, L_000002a62dee2a30;  1 drivers
v000002a62ddd9c40_0 .net *"_ivl_6", 0 0, L_000002a62dee1220;  1 drivers
v000002a62ddda140_0 .net *"_ivl_8", 0 0, L_000002a62dee2aa0;  1 drivers
v000002a62dddc440_0 .net "a", 0 0, L_000002a62de66fb0;  1 drivers
v000002a62dddcbc0_0 .net "b", 0 0, L_000002a62de666f0;  1 drivers
v000002a62dddd8e0_0 .net "cin", 0 0, L_000002a62de668d0;  1 drivers
v000002a62dddd980_0 .net "cout", 0 0, L_000002a62dee1290;  1 drivers
v000002a62dddbea0_0 .net "sum", 0 0, L_000002a62dee29c0;  1 drivers
S_000002a62ddee410 .scope generate, "fa_gen[15]" "fa_gen[15]" 9 17, 9 17 0, S_000002a62ddeb200;
 .timescale 0 0;
P_000002a62dd436a0 .param/l "i" 0 9 17, +C4<01111>;
S_000002a62dded790 .scope module, "fa" "full_adder" 9 18, 9 33 0, S_000002a62ddee410;
 .timescale 0 0;
    .port_info 0 /INPUT 1 "a";
    .port_info 1 /INPUT 1 "b";
    .port_info 2 /INPUT 1 "cin";
    .port_info 3 /OUTPUT 1 "sum";
    .port_info 4 /OUTPUT 1 "cout";
L_000002a62dee1450 .functor XOR 1, L_000002a62de65390, L_000002a62de65430, C4<0>, C4<0>;
L_000002a62dee1300 .functor XOR 1, L_000002a62dee1450, L_000002a62de64c10, C4<0>, C4<0>;
L_000002a62dee1370 .functor AND 1, L_000002a62de65390, L_000002a62de65430, C4<1>, C4<1>;
L_000002a62dee3ec0 .functor XOR 1, L_000002a62de65390, L_000002a62de65430, C4<0>, C4<0>;
L_000002a62dee4470 .functor AND 1, L_000002a62de64c10, L_000002a62dee3ec0, C4<1>, C4<1>;
L_000002a62dee3e50 .functor OR 1, L_000002a62dee1370, L_000002a62dee4470, C4<0>, C4<0>;
v000002a62ddddac0_0 .net *"_ivl_0", 0 0, L_000002a62dee1450;  1 drivers
v000002a62ddddb60_0 .net *"_ivl_4", 0 0, L_000002a62dee1370;  1 drivers
v000002a62ddde380_0 .net *"_ivl_6", 0 0, L_000002a62dee3ec0;  1 drivers
v000002a62ddde4c0_0 .net *"_ivl_8", 0 0, L_000002a62dee4470;  1 drivers
v000002a62dddd200_0 .net "a", 0 0, L_000002a62de65390;  1 drivers
v000002a62dddc9e0_0 .net "b", 0 0, L_000002a62de65430;  1 drivers
v000002a62dddc760_0 .net "cin", 0 0, L_000002a62de64c10;  1 drivers
v000002a62dddd3e0_0 .net "cout", 0 0, L_000002a62dee3e50;  1 drivers
v000002a62dddd2a0_0 .net "sum", 0 0, L_000002a62dee1300;  1 drivers
S_000002a62ddee0f0 .scope generate, "fa_gen[16]" "fa_gen[16]" 9 17, 9 17 0, S_000002a62ddeb200;
 .timescale 0 0;
P_000002a62dd43720 .param/l "i" 0 9 17, +C4<010000>;
S_000002a62ddeddd0 .scope module, "fa" "full_adder" 9 18, 9 33 0, S_000002a62ddee0f0;
 .timescale 0 0;
    .port_info 0 /INPUT 1 "a";
    .port_info 1 /INPUT 1 "b";
    .port_info 2 /INPUT 1 "cin";
    .port_info 3 /OUTPUT 1 "sum";
    .port_info 4 /OUTPUT 1 "cout";
L_000002a62dee3360 .functor XOR 1, L_000002a62de663d0, L_000002a62de66c90, C4<0>, C4<0>;
L_000002a62dee3f30 .functor XOR 1, L_000002a62dee3360, L_000002a62de65750, C4<0>, C4<0>;
L_000002a62dee2cd0 .functor AND 1, L_000002a62de663d0, L_000002a62de66c90, C4<1>, C4<1>;
L_000002a62dee3ad0 .functor XOR 1, L_000002a62de663d0, L_000002a62de66c90, C4<0>, C4<0>;
L_000002a62dee4710 .functor AND 1, L_000002a62de65750, L_000002a62dee3ad0, C4<1>, C4<1>;
L_000002a62dee3fa0 .functor OR 1, L_000002a62dee2cd0, L_000002a62dee4710, C4<0>, C4<0>;
v000002a62dddda20_0 .net *"_ivl_0", 0 0, L_000002a62dee3360;  1 drivers
v000002a62dddc620_0 .net *"_ivl_4", 0 0, L_000002a62dee2cd0;  1 drivers
v000002a62dddca80_0 .net *"_ivl_6", 0 0, L_000002a62dee3ad0;  1 drivers
v000002a62dddcb20_0 .net *"_ivl_8", 0 0, L_000002a62dee4710;  1 drivers
v000002a62dddc800_0 .net "a", 0 0, L_000002a62de663d0;  1 drivers
v000002a62ddddc00_0 .net "b", 0 0, L_000002a62de66c90;  1 drivers
v000002a62ddddca0_0 .net "cin", 0 0, L_000002a62de65750;  1 drivers
v000002a62ddddf20_0 .net "cout", 0 0, L_000002a62dee3fa0;  1 drivers
v000002a62ddddd40_0 .net "sum", 0 0, L_000002a62dee3f30;  1 drivers
S_000002a62ddef090 .scope generate, "fa_gen[17]" "fa_gen[17]" 9 17, 9 17 0, S_000002a62ddeb200;
 .timescale 0 0;
P_000002a62dd43760 .param/l "i" 0 9 17, +C4<010001>;
S_000002a62ddeef00 .scope module, "fa" "full_adder" 9 18, 9 33 0, S_000002a62ddef090;
 .timescale 0 0;
    .port_info 0 /INPUT 1 "a";
    .port_info 1 /INPUT 1 "b";
    .port_info 2 /INPUT 1 "cin";
    .port_info 3 /OUTPUT 1 "sum";
    .port_info 4 /OUTPUT 1 "cout";
L_000002a62dee3b40 .functor XOR 1, L_000002a62de657f0, L_000002a62de65930, C4<0>, C4<0>;
L_000002a62dee3050 .functor XOR 1, L_000002a62dee3b40, L_000002a62de67050, C4<0>, C4<0>;
L_000002a62dee3c90 .functor AND 1, L_000002a62de657f0, L_000002a62de65930, C4<1>, C4<1>;
L_000002a62dee46a0 .functor XOR 1, L_000002a62de657f0, L_000002a62de65930, C4<0>, C4<0>;
L_000002a62dee33d0 .functor AND 1, L_000002a62de67050, L_000002a62dee46a0, C4<1>, C4<1>;
L_000002a62dee37c0 .functor OR 1, L_000002a62dee3c90, L_000002a62dee33d0, C4<0>, C4<0>;
v000002a62dddcda0_0 .net *"_ivl_0", 0 0, L_000002a62dee3b40;  1 drivers
v000002a62dddcee0_0 .net *"_ivl_4", 0 0, L_000002a62dee3c90;  1 drivers
v000002a62dddde80_0 .net *"_ivl_6", 0 0, L_000002a62dee46a0;  1 drivers
v000002a62dddc8a0_0 .net *"_ivl_8", 0 0, L_000002a62dee33d0;  1 drivers
v000002a62dddd520_0 .net "a", 0 0, L_000002a62de657f0;  1 drivers
v000002a62ddde560_0 .net "b", 0 0, L_000002a62de65930;  1 drivers
v000002a62ddddde0_0 .net "cin", 0 0, L_000002a62de67050;  1 drivers
v000002a62dddd7a0_0 .net "cout", 0 0, L_000002a62dee37c0;  1 drivers
v000002a62dddce40_0 .net "sum", 0 0, L_000002a62dee3050;  1 drivers
S_000002a62ddee730 .scope generate, "fa_gen[18]" "fa_gen[18]" 9 17, 9 17 0, S_000002a62ddeb200;
 .timescale 0 0;
P_000002a62dd437a0 .param/l "i" 0 9 17, +C4<010010>;
S_000002a62ddee280 .scope module, "fa" "full_adder" 9 18, 9 33 0, S_000002a62ddee730;
 .timescale 0 0;
    .port_info 0 /INPUT 1 "a";
    .port_info 1 /INPUT 1 "b";
    .port_info 2 /INPUT 1 "cin";
    .port_info 3 /OUTPUT 1 "sum";
    .port_info 4 /OUTPUT 1 "cout";
L_000002a62dee42b0 .functor XOR 1, L_000002a62de66d30, L_000002a62de64e90, C4<0>, C4<0>;
L_000002a62dee3600 .functor XOR 1, L_000002a62dee42b0, L_000002a62de66470, C4<0>, C4<0>;
L_000002a62dee3d00 .functor AND 1, L_000002a62de66d30, L_000002a62de64e90, C4<1>, C4<1>;
L_000002a62dee4400 .functor XOR 1, L_000002a62de66d30, L_000002a62de64e90, C4<0>, C4<0>;
L_000002a62dee3440 .functor AND 1, L_000002a62de66470, L_000002a62dee4400, C4<1>, C4<1>;
L_000002a62dee3590 .functor OR 1, L_000002a62dee3d00, L_000002a62dee3440, C4<0>, C4<0>;
v000002a62dddcf80_0 .net *"_ivl_0", 0 0, L_000002a62dee42b0;  1 drivers
v000002a62dddd020_0 .net *"_ivl_4", 0 0, L_000002a62dee3d00;  1 drivers
v000002a62dddcc60_0 .net *"_ivl_6", 0 0, L_000002a62dee4400;  1 drivers
v000002a62dddd840_0 .net *"_ivl_8", 0 0, L_000002a62dee3440;  1 drivers
v000002a62dddd5c0_0 .net "a", 0 0, L_000002a62de66d30;  1 drivers
v000002a62dddd700_0 .net "b", 0 0, L_000002a62de64e90;  1 drivers
v000002a62ddde100_0 .net "cin", 0 0, L_000002a62de66470;  1 drivers
v000002a62dddcd00_0 .net "cout", 0 0, L_000002a62dee3590;  1 drivers
v000002a62ddddfc0_0 .net "sum", 0 0, L_000002a62dee3600;  1 drivers
S_000002a62ddef220 .scope generate, "fa_gen[19]" "fa_gen[19]" 9 17, 9 17 0, S_000002a62ddeb200;
 .timescale 0 0;
P_000002a62dd43820 .param/l "i" 0 9 17, +C4<010011>;
S_000002a62ddef3b0 .scope module, "fa" "full_adder" 9 18, 9 33 0, S_000002a62ddef220;
 .timescale 0 0;
    .port_info 0 /INPUT 1 "a";
    .port_info 1 /INPUT 1 "b";
    .port_info 2 /INPUT 1 "cin";
    .port_info 3 /OUTPUT 1 "sum";
    .port_info 4 /OUTPUT 1 "cout";
L_000002a62dee4080 .functor XOR 1, L_000002a62de66970, L_000002a62de65cf0, C4<0>, C4<0>;
L_000002a62dee3670 .functor XOR 1, L_000002a62dee4080, L_000002a62de65f70, C4<0>, C4<0>;
L_000002a62dee3130 .functor AND 1, L_000002a62de66970, L_000002a62de65cf0, C4<1>, C4<1>;
L_000002a62dee44e0 .functor XOR 1, L_000002a62de66970, L_000002a62de65cf0, C4<0>, C4<0>;
L_000002a62dee3de0 .functor AND 1, L_000002a62de65f70, L_000002a62dee44e0, C4<1>, C4<1>;
L_000002a62dee3980 .functor OR 1, L_000002a62dee3130, L_000002a62dee3de0, C4<0>, C4<0>;
v000002a62ddde060_0 .net *"_ivl_0", 0 0, L_000002a62dee4080;  1 drivers
v000002a62ddde1a0_0 .net *"_ivl_4", 0 0, L_000002a62dee3130;  1 drivers
v000002a62ddde240_0 .net *"_ivl_6", 0 0, L_000002a62dee44e0;  1 drivers
v000002a62ddde420_0 .net *"_ivl_8", 0 0, L_000002a62dee3de0;  1 drivers
v000002a62dddbe00_0 .net "a", 0 0, L_000002a62de66970;  1 drivers
v000002a62ddde2e0_0 .net "b", 0 0, L_000002a62de65cf0;  1 drivers
v000002a62dddc940_0 .net "cin", 0 0, L_000002a62de65f70;  1 drivers
v000002a62dddd0c0_0 .net "cout", 0 0, L_000002a62dee3980;  1 drivers
v000002a62dddd160_0 .net "sum", 0 0, L_000002a62dee3670;  1 drivers
S_000002a62ddee5a0 .scope generate, "fa_gen[20]" "fa_gen[20]" 9 17, 9 17 0, S_000002a62ddeb200;
 .timescale 0 0;
P_000002a62dd43860 .param/l "i" 0 9 17, +C4<010100>;
S_000002a62ddee8c0 .scope module, "fa" "full_adder" 9 18, 9 33 0, S_000002a62ddee5a0;
 .timescale 0 0;
    .port_info 0 /INPUT 1 "a";
    .port_info 1 /INPUT 1 "b";
    .port_info 2 /INPUT 1 "cin";
    .port_info 3 /OUTPUT 1 "sum";
    .port_info 4 /OUTPUT 1 "cout";
L_000002a62dee3750 .functor XOR 1, L_000002a62de64b70, L_000002a62de66510, C4<0>, C4<0>;
L_000002a62dee3c20 .functor XOR 1, L_000002a62dee3750, L_000002a62de660b0, C4<0>, C4<0>;
L_000002a62dee3830 .functor AND 1, L_000002a62de64b70, L_000002a62de66510, C4<1>, C4<1>;
L_000002a62dee4160 .functor XOR 1, L_000002a62de64b70, L_000002a62de66510, C4<0>, C4<0>;
L_000002a62dee4780 .functor AND 1, L_000002a62de660b0, L_000002a62dee4160, C4<1>, C4<1>;
L_000002a62dee40f0 .functor OR 1, L_000002a62dee3830, L_000002a62dee4780, C4<0>, C4<0>;
v000002a62dddc4e0_0 .net *"_ivl_0", 0 0, L_000002a62dee3750;  1 drivers
v000002a62dddd660_0 .net *"_ivl_4", 0 0, L_000002a62dee3830;  1 drivers
v000002a62dddc300_0 .net *"_ivl_6", 0 0, L_000002a62dee4160;  1 drivers
v000002a62dddbf40_0 .net *"_ivl_8", 0 0, L_000002a62dee4780;  1 drivers
v000002a62dddbfe0_0 .net "a", 0 0, L_000002a62de64b70;  1 drivers
v000002a62dddc080_0 .net "b", 0 0, L_000002a62de66510;  1 drivers
v000002a62dddd340_0 .net "cin", 0 0, L_000002a62de660b0;  1 drivers
v000002a62dddc580_0 .net "cout", 0 0, L_000002a62dee40f0;  1 drivers
v000002a62dddc6c0_0 .net "sum", 0 0, L_000002a62dee3c20;  1 drivers
S_000002a62ddeea50 .scope generate, "fa_gen[21]" "fa_gen[21]" 9 17, 9 17 0, S_000002a62ddeb200;
 .timescale 0 0;
P_000002a62dd446e0 .param/l "i" 0 9 17, +C4<010101>;
S_000002a62ddeebe0 .scope module, "fa" "full_adder" 9 18, 9 33 0, S_000002a62ddeea50;
 .timescale 0 0;
    .port_info 0 /INPUT 1 "a";
    .port_info 1 /INPUT 1 "b";
    .port_info 2 /INPUT 1 "cin";
    .port_info 3 /OUTPUT 1 "sum";
    .port_info 4 /OUTPUT 1 "cout";
L_000002a62dee3910 .functor XOR 1, L_000002a62de661f0, L_000002a62de65d90, C4<0>, C4<0>;
L_000002a62dee4320 .functor XOR 1, L_000002a62dee3910, L_000002a62de659d0, C4<0>, C4<0>;
L_000002a62dee41d0 .functor AND 1, L_000002a62de661f0, L_000002a62de65d90, C4<1>, C4<1>;
L_000002a62dee2d40 .functor XOR 1, L_000002a62de661f0, L_000002a62de65d90, C4<0>, C4<0>;
L_000002a62dee47f0 .functor AND 1, L_000002a62de659d0, L_000002a62dee2d40, C4<1>, C4<1>;
L_000002a62dee39f0 .functor OR 1, L_000002a62dee41d0, L_000002a62dee47f0, C4<0>, C4<0>;
v000002a62dddc120_0 .net *"_ivl_0", 0 0, L_000002a62dee3910;  1 drivers
v000002a62dddd480_0 .net *"_ivl_4", 0 0, L_000002a62dee41d0;  1 drivers
v000002a62dddc1c0_0 .net *"_ivl_6", 0 0, L_000002a62dee2d40;  1 drivers
v000002a62dddc260_0 .net *"_ivl_8", 0 0, L_000002a62dee47f0;  1 drivers
v000002a62dddc3a0_0 .net "a", 0 0, L_000002a62de661f0;  1 drivers
v000002a62dde02c0_0 .net "b", 0 0, L_000002a62de65d90;  1 drivers
v000002a62dde0900_0 .net "cin", 0 0, L_000002a62de659d0;  1 drivers
v000002a62dde0cc0_0 .net "cout", 0 0, L_000002a62dee39f0;  1 drivers
v000002a62dde0220_0 .net "sum", 0 0, L_000002a62dee4320;  1 drivers
S_000002a62dded600 .scope generate, "fa_gen[22]" "fa_gen[22]" 9 17, 9 17 0, S_000002a62ddeb200;
 .timescale 0 0;
P_000002a62dd44220 .param/l "i" 0 9 17, +C4<010110>;
S_000002a62de02190 .scope module, "fa" "full_adder" 9 18, 9 33 0, S_000002a62dded600;
 .timescale 0 0;
    .port_info 0 /INPUT 1 "a";
    .port_info 1 /INPUT 1 "b";
    .port_info 2 /INPUT 1 "cin";
    .port_info 3 /OUTPUT 1 "sum";
    .port_info 4 /OUTPUT 1 "cout";
L_000002a62dee36e0 .functor XOR 1, L_000002a62de654d0, L_000002a62de65610, C4<0>, C4<0>;
L_000002a62dee4240 .functor XOR 1, L_000002a62dee36e0, L_000002a62de64cb0, C4<0>, C4<0>;
L_000002a62dee3a60 .functor AND 1, L_000002a62de654d0, L_000002a62de65610, C4<1>, C4<1>;
L_000002a62dee4390 .functor XOR 1, L_000002a62de654d0, L_000002a62de65610, C4<0>, C4<0>;
L_000002a62dee3210 .functor AND 1, L_000002a62de64cb0, L_000002a62dee4390, C4<1>, C4<1>;
L_000002a62dee3bb0 .functor OR 1, L_000002a62dee3a60, L_000002a62dee3210, C4<0>, C4<0>;
v000002a62dde07c0_0 .net *"_ivl_0", 0 0, L_000002a62dee36e0;  1 drivers
v000002a62dde0180_0 .net *"_ivl_4", 0 0, L_000002a62dee3a60;  1 drivers
v000002a62dde0b80_0 .net *"_ivl_6", 0 0, L_000002a62dee4390;  1 drivers
v000002a62dddf8c0_0 .net *"_ivl_8", 0 0, L_000002a62dee3210;  1 drivers
v000002a62ddde740_0 .net "a", 0 0, L_000002a62de654d0;  1 drivers
v000002a62dddf780_0 .net "b", 0 0, L_000002a62de65610;  1 drivers
v000002a62dddf0a0_0 .net "cin", 0 0, L_000002a62de64cb0;  1 drivers
v000002a62dde0360_0 .net "cout", 0 0, L_000002a62dee3bb0;  1 drivers
v000002a62dde04a0_0 .net "sum", 0 0, L_000002a62dee4240;  1 drivers
S_000002a62de02960 .scope generate, "fa_gen[23]" "fa_gen[23]" 9 17, 9 17 0, S_000002a62ddeb200;
 .timescale 0 0;
P_000002a62dd44760 .param/l "i" 0 9 17, +C4<010111>;
S_000002a62de01510 .scope module, "fa" "full_adder" 9 18, 9 33 0, S_000002a62de02960;
 .timescale 0 0;
    .port_info 0 /INPUT 1 "a";
    .port_info 1 /INPUT 1 "b";
    .port_info 2 /INPUT 1 "cin";
    .port_info 3 /OUTPUT 1 "sum";
    .port_info 4 /OUTPUT 1 "cout";
L_000002a62dee34b0 .functor XOR 1, L_000002a62de665b0, L_000002a62de66dd0, C4<0>, C4<0>;
L_000002a62dee4010 .functor XOR 1, L_000002a62dee34b0, L_000002a62de65a70, C4<0>, C4<0>;
L_000002a62dee2db0 .functor AND 1, L_000002a62de665b0, L_000002a62de66dd0, C4<1>, C4<1>;
L_000002a62dee3d70 .functor XOR 1, L_000002a62de665b0, L_000002a62de66dd0, C4<0>, C4<0>;
L_000002a62dee2c60 .functor AND 1, L_000002a62de65a70, L_000002a62dee3d70, C4<1>, C4<1>;
L_000002a62dee4550 .functor OR 1, L_000002a62dee2db0, L_000002a62dee2c60, C4<0>, C4<0>;
v000002a62dde0c20_0 .net *"_ivl_0", 0 0, L_000002a62dee34b0;  1 drivers
v000002a62dde0400_0 .net *"_ivl_4", 0 0, L_000002a62dee2db0;  1 drivers
v000002a62ddde6a0_0 .net *"_ivl_6", 0 0, L_000002a62dee3d70;  1 drivers
v000002a62dddf640_0 .net *"_ivl_8", 0 0, L_000002a62dee2c60;  1 drivers
v000002a62dde0a40_0 .net "a", 0 0, L_000002a62de665b0;  1 drivers
v000002a62dddfa00_0 .net "b", 0 0, L_000002a62de66dd0;  1 drivers
v000002a62dddfdc0_0 .net "cin", 0 0, L_000002a62de65a70;  1 drivers
v000002a62dddf960_0 .net "cout", 0 0, L_000002a62dee4550;  1 drivers
v000002a62ddde7e0_0 .net "sum", 0 0, L_000002a62dee4010;  1 drivers
S_000002a62de01b50 .scope generate, "fa_gen[24]" "fa_gen[24]" 9 17, 9 17 0, S_000002a62ddeb200;
 .timescale 0 0;
P_000002a62dd44620 .param/l "i" 0 9 17, +C4<011000>;
S_000002a62de01ce0 .scope module, "fa" "full_adder" 9 18, 9 33 0, S_000002a62de01b50;
 .timescale 0 0;
    .port_info 0 /INPUT 1 "a";
    .port_info 1 /INPUT 1 "b";
    .port_info 2 /INPUT 1 "cin";
    .port_info 3 /OUTPUT 1 "sum";
    .port_info 4 /OUTPUT 1 "cout";
L_000002a62dee45c0 .functor XOR 1, L_000002a62de65e30, L_000002a62de65ed0, C4<0>, C4<0>;
L_000002a62dee30c0 .functor XOR 1, L_000002a62dee45c0, L_000002a62de64d50, C4<0>, C4<0>;
L_000002a62dee4630 .functor AND 1, L_000002a62de65e30, L_000002a62de65ed0, C4<1>, C4<1>;
L_000002a62dee2e20 .functor XOR 1, L_000002a62de65e30, L_000002a62de65ed0, C4<0>, C4<0>;
L_000002a62dee3520 .functor AND 1, L_000002a62de64d50, L_000002a62dee2e20, C4<1>, C4<1>;
L_000002a62dee38a0 .functor OR 1, L_000002a62dee4630, L_000002a62dee3520, C4<0>, C4<0>;
v000002a62ddded80_0 .net *"_ivl_0", 0 0, L_000002a62dee45c0;  1 drivers
v000002a62dddf6e0_0 .net *"_ivl_4", 0 0, L_000002a62dee4630;  1 drivers
v000002a62dde0040_0 .net *"_ivl_6", 0 0, L_000002a62dee2e20;  1 drivers
v000002a62dddff00_0 .net *"_ivl_8", 0 0, L_000002a62dee3520;  1 drivers
v000002a62dde0540_0 .net "a", 0 0, L_000002a62de65e30;  1 drivers
v000002a62dde05e0_0 .net "b", 0 0, L_000002a62de65ed0;  1 drivers
v000002a62dddf820_0 .net "cin", 0 0, L_000002a62de64d50;  1 drivers
v000002a62dde0680_0 .net "cout", 0 0, L_000002a62dee38a0;  1 drivers
v000002a62dde0860_0 .net "sum", 0 0, L_000002a62dee30c0;  1 drivers
S_000002a62de019c0 .scope generate, "fa_gen[25]" "fa_gen[25]" 9 17, 9 17 0, S_000002a62ddeb200;
 .timescale 0 0;
P_000002a62dd45060 .param/l "i" 0 9 17, +C4<011001>;
S_000002a62de01060 .scope module, "fa" "full_adder" 9 18, 9 33 0, S_000002a62de019c0;
 .timescale 0 0;
    .port_info 0 /INPUT 1 "a";
    .port_info 1 /INPUT 1 "b";
    .port_info 2 /INPUT 1 "cin";
    .port_info 3 /OUTPUT 1 "sum";
    .port_info 4 /OUTPUT 1 "cout";
L_000002a62dee2e90 .functor XOR 1, L_000002a62de66e70, L_000002a62de64f30, C4<0>, C4<0>;
L_000002a62dee2f00 .functor XOR 1, L_000002a62dee2e90, L_000002a62de66a10, C4<0>, C4<0>;
L_000002a62dee2f70 .functor AND 1, L_000002a62de66e70, L_000002a62de64f30, C4<1>, C4<1>;
L_000002a62dee2fe0 .functor XOR 1, L_000002a62de66e70, L_000002a62de64f30, C4<0>, C4<0>;
L_000002a62dee31a0 .functor AND 1, L_000002a62de66a10, L_000002a62dee2fe0, C4<1>, C4<1>;
L_000002a62dee3280 .functor OR 1, L_000002a62dee2f70, L_000002a62dee31a0, C4<0>, C4<0>;
v000002a62dde0720_0 .net *"_ivl_0", 0 0, L_000002a62dee2e90;  1 drivers
v000002a62ddde880_0 .net *"_ivl_4", 0 0, L_000002a62dee2f70;  1 drivers
v000002a62dddffa0_0 .net *"_ivl_6", 0 0, L_000002a62dee2fe0;  1 drivers
v000002a62dddee20_0 .net *"_ivl_8", 0 0, L_000002a62dee31a0;  1 drivers
v000002a62dddfd20_0 .net "a", 0 0, L_000002a62de66e70;  1 drivers
v000002a62dde09a0_0 .net "b", 0 0, L_000002a62de64f30;  1 drivers
v000002a62dddeec0_0 .net "cin", 0 0, L_000002a62de66a10;  1 drivers
v000002a62dde0ae0_0 .net "cout", 0 0, L_000002a62dee3280;  1 drivers
v000002a62dddf1e0_0 .net "sum", 0 0, L_000002a62dee2f00;  1 drivers
S_000002a62de02000 .scope generate, "fa_gen[26]" "fa_gen[26]" 9 17, 9 17 0, S_000002a62ddeb200;
 .timescale 0 0;
P_000002a62dd444a0 .param/l "i" 0 9 17, +C4<011010>;
S_000002a62de02c80 .scope module, "fa" "full_adder" 9 18, 9 33 0, S_000002a62de02000;
 .timescale 0 0;
    .port_info 0 /INPUT 1 "a";
    .port_info 1 /INPUT 1 "b";
    .port_info 2 /INPUT 1 "cin";
    .port_info 3 /OUTPUT 1 "sum";
    .port_info 4 /OUTPUT 1 "cout";
L_000002a62dee32f0 .functor XOR 1, L_000002a62de66ab0, L_000002a62de66b50, C4<0>, C4<0>;
L_000002a62dee4d30 .functor XOR 1, L_000002a62dee32f0, L_000002a62de66bf0, C4<0>, C4<0>;
L_000002a62dee4b00 .functor AND 1, L_000002a62de66ab0, L_000002a62de66b50, C4<1>, C4<1>;
L_000002a62dee5580 .functor XOR 1, L_000002a62de66ab0, L_000002a62de66b50, C4<0>, C4<0>;
L_000002a62dee5200 .functor AND 1, L_000002a62de66bf0, L_000002a62dee5580, C4<1>, C4<1>;
L_000002a62dee4f60 .functor OR 1, L_000002a62dee4b00, L_000002a62dee5200, C4<0>, C4<0>;
v000002a62dddfaa0_0 .net *"_ivl_0", 0 0, L_000002a62dee32f0;  1 drivers
v000002a62dde0d60_0 .net *"_ivl_4", 0 0, L_000002a62dee4b00;  1 drivers
v000002a62ddde600_0 .net *"_ivl_6", 0 0, L_000002a62dee5580;  1 drivers
v000002a62ddde920_0 .net *"_ivl_8", 0 0, L_000002a62dee5200;  1 drivers
v000002a62dddfbe0_0 .net "a", 0 0, L_000002a62de66ab0;  1 drivers
v000002a62ddde9c0_0 .net "b", 0 0, L_000002a62de66b50;  1 drivers
v000002a62dddfb40_0 .net "cin", 0 0, L_000002a62de66bf0;  1 drivers
v000002a62dddfc80_0 .net "cout", 0 0, L_000002a62dee4f60;  1 drivers
v000002a62dddea60_0 .net "sum", 0 0, L_000002a62dee4d30;  1 drivers
S_000002a62de01380 .scope generate, "fa_gen[27]" "fa_gen[27]" 9 17, 9 17 0, S_000002a62ddeb200;
 .timescale 0 0;
P_000002a62dd44ca0 .param/l "i" 0 9 17, +C4<011011>;
S_000002a62de01e70 .scope module, "fa" "full_adder" 9 18, 9 33 0, S_000002a62de01380;
 .timescale 0 0;
    .port_info 0 /INPUT 1 "a";
    .port_info 1 /INPUT 1 "b";
    .port_info 2 /INPUT 1 "cin";
    .port_info 3 /OUTPUT 1 "sum";
    .port_info 4 /OUTPUT 1 "cout";
L_000002a62dee4e10 .functor XOR 1, L_000002a62de64df0, L_000002a62de66f10, C4<0>, C4<0>;
L_000002a62dee50b0 .functor XOR 1, L_000002a62dee4e10, L_000002a62de65070, C4<0>, C4<0>;
L_000002a62dee4e80 .functor AND 1, L_000002a62de64df0, L_000002a62de66f10, C4<1>, C4<1>;
L_000002a62dee53c0 .functor XOR 1, L_000002a62de64df0, L_000002a62de66f10, C4<0>, C4<0>;
L_000002a62dee5740 .functor AND 1, L_000002a62de65070, L_000002a62dee53c0, C4<1>, C4<1>;
L_000002a62dee5350 .functor OR 1, L_000002a62dee4e80, L_000002a62dee5740, C4<0>, C4<0>;
v000002a62dddf320_0 .net *"_ivl_0", 0 0, L_000002a62dee4e10;  1 drivers
v000002a62dddfe60_0 .net *"_ivl_4", 0 0, L_000002a62dee4e80;  1 drivers
v000002a62dde00e0_0 .net *"_ivl_6", 0 0, L_000002a62dee53c0;  1 drivers
v000002a62dddeb00_0 .net *"_ivl_8", 0 0, L_000002a62dee5740;  1 drivers
v000002a62dddeba0_0 .net "a", 0 0, L_000002a62de64df0;  1 drivers
v000002a62dddf500_0 .net "b", 0 0, L_000002a62de66f10;  1 drivers
v000002a62dddec40_0 .net "cin", 0 0, L_000002a62de65070;  1 drivers
v000002a62dddece0_0 .net "cout", 0 0, L_000002a62dee5350;  1 drivers
v000002a62dddf280_0 .net "sum", 0 0, L_000002a62dee50b0;  1 drivers
S_000002a62de02320 .scope generate, "fa_gen[28]" "fa_gen[28]" 9 17, 9 17 0, S_000002a62ddeb200;
 .timescale 0 0;
P_000002a62dd441a0 .param/l "i" 0 9 17, +C4<011100>;
S_000002a62de024b0 .scope module, "fa" "full_adder" 9 18, 9 33 0, S_000002a62de02320;
 .timescale 0 0;
    .port_info 0 /INPUT 1 "a";
    .port_info 1 /INPUT 1 "b";
    .port_info 2 /INPUT 1 "cin";
    .port_info 3 /OUTPUT 1 "sum";
    .port_info 4 /OUTPUT 1 "cout";
L_000002a62dee4ef0 .functor XOR 1, L_000002a62de65110, L_000002a62de656b0, C4<0>, C4<0>;
L_000002a62dee54a0 .functor XOR 1, L_000002a62dee4ef0, L_000002a62de651b0, C4<0>, C4<0>;
L_000002a62dee5430 .functor AND 1, L_000002a62de65110, L_000002a62de656b0, C4<1>, C4<1>;
L_000002a62dee48d0 .functor XOR 1, L_000002a62de65110, L_000002a62de656b0, C4<0>, C4<0>;
L_000002a62dee4860 .functor AND 1, L_000002a62de651b0, L_000002a62dee48d0, C4<1>, C4<1>;
L_000002a62dee5040 .functor OR 1, L_000002a62dee5430, L_000002a62dee4860, C4<0>, C4<0>;
v000002a62dddef60_0 .net *"_ivl_0", 0 0, L_000002a62dee4ef0;  1 drivers
v000002a62dddf5a0_0 .net *"_ivl_4", 0 0, L_000002a62dee5430;  1 drivers
v000002a62dddf000_0 .net *"_ivl_6", 0 0, L_000002a62dee48d0;  1 drivers
v000002a62dddf140_0 .net *"_ivl_8", 0 0, L_000002a62dee4860;  1 drivers
v000002a62dddf3c0_0 .net "a", 0 0, L_000002a62de65110;  1 drivers
v000002a62dddf460_0 .net "b", 0 0, L_000002a62de656b0;  1 drivers
v000002a62de0b2a0_0 .net "cin", 0 0, L_000002a62de651b0;  1 drivers
v000002a62de0b340_0 .net "cout", 0 0, L_000002a62dee5040;  1 drivers
v000002a62de0ab20_0 .net "sum", 0 0, L_000002a62dee54a0;  1 drivers
S_000002a62de016a0 .scope generate, "fa_gen[29]" "fa_gen[29]" 9 17, 9 17 0, S_000002a62ddeb200;
 .timescale 0 0;
P_000002a62dd44260 .param/l "i" 0 9 17, +C4<011101>;
S_000002a62de01830 .scope module, "fa" "full_adder" 9 18, 9 33 0, S_000002a62de016a0;
 .timescale 0 0;
    .port_info 0 /INPUT 1 "a";
    .port_info 1 /INPUT 1 "b";
    .port_info 2 /INPUT 1 "cin";
    .port_info 3 /OUTPUT 1 "sum";
    .port_info 4 /OUTPUT 1 "cout";
L_000002a62dee5120 .functor XOR 1, L_000002a62de65250, L_000002a62de652f0, C4<0>, C4<0>;
L_000002a62dee5510 .functor XOR 1, L_000002a62dee5120, L_000002a62de68bd0, C4<0>, C4<0>;
L_000002a62dee5660 .functor AND 1, L_000002a62de65250, L_000002a62de652f0, C4<1>, C4<1>;
L_000002a62dee55f0 .functor XOR 1, L_000002a62de65250, L_000002a62de652f0, C4<0>, C4<0>;
L_000002a62dee56d0 .functor AND 1, L_000002a62de68bd0, L_000002a62dee55f0, C4<1>, C4<1>;
L_000002a62dee4fd0 .functor OR 1, L_000002a62dee5660, L_000002a62dee56d0, C4<0>, C4<0>;
v000002a62de0b7a0_0 .net *"_ivl_0", 0 0, L_000002a62dee5120;  1 drivers
v000002a62de0b700_0 .net *"_ivl_4", 0 0, L_000002a62dee5660;  1 drivers
v000002a62de0c2e0_0 .net *"_ivl_6", 0 0, L_000002a62dee55f0;  1 drivers
v000002a62de0c9c0_0 .net *"_ivl_8", 0 0, L_000002a62dee56d0;  1 drivers
v000002a62de0aee0_0 .net "a", 0 0, L_000002a62de65250;  1 drivers
v000002a62de0b660_0 .net "b", 0 0, L_000002a62de652f0;  1 drivers
v000002a62de0a8a0_0 .net "cin", 0 0, L_000002a62de68bd0;  1 drivers
v000002a62de0af80_0 .net "cout", 0 0, L_000002a62dee4fd0;  1 drivers
v000002a62de0b3e0_0 .net "sum", 0 0, L_000002a62dee5510;  1 drivers
S_000002a62de02af0 .scope generate, "fa_gen[30]" "fa_gen[30]" 9 17, 9 17 0, S_000002a62ddeb200;
 .timescale 0 0;
P_000002a62dd44de0 .param/l "i" 0 9 17, +C4<011110>;
S_000002a62de02640 .scope module, "fa" "full_adder" 9 18, 9 33 0, S_000002a62de02af0;
 .timescale 0 0;
    .port_info 0 /INPUT 1 "a";
    .port_info 1 /INPUT 1 "b";
    .port_info 2 /INPUT 1 "cin";
    .port_info 3 /OUTPUT 1 "sum";
    .port_info 4 /OUTPUT 1 "cout";
L_000002a62dee5190 .functor XOR 1, L_000002a62de68130, L_000002a62de68090, C4<0>, C4<0>;
L_000002a62dee5270 .functor XOR 1, L_000002a62dee5190, L_000002a62de68310, C4<0>, C4<0>;
L_000002a62dee52e0 .functor AND 1, L_000002a62de68130, L_000002a62de68090, C4<1>, C4<1>;
L_000002a62dee4940 .functor XOR 1, L_000002a62de68130, L_000002a62de68090, C4<0>, C4<0>;
L_000002a62dee49b0 .functor AND 1, L_000002a62de68310, L_000002a62dee4940, C4<1>, C4<1>;
L_000002a62dee4a20 .functor OR 1, L_000002a62dee52e0, L_000002a62dee49b0, C4<0>, C4<0>;
v000002a62de0c380_0 .net *"_ivl_0", 0 0, L_000002a62dee5190;  1 drivers
v000002a62de0c1a0_0 .net *"_ivl_4", 0 0, L_000002a62dee52e0;  1 drivers
v000002a62de0bfc0_0 .net *"_ivl_6", 0 0, L_000002a62dee4940;  1 drivers
v000002a62de0b8e0_0 .net *"_ivl_8", 0 0, L_000002a62dee49b0;  1 drivers
v000002a62de0ce20_0 .net "a", 0 0, L_000002a62de68130;  1 drivers
v000002a62de0cec0_0 .net "b", 0 0, L_000002a62de68090;  1 drivers
v000002a62de0c240_0 .net "cin", 0 0, L_000002a62de68310;  1 drivers
v000002a62de0bca0_0 .net "cout", 0 0, L_000002a62dee4a20;  1 drivers
v000002a62de0aa80_0 .net "sum", 0 0, L_000002a62dee5270;  1 drivers
S_000002a62de027d0 .scope generate, "fa_gen[31]" "fa_gen[31]" 9 17, 9 17 0, S_000002a62ddeb200;
 .timescale 0 0;
P_000002a62dd444e0 .param/l "i" 0 9 17, +C4<011111>;
S_000002a62de02e10 .scope module, "fa" "full_adder" 9 18, 9 33 0, S_000002a62de027d0;
 .timescale 0 0;
    .port_info 0 /INPUT 1 "a";
    .port_info 1 /INPUT 1 "b";
    .port_info 2 /INPUT 1 "cin";
    .port_info 3 /OUTPUT 1 "sum";
    .port_info 4 /OUTPUT 1 "cout";
L_000002a62dee4da0 .functor XOR 1, L_000002a62de68ef0, L_000002a62de67d70, C4<0>, C4<0>;
L_000002a62dee4a90 .functor XOR 1, L_000002a62dee4da0, L_000002a62de68e50, C4<0>, C4<0>;
L_000002a62dee4b70 .functor AND 1, L_000002a62de68ef0, L_000002a62de67d70, C4<1>, C4<1>;
L_000002a62dee4be0 .functor XOR 1, L_000002a62de68ef0, L_000002a62de67d70, C4<0>, C4<0>;
L_000002a62dee4c50 .functor AND 1, L_000002a62de68e50, L_000002a62dee4be0, C4<1>, C4<1>;
L_000002a62dee4cc0 .functor OR 1, L_000002a62dee4b70, L_000002a62dee4c50, C4<0>, C4<0>;
v000002a62de0c420_0 .net *"_ivl_0", 0 0, L_000002a62dee4da0;  1 drivers
v000002a62de0b0c0_0 .net *"_ivl_4", 0 0, L_000002a62dee4b70;  1 drivers
v000002a62de0c4c0_0 .net *"_ivl_6", 0 0, L_000002a62dee4be0;  1 drivers
v000002a62de0b160_0 .net *"_ivl_8", 0 0, L_000002a62dee4c50;  1 drivers
v000002a62de0c880_0 .net "a", 0 0, L_000002a62de68ef0;  1 drivers
v000002a62de0c060_0 .net "b", 0 0, L_000002a62de67d70;  1 drivers
v000002a62de0b5c0_0 .net "cin", 0 0, L_000002a62de68e50;  1 drivers
v000002a62de0a940_0 .net "cout", 0 0, L_000002a62dee4cc0;  1 drivers
v000002a62de0b200_0 .net "sum", 0 0, L_000002a62dee4a90;  1 drivers
S_000002a62de011f0 .scope module, "rca_neg" "ripple_carry_adder" 6 60, 9 3 0, S_000002a62d9a3d60;
 .timescale 0 0;
    .port_info 0 /INPUT 32 "A";
    .port_info 1 /INPUT 32 "B";
    .port_info 2 /INPUT 1 "Cin";
    .port_info 3 /OUTPUT 32 "Sum";
    .port_info 4 /OUTPUT 1 "Cout";
    .port_info 5 /OUTPUT 1 "Overflow";
L_000002a62de6ce60 .functor BUFT 1, C4<1>, C4<0>, C4<0>, C4<0>;
L_000002a62deeede0 .functor BUFZ 1, L_000002a62de6ce60, C4<0>, C4<0>, C4<0>;
L_000002a62deeebb0 .functor XOR 1, L_000002a62de4eb90, L_000002a62de4ecd0, C4<0>, C4<0>;
L_000002a62de6ce18 .functor BUFT 1, C4<00000000000000000000000000000000>, C4<0>, C4<0>, C4<0>;
v000002a62de07240_0 .net "A", 31 0, L_000002a62de6ce18;  1 drivers
v000002a62de07380_0 .net "B", 31 0, L_000002a62deeea60;  1 drivers
v000002a62de07b00_0 .net "Cin", 0 0, L_000002a62de6ce60;  1 drivers
v000002a62de05d00_0 .net "Cout", 0 0, L_000002a62de4ff90;  alias, 1 drivers
v000002a62de05da0_0 .net "Overflow", 0 0, L_000002a62deeebb0;  1 drivers
v000002a62de07ba0_0 .net "Sum", 31 0, L_000002a62de4e410;  alias, 1 drivers
v000002a62de07d80_0 .net *"_ivl_229", 0 0, L_000002a62deeede0;  1 drivers
v000002a62de058a0_0 .net *"_ivl_233", 0 0, L_000002a62de4eb90;  1 drivers
v000002a62de07ec0_0 .net *"_ivl_235", 0 0, L_000002a62de4ecd0;  1 drivers
v000002a62de07e20_0 .net "carry", 32 0, L_000002a62de4f770;  1 drivers
L_000002a62de69fd0 .part L_000002a62de6ce18, 0, 1;
L_000002a62de4df10 .part L_000002a62deeea60, 0, 1;
L_000002a62de4c390 .part L_000002a62de4f770, 0, 1;
L_000002a62de4dbf0 .part L_000002a62de6ce18, 1, 1;
L_000002a62de4be90 .part L_000002a62deeea60, 1, 1;
L_000002a62de4c6b0 .part L_000002a62de4f770, 1, 1;
L_000002a62de4c750 .part L_000002a62de6ce18, 2, 1;
L_000002a62de4ce30 .part L_000002a62deeea60, 2, 1;
L_000002a62de4cc50 .part L_000002a62de4f770, 2, 1;
L_000002a62de4c7f0 .part L_000002a62de6ce18, 3, 1;
L_000002a62de4d0b0 .part L_000002a62deeea60, 3, 1;
L_000002a62de4d150 .part L_000002a62de4f770, 3, 1;
L_000002a62de4c610 .part L_000002a62de6ce18, 4, 1;
L_000002a62de4c890 .part L_000002a62deeea60, 4, 1;
L_000002a62de4d5b0 .part L_000002a62de4f770, 4, 1;
L_000002a62de4ba30 .part L_000002a62de6ce18, 5, 1;
L_000002a62de4c930 .part L_000002a62deeea60, 5, 1;
L_000002a62de4e050 .part L_000002a62de4f770, 5, 1;
L_000002a62de4d830 .part L_000002a62de6ce18, 6, 1;
L_000002a62de4d8d0 .part L_000002a62deeea60, 6, 1;
L_000002a62de4bf30 .part L_000002a62de4f770, 6, 1;
L_000002a62de4d3d0 .part L_000002a62de6ce18, 7, 1;
L_000002a62de4d970 .part L_000002a62deeea60, 7, 1;
L_000002a62de4d470 .part L_000002a62de4f770, 7, 1;
L_000002a62de4dd30 .part L_000002a62de6ce18, 8, 1;
L_000002a62de4ced0 .part L_000002a62deeea60, 8, 1;
L_000002a62de4d6f0 .part L_000002a62de4f770, 8, 1;
L_000002a62de4c070 .part L_000002a62de6ce18, 9, 1;
L_000002a62de4c9d0 .part L_000002a62deeea60, 9, 1;
L_000002a62de4dc90 .part L_000002a62de4f770, 9, 1;
L_000002a62de4ddd0 .part L_000002a62de6ce18, 10, 1;
L_000002a62de4ca70 .part L_000002a62deeea60, 10, 1;
L_000002a62de4c2f0 .part L_000002a62de4f770, 10, 1;
L_000002a62de4bfd0 .part L_000002a62de6ce18, 11, 1;
L_000002a62de4d1f0 .part L_000002a62deeea60, 11, 1;
L_000002a62de4cb10 .part L_000002a62de4f770, 11, 1;
L_000002a62de4d330 .part L_000002a62de6ce18, 12, 1;
L_000002a62de4cbb0 .part L_000002a62deeea60, 12, 1;
L_000002a62de4ccf0 .part L_000002a62de4f770, 12, 1;
L_000002a62de4cd90 .part L_000002a62de6ce18, 13, 1;
L_000002a62de4d290 .part L_000002a62deeea60, 13, 1;
L_000002a62de4d650 .part L_000002a62de4f770, 13, 1;
L_000002a62de4cf70 .part L_000002a62de6ce18, 14, 1;
L_000002a62de4d010 .part L_000002a62deeea60, 14, 1;
L_000002a62de4d510 .part L_000002a62de4f770, 14, 1;
L_000002a62de4de70 .part L_000002a62de6ce18, 15, 1;
L_000002a62de4bb70 .part L_000002a62deeea60, 15, 1;
L_000002a62de4d790 .part L_000002a62de4f770, 15, 1;
L_000002a62de4da10 .part L_000002a62de6ce18, 16, 1;
L_000002a62de4dab0 .part L_000002a62deeea60, 16, 1;
L_000002a62de4c110 .part L_000002a62de4f770, 16, 1;
L_000002a62de4db50 .part L_000002a62de6ce18, 17, 1;
L_000002a62de4dfb0 .part L_000002a62deeea60, 17, 1;
L_000002a62de4e0f0 .part L_000002a62de4f770, 17, 1;
L_000002a62de4b990 .part L_000002a62de6ce18, 18, 1;
L_000002a62de4bad0 .part L_000002a62deeea60, 18, 1;
L_000002a62de4bc10 .part L_000002a62de4f770, 18, 1;
L_000002a62de4bcb0 .part L_000002a62de6ce18, 19, 1;
L_000002a62de4bd50 .part L_000002a62deeea60, 19, 1;
L_000002a62de4bdf0 .part L_000002a62de4f770, 19, 1;
L_000002a62de4c1b0 .part L_000002a62de6ce18, 20, 1;
L_000002a62de4c250 .part L_000002a62deeea60, 20, 1;
L_000002a62de4c430 .part L_000002a62de4f770, 20, 1;
L_000002a62de4c4d0 .part L_000002a62de6ce18, 21, 1;
L_000002a62de4c570 .part L_000002a62deeea60, 21, 1;
L_000002a62de50710 .part L_000002a62de4f770, 21, 1;
L_000002a62de4f950 .part L_000002a62de6ce18, 22, 1;
L_000002a62de4eeb0 .part L_000002a62deeea60, 22, 1;
L_000002a62de4e190 .part L_000002a62de4f770, 22, 1;
L_000002a62de4f270 .part L_000002a62de6ce18, 23, 1;
L_000002a62de4f810 .part L_000002a62deeea60, 23, 1;
L_000002a62de50210 .part L_000002a62de4f770, 23, 1;
L_000002a62de4ec30 .part L_000002a62de6ce18, 24, 1;
L_000002a62de4f6d0 .part L_000002a62deeea60, 24, 1;
L_000002a62de4f450 .part L_000002a62de4f770, 24, 1;
L_000002a62de50530 .part L_000002a62de6ce18, 25, 1;
L_000002a62de50170 .part L_000002a62deeea60, 25, 1;
L_000002a62de4f590 .part L_000002a62de4f770, 25, 1;
L_000002a62de4e9b0 .part L_000002a62de6ce18, 26, 1;
L_000002a62de4fe50 .part L_000002a62deeea60, 26, 1;
L_000002a62de4ed70 .part L_000002a62de4f770, 26, 1;
L_000002a62de4e7d0 .part L_000002a62de6ce18, 27, 1;
L_000002a62de4f130 .part L_000002a62deeea60, 27, 1;
L_000002a62de50850 .part L_000002a62de4f770, 27, 1;
L_000002a62de4f9f0 .part L_000002a62de6ce18, 28, 1;
L_000002a62de4f3b0 .part L_000002a62deeea60, 28, 1;
L_000002a62de4fd10 .part L_000002a62de4f770, 28, 1;
L_000002a62de4fdb0 .part L_000002a62de6ce18, 29, 1;
L_000002a62de4f090 .part L_000002a62deeea60, 29, 1;
L_000002a62de4eff0 .part L_000002a62de4f770, 29, 1;
L_000002a62de502b0 .part L_000002a62de6ce18, 30, 1;
L_000002a62de4f630 .part L_000002a62deeea60, 30, 1;
L_000002a62de4e370 .part L_000002a62de4f770, 30, 1;
L_000002a62de4fef0 .part L_000002a62de6ce18, 31, 1;
L_000002a62de4ee10 .part L_000002a62deeea60, 31, 1;
L_000002a62de4fa90 .part L_000002a62de4f770, 31, 1;
LS_000002a62de4e410_0_0 .concat8 [ 1 1 1 1], L_000002a62dee93c0, L_000002a62dee9eb0, L_000002a62dee94a0, L_000002a62dee9d60;
LS_000002a62de4e410_0_4 .concat8 [ 1 1 1 1], L_000002a62dee97b0, L_000002a62dee9dd0, L_000002a62deea150, L_000002a62deea2a0;
LS_000002a62de4e410_0_8 .concat8 [ 1 1 1 1], L_000002a62deea700, L_000002a62deea8c0, L_000002a62deeba40, L_000002a62deeb570;
LS_000002a62de4e410_0_12 .concat8 [ 1 1 1 1], L_000002a62deec0d0, L_000002a62deec4c0, L_000002a62deec140, L_000002a62deeb3b0;
LS_000002a62de4e410_0_16 .concat8 [ 1 1 1 1], L_000002a62deeb9d0, L_000002a62deebdc0, L_000002a62deebce0, L_000002a62deead20;
LS_000002a62de4e410_0_20 .concat8 [ 1 1 1 1], L_000002a62deeb110, L_000002a62deed2c0, L_000002a62deec8b0, L_000002a62deecf40;
LS_000002a62de4e410_0_24 .concat8 [ 1 1 1 1], L_000002a62deed330, L_000002a62deed410, L_000002a62deed8e0, L_000002a62deed090;
LS_000002a62de4e410_0_28 .concat8 [ 1 1 1 1], L_000002a62deec990, L_000002a62deeda30, L_000002a62deee130, L_000002a62deec7d0;
LS_000002a62de4e410_1_0 .concat8 [ 4 4 4 4], LS_000002a62de4e410_0_0, LS_000002a62de4e410_0_4, LS_000002a62de4e410_0_8, LS_000002a62de4e410_0_12;
LS_000002a62de4e410_1_4 .concat8 [ 4 4 4 4], LS_000002a62de4e410_0_16, LS_000002a62de4e410_0_20, LS_000002a62de4e410_0_24, LS_000002a62de4e410_0_28;
L_000002a62de4e410 .concat8 [ 16 16 0 0], LS_000002a62de4e410_1_0, LS_000002a62de4e410_1_4;
LS_000002a62de4f770_0_0 .concat8 [ 1 1 1 1], L_000002a62deeede0, L_000002a62deea3f0, L_000002a62dee9820, L_000002a62deeaa10;
LS_000002a62de4f770_0_4 .concat8 [ 1 1 1 1], L_000002a62dee95f0, L_000002a62dee9970, L_000002a62dee9120, L_000002a62deea230;
LS_000002a62de4f770_0_8 .concat8 [ 1 1 1 1], L_000002a62deea380, L_000002a62dee9200, L_000002a62dee9350, L_000002a62deeafc0;
LS_000002a62de4f770_0_12 .concat8 [ 1 1 1 1], L_000002a62deec290, L_000002a62deeb6c0, L_000002a62deebff0, L_000002a62deeacb0;
LS_000002a62de4f770_0_16 .concat8 [ 1 1 1 1], L_000002a62deec680, L_000002a62deeaf50, L_000002a62deebc70, L_000002a62deec5a0;
LS_000002a62de4f770_0_20 .concat8 [ 1 1 1 1], L_000002a62deeae70, L_000002a62deece60, L_000002a62deedfe0, L_000002a62deecca0;
LS_000002a62de4f770_0_24 .concat8 [ 1 1 1 1], L_000002a62deecb50, L_000002a62deed870, L_000002a62deed720, L_000002a62deed1e0;
LS_000002a62de4f770_0_28 .concat8 [ 1 1 1 1], L_000002a62deedbf0, L_000002a62deedf00, L_000002a62deedf70, L_000002a62deee280;
LS_000002a62de4f770_0_32 .concat8 [ 1 0 0 0], L_000002a62deee910;
LS_000002a62de4f770_1_0 .concat8 [ 4 4 4 4], LS_000002a62de4f770_0_0, LS_000002a62de4f770_0_4, LS_000002a62de4f770_0_8, LS_000002a62de4f770_0_12;
LS_000002a62de4f770_1_4 .concat8 [ 4 4 4 4], LS_000002a62de4f770_0_16, LS_000002a62de4f770_0_20, LS_000002a62de4f770_0_24, LS_000002a62de4f770_0_28;
LS_000002a62de4f770_1_8 .concat8 [ 1 0 0 0], LS_000002a62de4f770_0_32;
L_000002a62de4f770 .concat8 [ 16 16 1 0], LS_000002a62de4f770_1_0, LS_000002a62de4f770_1_4, LS_000002a62de4f770_1_8;
L_000002a62de4ff90 .part L_000002a62de4f770, 32, 1;
L_000002a62de4eb90 .part L_000002a62de4f770, 31, 1;
L_000002a62de4ecd0 .part L_000002a62de4f770, 32, 1;
S_000002a62de13530 .scope generate, "fa_gen[0]" "fa_gen[0]" 9 17, 9 17 0, S_000002a62de011f0;
 .timescale 0 0;
P_000002a62dd44420 .param/l "i" 0 9 17, +C4<00>;
S_000002a62de14b10 .scope module, "fa" "full_adder" 9 18, 9 33 0, S_000002a62de13530;
 .timescale 0 0;
    .port_info 0 /INPUT 1 "a";
    .port_info 1 /INPUT 1 "b";
    .port_info 2 /INPUT 1 "cin";
    .port_info 3 /OUTPUT 1 "sum";
    .port_info 4 /OUTPUT 1 "cout";
L_000002a62dee8ef0 .functor XOR 1, L_000002a62de69fd0, L_000002a62de4df10, C4<0>, C4<0>;
L_000002a62dee93c0 .functor XOR 1, L_000002a62dee8ef0, L_000002a62de4c390, C4<0>, C4<0>;
L_000002a62dee9f90 .functor AND 1, L_000002a62de69fd0, L_000002a62de4df10, C4<1>, C4<1>;
L_000002a62dee9660 .functor XOR 1, L_000002a62de69fd0, L_000002a62de4df10, C4<0>, C4<0>;
L_000002a62dee9c10 .functor AND 1, L_000002a62de4c390, L_000002a62dee9660, C4<1>, C4<1>;
L_000002a62deea3f0 .functor OR 1, L_000002a62dee9f90, L_000002a62dee9c10, C4<0>, C4<0>;
v000002a62de0c6a0_0 .net *"_ivl_0", 0 0, L_000002a62dee8ef0;  1 drivers
v000002a62de0abc0_0 .net *"_ivl_4", 0 0, L_000002a62dee9f90;  1 drivers
v000002a62de0ca60_0 .net *"_ivl_6", 0 0, L_000002a62dee9660;  1 drivers
v000002a62de0ad00_0 .net *"_ivl_8", 0 0, L_000002a62dee9c10;  1 drivers
v000002a62de0cba0_0 .net "a", 0 0, L_000002a62de69fd0;  1 drivers
v000002a62de0bb60_0 .net "b", 0 0, L_000002a62de4df10;  1 drivers
v000002a62de0bc00_0 .net "cin", 0 0, L_000002a62de4c390;  1 drivers
v000002a62de0b480_0 .net "cout", 0 0, L_000002a62deea3f0;  1 drivers
v000002a62de0ba20_0 .net "sum", 0 0, L_000002a62dee93c0;  1 drivers
S_000002a62de13d00 .scope generate, "fa_gen[1]" "fa_gen[1]" 9 17, 9 17 0, S_000002a62de011f0;
 .timescale 0 0;
P_000002a62dd44aa0 .param/l "i" 0 9 17, +C4<01>;
S_000002a62de13b70 .scope module, "fa" "full_adder" 9 18, 9 33 0, S_000002a62de13d00;
 .timescale 0 0;
    .port_info 0 /INPUT 1 "a";
    .port_info 1 /INPUT 1 "b";
    .port_info 2 /INPUT 1 "cin";
    .port_info 3 /OUTPUT 1 "sum";
    .port_info 4 /OUTPUT 1 "cout";
L_000002a62dee9cf0 .functor XOR 1, L_000002a62de4dbf0, L_000002a62de4be90, C4<0>, C4<0>;
L_000002a62dee9eb0 .functor XOR 1, L_000002a62dee9cf0, L_000002a62de4c6b0, C4<0>, C4<0>;
L_000002a62deea7e0 .functor AND 1, L_000002a62de4dbf0, L_000002a62de4be90, C4<1>, C4<1>;
L_000002a62dee9040 .functor XOR 1, L_000002a62de4dbf0, L_000002a62de4be90, C4<0>, C4<0>;
L_000002a62deea930 .functor AND 1, L_000002a62de4c6b0, L_000002a62dee9040, C4<1>, C4<1>;
L_000002a62dee9820 .functor OR 1, L_000002a62deea7e0, L_000002a62deea930, C4<0>, C4<0>;
v000002a62de0b520_0 .net *"_ivl_0", 0 0, L_000002a62dee9cf0;  1 drivers
v000002a62de0bac0_0 .net *"_ivl_4", 0 0, L_000002a62deea7e0;  1 drivers
v000002a62de0be80_0 .net *"_ivl_6", 0 0, L_000002a62dee9040;  1 drivers
v000002a62de0d000_0 .net *"_ivl_8", 0 0, L_000002a62deea930;  1 drivers
v000002a62de0bf20_0 .net "a", 0 0, L_000002a62de4dbf0;  1 drivers
v000002a62de0c100_0 .net "b", 0 0, L_000002a62de4be90;  1 drivers
v000002a62de0cce0_0 .net "cin", 0 0, L_000002a62de4c6b0;  1 drivers
v000002a62de0ac60_0 .net "cout", 0 0, L_000002a62dee9820;  1 drivers
v000002a62de0c740_0 .net "sum", 0 0, L_000002a62dee9eb0;  1 drivers
S_000002a62de136c0 .scope generate, "fa_gen[2]" "fa_gen[2]" 9 17, 9 17 0, S_000002a62de011f0;
 .timescale 0 0;
P_000002a62dd44160 .param/l "i" 0 9 17, +C4<010>;
S_000002a62de14e30 .scope module, "fa" "full_adder" 9 18, 9 33 0, S_000002a62de136c0;
 .timescale 0 0;
    .port_info 0 /INPUT 1 "a";
    .port_info 1 /INPUT 1 "b";
    .port_info 2 /INPUT 1 "cin";
    .port_info 3 /OUTPUT 1 "sum";
    .port_info 4 /OUTPUT 1 "cout";
L_000002a62deea9a0 .functor XOR 1, L_000002a62de4c750, L_000002a62de4ce30, C4<0>, C4<0>;
L_000002a62dee94a0 .functor XOR 1, L_000002a62deea9a0, L_000002a62de4cc50, C4<0>, C4<0>;
L_000002a62deea000 .functor AND 1, L_000002a62de4c750, L_000002a62de4ce30, C4<1>, C4<1>;
L_000002a62dee9510 .functor XOR 1, L_000002a62de4c750, L_000002a62de4ce30, C4<0>, C4<0>;
L_000002a62dee96d0 .functor AND 1, L_000002a62de4cc50, L_000002a62dee9510, C4<1>, C4<1>;
L_000002a62deeaa10 .functor OR 1, L_000002a62deea000, L_000002a62dee96d0, C4<0>, C4<0>;
v000002a62de0cc40_0 .net *"_ivl_0", 0 0, L_000002a62deea9a0;  1 drivers
v000002a62de0cd80_0 .net *"_ivl_4", 0 0, L_000002a62deea000;  1 drivers
v000002a62de0cf60_0 .net *"_ivl_6", 0 0, L_000002a62dee9510;  1 drivers
v000002a62de0ada0_0 .net *"_ivl_8", 0 0, L_000002a62dee96d0;  1 drivers
v000002a62de0a9e0_0 .net "a", 0 0, L_000002a62de4c750;  1 drivers
v000002a62de0ae40_0 .net "b", 0 0, L_000002a62de4ce30;  1 drivers
v000002a62de0d500_0 .net "cin", 0 0, L_000002a62de4cc50;  1 drivers
v000002a62de0f620_0 .net "cout", 0 0, L_000002a62deeaa10;  1 drivers
v000002a62de0e9a0_0 .net "sum", 0 0, L_000002a62dee94a0;  1 drivers
S_000002a62de139e0 .scope generate, "fa_gen[3]" "fa_gen[3]" 9 17, 9 17 0, S_000002a62de011f0;
 .timescale 0 0;
P_000002a62dd44c60 .param/l "i" 0 9 17, +C4<011>;
S_000002a62de13e90 .scope module, "fa" "full_adder" 9 18, 9 33 0, S_000002a62de139e0;
 .timescale 0 0;
    .port_info 0 /INPUT 1 "a";
    .port_info 1 /INPUT 1 "b";
    .port_info 2 /INPUT 1 "cin";
    .port_info 3 /OUTPUT 1 "sum";
    .port_info 4 /OUTPUT 1 "cout";
L_000002a62deea4d0 .functor XOR 1, L_000002a62de4c7f0, L_000002a62de4d0b0, C4<0>, C4<0>;
L_000002a62dee9d60 .functor XOR 1, L_000002a62deea4d0, L_000002a62de4d150, C4<0>, C4<0>;
L_000002a62dee9f20 .functor AND 1, L_000002a62de4c7f0, L_000002a62de4d0b0, C4<1>, C4<1>;
L_000002a62dee9270 .functor XOR 1, L_000002a62de4c7f0, L_000002a62de4d0b0, C4<0>, C4<0>;
L_000002a62dee9580 .functor AND 1, L_000002a62de4d150, L_000002a62dee9270, C4<1>, C4<1>;
L_000002a62dee95f0 .functor OR 1, L_000002a62dee9f20, L_000002a62dee9580, C4<0>, C4<0>;
v000002a62de0e7c0_0 .net *"_ivl_0", 0 0, L_000002a62deea4d0;  1 drivers
v000002a62de0dfa0_0 .net *"_ivl_4", 0 0, L_000002a62dee9f20;  1 drivers
v000002a62de0ecc0_0 .net *"_ivl_6", 0 0, L_000002a62dee9270;  1 drivers
v000002a62de0d5a0_0 .net *"_ivl_8", 0 0, L_000002a62dee9580;  1 drivers
v000002a62de0e540_0 .net "a", 0 0, L_000002a62de4c7f0;  1 drivers
v000002a62de0eea0_0 .net "b", 0 0, L_000002a62de4d0b0;  1 drivers
v000002a62de0dbe0_0 .net "cin", 0 0, L_000002a62de4d150;  1 drivers
v000002a62de0daa0_0 .net "cout", 0 0, L_000002a62dee95f0;  1 drivers
v000002a62de0db40_0 .net "sum", 0 0, L_000002a62dee9d60;  1 drivers
S_000002a62de144d0 .scope generate, "fa_gen[4]" "fa_gen[4]" 9 17, 9 17 0, S_000002a62de011f0;
 .timescale 0 0;
P_000002a62dd442e0 .param/l "i" 0 9 17, +C4<0100>;
S_000002a62de14020 .scope module, "fa" "full_adder" 9 18, 9 33 0, S_000002a62de144d0;
 .timescale 0 0;
    .port_info 0 /INPUT 1 "a";
    .port_info 1 /INPUT 1 "b";
    .port_info 2 /INPUT 1 "cin";
    .port_info 3 /OUTPUT 1 "sum";
    .port_info 4 /OUTPUT 1 "cout";
L_000002a62dee90b0 .functor XOR 1, L_000002a62de4c610, L_000002a62de4c890, C4<0>, C4<0>;
L_000002a62dee97b0 .functor XOR 1, L_000002a62dee90b0, L_000002a62de4d5b0, C4<0>, C4<0>;
L_000002a62deea070 .functor AND 1, L_000002a62de4c610, L_000002a62de4c890, C4<1>, C4<1>;
L_000002a62dee9890 .functor XOR 1, L_000002a62de4c610, L_000002a62de4c890, C4<0>, C4<0>;
L_000002a62deea460 .functor AND 1, L_000002a62de4d5b0, L_000002a62dee9890, C4<1>, C4<1>;
L_000002a62dee9970 .functor OR 1, L_000002a62deea070, L_000002a62deea460, C4<0>, C4<0>;
v000002a62de0d0a0_0 .net *"_ivl_0", 0 0, L_000002a62dee90b0;  1 drivers
v000002a62de0f760_0 .net *"_ivl_4", 0 0, L_000002a62deea070;  1 drivers
v000002a62de0f800_0 .net *"_ivl_6", 0 0, L_000002a62dee9890;  1 drivers
v000002a62de0e860_0 .net *"_ivl_8", 0 0, L_000002a62deea460;  1 drivers
v000002a62de0ea40_0 .net "a", 0 0, L_000002a62de4c610;  1 drivers
v000002a62de0dc80_0 .net "b", 0 0, L_000002a62de4c890;  1 drivers
v000002a62de0e5e0_0 .net "cin", 0 0, L_000002a62de4d5b0;  1 drivers
v000002a62de0dd20_0 .net "cout", 0 0, L_000002a62dee9970;  1 drivers
v000002a62de0eae0_0 .net "sum", 0 0, L_000002a62dee97b0;  1 drivers
S_000002a62de14660 .scope generate, "fa_gen[5]" "fa_gen[5]" 9 17, 9 17 0, S_000002a62de011f0;
 .timescale 0 0;
P_000002a62dd44ea0 .param/l "i" 0 9 17, +C4<0101>;
S_000002a62de141b0 .scope module, "fa" "full_adder" 9 18, 9 33 0, S_000002a62de14660;
 .timescale 0 0;
    .port_info 0 /INPUT 1 "a";
    .port_info 1 /INPUT 1 "b";
    .port_info 2 /INPUT 1 "cin";
    .port_info 3 /OUTPUT 1 "sum";
    .port_info 4 /OUTPUT 1 "cout";
L_000002a62dee9900 .functor XOR 1, L_000002a62de4ba30, L_000002a62de4c930, C4<0>, C4<0>;
L_000002a62dee9dd0 .functor XOR 1, L_000002a62dee9900, L_000002a62de4e050, C4<0>, C4<0>;
L_000002a62dee99e0 .functor AND 1, L_000002a62de4ba30, L_000002a62de4c930, C4<1>, C4<1>;
L_000002a62dee9a50 .functor XOR 1, L_000002a62de4ba30, L_000002a62de4c930, C4<0>, C4<0>;
L_000002a62deea0e0 .functor AND 1, L_000002a62de4e050, L_000002a62dee9a50, C4<1>, C4<1>;
L_000002a62dee9120 .functor OR 1, L_000002a62dee99e0, L_000002a62deea0e0, C4<0>, C4<0>;
v000002a62de0e680_0 .net *"_ivl_0", 0 0, L_000002a62dee9900;  1 drivers
v000002a62de0ef40_0 .net *"_ivl_4", 0 0, L_000002a62dee99e0;  1 drivers
v000002a62de0ed60_0 .net *"_ivl_6", 0 0, L_000002a62dee9a50;  1 drivers
v000002a62de0f6c0_0 .net *"_ivl_8", 0 0, L_000002a62deea0e0;  1 drivers
v000002a62de0efe0_0 .net "a", 0 0, L_000002a62de4ba30;  1 drivers
v000002a62de0d280_0 .net "b", 0 0, L_000002a62de4c930;  1 drivers
v000002a62de0de60_0 .net "cin", 0 0, L_000002a62de4e050;  1 drivers
v000002a62de0d140_0 .net "cout", 0 0, L_000002a62dee9120;  1 drivers
v000002a62de0e0e0_0 .net "sum", 0 0, L_000002a62dee9dd0;  1 drivers
S_000002a62de14980 .scope generate, "fa_gen[6]" "fa_gen[6]" 9 17, 9 17 0, S_000002a62de011f0;
 .timescale 0 0;
P_000002a62dd44ba0 .param/l "i" 0 9 17, +C4<0110>;
S_000002a62de14340 .scope module, "fa" "full_adder" 9 18, 9 33 0, S_000002a62de14980;
 .timescale 0 0;
    .port_info 0 /INPUT 1 "a";
    .port_info 1 /INPUT 1 "b";
    .port_info 2 /INPUT 1 "cin";
    .port_info 3 /OUTPUT 1 "sum";
    .port_info 4 /OUTPUT 1 "cout";
L_000002a62dee9ac0 .functor XOR 1, L_000002a62de4d830, L_000002a62de4d8d0, C4<0>, C4<0>;
L_000002a62deea150 .functor XOR 1, L_000002a62dee9ac0, L_000002a62de4bf30, C4<0>, C4<0>;
L_000002a62dee9b30 .functor AND 1, L_000002a62de4d830, L_000002a62de4d8d0, C4<1>, C4<1>;
L_000002a62deea1c0 .functor XOR 1, L_000002a62de4d830, L_000002a62de4d8d0, C4<0>, C4<0>;
L_000002a62deea540 .functor AND 1, L_000002a62de4bf30, L_000002a62deea1c0, C4<1>, C4<1>;
L_000002a62deea230 .functor OR 1, L_000002a62dee9b30, L_000002a62deea540, C4<0>, C4<0>;
v000002a62de0f080_0 .net *"_ivl_0", 0 0, L_000002a62dee9ac0;  1 drivers
v000002a62de0f120_0 .net *"_ivl_4", 0 0, L_000002a62dee9b30;  1 drivers
v000002a62de0ee00_0 .net *"_ivl_6", 0 0, L_000002a62deea1c0;  1 drivers
v000002a62de0e900_0 .net *"_ivl_8", 0 0, L_000002a62deea540;  1 drivers
v000002a62de0f1c0_0 .net "a", 0 0, L_000002a62de4d830;  1 drivers
v000002a62de0d8c0_0 .net "b", 0 0, L_000002a62de4d8d0;  1 drivers
v000002a62de0d780_0 .net "cin", 0 0, L_000002a62de4bf30;  1 drivers
v000002a62de0d960_0 .net "cout", 0 0, L_000002a62deea230;  1 drivers
v000002a62de0eb80_0 .net "sum", 0 0, L_000002a62deea150;  1 drivers
S_000002a62de147f0 .scope generate, "fa_gen[7]" "fa_gen[7]" 9 17, 9 17 0, S_000002a62de011f0;
 .timescale 0 0;
P_000002a62dd448e0 .param/l "i" 0 9 17, +C4<0111>;
S_000002a62de14ca0 .scope module, "fa" "full_adder" 9 18, 9 33 0, S_000002a62de147f0;
 .timescale 0 0;
    .port_info 0 /INPUT 1 "a";
    .port_info 1 /INPUT 1 "b";
    .port_info 2 /INPUT 1 "cin";
    .port_info 3 /OUTPUT 1 "sum";
    .port_info 4 /OUTPUT 1 "cout";
L_000002a62dee9ba0 .functor XOR 1, L_000002a62de4d3d0, L_000002a62de4d970, C4<0>, C4<0>;
L_000002a62deea2a0 .functor XOR 1, L_000002a62dee9ba0, L_000002a62de4d470, C4<0>, C4<0>;
L_000002a62deea5b0 .functor AND 1, L_000002a62de4d3d0, L_000002a62de4d970, C4<1>, C4<1>;
L_000002a62deea310 .functor XOR 1, L_000002a62de4d3d0, L_000002a62de4d970, C4<0>, C4<0>;
L_000002a62deea690 .functor AND 1, L_000002a62de4d470, L_000002a62deea310, C4<1>, C4<1>;
L_000002a62deea380 .functor OR 1, L_000002a62deea5b0, L_000002a62deea690, C4<0>, C4<0>;
v000002a62de0d6e0_0 .net *"_ivl_0", 0 0, L_000002a62dee9ba0;  1 drivers
v000002a62de0d1e0_0 .net *"_ivl_4", 0 0, L_000002a62deea5b0;  1 drivers
v000002a62de0e720_0 .net *"_ivl_6", 0 0, L_000002a62deea310;  1 drivers
v000002a62de0ddc0_0 .net *"_ivl_8", 0 0, L_000002a62deea690;  1 drivers
v000002a62de0f260_0 .net "a", 0 0, L_000002a62de4d3d0;  1 drivers
v000002a62de0f3a0_0 .net "b", 0 0, L_000002a62de4d970;  1 drivers
v000002a62de0d320_0 .net "cin", 0 0, L_000002a62de4d470;  1 drivers
v000002a62de0f440_0 .net "cout", 0 0, L_000002a62deea380;  1 drivers
v000002a62de0d3c0_0 .net "sum", 0 0, L_000002a62deea2a0;  1 drivers
S_000002a62de13080 .scope generate, "fa_gen[8]" "fa_gen[8]" 9 17, 9 17 0, S_000002a62de011f0;
 .timescale 0 0;
P_000002a62dd44e20 .param/l "i" 0 9 17, +C4<01000>;
S_000002a62de13210 .scope module, "fa" "full_adder" 9 18, 9 33 0, S_000002a62de13080;
 .timescale 0 0;
    .port_info 0 /INPUT 1 "a";
    .port_info 1 /INPUT 1 "b";
    .port_info 2 /INPUT 1 "cin";
    .port_info 3 /OUTPUT 1 "sum";
    .port_info 4 /OUTPUT 1 "cout";
L_000002a62deea620 .functor XOR 1, L_000002a62de4dd30, L_000002a62de4ced0, C4<0>, C4<0>;
L_000002a62deea700 .functor XOR 1, L_000002a62deea620, L_000002a62de4d6f0, C4<0>, C4<0>;
L_000002a62dee9190 .functor AND 1, L_000002a62de4dd30, L_000002a62de4ced0, C4<1>, C4<1>;
L_000002a62deeaa80 .functor XOR 1, L_000002a62de4dd30, L_000002a62de4ced0, C4<0>, C4<0>;
L_000002a62deea770 .functor AND 1, L_000002a62de4d6f0, L_000002a62deeaa80, C4<1>, C4<1>;
L_000002a62dee9200 .functor OR 1, L_000002a62dee9190, L_000002a62deea770, C4<0>, C4<0>;
v000002a62de0d460_0 .net *"_ivl_0", 0 0, L_000002a62deea620;  1 drivers
v000002a62de0df00_0 .net *"_ivl_4", 0 0, L_000002a62dee9190;  1 drivers
v000002a62de0f4e0_0 .net *"_ivl_6", 0 0, L_000002a62deeaa80;  1 drivers
v000002a62de0e400_0 .net *"_ivl_8", 0 0, L_000002a62deea770;  1 drivers
v000002a62de0d640_0 .net "a", 0 0, L_000002a62de4dd30;  1 drivers
v000002a62de0e180_0 .net "b", 0 0, L_000002a62de4ced0;  1 drivers
v000002a62de0ec20_0 .net "cin", 0 0, L_000002a62de4d6f0;  1 drivers
v000002a62de0f580_0 .net "cout", 0 0, L_000002a62dee9200;  1 drivers
v000002a62de0f300_0 .net "sum", 0 0, L_000002a62deea700;  1 drivers
S_000002a62de133a0 .scope generate, "fa_gen[9]" "fa_gen[9]" 9 17, 9 17 0, S_000002a62de011f0;
 .timescale 0 0;
P_000002a62dd450e0 .param/l "i" 0 9 17, +C4<01001>;
S_000002a62de13850 .scope module, "fa" "full_adder" 9 18, 9 33 0, S_000002a62de133a0;
 .timescale 0 0;
    .port_info 0 /INPUT 1 "a";
    .port_info 1 /INPUT 1 "b";
    .port_info 2 /INPUT 1 "cin";
    .port_info 3 /OUTPUT 1 "sum";
    .port_info 4 /OUTPUT 1 "cout";
L_000002a62deea850 .functor XOR 1, L_000002a62de4c070, L_000002a62de4c9d0, C4<0>, C4<0>;
L_000002a62deea8c0 .functor XOR 1, L_000002a62deea850, L_000002a62de4dc90, C4<0>, C4<0>;
L_000002a62dee8f60 .functor AND 1, L_000002a62de4c070, L_000002a62de4c9d0, C4<1>, C4<1>;
L_000002a62dee92e0 .functor XOR 1, L_000002a62de4c070, L_000002a62de4c9d0, C4<0>, C4<0>;
L_000002a62dee8fd0 .functor AND 1, L_000002a62de4dc90, L_000002a62dee92e0, C4<1>, C4<1>;
L_000002a62dee9350 .functor OR 1, L_000002a62dee8f60, L_000002a62dee8fd0, C4<0>, C4<0>;
v000002a62de0d820_0 .net *"_ivl_0", 0 0, L_000002a62deea850;  1 drivers
v000002a62de0da00_0 .net *"_ivl_4", 0 0, L_000002a62dee8f60;  1 drivers
v000002a62de0e040_0 .net *"_ivl_6", 0 0, L_000002a62dee92e0;  1 drivers
v000002a62de0e220_0 .net *"_ivl_8", 0 0, L_000002a62dee8fd0;  1 drivers
v000002a62de0e2c0_0 .net "a", 0 0, L_000002a62de4c070;  1 drivers
v000002a62de0e360_0 .net "b", 0 0, L_000002a62de4c9d0;  1 drivers
v000002a62de0e4a0_0 .net "cin", 0 0, L_000002a62de4dc90;  1 drivers
v000002a62de10fc0_0 .net "cout", 0 0, L_000002a62dee9350;  1 drivers
v000002a62de117e0_0 .net "sum", 0 0, L_000002a62deea8c0;  1 drivers
S_000002a62de16990 .scope generate, "fa_gen[10]" "fa_gen[10]" 9 17, 9 17 0, S_000002a62de011f0;
 .timescale 0 0;
P_000002a62dd44a60 .param/l "i" 0 9 17, +C4<01010>;
S_000002a62de16350 .scope module, "fa" "full_adder" 9 18, 9 33 0, S_000002a62de16990;
 .timescale 0 0;
    .port_info 0 /INPUT 1 "a";
    .port_info 1 /INPUT 1 "b";
    .port_info 2 /INPUT 1 "cin";
    .port_info 3 /OUTPUT 1 "sum";
    .port_info 4 /OUTPUT 1 "cout";
L_000002a62deeac40 .functor XOR 1, L_000002a62de4ddd0, L_000002a62de4ca70, C4<0>, C4<0>;
L_000002a62deeba40 .functor XOR 1, L_000002a62deeac40, L_000002a62de4c2f0, C4<0>, C4<0>;
L_000002a62deeb1f0 .functor AND 1, L_000002a62de4ddd0, L_000002a62de4ca70, C4<1>, C4<1>;
L_000002a62deeb650 .functor XOR 1, L_000002a62de4ddd0, L_000002a62de4ca70, C4<0>, C4<0>;
L_000002a62deeb810 .functor AND 1, L_000002a62de4c2f0, L_000002a62deeb650, C4<1>, C4<1>;
L_000002a62deeafc0 .functor OR 1, L_000002a62deeb1f0, L_000002a62deeb810, C4<0>, C4<0>;
v000002a62de0f9e0_0 .net *"_ivl_0", 0 0, L_000002a62deeac40;  1 drivers
v000002a62de10480_0 .net *"_ivl_4", 0 0, L_000002a62deeb1f0;  1 drivers
v000002a62de0f940_0 .net *"_ivl_6", 0 0, L_000002a62deeb650;  1 drivers
v000002a62de10840_0 .net *"_ivl_8", 0 0, L_000002a62deeb810;  1 drivers
v000002a62de11880_0 .net "a", 0 0, L_000002a62de4ddd0;  1 drivers
v000002a62de11920_0 .net "b", 0 0, L_000002a62de4ca70;  1 drivers
v000002a62de107a0_0 .net "cin", 0 0, L_000002a62de4c2f0;  1 drivers
v000002a62de119c0_0 .net "cout", 0 0, L_000002a62deeafc0;  1 drivers
v000002a62de114c0_0 .net "sum", 0 0, L_000002a62deeba40;  1 drivers
S_000002a62de15ea0 .scope generate, "fa_gen[11]" "fa_gen[11]" 9 17, 9 17 0, S_000002a62de011f0;
 .timescale 0 0;
P_000002a62dd445e0 .param/l "i" 0 9 17, +C4<01011>;
S_000002a62de15860 .scope module, "fa" "full_adder" 9 18, 9 33 0, S_000002a62de15ea0;
 .timescale 0 0;
    .port_info 0 /INPUT 1 "a";
    .port_info 1 /INPUT 1 "b";
    .port_info 2 /INPUT 1 "cin";
    .port_info 3 /OUTPUT 1 "sum";
    .port_info 4 /OUTPUT 1 "cout";
L_000002a62deebf80 .functor XOR 1, L_000002a62de4bfd0, L_000002a62de4d1f0, C4<0>, C4<0>;
L_000002a62deeb570 .functor XOR 1, L_000002a62deebf80, L_000002a62de4cb10, C4<0>, C4<0>;
L_000002a62deeb8f0 .functor AND 1, L_000002a62de4bfd0, L_000002a62de4d1f0, C4<1>, C4<1>;
L_000002a62deec530 .functor XOR 1, L_000002a62de4bfd0, L_000002a62de4d1f0, C4<0>, C4<0>;
L_000002a62deebb20 .functor AND 1, L_000002a62de4cb10, L_000002a62deec530, C4<1>, C4<1>;
L_000002a62deec290 .functor OR 1, L_000002a62deeb8f0, L_000002a62deebb20, C4<0>, C4<0>;
v000002a62de11ce0_0 .net *"_ivl_0", 0 0, L_000002a62deebf80;  1 drivers
v000002a62de112e0_0 .net *"_ivl_4", 0 0, L_000002a62deeb8f0;  1 drivers
v000002a62de0fc60_0 .net *"_ivl_6", 0 0, L_000002a62deec530;  1 drivers
v000002a62de108e0_0 .net *"_ivl_8", 0 0, L_000002a62deebb20;  1 drivers
v000002a62de0fa80_0 .net "a", 0 0, L_000002a62de4bfd0;  1 drivers
v000002a62de10980_0 .net "b", 0 0, L_000002a62de4d1f0;  1 drivers
v000002a62de11ec0_0 .net "cin", 0 0, L_000002a62de4cb10;  1 drivers
v000002a62de10700_0 .net "cout", 0 0, L_000002a62deec290;  1 drivers
v000002a62de11a60_0 .net "sum", 0 0, L_000002a62deeb570;  1 drivers
S_000002a62de15540 .scope generate, "fa_gen[12]" "fa_gen[12]" 9 17, 9 17 0, S_000002a62de011f0;
 .timescale 0 0;
P_000002a62dd44720 .param/l "i" 0 9 17, +C4<01100>;
S_000002a62de164e0 .scope module, "fa" "full_adder" 9 18, 9 33 0, S_000002a62de15540;
 .timescale 0 0;
    .port_info 0 /INPUT 1 "a";
    .port_info 1 /INPUT 1 "b";
    .port_info 2 /INPUT 1 "cin";
    .port_info 3 /OUTPUT 1 "sum";
    .port_info 4 /OUTPUT 1 "cout";
L_000002a62deebd50 .functor XOR 1, L_000002a62de4d330, L_000002a62de4cbb0, C4<0>, C4<0>;
L_000002a62deec0d0 .functor XOR 1, L_000002a62deebd50, L_000002a62de4ccf0, C4<0>, C4<0>;
L_000002a62deeb340 .functor AND 1, L_000002a62de4d330, L_000002a62de4cbb0, C4<1>, C4<1>;
L_000002a62deeaaf0 .functor XOR 1, L_000002a62de4d330, L_000002a62de4cbb0, C4<0>, C4<0>;
L_000002a62deebea0 .functor AND 1, L_000002a62de4ccf0, L_000002a62deeaaf0, C4<1>, C4<1>;
L_000002a62deeb6c0 .functor OR 1, L_000002a62deeb340, L_000002a62deebea0, C4<0>, C4<0>;
v000002a62de11d80_0 .net *"_ivl_0", 0 0, L_000002a62deebd50;  1 drivers
v000002a62de11060_0 .net *"_ivl_4", 0 0, L_000002a62deeb340;  1 drivers
v000002a62de11b00_0 .net *"_ivl_6", 0 0, L_000002a62deeaaf0;  1 drivers
v000002a62de10520_0 .net *"_ivl_8", 0 0, L_000002a62deebea0;  1 drivers
v000002a62de111a0_0 .net "a", 0 0, L_000002a62de4d330;  1 drivers
v000002a62de11560_0 .net "b", 0 0, L_000002a62de4cbb0;  1 drivers
v000002a62de0fda0_0 .net "cin", 0 0, L_000002a62de4ccf0;  1 drivers
v000002a62de11600_0 .net "cout", 0 0, L_000002a62deeb6c0;  1 drivers
v000002a62de11f60_0 .net "sum", 0 0, L_000002a62deec0d0;  1 drivers
S_000002a62de16030 .scope generate, "fa_gen[13]" "fa_gen[13]" 9 17, 9 17 0, S_000002a62de011f0;
 .timescale 0 0;
P_000002a62dd44660 .param/l "i" 0 9 17, +C4<01101>;
S_000002a62de161c0 .scope module, "fa" "full_adder" 9 18, 9 33 0, S_000002a62de16030;
 .timescale 0 0;
    .port_info 0 /INPUT 1 "a";
    .port_info 1 /INPUT 1 "b";
    .port_info 2 /INPUT 1 "cin";
    .port_info 3 /OUTPUT 1 "sum";
    .port_info 4 /OUTPUT 1 "cout";
L_000002a62deeb960 .functor XOR 1, L_000002a62de4cd90, L_000002a62de4d290, C4<0>, C4<0>;
L_000002a62deec4c0 .functor XOR 1, L_000002a62deeb960, L_000002a62de4d650, C4<0>, C4<0>;
L_000002a62deec610 .functor AND 1, L_000002a62de4cd90, L_000002a62de4d290, C4<1>, C4<1>;
L_000002a62deec1b0 .functor XOR 1, L_000002a62de4cd90, L_000002a62de4d290, C4<0>, C4<0>;
L_000002a62deeb5e0 .functor AND 1, L_000002a62de4d650, L_000002a62deec1b0, C4<1>, C4<1>;
L_000002a62deebff0 .functor OR 1, L_000002a62deec610, L_000002a62deeb5e0, C4<0>, C4<0>;
v000002a62de10de0_0 .net *"_ivl_0", 0 0, L_000002a62deeb960;  1 drivers
v000002a62de105c0_0 .net *"_ivl_4", 0 0, L_000002a62deec610;  1 drivers
v000002a62de11240_0 .net *"_ivl_6", 0 0, L_000002a62deec1b0;  1 drivers
v000002a62de10a20_0 .net *"_ivl_8", 0 0, L_000002a62deeb5e0;  1 drivers
v000002a62de100c0_0 .net "a", 0 0, L_000002a62de4cd90;  1 drivers
v000002a62de11100_0 .net "b", 0 0, L_000002a62de4d290;  1 drivers
v000002a62de0fb20_0 .net "cin", 0 0, L_000002a62de4d650;  1 drivers
v000002a62de11380_0 .net "cout", 0 0, L_000002a62deebff0;  1 drivers
v000002a62de0fd00_0 .net "sum", 0 0, L_000002a62deec4c0;  1 drivers
S_000002a62de15090 .scope generate, "fa_gen[14]" "fa_gen[14]" 9 17, 9 17 0, S_000002a62de011f0;
 .timescale 0 0;
P_000002a62dd447a0 .param/l "i" 0 9 17, +C4<01110>;
S_000002a62de15d10 .scope module, "fa" "full_adder" 9 18, 9 33 0, S_000002a62de15090;
 .timescale 0 0;
    .port_info 0 /INPUT 1 "a";
    .port_info 1 /INPUT 1 "b";
    .port_info 2 /INPUT 1 "cin";
    .port_info 3 /OUTPUT 1 "sum";
    .port_info 4 /OUTPUT 1 "cout";
L_000002a62deeb420 .functor XOR 1, L_000002a62de4cf70, L_000002a62de4d010, C4<0>, C4<0>;
L_000002a62deec140 .functor XOR 1, L_000002a62deeb420, L_000002a62de4d510, C4<0>, C4<0>;
L_000002a62deebe30 .functor AND 1, L_000002a62de4cf70, L_000002a62de4d010, C4<1>, C4<1>;
L_000002a62deeabd0 .functor XOR 1, L_000002a62de4cf70, L_000002a62de4d010, C4<0>, C4<0>;
L_000002a62deec060 .functor AND 1, L_000002a62de4d510, L_000002a62deeabd0, C4<1>, C4<1>;
L_000002a62deeacb0 .functor OR 1, L_000002a62deebe30, L_000002a62deec060, C4<0>, C4<0>;
v000002a62de11420_0 .net *"_ivl_0", 0 0, L_000002a62deeb420;  1 drivers
v000002a62de0f8a0_0 .net *"_ivl_4", 0 0, L_000002a62deebe30;  1 drivers
v000002a62de10340_0 .net *"_ivl_6", 0 0, L_000002a62deeabd0;  1 drivers
v000002a62de10660_0 .net *"_ivl_8", 0 0, L_000002a62deec060;  1 drivers
v000002a62de0fbc0_0 .net "a", 0 0, L_000002a62de4cf70;  1 drivers
v000002a62de11e20_0 .net "b", 0 0, L_000002a62de4d010;  1 drivers
v000002a62de11ba0_0 .net "cin", 0 0, L_000002a62de4d510;  1 drivers
v000002a62de116a0_0 .net "cout", 0 0, L_000002a62deeacb0;  1 drivers
v000002a62de10c00_0 .net "sum", 0 0, L_000002a62deec140;  1 drivers
S_000002a62de16670 .scope generate, "fa_gen[15]" "fa_gen[15]" 9 17, 9 17 0, S_000002a62de011f0;
 .timescale 0 0;
P_000002a62dd44ce0 .param/l "i" 0 9 17, +C4<01111>;
S_000002a62de16800 .scope module, "fa" "full_adder" 9 18, 9 33 0, S_000002a62de16670;
 .timescale 0 0;
    .port_info 0 /INPUT 1 "a";
    .port_info 1 /INPUT 1 "b";
    .port_info 2 /INPUT 1 "cin";
    .port_info 3 /OUTPUT 1 "sum";
    .port_info 4 /OUTPUT 1 "cout";
L_000002a62deeb730 .functor XOR 1, L_000002a62de4de70, L_000002a62de4bb70, C4<0>, C4<0>;
L_000002a62deeb3b0 .functor XOR 1, L_000002a62deeb730, L_000002a62de4d790, C4<0>, C4<0>;
L_000002a62deeb500 .functor AND 1, L_000002a62de4de70, L_000002a62de4bb70, C4<1>, C4<1>;
L_000002a62deeb7a0 .functor XOR 1, L_000002a62de4de70, L_000002a62de4bb70, C4<0>, C4<0>;
L_000002a62deeb880 .functor AND 1, L_000002a62de4d790, L_000002a62deeb7a0, C4<1>, C4<1>;
L_000002a62deec680 .functor OR 1, L_000002a62deeb500, L_000002a62deeb880, C4<0>, C4<0>;
v000002a62de11c40_0 .net *"_ivl_0", 0 0, L_000002a62deeb730;  1 drivers
v000002a62de11740_0 .net *"_ivl_4", 0 0, L_000002a62deeb500;  1 drivers
v000002a62de0fe40_0 .net *"_ivl_6", 0 0, L_000002a62deeb7a0;  1 drivers
v000002a62de12000_0 .net *"_ivl_8", 0 0, L_000002a62deeb880;  1 drivers
v000002a62de10d40_0 .net "a", 0 0, L_000002a62de4de70;  1 drivers
v000002a62de10e80_0 .net "b", 0 0, L_000002a62de4bb70;  1 drivers
v000002a62de10160_0 .net "cin", 0 0, L_000002a62de4d790;  1 drivers
v000002a62de10ac0_0 .net "cout", 0 0, L_000002a62deec680;  1 drivers
v000002a62de10b60_0 .net "sum", 0 0, L_000002a62deeb3b0;  1 drivers
S_000002a62de159f0 .scope generate, "fa_gen[16]" "fa_gen[16]" 9 17, 9 17 0, S_000002a62de011f0;
 .timescale 0 0;
P_000002a62dd44d20 .param/l "i" 0 9 17, +C4<010000>;
S_000002a62de15b80 .scope module, "fa" "full_adder" 9 18, 9 33 0, S_000002a62de159f0;
 .timescale 0 0;
    .port_info 0 /INPUT 1 "a";
    .port_info 1 /INPUT 1 "b";
    .port_info 2 /INPUT 1 "cin";
    .port_info 3 /OUTPUT 1 "sum";
    .port_info 4 /OUTPUT 1 "cout";
L_000002a62deebb90 .functor XOR 1, L_000002a62de4da10, L_000002a62de4dab0, C4<0>, C4<0>;
L_000002a62deeb9d0 .functor XOR 1, L_000002a62deebb90, L_000002a62de4c110, C4<0>, C4<0>;
L_000002a62deeab60 .functor AND 1, L_000002a62de4da10, L_000002a62de4dab0, C4<1>, C4<1>;
L_000002a62deeb030 .functor XOR 1, L_000002a62de4da10, L_000002a62de4dab0, C4<0>, C4<0>;
L_000002a62deebc00 .functor AND 1, L_000002a62de4c110, L_000002a62deeb030, C4<1>, C4<1>;
L_000002a62deeaf50 .functor OR 1, L_000002a62deeab60, L_000002a62deebc00, C4<0>, C4<0>;
v000002a62de10200_0 .net *"_ivl_0", 0 0, L_000002a62deebb90;  1 drivers
v000002a62de0fee0_0 .net *"_ivl_4", 0 0, L_000002a62deeab60;  1 drivers
v000002a62de10ca0_0 .net *"_ivl_6", 0 0, L_000002a62deeb030;  1 drivers
v000002a62de0ff80_0 .net *"_ivl_8", 0 0, L_000002a62deebc00;  1 drivers
v000002a62de10020_0 .net "a", 0 0, L_000002a62de4da10;  1 drivers
v000002a62de102a0_0 .net "b", 0 0, L_000002a62de4dab0;  1 drivers
v000002a62de10f20_0 .net "cin", 0 0, L_000002a62de4c110;  1 drivers
v000002a62de103e0_0 .net "cout", 0 0, L_000002a62deeaf50;  1 drivers
v000002a62de12dc0_0 .net "sum", 0 0, L_000002a62deeb9d0;  1 drivers
S_000002a62de16b20 .scope generate, "fa_gen[17]" "fa_gen[17]" 9 17, 9 17 0, S_000002a62de011f0;
 .timescale 0 0;
P_000002a62dd447e0 .param/l "i" 0 9 17, +C4<010001>;
S_000002a62de16cb0 .scope module, "fa" "full_adder" 9 18, 9 33 0, S_000002a62de16b20;
 .timescale 0 0;
    .port_info 0 /INPUT 1 "a";
    .port_info 1 /INPUT 1 "b";
    .port_info 2 /INPUT 1 "cin";
    .port_info 3 /OUTPUT 1 "sum";
    .port_info 4 /OUTPUT 1 "cout";
L_000002a62deec220 .functor XOR 1, L_000002a62de4db50, L_000002a62de4dfb0, C4<0>, C4<0>;
L_000002a62deebdc0 .functor XOR 1, L_000002a62deec220, L_000002a62de4e0f0, C4<0>, C4<0>;
L_000002a62deebf10 .functor AND 1, L_000002a62de4db50, L_000002a62de4dfb0, C4<1>, C4<1>;
L_000002a62deebab0 .functor XOR 1, L_000002a62de4db50, L_000002a62de4dfb0, C4<0>, C4<0>;
L_000002a62deec370 .functor AND 1, L_000002a62de4e0f0, L_000002a62deebab0, C4<1>, C4<1>;
L_000002a62deebc70 .functor OR 1, L_000002a62deebf10, L_000002a62deec370, C4<0>, C4<0>;
v000002a62de12140_0 .net *"_ivl_0", 0 0, L_000002a62deec220;  1 drivers
v000002a62de12b40_0 .net *"_ivl_4", 0 0, L_000002a62deebf10;  1 drivers
v000002a62de121e0_0 .net *"_ivl_6", 0 0, L_000002a62deebab0;  1 drivers
v000002a62de12be0_0 .net *"_ivl_8", 0 0, L_000002a62deec370;  1 drivers
v000002a62de12780_0 .net "a", 0 0, L_000002a62de4db50;  1 drivers
v000002a62de12320_0 .net "b", 0 0, L_000002a62de4dfb0;  1 drivers
v000002a62de12500_0 .net "cin", 0 0, L_000002a62de4e0f0;  1 drivers
v000002a62de12d20_0 .net "cout", 0 0, L_000002a62deebc70;  1 drivers
v000002a62de128c0_0 .net "sum", 0 0, L_000002a62deebdc0;  1 drivers
S_000002a62de16e40 .scope generate, "fa_gen[18]" "fa_gen[18]" 9 17, 9 17 0, S_000002a62de011f0;
 .timescale 0 0;
P_000002a62dd44e60 .param/l "i" 0 9 17, +C4<010010>;
S_000002a62de15220 .scope module, "fa" "full_adder" 9 18, 9 33 0, S_000002a62de16e40;
 .timescale 0 0;
    .port_info 0 /INPUT 1 "a";
    .port_info 1 /INPUT 1 "b";
    .port_info 2 /INPUT 1 "cin";
    .port_info 3 /OUTPUT 1 "sum";
    .port_info 4 /OUTPUT 1 "cout";
L_000002a62deec300 .functor XOR 1, L_000002a62de4b990, L_000002a62de4bad0, C4<0>, C4<0>;
L_000002a62deebce0 .functor XOR 1, L_000002a62deec300, L_000002a62de4bc10, C4<0>, C4<0>;
L_000002a62deec3e0 .functor AND 1, L_000002a62de4b990, L_000002a62de4bad0, C4<1>, C4<1>;
L_000002a62deec450 .functor XOR 1, L_000002a62de4b990, L_000002a62de4bad0, C4<0>, C4<0>;
L_000002a62deeb490 .functor AND 1, L_000002a62de4bc10, L_000002a62deec450, C4<1>, C4<1>;
L_000002a62deec5a0 .functor OR 1, L_000002a62deec3e0, L_000002a62deeb490, C4<0>, C4<0>;
v000002a62de12820_0 .net *"_ivl_0", 0 0, L_000002a62deec300;  1 drivers
v000002a62de125a0_0 .net *"_ivl_4", 0 0, L_000002a62deec3e0;  1 drivers
v000002a62de12460_0 .net *"_ivl_6", 0 0, L_000002a62deec450;  1 drivers
v000002a62de12c80_0 .net *"_ivl_8", 0 0, L_000002a62deeb490;  1 drivers
v000002a62de12640_0 .net "a", 0 0, L_000002a62de4b990;  1 drivers
v000002a62de12e60_0 .net "b", 0 0, L_000002a62de4bad0;  1 drivers
v000002a62de12960_0 .net "cin", 0 0, L_000002a62de4bc10;  1 drivers
v000002a62de12aa0_0 .net "cout", 0 0, L_000002a62deec5a0;  1 drivers
v000002a62de126e0_0 .net "sum", 0 0, L_000002a62deebce0;  1 drivers
S_000002a62de153b0 .scope generate, "fa_gen[19]" "fa_gen[19]" 9 17, 9 17 0, S_000002a62de011f0;
 .timescale 0 0;
P_000002a62dd448a0 .param/l "i" 0 9 17, +C4<010011>;
S_000002a62de156d0 .scope module, "fa" "full_adder" 9 18, 9 33 0, S_000002a62de153b0;
 .timescale 0 0;
    .port_info 0 /INPUT 1 "a";
    .port_info 1 /INPUT 1 "b";
    .port_info 2 /INPUT 1 "cin";
    .port_info 3 /OUTPUT 1 "sum";
    .port_info 4 /OUTPUT 1 "cout";
L_000002a62deeb180 .functor XOR 1, L_000002a62de4bcb0, L_000002a62de4bd50, C4<0>, C4<0>;
L_000002a62deead20 .functor XOR 1, L_000002a62deeb180, L_000002a62de4bdf0, C4<0>, C4<0>;
L_000002a62deeb0a0 .functor AND 1, L_000002a62de4bcb0, L_000002a62de4bd50, C4<1>, C4<1>;
L_000002a62deead90 .functor XOR 1, L_000002a62de4bcb0, L_000002a62de4bd50, C4<0>, C4<0>;
L_000002a62deeae00 .functor AND 1, L_000002a62de4bdf0, L_000002a62deead90, C4<1>, C4<1>;
L_000002a62deeae70 .functor OR 1, L_000002a62deeb0a0, L_000002a62deeae00, C4<0>, C4<0>;
v000002a62de12280_0 .net *"_ivl_0", 0 0, L_000002a62deeb180;  1 drivers
v000002a62de123c0_0 .net *"_ivl_4", 0 0, L_000002a62deeb0a0;  1 drivers
v000002a62de12a00_0 .net *"_ivl_6", 0 0, L_000002a62deead90;  1 drivers
v000002a62de12f00_0 .net *"_ivl_8", 0 0, L_000002a62deeae00;  1 drivers
v000002a62de120a0_0 .net "a", 0 0, L_000002a62de4bcb0;  1 drivers
v000002a62de04fe0_0 .net "b", 0 0, L_000002a62de4bd50;  1 drivers
v000002a62de047c0_0 .net "cin", 0 0, L_000002a62de4bdf0;  1 drivers
v000002a62de04400_0 .net "cout", 0 0, L_000002a62deeae70;  1 drivers
v000002a62de051c0_0 .net "sum", 0 0, L_000002a62deead20;  1 drivers
S_000002a62de18cc0 .scope generate, "fa_gen[20]" "fa_gen[20]" 9 17, 9 17 0, S_000002a62de011f0;
 .timescale 0 0;
P_000002a62dd45120 .param/l "i" 0 9 17, +C4<010100>;
S_000002a62de18680 .scope module, "fa" "full_adder" 9 18, 9 33 0, S_000002a62de18cc0;
 .timescale 0 0;
    .port_info 0 /INPUT 1 "a";
    .port_info 1 /INPUT 1 "b";
    .port_info 2 /INPUT 1 "cin";
    .port_info 3 /OUTPUT 1 "sum";
    .port_info 4 /OUTPUT 1 "cout";
L_000002a62deeaee0 .functor XOR 1, L_000002a62de4c1b0, L_000002a62de4c250, C4<0>, C4<0>;
L_000002a62deeb110 .functor XOR 1, L_000002a62deeaee0, L_000002a62de4c430, C4<0>, C4<0>;
L_000002a62deeb260 .functor AND 1, L_000002a62de4c1b0, L_000002a62de4c250, C4<1>, C4<1>;
L_000002a62deeb2d0 .functor XOR 1, L_000002a62de4c1b0, L_000002a62de4c250, C4<0>, C4<0>;
L_000002a62deed790 .functor AND 1, L_000002a62de4c430, L_000002a62deeb2d0, C4<1>, C4<1>;
L_000002a62deece60 .functor OR 1, L_000002a62deeb260, L_000002a62deed790, C4<0>, C4<0>;
v000002a62de05760_0 .net *"_ivl_0", 0 0, L_000002a62deeaee0;  1 drivers
v000002a62de03a00_0 .net *"_ivl_4", 0 0, L_000002a62deeb260;  1 drivers
v000002a62de03aa0_0 .net *"_ivl_6", 0 0, L_000002a62deeb2d0;  1 drivers
v000002a62de04540_0 .net *"_ivl_8", 0 0, L_000002a62deed790;  1 drivers
v000002a62de045e0_0 .net "a", 0 0, L_000002a62de4c1b0;  1 drivers
v000002a62de04c20_0 .net "b", 0 0, L_000002a62de4c250;  1 drivers
v000002a62de05260_0 .net "cin", 0 0, L_000002a62de4c430;  1 drivers
v000002a62de03320_0 .net "cout", 0 0, L_000002a62deece60;  1 drivers
v000002a62de03b40_0 .net "sum", 0 0, L_000002a62deeb110;  1 drivers
S_000002a62de181d0 .scope generate, "fa_gen[21]" "fa_gen[21]" 9 17, 9 17 0, S_000002a62de011f0;
 .timescale 0 0;
P_000002a62dd44ee0 .param/l "i" 0 9 17, +C4<010101>;
S_000002a62de18810 .scope module, "fa" "full_adder" 9 18, 9 33 0, S_000002a62de181d0;
 .timescale 0 0;
    .port_info 0 /INPUT 1 "a";
    .port_info 1 /INPUT 1 "b";
    .port_info 2 /INPUT 1 "cin";
    .port_info 3 /OUTPUT 1 "sum";
    .port_info 4 /OUTPUT 1 "cout";
L_000002a62deed3a0 .functor XOR 1, L_000002a62de4c4d0, L_000002a62de4c570, C4<0>, C4<0>;
L_000002a62deed2c0 .functor XOR 1, L_000002a62deed3a0, L_000002a62de50710, C4<0>, C4<0>;
L_000002a62deeddb0 .functor AND 1, L_000002a62de4c4d0, L_000002a62de4c570, C4<1>, C4<1>;
L_000002a62deecfb0 .functor XOR 1, L_000002a62de4c4d0, L_000002a62de4c570, C4<0>, C4<0>;
L_000002a62deed6b0 .functor AND 1, L_000002a62de50710, L_000002a62deecfb0, C4<1>, C4<1>;
L_000002a62deedfe0 .functor OR 1, L_000002a62deeddb0, L_000002a62deed6b0, C4<0>, C4<0>;
v000002a62de033c0_0 .net *"_ivl_0", 0 0, L_000002a62deed3a0;  1 drivers
v000002a62de03be0_0 .net *"_ivl_4", 0 0, L_000002a62deeddb0;  1 drivers
v000002a62de054e0_0 .net *"_ivl_6", 0 0, L_000002a62deecfb0;  1 drivers
v000002a62de044a0_0 .net *"_ivl_8", 0 0, L_000002a62deed6b0;  1 drivers
v000002a62de056c0_0 .net "a", 0 0, L_000002a62de4c4d0;  1 drivers
v000002a62de040e0_0 .net "b", 0 0, L_000002a62de4c570;  1 drivers
v000002a62de04a40_0 .net "cin", 0 0, L_000002a62de50710;  1 drivers
v000002a62de05440_0 .net "cout", 0 0, L_000002a62deedfe0;  1 drivers
v000002a62de04680_0 .net "sum", 0 0, L_000002a62deed2c0;  1 drivers
S_000002a62de18360 .scope generate, "fa_gen[22]" "fa_gen[22]" 9 17, 9 17 0, S_000002a62de011f0;
 .timescale 0 0;
P_000002a62dd441e0 .param/l "i" 0 9 17, +C4<010110>;
S_000002a62de184f0 .scope module, "fa" "full_adder" 9 18, 9 33 0, S_000002a62de18360;
 .timescale 0 0;
    .port_info 0 /INPUT 1 "a";
    .port_info 1 /INPUT 1 "b";
    .port_info 2 /INPUT 1 "cin";
    .port_info 3 /OUTPUT 1 "sum";
    .port_info 4 /OUTPUT 1 "cout";
L_000002a62deed640 .functor XOR 1, L_000002a62de4f950, L_000002a62de4eeb0, C4<0>, C4<0>;
L_000002a62deec8b0 .functor XOR 1, L_000002a62deed640, L_000002a62de4e190, C4<0>, C4<0>;
L_000002a62deed480 .functor AND 1, L_000002a62de4f950, L_000002a62de4eeb0, C4<1>, C4<1>;
L_000002a62deec760 .functor XOR 1, L_000002a62de4f950, L_000002a62de4eeb0, C4<0>, C4<0>;
L_000002a62deed100 .functor AND 1, L_000002a62de4e190, L_000002a62deec760, C4<1>, C4<1>;
L_000002a62deecca0 .functor OR 1, L_000002a62deed480, L_000002a62deed100, C4<0>, C4<0>;
v000002a62de03280_0 .net *"_ivl_0", 0 0, L_000002a62deed640;  1 drivers
v000002a62de04860_0 .net *"_ivl_4", 0 0, L_000002a62deed480;  1 drivers
v000002a62de04cc0_0 .net *"_ivl_6", 0 0, L_000002a62deec760;  1 drivers
v000002a62de03820_0 .net *"_ivl_8", 0 0, L_000002a62deed100;  1 drivers
v000002a62de04900_0 .net "a", 0 0, L_000002a62de4f950;  1 drivers
v000002a62de03dc0_0 .net "b", 0 0, L_000002a62de4eeb0;  1 drivers
v000002a62de05300_0 .net "cin", 0 0, L_000002a62de4e190;  1 drivers
v000002a62de049a0_0 .net "cout", 0 0, L_000002a62deecca0;  1 drivers
v000002a62de05080_0 .net "sum", 0 0, L_000002a62deec8b0;  1 drivers
S_000002a62de17870 .scope generate, "fa_gen[23]" "fa_gen[23]" 9 17, 9 17 0, S_000002a62de011f0;
 .timescale 0 0;
P_000002a62dd44320 .param/l "i" 0 9 17, +C4<010111>;
S_000002a62de189a0 .scope module, "fa" "full_adder" 9 18, 9 33 0, S_000002a62de17870;
 .timescale 0 0;
    .port_info 0 /INPUT 1 "a";
    .port_info 1 /INPUT 1 "b";
    .port_info 2 /INPUT 1 "cin";
    .port_info 3 /OUTPUT 1 "sum";
    .port_info 4 /OUTPUT 1 "cout";
L_000002a62deecdf0 .functor XOR 1, L_000002a62de4f270, L_000002a62de4f810, C4<0>, C4<0>;
L_000002a62deecf40 .functor XOR 1, L_000002a62deecdf0, L_000002a62de50210, C4<0>, C4<0>;
L_000002a62deeca00 .functor AND 1, L_000002a62de4f270, L_000002a62de4f810, C4<1>, C4<1>;
L_000002a62deee050 .functor XOR 1, L_000002a62de4f270, L_000002a62de4f810, C4<0>, C4<0>;
L_000002a62deedb80 .functor AND 1, L_000002a62de50210, L_000002a62deee050, C4<1>, C4<1>;
L_000002a62deecb50 .functor OR 1, L_000002a62deeca00, L_000002a62deedb80, C4<0>, C4<0>;
v000002a62de04360_0 .net *"_ivl_0", 0 0, L_000002a62deecdf0;  1 drivers
v000002a62de04220_0 .net *"_ivl_4", 0 0, L_000002a62deeca00;  1 drivers
v000002a62de04d60_0 .net *"_ivl_6", 0 0, L_000002a62deee050;  1 drivers
v000002a62de04720_0 .net *"_ivl_8", 0 0, L_000002a62deedb80;  1 drivers
v000002a62de053a0_0 .net "a", 0 0, L_000002a62de4f270;  1 drivers
v000002a62de04ae0_0 .net "b", 0 0, L_000002a62de4f810;  1 drivers
v000002a62de04e00_0 .net "cin", 0 0, L_000002a62de50210;  1 drivers
v000002a62de03fa0_0 .net "cout", 0 0, L_000002a62deecb50;  1 drivers
v000002a62de03f00_0 .net "sum", 0 0, L_000002a62deecf40;  1 drivers
S_000002a62de17eb0 .scope generate, "fa_gen[24]" "fa_gen[24]" 9 17, 9 17 0, S_000002a62de011f0;
 .timescale 0 0;
P_000002a62dd44860 .param/l "i" 0 9 17, +C4<011000>;
S_000002a62de18e50 .scope module, "fa" "full_adder" 9 18, 9 33 0, S_000002a62de17eb0;
 .timescale 0 0;
    .port_info 0 /INPUT 1 "a";
    .port_info 1 /INPUT 1 "b";
    .port_info 2 /INPUT 1 "cin";
    .port_info 3 /OUTPUT 1 "sum";
    .port_info 4 /OUTPUT 1 "cout";
L_000002a62deec840 .functor XOR 1, L_000002a62de4ec30, L_000002a62de4f6d0, C4<0>, C4<0>;
L_000002a62deed330 .functor XOR 1, L_000002a62deec840, L_000002a62de4f450, C4<0>, C4<0>;
L_000002a62deecc30 .functor AND 1, L_000002a62de4ec30, L_000002a62de4f6d0, C4<1>, C4<1>;
L_000002a62deed800 .functor XOR 1, L_000002a62de4ec30, L_000002a62de4f6d0, C4<0>, C4<0>;
L_000002a62deecbc0 .functor AND 1, L_000002a62de4f450, L_000002a62deed800, C4<1>, C4<1>;
L_000002a62deed870 .functor OR 1, L_000002a62deecc30, L_000002a62deecbc0, C4<0>, C4<0>;
v000002a62de04040_0 .net *"_ivl_0", 0 0, L_000002a62deec840;  1 drivers
v000002a62de04b80_0 .net *"_ivl_4", 0 0, L_000002a62deecc30;  1 drivers
v000002a62de04ea0_0 .net *"_ivl_6", 0 0, L_000002a62deed800;  1 drivers
v000002a62de04f40_0 .net *"_ivl_8", 0 0, L_000002a62deecbc0;  1 drivers
v000002a62de05120_0 .net "a", 0 0, L_000002a62de4ec30;  1 drivers
v000002a62de030a0_0 .net "b", 0 0, L_000002a62de4f6d0;  1 drivers
v000002a62de05580_0 .net "cin", 0 0, L_000002a62de4f450;  1 drivers
v000002a62de05800_0 .net "cout", 0 0, L_000002a62deed870;  1 drivers
v000002a62de03780_0 .net "sum", 0 0, L_000002a62deed330;  1 drivers
S_000002a62de18b30 .scope generate, "fa_gen[25]" "fa_gen[25]" 9 17, 9 17 0, S_000002a62de011f0;
 .timescale 0 0;
P_000002a62dd44960 .param/l "i" 0 9 17, +C4<011001>;
S_000002a62de18040 .scope module, "fa" "full_adder" 9 18, 9 33 0, S_000002a62de18b30;
 .timescale 0 0;
    .port_info 0 /INPUT 1 "a";
    .port_info 1 /INPUT 1 "b";
    .port_info 2 /INPUT 1 "cin";
    .port_info 3 /OUTPUT 1 "sum";
    .port_info 4 /OUTPUT 1 "cout";
L_000002a62deed020 .functor XOR 1, L_000002a62de50530, L_000002a62de50170, C4<0>, C4<0>;
L_000002a62deed410 .functor XOR 1, L_000002a62deed020, L_000002a62de4f590, C4<0>, C4<0>;
L_000002a62deed4f0 .functor AND 1, L_000002a62de50530, L_000002a62de50170, C4<1>, C4<1>;
L_000002a62deede20 .functor XOR 1, L_000002a62de50530, L_000002a62de50170, C4<0>, C4<0>;
L_000002a62deed560 .functor AND 1, L_000002a62de4f590, L_000002a62deede20, C4<1>, C4<1>;
L_000002a62deed720 .functor OR 1, L_000002a62deed4f0, L_000002a62deed560, C4<0>, C4<0>;
v000002a62de04180_0 .net *"_ivl_0", 0 0, L_000002a62deed020;  1 drivers
v000002a62de05620_0 .net *"_ivl_4", 0 0, L_000002a62deed4f0;  1 drivers
v000002a62de03140_0 .net *"_ivl_6", 0 0, L_000002a62deede20;  1 drivers
v000002a62de031e0_0 .net *"_ivl_8", 0 0, L_000002a62deed560;  1 drivers
v000002a62de03460_0 .net "a", 0 0, L_000002a62de50530;  1 drivers
v000002a62de03500_0 .net "b", 0 0, L_000002a62de50170;  1 drivers
v000002a62de035a0_0 .net "cin", 0 0, L_000002a62de4f590;  1 drivers
v000002a62de03640_0 .net "cout", 0 0, L_000002a62deed720;  1 drivers
v000002a62de03e60_0 .net "sum", 0 0, L_000002a62deed410;  1 drivers
S_000002a62de170a0 .scope generate, "fa_gen[26]" "fa_gen[26]" 9 17, 9 17 0, S_000002a62de011f0;
 .timescale 0 0;
P_000002a62dd44460 .param/l "i" 0 9 17, +C4<011010>;
S_000002a62de17230 .scope module, "fa" "full_adder" 9 18, 9 33 0, S_000002a62de170a0;
 .timescale 0 0;
    .port_info 0 /INPUT 1 "a";
    .port_info 1 /INPUT 1 "b";
    .port_info 2 /INPUT 1 "cin";
    .port_info 3 /OUTPUT 1 "sum";
    .port_info 4 /OUTPUT 1 "cout";
L_000002a62deecd80 .functor XOR 1, L_000002a62de4e9b0, L_000002a62de4fe50, C4<0>, C4<0>;
L_000002a62deed8e0 .functor XOR 1, L_000002a62deecd80, L_000002a62de4ed70, C4<0>, C4<0>;
L_000002a62deec920 .functor AND 1, L_000002a62de4e9b0, L_000002a62de4fe50, C4<1>, C4<1>;
L_000002a62deed5d0 .functor XOR 1, L_000002a62de4e9b0, L_000002a62de4fe50, C4<0>, C4<0>;
L_000002a62deed170 .functor AND 1, L_000002a62de4ed70, L_000002a62deed5d0, C4<1>, C4<1>;
L_000002a62deed1e0 .functor OR 1, L_000002a62deec920, L_000002a62deed170, C4<0>, C4<0>;
v000002a62de03d20_0 .net *"_ivl_0", 0 0, L_000002a62deecd80;  1 drivers
v000002a62de042c0_0 .net *"_ivl_4", 0 0, L_000002a62deec920;  1 drivers
v000002a62de036e0_0 .net *"_ivl_6", 0 0, L_000002a62deed5d0;  1 drivers
v000002a62de038c0_0 .net *"_ivl_8", 0 0, L_000002a62deed170;  1 drivers
v000002a62de03960_0 .net "a", 0 0, L_000002a62de4e9b0;  1 drivers
v000002a62de03c80_0 .net "b", 0 0, L_000002a62de4fe50;  1 drivers
v000002a62de07740_0 .net "cin", 0 0, L_000002a62de4ed70;  1 drivers
v000002a62de06200_0 .net "cout", 0 0, L_000002a62deed1e0;  1 drivers
v000002a62de06480_0 .net "sum", 0 0, L_000002a62deed8e0;  1 drivers
S_000002a62de173c0 .scope generate, "fa_gen[27]" "fa_gen[27]" 9 17, 9 17 0, S_000002a62de011f0;
 .timescale 0 0;
P_000002a62dd44d60 .param/l "i" 0 9 17, +C4<011011>;
S_000002a62de176e0 .scope module, "fa" "full_adder" 9 18, 9 33 0, S_000002a62de173c0;
 .timescale 0 0;
    .port_info 0 /INPUT 1 "a";
    .port_info 1 /INPUT 1 "b";
    .port_info 2 /INPUT 1 "cin";
    .port_info 3 /OUTPUT 1 "sum";
    .port_info 4 /OUTPUT 1 "cout";
L_000002a62deeced0 .functor XOR 1, L_000002a62de4e7d0, L_000002a62de4f130, C4<0>, C4<0>;
L_000002a62deed090 .functor XOR 1, L_000002a62deeced0, L_000002a62de50850, C4<0>, C4<0>;
L_000002a62deed250 .functor AND 1, L_000002a62de4e7d0, L_000002a62de4f130, C4<1>, C4<1>;
L_000002a62deeca70 .functor XOR 1, L_000002a62de4e7d0, L_000002a62de4f130, C4<0>, C4<0>;
L_000002a62deed950 .functor AND 1, L_000002a62de50850, L_000002a62deeca70, C4<1>, C4<1>;
L_000002a62deedbf0 .functor OR 1, L_000002a62deed250, L_000002a62deed950, C4<0>, C4<0>;
v000002a62de068e0_0 .net *"_ivl_0", 0 0, L_000002a62deeced0;  1 drivers
v000002a62de062a0_0 .net *"_ivl_4", 0 0, L_000002a62deed250;  1 drivers
v000002a62de07c40_0 .net *"_ivl_6", 0 0, L_000002a62deeca70;  1 drivers
v000002a62de072e0_0 .net *"_ivl_8", 0 0, L_000002a62deed950;  1 drivers
v000002a62de06520_0 .net "a", 0 0, L_000002a62de4e7d0;  1 drivers
v000002a62de05b20_0 .net "b", 0 0, L_000002a62de4f130;  1 drivers
v000002a62de074c0_0 .net "cin", 0 0, L_000002a62de50850;  1 drivers
v000002a62de06340_0 .net "cout", 0 0, L_000002a62deedbf0;  1 drivers
v000002a62de06ac0_0 .net "sum", 0 0, L_000002a62deed090;  1 drivers
S_000002a62de17550 .scope generate, "fa_gen[28]" "fa_gen[28]" 9 17, 9 17 0, S_000002a62de011f0;
 .timescale 0 0;
P_000002a62dd44820 .param/l "i" 0 9 17, +C4<011100>;
S_000002a62de17a00 .scope module, "fa" "full_adder" 9 18, 9 33 0, S_000002a62de17550;
 .timescale 0 0;
    .port_info 0 /INPUT 1 "a";
    .port_info 1 /INPUT 1 "b";
    .port_info 2 /INPUT 1 "cin";
    .port_info 3 /OUTPUT 1 "sum";
    .port_info 4 /OUTPUT 1 "cout";
L_000002a62deedc60 .functor XOR 1, L_000002a62de4f9f0, L_000002a62de4f3b0, C4<0>, C4<0>;
L_000002a62deec990 .functor XOR 1, L_000002a62deedc60, L_000002a62de4fd10, C4<0>, C4<0>;
L_000002a62deed9c0 .functor AND 1, L_000002a62de4f9f0, L_000002a62de4f3b0, C4<1>, C4<1>;
L_000002a62deedcd0 .functor XOR 1, L_000002a62de4f9f0, L_000002a62de4f3b0, C4<0>, C4<0>;
L_000002a62deedd40 .functor AND 1, L_000002a62de4fd10, L_000002a62deedcd0, C4<1>, C4<1>;
L_000002a62deedf00 .functor OR 1, L_000002a62deed9c0, L_000002a62deedd40, C4<0>, C4<0>;
v000002a62de06b60_0 .net *"_ivl_0", 0 0, L_000002a62deedc60;  1 drivers
v000002a62de06c00_0 .net *"_ivl_4", 0 0, L_000002a62deed9c0;  1 drivers
v000002a62de06d40_0 .net *"_ivl_6", 0 0, L_000002a62deedcd0;  1 drivers
v000002a62de06160_0 .net *"_ivl_8", 0 0, L_000002a62deedd40;  1 drivers
v000002a62de07920_0 .net "a", 0 0, L_000002a62de4f9f0;  1 drivers
v000002a62de05a80_0 .net "b", 0 0, L_000002a62de4f3b0;  1 drivers
v000002a62de07560_0 .net "cin", 0 0, L_000002a62de4fd10;  1 drivers
v000002a62de06fc0_0 .net "cout", 0 0, L_000002a62deedf00;  1 drivers
v000002a62de05bc0_0 .net "sum", 0 0, L_000002a62deec990;  1 drivers
S_000002a62de17b90 .scope generate, "fa_gen[29]" "fa_gen[29]" 9 17, 9 17 0, S_000002a62de011f0;
 .timescale 0 0;
P_000002a62dd446a0 .param/l "i" 0 9 17, +C4<011101>;
S_000002a62de17d20 .scope module, "fa" "full_adder" 9 18, 9 33 0, S_000002a62de17b90;
 .timescale 0 0;
    .port_info 0 /INPUT 1 "a";
    .port_info 1 /INPUT 1 "b";
    .port_info 2 /INPUT 1 "cin";
    .port_info 3 /OUTPUT 1 "sum";
    .port_info 4 /OUTPUT 1 "cout";
L_000002a62deede90 .functor XOR 1, L_000002a62de4fdb0, L_000002a62de4f090, C4<0>, C4<0>;
L_000002a62deeda30 .functor XOR 1, L_000002a62deede90, L_000002a62de4eff0, C4<0>, C4<0>;
L_000002a62deedaa0 .functor AND 1, L_000002a62de4fdb0, L_000002a62de4f090, C4<1>, C4<1>;
L_000002a62deecd10 .functor XOR 1, L_000002a62de4fdb0, L_000002a62de4f090, C4<0>, C4<0>;
L_000002a62deedb10 .functor AND 1, L_000002a62de4eff0, L_000002a62deecd10, C4<1>, C4<1>;
L_000002a62deedf70 .functor OR 1, L_000002a62deedaa0, L_000002a62deedb10, C4<0>, C4<0>;
v000002a62de06e80_0 .net *"_ivl_0", 0 0, L_000002a62deede90;  1 drivers
v000002a62de07a60_0 .net *"_ivl_4", 0 0, L_000002a62deedaa0;  1 drivers
v000002a62de063e0_0 .net *"_ivl_6", 0 0, L_000002a62deecd10;  1 drivers
v000002a62de06980_0 .net *"_ivl_8", 0 0, L_000002a62deedb10;  1 drivers
v000002a62de065c0_0 .net "a", 0 0, L_000002a62de4fdb0;  1 drivers
v000002a62de06ca0_0 .net "b", 0 0, L_000002a62de4f090;  1 drivers
v000002a62de06660_0 .net "cin", 0 0, L_000002a62de4eff0;  1 drivers
v000002a62de06a20_0 .net "cout", 0 0, L_000002a62deedf70;  1 drivers
v000002a62de06700_0 .net "sum", 0 0, L_000002a62deeda30;  1 drivers
S_000002a62de196f0 .scope generate, "fa_gen[30]" "fa_gen[30]" 9 17, 9 17 0, S_000002a62de011f0;
 .timescale 0 0;
P_000002a62dd449a0 .param/l "i" 0 9 17, +C4<011110>;
S_000002a62de1a820 .scope module, "fa" "full_adder" 9 18, 9 33 0, S_000002a62de196f0;
 .timescale 0 0;
    .port_info 0 /INPUT 1 "a";
    .port_info 1 /INPUT 1 "b";
    .port_info 2 /INPUT 1 "cin";
    .port_info 3 /OUTPUT 1 "sum";
    .port_info 4 /OUTPUT 1 "cout";
L_000002a62deee0c0 .functor XOR 1, L_000002a62de502b0, L_000002a62de4f630, C4<0>, C4<0>;
L_000002a62deee130 .functor XOR 1, L_000002a62deee0c0, L_000002a62de4e370, C4<0>, C4<0>;
L_000002a62deee1a0 .functor AND 1, L_000002a62de502b0, L_000002a62de4f630, C4<1>, C4<1>;
L_000002a62deecae0 .functor XOR 1, L_000002a62de502b0, L_000002a62de4f630, C4<0>, C4<0>;
L_000002a62deee210 .functor AND 1, L_000002a62de4e370, L_000002a62deecae0, C4<1>, C4<1>;
L_000002a62deee280 .functor OR 1, L_000002a62deee1a0, L_000002a62deee210, C4<0>, C4<0>;
v000002a62de07600_0 .net *"_ivl_0", 0 0, L_000002a62deee0c0;  1 drivers
v000002a62de06de0_0 .net *"_ivl_4", 0 0, L_000002a62deee1a0;  1 drivers
v000002a62de06f20_0 .net *"_ivl_6", 0 0, L_000002a62deecae0;  1 drivers
v000002a62de08000_0 .net *"_ivl_8", 0 0, L_000002a62deee210;  1 drivers
v000002a62de05c60_0 .net "a", 0 0, L_000002a62de502b0;  1 drivers
v000002a62de07ce0_0 .net "b", 0 0, L_000002a62de4f630;  1 drivers
v000002a62de07060_0 .net "cin", 0 0, L_000002a62de4e370;  1 drivers
v000002a62de07420_0 .net "cout", 0 0, L_000002a62deee280;  1 drivers
v000002a62de067a0_0 .net "sum", 0 0, L_000002a62deee130;  1 drivers
S_000002a62de1a370 .scope generate, "fa_gen[31]" "fa_gen[31]" 9 17, 9 17 0, S_000002a62de011f0;
 .timescale 0 0;
P_000002a62dd44da0 .param/l "i" 0 9 17, +C4<011111>;
S_000002a62de1a9b0 .scope module, "fa" "full_adder" 9 18, 9 33 0, S_000002a62de1a370;
 .timescale 0 0;
    .port_info 0 /INPUT 1 "a";
    .port_info 1 /INPUT 1 "b";
    .port_info 2 /INPUT 1 "cin";
    .port_info 3 /OUTPUT 1 "sum";
    .port_info 4 /OUTPUT 1 "cout";
L_000002a62deec6f0 .functor XOR 1, L_000002a62de4fef0, L_000002a62de4ee10, C4<0>, C4<0>;
L_000002a62deec7d0 .functor XOR 1, L_000002a62deec6f0, L_000002a62de4fa90, C4<0>, C4<0>;
L_000002a62deeead0 .functor AND 1, L_000002a62de4fef0, L_000002a62de4ee10, C4<1>, C4<1>;
L_000002a62deeed00 .functor XOR 1, L_000002a62de4fef0, L_000002a62de4ee10, C4<0>, C4<0>;
L_000002a62deee2f0 .functor AND 1, L_000002a62de4fa90, L_000002a62deeed00, C4<1>, C4<1>;
L_000002a62deee910 .functor OR 1, L_000002a62deeead0, L_000002a62deee2f0, C4<0>, C4<0>;
v000002a62de076a0_0 .net *"_ivl_0", 0 0, L_000002a62deec6f0;  1 drivers
v000002a62de06840_0 .net *"_ivl_4", 0 0, L_000002a62deeead0;  1 drivers
v000002a62de060c0_0 .net *"_ivl_6", 0 0, L_000002a62deeed00;  1 drivers
v000002a62de077e0_0 .net *"_ivl_8", 0 0, L_000002a62deee2f0;  1 drivers
v000002a62de07880_0 .net "a", 0 0, L_000002a62de4fef0;  1 drivers
v000002a62de05ee0_0 .net "b", 0 0, L_000002a62de4ee10;  1 drivers
v000002a62de079c0_0 .net "cin", 0 0, L_000002a62de4fa90;  1 drivers
v000002a62de07100_0 .net "cout", 0 0, L_000002a62deee910;  1 drivers
v000002a62de071a0_0 .net "sum", 0 0, L_000002a62deec7d0;  1 drivers
S_000002a62de1ab40 .scope module, "rca_sub" "ripple_carry_adder" 6 50, 9 3 0, S_000002a62d9a3d60;
 .timescale 0 0;
    .port_info 0 /INPUT 32 "A";
    .port_info 1 /INPUT 32 "B";
    .port_info 2 /INPUT 1 "Cin";
    .port_info 3 /OUTPUT 32 "Sum";
    .port_info 4 /OUTPUT 1 "Cout";
    .port_info 5 /OUTPUT 1 "Overflow";
L_000002a62de6cdd0 .functor BUFT 1, C4<1>, C4<0>, C4<0>, C4<0>;
L_000002a62dee9740 .functor BUFZ 1, L_000002a62de6cdd0, C4<0>, C4<0>, C4<0>;
L_000002a62dee9c80 .functor XOR 1, L_000002a62de69cb0, L_000002a62de69f30, C4<0>, C4<0>;
v000002a62de1f2e0_0 .net "A", 31 0, v000002a62de39a10_0;  alias, 1 drivers
v000002a62de1fba0_0 .net "B", 31 0, L_000002a62dee9430;  1 drivers
v000002a62de21400_0 .net "Cin", 0 0, L_000002a62de6cdd0;  1 drivers
v000002a62de20d20_0 .net "Cout", 0 0, L_000002a62de69990;  alias, 1 drivers
v000002a62de20fa0_0 .net "Overflow", 0 0, L_000002a62dee9c80;  alias, 1 drivers
v000002a62de203c0_0 .net "Sum", 31 0, L_000002a62de6b150;  alias, 1 drivers
v000002a62de1f7e0_0 .net *"_ivl_229", 0 0, L_000002a62dee9740;  1 drivers
v000002a62de20000_0 .net *"_ivl_233", 0 0, L_000002a62de69cb0;  1 drivers
v000002a62de20820_0 .net *"_ivl_235", 0 0, L_000002a62de69f30;  1 drivers
v000002a62de208c0_0 .net "carry", 32 0, L_000002a62de6b650;  1 drivers
L_000002a62de690d0 .part v000002a62de39a10_0, 0, 1;
L_000002a62de67370 .part L_000002a62dee9430, 0, 1;
L_000002a62de69710 .part L_000002a62de6b650, 0, 1;
L_000002a62de67230 .part v000002a62de39a10_0, 1, 1;
L_000002a62de69490 .part L_000002a62dee9430, 1, 1;
L_000002a62de688b0 .part L_000002a62de6b650, 1, 1;
L_000002a62de697b0 .part v000002a62de39a10_0, 2, 1;
L_000002a62de68590 .part L_000002a62dee9430, 2, 1;
L_000002a62de67e10 .part L_000002a62de6b650, 2, 1;
L_000002a62de67eb0 .part v000002a62de39a10_0, 3, 1;
L_000002a62de67410 .part L_000002a62dee9430, 3, 1;
L_000002a62de67b90 .part L_000002a62de6b650, 3, 1;
L_000002a62de689f0 .part v000002a62de39a10_0, 4, 1;
L_000002a62de67f50 .part L_000002a62dee9430, 4, 1;
L_000002a62de67690 .part L_000002a62de6b650, 4, 1;
L_000002a62de68810 .part v000002a62de39a10_0, 5, 1;
L_000002a62de68a90 .part L_000002a62dee9430, 5, 1;
L_000002a62de69030 .part L_000002a62de6b650, 5, 1;
L_000002a62de69170 .part v000002a62de39a10_0, 6, 1;
L_000002a62de698f0 .part L_000002a62dee9430, 6, 1;
L_000002a62de67c30 .part L_000002a62de6b650, 6, 1;
L_000002a62de69350 .part v000002a62de39a10_0, 7, 1;
L_000002a62de67ff0 .part L_000002a62dee9430, 7, 1;
L_000002a62de67870 .part L_000002a62de6b650, 7, 1;
L_000002a62de695d0 .part v000002a62de39a10_0, 8, 1;
L_000002a62de68c70 .part L_000002a62dee9430, 8, 1;
L_000002a62de684f0 .part L_000002a62de6b650, 8, 1;
L_000002a62de67730 .part v000002a62de39a10_0, 9, 1;
L_000002a62de68270 .part L_000002a62dee9430, 9, 1;
L_000002a62de67910 .part L_000002a62de6b650, 9, 1;
L_000002a62de68b30 .part v000002a62de39a10_0, 10, 1;
L_000002a62de68630 .part L_000002a62dee9430, 10, 1;
L_000002a62de686d0 .part L_000002a62de6b650, 10, 1;
L_000002a62de69210 .part v000002a62de39a10_0, 11, 1;
L_000002a62de67cd0 .part L_000002a62dee9430, 11, 1;
L_000002a62de681d0 .part L_000002a62de6b650, 11, 1;
L_000002a62de679b0 .part v000002a62de39a10_0, 12, 1;
L_000002a62de692b0 .part L_000002a62dee9430, 12, 1;
L_000002a62de68d10 .part L_000002a62de6b650, 12, 1;
L_000002a62de693f0 .part v000002a62de39a10_0, 13, 1;
L_000002a62de675f0 .part L_000002a62dee9430, 13, 1;
L_000002a62de683b0 .part L_000002a62de6b650, 13, 1;
L_000002a62de68770 .part v000002a62de39a10_0, 14, 1;
L_000002a62de69530 .part L_000002a62dee9430, 14, 1;
L_000002a62de67a50 .part L_000002a62de6b650, 14, 1;
L_000002a62de68db0 .part v000002a62de39a10_0, 15, 1;
L_000002a62de67af0 .part L_000002a62dee9430, 15, 1;
L_000002a62de69670 .part L_000002a62de6b650, 15, 1;
L_000002a62de69850 .part v000002a62de39a10_0, 16, 1;
L_000002a62de674b0 .part L_000002a62dee9430, 16, 1;
L_000002a62de672d0 .part L_000002a62de6b650, 16, 1;
L_000002a62de67550 .part v000002a62de39a10_0, 17, 1;
L_000002a62de6a430 .part L_000002a62dee9430, 17, 1;
L_000002a62de6abb0 .part L_000002a62de6b650, 17, 1;
L_000002a62de6a4d0 .part v000002a62de39a10_0, 18, 1;
L_000002a62de6b790 .part L_000002a62dee9430, 18, 1;
L_000002a62de6b1f0 .part L_000002a62de6b650, 18, 1;
L_000002a62de69d50 .part v000002a62de39a10_0, 19, 1;
L_000002a62de6ae30 .part L_000002a62dee9430, 19, 1;
L_000002a62de6b290 .part L_000002a62de6b650, 19, 1;
L_000002a62de6a070 .part v000002a62de39a10_0, 20, 1;
L_000002a62de69b70 .part L_000002a62dee9430, 20, 1;
L_000002a62de6af70 .part L_000002a62de6b650, 20, 1;
L_000002a62de6a6b0 .part v000002a62de39a10_0, 21, 1;
L_000002a62de6ab10 .part L_000002a62dee9430, 21, 1;
L_000002a62de6b330 .part L_000002a62de6b650, 21, 1;
L_000002a62de6a570 .part v000002a62de39a10_0, 22, 1;
L_000002a62de6b3d0 .part L_000002a62dee9430, 22, 1;
L_000002a62de69a30 .part L_000002a62de6b650, 22, 1;
L_000002a62de69df0 .part v000002a62de39a10_0, 23, 1;
L_000002a62de6b010 .part L_000002a62dee9430, 23, 1;
L_000002a62de6a610 .part L_000002a62de6b650, 23, 1;
L_000002a62de6ac50 .part v000002a62de39a10_0, 24, 1;
L_000002a62de6b830 .part L_000002a62dee9430, 24, 1;
L_000002a62de69e90 .part L_000002a62de6b650, 24, 1;
L_000002a62de6b470 .part v000002a62de39a10_0, 25, 1;
L_000002a62de6b510 .part L_000002a62dee9430, 25, 1;
L_000002a62de6a890 .part L_000002a62de6b650, 25, 1;
L_000002a62de6a930 .part v000002a62de39a10_0, 26, 1;
L_000002a62de6acf0 .part L_000002a62dee9430, 26, 1;
L_000002a62de6a9d0 .part L_000002a62de6b650, 26, 1;
L_000002a62de6b6f0 .part v000002a62de39a10_0, 27, 1;
L_000002a62de6b5b0 .part L_000002a62dee9430, 27, 1;
L_000002a62de6a750 .part L_000002a62de6b650, 27, 1;
L_000002a62de6a2f0 .part v000002a62de39a10_0, 28, 1;
L_000002a62de6a110 .part L_000002a62dee9430, 28, 1;
L_000002a62de6aa70 .part L_000002a62de6b650, 28, 1;
L_000002a62de69c10 .part v000002a62de39a10_0, 29, 1;
L_000002a62de6b0b0 .part L_000002a62dee9430, 29, 1;
L_000002a62de6a1b0 .part L_000002a62de6b650, 29, 1;
L_000002a62de6a250 .part v000002a62de39a10_0, 30, 1;
L_000002a62de6ad90 .part L_000002a62dee9430, 30, 1;
L_000002a62de69ad0 .part L_000002a62de6b650, 30, 1;
L_000002a62de6a390 .part v000002a62de39a10_0, 31, 1;
L_000002a62de6a7f0 .part L_000002a62dee9430, 31, 1;
L_000002a62de6aed0 .part L_000002a62de6b650, 31, 1;
LS_000002a62de6b150_0_0 .concat8 [ 1 1 1 1], L_000002a62dede890, L_000002a62dede660, L_000002a62dedee40, L_000002a62dede120;
LS_000002a62de6b150_0_4 .concat8 [ 1 1 1 1], L_000002a62dedf1c0, L_000002a62dededd0, L_000002a62dede4a0, L_000002a62dede040;
LS_000002a62de6b150_0_8 .concat8 [ 1 1 1 1], L_000002a62dedde10, L_000002a62dedeba0, L_000002a62deddb70, L_000002a62dedff50;
LS_000002a62de6b150_0_12 .concat8 [ 1 1 1 1], L_000002a62dee0dc0, L_000002a62dee0180, L_000002a62dee0340, L_000002a62dee0030;
LS_000002a62de6b150_0_16 .concat8 [ 1 1 1 1], L_000002a62dedfe00, L_000002a62dedf9a0, L_000002a62dee0b20, L_000002a62dee0f80;
LS_000002a62de6b150_0_20 .concat8 [ 1 1 1 1], L_000002a62dedf4d0, L_000002a62dee7b40, L_000002a62dee7ec0, L_000002a62dee8010;
LS_000002a62de6b150_0_24 .concat8 [ 1 1 1 1], L_000002a62dee7ad0, L_000002a62dee8a90, L_000002a62dee8b70, L_000002a62dee8160;
LS_000002a62de6b150_0_28 .concat8 [ 1 1 1 1], L_000002a62dee72f0, L_000002a62dee7910, L_000002a62dee81d0, L_000002a62dee8710;
LS_000002a62de6b150_1_0 .concat8 [ 4 4 4 4], LS_000002a62de6b150_0_0, LS_000002a62de6b150_0_4, LS_000002a62de6b150_0_8, LS_000002a62de6b150_0_12;
LS_000002a62de6b150_1_4 .concat8 [ 4 4 4 4], LS_000002a62de6b150_0_16, LS_000002a62de6b150_0_20, LS_000002a62de6b150_0_24, LS_000002a62de6b150_0_28;
L_000002a62de6b150 .concat8 [ 16 16 0 0], LS_000002a62de6b150_1_0, LS_000002a62de6b150_1_4;
LS_000002a62de6b650_0_0 .concat8 [ 1 1 1 1], L_000002a62dee9740, L_000002a62dede200, L_000002a62dedf3f0, L_000002a62dedf0e0;
LS_000002a62de6b650_0_4 .concat8 [ 1 1 1 1], L_000002a62dedeeb0, L_000002a62dede740, L_000002a62dede350, L_000002a62deddbe0;
LS_000002a62de6b650_0_8 .concat8 [ 1 1 1 1], L_000002a62dede0b0, L_000002a62dedec10, L_000002a62deded60, L_000002a62dedfb60;
LS_000002a62de6b650_0_12 .concat8 [ 1 1 1 1], L_000002a62dedf7e0, L_000002a62dedfe70, L_000002a62dee0e30, L_000002a62dedf850;
LS_000002a62de6b650_0_16 .concat8 [ 1 1 1 1], L_000002a62dee05e0, L_000002a62dee0ab0, L_000002a62dedfa10, L_000002a62dee0c70;
LS_000002a62de6b650_0_20 .concat8 [ 1 1 1 1], L_000002a62dedfc40, L_000002a62dedf700, L_000002a62dee7750, L_000002a62dee8390;
LS_000002a62de6b650_0_24 .concat8 [ 1 1 1 1], L_000002a62dee8630, L_000002a62dee78a0, L_000002a62dee7f30, L_000002a62dee7520;
LS_000002a62de6b650_0_28 .concat8 [ 1 1 1 1], L_000002a62dee7d00, L_000002a62dee73d0, L_000002a62dee85c0, L_000002a62dee84e0;
LS_000002a62de6b650_0_32 .concat8 [ 1 0 0 0], L_000002a62dee9e40;
LS_000002a62de6b650_1_0 .concat8 [ 4 4 4 4], LS_000002a62de6b650_0_0, LS_000002a62de6b650_0_4, LS_000002a62de6b650_0_8, LS_000002a62de6b650_0_12;
LS_000002a62de6b650_1_4 .concat8 [ 4 4 4 4], LS_000002a62de6b650_0_16, LS_000002a62de6b650_0_20, LS_000002a62de6b650_0_24, LS_000002a62de6b650_0_28;
LS_000002a62de6b650_1_8 .concat8 [ 1 0 0 0], LS_000002a62de6b650_0_32;
L_000002a62de6b650 .concat8 [ 16 16 1 0], LS_000002a62de6b650_1_0, LS_000002a62de6b650_1_4, LS_000002a62de6b650_1_8;
L_000002a62de69990 .part L_000002a62de6b650, 32, 1;
L_000002a62de69cb0 .part L_000002a62de6b650, 31, 1;
L_000002a62de69f30 .part L_000002a62de6b650, 32, 1;
S_000002a62de19a10 .scope generate, "fa_gen[0]" "fa_gen[0]" 9 17, 9 17 0, S_000002a62de1ab40;
 .timescale 0 0;
P_000002a62dd44920 .param/l "i" 0 9 17, +C4<00>;
S_000002a62de1acd0 .scope module, "fa" "full_adder" 9 18, 9 33 0, S_000002a62de19a10;
 .timescale 0 0;
    .port_info 0 /INPUT 1 "a";
    .port_info 1 /INPUT 1 "b";
    .port_info 2 /INPUT 1 "cin";
    .port_info 3 /OUTPUT 1 "sum";
    .port_info 4 /OUTPUT 1 "cout";
L_000002a62deddc50 .functor XOR 1, L_000002a62de690d0, L_000002a62de67370, C4<0>, C4<0>;
L_000002a62dede890 .functor XOR 1, L_000002a62deddc50, L_000002a62de69710, C4<0>, C4<0>;
L_000002a62dedf2a0 .functor AND 1, L_000002a62de690d0, L_000002a62de67370, C4<1>, C4<1>;
L_000002a62dedde80 .functor XOR 1, L_000002a62de690d0, L_000002a62de67370, C4<0>, C4<0>;
L_000002a62dede3c0 .functor AND 1, L_000002a62de69710, L_000002a62dedde80, C4<1>, C4<1>;
L_000002a62dede200 .functor OR 1, L_000002a62dedf2a0, L_000002a62dede3c0, C4<0>, C4<0>;
v000002a62de07f60_0 .net *"_ivl_0", 0 0, L_000002a62deddc50;  1 drivers
v000002a62de05940_0 .net *"_ivl_4", 0 0, L_000002a62dedf2a0;  1 drivers
v000002a62de059e0_0 .net *"_ivl_6", 0 0, L_000002a62dedde80;  1 drivers
v000002a62de05e40_0 .net *"_ivl_8", 0 0, L_000002a62dede3c0;  1 drivers
v000002a62de05f80_0 .net "a", 0 0, L_000002a62de690d0;  1 drivers
v000002a62de06020_0 .net "b", 0 0, L_000002a62de67370;  1 drivers
v000002a62de0a260_0 .net "cin", 0 0, L_000002a62de69710;  1 drivers
v000002a62de0a6c0_0 .net "cout", 0 0, L_000002a62dede200;  1 drivers
v000002a62de099a0_0 .net "sum", 0 0, L_000002a62dede890;  1 drivers
S_000002a62de1a050 .scope generate, "fa_gen[1]" "fa_gen[1]" 9 17, 9 17 0, S_000002a62de1ab40;
 .timescale 0 0;
P_000002a62dd449e0 .param/l "i" 0 9 17, +C4<01>;
S_000002a62de1a500 .scope module, "fa" "full_adder" 9 18, 9 33 0, S_000002a62de1a050;
 .timescale 0 0;
    .port_info 0 /INPUT 1 "a";
    .port_info 1 /INPUT 1 "b";
    .port_info 2 /INPUT 1 "cin";
    .port_info 3 /OUTPUT 1 "sum";
    .port_info 4 /OUTPUT 1 "cout";
L_000002a62dedf000 .functor XOR 1, L_000002a62de67230, L_000002a62de69490, C4<0>, C4<0>;
L_000002a62dede660 .functor XOR 1, L_000002a62dedf000, L_000002a62de688b0, C4<0>, C4<0>;
L_000002a62dedd9b0 .functor AND 1, L_000002a62de67230, L_000002a62de69490, C4<1>, C4<1>;
L_000002a62dedd8d0 .functor XOR 1, L_000002a62de67230, L_000002a62de69490, C4<0>, C4<0>;
L_000002a62dede900 .functor AND 1, L_000002a62de688b0, L_000002a62dedd8d0, C4<1>, C4<1>;
L_000002a62dedf3f0 .functor OR 1, L_000002a62dedd9b0, L_000002a62dede900, C4<0>, C4<0>;
v000002a62de09a40_0 .net *"_ivl_0", 0 0, L_000002a62dedf000;  1 drivers
v000002a62de090e0_0 .net *"_ivl_4", 0 0, L_000002a62dedd9b0;  1 drivers
v000002a62de08a00_0 .net *"_ivl_6", 0 0, L_000002a62dedd8d0;  1 drivers
v000002a62de0a440_0 .net *"_ivl_8", 0 0, L_000002a62dede900;  1 drivers
v000002a62de088c0_0 .net "a", 0 0, L_000002a62de67230;  1 drivers
v000002a62de0a080_0 .net "b", 0 0, L_000002a62de69490;  1 drivers
v000002a62de08aa0_0 .net "cin", 0 0, L_000002a62de688b0;  1 drivers
v000002a62de08320_0 .net "cout", 0 0, L_000002a62dedf3f0;  1 drivers
v000002a62de09cc0_0 .net "sum", 0 0, L_000002a62dede660;  1 drivers
S_000002a62de1a690 .scope generate, "fa_gen[2]" "fa_gen[2]" 9 17, 9 17 0, S_000002a62de1ab40;
 .timescale 0 0;
P_000002a62dd450a0 .param/l "i" 0 9 17, +C4<010>;
S_000002a62de1ae60 .scope module, "fa" "full_adder" 9 18, 9 33 0, S_000002a62de1a690;
 .timescale 0 0;
    .port_info 0 /INPUT 1 "a";
    .port_info 1 /INPUT 1 "b";
    .port_info 2 /INPUT 1 "cin";
    .port_info 3 /OUTPUT 1 "sum";
    .port_info 4 /OUTPUT 1 "cout";
L_000002a62dede970 .functor XOR 1, L_000002a62de697b0, L_000002a62de68590, C4<0>, C4<0>;
L_000002a62dedee40 .functor XOR 1, L_000002a62dede970, L_000002a62de67e10, C4<0>, C4<0>;
L_000002a62dedf070 .functor AND 1, L_000002a62de697b0, L_000002a62de68590, C4<1>, C4<1>;
L_000002a62deddf60 .functor XOR 1, L_000002a62de697b0, L_000002a62de68590, C4<0>, C4<0>;
L_000002a62deddcc0 .functor AND 1, L_000002a62de67e10, L_000002a62deddf60, C4<1>, C4<1>;
L_000002a62dedf0e0 .functor OR 1, L_000002a62dedf070, L_000002a62deddcc0, C4<0>, C4<0>;
v000002a62de09540_0 .net *"_ivl_0", 0 0, L_000002a62dede970;  1 drivers
v000002a62de083c0_0 .net *"_ivl_4", 0 0, L_000002a62dedf070;  1 drivers
v000002a62de086e0_0 .net *"_ivl_6", 0 0, L_000002a62deddf60;  1 drivers
v000002a62de0a760_0 .net *"_ivl_8", 0 0, L_000002a62deddcc0;  1 drivers
v000002a62de08960_0 .net "a", 0 0, L_000002a62de697b0;  1 drivers
v000002a62de0a120_0 .net "b", 0 0, L_000002a62de68590;  1 drivers
v000002a62de08d20_0 .net "cin", 0 0, L_000002a62de67e10;  1 drivers
v000002a62de08b40_0 .net "cout", 0 0, L_000002a62dedf0e0;  1 drivers
v000002a62de09d60_0 .net "sum", 0 0, L_000002a62dedee40;  1 drivers
S_000002a62de19560 .scope generate, "fa_gen[3]" "fa_gen[3]" 9 17, 9 17 0, S_000002a62de1ab40;
 .timescale 0 0;
P_000002a62dd44b20 .param/l "i" 0 9 17, +C4<011>;
S_000002a62de19ba0 .scope module, "fa" "full_adder" 9 18, 9 33 0, S_000002a62de19560;
 .timescale 0 0;
    .port_info 0 /INPUT 1 "a";
    .port_info 1 /INPUT 1 "b";
    .port_info 2 /INPUT 1 "cin";
    .port_info 3 /OUTPUT 1 "sum";
    .port_info 4 /OUTPUT 1 "cout";
L_000002a62deddef0 .functor XOR 1, L_000002a62de67eb0, L_000002a62de67410, C4<0>, C4<0>;
L_000002a62dede120 .functor XOR 1, L_000002a62deddef0, L_000002a62de67b90, C4<0>, C4<0>;
L_000002a62dede9e0 .functor AND 1, L_000002a62de67eb0, L_000002a62de67410, C4<1>, C4<1>;
L_000002a62dede2e0 .functor XOR 1, L_000002a62de67eb0, L_000002a62de67410, C4<0>, C4<0>;
L_000002a62dedf150 .functor AND 1, L_000002a62de67b90, L_000002a62dede2e0, C4<1>, C4<1>;
L_000002a62dedeeb0 .functor OR 1, L_000002a62dede9e0, L_000002a62dedf150, C4<0>, C4<0>;
v000002a62de09fe0_0 .net *"_ivl_0", 0 0, L_000002a62deddef0;  1 drivers
v000002a62de092c0_0 .net *"_ivl_4", 0 0, L_000002a62dede9e0;  1 drivers
v000002a62de095e0_0 .net *"_ivl_6", 0 0, L_000002a62dede2e0;  1 drivers
v000002a62de08be0_0 .net *"_ivl_8", 0 0, L_000002a62dedf150;  1 drivers
v000002a62de0a1c0_0 .net "a", 0 0, L_000002a62de67eb0;  1 drivers
v000002a62de08280_0 .net "b", 0 0, L_000002a62de67410;  1 drivers
v000002a62de09e00_0 .net "cin", 0 0, L_000002a62de67b90;  1 drivers
v000002a62de097c0_0 .net "cout", 0 0, L_000002a62dedeeb0;  1 drivers
v000002a62de08460_0 .net "sum", 0 0, L_000002a62dede120;  1 drivers
S_000002a62de190b0 .scope generate, "fa_gen[4]" "fa_gen[4]" 9 17, 9 17 0, S_000002a62de1ab40;
 .timescale 0 0;
P_000002a62dd44a20 .param/l "i" 0 9 17, +C4<0100>;
S_000002a62de19240 .scope module, "fa" "full_adder" 9 18, 9 33 0, S_000002a62de190b0;
 .timescale 0 0;
    .port_info 0 /INPUT 1 "a";
    .port_info 1 /INPUT 1 "b";
    .port_info 2 /INPUT 1 "cin";
    .port_info 3 /OUTPUT 1 "sum";
    .port_info 4 /OUTPUT 1 "cout";
L_000002a62deddd30 .functor XOR 1, L_000002a62de689f0, L_000002a62de67f50, C4<0>, C4<0>;
L_000002a62dedf1c0 .functor XOR 1, L_000002a62deddd30, L_000002a62de67690, C4<0>, C4<0>;
L_000002a62dedea50 .functor AND 1, L_000002a62de689f0, L_000002a62de67f50, C4<1>, C4<1>;
L_000002a62dede6d0 .functor XOR 1, L_000002a62de689f0, L_000002a62de67f50, C4<0>, C4<0>;
L_000002a62dedef20 .functor AND 1, L_000002a62de67690, L_000002a62dede6d0, C4<1>, C4<1>;
L_000002a62dede740 .functor OR 1, L_000002a62dedea50, L_000002a62dedef20, C4<0>, C4<0>;
v000002a62de09360_0 .net *"_ivl_0", 0 0, L_000002a62deddd30;  1 drivers
v000002a62de08fa0_0 .net *"_ivl_4", 0 0, L_000002a62dedea50;  1 drivers
v000002a62de081e0_0 .net *"_ivl_6", 0 0, L_000002a62dede6d0;  1 drivers
v000002a62de09ea0_0 .net *"_ivl_8", 0 0, L_000002a62dedef20;  1 drivers
v000002a62de09400_0 .net "a", 0 0, L_000002a62de689f0;  1 drivers
v000002a62de08500_0 .net "b", 0 0, L_000002a62de67f50;  1 drivers
v000002a62de0a300_0 .net "cin", 0 0, L_000002a62de67690;  1 drivers
v000002a62de08c80_0 .net "cout", 0 0, L_000002a62dede740;  1 drivers
v000002a62de0a3a0_0 .net "sum", 0 0, L_000002a62dedf1c0;  1 drivers
S_000002a62de19d30 .scope generate, "fa_gen[5]" "fa_gen[5]" 9 17, 9 17 0, S_000002a62de1ab40;
 .timescale 0 0;
P_000002a62dd44b60 .param/l "i" 0 9 17, +C4<0101>;
S_000002a62de193d0 .scope module, "fa" "full_adder" 9 18, 9 33 0, S_000002a62de19d30;
 .timescale 0 0;
    .port_info 0 /INPUT 1 "a";
    .port_info 1 /INPUT 1 "b";
    .port_info 2 /INPUT 1 "cin";
    .port_info 3 /OUTPUT 1 "sum";
    .port_info 4 /OUTPUT 1 "cout";
L_000002a62dede430 .functor XOR 1, L_000002a62de68810, L_000002a62de68a90, C4<0>, C4<0>;
L_000002a62dededd0 .functor XOR 1, L_000002a62dede430, L_000002a62de69030, C4<0>, C4<0>;
L_000002a62deddda0 .functor AND 1, L_000002a62de68810, L_000002a62de68a90, C4<1>, C4<1>;
L_000002a62dedeac0 .functor XOR 1, L_000002a62de68810, L_000002a62de68a90, C4<0>, C4<0>;
L_000002a62dedeb30 .functor AND 1, L_000002a62de69030, L_000002a62dedeac0, C4<1>, C4<1>;
L_000002a62dede350 .functor OR 1, L_000002a62deddda0, L_000002a62dedeb30, C4<0>, C4<0>;
v000002a62de09f40_0 .net *"_ivl_0", 0 0, L_000002a62dede430;  1 drivers
v000002a62de09680_0 .net *"_ivl_4", 0 0, L_000002a62deddda0;  1 drivers
v000002a62de09220_0 .net *"_ivl_6", 0 0, L_000002a62dedeac0;  1 drivers
v000002a62de0a800_0 .net *"_ivl_8", 0 0, L_000002a62dedeb30;  1 drivers
v000002a62de085a0_0 .net "a", 0 0, L_000002a62de68810;  1 drivers
v000002a62de0a4e0_0 .net "b", 0 0, L_000002a62de68a90;  1 drivers
v000002a62de08640_0 .net "cin", 0 0, L_000002a62de69030;  1 drivers
v000002a62de09ae0_0 .net "cout", 0 0, L_000002a62dede350;  1 drivers
v000002a62de08780_0 .net "sum", 0 0, L_000002a62dededd0;  1 drivers
S_000002a62de19880 .scope generate, "fa_gen[6]" "fa_gen[6]" 9 17, 9 17 0, S_000002a62de1ab40;
 .timescale 0 0;
P_000002a62dd44be0 .param/l "i" 0 9 17, +C4<0110>;
S_000002a62de19ec0 .scope module, "fa" "full_adder" 9 18, 9 33 0, S_000002a62de19880;
 .timescale 0 0;
    .port_info 0 /INPUT 1 "a";
    .port_info 1 /INPUT 1 "b";
    .port_info 2 /INPUT 1 "cin";
    .port_info 3 /OUTPUT 1 "sum";
    .port_info 4 /OUTPUT 1 "cout";
L_000002a62dedd940 .functor XOR 1, L_000002a62de69170, L_000002a62de698f0, C4<0>, C4<0>;
L_000002a62dede4a0 .functor XOR 1, L_000002a62dedd940, L_000002a62de67c30, C4<0>, C4<0>;
L_000002a62dede190 .functor AND 1, L_000002a62de69170, L_000002a62de698f0, C4<1>, C4<1>;
L_000002a62dede7b0 .functor XOR 1, L_000002a62de69170, L_000002a62de698f0, C4<0>, C4<0>;
L_000002a62dedf230 .functor AND 1, L_000002a62de67c30, L_000002a62dede7b0, C4<1>, C4<1>;
L_000002a62deddbe0 .functor OR 1, L_000002a62dede190, L_000002a62dedf230, C4<0>, C4<0>;
v000002a62de09860_0 .net *"_ivl_0", 0 0, L_000002a62dedd940;  1 drivers
v000002a62de080a0_0 .net *"_ivl_4", 0 0, L_000002a62dede190;  1 drivers
v000002a62de08dc0_0 .net *"_ivl_6", 0 0, L_000002a62dede7b0;  1 drivers
v000002a62de08e60_0 .net *"_ivl_8", 0 0, L_000002a62dedf230;  1 drivers
v000002a62de08140_0 .net "a", 0 0, L_000002a62de69170;  1 drivers
v000002a62de0a580_0 .net "b", 0 0, L_000002a62de698f0;  1 drivers
v000002a62de0a620_0 .net "cin", 0 0, L_000002a62de67c30;  1 drivers
v000002a62de09900_0 .net "cout", 0 0, L_000002a62deddbe0;  1 drivers
v000002a62de094a0_0 .net "sum", 0 0, L_000002a62dede4a0;  1 drivers
S_000002a62de1a1e0 .scope generate, "fa_gen[7]" "fa_gen[7]" 9 17, 9 17 0, S_000002a62de1ab40;
 .timescale 0 0;
P_000002a62dd44360 .param/l "i" 0 9 17, +C4<0111>;
S_000002a62de1ba20 .scope module, "fa" "full_adder" 9 18, 9 33 0, S_000002a62de1a1e0;
 .timescale 0 0;
    .port_info 0 /INPUT 1 "a";
    .port_info 1 /INPUT 1 "b";
    .port_info 2 /INPUT 1 "cin";
    .port_info 3 /OUTPUT 1 "sum";
    .port_info 4 /OUTPUT 1 "cout";
L_000002a62dedda20 .functor XOR 1, L_000002a62de69350, L_000002a62de67ff0, C4<0>, C4<0>;
L_000002a62dede040 .functor XOR 1, L_000002a62dedda20, L_000002a62de67870, C4<0>, C4<0>;
L_000002a62dede510 .functor AND 1, L_000002a62de69350, L_000002a62de67ff0, C4<1>, C4<1>;
L_000002a62dede270 .functor XOR 1, L_000002a62de69350, L_000002a62de67ff0, C4<0>, C4<0>;
L_000002a62dedf310 .functor AND 1, L_000002a62de67870, L_000002a62dede270, C4<1>, C4<1>;
L_000002a62dede0b0 .functor OR 1, L_000002a62dede510, L_000002a62dedf310, C4<0>, C4<0>;
v000002a62de08820_0 .net *"_ivl_0", 0 0, L_000002a62dedda20;  1 drivers
v000002a62de08f00_0 .net *"_ivl_4", 0 0, L_000002a62dede510;  1 drivers
v000002a62de09040_0 .net *"_ivl_6", 0 0, L_000002a62dede270;  1 drivers
v000002a62de09720_0 .net *"_ivl_8", 0 0, L_000002a62dedf310;  1 drivers
v000002a62de09180_0 .net "a", 0 0, L_000002a62de69350;  1 drivers
v000002a62de09b80_0 .net "b", 0 0, L_000002a62de67ff0;  1 drivers
v000002a62de09c20_0 .net "cin", 0 0, L_000002a62de67870;  1 drivers
v000002a62de28b60_0 .net "cout", 0 0, L_000002a62dede0b0;  1 drivers
v000002a62de27300_0 .net "sum", 0 0, L_000002a62dede040;  1 drivers
S_000002a62de1e130 .scope generate, "fa_gen[8]" "fa_gen[8]" 9 17, 9 17 0, S_000002a62de1ab40;
 .timescale 0 0;
P_000002a62dd44f20 .param/l "i" 0 9 17, +C4<01000>;
S_000002a62de1de10 .scope module, "fa" "full_adder" 9 18, 9 33 0, S_000002a62de1e130;
 .timescale 0 0;
    .port_info 0 /INPUT 1 "a";
    .port_info 1 /INPUT 1 "b";
    .port_info 2 /INPUT 1 "cin";
    .port_info 3 /OUTPUT 1 "sum";
    .port_info 4 /OUTPUT 1 "cout";
L_000002a62dedf380 .functor XOR 1, L_000002a62de695d0, L_000002a62de68c70, C4<0>, C4<0>;
L_000002a62dedde10 .functor XOR 1, L_000002a62dedf380, L_000002a62de684f0, C4<0>, C4<0>;
L_000002a62dede580 .functor AND 1, L_000002a62de695d0, L_000002a62de68c70, C4<1>, C4<1>;
L_000002a62dede5f0 .functor XOR 1, L_000002a62de695d0, L_000002a62de68c70, C4<0>, C4<0>;
L_000002a62dedd860 .functor AND 1, L_000002a62de684f0, L_000002a62dede5f0, C4<1>, C4<1>;
L_000002a62dedec10 .functor OR 1, L_000002a62dede580, L_000002a62dedd860, C4<0>, C4<0>;
v000002a62de26b80_0 .net *"_ivl_0", 0 0, L_000002a62dedf380;  1 drivers
v000002a62de273a0_0 .net *"_ivl_4", 0 0, L_000002a62dede580;  1 drivers
v000002a62de28d40_0 .net *"_ivl_6", 0 0, L_000002a62dede5f0;  1 drivers
v000002a62de27c60_0 .net *"_ivl_8", 0 0, L_000002a62dedd860;  1 drivers
v000002a62de28f20_0 .net "a", 0 0, L_000002a62de695d0;  1 drivers
v000002a62de27940_0 .net "b", 0 0, L_000002a62de68c70;  1 drivers
v000002a62de282a0_0 .net "cin", 0 0, L_000002a62de684f0;  1 drivers
v000002a62de28ca0_0 .net "cout", 0 0, L_000002a62dedec10;  1 drivers
v000002a62de27da0_0 .net "sum", 0 0, L_000002a62dedde10;  1 drivers
S_000002a62de1b0c0 .scope generate, "fa_gen[9]" "fa_gen[9]" 9 17, 9 17 0, S_000002a62de1ab40;
 .timescale 0 0;
P_000002a62dd443a0 .param/l "i" 0 9 17, +C4<01001>;
S_000002a62de1d960 .scope module, "fa" "full_adder" 9 18, 9 33 0, S_000002a62de1b0c0;
 .timescale 0 0;
    .port_info 0 /INPUT 1 "a";
    .port_info 1 /INPUT 1 "b";
    .port_info 2 /INPUT 1 "cin";
    .port_info 3 /OUTPUT 1 "sum";
    .port_info 4 /OUTPUT 1 "cout";
L_000002a62dedda90 .functor XOR 1, L_000002a62de67730, L_000002a62de68270, C4<0>, C4<0>;
L_000002a62dedeba0 .functor XOR 1, L_000002a62dedda90, L_000002a62de67910, C4<0>, C4<0>;
L_000002a62dede820 .functor AND 1, L_000002a62de67730, L_000002a62de68270, C4<1>, C4<1>;
L_000002a62dedec80 .functor XOR 1, L_000002a62de67730, L_000002a62de68270, C4<0>, C4<0>;
L_000002a62dedecf0 .functor AND 1, L_000002a62de67910, L_000002a62dedec80, C4<1>, C4<1>;
L_000002a62deded60 .functor OR 1, L_000002a62dede820, L_000002a62dedecf0, C4<0>, C4<0>;
v000002a62de26e00_0 .net *"_ivl_0", 0 0, L_000002a62dedda90;  1 drivers
v000002a62de26fe0_0 .net *"_ivl_4", 0 0, L_000002a62dede820;  1 drivers
v000002a62de28020_0 .net *"_ivl_6", 0 0, L_000002a62dedec80;  1 drivers
v000002a62de26ea0_0 .net *"_ivl_8", 0 0, L_000002a62dedecf0;  1 drivers
v000002a62de285c0_0 .net "a", 0 0, L_000002a62de67730;  1 drivers
v000002a62de27260_0 .net "b", 0 0, L_000002a62de68270;  1 drivers
v000002a62de26c20_0 .net "cin", 0 0, L_000002a62de67910;  1 drivers
v000002a62de28520_0 .net "cout", 0 0, L_000002a62deded60;  1 drivers
v000002a62de27440_0 .net "sum", 0 0, L_000002a62dedeba0;  1 drivers
S_000002a62de1e770 .scope generate, "fa_gen[10]" "fa_gen[10]" 9 17, 9 17 0, S_000002a62de1ab40;
 .timescale 0 0;
P_000002a62dd443e0 .param/l "i" 0 9 17, +C4<01010>;
S_000002a62de1daf0 .scope module, "fa" "full_adder" 9 18, 9 33 0, S_000002a62de1e770;
 .timescale 0 0;
    .port_info 0 /INPUT 1 "a";
    .port_info 1 /INPUT 1 "b";
    .port_info 2 /INPUT 1 "cin";
    .port_info 3 /OUTPUT 1 "sum";
    .port_info 4 /OUTPUT 1 "cout";
L_000002a62deddb00 .functor XOR 1, L_000002a62de68b30, L_000002a62de68630, C4<0>, C4<0>;
L_000002a62deddb70 .functor XOR 1, L_000002a62deddb00, L_000002a62de686d0, C4<0>, C4<0>;
L_000002a62dedfee0 .functor AND 1, L_000002a62de68b30, L_000002a62de68630, C4<1>, C4<1>;
L_000002a62dee07a0 .functor XOR 1, L_000002a62de68b30, L_000002a62de68630, C4<0>, C4<0>;
L_000002a62dedf5b0 .functor AND 1, L_000002a62de686d0, L_000002a62dee07a0, C4<1>, C4<1>;
L_000002a62dedfb60 .functor OR 1, L_000002a62dedfee0, L_000002a62dedf5b0, C4<0>, C4<0>;
v000002a62de27e40_0 .net *"_ivl_0", 0 0, L_000002a62deddb00;  1 drivers
v000002a62de28840_0 .net *"_ivl_4", 0 0, L_000002a62dedfee0;  1 drivers
v000002a62de27ee0_0 .net *"_ivl_6", 0 0, L_000002a62dee07a0;  1 drivers
v000002a62de287a0_0 .net *"_ivl_8", 0 0, L_000002a62dedf5b0;  1 drivers
v000002a62de27f80_0 .net "a", 0 0, L_000002a62de68b30;  1 drivers
v000002a62de26ae0_0 .net "b", 0 0, L_000002a62de68630;  1 drivers
v000002a62de26cc0_0 .net "cin", 0 0, L_000002a62de686d0;  1 drivers
v000002a62de28660_0 .net "cout", 0 0, L_000002a62dedfb60;  1 drivers
v000002a62de280c0_0 .net "sum", 0 0, L_000002a62deddb70;  1 drivers
S_000002a62de1d000 .scope generate, "fa_gen[11]" "fa_gen[11]" 9 17, 9 17 0, S_000002a62de1ab40;
 .timescale 0 0;
P_000002a62dd44520 .param/l "i" 0 9 17, +C4<01011>;
S_000002a62de1e900 .scope module, "fa" "full_adder" 9 18, 9 33 0, S_000002a62de1d000;
 .timescale 0 0;
    .port_info 0 /INPUT 1 "a";
    .port_info 1 /INPUT 1 "b";
    .port_info 2 /INPUT 1 "cin";
    .port_info 3 /OUTPUT 1 "sum";
    .port_info 4 /OUTPUT 1 "cout";
L_000002a62dedf540 .functor XOR 1, L_000002a62de69210, L_000002a62de67cd0, C4<0>, C4<0>;
L_000002a62dedff50 .functor XOR 1, L_000002a62dedf540, L_000002a62de681d0, C4<0>, C4<0>;
L_000002a62dedfd90 .functor AND 1, L_000002a62de69210, L_000002a62de67cd0, C4<1>, C4<1>;
L_000002a62dee0260 .functor XOR 1, L_000002a62de69210, L_000002a62de67cd0, C4<0>, C4<0>;
L_000002a62dee0a40 .functor AND 1, L_000002a62de681d0, L_000002a62dee0260, C4<1>, C4<1>;
L_000002a62dedf7e0 .functor OR 1, L_000002a62dedfd90, L_000002a62dee0a40, C4<0>, C4<0>;
v000002a62de28480_0 .net *"_ivl_0", 0 0, L_000002a62dedf540;  1 drivers
v000002a62de26d60_0 .net *"_ivl_4", 0 0, L_000002a62dedfd90;  1 drivers
v000002a62de274e0_0 .net *"_ivl_6", 0 0, L_000002a62dee0260;  1 drivers
v000002a62de28160_0 .net *"_ivl_8", 0 0, L_000002a62dee0a40;  1 drivers
v000002a62de28700_0 .net "a", 0 0, L_000002a62de69210;  1 drivers
v000002a62de27bc0_0 .net "b", 0 0, L_000002a62de67cd0;  1 drivers
v000002a62de27d00_0 .net "cin", 0 0, L_000002a62de681d0;  1 drivers
v000002a62de27580_0 .net "cout", 0 0, L_000002a62dedf7e0;  1 drivers
v000002a62de27a80_0 .net "sum", 0 0, L_000002a62dedff50;  1 drivers
S_000002a62de1c6a0 .scope generate, "fa_gen[12]" "fa_gen[12]" 9 17, 9 17 0, S_000002a62de1ab40;
 .timescale 0 0;
P_000002a62dd44560 .param/l "i" 0 9 17, +C4<01100>;
S_000002a62de1dc80 .scope module, "fa" "full_adder" 9 18, 9 33 0, S_000002a62de1c6a0;
 .timescale 0 0;
    .port_info 0 /INPUT 1 "a";
    .port_info 1 /INPUT 1 "b";
    .port_info 2 /INPUT 1 "cin";
    .port_info 3 /OUTPUT 1 "sum";
    .port_info 4 /OUTPUT 1 "cout";
L_000002a62dee0ff0 .functor XOR 1, L_000002a62de679b0, L_000002a62de692b0, C4<0>, C4<0>;
L_000002a62dee0dc0 .functor XOR 1, L_000002a62dee0ff0, L_000002a62de68d10, C4<0>, C4<0>;
L_000002a62dedf770 .functor AND 1, L_000002a62de679b0, L_000002a62de692b0, C4<1>, C4<1>;
L_000002a62dedffc0 .functor XOR 1, L_000002a62de679b0, L_000002a62de692b0, C4<0>, C4<0>;
L_000002a62dee02d0 .functor AND 1, L_000002a62de68d10, L_000002a62dedffc0, C4<1>, C4<1>;
L_000002a62dedfe70 .functor OR 1, L_000002a62dedf770, L_000002a62dee02d0, C4<0>, C4<0>;
v000002a62de288e0_0 .net *"_ivl_0", 0 0, L_000002a62dee0ff0;  1 drivers
v000002a62de26f40_0 .net *"_ivl_4", 0 0, L_000002a62dedf770;  1 drivers
v000002a62de28200_0 .net *"_ivl_6", 0 0, L_000002a62dedffc0;  1 drivers
v000002a62de27620_0 .net *"_ivl_8", 0 0, L_000002a62dee02d0;  1 drivers
v000002a62de29060_0 .net "a", 0 0, L_000002a62de679b0;  1 drivers
v000002a62de27080_0 .net "b", 0 0, L_000002a62de692b0;  1 drivers
v000002a62de278a0_0 .net "cin", 0 0, L_000002a62de68d10;  1 drivers
v000002a62de28340_0 .net "cout", 0 0, L_000002a62dedfe70;  1 drivers
v000002a62de283e0_0 .net "sum", 0 0, L_000002a62dee0dc0;  1 drivers
S_000002a62de1c9c0 .scope generate, "fa_gen[13]" "fa_gen[13]" 9 17, 9 17 0, S_000002a62de1ab40;
 .timescale 0 0;
P_000002a62dd445a0 .param/l "i" 0 9 17, +C4<01101>;
S_000002a62de1d640 .scope module, "fa" "full_adder" 9 18, 9 33 0, S_000002a62de1c9c0;
 .timescale 0 0;
    .port_info 0 /INPUT 1 "a";
    .port_info 1 /INPUT 1 "b";
    .port_info 2 /INPUT 1 "cin";
    .port_info 3 /OUTPUT 1 "sum";
    .port_info 4 /OUTPUT 1 "cout";
L_000002a62dedf8c0 .functor XOR 1, L_000002a62de693f0, L_000002a62de675f0, C4<0>, C4<0>;
L_000002a62dee0180 .functor XOR 1, L_000002a62dedf8c0, L_000002a62de683b0, C4<0>, C4<0>;
L_000002a62dee0960 .functor AND 1, L_000002a62de693f0, L_000002a62de675f0, C4<1>, C4<1>;
L_000002a62dee01f0 .functor XOR 1, L_000002a62de693f0, L_000002a62de675f0, C4<0>, C4<0>;
L_000002a62dee0ea0 .functor AND 1, L_000002a62de683b0, L_000002a62dee01f0, C4<1>, C4<1>;
L_000002a62dee0e30 .functor OR 1, L_000002a62dee0960, L_000002a62dee0ea0, C4<0>, C4<0>;
v000002a62de28a20_0 .net *"_ivl_0", 0 0, L_000002a62dedf8c0;  1 drivers
v000002a62de27120_0 .net *"_ivl_4", 0 0, L_000002a62dee0960;  1 drivers
v000002a62de28980_0 .net *"_ivl_6", 0 0, L_000002a62dee01f0;  1 drivers
v000002a62de276c0_0 .net *"_ivl_8", 0 0, L_000002a62dee0ea0;  1 drivers
v000002a62de27760_0 .net "a", 0 0, L_000002a62de693f0;  1 drivers
v000002a62de269a0_0 .net "b", 0 0, L_000002a62de675f0;  1 drivers
v000002a62de28ac0_0 .net "cin", 0 0, L_000002a62de683b0;  1 drivers
v000002a62de27b20_0 .net "cout", 0 0, L_000002a62dee0e30;  1 drivers
v000002a62de271c0_0 .net "sum", 0 0, L_000002a62dee0180;  1 drivers
S_000002a62de1c510 .scope generate, "fa_gen[14]" "fa_gen[14]" 9 17, 9 17 0, S_000002a62de1ab40;
 .timescale 0 0;
P_000002a62dd44c20 .param/l "i" 0 9 17, +C4<01110>;
S_000002a62de1cb50 .scope module, "fa" "full_adder" 9 18, 9 33 0, S_000002a62de1c510;
 .timescale 0 0;
    .port_info 0 /INPUT 1 "a";
    .port_info 1 /INPUT 1 "b";
    .port_info 2 /INPUT 1 "cin";
    .port_info 3 /OUTPUT 1 "sum";
    .port_info 4 /OUTPUT 1 "cout";
L_000002a62dee0650 .functor XOR 1, L_000002a62de68770, L_000002a62de69530, C4<0>, C4<0>;
L_000002a62dee0340 .functor XOR 1, L_000002a62dee0650, L_000002a62de67a50, C4<0>, C4<0>;
L_000002a62dee0110 .functor AND 1, L_000002a62de68770, L_000002a62de69530, C4<1>, C4<1>;
L_000002a62dee09d0 .functor XOR 1, L_000002a62de68770, L_000002a62de69530, C4<0>, C4<0>;
L_000002a62dee0490 .functor AND 1, L_000002a62de67a50, L_000002a62dee09d0, C4<1>, C4<1>;
L_000002a62dedf850 .functor OR 1, L_000002a62dee0110, L_000002a62dee0490, C4<0>, C4<0>;
v000002a62de27800_0 .net *"_ivl_0", 0 0, L_000002a62dee0650;  1 drivers
v000002a62de279e0_0 .net *"_ivl_4", 0 0, L_000002a62dee0110;  1 drivers
v000002a62de28c00_0 .net *"_ivl_6", 0 0, L_000002a62dee09d0;  1 drivers
v000002a62de28de0_0 .net *"_ivl_8", 0 0, L_000002a62dee0490;  1 drivers
v000002a62de28e80_0 .net "a", 0 0, L_000002a62de68770;  1 drivers
v000002a62de28fc0_0 .net "b", 0 0, L_000002a62de69530;  1 drivers
v000002a62de26900_0 .net "cin", 0 0, L_000002a62de67a50;  1 drivers
v000002a62de26a40_0 .net "cout", 0 0, L_000002a62dedf850;  1 drivers
v000002a62de2a780_0 .net "sum", 0 0, L_000002a62dee0340;  1 drivers
S_000002a62de1c830 .scope generate, "fa_gen[15]" "fa_gen[15]" 9 17, 9 17 0, S_000002a62de1ab40;
 .timescale 0 0;
P_000002a62dd44f60 .param/l "i" 0 9 17, +C4<01111>;
S_000002a62de1b3e0 .scope module, "fa" "full_adder" 9 18, 9 33 0, S_000002a62de1c830;
 .timescale 0 0;
    .port_info 0 /INPUT 1 "a";
    .port_info 1 /INPUT 1 "b";
    .port_info 2 /INPUT 1 "cin";
    .port_info 3 /OUTPUT 1 "sum";
    .port_info 4 /OUTPUT 1 "cout";
L_000002a62dee03b0 .functor XOR 1, L_000002a62de68db0, L_000002a62de67af0, C4<0>, C4<0>;
L_000002a62dee0030 .functor XOR 1, L_000002a62dee03b0, L_000002a62de69670, C4<0>, C4<0>;
L_000002a62dee0810 .functor AND 1, L_000002a62de68db0, L_000002a62de67af0, C4<1>, C4<1>;
L_000002a62dee0c00 .functor XOR 1, L_000002a62de68db0, L_000002a62de67af0, C4<0>, C4<0>;
L_000002a62dedfbd0 .functor AND 1, L_000002a62de69670, L_000002a62dee0c00, C4<1>, C4<1>;
L_000002a62dee05e0 .functor OR 1, L_000002a62dee0810, L_000002a62dedfbd0, C4<0>, C4<0>;
v000002a62de29a60_0 .net *"_ivl_0", 0 0, L_000002a62dee03b0;  1 drivers
v000002a62de29d80_0 .net *"_ivl_4", 0 0, L_000002a62dee0810;  1 drivers
v000002a62de2a000_0 .net *"_ivl_6", 0 0, L_000002a62dee0c00;  1 drivers
v000002a62de29740_0 .net *"_ivl_8", 0 0, L_000002a62dedfbd0;  1 drivers
v000002a62de29600_0 .net "a", 0 0, L_000002a62de68db0;  1 drivers
v000002a62de2a5a0_0 .net "b", 0 0, L_000002a62de67af0;  1 drivers
v000002a62de2a320_0 .net "cin", 0 0, L_000002a62de69670;  1 drivers
v000002a62de2a280_0 .net "cout", 0 0, L_000002a62dee05e0;  1 drivers
v000002a62de2b860_0 .net "sum", 0 0, L_000002a62dee0030;  1 drivers
S_000002a62de1d7d0 .scope generate, "fa_gen[16]" "fa_gen[16]" 9 17, 9 17 0, S_000002a62de1ab40;
 .timescale 0 0;
P_000002a62dd44fa0 .param/l "i" 0 9 17, +C4<010000>;
S_000002a62de1b570 .scope module, "fa" "full_adder" 9 18, 9 33 0, S_000002a62de1d7d0;
 .timescale 0 0;
    .port_info 0 /INPUT 1 "a";
    .port_info 1 /INPUT 1 "b";
    .port_info 2 /INPUT 1 "cin";
    .port_info 3 /OUTPUT 1 "sum";
    .port_info 4 /OUTPUT 1 "cout";
L_000002a62dee00a0 .functor XOR 1, L_000002a62de69850, L_000002a62de674b0, C4<0>, C4<0>;
L_000002a62dedfe00 .functor XOR 1, L_000002a62dee00a0, L_000002a62de672d0, C4<0>, C4<0>;
L_000002a62dee0420 .functor AND 1, L_000002a62de69850, L_000002a62de674b0, C4<1>, C4<1>;
L_000002a62dee0880 .functor XOR 1, L_000002a62de69850, L_000002a62de674b0, C4<0>, C4<0>;
L_000002a62dedf930 .functor AND 1, L_000002a62de672d0, L_000002a62dee0880, C4<1>, C4<1>;
L_000002a62dee0ab0 .functor OR 1, L_000002a62dee0420, L_000002a62dedf930, C4<0>, C4<0>;
v000002a62de2a500_0 .net *"_ivl_0", 0 0, L_000002a62dee00a0;  1 drivers
v000002a62de2a0a0_0 .net *"_ivl_4", 0 0, L_000002a62dee0420;  1 drivers
v000002a62de29f60_0 .net *"_ivl_6", 0 0, L_000002a62dee0880;  1 drivers
v000002a62de2ab40_0 .net *"_ivl_8", 0 0, L_000002a62dedf930;  1 drivers
v000002a62de2a8c0_0 .net "a", 0 0, L_000002a62de69850;  1 drivers
v000002a62de2aa00_0 .net "b", 0 0, L_000002a62de674b0;  1 drivers
v000002a62de2b400_0 .net "cin", 0 0, L_000002a62de672d0;  1 drivers
v000002a62de29ec0_0 .net "cout", 0 0, L_000002a62dee0ab0;  1 drivers
v000002a62de2abe0_0 .net "sum", 0 0, L_000002a62dedfe00;  1 drivers
S_000002a62de1e2c0 .scope generate, "fa_gen[17]" "fa_gen[17]" 9 17, 9 17 0, S_000002a62de1ab40;
 .timescale 0 0;
P_000002a62dd44fe0 .param/l "i" 0 9 17, +C4<010001>;
S_000002a62de1e5e0 .scope module, "fa" "full_adder" 9 18, 9 33 0, S_000002a62de1e2c0;
 .timescale 0 0;
    .port_info 0 /INPUT 1 "a";
    .port_info 1 /INPUT 1 "b";
    .port_info 2 /INPUT 1 "cin";
    .port_info 3 /OUTPUT 1 "sum";
    .port_info 4 /OUTPUT 1 "cout";
L_000002a62dee0f10 .functor XOR 1, L_000002a62de67550, L_000002a62de6a430, C4<0>, C4<0>;
L_000002a62dedf9a0 .functor XOR 1, L_000002a62dee0f10, L_000002a62de6abb0, C4<0>, C4<0>;
L_000002a62dee0500 .functor AND 1, L_000002a62de67550, L_000002a62de6a430, C4<1>, C4<1>;
L_000002a62dee0570 .functor XOR 1, L_000002a62de67550, L_000002a62de6a430, C4<0>, C4<0>;
L_000002a62dee06c0 .functor AND 1, L_000002a62de6abb0, L_000002a62dee0570, C4<1>, C4<1>;
L_000002a62dedfa10 .functor OR 1, L_000002a62dee0500, L_000002a62dee06c0, C4<0>, C4<0>;
v000002a62de2b040_0 .net *"_ivl_0", 0 0, L_000002a62dee0f10;  1 drivers
v000002a62de29420_0 .net *"_ivl_4", 0 0, L_000002a62dee0500;  1 drivers
v000002a62de2aaa0_0 .net *"_ivl_6", 0 0, L_000002a62dee0570;  1 drivers
v000002a62de2b680_0 .net *"_ivl_8", 0 0, L_000002a62dee06c0;  1 drivers
v000002a62de2b720_0 .net "a", 0 0, L_000002a62de67550;  1 drivers
v000002a62de2afa0_0 .net "b", 0 0, L_000002a62de6a430;  1 drivers
v000002a62de29b00_0 .net "cin", 0 0, L_000002a62de6abb0;  1 drivers
v000002a62de29ce0_0 .net "cout", 0 0, L_000002a62dedfa10;  1 drivers
v000002a62de29ba0_0 .net "sum", 0 0, L_000002a62dedf9a0;  1 drivers
S_000002a62de1c060 .scope generate, "fa_gen[18]" "fa_gen[18]" 9 17, 9 17 0, S_000002a62de1ab40;
 .timescale 0 0;
P_000002a62dd45020 .param/l "i" 0 9 17, +C4<010010>;
S_000002a62de1dfa0 .scope module, "fa" "full_adder" 9 18, 9 33 0, S_000002a62de1c060;
 .timescale 0 0;
    .port_info 0 /INPUT 1 "a";
    .port_info 1 /INPUT 1 "b";
    .port_info 2 /INPUT 1 "cin";
    .port_info 3 /OUTPUT 1 "sum";
    .port_info 4 /OUTPUT 1 "cout";
L_000002a62dee0730 .functor XOR 1, L_000002a62de6a4d0, L_000002a62de6b790, C4<0>, C4<0>;
L_000002a62dee0b20 .functor XOR 1, L_000002a62dee0730, L_000002a62de6b1f0, C4<0>, C4<0>;
L_000002a62dee08f0 .functor AND 1, L_000002a62de6a4d0, L_000002a62de6b790, C4<1>, C4<1>;
L_000002a62dee0b90 .functor XOR 1, L_000002a62de6a4d0, L_000002a62de6b790, C4<0>, C4<0>;
L_000002a62dedfa80 .functor AND 1, L_000002a62de6b1f0, L_000002a62dee0b90, C4<1>, C4<1>;
L_000002a62dee0c70 .functor OR 1, L_000002a62dee08f0, L_000002a62dedfa80, C4<0>, C4<0>;
v000002a62de297e0_0 .net *"_ivl_0", 0 0, L_000002a62dee0730;  1 drivers
v000002a62de2a820_0 .net *"_ivl_4", 0 0, L_000002a62dee08f0;  1 drivers
v000002a62de296a0_0 .net *"_ivl_6", 0 0, L_000002a62dee0b90;  1 drivers
v000002a62de2b0e0_0 .net *"_ivl_8", 0 0, L_000002a62dedfa80;  1 drivers
v000002a62de2a960_0 .net "a", 0 0, L_000002a62de6a4d0;  1 drivers
v000002a62de2ad20_0 .net "b", 0 0, L_000002a62de6b790;  1 drivers
v000002a62de29c40_0 .net "cin", 0 0, L_000002a62de6b1f0;  1 drivers
v000002a62de2a3c0_0 .net "cout", 0 0, L_000002a62dee0c70;  1 drivers
v000002a62de2b540_0 .net "sum", 0 0, L_000002a62dee0b20;  1 drivers
S_000002a62de1e450 .scope generate, "fa_gen[19]" "fa_gen[19]" 9 17, 9 17 0, S_000002a62de1ab40;
 .timescale 0 0;
P_000002a62dd45ba0 .param/l "i" 0 9 17, +C4<010011>;
S_000002a62de1d190 .scope module, "fa" "full_adder" 9 18, 9 33 0, S_000002a62de1e450;
 .timescale 0 0;
    .port_info 0 /INPUT 1 "a";
    .port_info 1 /INPUT 1 "b";
    .port_info 2 /INPUT 1 "cin";
    .port_info 3 /OUTPUT 1 "sum";
    .port_info 4 /OUTPUT 1 "cout";
L_000002a62dee0ce0 .functor XOR 1, L_000002a62de69d50, L_000002a62de6ae30, C4<0>, C4<0>;
L_000002a62dee0f80 .functor XOR 1, L_000002a62dee0ce0, L_000002a62de6b290, C4<0>, C4<0>;
L_000002a62dee0d50 .functor AND 1, L_000002a62de69d50, L_000002a62de6ae30, C4<1>, C4<1>;
L_000002a62dedf460 .functor XOR 1, L_000002a62de69d50, L_000002a62de6ae30, C4<0>, C4<0>;
L_000002a62dedfaf0 .functor AND 1, L_000002a62de6b290, L_000002a62dedf460, C4<1>, C4<1>;
L_000002a62dedfc40 .functor OR 1, L_000002a62dee0d50, L_000002a62dedfaf0, C4<0>, C4<0>;
v000002a62de2b180_0 .net *"_ivl_0", 0 0, L_000002a62dee0ce0;  1 drivers
v000002a62de2a6e0_0 .net *"_ivl_4", 0 0, L_000002a62dee0d50;  1 drivers
v000002a62de2b220_0 .net *"_ivl_6", 0 0, L_000002a62dedf460;  1 drivers
v000002a62de2ac80_0 .net *"_ivl_8", 0 0, L_000002a62dedfaf0;  1 drivers
v000002a62de29e20_0 .net "a", 0 0, L_000002a62de69d50;  1 drivers
v000002a62de2adc0_0 .net "b", 0 0, L_000002a62de6ae30;  1 drivers
v000002a62de2ae60_0 .net "cin", 0 0, L_000002a62de6b290;  1 drivers
v000002a62de29380_0 .net "cout", 0 0, L_000002a62dedfc40;  1 drivers
v000002a62de2af00_0 .net "sum", 0 0, L_000002a62dee0f80;  1 drivers
S_000002a62de1ea90 .scope generate, "fa_gen[20]" "fa_gen[20]" 9 17, 9 17 0, S_000002a62de1ab40;
 .timescale 0 0;
P_000002a62dd45f20 .param/l "i" 0 9 17, +C4<010100>;
S_000002a62de1ec20 .scope module, "fa" "full_adder" 9 18, 9 33 0, S_000002a62de1ea90;
 .timescale 0 0;
    .port_info 0 /INPUT 1 "a";
    .port_info 1 /INPUT 1 "b";
    .port_info 2 /INPUT 1 "cin";
    .port_info 3 /OUTPUT 1 "sum";
    .port_info 4 /OUTPUT 1 "cout";
L_000002a62dedfcb0 .functor XOR 1, L_000002a62de6a070, L_000002a62de69b70, C4<0>, C4<0>;
L_000002a62dedf4d0 .functor XOR 1, L_000002a62dedfcb0, L_000002a62de6af70, C4<0>, C4<0>;
L_000002a62dedf620 .functor AND 1, L_000002a62de6a070, L_000002a62de69b70, C4<1>, C4<1>;
L_000002a62dedf690 .functor XOR 1, L_000002a62de6a070, L_000002a62de69b70, C4<0>, C4<0>;
L_000002a62dedfd20 .functor AND 1, L_000002a62de6af70, L_000002a62dedf690, C4<1>, C4<1>;
L_000002a62dedf700 .functor OR 1, L_000002a62dedf620, L_000002a62dedfd20, C4<0>, C4<0>;
v000002a62de292e0_0 .net *"_ivl_0", 0 0, L_000002a62dedfcb0;  1 drivers
v000002a62de2a460_0 .net *"_ivl_4", 0 0, L_000002a62dedf620;  1 drivers
v000002a62de2a640_0 .net *"_ivl_6", 0 0, L_000002a62dedf690;  1 drivers
v000002a62de2b2c0_0 .net *"_ivl_8", 0 0, L_000002a62dedfd20;  1 drivers
v000002a62de2a140_0 .net "a", 0 0, L_000002a62de6a070;  1 drivers
v000002a62de2b360_0 .net "b", 0 0, L_000002a62de69b70;  1 drivers
v000002a62de299c0_0 .net "cin", 0 0, L_000002a62de6af70;  1 drivers
v000002a62de2b4a0_0 .net "cout", 0 0, L_000002a62dedf700;  1 drivers
v000002a62de294c0_0 .net "sum", 0 0, L_000002a62dedf4d0;  1 drivers
S_000002a62de1b250 .scope generate, "fa_gen[21]" "fa_gen[21]" 9 17, 9 17 0, S_000002a62de1ab40;
 .timescale 0 0;
P_000002a62dd45da0 .param/l "i" 0 9 17, +C4<010101>;
S_000002a62de1edb0 .scope module, "fa" "full_adder" 9 18, 9 33 0, S_000002a62de1b250;
 .timescale 0 0;
    .port_info 0 /INPUT 1 "a";
    .port_info 1 /INPUT 1 "b";
    .port_info 2 /INPUT 1 "cin";
    .port_info 3 /OUTPUT 1 "sum";
    .port_info 4 /OUTPUT 1 "cout";
L_000002a62db8a490 .functor XOR 1, L_000002a62de6a6b0, L_000002a62de6ab10, C4<0>, C4<0>;
L_000002a62dee7b40 .functor XOR 1, L_000002a62db8a490, L_000002a62de6b330, C4<0>, C4<0>;
L_000002a62dee7600 .functor AND 1, L_000002a62de6a6b0, L_000002a62de6ab10, C4<1>, C4<1>;
L_000002a62dee8be0 .functor XOR 1, L_000002a62de6a6b0, L_000002a62de6ab10, C4<0>, C4<0>;
L_000002a62dee8780 .functor AND 1, L_000002a62de6b330, L_000002a62dee8be0, C4<1>, C4<1>;
L_000002a62dee7750 .functor OR 1, L_000002a62dee7600, L_000002a62dee8780, C4<0>, C4<0>;
v000002a62de2a1e0_0 .net *"_ivl_0", 0 0, L_000002a62db8a490;  1 drivers
v000002a62de29100_0 .net *"_ivl_4", 0 0, L_000002a62dee7600;  1 drivers
v000002a62de2b5e0_0 .net *"_ivl_6", 0 0, L_000002a62dee8be0;  1 drivers
v000002a62de2b7c0_0 .net *"_ivl_8", 0 0, L_000002a62dee8780;  1 drivers
v000002a62de291a0_0 .net "a", 0 0, L_000002a62de6a6b0;  1 drivers
v000002a62de29240_0 .net "b", 0 0, L_000002a62de6ab10;  1 drivers
v000002a62de29560_0 .net "cin", 0 0, L_000002a62de6b330;  1 drivers
v000002a62de29880_0 .net "cout", 0 0, L_000002a62dee7750;  1 drivers
v000002a62de29920_0 .net "sum", 0 0, L_000002a62dee7b40;  1 drivers
S_000002a62de1b700 .scope generate, "fa_gen[22]" "fa_gen[22]" 9 17, 9 17 0, S_000002a62de1ab40;
 .timescale 0 0;
P_000002a62dd45de0 .param/l "i" 0 9 17, +C4<010110>;
S_000002a62de1cce0 .scope module, "fa" "full_adder" 9 18, 9 33 0, S_000002a62de1b700;
 .timescale 0 0;
    .port_info 0 /INPUT 1 "a";
    .port_info 1 /INPUT 1 "b";
    .port_info 2 /INPUT 1 "cin";
    .port_info 3 /OUTPUT 1 "sum";
    .port_info 4 /OUTPUT 1 "cout";
L_000002a62dee7440 .functor XOR 1, L_000002a62de6a570, L_000002a62de6b3d0, C4<0>, C4<0>;
L_000002a62dee7ec0 .functor XOR 1, L_000002a62dee7440, L_000002a62de69a30, C4<0>, C4<0>;
L_000002a62dee8860 .functor AND 1, L_000002a62de6a570, L_000002a62de6b3d0, C4<1>, C4<1>;
L_000002a62dee77c0 .functor XOR 1, L_000002a62de6a570, L_000002a62de6b3d0, C4<0>, C4<0>;
L_000002a62dee8b00 .functor AND 1, L_000002a62de69a30, L_000002a62dee77c0, C4<1>, C4<1>;
L_000002a62dee8390 .functor OR 1, L_000002a62dee8860, L_000002a62dee8b00, C4<0>, C4<0>;
v000002a62de2cd00_0 .net *"_ivl_0", 0 0, L_000002a62dee7440;  1 drivers
v000002a62de2d840_0 .net *"_ivl_4", 0 0, L_000002a62dee8860;  1 drivers
v000002a62de2c120_0 .net *"_ivl_6", 0 0, L_000002a62dee77c0;  1 drivers
v000002a62de2de80_0 .net *"_ivl_8", 0 0, L_000002a62dee8b00;  1 drivers
v000002a62de2cb20_0 .net "a", 0 0, L_000002a62de6a570;  1 drivers
v000002a62de2c440_0 .net "b", 0 0, L_000002a62de6b3d0;  1 drivers
v000002a62de2c300_0 .net "cin", 0 0, L_000002a62de69a30;  1 drivers
v000002a62de2c3a0_0 .net "cout", 0 0, L_000002a62dee8390;  1 drivers
v000002a62de2bb80_0 .net "sum", 0 0, L_000002a62dee7ec0;  1 drivers
S_000002a62de1bed0 .scope generate, "fa_gen[23]" "fa_gen[23]" 9 17, 9 17 0, S_000002a62de1ab40;
 .timescale 0 0;
P_000002a62dd45220 .param/l "i" 0 9 17, +C4<010111>;
S_000002a62de1c380 .scope module, "fa" "full_adder" 9 18, 9 33 0, S_000002a62de1bed0;
 .timescale 0 0;
    .port_info 0 /INPUT 1 "a";
    .port_info 1 /INPUT 1 "b";
    .port_info 2 /INPUT 1 "cin";
    .port_info 3 /OUTPUT 1 "sum";
    .port_info 4 /OUTPUT 1 "cout";
L_000002a62dee82b0 .functor XOR 1, L_000002a62de69df0, L_000002a62de6b010, C4<0>, C4<0>;
L_000002a62dee8010 .functor XOR 1, L_000002a62dee82b0, L_000002a62de6a610, C4<0>, C4<0>;
L_000002a62dee7830 .functor AND 1, L_000002a62de69df0, L_000002a62de6b010, C4<1>, C4<1>;
L_000002a62dee8c50 .functor XOR 1, L_000002a62de69df0, L_000002a62de6b010, C4<0>, C4<0>;
L_000002a62dee7980 .functor AND 1, L_000002a62de6a610, L_000002a62dee8c50, C4<1>, C4<1>;
L_000002a62dee8630 .functor OR 1, L_000002a62dee7830, L_000002a62dee7980, C4<0>, C4<0>;
v000002a62de2c800_0 .net *"_ivl_0", 0 0, L_000002a62dee82b0;  1 drivers
v000002a62de2c760_0 .net *"_ivl_4", 0 0, L_000002a62dee7830;  1 drivers
v000002a62de2d340_0 .net *"_ivl_6", 0 0, L_000002a62dee8c50;  1 drivers
v000002a62de2da20_0 .net *"_ivl_8", 0 0, L_000002a62dee7980;  1 drivers
v000002a62de2bf40_0 .net "a", 0 0, L_000002a62de69df0;  1 drivers
v000002a62de2c6c0_0 .net "b", 0 0, L_000002a62de6b010;  1 drivers
v000002a62de2d3e0_0 .net "cin", 0 0, L_000002a62de6a610;  1 drivers
v000002a62de2d480_0 .net "cout", 0 0, L_000002a62dee8630;  1 drivers
v000002a62de2b9a0_0 .net "sum", 0 0, L_000002a62dee8010;  1 drivers
S_000002a62de1b890 .scope generate, "fa_gen[24]" "fa_gen[24]" 9 17, 9 17 0, S_000002a62de1ab40;
 .timescale 0 0;
P_000002a62dd45ea0 .param/l "i" 0 9 17, +C4<011000>;
S_000002a62de1c1f0 .scope module, "fa" "full_adder" 9 18, 9 33 0, S_000002a62de1b890;
 .timescale 0 0;
    .port_info 0 /INPUT 1 "a";
    .port_info 1 /INPUT 1 "b";
    .port_info 2 /INPUT 1 "cin";
    .port_info 3 /OUTPUT 1 "sum";
    .port_info 4 /OUTPUT 1 "cout";
L_000002a62dee8d30 .functor XOR 1, L_000002a62de6ac50, L_000002a62de6b830, C4<0>, C4<0>;
L_000002a62dee7ad0 .functor XOR 1, L_000002a62dee8d30, L_000002a62de69e90, C4<0>, C4<0>;
L_000002a62dee74b0 .functor AND 1, L_000002a62de6ac50, L_000002a62de6b830, C4<1>, C4<1>;
L_000002a62dee80f0 .functor XOR 1, L_000002a62de6ac50, L_000002a62de6b830, C4<0>, C4<0>;
L_000002a62dee8080 .functor AND 1, L_000002a62de69e90, L_000002a62dee80f0, C4<1>, C4<1>;
L_000002a62dee78a0 .functor OR 1, L_000002a62dee74b0, L_000002a62dee8080, C4<0>, C4<0>;
v000002a62de2bc20_0 .net *"_ivl_0", 0 0, L_000002a62dee8d30;  1 drivers
v000002a62de2d200_0 .net *"_ivl_4", 0 0, L_000002a62dee74b0;  1 drivers
v000002a62de2df20_0 .net *"_ivl_6", 0 0, L_000002a62dee80f0;  1 drivers
v000002a62de2dfc0_0 .net *"_ivl_8", 0 0, L_000002a62dee8080;  1 drivers
v000002a62de2cda0_0 .net "a", 0 0, L_000002a62de6ac50;  1 drivers
v000002a62de2c4e0_0 .net "b", 0 0, L_000002a62de6b830;  1 drivers
v000002a62de2c260_0 .net "cin", 0 0, L_000002a62de69e90;  1 drivers
v000002a62de2cee0_0 .net "cout", 0 0, L_000002a62dee78a0;  1 drivers
v000002a62de2ce40_0 .net "sum", 0 0, L_000002a62dee7ad0;  1 drivers
S_000002a62de1bbb0 .scope generate, "fa_gen[25]" "fa_gen[25]" 9 17, 9 17 0, S_000002a62de1ab40;
 .timescale 0 0;
P_000002a62dd45be0 .param/l "i" 0 9 17, +C4<011001>;
S_000002a62de1ce70 .scope module, "fa" "full_adder" 9 18, 9 33 0, S_000002a62de1bbb0;
 .timescale 0 0;
    .port_info 0 /INPUT 1 "a";
    .port_info 1 /INPUT 1 "b";
    .port_info 2 /INPUT 1 "cin";
    .port_info 3 /OUTPUT 1 "sum";
    .port_info 4 /OUTPUT 1 "cout";
L_000002a62dee8a20 .functor XOR 1, L_000002a62de6b470, L_000002a62de6b510, C4<0>, C4<0>;
L_000002a62dee8a90 .functor XOR 1, L_000002a62dee8a20, L_000002a62de6a890, C4<0>, C4<0>;
L_000002a62dee7c90 .functor AND 1, L_000002a62de6b470, L_000002a62de6b510, C4<1>, C4<1>;
L_000002a62dee8da0 .functor XOR 1, L_000002a62de6b470, L_000002a62de6b510, C4<0>, C4<0>;
L_000002a62dee7fa0 .functor AND 1, L_000002a62de6a890, L_000002a62dee8da0, C4<1>, C4<1>;
L_000002a62dee7f30 .functor OR 1, L_000002a62dee7c90, L_000002a62dee7fa0, C4<0>, C4<0>;
v000002a62de2d020_0 .net *"_ivl_0", 0 0, L_000002a62dee8a20;  1 drivers
v000002a62de2be00_0 .net *"_ivl_4", 0 0, L_000002a62dee7c90;  1 drivers
v000002a62de2d8e0_0 .net *"_ivl_6", 0 0, L_000002a62dee8da0;  1 drivers
v000002a62de2bcc0_0 .net *"_ivl_8", 0 0, L_000002a62dee7fa0;  1 drivers
v000002a62de2b900_0 .net "a", 0 0, L_000002a62de6b470;  1 drivers
v000002a62de2cbc0_0 .net "b", 0 0, L_000002a62de6b510;  1 drivers
v000002a62de2dd40_0 .net "cin", 0 0, L_000002a62de6a890;  1 drivers
v000002a62de2d520_0 .net "cout", 0 0, L_000002a62dee7f30;  1 drivers
v000002a62de2cc60_0 .net "sum", 0 0, L_000002a62dee8a90;  1 drivers
S_000002a62de1d320 .scope generate, "fa_gen[26]" "fa_gen[26]" 9 17, 9 17 0, S_000002a62de1ab40;
 .timescale 0 0;
P_000002a62dd45620 .param/l "i" 0 9 17, +C4<011010>;
S_000002a62de1d4b0 .scope module, "fa" "full_adder" 9 18, 9 33 0, S_000002a62de1d320;
 .timescale 0 0;
    .port_info 0 /INPUT 1 "a";
    .port_info 1 /INPUT 1 "b";
    .port_info 2 /INPUT 1 "cin";
    .port_info 3 /OUTPUT 1 "sum";
    .port_info 4 /OUTPUT 1 "cout";
L_000002a62dee76e0 .functor XOR 1, L_000002a62de6a930, L_000002a62de6acf0, C4<0>, C4<0>;
L_000002a62dee8b70 .functor XOR 1, L_000002a62dee76e0, L_000002a62de6a9d0, C4<0>, C4<0>;
L_000002a62dee8e10 .functor AND 1, L_000002a62de6a930, L_000002a62de6acf0, C4<1>, C4<1>;
L_000002a62dee7bb0 .functor XOR 1, L_000002a62de6a930, L_000002a62de6acf0, C4<0>, C4<0>;
L_000002a62dee8240 .functor AND 1, L_000002a62de6a9d0, L_000002a62dee7bb0, C4<1>, C4<1>;
L_000002a62dee7520 .functor OR 1, L_000002a62dee8e10, L_000002a62dee8240, C4<0>, C4<0>;
v000002a62de2c080_0 .net *"_ivl_0", 0 0, L_000002a62dee76e0;  1 drivers
v000002a62de2c9e0_0 .net *"_ivl_4", 0 0, L_000002a62dee8e10;  1 drivers
v000002a62de2d5c0_0 .net *"_ivl_6", 0 0, L_000002a62dee7bb0;  1 drivers
v000002a62de2d2a0_0 .net *"_ivl_8", 0 0, L_000002a62dee8240;  1 drivers
v000002a62de2bd60_0 .net "a", 0 0, L_000002a62de6a930;  1 drivers
v000002a62de2d660_0 .net "b", 0 0, L_000002a62de6acf0;  1 drivers
v000002a62de2bfe0_0 .net "cin", 0 0, L_000002a62de6a9d0;  1 drivers
v000002a62de2d700_0 .net "cout", 0 0, L_000002a62dee7520;  1 drivers
v000002a62de2dac0_0 .net "sum", 0 0, L_000002a62dee8b70;  1 drivers
S_000002a62de1bd40 .scope generate, "fa_gen[27]" "fa_gen[27]" 9 17, 9 17 0, S_000002a62de1ab40;
 .timescale 0 0;
P_000002a62dd46060 .param/l "i" 0 9 17, +C4<011011>;
S_000002a62de303a0 .scope module, "fa" "full_adder" 9 18, 9 33 0, S_000002a62de1bd40;
 .timescale 0 0;
    .port_info 0 /INPUT 1 "a";
    .port_info 1 /INPUT 1 "b";
    .port_info 2 /INPUT 1 "cin";
    .port_info 3 /OUTPUT 1 "sum";
    .port_info 4 /OUTPUT 1 "cout";
L_000002a62dee7590 .functor XOR 1, L_000002a62de6b6f0, L_000002a62de6b5b0, C4<0>, C4<0>;
L_000002a62dee8160 .functor XOR 1, L_000002a62dee7590, L_000002a62de6a750, C4<0>, C4<0>;
L_000002a62dee8e80 .functor AND 1, L_000002a62de6b6f0, L_000002a62de6b5b0, C4<1>, C4<1>;
L_000002a62dee8550 .functor XOR 1, L_000002a62de6b6f0, L_000002a62de6b5b0, C4<0>, C4<0>;
L_000002a62dee8cc0 .functor AND 1, L_000002a62de6a750, L_000002a62dee8550, C4<1>, C4<1>;
L_000002a62dee7d00 .functor OR 1, L_000002a62dee8e80, L_000002a62dee8cc0, C4<0>, C4<0>;
v000002a62de2db60_0 .net *"_ivl_0", 0 0, L_000002a62dee7590;  1 drivers
v000002a62de2c580_0 .net *"_ivl_4", 0 0, L_000002a62dee8e80;  1 drivers
v000002a62de2c940_0 .net *"_ivl_6", 0 0, L_000002a62dee8550;  1 drivers
v000002a62de2c620_0 .net *"_ivl_8", 0 0, L_000002a62dee8cc0;  1 drivers
v000002a62de2d7a0_0 .net "a", 0 0, L_000002a62de6b6f0;  1 drivers
v000002a62de2bea0_0 .net "b", 0 0, L_000002a62de6b5b0;  1 drivers
v000002a62de2d980_0 .net "cin", 0 0, L_000002a62de6a750;  1 drivers
v000002a62de2dc00_0 .net "cout", 0 0, L_000002a62dee7d00;  1 drivers
v000002a62de2c8a0_0 .net "sum", 0 0, L_000002a62dee8160;  1 drivers
S_000002a62de2fbd0 .scope generate, "fa_gen[28]" "fa_gen[28]" 9 17, 9 17 0, S_000002a62de1ab40;
 .timescale 0 0;
P_000002a62dd45c20 .param/l "i" 0 9 17, +C4<011100>;
S_000002a62de32600 .scope module, "fa" "full_adder" 9 18, 9 33 0, S_000002a62de2fbd0;
 .timescale 0 0;
    .port_info 0 /INPUT 1 "a";
    .port_info 1 /INPUT 1 "b";
    .port_info 2 /INPUT 1 "cin";
    .port_info 3 /OUTPUT 1 "sum";
    .port_info 4 /OUTPUT 1 "cout";
L_000002a62dee88d0 .functor XOR 1, L_000002a62de6a2f0, L_000002a62de6a110, C4<0>, C4<0>;
L_000002a62dee72f0 .functor XOR 1, L_000002a62dee88d0, L_000002a62de6aa70, C4<0>, C4<0>;
L_000002a62dee79f0 .functor AND 1, L_000002a62de6a2f0, L_000002a62de6a110, C4<1>, C4<1>;
L_000002a62dee7e50 .functor XOR 1, L_000002a62de6a2f0, L_000002a62de6a110, C4<0>, C4<0>;
L_000002a62dee7360 .functor AND 1, L_000002a62de6aa70, L_000002a62dee7e50, C4<1>, C4<1>;
L_000002a62dee73d0 .functor OR 1, L_000002a62dee79f0, L_000002a62dee7360, C4<0>, C4<0>;
v000002a62de2dca0_0 .net *"_ivl_0", 0 0, L_000002a62dee88d0;  1 drivers
v000002a62de2cf80_0 .net *"_ivl_4", 0 0, L_000002a62dee79f0;  1 drivers
v000002a62de2d0c0_0 .net *"_ivl_6", 0 0, L_000002a62dee7e50;  1 drivers
v000002a62de2d160_0 .net *"_ivl_8", 0 0, L_000002a62dee7360;  1 drivers
v000002a62de2ca80_0 .net "a", 0 0, L_000002a62de6a2f0;  1 drivers
v000002a62de2dde0_0 .net "b", 0 0, L_000002a62de6a110;  1 drivers
v000002a62de2c1c0_0 .net "cin", 0 0, L_000002a62de6aa70;  1 drivers
v000002a62de2e060_0 .net "cout", 0 0, L_000002a62dee73d0;  1 drivers
v000002a62de2bae0_0 .net "sum", 0 0, L_000002a62dee72f0;  1 drivers
S_000002a62de32dd0 .scope generate, "fa_gen[29]" "fa_gen[29]" 9 17, 9 17 0, S_000002a62de1ab40;
 .timescale 0 0;
P_000002a62dd45e20 .param/l "i" 0 9 17, +C4<011101>;
S_000002a62de32150 .scope module, "fa" "full_adder" 9 18, 9 33 0, S_000002a62de32dd0;
 .timescale 0 0;
    .port_info 0 /INPUT 1 "a";
    .port_info 1 /INPUT 1 "b";
    .port_info 2 /INPUT 1 "cin";
    .port_info 3 /OUTPUT 1 "sum";
    .port_info 4 /OUTPUT 1 "cout";
L_000002a62dee7c20 .functor XOR 1, L_000002a62de69c10, L_000002a62de6b0b0, C4<0>, C4<0>;
L_000002a62dee7910 .functor XOR 1, L_000002a62dee7c20, L_000002a62de6a1b0, C4<0>, C4<0>;
L_000002a62dee7a60 .functor AND 1, L_000002a62de69c10, L_000002a62de6b0b0, C4<1>, C4<1>;
L_000002a62dee7d70 .functor XOR 1, L_000002a62de69c10, L_000002a62de6b0b0, C4<0>, C4<0>;
L_000002a62dee7670 .functor AND 1, L_000002a62de6a1b0, L_000002a62dee7d70, C4<1>, C4<1>;
L_000002a62dee85c0 .functor OR 1, L_000002a62dee7a60, L_000002a62dee7670, C4<0>, C4<0>;
v000002a62de2ba40_0 .net *"_ivl_0", 0 0, L_000002a62dee7c20;  1 drivers
v000002a62de2ef60_0 .net *"_ivl_4", 0 0, L_000002a62dee7a60;  1 drivers
v000002a62de2e920_0 .net *"_ivl_6", 0 0, L_000002a62dee7d70;  1 drivers
v000002a62de2ed80_0 .net *"_ivl_8", 0 0, L_000002a62dee7670;  1 drivers
v000002a62de2ece0_0 .net "a", 0 0, L_000002a62de69c10;  1 drivers
v000002a62de2e9c0_0 .net "b", 0 0, L_000002a62de6b0b0;  1 drivers
v000002a62de2e6a0_0 .net "cin", 0 0, L_000002a62de6a1b0;  1 drivers
v000002a62de2ea60_0 .net "cout", 0 0, L_000002a62dee85c0;  1 drivers
v000002a62de2e7e0_0 .net "sum", 0 0, L_000002a62dee7910;  1 drivers
S_000002a62de322e0 .scope generate, "fa_gen[30]" "fa_gen[30]" 9 17, 9 17 0, S_000002a62de1ab40;
 .timescale 0 0;
P_000002a62dd45e60 .param/l "i" 0 9 17, +C4<011110>;
S_000002a62de2fef0 .scope module, "fa" "full_adder" 9 18, 9 33 0, S_000002a62de322e0;
 .timescale 0 0;
    .port_info 0 /INPUT 1 "a";
    .port_info 1 /INPUT 1 "b";
    .port_info 2 /INPUT 1 "cin";
    .port_info 3 /OUTPUT 1 "sum";
    .port_info 4 /OUTPUT 1 "cout";
L_000002a62dee7de0 .functor XOR 1, L_000002a62de6a250, L_000002a62de6ad90, C4<0>, C4<0>;
L_000002a62dee81d0 .functor XOR 1, L_000002a62dee7de0, L_000002a62de69ad0, C4<0>, C4<0>;
L_000002a62dee8470 .functor AND 1, L_000002a62de6a250, L_000002a62de6ad90, C4<1>, C4<1>;
L_000002a62dee8320 .functor XOR 1, L_000002a62de6a250, L_000002a62de6ad90, C4<0>, C4<0>;
L_000002a62dee8400 .functor AND 1, L_000002a62de69ad0, L_000002a62dee8320, C4<1>, C4<1>;
L_000002a62dee84e0 .functor OR 1, L_000002a62dee8470, L_000002a62dee8400, C4<0>, C4<0>;
v000002a62de2e880_0 .net *"_ivl_0", 0 0, L_000002a62dee7de0;  1 drivers
v000002a62de2ee20_0 .net *"_ivl_4", 0 0, L_000002a62dee8470;  1 drivers
v000002a62de2e380_0 .net *"_ivl_6", 0 0, L_000002a62dee8320;  1 drivers
v000002a62de2eec0_0 .net *"_ivl_8", 0 0, L_000002a62dee8400;  1 drivers
v000002a62de2eb00_0 .net "a", 0 0, L_000002a62de6a250;  1 drivers
v000002a62de2e4c0_0 .net "b", 0 0, L_000002a62de6ad90;  1 drivers
v000002a62de2e560_0 .net "cin", 0 0, L_000002a62de69ad0;  1 drivers
v000002a62de2e600_0 .net "cout", 0 0, L_000002a62dee84e0;  1 drivers
v000002a62de2e1a0_0 .net "sum", 0 0, L_000002a62dee81d0;  1 drivers
S_000002a62de2f720 .scope generate, "fa_gen[31]" "fa_gen[31]" 9 17, 9 17 0, S_000002a62de1ab40;
 .timescale 0 0;
P_000002a62dd45260 .param/l "i" 0 9 17, +C4<011111>;
S_000002a62de2fd60 .scope module, "fa" "full_adder" 9 18, 9 33 0, S_000002a62de2f720;
 .timescale 0 0;
    .port_info 0 /INPUT 1 "a";
    .port_info 1 /INPUT 1 "b";
    .port_info 2 /INPUT 1 "cin";
    .port_info 3 /OUTPUT 1 "sum";
    .port_info 4 /OUTPUT 1 "cout";
L_000002a62dee86a0 .functor XOR 1, L_000002a62de6a390, L_000002a62de6a7f0, C4<0>, C4<0>;
L_000002a62dee8710 .functor XOR 1, L_000002a62dee86a0, L_000002a62de6aed0, C4<0>, C4<0>;
L_000002a62dee87f0 .functor AND 1, L_000002a62de6a390, L_000002a62de6a7f0, C4<1>, C4<1>;
L_000002a62dee8940 .functor XOR 1, L_000002a62de6a390, L_000002a62de6a7f0, C4<0>, C4<0>;
L_000002a62dee89b0 .functor AND 1, L_000002a62de6aed0, L_000002a62dee8940, C4<1>, C4<1>;
L_000002a62dee9e40 .functor OR 1, L_000002a62dee87f0, L_000002a62dee89b0, C4<0>, C4<0>;
v000002a62de2e740_0 .net *"_ivl_0", 0 0, L_000002a62dee86a0;  1 drivers
v000002a62de2eba0_0 .net *"_ivl_4", 0 0, L_000002a62dee87f0;  1 drivers
v000002a62de2ec40_0 .net *"_ivl_6", 0 0, L_000002a62dee8940;  1 drivers
v000002a62de2e100_0 .net *"_ivl_8", 0 0, L_000002a62dee89b0;  1 drivers
v000002a62de2e420_0 .net "a", 0 0, L_000002a62de6a390;  1 drivers
v000002a62de2e2e0_0 .net "b", 0 0, L_000002a62de6a7f0;  1 drivers
v000002a62de2e240_0 .net "cin", 0 0, L_000002a62de6aed0;  1 drivers
v000002a62de1f740_0 .net "cout", 0 0, L_000002a62dee9e40;  1 drivers
v000002a62de200a0_0 .net "sum", 0 0, L_000002a62dee8710;  1 drivers
S_000002a62de2f270 .scope module, "shifter" "barrel_shifter" 6 82, 10 3 0, S_000002a62d9a3d60;
 .timescale 0 0;
    .port_info 0 /INPUT 32 "A";
    .port_info 1 /INPUT 5 "B";
    .port_info 2 /OUTPUT 32 "shr_out";
    .port_info 3 /OUTPUT 32 "shra_out";
    .port_info 4 /OUTPUT 32 "shl_out";
    .port_info 5 /OUTPUT 32 "ror_out";
    .port_info 6 /OUTPUT 32 "rol_out";
L_000002a62deeeec0 .functor BUFZ 32, L_000002a62df2a1e0, C4<00000000000000000000000000000000>, C4<00000000000000000000000000000000>, C4<00000000000000000000000000000000>;
L_000002a62deeee50 .functor BUFZ 32, L_000002a62df2a960, C4<00000000000000000000000000000000>, C4<00000000000000000000000000000000>, C4<00000000000000000000000000000000>;
L_000002a62deeef30 .functor BUFZ 32, L_000002a62df2d340, C4<00000000000000000000000000000000>, C4<00000000000000000000000000000000>, C4<00000000000000000000000000000000>;
L_000002a62deee7c0 .functor BUFZ 32, L_000002a62df2e1a0, C4<00000000000000000000000000000000>, C4<00000000000000000000000000000000>, C4<00000000000000000000000000000000>;
L_000002a62deeec90 .functor BUFZ 32, L_000002a62df2be00, C4<00000000000000000000000000000000>, C4<00000000000000000000000000000000>, C4<00000000000000000000000000000000>;
v000002a62de20e60_0 .net "A", 31 0, v000002a62de39a10_0;  alias, 1 drivers
v000002a62de20460_0 .net "B", 4 0, L_000002a62df2bea0;  1 drivers
v000002a62de1fce0_0 .net *"_ivl_1", 0 0, L_000002a62df2b680;  1 drivers
v000002a62de1fc40_0 .net *"_ivl_105", 0 0, L_000002a62df2aa00;  1 drivers
v000002a62de1f1a0_0 .net *"_ivl_107", 30 0, L_000002a62df29ce0;  1 drivers
L_000002a62de6db08 .functor BUFT 1, C4<0>, C4<0>, C4<0>, C4<0>;
v000002a62de1fe20_0 .net/2u *"_ivl_108", 0 0, L_000002a62de6db08;  1 drivers
v000002a62de1f920_0 .net *"_ivl_11", 0 0, L_000002a62df2b720;  1 drivers
v000002a62de20500_0 .net *"_ivl_110", 31 0, L_000002a62df29d80;  1 drivers
v000002a62de20140_0 .net *"_ivl_115", 0 0, L_000002a62df2ae60;  1 drivers
v000002a62de1f880_0 .net *"_ivl_117", 29 0, L_000002a62df2af00;  1 drivers
L_000002a62de6db50 .functor BUFT 1, C4<00>, C4<0>, C4<0>, C4<0>;
v000002a62de1f600_0 .net/2u *"_ivl_118", 1 0, L_000002a62de6db50;  1 drivers
L_000002a62de6d9e8 .functor BUFT 1, C4<00>, C4<0>, C4<0>, C4<0>;
v000002a62de205a0_0 .net/2u *"_ivl_12", 1 0, L_000002a62de6d9e8;  1 drivers
v000002a62de20f00_0 .net *"_ivl_120", 31 0, L_000002a62df29740;  1 drivers
v000002a62de21860_0 .net *"_ivl_125", 0 0, L_000002a62df2b040;  1 drivers
v000002a62de1fd80_0 .net *"_ivl_127", 27 0, L_000002a62df2b0e0;  1 drivers
L_000002a62de6db98 .functor BUFT 1, C4<0000>, C4<0>, C4<0>, C4<0>;
v000002a62de1fb00_0 .net/2u *"_ivl_128", 3 0, L_000002a62de6db98;  1 drivers
v000002a62de20960_0 .net *"_ivl_130", 31 0, L_000002a62df2b400;  1 drivers
v000002a62de20a00_0 .net *"_ivl_135", 0 0, L_000002a62df2b180;  1 drivers
v000002a62de1f4c0_0 .net *"_ivl_137", 23 0, L_000002a62df29880;  1 drivers
L_000002a62de6dbe0 .functor BUFT 1, C4<00000000>, C4<0>, C4<0>, C4<0>;
v000002a62de20640_0 .net/2u *"_ivl_138", 7 0, L_000002a62de6dbe0;  1 drivers
v000002a62de206e0_0 .net *"_ivl_140", 31 0, L_000002a62df2b220;  1 drivers
v000002a62de1f100_0 .net *"_ivl_145", 0 0, L_000002a62df29f60;  1 drivers
v000002a62de21720_0 .net *"_ivl_147", 15 0, L_000002a62df2cee0;  1 drivers
L_000002a62de6dc28 .functor BUFT 1, C4<0000000000000000>, C4<0>, C4<0>, C4<0>;
v000002a62de1f9c0_0 .net/2u *"_ivl_148", 15 0, L_000002a62de6dc28;  1 drivers
v000002a62de20b40_0 .net *"_ivl_15", 29 0, L_000002a62df2a000;  1 drivers
v000002a62de20aa0_0 .net *"_ivl_150", 31 0, L_000002a62df2d8e0;  1 drivers
v000002a62de20be0_0 .net *"_ivl_157", 0 0, L_000002a62df2c440;  1 drivers
v000002a62de1fec0_0 .net *"_ivl_159", 0 0, L_000002a62df2d2a0;  1 drivers
v000002a62de20c80_0 .net *"_ivl_16", 31 0, L_000002a62df2b860;  1 drivers
v000002a62de20dc0_0 .net *"_ivl_161", 30 0, L_000002a62df2bc20;  1 drivers
v000002a62de21040_0 .net *"_ivl_162", 31 0, L_000002a62df2c580;  1 drivers
v000002a62de210e0_0 .net *"_ivl_167", 0 0, L_000002a62df2d3e0;  1 drivers
v000002a62de21180_0 .net *"_ivl_169", 1 0, L_000002a62df2c800;  1 drivers
v000002a62de21220_0 .net *"_ivl_171", 29 0, L_000002a62df2cc60;  1 drivers
v000002a62de212c0_0 .net *"_ivl_172", 31 0, L_000002a62df2e240;  1 drivers
v000002a62de21360_0 .net *"_ivl_177", 0 0, L_000002a62df2d480;  1 drivers
v000002a62de1fa60_0 .net *"_ivl_179", 3 0, L_000002a62df2d980;  1 drivers
v000002a62de1f240_0 .net *"_ivl_181", 27 0, L_000002a62df2dd40;  1 drivers
v000002a62de1ff60_0 .net *"_ivl_182", 31 0, L_000002a62df2c6c0;  1 drivers
v000002a62de21680_0 .net *"_ivl_187", 0 0, L_000002a62df2c8a0;  1 drivers
v000002a62de217c0_0 .net *"_ivl_189", 7 0, L_000002a62df2cbc0;  1 drivers
v000002a62de214a0_0 .net *"_ivl_191", 23 0, L_000002a62df2cda0;  1 drivers
v000002a62de1f380_0 .net *"_ivl_192", 31 0, L_000002a62df2c300;  1 drivers
v000002a62de201e0_0 .net *"_ivl_197", 0 0, L_000002a62df2da20;  1 drivers
v000002a62de20280_0 .net *"_ivl_199", 15 0, L_000002a62df2cb20;  1 drivers
L_000002a62de6d9a0 .functor BUFT 1, C4<0>, C4<0>, C4<0>, C4<0>;
v000002a62de20320_0 .net/2u *"_ivl_2", 0 0, L_000002a62de6d9a0;  1 drivers
v000002a62de20780_0 .net *"_ivl_201", 15 0, L_000002a62df2d520;  1 drivers
v000002a62de21540_0 .net *"_ivl_202", 31 0, L_000002a62df2db60;  1 drivers
v000002a62de215e0_0 .net *"_ivl_209", 0 0, L_000002a62df2dac0;  1 drivers
v000002a62de1f420_0 .net *"_ivl_21", 0 0, L_000002a62df2b4a0;  1 drivers
v000002a62de1f560_0 .net *"_ivl_211", 30 0, L_000002a62df2c940;  1 drivers
v000002a62de1f6a0_0 .net *"_ivl_213", 0 0, L_000002a62df2dc00;  1 drivers
v000002a62de23ca0_0 .net *"_ivl_214", 31 0, L_000002a62df2bd60;  1 drivers
v000002a62de22120_0 .net *"_ivl_219", 0 0, L_000002a62df2d660;  1 drivers
L_000002a62de6da30 .functor BUFT 1, C4<0000>, C4<0>, C4<0>, C4<0>;
v000002a62de238e0_0 .net/2u *"_ivl_22", 3 0, L_000002a62de6da30;  1 drivers
v000002a62de230c0_0 .net *"_ivl_221", 29 0, L_000002a62df2c9e0;  1 drivers
v000002a62de23520_0 .net *"_ivl_223", 1 0, L_000002a62df2d700;  1 drivers
v000002a62de221c0_0 .net *"_ivl_224", 31 0, L_000002a62df2dfc0;  1 drivers
v000002a62de23d40_0 .net *"_ivl_229", 0 0, L_000002a62df2d840;  1 drivers
v000002a62de23340_0 .net *"_ivl_231", 27 0, L_000002a62df2e380;  1 drivers
v000002a62de23b60_0 .net *"_ivl_233", 3 0, L_000002a62df2d7a0;  1 drivers
v000002a62de23200_0 .net *"_ivl_234", 31 0, L_000002a62df2ce40;  1 drivers
v000002a62de232a0_0 .net *"_ivl_239", 0 0, L_000002a62df2dde0;  1 drivers
v000002a62de22bc0_0 .net *"_ivl_241", 23 0, L_000002a62df2bcc0;  1 drivers
v000002a62de23660_0 .net *"_ivl_243", 7 0, L_000002a62df2c080;  1 drivers
v000002a62de22440_0 .net *"_ivl_244", 31 0, L_000002a62df2bfe0;  1 drivers
v000002a62de22260_0 .net *"_ivl_249", 0 0, L_000002a62df2de80;  1 drivers
v000002a62de235c0_0 .net *"_ivl_25", 27 0, L_000002a62df2aaa0;  1 drivers
v000002a62de21e00_0 .net *"_ivl_251", 15 0, L_000002a62df2c4e0;  1 drivers
v000002a62de23700_0 .net *"_ivl_253", 15 0, L_000002a62df2df20;  1 drivers
v000002a62de22300_0 .net *"_ivl_254", 31 0, L_000002a62df2e060;  1 drivers
v000002a62de22620_0 .net *"_ivl_26", 31 0, L_000002a62df2a0a0;  1 drivers
v000002a62de223a0_0 .net *"_ivl_31", 0 0, L_000002a62df2a3c0;  1 drivers
L_000002a62de6da78 .functor BUFT 1, C4<00000000>, C4<0>, C4<0>, C4<0>;
v000002a62de21fe0_0 .net/2u *"_ivl_32", 7 0, L_000002a62de6da78;  1 drivers
v000002a62de233e0_0 .net *"_ivl_35", 23 0, L_000002a62df2a280;  1 drivers
v000002a62de23c00_0 .net *"_ivl_36", 31 0, L_000002a62df2b7c0;  1 drivers
v000002a62de21d60_0 .net *"_ivl_41", 0 0, L_000002a62df29920;  1 drivers
L_000002a62de6dac0 .functor BUFT 1, C4<0000000000000000>, C4<0>, C4<0>, C4<0>;
v000002a62de23480_0 .net/2u *"_ivl_42", 15 0, L_000002a62de6dac0;  1 drivers
v000002a62de23de0_0 .net *"_ivl_45", 15 0, L_000002a62df2abe0;  1 drivers
v000002a62de22da0_0 .net *"_ivl_46", 31 0, L_000002a62df2bb80;  1 drivers
v000002a62de21b80_0 .net *"_ivl_5", 30 0, L_000002a62df2a320;  1 drivers
v000002a62de22b20_0 .net *"_ivl_55", 0 0, L_000002a62df2a500;  1 drivers
v000002a62de228a0_0 .net *"_ivl_57", 30 0, L_000002a62df29ba0;  1 drivers
v000002a62de237a0_0 .net *"_ivl_58", 31 0, L_000002a62df2b2c0;  1 drivers
v000002a62de22f80_0 .net *"_ivl_6", 31 0, L_000002a62df2a5a0;  1 drivers
v000002a62de21ae0_0 .net *"_ivl_63", 0 0, L_000002a62df2ac80;  1 drivers
v000002a62de224e0_0 .net *"_ivl_64", 1 0, L_000002a62df29420;  1 drivers
v000002a62de23020_0 .net *"_ivl_67", 29 0, L_000002a62df29ec0;  1 drivers
v000002a62de23fc0_0 .net *"_ivl_68", 31 0, L_000002a62df2ab40;  1 drivers
v000002a62de23840_0 .net *"_ivl_73", 0 0, L_000002a62df29c40;  1 drivers
v000002a62de22c60_0 .net *"_ivl_74", 3 0, L_000002a62df2a780;  1 drivers
v000002a62de22080_0 .net *"_ivl_77", 27 0, L_000002a62df2ba40;  1 drivers
v000002a62de22800_0 .net *"_ivl_78", 31 0, L_000002a62df2b900;  1 drivers
v000002a62de23160_0 .net *"_ivl_83", 0 0, L_000002a62df2ad20;  1 drivers
v000002a62de23980_0 .net *"_ivl_84", 7 0, L_000002a62df2bae0;  1 drivers
v000002a62de22d00_0 .net *"_ivl_87", 23 0, L_000002a62df2a640;  1 drivers
v000002a62de23ac0_0 .net *"_ivl_88", 31 0, L_000002a62df296a0;  1 drivers
v000002a62de23a20_0 .net *"_ivl_93", 0 0, L_000002a62df294c0;  1 drivers
v000002a62de23e80_0 .net *"_ivl_94", 15 0, L_000002a62df2a820;  1 drivers
v000002a62de23f20_0 .net *"_ivl_97", 15 0, L_000002a62df2a8c0;  1 drivers
v000002a62de22e40_0 .net *"_ivl_98", 31 0, L_000002a62df29560;  1 drivers
v000002a62de21a40_0 .net "rol_out", 31 0, L_000002a62deeec90;  alias, 1 drivers
v000002a62de22a80_0 .net "rol_stage0", 31 0, L_000002a62df2d020;  1 drivers
v000002a62de24060_0 .net "rol_stage1", 31 0, L_000002a62df2dca0;  1 drivers
v000002a62de21900_0 .net "rol_stage2", 31 0, L_000002a62df2c760;  1 drivers
v000002a62de226c0_0 .net "rol_stage3", 31 0, L_000002a62df2c3a0;  1 drivers
v000002a62de22580_0 .net "rol_stage4", 31 0, L_000002a62df2be00;  1 drivers
v000002a62de22ee0_0 .net "ror_out", 31 0, L_000002a62deee7c0;  alias, 1 drivers
v000002a62de22940_0 .net "ror_stage0", 31 0, L_000002a62df2d200;  1 drivers
v000002a62de219a0_0 .net "ror_stage1", 31 0, L_000002a62df2d5c0;  1 drivers
v000002a62de21c20_0 .net "ror_stage2", 31 0, L_000002a62df2cd00;  1 drivers
v000002a62de21cc0_0 .net "ror_stage3", 31 0, L_000002a62df2e2e0;  1 drivers
v000002a62de21ea0_0 .net "ror_stage4", 31 0, L_000002a62df2e1a0;  1 drivers
v000002a62de22760_0 .net "shl_out", 31 0, L_000002a62deeef30;  alias, 1 drivers
v000002a62de21f40_0 .net "shl_stage0", 31 0, L_000002a62df2adc0;  1 drivers
v000002a62de229e0_0 .net "shl_stage1", 31 0, L_000002a62df2afa0;  1 drivers
v000002a62de26540_0 .net "shl_stage2", 31 0, L_000002a62df297e0;  1 drivers
v000002a62de25500_0 .net "shl_stage3", 31 0, L_000002a62df29e20;  1 drivers
v000002a62de24560_0 .net "shl_stage4", 31 0, L_000002a62df2d340;  1 drivers
v000002a62de242e0_0 .net "shr_out", 31 0, L_000002a62deeeec0;  alias, 1 drivers
v000002a62de25000_0 .net "shr_stage0", 31 0, L_000002a62df2b360;  1 drivers
v000002a62de241a0_0 .net "shr_stage1", 31 0, L_000002a62df29b00;  1 drivers
v000002a62de250a0_0 .net "shr_stage2", 31 0, L_000002a62df2b540;  1 drivers
v000002a62de267c0_0 .net "shr_stage3", 31 0, L_000002a62df2a460;  1 drivers
v000002a62de26220_0 .net "shr_stage4", 31 0, L_000002a62df2a1e0;  1 drivers
v000002a62de258c0_0 .net "shra_out", 31 0, L_000002a62deeee50;  alias, 1 drivers
v000002a62de262c0_0 .net "shra_stage0", 31 0, L_000002a62df2b5e0;  1 drivers
v000002a62de24740_0 .net "shra_stage1", 31 0, L_000002a62df299c0;  1 drivers
v000002a62de24ec0_0 .net "shra_stage2", 31 0, L_000002a62df29a60;  1 drivers
v000002a62de24ce0_0 .net "shra_stage3", 31 0, L_000002a62df2a6e0;  1 drivers
v000002a62de24240_0 .net "shra_stage4", 31 0, L_000002a62df2a960;  1 drivers
v000002a62de265e0_0 .net "sign_bit", 0 0, L_000002a62df29600;  1 drivers
L_000002a62df2b680 .part L_000002a62df2bea0, 0, 1;
L_000002a62df2a320 .part v000002a62de39a10_0, 1, 31;
L_000002a62df2a5a0 .concat [ 31 1 0 0], L_000002a62df2a320, L_000002a62de6d9a0;
L_000002a62df2b360 .functor MUXZ 32, v000002a62de39a10_0, L_000002a62df2a5a0, L_000002a62df2b680, C4<>;
L_000002a62df2b720 .part L_000002a62df2bea0, 1, 1;
L_000002a62df2a000 .part L_000002a62df2b360, 2, 30;
L_000002a62df2b860 .concat [ 30 2 0 0], L_000002a62df2a000, L_000002a62de6d9e8;
L_000002a62df29b00 .functor MUXZ 32, L_000002a62df2b360, L_000002a62df2b860, L_000002a62df2b720, C4<>;
L_000002a62df2b4a0 .part L_000002a62df2bea0, 2, 1;
L_000002a62df2aaa0 .part L_000002a62df29b00, 4, 28;
L_000002a62df2a0a0 .concat [ 28 4 0 0], L_000002a62df2aaa0, L_000002a62de6da30;
L_000002a62df2b540 .functor MUXZ 32, L_000002a62df29b00, L_000002a62df2a0a0, L_000002a62df2b4a0, C4<>;
L_000002a62df2a3c0 .part L_000002a62df2bea0, 3, 1;
L_000002a62df2a280 .part L_000002a62df2b540, 8, 24;
L_000002a62df2b7c0 .concat [ 24 8 0 0], L_000002a62df2a280, L_000002a62de6da78;
L_000002a62df2a460 .functor MUXZ 32, L_000002a62df2b540, L_000002a62df2b7c0, L_000002a62df2a3c0, C4<>;
L_000002a62df29920 .part L_000002a62df2bea0, 4, 1;
L_000002a62df2abe0 .part L_000002a62df2a460, 16, 16;
L_000002a62df2bb80 .concat [ 16 16 0 0], L_000002a62df2abe0, L_000002a62de6dac0;
L_000002a62df2a1e0 .functor MUXZ 32, L_000002a62df2a460, L_000002a62df2bb80, L_000002a62df29920, C4<>;
L_000002a62df29600 .part v000002a62de39a10_0, 31, 1;
L_000002a62df2a500 .part L_000002a62df2bea0, 0, 1;
L_000002a62df29ba0 .part v000002a62de39a10_0, 1, 31;
L_000002a62df2b2c0 .concat [ 31 1 0 0], L_000002a62df29ba0, L_000002a62df29600;
L_000002a62df2b5e0 .functor MUXZ 32, v000002a62de39a10_0, L_000002a62df2b2c0, L_000002a62df2a500, C4<>;
L_000002a62df2ac80 .part L_000002a62df2bea0, 1, 1;
L_000002a62df29420 .concat [ 1 1 0 0], L_000002a62df29600, L_000002a62df29600;
L_000002a62df29ec0 .part L_000002a62df2b5e0, 2, 30;
L_000002a62df2ab40 .concat [ 30 2 0 0], L_000002a62df29ec0, L_000002a62df29420;
L_000002a62df299c0 .functor MUXZ 32, L_000002a62df2b5e0, L_000002a62df2ab40, L_000002a62df2ac80, C4<>;
L_000002a62df29c40 .part L_000002a62df2bea0, 2, 1;
L_000002a62df2a780 .concat [ 1 1 1 1], L_000002a62df29600, L_000002a62df29600, L_000002a62df29600, L_000002a62df29600;
L_000002a62df2ba40 .part L_000002a62df299c0, 4, 28;
L_000002a62df2b900 .concat [ 28 4 0 0], L_000002a62df2ba40, L_000002a62df2a780;
L_000002a62df29a60 .functor MUXZ 32, L_000002a62df299c0, L_000002a62df2b900, L_000002a62df29c40, C4<>;
L_000002a62df2ad20 .part L_000002a62df2bea0, 3, 1;
LS_000002a62df2bae0_0_0 .concat [ 1 1 1 1], L_000002a62df29600, L_000002a62df29600, L_000002a62df29600, L_000002a62df29600;
LS_000002a62df2bae0_0_4 .concat [ 1 1 1 1], L_000002a62df29600, L_000002a62df29600, L_000002a62df29600, L_000002a62df29600;
L_000002a62df2bae0 .concat [ 4 4 0 0], LS_000002a62df2bae0_0_0, LS_000002a62df2bae0_0_4;
L_000002a62df2a640 .part L_000002a62df29a60, 8, 24;
L_000002a62df296a0 .concat [ 24 8 0 0], L_000002a62df2a640, L_000002a62df2bae0;
L_000002a62df2a6e0 .functor MUXZ 32, L_000002a62df29a60, L_000002a62df296a0, L_000002a62df2ad20, C4<>;
L_000002a62df294c0 .part L_000002a62df2bea0, 4, 1;
LS_000002a62df2a820_0_0 .concat [ 1 1 1 1], L_000002a62df29600, L_000002a62df29600, L_000002a62df29600, L_000002a62df29600;
LS_000002a62df2a820_0_4 .concat [ 1 1 1 1], L_000002a62df29600, L_000002a62df29600, L_000002a62df29600, L_000002a62df29600;
LS_000002a62df2a820_0_8 .concat [ 1 1 1 1], L_000002a62df29600, L_000002a62df29600, L_000002a62df29600, L_000002a62df29600;
LS_000002a62df2a820_0_12 .concat [ 1 1 1 1], L_000002a62df29600, L_000002a62df29600, L_000002a62df29600, L_000002a62df29600;
L_000002a62df2a820 .concat [ 4 4 4 4], LS_000002a62df2a820_0_0, LS_000002a62df2a820_0_4, LS_000002a62df2a820_0_8, LS_000002a62df2a820_0_12;
L_000002a62df2a8c0 .part L_000002a62df2a6e0, 16, 16;
L_000002a62df29560 .concat [ 16 16 0 0], L_000002a62df2a8c0, L_000002a62df2a820;
L_000002a62df2a960 .functor MUXZ 32, L_000002a62df2a6e0, L_000002a62df29560, L_000002a62df294c0, C4<>;
L_000002a62df2aa00 .part L_000002a62df2bea0, 0, 1;
L_000002a62df29ce0 .part v000002a62de39a10_0, 0, 31;
L_000002a62df29d80 .concat [ 1 31 0 0], L_000002a62de6db08, L_000002a62df29ce0;
L_000002a62df2adc0 .functor MUXZ 32, v000002a62de39a10_0, L_000002a62df29d80, L_000002a62df2aa00, C4<>;
L_000002a62df2ae60 .part L_000002a62df2bea0, 1, 1;
L_000002a62df2af00 .part L_000002a62df2adc0, 0, 30;
L_000002a62df29740 .concat [ 2 30 0 0], L_000002a62de6db50, L_000002a62df2af00;
L_000002a62df2afa0 .functor MUXZ 32, L_000002a62df2adc0, L_000002a62df29740, L_000002a62df2ae60, C4<>;
L_000002a62df2b040 .part L_000002a62df2bea0, 2, 1;
L_000002a62df2b0e0 .part L_000002a62df2afa0, 0, 28;
L_000002a62df2b400 .concat [ 4 28 0 0], L_000002a62de6db98, L_000002a62df2b0e0;
L_000002a62df297e0 .functor MUXZ 32, L_000002a62df2afa0, L_000002a62df2b400, L_000002a62df2b040, C4<>;
L_000002a62df2b180 .part L_000002a62df2bea0, 3, 1;
L_000002a62df29880 .part L_000002a62df297e0, 0, 24;
L_000002a62df2b220 .concat [ 8 24 0 0], L_000002a62de6dbe0, L_000002a62df29880;
L_000002a62df29e20 .functor MUXZ 32, L_000002a62df297e0, L_000002a62df2b220, L_000002a62df2b180, C4<>;
L_000002a62df29f60 .part L_000002a62df2bea0, 4, 1;
L_000002a62df2cee0 .part L_000002a62df29e20, 0, 16;
L_000002a62df2d8e0 .concat [ 16 16 0 0], L_000002a62de6dc28, L_000002a62df2cee0;
L_000002a62df2d340 .functor MUXZ 32, L_000002a62df29e20, L_000002a62df2d8e0, L_000002a62df29f60, C4<>;
L_000002a62df2c440 .part L_000002a62df2bea0, 0, 1;
L_000002a62df2d2a0 .part v000002a62de39a10_0, 0, 1;
L_000002a62df2bc20 .part v000002a62de39a10_0, 1, 31;
L_000002a62df2c580 .concat [ 31 1 0 0], L_000002a62df2bc20, L_000002a62df2d2a0;
L_000002a62df2d200 .functor MUXZ 32, v000002a62de39a10_0, L_000002a62df2c580, L_000002a62df2c440, C4<>;
L_000002a62df2d3e0 .part L_000002a62df2bea0, 1, 1;
L_000002a62df2c800 .part L_000002a62df2d200, 0, 2;
L_000002a62df2cc60 .part L_000002a62df2d200, 2, 30;
L_000002a62df2e240 .concat [ 30 2 0 0], L_000002a62df2cc60, L_000002a62df2c800;
L_000002a62df2d5c0 .functor MUXZ 32, L_000002a62df2d200, L_000002a62df2e240, L_000002a62df2d3e0, C4<>;
L_000002a62df2d480 .part L_000002a62df2bea0, 2, 1;
L_000002a62df2d980 .part L_000002a62df2d5c0, 0, 4;
L_000002a62df2dd40 .part L_000002a62df2d5c0, 4, 28;
L_000002a62df2c6c0 .concat [ 28 4 0 0], L_000002a62df2dd40, L_000002a62df2d980;
L_000002a62df2cd00 .functor MUXZ 32, L_000002a62df2d5c0, L_000002a62df2c6c0, L_000002a62df2d480, C4<>;
L_000002a62df2c8a0 .part L_000002a62df2bea0, 3, 1;
L_000002a62df2cbc0 .part L_000002a62df2cd00, 0, 8;
L_000002a62df2cda0 .part L_000002a62df2cd00, 8, 24;
L_000002a62df2c300 .concat [ 24 8 0 0], L_000002a62df2cda0, L_000002a62df2cbc0;
L_000002a62df2e2e0 .functor MUXZ 32, L_000002a62df2cd00, L_000002a62df2c300, L_000002a62df2c8a0, C4<>;
L_000002a62df2da20 .part L_000002a62df2bea0, 4, 1;
L_000002a62df2cb20 .part L_000002a62df2e2e0, 0, 16;
L_000002a62df2d520 .part L_000002a62df2e2e0, 16, 16;
L_000002a62df2db60 .concat [ 16 16 0 0], L_000002a62df2d520, L_000002a62df2cb20;
L_000002a62df2e1a0 .functor MUXZ 32, L_000002a62df2e2e0, L_000002a62df2db60, L_000002a62df2da20, C4<>;
L_000002a62df2dac0 .part L_000002a62df2bea0, 0, 1;
L_000002a62df2c940 .part v000002a62de39a10_0, 0, 31;
L_000002a62df2dc00 .part v000002a62de39a10_0, 31, 1;
L_000002a62df2bd60 .concat [ 1 31 0 0], L_000002a62df2dc00, L_000002a62df2c940;
L_000002a62df2d020 .functor MUXZ 32, v000002a62de39a10_0, L_000002a62df2bd60, L_000002a62df2dac0, C4<>;
L_000002a62df2d660 .part L_000002a62df2bea0, 1, 1;
L_000002a62df2c9e0 .part L_000002a62df2d020, 0, 30;
L_000002a62df2d700 .part L_000002a62df2d020, 30, 2;
L_000002a62df2dfc0 .concat [ 2 30 0 0], L_000002a62df2d700, L_000002a62df2c9e0;
L_000002a62df2dca0 .functor MUXZ 32, L_000002a62df2d020, L_000002a62df2dfc0, L_000002a62df2d660, C4<>;
L_000002a62df2d840 .part L_000002a62df2bea0, 2, 1;
L_000002a62df2e380 .part L_000002a62df2dca0, 0, 28;
L_000002a62df2d7a0 .part L_000002a62df2dca0, 28, 4;
L_000002a62df2ce40 .concat [ 4 28 0 0], L_000002a62df2d7a0, L_000002a62df2e380;
L_000002a62df2c760 .functor MUXZ 32, L_000002a62df2dca0, L_000002a62df2ce40, L_000002a62df2d840, C4<>;
L_000002a62df2dde0 .part L_000002a62df2bea0, 3, 1;
L_000002a62df2bcc0 .part L_000002a62df2c760, 0, 24;
L_000002a62df2c080 .part L_000002a62df2c760, 24, 8;
L_000002a62df2bfe0 .concat [ 8 24 0 0], L_000002a62df2c080, L_000002a62df2bcc0;
L_000002a62df2c3a0 .functor MUXZ 32, L_000002a62df2c760, L_000002a62df2bfe0, L_000002a62df2dde0, C4<>;
L_000002a62df2de80 .part L_000002a62df2bea0, 4, 1;
L_000002a62df2c4e0 .part L_000002a62df2c3a0, 0, 16;
L_000002a62df2df20 .part L_000002a62df2c3a0, 16, 16;
L_000002a62df2e060 .concat [ 16 16 0 0], L_000002a62df2df20, L_000002a62df2c4e0;
L_000002a62df2be00 .functor MUXZ 32, L_000002a62df2c3a0, L_000002a62df2e060, L_000002a62df2de80, C4<>;
S_000002a62de31e30 .scope module, "bmux" "bus_mux_enc" 5 234, 11 1 0, S_000002a62dd762c0;
 .timescale 0 0;
    .port_info 0 /INPUT 5 "bus_sel";
    .port_info 1 /INPUT 32 "r0";
    .port_info 2 /INPUT 32 "r1";
    .port_info 3 /INPUT 32 "r2";
    .port_info 4 /INPUT 32 "r3";
    .port_info 5 /INPUT 32 "r4";
    .port_info 6 /INPUT 32 "r5";
    .port_info 7 /INPUT 32 "r6";
    .port_info 8 /INPUT 32 "r7";
    .port_info 9 /INPUT 32 "r8";
    .port_info 10 /INPUT 32 "r9";
    .port_info 11 /INPUT 32 "r10";
    .port_info 12 /INPUT 32 "r11";
    .port_info 13 /INPUT 32 "r12";
    .port_info 14 /INPUT 32 "r13";
    .port_info 15 /INPUT 32 "r14";
    .port_info 16 /INPUT 32 "r15";
    .port_info 17 /INPUT 32 "hi_val";
    .port_info 18 /INPUT 32 "lo_val";
    .port_info 19 /INPUT 32 "zhigh_val";
    .port_info 20 /INPUT 32 "zlow_val";
    .port_info 21 /INPUT 32 "pc_val";
    .port_info 22 /INPUT 32 "mdr_val";
    .port_info 23 /INPUT 32 "inport_val";
    .port_info 24 /INPUT 32 "c_val";
    .port_info 25 /OUTPUT 32 "BusMuxOut";
v000002a62de24600_0 .var "BusMuxOut", 31 0;
v000002a62de24d80_0 .net "bus_sel", 4 0, v000002a62de38c50_0;  alias, 1 drivers
v000002a62de246a0_0 .net "c_val", 31 0, L_000002a62de63950;  alias, 1 drivers
v000002a62de251e0_0 .net "hi_val", 31 0, v000002a62de3c030_0;  alias, 1 drivers
v000002a62de24920_0 .net "inport_val", 31 0, v000002a62de3be50_0;  alias, 1 drivers
v000002a62de25c80_0 .net "lo_val", 31 0, v000002a62de3b630_0;  alias, 1 drivers
v000002a62de260e0_0 .net "mdr_val", 31 0, v000002a62de38d90_0;  alias, 1 drivers
v000002a62de247e0_0 .net "pc_val", 31 0, v000002a62de39790_0;  alias, 1 drivers
v000002a62de24880_0 .net "r0", 31 0, L_000002a62de5e630;  alias, 1 drivers
v000002a62de25460_0 .net "r1", 31 0, v000002a62de54450_0;  alias, 1 drivers
v000002a62de25280_0 .net "r10", 31 0, v000002a62de55030_0;  alias, 1 drivers
v000002a62de24b00_0 .net "r11", 31 0, v000002a62de54d10_0;  alias, 1 drivers
v000002a62de25320_0 .net "r12", 31 0, v000002a62de54310_0;  alias, 1 drivers
v000002a62de253c0_0 .net "r13", 31 0, v000002a62de53c30_0;  alias, 1 drivers
v000002a62de249c0_0 .net "r14", 31 0, v000002a62de54130_0;  alias, 1 drivers
v000002a62de25960_0 .net "r15", 31 0, v000002a62de53910_0;  alias, 1 drivers
v000002a62de24a60_0 .net "r2", 31 0, v000002a62de537d0_0;  alias, 1 drivers
v000002a62de25820_0 .net "r3", 31 0, v000002a62de549f0_0;  alias, 1 drivers
v000002a62de24ba0_0 .net "r4", 31 0, v000002a62de564d0_0;  alias, 1 drivers
v000002a62de25aa0_0 .net "r5", 31 0, v000002a62de56d90_0;  alias, 1 drivers
v000002a62de24c40_0 .net "r6", 31 0, v000002a62de56f70_0;  alias, 1 drivers
v000002a62de25be0_0 .net "r7", 31 0, v000002a62de578d0_0;  alias, 1 drivers
v000002a62de25d20_0 .net "r8", 31 0, v000002a62de562f0_0;  alias, 1 drivers
v000002a62de25e60_0 .net "r9", 31 0, v000002a62de56390_0;  alias, 1 drivers
v000002a62de25f00_0 .net "zhigh_val", 31 0, L_000002a62de5f170;  alias, 1 drivers
v000002a62de25fa0_0 .net "zlow_val", 31 0, L_000002a62de5d410;  alias, 1 drivers
E_000002a62dd43d20/0 .event anyedge, v000002a62de24d80_0, v000002a62de24880_0, v000002a62de25460_0, v000002a62de24a60_0;
E_000002a62dd43d20/1 .event anyedge, v000002a62de25820_0, v000002a62de24ba0_0, v000002a62de25aa0_0, v000002a62de24c40_0;
E_000002a62dd43d20/2 .event anyedge, v000002a62de25be0_0, v000002a62de25d20_0, v000002a62de25e60_0, v000002a62de25280_0;
E_000002a62dd43d20/3 .event anyedge, v000002a62de24b00_0, v000002a62de25320_0, v000002a62de253c0_0, v000002a62de249c0_0;
E_000002a62dd43d20/4 .event anyedge, v000002a62de25960_0, v000002a62de251e0_0, v000002a62de25c80_0, v000002a62de25f00_0;
E_000002a62dd43d20/5 .event anyedge, v000002a62de25fa0_0, v000002a62de247e0_0, v000002a62de260e0_0, v000002a62de24920_0;
E_000002a62dd43d20/6 .event anyedge, v000002a62de246a0_0;
E_000002a62dd43d20 .event/or E_000002a62dd43d20/0, E_000002a62dd43d20/1, E_000002a62dd43d20/2, E_000002a62dd43d20/3, E_000002a62dd43d20/4, E_000002a62dd43d20/5, E_000002a62dd43d20/6;
S_000002a62de31ca0 .scope module, "conff_inst" "con_ff" 5 190, 12 1 0, S_000002a62dd762c0;
 .timescale 0 0;
    .port_info 0 /INPUT 1 "clk";
    .port_info 1 /INPUT 1 "reset";
    .port_info 2 /INPUT 1 "con_en";
    .port_info 3 /INPUT 32 "BusMuxOut";
    .port_info 4 /INPUT 2 "c2";
    .port_info 5 /OUTPUT 1 "con";
L_000002a62dcdfcb0 .functor NOT 1, L_000002a62de63f90, C4<0>, C4<0>, C4<0>;
v000002a62de26180_0 .net "BusMuxOut", 31 0, v000002a62de24600_0;  alias, 1 drivers
L_000002a62de6cc20 .functor BUFT 1, C4<00>, C4<0>, C4<0>, C4<0>;
v000002a62de3d750_0 .net/2u *"_ivl_0", 1 0, L_000002a62de6cc20;  1 drivers
v000002a62de3ba90_0 .net *"_ivl_10", 0 0, L_000002a62de64710;  1 drivers
L_000002a62de6ccf8 .functor BUFT 1, C4<00000000000000000000000000000000>, C4<0>, C4<0>, C4<0>;
v000002a62de3bef0_0 .net/2u *"_ivl_12", 31 0, L_000002a62de6ccf8;  1 drivers
v000002a62de3c710_0 .net *"_ivl_14", 0 0, L_000002a62de62a50;  1 drivers
L_000002a62de6cd40 .functor BUFT 1, C4<10>, C4<0>, C4<0>, C4<0>;
v000002a62de3c850_0 .net/2u *"_ivl_16", 1 0, L_000002a62de6cd40;  1 drivers
v000002a62de3b3b0_0 .net *"_ivl_18", 0 0, L_000002a62de64490;  1 drivers
v000002a62de3c5d0_0 .net *"_ivl_2", 0 0, L_000002a62de64210;  1 drivers
v000002a62de3ca30_0 .net *"_ivl_21", 0 0, L_000002a62de63f90;  1 drivers
v000002a62de3cb70_0 .net *"_ivl_22", 0 0, L_000002a62dcdfcb0;  1 drivers
v000002a62de3c170_0 .net *"_ivl_25", 0 0, L_000002a62de639f0;  1 drivers
v000002a62de3b950_0 .net *"_ivl_26", 0 0, L_000002a62de62d70;  1 drivers
v000002a62de3c8f0_0 .net *"_ivl_28", 0 0, L_000002a62de63a90;  1 drivers
L_000002a62de6cc68 .functor BUFT 1, C4<00000000000000000000000000000000>, C4<0>, C4<0>, C4<0>;
v000002a62de3d070_0 .net/2u *"_ivl_4", 31 0, L_000002a62de6cc68;  1 drivers
v000002a62de3cc10_0 .net *"_ivl_6", 0 0, L_000002a62de63bd0;  1 drivers
L_000002a62de6ccb0 .functor BUFT 1, C4<01>, C4<0>, C4<0>, C4<0>;
v000002a62de3d110_0 .net/2u *"_ivl_8", 1 0, L_000002a62de6ccb0;  1 drivers
v000002a62de3c990_0 .net "c2", 1 0, L_000002a62de64170;  1 drivers
v000002a62de3b130_0 .net "clk", 0 0, v000002a62de5f8f0_0;  alias, 1 drivers
v000002a62de3b9f0_0 .var "con", 0 0;
v000002a62de3b810_0 .net "con_en", 0 0, v000002a62dd25850_0;  alias, 1 drivers
v000002a62de3bb30_0 .net "condition_met", 0 0, L_000002a62de63b30;  1 drivers
v000002a62de3ccb0_0 .net "reset", 0 0, v000002a62de5d870_0;  alias, 1 drivers
L_000002a62de64210 .cmp/eq 2, L_000002a62de64170, L_000002a62de6cc20;
L_000002a62de63bd0 .cmp/eq 32, v000002a62de24600_0, L_000002a62de6cc68;
L_000002a62de64710 .cmp/eq 2, L_000002a62de64170, L_000002a62de6ccb0;
L_000002a62de62a50 .cmp/ne 32, v000002a62de24600_0, L_000002a62de6ccf8;
L_000002a62de64490 .cmp/eq 2, L_000002a62de64170, L_000002a62de6cd40;
L_000002a62de63f90 .part v000002a62de24600_0, 31, 1;
L_000002a62de639f0 .part v000002a62de24600_0, 31, 1;
L_000002a62de62d70 .functor MUXZ 1, L_000002a62de639f0, L_000002a62dcdfcb0, L_000002a62de64490, C4<>;
L_000002a62de63a90 .functor MUXZ 1, L_000002a62de62d70, L_000002a62de62a50, L_000002a62de64710, C4<>;
L_000002a62de63b30 .functor MUXZ 1, L_000002a62de63a90, L_000002a62de63bd0, L_000002a62de64210, C4<>;
S_000002a62de31980 .scope module, "extend_c_inst" "extend_c" 5 174, 13 53 0, S_000002a62dd762c0;
 .timescale 0 0;
    .port_info 0 /INPUT 32 "IRin";
    .port_info 1 /INPUT 1 "Cout";
    .port_info 2 /OUTPUT 32 "C_extended";
v000002a62de3c670_0 .net "C_extended", 31 0, L_000002a62de62190;  alias, 1 drivers
v000002a62de3b450_0 .net "Cout", 0 0, v000002a62dd25170_0;  alias, 1 drivers
v000002a62de3c350_0 .net "IRin", 31 0, v000002a62de3c0d0_0;  alias, 1 drivers
v000002a62de3c7b0_0 .net *"_ivl_2", 12 0, L_000002a62de64850;  1 drivers
v000002a62de3c210_0 .net *"_ivl_5", 18 0, L_000002a62de627d0;  1 drivers
v000002a62de3d1b0_0 .net "sign", 0 0, L_000002a62de631d0;  1 drivers
L_000002a62de631d0 .part v000002a62de3c0d0_0, 18, 1;
LS_000002a62de64850_0_0 .concat [ 1 1 1 1], L_000002a62de631d0, L_000002a62de631d0, L_000002a62de631d0, L_000002a62de631d0;
LS_000002a62de64850_0_4 .concat [ 1 1 1 1], L_000002a62de631d0, L_000002a62de631d0, L_000002a62de631d0, L_000002a62de631d0;
LS_000002a62de64850_0_8 .concat [ 1 1 1 1], L_000002a62de631d0, L_000002a62de631d0, L_000002a62de631d0, L_000002a62de631d0;
LS_000002a62de64850_0_12 .concat [ 1 0 0 0], L_000002a62de631d0;
L_000002a62de64850 .concat [ 4 4 4 1], LS_000002a62de64850_0_0, LS_000002a62de64850_0_4, LS_000002a62de64850_0_8, LS_000002a62de64850_0_12;
L_000002a62de627d0 .part v000002a62de3c0d0_0, 0, 19;
L_000002a62de62190 .concat [ 19 13 0 0], L_000002a62de627d0, L_000002a62de64850;
S_000002a62de31fc0 .scope module, "inport_inst" "inport" 5 215, 14 18 0, S_000002a62dd762c0;
 .timescale 0 0;
    .port_info 0 /INPUT 1 "clk";
    .port_info 1 /INPUT 1 "reset";
    .port_info 2 /INPUT 1 "inport_in";
    .port_info 3 /INPUT 32 "device_in";
    .port_info 4 /OUTPUT 32 "inport_val";
v000002a62de3cd50_0 .net "clk", 0 0, v000002a62de5f8f0_0;  alias, 1 drivers
v000002a62de3d7f0_0 .net "device_in", 31 0, v000002a62de5db90_0;  alias, 1 drivers
v000002a62de3cad0_0 .net "inport_in", 0 0, v000002a62dd25210_0;  alias, 1 drivers
v000002a62de3be50_0 .var "inport_val", 31 0;
v000002a62de3bf90_0 .net "reset", 0 0, v000002a62de5d870_0;  alias, 1 drivers
S_000002a62de32920 .scope module, "key_regs_inst" "key_regs" 5 117, 15 1 0, S_000002a62dd762c0;
 .timescale 0 0;
    .port_info 0 /INPUT 1 "clk";
    .port_info 1 /INPUT 1 "reset";
    .port_info 2 /INPUT 32 "BusMuxOut";
    .port_info 3 /INPUT 1 "pc_in";
    .port_info 4 /INPUT 1 "IncPC";
    .port_info 5 /OUTPUT 32 "pc_val";
    .port_info 6 /INPUT 1 "ir_in";
    .port_info 7 /OUTPUT 32 "ir_val";
    .port_info 8 /INPUT 1 "y_in";
    .port_info 9 /OUTPUT 32 "y_val";
    .port_info 10 /INPUT 1 "zhigh_in";
    .port_info 11 /OUTPUT 32 "zhigh_val";
    .port_info 12 /INPUT 1 "zlow_in";
    .port_info 13 /OUTPUT 32 "zlow_val";
    .port_info 14 /INPUT 1 "mar_in";
    .port_info 15 /OUTPUT 32 "mar_val";
    .port_info 16 /INPUT 1 "hi_in";
    .port_info 17 /INPUT 1 "lo_in";
    .port_info 18 /OUTPUT 32 "hi_val";
    .port_info 19 /OUTPUT 32 "lo_val";
v000002a62de3a870_0 .net "BusMuxOut", 31 0, v000002a62de24600_0;  alias, 1 drivers
v000002a62de39470_0 .net "IncPC", 0 0, v000002a62dd25e90_0;  alias, 1 drivers
v000002a62de389d0_0 .net "clk", 0 0, v000002a62de5f8f0_0;  alias, 1 drivers
v000002a62de3a230_0 .net "hi_in", 0 0, v000002a62dd24db0_0;  alias, 1 drivers
v000002a62de38bb0_0 .net "hi_val", 31 0, v000002a62de3c030_0;  alias, 1 drivers
v000002a62de39b50_0 .net "ir_in", 0 0, v000002a62dd26250_0;  alias, 1 drivers
v000002a62de3aff0_0 .net "ir_val", 31 0, v000002a62de3c0d0_0;  alias, 1 drivers
v000002a62de3a910_0 .net "lo_in", 0 0, v000002a62dd24bd0_0;  alias, 1 drivers
v000002a62de396f0_0 .net "lo_val", 31 0, v000002a62de3b630_0;  alias, 1 drivers
v000002a62de39d30_0 .net "mar_in", 0 0, v000002a62dd262f0_0;  alias, 1 drivers
v000002a62de39fb0_0 .net "mar_val", 31 0, v000002a62de3d890_0;  alias, 1 drivers
v000002a62de3a190_0 .net "pc_in", 0 0, v000002a62dd26b10_0;  alias, 1 drivers
v000002a62de39dd0_0 .net "pc_val", 31 0, v000002a62de39790_0;  alias, 1 drivers
v000002a62de39010_0 .net "reset", 0 0, v000002a62de5d870_0;  alias, 1 drivers
v000002a62de39e70_0 .net "y_in", 0 0, v000002a62dd26430_0;  alias, 1 drivers
v000002a62de3a2d0_0 .net "y_val", 31 0, v000002a62de39a10_0;  alias, 1 drivers
L_000002a62de6cab8 .functor BUFT 1, C4<0>, C4<0>, C4<0>, C4<0>;
v000002a62de3a5f0_0 .net "zhigh_in", 0 0, L_000002a62de6cab8;  1 drivers
v000002a62de38e30_0 .net "zhigh_val", 31 0, v000002a62de39ab0_0;  1 drivers
L_000002a62de6cb00 .functor BUFT 1, C4<0>, C4<0>, C4<0>, C4<0>;
v000002a62de3a690_0 .net "zlow_in", 0 0, L_000002a62de6cb00;  1 drivers
v000002a62de3a7d0_0 .net "zlow_val", 31 0, v000002a62de3a730_0;  1 drivers
S_000002a62de30080 .scope module, "HI" "reg32" 15 73, 16 2 0, S_000002a62de32920;
 .timescale 0 0;
    .port_info 0 /INPUT 1 "clk";
    .port_info 1 /INPUT 1 "reset";
    .port_info 2 /INPUT 1 "en";
    .port_info 3 /INPUT 32 "d_in";
    .port_info 4 /OUTPUT 32 "d_out";
v000002a62de3cdf0_0 .net "clk", 0 0, v000002a62de5f8f0_0;  alias, 1 drivers
v000002a62de3b4f0_0 .net "d_in", 31 0, v000002a62de24600_0;  alias, 1 drivers
v000002a62de3c030_0 .var "d_out", 31 0;
v000002a62de3b1d0_0 .net "en", 0 0, v000002a62dd24db0_0;  alias, 1 drivers
v000002a62de3ce90_0 .net "reset", 0 0, v000002a62de5d870_0;  alias, 1 drivers
E_000002a62dd45fa0 .event posedge, v000002a62dd26070_0;
S_000002a62de32c40 .scope module, "IR" "reg32" 15 33, 16 2 0, S_000002a62de32920;
 .timescale 0 0;
    .port_info 0 /INPUT 1 "clk";
    .port_info 1 /INPUT 1 "reset";
    .port_info 2 /INPUT 1 "en";
    .port_info 3 /INPUT 32 "d_in";
    .port_info 4 /OUTPUT 32 "d_out";
v000002a62de3b310_0 .net "clk", 0 0, v000002a62de5f8f0_0;  alias, 1 drivers
v000002a62de3bbd0_0 .net "d_in", 31 0, v000002a62de24600_0;  alias, 1 drivers
v000002a62de3c0d0_0 .var "d_out", 31 0;
v000002a62de3c2b0_0 .net "en", 0 0, v000002a62dd26250_0;  alias, 1 drivers
v000002a62de3b8b0_0 .net "reset", 0 0, v000002a62de5d870_0;  alias, 1 drivers
S_000002a62de30850 .scope module, "LO" "reg32" 15 81, 16 2 0, S_000002a62de32920;
 .timescale 0 0;
    .port_info 0 /INPUT 1 "clk";
    .port_info 1 /INPUT 1 "reset";
    .port_info 2 /INPUT 1 "en";
    .port_info 3 /INPUT 32 "d_in";
    .port_info 4 /OUTPUT 32 "d_out";
v000002a62de3bc70_0 .net "clk", 0 0, v000002a62de5f8f0_0;  alias, 1 drivers
v000002a62de3cf30_0 .net "d_in", 31 0, v000002a62de24600_0;  alias, 1 drivers
v000002a62de3b630_0 .var "d_out", 31 0;
v000002a62de3d250_0 .net "en", 0 0, v000002a62dd24bd0_0;  alias, 1 drivers
v000002a62de3bd10_0 .net "reset", 0 0, v000002a62de5d870_0;  alias, 1 drivers
S_000002a62de30d00 .scope module, "MAR" "reg32" 15 65, 16 2 0, S_000002a62de32920;
 .timescale 0 0;
    .port_info 0 /INPUT 1 "clk";
    .port_info 1 /INPUT 1 "reset";
    .port_info 2 /INPUT 1 "en";
    .port_info 3 /INPUT 32 "d_in";
    .port_info 4 /OUTPUT 32 "d_out";
v000002a62de3cfd0_0 .net "clk", 0 0, v000002a62de5f8f0_0;  alias, 1 drivers
v000002a62de3c490_0 .net "d_in", 31 0, v000002a62de24600_0;  alias, 1 drivers
v000002a62de3d890_0 .var "d_out", 31 0;
v000002a62de3d2f0_0 .net "en", 0 0, v000002a62dd262f0_0;  alias, 1 drivers
v000002a62de3c3f0_0 .net "reset", 0 0, v000002a62de5d870_0;  alias, 1 drivers
S_000002a62de32470 .scope module, "PC" "pc_reg" 15 24, 17 3 0, S_000002a62de32920;
 .timescale 0 0;
    .port_info 0 /INPUT 1 "clk";
    .port_info 1 /INPUT 1 "reset";
    .port_info 2 /INPUT 1 "pc_in";
    .port_info 3 /INPUT 1 "IncPC";
    .port_info 4 /INPUT 32 "BusMuxOut";
    .port_info 5 /OUTPUT 32 "pc_val";
v000002a62de3a550_0 .net "BusMuxOut", 31 0, v000002a62de24600_0;  alias, 1 drivers
v000002a62de398d0_0 .net "IncPC", 0 0, v000002a62dd25e90_0;  alias, 1 drivers
v000002a62de39290_0 .net "clk", 0 0, v000002a62de5f8f0_0;  alias, 1 drivers
v000002a62de39150_0 .net "cout", 0 0, L_000002a62de638b0;  1 drivers
v000002a62de395b0_0 .net "pc_in", 0 0, v000002a62dd26b10_0;  alias, 1 drivers
v000002a62de39830_0 .net "pc_plus_one", 31 0, L_000002a62de63db0;  1 drivers
v000002a62de39790_0 .var "pc_val", 31 0;
v000002a62de391f0_0 .net "reset", 0 0, v000002a62de5d870_0;  alias, 1 drivers
S_000002a62de309e0 .scope module, "inc_adder" "ripple_carry_adder" 17 15, 9 3 0, S_000002a62de32470;
 .timescale 0 0;
    .port_info 0 /INPUT 32 "A";
    .port_info 1 /INPUT 32 "B";
    .port_info 2 /INPUT 1 "Cin";
    .port_info 3 /OUTPUT 32 "Sum";
    .port_info 4 /OUTPUT 1 "Cout";
    .port_info 5 /OUTPUT 1 "Overflow";
L_000002a62de6ca70 .functor BUFT 1, C4<0>, C4<0>, C4<0>, C4<0>;
L_000002a62dce11b0 .functor BUFZ 1, L_000002a62de6ca70, C4<0>, C4<0>, C4<0>;
L_000002a62dce14c0 .functor XOR 1, L_000002a62de634f0, L_000002a62de642b0, C4<0>, C4<0>;
v000002a62de368b0_0 .net "A", 31 0, v000002a62de39790_0;  alias, 1 drivers
L_000002a62de6ca28 .functor BUFT 1, C4<00000000000000000000000000000001>, C4<0>, C4<0>, C4<0>;
v000002a62de36950_0 .net "B", 31 0, L_000002a62de6ca28;  1 drivers
v000002a62de369f0_0 .net "Cin", 0 0, L_000002a62de6ca70;  1 drivers
v000002a62de36a90_0 .net "Cout", 0 0, L_000002a62de638b0;  alias, 1 drivers
v000002a62de39f10_0 .net "Overflow", 0 0, L_000002a62dce14c0;  1 drivers
v000002a62de3a4b0_0 .net "Sum", 31 0, L_000002a62de63db0;  alias, 1 drivers
v000002a62de39330_0 .net *"_ivl_229", 0 0, L_000002a62dce11b0;  1 drivers
v000002a62de38a70_0 .net *"_ivl_233", 0 0, L_000002a62de634f0;  1 drivers
v000002a62de39970_0 .net *"_ivl_235", 0 0, L_000002a62de642b0;  1 drivers
v000002a62de39bf0_0 .net "carry", 32 0, L_000002a62de62370;  1 drivers
L_000002a62de5de10 .part v000002a62de39790_0, 0, 1;
L_000002a62de5e130 .part L_000002a62de6ca28, 0, 1;
L_000002a62de5e950 .part L_000002a62de62370, 0, 1;
L_000002a62de5df50 .part v000002a62de39790_0, 1, 1;
L_000002a62de5d730 .part L_000002a62de6ca28, 1, 1;
L_000002a62de5f210 .part L_000002a62de62370, 1, 1;
L_000002a62de5f710 .part v000002a62de39790_0, 2, 1;
L_000002a62de5eb30 .part L_000002a62de6ca28, 2, 1;
L_000002a62de5d690 .part L_000002a62de62370, 2, 1;
L_000002a62de5ef90 .part v000002a62de39790_0, 3, 1;
L_000002a62de5daf0 .part L_000002a62de6ca28, 3, 1;
L_000002a62de5f030 .part L_000002a62de62370, 3, 1;
L_000002a62de5da50 .part v000002a62de39790_0, 4, 1;
L_000002a62de5f3f0 .part L_000002a62de6ca28, 4, 1;
L_000002a62de5d910 .part L_000002a62de62370, 4, 1;
L_000002a62de5d9b0 .part v000002a62de39790_0, 5, 1;
L_000002a62de5e1d0 .part L_000002a62de6ca28, 5, 1;
L_000002a62de5dff0 .part L_000002a62de62370, 5, 1;
L_000002a62de5e4f0 .part v000002a62de39790_0, 6, 1;
L_000002a62de5e310 .part L_000002a62de6ca28, 6, 1;
L_000002a62de5e090 .part L_000002a62de62370, 6, 1;
L_000002a62de5f530 .part v000002a62de39790_0, 7, 1;
L_000002a62de5e270 .part L_000002a62de6ca28, 7, 1;
L_000002a62de5f5d0 .part L_000002a62de62370, 7, 1;
L_000002a62de5f670 .part v000002a62de39790_0, 8, 1;
L_000002a62de5e3b0 .part L_000002a62de6ca28, 8, 1;
L_000002a62de5e450 .part L_000002a62de62370, 8, 1;
L_000002a62de61510 .part v000002a62de39790_0, 9, 1;
L_000002a62de60890 .part L_000002a62de6ca28, 9, 1;
L_000002a62de607f0 .part L_000002a62de62370, 9, 1;
L_000002a62de60110 .part v000002a62de39790_0, 10, 1;
L_000002a62de5fa30 .part L_000002a62de6ca28, 10, 1;
L_000002a62de5f990 .part L_000002a62de62370, 10, 1;
L_000002a62de60a70 .part v000002a62de39790_0, 11, 1;
L_000002a62de618d0 .part L_000002a62de6ca28, 11, 1;
L_000002a62de615b0 .part L_000002a62de62370, 11, 1;
L_000002a62de5fc10 .part v000002a62de39790_0, 12, 1;
L_000002a62de60e30 .part L_000002a62de6ca28, 12, 1;
L_000002a62de61290 .part L_000002a62de62370, 12, 1;
L_000002a62de613d0 .part v000002a62de39790_0, 13, 1;
L_000002a62de60cf0 .part L_000002a62de6ca28, 13, 1;
L_000002a62de61bf0 .part L_000002a62de62370, 13, 1;
L_000002a62de610b0 .part v000002a62de39790_0, 14, 1;
L_000002a62de5fcb0 .part L_000002a62de6ca28, 14, 1;
L_000002a62de61650 .part L_000002a62de62370, 14, 1;
L_000002a62de60c50 .part v000002a62de39790_0, 15, 1;
L_000002a62de60d90 .part L_000002a62de6ca28, 15, 1;
L_000002a62de60570 .part L_000002a62de62370, 15, 1;
L_000002a62de5fdf0 .part v000002a62de39790_0, 16, 1;
L_000002a62de5fd50 .part L_000002a62de6ca28, 16, 1;
L_000002a62de5fad0 .part L_000002a62de62370, 16, 1;
L_000002a62de61790 .part v000002a62de39790_0, 17, 1;
L_000002a62de61970 .part L_000002a62de6ca28, 17, 1;
L_000002a62de61150 .part L_000002a62de62370, 17, 1;
L_000002a62de61f10 .part v000002a62de39790_0, 18, 1;
L_000002a62de606b0 .part L_000002a62de6ca28, 18, 1;
L_000002a62de611f0 .part L_000002a62de62370, 18, 1;
L_000002a62de5fb70 .part v000002a62de39790_0, 19, 1;
L_000002a62de601b0 .part L_000002a62de6ca28, 19, 1;
L_000002a62de60070 .part L_000002a62de62370, 19, 1;
L_000002a62de61a10 .part v000002a62de39790_0, 20, 1;
L_000002a62de60610 .part L_000002a62de6ca28, 20, 1;
L_000002a62de5fe90 .part L_000002a62de62370, 20, 1;
L_000002a62de61010 .part v000002a62de39790_0, 21, 1;
L_000002a62de609d0 .part L_000002a62de6ca28, 21, 1;
L_000002a62de61330 .part L_000002a62de62370, 21, 1;
L_000002a62de60750 .part v000002a62de39790_0, 22, 1;
L_000002a62de616f0 .part L_000002a62de6ca28, 22, 1;
L_000002a62de5ff30 .part L_000002a62de62370, 22, 1;
L_000002a62de60b10 .part v000002a62de39790_0, 23, 1;
L_000002a62de620f0 .part L_000002a62de6ca28, 23, 1;
L_000002a62de5ffd0 .part L_000002a62de62370, 23, 1;
L_000002a62de61470 .part v000002a62de39790_0, 24, 1;
L_000002a62de60250 .part L_000002a62de6ca28, 24, 1;
L_000002a62de602f0 .part L_000002a62de62370, 24, 1;
L_000002a62de61ab0 .part v000002a62de39790_0, 25, 1;
L_000002a62de60930 .part L_000002a62de6ca28, 25, 1;
L_000002a62de60bb0 .part L_000002a62de62370, 25, 1;
L_000002a62de60390 .part v000002a62de39790_0, 26, 1;
L_000002a62de61d30 .part L_000002a62de6ca28, 26, 1;
L_000002a62de60430 .part L_000002a62de62370, 26, 1;
L_000002a62de60ed0 .part v000002a62de39790_0, 27, 1;
L_000002a62de61b50 .part L_000002a62de6ca28, 27, 1;
L_000002a62de60f70 .part L_000002a62de62370, 27, 1;
L_000002a62de604d0 .part v000002a62de39790_0, 28, 1;
L_000002a62de61830 .part L_000002a62de6ca28, 28, 1;
L_000002a62de61c90 .part L_000002a62de62370, 28, 1;
L_000002a62de61dd0 .part v000002a62de39790_0, 29, 1;
L_000002a62de61e70 .part L_000002a62de6ca28, 29, 1;
L_000002a62de61fb0 .part L_000002a62de62370, 29, 1;
L_000002a62de62050 .part v000002a62de39790_0, 30, 1;
L_000002a62de648f0 .part L_000002a62de6ca28, 30, 1;
L_000002a62de63d10 .part L_000002a62de62370, 30, 1;
L_000002a62de63ef0 .part v000002a62de39790_0, 31, 1;
L_000002a62de63810 .part L_000002a62de6ca28, 31, 1;
L_000002a62de63590 .part L_000002a62de62370, 31, 1;
LS_000002a62de63db0_0_0 .concat8 [ 1 1 1 1], L_000002a62dce3910, L_000002a62dce3d70, L_000002a62dce47f0, L_000002a62dce4860;
LS_000002a62de63db0_0_4 .concat8 [ 1 1 1 1], L_000002a62dce4cc0, L_000002a62dce3280, L_000002a62dce3ad0, L_000002a62dce5f90;
LS_000002a62de63db0_0_8 .concat8 [ 1 1 1 1], L_000002a62dce6930, L_000002a62dce56d0, L_000002a62dce68c0, L_000002a62dce65b0;
LS_000002a62de63db0_0_12 .concat8 [ 1 1 1 1], L_000002a62dce50b0, L_000002a62dce64d0, L_000002a62dce5a50, L_000002a62dce6070;
LS_000002a62de63db0_0_16 .concat8 [ 1 1 1 1], L_000002a62dce5ac0, L_000002a62dce6310, L_000002a62dce7500, L_000002a62dce7490;
LS_000002a62de63db0_0_20 .concat8 [ 1 1 1 1], L_000002a62dce77a0, L_000002a62dce6a80, L_000002a62dce6bd0, L_000002a62dce73b0;
LS_000002a62de63db0_0_24 .concat8 [ 1 1 1 1], L_000002a62dce0b90, L_000002a62dce03b0, L_000002a62dcdfbd0, L_000002a62dce0b20;
LS_000002a62de63db0_0_28 .concat8 [ 1 1 1 1], L_000002a62dce06c0, L_000002a62dce05e0, L_000002a62dce0960, L_000002a62dce0ab0;
LS_000002a62de63db0_1_0 .concat8 [ 4 4 4 4], LS_000002a62de63db0_0_0, LS_000002a62de63db0_0_4, LS_000002a62de63db0_0_8, LS_000002a62de63db0_0_12;
LS_000002a62de63db0_1_4 .concat8 [ 4 4 4 4], LS_000002a62de63db0_0_16, LS_000002a62de63db0_0_20, LS_000002a62de63db0_0_24, LS_000002a62de63db0_0_28;
L_000002a62de63db0 .concat8 [ 16 16 0 0], LS_000002a62de63db0_1_0, LS_000002a62de63db0_1_4;
LS_000002a62de62370_0_0 .concat8 [ 1 1 1 1], L_000002a62dce11b0, L_000002a62dce3ec0, L_000002a62dce4b00, L_000002a62dce4080;
LS_000002a62de62370_0_4 .concat8 [ 1 1 1 1], L_000002a62dce4c50, L_000002a62dce42b0, L_000002a62dce3520, L_000002a62dce5430;
LS_000002a62de62370_0_8 .concat8 [ 1 1 1 1], L_000002a62dce5350, L_000002a62dce5970, L_000002a62dce5510, L_000002a62dce5c80;
LS_000002a62de62370_0_12 .concat8 [ 1 1 1 1], L_000002a62dce5b30, L_000002a62dce5dd0, L_000002a62dce59e0, L_000002a62dce4fd0;
LS_000002a62de62370_0_16 .concat8 [ 1 1 1 1], L_000002a62dce5f20, L_000002a62dce52e0, L_000002a62dce7180, L_000002a62dce7260;
LS_000002a62de62370_0_20 .concat8 [ 1 1 1 1], L_000002a62dce6ee0, L_000002a62dce7960, L_000002a62dce6af0, L_000002a62dce72d0;
LS_000002a62de62370_0_24 .concat8 [ 1 1 1 1], L_000002a62dce0500, L_000002a62dcdff50, L_000002a62dce0180, L_000002a62dce10d0;
LS_000002a62de62370_0_28 .concat8 [ 1 1 1 1], L_000002a62dce0570, L_000002a62dce0c00, L_000002a62dce0880, L_000002a62dce0ea0;
LS_000002a62de62370_0_32 .concat8 [ 1 0 0 0], L_000002a62dcdfaf0;
LS_000002a62de62370_1_0 .concat8 [ 4 4 4 4], LS_000002a62de62370_0_0, LS_000002a62de62370_0_4, LS_000002a62de62370_0_8, LS_000002a62de62370_0_12;
LS_000002a62de62370_1_4 .concat8 [ 4 4 4 4], LS_000002a62de62370_0_16, LS_000002a62de62370_0_20, LS_000002a62de62370_0_24, LS_000002a62de62370_0_28;
LS_000002a62de62370_1_8 .concat8 [ 1 0 0 0], LS_000002a62de62370_0_32;
L_000002a62de62370 .concat8 [ 16 16 1 0], LS_000002a62de62370_1_0, LS_000002a62de62370_1_4, LS_000002a62de62370_1_8;
L_000002a62de638b0 .part L_000002a62de62370, 32, 1;
L_000002a62de634f0 .part L_000002a62de62370, 31, 1;
L_000002a62de642b0 .part L_000002a62de62370, 32, 1;
S_000002a62de30210 .scope generate, "fa_gen[0]" "fa_gen[0]" 9 17, 9 17 0, S_000002a62de309e0;
 .timescale 0 0;
P_000002a62dd452e0 .param/l "i" 0 9 17, +C4<00>;
S_000002a62de32790 .scope module, "fa" "full_adder" 9 18, 9 33 0, S_000002a62de30210;
 .timescale 0 0;
    .port_info 0 /INPUT 1 "a";
    .port_info 1 /INPUT 1 "b";
    .port_info 2 /INPUT 1 "cin";
    .port_info 3 /OUTPUT 1 "sum";
    .port_info 4 /OUTPUT 1 "cout";
L_000002a62dce4630 .functor XOR 1, L_000002a62de5de10, L_000002a62de5e130, C4<0>, C4<0>;
L_000002a62dce3910 .functor XOR 1, L_000002a62dce4630, L_000002a62de5e950, C4<0>, C4<0>;
L_000002a62dce4710 .functor AND 1, L_000002a62de5de10, L_000002a62de5e130, C4<1>, C4<1>;
L_000002a62dce37c0 .functor XOR 1, L_000002a62de5de10, L_000002a62de5e130, C4<0>, C4<0>;
L_000002a62dce3d00 .functor AND 1, L_000002a62de5e950, L_000002a62dce37c0, C4<1>, C4<1>;
L_000002a62dce3ec0 .functor OR 1, L_000002a62dce4710, L_000002a62dce3d00, C4<0>, C4<0>;
v000002a62de3b270_0 .net *"_ivl_0", 0 0, L_000002a62dce4630;  1 drivers
v000002a62de3b590_0 .net *"_ivl_4", 0 0, L_000002a62dce4710;  1 drivers
v000002a62de3d390_0 .net *"_ivl_6", 0 0, L_000002a62dce37c0;  1 drivers
v000002a62de3c530_0 .net *"_ivl_8", 0 0, L_000002a62dce3d00;  1 drivers
v000002a62de3d430_0 .net "a", 0 0, L_000002a62de5de10;  1 drivers
v000002a62de3d4d0_0 .net "b", 0 0, L_000002a62de5e130;  1 drivers
v000002a62de3d570_0 .net "cin", 0 0, L_000002a62de5e950;  1 drivers
v000002a62de3b6d0_0 .net "cout", 0 0, L_000002a62dce3ec0;  1 drivers
v000002a62de3d610_0 .net "sum", 0 0, L_000002a62dce3910;  1 drivers
S_000002a62de32ab0 .scope generate, "fa_gen[1]" "fa_gen[1]" 9 17, 9 17 0, S_000002a62de309e0;
 .timescale 0 0;
P_000002a62dd45ce0 .param/l "i" 0 9 17, +C4<01>;
S_000002a62de2f0e0 .scope module, "fa" "full_adder" 9 18, 9 33 0, S_000002a62de32ab0;
 .timescale 0 0;
    .port_info 0 /INPUT 1 "a";
    .port_info 1 /INPUT 1 "b";
    .port_info 2 /INPUT 1 "cin";
    .port_info 3 /OUTPUT 1 "sum";
    .port_info 4 /OUTPUT 1 "cout";
L_000002a62dce3590 .functor XOR 1, L_000002a62de5df50, L_000002a62de5d730, C4<0>, C4<0>;
L_000002a62dce3d70 .functor XOR 1, L_000002a62dce3590, L_000002a62de5f210, C4<0>, C4<0>;
L_000002a62dce3de0 .functor AND 1, L_000002a62de5df50, L_000002a62de5d730, C4<1>, C4<1>;
L_000002a62dce4a20 .functor XOR 1, L_000002a62de5df50, L_000002a62de5d730, C4<0>, C4<0>;
L_000002a62dce3830 .functor AND 1, L_000002a62de5f210, L_000002a62dce4a20, C4<1>, C4<1>;
L_000002a62dce4b00 .functor OR 1, L_000002a62dce3de0, L_000002a62dce3830, C4<0>, C4<0>;
v000002a62de3d6b0_0 .net *"_ivl_0", 0 0, L_000002a62dce3590;  1 drivers
v000002a62de3b770_0 .net *"_ivl_4", 0 0, L_000002a62dce3de0;  1 drivers
v000002a62de3bdb0_0 .net *"_ivl_6", 0 0, L_000002a62dce4a20;  1 drivers
v000002a62de3f4b0_0 .net *"_ivl_8", 0 0, L_000002a62dce3830;  1 drivers
v000002a62de3f870_0 .net "a", 0 0, L_000002a62de5df50;  1 drivers
v000002a62de3df70_0 .net "b", 0 0, L_000002a62de5d730;  1 drivers
v000002a62de3f5f0_0 .net "cin", 0 0, L_000002a62de5f210;  1 drivers
v000002a62de3e830_0 .net "cout", 0 0, L_000002a62dce4b00;  1 drivers
v000002a62de3edd0_0 .net "sum", 0 0, L_000002a62dce3d70;  1 drivers
S_000002a62de30530 .scope generate, "fa_gen[2]" "fa_gen[2]" 9 17, 9 17 0, S_000002a62de309e0;
 .timescale 0 0;
P_000002a62dd457a0 .param/l "i" 0 9 17, +C4<010>;
S_000002a62de31340 .scope module, "fa" "full_adder" 9 18, 9 33 0, S_000002a62de30530;
 .timescale 0 0;
    .port_info 0 /INPUT 1 "a";
    .port_info 1 /INPUT 1 "b";
    .port_info 2 /INPUT 1 "cin";
    .port_info 3 /OUTPUT 1 "sum";
    .port_info 4 /OUTPUT 1 "cout";
L_000002a62dce4780 .functor XOR 1, L_000002a62de5f710, L_000002a62de5eb30, C4<0>, C4<0>;
L_000002a62dce47f0 .functor XOR 1, L_000002a62dce4780, L_000002a62de5d690, C4<0>, C4<0>;
L_000002a62dce3a60 .functor AND 1, L_000002a62de5f710, L_000002a62de5eb30, C4<1>, C4<1>;
L_000002a62dce38a0 .functor XOR 1, L_000002a62de5f710, L_000002a62de5eb30, C4<0>, C4<0>;
L_000002a62dce3f30 .functor AND 1, L_000002a62de5d690, L_000002a62dce38a0, C4<1>, C4<1>;
L_000002a62dce4080 .functor OR 1, L_000002a62dce3a60, L_000002a62dce3f30, C4<0>, C4<0>;
v000002a62de3dcf0_0 .net *"_ivl_0", 0 0, L_000002a62dce4780;  1 drivers
v000002a62de3e8d0_0 .net *"_ivl_4", 0 0, L_000002a62dce3a60;  1 drivers
v000002a62de3ee70_0 .net *"_ivl_6", 0 0, L_000002a62dce38a0;  1 drivers
v000002a62de3ff50_0 .net *"_ivl_8", 0 0, L_000002a62dce3f30;  1 drivers
v000002a62de3e010_0 .net "a", 0 0, L_000002a62de5f710;  1 drivers
v000002a62de3f370_0 .net "b", 0 0, L_000002a62de5eb30;  1 drivers
v000002a62de3e0b0_0 .net "cin", 0 0, L_000002a62de5d690;  1 drivers
v000002a62de3fa50_0 .net "cout", 0 0, L_000002a62dce4080;  1 drivers
v000002a62de3f230_0 .net "sum", 0 0, L_000002a62dce47f0;  1 drivers
S_000002a62de30b70 .scope generate, "fa_gen[3]" "fa_gen[3]" 9 17, 9 17 0, S_000002a62de309e0;
 .timescale 0 0;
P_000002a62dd45520 .param/l "i" 0 9 17, +C4<011>;
S_000002a62de306c0 .scope module, "fa" "full_adder" 9 18, 9 33 0, S_000002a62de30b70;
 .timescale 0 0;
    .port_info 0 /INPUT 1 "a";
    .port_info 1 /INPUT 1 "b";
    .port_info 2 /INPUT 1 "cin";
    .port_info 3 /OUTPUT 1 "sum";
    .port_info 4 /OUTPUT 1 "cout";
L_000002a62dce40f0 .functor XOR 1, L_000002a62de5ef90, L_000002a62de5daf0, C4<0>, C4<0>;
L_000002a62dce4860 .functor XOR 1, L_000002a62dce40f0, L_000002a62de5f030, C4<0>, C4<0>;
L_000002a62dce4a90 .functor AND 1, L_000002a62de5ef90, L_000002a62de5daf0, C4<1>, C4<1>;
L_000002a62dce48d0 .functor XOR 1, L_000002a62de5ef90, L_000002a62de5daf0, C4<0>, C4<0>;
L_000002a62dce4b70 .functor AND 1, L_000002a62de5f030, L_000002a62dce48d0, C4<1>, C4<1>;
L_000002a62dce4c50 .functor OR 1, L_000002a62dce4a90, L_000002a62dce4b70, C4<0>, C4<0>;
v000002a62de3f910_0 .net *"_ivl_0", 0 0, L_000002a62dce40f0;  1 drivers
v000002a62de3e150_0 .net *"_ivl_4", 0 0, L_000002a62dce4a90;  1 drivers
v000002a62de3feb0_0 .net *"_ivl_6", 0 0, L_000002a62dce48d0;  1 drivers
v000002a62de3f730_0 .net *"_ivl_8", 0 0, L_000002a62dce4b70;  1 drivers
v000002a62de40090_0 .net "a", 0 0, L_000002a62de5ef90;  1 drivers
v000002a62de3e3d0_0 .net "b", 0 0, L_000002a62de5daf0;  1 drivers
v000002a62de3dbb0_0 .net "cin", 0 0, L_000002a62de5f030;  1 drivers
v000002a62de3e970_0 .net "cout", 0 0, L_000002a62dce4c50;  1 drivers
v000002a62de3f190_0 .net "sum", 0 0, L_000002a62dce4860;  1 drivers
S_000002a62de2f590 .scope generate, "fa_gen[4]" "fa_gen[4]" 9 17, 9 17 0, S_000002a62de309e0;
 .timescale 0 0;
P_000002a62dd45960 .param/l "i" 0 9 17, +C4<0100>;
S_000002a62de30e90 .scope module, "fa" "full_adder" 9 18, 9 33 0, S_000002a62de2f590;
 .timescale 0 0;
    .port_info 0 /INPUT 1 "a";
    .port_info 1 /INPUT 1 "b";
    .port_info 2 /INPUT 1 "cin";
    .port_info 3 /OUTPUT 1 "sum";
    .port_info 4 /OUTPUT 1 "cout";
L_000002a62dce3bb0 .functor XOR 1, L_000002a62de5da50, L_000002a62de5f3f0, C4<0>, C4<0>;
L_000002a62dce4cc0 .functor XOR 1, L_000002a62dce3bb0, L_000002a62de5d910, C4<0>, C4<0>;
L_000002a62dce4d30 .functor AND 1, L_000002a62de5da50, L_000002a62de5f3f0, C4<1>, C4<1>;
L_000002a62dce3fa0 .functor XOR 1, L_000002a62de5da50, L_000002a62de5f3f0, C4<0>, C4<0>;
L_000002a62dce4240 .functor AND 1, L_000002a62de5d910, L_000002a62dce3fa0, C4<1>, C4<1>;
L_000002a62dce42b0 .functor OR 1, L_000002a62dce4d30, L_000002a62dce4240, C4<0>, C4<0>;
v000002a62de3e1f0_0 .net *"_ivl_0", 0 0, L_000002a62dce3bb0;  1 drivers
v000002a62de3f0f0_0 .net *"_ivl_4", 0 0, L_000002a62dce4d30;  1 drivers
v000002a62de3d930_0 .net *"_ivl_6", 0 0, L_000002a62dce3fa0;  1 drivers
v000002a62de3e470_0 .net *"_ivl_8", 0 0, L_000002a62dce4240;  1 drivers
v000002a62de3f410_0 .net "a", 0 0, L_000002a62de5da50;  1 drivers
v000002a62de3f550_0 .net "b", 0 0, L_000002a62de5f3f0;  1 drivers
v000002a62de3ea10_0 .net "cin", 0 0, L_000002a62de5d910;  1 drivers
v000002a62de3fd70_0 .net "cout", 0 0, L_000002a62dce42b0;  1 drivers
v000002a62de3f9b0_0 .net "sum", 0 0, L_000002a62dce4cc0;  1 drivers
S_000002a62de2f400 .scope generate, "fa_gen[5]" "fa_gen[5]" 9 17, 9 17 0, S_000002a62de309e0;
 .timescale 0 0;
P_000002a62dd46020 .param/l "i" 0 9 17, +C4<0101>;
S_000002a62de31020 .scope module, "fa" "full_adder" 9 18, 9 33 0, S_000002a62de2f400;
 .timescale 0 0;
    .port_info 0 /INPUT 1 "a";
    .port_info 1 /INPUT 1 "b";
    .port_info 2 /INPUT 1 "cin";
    .port_info 3 /OUTPUT 1 "sum";
    .port_info 4 /OUTPUT 1 "cout";
L_000002a62dce4da0 .functor XOR 1, L_000002a62de5d9b0, L_000002a62de5e1d0, C4<0>, C4<0>;
L_000002a62dce3280 .functor XOR 1, L_000002a62dce4da0, L_000002a62de5dff0, C4<0>, C4<0>;
L_000002a62dce3360 .functor AND 1, L_000002a62de5d9b0, L_000002a62de5e1d0, C4<1>, C4<1>;
L_000002a62dce33d0 .functor XOR 1, L_000002a62de5d9b0, L_000002a62de5e1d0, C4<0>, C4<0>;
L_000002a62dce34b0 .functor AND 1, L_000002a62de5dff0, L_000002a62dce33d0, C4<1>, C4<1>;
L_000002a62dce3520 .functor OR 1, L_000002a62dce3360, L_000002a62dce34b0, C4<0>, C4<0>;
v000002a62de3e290_0 .net *"_ivl_0", 0 0, L_000002a62dce4da0;  1 drivers
v000002a62de3fff0_0 .net *"_ivl_4", 0 0, L_000002a62dce3360;  1 drivers
v000002a62de3faf0_0 .net *"_ivl_6", 0 0, L_000002a62dce33d0;  1 drivers
v000002a62de3db10_0 .net *"_ivl_8", 0 0, L_000002a62dce34b0;  1 drivers
v000002a62de3e330_0 .net "a", 0 0, L_000002a62de5d9b0;  1 drivers
v000002a62de3e650_0 .net "b", 0 0, L_000002a62de5e1d0;  1 drivers
v000002a62de3f050_0 .net "cin", 0 0, L_000002a62de5dff0;  1 drivers
v000002a62de3e6f0_0 .net "cout", 0 0, L_000002a62dce3520;  1 drivers
v000002a62de3e510_0 .net "sum", 0 0, L_000002a62dce3280;  1 drivers
S_000002a62de311b0 .scope generate, "fa_gen[6]" "fa_gen[6]" 9 17, 9 17 0, S_000002a62de309e0;
 .timescale 0 0;
P_000002a62dd45420 .param/l "i" 0 9 17, +C4<0110>;
S_000002a62de2f8b0 .scope module, "fa" "full_adder" 9 18, 9 33 0, S_000002a62de311b0;
 .timescale 0 0;
    .port_info 0 /INPUT 1 "a";
    .port_info 1 /INPUT 1 "b";
    .port_info 2 /INPUT 1 "cin";
    .port_info 3 /OUTPUT 1 "sum";
    .port_info 4 /OUTPUT 1 "cout";
L_000002a62dce3600 .functor XOR 1, L_000002a62de5e4f0, L_000002a62de5e310, C4<0>, C4<0>;
L_000002a62dce3ad0 .functor XOR 1, L_000002a62dce3600, L_000002a62de5e090, C4<0>, C4<0>;
L_000002a62dce4320 .functor AND 1, L_000002a62de5e4f0, L_000002a62de5e310, C4<1>, C4<1>;
L_000002a62dce3670 .functor XOR 1, L_000002a62de5e4f0, L_000002a62de5e310, C4<0>, C4<0>;
L_000002a62dce3c90 .functor AND 1, L_000002a62de5e090, L_000002a62dce3670, C4<1>, C4<1>;
L_000002a62dce5430 .functor OR 1, L_000002a62dce4320, L_000002a62dce3c90, C4<0>, C4<0>;
v000002a62de3e5b0_0 .net *"_ivl_0", 0 0, L_000002a62dce3600;  1 drivers
v000002a62de3e790_0 .net *"_ivl_4", 0 0, L_000002a62dce4320;  1 drivers
v000002a62de3eab0_0 .net *"_ivl_6", 0 0, L_000002a62dce3670;  1 drivers
v000002a62de3eb50_0 .net *"_ivl_8", 0 0, L_000002a62dce3c90;  1 drivers
v000002a62de3fe10_0 .net "a", 0 0, L_000002a62de5e4f0;  1 drivers
v000002a62de3f690_0 .net "b", 0 0, L_000002a62de5e310;  1 drivers
v000002a62de3fb90_0 .net "cin", 0 0, L_000002a62de5e090;  1 drivers
v000002a62de3d9d0_0 .net "cout", 0 0, L_000002a62dce5430;  1 drivers
v000002a62de3f2d0_0 .net "sum", 0 0, L_000002a62dce3ad0;  1 drivers
S_000002a62de2fa40 .scope generate, "fa_gen[7]" "fa_gen[7]" 9 17, 9 17 0, S_000002a62de309e0;
 .timescale 0 0;
P_000002a62dd460a0 .param/l "i" 0 9 17, +C4<0111>;
S_000002a62de314d0 .scope module, "fa" "full_adder" 9 18, 9 33 0, S_000002a62de2fa40;
 .timescale 0 0;
    .port_info 0 /INPUT 1 "a";
    .port_info 1 /INPUT 1 "b";
    .port_info 2 /INPUT 1 "cin";
    .port_info 3 /OUTPUT 1 "sum";
    .port_info 4 /OUTPUT 1 "cout";
L_000002a62dce55f0 .functor XOR 1, L_000002a62de5f530, L_000002a62de5e270, C4<0>, C4<0>;
L_000002a62dce5f90 .functor XOR 1, L_000002a62dce55f0, L_000002a62de5f5d0, C4<0>, C4<0>;
L_000002a62dce5c10 .functor AND 1, L_000002a62de5f530, L_000002a62de5e270, C4<1>, C4<1>;
L_000002a62dce53c0 .functor XOR 1, L_000002a62de5f530, L_000002a62de5e270, C4<0>, C4<0>;
L_000002a62dce4e80 .functor AND 1, L_000002a62de5f5d0, L_000002a62dce53c0, C4<1>, C4<1>;
L_000002a62dce5350 .functor OR 1, L_000002a62dce5c10, L_000002a62dce4e80, C4<0>, C4<0>;
v000002a62de3ebf0_0 .net *"_ivl_0", 0 0, L_000002a62dce55f0;  1 drivers
v000002a62de3fc30_0 .net *"_ivl_4", 0 0, L_000002a62dce5c10;  1 drivers
v000002a62de3ec90_0 .net *"_ivl_6", 0 0, L_000002a62dce53c0;  1 drivers
v000002a62de3fcd0_0 .net *"_ivl_8", 0 0, L_000002a62dce4e80;  1 drivers
v000002a62de3f7d0_0 .net "a", 0 0, L_000002a62de5f530;  1 drivers
v000002a62de3da70_0 .net "b", 0 0, L_000002a62de5e270;  1 drivers
v000002a62de3ed30_0 .net "cin", 0 0, L_000002a62de5f5d0;  1 drivers
v000002a62de3dc50_0 .net "cout", 0 0, L_000002a62dce5350;  1 drivers
v000002a62de3dd90_0 .net "sum", 0 0, L_000002a62dce5f90;  1 drivers
S_000002a62de31660 .scope generate, "fa_gen[8]" "fa_gen[8]" 9 17, 9 17 0, S_000002a62de309e0;
 .timescale 0 0;
P_000002a62dd45c60 .param/l "i" 0 9 17, +C4<01000>;
S_000002a62de317f0 .scope module, "fa" "full_adder" 9 18, 9 33 0, S_000002a62de31660;
 .timescale 0 0;
    .port_info 0 /INPUT 1 "a";
    .port_info 1 /INPUT 1 "b";
    .port_info 2 /INPUT 1 "cin";
    .port_info 3 /OUTPUT 1 "sum";
    .port_info 4 /OUTPUT 1 "cout";
L_000002a62dce5820 .functor XOR 1, L_000002a62de5f670, L_000002a62de5e3b0, C4<0>, C4<0>;
L_000002a62dce6930 .functor XOR 1, L_000002a62dce5820, L_000002a62de5e450, C4<0>, C4<0>;
L_000002a62dce54a0 .functor AND 1, L_000002a62de5f670, L_000002a62de5e3b0, C4<1>, C4<1>;
L_000002a62dce6460 .functor XOR 1, L_000002a62de5f670, L_000002a62de5e3b0, C4<0>, C4<0>;
L_000002a62dce6540 .functor AND 1, L_000002a62de5e450, L_000002a62dce6460, C4<1>, C4<1>;
L_000002a62dce5970 .functor OR 1, L_000002a62dce54a0, L_000002a62dce6540, C4<0>, C4<0>;
v000002a62de3ef10_0 .net *"_ivl_0", 0 0, L_000002a62dce5820;  1 drivers
v000002a62de3efb0_0 .net *"_ivl_4", 0 0, L_000002a62dce54a0;  1 drivers
v000002a62de3de30_0 .net *"_ivl_6", 0 0, L_000002a62dce6460;  1 drivers
v000002a62de3ded0_0 .net *"_ivl_8", 0 0, L_000002a62dce6540;  1 drivers
v000002a62de418f0_0 .net "a", 0 0, L_000002a62de5f670;  1 drivers
v000002a62de40f90_0 .net "b", 0 0, L_000002a62de5e3b0;  1 drivers
v000002a62de42250_0 .net "cin", 0 0, L_000002a62de5e450;  1 drivers
v000002a62de41b70_0 .net "cout", 0 0, L_000002a62dce5970;  1 drivers
v000002a62de40770_0 .net "sum", 0 0, L_000002a62dce6930;  1 drivers
S_000002a62de31b10 .scope generate, "fa_gen[9]" "fa_gen[9]" 9 17, 9 17 0, S_000002a62de309e0;
 .timescale 0 0;
P_000002a62dd45ca0 .param/l "i" 0 9 17, +C4<01001>;
S_000002a62de467f0 .scope module, "fa" "full_adder" 9 18, 9 33 0, S_000002a62de31b10;
 .timescale 0 0;
    .port_info 0 /INPUT 1 "a";
    .port_info 1 /INPUT 1 "b";
    .port_info 2 /INPUT 1 "cin";
    .port_info 3 /OUTPUT 1 "sum";
    .port_info 4 /OUTPUT 1 "cout";
L_000002a62dce69a0 .functor XOR 1, L_000002a62de61510, L_000002a62de60890, C4<0>, C4<0>;
L_000002a62dce56d0 .functor XOR 1, L_000002a62dce69a0, L_000002a62de607f0, C4<0>, C4<0>;
L_000002a62dce6620 .functor AND 1, L_000002a62de61510, L_000002a62de60890, C4<1>, C4<1>;
L_000002a62dce5cf0 .functor XOR 1, L_000002a62de61510, L_000002a62de60890, C4<0>, C4<0>;
L_000002a62dce61c0 .functor AND 1, L_000002a62de607f0, L_000002a62dce5cf0, C4<1>, C4<1>;
L_000002a62dce5510 .functor OR 1, L_000002a62dce6620, L_000002a62dce61c0, C4<0>, C4<0>;
v000002a62de41c10_0 .net *"_ivl_0", 0 0, L_000002a62dce69a0;  1 drivers
v000002a62de422f0_0 .net *"_ivl_4", 0 0, L_000002a62dce6620;  1 drivers
v000002a62de40450_0 .net *"_ivl_6", 0 0, L_000002a62dce5cf0;  1 drivers
v000002a62de40a90_0 .net *"_ivl_8", 0 0, L_000002a62dce61c0;  1 drivers
v000002a62de401d0_0 .net "a", 0 0, L_000002a62de61510;  1 drivers
v000002a62de40810_0 .net "b", 0 0, L_000002a62de60890;  1 drivers
v000002a62de40ef0_0 .net "cin", 0 0, L_000002a62de607f0;  1 drivers
v000002a62de427f0_0 .net "cout", 0 0, L_000002a62dce5510;  1 drivers
v000002a62de41e90_0 .net "sum", 0 0, L_000002a62dce56d0;  1 drivers
S_000002a62de44720 .scope generate, "fa_gen[10]" "fa_gen[10]" 9 17, 9 17 0, S_000002a62de309e0;
 .timescale 0 0;
P_000002a62dd456a0 .param/l "i" 0 9 17, +C4<01010>;
S_000002a62de44d60 .scope module, "fa" "full_adder" 9 18, 9 33 0, S_000002a62de44720;
 .timescale 0 0;
    .port_info 0 /INPUT 1 "a";
    .port_info 1 /INPUT 1 "b";
    .port_info 2 /INPUT 1 "cin";
    .port_info 3 /OUTPUT 1 "sum";
    .port_info 4 /OUTPUT 1 "cout";
L_000002a62dce6230 .functor XOR 1, L_000002a62de60110, L_000002a62de5fa30, C4<0>, C4<0>;
L_000002a62dce68c0 .functor XOR 1, L_000002a62dce6230, L_000002a62de5f990, C4<0>, C4<0>;
L_000002a62dce5660 .functor AND 1, L_000002a62de60110, L_000002a62de5fa30, C4<1>, C4<1>;
L_000002a62dce5040 .functor XOR 1, L_000002a62de60110, L_000002a62de5fa30, C4<0>, C4<0>;
L_000002a62dce6000 .functor AND 1, L_000002a62de5f990, L_000002a62dce5040, C4<1>, C4<1>;
L_000002a62dce5c80 .functor OR 1, L_000002a62dce5660, L_000002a62dce6000, C4<0>, C4<0>;
v000002a62de41a30_0 .net *"_ivl_0", 0 0, L_000002a62dce6230;  1 drivers
v000002a62de41cb0_0 .net *"_ivl_4", 0 0, L_000002a62dce5660;  1 drivers
v000002a62de40c70_0 .net *"_ivl_6", 0 0, L_000002a62dce5040;  1 drivers
v000002a62de41fd0_0 .net *"_ivl_8", 0 0, L_000002a62dce6000;  1 drivers
v000002a62de424d0_0 .net "a", 0 0, L_000002a62de60110;  1 drivers
v000002a62de40950_0 .net "b", 0 0, L_000002a62de5fa30;  1 drivers
v000002a62de41df0_0 .net "cin", 0 0, L_000002a62de5f990;  1 drivers
v000002a62de40d10_0 .net "cout", 0 0, L_000002a62dce5c80;  1 drivers
v000002a62de41990_0 .net "sum", 0 0, L_000002a62dce68c0;  1 drivers
S_000002a62de47150 .scope generate, "fa_gen[11]" "fa_gen[11]" 9 17, 9 17 0, S_000002a62de309e0;
 .timescale 0 0;
P_000002a62dd45d20 .param/l "i" 0 9 17, +C4<01011>;
S_000002a62de47470 .scope module, "fa" "full_adder" 9 18, 9 33 0, S_000002a62de47150;
 .timescale 0 0;
    .port_info 0 /INPUT 1 "a";
    .port_info 1 /INPUT 1 "b";
    .port_info 2 /INPUT 1 "cin";
    .port_info 3 /OUTPUT 1 "sum";
    .port_info 4 /OUTPUT 1 "cout";
L_000002a62dce5900 .functor XOR 1, L_000002a62de60a70, L_000002a62de618d0, C4<0>, C4<0>;
L_000002a62dce65b0 .functor XOR 1, L_000002a62dce5900, L_000002a62de615b0, C4<0>, C4<0>;
L_000002a62dce6690 .functor AND 1, L_000002a62de60a70, L_000002a62de618d0, C4<1>, C4<1>;
L_000002a62dce5890 .functor XOR 1, L_000002a62de60a70, L_000002a62de618d0, C4<0>, C4<0>;
L_000002a62dce57b0 .functor AND 1, L_000002a62de615b0, L_000002a62dce5890, C4<1>, C4<1>;
L_000002a62dce5b30 .functor OR 1, L_000002a62dce6690, L_000002a62dce57b0, C4<0>, C4<0>;
v000002a62de41ad0_0 .net *"_ivl_0", 0 0, L_000002a62dce5900;  1 drivers
v000002a62de415d0_0 .net *"_ivl_4", 0 0, L_000002a62dce6690;  1 drivers
v000002a62de403b0_0 .net *"_ivl_6", 0 0, L_000002a62dce5890;  1 drivers
v000002a62de408b0_0 .net *"_ivl_8", 0 0, L_000002a62dce57b0;  1 drivers
v000002a62de41670_0 .net "a", 0 0, L_000002a62de60a70;  1 drivers
v000002a62de41210_0 .net "b", 0 0, L_000002a62de618d0;  1 drivers
v000002a62de417b0_0 .net "cin", 0 0, L_000002a62de615b0;  1 drivers
v000002a62de421b0_0 .net "cout", 0 0, L_000002a62dce5b30;  1 drivers
v000002a62de40db0_0 .net "sum", 0 0, L_000002a62dce65b0;  1 drivers
S_000002a62de464d0 .scope generate, "fa_gen[12]" "fa_gen[12]" 9 17, 9 17 0, S_000002a62de309e0;
 .timescale 0 0;
P_000002a62dd460e0 .param/l "i" 0 9 17, +C4<01100>;
S_000002a62de45e90 .scope module, "fa" "full_adder" 9 18, 9 33 0, S_000002a62de464d0;
 .timescale 0 0;
    .port_info 0 /INPUT 1 "a";
    .port_info 1 /INPUT 1 "b";
    .port_info 2 /INPUT 1 "cin";
    .port_info 3 /OUTPUT 1 "sum";
    .port_info 4 /OUTPUT 1 "cout";
L_000002a62dce63f0 .functor XOR 1, L_000002a62de5fc10, L_000002a62de60e30, C4<0>, C4<0>;
L_000002a62dce50b0 .functor XOR 1, L_000002a62dce63f0, L_000002a62de61290, C4<0>, C4<0>;
L_000002a62dce5120 .functor AND 1, L_000002a62de5fc10, L_000002a62de60e30, C4<1>, C4<1>;
L_000002a62dce6a10 .functor XOR 1, L_000002a62de5fc10, L_000002a62de60e30, C4<0>, C4<0>;
L_000002a62dce5580 .functor AND 1, L_000002a62de61290, L_000002a62dce6a10, C4<1>, C4<1>;
L_000002a62dce5dd0 .functor OR 1, L_000002a62dce5120, L_000002a62dce5580, C4<0>, C4<0>;
v000002a62de42390_0 .net *"_ivl_0", 0 0, L_000002a62dce63f0;  1 drivers
v000002a62de42070_0 .net *"_ivl_4", 0 0, L_000002a62dce5120;  1 drivers
v000002a62de41350_0 .net *"_ivl_6", 0 0, L_000002a62dce6a10;  1 drivers
v000002a62de41030_0 .net *"_ivl_8", 0 0, L_000002a62dce5580;  1 drivers
v000002a62de40b30_0 .net "a", 0 0, L_000002a62de5fc10;  1 drivers
v000002a62de41850_0 .net "b", 0 0, L_000002a62de60e30;  1 drivers
v000002a62de41f30_0 .net "cin", 0 0, L_000002a62de61290;  1 drivers
v000002a62de40e50_0 .net "cout", 0 0, L_000002a62dce5dd0;  1 drivers
v000002a62de42110_0 .net "sum", 0 0, L_000002a62dce50b0;  1 drivers
S_000002a62de46340 .scope generate, "fa_gen[13]" "fa_gen[13]" 9 17, 9 17 0, S_000002a62de309e0;
 .timescale 0 0;
P_000002a62dd457e0 .param/l "i" 0 9 17, +C4<01101>;
S_000002a62de46660 .scope module, "fa" "full_adder" 9 18, 9 33 0, S_000002a62de46340;
 .timescale 0 0;
    .port_info 0 /INPUT 1 "a";
    .port_info 1 /INPUT 1 "b";
    .port_info 2 /INPUT 1 "cin";
    .port_info 3 /OUTPUT 1 "sum";
    .port_info 4 /OUTPUT 1 "cout";
L_000002a62dce6700 .functor XOR 1, L_000002a62de613d0, L_000002a62de60cf0, C4<0>, C4<0>;
L_000002a62dce64d0 .functor XOR 1, L_000002a62dce6700, L_000002a62de61bf0, C4<0>, C4<0>;
L_000002a62dce5190 .functor AND 1, L_000002a62de613d0, L_000002a62de60cf0, C4<1>, C4<1>;
L_000002a62dce60e0 .functor XOR 1, L_000002a62de613d0, L_000002a62de60cf0, C4<0>, C4<0>;
L_000002a62dce5740 .functor AND 1, L_000002a62de61bf0, L_000002a62dce60e0, C4<1>, C4<1>;
L_000002a62dce59e0 .functor OR 1, L_000002a62dce5190, L_000002a62dce5740, C4<0>, C4<0>;
v000002a62de41d50_0 .net *"_ivl_0", 0 0, L_000002a62dce6700;  1 drivers
v000002a62de410d0_0 .net *"_ivl_4", 0 0, L_000002a62dce5190;  1 drivers
v000002a62de42430_0 .net *"_ivl_6", 0 0, L_000002a62dce60e0;  1 drivers
v000002a62de41710_0 .net *"_ivl_8", 0 0, L_000002a62dce5740;  1 drivers
v000002a62de42570_0 .net "a", 0 0, L_000002a62de613d0;  1 drivers
v000002a62de42890_0 .net "b", 0 0, L_000002a62de60cf0;  1 drivers
v000002a62de40130_0 .net "cin", 0 0, L_000002a62de61bf0;  1 drivers
v000002a62de41170_0 .net "cout", 0 0, L_000002a62dce59e0;  1 drivers
v000002a62de40bd0_0 .net "sum", 0 0, L_000002a62dce64d0;  1 drivers
S_000002a62de456c0 .scope generate, "fa_gen[14]" "fa_gen[14]" 9 17, 9 17 0, S_000002a62de309e0;
 .timescale 0 0;
P_000002a62dd451a0 .param/l "i" 0 9 17, +C4<01110>;
S_000002a62de45b70 .scope module, "fa" "full_adder" 9 18, 9 33 0, S_000002a62de456c0;
 .timescale 0 0;
    .port_info 0 /INPUT 1 "a";
    .port_info 1 /INPUT 1 "b";
    .port_info 2 /INPUT 1 "cin";
    .port_info 3 /OUTPUT 1 "sum";
    .port_info 4 /OUTPUT 1 "cout";
L_000002a62dce4ef0 .functor XOR 1, L_000002a62de610b0, L_000002a62de5fcb0, C4<0>, C4<0>;
L_000002a62dce5a50 .functor XOR 1, L_000002a62dce4ef0, L_000002a62de61650, C4<0>, C4<0>;
L_000002a62dce5ba0 .functor AND 1, L_000002a62de610b0, L_000002a62de5fcb0, C4<1>, C4<1>;
L_000002a62dce5e40 .functor XOR 1, L_000002a62de610b0, L_000002a62de5fcb0, C4<0>, C4<0>;
L_000002a62dce6770 .functor AND 1, L_000002a62de61650, L_000002a62dce5e40, C4<1>, C4<1>;
L_000002a62dce4fd0 .functor OR 1, L_000002a62dce5ba0, L_000002a62dce6770, C4<0>, C4<0>;
v000002a62de412b0_0 .net *"_ivl_0", 0 0, L_000002a62dce4ef0;  1 drivers
v000002a62de40270_0 .net *"_ivl_4", 0 0, L_000002a62dce5ba0;  1 drivers
v000002a62de413f0_0 .net *"_ivl_6", 0 0, L_000002a62dce5e40;  1 drivers
v000002a62de40310_0 .net *"_ivl_8", 0 0, L_000002a62dce6770;  1 drivers
v000002a62de41490_0 .net "a", 0 0, L_000002a62de610b0;  1 drivers
v000002a62de42610_0 .net "b", 0 0, L_000002a62de5fcb0;  1 drivers
v000002a62de426b0_0 .net "cin", 0 0, L_000002a62de61650;  1 drivers
v000002a62de41530_0 .net "cout", 0 0, L_000002a62dce4fd0;  1 drivers
v000002a62de42750_0 .net "sum", 0 0, L_000002a62dce5a50;  1 drivers
S_000002a62de45080 .scope generate, "fa_gen[15]" "fa_gen[15]" 9 17, 9 17 0, S_000002a62de309e0;
 .timescale 0 0;
P_000002a62dd45920 .param/l "i" 0 9 17, +C4<01111>;
S_000002a62de44a40 .scope module, "fa" "full_adder" 9 18, 9 33 0, S_000002a62de45080;
 .timescale 0 0;
    .port_info 0 /INPUT 1 "a";
    .port_info 1 /INPUT 1 "b";
    .port_info 2 /INPUT 1 "cin";
    .port_info 3 /OUTPUT 1 "sum";
    .port_info 4 /OUTPUT 1 "cout";
L_000002a62dce67e0 .functor XOR 1, L_000002a62de60c50, L_000002a62de60d90, C4<0>, C4<0>;
L_000002a62dce6070 .functor XOR 1, L_000002a62dce67e0, L_000002a62de60570, C4<0>, C4<0>;
L_000002a62dce5200 .functor AND 1, L_000002a62de60c50, L_000002a62de60d90, C4<1>, C4<1>;
L_000002a62dce5eb0 .functor XOR 1, L_000002a62de60c50, L_000002a62de60d90, C4<0>, C4<0>;
L_000002a62dce6850 .functor AND 1, L_000002a62de60570, L_000002a62dce5eb0, C4<1>, C4<1>;
L_000002a62dce5f20 .functor OR 1, L_000002a62dce5200, L_000002a62dce6850, C4<0>, C4<0>;
v000002a62de404f0_0 .net *"_ivl_0", 0 0, L_000002a62dce67e0;  1 drivers
v000002a62de40590_0 .net *"_ivl_4", 0 0, L_000002a62dce5200;  1 drivers
v000002a62de40630_0 .net *"_ivl_6", 0 0, L_000002a62dce5eb0;  1 drivers
v000002a62de406d0_0 .net *"_ivl_8", 0 0, L_000002a62dce6850;  1 drivers
v000002a62de409f0_0 .net "a", 0 0, L_000002a62de60c50;  1 drivers
v000002a62de430b0_0 .net "b", 0 0, L_000002a62de60d90;  1 drivers
v000002a62de43150_0 .net "cin", 0 0, L_000002a62de60570;  1 drivers
v000002a62de42ed0_0 .net "cout", 0 0, L_000002a62dce5f20;  1 drivers
v000002a62de436f0_0 .net "sum", 0 0, L_000002a62dce6070;  1 drivers
S_000002a62de45d00 .scope generate, "fa_gen[16]" "fa_gen[16]" 9 17, 9 17 0, S_000002a62de309e0;
 .timescale 0 0;
P_000002a62dd45460 .param/l "i" 0 9 17, +C4<010000>;
S_000002a62de459e0 .scope module, "fa" "full_adder" 9 18, 9 33 0, S_000002a62de45d00;
 .timescale 0 0;
    .port_info 0 /INPUT 1 "a";
    .port_info 1 /INPUT 1 "b";
    .port_info 2 /INPUT 1 "cin";
    .port_info 3 /OUTPUT 1 "sum";
    .port_info 4 /OUTPUT 1 "cout";
L_000002a62dce4f60 .functor XOR 1, L_000002a62de5fdf0, L_000002a62de5fd50, C4<0>, C4<0>;
L_000002a62dce5ac0 .functor XOR 1, L_000002a62dce4f60, L_000002a62de5fad0, C4<0>, C4<0>;
L_000002a62dce5d60 .functor AND 1, L_000002a62de5fdf0, L_000002a62de5fd50, C4<1>, C4<1>;
L_000002a62dce6150 .functor XOR 1, L_000002a62de5fdf0, L_000002a62de5fd50, C4<0>, C4<0>;
L_000002a62dce5270 .functor AND 1, L_000002a62de5fad0, L_000002a62dce6150, C4<1>, C4<1>;
L_000002a62dce52e0 .functor OR 1, L_000002a62dce5d60, L_000002a62dce5270, C4<0>, C4<0>;
v000002a62de43790_0 .net *"_ivl_0", 0 0, L_000002a62dce4f60;  1 drivers
v000002a62de42f70_0 .net *"_ivl_4", 0 0, L_000002a62dce5d60;  1 drivers
v000002a62de43290_0 .net *"_ivl_6", 0 0, L_000002a62dce6150;  1 drivers
v000002a62de43510_0 .net *"_ivl_8", 0 0, L_000002a62dce5270;  1 drivers
v000002a62de42d90_0 .net "a", 0 0, L_000002a62de5fdf0;  1 drivers
v000002a62de43330_0 .net "b", 0 0, L_000002a62de5fd50;  1 drivers
v000002a62de42c50_0 .net "cin", 0 0, L_000002a62de5fad0;  1 drivers
v000002a62de43010_0 .net "cout", 0 0, L_000002a62dce52e0;  1 drivers
v000002a62de433d0_0 .net "sum", 0 0, L_000002a62dce5ac0;  1 drivers
S_000002a62de47600 .scope generate, "fa_gen[17]" "fa_gen[17]" 9 17, 9 17 0, S_000002a62de309e0;
 .timescale 0 0;
P_000002a62dd459a0 .param/l "i" 0 9 17, +C4<010001>;
S_000002a62de44ef0 .scope module, "fa" "full_adder" 9 18, 9 33 0, S_000002a62de47600;
 .timescale 0 0;
    .port_info 0 /INPUT 1 "a";
    .port_info 1 /INPUT 1 "b";
    .port_info 2 /INPUT 1 "cin";
    .port_info 3 /OUTPUT 1 "sum";
    .port_info 4 /OUTPUT 1 "cout";
L_000002a62dce62a0 .functor XOR 1, L_000002a62de61790, L_000002a62de61970, C4<0>, C4<0>;
L_000002a62dce6310 .functor XOR 1, L_000002a62dce62a0, L_000002a62de61150, C4<0>, C4<0>;
L_000002a62dce6380 .functor AND 1, L_000002a62de61790, L_000002a62de61970, C4<1>, C4<1>;
L_000002a62dce7340 .functor XOR 1, L_000002a62de61790, L_000002a62de61970, C4<0>, C4<0>;
L_000002a62dce6cb0 .functor AND 1, L_000002a62de61150, L_000002a62dce7340, C4<1>, C4<1>;
L_000002a62dce7180 .functor OR 1, L_000002a62dce6380, L_000002a62dce6cb0, C4<0>, C4<0>;
v000002a62de435b0_0 .net *"_ivl_0", 0 0, L_000002a62dce62a0;  1 drivers
v000002a62de429d0_0 .net *"_ivl_4", 0 0, L_000002a62dce6380;  1 drivers
v000002a62de43470_0 .net *"_ivl_6", 0 0, L_000002a62dce7340;  1 drivers
v000002a62de43650_0 .net *"_ivl_8", 0 0, L_000002a62dce6cb0;  1 drivers
v000002a62de431f0_0 .net "a", 0 0, L_000002a62de61790;  1 drivers
v000002a62de42bb0_0 .net "b", 0 0, L_000002a62de61970;  1 drivers
v000002a62de42930_0 .net "cin", 0 0, L_000002a62de61150;  1 drivers
v000002a62de42a70_0 .net "cout", 0 0, L_000002a62dce7180;  1 drivers
v000002a62de42b10_0 .net "sum", 0 0, L_000002a62dce6310;  1 drivers
S_000002a62de43c30 .scope generate, "fa_gen[18]" "fa_gen[18]" 9 17, 9 17 0, S_000002a62de309e0;
 .timescale 0 0;
P_000002a62dd45160 .param/l "i" 0 9 17, +C4<010010>;
S_000002a62de44400 .scope module, "fa" "full_adder" 9 18, 9 33 0, S_000002a62de43c30;
 .timescale 0 0;
    .port_info 0 /INPUT 1 "a";
    .port_info 1 /INPUT 1 "b";
    .port_info 2 /INPUT 1 "cin";
    .port_info 3 /OUTPUT 1 "sum";
    .port_info 4 /OUTPUT 1 "cout";
L_000002a62dce7420 .functor XOR 1, L_000002a62de61f10, L_000002a62de606b0, C4<0>, C4<0>;
L_000002a62dce7500 .functor XOR 1, L_000002a62dce7420, L_000002a62de611f0, C4<0>, C4<0>;
L_000002a62dce6e00 .functor AND 1, L_000002a62de61f10, L_000002a62de606b0, C4<1>, C4<1>;
L_000002a62dce6d20 .functor XOR 1, L_000002a62de61f10, L_000002a62de606b0, C4<0>, C4<0>;
L_000002a62dce71f0 .functor AND 1, L_000002a62de611f0, L_000002a62dce6d20, C4<1>, C4<1>;
L_000002a62dce7260 .functor OR 1, L_000002a62dce6e00, L_000002a62dce71f0, C4<0>, C4<0>;
v000002a62de42cf0_0 .net *"_ivl_0", 0 0, L_000002a62dce7420;  1 drivers
v000002a62de42e30_0 .net *"_ivl_4", 0 0, L_000002a62dce6e00;  1 drivers
v000002a62de352d0_0 .net *"_ivl_6", 0 0, L_000002a62dce6d20;  1 drivers
v000002a62de34dd0_0 .net *"_ivl_8", 0 0, L_000002a62dce71f0;  1 drivers
v000002a62de34bf0_0 .net "a", 0 0, L_000002a62de61f10;  1 drivers
v000002a62de35e10_0 .net "b", 0 0, L_000002a62de606b0;  1 drivers
v000002a62de33f70_0 .net "cin", 0 0, L_000002a62de611f0;  1 drivers
v000002a62de348d0_0 .net "cout", 0 0, L_000002a62dce7260;  1 drivers
v000002a62de35ff0_0 .net "sum", 0 0, L_000002a62dce7500;  1 drivers
S_000002a62de43dc0 .scope generate, "fa_gen[19]" "fa_gen[19]" 9 17, 9 17 0, S_000002a62de309e0;
 .timescale 0 0;
P_000002a62dd45d60 .param/l "i" 0 9 17, +C4<010011>;
S_000002a62de43910 .scope module, "fa" "full_adder" 9 18, 9 33 0, S_000002a62de43dc0;
 .timescale 0 0;
    .port_info 0 /INPUT 1 "a";
    .port_info 1 /INPUT 1 "b";
    .port_info 2 /INPUT 1 "cin";
    .port_info 3 /OUTPUT 1 "sum";
    .port_info 4 /OUTPUT 1 "cout";
L_000002a62dce6f50 .functor XOR 1, L_000002a62de5fb70, L_000002a62de601b0, C4<0>, C4<0>;
L_000002a62dce7490 .functor XOR 1, L_000002a62dce6f50, L_000002a62de60070, C4<0>, C4<0>;
L_000002a62dce7030 .functor AND 1, L_000002a62de5fb70, L_000002a62de601b0, C4<1>, C4<1>;
L_000002a62dce78f0 .functor XOR 1, L_000002a62de5fb70, L_000002a62de601b0, C4<0>, C4<0>;
L_000002a62dce7650 .functor AND 1, L_000002a62de60070, L_000002a62dce78f0, C4<1>, C4<1>;
L_000002a62dce6ee0 .functor OR 1, L_000002a62dce7030, L_000002a62dce7650, C4<0>, C4<0>;
v000002a62de340b0_0 .net *"_ivl_0", 0 0, L_000002a62dce6f50;  1 drivers
v000002a62de34010_0 .net *"_ivl_4", 0 0, L_000002a62dce7030;  1 drivers
v000002a62de35b90_0 .net *"_ivl_6", 0 0, L_000002a62dce78f0;  1 drivers
v000002a62de35870_0 .net *"_ivl_8", 0 0, L_000002a62dce7650;  1 drivers
v000002a62de34f10_0 .net "a", 0 0, L_000002a62de5fb70;  1 drivers
v000002a62de354b0_0 .net "b", 0 0, L_000002a62de601b0;  1 drivers
v000002a62de34830_0 .net "cin", 0 0, L_000002a62de60070;  1 drivers
v000002a62de359b0_0 .net "cout", 0 0, L_000002a62dce6ee0;  1 drivers
v000002a62de33a70_0 .net "sum", 0 0, L_000002a62dce7490;  1 drivers
S_000002a62de44bd0 .scope generate, "fa_gen[20]" "fa_gen[20]" 9 17, 9 17 0, S_000002a62de309e0;
 .timescale 0 0;
P_000002a62dd45760 .param/l "i" 0 9 17, +C4<010100>;
S_000002a62de448b0 .scope module, "fa" "full_adder" 9 18, 9 33 0, S_000002a62de44bd0;
 .timescale 0 0;
    .port_info 0 /INPUT 1 "a";
    .port_info 1 /INPUT 1 "b";
    .port_info 2 /INPUT 1 "cin";
    .port_info 3 /OUTPUT 1 "sum";
    .port_info 4 /OUTPUT 1 "cout";
L_000002a62dce7810 .functor XOR 1, L_000002a62de61a10, L_000002a62de60610, C4<0>, C4<0>;
L_000002a62dce77a0 .functor XOR 1, L_000002a62dce7810, L_000002a62de5fe90, C4<0>, C4<0>;
L_000002a62dce7570 .functor AND 1, L_000002a62de61a10, L_000002a62de60610, C4<1>, C4<1>;
L_000002a62dce75e0 .functor XOR 1, L_000002a62de61a10, L_000002a62de60610, C4<0>, C4<0>;
L_000002a62dce7880 .functor AND 1, L_000002a62de5fe90, L_000002a62dce75e0, C4<1>, C4<1>;
L_000002a62dce7960 .functor OR 1, L_000002a62dce7570, L_000002a62dce7880, C4<0>, C4<0>;
v000002a62de35cd0_0 .net *"_ivl_0", 0 0, L_000002a62dce7810;  1 drivers
v000002a62de35370_0 .net *"_ivl_4", 0 0, L_000002a62dce7570;  1 drivers
v000002a62de34290_0 .net *"_ivl_6", 0 0, L_000002a62dce75e0;  1 drivers
v000002a62de35550_0 .net *"_ivl_8", 0 0, L_000002a62dce7880;  1 drivers
v000002a62de34150_0 .net "a", 0 0, L_000002a62de61a10;  1 drivers
v000002a62de35d70_0 .net "b", 0 0, L_000002a62de60610;  1 drivers
v000002a62de35410_0 .net "cin", 0 0, L_000002a62de5fe90;  1 drivers
v000002a62de34c90_0 .net "cout", 0 0, L_000002a62dce7960;  1 drivers
v000002a62de35c30_0 .net "sum", 0 0, L_000002a62dce77a0;  1 drivers
S_000002a62de45850 .scope generate, "fa_gen[21]" "fa_gen[21]" 9 17, 9 17 0, S_000002a62de309e0;
 .timescale 0 0;
P_000002a62dd46120 .param/l "i" 0 9 17, +C4<010101>;
S_000002a62de472e0 .scope module, "fa" "full_adder" 9 18, 9 33 0, S_000002a62de45850;
 .timescale 0 0;
    .port_info 0 /INPUT 1 "a";
    .port_info 1 /INPUT 1 "b";
    .port_info 2 /INPUT 1 "cin";
    .port_info 3 /OUTPUT 1 "sum";
    .port_info 4 /OUTPUT 1 "cout";
L_000002a62dce70a0 .functor XOR 1, L_000002a62de61010, L_000002a62de609d0, C4<0>, C4<0>;
L_000002a62dce6a80 .functor XOR 1, L_000002a62dce70a0, L_000002a62de61330, C4<0>, C4<0>;
L_000002a62dce76c0 .functor AND 1, L_000002a62de61010, L_000002a62de609d0, C4<1>, C4<1>;
L_000002a62dce6b60 .functor XOR 1, L_000002a62de61010, L_000002a62de609d0, C4<0>, C4<0>;
L_000002a62dce7730 .functor AND 1, L_000002a62de61330, L_000002a62dce6b60, C4<1>, C4<1>;
L_000002a62dce6af0 .functor OR 1, L_000002a62dce76c0, L_000002a62dce7730, C4<0>, C4<0>;
v000002a62de34e70_0 .net *"_ivl_0", 0 0, L_000002a62dce70a0;  1 drivers
v000002a62de341f0_0 .net *"_ivl_4", 0 0, L_000002a62dce76c0;  1 drivers
v000002a62de33b10_0 .net *"_ivl_6", 0 0, L_000002a62dce6b60;  1 drivers
v000002a62de355f0_0 .net *"_ivl_8", 0 0, L_000002a62dce7730;  1 drivers
v000002a62de35eb0_0 .net "a", 0 0, L_000002a62de61010;  1 drivers
v000002a62de35690_0 .net "b", 0 0, L_000002a62de609d0;  1 drivers
v000002a62de357d0_0 .net "cin", 0 0, L_000002a62de61330;  1 drivers
v000002a62de34330_0 .net "cout", 0 0, L_000002a62dce6af0;  1 drivers
v000002a62de35910_0 .net "sum", 0 0, L_000002a62dce6a80;  1 drivers
S_000002a62de43aa0 .scope generate, "fa_gen[22]" "fa_gen[22]" 9 17, 9 17 0, S_000002a62de309e0;
 .timescale 0 0;
P_000002a62dd45ae0 .param/l "i" 0 9 17, +C4<010110>;
S_000002a62de46980 .scope module, "fa" "full_adder" 9 18, 9 33 0, S_000002a62de43aa0;
 .timescale 0 0;
    .port_info 0 /INPUT 1 "a";
    .port_info 1 /INPUT 1 "b";
    .port_info 2 /INPUT 1 "cin";
    .port_info 3 /OUTPUT 1 "sum";
    .port_info 4 /OUTPUT 1 "cout";
L_000002a62dce7110 .functor XOR 1, L_000002a62de60750, L_000002a62de616f0, C4<0>, C4<0>;
L_000002a62dce6bd0 .functor XOR 1, L_000002a62dce7110, L_000002a62de5ff30, C4<0>, C4<0>;
L_000002a62dce6c40 .functor AND 1, L_000002a62de60750, L_000002a62de616f0, C4<1>, C4<1>;
L_000002a62dce6d90 .functor XOR 1, L_000002a62de60750, L_000002a62de616f0, C4<0>, C4<0>;
L_000002a62dce6e70 .functor AND 1, L_000002a62de5ff30, L_000002a62dce6d90, C4<1>, C4<1>;
L_000002a62dce72d0 .functor OR 1, L_000002a62dce6c40, L_000002a62dce6e70, C4<0>, C4<0>;
v000002a62de343d0_0 .net *"_ivl_0", 0 0, L_000002a62dce7110;  1 drivers
v000002a62de34970_0 .net *"_ivl_4", 0 0, L_000002a62dce6c40;  1 drivers
v000002a62de34d30_0 .net *"_ivl_6", 0 0, L_000002a62dce6d90;  1 drivers
v000002a62de34510_0 .net *"_ivl_8", 0 0, L_000002a62dce6e70;  1 drivers
v000002a62de345b0_0 .net "a", 0 0, L_000002a62de60750;  1 drivers
v000002a62de35730_0 .net "b", 0 0, L_000002a62de616f0;  1 drivers
v000002a62de35a50_0 .net "cin", 0 0, L_000002a62de5ff30;  1 drivers
v000002a62de34a10_0 .net "cout", 0 0, L_000002a62dce72d0;  1 drivers
v000002a62de34470_0 .net "sum", 0 0, L_000002a62dce6bd0;  1 drivers
S_000002a62de46fc0 .scope generate, "fa_gen[23]" "fa_gen[23]" 9 17, 9 17 0, S_000002a62de309e0;
 .timescale 0 0;
P_000002a62dd454a0 .param/l "i" 0 9 17, +C4<010111>;
S_000002a62de46020 .scope module, "fa" "full_adder" 9 18, 9 33 0, S_000002a62de46fc0;
 .timescale 0 0;
    .port_info 0 /INPUT 1 "a";
    .port_info 1 /INPUT 1 "b";
    .port_info 2 /INPUT 1 "cin";
    .port_info 3 /OUTPUT 1 "sum";
    .port_info 4 /OUTPUT 1 "cout";
L_000002a62dce6fc0 .functor XOR 1, L_000002a62de60b10, L_000002a62de620f0, C4<0>, C4<0>;
L_000002a62dce73b0 .functor XOR 1, L_000002a62dce6fc0, L_000002a62de5ffd0, C4<0>, C4<0>;
L_000002a62dce0110 .functor AND 1, L_000002a62de60b10, L_000002a62de620f0, C4<1>, C4<1>;
L_000002a62dce0dc0 .functor XOR 1, L_000002a62de60b10, L_000002a62de620f0, C4<0>, C4<0>;
L_000002a62dce0490 .functor AND 1, L_000002a62de5ffd0, L_000002a62dce0dc0, C4<1>, C4<1>;
L_000002a62dce0500 .functor OR 1, L_000002a62dce0110, L_000002a62dce0490, C4<0>, C4<0>;
v000002a62de35af0_0 .net *"_ivl_0", 0 0, L_000002a62dce6fc0;  1 drivers
v000002a62de34650_0 .net *"_ivl_4", 0 0, L_000002a62dce0110;  1 drivers
v000002a62de33bb0_0 .net *"_ivl_6", 0 0, L_000002a62dce0dc0;  1 drivers
v000002a62de35190_0 .net *"_ivl_8", 0 0, L_000002a62dce0490;  1 drivers
v000002a62de35f50_0 .net "a", 0 0, L_000002a62de60b10;  1 drivers
v000002a62de34fb0_0 .net "b", 0 0, L_000002a62de620f0;  1 drivers
v000002a62de33c50_0 .net "cin", 0 0, L_000002a62de5ffd0;  1 drivers
v000002a62de35050_0 .net "cout", 0 0, L_000002a62dce0500;  1 drivers
v000002a62de346f0_0 .net "sum", 0 0, L_000002a62dce73b0;  1 drivers
S_000002a62de45530 .scope generate, "fa_gen[24]" "fa_gen[24]" 9 17, 9 17 0, S_000002a62de309e0;
 .timescale 0 0;
P_000002a62dd451e0 .param/l "i" 0 9 17, +C4<011000>;
S_000002a62de46b10 .scope module, "fa" "full_adder" 9 18, 9 33 0, S_000002a62de45530;
 .timescale 0 0;
    .port_info 0 /INPUT 1 "a";
    .port_info 1 /INPUT 1 "b";
    .port_info 2 /INPUT 1 "cin";
    .port_info 3 /OUTPUT 1 "sum";
    .port_info 4 /OUTPUT 1 "cout";
L_000002a62dce01f0 .functor XOR 1, L_000002a62de61470, L_000002a62de60250, C4<0>, C4<0>;
L_000002a62dce0b90 .functor XOR 1, L_000002a62dce01f0, L_000002a62de602f0, C4<0>, C4<0>;
L_000002a62dce0810 .functor AND 1, L_000002a62de61470, L_000002a62de60250, C4<1>, C4<1>;
L_000002a62dcdffc0 .functor XOR 1, L_000002a62de61470, L_000002a62de60250, C4<0>, C4<0>;
L_000002a62dcdfa80 .functor AND 1, L_000002a62de602f0, L_000002a62dcdffc0, C4<1>, C4<1>;
L_000002a62dcdff50 .functor OR 1, L_000002a62dce0810, L_000002a62dcdfa80, C4<0>, C4<0>;
v000002a62de36090_0 .net *"_ivl_0", 0 0, L_000002a62dce01f0;  1 drivers
v000002a62de350f0_0 .net *"_ivl_4", 0 0, L_000002a62dce0810;  1 drivers
v000002a62de33930_0 .net *"_ivl_6", 0 0, L_000002a62dcdffc0;  1 drivers
v000002a62de34b50_0 .net *"_ivl_8", 0 0, L_000002a62dcdfa80;  1 drivers
v000002a62de35230_0 .net "a", 0 0, L_000002a62de61470;  1 drivers
v000002a62de34ab0_0 .net "b", 0 0, L_000002a62de60250;  1 drivers
v000002a62de339d0_0 .net "cin", 0 0, L_000002a62de602f0;  1 drivers
v000002a62de33cf0_0 .net "cout", 0 0, L_000002a62dcdff50;  1 drivers
v000002a62de33d90_0 .net "sum", 0 0, L_000002a62dce0b90;  1 drivers
S_000002a62de46ca0 .scope generate, "fa_gen[25]" "fa_gen[25]" 9 17, 9 17 0, S_000002a62de309e0;
 .timescale 0 0;
P_000002a62dd456e0 .param/l "i" 0 9 17, +C4<011001>;
S_000002a62de46e30 .scope module, "fa" "full_adder" 9 18, 9 33 0, S_000002a62de46ca0;
 .timescale 0 0;
    .port_info 0 /INPUT 1 "a";
    .port_info 1 /INPUT 1 "b";
    .port_info 2 /INPUT 1 "cin";
    .port_info 3 /OUTPUT 1 "sum";
    .port_info 4 /OUTPUT 1 "cout";
L_000002a62dce1300 .functor XOR 1, L_000002a62de61ab0, L_000002a62de60930, C4<0>, C4<0>;
L_000002a62dce03b0 .functor XOR 1, L_000002a62dce1300, L_000002a62de60bb0, C4<0>, C4<0>;
L_000002a62dce0730 .functor AND 1, L_000002a62de61ab0, L_000002a62de60930, C4<1>, C4<1>;
L_000002a62dce0650 .functor XOR 1, L_000002a62de61ab0, L_000002a62de60930, C4<0>, C4<0>;
L_000002a62dce0e30 .functor AND 1, L_000002a62de60bb0, L_000002a62dce0650, C4<1>, C4<1>;
L_000002a62dce0180 .functor OR 1, L_000002a62dce0730, L_000002a62dce0e30, C4<0>, C4<0>;
v000002a62de34790_0 .net *"_ivl_0", 0 0, L_000002a62dce1300;  1 drivers
v000002a62de33e30_0 .net *"_ivl_4", 0 0, L_000002a62dce0730;  1 drivers
v000002a62de33ed0_0 .net *"_ivl_6", 0 0, L_000002a62dce0650;  1 drivers
v000002a62de36db0_0 .net *"_ivl_8", 0 0, L_000002a62dce0e30;  1 drivers
v000002a62de37df0_0 .net "a", 0 0, L_000002a62de61ab0;  1 drivers
v000002a62de38430_0 .net "b", 0 0, L_000002a62de60930;  1 drivers
v000002a62de387f0_0 .net "cin", 0 0, L_000002a62de60bb0;  1 drivers
v000002a62de384d0_0 .net "cout", 0 0, L_000002a62dce0180;  1 drivers
v000002a62de38890_0 .net "sum", 0 0, L_000002a62dce03b0;  1 drivers
S_000002a62de43f50 .scope generate, "fa_gen[26]" "fa_gen[26]" 9 17, 9 17 0, S_000002a62de309e0;
 .timescale 0 0;
P_000002a62dd45320 .param/l "i" 0 9 17, +C4<011010>;
S_000002a62de440e0 .scope module, "fa" "full_adder" 9 18, 9 33 0, S_000002a62de43f50;
 .timescale 0 0;
    .port_info 0 /INPUT 1 "a";
    .port_info 1 /INPUT 1 "b";
    .port_info 2 /INPUT 1 "cin";
    .port_info 3 /OUTPUT 1 "sum";
    .port_info 4 /OUTPUT 1 "cout";
L_000002a62dce1370 .functor XOR 1, L_000002a62de60390, L_000002a62de61d30, C4<0>, C4<0>;
L_000002a62dcdfbd0 .functor XOR 1, L_000002a62dce1370, L_000002a62de60430, C4<0>, C4<0>;
L_000002a62dce0420 .functor AND 1, L_000002a62de60390, L_000002a62de61d30, C4<1>, C4<1>;
L_000002a62dce0030 .functor XOR 1, L_000002a62de60390, L_000002a62de61d30, C4<0>, C4<0>;
L_000002a62dce1290 .functor AND 1, L_000002a62de60430, L_000002a62dce0030, C4<1>, C4<1>;
L_000002a62dce10d0 .functor OR 1, L_000002a62dce0420, L_000002a62dce1290, C4<0>, C4<0>;
v000002a62de37030_0 .net *"_ivl_0", 0 0, L_000002a62dce1370;  1 drivers
v000002a62de36270_0 .net *"_ivl_4", 0 0, L_000002a62dce0420;  1 drivers
v000002a62de37e90_0 .net *"_ivl_6", 0 0, L_000002a62dce0030;  1 drivers
v000002a62de37f30_0 .net *"_ivl_8", 0 0, L_000002a62dce1290;  1 drivers
v000002a62de36d10_0 .net "a", 0 0, L_000002a62de60390;  1 drivers
v000002a62de36e50_0 .net "b", 0 0, L_000002a62de61d30;  1 drivers
v000002a62de38110_0 .net "cin", 0 0, L_000002a62de60430;  1 drivers
v000002a62de361d0_0 .net "cout", 0 0, L_000002a62dce10d0;  1 drivers
v000002a62de370d0_0 .net "sum", 0 0, L_000002a62dcdfbd0;  1 drivers
S_000002a62de44270 .scope generate, "fa_gen[27]" "fa_gen[27]" 9 17, 9 17 0, S_000002a62de309e0;
 .timescale 0 0;
P_000002a62dd45360 .param/l "i" 0 9 17, +C4<011011>;
S_000002a62de45210 .scope module, "fa" "full_adder" 9 18, 9 33 0, S_000002a62de44270;
 .timescale 0 0;
    .port_info 0 /INPUT 1 "a";
    .port_info 1 /INPUT 1 "b";
    .port_info 2 /INPUT 1 "cin";
    .port_info 3 /OUTPUT 1 "sum";
    .port_info 4 /OUTPUT 1 "cout";
L_000002a62dce00a0 .functor XOR 1, L_000002a62de60ed0, L_000002a62de61b50, C4<0>, C4<0>;
L_000002a62dce0b20 .functor XOR 1, L_000002a62dce00a0, L_000002a62de60f70, C4<0>, C4<0>;
L_000002a62dce0260 .functor AND 1, L_000002a62de60ed0, L_000002a62de61b50, C4<1>, C4<1>;
L_000002a62dce0ce0 .functor XOR 1, L_000002a62de60ed0, L_000002a62de61b50, C4<0>, C4<0>;
L_000002a62dce1530 .functor AND 1, L_000002a62de60f70, L_000002a62dce0ce0, C4<1>, C4<1>;
L_000002a62dce0570 .functor OR 1, L_000002a62dce0260, L_000002a62dce1530, C4<0>, C4<0>;
v000002a62de375d0_0 .net *"_ivl_0", 0 0, L_000002a62dce00a0;  1 drivers
v000002a62de372b0_0 .net *"_ivl_4", 0 0, L_000002a62dce0260;  1 drivers
v000002a62de36130_0 .net *"_ivl_6", 0 0, L_000002a62dce0ce0;  1 drivers
v000002a62de36b30_0 .net *"_ivl_8", 0 0, L_000002a62dce1530;  1 drivers
v000002a62de37990_0 .net "a", 0 0, L_000002a62de60ed0;  1 drivers
v000002a62de37b70_0 .net "b", 0 0, L_000002a62de61b50;  1 drivers
v000002a62de36590_0 .net "cin", 0 0, L_000002a62de60f70;  1 drivers
v000002a62de364f0_0 .net "cout", 0 0, L_000002a62dce0570;  1 drivers
v000002a62de36310_0 .net "sum", 0 0, L_000002a62dce0b20;  1 drivers
S_000002a62de44590 .scope generate, "fa_gen[28]" "fa_gen[28]" 9 17, 9 17 0, S_000002a62de309e0;
 .timescale 0 0;
P_000002a62dd45720 .param/l "i" 0 9 17, +C4<011100>;
S_000002a62de453a0 .scope module, "fa" "full_adder" 9 18, 9 33 0, S_000002a62de44590;
 .timescale 0 0;
    .port_info 0 /INPUT 1 "a";
    .port_info 1 /INPUT 1 "b";
    .port_info 2 /INPUT 1 "cin";
    .port_info 3 /OUTPUT 1 "sum";
    .port_info 4 /OUTPUT 1 "cout";
L_000002a62dcdfee0 .functor XOR 1, L_000002a62de604d0, L_000002a62de61830, C4<0>, C4<0>;
L_000002a62dce06c0 .functor XOR 1, L_000002a62dcdfee0, L_000002a62de61c90, C4<0>, C4<0>;
L_000002a62dce0340 .functor AND 1, L_000002a62de604d0, L_000002a62de61830, C4<1>, C4<1>;
L_000002a62dce07a0 .functor XOR 1, L_000002a62de604d0, L_000002a62de61830, C4<0>, C4<0>;
L_000002a62dce13e0 .functor AND 1, L_000002a62de61c90, L_000002a62dce07a0, C4<1>, C4<1>;
L_000002a62dce0c00 .functor OR 1, L_000002a62dce0340, L_000002a62dce13e0, C4<0>, C4<0>;
v000002a62de363b0_0 .net *"_ivl_0", 0 0, L_000002a62dcdfee0;  1 drivers
v000002a62de36bd0_0 .net *"_ivl_4", 0 0, L_000002a62dce0340;  1 drivers
v000002a62de373f0_0 .net *"_ivl_6", 0 0, L_000002a62dce07a0;  1 drivers
v000002a62de366d0_0 .net *"_ivl_8", 0 0, L_000002a62dce13e0;  1 drivers
v000002a62de37350_0 .net "a", 0 0, L_000002a62de604d0;  1 drivers
v000002a62de37850_0 .net "b", 0 0, L_000002a62de61830;  1 drivers
v000002a62de37490_0 .net "cin", 0 0, L_000002a62de61c90;  1 drivers
v000002a62de38250_0 .net "cout", 0 0, L_000002a62dce0c00;  1 drivers
v000002a62de36450_0 .net "sum", 0 0, L_000002a62dce06c0;  1 drivers
S_000002a62de461b0 .scope generate, "fa_gen[29]" "fa_gen[29]" 9 17, 9 17 0, S_000002a62de309e0;
 .timescale 0 0;
P_000002a62dd45b60 .param/l "i" 0 9 17, +C4<011101>;
S_000002a62de49540 .scope module, "fa" "full_adder" 9 18, 9 33 0, S_000002a62de461b0;
 .timescale 0 0;
    .port_info 0 /INPUT 1 "a";
    .port_info 1 /INPUT 1 "b";
    .port_info 2 /INPUT 1 "cin";
    .port_info 3 /OUTPUT 1 "sum";
    .port_info 4 /OUTPUT 1 "cout";
L_000002a62dce0c70 .functor XOR 1, L_000002a62de61dd0, L_000002a62de61e70, C4<0>, C4<0>;
L_000002a62dce05e0 .functor XOR 1, L_000002a62dce0c70, L_000002a62de61fb0, C4<0>, C4<0>;
L_000002a62dce02d0 .functor AND 1, L_000002a62de61dd0, L_000002a62de61e70, C4<1>, C4<1>;
L_000002a62dce0d50 .functor XOR 1, L_000002a62de61dd0, L_000002a62de61e70, C4<0>, C4<0>;
L_000002a62dce15a0 .functor AND 1, L_000002a62de61fb0, L_000002a62dce0d50, C4<1>, C4<1>;
L_000002a62dce0880 .functor OR 1, L_000002a62dce02d0, L_000002a62dce15a0, C4<0>, C4<0>;
v000002a62de38070_0 .net *"_ivl_0", 0 0, L_000002a62dce0c70;  1 drivers
v000002a62de36ef0_0 .net *"_ivl_4", 0 0, L_000002a62dce02d0;  1 drivers
v000002a62de37710_0 .net *"_ivl_6", 0 0, L_000002a62dce0d50;  1 drivers
v000002a62de36f90_0 .net *"_ivl_8", 0 0, L_000002a62dce15a0;  1 drivers
v000002a62de36810_0 .net "a", 0 0, L_000002a62de61dd0;  1 drivers
v000002a62de37a30_0 .net "b", 0 0, L_000002a62de61e70;  1 drivers
v000002a62de37530_0 .net "cin", 0 0, L_000002a62de61fb0;  1 drivers
v000002a62de37c10_0 .net "cout", 0 0, L_000002a62dce0880;  1 drivers
v000002a62de37170_0 .net "sum", 0 0, L_000002a62dce05e0;  1 drivers
S_000002a62de4b160 .scope generate, "fa_gen[30]" "fa_gen[30]" 9 17, 9 17 0, S_000002a62de309e0;
 .timescale 0 0;
P_000002a62dd454e0 .param/l "i" 0 9 17, +C4<011110>;
S_000002a62de48be0 .scope module, "fa" "full_adder" 9 18, 9 33 0, S_000002a62de4b160;
 .timescale 0 0;
    .port_info 0 /INPUT 1 "a";
    .port_info 1 /INPUT 1 "b";
    .port_info 2 /INPUT 1 "cin";
    .port_info 3 /OUTPUT 1 "sum";
    .port_info 4 /OUTPUT 1 "cout";
L_000002a62dce08f0 .functor XOR 1, L_000002a62de62050, L_000002a62de648f0, C4<0>, C4<0>;
L_000002a62dce0960 .functor XOR 1, L_000002a62dce08f0, L_000002a62de63d10, C4<0>, C4<0>;
L_000002a62dce09d0 .functor AND 1, L_000002a62de62050, L_000002a62de648f0, C4<1>, C4<1>;
L_000002a62dce0a40 .functor XOR 1, L_000002a62de62050, L_000002a62de648f0, C4<0>, C4<0>;
L_000002a62dce1450 .functor AND 1, L_000002a62de63d10, L_000002a62dce0a40, C4<1>, C4<1>;
L_000002a62dce0ea0 .functor OR 1, L_000002a62dce09d0, L_000002a62dce1450, C4<0>, C4<0>;
v000002a62de37d50_0 .net *"_ivl_0", 0 0, L_000002a62dce08f0;  1 drivers
v000002a62de37670_0 .net *"_ivl_4", 0 0, L_000002a62dce09d0;  1 drivers
v000002a62de37cb0_0 .net *"_ivl_6", 0 0, L_000002a62dce0a40;  1 drivers
v000002a62de38390_0 .net *"_ivl_8", 0 0, L_000002a62dce1450;  1 drivers
v000002a62de37ad0_0 .net "a", 0 0, L_000002a62de62050;  1 drivers
v000002a62de37fd0_0 .net "b", 0 0, L_000002a62de648f0;  1 drivers
v000002a62de38570_0 .net "cin", 0 0, L_000002a62de63d10;  1 drivers
v000002a62de377b0_0 .net "cout", 0 0, L_000002a62dce0ea0;  1 drivers
v000002a62de381b0_0 .net "sum", 0 0, L_000002a62dce0960;  1 drivers
S_000002a62de499f0 .scope generate, "fa_gen[31]" "fa_gen[31]" 9 17, 9 17 0, S_000002a62de309e0;
 .timescale 0 0;
P_000002a62dd45820 .param/l "i" 0 9 17, +C4<011111>;
S_000002a62de4ab20 .scope module, "fa" "full_adder" 9 18, 9 33 0, S_000002a62de499f0;
 .timescale 0 0;
    .port_info 0 /INPUT 1 "a";
    .port_info 1 /INPUT 1 "b";
    .port_info 2 /INPUT 1 "cin";
    .port_info 3 /OUTPUT 1 "sum";
    .port_info 4 /OUTPUT 1 "cout";
L_000002a62dce0f10 .functor XOR 1, L_000002a62de63ef0, L_000002a62de63810, C4<0>, C4<0>;
L_000002a62dce0ab0 .functor XOR 1, L_000002a62dce0f10, L_000002a62de63590, C4<0>, C4<0>;
L_000002a62dce0f80 .functor AND 1, L_000002a62de63ef0, L_000002a62de63810, C4<1>, C4<1>;
L_000002a62dce0ff0 .functor XOR 1, L_000002a62de63ef0, L_000002a62de63810, C4<0>, C4<0>;
L_000002a62dce1140 .functor AND 1, L_000002a62de63590, L_000002a62dce0ff0, C4<1>, C4<1>;
L_000002a62dcdfaf0 .functor OR 1, L_000002a62dce0f80, L_000002a62dce1140, C4<0>, C4<0>;
v000002a62de382f0_0 .net *"_ivl_0", 0 0, L_000002a62dce0f10;  1 drivers
v000002a62de38610_0 .net *"_ivl_4", 0 0, L_000002a62dce0f80;  1 drivers
v000002a62de37210_0 .net *"_ivl_6", 0 0, L_000002a62dce0ff0;  1 drivers
v000002a62de378f0_0 .net *"_ivl_8", 0 0, L_000002a62dce1140;  1 drivers
v000002a62de386b0_0 .net "a", 0 0, L_000002a62de63ef0;  1 drivers
v000002a62de38750_0 .net "b", 0 0, L_000002a62de63810;  1 drivers
v000002a62de36c70_0 .net "cin", 0 0, L_000002a62de63590;  1 drivers
v000002a62de36630_0 .net "cout", 0 0, L_000002a62dcdfaf0;  1 drivers
v000002a62de36770_0 .net "sum", 0 0, L_000002a62dce0ab0;  1 drivers
S_000002a62de4a800 .scope module, "Y" "reg32" 15 41, 16 2 0, S_000002a62de32920;
 .timescale 0 0;
    .port_info 0 /INPUT 1 "clk";
    .port_info 1 /INPUT 1 "reset";
    .port_info 2 /INPUT 1 "en";
    .port_info 3 /INPUT 32 "d_in";
    .port_info 4 /OUTPUT 32 "d_out";
v000002a62de393d0_0 .net "clk", 0 0, v000002a62de5f8f0_0;  alias, 1 drivers
v000002a62de39510_0 .net "d_in", 31 0, v000002a62de24600_0;  alias, 1 drivers
v000002a62de39a10_0 .var "d_out", 31 0;
v000002a62de38b10_0 .net "en", 0 0, v000002a62dd26430_0;  alias, 1 drivers
v000002a62de3a370_0 .net "reset", 0 0, v000002a62de5d870_0;  alias, 1 drivers
S_000002a62de48410 .scope module, "ZHIGH" "reg32" 15 49, 16 2 0, S_000002a62de32920;
 .timescale 0 0;
    .port_info 0 /INPUT 1 "clk";
    .port_info 1 /INPUT 1 "reset";
    .port_info 2 /INPUT 1 "en";
    .port_info 3 /INPUT 32 "d_in";
    .port_info 4 /OUTPUT 32 "d_out";
v000002a62de38930_0 .net "clk", 0 0, v000002a62de5f8f0_0;  alias, 1 drivers
v000002a62de3a0f0_0 .net "d_in", 31 0, v000002a62de24600_0;  alias, 1 drivers
v000002a62de39ab0_0 .var "d_out", 31 0;
v000002a62de3a410_0 .net "en", 0 0, L_000002a62de6cab8;  alias, 1 drivers
v000002a62de38f70_0 .net "reset", 0 0, v000002a62de5d870_0;  alias, 1 drivers
S_000002a62de48d70 .scope module, "ZLOW" "reg32" 15 57, 16 2 0, S_000002a62de32920;
 .timescale 0 0;
    .port_info 0 /INPUT 1 "clk";
    .port_info 1 /INPUT 1 "reset";
    .port_info 2 /INPUT 1 "en";
    .port_info 3 /INPUT 32 "d_in";
    .port_info 4 /OUTPUT 32 "d_out";
v000002a62de39650_0 .net "clk", 0 0, v000002a62de5f8f0_0;  alias, 1 drivers
v000002a62de3af50_0 .net "d_in", 31 0, v000002a62de24600_0;  alias, 1 drivers
v000002a62de3a730_0 .var "d_out", 31 0;
v000002a62de3a050_0 .net "en", 0 0, L_000002a62de6cb00;  alias, 1 drivers
v000002a62de39c90_0 .net "reset", 0 0, v000002a62de5d870_0;  alias, 1 drivers
S_000002a62de485a0 .scope module, "mdr_inst" "mdr" 5 140, 18 2 0, S_000002a62dd762c0;
 .timescale 0 0;
    .port_info 0 /INPUT 1 "clk";
    .port_info 1 /INPUT 1 "reset";
    .port_info 2 /INPUT 1 "MDRin";
    .port_info 3 /INPUT 1 "Read";
    .port_info 4 /INPUT 32 "BusMuxOut";
    .port_info 5 /INPUT 32 "Mdatain";
    .port_info 6 /OUTPUT 32 "MDR_val";
v000002a62de3ab90_0 .net "BusMuxOut", 31 0, v000002a62de24600_0;  alias, 1 drivers
v000002a62de38d90_0 .var "MDR_val", 31 0;
v000002a62de3a9b0_0 .net "MDRin", 0 0, v000002a62dd26cf0_0;  alias, 1 drivers
v000002a62de3aa50_0 .net "Mdatain", 31 0, L_000002a62de64350;  alias, 1 drivers
v000002a62de3aaf0_0 .net "Read", 0 0, v000002a62dd26890_0;  alias, 1 drivers
v000002a62de3b090_0 .net "clk", 0 0, v000002a62de5f8f0_0;  alias, 1 drivers
v000002a62de3ac30_0 .net "reset", 0 0, v000002a62de5d870_0;  alias, 1 drivers
S_000002a62de4a1c0 .scope module, "mux_encoder_inst" "mux_encoder" 5 184, 13 66 0, S_000002a62dd762c0;
 .timescale 0 0;
    .port_info 0 /INPUT 16 "Rout_decoded";
    .port_info 1 /INPUT 5 "other_sel";
    .port_info 2 /OUTPUT 5 "mux_sel";
v000002a62de3acd0_0 .net "Rout_decoded", 15 0, L_000002a62dcdfb60;  alias, 1 drivers
v000002a62de38c50_0 .var "mux_sel", 4 0;
v000002a62de3ad70_0 .net "other_sel", 4 0, v000002a62dd26930_0;  alias, 1 drivers
E_000002a62dd453e0 .event anyedge, v000002a62de3acd0_0, v000002a62dd26930_0;
S_000002a62de49d10 .scope module, "outport_inst" "outport" 5 207, 14 1 0, S_000002a62dd762c0;
 .timescale 0 0;
    .port_info 0 /INPUT 1 "clk";
    .port_info 1 /INPUT 1 "reset";
    .port_info 2 /INPUT 1 "outport_in";
    .port_info 3 /INPUT 32 "BusMuxOut";
    .port_info 4 /OUTPUT 32 "outport_val";
v000002a62de3ae10_0 .net "BusMuxOut", 31 0, v000002a62de24600_0;  alias, 1 drivers
v000002a62de3aeb0_0 .net "clk", 0 0, v000002a62de5f8f0_0;  alias, 1 drivers
v000002a62de38cf0_0 .net "outport_in", 0 0, v000002a62dd26390_0;  alias, 1 drivers
v000002a62de38ed0_0 .var "outport_val", 31 0;
v000002a62de390b0_0 .net "reset", 0 0, v000002a62de5d870_0;  alias, 1 drivers
S_000002a62de496d0 .scope module, "ram_inst" "ram" 5 152, 19 5 0, S_000002a62dd762c0;
 .timescale 0 0;
    .port_info 0 /INPUT 1 "clk";
    .port_info 1 /INPUT 1 "ram_read";
    .port_info 2 /INPUT 1 "ram_en";
    .port_info 3 /INPUT 9 "ram_addr";
    .port_info 4 /INPUT 32 "ram_in";
    .port_info 5 /OUTPUT 32 "ram_val";
L_000002a62dce1220 .functor AND 1, v000002a62dd252b0_0, v000002a62dd26890_0, C4<1>, C4<1>;
v000002a62de54db0_0 .net *"_ivl_1", 0 0, L_000002a62dce1220;  1 drivers
v000002a62de53b90_0 .net *"_ivl_2", 31 0, L_000002a62de64530;  1 drivers
v000002a62de534b0_0 .net *"_ivl_4", 10 0, L_000002a62de63630;  1 drivers
L_000002a62de6cb48 .functor BUFT 1, C4<00>, C4<0>, C4<0>, C4<0>;
v000002a62de54a90_0 .net *"_ivl_7", 1 0, L_000002a62de6cb48;  1 drivers
L_000002a62de6cb90 .functor BUFT 1, C4<00000000000000000000000000000000>, C4<0>, C4<0>, C4<0>;
v000002a62de54f90_0 .net/2u *"_ivl_8", 31 0, L_000002a62de6cb90;  1 drivers
v000002a62de55530_0 .net "clk", 0 0, v000002a62de5f8f0_0;  alias, 1 drivers
v000002a62de557b0 .array "mem", 511 0, 31 0;
v000002a62de550d0_0 .net "ram_addr", 8 0, L_000002a62de636d0;  1 drivers
v000002a62de53370_0 .net "ram_en", 0 0, v000002a62dd252b0_0;  alias, 1 drivers
v000002a62de53af0_0 .net "ram_in", 31 0, v000002a62de24600_0;  alias, 1 drivers
v000002a62de54770_0 .net "ram_read", 0 0, v000002a62dd26890_0;  alias, 1 drivers
v000002a62de55350_0 .net "ram_val", 31 0, L_000002a62de64350;  alias, 1 drivers
L_000002a62de64530 .array/port v000002a62de557b0, L_000002a62de63630;
L_000002a62de63630 .concat [ 9 2 0 0], L_000002a62de636d0, L_000002a62de6cb48;
L_000002a62de64350 .functor MUXZ 32, L_000002a62de6cb90, L_000002a62de64530, L_000002a62dce1220, C4<>;
S_000002a62de49860 .scope module, "rf" "regfile16" 5 105, 16 40 0, S_000002a62dd762c0;
 .timescale 0 0;
    .port_info 0 /INPUT 1 "clk";
    .port_info 1 /INPUT 1 "reset";
    .port_info 2 /INPUT 1 "r0_zeroes";
    .port_info 3 /INPUT 16 "rin";
    .port_info 4 /INPUT 32 "bus";
    .port_info 5 /OUTPUT 32 "r0_out";
    .port_info 6 /OUTPUT 32 "r1_out";
    .port_info 7 /OUTPUT 32 "r2_out";
    .port_info 8 /OUTPUT 32 "r3_out";
    .port_info 9 /OUTPUT 32 "r4_out";
    .port_info 10 /OUTPUT 32 "r5_out";
    .port_info 11 /OUTPUT 32 "r6_out";
    .port_info 12 /OUTPUT 32 "r7_out";
    .port_info 13 /OUTPUT 32 "r8_out";
    .port_info 14 /OUTPUT 32 "r9_out";
    .port_info 15 /OUTPUT 32 "r10_out";
    .port_info 16 /OUTPUT 32 "r11_out";
    .port_info 17 /OUTPUT 32 "r12_out";
    .port_info 18 /OUTPUT 32 "r13_out";
    .port_info 19 /OUTPUT 32 "r14_out";
    .port_info 20 /OUTPUT 32 "r15_out";
v000002a62de55d50_0 .net "bus", 31 0, v000002a62de24600_0;  alias, 1 drivers
v000002a62de55990_0 .net "clk", 0 0, v000002a62de5f8f0_0;  alias, 1 drivers
v000002a62de561b0_0 .net "r0_out", 31 0, L_000002a62de5e630;  alias, 1 drivers
v000002a62de56250_0 .net "r0_zeroes", 0 0, L_000002a62dcdfc40;  alias, 1 drivers
v000002a62de573d0_0 .net "r10_out", 31 0, v000002a62de55030_0;  alias, 1 drivers
v000002a62de58050_0 .net "r11_out", 31 0, v000002a62de54d10_0;  alias, 1 drivers
v000002a62de57150_0 .net "r12_out", 31 0, v000002a62de54310_0;  alias, 1 drivers
v000002a62de56c50_0 .net "r13_out", 31 0, v000002a62de53c30_0;  alias, 1 drivers
v000002a62de57e70_0 .net "r14_out", 31 0, v000002a62de54130_0;  alias, 1 drivers
v000002a62de56a70_0 .net "r15_out", 31 0, v000002a62de53910_0;  alias, 1 drivers
v000002a62de57970_0 .net "r1_out", 31 0, v000002a62de54450_0;  alias, 1 drivers
v000002a62de571f0_0 .net "r2_out", 31 0, v000002a62de537d0_0;  alias, 1 drivers
v000002a62de55df0_0 .net "r3_out", 31 0, v000002a62de549f0_0;  alias, 1 drivers
v000002a62de566b0_0 .net "r4_out", 31 0, v000002a62de564d0_0;  alias, 1 drivers
v000002a62de57330_0 .net "r5_out", 31 0, v000002a62de56d90_0;  alias, 1 drivers
v000002a62de580f0_0 .net "r6_out", 31 0, v000002a62de56f70_0;  alias, 1 drivers
v000002a62de57a10_0 .net "r7_out", 31 0, v000002a62de578d0_0;  alias, 1 drivers
v000002a62de57ab0_0 .net "r8_out", 31 0, v000002a62de562f0_0;  alias, 1 drivers
v000002a62de57650_0 .net "r9_out", 31 0, v000002a62de56390_0;  alias, 1 drivers
v000002a62de57bf0_0 .net "reset", 0 0, v000002a62de5d870_0;  alias, 1 drivers
v000002a62de55fd0_0 .net "rin", 15 0, L_000002a62dce4940;  1 drivers
L_000002a62de5d7d0 .part L_000002a62dce4940, 0, 1;
L_000002a62de5f850 .part L_000002a62dce4940, 1, 1;
L_000002a62de5e810 .part L_000002a62dce4940, 2, 1;
L_000002a62de5d370 .part L_000002a62dce4940, 3, 1;
L_000002a62de5ee50 .part L_000002a62dce4940, 4, 1;
L_000002a62de5f490 .part L_000002a62dce4940, 5, 1;
L_000002a62de5edb0 .part L_000002a62dce4940, 6, 1;
L_000002a62de5d2d0 .part L_000002a62dce4940, 7, 1;
L_000002a62de5ea90 .part L_000002a62dce4940, 8, 1;
L_000002a62de5deb0 .part L_000002a62dce4940, 9, 1;
L_000002a62de5d4b0 .part L_000002a62dce4940, 10, 1;
L_000002a62de5f0d0 .part L_000002a62dce4940, 11, 1;
L_000002a62de5e770 .part L_000002a62dce4940, 12, 1;
L_000002a62de5ed10 .part L_000002a62dce4940, 13, 1;
L_000002a62de5dcd0 .part L_000002a62dce4940, 14, 1;
L_000002a62de5d5f0 .part L_000002a62dce4940, 15, 1;
S_000002a62de480f0 .scope module, "r0" "reg32_r0" 16 65, 16 19 0, S_000002a62de49860;
 .timescale 0 0;
    .port_info 0 /INPUT 1 "clk";
    .port_info 1 /INPUT 1 "reset";
    .port_info 2 /INPUT 1 "en";
    .port_info 3 /INPUT 1 "r0_zeroes";
    .port_info 4 /INPUT 32 "d_in";
    .port_info 5 /OUTPUT 32 "d_out";
L_000002a62de6c950 .functor BUFT 1, C4<00000000000000000000000000000000>, C4<0>, C4<0>, C4<0>;
v000002a62de539b0_0 .net/2u *"_ivl_0", 31 0, L_000002a62de6c950;  1 drivers
v000002a62de54e50_0 .net "clk", 0 0, v000002a62de5f8f0_0;  alias, 1 drivers
v000002a62de55170_0 .var "d", 31 0;
v000002a62de54ef0_0 .net "d_in", 31 0, v000002a62de24600_0;  alias, 1 drivers
v000002a62de53d70_0 .net "d_out", 31 0, L_000002a62de5e630;  alias, 1 drivers
v000002a62de53eb0_0 .net "en", 0 0, L_000002a62de5d7d0;  1 drivers
v000002a62de53190_0 .net "r0_zeroes", 0 0, L_000002a62dcdfc40;  alias, 1 drivers
v000002a62de53a50_0 .net "reset", 0 0, v000002a62de5d870_0;  alias, 1 drivers
L_000002a62de5e630 .functor MUXZ 32, v000002a62de55170_0, L_000002a62de6c950, L_000002a62dcdfc40, C4<>;
S_000002a62de4ae40 .scope module, "r1" "reg32" 16 73, 16 2 0, S_000002a62de49860;
 .timescale 0 0;
    .port_info 0 /INPUT 1 "clk";
    .port_info 1 /INPUT 1 "reset";
    .port_info 2 /INPUT 1 "en";
    .port_info 3 /INPUT 32 "d_in";
    .port_info 4 /OUTPUT 32 "d_out";
v000002a62de541d0_0 .net "clk", 0 0, v000002a62de5f8f0_0;  alias, 1 drivers
v000002a62de54b30_0 .net "d_in", 31 0, v000002a62de24600_0;  alias, 1 drivers
v000002a62de54450_0 .var "d_out", 31 0;
v000002a62de544f0_0 .net "en", 0 0, L_000002a62de5f850;  1 drivers
v000002a62de55210_0 .net "reset", 0 0, v000002a62de5d870_0;  alias, 1 drivers
S_000002a62de4a990 .scope module, "r10" "reg32" 16 136, 16 2 0, S_000002a62de49860;
 .timescale 0 0;
    .port_info 0 /INPUT 1 "clk";
    .port_info 1 /INPUT 1 "reset";
    .port_info 2 /INPUT 1 "en";
    .port_info 3 /INPUT 32 "d_in";
    .port_info 4 /OUTPUT 32 "d_out";
v000002a62de552b0_0 .net "clk", 0 0, v000002a62de5f8f0_0;  alias, 1 drivers
v000002a62de53e10_0 .net "d_in", 31 0, v000002a62de24600_0;  alias, 1 drivers
v000002a62de55030_0 .var "d_out", 31 0;
v000002a62de53410_0 .net "en", 0 0, L_000002a62de5d4b0;  1 drivers
v000002a62de553f0_0 .net "reset", 0 0, v000002a62de5d870_0;  alias, 1 drivers
S_000002a62de48730 .scope module, "r11" "reg32" 16 143, 16 2 0, S_000002a62de49860;
 .timescale 0 0;
    .port_info 0 /INPUT 1 "clk";
    .port_info 1 /INPUT 1 "reset";
    .port_info 2 /INPUT 1 "en";
    .port_info 3 /INPUT 32 "d_in";
    .port_info 4 /OUTPUT 32 "d_out";
v000002a62de55490_0 .net "clk", 0 0, v000002a62de5f8f0_0;  alias, 1 drivers
v000002a62de548b0_0 .net "d_in", 31 0, v000002a62de24600_0;  alias, 1 drivers
v000002a62de54d10_0 .var "d_out", 31 0;
v000002a62de53550_0 .net "en", 0 0, L_000002a62de5f0d0;  1 drivers
v000002a62de555d0_0 .net "reset", 0 0, v000002a62de5d870_0;  alias, 1 drivers
S_000002a62de49220 .scope module, "r12" "reg32" 16 150, 16 2 0, S_000002a62de49860;
 .timescale 0 0;
    .port_info 0 /INPUT 1 "clk";
    .port_info 1 /INPUT 1 "reset";
    .port_info 2 /INPUT 1 "en";
    .port_info 3 /INPUT 32 "d_in";
    .port_info 4 /OUTPUT 32 "d_out";
v000002a62de55670_0 .net "clk", 0 0, v000002a62de5f8f0_0;  alias, 1 drivers
v000002a62de532d0_0 .net "d_in", 31 0, v000002a62de24600_0;  alias, 1 drivers
v000002a62de54310_0 .var "d_out", 31 0;
v000002a62de55710_0 .net "en", 0 0, L_000002a62de5e770;  1 drivers
v000002a62de55850_0 .net "reset", 0 0, v000002a62de5d870_0;  alias, 1 drivers
S_000002a62de48f00 .scope module, "r13" "reg32" 16 157, 16 2 0, S_000002a62de49860;
 .timescale 0 0;
    .port_info 0 /INPUT 1 "clk";
    .port_info 1 /INPUT 1 "reset";
    .port_info 2 /INPUT 1 "en";
    .port_info 3 /INPUT 32 "d_in";
    .port_info 4 /OUTPUT 32 "d_out";
v000002a62de54090_0 .net "clk", 0 0, v000002a62de5f8f0_0;  alias, 1 drivers
v000002a62de53ff0_0 .net "d_in", 31 0, v000002a62de24600_0;  alias, 1 drivers
v000002a62de53c30_0 .var "d_out", 31 0;
v000002a62de558f0_0 .net "en", 0 0, L_000002a62de5ed10;  1 drivers
v000002a62de54bd0_0 .net "reset", 0 0, v000002a62de5d870_0;  alias, 1 drivers
S_000002a62de49b80 .scope module, "r14" "reg32" 16 164, 16 2 0, S_000002a62de49860;
 .timescale 0 0;
    .port_info 0 /INPUT 1 "clk";
    .port_info 1 /INPUT 1 "reset";
    .port_info 2 /INPUT 1 "en";
    .port_info 3 /INPUT 32 "d_in";
    .port_info 4 /OUTPUT 32 "d_out";
v000002a62de53230_0 .net "clk", 0 0, v000002a62de5f8f0_0;  alias, 1 drivers
v000002a62de543b0_0 .net "d_in", 31 0, v000002a62de24600_0;  alias, 1 drivers
v000002a62de54130_0 .var "d_out", 31 0;
v000002a62de54270_0 .net "en", 0 0, L_000002a62de5dcd0;  1 drivers
v000002a62de54810_0 .net "reset", 0 0, v000002a62de5d870_0;  alias, 1 drivers
S_000002a62de4a670 .scope module, "r15" "reg32" 16 171, 16 2 0, S_000002a62de49860;
 .timescale 0 0;
    .port_info 0 /INPUT 1 "clk";
    .port_info 1 /INPUT 1 "reset";
    .port_info 2 /INPUT 1 "en";
    .port_info 3 /INPUT 32 "d_in";
    .port_info 4 /OUTPUT 32 "d_out";
v000002a62de535f0_0 .net "clk", 0 0, v000002a62de5f8f0_0;  alias, 1 drivers
v000002a62de53690_0 .net "d_in", 31 0, v000002a62de24600_0;  alias, 1 drivers
v000002a62de53910_0 .var "d_out", 31 0;
v000002a62de53870_0 .net "en", 0 0, L_000002a62de5d5f0;  1 drivers
v000002a62de53f50_0 .net "reset", 0 0, v000002a62de5d870_0;  alias, 1 drivers
S_000002a62de49ea0 .scope module, "r2" "reg32" 16 80, 16 2 0, S_000002a62de49860;
 .timescale 0 0;
    .port_info 0 /INPUT 1 "clk";
    .port_info 1 /INPUT 1 "reset";
    .port_info 2 /INPUT 1 "en";
    .port_info 3 /INPUT 32 "d_in";
    .port_info 4 /OUTPUT 32 "d_out";
v000002a62de53730_0 .net "clk", 0 0, v000002a62de5f8f0_0;  alias, 1 drivers
v000002a62de53cd0_0 .net "d_in", 31 0, v000002a62de24600_0;  alias, 1 drivers
v000002a62de537d0_0 .var "d_out", 31 0;
v000002a62de54590_0 .net "en", 0 0, L_000002a62de5e810;  1 drivers
v000002a62de54630_0 .net "reset", 0 0, v000002a62de5d870_0;  alias, 1 drivers
S_000002a62de49090 .scope module, "r3" "reg32" 16 87, 16 2 0, S_000002a62de49860;
 .timescale 0 0;
    .port_info 0 /INPUT 1 "clk";
    .port_info 1 /INPUT 1 "reset";
    .port_info 2 /INPUT 1 "en";
    .port_info 3 /INPUT 32 "d_in";
    .port_info 4 /OUTPUT 32 "d_out";
v000002a62de546d0_0 .net "clk", 0 0, v000002a62de5f8f0_0;  alias, 1 drivers
v000002a62de54950_0 .net "d_in", 31 0, v000002a62de24600_0;  alias, 1 drivers
v000002a62de549f0_0 .var "d_out", 31 0;
v000002a62de54c70_0 .net "en", 0 0, L_000002a62de5d370;  1 drivers
v000002a62de57510_0 .net "reset", 0 0, v000002a62de5d870_0;  alias, 1 drivers
S_000002a62de4a4e0 .scope module, "r4" "reg32" 16 94, 16 2 0, S_000002a62de49860;
 .timescale 0 0;
    .port_info 0 /INPUT 1 "clk";
    .port_info 1 /INPUT 1 "reset";
    .port_info 2 /INPUT 1 "en";
    .port_info 3 /INPUT 32 "d_in";
    .port_info 4 /OUTPUT 32 "d_out";
v000002a62de56e30_0 .net "clk", 0 0, v000002a62de5f8f0_0;  alias, 1 drivers
v000002a62de56bb0_0 .net "d_in", 31 0, v000002a62de24600_0;  alias, 1 drivers
v000002a62de564d0_0 .var "d_out", 31 0;
v000002a62de56430_0 .net "en", 0 0, L_000002a62de5ee50;  1 drivers
v000002a62de55c10_0 .net "reset", 0 0, v000002a62de5d870_0;  alias, 1 drivers
S_000002a62de4a030 .scope module, "r5" "reg32" 16 101, 16 2 0, S_000002a62de49860;
 .timescale 0 0;
    .port_info 0 /INPUT 1 "clk";
    .port_info 1 /INPUT 1 "reset";
    .port_info 2 /INPUT 1 "en";
    .port_info 3 /INPUT 32 "d_in";
    .port_info 4 /OUTPUT 32 "d_out";
v000002a62de55b70_0 .net "clk", 0 0, v000002a62de5f8f0_0;  alias, 1 drivers
v000002a62de56ed0_0 .net "d_in", 31 0, v000002a62de24600_0;  alias, 1 drivers
v000002a62de56d90_0 .var "d_out", 31 0;
v000002a62de56890_0 .net "en", 0 0, L_000002a62de5f490;  1 drivers
v000002a62de57fb0_0 .net "reset", 0 0, v000002a62de5d870_0;  alias, 1 drivers
S_000002a62de48280 .scope module, "r6" "reg32" 16 108, 16 2 0, S_000002a62de49860;
 .timescale 0 0;
    .port_info 0 /INPUT 1 "clk";
    .port_info 1 /INPUT 1 "reset";
    .port_info 2 /INPUT 1 "en";
    .port_info 3 /INPUT 32 "d_in";
    .port_info 4 /OUTPUT 32 "d_out";
v000002a62de57290_0 .net "clk", 0 0, v000002a62de5f8f0_0;  alias, 1 drivers
v000002a62de57c90_0 .net "d_in", 31 0, v000002a62de24600_0;  alias, 1 drivers
v000002a62de56f70_0 .var "d_out", 31 0;
v000002a62de570b0_0 .net "en", 0 0, L_000002a62de5edb0;  1 drivers
v000002a62de55f30_0 .net "reset", 0 0, v000002a62de5d870_0;  alias, 1 drivers
S_000002a62de4a350 .scope module, "r7" "reg32" 16 115, 16 2 0, S_000002a62de49860;
 .timescale 0 0;
    .port_info 0 /INPUT 1 "clk";
    .port_info 1 /INPUT 1 "reset";
    .port_info 2 /INPUT 1 "en";
    .port_info 3 /INPUT 32 "d_in";
    .port_info 4 /OUTPUT 32 "d_out";
v000002a62de57f10_0 .net "clk", 0 0, v000002a62de5f8f0_0;  alias, 1 drivers
v000002a62de57830_0 .net "d_in", 31 0, v000002a62de24600_0;  alias, 1 drivers
v000002a62de578d0_0 .var "d_out", 31 0;
v000002a62de56930_0 .net "en", 0 0, L_000002a62de5d2d0;  1 drivers
v000002a62de575b0_0 .net "reset", 0 0, v000002a62de5d870_0;  alias, 1 drivers
S_000002a62de4afd0 .scope module, "r8" "reg32" 16 122, 16 2 0, S_000002a62de49860;
 .timescale 0 0;
    .port_info 0 /INPUT 1 "clk";
    .port_info 1 /INPUT 1 "reset";
    .port_info 2 /INPUT 1 "en";
    .port_info 3 /INPUT 32 "d_in";
    .port_info 4 /OUTPUT 32 "d_out";
v000002a62de57010_0 .net "clk", 0 0, v000002a62de5f8f0_0;  alias, 1 drivers
v000002a62de55cb0_0 .net "d_in", 31 0, v000002a62de24600_0;  alias, 1 drivers
v000002a62de562f0_0 .var "d_out", 31 0;
v000002a62de57b50_0 .net "en", 0 0, L_000002a62de5ea90;  1 drivers
v000002a62de56610_0 .net "reset", 0 0, v000002a62de5d870_0;  alias, 1 drivers
S_000002a62de4acb0 .scope module, "r9" "reg32" 16 129, 16 2 0, S_000002a62de49860;
 .timescale 0 0;
    .port_info 0 /INPUT 1 "clk";
    .port_info 1 /INPUT 1 "reset";
    .port_info 2 /INPUT 1 "en";
    .port_info 3 /INPUT 32 "d_in";
    .port_info 4 /OUTPUT 32 "d_out";
v000002a62de569d0_0 .net "clk", 0 0, v000002a62de5f8f0_0;  alias, 1 drivers
v000002a62de56570_0 .net "d_in", 31 0, v000002a62de24600_0;  alias, 1 drivers
v000002a62de56390_0 .var "d_out", 31 0;
v000002a62de57d30_0 .net "en", 0 0, L_000002a62de5deb0;  1 drivers
v000002a62de55e90_0 .net "reset", 0 0, v000002a62de5d870_0;  alias, 1 drivers
S_000002a62de47ab0 .scope module, "select_encode_inst" "select_encode" 5 161, 13 1 0, S_000002a62dd762c0;
 .timescale 0 0;
    .port_info 0 /INPUT 32 "IRin";
    .port_info 1 /INPUT 1 "Gra";
    .port_info 2 /INPUT 1 "Grb";
    .port_info 3 /INPUT 1 "Grc";
    .port_info 4 /INPUT 1 "Rin";
    .port_info 5 /INPUT 1 "Rout";
    .port_info 6 /INPUT 1 "BAout";
    .port_info 7 /OUTPUT 16 "Rin_decoded";
    .port_info 8 /OUTPUT 16 "Rout_decoded";
    .port_info 9 /OUTPUT 1 "BAout_R0";
L_000002a62dce1610 .functor AND 16, v000002a62de591d0_0, L_000002a62de633b0, C4<1111111111111111>, C4<1111111111111111>;
L_000002a62dcdfb60 .functor AND 16, v000002a62de591d0_0, L_000002a62de63130, C4<1111111111111111>, C4<1111111111111111>;
L_000002a62dcdfc40 .functor AND 1, v000002a62dd24c70_0, L_000002a62de62230, C4<1>, C4<1>;
v000002a62de576f0_0 .net "BAout", 0 0, v000002a62dd24c70_0;  alias, 1 drivers
v000002a62de56b10_0 .net "BAout_R0", 0 0, L_000002a62dcdfc40;  alias, 1 drivers
v000002a62de56750_0 .net "Gra", 0 0, v000002a62dd257b0_0;  alias, 1 drivers
v000002a62de57470_0 .net "Grb", 0 0, v000002a62dd26110_0;  alias, 1 drivers
v000002a62de57790_0 .net "Grc", 0 0, v000002a62dd249f0_0;  alias, 1 drivers
v000002a62de56cf0_0 .net "IRin", 31 0, v000002a62de3c0d0_0;  alias, 1 drivers
v000002a62de57dd0_0 .net "Ra", 3 0, L_000002a62de63770;  1 drivers
v000002a62de55a30_0 .net "Rb", 3 0, L_000002a62de63090;  1 drivers
v000002a62de55ad0_0 .net "Rc", 3 0, L_000002a62de62eb0;  1 drivers
v000002a62de56070_0 .net "Rin", 0 0, v000002a62dd26d90_0;  alias, 1 drivers
v000002a62de567f0_0 .net "Rin_decoded", 15 0, L_000002a62dce1610;  alias, 1 drivers
v000002a62de56110_0 .net "Rout", 0 0, v000002a62dd25fd0_0;  alias, 1 drivers
v000002a62de58d70_0 .net "Rout_decoded", 15 0, L_000002a62dcdfb60;  alias, 1 drivers
v000002a62de59130_0 .net *"_ivl_10", 3 0, L_000002a62de63e50;  1 drivers
v000002a62de58370_0 .net *"_ivl_14", 15 0, L_000002a62de633b0;  1 drivers
v000002a62de59950_0 .net *"_ivl_18", 15 0, L_000002a62de63130;  1 drivers
v000002a62de58550_0 .net *"_ivl_23", 0 0, L_000002a62de62230;  1 drivers
L_000002a62de6cbd8 .functor BUFT 1, C4<0000>, C4<0>, C4<0>, C4<0>;
v000002a62de59090_0 .net/2u *"_ivl_6", 3 0, L_000002a62de6cbd8;  1 drivers
v000002a62de58230_0 .net *"_ivl_8", 3 0, L_000002a62de624b0;  1 drivers
v000002a62de591d0_0 .var "decoded", 15 0;
v000002a62de5a850_0 .net "reg_sel", 3 0, L_000002a62de629b0;  1 drivers
E_000002a62dd45a20 .event anyedge, v000002a62de5a850_0;
L_000002a62de63770 .part v000002a62de3c0d0_0, 23, 4;
L_000002a62de63090 .part v000002a62de3c0d0_0, 19, 4;
L_000002a62de62eb0 .part v000002a62de3c0d0_0, 15, 4;
L_000002a62de624b0 .functor MUXZ 4, L_000002a62de6cbd8, L_000002a62de62eb0, v000002a62dd249f0_0, C4<>;
L_000002a62de63e50 .functor MUXZ 4, L_000002a62de624b0, L_000002a62de63090, v000002a62dd26110_0, C4<>;
L_000002a62de629b0 .functor MUXZ 4, L_000002a62de63e50, L_000002a62de63770, v000002a62dd257b0_0, C4<>;
LS_000002a62de633b0_0_0 .concat [ 1 1 1 1], v000002a62dd26d90_0, v000002a62dd26d90_0, v000002a62dd26d90_0, v000002a62dd26d90_0;
LS_000002a62de633b0_0_4 .concat [ 1 1 1 1], v000002a62dd26d90_0, v000002a62dd26d90_0, v000002a62dd26d90_0, v000002a62dd26d90_0;
LS_000002a62de633b0_0_8 .concat [ 1 1 1 1], v000002a62dd26d90_0, v000002a62dd26d90_0, v000002a62dd26d90_0, v000002a62dd26d90_0;
LS_000002a62de633b0_0_12 .concat [ 1 1 1 1], v000002a62dd26d90_0, v000002a62dd26d90_0, v000002a62dd26d90_0, v000002a62dd26d90_0;
L_000002a62de633b0 .concat [ 4 4 4 4], LS_000002a62de633b0_0_0, LS_000002a62de633b0_0_4, LS_000002a62de633b0_0_8, LS_000002a62de633b0_0_12;
LS_000002a62de63130_0_0 .concat [ 1 1 1 1], v000002a62dd25fd0_0, v000002a62dd25fd0_0, v000002a62dd25fd0_0, v000002a62dd25fd0_0;
LS_000002a62de63130_0_4 .concat [ 1 1 1 1], v000002a62dd25fd0_0, v000002a62dd25fd0_0, v000002a62dd25fd0_0, v000002a62dd25fd0_0;
LS_000002a62de63130_0_8 .concat [ 1 1 1 1], v000002a62dd25fd0_0, v000002a62dd25fd0_0, v000002a62dd25fd0_0, v000002a62dd25fd0_0;
LS_000002a62de63130_0_12 .concat [ 1 1 1 1], v000002a62dd25fd0_0, v000002a62dd25fd0_0, v000002a62dd25fd0_0, v000002a62dd25fd0_0;
L_000002a62de63130 .concat [ 4 4 4 4], LS_000002a62de63130_0_0, LS_000002a62de63130_0_4, LS_000002a62de63130_0_8, LS_000002a62de63130_0_12;
L_000002a62de62230 .part v000002a62de591d0_0, 0, 1;
S_000002a62de4b2f0 .scope begin, "check" "check" 2 108, 2 108 0, S_000002a62dd753b0;
 .timescale -9 -11;
v000002a62de5aad0_0 .var "pass", 0 0;
S_000002a62de4b480 .scope task, "dump_memory" "dump_memory" 2 51, 2 51 0, S_000002a62dd753b0;
 .timescale -9 -11;
v000002a62de5afd0_0 .var/i "fd", 31 0;
v000002a62de5af30_0 .var "filename", 255 0;
v000002a62de5b1b0_0 .var/i "i", 31 0;
TD_cpu_tb.dump_memory ;
    %vpi_func 2 55 "$fopen" 32, v000002a62de5af30_0, "w" {0 0 0};
    %store/vec4 v000002a62de5afd0_0, 0, 32;
    %pushi/vec4 0, 0, 32;
    %store/vec4 v000002a62de5b1b0_0, 0, 32;
T_0.0 ;
    %load/vec4 v000002a62de5b1b0_0;
    %cmpi/s 512, 0, 32;
    %jmp/0xz T_0.1, 5;
    %vpi_call 2 57 "$fdisplay", v000002a62de5afd0_0, "%08X", &A<v000002a62de557b0, v000002a62de5b1b0_0 > {0 0 0};
    %load/vec4 v000002a62de5b1b0_0;
    %addi 1, 0, 32;
    %store/vec4 v000002a62de5b1b0_0, 0, 32;
    %jmp T_0.0;
T_0.1 ;
    %vpi_call 2 58 "$fclose", v000002a62de5afd0_0 {0 0 0};
    %end;
    .scope S_000002a62dd75b70;
T_1 ;
    %wait E_000002a62dd41020;
    %load/vec4 v000002a62dd25350_0;
    %flag_set/vec4 8;
    %jmp/0xz  T_1.0, 8;
    %pushi/vec4 0, 0, 6;
    %assign/vec4 v000002a62dd24770_0, 0;
    %jmp T_1.1;
T_1.0 ;
    %load/vec4 v000002a62dd266b0_0;
    %assign/vec4 v000002a62dd24770_0, 0;
T_1.1 ;
    %jmp T_1;
    .thread T_1;
    .scope S_000002a62dd75b70;
T_2 ;
    %wait E_000002a62dd40ea0;
    %pushi/vec4 1, 0, 6;
    %store/vec4 v000002a62dd266b0_0, 0, 6;
    %load/vec4 v000002a62dd24810_0;
    %flag_set/vec4 8;
    %jmp/0xz  T_2.0, 8;
    %pushi/vec4 46, 0, 6;
    %store/vec4 v000002a62dd266b0_0, 0, 6;
    %jmp T_2.1;
T_2.0 ;
    %load/vec4 v000002a62dd24770_0;
    %dup/vec4;
    %pushi/vec4 0, 0, 6;
    %cmp/u;
    %jmp/1 T_2.2, 6;
    %dup/vec4;
    %pushi/vec4 1, 0, 6;
    %cmp/u;
    %jmp/1 T_2.3, 6;
    %dup/vec4;
    %pushi/vec4 2, 0, 6;
    %cmp/u;
    %jmp/1 T_2.4, 6;
    %dup/vec4;
    %pushi/vec4 3, 0, 6;
    %cmp/u;
    %jmp/1 T_2.5, 6;
    %dup/vec4;
    %pushi/vec4 4, 0, 6;
    %cmp/u;
    %jmp/1 T_2.6, 6;
    %dup/vec4;
    %pushi/vec4 5, 0, 6;
    %cmp/u;
    %jmp/1 T_2.7, 6;
    %dup/vec4;
    %pushi/vec4 6, 0, 6;
    %cmp/u;
    %jmp/1 T_2.8, 6;
    %dup/vec4;
    %pushi/vec4 7, 0, 6;
    %cmp/u;
    %jmp/1 T_2.9, 6;
    %dup/vec4;
    %pushi/vec4 8, 0, 6;
    %cmp/u;
    %jmp/1 T_2.10, 6;
    %dup/vec4;
    %pushi/vec4 9, 0, 6;
    %cmp/u;
    %jmp/1 T_2.11, 6;
    %dup/vec4;
    %pushi/vec4 10, 0, 6;
    %cmp/u;
    %jmp/1 T_2.12, 6;
    %dup/vec4;
    %pushi/vec4 11, 0, 6;
    %cmp/u;
    %jmp/1 T_2.13, 6;
    %dup/vec4;
    %pushi/vec4 12, 0, 6;
    %cmp/u;
    %jmp/1 T_2.14, 6;
    %dup/vec4;
    %pushi/vec4 13, 0, 6;
    %cmp/u;
    %jmp/1 T_2.15, 6;
    %dup/vec4;
    %pushi/vec4 14, 0, 6;
    %cmp/u;
    %jmp/1 T_2.16, 6;
    %dup/vec4;
    %pushi/vec4 15, 0, 6;
    %cmp/u;
    %jmp/1 T_2.17, 6;
    %dup/vec4;
    %pushi/vec4 16, 0, 6;
    %cmp/u;
    %jmp/1 T_2.18, 6;
    %dup/vec4;
    %pushi/vec4 17, 0, 6;
    %cmp/u;
    %jmp/1 T_2.19, 6;
    %dup/vec4;
    %pushi/vec4 18, 0, 6;
    %cmp/u;
    %jmp/1 T_2.20, 6;
    %dup/vec4;
    %pushi/vec4 19, 0, 6;
    %cmp/u;
    %jmp/1 T_2.21, 6;
    %dup/vec4;
    %pushi/vec4 20, 0, 6;
    %cmp/u;
    %jmp/1 T_2.22, 6;
    %dup/vec4;
    %pushi/vec4 21, 0, 6;
    %cmp/u;
    %jmp/1 T_2.23, 6;
    %dup/vec4;
    %pushi/vec4 22, 0, 6;
    %cmp/u;
    %jmp/1 T_2.24, 6;
    %dup/vec4;
    %pushi/vec4 23, 0, 6;
    %cmp/u;
    %jmp/1 T_2.25, 6;
    %dup/vec4;
    %pushi/vec4 24, 0, 6;
    %cmp/u;
    %jmp/1 T_2.26, 6;
    %dup/vec4;
    %pushi/vec4 25, 0, 6;
    %cmp/u;
    %jmp/1 T_2.27, 6;
    %dup/vec4;
    %pushi/vec4 26, 0, 6;
    %cmp/u;
    %jmp/1 T_2.28, 6;
    %dup/vec4;
    %pushi/vec4 27, 0, 6;
    %cmp/u;
    %jmp/1 T_2.29, 6;
    %dup/vec4;
    %pushi/vec4 28, 0, 6;
    %cmp/u;
    %jmp/1 T_2.30, 6;
    %dup/vec4;
    %pushi/vec4 29, 0, 6;
    %cmp/u;
    %jmp/1 T_2.31, 6;
    %dup/vec4;
    %pushi/vec4 30, 0, 6;
    %cmp/u;
    %jmp/1 T_2.32, 6;
    %dup/vec4;
    %pushi/vec4 31, 0, 6;
    %cmp/u;
    %jmp/1 T_2.33, 6;
    %dup/vec4;
    %pushi/vec4 32, 0, 6;
    %cmp/u;
    %jmp/1 T_2.34, 6;
    %dup/vec4;
    %pushi/vec4 33, 0, 6;
    %cmp/u;
    %jmp/1 T_2.35, 6;
    %dup/vec4;
    %pushi/vec4 34, 0, 6;
    %cmp/u;
    %jmp/1 T_2.36, 6;
    %dup/vec4;
    %pushi/vec4 35, 0, 6;
    %cmp/u;
    %jmp/1 T_2.37, 6;
    %dup/vec4;
    %pushi/vec4 36, 0, 6;
    %cmp/u;
    %jmp/1 T_2.38, 6;
    %dup/vec4;
    %pushi/vec4 37, 0, 6;
    %cmp/u;
    %jmp/1 T_2.39, 6;
    %dup/vec4;
    %pushi/vec4 38, 0, 6;
    %cmp/u;
    %jmp/1 T_2.40, 6;
    %dup/vec4;
    %pushi/vec4 39, 0, 6;
    %cmp/u;
    %jmp/1 T_2.41, 6;
    %dup/vec4;
    %pushi/vec4 40, 0, 6;
    %cmp/u;
    %jmp/1 T_2.42, 6;
    %dup/vec4;
    %pushi/vec4 41, 0, 6;
    %cmp/u;
    %jmp/1 T_2.43, 6;
    %dup/vec4;
    %pushi/vec4 42, 0, 6;
    %cmp/u;
    %jmp/1 T_2.44, 6;
    %dup/vec4;
    %pushi/vec4 43, 0, 6;
    %cmp/u;
    %jmp/1 T_2.45, 6;
    %dup/vec4;
    %pushi/vec4 44, 0, 6;
    %cmp/u;
    %jmp/1 T_2.46, 6;
    %dup/vec4;
    %pushi/vec4 45, 0, 6;
    %cmp/u;
    %jmp/1 T_2.47, 6;
    %dup/vec4;
    %pushi/vec4 46, 0, 6;
    %cmp/u;
    %jmp/1 T_2.48, 6;
    %pushi/vec4 1, 0, 6;
    %store/vec4 v000002a62dd266b0_0, 0, 6;
    %jmp T_2.50;
T_2.2 ;
    %pushi/vec4 1, 0, 6;
    %store/vec4 v000002a62dd266b0_0, 0, 6;
    %jmp T_2.50;
T_2.3 ;
    %pushi/vec4 2, 0, 6;
    %store/vec4 v000002a62dd266b0_0, 0, 6;
    %jmp T_2.50;
T_2.4 ;
    %pushi/vec4 3, 0, 6;
    %store/vec4 v000002a62dd266b0_0, 0, 6;
    %jmp T_2.50;
T_2.5 ;
    %load/vec4 v000002a62dd25a30_0;
    %dup/vec4;
    %pushi/vec4 0, 0, 5;
    %cmp/u;
    %jmp/1 T_2.51, 6;
    %dup/vec4;
    %pushi/vec4 1, 0, 5;
    %cmp/u;
    %jmp/1 T_2.52, 6;
    %dup/vec4;
    %pushi/vec4 2, 0, 5;
    %cmp/u;
    %jmp/1 T_2.53, 6;
    %dup/vec4;
    %pushi/vec4 3, 0, 5;
    %cmp/u;
    %jmp/1 T_2.54, 6;
    %dup/vec4;
    %pushi/vec4 4, 0, 5;
    %cmp/u;
    %jmp/1 T_2.55, 6;
    %dup/vec4;
    %pushi/vec4 5, 0, 5;
    %cmp/u;
    %jmp/1 T_2.56, 6;
    %dup/vec4;
    %pushi/vec4 6, 0, 5;
    %cmp/u;
    %jmp/1 T_2.57, 6;
    %dup/vec4;
    %pushi/vec4 7, 0, 5;
    %cmp/u;
    %jmp/1 T_2.58, 6;
    %dup/vec4;
    %pushi/vec4 8, 0, 5;
    %cmp/u;
    %jmp/1 T_2.59, 6;
    %dup/vec4;
    %pushi/vec4 14, 0, 5;
    %cmp/u;
    %jmp/1 T_2.60, 6;
    %dup/vec4;
    %pushi/vec4 15, 0, 5;
    %cmp/u;
    %jmp/1 T_2.61, 6;
    %dup/vec4;
    %pushi/vec4 13, 0, 5;
    %cmp/u;
    %jmp/1 T_2.62, 6;
    %dup/vec4;
    %pushi/vec4 12, 0, 5;
    %cmp/u;
    %jmp/1 T_2.63, 6;
    %dup/vec4;
    %pushi/vec4 16, 0, 5;
    %cmp/u;
    %jmp/1 T_2.64, 6;
    %dup/vec4;
    %pushi/vec4 17, 0, 5;
    %cmp/u;
    %jmp/1 T_2.65, 6;
    %dup/vec4;
    %pushi/vec4 18, 0, 5;
    %cmp/u;
    %jmp/1 T_2.66, 6;
    %dup/vec4;
    %pushi/vec4 9, 0, 5;
    %cmp/u;
    %jmp/1 T_2.67, 6;
    %dup/vec4;
    %pushi/vec4 10, 0, 5;
    %cmp/u;
    %jmp/1 T_2.68, 6;
    %dup/vec4;
    %pushi/vec4 11, 0, 5;
    %cmp/u;
    %jmp/1 T_2.69, 6;
    %dup/vec4;
    %pushi/vec4 21, 0, 5;
    %cmp/u;
    %jmp/1 T_2.70, 6;
    %dup/vec4;
    %pushi/vec4 20, 0, 5;
    %cmp/u;
    %jmp/1 T_2.71, 6;
    %dup/vec4;
    %pushi/vec4 19, 0, 5;
    %cmp/u;
    %jmp/1 T_2.72, 6;
    %dup/vec4;
    %pushi/vec4 24, 0, 5;
    %cmp/u;
    %jmp/1 T_2.73, 6;
    %dup/vec4;
    %pushi/vec4 25, 0, 5;
    %cmp/u;
    %jmp/1 T_2.74, 6;
    %dup/vec4;
    %pushi/vec4 22, 0, 5;
    %cmp/u;
    %jmp/1 T_2.75, 6;
    %dup/vec4;
    %pushi/vec4 23, 0, 5;
    %cmp/u;
    %jmp/1 T_2.76, 6;
    %dup/vec4;
    %pushi/vec4 26, 0, 5;
    %cmp/u;
    %jmp/1 T_2.77, 6;
    %dup/vec4;
    %pushi/vec4 27, 0, 5;
    %cmp/u;
    %jmp/1 T_2.78, 6;
    %pushi/vec4 1, 0, 6;
    %store/vec4 v000002a62dd266b0_0, 0, 6;
    %jmp T_2.80;
T_2.51 ;
    %pushi/vec4 4, 0, 6;
    %store/vec4 v000002a62dd266b0_0, 0, 6;
    %jmp T_2.80;
T_2.52 ;
    %pushi/vec4 4, 0, 6;
    %store/vec4 v000002a62dd266b0_0, 0, 6;
    %jmp T_2.80;
T_2.53 ;
    %pushi/vec4 4, 0, 6;
    %store/vec4 v000002a62dd266b0_0, 0, 6;
    %jmp T_2.80;
T_2.54 ;
    %pushi/vec4 4, 0, 6;
    %store/vec4 v000002a62dd266b0_0, 0, 6;
    %jmp T_2.80;
T_2.55 ;
    %pushi/vec4 4, 0, 6;
    %store/vec4 v000002a62dd266b0_0, 0, 6;
    %jmp T_2.80;
T_2.56 ;
    %pushi/vec4 4, 0, 6;
    %store/vec4 v000002a62dd266b0_0, 0, 6;
    %jmp T_2.80;
T_2.57 ;
    %pushi/vec4 4, 0, 6;
    %store/vec4 v000002a62dd266b0_0, 0, 6;
    %jmp T_2.80;
T_2.58 ;
    %pushi/vec4 4, 0, 6;
    %store/vec4 v000002a62dd266b0_0, 0, 6;
    %jmp T_2.80;
T_2.59 ;
    %pushi/vec4 4, 0, 6;
    %store/vec4 v000002a62dd266b0_0, 0, 6;
    %jmp T_2.80;
T_2.60 ;
    %pushi/vec4 7, 0, 6;
    %store/vec4 v000002a62dd266b0_0, 0, 6;
    %jmp T_2.80;
T_2.61 ;
    %pushi/vec4 7, 0, 6;
    %store/vec4 v000002a62dd266b0_0, 0, 6;
    %jmp T_2.80;
T_2.62 ;
    %pushi/vec4 9, 0, 6;
    %store/vec4 v000002a62dd266b0_0, 0, 6;
    %jmp T_2.80;
T_2.63 ;
    %pushi/vec4 13, 0, 6;
    %store/vec4 v000002a62dd266b0_0, 0, 6;
    %jmp T_2.80;
T_2.64 ;
    %pushi/vec4 17, 0, 6;
    %store/vec4 v000002a62dd266b0_0, 0, 6;
    %jmp T_2.80;
T_2.65 ;
    %pushi/vec4 22, 0, 6;
    %store/vec4 v000002a62dd266b0_0, 0, 6;
    %jmp T_2.80;
T_2.66 ;
    %pushi/vec4 25, 0, 6;
    %store/vec4 v000002a62dd266b0_0, 0, 6;
    %jmp T_2.80;
T_2.67 ;
    %pushi/vec4 30, 0, 6;
    %store/vec4 v000002a62dd266b0_0, 0, 6;
    %jmp T_2.80;
T_2.68 ;
    %pushi/vec4 30, 0, 6;
    %store/vec4 v000002a62dd266b0_0, 0, 6;
    %jmp T_2.80;
T_2.69 ;
    %pushi/vec4 30, 0, 6;
    %store/vec4 v000002a62dd266b0_0, 0, 6;
    %jmp T_2.80;
T_2.70 ;
    %pushi/vec4 33, 0, 6;
    %store/vec4 v000002a62dd266b0_0, 0, 6;
    %jmp T_2.80;
T_2.71 ;
    %pushi/vec4 37, 0, 6;
    %store/vec4 v000002a62dd266b0_0, 0, 6;
    %jmp T_2.80;
T_2.72 ;
    %pushi/vec4 38, 0, 6;
    %store/vec4 v000002a62dd266b0_0, 0, 6;
    %jmp T_2.80;
T_2.73 ;
    %pushi/vec4 40, 0, 6;
    %store/vec4 v000002a62dd266b0_0, 0, 6;
    %jmp T_2.80;
T_2.74 ;
    %pushi/vec4 41, 0, 6;
    %store/vec4 v000002a62dd266b0_0, 0, 6;
    %jmp T_2.80;
T_2.75 ;
    %pushi/vec4 42, 0, 6;
    %store/vec4 v000002a62dd266b0_0, 0, 6;
    %jmp T_2.80;
T_2.76 ;
    %pushi/vec4 44, 0, 6;
    %store/vec4 v000002a62dd266b0_0, 0, 6;
    %jmp T_2.80;
T_2.77 ;
    %pushi/vec4 45, 0, 6;
    %store/vec4 v000002a62dd266b0_0, 0, 6;
    %jmp T_2.80;
T_2.78 ;
    %pushi/vec4 46, 0, 6;
    %store/vec4 v000002a62dd266b0_0, 0, 6;
    %jmp T_2.80;
T_2.80 ;
    %pop/vec4 1;
    %jmp T_2.50;
T_2.6 ;
    %pushi/vec4 5, 0, 6;
    %store/vec4 v000002a62dd266b0_0, 0, 6;
    %jmp T_2.50;
T_2.7 ;
    %pushi/vec4 6, 0, 6;
    %store/vec4 v000002a62dd266b0_0, 0, 6;
    %jmp T_2.50;
T_2.8 ;
    %pushi/vec4 1, 0, 6;
    %store/vec4 v000002a62dd266b0_0, 0, 6;
    %jmp T_2.50;
T_2.9 ;
    %pushi/vec4 8, 0, 6;
    %store/vec4 v000002a62dd266b0_0, 0, 6;
    %jmp T_2.50;
T_2.10 ;
    %pushi/vec4 1, 0, 6;
    %store/vec4 v000002a62dd266b0_0, 0, 6;
    %jmp T_2.50;
T_2.11 ;
    %pushi/vec4 10, 0, 6;
    %store/vec4 v000002a62dd266b0_0, 0, 6;
    %jmp T_2.50;
T_2.12 ;
    %pushi/vec4 11, 0, 6;
    %store/vec4 v000002a62dd266b0_0, 0, 6;
    %jmp T_2.50;
T_2.13 ;
    %pushi/vec4 12, 0, 6;
    %store/vec4 v000002a62dd266b0_0, 0, 6;
    %jmp T_2.50;
T_2.14 ;
    %pushi/vec4 1, 0, 6;
    %store/vec4 v000002a62dd266b0_0, 0, 6;
    %jmp T_2.50;
T_2.15 ;
    %pushi/vec4 14, 0, 6;
    %store/vec4 v000002a62dd266b0_0, 0, 6;
    %jmp T_2.50;
T_2.16 ;
    %pushi/vec4 15, 0, 6;
    %store/vec4 v000002a62dd266b0_0, 0, 6;
    %jmp T_2.50;
T_2.17 ;
    %pushi/vec4 16, 0, 6;
    %store/vec4 v000002a62dd266b0_0, 0, 6;
    %jmp T_2.50;
T_2.18 ;
    %pushi/vec4 1, 0, 6;
    %store/vec4 v000002a62dd266b0_0, 0, 6;
    %jmp T_2.50;
T_2.19 ;
    %pushi/vec4 18, 0, 6;
    %store/vec4 v000002a62dd266b0_0, 0, 6;
    %jmp T_2.50;
T_2.20 ;
    %pushi/vec4 19, 0, 6;
    %store/vec4 v000002a62dd266b0_0, 0, 6;
    %jmp T_2.50;
T_2.21 ;
    %pushi/vec4 20, 0, 6;
    %store/vec4 v000002a62dd266b0_0, 0, 6;
    %jmp T_2.50;
T_2.22 ;
    %pushi/vec4 21, 0, 6;
    %store/vec4 v000002a62dd266b0_0, 0, 6;
    %jmp T_2.50;
T_2.23 ;
    %pushi/vec4 1, 0, 6;
    %store/vec4 v000002a62dd266b0_0, 0, 6;
    %jmp T_2.50;
T_2.24 ;
    %pushi/vec4 23, 0, 6;
    %store/vec4 v000002a62dd266b0_0, 0, 6;
    %jmp T_2.50;
T_2.25 ;
    %pushi/vec4 24, 0, 6;
    %store/vec4 v000002a62dd266b0_0, 0, 6;
    %jmp T_2.50;
T_2.26 ;
    %pushi/vec4 1, 0, 6;
    %store/vec4 v000002a62dd266b0_0, 0, 6;
    %jmp T_2.50;
T_2.27 ;
    %pushi/vec4 26, 0, 6;
    %store/vec4 v000002a62dd266b0_0, 0, 6;
    %jmp T_2.50;
T_2.28 ;
    %pushi/vec4 27, 0, 6;
    %store/vec4 v000002a62dd266b0_0, 0, 6;
    %jmp T_2.50;
T_2.29 ;
    %pushi/vec4 28, 0, 6;
    %store/vec4 v000002a62dd266b0_0, 0, 6;
    %jmp T_2.50;
T_2.30 ;
    %pushi/vec4 29, 0, 6;
    %store/vec4 v000002a62dd266b0_0, 0, 6;
    %jmp T_2.50;
T_2.31 ;
    %pushi/vec4 1, 0, 6;
    %store/vec4 v000002a62dd266b0_0, 0, 6;
    %jmp T_2.50;
T_2.32 ;
    %pushi/vec4 31, 0, 6;
    %store/vec4 v000002a62dd266b0_0, 0, 6;
    %jmp T_2.50;
T_2.33 ;
    %pushi/vec4 32, 0, 6;
    %store/vec4 v000002a62dd266b0_0, 0, 6;
    %jmp T_2.50;
T_2.34 ;
    %pushi/vec4 1, 0, 6;
    %store/vec4 v000002a62dd266b0_0, 0, 6;
    %jmp T_2.50;
T_2.35 ;
    %pushi/vec4 34, 0, 6;
    %store/vec4 v000002a62dd266b0_0, 0, 6;
    %jmp T_2.50;
T_2.36 ;
    %pushi/vec4 35, 0, 6;
    %store/vec4 v000002a62dd266b0_0, 0, 6;
    %jmp T_2.50;
T_2.37 ;
    %pushi/vec4 36, 0, 6;
    %store/vec4 v000002a62dd266b0_0, 0, 6;
    %jmp T_2.50;
T_2.38 ;
    %pushi/vec4 1, 0, 6;
    %store/vec4 v000002a62dd266b0_0, 0, 6;
    %jmp T_2.50;
T_2.39 ;
    %pushi/vec4 1, 0, 6;
    %store/vec4 v000002a62dd266b0_0, 0, 6;
    %jmp T_2.50;
T_2.40 ;
    %pushi/vec4 39, 0, 6;
    %store/vec4 v000002a62dd266b0_0, 0, 6;
    %jmp T_2.50;
T_2.41 ;
    %pushi/vec4 1, 0, 6;
    %store/vec4 v000002a62dd266b0_0, 0, 6;
    %jmp T_2.50;
T_2.42 ;
    %pushi/vec4 1, 0, 6;
    %store/vec4 v000002a62dd266b0_0, 0, 6;
    %jmp T_2.50;
T_2.43 ;
    %pushi/vec4 1, 0, 6;
    %store/vec4 v000002a62dd266b0_0, 0, 6;
    %jmp T_2.50;
T_2.44 ;
    %pushi/vec4 43, 0, 6;
    %store/vec4 v000002a62dd266b0_0, 0, 6;
    %jmp T_2.50;
T_2.45 ;
    %pushi/vec4 1, 0, 6;
    %store/vec4 v000002a62dd266b0_0, 0, 6;
    %jmp T_2.50;
T_2.46 ;
    %pushi/vec4 1, 0, 6;
    %store/vec4 v000002a62dd266b0_0, 0, 6;
    %jmp T_2.50;
T_2.47 ;
    %pushi/vec4 1, 0, 6;
    %store/vec4 v000002a62dd266b0_0, 0, 6;
    %jmp T_2.50;
T_2.48 ;
    %pushi/vec4 46, 0, 6;
    %store/vec4 v000002a62dd266b0_0, 0, 6;
    %jmp T_2.50;
T_2.50 ;
    %pop/vec4 1;
T_2.1 ;
    %jmp T_2;
    .thread T_2, $push;
    .scope S_000002a62dd75b70;
T_3 ;
    %vpi_call 4 201 "$display", "[CU] MDR_decode_fix_v3: correct file loaded, same cycle count" {0 0 0};
    %end;
    .thread T_3;
    .scope S_000002a62dd75b70;
T_4 ;
    %wait E_000002a62dd40e60;
    %pushi/vec4 0, 0, 5;
    %store/vec4 v000002a62dd26930_0, 0, 5;
    %pushi/vec4 0, 0, 1;
    %store/vec4 v000002a62dd26b10_0, 0, 1;
    %pushi/vec4 0, 0, 1;
    %store/vec4 v000002a62dd25e90_0, 0, 1;
    %pushi/vec4 0, 0, 1;
    %store/vec4 v000002a62dd26250_0, 0, 1;
    %pushi/vec4 0, 0, 1;
    %store/vec4 v000002a62dd26430_0, 0, 1;
    %pushi/vec4 0, 0, 1;
    %store/vec4 v000002a62dd262f0_0, 0, 1;
    %pushi/vec4 0, 0, 1;
    %store/vec4 v000002a62dd24db0_0, 0, 1;
    %pushi/vec4 0, 0, 1;
    %store/vec4 v000002a62dd24bd0_0, 0, 1;
    %pushi/vec4 0, 0, 1;
    %store/vec4 v000002a62dd26cf0_0, 0, 1;
    %pushi/vec4 0, 0, 1;
    %store/vec4 v000002a62dd26890_0, 0, 1;
    %pushi/vec4 0, 0, 1;
    %store/vec4 v000002a62dd252b0_0, 0, 1;
    %pushi/vec4 0, 0, 5;
    %store/vec4 v000002a62dd264d0_0, 0, 5;
    %pushi/vec4 0, 0, 1;
    %store/vec4 v000002a62dd25b70_0, 0, 1;
    %pushi/vec4 0, 0, 1;
    %store/vec4 v000002a62dd257b0_0, 0, 1;
    %pushi/vec4 0, 0, 1;
    %store/vec4 v000002a62dd26110_0, 0, 1;
    %pushi/vec4 0, 0, 1;
    %store/vec4 v000002a62dd249f0_0, 0, 1;
    %pushi/vec4 0, 0, 1;
    %store/vec4 v000002a62dd26d90_0, 0, 1;
    %pushi/vec4 0, 0, 1;
    %store/vec4 v000002a62dd25fd0_0, 0, 1;
    %pushi/vec4 0, 0, 1;
    %store/vec4 v000002a62dd24c70_0, 0, 1;
    %pushi/vec4 0, 0, 1;
    %store/vec4 v000002a62dd25170_0, 0, 1;
    %pushi/vec4 0, 0, 1;
    %store/vec4 v000002a62dd25850_0, 0, 1;
    %pushi/vec4 0, 0, 1;
    %store/vec4 v000002a62dd25210_0, 0, 1;
    %pushi/vec4 0, 0, 1;
    %store/vec4 v000002a62dd26390_0, 0, 1;
    %pushi/vec4 0, 0, 1;
    %store/vec4 v000002a62dd26a70_0, 0, 1;
    %load/vec4 v000002a62dd24770_0;
    %pushi/vec4 46, 0, 6;
    %cmp/ne;
    %flag_get/vec4 4;
    %store/vec4 v000002a62dd25d50_0, 0, 1;
    %load/vec4 v000002a62dd24770_0;
    %dup/vec4;
    %pushi/vec4 1, 0, 6;
    %cmp/u;
    %jmp/1 T_4.0, 6;
    %dup/vec4;
    %pushi/vec4 2, 0, 6;
    %cmp/u;
    %jmp/1 T_4.1, 6;
    %dup/vec4;
    %pushi/vec4 3, 0, 6;
    %cmp/u;
    %jmp/1 T_4.2, 6;
    %dup/vec4;
    %pushi/vec4 4, 0, 6;
    %cmp/u;
    %jmp/1 T_4.3, 6;
    %dup/vec4;
    %pushi/vec4 5, 0, 6;
    %cmp/u;
    %jmp/1 T_4.4, 6;
    %dup/vec4;
    %pushi/vec4 6, 0, 6;
    %cmp/u;
    %jmp/1 T_4.5, 6;
    %dup/vec4;
    %pushi/vec4 7, 0, 6;
    %cmp/u;
    %jmp/1 T_4.6, 6;
    %dup/vec4;
    %pushi/vec4 8, 0, 6;
    %cmp/u;
    %jmp/1 T_4.7, 6;
    %dup/vec4;
    %pushi/vec4 9, 0, 6;
    %cmp/u;
    %jmp/1 T_4.8, 6;
    %dup/vec4;
    %pushi/vec4 10, 0, 6;
    %cmp/u;
    %jmp/1 T_4.9, 6;
    %dup/vec4;
    %pushi/vec4 11, 0, 6;
    %cmp/u;
    %jmp/1 T_4.10, 6;
    %dup/vec4;
    %pushi/vec4 12, 0, 6;
    %cmp/u;
    %jmp/1 T_4.11, 6;
    %dup/vec4;
    %pushi/vec4 13, 0, 6;
    %cmp/u;
    %jmp/1 T_4.12, 6;
    %dup/vec4;
    %pushi/vec4 14, 0, 6;
    %cmp/u;
    %jmp/1 T_4.13, 6;
    %dup/vec4;
    %pushi/vec4 15, 0, 6;
    %cmp/u;
    %jmp/1 T_4.14, 6;
    %dup/vec4;
    %pushi/vec4 16, 0, 6;
    %cmp/u;
    %jmp/1 T_4.15, 6;
    %dup/vec4;
    %pushi/vec4 17, 0, 6;
    %cmp/u;
    %jmp/1 T_4.16, 6;
    %dup/vec4;
    %pushi/vec4 18, 0, 6;
    %cmp/u;
    %jmp/1 T_4.17, 6;
    %dup/vec4;
    %pushi/vec4 19, 0, 6;
    %cmp/u;
    %jmp/1 T_4.18, 6;
    %dup/vec4;
    %pushi/vec4 20, 0, 6;
    %cmp/u;
    %jmp/1 T_4.19, 6;
    %dup/vec4;
    %pushi/vec4 21, 0, 6;
    %cmp/u;
    %jmp/1 T_4.20, 6;
    %dup/vec4;
    %pushi/vec4 22, 0, 6;
    %cmp/u;
    %jmp/1 T_4.21, 6;
    %dup/vec4;
    %pushi/vec4 23, 0, 6;
    %cmp/u;
    %jmp/1 T_4.22, 6;
    %dup/vec4;
    %pushi/vec4 24, 0, 6;
    %cmp/u;
    %jmp/1 T_4.23, 6;
    %dup/vec4;
    %pushi/vec4 25, 0, 6;
    %cmp/u;
    %jmp/1 T_4.24, 6;
    %dup/vec4;
    %pushi/vec4 26, 0, 6;
    %cmp/u;
    %jmp/1 T_4.25, 6;
    %dup/vec4;
    %pushi/vec4 27, 0, 6;
    %cmp/u;
    %jmp/1 T_4.26, 6;
    %dup/vec4;
    %pushi/vec4 28, 0, 6;
    %cmp/u;
    %jmp/1 T_4.27, 6;
    %dup/vec4;
    %pushi/vec4 29, 0, 6;
    %cmp/u;
    %jmp/1 T_4.28, 6;
    %dup/vec4;
    %pushi/vec4 30, 0, 6;
    %cmp/u;
    %jmp/1 T_4.29, 6;
    %dup/vec4;
    %pushi/vec4 31, 0, 6;
    %cmp/u;
    %jmp/1 T_4.30, 6;
    %dup/vec4;
    %pushi/vec4 32, 0, 6;
    %cmp/u;
    %jmp/1 T_4.31, 6;
    %dup/vec4;
    %pushi/vec4 33, 0, 6;
    %cmp/u;
    %jmp/1 T_4.32, 6;
    %dup/vec4;
    %pushi/vec4 34, 0, 6;
    %cmp/u;
    %jmp/1 T_4.33, 6;
    %dup/vec4;
    %pushi/vec4 35, 0, 6;
    %cmp/u;
    %jmp/1 T_4.34, 6;
    %dup/vec4;
    %pushi/vec4 36, 0, 6;
    %cmp/u;
    %jmp/1 T_4.35, 6;
    %dup/vec4;
    %pushi/vec4 37, 0, 6;
    %cmp/u;
    %jmp/1 T_4.36, 6;
    %dup/vec4;
    %pushi/vec4 38, 0, 6;
    %cmp/u;
    %jmp/1 T_4.37, 6;
    %dup/vec4;
    %pushi/vec4 39, 0, 6;
    %cmp/u;
    %jmp/1 T_4.38, 6;
    %dup/vec4;
    %pushi/vec4 40, 0, 6;
    %cmp/u;
    %jmp/1 T_4.39, 6;
    %dup/vec4;
    %pushi/vec4 41, 0, 6;
    %cmp/u;
    %jmp/1 T_4.40, 6;
    %dup/vec4;
    %pushi/vec4 42, 0, 6;
    %cmp/u;
    %jmp/1 T_4.41, 6;
    %dup/vec4;
    %pushi/vec4 43, 0, 6;
    %cmp/u;
    %jmp/1 T_4.42, 6;
    %dup/vec4;
    %pushi/vec4 44, 0, 6;
    %cmp/u;
    %jmp/1 T_4.43, 6;
    %dup/vec4;
    %pushi/vec4 45, 0, 6;
    %cmp/u;
    %jmp/1 T_4.44, 6;
    %dup/vec4;
    %pushi/vec4 0, 0, 6;
    %cmp/u;
    %jmp/1 T_4.45, 6;
    %dup/vec4;
    %pushi/vec4 46, 0, 6;
    %cmp/u;
    %jmp/1 T_4.46, 6;
    %jmp T_4.47;
T_4.0 ;
    %pushi/vec4 20, 0, 5;
    %store/vec4 v000002a62dd26930_0, 0, 5;
    %pushi/vec4 1, 0, 1;
    %store/vec4 v000002a62dd262f0_0, 0, 1;
    %pushi/vec4 1, 0, 1;
    %store/vec4 v000002a62dd25e90_0, 0, 1;
    %jmp T_4.47;
T_4.1 ;
    %pushi/vec4 1, 0, 1;
    %store/vec4 v000002a62dd26890_0, 0, 1;
    %pushi/vec4 1, 0, 1;
    %store/vec4 v000002a62dd26cf0_0, 0, 1;
    %pushi/vec4 1, 0, 1;
    %store/vec4 v000002a62dd252b0_0, 0, 1;
    %jmp T_4.47;
T_4.2 ;
    %pushi/vec4 21, 0, 5;
    %store/vec4 v000002a62dd26930_0, 0, 5;
    %pushi/vec4 1, 0, 1;
    %store/vec4 v000002a62dd26250_0, 0, 1;
    %jmp T_4.47;
T_4.3 ;
    %pushi/vec4 1, 0, 1;
    %store/vec4 v000002a62dd26110_0, 0, 1;
    %pushi/vec4 1, 0, 1;
    %store/vec4 v000002a62dd25fd0_0, 0, 1;
    %pushi/vec4 1, 0, 1;
    %store/vec4 v000002a62dd26430_0, 0, 1;
    %jmp T_4.47;
T_4.4 ;
    %pushi/vec4 1, 0, 1;
    %store/vec4 v000002a62dd249f0_0, 0, 1;
    %pushi/vec4 1, 0, 1;
    %store/vec4 v000002a62dd25fd0_0, 0, 1;
    %load/vec4 v000002a62dd25a30_0;
    %dup/vec4;
    %pushi/vec4 0, 0, 5;
    %cmp/u;
    %jmp/1 T_4.48, 6;
    %dup/vec4;
    %pushi/vec4 1, 0, 5;
    %cmp/u;
    %jmp/1 T_4.49, 6;
    %dup/vec4;
    %pushi/vec4 2, 0, 5;
    %cmp/u;
    %jmp/1 T_4.50, 6;
    %dup/vec4;
    %pushi/vec4 3, 0, 5;
    %cmp/u;
    %jmp/1 T_4.51, 6;
    %dup/vec4;
    %pushi/vec4 4, 0, 5;
    %cmp/u;
    %jmp/1 T_4.52, 6;
    %dup/vec4;
    %pushi/vec4 5, 0, 5;
    %cmp/u;
    %jmp/1 T_4.53, 6;
    %dup/vec4;
    %pushi/vec4 6, 0, 5;
    %cmp/u;
    %jmp/1 T_4.54, 6;
    %dup/vec4;
    %pushi/vec4 7, 0, 5;
    %cmp/u;
    %jmp/1 T_4.55, 6;
    %dup/vec4;
    %pushi/vec4 8, 0, 5;
    %cmp/u;
    %jmp/1 T_4.56, 6;
    %pushi/vec4 0, 0, 5;
    %store/vec4 v000002a62dd264d0_0, 0, 5;
    %jmp T_4.58;
T_4.48 ;
    %pushi/vec4 0, 0, 5;
    %store/vec4 v000002a62dd264d0_0, 0, 5;
    %jmp T_4.58;
T_4.49 ;
    %pushi/vec4 1, 0, 5;
    %store/vec4 v000002a62dd264d0_0, 0, 5;
    %jmp T_4.58;
T_4.50 ;
    %pushi/vec4 4, 0, 5;
    %store/vec4 v000002a62dd264d0_0, 0, 5;
    %jmp T_4.58;
T_4.51 ;
    %pushi/vec4 5, 0, 5;
    %store/vec4 v000002a62dd264d0_0, 0, 5;
    %jmp T_4.58;
T_4.52 ;
    %pushi/vec4 8, 0, 5;
    %store/vec4 v000002a62dd264d0_0, 0, 5;
    %jmp T_4.58;
T_4.53 ;
    %pushi/vec4 9, 0, 5;
    %store/vec4 v000002a62dd264d0_0, 0, 5;
    %jmp T_4.58;
T_4.54 ;
    %pushi/vec4 10, 0, 5;
    %store/vec4 v000002a62dd264d0_0, 0, 5;
    %jmp T_4.58;
T_4.55 ;
    %pushi/vec4 11, 0, 5;
    %store/vec4 v000002a62dd264d0_0, 0, 5;
    %jmp T_4.58;
T_4.56 ;
    %pushi/vec4 12, 0, 5;
    %store/vec4 v000002a62dd264d0_0, 0, 5;
    %jmp T_4.58;
T_4.58 ;
    %pop/vec4 1;
    %pushi/vec4 1, 0, 1;
    %store/vec4 v000002a62dd25b70_0, 0, 1;
    %jmp T_4.47;
T_4.5 ;
    %pushi/vec4 19, 0, 5;
    %store/vec4 v000002a62dd26930_0, 0, 5;
    %pushi/vec4 1, 0, 1;
    %store/vec4 v000002a62dd257b0_0, 0, 1;
    %pushi/vec4 1, 0, 1;
    %store/vec4 v000002a62dd26d90_0, 0, 1;
    %jmp T_4.47;
T_4.6 ;
    %pushi/vec4 1, 0, 1;
    %store/vec4 v000002a62dd26110_0, 0, 1;
    %pushi/vec4 1, 0, 1;
    %store/vec4 v000002a62dd25fd0_0, 0, 1;
    %load/vec4 v000002a62dd25a30_0;
    %cmpi/e 14, 0, 5;
    %flag_mov 8, 4;
    %jmp/0 T_4.59, 8;
    %pushi/vec4 7, 0, 5;
    %jmp/1 T_4.60, 8;
T_4.59 ; End of true expr.
    %pushi/vec4 6, 0, 5;
    %jmp/0 T_4.60, 8;
 ; End of false expr.
    %blend;
T_4.60;
    %store/vec4 v000002a62dd264d0_0, 0, 5;
    %pushi/vec4 1, 0, 1;
    %store/vec4 v000002a62dd25b70_0, 0, 1;
    %jmp T_4.47;
T_4.7 ;
    %pushi/vec4 19, 0, 5;
    %store/vec4 v000002a62dd26930_0, 0, 5;
    %pushi/vec4 1, 0, 1;
    %store/vec4 v000002a62dd257b0_0, 0, 1;
    %pushi/vec4 1, 0, 1;
    %store/vec4 v000002a62dd26d90_0, 0, 1;
    %jmp T_4.47;
T_4.8 ;
    %pushi/vec4 1, 0, 1;
    %store/vec4 v000002a62dd257b0_0, 0, 1;
    %pushi/vec4 1, 0, 1;
    %store/vec4 v000002a62dd25fd0_0, 0, 1;
    %pushi/vec4 1, 0, 1;
    %store/vec4 v000002a62dd26430_0, 0, 1;
    %jmp T_4.47;
T_4.9 ;
    %pushi/vec4 1, 0, 1;
    %store/vec4 v000002a62dd26110_0, 0, 1;
    %pushi/vec4 1, 0, 1;
    %store/vec4 v000002a62dd25fd0_0, 0, 1;
    %pushi/vec4 2, 0, 5;
    %store/vec4 v000002a62dd264d0_0, 0, 5;
    %pushi/vec4 1, 0, 1;
    %store/vec4 v000002a62dd25b70_0, 0, 1;
    %jmp T_4.47;
T_4.10 ;
    %pushi/vec4 19, 0, 5;
    %store/vec4 v000002a62dd26930_0, 0, 5;
    %pushi/vec4 1, 0, 1;
    %store/vec4 v000002a62dd24bd0_0, 0, 1;
    %jmp T_4.47;
T_4.11 ;
    %pushi/vec4 18, 0, 5;
    %store/vec4 v000002a62dd26930_0, 0, 5;
    %pushi/vec4 1, 0, 1;
    %store/vec4 v000002a62dd24db0_0, 0, 1;
    %jmp T_4.47;
T_4.12 ;
    %pushi/vec4 1, 0, 1;
    %store/vec4 v000002a62dd257b0_0, 0, 1;
    %pushi/vec4 1, 0, 1;
    %store/vec4 v000002a62dd25fd0_0, 0, 1;
    %pushi/vec4 1, 0, 1;
    %store/vec4 v000002a62dd26430_0, 0, 1;
    %jmp T_4.47;
T_4.13 ;
    %pushi/vec4 1, 0, 1;
    %store/vec4 v000002a62dd26110_0, 0, 1;
    %pushi/vec4 1, 0, 1;
    %store/vec4 v000002a62dd25fd0_0, 0, 1;
    %pushi/vec4 3, 0, 5;
    %store/vec4 v000002a62dd264d0_0, 0, 5;
    %pushi/vec4 1, 0, 1;
    %store/vec4 v000002a62dd25b70_0, 0, 1;
    %jmp T_4.47;
T_4.14 ;
    %pushi/vec4 19, 0, 5;
    %store/vec4 v000002a62dd26930_0, 0, 5;
    %pushi/vec4 1, 0, 1;
    %store/vec4 v000002a62dd24bd0_0, 0, 1;
    %jmp T_4.47;
T_4.15 ;
    %pushi/vec4 18, 0, 5;
    %store/vec4 v000002a62dd26930_0, 0, 5;
    %pushi/vec4 1, 0, 1;
    %store/vec4 v000002a62dd24db0_0, 0, 1;
    %jmp T_4.47;
T_4.16 ;
    %pushi/vec4 1, 0, 1;
    %store/vec4 v000002a62dd26110_0, 0, 1;
    %pushi/vec4 1, 0, 1;
    %store/vec4 v000002a62dd24c70_0, 0, 1;
    %pushi/vec4 1, 0, 1;
    %store/vec4 v000002a62dd25fd0_0, 0, 1;
    %pushi/vec4 1, 0, 1;
    %store/vec4 v000002a62dd26430_0, 0, 1;
    %jmp T_4.47;
T_4.17 ;
    %pushi/vec4 1, 0, 1;
    %store/vec4 v000002a62dd25170_0, 0, 1;
    %pushi/vec4 23, 0, 5;
    %store/vec4 v000002a62dd26930_0, 0, 5;
    %pushi/vec4 0, 0, 5;
    %store/vec4 v000002a62dd264d0_0, 0, 5;
    %pushi/vec4 1, 0, 1;
    %store/vec4 v000002a62dd25b70_0, 0, 1;
    %jmp T_4.47;
T_4.18 ;
    %pushi/vec4 19, 0, 5;
    %store/vec4 v000002a62dd26930_0, 0, 5;
    %pushi/vec4 1, 0, 1;
    %store/vec4 v000002a62dd262f0_0, 0, 1;
    %jmp T_4.47;
T_4.19 ;
    %pushi/vec4 1, 0, 1;
    %store/vec4 v000002a62dd26890_0, 0, 1;
    %pushi/vec4 1, 0, 1;
    %store/vec4 v000002a62dd26cf0_0, 0, 1;
    %pushi/vec4 1, 0, 1;
    %store/vec4 v000002a62dd252b0_0, 0, 1;
    %jmp T_4.47;
T_4.20 ;
    %pushi/vec4 21, 0, 5;
    %store/vec4 v000002a62dd26930_0, 0, 5;
    %pushi/vec4 1, 0, 1;
    %store/vec4 v000002a62dd257b0_0, 0, 1;
    %pushi/vec4 1, 0, 1;
    %store/vec4 v000002a62dd26d90_0, 0, 1;
    %jmp T_4.47;
T_4.21 ;
    %pushi/vec4 1, 0, 1;
    %store/vec4 v000002a62dd26110_0, 0, 1;
    %pushi/vec4 1, 0, 1;
    %store/vec4 v000002a62dd24c70_0, 0, 1;
    %pushi/vec4 1, 0, 1;
    %store/vec4 v000002a62dd25fd0_0, 0, 1;
    %pushi/vec4 1, 0, 1;
    %store/vec4 v000002a62dd26430_0, 0, 1;
    %jmp T_4.47;
T_4.22 ;
    %pushi/vec4 1, 0, 1;
    %store/vec4 v000002a62dd25170_0, 0, 1;
    %pushi/vec4 23, 0, 5;
    %store/vec4 v000002a62dd26930_0, 0, 5;
    %pushi/vec4 0, 0, 5;
    %store/vec4 v000002a62dd264d0_0, 0, 5;
    %pushi/vec4 1, 0, 1;
    %store/vec4 v000002a62dd25b70_0, 0, 1;
    %jmp T_4.47;
T_4.23 ;
    %pushi/vec4 19, 0, 5;
    %store/vec4 v000002a62dd26930_0, 0, 5;
    %pushi/vec4 1, 0, 1;
    %store/vec4 v000002a62dd257b0_0, 0, 1;
    %pushi/vec4 1, 0, 1;
    %store/vec4 v000002a62dd26d90_0, 0, 1;
    %jmp T_4.47;
T_4.24 ;
    %pushi/vec4 1, 0, 1;
    %store/vec4 v000002a62dd26110_0, 0, 1;
    %pushi/vec4 1, 0, 1;
    %store/vec4 v000002a62dd24c70_0, 0, 1;
    %pushi/vec4 1, 0, 1;
    %store/vec4 v000002a62dd25fd0_0, 0, 1;
    %pushi/vec4 1, 0, 1;
    %store/vec4 v000002a62dd26430_0, 0, 1;
    %jmp T_4.47;
T_4.25 ;
    %pushi/vec4 1, 0, 1;
    %store/vec4 v000002a62dd25170_0, 0, 1;
    %pushi/vec4 23, 0, 5;
    %store/vec4 v000002a62dd26930_0, 0, 5;
    %pushi/vec4 0, 0, 5;
    %store/vec4 v000002a62dd264d0_0, 0, 5;
    %pushi/vec4 1, 0, 1;
    %store/vec4 v000002a62dd25b70_0, 0, 1;
    %jmp T_4.47;
T_4.26 ;
    %pushi/vec4 19, 0, 5;
    %store/vec4 v000002a62dd26930_0, 0, 5;
    %pushi/vec4 1, 0, 1;
    %store/vec4 v000002a62dd262f0_0, 0, 1;
    %jmp T_4.47;
T_4.27 ;
    %pushi/vec4 1, 0, 1;
    %store/vec4 v000002a62dd257b0_0, 0, 1;
    %pushi/vec4 1, 0, 1;
    %store/vec4 v000002a62dd25fd0_0, 0, 1;
    %pushi/vec4 1, 0, 1;
    %store/vec4 v000002a62dd26cf0_0, 0, 1;
    %jmp T_4.47;
T_4.28 ;
    %pushi/vec4 21, 0, 5;
    %store/vec4 v000002a62dd26930_0, 0, 5;
    %pushi/vec4 1, 0, 1;
    %store/vec4 v000002a62dd252b0_0, 0, 1;
    %jmp T_4.47;
T_4.29 ;
    %pushi/vec4 1, 0, 1;
    %store/vec4 v000002a62dd26110_0, 0, 1;
    %pushi/vec4 1, 0, 1;
    %store/vec4 v000002a62dd25fd0_0, 0, 1;
    %pushi/vec4 1, 0, 1;
    %store/vec4 v000002a62dd26430_0, 0, 1;
    %jmp T_4.47;
T_4.30 ;
    %pushi/vec4 1, 0, 1;
    %store/vec4 v000002a62dd25170_0, 0, 1;
    %pushi/vec4 23, 0, 5;
    %store/vec4 v000002a62dd26930_0, 0, 5;
    %load/vec4 v000002a62dd25a30_0;
    %dup/vec4;
    %pushi/vec4 9, 0, 5;
    %cmp/u;
    %jmp/1 T_4.61, 6;
    %dup/vec4;
    %pushi/vec4 10, 0, 5;
    %cmp/u;
    %jmp/1 T_4.62, 6;
    %dup/vec4;
    %pushi/vec4 11, 0, 5;
    %cmp/u;
    %jmp/1 T_4.63, 6;
    %pushi/vec4 0, 0, 5;
    %store/vec4 v000002a62dd264d0_0, 0, 5;
    %jmp T_4.65;
T_4.61 ;
    %pushi/vec4 0, 0, 5;
    %store/vec4 v000002a62dd264d0_0, 0, 5;
    %jmp T_4.65;
T_4.62 ;
    %pushi/vec4 4, 0, 5;
    %store/vec4 v000002a62dd264d0_0, 0, 5;
    %jmp T_4.65;
T_4.63 ;
    %pushi/vec4 5, 0, 5;
    %store/vec4 v000002a62dd264d0_0, 0, 5;
    %jmp T_4.65;
T_4.65 ;
    %pop/vec4 1;
    %pushi/vec4 1, 0, 1;
    %store/vec4 v000002a62dd25b70_0, 0, 1;
    %jmp T_4.47;
T_4.31 ;
    %pushi/vec4 19, 0, 5;
    %store/vec4 v000002a62dd26930_0, 0, 5;
    %pushi/vec4 1, 0, 1;
    %store/vec4 v000002a62dd257b0_0, 0, 1;
    %pushi/vec4 1, 0, 1;
    %store/vec4 v000002a62dd26d90_0, 0, 1;
    %jmp T_4.47;
T_4.32 ;
    %pushi/vec4 1, 0, 1;
    %store/vec4 v000002a62dd257b0_0, 0, 1;
    %pushi/vec4 1, 0, 1;
    %store/vec4 v000002a62dd25fd0_0, 0, 1;
    %pushi/vec4 1, 0, 1;
    %store/vec4 v000002a62dd25850_0, 0, 1;
    %jmp T_4.47;
T_4.33 ;
    %pushi/vec4 20, 0, 5;
    %store/vec4 v000002a62dd26930_0, 0, 5;
    %pushi/vec4 1, 0, 1;
    %store/vec4 v000002a62dd26430_0, 0, 1;
    %jmp T_4.47;
T_4.34 ;
    %pushi/vec4 1, 0, 1;
    %store/vec4 v000002a62dd25170_0, 0, 1;
    %pushi/vec4 23, 0, 5;
    %store/vec4 v000002a62dd26930_0, 0, 5;
    %pushi/vec4 0, 0, 5;
    %store/vec4 v000002a62dd264d0_0, 0, 5;
    %pushi/vec4 1, 0, 1;
    %store/vec4 v000002a62dd25b70_0, 0, 1;
    %jmp T_4.47;
T_4.35 ;
    %pushi/vec4 19, 0, 5;
    %store/vec4 v000002a62dd26930_0, 0, 5;
    %load/vec4 v000002a62dd261b0_0;
    %store/vec4 v000002a62dd26b10_0, 0, 1;
    %jmp T_4.47;
T_4.36 ;
    %pushi/vec4 1, 0, 1;
    %store/vec4 v000002a62dd257b0_0, 0, 1;
    %pushi/vec4 1, 0, 1;
    %store/vec4 v000002a62dd25fd0_0, 0, 1;
    %pushi/vec4 1, 0, 1;
    %store/vec4 v000002a62dd26b10_0, 0, 1;
    %jmp T_4.47;
T_4.37 ;
    %pushi/vec4 20, 0, 5;
    %store/vec4 v000002a62dd26930_0, 0, 5;
    %pushi/vec4 1, 0, 1;
    %store/vec4 v000002a62dd26a70_0, 0, 1;
    %jmp T_4.47;
T_4.38 ;
    %pushi/vec4 1, 0, 1;
    %store/vec4 v000002a62dd257b0_0, 0, 1;
    %pushi/vec4 1, 0, 1;
    %store/vec4 v000002a62dd25fd0_0, 0, 1;
    %pushi/vec4 1, 0, 1;
    %store/vec4 v000002a62dd26b10_0, 0, 1;
    %jmp T_4.47;
T_4.39 ;
    %pushi/vec4 16, 0, 5;
    %store/vec4 v000002a62dd26930_0, 0, 5;
    %pushi/vec4 1, 0, 1;
    %store/vec4 v000002a62dd257b0_0, 0, 1;
    %pushi/vec4 1, 0, 1;
    %store/vec4 v000002a62dd26d90_0, 0, 1;
    %jmp T_4.47;
T_4.40 ;
    %pushi/vec4 17, 0, 5;
    %store/vec4 v000002a62dd26930_0, 0, 5;
    %pushi/vec4 1, 0, 1;
    %store/vec4 v000002a62dd257b0_0, 0, 1;
    %pushi/vec4 1, 0, 1;
    %store/vec4 v000002a62dd26d90_0, 0, 1;
    %jmp T_4.47;
T_4.41 ;
    %pushi/vec4 1, 0, 1;
    %store/vec4 v000002a62dd25210_0, 0, 1;
    %jmp T_4.47;
T_4.42 ;
    %pushi/vec4 22, 0, 5;
    %store/vec4 v000002a62dd26930_0, 0, 5;
    %pushi/vec4 1, 0, 1;
    %store/vec4 v000002a62dd257b0_0, 0, 1;
    %pushi/vec4 1, 0, 1;
    %store/vec4 v000002a62dd26d90_0, 0, 1;
    %jmp T_4.47;
T_4.43 ;
    %pushi/vec4 1, 0, 1;
    %store/vec4 v000002a62dd257b0_0, 0, 1;
    %pushi/vec4 1, 0, 1;
    %store/vec4 v000002a62dd25fd0_0, 0, 1;
    %pushi/vec4 1, 0, 1;
    %store/vec4 v000002a62dd26390_0, 0, 1;
    %jmp T_4.47;
T_4.44 ;
    %jmp T_4.47;
T_4.45 ;
    %jmp T_4.47;
T_4.46 ;
    %jmp T_4.47;
T_4.47 ;
    %pop/vec4 1;
    %jmp T_4;
    .thread T_4, $push;
    .scope S_000002a62de480f0;
T_5 ;
    %wait E_000002a62dd45fa0;
    %load/vec4 v000002a62de53a50_0;
    %flag_set/vec4 8;
    %jmp/0xz  T_5.0, 8;
    %pushi/vec4 0, 0, 32;
    %assign/vec4 v000002a62de55170_0, 0;
    %jmp T_5.1;
T_5.0 ;
    %load/vec4 v000002a62de53eb0_0;
    %flag_set/vec4 8;
    %jmp/0xz  T_5.2, 8;
    %load/vec4 v000002a62de54ef0_0;
    %assign/vec4 v000002a62de55170_0, 0;
T_5.2 ;
T_5.1 ;
    %jmp T_5;
    .thread T_5;
    .scope S_000002a62de4ae40;
T_6 ;
    %wait E_000002a62dd45fa0;
    %load/vec4 v000002a62de55210_0;
    %flag_set/vec4 8;
    %jmp/0xz  T_6.0, 8;
    %pushi/vec4 0, 0, 32;
    %assign/vec4 v000002a62de54450_0, 0;
    %jmp T_6.1;
T_6.0 ;
    %load/vec4 v000002a62de544f0_0;
    %flag_set/vec4 8;
    %jmp/0xz  T_6.2, 8;
    %load/vec4 v000002a62de54b30_0;
    %assign/vec4 v000002a62de54450_0, 0;
T_6.2 ;
T_6.1 ;
    %jmp T_6;
    .thread T_6;
    .scope S_000002a62de49ea0;
T_7 ;
    %wait E_000002a62dd45fa0;
    %load/vec4 v000002a62de54630_0;
    %flag_set/vec4 8;
    %jmp/0xz  T_7.0, 8;
    %pushi/vec4 0, 0, 32;
    %assign/vec4 v000002a62de537d0_0, 0;
    %jmp T_7.1;
T_7.0 ;
    %load/vec4 v000002a62de54590_0;
    %flag_set/vec4 8;
    %jmp/0xz  T_7.2, 8;
    %load/vec4 v000002a62de53cd0_0;
    %assign/vec4 v000002a62de537d0_0, 0;
T_7.2 ;
T_7.1 ;
    %jmp T_7;
    .thread T_7;
    .scope S_000002a62de49090;
T_8 ;
    %wait E_000002a62dd45fa0;
    %load/vec4 v000002a62de57510_0;
    %flag_set/vec4 8;
    %jmp/0xz  T_8.0, 8;
    %pushi/vec4 0, 0, 32;
    %assign/vec4 v000002a62de549f0_0, 0;
    %jmp T_8.1;
T_8.0 ;
    %load/vec4 v000002a62de54c70_0;
    %flag_set/vec4 8;
    %jmp/0xz  T_8.2, 8;
    %load/vec4 v000002a62de54950_0;
    %assign/vec4 v000002a62de549f0_0, 0;
T_8.2 ;
T_8.1 ;
    %jmp T_8;
    .thread T_8;
    .scope S_000002a62de4a4e0;
T_9 ;
    %wait E_000002a62dd45fa0;
    %load/vec4 v000002a62de55c10_0;
    %flag_set/vec4 8;
    %jmp/0xz  T_9.0, 8;
    %pushi/vec4 0, 0, 32;
    %assign/vec4 v000002a62de564d0_0, 0;
    %jmp T_9.1;
T_9.0 ;
    %load/vec4 v000002a62de56430_0;
    %flag_set/vec4 8;
    %jmp/0xz  T_9.2, 8;
    %load/vec4 v000002a62de56bb0_0;
    %assign/vec4 v000002a62de564d0_0, 0;
T_9.2 ;
T_9.1 ;
    %jmp T_9;
    .thread T_9;
    .scope S_000002a62de4a030;
T_10 ;
    %wait E_000002a62dd45fa0;
    %load/vec4 v000002a62de57fb0_0;
    %flag_set/vec4 8;
    %jmp/0xz  T_10.0, 8;
    %pushi/vec4 0, 0, 32;
    %assign/vec4 v000002a62de56d90_0, 0;
    %jmp T_10.1;
T_10.0 ;
    %load/vec4 v000002a62de56890_0;
    %flag_set/vec4 8;
    %jmp/0xz  T_10.2, 8;
    %load/vec4 v000002a62de56ed0_0;
    %assign/vec4 v000002a62de56d90_0, 0;
T_10.2 ;
T_10.1 ;
    %jmp T_10;
    .thread T_10;
    .scope S_000002a62de48280;
T_11 ;
    %wait E_000002a62dd45fa0;
    %load/vec4 v000002a62de55f30_0;
    %flag_set/vec4 8;
    %jmp/0xz  T_11.0, 8;
    %pushi/vec4 0, 0, 32;
    %assign/vec4 v000002a62de56f70_0, 0;
    %jmp T_11.1;
T_11.0 ;
    %load/vec4 v000002a62de570b0_0;
    %flag_set/vec4 8;
    %jmp/0xz  T_11.2, 8;
    %load/vec4 v000002a62de57c90_0;
    %assign/vec4 v000002a62de56f70_0, 0;
T_11.2 ;
T_11.1 ;
    %jmp T_11;
    .thread T_11;
    .scope S_000002a62de4a350;
T_12 ;
    %wait E_000002a62dd45fa0;
    %load/vec4 v000002a62de575b0_0;
    %flag_set/vec4 8;
    %jmp/0xz  T_12.0, 8;
    %pushi/vec4 0, 0, 32;
    %assign/vec4 v000002a62de578d0_0, 0;
    %jmp T_12.1;
T_12.0 ;
    %load/vec4 v000002a62de56930_0;
    %flag_set/vec4 8;
    %jmp/0xz  T_12.2, 8;
    %load/vec4 v000002a62de57830_0;
    %assign/vec4 v000002a62de578d0_0, 0;
T_12.2 ;
T_12.1 ;
    %jmp T_12;
    .thread T_12;
    .scope S_000002a62de4afd0;
T_13 ;
    %wait E_000002a62dd45fa0;
    %load/vec4 v000002a62de56610_0;
    %flag_set/vec4 8;
    %jmp/0xz  T_13.0, 8;
    %pushi/vec4 0, 0, 32;
    %assign/vec4 v000002a62de562f0_0, 0;
    %jmp T_13.1;
T_13.0 ;
    %load/vec4 v000002a62de57b50_0;
    %flag_set/vec4 8;
    %jmp/0xz  T_13.2, 8;
    %load/vec4 v000002a62de55cb0_0;
    %assign/vec4 v000002a62de562f0_0, 0;
T_13.2 ;
T_13.1 ;
    %jmp T_13;
    .thread T_13;
    .scope S_000002a62de4acb0;
T_14 ;
    %wait E_000002a62dd45fa0;
    %load/vec4 v000002a62de55e90_0;
    %flag_set/vec4 8;
    %jmp/0xz  T_14.0, 8;
    %pushi/vec4 0, 0, 32;
    %assign/vec4 v000002a62de56390_0, 0;
    %jmp T_14.1;
T_14.0 ;
    %load/vec4 v000002a62de57d30_0;
    %flag_set/vec4 8;
    %jmp/0xz  T_14.2, 8;
    %load/vec4 v000002a62de56570_0;
    %assign/vec4 v000002a62de56390_0, 0;
T_14.2 ;
T_14.1 ;
    %jmp T_14;
    .thread T_14;
    .scope S_000002a62de4a990;
T_15 ;
    %wait E_000002a62dd45fa0;
    %load/vec4 v000002a62de553f0_0;
    %flag_set/vec4 8;
    %jmp/0xz  T_15.0, 8;
    %pushi/vec4 0, 0, 32;
    %assign/vec4 v000002a62de55030_0, 0;
    %jmp T_15.1;
T_15.0 ;
    %load/vec4 v000002a62de53410_0;
    %flag_set/vec4 8;
    %jmp/0xz  T_15.2, 8;
    %load/vec4 v000002a62de53e10_0;
    %assign/vec4 v000002a62de55030_0, 0;
T_15.2 ;
T_15.1 ;
    %jmp T_15;
    .thread T_15;
    .scope S_000002a62de48730;
T_16 ;
    %wait E_000002a62dd45fa0;
    %load/vec4 v000002a62de555d0_0;
    %flag_set/vec4 8;
    %jmp/0xz  T_16.0, 8;
    %pushi/vec4 0, 0, 32;
    %assign/vec4 v000002a62de54d10_0, 0;
    %jmp T_16.1;
T_16.0 ;
    %load/vec4 v000002a62de53550_0;
    %flag_set/vec4 8;
    %jmp/0xz  T_16.2, 8;
    %load/vec4 v000002a62de548b0_0;
    %assign/vec4 v000002a62de54d10_0, 0;
T_16.2 ;
T_16.1 ;
    %jmp T_16;
    .thread T_16;
    .scope S_000002a62de49220;
T_17 ;
    %wait E_000002a62dd45fa0;
    %load/vec4 v000002a62de55850_0;
    %flag_set/vec4 8;
    %jmp/0xz  T_17.0, 8;
    %pushi/vec4 0, 0, 32;
    %assign/vec4 v000002a62de54310_0, 0;
    %jmp T_17.1;
T_17.0 ;
    %load/vec4 v000002a62de55710_0;
    %flag_set/vec4 8;
    %jmp/0xz  T_17.2, 8;
    %load/vec4 v000002a62de532d0_0;
    %assign/vec4 v000002a62de54310_0, 0;
T_17.2 ;
T_17.1 ;
    %jmp T_17;
    .thread T_17;
    .scope S_000002a62de48f00;
T_18 ;
    %wait E_000002a62dd45fa0;
    %load/vec4 v000002a62de54bd0_0;
    %flag_set/vec4 8;
    %jmp/0xz  T_18.0, 8;
    %pushi/vec4 0, 0, 32;
    %assign/vec4 v000002a62de53c30_0, 0;
    %jmp T_18.1;
T_18.0 ;
    %load/vec4 v000002a62de558f0_0;
    %flag_set/vec4 8;
    %jmp/0xz  T_18.2, 8;
    %load/vec4 v000002a62de53ff0_0;
    %assign/vec4 v000002a62de53c30_0, 0;
T_18.2 ;
T_18.1 ;
    %jmp T_18;
    .thread T_18;
    .scope S_000002a62de49b80;
T_19 ;
    %wait E_000002a62dd45fa0;
    %load/vec4 v000002a62de54810_0;
    %flag_set/vec4 8;
    %jmp/0xz  T_19.0, 8;
    %pushi/vec4 0, 0, 32;
    %assign/vec4 v000002a62de54130_0, 0;
    %jmp T_19.1;
T_19.0 ;
    %load/vec4 v000002a62de54270_0;
    %flag_set/vec4 8;
    %jmp/0xz  T_19.2, 8;
    %load/vec4 v000002a62de543b0_0;
    %assign/vec4 v000002a62de54130_0, 0;
T_19.2 ;
T_19.1 ;
    %jmp T_19;
    .thread T_19;
    .scope S_000002a62de4a670;
T_20 ;
    %wait E_000002a62dd45fa0;
    %load/vec4 v000002a62de53f50_0;
    %flag_set/vec4 8;
    %jmp/0xz  T_20.0, 8;
    %pushi/vec4 0, 0, 32;
    %assign/vec4 v000002a62de53910_0, 0;
    %jmp T_20.1;
T_20.0 ;
    %load/vec4 v000002a62de53870_0;
    %flag_set/vec4 8;
    %jmp/0xz  T_20.2, 8;
    %load/vec4 v000002a62de53690_0;
    %assign/vec4 v000002a62de53910_0, 0;
T_20.2 ;
T_20.1 ;
    %jmp T_20;
    .thread T_20;
    .scope S_000002a62de32470;
T_21 ;
    %wait E_000002a62dd41020;
    %load/vec4 v000002a62de391f0_0;
    %flag_set/vec4 8;
    %jmp/0xz  T_21.0, 8;
    %pushi/vec4 0, 0, 32;
    %assign/vec4 v000002a62de39790_0, 0;
    %jmp T_21.1;
T_21.0 ;
    %load/vec4 v000002a62de395b0_0;
    %flag_set/vec4 8;
    %jmp/0xz  T_21.2, 8;
    %load/vec4 v000002a62de3a550_0;
    %assign/vec4 v000002a62de39790_0, 0;
    %jmp T_21.3;
T_21.2 ;
    %load/vec4 v000002a62de398d0_0;
    %flag_set/vec4 8;
    %jmp/0xz  T_21.4, 8;
    %load/vec4 v000002a62de39830_0;
    %assign/vec4 v000002a62de39790_0, 0;
T_21.4 ;
T_21.3 ;
T_21.1 ;
    %jmp T_21;
    .thread T_21;
    .scope S_000002a62de32c40;
T_22 ;
    %wait E_000002a62dd45fa0;
    %load/vec4 v000002a62de3b8b0_0;
    %flag_set/vec4 8;
    %jmp/0xz  T_22.0, 8;
    %pushi/vec4 0, 0, 32;
    %assign/vec4 v000002a62de3c0d0_0, 0;
    %jmp T_22.1;
T_22.0 ;
    %load/vec4 v000002a62de3c2b0_0;
    %flag_set/vec4 8;
    %jmp/0xz  T_22.2, 8;
    %load/vec4 v000002a62de3bbd0_0;
    %assign/vec4 v000002a62de3c0d0_0, 0;
T_22.2 ;
T_22.1 ;
    %jmp T_22;
    .thread T_22;
    .scope S_000002a62de4a800;
T_23 ;
    %wait E_000002a62dd45fa0;
    %load/vec4 v000002a62de3a370_0;
    %flag_set/vec4 8;
    %jmp/0xz  T_23.0, 8;
    %pushi/vec4 0, 0, 32;
    %assign/vec4 v000002a62de39a10_0, 0;
    %jmp T_23.1;
T_23.0 ;
    %load/vec4 v000002a62de38b10_0;
    %flag_set/vec4 8;
    %jmp/0xz  T_23.2, 8;
    %load/vec4 v000002a62de39510_0;
    %assign/vec4 v000002a62de39a10_0, 0;
T_23.2 ;
T_23.1 ;
    %jmp T_23;
    .thread T_23;
    .scope S_000002a62de48410;
T_24 ;
    %wait E_000002a62dd45fa0;
    %load/vec4 v000002a62de38f70_0;
    %flag_set/vec4 8;
    %jmp/0xz  T_24.0, 8;
    %pushi/vec4 0, 0, 32;
    %assign/vec4 v000002a62de39ab0_0, 0;
    %jmp T_24.1;
T_24.0 ;
    %load/vec4 v000002a62de3a410_0;
    %flag_set/vec4 8;
    %jmp/0xz  T_24.2, 8;
    %load/vec4 v000002a62de3a0f0_0;
    %assign/vec4 v000002a62de39ab0_0, 0;
T_24.2 ;
T_24.1 ;
    %jmp T_24;
    .thread T_24;
    .scope S_000002a62de48d70;
T_25 ;
    %wait E_000002a62dd45fa0;
    %load/vec4 v000002a62de39c90_0;
    %flag_set/vec4 8;
    %jmp/0xz  T_25.0, 8;
    %pushi/vec4 0, 0, 32;
    %assign/vec4 v000002a62de3a730_0, 0;
    %jmp T_25.1;
T_25.0 ;
    %load/vec4 v000002a62de3a050_0;
    %flag_set/vec4 8;
    %jmp/0xz  T_25.2, 8;
    %load/vec4 v000002a62de3af50_0;
    %assign/vec4 v000002a62de3a730_0, 0;
T_25.2 ;
T_25.1 ;
    %jmp T_25;
    .thread T_25;
    .scope S_000002a62de30d00;
T_26 ;
    %wait E_000002a62dd45fa0;
    %load/vec4 v000002a62de3c3f0_0;
    %flag_set/vec4 8;
    %jmp/0xz  T_26.0, 8;
    %pushi/vec4 0, 0, 32;
    %assign/vec4 v000002a62de3d890_0, 0;
    %jmp T_26.1;
T_26.0 ;
    %load/vec4 v000002a62de3d2f0_0;
    %flag_set/vec4 8;
    %jmp/0xz  T_26.2, 8;
    %load/vec4 v000002a62de3c490_0;
    %assign/vec4 v000002a62de3d890_0, 0;
T_26.2 ;
T_26.1 ;
    %jmp T_26;
    .thread T_26;
    .scope S_000002a62de30080;
T_27 ;
    %wait E_000002a62dd45fa0;
    %load/vec4 v000002a62de3ce90_0;
    %flag_set/vec4 8;
    %jmp/0xz  T_27.0, 8;
    %pushi/vec4 0, 0, 32;
    %assign/vec4 v000002a62de3c030_0, 0;
    %jmp T_27.1;
T_27.0 ;
    %load/vec4 v000002a62de3b1d0_0;
    %flag_set/vec4 8;
    %jmp/0xz  T_27.2, 8;
    %load/vec4 v000002a62de3b4f0_0;
    %assign/vec4 v000002a62de3c030_0, 0;
T_27.2 ;
T_27.1 ;
    %jmp T_27;
    .thread T_27;
    .scope S_000002a62de30850;
T_28 ;
    %wait E_000002a62dd45fa0;
    %load/vec4 v000002a62de3bd10_0;
    %flag_set/vec4 8;
    %jmp/0xz  T_28.0, 8;
    %pushi/vec4 0, 0, 32;
    %assign/vec4 v000002a62de3b630_0, 0;
    %jmp T_28.1;
T_28.0 ;
    %load/vec4 v000002a62de3d250_0;
    %flag_set/vec4 8;
    %jmp/0xz  T_28.2, 8;
    %load/vec4 v000002a62de3cf30_0;
    %assign/vec4 v000002a62de3b630_0, 0;
T_28.2 ;
T_28.1 ;
    %jmp T_28;
    .thread T_28;
    .scope S_000002a62de485a0;
T_29 ;
    %wait E_000002a62dd41020;
    %load/vec4 v000002a62de3ac30_0;
    %flag_set/vec4 8;
    %jmp/0xz  T_29.0, 8;
    %pushi/vec4 0, 0, 32;
    %assign/vec4 v000002a62de38d90_0, 0;
    %jmp T_29.1;
T_29.0 ;
    %load/vec4 v000002a62de3a9b0_0;
    %flag_set/vec4 8;
    %jmp/0xz  T_29.2, 8;
    %load/vec4 v000002a62de3aaf0_0;
    %flag_set/vec4 8;
    %jmp/0 T_29.4, 8;
    %load/vec4 v000002a62de3aa50_0;
    %jmp/1 T_29.5, 8;
T_29.4 ; End of true expr.
    %load/vec4 v000002a62de3ab90_0;
    %jmp/0 T_29.5, 8;
 ; End of false expr.
    %blend;
T_29.5;
    %assign/vec4 v000002a62de38d90_0, 0;
T_29.2 ;
T_29.1 ;
    %jmp T_29;
    .thread T_29;
    .scope S_000002a62de496d0;
T_30 ;
    %vpi_call 19 17 "$readmemh", "simulation/P3/memory_p3.hex", v000002a62de557b0 {0 0 0};
    %end;
    .thread T_30;
    .scope S_000002a62de496d0;
T_31 ;
    %wait E_000002a62dd45fa0;
    %load/vec4 v000002a62de53370_0;
    %flag_set/vec4 9;
    %flag_get/vec4 9;
    %jmp/0 T_31.2, 9;
    %load/vec4 v000002a62de54770_0;
    %nor/r;
    %and;
T_31.2;
    %flag_set/vec4 8;
    %jmp/0xz  T_31.0, 8;
    %load/vec4 v000002a62de53af0_0;
    %load/vec4 v000002a62de550d0_0;
    %pad/u 11;
    %ix/vec4 3;
    %ix/load 4, 0, 0; Constant delay
    %assign/vec4/a/d v000002a62de557b0, 0, 4;
T_31.0 ;
    %jmp T_31;
    .thread T_31;
    .scope S_000002a62de47ab0;
T_32 ;
    %wait E_000002a62dd45a20;
    %load/vec4 v000002a62de5a850_0;
    %dup/vec4;
    %pushi/vec4 0, 0, 4;
    %cmp/u;
    %jmp/1 T_32.0, 6;
    %dup/vec4;
    %pushi/vec4 1, 0, 4;
    %cmp/u;
    %jmp/1 T_32.1, 6;
    %dup/vec4;
    %pushi/vec4 2, 0, 4;
    %cmp/u;
    %jmp/1 T_32.2, 6;
    %dup/vec4;
    %pushi/vec4 3, 0, 4;
    %cmp/u;
    %jmp/1 T_32.3, 6;
    %dup/vec4;
    %pushi/vec4 4, 0, 4;
    %cmp/u;
    %jmp/1 T_32.4, 6;
    %dup/vec4;
    %pushi/vec4 5, 0, 4;
    %cmp/u;
    %jmp/1 T_32.5, 6;
    %dup/vec4;
    %pushi/vec4 6, 0, 4;
    %cmp/u;
    %jmp/1 T_32.6, 6;
    %dup/vec4;
    %pushi/vec4 7, 0, 4;
    %cmp/u;
    %jmp/1 T_32.7, 6;
    %dup/vec4;
    %pushi/vec4 8, 0, 4;
    %cmp/u;
    %jmp/1 T_32.8, 6;
    %dup/vec4;
    %pushi/vec4 9, 0, 4;
    %cmp/u;
    %jmp/1 T_32.9, 6;
    %dup/vec4;
    %pushi/vec4 10, 0, 4;
    %cmp/u;
    %jmp/1 T_32.10, 6;
    %dup/vec4;
    %pushi/vec4 11, 0, 4;
    %cmp/u;
    %jmp/1 T_32.11, 6;
    %dup/vec4;
    %pushi/vec4 12, 0, 4;
    %cmp/u;
    %jmp/1 T_32.12, 6;
    %dup/vec4;
    %pushi/vec4 13, 0, 4;
    %cmp/u;
    %jmp/1 T_32.13, 6;
    %dup/vec4;
    %pushi/vec4 14, 0, 4;
    %cmp/u;
    %jmp/1 T_32.14, 6;
    %dup/vec4;
    %pushi/vec4 15, 0, 4;
    %cmp/u;
    %jmp/1 T_32.15, 6;
    %pushi/vec4 0, 0, 16;
    %store/vec4 v000002a62de591d0_0, 0, 16;
    %jmp T_32.17;
T_32.0 ;
    %pushi/vec4 1, 0, 16;
    %store/vec4 v000002a62de591d0_0, 0, 16;
    %jmp T_32.17;
T_32.1 ;
    %pushi/vec4 2, 0, 16;
    %store/vec4 v000002a62de591d0_0, 0, 16;
    %jmp T_32.17;
T_32.2 ;
    %pushi/vec4 4, 0, 16;
    %store/vec4 v000002a62de591d0_0, 0, 16;
    %jmp T_32.17;
T_32.3 ;
    %pushi/vec4 8, 0, 16;
    %store/vec4 v000002a62de591d0_0, 0, 16;
    %jmp T_32.17;
T_32.4 ;
    %pushi/vec4 16, 0, 16;
    %store/vec4 v000002a62de591d0_0, 0, 16;
    %jmp T_32.17;
T_32.5 ;
    %pushi/vec4 32, 0, 16;
    %store/vec4 v000002a62de591d0_0, 0, 16;
    %jmp T_32.17;
T_32.6 ;
    %pushi/vec4 64, 0, 16;
    %store/vec4 v000002a62de591d0_0, 0, 16;
    %jmp T_32.17;
T_32.7 ;
    %pushi/vec4 128, 0, 16;
    %store/vec4 v000002a62de591d0_0, 0, 16;
    %jmp T_32.17;
T_32.8 ;
    %pushi/vec4 256, 0, 16;
    %store/vec4 v000002a62de591d0_0, 0, 16;
    %jmp T_32.17;
T_32.9 ;
    %pushi/vec4 512, 0, 16;
    %store/vec4 v000002a62de591d0_0, 0, 16;
    %jmp T_32.17;
T_32.10 ;
    %pushi/vec4 1024, 0, 16;
    %store/vec4 v000002a62de591d0_0, 0, 16;
    %jmp T_32.17;
T_32.11 ;
    %pushi/vec4 2048, 0, 16;
    %store/vec4 v000002a62de591d0_0, 0, 16;
    %jmp T_32.17;
T_32.12 ;
    %pushi/vec4 4096, 0, 16;
    %store/vec4 v000002a62de591d0_0, 0, 16;
    %jmp T_32.17;
T_32.13 ;
    %pushi/vec4 8192, 0, 16;
    %store/vec4 v000002a62de591d0_0, 0, 16;
    %jmp T_32.17;
T_32.14 ;
    %pushi/vec4 16384, 0, 16;
    %store/vec4 v000002a62de591d0_0, 0, 16;
    %jmp T_32.17;
T_32.15 ;
    %pushi/vec4 32768, 0, 16;
    %store/vec4 v000002a62de591d0_0, 0, 16;
    %jmp T_32.17;
T_32.17 ;
    %pop/vec4 1;
    %jmp T_32;
    .thread T_32, $push;
    .scope S_000002a62de4a1c0;
T_33 ;
    %wait E_000002a62dd453e0;
    %load/vec4 v000002a62de3acd0_0;
    %dup/vec4;
    %pushi/vec4 1, 0, 16;
    %cmp/u;
    %jmp/1 T_33.0, 6;
    %dup/vec4;
    %pushi/vec4 2, 0, 16;
    %cmp/u;
    %jmp/1 T_33.1, 6;
    %dup/vec4;
    %pushi/vec4 4, 0, 16;
    %cmp/u;
    %jmp/1 T_33.2, 6;
    %dup/vec4;
    %pushi/vec4 8, 0, 16;
    %cmp/u;
    %jmp/1 T_33.3, 6;
    %dup/vec4;
    %pushi/vec4 16, 0, 16;
    %cmp/u;
    %jmp/1 T_33.4, 6;
    %dup/vec4;
    %pushi/vec4 32, 0, 16;
    %cmp/u;
    %jmp/1 T_33.5, 6;
    %dup/vec4;
    %pushi/vec4 64, 0, 16;
    %cmp/u;
    %jmp/1 T_33.6, 6;
    %dup/vec4;
    %pushi/vec4 128, 0, 16;
    %cmp/u;
    %jmp/1 T_33.7, 6;
    %dup/vec4;
    %pushi/vec4 256, 0, 16;
    %cmp/u;
    %jmp/1 T_33.8, 6;
    %dup/vec4;
    %pushi/vec4 512, 0, 16;
    %cmp/u;
    %jmp/1 T_33.9, 6;
    %dup/vec4;
    %pushi/vec4 1024, 0, 16;
    %cmp/u;
    %jmp/1 T_33.10, 6;
    %dup/vec4;
    %pushi/vec4 2048, 0, 16;
    %cmp/u;
    %jmp/1 T_33.11, 6;
    %dup/vec4;
    %pushi/vec4 4096, 0, 16;
    %cmp/u;
    %jmp/1 T_33.12, 6;
    %dup/vec4;
    %pushi/vec4 8192, 0, 16;
    %cmp/u;
    %jmp/1 T_33.13, 6;
    %dup/vec4;
    %pushi/vec4 16384, 0, 16;
    %cmp/u;
    %jmp/1 T_33.14, 6;
    %dup/vec4;
    %pushi/vec4 32768, 0, 16;
    %cmp/u;
    %jmp/1 T_33.15, 6;
    %load/vec4 v000002a62de3ad70_0;
    %store/vec4 v000002a62de38c50_0, 0, 5;
    %jmp T_33.17;
T_33.0 ;
    %pushi/vec4 0, 0, 5;
    %store/vec4 v000002a62de38c50_0, 0, 5;
    %jmp T_33.17;
T_33.1 ;
    %pushi/vec4 1, 0, 5;
    %store/vec4 v000002a62de38c50_0, 0, 5;
    %jmp T_33.17;
T_33.2 ;
    %pushi/vec4 2, 0, 5;
    %store/vec4 v000002a62de38c50_0, 0, 5;
    %jmp T_33.17;
T_33.3 ;
    %pushi/vec4 3, 0, 5;
    %store/vec4 v000002a62de38c50_0, 0, 5;
    %jmp T_33.17;
T_33.4 ;
    %pushi/vec4 4, 0, 5;
    %store/vec4 v000002a62de38c50_0, 0, 5;
    %jmp T_33.17;
T_33.5 ;
    %pushi/vec4 5, 0, 5;
    %store/vec4 v000002a62de38c50_0, 0, 5;
    %jmp T_33.17;
T_33.6 ;
    %pushi/vec4 6, 0, 5;
    %store/vec4 v000002a62de38c50_0, 0, 5;
    %jmp T_33.17;
T_33.7 ;
    %pushi/vec4 7, 0, 5;
    %store/vec4 v000002a62de38c50_0, 0, 5;
    %jmp T_33.17;
T_33.8 ;
    %pushi/vec4 8, 0, 5;
    %store/vec4 v000002a62de38c50_0, 0, 5;
    %jmp T_33.17;
T_33.9 ;
    %pushi/vec4 9, 0, 5;
    %store/vec4 v000002a62de38c50_0, 0, 5;
    %jmp T_33.17;
T_33.10 ;
    %pushi/vec4 10, 0, 5;
    %store/vec4 v000002a62de38c50_0, 0, 5;
    %jmp T_33.17;
T_33.11 ;
    %pushi/vec4 11, 0, 5;
    %store/vec4 v000002a62de38c50_0, 0, 5;
    %jmp T_33.17;
T_33.12 ;
    %pushi/vec4 12, 0, 5;
    %store/vec4 v000002a62de38c50_0, 0, 5;
    %jmp T_33.17;
T_33.13 ;
    %pushi/vec4 13, 0, 5;
    %store/vec4 v000002a62de38c50_0, 0, 5;
    %jmp T_33.17;
T_33.14 ;
    %pushi/vec4 14, 0, 5;
    %store/vec4 v000002a62de38c50_0, 0, 5;
    %jmp T_33.17;
T_33.15 ;
    %pushi/vec4 15, 0, 5;
    %store/vec4 v000002a62de38c50_0, 0, 5;
    %jmp T_33.17;
T_33.17 ;
    %pop/vec4 1;
    %jmp T_33;
    .thread T_33, $push;
    .scope S_000002a62de31ca0;
T_34 ;
    %wait E_000002a62dd41020;
    %load/vec4 v000002a62de3ccb0_0;
    %flag_set/vec4 8;
    %jmp/0xz  T_34.0, 8;
    %pushi/vec4 0, 0, 1;
    %assign/vec4 v000002a62de3b9f0_0, 0;
    %jmp T_34.1;
T_34.0 ;
    %load/vec4 v000002a62de3b810_0;
    %flag_set/vec4 8;
    %jmp/0xz  T_34.2, 8;
    %load/vec4 v000002a62de3bb30_0;
    %assign/vec4 v000002a62de3b9f0_0, 0;
T_34.2 ;
T_34.1 ;
    %jmp T_34;
    .thread T_34;
    .scope S_000002a62d98bce0;
T_35 ;
    %wait E_000002a62dd410a0;
    %load/vec4 v000002a62dd26750_0;
    %dup/vec4;
    %pushi/vec4 0, 0, 3;
    %cmp/u;
    %jmp/1 T_35.0, 6;
    %dup/vec4;
    %pushi/vec4 1, 0, 3;
    %cmp/u;
    %jmp/1 T_35.1, 6;
    %dup/vec4;
    %pushi/vec4 2, 0, 3;
    %cmp/u;
    %jmp/1 T_35.2, 6;
    %dup/vec4;
    %pushi/vec4 3, 0, 3;
    %cmp/u;
    %jmp/1 T_35.3, 6;
    %dup/vec4;
    %pushi/vec4 4, 0, 3;
    %cmp/u;
    %jmp/1 T_35.4, 6;
    %dup/vec4;
    %pushi/vec4 5, 0, 3;
    %cmp/u;
    %jmp/1 T_35.5, 6;
    %dup/vec4;
    %pushi/vec4 6, 0, 3;
    %cmp/u;
    %jmp/1 T_35.6, 6;
    %dup/vec4;
    %pushi/vec4 7, 0, 3;
    %cmp/u;
    %jmp/1 T_35.7, 6;
    %pushi/vec4 0, 0, 64;
    %store/vec4 v000002a62dd25c10_0, 0, 64;
    %jmp T_35.9;
T_35.0 ;
    %pushi/vec4 0, 0, 64;
    %store/vec4 v000002a62dd25c10_0, 0, 64;
    %jmp T_35.9;
T_35.1 ;
    %load/vec4 v000002a62dd258f0_0;
    %store/vec4 v000002a62dd25c10_0, 0, 64;
    %jmp T_35.9;
T_35.2 ;
    %load/vec4 v000002a62dd258f0_0;
    %store/vec4 v000002a62dd25c10_0, 0, 64;
    %jmp T_35.9;
T_35.3 ;
    %load/vec4 v000002a62dd25670_0;
    %store/vec4 v000002a62dd25c10_0, 0, 64;
    %jmp T_35.9;
T_35.4 ;
    %load/vec4 v000002a62dd25670_0;
    %inv;
    %pushi/vec4 1, 0, 64;
    %add;
    %store/vec4 v000002a62dd25c10_0, 0, 64;
    %jmp T_35.9;
T_35.5 ;
    %load/vec4 v000002a62dd258f0_0;
    %inv;
    %pushi/vec4 1, 0, 64;
    %add;
    %store/vec4 v000002a62dd25c10_0, 0, 64;
    %jmp T_35.9;
T_35.6 ;
    %load/vec4 v000002a62dd258f0_0;
    %inv;
    %pushi/vec4 1, 0, 64;
    %add;
    %store/vec4 v000002a62dd25c10_0, 0, 64;
    %jmp T_35.9;
T_35.7 ;
    %pushi/vec4 0, 0, 64;
    %store/vec4 v000002a62dd25c10_0, 0, 64;
    %jmp T_35.9;
T_35.9 ;
    %pop/vec4 1;
    %jmp T_35;
    .thread T_35, $push;
    .scope S_000002a62d9897d0;
T_36 ;
    %wait E_000002a62dd403e0;
    %load/vec4 v000002a62dd27830_0;
    %dup/vec4;
    %pushi/vec4 0, 0, 3;
    %cmp/u;
    %jmp/1 T_36.0, 6;
    %dup/vec4;
    %pushi/vec4 1, 0, 3;
    %cmp/u;
    %jmp/1 T_36.1, 6;
    %dup/vec4;
    %pushi/vec4 2, 0, 3;
    %cmp/u;
    %jmp/1 T_36.2, 6;
    %dup/vec4;
    %pushi/vec4 3, 0, 3;
    %cmp/u;
    %jmp/1 T_36.3, 6;
    %dup/vec4;
    %pushi/vec4 4, 0, 3;
    %cmp/u;
    %jmp/1 T_36.4, 6;
    %dup/vec4;
    %pushi/vec4 5, 0, 3;
    %cmp/u;
    %jmp/1 T_36.5, 6;
    %dup/vec4;
    %pushi/vec4 6, 0, 3;
    %cmp/u;
    %jmp/1 T_36.6, 6;
    %dup/vec4;
    %pushi/vec4 7, 0, 3;
    %cmp/u;
    %jmp/1 T_36.7, 6;
    %pushi/vec4 0, 0, 64;
    %store/vec4 v000002a62dd27c90_0, 0, 64;
    %jmp T_36.9;
T_36.0 ;
    %pushi/vec4 0, 0, 64;
    %store/vec4 v000002a62dd27c90_0, 0, 64;
    %jmp T_36.9;
T_36.1 ;
    %load/vec4 v000002a62dd25490_0;
    %store/vec4 v000002a62dd27c90_0, 0, 64;
    %jmp T_36.9;
T_36.2 ;
    %load/vec4 v000002a62dd25490_0;
    %store/vec4 v000002a62dd27c90_0, 0, 64;
    %jmp T_36.9;
T_36.3 ;
    %load/vec4 v000002a62dd253f0_0;
    %store/vec4 v000002a62dd27c90_0, 0, 64;
    %jmp T_36.9;
T_36.4 ;
    %load/vec4 v000002a62dd253f0_0;
    %inv;
    %pushi/vec4 1, 0, 64;
    %add;
    %store/vec4 v000002a62dd27c90_0, 0, 64;
    %jmp T_36.9;
T_36.5 ;
    %load/vec4 v000002a62dd25490_0;
    %inv;
    %pushi/vec4 1, 0, 64;
    %add;
    %store/vec4 v000002a62dd27c90_0, 0, 64;
    %jmp T_36.9;
T_36.6 ;
    %load/vec4 v000002a62dd25490_0;
    %inv;
    %pushi/vec4 1, 0, 64;
    %add;
    %store/vec4 v000002a62dd27c90_0, 0, 64;
    %jmp T_36.9;
T_36.7 ;
    %pushi/vec4 0, 0, 64;
    %store/vec4 v000002a62dd27c90_0, 0, 64;
    %jmp T_36.9;
T_36.9 ;
    %pop/vec4 1;
    %jmp T_36;
    .thread T_36, $push;
    .scope S_000002a62d984eb0;
T_37 ;
    %wait E_000002a62dd404a0;
    %load/vec4 v000002a62dd27150_0;
    %dup/vec4;
    %pushi/vec4 0, 0, 3;
    %cmp/u;
    %jmp/1 T_37.0, 6;
    %dup/vec4;
    %pushi/vec4 1, 0, 3;
    %cmp/u;
    %jmp/1 T_37.1, 6;
    %dup/vec4;
    %pushi/vec4 2, 0, 3;
    %cmp/u;
    %jmp/1 T_37.2, 6;
    %dup/vec4;
    %pushi/vec4 3, 0, 3;
    %cmp/u;
    %jmp/1 T_37.3, 6;
    %dup/vec4;
    %pushi/vec4 4, 0, 3;
    %cmp/u;
    %jmp/1 T_37.4, 6;
    %dup/vec4;
    %pushi/vec4 5, 0, 3;
    %cmp/u;
    %jmp/1 T_37.5, 6;
    %dup/vec4;
    %pushi/vec4 6, 0, 3;
    %cmp/u;
    %jmp/1 T_37.6, 6;
    %dup/vec4;
    %pushi/vec4 7, 0, 3;
    %cmp/u;
    %jmp/1 T_37.7, 6;
    %pushi/vec4 0, 0, 64;
    %store/vec4 v000002a62dd28410_0, 0, 64;
    %jmp T_37.9;
T_37.0 ;
    %pushi/vec4 0, 0, 64;
    %store/vec4 v000002a62dd28410_0, 0, 64;
    %jmp T_37.9;
T_37.1 ;
    %load/vec4 v000002a62dd29090_0;
    %store/vec4 v000002a62dd28410_0, 0, 64;
    %jmp T_37.9;
T_37.2 ;
    %load/vec4 v000002a62dd29090_0;
    %store/vec4 v000002a62dd28410_0, 0, 64;
    %jmp T_37.9;
T_37.3 ;
    %load/vec4 v000002a62dd27970_0;
    %store/vec4 v000002a62dd28410_0, 0, 64;
    %jmp T_37.9;
T_37.4 ;
    %load/vec4 v000002a62dd27970_0;
    %inv;
    %pushi/vec4 1, 0, 64;
    %add;
    %store/vec4 v000002a62dd28410_0, 0, 64;
    %jmp T_37.9;
T_37.5 ;
    %load/vec4 v000002a62dd29090_0;
    %inv;
    %pushi/vec4 1, 0, 64;
    %add;
    %store/vec4 v000002a62dd28410_0, 0, 64;
    %jmp T_37.9;
T_37.6 ;
    %load/vec4 v000002a62dd29090_0;
    %inv;
    %pushi/vec4 1, 0, 64;
    %add;
    %store/vec4 v000002a62dd28410_0, 0, 64;
    %jmp T_37.9;
T_37.7 ;
    %pushi/vec4 0, 0, 64;
    %store/vec4 v000002a62dd28410_0, 0, 64;
    %jmp T_37.9;
T_37.9 ;
    %pop/vec4 1;
    %jmp T_37;
    .thread T_37, $push;
    .scope S_000002a62d9849b0;
T_38 ;
    %wait E_000002a62dd40760;
    %load/vec4 v000002a62dd27010_0;
    %dup/vec4;
    %pushi/vec4 0, 0, 3;
    %cmp/u;
    %jmp/1 T_38.0, 6;
    %dup/vec4;
    %pushi/vec4 1, 0, 3;
    %cmp/u;
    %jmp/1 T_38.1, 6;
    %dup/vec4;
    %pushi/vec4 2, 0, 3;
    %cmp/u;
    %jmp/1 T_38.2, 6;
    %dup/vec4;
    %pushi/vec4 3, 0, 3;
    %cmp/u;
    %jmp/1 T_38.3, 6;
    %dup/vec4;
    %pushi/vec4 4, 0, 3;
    %cmp/u;
    %jmp/1 T_38.4, 6;
    %dup/vec4;
    %pushi/vec4 5, 0, 3;
    %cmp/u;
    %jmp/1 T_38.5, 6;
    %dup/vec4;
    %pushi/vec4 6, 0, 3;
    %cmp/u;
    %jmp/1 T_38.6, 6;
    %dup/vec4;
    %pushi/vec4 7, 0, 3;
    %cmp/u;
    %jmp/1 T_38.7, 6;
    %pushi/vec4 0, 0, 64;
    %store/vec4 v000002a62dd27330_0, 0, 64;
    %jmp T_38.9;
T_38.0 ;
    %pushi/vec4 0, 0, 64;
    %store/vec4 v000002a62dd27330_0, 0, 64;
    %jmp T_38.9;
T_38.1 ;
    %load/vec4 v000002a62dd27b50_0;
    %store/vec4 v000002a62dd27330_0, 0, 64;
    %jmp T_38.9;
T_38.2 ;
    %load/vec4 v000002a62dd27b50_0;
    %store/vec4 v000002a62dd27330_0, 0, 64;
    %jmp T_38.9;
T_38.3 ;
    %load/vec4 v000002a62dd28870_0;
    %store/vec4 v000002a62dd27330_0, 0, 64;
    %jmp T_38.9;
T_38.4 ;
    %load/vec4 v000002a62dd28870_0;
    %inv;
    %pushi/vec4 1, 0, 64;
    %add;
    %store/vec4 v000002a62dd27330_0, 0, 64;
    %jmp T_38.9;
T_38.5 ;
    %load/vec4 v000002a62dd27b50_0;
    %inv;
    %pushi/vec4 1, 0, 64;
    %add;
    %store/vec4 v000002a62dd27330_0, 0, 64;
    %jmp T_38.9;
T_38.6 ;
    %load/vec4 v000002a62dd27b50_0;
    %inv;
    %pushi/vec4 1, 0, 64;
    %add;
    %store/vec4 v000002a62dd27330_0, 0, 64;
    %jmp T_38.9;
T_38.7 ;
    %pushi/vec4 0, 0, 64;
    %store/vec4 v000002a62dd27330_0, 0, 64;
    %jmp T_38.9;
T_38.9 ;
    %pop/vec4 1;
    %jmp T_38;
    .thread T_38, $push;
    .scope S_000002a62d96e950;
T_39 ;
    %wait E_000002a62dd405a0;
    %load/vec4 v000002a62dd29590_0;
    %dup/vec4;
    %pushi/vec4 0, 0, 3;
    %cmp/u;
    %jmp/1 T_39.0, 6;
    %dup/vec4;
    %pushi/vec4 1, 0, 3;
    %cmp/u;
    %jmp/1 T_39.1, 6;
    %dup/vec4;
    %pushi/vec4 2, 0, 3;
    %cmp/u;
    %jmp/1 T_39.2, 6;
    %dup/vec4;
    %pushi/vec4 3, 0, 3;
    %cmp/u;
    %jmp/1 T_39.3, 6;
    %dup/vec4;
    %pushi/vec4 4, 0, 3;
    %cmp/u;
    %jmp/1 T_39.4, 6;
    %dup/vec4;
    %pushi/vec4 5, 0, 3;
    %cmp/u;
    %jmp/1 T_39.5, 6;
    %dup/vec4;
    %pushi/vec4 6, 0, 3;
    %cmp/u;
    %jmp/1 T_39.6, 6;
    %dup/vec4;
    %pushi/vec4 7, 0, 3;
    %cmp/u;
    %jmp/1 T_39.7, 6;
    %pushi/vec4 0, 0, 64;
    %store/vec4 v000002a62dd28690_0, 0, 64;
    %jmp T_39.9;
T_39.0 ;
    %pushi/vec4 0, 0, 64;
    %store/vec4 v000002a62dd28690_0, 0, 64;
    %jmp T_39.9;
T_39.1 ;
    %load/vec4 v000002a62dd282d0_0;
    %store/vec4 v000002a62dd28690_0, 0, 64;
    %jmp T_39.9;
T_39.2 ;
    %load/vec4 v000002a62dd282d0_0;
    %store/vec4 v000002a62dd28690_0, 0, 64;
    %jmp T_39.9;
T_39.3 ;
    %load/vec4 v000002a62dd28050_0;
    %store/vec4 v000002a62dd28690_0, 0, 64;
    %jmp T_39.9;
T_39.4 ;
    %load/vec4 v000002a62dd28050_0;
    %inv;
    %pushi/vec4 1, 0, 64;
    %add;
    %store/vec4 v000002a62dd28690_0, 0, 64;
    %jmp T_39.9;
T_39.5 ;
    %load/vec4 v000002a62dd282d0_0;
    %inv;
    %pushi/vec4 1, 0, 64;
    %add;
    %store/vec4 v000002a62dd28690_0, 0, 64;
    %jmp T_39.9;
T_39.6 ;
    %load/vec4 v000002a62dd282d0_0;
    %inv;
    %pushi/vec4 1, 0, 64;
    %add;
    %store/vec4 v000002a62dd28690_0, 0, 64;
    %jmp T_39.9;
T_39.7 ;
    %pushi/vec4 0, 0, 64;
    %store/vec4 v000002a62dd28690_0, 0, 64;
    %jmp T_39.9;
T_39.9 ;
    %pop/vec4 1;
    %jmp T_39;
    .thread T_39, $push;
    .scope S_000002a62ddd9240;
T_40 ;
    %wait E_000002a62dd406a0;
    %load/vec4 v000002a62dd28a50_0;
    %dup/vec4;
    %pushi/vec4 0, 0, 3;
    %cmp/u;
    %jmp/1 T_40.0, 6;
    %dup/vec4;
    %pushi/vec4 1, 0, 3;
    %cmp/u;
    %jmp/1 T_40.1, 6;
    %dup/vec4;
    %pushi/vec4 2, 0, 3;
    %cmp/u;
    %jmp/1 T_40.2, 6;
    %dup/vec4;
    %pushi/vec4 3, 0, 3;
    %cmp/u;
    %jmp/1 T_40.3, 6;
    %dup/vec4;
    %pushi/vec4 4, 0, 3;
    %cmp/u;
    %jmp/1 T_40.4, 6;
    %dup/vec4;
    %pushi/vec4 5, 0, 3;
    %cmp/u;
    %jmp/1 T_40.5, 6;
    %dup/vec4;
    %pushi/vec4 6, 0, 3;
    %cmp/u;
    %jmp/1 T_40.6, 6;
    %dup/vec4;
    %pushi/vec4 7, 0, 3;
    %cmp/u;
    %jmp/1 T_40.7, 6;
    %pushi/vec4 0, 0, 64;
    %store/vec4 v000002a62dd28b90_0, 0, 64;
    %jmp T_40.9;
T_40.0 ;
    %pushi/vec4 0, 0, 64;
    %store/vec4 v000002a62dd28b90_0, 0, 64;
    %jmp T_40.9;
T_40.1 ;
    %load/vec4 v000002a62dd29450_0;
    %store/vec4 v000002a62dd28b90_0, 0, 64;
    %jmp T_40.9;
T_40.2 ;
    %load/vec4 v000002a62dd29450_0;
    %store/vec4 v000002a62dd28b90_0, 0, 64;
    %jmp T_40.9;
T_40.3 ;
    %load/vec4 v000002a62dd28550_0;
    %store/vec4 v000002a62dd28b90_0, 0, 64;
    %jmp T_40.9;
T_40.4 ;
    %load/vec4 v000002a62dd28550_0;
    %inv;
    %pushi/vec4 1, 0, 64;
    %add;
    %store/vec4 v000002a62dd28b90_0, 0, 64;
    %jmp T_40.9;
T_40.5 ;
    %load/vec4 v000002a62dd29450_0;
    %inv;
    %pushi/vec4 1, 0, 64;
    %add;
    %store/vec4 v000002a62dd28b90_0, 0, 64;
    %jmp T_40.9;
T_40.6 ;
    %load/vec4 v000002a62dd29450_0;
    %inv;
    %pushi/vec4 1, 0, 64;
    %add;
    %store/vec4 v000002a62dd28b90_0, 0, 64;
    %jmp T_40.9;
T_40.7 ;
    %pushi/vec4 0, 0, 64;
    %store/vec4 v000002a62dd28b90_0, 0, 64;
    %jmp T_40.9;
T_40.9 ;
    %pop/vec4 1;
    %jmp T_40;
    .thread T_40, $push;
    .scope S_000002a62ddd8a70;
T_41 ;
    %wait E_000002a62dd411e0;
    %load/vec4 v000002a62dd29bd0_0;
    %dup/vec4;
    %pushi/vec4 0, 0, 3;
    %cmp/u;
    %jmp/1 T_41.0, 6;
    %dup/vec4;
    %pushi/vec4 1, 0, 3;
    %cmp/u;
    %jmp/1 T_41.1, 6;
    %dup/vec4;
    %pushi/vec4 2, 0, 3;
    %cmp/u;
    %jmp/1 T_41.2, 6;
    %dup/vec4;
    %pushi/vec4 3, 0, 3;
    %cmp/u;
    %jmp/1 T_41.3, 6;
    %dup/vec4;
    %pushi/vec4 4, 0, 3;
    %cmp/u;
    %jmp/1 T_41.4, 6;
    %dup/vec4;
    %pushi/vec4 5, 0, 3;
    %cmp/u;
    %jmp/1 T_41.5, 6;
    %dup/vec4;
    %pushi/vec4 6, 0, 3;
    %cmp/u;
    %jmp/1 T_41.6, 6;
    %dup/vec4;
    %pushi/vec4 7, 0, 3;
    %cmp/u;
    %jmp/1 T_41.7, 6;
    %pushi/vec4 0, 0, 64;
    %store/vec4 v000002a62dd29950_0, 0, 64;
    %jmp T_41.9;
T_41.0 ;
    %pushi/vec4 0, 0, 64;
    %store/vec4 v000002a62dd29950_0, 0, 64;
    %jmp T_41.9;
T_41.1 ;
    %load/vec4 v000002a62dd278d0_0;
    %store/vec4 v000002a62dd29950_0, 0, 64;
    %jmp T_41.9;
T_41.2 ;
    %load/vec4 v000002a62dd278d0_0;
    %store/vec4 v000002a62dd29950_0, 0, 64;
    %jmp T_41.9;
T_41.3 ;
    %load/vec4 v000002a62dd27790_0;
    %store/vec4 v000002a62dd29950_0, 0, 64;
    %jmp T_41.9;
T_41.4 ;
    %load/vec4 v000002a62dd27790_0;
    %inv;
    %pushi/vec4 1, 0, 64;
    %add;
    %store/vec4 v000002a62dd29950_0, 0, 64;
    %jmp T_41.9;
T_41.5 ;
    %load/vec4 v000002a62dd278d0_0;
    %inv;
    %pushi/vec4 1, 0, 64;
    %add;
    %store/vec4 v000002a62dd29950_0, 0, 64;
    %jmp T_41.9;
T_41.6 ;
    %load/vec4 v000002a62dd278d0_0;
    %inv;
    %pushi/vec4 1, 0, 64;
    %add;
    %store/vec4 v000002a62dd29950_0, 0, 64;
    %jmp T_41.9;
T_41.7 ;
    %pushi/vec4 0, 0, 64;
    %store/vec4 v000002a62dd29950_0, 0, 64;
    %jmp T_41.9;
T_41.9 ;
    %pop/vec4 1;
    %jmp T_41;
    .thread T_41, $push;
    .scope S_000002a62ddd85c0;
T_42 ;
    %wait E_000002a62dd41560;
    %load/vec4 v000002a62db41db0_0;
    %dup/vec4;
    %pushi/vec4 0, 0, 3;
    %cmp/u;
    %jmp/1 T_42.0, 6;
    %dup/vec4;
    %pushi/vec4 1, 0, 3;
    %cmp/u;
    %jmp/1 T_42.1, 6;
    %dup/vec4;
    %pushi/vec4 2, 0, 3;
    %cmp/u;
    %jmp/1 T_42.2, 6;
    %dup/vec4;
    %pushi/vec4 3, 0, 3;
    %cmp/u;
    %jmp/1 T_42.3, 6;
    %dup/vec4;
    %pushi/vec4 4, 0, 3;
    %cmp/u;
    %jmp/1 T_42.4, 6;
    %dup/vec4;
    %pushi/vec4 5, 0, 3;
    %cmp/u;
    %jmp/1 T_42.5, 6;
    %dup/vec4;
    %pushi/vec4 6, 0, 3;
    %cmp/u;
    %jmp/1 T_42.6, 6;
    %dup/vec4;
    %pushi/vec4 7, 0, 3;
    %cmp/u;
    %jmp/1 T_42.7, 6;
    %pushi/vec4 0, 0, 64;
    %store/vec4 v000002a62db428f0_0, 0, 64;
    %jmp T_42.9;
T_42.0 ;
    %pushi/vec4 0, 0, 64;
    %store/vec4 v000002a62db428f0_0, 0, 64;
    %jmp T_42.9;
T_42.1 ;
    %load/vec4 v000002a62db41c70_0;
    %store/vec4 v000002a62db428f0_0, 0, 64;
    %jmp T_42.9;
T_42.2 ;
    %load/vec4 v000002a62db41c70_0;
    %store/vec4 v000002a62db428f0_0, 0, 64;
    %jmp T_42.9;
T_42.3 ;
    %load/vec4 v000002a62dd298b0_0;
    %store/vec4 v000002a62db428f0_0, 0, 64;
    %jmp T_42.9;
T_42.4 ;
    %load/vec4 v000002a62dd298b0_0;
    %inv;
    %pushi/vec4 1, 0, 64;
    %add;
    %store/vec4 v000002a62db428f0_0, 0, 64;
    %jmp T_42.9;
T_42.5 ;
    %load/vec4 v000002a62db41c70_0;
    %inv;
    %pushi/vec4 1, 0, 64;
    %add;
    %store/vec4 v000002a62db428f0_0, 0, 64;
    %jmp T_42.9;
T_42.6 ;
    %load/vec4 v000002a62db41c70_0;
    %inv;
    %pushi/vec4 1, 0, 64;
    %add;
    %store/vec4 v000002a62db428f0_0, 0, 64;
    %jmp T_42.9;
T_42.7 ;
    %pushi/vec4 0, 0, 64;
    %store/vec4 v000002a62db428f0_0, 0, 64;
    %jmp T_42.9;
T_42.9 ;
    %pop/vec4 1;
    %jmp T_42;
    .thread T_42, $push;
    .scope S_000002a62ddd8750;
T_43 ;
    %wait E_000002a62dd42460;
    %load/vec4 v000002a62dba5d00_0;
    %dup/vec4;
    %pushi/vec4 0, 0, 3;
    %cmp/u;
    %jmp/1 T_43.0, 6;
    %dup/vec4;
    %pushi/vec4 1, 0, 3;
    %cmp/u;
    %jmp/1 T_43.1, 6;
    %dup/vec4;
    %pushi/vec4 2, 0, 3;
    %cmp/u;
    %jmp/1 T_43.2, 6;
    %dup/vec4;
    %pushi/vec4 3, 0, 3;
    %cmp/u;
    %jmp/1 T_43.3, 6;
    %dup/vec4;
    %pushi/vec4 4, 0, 3;
    %cmp/u;
    %jmp/1 T_43.4, 6;
    %dup/vec4;
    %pushi/vec4 5, 0, 3;
    %cmp/u;
    %jmp/1 T_43.5, 6;
    %dup/vec4;
    %pushi/vec4 6, 0, 3;
    %cmp/u;
    %jmp/1 T_43.6, 6;
    %dup/vec4;
    %pushi/vec4 7, 0, 3;
    %cmp/u;
    %jmp/1 T_43.7, 6;
    %pushi/vec4 0, 0, 64;
    %store/vec4 v000002a62dba6c00_0, 0, 64;
    %jmp T_43.9;
T_43.0 ;
    %pushi/vec4 0, 0, 64;
    %store/vec4 v000002a62dba6c00_0, 0, 64;
    %jmp T_43.9;
T_43.1 ;
    %load/vec4 v000002a62dba59e0_0;
    %store/vec4 v000002a62dba6c00_0, 0, 64;
    %jmp T_43.9;
T_43.2 ;
    %load/vec4 v000002a62dba59e0_0;
    %store/vec4 v000002a62dba6c00_0, 0, 64;
    %jmp T_43.9;
T_43.3 ;
    %load/vec4 v000002a62dba5120_0;
    %store/vec4 v000002a62dba6c00_0, 0, 64;
    %jmp T_43.9;
T_43.4 ;
    %load/vec4 v000002a62dba5120_0;
    %inv;
    %pushi/vec4 1, 0, 64;
    %add;
    %store/vec4 v000002a62dba6c00_0, 0, 64;
    %jmp T_43.9;
T_43.5 ;
    %load/vec4 v000002a62dba59e0_0;
    %inv;
    %pushi/vec4 1, 0, 64;
    %add;
    %store/vec4 v000002a62dba6c00_0, 0, 64;
    %jmp T_43.9;
T_43.6 ;
    %load/vec4 v000002a62dba59e0_0;
    %inv;
    %pushi/vec4 1, 0, 64;
    %add;
    %store/vec4 v000002a62dba6c00_0, 0, 64;
    %jmp T_43.9;
T_43.7 ;
    %pushi/vec4 0, 0, 64;
    %store/vec4 v000002a62dba6c00_0, 0, 64;
    %jmp T_43.9;
T_43.9 ;
    %pop/vec4 1;
    %jmp T_43;
    .thread T_43, $push;
    .scope S_000002a62ddd8c00;
T_44 ;
    %wait E_000002a62dd42560;
    %load/vec4 v000002a62dde1e40_0;
    %dup/vec4;
    %pushi/vec4 0, 0, 3;
    %cmp/u;
    %jmp/1 T_44.0, 6;
    %dup/vec4;
    %pushi/vec4 1, 0, 3;
    %cmp/u;
    %jmp/1 T_44.1, 6;
    %dup/vec4;
    %pushi/vec4 2, 0, 3;
    %cmp/u;
    %jmp/1 T_44.2, 6;
    %dup/vec4;
    %pushi/vec4 3, 0, 3;
    %cmp/u;
    %jmp/1 T_44.3, 6;
    %dup/vec4;
    %pushi/vec4 4, 0, 3;
    %cmp/u;
    %jmp/1 T_44.4, 6;
    %dup/vec4;
    %pushi/vec4 5, 0, 3;
    %cmp/u;
    %jmp/1 T_44.5, 6;
    %dup/vec4;
    %pushi/vec4 6, 0, 3;
    %cmp/u;
    %jmp/1 T_44.6, 6;
    %dup/vec4;
    %pushi/vec4 7, 0, 3;
    %cmp/u;
    %jmp/1 T_44.7, 6;
    %pushi/vec4 0, 0, 64;
    %store/vec4 v000002a62dde2a20_0, 0, 64;
    %jmp T_44.9;
T_44.0 ;
    %pushi/vec4 0, 0, 64;
    %store/vec4 v000002a62dde2a20_0, 0, 64;
    %jmp T_44.9;
T_44.1 ;
    %load/vec4 v000002a62db85200_0;
    %store/vec4 v000002a62dde2a20_0, 0, 64;
    %jmp T_44.9;
T_44.2 ;
    %load/vec4 v000002a62db85200_0;
    %store/vec4 v000002a62dde2a20_0, 0, 64;
    %jmp T_44.9;
T_44.3 ;
    %load/vec4 v000002a62db45230_0;
    %store/vec4 v000002a62dde2a20_0, 0, 64;
    %jmp T_44.9;
T_44.4 ;
    %load/vec4 v000002a62db45230_0;
    %inv;
    %pushi/vec4 1, 0, 64;
    %add;
    %store/vec4 v000002a62dde2a20_0, 0, 64;
    %jmp T_44.9;
T_44.5 ;
    %load/vec4 v000002a62db85200_0;
    %inv;
    %pushi/vec4 1, 0, 64;
    %add;
    %store/vec4 v000002a62dde2a20_0, 0, 64;
    %jmp T_44.9;
T_44.6 ;
    %load/vec4 v000002a62db85200_0;
    %inv;
    %pushi/vec4 1, 0, 64;
    %add;
    %store/vec4 v000002a62dde2a20_0, 0, 64;
    %jmp T_44.9;
T_44.7 ;
    %pushi/vec4 0, 0, 64;
    %store/vec4 v000002a62dde2a20_0, 0, 64;
    %jmp T_44.9;
T_44.9 ;
    %pop/vec4 1;
    %jmp T_44;
    .thread T_44, $push;
    .scope S_000002a62dde95e0;
T_45 ;
    %wait E_000002a62dd43ba0;
    %load/vec4 v000002a62dde1a80_0;
    %dup/vec4;
    %pushi/vec4 0, 0, 3;
    %cmp/u;
    %jmp/1 T_45.0, 6;
    %dup/vec4;
    %pushi/vec4 1, 0, 3;
    %cmp/u;
    %jmp/1 T_45.1, 6;
    %dup/vec4;
    %pushi/vec4 2, 0, 3;
    %cmp/u;
    %jmp/1 T_45.2, 6;
    %dup/vec4;
    %pushi/vec4 3, 0, 3;
    %cmp/u;
    %jmp/1 T_45.3, 6;
    %dup/vec4;
    %pushi/vec4 4, 0, 3;
    %cmp/u;
    %jmp/1 T_45.4, 6;
    %dup/vec4;
    %pushi/vec4 5, 0, 3;
    %cmp/u;
    %jmp/1 T_45.5, 6;
    %dup/vec4;
    %pushi/vec4 6, 0, 3;
    %cmp/u;
    %jmp/1 T_45.6, 6;
    %dup/vec4;
    %pushi/vec4 7, 0, 3;
    %cmp/u;
    %jmp/1 T_45.7, 6;
    %pushi/vec4 0, 0, 64;
    %store/vec4 v000002a62dde1080_0, 0, 64;
    %jmp T_45.9;
T_45.0 ;
    %pushi/vec4 0, 0, 64;
    %store/vec4 v000002a62dde1080_0, 0, 64;
    %jmp T_45.9;
T_45.1 ;
    %load/vec4 v000002a62dde2160_0;
    %store/vec4 v000002a62dde1080_0, 0, 64;
    %jmp T_45.9;
T_45.2 ;
    %load/vec4 v000002a62dde2160_0;
    %store/vec4 v000002a62dde1080_0, 0, 64;
    %jmp T_45.9;
T_45.3 ;
    %load/vec4 v000002a62dde20c0_0;
    %store/vec4 v000002a62dde1080_0, 0, 64;
    %jmp T_45.9;
T_45.4 ;
    %load/vec4 v000002a62dde20c0_0;
    %inv;
    %pushi/vec4 1, 0, 64;
    %add;
    %store/vec4 v000002a62dde1080_0, 0, 64;
    %jmp T_45.9;
T_45.5 ;
    %load/vec4 v000002a62dde2160_0;
    %inv;
    %pushi/vec4 1, 0, 64;
    %add;
    %store/vec4 v000002a62dde1080_0, 0, 64;
    %jmp T_45.9;
T_45.6 ;
    %load/vec4 v000002a62dde2160_0;
    %inv;
    %pushi/vec4 1, 0, 64;
    %add;
    %store/vec4 v000002a62dde1080_0, 0, 64;
    %jmp T_45.9;
T_45.7 ;
    %pushi/vec4 0, 0, 64;
    %store/vec4 v000002a62dde1080_0, 0, 64;
    %jmp T_45.9;
T_45.9 ;
    %pop/vec4 1;
    %jmp T_45;
    .thread T_45, $push;
    .scope S_000002a62dde9770;
T_46 ;
    %wait E_000002a62dd43fa0;
    %load/vec4 v000002a62dde3100_0;
    %dup/vec4;
    %pushi/vec4 0, 0, 3;
    %cmp/u;
    %jmp/1 T_46.0, 6;
    %dup/vec4;
    %pushi/vec4 1, 0, 3;
    %cmp/u;
    %jmp/1 T_46.1, 6;
    %dup/vec4;
    %pushi/vec4 2, 0, 3;
    %cmp/u;
    %jmp/1 T_46.2, 6;
    %dup/vec4;
    %pushi/vec4 3, 0, 3;
    %cmp/u;
    %jmp/1 T_46.3, 6;
    %dup/vec4;
    %pushi/vec4 4, 0, 3;
    %cmp/u;
    %jmp/1 T_46.4, 6;
    %dup/vec4;
    %pushi/vec4 5, 0, 3;
    %cmp/u;
    %jmp/1 T_46.5, 6;
    %dup/vec4;
    %pushi/vec4 6, 0, 3;
    %cmp/u;
    %jmp/1 T_46.6, 6;
    %dup/vec4;
    %pushi/vec4 7, 0, 3;
    %cmp/u;
    %jmp/1 T_46.7, 6;
    %pushi/vec4 0, 0, 64;
    %store/vec4 v000002a62dde23e0_0, 0, 64;
    %jmp T_46.9;
T_46.0 ;
    %pushi/vec4 0, 0, 64;
    %store/vec4 v000002a62dde23e0_0, 0, 64;
    %jmp T_46.9;
T_46.1 ;
    %load/vec4 v000002a62dde2200_0;
    %store/vec4 v000002a62dde23e0_0, 0, 64;
    %jmp T_46.9;
T_46.2 ;
    %load/vec4 v000002a62dde2200_0;
    %store/vec4 v000002a62dde23e0_0, 0, 64;
    %jmp T_46.9;
T_46.3 ;
    %load/vec4 v000002a62dde3380_0;
    %store/vec4 v000002a62dde23e0_0, 0, 64;
    %jmp T_46.9;
T_46.4 ;
    %load/vec4 v000002a62dde3380_0;
    %inv;
    %pushi/vec4 1, 0, 64;
    %add;
    %store/vec4 v000002a62dde23e0_0, 0, 64;
    %jmp T_46.9;
T_46.5 ;
    %load/vec4 v000002a62dde2200_0;
    %inv;
    %pushi/vec4 1, 0, 64;
    %add;
    %store/vec4 v000002a62dde23e0_0, 0, 64;
    %jmp T_46.9;
T_46.6 ;
    %load/vec4 v000002a62dde2200_0;
    %inv;
    %pushi/vec4 1, 0, 64;
    %add;
    %store/vec4 v000002a62dde23e0_0, 0, 64;
    %jmp T_46.9;
T_46.7 ;
    %pushi/vec4 0, 0, 64;
    %store/vec4 v000002a62dde23e0_0, 0, 64;
    %jmp T_46.9;
T_46.9 ;
    %pop/vec4 1;
    %jmp T_46;
    .thread T_46, $push;
    .scope S_000002a62ddea3f0;
T_47 ;
    %wait E_000002a62dd439a0;
    %load/vec4 v000002a62dde2fc0_0;
    %dup/vec4;
    %pushi/vec4 0, 0, 3;
    %cmp/u;
    %jmp/1 T_47.0, 6;
    %dup/vec4;
    %pushi/vec4 1, 0, 3;
    %cmp/u;
    %jmp/1 T_47.1, 6;
    %dup/vec4;
    %pushi/vec4 2, 0, 3;
    %cmp/u;
    %jmp/1 T_47.2, 6;
    %dup/vec4;
    %pushi/vec4 3, 0, 3;
    %cmp/u;
    %jmp/1 T_47.3, 6;
    %dup/vec4;
    %pushi/vec4 4, 0, 3;
    %cmp/u;
    %jmp/1 T_47.4, 6;
    %dup/vec4;
    %pushi/vec4 5, 0, 3;
    %cmp/u;
    %jmp/1 T_47.5, 6;
    %dup/vec4;
    %pushi/vec4 6, 0, 3;
    %cmp/u;
    %jmp/1 T_47.6, 6;
    %dup/vec4;
    %pushi/vec4 7, 0, 3;
    %cmp/u;
    %jmp/1 T_47.7, 6;
    %pushi/vec4 0, 0, 64;
    %store/vec4 v000002a62dde2660_0, 0, 64;
    %jmp T_47.9;
T_47.0 ;
    %pushi/vec4 0, 0, 64;
    %store/vec4 v000002a62dde2660_0, 0, 64;
    %jmp T_47.9;
T_47.1 ;
    %load/vec4 v000002a62dde1580_0;
    %store/vec4 v000002a62dde2660_0, 0, 64;
    %jmp T_47.9;
T_47.2 ;
    %load/vec4 v000002a62dde1580_0;
    %store/vec4 v000002a62dde2660_0, 0, 64;
    %jmp T_47.9;
T_47.3 ;
    %load/vec4 v000002a62dde1120_0;
    %store/vec4 v000002a62dde2660_0, 0, 64;
    %jmp T_47.9;
T_47.4 ;
    %load/vec4 v000002a62dde1120_0;
    %inv;
    %pushi/vec4 1, 0, 64;
    %add;
    %store/vec4 v000002a62dde2660_0, 0, 64;
    %jmp T_47.9;
T_47.5 ;
    %load/vec4 v000002a62dde1580_0;
    %inv;
    %pushi/vec4 1, 0, 64;
    %add;
    %store/vec4 v000002a62dde2660_0, 0, 64;
    %jmp T_47.9;
T_47.6 ;
    %load/vec4 v000002a62dde1580_0;
    %inv;
    %pushi/vec4 1, 0, 64;
    %add;
    %store/vec4 v000002a62dde2660_0, 0, 64;
    %jmp T_47.9;
T_47.7 ;
    %pushi/vec4 0, 0, 64;
    %store/vec4 v000002a62dde2660_0, 0, 64;
    %jmp T_47.9;
T_47.9 ;
    %pop/vec4 1;
    %jmp T_47;
    .thread T_47, $push;
    .scope S_000002a62ddeb390;
T_48 ;
    %wait E_000002a62dd43be0;
    %load/vec4 v000002a62dde3060_0;
    %dup/vec4;
    %pushi/vec4 0, 0, 3;
    %cmp/u;
    %jmp/1 T_48.0, 6;
    %dup/vec4;
    %pushi/vec4 1, 0, 3;
    %cmp/u;
    %jmp/1 T_48.1, 6;
    %dup/vec4;
    %pushi/vec4 2, 0, 3;
    %cmp/u;
    %jmp/1 T_48.2, 6;
    %dup/vec4;
    %pushi/vec4 3, 0, 3;
    %cmp/u;
    %jmp/1 T_48.3, 6;
    %dup/vec4;
    %pushi/vec4 4, 0, 3;
    %cmp/u;
    %jmp/1 T_48.4, 6;
    %dup/vec4;
    %pushi/vec4 5, 0, 3;
    %cmp/u;
    %jmp/1 T_48.5, 6;
    %dup/vec4;
    %pushi/vec4 6, 0, 3;
    %cmp/u;
    %jmp/1 T_48.6, 6;
    %dup/vec4;
    %pushi/vec4 7, 0, 3;
    %cmp/u;
    %jmp/1 T_48.7, 6;
    %pushi/vec4 0, 0, 64;
    %store/vec4 v000002a62dde34c0_0, 0, 64;
    %jmp T_48.9;
T_48.0 ;
    %pushi/vec4 0, 0, 64;
    %store/vec4 v000002a62dde34c0_0, 0, 64;
    %jmp T_48.9;
T_48.1 ;
    %load/vec4 v000002a62dde2700_0;
    %store/vec4 v000002a62dde34c0_0, 0, 64;
    %jmp T_48.9;
T_48.2 ;
    %load/vec4 v000002a62dde2700_0;
    %store/vec4 v000002a62dde34c0_0, 0, 64;
    %jmp T_48.9;
T_48.3 ;
    %load/vec4 v000002a62dde2de0_0;
    %store/vec4 v000002a62dde34c0_0, 0, 64;
    %jmp T_48.9;
T_48.4 ;
    %load/vec4 v000002a62dde2de0_0;
    %inv;
    %pushi/vec4 1, 0, 64;
    %add;
    %store/vec4 v000002a62dde34c0_0, 0, 64;
    %jmp T_48.9;
T_48.5 ;
    %load/vec4 v000002a62dde2700_0;
    %inv;
    %pushi/vec4 1, 0, 64;
    %add;
    %store/vec4 v000002a62dde34c0_0, 0, 64;
    %jmp T_48.9;
T_48.6 ;
    %load/vec4 v000002a62dde2700_0;
    %inv;
    %pushi/vec4 1, 0, 64;
    %add;
    %store/vec4 v000002a62dde34c0_0, 0, 64;
    %jmp T_48.9;
T_48.7 ;
    %pushi/vec4 0, 0, 64;
    %store/vec4 v000002a62dde34c0_0, 0, 64;
    %jmp T_48.9;
T_48.9 ;
    %pop/vec4 1;
    %jmp T_48;
    .thread T_48, $push;
    .scope S_000002a62ddea710;
T_49 ;
    %wait E_000002a62dd43460;
    %load/vec4 v000002a62dde5cc0_0;
    %dup/vec4;
    %pushi/vec4 0, 0, 3;
    %cmp/u;
    %jmp/1 T_49.0, 6;
    %dup/vec4;
    %pushi/vec4 1, 0, 3;
    %cmp/u;
    %jmp/1 T_49.1, 6;
    %dup/vec4;
    %pushi/vec4 2, 0, 3;
    %cmp/u;
    %jmp/1 T_49.2, 6;
    %dup/vec4;
    %pushi/vec4 3, 0, 3;
    %cmp/u;
    %jmp/1 T_49.3, 6;
    %dup/vec4;
    %pushi/vec4 4, 0, 3;
    %cmp/u;
    %jmp/1 T_49.4, 6;
    %dup/vec4;
    %pushi/vec4 5, 0, 3;
    %cmp/u;
    %jmp/1 T_49.5, 6;
    %dup/vec4;
    %pushi/vec4 6, 0, 3;
    %cmp/u;
    %jmp/1 T_49.6, 6;
    %dup/vec4;
    %pushi/vec4 7, 0, 3;
    %cmp/u;
    %jmp/1 T_49.7, 6;
    %pushi/vec4 0, 0, 64;
    %store/vec4 v000002a62dde43c0_0, 0, 64;
    %jmp T_49.9;
T_49.0 ;
    %pushi/vec4 0, 0, 64;
    %store/vec4 v000002a62dde43c0_0, 0, 64;
    %jmp T_49.9;
T_49.1 ;
    %load/vec4 v000002a62dde14e0_0;
    %store/vec4 v000002a62dde43c0_0, 0, 64;
    %jmp T_49.9;
T_49.2 ;
    %load/vec4 v000002a62dde14e0_0;
    %store/vec4 v000002a62dde43c0_0, 0, 64;
    %jmp T_49.9;
T_49.3 ;
    %load/vec4 v000002a62dde3560_0;
    %store/vec4 v000002a62dde43c0_0, 0, 64;
    %jmp T_49.9;
T_49.4 ;
    %load/vec4 v000002a62dde3560_0;
    %inv;
    %pushi/vec4 1, 0, 64;
    %add;
    %store/vec4 v000002a62dde43c0_0, 0, 64;
    %jmp T_49.9;
T_49.5 ;
    %load/vec4 v000002a62dde14e0_0;
    %inv;
    %pushi/vec4 1, 0, 64;
    %add;
    %store/vec4 v000002a62dde43c0_0, 0, 64;
    %jmp T_49.9;
T_49.6 ;
    %load/vec4 v000002a62dde14e0_0;
    %inv;
    %pushi/vec4 1, 0, 64;
    %add;
    %store/vec4 v000002a62dde43c0_0, 0, 64;
    %jmp T_49.9;
T_49.7 ;
    %pushi/vec4 0, 0, 64;
    %store/vec4 v000002a62dde43c0_0, 0, 64;
    %jmp T_49.9;
T_49.9 ;
    %pop/vec4 1;
    %jmp T_49;
    .thread T_49, $push;
    .scope S_000002a62ddea0d0;
T_50 ;
    %wait E_000002a62dd43ce0;
    %load/vec4 v000002a62dde3a60_0;
    %dup/vec4;
    %pushi/vec4 0, 0, 3;
    %cmp/u;
    %jmp/1 T_50.0, 6;
    %dup/vec4;
    %pushi/vec4 1, 0, 3;
    %cmp/u;
    %jmp/1 T_50.1, 6;
    %dup/vec4;
    %pushi/vec4 2, 0, 3;
    %cmp/u;
    %jmp/1 T_50.2, 6;
    %dup/vec4;
    %pushi/vec4 3, 0, 3;
    %cmp/u;
    %jmp/1 T_50.3, 6;
    %dup/vec4;
    %pushi/vec4 4, 0, 3;
    %cmp/u;
    %jmp/1 T_50.4, 6;
    %dup/vec4;
    %pushi/vec4 5, 0, 3;
    %cmp/u;
    %jmp/1 T_50.5, 6;
    %dup/vec4;
    %pushi/vec4 6, 0, 3;
    %cmp/u;
    %jmp/1 T_50.6, 6;
    %dup/vec4;
    %pushi/vec4 7, 0, 3;
    %cmp/u;
    %jmp/1 T_50.7, 6;
    %pushi/vec4 0, 0, 64;
    %store/vec4 v000002a62dde48c0_0, 0, 64;
    %jmp T_50.9;
T_50.0 ;
    %pushi/vec4 0, 0, 64;
    %store/vec4 v000002a62dde48c0_0, 0, 64;
    %jmp T_50.9;
T_50.1 ;
    %load/vec4 v000002a62dde4960_0;
    %store/vec4 v000002a62dde48c0_0, 0, 64;
    %jmp T_50.9;
T_50.2 ;
    %load/vec4 v000002a62dde4960_0;
    %store/vec4 v000002a62dde48c0_0, 0, 64;
    %jmp T_50.9;
T_50.3 ;
    %load/vec4 v000002a62dde52c0_0;
    %store/vec4 v000002a62dde48c0_0, 0, 64;
    %jmp T_50.9;
T_50.4 ;
    %load/vec4 v000002a62dde52c0_0;
    %inv;
    %pushi/vec4 1, 0, 64;
    %add;
    %store/vec4 v000002a62dde48c0_0, 0, 64;
    %jmp T_50.9;
T_50.5 ;
    %load/vec4 v000002a62dde4960_0;
    %inv;
    %pushi/vec4 1, 0, 64;
    %add;
    %store/vec4 v000002a62dde48c0_0, 0, 64;
    %jmp T_50.9;
T_50.6 ;
    %load/vec4 v000002a62dde4960_0;
    %inv;
    %pushi/vec4 1, 0, 64;
    %add;
    %store/vec4 v000002a62dde48c0_0, 0, 64;
    %jmp T_50.9;
T_50.7 ;
    %pushi/vec4 0, 0, 64;
    %store/vec4 v000002a62dde48c0_0, 0, 64;
    %jmp T_50.9;
T_50.9 ;
    %pop/vec4 1;
    %jmp T_50;
    .thread T_50, $push;
    .scope S_000002a62ddeaa30;
T_51 ;
    %wait E_000002a62dd43220;
    %load/vec4 v000002a62dde5040_0;
    %dup/vec4;
    %pushi/vec4 0, 0, 3;
    %cmp/u;
    %jmp/1 T_51.0, 6;
    %dup/vec4;
    %pushi/vec4 1, 0, 3;
    %cmp/u;
    %jmp/1 T_51.1, 6;
    %dup/vec4;
    %pushi/vec4 2, 0, 3;
    %cmp/u;
    %jmp/1 T_51.2, 6;
    %dup/vec4;
    %pushi/vec4 3, 0, 3;
    %cmp/u;
    %jmp/1 T_51.3, 6;
    %dup/vec4;
    %pushi/vec4 4, 0, 3;
    %cmp/u;
    %jmp/1 T_51.4, 6;
    %dup/vec4;
    %pushi/vec4 5, 0, 3;
    %cmp/u;
    %jmp/1 T_51.5, 6;
    %dup/vec4;
    %pushi/vec4 6, 0, 3;
    %cmp/u;
    %jmp/1 T_51.6, 6;
    %dup/vec4;
    %pushi/vec4 7, 0, 3;
    %cmp/u;
    %jmp/1 T_51.7, 6;
    %pushi/vec4 0, 0, 64;
    %store/vec4 v000002a62dde3600_0, 0, 64;
    %jmp T_51.9;
T_51.0 ;
    %pushi/vec4 0, 0, 64;
    %store/vec4 v000002a62dde3600_0, 0, 64;
    %jmp T_51.9;
T_51.1 ;
    %load/vec4 v000002a62dde5220_0;
    %store/vec4 v000002a62dde3600_0, 0, 64;
    %jmp T_51.9;
T_51.2 ;
    %load/vec4 v000002a62dde5220_0;
    %store/vec4 v000002a62dde3600_0, 0, 64;
    %jmp T_51.9;
T_51.3 ;
    %load/vec4 v000002a62dde4d20_0;
    %store/vec4 v000002a62dde3600_0, 0, 64;
    %jmp T_51.9;
T_51.4 ;
    %load/vec4 v000002a62dde4d20_0;
    %inv;
    %pushi/vec4 1, 0, 64;
    %add;
    %store/vec4 v000002a62dde3600_0, 0, 64;
    %jmp T_51.9;
T_51.5 ;
    %load/vec4 v000002a62dde5220_0;
    %inv;
    %pushi/vec4 1, 0, 64;
    %add;
    %store/vec4 v000002a62dde3600_0, 0, 64;
    %jmp T_51.9;
T_51.6 ;
    %load/vec4 v000002a62dde5220_0;
    %inv;
    %pushi/vec4 1, 0, 64;
    %add;
    %store/vec4 v000002a62dde3600_0, 0, 64;
    %jmp T_51.9;
T_51.7 ;
    %pushi/vec4 0, 0, 64;
    %store/vec4 v000002a62dde3600_0, 0, 64;
    %jmp T_51.9;
T_51.9 ;
    %pop/vec4 1;
    %jmp T_51;
    .thread T_51, $push;
    .scope S_000002a62ddead50;
T_52 ;
    %wait E_000002a62dd432e0;
    %load/vec4 v000002a62dde3920_0;
    %cmpi/e 0, 0, 32;
    %jmp/0xz  T_52.0, 4;
    %pushi/vec4 4294967295, 0, 32;
    %store/vec4 v000002a62dde46e0_0, 0, 32;
    %load/vec4 v000002a62dde36a0_0;
    %store/vec4 v000002a62dde4000_0, 0, 32;
    %jmp T_52.1;
T_52.0 ;
    %pushi/vec4 0, 0, 32;
    %load/vec4 v000002a62dde36a0_0;
    %concat/vec4; draw_concat_vec4
    %store/vec4 v000002a62dde5c20_0, 0, 64;
    %load/vec4 v000002a62dde3920_0;
    %store/vec4 v000002a62dde3e20_0, 0, 32;
    %pushi/vec4 0, 0, 32;
    %store/vec4 v000002a62dde4140_0, 0, 32;
T_52.2 ;
    %load/vec4 v000002a62dde4140_0;
    %cmpi/s 32, 0, 32;
    %jmp/0xz T_52.3, 5;
    %load/vec4 v000002a62dde5c20_0;
    %ix/load 4, 1, 0;
    %flag_set/imm 4, 0;
    %shiftl 4;
    %store/vec4 v000002a62dde5c20_0, 0, 64;
    %load/vec4 v000002a62dde5c20_0;
    %parti/s 1, 63, 7;
    %flag_set/vec4 8;
    %jmp/0xz  T_52.4, 8;
    %load/vec4 v000002a62dde5c20_0;
    %parti/s 32, 32, 7;
    %load/vec4 v000002a62dde3e20_0;
    %add;
    %ix/load 4, 32, 0;
    %flag_set/imm 4, 0;
    %store/vec4 v000002a62dde5c20_0, 4, 32;
    %jmp T_52.5;
T_52.4 ;
    %load/vec4 v000002a62dde5c20_0;
    %parti/s 32, 32, 7;
    %load/vec4 v000002a62dde3e20_0;
    %sub;
    %ix/load 4, 32, 0;
    %flag_set/imm 4, 0;
    %store/vec4 v000002a62dde5c20_0, 4, 32;
T_52.5 ;
    %load/vec4 v000002a62dde5c20_0;
    %parti/s 1, 63, 7;
    %flag_set/vec4 8;
    %jmp/0xz  T_52.6, 8;
    %pushi/vec4 0, 0, 1;
    %ix/load 4, 0, 0;
    %flag_set/imm 4, 0;
    %store/vec4 v000002a62dde5c20_0, 4, 1;
    %jmp T_52.7;
T_52.6 ;
    %pushi/vec4 1, 0, 1;
    %ix/load 4, 0, 0;
    %flag_set/imm 4, 0;
    %store/vec4 v000002a62dde5c20_0, 4, 1;
T_52.7 ;
    %load/vec4 v000002a62dde4140_0;
    %addi 1, 0, 32;
    %store/vec4 v000002a62dde4140_0, 0, 32;
    %jmp T_52.2;
T_52.3 ;
    %load/vec4 v000002a62dde5c20_0;
    %parti/s 1, 63, 7;
    %flag_set/vec4 8;
    %jmp/0xz  T_52.8, 8;
    %load/vec4 v000002a62dde5c20_0;
    %parti/s 32, 32, 7;
    %load/vec4 v000002a62dde3e20_0;
    %add;
    %store/vec4 v000002a62dde4000_0, 0, 32;
    %jmp T_52.9;
T_52.8 ;
    %load/vec4 v000002a62dde5c20_0;
    %parti/s 32, 32, 7;
    %store/vec4 v000002a62dde4000_0, 0, 32;
T_52.9 ;
    %load/vec4 v000002a62dde5c20_0;
    %parti/s 32, 0, 2;
    %store/vec4 v000002a62dde46e0_0, 0, 32;
T_52.1 ;
    %jmp T_52;
    .thread T_52, $push;
    .scope S_000002a62d9a3d60;
T_53 ;
    %wait E_000002a62dd40a60;
    %pushi/vec4 0, 0, 1;
    %store/vec4 v000002a62de24380_0, 0, 1;
    %load/vec4 v000002a62de24e20_0;
    %dup/vec4;
    %pushi/vec4 0, 0, 5;
    %cmp/u;
    %jmp/1 T_53.0, 6;
    %dup/vec4;
    %pushi/vec4 1, 0, 5;
    %cmp/u;
    %jmp/1 T_53.1, 6;
    %dup/vec4;
    %pushi/vec4 2, 0, 5;
    %cmp/u;
    %jmp/1 T_53.2, 6;
    %dup/vec4;
    %pushi/vec4 3, 0, 5;
    %cmp/u;
    %jmp/1 T_53.3, 6;
    %dup/vec4;
    %pushi/vec4 4, 0, 5;
    %cmp/u;
    %jmp/1 T_53.4, 6;
    %dup/vec4;
    %pushi/vec4 5, 0, 5;
    %cmp/u;
    %jmp/1 T_53.5, 6;
    %dup/vec4;
    %pushi/vec4 6, 0, 5;
    %cmp/u;
    %jmp/1 T_53.6, 6;
    %dup/vec4;
    %pushi/vec4 7, 0, 5;
    %cmp/u;
    %jmp/1 T_53.7, 6;
    %dup/vec4;
    %pushi/vec4 8, 0, 5;
    %cmp/u;
    %jmp/1 T_53.8, 6;
    %dup/vec4;
    %pushi/vec4 9, 0, 5;
    %cmp/u;
    %jmp/1 T_53.9, 6;
    %dup/vec4;
    %pushi/vec4 10, 0, 5;
    %cmp/u;
    %jmp/1 T_53.10, 6;
    %dup/vec4;
    %pushi/vec4 11, 0, 5;
    %cmp/u;
    %jmp/1 T_53.11, 6;
    %dup/vec4;
    %pushi/vec4 12, 0, 5;
    %cmp/u;
    %jmp/1 T_53.12, 6;
    %pushi/vec4 0, 0, 64;
    %store/vec4 v000002a62de25140_0, 0, 64;
    %jmp T_53.14;
T_53.0 ;
    %pushi/vec4 0, 0, 32;
    %load/vec4 v000002a62de26360_0;
    %concat/vec4; draw_concat_vec4
    %store/vec4 v000002a62de25140_0, 0, 64;
    %load/vec4 v000002a62de25dc0_0;
    %store/vec4 v000002a62de24380_0, 0, 1;
    %jmp T_53.14;
T_53.1 ;
    %pushi/vec4 0, 0, 32;
    %load/vec4 v000002a62de26720_0;
    %concat/vec4; draw_concat_vec4
    %store/vec4 v000002a62de25140_0, 0, 64;
    %load/vec4 v000002a62de244c0_0;
    %store/vec4 v000002a62de24380_0, 0, 1;
    %jmp T_53.14;
T_53.2 ;
    %load/vec4 v000002a62de24f60_0;
    %store/vec4 v000002a62de25140_0, 0, 64;
    %jmp T_53.14;
T_53.3 ;
    %load/vec4 v000002a62de255a0_0;
    %load/vec4 v000002a62de24100_0;
    %concat/vec4; draw_concat_vec4
    %store/vec4 v000002a62de25140_0, 0, 64;
    %jmp T_53.14;
T_53.4 ;
    %pushi/vec4 0, 0, 32;
    %load/vec4 v000002a62de26860_0;
    %load/vec4 v000002a62de24420_0;
    %and;
    %concat/vec4; draw_concat_vec4
    %store/vec4 v000002a62de25140_0, 0, 64;
    %jmp T_53.14;
T_53.5 ;
    %pushi/vec4 0, 0, 32;
    %load/vec4 v000002a62de26860_0;
    %load/vec4 v000002a62de24420_0;
    %or;
    %concat/vec4; draw_concat_vec4
    %store/vec4 v000002a62de25140_0, 0, 64;
    %jmp T_53.14;
T_53.6 ;
    %pushi/vec4 0, 0, 32;
    %load/vec4 v000002a62de24420_0;
    %inv;
    %concat/vec4; draw_concat_vec4
    %store/vec4 v000002a62de25140_0, 0, 64;
    %jmp T_53.14;
T_53.7 ;
    %pushi/vec4 0, 0, 32;
    %load/vec4 v000002a62de26400_0;
    %concat/vec4; draw_concat_vec4
    %store/vec4 v000002a62de25140_0, 0, 64;
    %jmp T_53.14;
T_53.8 ;
    %pushi/vec4 0, 0, 32;
    %load/vec4 v000002a62de26680_0;
    %concat/vec4; draw_concat_vec4
    %store/vec4 v000002a62de25140_0, 0, 64;
    %jmp T_53.14;
T_53.9 ;
    %pushi/vec4 0, 0, 32;
    %load/vec4 v000002a62de26040_0;
    %concat/vec4; draw_concat_vec4
    %store/vec4 v000002a62de25140_0, 0, 64;
    %jmp T_53.14;
T_53.10 ;
    %pushi/vec4 0, 0, 32;
    %load/vec4 v000002a62de25b40_0;
    %concat/vec4; draw_concat_vec4
    %store/vec4 v000002a62de25140_0, 0, 64;
    %jmp T_53.14;
T_53.11 ;
    %pushi/vec4 0, 0, 32;
    %load/vec4 v000002a62de264a0_0;
    %concat/vec4; draw_concat_vec4
    %store/vec4 v000002a62de25140_0, 0, 64;
    %jmp T_53.14;
T_53.12 ;
    %pushi/vec4 0, 0, 32;
    %load/vec4 v000002a62de25640_0;
    %concat/vec4; draw_concat_vec4
    %store/vec4 v000002a62de25140_0, 0, 64;
    %jmp T_53.14;
T_53.14 ;
    %pop/vec4 1;
    %jmp T_53;
    .thread T_53, $push;
    .scope S_000002a62de49d10;
T_54 ;
    %wait E_000002a62dd41020;
    %load/vec4 v000002a62de390b0_0;
    %flag_set/vec4 8;
    %jmp/0xz  T_54.0, 8;
    %pushi/vec4 0, 0, 32;
    %assign/vec4 v000002a62de38ed0_0, 0;
    %jmp T_54.1;
T_54.0 ;
    %load/vec4 v000002a62de38cf0_0;
    %flag_set/vec4 8;
    %jmp/0xz  T_54.2, 8;
    %load/vec4 v000002a62de3ae10_0;
    %assign/vec4 v000002a62de38ed0_0, 0;
T_54.2 ;
T_54.1 ;
    %jmp T_54;
    .thread T_54;
    .scope S_000002a62de31fc0;
T_55 ;
    %wait E_000002a62dd41020;
    %load/vec4 v000002a62de3bf90_0;
    %flag_set/vec4 8;
    %jmp/0xz  T_55.0, 8;
    %pushi/vec4 0, 0, 32;
    %assign/vec4 v000002a62de3be50_0, 0;
    %jmp T_55.1;
T_55.0 ;
    %load/vec4 v000002a62de3cad0_0;
    %flag_set/vec4 8;
    %jmp/0xz  T_55.2, 8;
    %load/vec4 v000002a62de3d7f0_0;
    %assign/vec4 v000002a62de3be50_0, 0;
T_55.2 ;
T_55.1 ;
    %jmp T_55;
    .thread T_55;
    .scope S_000002a62de31e30;
T_56 ;
    %wait E_000002a62dd43d20;
    %load/vec4 v000002a62de24d80_0;
    %dup/vec4;
    %pushi/vec4 0, 0, 5;
    %cmp/u;
    %jmp/1 T_56.0, 6;
    %dup/vec4;
    %pushi/vec4 1, 0, 5;
    %cmp/u;
    %jmp/1 T_56.1, 6;
    %dup/vec4;
    %pushi/vec4 2, 0, 5;
    %cmp/u;
    %jmp/1 T_56.2, 6;
    %dup/vec4;
    %pushi/vec4 3, 0, 5;
    %cmp/u;
    %jmp/1 T_56.3, 6;
    %dup/vec4;
    %pushi/vec4 4, 0, 5;
    %cmp/u;
    %jmp/1 T_56.4, 6;
    %dup/vec4;
    %pushi/vec4 5, 0, 5;
    %cmp/u;
    %jmp/1 T_56.5, 6;
    %dup/vec4;
    %pushi/vec4 6, 0, 5;
    %cmp/u;
    %jmp/1 T_56.6, 6;
    %dup/vec4;
    %pushi/vec4 7, 0, 5;
    %cmp/u;
    %jmp/1 T_56.7, 6;
    %dup/vec4;
    %pushi/vec4 8, 0, 5;
    %cmp/u;
    %jmp/1 T_56.8, 6;
    %dup/vec4;
    %pushi/vec4 9, 0, 5;
    %cmp/u;
    %jmp/1 T_56.9, 6;
    %dup/vec4;
    %pushi/vec4 10, 0, 5;
    %cmp/u;
    %jmp/1 T_56.10, 6;
    %dup/vec4;
    %pushi/vec4 11, 0, 5;
    %cmp/u;
    %jmp/1 T_56.11, 6;
    %dup/vec4;
    %pushi/vec4 12, 0, 5;
    %cmp/u;
    %jmp/1 T_56.12, 6;
    %dup/vec4;
    %pushi/vec4 13, 0, 5;
    %cmp/u;
    %jmp/1 T_56.13, 6;
    %dup/vec4;
    %pushi/vec4 14, 0, 5;
    %cmp/u;
    %jmp/1 T_56.14, 6;
    %dup/vec4;
    %pushi/vec4 15, 0, 5;
    %cmp/u;
    %jmp/1 T_56.15, 6;
    %dup/vec4;
    %pushi/vec4 16, 0, 5;
    %cmp/u;
    %jmp/1 T_56.16, 6;
    %dup/vec4;
    %pushi/vec4 17, 0, 5;
    %cmp/u;
    %jmp/1 T_56.17, 6;
    %dup/vec4;
    %pushi/vec4 18, 0, 5;
    %cmp/u;
    %jmp/1 T_56.18, 6;
    %dup/vec4;
    %pushi/vec4 19, 0, 5;
    %cmp/u;
    %jmp/1 T_56.19, 6;
    %dup/vec4;
    %pushi/vec4 20, 0, 5;
    %cmp/u;
    %jmp/1 T_56.20, 6;
    %dup/vec4;
    %pushi/vec4 21, 0, 5;
    %cmp/u;
    %jmp/1 T_56.21, 6;
    %dup/vec4;
    %pushi/vec4 22, 0, 5;
    %cmp/u;
    %jmp/1 T_56.22, 6;
    %dup/vec4;
    %pushi/vec4 23, 0, 5;
    %cmp/u;
    %jmp/1 T_56.23, 6;
    %pushi/vec4 0, 0, 32;
    %store/vec4 v000002a62de24600_0, 0, 32;
    %jmp T_56.25;
T_56.0 ;
    %load/vec4 v000002a62de24880_0;
    %store/vec4 v000002a62de24600_0, 0, 32;
    %jmp T_56.25;
T_56.1 ;
    %load/vec4 v000002a62de25460_0;
    %store/vec4 v000002a62de24600_0, 0, 32;
    %jmp T_56.25;
T_56.2 ;
    %load/vec4 v000002a62de24a60_0;
    %store/vec4 v000002a62de24600_0, 0, 32;
    %jmp T_56.25;
T_56.3 ;
    %load/vec4 v000002a62de25820_0;
    %store/vec4 v000002a62de24600_0, 0, 32;
    %jmp T_56.25;
T_56.4 ;
    %load/vec4 v000002a62de24ba0_0;
    %store/vec4 v000002a62de24600_0, 0, 32;
    %jmp T_56.25;
T_56.5 ;
    %load/vec4 v000002a62de25aa0_0;
    %store/vec4 v000002a62de24600_0, 0, 32;
    %jmp T_56.25;
T_56.6 ;
    %load/vec4 v000002a62de24c40_0;
    %store/vec4 v000002a62de24600_0, 0, 32;
    %jmp T_56.25;
T_56.7 ;
    %load/vec4 v000002a62de25be0_0;
    %store/vec4 v000002a62de24600_0, 0, 32;
    %jmp T_56.25;
T_56.8 ;
    %load/vec4 v000002a62de25d20_0;
    %store/vec4 v000002a62de24600_0, 0, 32;
    %jmp T_56.25;
T_56.9 ;
    %load/vec4 v000002a62de25e60_0;
    %store/vec4 v000002a62de24600_0, 0, 32;
    %jmp T_56.25;
T_56.10 ;
    %load/vec4 v000002a62de25280_0;
    %store/vec4 v000002a62de24600_0, 0, 32;
    %jmp T_56.25;
T_56.11 ;
    %load/vec4 v000002a62de24b00_0;
    %store/vec4 v000002a62de24600_0, 0, 32;
    %jmp T_56.25;
T_56.12 ;
    %load/vec4 v000002a62de25320_0;
    %store/vec4 v000002a62de24600_0, 0, 32;
    %jmp T_56.25;
T_56.13 ;
    %load/vec4 v000002a62de253c0_0;
    %store/vec4 v000002a62de24600_0, 0, 32;
    %jmp T_56.25;
T_56.14 ;
    %load/vec4 v000002a62de249c0_0;
    %store/vec4 v000002a62de24600_0, 0, 32;
    %jmp T_56.25;
T_56.15 ;
    %load/vec4 v000002a62de25960_0;
    %store/vec4 v000002a62de24600_0, 0, 32;
    %jmp T_56.25;
T_56.16 ;
    %load/vec4 v000002a62de251e0_0;
    %store/vec4 v000002a62de24600_0, 0, 32;
    %jmp T_56.25;
T_56.17 ;
    %load/vec4 v000002a62de25c80_0;
    %store/vec4 v000002a62de24600_0, 0, 32;
    %jmp T_56.25;
T_56.18 ;
    %load/vec4 v000002a62de25f00_0;
    %store/vec4 v000002a62de24600_0, 0, 32;
    %jmp T_56.25;
T_56.19 ;
    %load/vec4 v000002a62de25fa0_0;
    %store/vec4 v000002a62de24600_0, 0, 32;
    %jmp T_56.25;
T_56.20 ;
    %load/vec4 v000002a62de247e0_0;
    %store/vec4 v000002a62de24600_0, 0, 32;
    %jmp T_56.25;
T_56.21 ;
    %load/vec4 v000002a62de260e0_0;
    %store/vec4 v000002a62de24600_0, 0, 32;
    %jmp T_56.25;
T_56.22 ;
    %load/vec4 v000002a62de24920_0;
    %store/vec4 v000002a62de24600_0, 0, 32;
    %jmp T_56.25;
T_56.23 ;
    %load/vec4 v000002a62de246a0_0;
    %store/vec4 v000002a62de24600_0, 0, 32;
    %jmp T_56.25;
T_56.25 ;
    %pop/vec4 1;
    %jmp T_56;
    .thread T_56, $push;
    .scope S_000002a62dd762c0;
T_57 ;
    %wait E_000002a62dd41020;
    %load/vec4 v000002a62de5b6b0_0;
    %flag_set/vec4 8;
    %jmp/0xz  T_57.0, 8;
    %pushi/vec4 0, 0, 64;
    %assign/vec4 v000002a62de593b0_0, 0;
    %pushi/vec4 0, 0, 1;
    %assign/vec4 v000002a62de587d0_0, 0;
    %jmp T_57.1;
T_57.0 ;
    %load/vec4 v000002a62de5a170_0;
    %flag_set/vec4 8;
    %jmp/0xz  T_57.2, 8;
    %load/vec4 v000002a62de58870_0;
    %assign/vec4 v000002a62de593b0_0, 0;
    %load/vec4 v000002a62de58f50_0;
    %assign/vec4 v000002a62de587d0_0, 0;
T_57.2 ;
T_57.1 ;
    %jmp T_57;
    .thread T_57;
    .scope S_000002a62dd753b0;
T_58 ;
    %pushi/vec4 0, 0, 1;
    %store/vec4 v000002a62de5f8f0_0, 0, 1;
T_58.0 ;
    %delay 1000, 0;
    %load/vec4 v000002a62de5f8f0_0;
    %inv;
    %store/vec4 v000002a62de5f8f0_0, 0, 1;
    %jmp T_58.0;
    %end;
    .thread T_58;
    .scope S_000002a62dd753b0;
T_59 ;
    %pushi/vec4 0, 0, 32;
    %store/vec4 v000002a62de5d190_0, 0, 32;
T_59.0 ;
    %wait E_000002a62dd45fa0;
    %load/vec4 v000002a62de5d190_0;
    %addi 1, 0, 32;
    %store/vec4 v000002a62de5d190_0, 0, 32;
    %load/vec4 v000002a62de5d190_0;
    %cmpi/s 50000, 0, 32;
    %flag_or 5, 4; GT is !LE
    %flag_inv 5;
    %jmp/0xz  T_59.1, 5;
    %vpi_call 2 45 "$display", "TIMEOUT after %0d cycles", v000002a62de5d190_0 {0 0 0};
    %vpi_call 2 46 "$finish" {0 0 0};
T_59.1 ;
    %jmp T_59.0;
    %end;
    .thread T_59;
    .scope S_000002a62dd753b0;
T_60 ;
    %vpi_call 2 63 "$dumpfile", "cpu_tb.vcd" {0 0 0};
    %vpi_call 2 64 "$dumpvars", 32'sb00000000000000000000000000000000, S_000002a62dd753b0 {0 0 0};
    %pushi/vec4 0, 0, 32;
    %store/vec4 v000002a62de5db90_0, 0, 32;
    %pushi/vec4 0, 0, 1;
    %store/vec4 v000002a62de5ec70_0, 0, 1;
    %pushi/vec4 0, 0, 32; draw_string_vec4
    %pushi/vec4 0, 0, 32; draw_string_vec4
    %concat/vec4; draw_string_vec4
    %pushi/vec4 0, 0, 32; draw_string_vec4
    %concat/vec4; draw_string_vec4
    %pushi/vec4 109, 0, 32; draw_string_vec4
    %concat/vec4; draw_string_vec4
    %pushi/vec4 1701670770, 0, 32; draw_string_vec4
    %concat/vec4; draw_string_vec4
    %pushi/vec4 2036294245, 0, 32; draw_string_vec4
    %concat/vec4; draw_string_vec4
    %pushi/vec4 1718579813, 0, 32; draw_string_vec4
    %concat/vec4; draw_string_vec4
    %pushi/vec4 778593656, 0, 32; draw_string_vec4
    %concat/vec4; draw_string_vec4
    %store/vec4 v000002a62de5af30_0, 0, 256;
    %fork TD_cpu_tb.dump_memory, S_000002a62de4b480;
    %join;
    %vpi_call 2 69 "$display", "Memory dumped to memory_before.hex" {0 0 0};
    %pushi/vec4 1, 0, 1;
    %store/vec4 v000002a62de5d870_0, 0, 1;
    %pushi/vec4 3, 0, 32;
T_60.0 %dup/vec4;
    %pushi/vec4 0, 0, 32;
    %cmp/s;
    %jmp/1xz T_60.1, 5;
    %jmp/1 T_60.1, 4;
    %pushi/vec4 1, 0, 32;
    %sub;
    %wait E_000002a62dd45fa0;
    %jmp T_60.0;
T_60.1 ;
    %pop/vec4 1;
    %delay 100, 0;
    %pushi/vec4 0, 0, 1;
    %store/vec4 v000002a62de5d870_0, 0, 1;
    %wait E_000002a62dd40720;
    %pushi/vec4 2, 0, 32;
T_60.2 %dup/vec4;
    %pushi/vec4 0, 0, 32;
    %cmp/s;
    %jmp/1xz T_60.3, 5;
    %jmp/1 T_60.3, 4;
    %pushi/vec4 1, 0, 32;
    %sub;
    %wait E_000002a62dd45fa0;
    %jmp T_60.2;
T_60.3 ;
    %pop/vec4 1;
    %vpi_call 2 77 "$display", "=======================================================" {0 0 0};
    %vpi_call 2 78 "$display", "  Phase 3 Program Complete  (%0d cycles)", v000002a62de5d190_0 {0 0 0};
    %vpi_call 2 79 "$display", "=======================================================" {0 0 0};
    %vpi_call 2 80 "$display", "  PC  = 0x%08h", v000002a62de5f7b0_0 {0 0 0};
    %vpi_call 2 81 "$display", "  IR  = 0x%08h", v000002a62de5ebd0_0 {0 0 0};
    %vpi_call 2 82 "$display", "  MAR = 0x%08h", v000002a62de5e6d0_0 {0 0 0};
    %vpi_call 2 83 "$display", "  MDR = 0x%08h", v000002a62de5e590_0 {0 0 0};
    %vpi_call 2 84 "$display", "-------------------------------------------------------" {0 0 0};
    %vpi_call 2 85 "$display", "  R0  = 0x%08h   (exp 0x00000614)", v000002a62de561b0_0 {0 0 0};
    %vpi_call 2 86 "$display", "  R1  = 0x%08h   (exp 0x00000000)", v000002a62de57970_0 {0 0 0};
    %vpi_call 2 87 "$display", "  R2  = 0x%08h   (exp 0x00000004)", v000002a62de571f0_0 {0 0 0};
    %vpi_call 2 88 "$display", "  R3  = 0x%08h   (exp 0x00000019)", v000002a62de55df0_0 {0 0 0};
    %vpi_call 2 89 "$display", "  R4  = 0x%08h   (exp 0x00006800)", v000002a62de566b0_0 {0 0 0};
    %vpi_call 2 90 "$display", "  R5  = 0x%08h   (exp 0x00000680)", v000002a62de57330_0 {0 0 0};
    %vpi_call 2 91 "$display", "  R6  = 0x%08h   (exp 0x000000AF)", v000002a62de580f0_0 {0 0 0};
    %vpi_call 2 92 "$display", "  R7  = 0x%08h   (exp 0x00000007)", v000002a62de57a10_0 {0 0 0};
    %vpi_call 2 93 "$display", "  R8  = 0x%08h   (exp 0x00000009)", v000002a62de57ab0_0 {0 0 0};
    %vpi_call 2 94 "$display", "  R9  = 0x%08h   (exp 0x00000015)", v000002a62de57650_0 {0 0 0};
    %vpi_call 2 95 "$display", "  R10 = 0x%08h   (exp 0x000000B2)", v000002a62de573d0_0 {0 0 0};
    %vpi_call 2 96 "$display", "  R11 = 0x%08h   (exp 0x00000005)", v000002a62de58050_0 {0 0 0};
    %vpi_call 2 97 "$display", "  R12 = 0x%08h   (exp 0x00000029)", v000002a62de57150_0 {0 0 0};
    %vpi_call 2 98 "$display", "  R13 = 0x%08h   (exp 0x00000010)", v000002a62de56c50_0 {0 0 0};
    %vpi_call 2 99 "$display", "  R14 = 0x%08h   (exp 0x000000AB)", v000002a62de57e70_0 {0 0 0};
    %vpi_call 2 100 "$display", "  R15 = 0x%08h   (exp 0x00000000)", v000002a62de56a70_0 {0 0 0};
    %vpi_call 2 101 "$display", "  HI  = 0x%08h   (exp 0x00000004)", v000002a62de5e9f0_0 {0 0 0};
    %vpi_call 2 102 "$display", "  LO  = 0x%08h   (exp 0x00000003)", v000002a62de5d550_0 {0 0 0};
    %vpi_call 2 103 "$display", "-------------------------------------------------------" {0 0 0};
    %vpi_call 2 104 "$display", "  mem[0x089] = 0x%08h   (exp 0x0000006C)", &A<v000002a62de557b0, 137> {0 0 0};
    %vpi_call 2 105 "$display", "  mem[0x0A3] = 0x%08h   (exp 0x00000008)", &A<v000002a62de557b0, 163> {0 0 0};
    %vpi_call 2 106 "$display", "=======================================================" {0 0 0};
    %fork t_1, S_000002a62de4b2f0;
    %jmp t_0;
    .scope S_000002a62de4b2f0;
t_1 ;
    %pushi/vec4 1, 0, 1;
    %store/vec4 v000002a62de5aad0_0, 0, 1;
    %load/vec4 v000002a62de561b0_0;
    %cmpi/ne 1556, 0, 32;
    %jmp/0xz  T_60.4, 6;
    %vpi_call 2 111 "$display", "  FAIL R0" {0 0 0};
    %pushi/vec4 0, 0, 1;
    %store/vec4 v000002a62de5aad0_0, 0, 1;
T_60.4 ;
    %load/vec4 v000002a62de57970_0;
    %cmpi/ne 0, 0, 32;
    %jmp/0xz  T_60.6, 6;
    %vpi_call 2 112 "$display", "  FAIL R1" {0 0 0};
    %pushi/vec4 0, 0, 1;
    %store/vec4 v000002a62de5aad0_0, 0, 1;
T_60.6 ;
    %load/vec4 v000002a62de571f0_0;
    %cmpi/ne 4, 0, 32;
    %jmp/0xz  T_60.8, 6;
    %vpi_call 2 113 "$display", "  FAIL R2" {0 0 0};
    %pushi/vec4 0, 0, 1;
    %store/vec4 v000002a62de5aad0_0, 0, 1;
T_60.8 ;
    %load/vec4 v000002a62de55df0_0;
    %cmpi/ne 25, 0, 32;
    %jmp/0xz  T_60.10, 6;
    %vpi_call 2 114 "$display", "  FAIL R3" {0 0 0};
    %pushi/vec4 0, 0, 1;
    %store/vec4 v000002a62de5aad0_0, 0, 1;
T_60.10 ;
    %load/vec4 v000002a62de566b0_0;
    %cmpi/ne 26624, 0, 32;
    %jmp/0xz  T_60.12, 6;
    %vpi_call 2 115 "$display", "  FAIL R4" {0 0 0};
    %pushi/vec4 0, 0, 1;
    %store/vec4 v000002a62de5aad0_0, 0, 1;
T_60.12 ;
    %load/vec4 v000002a62de57330_0;
    %cmpi/ne 1664, 0, 32;
    %jmp/0xz  T_60.14, 6;
    %vpi_call 2 116 "$display", "  FAIL R5" {0 0 0};
    %pushi/vec4 0, 0, 1;
    %store/vec4 v000002a62de5aad0_0, 0, 1;
T_60.14 ;
    %load/vec4 v000002a62de580f0_0;
    %cmpi/ne 175, 0, 32;
    %jmp/0xz  T_60.16, 6;
    %vpi_call 2 117 "$display", "  FAIL R6" {0 0 0};
    %pushi/vec4 0, 0, 1;
    %store/vec4 v000002a62de5aad0_0, 0, 1;
T_60.16 ;
    %load/vec4 v000002a62de57a10_0;
    %cmpi/ne 7, 0, 32;
    %jmp/0xz  T_60.18, 6;
    %vpi_call 2 118 "$display", "  FAIL R7" {0 0 0};
    %pushi/vec4 0, 0, 1;
    %store/vec4 v000002a62de5aad0_0, 0, 1;
T_60.18 ;
    %load/vec4 v000002a62de57ab0_0;
    %cmpi/ne 9, 0, 32;
    %jmp/0xz  T_60.20, 6;
    %vpi_call 2 119 "$display", "  FAIL R8" {0 0 0};
    %pushi/vec4 0, 0, 1;
    %store/vec4 v000002a62de5aad0_0, 0, 1;
T_60.20 ;
    %load/vec4 v000002a62de57650_0;
    %cmpi/ne 21, 0, 32;
    %jmp/0xz  T_60.22, 6;
    %vpi_call 2 120 "$display", "  FAIL R9" {0 0 0};
    %pushi/vec4 0, 0, 1;
    %store/vec4 v000002a62de5aad0_0, 0, 1;
T_60.22 ;
    %load/vec4 v000002a62de573d0_0;
    %cmpi/ne 178, 0, 32;
    %jmp/0xz  T_60.24, 6;
    %vpi_call 2 121 "$display", "  FAIL R10" {0 0 0};
    %pushi/vec4 0, 0, 1;
    %store/vec4 v000002a62de5aad0_0, 0, 1;
T_60.24 ;
    %load/vec4 v000002a62de58050_0;
    %cmpi/ne 5, 0, 32;
    %jmp/0xz  T_60.26, 6;
    %vpi_call 2 122 "$display", "  FAIL R11" {0 0 0};
    %pushi/vec4 0, 0, 1;
    %store/vec4 v000002a62de5aad0_0, 0, 1;
T_60.26 ;
    %load/vec4 v000002a62de57150_0;
    %cmpi/ne 41, 0, 32;
    %jmp/0xz  T_60.28, 6;
    %vpi_call 2 123 "$display", "  FAIL R12" {0 0 0};
    %pushi/vec4 0, 0, 1;
    %store/vec4 v000002a62de5aad0_0, 0, 1;
T_60.28 ;
    %load/vec4 v000002a62de56c50_0;
    %cmpi/ne 16, 0, 32;
    %jmp/0xz  T_60.30, 6;
    %vpi_call 2 124 "$display", "  FAIL R13" {0 0 0};
    %pushi/vec4 0, 0, 1;
    %store/vec4 v000002a62de5aad0_0, 0, 1;
T_60.30 ;
    %load/vec4 v000002a62de57e70_0;
    %cmpi/ne 171, 0, 32;
    %jmp/0xz  T_60.32, 6;
    %vpi_call 2 125 "$display", "  FAIL R14" {0 0 0};
    %pushi/vec4 0, 0, 1;
    %store/vec4 v000002a62de5aad0_0, 0, 1;
T_60.32 ;
    %load/vec4 v000002a62de56a70_0;
    %cmpi/ne 0, 0, 32;
    %jmp/0xz  T_60.34, 6;
    %vpi_call 2 126 "$display", "  FAIL R15" {0 0 0};
    %pushi/vec4 0, 0, 1;
    %store/vec4 v000002a62de5aad0_0, 0, 1;
T_60.34 ;
    %load/vec4 v000002a62de5e9f0_0;
    %cmpi/ne 4, 0, 32;
    %jmp/0xz  T_60.36, 6;
    %vpi_call 2 127 "$display", "  FAIL HI" {0 0 0};
    %pushi/vec4 0, 0, 1;
    %store/vec4 v000002a62de5aad0_0, 0, 1;
T_60.36 ;
    %load/vec4 v000002a62de5d550_0;
    %cmpi/ne 3, 0, 32;
    %jmp/0xz  T_60.38, 6;
    %vpi_call 2 128 "$display", "  FAIL LO" {0 0 0};
    %pushi/vec4 0, 0, 1;
    %store/vec4 v000002a62de5aad0_0, 0, 1;
T_60.38 ;
    %ix/load 4, 137, 0;
    %flag_set/imm 4, 0;
    %load/vec4a v000002a62de557b0, 4;
    %cmpi/ne 108, 0, 32;
    %jmp/0xz  T_60.40, 6;
    %vpi_call 2 129 "$display", "  FAIL mem[0x89]" {0 0 0};
    %pushi/vec4 0, 0, 1;
    %store/vec4 v000002a62de5aad0_0, 0, 1;
T_60.40 ;
    %ix/load 4, 163, 0;
    %flag_set/imm 4, 0;
    %load/vec4a v000002a62de557b0, 4;
    %cmpi/ne 8, 0, 32;
    %jmp/0xz  T_60.42, 6;
    %vpi_call 2 130 "$display", "  FAIL mem[0xA3]" {0 0 0};
    %pushi/vec4 0, 0, 1;
    %store/vec4 v000002a62de5aad0_0, 0, 1;
T_60.42 ;
    %load/vec4 v000002a62de5aad0_0;
    %flag_set/vec4 8;
    %jmp/0xz  T_60.44, 8;
    %vpi_call 2 131 "$display", "  >>> ALL CHECKS PASSED <<<" {0 0 0};
    %jmp T_60.45;
T_60.44 ;
    %vpi_call 2 132 "$display", "  >>> SOME CHECKS FAILED <<<" {0 0 0};
T_60.45 ;
    %end;
    .scope S_000002a62dd753b0;
t_0 %join;
    %pushi/vec4 0, 0, 32; draw_string_vec4
    %pushi/vec4 0, 0, 32; draw_string_vec4
    %concat/vec4; draw_string_vec4
    %pushi/vec4 0, 0, 32; draw_string_vec4
    %concat/vec4; draw_string_vec4
    %pushi/vec4 0, 0, 32; draw_string_vec4
    %concat/vec4; draw_string_vec4
    %pushi/vec4 1835363695, 0, 32; draw_string_vec4
    %concat/vec4; draw_string_vec4
    %pushi/vec4 1920556897, 0, 32; draw_string_vec4
    %concat/vec4; draw_string_vec4
    %pushi/vec4 1718904178, 0, 32; draw_string_vec4
    %concat/vec4; draw_string_vec4
    %pushi/vec4 778593656, 0, 32; draw_string_vec4
    %concat/vec4; draw_string_vec4
    %store/vec4 v000002a62de5af30_0, 0, 256;
    %fork TD_cpu_tb.dump_memory, S_000002a62de4b480;
    %join;
    %vpi_call 2 136 "$display", "Memory dumped to memory_after.hex" {0 0 0};
    %delay 2000, 0;
    %vpi_call 2 137 "$finish" {0 0 0};
    %end;
    .thread T_60;
# The file index is used to find the file name in the following table.
:file_names 20;
    "N/A";
    "<interactive>";
    "simulation/P3/cpu_tb.v";
    "rtl/cpu.v";
    "rtl/control_unit.v";
    "rtl/datapath_top.v";
    "rtl/alu.v";
    "rtl/booth_multiplier.v";
    "rtl/divider.v";
    "rtl/ripple_carry_adder.v";
    "rtl/barrel_shifter.v";
    "rtl/bus_mux.v";
    "rtl/con_ff.v";
    "rtl/select_encode.v";
    "rtl/io.v";
    "rtl/key_regs.v";
    "rtl/registers.v";
    "rtl/pc_reg.v";
    "rtl/mdr.v";
    "rtl/ram.v";
