#! /c/Source/iverilog-install/bin/vvp
:ivl_version "12.0 (devel)" "(s20150603-1539-g2693dd32b)";
:ivl_delay_selection "TYPICAL";
:vpi_time_precision - 11;
:vpi_module "C:\iverilog\lib\ivl\system.vpi";
:vpi_module "C:\iverilog\lib\ivl\vhdl_sys.vpi";
:vpi_module "C:\iverilog\lib\ivl\vhdl_textio.vpi";
:vpi_module "C:\iverilog\lib\ivl\v2005_math.vpi";
:vpi_module "C:\iverilog\lib\ivl\va_math.vpi";
S_0000025c73e8e130 .scope module, "cpu_tb" "cpu_tb" 2 3;
 .timescale -9 -11;
v0000025c73fa52c0_0 .var "clk", 0 0;
v0000025c73fa5360_0 .var/i "cycle_count", 31 0;
v0000025c73fa8a60_0 .var "device_in", 31 0;
v0000025c73fa81a0_0 .var/i "instr_count", 31 0;
v0000025c73fa98c0_0 .net "outport_val", 31 0, v0000025c73f875e0_0;  1 drivers
v0000025c73fa8060_0 .var "reset", 0 0;
v0000025c73fa9c80_0 .net "run", 0 0, v0000025c73e6a840_0;  1 drivers
v0000025c73fa9140_0 .var "stop", 0 0;
E_0000025c73e912c0 .event negedge, v0000025c73e6a840_0;
S_0000025c73a93ce0 .scope module, "DUT" "cpu" 2 10, 3 3 0, S_0000025c73e8e130;
 .timescale -9 -11;
    .port_info 0 /INPUT 1 "clk";
    .port_info 1 /INPUT 1 "reset";
    .port_info 2 /INPUT 1 "stop";
    .port_info 3 /INPUT 32 "device_in";
    .port_info 4 /OUTPUT 32 "outport_val";
    .port_info 5 /OUTPUT 1 "run";
v0000025c73fa7480_0 .net "BAout", 0 0, v0000025c73e6a3e0_0;  1 drivers
v0000025c73fa6620_0 .net "BusMuxOut", 31 0, v0000025c73f7a290_0;  1 drivers
v0000025c73fa6580_0 .net "Cout", 0 0, v0000025c73e6a660_0;  1 drivers
v0000025c73fa5d60_0 .net "Gra", 0 0, v0000025c73e6ab60_0;  1 drivers
v0000025c73fa6260_0 .net "Grb", 0 0, v0000025c73e6c640_0;  1 drivers
v0000025c73fa6a80_0 .net "Grc", 0 0, v0000025c73e6a7a0_0;  1 drivers
v0000025c73fa5860_0 .net "IncPC", 0 0, v0000025c73e6aac0_0;  1 drivers
v0000025c73fa55e0_0 .net "MDRin", 0 0, v0000025c73e6a480_0;  1 drivers
v0000025c73fa70c0_0 .net "Mdataout", 31 0, L_0000025c74017ac0;  1 drivers
v0000025c73fa5680_0 .net "Read", 0 0, v0000025c73e6c780_0;  1 drivers
v0000025c73fa59a0_0 .net "Rin", 0 0, v0000025c73e6bd80_0;  1 drivers
v0000025c73fa5540_0 .net "Rout", 0 0, v0000025c73e6ad40_0;  1 drivers
v0000025c73fa69e0_0 .net "Zin", 0 0, v0000025c73e6b9c0_0;  1 drivers
v0000025c73fa7840_0 .net "alu_op", 4 0, v0000025c73e6ade0_0;  1 drivers
v0000025c73fa5fe0_0 .net "bus_sel", 4 0, v0000025c73e6c8c0_0;  1 drivers
v0000025c73fa6080_0 .net "clk", 0 0, v0000025c73fa52c0_0;  1 drivers
v0000025c73fa78e0_0 .net "con", 0 0, v0000025c73f89c00_0;  1 drivers
v0000025c73fa72a0_0 .net "con_en", 0 0, v0000025c73e6c320_0;  1 drivers
v0000025c73fa6c60_0 .net "device_in", 31 0, v0000025c73fa8a60_0;  1 drivers
v0000025c73fa73e0_0 .net "hi_in", 0 0, v0000025c73e6aca0_0;  1 drivers
v0000025c73fa6120_0 .net "inport_in", 0 0, v0000025c73e6b240_0;  1 drivers
v0000025c73fa61c0_0 .net "ir_in", 0 0, v0000025c73e6c960_0;  1 drivers
v0000025c73fa7520_0 .net "ir_val", 31 0, v0000025c73f8a880_0;  1 drivers
v0000025c73fa75c0_0 .net "jal_r12_in", 0 0, v0000025c73e6a700_0;  1 drivers
v0000025c73fa6f80_0 .net "lo_in", 0 0, v0000025c73e6a340_0;  1 drivers
v0000025c73fa7340_0 .net "mar_in", 0 0, v0000025c73e6b6a0_0;  1 drivers
v0000025c73fa7660_0 .net "mar_val", 31 0, v0000025c73f88300_0;  1 drivers
v0000025c73fa63a0_0 .net "outport_in", 0 0, v0000025c73e6c820_0;  1 drivers
v0000025c73fa6b20_0 .net "outport_val", 31 0, v0000025c73f875e0_0;  alias, 1 drivers
v0000025c73fa6bc0_0 .net "pc_in", 0 0, v0000025c73e6c3c0_0;  1 drivers
v0000025c73fa5900_0 .net "pc_val", 31 0, v0000025c73f87400_0;  1 drivers
v0000025c73fa7020_0 .net "ram_in", 0 0, v0000025c73e6b740_0;  1 drivers
v0000025c73fa7700_0 .net "reset", 0 0, v0000025c73fa8060_0;  1 drivers
v0000025c73fa6300_0 .net "run", 0 0, v0000025c73e6a840_0;  alias, 1 drivers
v0000025c73fa66c0_0 .net "stop", 0 0, v0000025c73fa9140_0;  1 drivers
v0000025c73fa6da0_0 .net "y_in", 0 0, v0000025c73e6a980_0;  1 drivers
v0000025c73fa6e40_0 .net "y_val", 31 0, v0000025c73f86140_0;  1 drivers
v0000025c73fa77a0_0 .net "zhigh_out", 31 0, L_0000025c73e23960;  1 drivers
v0000025c73fa6ee0_0 .net "zlow_out", 31 0, L_0000025c73e23f80;  1 drivers
S_0000025c73a93e70 .scope module, "cu" "control_unit" 3 30, 4 3 0, S_0000025c73a93ce0;
 .timescale -9 -11;
    .port_info 0 /INPUT 1 "clk";
    .port_info 1 /INPUT 1 "reset";
    .port_info 2 /INPUT 1 "stop";
    .port_info 3 /INPUT 1 "con";
    .port_info 4 /INPUT 32 "IR";
    .port_info 5 /INPUT 32 "MDR";
    .port_info 6 /OUTPUT 5 "bus_sel";
    .port_info 7 /OUTPUT 1 "pc_in";
    .port_info 8 /OUTPUT 1 "IncPC";
    .port_info 9 /OUTPUT 1 "ir_in";
    .port_info 10 /OUTPUT 1 "y_in";
    .port_info 11 /OUTPUT 1 "mar_in";
    .port_info 12 /OUTPUT 1 "hi_in";
    .port_info 13 /OUTPUT 1 "lo_in";
    .port_info 14 /OUTPUT 1 "MDRin";
    .port_info 15 /OUTPUT 1 "Read";
    .port_info 16 /OUTPUT 1 "ram_in";
    .port_info 17 /OUTPUT 5 "alu_op";
    .port_info 18 /OUTPUT 1 "Zin";
    .port_info 19 /OUTPUT 1 "Gra";
    .port_info 20 /OUTPUT 1 "Grb";
    .port_info 21 /OUTPUT 1 "Grc";
    .port_info 22 /OUTPUT 1 "Rin";
    .port_info 23 /OUTPUT 1 "Rout";
    .port_info 24 /OUTPUT 1 "BAout";
    .port_info 25 /OUTPUT 1 "Cout";
    .port_info 26 /OUTPUT 1 "con_en";
    .port_info 27 /OUTPUT 1 "inport_in";
    .port_info 28 /OUTPUT 1 "outport_in";
    .port_info 29 /OUTPUT 1 "jal_r12_in";
    .port_info 30 /OUTPUT 1 "run";
P_0000025c73ebc740 .param/l "ALU_ADD" 1 4 53, C4<00000>;
P_0000025c73ebc778 .param/l "ALU_AND" 1 4 55, C4<00100>;
P_0000025c73ebc7b0 .param/l "ALU_DIV" 1 4 54, C4<00011>;
P_0000025c73ebc7e8 .param/l "ALU_MUL" 1 4 54, C4<00010>;
P_0000025c73ebc820 .param/l "ALU_NEG" 1 4 56, C4<00111>;
P_0000025c73ebc858 .param/l "ALU_NOT" 1 4 56, C4<00110>;
P_0000025c73ebc890 .param/l "ALU_OR" 1 4 55, C4<00101>;
P_0000025c73ebc8c8 .param/l "ALU_ROL" 1 4 58, C4<01100>;
P_0000025c73ebc900 .param/l "ALU_ROR" 1 4 58, C4<01011>;
P_0000025c73ebc938 .param/l "ALU_SHL" 1 4 58, C4<01010>;
P_0000025c73ebc970 .param/l "ALU_SHR" 1 4 57, C4<01000>;
P_0000025c73ebc9a8 .param/l "ALU_SHRA" 1 4 57, C4<01001>;
P_0000025c73ebc9e0 .param/l "ALU_SUB" 1 4 53, C4<00001>;
P_0000025c73ebca18 .param/l "BUS_C" 1 4 65, C4<10111>;
P_0000025c73ebca50 .param/l "BUS_HI" 1 4 62, C4<10000>;
P_0000025c73ebca88 .param/l "BUS_IN" 1 4 65, C4<10110>;
P_0000025c73ebcac0 .param/l "BUS_LO" 1 4 62, C4<10001>;
P_0000025c73ebcaf8 .param/l "BUS_MDR" 1 4 64, C4<10101>;
P_0000025c73ebcb30 .param/l "BUS_PC" 1 4 64, C4<10100>;
P_0000025c73ebcb68 .param/l "BUS_ZH" 1 4 63, C4<10010>;
P_0000025c73ebcba0 .param/l "BUS_ZL" 1 4 63, C4<10011>;
P_0000025c73ebcbd8 .param/l "OP_ADD" 1 4 35, C4<00000>;
P_0000025c73ebcc10 .param/l "OP_ADDI" 1 4 39, C4<01001>;
P_0000025c73ebcc48 .param/l "OP_AND" 1 4 36, C4<00010>;
P_0000025c73ebcc80 .param/l "OP_ANDI" 1 4 39, C4<01010>;
P_0000025c73ebccb8 .param/l "OP_BR" 1 4 43, C4<10101>;
P_0000025c73ebccf0 .param/l "OP_DIV" 1 4 40, C4<01100>;
P_0000025c73ebcd28 .param/l "OP_HALT" 1 4 46, C4<11011>;
P_0000025c73ebcd60 .param/l "OP_IN" 1 4 44, C4<10110>;
P_0000025c73ebcd98 .param/l "OP_JAL" 1 4 43, C4<10011>;
P_0000025c73ebcdd0 .param/l "OP_JR" 1 4 43, C4<10100>;
P_0000025c73ebce08 .param/l "OP_LD" 1 4 42, C4<10000>;
P_0000025c73ebce40 .param/l "OP_LDI" 1 4 42, C4<10001>;
P_0000025c73ebce78 .param/l "OP_MFHI" 1 4 45, C4<11000>;
P_0000025c73ebceb0 .param/l "OP_MFLO" 1 4 45, C4<11001>;
P_0000025c73ebcee8 .param/l "OP_MUL" 1 4 40, C4<01101>;
P_0000025c73ebcf20 .param/l "OP_NEG" 1 4 41, C4<01110>;
P_0000025c73ebcf58 .param/l "OP_NOP" 1 4 46, C4<11010>;
P_0000025c73ebcf90 .param/l "OP_NOT" 1 4 41, C4<01111>;
P_0000025c73ebcfc8 .param/l "OP_OR" 1 4 36, C4<00011>;
P_0000025c73ebd000 .param/l "OP_ORI" 1 4 39, C4<01011>;
P_0000025c73ebd038 .param/l "OP_OUT" 1 4 44, C4<10111>;
P_0000025c73ebd070 .param/l "OP_ROL" 1 4 38, C4<01000>;
P_0000025c73ebd0a8 .param/l "OP_ROR" 1 4 38, C4<00111>;
P_0000025c73ebd0e0 .param/l "OP_SHL" 1 4 38, C4<00110>;
P_0000025c73ebd118 .param/l "OP_SHR" 1 4 37, C4<00100>;
P_0000025c73ebd150 .param/l "OP_SHRA" 1 4 37, C4<00101>;
P_0000025c73ebd188 .param/l "OP_ST" 1 4 42, C4<10010>;
P_0000025c73ebd1c0 .param/l "OP_SUB" 1 4 35, C4<00001>;
P_0000025c73ebd1f8 .param/l "S_ALU2_T3" 1 4 74, C4<000111>;
P_0000025c73ebd230 .param/l "S_ALU2_T4" 1 4 74, C4<001000>;
P_0000025c73ebd268 .param/l "S_ALU3_T3" 1 4 73, C4<000100>;
P_0000025c73ebd2a0 .param/l "S_ALU3_T4" 1 4 73, C4<000101>;
P_0000025c73ebd2d8 .param/l "S_ALU3_T5" 1 4 73, C4<000110>;
P_0000025c73ebd310 .param/l "S_BR_T3" 1 4 83, C4<100001>;
P_0000025c73ebd348 .param/l "S_BR_T4" 1 4 83, C4<100010>;
P_0000025c73ebd380 .param/l "S_BR_T5" 1 4 83, C4<100011>;
P_0000025c73ebd3b8 .param/l "S_BR_T6" 1 4 83, C4<100100>;
P_0000025c73ebd3f0 .param/l "S_DIV_T3" 1 4 76, C4<001101>;
P_0000025c73ebd428 .param/l "S_DIV_T4" 1 4 76, C4<001110>;
P_0000025c73ebd460 .param/l "S_DIV_T5" 1 4 76, C4<001111>;
P_0000025c73ebd498 .param/l "S_DIV_T6" 1 4 76, C4<010000>;
P_0000025c73ebd4d0 .param/l "S_FETCH0" 1 4 70, C4<000001>;
P_0000025c73ebd508 .param/l "S_FETCH1" 1 4 71, C4<000010>;
P_0000025c73ebd540 .param/l "S_FETCH2" 1 4 72, C4<000011>;
P_0000025c73ebd578 .param/l "S_HALT" 1 4 90, C4<101110>;
P_0000025c73ebd5b0 .param/l "S_IMM_T3" 1 4 82, C4<011110>;
P_0000025c73ebd5e8 .param/l "S_IMM_T4" 1 4 82, C4<011111>;
P_0000025c73ebd620 .param/l "S_IMM_T5" 1 4 82, C4<100000>;
P_0000025c73ebd658 .param/l "S_IN_T3" 1 4 87, C4<101010>;
P_0000025c73ebd690 .param/l "S_IN_T4" 1 4 87, C4<101011>;
P_0000025c73ebd6c8 .param/l "S_JAL_T3" 1 4 85, C4<100110>;
P_0000025c73ebd700 .param/l "S_JAL_T4" 1 4 85, C4<100111>;
P_0000025c73ebd738 .param/l "S_JR_T3" 1 4 84, C4<100101>;
P_0000025c73ebd770 .param/l "S_LDI_T3" 1 4 79, C4<010110>;
P_0000025c73ebd7a8 .param/l "S_LDI_T4" 1 4 79, C4<010111>;
P_0000025c73ebd7e0 .param/l "S_LDI_T5" 1 4 79, C4<011000>;
P_0000025c73ebd818 .param/l "S_LD_T3" 1 4 77, C4<010001>;
P_0000025c73ebd850 .param/l "S_LD_T4" 1 4 77, C4<010010>;
P_0000025c73ebd888 .param/l "S_LD_T5" 1 4 77, C4<010011>;
P_0000025c73ebd8c0 .param/l "S_LD_T6" 1 4 78, C4<010100>;
P_0000025c73ebd8f8 .param/l "S_LD_T7" 1 4 78, C4<010101>;
P_0000025c73ebd930 .param/l "S_MFHI_T3" 1 4 86, C4<101000>;
P_0000025c73ebd968 .param/l "S_MFLO_T3" 1 4 86, C4<101001>;
P_0000025c73ebd9a0 .param/l "S_MUL_T3" 1 4 75, C4<001001>;
P_0000025c73ebd9d8 .param/l "S_MUL_T4" 1 4 75, C4<001010>;
P_0000025c73ebda10 .param/l "S_MUL_T5" 1 4 75, C4<001011>;
P_0000025c73ebda48 .param/l "S_MUL_T6" 1 4 75, C4<001100>;
P_0000025c73ebda80 .param/l "S_NOP_T3" 1 4 89, C4<101101>;
P_0000025c73ebdab8 .param/l "S_OUT_T3" 1 4 88, C4<101100>;
P_0000025c73ebdaf0 .param/l "S_RESET" 1 4 69, C4<000000>;
P_0000025c73ebdb28 .param/l "S_ST_T3" 1 4 80, C4<011001>;
P_0000025c73ebdb60 .param/l "S_ST_T4" 1 4 80, C4<011010>;
P_0000025c73ebdb98 .param/l "S_ST_T5" 1 4 80, C4<011011>;
P_0000025c73ebdbd0 .param/l "S_ST_T6" 1 4 81, C4<011100>;
P_0000025c73ebdc08 .param/l "S_ST_T7" 1 4 81, C4<011101>;
v0000025c73e6a3e0_0 .var "BAout", 0 0;
v0000025c73e6a660_0 .var "Cout", 0 0;
v0000025c73e6ab60_0 .var "Gra", 0 0;
v0000025c73e6c640_0 .var "Grb", 0 0;
v0000025c73e6a7a0_0 .var "Grc", 0 0;
v0000025c73e6be20_0 .net "IR", 31 0, v0000025c73f8a880_0;  alias, 1 drivers
v0000025c73e6aac0_0 .var "IncPC", 0 0;
v0000025c73e6bce0_0 .net "MDR", 31 0, L_0000025c74017ac0;  alias, 1 drivers
v0000025c73e6a480_0 .var "MDRin", 0 0;
v0000025c73e6c780_0 .var "Read", 0 0;
v0000025c73e6bd80_0 .var "Rin", 0 0;
v0000025c73e6ad40_0 .var "Rout", 0 0;
v0000025c73e6b9c0_0 .var "Zin", 0 0;
L_0000025c73fb88e8 .functor BUFT 1, C4<000011>, C4<0>, C4<0>, C4<0>;
v0000025c73e6b600_0 .net/2u *"_ivl_0", 5 0, L_0000025c73fb88e8;  1 drivers
v0000025c73e6c140_0 .net *"_ivl_2", 0 0, L_0000025c73fa96e0;  1 drivers
v0000025c73e6ac00_0 .net *"_ivl_5", 4 0, L_0000025c73fa9500;  1 drivers
v0000025c73e6a520_0 .net *"_ivl_7", 4 0, L_0000025c73fa8100;  1 drivers
v0000025c73e6ade0_0 .var "alu_op", 4 0;
v0000025c73e6c8c0_0 .var "bus_sel", 4 0;
v0000025c73e6c6e0_0 .net "clk", 0 0, v0000025c73fa52c0_0;  alias, 1 drivers
v0000025c73e6ae80_0 .net "con", 0 0, v0000025c73f89c00_0;  alias, 1 drivers
v0000025c73e6c320_0 .var "con_en", 0 0;
v0000025c73e6aca0_0 .var "hi_in", 0 0;
v0000025c73e6b240_0 .var "inport_in", 0 0;
v0000025c73e6c960_0 .var "ir_in", 0 0;
v0000025c73e6a700_0 .var "jal_r12_in", 0 0;
v0000025c73e6a340_0 .var "lo_in", 0 0;
v0000025c73e6b6a0_0 .var "mar_in", 0 0;
v0000025c73e6b2e0_0 .var "next_state", 5 0;
v0000025c73e6afc0_0 .net "opcode", 4 0, L_0000025c73fa95a0;  1 drivers
v0000025c73e6c820_0 .var "outport_in", 0 0;
v0000025c73e6c3c0_0 .var "pc_in", 0 0;
v0000025c73e6b740_0 .var "ram_in", 0 0;
v0000025c73e6bec0_0 .net "reset", 0 0, v0000025c73fa8060_0;  alias, 1 drivers
v0000025c73e6a840_0 .var "run", 0 0;
v0000025c73e6bf60_0 .var "state", 5 0;
v0000025c73e6ca00_0 .net "stop", 0 0, v0000025c73fa9140_0;  alias, 1 drivers
v0000025c73e6a980_0 .var "y_in", 0 0;
E_0000025c73e92080 .event anyedge, v0000025c73e6bf60_0, v0000025c73e6afc0_0, v0000025c73e6ae80_0;
E_0000025c73e91380 .event anyedge, v0000025c73e6ca00_0, v0000025c73e6bf60_0, v0000025c73e6afc0_0;
E_0000025c73e91b80 .event posedge, v0000025c73e6bec0_0, v0000025c73e6c6e0_0;
L_0000025c73fa96e0 .cmp/eq 6, v0000025c73e6bf60_0, L_0000025c73fb88e8;
L_0000025c73fa9500 .part L_0000025c74017ac0, 27, 5;
L_0000025c73fa8100 .part v0000025c73f8a880_0, 27, 5;
L_0000025c73fa95a0 .functor MUXZ 5, L_0000025c73fa8100, L_0000025c73fa9500, L_0000025c73fa96e0, C4<>;
S_0000025c73a83620 .scope module, "dp" "datapath_top" 3 61, 5 1 0, S_0000025c73a93ce0;
 .timescale 0 0;
    .port_info 0 /INPUT 1 "clk";
    .port_info 1 /INPUT 1 "reset";
    .port_info 2 /INPUT 5 "bus_sel";
    .port_info 3 /INPUT 1 "pc_in";
    .port_info 4 /INPUT 1 "IncPC";
    .port_info 5 /INPUT 1 "ir_in";
    .port_info 6 /INPUT 1 "y_in";
    .port_info 7 /INPUT 1 "mar_in";
    .port_info 8 /INPUT 1 "hi_in";
    .port_info 9 /INPUT 1 "lo_in";
    .port_info 10 /INPUT 1 "MDRin";
    .port_info 11 /INPUT 1 "Read";
    .port_info 12 /INPUT 5 "alu_op";
    .port_info 13 /INPUT 1 "Zin";
    .port_info 14 /INPUT 32 "c_val";
    .port_info 15 /INPUT 1 "ram_in";
    .port_info 16 /INPUT 32 "device_in";
    .port_info 17 /INPUT 1 "inport_in";
    .port_info 18 /INPUT 1 "outport_in";
    .port_info 19 /INPUT 1 "Gra";
    .port_info 20 /INPUT 1 "Grb";
    .port_info 21 /INPUT 1 "Grc";
    .port_info 22 /INPUT 1 "Rin";
    .port_info 23 /INPUT 1 "Rout";
    .port_info 24 /INPUT 1 "BAout";
    .port_info 25 /INPUT 1 "Cout";
    .port_info 26 /INPUT 1 "con_en";
    .port_info 27 /INPUT 1 "jal_r12_in";
    .port_info 28 /OUTPUT 32 "BusMuxOut";
    .port_info 29 /OUTPUT 32 "pc_val";
    .port_info 30 /OUTPUT 32 "ir_val";
    .port_info 31 /OUTPUT 32 "y_val";
    .port_info 32 /OUTPUT 32 "mar_val";
    .port_info 33 /OUTPUT 32 "zhigh_out";
    .port_info 34 /OUTPUT 32 "zlow_out";
    .port_info 35 /OUTPUT 32 "Mdataout";
    .port_info 36 /OUTPUT 32 "outport_val";
    .port_info 37 /OUTPUT 1 "con";
    .port_info 38 /OUTPUT 1 "Overflow";
L_0000025c73e23960 .functor BUFZ 32, L_0000025c73fa8b00, C4<00000000000000000000000000000000>, C4<00000000000000000000000000000000>, C4<00000000000000000000000000000000>;
L_0000025c73e23f80 .functor BUFZ 32, L_0000025c73fa7a20, C4<00000000000000000000000000000000>, C4<00000000000000000000000000000000>, C4<00000000000000000000000000000000>;
L_0000025c73e23340 .functor BUFZ 1, v0000025c73fa4500_0, C4<0>, C4<0>, C4<0>;
L_0000025c73fb9c50 .functor BUFT 1, C4<00000000000000000000000000000000>, C4<0>, C4<0>, C4<0>;
L_0000025c73e23880 .functor BUFZ 32, L_0000025c73fb9c50, C4<00000000000000000000000000000000>, C4<00000000000000000000000000000000>, C4<00000000000000000000000000000000>;
L_0000025c73e23ff0 .functor OR 16, L_0000025c74018850, L_0000025c73fa9e60, C4<0000000000000000>, C4<0000000000000000>;
L_0000025c74017ac0 .functor BUFZ 32, v0000025c73f85c40_0, C4<00000000000000000000000000000000>, C4<00000000000000000000000000000000>, C4<00000000000000000000000000000000>;
v0000025c73fa2b60_0 .net "BAout", 0 0, v0000025c73e6a3e0_0;  alias, 1 drivers
v0000025c73fa4aa0_0 .net "BAout_R0", 0 0, L_0000025c74018310;  1 drivers
v0000025c73fa3ba0_0 .net "BusMuxOut", 31 0, v0000025c73f7a290_0;  alias, 1 drivers
v0000025c73fa4f00_0 .net "Cout", 0 0, v0000025c73e6a660_0;  alias, 1 drivers
v0000025c73fa36a0_0 .net "Gra", 0 0, v0000025c73e6ab60_0;  alias, 1 drivers
v0000025c73fa4820_0 .net "Grb", 0 0, v0000025c73e6c640_0;  alias, 1 drivers
v0000025c73fa37e0_0 .net "Grc", 0 0, v0000025c73e6a7a0_0;  alias, 1 drivers
v0000025c73fa2ca0_0 .net "IncPC", 0 0, v0000025c73e6aac0_0;  alias, 1 drivers
v0000025c73fa4280_0 .net "MDRin", 0 0, v0000025c73e6a480_0;  alias, 1 drivers
v0000025c73fa4320_0 .net "Mdataout", 31 0, L_0000025c74017ac0;  alias, 1 drivers
v0000025c73fa2c00_0 .net "Overflow", 0 0, L_0000025c73e23340;  1 drivers
v0000025c73fa4640_0 .net "Read", 0 0, v0000025c73e6c780_0;  alias, 1 drivers
v0000025c73fa2ac0_0 .net "Rin", 0 0, v0000025c73e6bd80_0;  alias, 1 drivers
v0000025c73fa3060_0 .net "Rin_decoded", 15 0, L_0000025c74018850;  1 drivers
v0000025c73fa2d40_0 .net "Rout", 0 0, v0000025c73e6ad40_0;  alias, 1 drivers
v0000025c73fa32e0_0 .net "Rout_decoded", 15 0, L_0000025c74017eb0;  1 drivers
v0000025c73fa4be0_0 .var "Z_reg", 63 0;
v0000025c73fa2e80_0 .net "Zin", 0 0, v0000025c73e6b9c0_0;  alias, 1 drivers
L_0000025c73fb8978 .functor BUFT 1, C4<0001000000000000>, C4<0>, C4<0>, C4<0>;
v0000025c73fa4140_0 .net/2u *"_ivl_12", 15 0, L_0000025c73fb8978;  1 drivers
L_0000025c73fb89c0 .functor BUFT 1, C4<0000000000000000>, C4<0>, C4<0>, C4<0>;
v0000025c73fa4960_0 .net/2u *"_ivl_14", 15 0, L_0000025c73fb89c0;  1 drivers
v0000025c73fa50e0_0 .net *"_ivl_16", 15 0, L_0000025c73fa9e60;  1 drivers
v0000025c73fa34c0_0 .net "alu_op", 4 0, v0000025c73e6ade0_0;  alias, 1 drivers
v0000025c73fa2f20_0 .net "alu_overflow", 0 0, v0000025c73f7a0b0_0;  1 drivers
v0000025c73fa5040_0 .net "alu_result", 63 0, v0000025c73f7add0_0;  1 drivers
v0000025c73fa4c80_0 .net "bus_sel", 4 0, v0000025c73e6c8c0_0;  alias, 1 drivers
v0000025c73fa3380_0 .net "c_bus_val", 31 0, L_0000025c73fadec0;  1 drivers
v0000025c73fa2fc0_0 .net "c_extended", 31 0, L_0000025c73fade20;  1 drivers
v0000025c73fa40a0_0 .net "c_raw", 31 0, L_0000025c73e23880;  1 drivers
v0000025c73fa4d20_0 .net "c_val", 31 0, L_0000025c73fb9c50;  1 drivers
v0000025c73fa3c40_0 .net "clk", 0 0, v0000025c73fa52c0_0;  alias, 1 drivers
v0000025c73fa4460_0 .net "con", 0 0, v0000025c73f89c00_0;  alias, 1 drivers
v0000025c73fa4dc0_0 .net "con_en", 0 0, v0000025c73e6c320_0;  alias, 1 drivers
v0000025c73fa46e0_0 .net "device_in", 31 0, v0000025c73fa8a60_0;  alias, 1 drivers
v0000025c73fa3d80_0 .net "hi_in", 0 0, v0000025c73e6aca0_0;  alias, 1 drivers
v0000025c73fa4e60_0 .net "hi_val", 31 0, v0000025c73f88c60_0;  1 drivers
v0000025c73fa3b00_0 .net "inport_in", 0 0, v0000025c73e6b240_0;  alias, 1 drivers
v0000025c73fa3100_0 .net "inport_val", 31 0, v0000025c73f884e0_0;  1 drivers
v0000025c73fa4fa0_0 .net "ir_in", 0 0, v0000025c73e6c960_0;  alias, 1 drivers
v0000025c73fa48c0_0 .net "ir_val", 31 0, v0000025c73f8a880_0;  alias, 1 drivers
v0000025c73fa4000_0 .net "jal_r12_in", 0 0, v0000025c73e6a700_0;  alias, 1 drivers
v0000025c73fa2980_0 .net "lo_in", 0 0, v0000025c73e6a340_0;  alias, 1 drivers
v0000025c73fa2a20_0 .net "lo_val", 31 0, v0000025c73f895c0_0;  1 drivers
v0000025c73fa31a0_0 .net "mar_in", 0 0, v0000025c73e6b6a0_0;  alias, 1 drivers
v0000025c73fa3560_0 .net "mar_val", 31 0, v0000025c73f88300_0;  alias, 1 drivers
v0000025c73fa3e20_0 .net "mdr_val", 31 0, v0000025c73f85c40_0;  1 drivers
v0000025c73fa43c0_0 .net "outport_in", 0 0, v0000025c73e6c820_0;  alias, 1 drivers
v0000025c73fa3420_0 .net "outport_val", 31 0, v0000025c73f875e0_0;  alias, 1 drivers
v0000025c73fa4500_0 .var "overflow_reg", 0 0;
v0000025c73fa45a0_0 .net "pc_in", 0 0, v0000025c73e6c3c0_0;  alias, 1 drivers
v0000025c73fa41e0_0 .net "pc_val", 31 0, v0000025c73f87400_0;  alias, 1 drivers
v0000025c73fa3600_0 .net "r0_out", 31 0, L_0000025c73fa8600;  1 drivers
v0000025c73fa3740_0 .net "r10_out", 31 0, v0000025c73f9fb40_0;  1 drivers
v0000025c73fa4780_0 .net "r11_out", 31 0, v0000025c73f9ffa0_0;  1 drivers
v0000025c73fa3880_0 .net "r12_out", 31 0, v0000025c73f9f640_0;  1 drivers
v0000025c73fa3ec0_0 .net "r13_out", 31 0, v0000025c73f9f460_0;  1 drivers
v0000025c73fa6760_0 .net "r14_out", 31 0, v0000025c73f9e560_0;  1 drivers
v0000025c73fa7160_0 .net "r15_out", 31 0, v0000025c73f9d980_0;  1 drivers
v0000025c73fa6800_0 .net "r1_out", 31 0, v0000025c73f9e7e0_0;  1 drivers
v0000025c73fa5a40_0 .net "r2_out", 31 0, v0000025c73f9f280_0;  1 drivers
v0000025c73fa6440_0 .net "r3_out", 31 0, v0000025c73f9e060_0;  1 drivers
v0000025c73fa54a0_0 .net "r4_out", 31 0, v0000025c73fa1da0_0;  1 drivers
v0000025c73fa5ae0_0 .net "r5_out", 31 0, v0000025c73fa0860_0;  1 drivers
v0000025c73fa5b80_0 .net "r6_out", 31 0, v0000025c73fa0ae0_0;  1 drivers
v0000025c73fa5720_0 .net "r7_out", 31 0, v0000025c73fa0360_0;  1 drivers
v0000025c73fa5c20_0 .net "r8_out", 31 0, v0000025c73fa0400_0;  1 drivers
v0000025c73fa6d00_0 .net "r9_out", 31 0, v0000025c73fa2660_0;  1 drivers
v0000025c73fa5e00_0 .net "ram_in", 0 0, v0000025c73e6b740_0;  alias, 1 drivers
v0000025c73fa5ea0_0 .net "ram_val", 31 0, L_0000025c73fae500;  1 drivers
v0000025c73fa57c0_0 .net "reset", 0 0, v0000025c73fa8060_0;  alias, 1 drivers
v0000025c73fa7200_0 .net "sel_encoded", 4 0, v0000025c73f874a0_0;  1 drivers
v0000025c73fa5f40_0 .net "y_in", 0 0, v0000025c73e6a980_0;  alias, 1 drivers
v0000025c73fa6940_0 .net "y_val", 31 0, v0000025c73f86140_0;  alias, 1 drivers
v0000025c73fa64e0_0 .net "zhigh_out", 31 0, L_0000025c73e23960;  alias, 1 drivers
v0000025c73fa68a0_0 .net "zhigh_val", 31 0, L_0000025c73fa8b00;  1 drivers
v0000025c73fa5400_0 .net "zlow_out", 31 0, L_0000025c73e23f80;  alias, 1 drivers
v0000025c73fa5cc0_0 .net "zlow_val", 31 0, L_0000025c73fa7a20;  1 drivers
L_0000025c73fa8b00 .part v0000025c73fa4be0_0, 32, 32;
L_0000025c73fa7a20 .part v0000025c73fa4be0_0, 0, 32;
L_0000025c73fa9e60 .functor MUXZ 16, L_0000025c73fb89c0, L_0000025c73fb8978, v0000025c73e6a700_0, C4<>;
L_0000025c73fadf60 .part v0000025c73f88300_0, 0, 9;
L_0000025c73fadec0 .functor MUXZ 32, L_0000025c73e23880, L_0000025c73fade20, v0000025c73e6a660_0, C4<>;
L_0000025c73fadb00 .part v0000025c73f8a880_0, 19, 2;
S_0000025c73a7c160 .scope module, "alu_inst" "alu" 5 199, 6 4 0, S_0000025c73a83620;
 .timescale 0 0;
    .port_info 0 /INPUT 32 "A";
    .port_info 1 /INPUT 32 "B";
    .port_info 2 /INPUT 5 "op";
    .port_info 3 /OUTPUT 64 "C";
    .port_info 4 /OUTPUT 1 "Overflow";
P_0000025c73a799d0 .param/l "OP_ADD" 1 6 13, C4<00000>;
P_0000025c73a79a08 .param/l "OP_AND" 1 6 17, C4<00100>;
P_0000025c73a79a40 .param/l "OP_DIV" 1 6 16, C4<00011>;
P_0000025c73a79a78 .param/l "OP_MUL" 1 6 15, C4<00010>;
P_0000025c73a79ab0 .param/l "OP_NEG" 1 6 20, C4<00111>;
P_0000025c73a79ae8 .param/l "OP_NOT" 1 6 19, C4<00110>;
P_0000025c73a79b20 .param/l "OP_OR" 1 6 18, C4<00101>;
P_0000025c73a79b58 .param/l "OP_ROL" 1 6 25, C4<01100>;
P_0000025c73a79b90 .param/l "OP_ROR" 1 6 24, C4<01011>;
P_0000025c73a79bc8 .param/l "OP_SHL" 1 6 23, C4<01010>;
P_0000025c73a79c00 .param/l "OP_SHR" 1 6 21, C4<01000>;
P_0000025c73a79c38 .param/l "OP_SHRA" 1 6 22, C4<01001>;
P_0000025c73a79c70 .param/l "OP_SUB" 1 6 14, C4<00001>;
L_0000025c7402dc20 .functor NOT 32, v0000025c73f7a290_0, C4<00000000000000000000000000000000>, C4<00000000000000000000000000000000>, C4<00000000000000000000000000000000>;
L_0000025c7403f830 .functor NOT 32, v0000025c73f7a290_0, C4<00000000000000000000000000000000>, C4<00000000000000000000000000000000>, C4<00000000000000000000000000000000>;
v0000025c73f79750_0 .net "A", 31 0, v0000025c73f86140_0;  alias, 1 drivers
v0000025c73f7ad30_0 .net "B", 31 0, v0000025c73f7a290_0;  alias, 1 drivers
v0000025c73f7add0_0 .var "C", 63 0;
v0000025c73f7a0b0_0 .var "Overflow", 0 0;
v0000025c73f79c50_0 .net "add_cout", 0 0, L_0000025c73fb3d20;  1 drivers
v0000025c73f7a150_0 .net "add_overflow", 0 0, L_0000025c74030380;  1 drivers
v0000025c73f79b10_0 .net "add_result", 31 0, L_0000025c73fb1ca0;  1 drivers
v0000025c73f794d0_0 .net "div_quotient", 31 0, L_0000025c7404d0f0;  1 drivers
v0000025c73f799d0_0 .net "div_remainder", 31 0, L_0000025c7404d550;  1 drivers
v0000025c73f7a3d0_0 .net "mul_result", 63 0, L_0000025c7404cbf0;  1 drivers
v0000025c73f79d90_0 .net "neg_cout", 0 0, L_0000025c73f9ad20;  1 drivers
v0000025c73f79bb0_0 .net "neg_result", 31 0, L_0000025c73f9a6e0;  1 drivers
v0000025c73f79cf0_0 .net "op", 4 0, v0000025c73e6ade0_0;  alias, 1 drivers
v0000025c73f78df0_0 .net "rol_result", 31 0, L_0000025c740401d0;  1 drivers
v0000025c73f78e90_0 .net "ror_result", 31 0, L_0000025c74040780;  1 drivers
v0000025c73f79e30_0 .net "shl_result", 31 0, L_0000025c7403f910;  1 drivers
v0000025c73f78f30_0 .net "shr_result", 31 0, L_0000025c74040be0;  1 drivers
v0000025c73f79ed0_0 .net "shra_result", 31 0, L_0000025c74040240;  1 drivers
v0000025c73f7afb0_0 .net "sub_cout", 0 0, L_0000025c73fb4ea0;  1 drivers
v0000025c73f79f70_0 .net "sub_overflow", 0 0, L_0000025c7402e550;  1 drivers
v0000025c73f7a1f0_0 .net "sub_result", 31 0, L_0000025c73fb5580;  1 drivers
E_0000025c73e92200/0 .event anyedge, v0000025c73e6ade0_0, v0000025c73f3a870_0, v0000025c73f39fb0_0, v0000025c73f73cb0_0;
E_0000025c73e92200/1 .event anyedge, v0000025c73f749d0_0, v0000025c73f23a40_0, v0000025c73f24ee0_0, v0000025c73f25840_0;
E_0000025c73e92200/2 .event anyedge, v0000025c73e6c5a0_0, v0000025c73f21ba0_0, v0000025c73f468f0_0, v0000025c73f7a650_0;
E_0000025c73e92200/3 .event anyedge, v0000025c73f7a330_0, v0000025c73f7af10_0, v0000025c73f79a70_0, v0000025c73f7a510_0;
E_0000025c73e92200 .event/or E_0000025c73e92200/0, E_0000025c73e92200/1, E_0000025c73e92200/2, E_0000025c73e92200/3;
L_0000025c740525f0 .part v0000025c73f7a290_0, 0, 5;
S_0000025c73a79cb0 .scope module, "booth_mul" "booth_multiplier" 6 69, 7 4 0, S_0000025c73a7c160;
 .timescale 0 0;
    .port_info 0 /INPUT 32 "A";
    .port_info 1 /INPUT 32 "B";
    .port_info 2 /OUTPUT 64 "Product";
v0000025c73f22960_0 .net/s "A", 31 0, v0000025c73f86140_0;  alias, 1 drivers
v0000025c73f21ba0_0 .net/s "B", 31 0, v0000025c73f7a290_0;  alias, 1 drivers
v0000025c73f21d80_0 .net "B_ext", 32 0, L_0000025c7404e810;  1 drivers
v0000025c73f23a40_0 .net/s "Product", 63 0, L_0000025c7404cbf0;  alias, 1 drivers
L_0000025c73fb9788 .functor BUFT 1, C4<0>, C4<0>, C4<0>, C4<0>;
v0000025c73f23d60_0 .net/2u *"_ivl_16", 0 0, L_0000025c73fb9788;  1 drivers
v0000025c73f22780_0 .net *"_ivl_21", 0 0, L_0000025c7404edb0;  1 drivers
v0000025c73f230e0_0 .net *"_ivl_23", 0 0, L_0000025c7404e090;  1 drivers
v0000025c73f23b80_0 .net *"_ivl_25", 0 0, L_0000025c7404df50;  1 drivers
L_0000025c73fb9818 .functor BUFT 1, C4<00000000000000000000000000100000>, C4<0>, C4<0>, C4<0>;
v0000025c73f23360_0 .net/2s *"_ivl_28", 31 0, L_0000025c73fb9818;  1 drivers
v0000025c73f22500_0 .net/s *"_ivl_35", 63 0, L_0000025c7404ed10;  1 drivers
v0000025c73f23c20_0 .net/s *"_ivl_38", 63 0, L_0000025c7404e310;  1 drivers
v0000025c73f23cc0_0 .net/s *"_ivl_41", 63 0, L_0000025c7404eef0;  1 drivers
v0000025c73f23400_0 .net/s *"_ivl_44", 63 0, L_0000025c7404ea90;  1 drivers
v0000025c73f22a00_0 .net/s *"_ivl_47", 63 0, L_0000025c7404e4f0;  1 drivers
v0000025c73f23540_0 .net/s *"_ivl_50", 63 0, L_0000025c7404daf0;  1 drivers
v0000025c73f21c40_0 .net/s *"_ivl_53", 63 0, L_0000025c7404cf10;  1 drivers
v0000025c73f21ce0_0 .net/s *"_ivl_56", 63 0, L_0000025c7404cfb0;  1 drivers
v0000025c73f221e0_0 .net/s *"_ivl_59", 63 0, L_0000025c7404d870;  1 drivers
v0000025c73f21f60_0 .net/s *"_ivl_62", 63 0, L_0000025c7404f030;  1 drivers
v0000025c73f23ea0_0 .net/s *"_ivl_65", 63 0, L_0000025c7404dc30;  1 drivers
v0000025c73f22280_0 .net/s *"_ivl_68", 63 0, L_0000025c7404c8d0;  1 drivers
v0000025c73f225a0_0 .net/s *"_ivl_71", 63 0, L_0000025c7404d2d0;  1 drivers
v0000025c73f22640_0 .net/s *"_ivl_74", 63 0, L_0000025c7404d4b0;  1 drivers
v0000025c73f21740_0 .net/s *"_ivl_77", 63 0, L_0000025c7404e950;  1 drivers
v0000025c73f226e0_0 .net "last_booth_bits", 2 0, L_0000025c7404d9b0;  1 drivers
v0000025c73f22d20 .array "pp", 0 16;
v0000025c73f22d20_0 .net/s v0000025c73f22d20 0, 63 0, L_0000025c73f98ca0; 1 drivers
v0000025c73f22d20_1 .net/s v0000025c73f22d20 1, 63 0, L_0000025c73f9a140; 1 drivers
v0000025c73f22d20_2 .net/s v0000025c73f22d20 2, 63 0, L_0000025c73f98de0; 1 drivers
v0000025c73f22d20_3 .net/s v0000025c73f22d20 3, 63 0, L_0000025c73f98c00; 1 drivers
v0000025c73f22d20_4 .net/s v0000025c73f22d20 4, 63 0, L_0000025c73f9c440; 1 drivers
v0000025c73f22d20_5 .net/s v0000025c73f22d20 5, 63 0, L_0000025c73f9b360; 1 drivers
v0000025c73f22d20_6 .net/s v0000025c73f22d20 6, 63 0, L_0000025c73f9b220; 1 drivers
v0000025c73f22d20_7 .net/s v0000025c73f22d20 7, 63 0, L_0000025c73f9cf80; 1 drivers
v0000025c73f22d20_8 .net/s v0000025c73f22d20 8, 63 0, L_0000025c73f9bcc0; 1 drivers
v0000025c73f22d20_9 .net/s v0000025c73f22d20 9, 63 0, L_0000025c73f9bf40; 1 drivers
v0000025c73f22d20_10 .net/s v0000025c73f22d20 10, 63 0, L_0000025c73f9c120; 1 drivers
v0000025c73f22d20_11 .net/s v0000025c73f22d20 11, 63 0, L_0000025c73f9c9e0; 1 drivers
v0000025c73f22d20_12 .net/s v0000025c73f22d20 12, 63 0, L_0000025c73f9d480; 1 drivers
v0000025c73f22d20_13 .net/s v0000025c73f22d20 13, 63 0, L_0000025c7404d410; 1 drivers
v0000025c73f22d20_14 .net/s v0000025c73f22d20 14, 63 0, L_0000025c7404d230; 1 drivers
v0000025c73f22d20_15 .net/s v0000025c73f22d20 15, 63 0, L_0000025c7404e6d0; 1 drivers
v0000025c73f22d20_16 .net/s v0000025c73f22d20 16, 63 0, L_0000025c7404ec70; 1 drivers
L_0000025c73f99ce0 .part L_0000025c7404e810, 0, 3;
L_0000025c73f9a500 .part L_0000025c7404e810, 2, 3;
L_0000025c73f9b040 .part L_0000025c7404e810, 4, 3;
L_0000025c73f9a8c0 .part L_0000025c7404e810, 6, 3;
L_0000025c73f99920 .part L_0000025c7404e810, 8, 3;
L_0000025c73f9d0c0 .part L_0000025c7404e810, 10, 3;
L_0000025c73f9d200 .part L_0000025c7404e810, 12, 3;
L_0000025c73f9c4e0 .part L_0000025c7404e810, 14, 3;
L_0000025c73f9d7a0 .part L_0000025c7404e810, 16, 3;
L_0000025c73f9bd60 .part L_0000025c7404e810, 18, 3;
L_0000025c73f9bfe0 .part L_0000025c7404e810, 20, 3;
L_0000025c73f9b5e0 .part L_0000025c7404e810, 22, 3;
L_0000025c73f9cbc0 .part L_0000025c7404e810, 24, 3;
L_0000025c7404de10 .part L_0000025c7404e810, 26, 3;
L_0000025c7404d7d0 .part L_0000025c7404e810, 28, 3;
L_0000025c7404dcd0 .part L_0000025c7404e810, 30, 3;
L_0000025c7404e810 .concat [ 1 32 0 0], L_0000025c73fb9788, v0000025c73f7a290_0;
L_0000025c7404edb0 .part v0000025c73f7a290_0, 31, 1;
L_0000025c7404e090 .part v0000025c73f7a290_0, 31, 1;
L_0000025c7404df50 .part L_0000025c7404e810, 31, 1;
L_0000025c7404d9b0 .concat [ 1 1 1 0], L_0000025c7404df50, L_0000025c7404e090, L_0000025c7404edb0;
L_0000025c7404e9f0 .part L_0000025c73fb9818, 0, 6;
L_0000025c7404ed10 .arith/sum 64, L_0000025c73f98ca0, L_0000025c73f9a140;
L_0000025c7404e310 .arith/sum 64, L_0000025c7404ed10, L_0000025c73f98de0;
L_0000025c7404eef0 .arith/sum 64, L_0000025c7404e310, L_0000025c73f98c00;
L_0000025c7404ea90 .arith/sum 64, L_0000025c7404eef0, L_0000025c73f9c440;
L_0000025c7404e4f0 .arith/sum 64, L_0000025c7404ea90, L_0000025c73f9b360;
L_0000025c7404daf0 .arith/sum 64, L_0000025c7404e4f0, L_0000025c73f9b220;
L_0000025c7404cf10 .arith/sum 64, L_0000025c7404daf0, L_0000025c73f9cf80;
L_0000025c7404cfb0 .arith/sum 64, L_0000025c7404cf10, L_0000025c73f9bcc0;
L_0000025c7404d870 .arith/sum 64, L_0000025c7404cfb0, L_0000025c73f9bf40;
L_0000025c7404f030 .arith/sum 64, L_0000025c7404d870, L_0000025c73f9c120;
L_0000025c7404dc30 .arith/sum 64, L_0000025c7404f030, L_0000025c73f9c9e0;
L_0000025c7404c8d0 .arith/sum 64, L_0000025c7404dc30, L_0000025c73f9d480;
L_0000025c7404d2d0 .arith/sum 64, L_0000025c7404c8d0, L_0000025c7404d410;
L_0000025c7404d4b0 .arith/sum 64, L_0000025c7404d2d0, L_0000025c7404d230;
L_0000025c7404e950 .arith/sum 64, L_0000025c7404d4b0, L_0000025c7404e6d0;
L_0000025c7404cbf0 .arith/sum 64, L_0000025c7404e950, L_0000025c7404ec70;
S_0000025c73a750b0 .scope generate, "booth_pp_gen[0]" "booth_pp_gen[0]" 7 27, 7 27 0, S_0000025c73a79cb0;
 .timescale 0 0;
P_0000025c73e91d40 .param/l "i" 0 7 27, +C4<00>;
L_0000025c73fb8ed0 .functor BUFT 1, C4<0>, C4<0>, C4<0>, C4<0>;
v0000025c73e6b7e0_0 .net/2s *"_ivl_1", 0 0, L_0000025c73fb8ed0;  1 drivers
v0000025c73e6b880_0 .net "booth_bits", 2 0, L_0000025c73f99ce0;  1 drivers
L_0000025c73f9afa0 .extend/s 6, L_0000025c73fb8ed0;
S_0000025c73a75240 .scope module, "bpp" "booth_partial_product" 7 31, 7 57 0, S_0000025c73a750b0;
 .timescale 0 0;
    .port_info 0 /INPUT 32 "M";
    .port_info 1 /INPUT 3 "booth_bits";
    .port_info 2 /INPUT 6 "shift_amount";
    .port_info 3 /OUTPUT 64 "pp";
v0000025c73e6c5a0_0 .net/s "M", 31 0, v0000025c73f86140_0;  alias, 1 drivers
v0000025c73e6a2a0_0 .net/s "M2", 63 0, L_0000025c73f9adc0;  1 drivers
v0000025c73e6aa20_0 .net/s "M_ext", 63 0, L_0000025c73f98980;  1 drivers
v0000025c73e6c1e0_0 .net *"_ivl_1", 0 0, L_0000025c73f99e20;  1 drivers
L_0000025c73fb8e88 .functor BUFT 1, C4<0>, C4<0>, C4<0>, C4<0>;
v0000025c73e6af20_0 .net *"_ivl_10", 0 0, L_0000025c73fb8e88;  1 drivers
v0000025c73e6b060_0 .net *"_ivl_2", 31 0, L_0000025c73f99ec0;  1 drivers
v0000025c73e6ba60_0 .net *"_ivl_8", 62 0, L_0000025c73f98b60;  1 drivers
v0000025c73e6bc40_0 .net "booth_bits", 2 0, L_0000025c73f99ce0;  alias, 1 drivers
v0000025c73e6c280_0 .net/s "pp", 63 0, L_0000025c73f98ca0;  alias, 1 drivers
v0000025c73e6b1a0_0 .var/s "pp_unshifted", 63 0;
v0000025c73e6b380_0 .net "shift_amount", 5 0, L_0000025c73f9afa0;  1 drivers
E_0000025c73e91d80 .event anyedge, v0000025c73e6bc40_0, v0000025c73e6aa20_0, v0000025c73e6a2a0_0;
L_0000025c73f99e20 .part v0000025c73f86140_0, 31, 1;
LS_0000025c73f99ec0_0_0 .concat [ 1 1 1 1], L_0000025c73f99e20, L_0000025c73f99e20, L_0000025c73f99e20, L_0000025c73f99e20;
LS_0000025c73f99ec0_0_4 .concat [ 1 1 1 1], L_0000025c73f99e20, L_0000025c73f99e20, L_0000025c73f99e20, L_0000025c73f99e20;
LS_0000025c73f99ec0_0_8 .concat [ 1 1 1 1], L_0000025c73f99e20, L_0000025c73f99e20, L_0000025c73f99e20, L_0000025c73f99e20;
LS_0000025c73f99ec0_0_12 .concat [ 1 1 1 1], L_0000025c73f99e20, L_0000025c73f99e20, L_0000025c73f99e20, L_0000025c73f99e20;
LS_0000025c73f99ec0_0_16 .concat [ 1 1 1 1], L_0000025c73f99e20, L_0000025c73f99e20, L_0000025c73f99e20, L_0000025c73f99e20;
LS_0000025c73f99ec0_0_20 .concat [ 1 1 1 1], L_0000025c73f99e20, L_0000025c73f99e20, L_0000025c73f99e20, L_0000025c73f99e20;
LS_0000025c73f99ec0_0_24 .concat [ 1 1 1 1], L_0000025c73f99e20, L_0000025c73f99e20, L_0000025c73f99e20, L_0000025c73f99e20;
LS_0000025c73f99ec0_0_28 .concat [ 1 1 1 1], L_0000025c73f99e20, L_0000025c73f99e20, L_0000025c73f99e20, L_0000025c73f99e20;
LS_0000025c73f99ec0_1_0 .concat [ 4 4 4 4], LS_0000025c73f99ec0_0_0, LS_0000025c73f99ec0_0_4, LS_0000025c73f99ec0_0_8, LS_0000025c73f99ec0_0_12;
LS_0000025c73f99ec0_1_4 .concat [ 4 4 4 4], LS_0000025c73f99ec0_0_16, LS_0000025c73f99ec0_0_20, LS_0000025c73f99ec0_0_24, LS_0000025c73f99ec0_0_28;
L_0000025c73f99ec0 .concat [ 16 16 0 0], LS_0000025c73f99ec0_1_0, LS_0000025c73f99ec0_1_4;
L_0000025c73f98980 .concat [ 32 32 0 0], v0000025c73f86140_0, L_0000025c73f99ec0;
L_0000025c73f98b60 .part L_0000025c73f98980, 0, 63;
L_0000025c73f9adc0 .concat [ 1 63 0 0], L_0000025c73fb8e88, L_0000025c73f98b60;
L_0000025c73f98ca0 .shift/l 64, v0000025c73e6b1a0_0, L_0000025c73f9afa0;
S_0000025c73a74bb0 .scope generate, "booth_pp_gen[1]" "booth_pp_gen[1]" 7 27, 7 27 0, S_0000025c73a79cb0;
 .timescale 0 0;
P_0000025c73e92240 .param/l "i" 0 7 27, +C4<01>;
L_0000025c73fb8f60 .functor BUFT 1, C4<010>, C4<0>, C4<0>, C4<0>;
v0000025c73e6e940_0 .net/2s *"_ivl_1", 2 0, L_0000025c73fb8f60;  1 drivers
v0000025c73e6dc20_0 .net "booth_bits", 2 0, L_0000025c73f9a500;  1 drivers
L_0000025c73f9ab40 .extend/s 6, L_0000025c73fb8f60;
S_0000025c73a74d40 .scope module, "bpp" "booth_partial_product" 7 31, 7 57 0, S_0000025c73a74bb0;
 .timescale 0 0;
    .port_info 0 /INPUT 32 "M";
    .port_info 1 /INPUT 3 "booth_bits";
    .port_info 2 /INPUT 6 "shift_amount";
    .port_info 3 /OUTPUT 64 "pp";
v0000025c73e6b920_0 .net/s "M", 31 0, v0000025c73f86140_0;  alias, 1 drivers
v0000025c73e6bb00_0 .net/s "M2", 63 0, L_0000025c73f99740;  1 drivers
v0000025c73e6c000_0 .net/s "M_ext", 63 0, L_0000025c73f9a5a0;  1 drivers
v0000025c73e6c0a0_0 .net *"_ivl_1", 0 0, L_0000025c73f9a780;  1 drivers
L_0000025c73fb8f18 .functor BUFT 1, C4<0>, C4<0>, C4<0>, C4<0>;
v0000025c73e6d360_0 .net *"_ivl_10", 0 0, L_0000025c73fb8f18;  1 drivers
v0000025c73e6f020_0 .net *"_ivl_2", 31 0, L_0000025c73f99f60;  1 drivers
v0000025c73e6dcc0_0 .net *"_ivl_8", 62 0, L_0000025c73f99100;  1 drivers
v0000025c73e6dd60_0 .net "booth_bits", 2 0, L_0000025c73f9a500;  alias, 1 drivers
v0000025c73e6d400_0 .net/s "pp", 63 0, L_0000025c73f9a140;  alias, 1 drivers
v0000025c73e6eb20_0 .var/s "pp_unshifted", 63 0;
v0000025c73e6eee0_0 .net "shift_amount", 5 0, L_0000025c73f9ab40;  1 drivers
E_0000025c73e917c0 .event anyedge, v0000025c73e6dd60_0, v0000025c73e6c000_0, v0000025c73e6bb00_0;
L_0000025c73f9a780 .part v0000025c73f86140_0, 31, 1;
LS_0000025c73f99f60_0_0 .concat [ 1 1 1 1], L_0000025c73f9a780, L_0000025c73f9a780, L_0000025c73f9a780, L_0000025c73f9a780;
LS_0000025c73f99f60_0_4 .concat [ 1 1 1 1], L_0000025c73f9a780, L_0000025c73f9a780, L_0000025c73f9a780, L_0000025c73f9a780;
LS_0000025c73f99f60_0_8 .concat [ 1 1 1 1], L_0000025c73f9a780, L_0000025c73f9a780, L_0000025c73f9a780, L_0000025c73f9a780;
LS_0000025c73f99f60_0_12 .concat [ 1 1 1 1], L_0000025c73f9a780, L_0000025c73f9a780, L_0000025c73f9a780, L_0000025c73f9a780;
LS_0000025c73f99f60_0_16 .concat [ 1 1 1 1], L_0000025c73f9a780, L_0000025c73f9a780, L_0000025c73f9a780, L_0000025c73f9a780;
LS_0000025c73f99f60_0_20 .concat [ 1 1 1 1], L_0000025c73f9a780, L_0000025c73f9a780, L_0000025c73f9a780, L_0000025c73f9a780;
LS_0000025c73f99f60_0_24 .concat [ 1 1 1 1], L_0000025c73f9a780, L_0000025c73f9a780, L_0000025c73f9a780, L_0000025c73f9a780;
LS_0000025c73f99f60_0_28 .concat [ 1 1 1 1], L_0000025c73f9a780, L_0000025c73f9a780, L_0000025c73f9a780, L_0000025c73f9a780;
LS_0000025c73f99f60_1_0 .concat [ 4 4 4 4], LS_0000025c73f99f60_0_0, LS_0000025c73f99f60_0_4, LS_0000025c73f99f60_0_8, LS_0000025c73f99f60_0_12;
LS_0000025c73f99f60_1_4 .concat [ 4 4 4 4], LS_0000025c73f99f60_0_16, LS_0000025c73f99f60_0_20, LS_0000025c73f99f60_0_24, LS_0000025c73f99f60_0_28;
L_0000025c73f99f60 .concat [ 16 16 0 0], LS_0000025c73f99f60_1_0, LS_0000025c73f99f60_1_4;
L_0000025c73f9a5a0 .concat [ 32 32 0 0], v0000025c73f86140_0, L_0000025c73f99f60;
L_0000025c73f99100 .part L_0000025c73f9a5a0, 0, 63;
L_0000025c73f99740 .concat [ 1 63 0 0], L_0000025c73fb8f18, L_0000025c73f99100;
L_0000025c73f9a140 .shift/l 64, v0000025c73e6eb20_0, L_0000025c73f9ab40;
S_0000025c73a5eb50 .scope generate, "booth_pp_gen[2]" "booth_pp_gen[2]" 7 27, 7 27 0, S_0000025c73a79cb0;
 .timescale 0 0;
P_0000025c73e91980 .param/l "i" 0 7 27, +C4<010>;
L_0000025c73fb8ff0 .functor BUFT 1, C4<0100>, C4<0>, C4<0>, C4<0>;
v0000025c73e6ce60_0 .net/2s *"_ivl_1", 3 0, L_0000025c73fb8ff0;  1 drivers
v0000025c73e6cd20_0 .net "booth_bits", 2 0, L_0000025c73f9b040;  1 drivers
L_0000025c73f99380 .extend/s 6, L_0000025c73fb8ff0;
S_0000025c73a5ece0 .scope module, "bpp" "booth_partial_product" 7 31, 7 57 0, S_0000025c73a5eb50;
 .timescale 0 0;
    .port_info 0 /INPUT 32 "M";
    .port_info 1 /INPUT 3 "booth_bits";
    .port_info 2 /INPUT 6 "shift_amount";
    .port_info 3 /OUTPUT 64 "pp";
v0000025c73e6e8a0_0 .net/s "M", 31 0, v0000025c73f86140_0;  alias, 1 drivers
v0000025c73e6d180_0 .net/s "M2", 63 0, L_0000025c73f9a320;  1 drivers
v0000025c73e6f0c0_0 .net/s "M_ext", 63 0, L_0000025c73f9a820;  1 drivers
v0000025c73e6dae0_0 .net *"_ivl_1", 0 0, L_0000025c73f9a640;  1 drivers
L_0000025c73fb8fa8 .functor BUFT 1, C4<0>, C4<0>, C4<0>, C4<0>;
v0000025c73e6e3a0_0 .net *"_ivl_10", 0 0, L_0000025c73fb8fa8;  1 drivers
v0000025c73e6d220_0 .net *"_ivl_2", 31 0, L_0000025c73f9a000;  1 drivers
v0000025c73e6de00_0 .net *"_ivl_8", 62 0, L_0000025c73f9b0e0;  1 drivers
v0000025c73e6d720_0 .net "booth_bits", 2 0, L_0000025c73f9b040;  alias, 1 drivers
v0000025c73e6ebc0_0 .net/s "pp", 63 0, L_0000025c73f98de0;  alias, 1 drivers
v0000025c73e6ed00_0 .var/s "pp_unshifted", 63 0;
v0000025c73e6ec60_0 .net "shift_amount", 5 0, L_0000025c73f99380;  1 drivers
E_0000025c73e91800 .event anyedge, v0000025c73e6d720_0, v0000025c73e6f0c0_0, v0000025c73e6d180_0;
L_0000025c73f9a640 .part v0000025c73f86140_0, 31, 1;
LS_0000025c73f9a000_0_0 .concat [ 1 1 1 1], L_0000025c73f9a640, L_0000025c73f9a640, L_0000025c73f9a640, L_0000025c73f9a640;
LS_0000025c73f9a000_0_4 .concat [ 1 1 1 1], L_0000025c73f9a640, L_0000025c73f9a640, L_0000025c73f9a640, L_0000025c73f9a640;
LS_0000025c73f9a000_0_8 .concat [ 1 1 1 1], L_0000025c73f9a640, L_0000025c73f9a640, L_0000025c73f9a640, L_0000025c73f9a640;
LS_0000025c73f9a000_0_12 .concat [ 1 1 1 1], L_0000025c73f9a640, L_0000025c73f9a640, L_0000025c73f9a640, L_0000025c73f9a640;
LS_0000025c73f9a000_0_16 .concat [ 1 1 1 1], L_0000025c73f9a640, L_0000025c73f9a640, L_0000025c73f9a640, L_0000025c73f9a640;
LS_0000025c73f9a000_0_20 .concat [ 1 1 1 1], L_0000025c73f9a640, L_0000025c73f9a640, L_0000025c73f9a640, L_0000025c73f9a640;
LS_0000025c73f9a000_0_24 .concat [ 1 1 1 1], L_0000025c73f9a640, L_0000025c73f9a640, L_0000025c73f9a640, L_0000025c73f9a640;
LS_0000025c73f9a000_0_28 .concat [ 1 1 1 1], L_0000025c73f9a640, L_0000025c73f9a640, L_0000025c73f9a640, L_0000025c73f9a640;
LS_0000025c73f9a000_1_0 .concat [ 4 4 4 4], LS_0000025c73f9a000_0_0, LS_0000025c73f9a000_0_4, LS_0000025c73f9a000_0_8, LS_0000025c73f9a000_0_12;
LS_0000025c73f9a000_1_4 .concat [ 4 4 4 4], LS_0000025c73f9a000_0_16, LS_0000025c73f9a000_0_20, LS_0000025c73f9a000_0_24, LS_0000025c73f9a000_0_28;
L_0000025c73f9a000 .concat [ 16 16 0 0], LS_0000025c73f9a000_1_0, LS_0000025c73f9a000_1_4;
L_0000025c73f9a820 .concat [ 32 32 0 0], v0000025c73f86140_0, L_0000025c73f9a000;
L_0000025c73f9b0e0 .part L_0000025c73f9a820, 0, 63;
L_0000025c73f9a320 .concat [ 1 63 0 0], L_0000025c73fb8fa8, L_0000025c73f9b0e0;
L_0000025c73f98de0 .shift/l 64, v0000025c73e6ed00_0, L_0000025c73f99380;
S_0000025c73a6e290 .scope generate, "booth_pp_gen[3]" "booth_pp_gen[3]" 7 27, 7 27 0, S_0000025c73a79cb0;
 .timescale 0 0;
P_0000025c73e91880 .param/l "i" 0 7 27, +C4<011>;
L_0000025c73fb9080 .functor BUFT 1, C4<0110>, C4<0>, C4<0>, C4<0>;
v0000025c73e6cb40_0 .net/2s *"_ivl_1", 3 0, L_0000025c73fb9080;  1 drivers
v0000025c73e6da40_0 .net "booth_bits", 2 0, L_0000025c73f9a8c0;  1 drivers
L_0000025c73f99880 .extend/s 6, L_0000025c73fb9080;
S_0000025c73a6e420 .scope module, "bpp" "booth_partial_product" 7 31, 7 57 0, S_0000025c73a6e290;
 .timescale 0 0;
    .port_info 0 /INPUT 32 "M";
    .port_info 1 /INPUT 3 "booth_bits";
    .port_info 2 /INPUT 6 "shift_amount";
    .port_info 3 /OUTPUT 64 "pp";
v0000025c73e6cbe0_0 .net/s "M", 31 0, v0000025c73f86140_0;  alias, 1 drivers
v0000025c73e6ef80_0 .net/s "M2", 63 0, L_0000025c73f994c0;  1 drivers
v0000025c73e6d540_0 .net/s "M_ext", 63 0, L_0000025c73f9a960;  1 drivers
v0000025c73e6dea0_0 .net *"_ivl_1", 0 0, L_0000025c73f997e0;  1 drivers
L_0000025c73fb9038 .functor BUFT 1, C4<0>, C4<0>, C4<0>, C4<0>;
v0000025c73e6e9e0_0 .net *"_ivl_10", 0 0, L_0000025c73fb9038;  1 drivers
v0000025c73e6d9a0_0 .net *"_ivl_2", 31 0, L_0000025c73f99420;  1 drivers
v0000025c73e6d5e0_0 .net *"_ivl_8", 62 0, L_0000025c73f98a20;  1 drivers
v0000025c73e6d7c0_0 .net "booth_bits", 2 0, L_0000025c73f9a8c0;  alias, 1 drivers
v0000025c73e6f200_0 .net/s "pp", 63 0, L_0000025c73f98c00;  alias, 1 drivers
v0000025c73e6db80_0 .var/s "pp_unshifted", 63 0;
v0000025c73e6d4a0_0 .net "shift_amount", 5 0, L_0000025c73f99880;  1 drivers
E_0000025c73e91dc0 .event anyedge, v0000025c73e6d7c0_0, v0000025c73e6d540_0, v0000025c73e6ef80_0;
L_0000025c73f997e0 .part v0000025c73f86140_0, 31, 1;
LS_0000025c73f99420_0_0 .concat [ 1 1 1 1], L_0000025c73f997e0, L_0000025c73f997e0, L_0000025c73f997e0, L_0000025c73f997e0;
LS_0000025c73f99420_0_4 .concat [ 1 1 1 1], L_0000025c73f997e0, L_0000025c73f997e0, L_0000025c73f997e0, L_0000025c73f997e0;
LS_0000025c73f99420_0_8 .concat [ 1 1 1 1], L_0000025c73f997e0, L_0000025c73f997e0, L_0000025c73f997e0, L_0000025c73f997e0;
LS_0000025c73f99420_0_12 .concat [ 1 1 1 1], L_0000025c73f997e0, L_0000025c73f997e0, L_0000025c73f997e0, L_0000025c73f997e0;
LS_0000025c73f99420_0_16 .concat [ 1 1 1 1], L_0000025c73f997e0, L_0000025c73f997e0, L_0000025c73f997e0, L_0000025c73f997e0;
LS_0000025c73f99420_0_20 .concat [ 1 1 1 1], L_0000025c73f997e0, L_0000025c73f997e0, L_0000025c73f997e0, L_0000025c73f997e0;
LS_0000025c73f99420_0_24 .concat [ 1 1 1 1], L_0000025c73f997e0, L_0000025c73f997e0, L_0000025c73f997e0, L_0000025c73f997e0;
LS_0000025c73f99420_0_28 .concat [ 1 1 1 1], L_0000025c73f997e0, L_0000025c73f997e0, L_0000025c73f997e0, L_0000025c73f997e0;
LS_0000025c73f99420_1_0 .concat [ 4 4 4 4], LS_0000025c73f99420_0_0, LS_0000025c73f99420_0_4, LS_0000025c73f99420_0_8, LS_0000025c73f99420_0_12;
LS_0000025c73f99420_1_4 .concat [ 4 4 4 4], LS_0000025c73f99420_0_16, LS_0000025c73f99420_0_20, LS_0000025c73f99420_0_24, LS_0000025c73f99420_0_28;
L_0000025c73f99420 .concat [ 16 16 0 0], LS_0000025c73f99420_1_0, LS_0000025c73f99420_1_4;
L_0000025c73f9a960 .concat [ 32 32 0 0], v0000025c73f86140_0, L_0000025c73f99420;
L_0000025c73f98a20 .part L_0000025c73f9a960, 0, 63;
L_0000025c73f994c0 .concat [ 1 63 0 0], L_0000025c73fb9038, L_0000025c73f98a20;
L_0000025c73f98c00 .shift/l 64, v0000025c73e6db80_0, L_0000025c73f99880;
S_0000025c73a699e0 .scope generate, "booth_pp_gen[4]" "booth_pp_gen[4]" 7 27, 7 27 0, S_0000025c73a79cb0;
 .timescale 0 0;
P_0000025c73e91e00 .param/l "i" 0 7 27, +C4<0100>;
L_0000025c73fb9110 .functor BUFT 1, C4<01000>, C4<0>, C4<0>, C4<0>;
v0000025c73e6cdc0_0 .net/2s *"_ivl_1", 4 0, L_0000025c73fb9110;  1 drivers
v0000025c73e6e120_0 .net "booth_bits", 2 0, L_0000025c73f99920;  1 drivers
L_0000025c73f9ca80 .extend/s 6, L_0000025c73fb9110;
S_0000025c73a69b70 .scope module, "bpp" "booth_partial_product" 7 31, 7 57 0, S_0000025c73a699e0;
 .timescale 0 0;
    .port_info 0 /INPUT 32 "M";
    .port_info 1 /INPUT 3 "booth_bits";
    .port_info 2 /INPUT 6 "shift_amount";
    .port_info 3 /OUTPUT 64 "pp";
v0000025c73e6cc80_0 .net/s "M", 31 0, v0000025c73f86140_0;  alias, 1 drivers
v0000025c73e6df40_0 .net/s "M2", 63 0, L_0000025c73f9c580;  1 drivers
v0000025c73e6dfe0_0 .net/s "M_ext", 63 0, L_0000025c73f9cee0;  1 drivers
v0000025c73e6cf00_0 .net *"_ivl_1", 0 0, L_0000025c73f999c0;  1 drivers
L_0000025c73fb90c8 .functor BUFT 1, C4<0>, C4<0>, C4<0>, C4<0>;
v0000025c73e6d680_0 .net *"_ivl_10", 0 0, L_0000025c73fb90c8;  1 drivers
v0000025c73e6d040_0 .net *"_ivl_2", 31 0, L_0000025c73f99a60;  1 drivers
v0000025c73e6d860_0 .net *"_ivl_8", 62 0, L_0000025c73f9b860;  1 drivers
v0000025c73e6d900_0 .net "booth_bits", 2 0, L_0000025c73f99920;  alias, 1 drivers
v0000025c73e6e4e0_0 .net/s "pp", 63 0, L_0000025c73f9c440;  alias, 1 drivers
v0000025c73e6e080_0 .var/s "pp_unshifted", 63 0;
v0000025c73e6e260_0 .net "shift_amount", 5 0, L_0000025c73f9ca80;  1 drivers
E_0000025c73e91e80 .event anyedge, v0000025c73e6d900_0, v0000025c73e6dfe0_0, v0000025c73e6df40_0;
L_0000025c73f999c0 .part v0000025c73f86140_0, 31, 1;
LS_0000025c73f99a60_0_0 .concat [ 1 1 1 1], L_0000025c73f999c0, L_0000025c73f999c0, L_0000025c73f999c0, L_0000025c73f999c0;
LS_0000025c73f99a60_0_4 .concat [ 1 1 1 1], L_0000025c73f999c0, L_0000025c73f999c0, L_0000025c73f999c0, L_0000025c73f999c0;
LS_0000025c73f99a60_0_8 .concat [ 1 1 1 1], L_0000025c73f999c0, L_0000025c73f999c0, L_0000025c73f999c0, L_0000025c73f999c0;
LS_0000025c73f99a60_0_12 .concat [ 1 1 1 1], L_0000025c73f999c0, L_0000025c73f999c0, L_0000025c73f999c0, L_0000025c73f999c0;
LS_0000025c73f99a60_0_16 .concat [ 1 1 1 1], L_0000025c73f999c0, L_0000025c73f999c0, L_0000025c73f999c0, L_0000025c73f999c0;
LS_0000025c73f99a60_0_20 .concat [ 1 1 1 1], L_0000025c73f999c0, L_0000025c73f999c0, L_0000025c73f999c0, L_0000025c73f999c0;
LS_0000025c73f99a60_0_24 .concat [ 1 1 1 1], L_0000025c73f999c0, L_0000025c73f999c0, L_0000025c73f999c0, L_0000025c73f999c0;
LS_0000025c73f99a60_0_28 .concat [ 1 1 1 1], L_0000025c73f999c0, L_0000025c73f999c0, L_0000025c73f999c0, L_0000025c73f999c0;
LS_0000025c73f99a60_1_0 .concat [ 4 4 4 4], LS_0000025c73f99a60_0_0, LS_0000025c73f99a60_0_4, LS_0000025c73f99a60_0_8, LS_0000025c73f99a60_0_12;
LS_0000025c73f99a60_1_4 .concat [ 4 4 4 4], LS_0000025c73f99a60_0_16, LS_0000025c73f99a60_0_20, LS_0000025c73f99a60_0_24, LS_0000025c73f99a60_0_28;
L_0000025c73f99a60 .concat [ 16 16 0 0], LS_0000025c73f99a60_1_0, LS_0000025c73f99a60_1_4;
L_0000025c73f9cee0 .concat [ 32 32 0 0], v0000025c73f86140_0, L_0000025c73f99a60;
L_0000025c73f9b860 .part L_0000025c73f9cee0, 0, 63;
L_0000025c73f9c580 .concat [ 1 63 0 0], L_0000025c73fb90c8, L_0000025c73f9b860;
L_0000025c73f9c440 .shift/l 64, v0000025c73e6e080_0, L_0000025c73f9ca80;
S_0000025c73a964e0 .scope generate, "booth_pp_gen[5]" "booth_pp_gen[5]" 7 27, 7 27 0, S_0000025c73a79cb0;
 .timescale 0 0;
P_0000025c73e918c0 .param/l "i" 0 7 27, +C4<0101>;
L_0000025c73fb91a0 .functor BUFT 1, C4<01010>, C4<0>, C4<0>, C4<0>;
v0000025c73e6d2c0_0 .net/2s *"_ivl_1", 4 0, L_0000025c73fb91a0;  1 drivers
v0000025c73e6e6c0_0 .net "booth_bits", 2 0, L_0000025c73f9d0c0;  1 drivers
L_0000025c73f9d520 .extend/s 6, L_0000025c73fb91a0;
S_0000025c73f1e220 .scope module, "bpp" "booth_partial_product" 7 31, 7 57 0, S_0000025c73a964e0;
 .timescale 0 0;
    .port_info 0 /INPUT 32 "M";
    .port_info 1 /INPUT 3 "booth_bits";
    .port_info 2 /INPUT 6 "shift_amount";
    .port_info 3 /OUTPUT 64 "pp";
v0000025c73e6e1c0_0 .net/s "M", 31 0, v0000025c73f86140_0;  alias, 1 drivers
v0000025c73e6e300_0 .net/s "M2", 63 0, L_0000025c73f9cb20;  1 drivers
v0000025c73e6eda0_0 .net/s "M_ext", 63 0, L_0000025c73f9c300;  1 drivers
v0000025c73e6ee40_0 .net *"_ivl_1", 0 0, L_0000025c73f9d020;  1 drivers
L_0000025c73fb9158 .functor BUFT 1, C4<0>, C4<0>, C4<0>, C4<0>;
v0000025c73e6f160_0 .net *"_ivl_10", 0 0, L_0000025c73fb9158;  1 drivers
v0000025c73e6e440_0 .net *"_ivl_2", 31 0, L_0000025c73f9b9a0;  1 drivers
v0000025c73e6caa0_0 .net *"_ivl_8", 62 0, L_0000025c73f9b900;  1 drivers
v0000025c73e6e580_0 .net "booth_bits", 2 0, L_0000025c73f9d0c0;  alias, 1 drivers
v0000025c73e6cfa0_0 .net/s "pp", 63 0, L_0000025c73f9b360;  alias, 1 drivers
v0000025c73e6d0e0_0 .var/s "pp_unshifted", 63 0;
v0000025c73e6e620_0 .net "shift_amount", 5 0, L_0000025c73f9d520;  1 drivers
E_0000025c73e91f40 .event anyedge, v0000025c73e6e580_0, v0000025c73e6eda0_0, v0000025c73e6e300_0;
L_0000025c73f9d020 .part v0000025c73f86140_0, 31, 1;
LS_0000025c73f9b9a0_0_0 .concat [ 1 1 1 1], L_0000025c73f9d020, L_0000025c73f9d020, L_0000025c73f9d020, L_0000025c73f9d020;
LS_0000025c73f9b9a0_0_4 .concat [ 1 1 1 1], L_0000025c73f9d020, L_0000025c73f9d020, L_0000025c73f9d020, L_0000025c73f9d020;
LS_0000025c73f9b9a0_0_8 .concat [ 1 1 1 1], L_0000025c73f9d020, L_0000025c73f9d020, L_0000025c73f9d020, L_0000025c73f9d020;
LS_0000025c73f9b9a0_0_12 .concat [ 1 1 1 1], L_0000025c73f9d020, L_0000025c73f9d020, L_0000025c73f9d020, L_0000025c73f9d020;
LS_0000025c73f9b9a0_0_16 .concat [ 1 1 1 1], L_0000025c73f9d020, L_0000025c73f9d020, L_0000025c73f9d020, L_0000025c73f9d020;
LS_0000025c73f9b9a0_0_20 .concat [ 1 1 1 1], L_0000025c73f9d020, L_0000025c73f9d020, L_0000025c73f9d020, L_0000025c73f9d020;
LS_0000025c73f9b9a0_0_24 .concat [ 1 1 1 1], L_0000025c73f9d020, L_0000025c73f9d020, L_0000025c73f9d020, L_0000025c73f9d020;
LS_0000025c73f9b9a0_0_28 .concat [ 1 1 1 1], L_0000025c73f9d020, L_0000025c73f9d020, L_0000025c73f9d020, L_0000025c73f9d020;
LS_0000025c73f9b9a0_1_0 .concat [ 4 4 4 4], LS_0000025c73f9b9a0_0_0, LS_0000025c73f9b9a0_0_4, LS_0000025c73f9b9a0_0_8, LS_0000025c73f9b9a0_0_12;
LS_0000025c73f9b9a0_1_4 .concat [ 4 4 4 4], LS_0000025c73f9b9a0_0_16, LS_0000025c73f9b9a0_0_20, LS_0000025c73f9b9a0_0_24, LS_0000025c73f9b9a0_0_28;
L_0000025c73f9b9a0 .concat [ 16 16 0 0], LS_0000025c73f9b9a0_1_0, LS_0000025c73f9b9a0_1_4;
L_0000025c73f9c300 .concat [ 32 32 0 0], v0000025c73f86140_0, L_0000025c73f9b9a0;
L_0000025c73f9b900 .part L_0000025c73f9c300, 0, 63;
L_0000025c73f9cb20 .concat [ 1 63 0 0], L_0000025c73fb9158, L_0000025c73f9b900;
L_0000025c73f9b360 .shift/l 64, v0000025c73e6d0e0_0, L_0000025c73f9d520;
S_0000025c73f1e9f0 .scope generate, "booth_pp_gen[6]" "booth_pp_gen[6]" 7 27, 7 27 0, S_0000025c73a79cb0;
 .timescale 0 0;
P_0000025c73e92280 .param/l "i" 0 7 27, +C4<0110>;
L_0000025c73fb9230 .functor BUFT 1, C4<01100>, C4<0>, C4<0>, C4<0>;
v0000025c73e6f700_0 .net/2s *"_ivl_1", 4 0, L_0000025c73fb9230;  1 drivers
v0000025c73e6f2a0_0 .net "booth_bits", 2 0, L_0000025c73f9d200;  1 drivers
L_0000025c73f9d8e0 .extend/s 6, L_0000025c73fb9230;
S_0000025c73f1eb80 .scope module, "bpp" "booth_partial_product" 7 31, 7 57 0, S_0000025c73f1e9f0;
 .timescale 0 0;
    .port_info 0 /INPUT 32 "M";
    .port_info 1 /INPUT 3 "booth_bits";
    .port_info 2 /INPUT 6 "shift_amount";
    .port_info 3 /OUTPUT 64 "pp";
v0000025c73e6e760_0 .net/s "M", 31 0, v0000025c73f86140_0;  alias, 1 drivers
v0000025c73e6e800_0 .net/s "M2", 63 0, L_0000025c73f9c3a0;  1 drivers
v0000025c73e6ea80_0 .net/s "M_ext", 63 0, L_0000025c73f9b400;  1 drivers
v0000025c73e6f980_0 .net *"_ivl_1", 0 0, L_0000025c73f9d660;  1 drivers
L_0000025c73fb91e8 .functor BUFT 1, C4<0>, C4<0>, C4<0>, C4<0>;
v0000025c73e6f340_0 .net *"_ivl_10", 0 0, L_0000025c73fb91e8;  1 drivers
v0000025c73e6f3e0_0 .net *"_ivl_2", 31 0, L_0000025c73f9b720;  1 drivers
v0000025c73e6f480_0 .net *"_ivl_8", 62 0, L_0000025c73f9b7c0;  1 drivers
v0000025c73e6f520_0 .net "booth_bits", 2 0, L_0000025c73f9d200;  alias, 1 drivers
v0000025c73e6f5c0_0 .net/s "pp", 63 0, L_0000025c73f9b220;  alias, 1 drivers
v0000025c73e6f660_0 .var/s "pp_unshifted", 63 0;
v0000025c73e6f7a0_0 .net "shift_amount", 5 0, L_0000025c73f9d8e0;  1 drivers
E_0000025c73e913c0 .event anyedge, v0000025c73e6f520_0, v0000025c73e6ea80_0, v0000025c73e6e800_0;
L_0000025c73f9d660 .part v0000025c73f86140_0, 31, 1;
LS_0000025c73f9b720_0_0 .concat [ 1 1 1 1], L_0000025c73f9d660, L_0000025c73f9d660, L_0000025c73f9d660, L_0000025c73f9d660;
LS_0000025c73f9b720_0_4 .concat [ 1 1 1 1], L_0000025c73f9d660, L_0000025c73f9d660, L_0000025c73f9d660, L_0000025c73f9d660;
LS_0000025c73f9b720_0_8 .concat [ 1 1 1 1], L_0000025c73f9d660, L_0000025c73f9d660, L_0000025c73f9d660, L_0000025c73f9d660;
LS_0000025c73f9b720_0_12 .concat [ 1 1 1 1], L_0000025c73f9d660, L_0000025c73f9d660, L_0000025c73f9d660, L_0000025c73f9d660;
LS_0000025c73f9b720_0_16 .concat [ 1 1 1 1], L_0000025c73f9d660, L_0000025c73f9d660, L_0000025c73f9d660, L_0000025c73f9d660;
LS_0000025c73f9b720_0_20 .concat [ 1 1 1 1], L_0000025c73f9d660, L_0000025c73f9d660, L_0000025c73f9d660, L_0000025c73f9d660;
LS_0000025c73f9b720_0_24 .concat [ 1 1 1 1], L_0000025c73f9d660, L_0000025c73f9d660, L_0000025c73f9d660, L_0000025c73f9d660;
LS_0000025c73f9b720_0_28 .concat [ 1 1 1 1], L_0000025c73f9d660, L_0000025c73f9d660, L_0000025c73f9d660, L_0000025c73f9d660;
LS_0000025c73f9b720_1_0 .concat [ 4 4 4 4], LS_0000025c73f9b720_0_0, LS_0000025c73f9b720_0_4, LS_0000025c73f9b720_0_8, LS_0000025c73f9b720_0_12;
LS_0000025c73f9b720_1_4 .concat [ 4 4 4 4], LS_0000025c73f9b720_0_16, LS_0000025c73f9b720_0_20, LS_0000025c73f9b720_0_24, LS_0000025c73f9b720_0_28;
L_0000025c73f9b720 .concat [ 16 16 0 0], LS_0000025c73f9b720_1_0, LS_0000025c73f9b720_1_4;
L_0000025c73f9b400 .concat [ 32 32 0 0], v0000025c73f86140_0, L_0000025c73f9b720;
L_0000025c73f9b7c0 .part L_0000025c73f9b400, 0, 63;
L_0000025c73f9c3a0 .concat [ 1 63 0 0], L_0000025c73fb91e8, L_0000025c73f9b7c0;
L_0000025c73f9b220 .shift/l 64, v0000025c73e6f660_0, L_0000025c73f9d8e0;
S_0000025c73f1ed10 .scope generate, "booth_pp_gen[7]" "booth_pp_gen[7]" 7 27, 7 27 0, S_0000025c73a79cb0;
 .timescale 0 0;
P_0000025c73e91900 .param/l "i" 0 7 27, +C4<0111>;
L_0000025c73fb92c0 .functor BUFT 1, C4<01110>, C4<0>, C4<0>, C4<0>;
v0000025c73c8fa80_0 .net/2s *"_ivl_1", 4 0, L_0000025c73fb92c0;  1 drivers
v0000025c73c8fb20_0 .net "booth_bits", 2 0, L_0000025c73f9c4e0;  1 drivers
L_0000025c73f9c6c0 .extend/s 6, L_0000025c73fb92c0;
S_0000025c73f1e6d0 .scope module, "bpp" "booth_partial_product" 7 31, 7 57 0, S_0000025c73f1ed10;
 .timescale 0 0;
    .port_info 0 /INPUT 32 "M";
    .port_info 1 /INPUT 3 "booth_bits";
    .port_info 2 /INPUT 6 "shift_amount";
    .port_info 3 /OUTPUT 64 "pp";
v0000025c73e6f840_0 .net/s "M", 31 0, v0000025c73f86140_0;  alias, 1 drivers
v0000025c73e6f8e0_0 .net/s "M2", 63 0, L_0000025c73f9cc60;  1 drivers
v0000025c73c8f620_0 .net/s "M_ext", 63 0, L_0000025c73f9b4a0;  1 drivers
v0000025c73c8fe40_0 .net *"_ivl_1", 0 0, L_0000025c73f9b2c0;  1 drivers
L_0000025c73fb9278 .functor BUFT 1, C4<0>, C4<0>, C4<0>, C4<0>;
v0000025c73c8f6c0_0 .net *"_ivl_10", 0 0, L_0000025c73fb9278;  1 drivers
v0000025c73c900c0_0 .net *"_ivl_2", 31 0, L_0000025c73f9ba40;  1 drivers
v0000025c73c8ff80_0 .net *"_ivl_8", 62 0, L_0000025c73f9b540;  1 drivers
v0000025c73c8f940_0 .net "booth_bits", 2 0, L_0000025c73f9c4e0;  alias, 1 drivers
v0000025c73c902a0_0 .net/s "pp", 63 0, L_0000025c73f9cf80;  alias, 1 drivers
v0000025c73c8f9e0_0 .var/s "pp_unshifted", 63 0;
v0000025c73c8f760_0 .net "shift_amount", 5 0, L_0000025c73f9c6c0;  1 drivers
E_0000025c73e91400 .event anyedge, v0000025c73c8f940_0, v0000025c73c8f620_0, v0000025c73e6f8e0_0;
L_0000025c73f9b2c0 .part v0000025c73f86140_0, 31, 1;
LS_0000025c73f9ba40_0_0 .concat [ 1 1 1 1], L_0000025c73f9b2c0, L_0000025c73f9b2c0, L_0000025c73f9b2c0, L_0000025c73f9b2c0;
LS_0000025c73f9ba40_0_4 .concat [ 1 1 1 1], L_0000025c73f9b2c0, L_0000025c73f9b2c0, L_0000025c73f9b2c0, L_0000025c73f9b2c0;
LS_0000025c73f9ba40_0_8 .concat [ 1 1 1 1], L_0000025c73f9b2c0, L_0000025c73f9b2c0, L_0000025c73f9b2c0, L_0000025c73f9b2c0;
LS_0000025c73f9ba40_0_12 .concat [ 1 1 1 1], L_0000025c73f9b2c0, L_0000025c73f9b2c0, L_0000025c73f9b2c0, L_0000025c73f9b2c0;
LS_0000025c73f9ba40_0_16 .concat [ 1 1 1 1], L_0000025c73f9b2c0, L_0000025c73f9b2c0, L_0000025c73f9b2c0, L_0000025c73f9b2c0;
LS_0000025c73f9ba40_0_20 .concat [ 1 1 1 1], L_0000025c73f9b2c0, L_0000025c73f9b2c0, L_0000025c73f9b2c0, L_0000025c73f9b2c0;
LS_0000025c73f9ba40_0_24 .concat [ 1 1 1 1], L_0000025c73f9b2c0, L_0000025c73f9b2c0, L_0000025c73f9b2c0, L_0000025c73f9b2c0;
LS_0000025c73f9ba40_0_28 .concat [ 1 1 1 1], L_0000025c73f9b2c0, L_0000025c73f9b2c0, L_0000025c73f9b2c0, L_0000025c73f9b2c0;
LS_0000025c73f9ba40_1_0 .concat [ 4 4 4 4], LS_0000025c73f9ba40_0_0, LS_0000025c73f9ba40_0_4, LS_0000025c73f9ba40_0_8, LS_0000025c73f9ba40_0_12;
LS_0000025c73f9ba40_1_4 .concat [ 4 4 4 4], LS_0000025c73f9ba40_0_16, LS_0000025c73f9ba40_0_20, LS_0000025c73f9ba40_0_24, LS_0000025c73f9ba40_0_28;
L_0000025c73f9ba40 .concat [ 16 16 0 0], LS_0000025c73f9ba40_1_0, LS_0000025c73f9ba40_1_4;
L_0000025c73f9b4a0 .concat [ 32 32 0 0], v0000025c73f86140_0, L_0000025c73f9ba40;
L_0000025c73f9b540 .part L_0000025c73f9b4a0, 0, 63;
L_0000025c73f9cc60 .concat [ 1 63 0 0], L_0000025c73fb9278, L_0000025c73f9b540;
L_0000025c73f9cf80 .shift/l 64, v0000025c73c8f9e0_0, L_0000025c73f9c6c0;
S_0000025c73f1df00 .scope generate, "booth_pp_gen[8]" "booth_pp_gen[8]" 7 27, 7 27 0, S_0000025c73a79cb0;
 .timescale 0 0;
P_0000025c73e91f80 .param/l "i" 0 7 27, +C4<01000>;
v0000025c73cec820_0 .net "booth_bits", 2 0, L_0000025c73f9d7a0;  1 drivers
S_0000025c73f1e3b0 .scope module, "bpp" "booth_partial_product" 7 31, 7 57 0, S_0000025c73f1df00;
 .timescale 0 0;
    .port_info 0 /INPUT 32 "M";
    .port_info 1 /INPUT 3 "booth_bits";
    .port_info 2 /INPUT 6 "shift_amount";
    .port_info 3 /OUTPUT 64 "pp";
v0000025c73c8fbc0_0 .net/s "M", 31 0, v0000025c73f86140_0;  alias, 1 drivers
v0000025c73ceb100_0 .net/s "M2", 63 0, L_0000025c73f9d340;  1 drivers
v0000025c73cec140_0 .net/s "M_ext", 63 0, L_0000025c73f9c260;  1 drivers
v0000025c73ceb4c0_0 .net *"_ivl_1", 0 0, L_0000025c73f9bae0;  1 drivers
L_0000025c73fb9308 .functor BUFT 1, C4<0>, C4<0>, C4<0>, C4<0>;
v0000025c73cec1e0_0 .net *"_ivl_10", 0 0, L_0000025c73fb9308;  1 drivers
v0000025c73cec280_0 .net *"_ivl_2", 31 0, L_0000025c73f9bb80;  1 drivers
v0000025c73ceb740_0 .net *"_ivl_8", 62 0, L_0000025c73f9bc20;  1 drivers
v0000025c73ceb1a0_0 .net "booth_bits", 2 0, L_0000025c73f9d7a0;  alias, 1 drivers
v0000025c73cec460_0 .net/s "pp", 63 0, L_0000025c73f9bcc0;  alias, 1 drivers
v0000025c73cec5a0_0 .var/s "pp_unshifted", 63 0;
L_0000025c73fb9350 .functor BUFT 1, C4<010000>, C4<0>, C4<0>, C4<0>;
v0000025c73cec6e0_0 .net "shift_amount", 5 0, L_0000025c73fb9350;  1 drivers
E_0000025c73e92040 .event anyedge, v0000025c73ceb1a0_0, v0000025c73cec140_0, v0000025c73ceb100_0;
L_0000025c73f9bae0 .part v0000025c73f86140_0, 31, 1;
LS_0000025c73f9bb80_0_0 .concat [ 1 1 1 1], L_0000025c73f9bae0, L_0000025c73f9bae0, L_0000025c73f9bae0, L_0000025c73f9bae0;
LS_0000025c73f9bb80_0_4 .concat [ 1 1 1 1], L_0000025c73f9bae0, L_0000025c73f9bae0, L_0000025c73f9bae0, L_0000025c73f9bae0;
LS_0000025c73f9bb80_0_8 .concat [ 1 1 1 1], L_0000025c73f9bae0, L_0000025c73f9bae0, L_0000025c73f9bae0, L_0000025c73f9bae0;
LS_0000025c73f9bb80_0_12 .concat [ 1 1 1 1], L_0000025c73f9bae0, L_0000025c73f9bae0, L_0000025c73f9bae0, L_0000025c73f9bae0;
LS_0000025c73f9bb80_0_16 .concat [ 1 1 1 1], L_0000025c73f9bae0, L_0000025c73f9bae0, L_0000025c73f9bae0, L_0000025c73f9bae0;
LS_0000025c73f9bb80_0_20 .concat [ 1 1 1 1], L_0000025c73f9bae0, L_0000025c73f9bae0, L_0000025c73f9bae0, L_0000025c73f9bae0;
LS_0000025c73f9bb80_0_24 .concat [ 1 1 1 1], L_0000025c73f9bae0, L_0000025c73f9bae0, L_0000025c73f9bae0, L_0000025c73f9bae0;
LS_0000025c73f9bb80_0_28 .concat [ 1 1 1 1], L_0000025c73f9bae0, L_0000025c73f9bae0, L_0000025c73f9bae0, L_0000025c73f9bae0;
LS_0000025c73f9bb80_1_0 .concat [ 4 4 4 4], LS_0000025c73f9bb80_0_0, LS_0000025c73f9bb80_0_4, LS_0000025c73f9bb80_0_8, LS_0000025c73f9bb80_0_12;
LS_0000025c73f9bb80_1_4 .concat [ 4 4 4 4], LS_0000025c73f9bb80_0_16, LS_0000025c73f9bb80_0_20, LS_0000025c73f9bb80_0_24, LS_0000025c73f9bb80_0_28;
L_0000025c73f9bb80 .concat [ 16 16 0 0], LS_0000025c73f9bb80_1_0, LS_0000025c73f9bb80_1_4;
L_0000025c73f9c260 .concat [ 32 32 0 0], v0000025c73f86140_0, L_0000025c73f9bb80;
L_0000025c73f9bc20 .part L_0000025c73f9c260, 0, 63;
L_0000025c73f9d340 .concat [ 1 63 0 0], L_0000025c73fb9308, L_0000025c73f9bc20;
L_0000025c73f9bcc0 .shift/l 64, v0000025c73cec5a0_0, L_0000025c73fb9350;
S_0000025c73f1e540 .scope generate, "booth_pp_gen[9]" "booth_pp_gen[9]" 7 27, 7 27 0, S_0000025c73a79cb0;
 .timescale 0 0;
P_0000025c73e928c0 .param/l "i" 0 7 27, +C4<01001>;
v0000025c73f1fd00_0 .net "booth_bits", 2 0, L_0000025c73f9bd60;  1 drivers
S_0000025c73f1e090 .scope module, "bpp" "booth_partial_product" 7 31, 7 57 0, S_0000025c73f1e540;
 .timescale 0 0;
    .port_info 0 /INPUT 32 "M";
    .port_info 1 /INPUT 3 "booth_bits";
    .port_info 2 /INPUT 6 "shift_amount";
    .port_info 3 /OUTPUT 64 "pp";
v0000025c73ca8b40_0 .net/s "M", 31 0, v0000025c73f86140_0;  alias, 1 drivers
v0000025c73c91d50_0 .net/s "M2", 63 0, L_0000025c73f9bea0;  1 drivers
v0000025c73cbfb30_0 .net/s "M_ext", 63 0, L_0000025c73f9d700;  1 drivers
v0000025c73f212e0_0 .net *"_ivl_1", 0 0, L_0000025c73f9d5c0;  1 drivers
L_0000025c73fb9398 .functor BUFT 1, C4<0>, C4<0>, C4<0>, C4<0>;
v0000025c73f21420_0 .net *"_ivl_10", 0 0, L_0000025c73fb9398;  1 drivers
v0000025c73f20840_0 .net *"_ivl_2", 31 0, L_0000025c73f9be00;  1 drivers
v0000025c73f208e0_0 .net *"_ivl_8", 62 0, L_0000025c73f9c080;  1 drivers
v0000025c73f1f1c0_0 .net "booth_bits", 2 0, L_0000025c73f9bd60;  alias, 1 drivers
v0000025c73f1f080_0 .net/s "pp", 63 0, L_0000025c73f9bf40;  alias, 1 drivers
v0000025c73f1f120_0 .var/s "pp_unshifted", 63 0;
L_0000025c73fb93e0 .functor BUFT 1, C4<010010>, C4<0>, C4<0>, C4<0>;
v0000025c73f21240_0 .net "shift_amount", 5 0, L_0000025c73fb93e0;  1 drivers
E_0000025c73e93180 .event anyedge, v0000025c73f1f1c0_0, v0000025c73cbfb30_0, v0000025c73c91d50_0;
L_0000025c73f9d5c0 .part v0000025c73f86140_0, 31, 1;
LS_0000025c73f9be00_0_0 .concat [ 1 1 1 1], L_0000025c73f9d5c0, L_0000025c73f9d5c0, L_0000025c73f9d5c0, L_0000025c73f9d5c0;
LS_0000025c73f9be00_0_4 .concat [ 1 1 1 1], L_0000025c73f9d5c0, L_0000025c73f9d5c0, L_0000025c73f9d5c0, L_0000025c73f9d5c0;
LS_0000025c73f9be00_0_8 .concat [ 1 1 1 1], L_0000025c73f9d5c0, L_0000025c73f9d5c0, L_0000025c73f9d5c0, L_0000025c73f9d5c0;
LS_0000025c73f9be00_0_12 .concat [ 1 1 1 1], L_0000025c73f9d5c0, L_0000025c73f9d5c0, L_0000025c73f9d5c0, L_0000025c73f9d5c0;
LS_0000025c73f9be00_0_16 .concat [ 1 1 1 1], L_0000025c73f9d5c0, L_0000025c73f9d5c0, L_0000025c73f9d5c0, L_0000025c73f9d5c0;
LS_0000025c73f9be00_0_20 .concat [ 1 1 1 1], L_0000025c73f9d5c0, L_0000025c73f9d5c0, L_0000025c73f9d5c0, L_0000025c73f9d5c0;
LS_0000025c73f9be00_0_24 .concat [ 1 1 1 1], L_0000025c73f9d5c0, L_0000025c73f9d5c0, L_0000025c73f9d5c0, L_0000025c73f9d5c0;
LS_0000025c73f9be00_0_28 .concat [ 1 1 1 1], L_0000025c73f9d5c0, L_0000025c73f9d5c0, L_0000025c73f9d5c0, L_0000025c73f9d5c0;
LS_0000025c73f9be00_1_0 .concat [ 4 4 4 4], LS_0000025c73f9be00_0_0, LS_0000025c73f9be00_0_4, LS_0000025c73f9be00_0_8, LS_0000025c73f9be00_0_12;
LS_0000025c73f9be00_1_4 .concat [ 4 4 4 4], LS_0000025c73f9be00_0_16, LS_0000025c73f9be00_0_20, LS_0000025c73f9be00_0_24, LS_0000025c73f9be00_0_28;
L_0000025c73f9be00 .concat [ 16 16 0 0], LS_0000025c73f9be00_1_0, LS_0000025c73f9be00_1_4;
L_0000025c73f9d700 .concat [ 32 32 0 0], v0000025c73f86140_0, L_0000025c73f9be00;
L_0000025c73f9c080 .part L_0000025c73f9d700, 0, 63;
L_0000025c73f9bea0 .concat [ 1 63 0 0], L_0000025c73fb9398, L_0000025c73f9c080;
L_0000025c73f9bf40 .shift/l 64, v0000025c73f1f120_0, L_0000025c73fb93e0;
S_0000025c73f1e860 .scope generate, "booth_pp_gen[10]" "booth_pp_gen[10]" 7 27, 7 27 0, S_0000025c73a79cb0;
 .timescale 0 0;
P_0000025c73e922c0 .param/l "i" 0 7 27, +C4<01010>;
v0000025c73f1f3a0_0 .net "booth_bits", 2 0, L_0000025c73f9bfe0;  1 drivers
S_0000025c73f2ef20 .scope module, "bpp" "booth_partial_product" 7 31, 7 57 0, S_0000025c73f1e860;
 .timescale 0 0;
    .port_info 0 /INPUT 32 "M";
    .port_info 1 /INPUT 3 "booth_bits";
    .port_info 2 /INPUT 6 "shift_amount";
    .port_info 3 /OUTPUT 64 "pp";
v0000025c73f20660_0 .net/s "M", 31 0, v0000025c73f86140_0;  alias, 1 drivers
v0000025c73f1f300_0 .net/s "M2", 63 0, L_0000025c73f9b180;  1 drivers
v0000025c73f20700_0 .net/s "M_ext", 63 0, L_0000025c73f9d160;  1 drivers
v0000025c73f20de0_0 .net *"_ivl_1", 0 0, L_0000025c73f9d840;  1 drivers
L_0000025c73fb9428 .functor BUFT 1, C4<0>, C4<0>, C4<0>, C4<0>;
v0000025c73f1f260_0 .net *"_ivl_10", 0 0, L_0000025c73fb9428;  1 drivers
v0000025c73f216a0_0 .net *"_ivl_2", 31 0, L_0000025c73f9c620;  1 drivers
v0000025c73f20f20_0 .net *"_ivl_8", 62 0, L_0000025c73f9c760;  1 drivers
v0000025c73f1f8a0_0 .net "booth_bits", 2 0, L_0000025c73f9bfe0;  alias, 1 drivers
v0000025c73f20fc0_0 .net/s "pp", 63 0, L_0000025c73f9c120;  alias, 1 drivers
v0000025c73f20980_0 .var/s "pp_unshifted", 63 0;
L_0000025c73fb9470 .functor BUFT 1, C4<010100>, C4<0>, C4<0>, C4<0>;
v0000025c73f214c0_0 .net "shift_amount", 5 0, L_0000025c73fb9470;  1 drivers
E_0000025c73e930c0 .event anyedge, v0000025c73f1f8a0_0, v0000025c73f20700_0, v0000025c73f1f300_0;
L_0000025c73f9d840 .part v0000025c73f86140_0, 31, 1;
LS_0000025c73f9c620_0_0 .concat [ 1 1 1 1], L_0000025c73f9d840, L_0000025c73f9d840, L_0000025c73f9d840, L_0000025c73f9d840;
LS_0000025c73f9c620_0_4 .concat [ 1 1 1 1], L_0000025c73f9d840, L_0000025c73f9d840, L_0000025c73f9d840, L_0000025c73f9d840;
LS_0000025c73f9c620_0_8 .concat [ 1 1 1 1], L_0000025c73f9d840, L_0000025c73f9d840, L_0000025c73f9d840, L_0000025c73f9d840;
LS_0000025c73f9c620_0_12 .concat [ 1 1 1 1], L_0000025c73f9d840, L_0000025c73f9d840, L_0000025c73f9d840, L_0000025c73f9d840;
LS_0000025c73f9c620_0_16 .concat [ 1 1 1 1], L_0000025c73f9d840, L_0000025c73f9d840, L_0000025c73f9d840, L_0000025c73f9d840;
LS_0000025c73f9c620_0_20 .concat [ 1 1 1 1], L_0000025c73f9d840, L_0000025c73f9d840, L_0000025c73f9d840, L_0000025c73f9d840;
LS_0000025c73f9c620_0_24 .concat [ 1 1 1 1], L_0000025c73f9d840, L_0000025c73f9d840, L_0000025c73f9d840, L_0000025c73f9d840;
LS_0000025c73f9c620_0_28 .concat [ 1 1 1 1], L_0000025c73f9d840, L_0000025c73f9d840, L_0000025c73f9d840, L_0000025c73f9d840;
LS_0000025c73f9c620_1_0 .concat [ 4 4 4 4], LS_0000025c73f9c620_0_0, LS_0000025c73f9c620_0_4, LS_0000025c73f9c620_0_8, LS_0000025c73f9c620_0_12;
LS_0000025c73f9c620_1_4 .concat [ 4 4 4 4], LS_0000025c73f9c620_0_16, LS_0000025c73f9c620_0_20, LS_0000025c73f9c620_0_24, LS_0000025c73f9c620_0_28;
L_0000025c73f9c620 .concat [ 16 16 0 0], LS_0000025c73f9c620_1_0, LS_0000025c73f9c620_1_4;
L_0000025c73f9d160 .concat [ 32 32 0 0], v0000025c73f86140_0, L_0000025c73f9c620;
L_0000025c73f9c760 .part L_0000025c73f9d160, 0, 63;
L_0000025c73f9b180 .concat [ 1 63 0 0], L_0000025c73fb9428, L_0000025c73f9c760;
L_0000025c73f9c120 .shift/l 64, v0000025c73f20980_0, L_0000025c73fb9470;
S_0000025c73f30820 .scope generate, "booth_pp_gen[11]" "booth_pp_gen[11]" 7 27, 7 27 0, S_0000025c73a79cb0;
 .timescale 0 0;
P_0000025c73e92d00 .param/l "i" 0 7 27, +C4<01011>;
v0000025c73f200c0_0 .net "booth_bits", 2 0, L_0000025c73f9b5e0;  1 drivers
S_0000025c73f2fa10 .scope module, "bpp" "booth_partial_product" 7 31, 7 57 0, S_0000025c73f30820;
 .timescale 0 0;
    .port_info 0 /INPUT 32 "M";
    .port_info 1 /INPUT 3 "booth_bits";
    .port_info 2 /INPUT 6 "shift_amount";
    .port_info 3 /OUTPUT 64 "pp";
v0000025c73f1efe0_0 .net/s "M", 31 0, v0000025c73f86140_0;  alias, 1 drivers
v0000025c73f207a0_0 .net/s "M2", 63 0, L_0000025c73f9c940;  1 drivers
v0000025c73f20a20_0 .net/s "M_ext", 63 0, L_0000025c73f9c800;  1 drivers
v0000025c73f20200_0 .net *"_ivl_1", 0 0, L_0000025c73f9c1c0;  1 drivers
L_0000025c73fb94b8 .functor BUFT 1, C4<0>, C4<0>, C4<0>, C4<0>;
v0000025c73f1f440_0 .net *"_ivl_10", 0 0, L_0000025c73fb94b8;  1 drivers
v0000025c73f21380_0 .net *"_ivl_2", 31 0, L_0000025c73f9b680;  1 drivers
v0000025c73f1f800_0 .net *"_ivl_8", 62 0, L_0000025c73f9c8a0;  1 drivers
v0000025c73f20ac0_0 .net "booth_bits", 2 0, L_0000025c73f9b5e0;  alias, 1 drivers
v0000025c73f21600_0 .net/s "pp", 63 0, L_0000025c73f9c9e0;  alias, 1 drivers
v0000025c73f1f4e0_0 .var/s "pp_unshifted", 63 0;
L_0000025c73fb9500 .functor BUFT 1, C4<010110>, C4<0>, C4<0>, C4<0>;
v0000025c73f21560_0 .net "shift_amount", 5 0, L_0000025c73fb9500;  1 drivers
E_0000025c73e92d40 .event anyedge, v0000025c73f20ac0_0, v0000025c73f20a20_0, v0000025c73f207a0_0;
L_0000025c73f9c1c0 .part v0000025c73f86140_0, 31, 1;
LS_0000025c73f9b680_0_0 .concat [ 1 1 1 1], L_0000025c73f9c1c0, L_0000025c73f9c1c0, L_0000025c73f9c1c0, L_0000025c73f9c1c0;
LS_0000025c73f9b680_0_4 .concat [ 1 1 1 1], L_0000025c73f9c1c0, L_0000025c73f9c1c0, L_0000025c73f9c1c0, L_0000025c73f9c1c0;
LS_0000025c73f9b680_0_8 .concat [ 1 1 1 1], L_0000025c73f9c1c0, L_0000025c73f9c1c0, L_0000025c73f9c1c0, L_0000025c73f9c1c0;
LS_0000025c73f9b680_0_12 .concat [ 1 1 1 1], L_0000025c73f9c1c0, L_0000025c73f9c1c0, L_0000025c73f9c1c0, L_0000025c73f9c1c0;
LS_0000025c73f9b680_0_16 .concat [ 1 1 1 1], L_0000025c73f9c1c0, L_0000025c73f9c1c0, L_0000025c73f9c1c0, L_0000025c73f9c1c0;
LS_0000025c73f9b680_0_20 .concat [ 1 1 1 1], L_0000025c73f9c1c0, L_0000025c73f9c1c0, L_0000025c73f9c1c0, L_0000025c73f9c1c0;
LS_0000025c73f9b680_0_24 .concat [ 1 1 1 1], L_0000025c73f9c1c0, L_0000025c73f9c1c0, L_0000025c73f9c1c0, L_0000025c73f9c1c0;
LS_0000025c73f9b680_0_28 .concat [ 1 1 1 1], L_0000025c73f9c1c0, L_0000025c73f9c1c0, L_0000025c73f9c1c0, L_0000025c73f9c1c0;
LS_0000025c73f9b680_1_0 .concat [ 4 4 4 4], LS_0000025c73f9b680_0_0, LS_0000025c73f9b680_0_4, LS_0000025c73f9b680_0_8, LS_0000025c73f9b680_0_12;
LS_0000025c73f9b680_1_4 .concat [ 4 4 4 4], LS_0000025c73f9b680_0_16, LS_0000025c73f9b680_0_20, LS_0000025c73f9b680_0_24, LS_0000025c73f9b680_0_28;
L_0000025c73f9b680 .concat [ 16 16 0 0], LS_0000025c73f9b680_1_0, LS_0000025c73f9b680_1_4;
L_0000025c73f9c800 .concat [ 32 32 0 0], v0000025c73f86140_0, L_0000025c73f9b680;
L_0000025c73f9c8a0 .part L_0000025c73f9c800, 0, 63;
L_0000025c73f9c940 .concat [ 1 63 0 0], L_0000025c73fb94b8, L_0000025c73f9c8a0;
L_0000025c73f9c9e0 .shift/l 64, v0000025c73f1f4e0_0, L_0000025c73fb9500;
S_0000025c73f2f6f0 .scope generate, "booth_pp_gen[12]" "booth_pp_gen[12]" 7 27, 7 27 0, S_0000025c73a79cb0;
 .timescale 0 0;
P_0000025c73e931c0 .param/l "i" 0 7 27, +C4<01100>;
v0000025c73f20340_0 .net "booth_bits", 2 0, L_0000025c73f9cbc0;  1 drivers
S_0000025c73f30500 .scope module, "bpp" "booth_partial_product" 7 31, 7 57 0, S_0000025c73f2f6f0;
 .timescale 0 0;
    .port_info 0 /INPUT 32 "M";
    .port_info 1 /INPUT 3 "booth_bits";
    .port_info 2 /INPUT 6 "shift_amount";
    .port_info 3 /OUTPUT 64 "pp";
v0000025c73f1fa80_0 .net/s "M", 31 0, v0000025c73f86140_0;  alias, 1 drivers
v0000025c73f1f940_0 .net/s "M2", 63 0, L_0000025c73f9d2a0;  1 drivers
v0000025c73f1ef40_0 .net/s "M_ext", 63 0, L_0000025c73f9cda0;  1 drivers
v0000025c73f203e0_0 .net *"_ivl_1", 0 0, L_0000025c73f9d3e0;  1 drivers
L_0000025c73fb9548 .functor BUFT 1, C4<0>, C4<0>, C4<0>, C4<0>;
v0000025c73f1f9e0_0 .net *"_ivl_10", 0 0, L_0000025c73fb9548;  1 drivers
v0000025c73f1fb20_0 .net *"_ivl_2", 31 0, L_0000025c73f9cd00;  1 drivers
v0000025c73f1fbc0_0 .net *"_ivl_8", 62 0, L_0000025c73f9ce40;  1 drivers
v0000025c73f1fee0_0 .net "booth_bits", 2 0, L_0000025c73f9cbc0;  alias, 1 drivers
v0000025c73f1f580_0 .net/s "pp", 63 0, L_0000025c73f9d480;  alias, 1 drivers
v0000025c73f20520_0 .var/s "pp_unshifted", 63 0;
L_0000025c73fb9590 .functor BUFT 1, C4<011000>, C4<0>, C4<0>, C4<0>;
v0000025c73f1ff80_0 .net "shift_amount", 5 0, L_0000025c73fb9590;  1 drivers
E_0000025c73e92b80 .event anyedge, v0000025c73f1fee0_0, v0000025c73f1ef40_0, v0000025c73f1f940_0;
L_0000025c73f9d3e0 .part v0000025c73f86140_0, 31, 1;
LS_0000025c73f9cd00_0_0 .concat [ 1 1 1 1], L_0000025c73f9d3e0, L_0000025c73f9d3e0, L_0000025c73f9d3e0, L_0000025c73f9d3e0;
LS_0000025c73f9cd00_0_4 .concat [ 1 1 1 1], L_0000025c73f9d3e0, L_0000025c73f9d3e0, L_0000025c73f9d3e0, L_0000025c73f9d3e0;
LS_0000025c73f9cd00_0_8 .concat [ 1 1 1 1], L_0000025c73f9d3e0, L_0000025c73f9d3e0, L_0000025c73f9d3e0, L_0000025c73f9d3e0;
LS_0000025c73f9cd00_0_12 .concat [ 1 1 1 1], L_0000025c73f9d3e0, L_0000025c73f9d3e0, L_0000025c73f9d3e0, L_0000025c73f9d3e0;
LS_0000025c73f9cd00_0_16 .concat [ 1 1 1 1], L_0000025c73f9d3e0, L_0000025c73f9d3e0, L_0000025c73f9d3e0, L_0000025c73f9d3e0;
LS_0000025c73f9cd00_0_20 .concat [ 1 1 1 1], L_0000025c73f9d3e0, L_0000025c73f9d3e0, L_0000025c73f9d3e0, L_0000025c73f9d3e0;
LS_0000025c73f9cd00_0_24 .concat [ 1 1 1 1], L_0000025c73f9d3e0, L_0000025c73f9d3e0, L_0000025c73f9d3e0, L_0000025c73f9d3e0;
LS_0000025c73f9cd00_0_28 .concat [ 1 1 1 1], L_0000025c73f9d3e0, L_0000025c73f9d3e0, L_0000025c73f9d3e0, L_0000025c73f9d3e0;
LS_0000025c73f9cd00_1_0 .concat [ 4 4 4 4], LS_0000025c73f9cd00_0_0, LS_0000025c73f9cd00_0_4, LS_0000025c73f9cd00_0_8, LS_0000025c73f9cd00_0_12;
LS_0000025c73f9cd00_1_4 .concat [ 4 4 4 4], LS_0000025c73f9cd00_0_16, LS_0000025c73f9cd00_0_20, LS_0000025c73f9cd00_0_24, LS_0000025c73f9cd00_0_28;
L_0000025c73f9cd00 .concat [ 16 16 0 0], LS_0000025c73f9cd00_1_0, LS_0000025c73f9cd00_1_4;
L_0000025c73f9cda0 .concat [ 32 32 0 0], v0000025c73f86140_0, L_0000025c73f9cd00;
L_0000025c73f9ce40 .part L_0000025c73f9cda0, 0, 63;
L_0000025c73f9d2a0 .concat [ 1 63 0 0], L_0000025c73fb9548, L_0000025c73f9ce40;
L_0000025c73f9d480 .shift/l 64, v0000025c73f20520_0, L_0000025c73fb9590;
S_0000025c73f30050 .scope generate, "booth_pp_gen[13]" "booth_pp_gen[13]" 7 27, 7 27 0, S_0000025c73a79cb0;
 .timescale 0 0;
P_0000025c73e93100 .param/l "i" 0 7 27, +C4<01101>;
v0000025c73f1fe40_0 .net "booth_bits", 2 0, L_0000025c7404de10;  1 drivers
S_0000025c73f30cd0 .scope module, "bpp" "booth_partial_product" 7 31, 7 57 0, S_0000025c73f30050;
 .timescale 0 0;
    .port_info 0 /INPUT 32 "M";
    .port_info 1 /INPUT 3 "booth_bits";
    .port_info 2 /INPUT 6 "shift_amount";
    .port_info 3 /OUTPUT 64 "pp";
v0000025c73f20e80_0 .net/s "M", 31 0, v0000025c73f86140_0;  alias, 1 drivers
v0000025c73f1f760_0 .net/s "M2", 63 0, L_0000025c7404d370;  1 drivers
v0000025c73f1f620_0 .net/s "M_ext", 63 0, L_0000025c7404e770;  1 drivers
v0000025c73f21060_0 .net *"_ivl_1", 0 0, L_0000025c7404d190;  1 drivers
L_0000025c73fb95d8 .functor BUFT 1, C4<0>, C4<0>, C4<0>, C4<0>;
v0000025c73f211a0_0 .net *"_ivl_10", 0 0, L_0000025c73fb95d8;  1 drivers
v0000025c73f1f6c0_0 .net *"_ivl_2", 31 0, L_0000025c7404cdd0;  1 drivers
v0000025c73f1fc60_0 .net *"_ivl_8", 62 0, L_0000025c7404e270;  1 drivers
v0000025c73f1fda0_0 .net "booth_bits", 2 0, L_0000025c7404de10;  alias, 1 drivers
v0000025c73f20d40_0 .net/s "pp", 63 0, L_0000025c7404d410;  alias, 1 drivers
v0000025c73f21100_0 .var/s "pp_unshifted", 63 0;
L_0000025c73fb9620 .functor BUFT 1, C4<011010>, C4<0>, C4<0>, C4<0>;
v0000025c73f20020_0 .net "shift_amount", 5 0, L_0000025c73fb9620;  1 drivers
E_0000025c73e92f40 .event anyedge, v0000025c73f1fda0_0, v0000025c73f1f620_0, v0000025c73f1f760_0;
L_0000025c7404d190 .part v0000025c73f86140_0, 31, 1;
LS_0000025c7404cdd0_0_0 .concat [ 1 1 1 1], L_0000025c7404d190, L_0000025c7404d190, L_0000025c7404d190, L_0000025c7404d190;
LS_0000025c7404cdd0_0_4 .concat [ 1 1 1 1], L_0000025c7404d190, L_0000025c7404d190, L_0000025c7404d190, L_0000025c7404d190;
LS_0000025c7404cdd0_0_8 .concat [ 1 1 1 1], L_0000025c7404d190, L_0000025c7404d190, L_0000025c7404d190, L_0000025c7404d190;
LS_0000025c7404cdd0_0_12 .concat [ 1 1 1 1], L_0000025c7404d190, L_0000025c7404d190, L_0000025c7404d190, L_0000025c7404d190;
LS_0000025c7404cdd0_0_16 .concat [ 1 1 1 1], L_0000025c7404d190, L_0000025c7404d190, L_0000025c7404d190, L_0000025c7404d190;
LS_0000025c7404cdd0_0_20 .concat [ 1 1 1 1], L_0000025c7404d190, L_0000025c7404d190, L_0000025c7404d190, L_0000025c7404d190;
LS_0000025c7404cdd0_0_24 .concat [ 1 1 1 1], L_0000025c7404d190, L_0000025c7404d190, L_0000025c7404d190, L_0000025c7404d190;
LS_0000025c7404cdd0_0_28 .concat [ 1 1 1 1], L_0000025c7404d190, L_0000025c7404d190, L_0000025c7404d190, L_0000025c7404d190;
LS_0000025c7404cdd0_1_0 .concat [ 4 4 4 4], LS_0000025c7404cdd0_0_0, LS_0000025c7404cdd0_0_4, LS_0000025c7404cdd0_0_8, LS_0000025c7404cdd0_0_12;
LS_0000025c7404cdd0_1_4 .concat [ 4 4 4 4], LS_0000025c7404cdd0_0_16, LS_0000025c7404cdd0_0_20, LS_0000025c7404cdd0_0_24, LS_0000025c7404cdd0_0_28;
L_0000025c7404cdd0 .concat [ 16 16 0 0], LS_0000025c7404cdd0_1_0, LS_0000025c7404cdd0_1_4;
L_0000025c7404e770 .concat [ 32 32 0 0], v0000025c73f86140_0, L_0000025c7404cdd0;
L_0000025c7404e270 .part L_0000025c7404e770, 0, 63;
L_0000025c7404d370 .concat [ 1 63 0 0], L_0000025c73fb95d8, L_0000025c7404e270;
L_0000025c7404d410 .shift/l 64, v0000025c73f21100_0, L_0000025c73fb9620;
S_0000025c73f30370 .scope generate, "booth_pp_gen[14]" "booth_pp_gen[14]" 7 27, 7 27 0, S_0000025c73a79cb0;
 .timescale 0 0;
P_0000025c73e92d80 .param/l "i" 0 7 27, +C4<01110>;
v0000025c73f23220_0 .net "booth_bits", 2 0, L_0000025c7404d7d0;  1 drivers
S_0000025c73f2fd30 .scope module, "bpp" "booth_partial_product" 7 31, 7 57 0, S_0000025c73f30370;
 .timescale 0 0;
    .port_info 0 /INPUT 32 "M";
    .port_info 1 /INPUT 3 "booth_bits";
    .port_info 2 /INPUT 6 "shift_amount";
    .port_info 3 /OUTPUT 64 "pp";
v0000025c73f20160_0 .net/s "M", 31 0, v0000025c73f86140_0;  alias, 1 drivers
v0000025c73f202a0_0 .net/s "M2", 63 0, L_0000025c7404c970;  1 drivers
v0000025c73f20480_0 .net/s "M_ext", 63 0, L_0000025c7404deb0;  1 drivers
v0000025c73f205c0_0 .net *"_ivl_1", 0 0, L_0000025c7404e630;  1 drivers
L_0000025c73fb9668 .functor BUFT 1, C4<0>, C4<0>, C4<0>, C4<0>;
v0000025c73f20b60_0 .net *"_ivl_10", 0 0, L_0000025c73fb9668;  1 drivers
v0000025c73f20c00_0 .net *"_ivl_2", 31 0, L_0000025c7404dff0;  1 drivers
v0000025c73f20ca0_0 .net *"_ivl_8", 62 0, L_0000025c7404d910;  1 drivers
v0000025c73f22000_0 .net "booth_bits", 2 0, L_0000025c7404d7d0;  alias, 1 drivers
v0000025c73f237c0_0 .net/s "pp", 63 0, L_0000025c7404d230;  alias, 1 drivers
v0000025c73f22320_0 .var/s "pp_unshifted", 63 0;
L_0000025c73fb96b0 .functor BUFT 1, C4<011100>, C4<0>, C4<0>, C4<0>;
v0000025c73f23180_0 .net "shift_amount", 5 0, L_0000025c73fb96b0;  1 drivers
E_0000025c73e92580 .event anyedge, v0000025c73f22000_0, v0000025c73f20480_0, v0000025c73f202a0_0;
L_0000025c7404e630 .part v0000025c73f86140_0, 31, 1;
LS_0000025c7404dff0_0_0 .concat [ 1 1 1 1], L_0000025c7404e630, L_0000025c7404e630, L_0000025c7404e630, L_0000025c7404e630;
LS_0000025c7404dff0_0_4 .concat [ 1 1 1 1], L_0000025c7404e630, L_0000025c7404e630, L_0000025c7404e630, L_0000025c7404e630;
LS_0000025c7404dff0_0_8 .concat [ 1 1 1 1], L_0000025c7404e630, L_0000025c7404e630, L_0000025c7404e630, L_0000025c7404e630;
LS_0000025c7404dff0_0_12 .concat [ 1 1 1 1], L_0000025c7404e630, L_0000025c7404e630, L_0000025c7404e630, L_0000025c7404e630;
LS_0000025c7404dff0_0_16 .concat [ 1 1 1 1], L_0000025c7404e630, L_0000025c7404e630, L_0000025c7404e630, L_0000025c7404e630;
LS_0000025c7404dff0_0_20 .concat [ 1 1 1 1], L_0000025c7404e630, L_0000025c7404e630, L_0000025c7404e630, L_0000025c7404e630;
LS_0000025c7404dff0_0_24 .concat [ 1 1 1 1], L_0000025c7404e630, L_0000025c7404e630, L_0000025c7404e630, L_0000025c7404e630;
LS_0000025c7404dff0_0_28 .concat [ 1 1 1 1], L_0000025c7404e630, L_0000025c7404e630, L_0000025c7404e630, L_0000025c7404e630;
LS_0000025c7404dff0_1_0 .concat [ 4 4 4 4], LS_0000025c7404dff0_0_0, LS_0000025c7404dff0_0_4, LS_0000025c7404dff0_0_8, LS_0000025c7404dff0_0_12;
LS_0000025c7404dff0_1_4 .concat [ 4 4 4 4], LS_0000025c7404dff0_0_16, LS_0000025c7404dff0_0_20, LS_0000025c7404dff0_0_24, LS_0000025c7404dff0_0_28;
L_0000025c7404dff0 .concat [ 16 16 0 0], LS_0000025c7404dff0_1_0, LS_0000025c7404dff0_1_4;
L_0000025c7404deb0 .concat [ 32 32 0 0], v0000025c73f86140_0, L_0000025c7404dff0;
L_0000025c7404d910 .part L_0000025c7404deb0, 0, 63;
L_0000025c7404c970 .concat [ 1 63 0 0], L_0000025c73fb9668, L_0000025c7404d910;
L_0000025c7404d230 .shift/l 64, v0000025c73f22320_0, L_0000025c73fb96b0;
S_0000025c73f2fec0 .scope generate, "booth_pp_gen[15]" "booth_pp_gen[15]" 7 27, 7 27 0, S_0000025c73a79cb0;
 .timescale 0 0;
P_0000025c73e92640 .param/l "i" 0 7 27, +C4<01111>;
v0000025c73f21a60_0 .net "booth_bits", 2 0, L_0000025c7404dcd0;  1 drivers
S_0000025c73f2f880 .scope module, "bpp" "booth_partial_product" 7 31, 7 57 0, S_0000025c73f2fec0;
 .timescale 0 0;
    .port_info 0 /INPUT 32 "M";
    .port_info 1 /INPUT 3 "booth_bits";
    .port_info 2 /INPUT 6 "shift_amount";
    .port_info 3 /OUTPUT 64 "pp";
v0000025c73f21e20_0 .net/s "M", 31 0, v0000025c73f86140_0;  alias, 1 drivers
v0000025c73f22f00_0 .net/s "M2", 63 0, L_0000025c7404ef90;  1 drivers
v0000025c73f234a0_0 .net/s "M_ext", 63 0, L_0000025c7404ee50;  1 drivers
v0000025c73f23040_0 .net *"_ivl_1", 0 0, L_0000025c7404dd70;  1 drivers
L_0000025c73fb96f8 .functor BUFT 1, C4<0>, C4<0>, C4<0>, C4<0>;
v0000025c73f23680_0 .net *"_ivl_10", 0 0, L_0000025c73fb96f8;  1 drivers
v0000025c73f228c0_0 .net *"_ivl_2", 31 0, L_0000025c7404db90;  1 drivers
v0000025c73f223c0_0 .net *"_ivl_8", 62 0, L_0000025c7404d730;  1 drivers
v0000025c73f23860_0 .net "booth_bits", 2 0, L_0000025c7404dcd0;  alias, 1 drivers
v0000025c73f23720_0 .net/s "pp", 63 0, L_0000025c7404e6d0;  alias, 1 drivers
v0000025c73f23900_0 .var/s "pp_unshifted", 63 0;
L_0000025c73fb9740 .functor BUFT 1, C4<011110>, C4<0>, C4<0>, C4<0>;
v0000025c73f23ae0_0 .net "shift_amount", 5 0, L_0000025c73fb9740;  1 drivers
E_0000025c73e92540 .event anyedge, v0000025c73f23860_0, v0000025c73f234a0_0, v0000025c73f22f00_0;
L_0000025c7404dd70 .part v0000025c73f86140_0, 31, 1;
LS_0000025c7404db90_0_0 .concat [ 1 1 1 1], L_0000025c7404dd70, L_0000025c7404dd70, L_0000025c7404dd70, L_0000025c7404dd70;
LS_0000025c7404db90_0_4 .concat [ 1 1 1 1], L_0000025c7404dd70, L_0000025c7404dd70, L_0000025c7404dd70, L_0000025c7404dd70;
LS_0000025c7404db90_0_8 .concat [ 1 1 1 1], L_0000025c7404dd70, L_0000025c7404dd70, L_0000025c7404dd70, L_0000025c7404dd70;
LS_0000025c7404db90_0_12 .concat [ 1 1 1 1], L_0000025c7404dd70, L_0000025c7404dd70, L_0000025c7404dd70, L_0000025c7404dd70;
LS_0000025c7404db90_0_16 .concat [ 1 1 1 1], L_0000025c7404dd70, L_0000025c7404dd70, L_0000025c7404dd70, L_0000025c7404dd70;
LS_0000025c7404db90_0_20 .concat [ 1 1 1 1], L_0000025c7404dd70, L_0000025c7404dd70, L_0000025c7404dd70, L_0000025c7404dd70;
LS_0000025c7404db90_0_24 .concat [ 1 1 1 1], L_0000025c7404dd70, L_0000025c7404dd70, L_0000025c7404dd70, L_0000025c7404dd70;
LS_0000025c7404db90_0_28 .concat [ 1 1 1 1], L_0000025c7404dd70, L_0000025c7404dd70, L_0000025c7404dd70, L_0000025c7404dd70;
LS_0000025c7404db90_1_0 .concat [ 4 4 4 4], LS_0000025c7404db90_0_0, LS_0000025c7404db90_0_4, LS_0000025c7404db90_0_8, LS_0000025c7404db90_0_12;
LS_0000025c7404db90_1_4 .concat [ 4 4 4 4], LS_0000025c7404db90_0_16, LS_0000025c7404db90_0_20, LS_0000025c7404db90_0_24, LS_0000025c7404db90_0_28;
L_0000025c7404db90 .concat [ 16 16 0 0], LS_0000025c7404db90_1_0, LS_0000025c7404db90_1_4;
L_0000025c7404ee50 .concat [ 32 32 0 0], v0000025c73f86140_0, L_0000025c7404db90;
L_0000025c7404d730 .part L_0000025c7404ee50, 0, 63;
L_0000025c7404ef90 .concat [ 1 63 0 0], L_0000025c73fb96f8, L_0000025c7404d730;
L_0000025c7404e6d0 .shift/l 64, v0000025c73f23900_0, L_0000025c73fb9740;
S_0000025c73f2fba0 .scope module, "bpp_last" "booth_partial_product" 7 44, 7 57 0, S_0000025c73a79cb0;
 .timescale 0 0;
    .port_info 0 /INPUT 32 "M";
    .port_info 1 /INPUT 3 "booth_bits";
    .port_info 2 /INPUT 6 "shift_amount";
    .port_info 3 /OUTPUT 64 "pp";
v0000025c73f22460_0 .net/s "M", 31 0, v0000025c73f86140_0;  alias, 1 drivers
v0000025c73f232c0_0 .net/s "M2", 63 0, L_0000025c7404e8b0;  1 drivers
v0000025c73f220a0_0 .net/s "M_ext", 63 0, L_0000025c7404d690;  1 drivers
v0000025c73f22140_0 .net *"_ivl_1", 0 0, L_0000025c7404da50;  1 drivers
L_0000025c73fb97d0 .functor BUFT 1, C4<0>, C4<0>, C4<0>, C4<0>;
v0000025c73f23e00_0 .net *"_ivl_10", 0 0, L_0000025c73fb97d0;  1 drivers
v0000025c73f239a0_0 .net *"_ivl_2", 31 0, L_0000025c7404cd30;  1 drivers
v0000025c73f21ec0_0 .net *"_ivl_8", 62 0, L_0000025c7404ce70;  1 drivers
v0000025c73f21b00_0 .net "booth_bits", 2 0, L_0000025c7404d9b0;  alias, 1 drivers
v0000025c73f22fa0_0 .net/s "pp", 63 0, L_0000025c7404ec70;  alias, 1 drivers
v0000025c73f235e0_0 .var/s "pp_unshifted", 63 0;
v0000025c73f219c0_0 .net "shift_amount", 5 0, L_0000025c7404e9f0;  1 drivers
E_0000025c73e92800 .event anyedge, v0000025c73f21b00_0, v0000025c73f220a0_0, v0000025c73f232c0_0;
L_0000025c7404da50 .part v0000025c73f86140_0, 31, 1;
LS_0000025c7404cd30_0_0 .concat [ 1 1 1 1], L_0000025c7404da50, L_0000025c7404da50, L_0000025c7404da50, L_0000025c7404da50;
LS_0000025c7404cd30_0_4 .concat [ 1 1 1 1], L_0000025c7404da50, L_0000025c7404da50, L_0000025c7404da50, L_0000025c7404da50;
LS_0000025c7404cd30_0_8 .concat [ 1 1 1 1], L_0000025c7404da50, L_0000025c7404da50, L_0000025c7404da50, L_0000025c7404da50;
LS_0000025c7404cd30_0_12 .concat [ 1 1 1 1], L_0000025c7404da50, L_0000025c7404da50, L_0000025c7404da50, L_0000025c7404da50;
LS_0000025c7404cd30_0_16 .concat [ 1 1 1 1], L_0000025c7404da50, L_0000025c7404da50, L_0000025c7404da50, L_0000025c7404da50;
LS_0000025c7404cd30_0_20 .concat [ 1 1 1 1], L_0000025c7404da50, L_0000025c7404da50, L_0000025c7404da50, L_0000025c7404da50;
LS_0000025c7404cd30_0_24 .concat [ 1 1 1 1], L_0000025c7404da50, L_0000025c7404da50, L_0000025c7404da50, L_0000025c7404da50;
LS_0000025c7404cd30_0_28 .concat [ 1 1 1 1], L_0000025c7404da50, L_0000025c7404da50, L_0000025c7404da50, L_0000025c7404da50;
LS_0000025c7404cd30_1_0 .concat [ 4 4 4 4], LS_0000025c7404cd30_0_0, LS_0000025c7404cd30_0_4, LS_0000025c7404cd30_0_8, LS_0000025c7404cd30_0_12;
LS_0000025c7404cd30_1_4 .concat [ 4 4 4 4], LS_0000025c7404cd30_0_16, LS_0000025c7404cd30_0_20, LS_0000025c7404cd30_0_24, LS_0000025c7404cd30_0_28;
L_0000025c7404cd30 .concat [ 16 16 0 0], LS_0000025c7404cd30_1_0, LS_0000025c7404cd30_1_4;
L_0000025c7404d690 .concat [ 32 32 0 0], v0000025c73f86140_0, L_0000025c7404cd30;
L_0000025c7404ce70 .part L_0000025c7404d690, 0, 63;
L_0000025c7404e8b0 .concat [ 1 63 0 0], L_0000025c73fb97d0, L_0000025c7404ce70;
L_0000025c7404ec70 .shift/l 64, v0000025c73f235e0_0, L_0000025c7404e9f0;
S_0000025c73f301e0 .scope module, "div_unit" "divider" 6 75, 8 4 0, S_0000025c73a7c160;
 .timescale 0 0;
    .port_info 0 /INPUT 32 "Dividend";
    .port_info 1 /INPUT 32 "Divisor";
    .port_info 2 /OUTPUT 32 "Quotient";
    .port_info 3 /OUTPUT 32 "Remainder";
L_0000025c740406a0 .functor XOR 1, L_0000025c7404eb30, L_0000025c7404e130, C4<0>, C4<0>;
L_0000025c740408d0 .functor BUFZ 1, L_0000025c7404eb30, C4<0>, C4<0>, C4<0>;
L_0000025c74040080 .functor NOT 32, v0000025c73f86140_0, C4<00000000000000000000000000000000>, C4<00000000000000000000000000000000>, C4<00000000000000000000000000000000>;
L_0000025c740400f0 .functor NOT 32, v0000025c73f7a290_0, C4<00000000000000000000000000000000>, C4<00000000000000000000000000000000>, C4<00000000000000000000000000000000>;
L_0000025c7403f8a0 .functor NOT 32, v0000025c73f22c80_0, C4<00000000000000000000000000000000>, C4<00000000000000000000000000000000>, C4<00000000000000000000000000000000>;
L_0000025c74040630 .functor NOT 32, v0000025c73f21880_0, C4<00000000000000000000000000000000>, C4<00000000000000000000000000000000>, C4<00000000000000000000000000000000>;
v0000025c73f22dc0_0 .net/s "Dividend", 31 0, v0000025c73f86140_0;  alias, 1 drivers
v0000025c73f22e60_0 .net/s "Divisor", 31 0, v0000025c73f7a290_0;  alias, 1 drivers
v0000025c73f25840_0 .net/s "Quotient", 31 0, L_0000025c7404d0f0;  alias, 1 drivers
v0000025c73f24ee0_0 .net/s "Remainder", 31 0, L_0000025c7404d550;  alias, 1 drivers
L_0000025c73fb9860 .functor BUFT 1, C4<00000000000000000000000000000001>, C4<0>, C4<0>, C4<0>;
v0000025c73f24800_0 .net/2s *"_ivl_10", 31 0, L_0000025c73fb9860;  1 drivers
v0000025c73f26420_0 .net/s *"_ivl_12", 31 0, L_0000025c7404d050;  1 drivers
v0000025c73f25d40_0 .net *"_ivl_16", 31 0, L_0000025c740400f0;  1 drivers
L_0000025c73fb98a8 .functor BUFT 1, C4<00000000000000000000000000000001>, C4<0>, C4<0>, C4<0>;
v0000025c73f25700_0 .net/2s *"_ivl_18", 31 0, L_0000025c73fb98a8;  1 drivers
v0000025c73f25160_0 .net/s *"_ivl_20", 31 0, L_0000025c7404ebd0;  1 drivers
v0000025c73f24b20_0 .net *"_ivl_24", 31 0, L_0000025c7403f8a0;  1 drivers
L_0000025c73fb98f0 .functor BUFT 1, C4<00000000000000000000000000000001>, C4<0>, C4<0>, C4<0>;
v0000025c73f24440_0 .net/2u *"_ivl_26", 31 0, L_0000025c73fb98f0;  1 drivers
v0000025c73f24da0_0 .net *"_ivl_28", 31 0, L_0000025c7404cab0;  1 drivers
v0000025c73f258e0_0 .net *"_ivl_32", 31 0, L_0000025c74040630;  1 drivers
L_0000025c73fb9938 .functor BUFT 1, C4<00000000000000000000000000000001>, C4<0>, C4<0>, C4<0>;
v0000025c73f25980_0 .net/2u *"_ivl_34", 31 0, L_0000025c73fb9938;  1 drivers
v0000025c73f241c0_0 .net *"_ivl_36", 31 0, L_0000025c7404e3b0;  1 drivers
v0000025c73f24080_0 .net *"_ivl_8", 31 0, L_0000025c74040080;  1 drivers
v0000025c73f24620_0 .net "dividend_abs", 31 0, L_0000025c7404ca10;  1 drivers
v0000025c73f26240_0 .net "dividend_sign", 0 0, L_0000025c7404eb30;  1 drivers
v0000025c73f26100_0 .net "divisor_abs", 31 0, L_0000025c7404e1d0;  1 drivers
v0000025c73f25b60_0 .net "divisor_sign", 0 0, L_0000025c7404e130;  1 drivers
v0000025c73f24760_0 .net "quotient_abs", 31 0, v0000025c73f22c80_0;  1 drivers
v0000025c73f264c0_0 .net "quotient_sign", 0 0, L_0000025c740406a0;  1 drivers
v0000025c73f266a0_0 .net "remainder_abs", 31 0, v0000025c73f21880_0;  1 drivers
v0000025c73f23f40_0 .net "remainder_sign", 0 0, L_0000025c740408d0;  1 drivers
L_0000025c7404eb30 .part v0000025c73f86140_0, 31, 1;
L_0000025c7404e130 .part v0000025c73f7a290_0, 31, 1;
L_0000025c7404d050 .arith/sum 32, L_0000025c74040080, L_0000025c73fb9860;
L_0000025c7404ca10 .functor MUXZ 32, v0000025c73f86140_0, L_0000025c7404d050, L_0000025c7404eb30, C4<>;
L_0000025c7404ebd0 .arith/sum 32, L_0000025c740400f0, L_0000025c73fb98a8;
L_0000025c7404e1d0 .functor MUXZ 32, v0000025c73f7a290_0, L_0000025c7404ebd0, L_0000025c7404e130, C4<>;
L_0000025c7404cab0 .arith/sum 32, L_0000025c7403f8a0, L_0000025c73fb98f0;
L_0000025c7404d0f0 .functor MUXZ 32, v0000025c73f22c80_0, L_0000025c7404cab0, L_0000025c740406a0, C4<>;
L_0000025c7404e3b0 .arith/sum 32, L_0000025c74040630, L_0000025c73fb9938;
L_0000025c7404d550 .functor MUXZ 32, v0000025c73f21880_0, L_0000025c7404e3b0, L_0000025c740408d0, C4<>;
S_0000025c73f2f0b0 .scope module, "div_core" "non_restoring_divider_unsigned" 8 22, 8 34 0, S_0000025c73f301e0;
 .timescale 0 0;
    .port_info 0 /INPUT 32 "Dividend";
    .port_info 1 /INPUT 32 "Divisor";
    .port_info 2 /OUTPUT 32 "Quotient";
    .port_info 3 /OUTPUT 32 "Remainder";
v0000025c73f22820_0 .var "AQ", 63 0;
v0000025c73f21920_0 .net "Dividend", 31 0, L_0000025c7404ca10;  alias, 1 drivers
v0000025c73f22b40_0 .net "Divisor", 31 0, L_0000025c7404e1d0;  alias, 1 drivers
v0000025c73f22be0_0 .var "M", 31 0;
v0000025c73f217e0_0 .net "Quotient", 31 0, v0000025c73f22c80_0;  alias, 1 drivers
v0000025c73f21880_0 .var "Remainder", 31 0;
v0000025c73f22aa0_0 .var/i "i", 31 0;
v0000025c73f22c80_0 .var "quotient_reg", 31 0;
E_0000025c73e92bc0 .event anyedge, v0000025c73f22b40_0, v0000025c73f21920_0, v0000025c73f22820_0, v0000025c73f22be0_0;
S_0000025c73f30690 .scope module, "rca_add" "ripple_carry_adder" 6 40, 9 3 0, S_0000025c73a7c160;
 .timescale 0 0;
    .port_info 0 /INPUT 32 "A";
    .port_info 1 /INPUT 32 "B";
    .port_info 2 /INPUT 1 "Cin";
    .port_info 3 /OUTPUT 32 "Sum";
    .port_info 4 /OUTPUT 1 "Cout";
    .port_info 5 /OUTPUT 1 "Overflow";
L_0000025c73fb8d68 .functor BUFT 1, C4<0>, C4<0>, C4<0>, C4<0>;
L_0000025c74030310 .functor BUFZ 1, L_0000025c73fb8d68, C4<0>, C4<0>, C4<0>;
L_0000025c74030380 .functor XOR 1, L_0000025c73fb3780, L_0000025c73fb3aa0, C4<0>, C4<0>;
v0000025c73f3a230_0 .net "A", 31 0, v0000025c73f86140_0;  alias, 1 drivers
v0000025c73f3b450_0 .net "B", 31 0, v0000025c73f7a290_0;  alias, 1 drivers
v0000025c73f3aeb0_0 .net "Cin", 0 0, L_0000025c73fb8d68;  1 drivers
v0000025c73f39a10_0 .net "Cout", 0 0, L_0000025c73fb3d20;  alias, 1 drivers
v0000025c73f39fb0_0 .net "Overflow", 0 0, L_0000025c74030380;  alias, 1 drivers
v0000025c73f3a870_0 .net "Sum", 31 0, L_0000025c73fb1ca0;  alias, 1 drivers
v0000025c73f3bc70_0 .net *"_ivl_229", 0 0, L_0000025c74030310;  1 drivers
v0000025c73f39970_0 .net *"_ivl_233", 0 0, L_0000025c73fb3780;  1 drivers
v0000025c73f3a2d0_0 .net *"_ivl_235", 0 0, L_0000025c73fb3aa0;  1 drivers
v0000025c73f3ac30_0 .net "carry", 32 0, L_0000025c73fb2e20;  1 drivers
L_0000025c73fad380 .part v0000025c73f86140_0, 0, 1;
L_0000025c73facd40 .part v0000025c73f7a290_0, 0, 1;
L_0000025c73fae0a0 .part L_0000025c73fb2e20, 0, 1;
L_0000025c73fae320 .part v0000025c73f86140_0, 1, 1;
L_0000025c73fad4c0 .part v0000025c73f7a290_0, 1, 1;
L_0000025c73facac0 .part L_0000025c73fb2e20, 1, 1;
L_0000025c73faebe0 .part v0000025c73f86140_0, 2, 1;
L_0000025c73fad060 .part v0000025c73f7a290_0, 2, 1;
L_0000025c73fae1e0 .part L_0000025c73fb2e20, 2, 1;
L_0000025c73faca20 .part v0000025c73f86140_0, 3, 1;
L_0000025c73facde0 .part v0000025c73f7a290_0, 3, 1;
L_0000025c73fad7e0 .part L_0000025c73fb2e20, 3, 1;
L_0000025c73faec80 .part v0000025c73f86140_0, 4, 1;
L_0000025c73fae3c0 .part v0000025c73f7a290_0, 4, 1;
L_0000025c73faef00 .part L_0000025c73fb2e20, 4, 1;
L_0000025c73fad420 .part v0000025c73f86140_0, 5, 1;
L_0000025c73fae5a0 .part v0000025c73f7a290_0, 5, 1;
L_0000025c73face80 .part L_0000025c73fb2e20, 5, 1;
L_0000025c73faee60 .part v0000025c73f86140_0, 6, 1;
L_0000025c73fad1a0 .part v0000025c73f7a290_0, 6, 1;
L_0000025c73faedc0 .part L_0000025c73fb2e20, 6, 1;
L_0000025c73faf0e0 .part v0000025c73f86140_0, 7, 1;
L_0000025c73fac980 .part v0000025c73f7a290_0, 7, 1;
L_0000025c73faefa0 .part L_0000025c73fb2e20, 7, 1;
L_0000025c73fae640 .part v0000025c73f86140_0, 8, 1;
L_0000025c73facfc0 .part v0000025c73f7a290_0, 8, 1;
L_0000025c73facb60 .part L_0000025c73fb2e20, 8, 1;
L_0000025c73faf040 .part v0000025c73f86140_0, 9, 1;
L_0000025c73fad740 .part v0000025c73f7a290_0, 9, 1;
L_0000025c73fada60 .part L_0000025c73fb2e20, 9, 1;
L_0000025c73fad920 .part v0000025c73f86140_0, 10, 1;
L_0000025c73fadba0 .part v0000025c73f7a290_0, 10, 1;
L_0000025c73fb0d00 .part L_0000025c73fb2e20, 10, 1;
L_0000025c73fb0c60 .part v0000025c73f86140_0, 11, 1;
L_0000025c73fafc20 .part v0000025c73f7a290_0, 11, 1;
L_0000025c73fb08a0 .part L_0000025c73fb2e20, 11, 1;
L_0000025c73faf540 .part v0000025c73f86140_0, 12, 1;
L_0000025c73fb01c0 .part v0000025c73f7a290_0, 12, 1;
L_0000025c73faf7c0 .part L_0000025c73fb2e20, 12, 1;
L_0000025c73faff40 .part v0000025c73f86140_0, 13, 1;
L_0000025c73faf860 .part v0000025c73f7a290_0, 13, 1;
L_0000025c73fb1160 .part L_0000025c73fb2e20, 13, 1;
L_0000025c73fb0940 .part v0000025c73f86140_0, 14, 1;
L_0000025c73faf2c0 .part v0000025c73f7a290_0, 14, 1;
L_0000025c73fb0300 .part L_0000025c73fb2e20, 14, 1;
L_0000025c73fb13e0 .part v0000025c73f86140_0, 15, 1;
L_0000025c73faf900 .part v0000025c73f7a290_0, 15, 1;
L_0000025c73fb0440 .part L_0000025c73fb2e20, 15, 1;
L_0000025c73fb0da0 .part v0000025c73f86140_0, 16, 1;
L_0000025c73fafe00 .part v0000025c73f7a290_0, 16, 1;
L_0000025c73fafea0 .part L_0000025c73fb2e20, 16, 1;
L_0000025c73fb0ee0 .part v0000025c73f86140_0, 17, 1;
L_0000025c73fb0760 .part v0000025c73f7a290_0, 17, 1;
L_0000025c73faf220 .part L_0000025c73fb2e20, 17, 1;
L_0000025c73faf5e0 .part v0000025c73f86140_0, 18, 1;
L_0000025c73fb0260 .part v0000025c73f7a290_0, 18, 1;
L_0000025c73fb1020 .part L_0000025c73fb2e20, 18, 1;
L_0000025c73faf9a0 .part v0000025c73f86140_0, 19, 1;
L_0000025c73fb0b20 .part v0000025c73f7a290_0, 19, 1;
L_0000025c73fb0080 .part L_0000025c73fb2e20, 19, 1;
L_0000025c73fb18e0 .part v0000025c73f86140_0, 20, 1;
L_0000025c73faf180 .part v0000025c73f7a290_0, 20, 1;
L_0000025c73fb04e0 .part L_0000025c73fb2e20, 20, 1;
L_0000025c73fb0580 .part v0000025c73f86140_0, 21, 1;
L_0000025c73fb17a0 .part v0000025c73f7a290_0, 21, 1;
L_0000025c73fb1200 .part L_0000025c73fb2e20, 21, 1;
L_0000025c73fafa40 .part v0000025c73f86140_0, 22, 1;
L_0000025c73fb0620 .part v0000025c73f7a290_0, 22, 1;
L_0000025c73fafb80 .part L_0000025c73fb2e20, 22, 1;
L_0000025c73fb03a0 .part v0000025c73f86140_0, 23, 1;
L_0000025c73fb10c0 .part v0000025c73f7a290_0, 23, 1;
L_0000025c73faf360 .part L_0000025c73fb2e20, 23, 1;
L_0000025c73fb09e0 .part v0000025c73f86140_0, 24, 1;
L_0000025c73fb06c0 .part v0000025c73f7a290_0, 24, 1;
L_0000025c73fb0800 .part L_0000025c73fb2e20, 24, 1;
L_0000025c73faf400 .part v0000025c73f86140_0, 25, 1;
L_0000025c73fb0f80 .part v0000025c73f7a290_0, 25, 1;
L_0000025c73fafae0 .part L_0000025c73fb2e20, 25, 1;
L_0000025c73fb1340 .part v0000025c73f86140_0, 26, 1;
L_0000025c73faf4a0 .part v0000025c73f7a290_0, 26, 1;
L_0000025c73faf680 .part L_0000025c73fb2e20, 26, 1;
L_0000025c73fafcc0 .part v0000025c73f86140_0, 27, 1;
L_0000025c73fb0a80 .part v0000025c73f7a290_0, 27, 1;
L_0000025c73fb0e40 .part L_0000025c73fb2e20, 27, 1;
L_0000025c73fb1840 .part v0000025c73f86140_0, 28, 1;
L_0000025c73fb0120 .part v0000025c73f7a290_0, 28, 1;
L_0000025c73fb12a0 .part L_0000025c73fb2e20, 28, 1;
L_0000025c73fb1480 .part v0000025c73f86140_0, 29, 1;
L_0000025c73fb0bc0 .part v0000025c73f7a290_0, 29, 1;
L_0000025c73fafd60 .part L_0000025c73fb2e20, 29, 1;
L_0000025c73fb1520 .part v0000025c73f86140_0, 30, 1;
L_0000025c73faf720 .part v0000025c73f7a290_0, 30, 1;
L_0000025c73faffe0 .part L_0000025c73fb2e20, 30, 1;
L_0000025c73fb15c0 .part v0000025c73f86140_0, 31, 1;
L_0000025c73fb1660 .part v0000025c73f7a290_0, 31, 1;
L_0000025c73fb1700 .part L_0000025c73fb2e20, 31, 1;
LS_0000025c73fb1ca0_0_0 .concat8 [ 1 1 1 1], L_0000025c74017b30, L_0000025c74012110, L_0000025c74011460, L_0000025c74011af0;
LS_0000025c73fb1ca0_0_4 .concat8 [ 1 1 1 1], L_0000025c74011310, L_0000025c74010c10, L_0000025c74010ba0, L_0000025c74011b60;
LS_0000025c73fb1ca0_0_8 .concat8 [ 1 1 1 1], L_0000025c74012340, L_0000025c740113f0, L_0000025c740119a0, L_0000025c74013220;
LS_0000025c73fb1ca0_0_12 .concat8 [ 1 1 1 1], L_0000025c74012c00, L_0000025c74013370, L_0000025c74012ce0, L_0000025c74013bc0;
LS_0000025c73fb1ca0_0_16 .concat8 [ 1 1 1 1], L_0000025c74013d10, L_0000025c74012ea0, L_0000025c74013e60, L_0000025c74012570;
LS_0000025c73fb1ca0_0_20 .concat8 [ 1 1 1 1], L_0000025c74013760, L_0000025c740131b0, L_0000025c7402f120, L_0000025c74030700;
LS_0000025c73fb1ca0_0_24 .concat8 [ 1 1 1 1], L_0000025c74030070, L_0000025c7402f740, L_0000025c7402feb0, L_0000025c740307e0;
LS_0000025c73fb1ca0_0_28 .concat8 [ 1 1 1 1], L_0000025c7402f7b0, L_0000025c7402f900, L_0000025c74030540, L_0000025c7402fa50;
LS_0000025c73fb1ca0_1_0 .concat8 [ 4 4 4 4], LS_0000025c73fb1ca0_0_0, LS_0000025c73fb1ca0_0_4, LS_0000025c73fb1ca0_0_8, LS_0000025c73fb1ca0_0_12;
LS_0000025c73fb1ca0_1_4 .concat8 [ 4 4 4 4], LS_0000025c73fb1ca0_0_16, LS_0000025c73fb1ca0_0_20, LS_0000025c73fb1ca0_0_24, LS_0000025c73fb1ca0_0_28;
L_0000025c73fb1ca0 .concat8 [ 16 16 0 0], LS_0000025c73fb1ca0_1_0, LS_0000025c73fb1ca0_1_4;
LS_0000025c73fb2e20_0_0 .concat8 [ 1 1 1 1], L_0000025c74030310, L_0000025c74012490, L_0000025c740111c0, L_0000025c74011540;
LS_0000025c73fb2e20_0_4 .concat8 [ 1 1 1 1], L_0000025c740112a0, L_0000025c74011000, L_0000025c740117e0, L_0000025c74011150;
LS_0000025c73fb2e20_0_8 .concat8 [ 1 1 1 1], L_0000025c74010eb0, L_0000025c740123b0, L_0000025c74011cb0, L_0000025c74011a80;
LS_0000025c73fb2e20_0_12 .concat8 [ 1 1 1 1], L_0000025c740129d0, L_0000025c740130d0, L_0000025c74012b20, L_0000025c74012dc0;
LS_0000025c73fb2e20_0_16 .concat8 [ 1 1 1 1], L_0000025c74013ca0, L_0000025c74012e30, L_0000025c74013610, L_0000025c74012f80;
LS_0000025c73fb2e20_0_20 .concat8 [ 1 1 1 1], L_0000025c740125e0, L_0000025c74012960, L_0000025c7402fc80, L_0000025c7402fe40;
LS_0000025c73fb2e20_0_24 .concat8 [ 1 1 1 1], L_0000025c740300e0, L_0000025c7402f660, L_0000025c7402fdd0, L_0000025c74030c40;
LS_0000025c73fb2e20_0_28 .concat8 [ 1 1 1 1], L_0000025c740309a0, L_0000025c740302a0, L_0000025c7402f2e0, L_0000025c7402f4a0;
LS_0000025c73fb2e20_0_32 .concat8 [ 1 0 0 0], L_0000025c7402fba0;
LS_0000025c73fb2e20_1_0 .concat8 [ 4 4 4 4], LS_0000025c73fb2e20_0_0, LS_0000025c73fb2e20_0_4, LS_0000025c73fb2e20_0_8, LS_0000025c73fb2e20_0_12;
LS_0000025c73fb2e20_1_4 .concat8 [ 4 4 4 4], LS_0000025c73fb2e20_0_16, LS_0000025c73fb2e20_0_20, LS_0000025c73fb2e20_0_24, LS_0000025c73fb2e20_0_28;
LS_0000025c73fb2e20_1_8 .concat8 [ 1 0 0 0], LS_0000025c73fb2e20_0_32;
L_0000025c73fb2e20 .concat8 [ 16 16 1 0], LS_0000025c73fb2e20_1_0, LS_0000025c73fb2e20_1_4, LS_0000025c73fb2e20_1_8;
L_0000025c73fb3d20 .part L_0000025c73fb2e20, 32, 1;
L_0000025c73fb3780 .part L_0000025c73fb2e20, 31, 1;
L_0000025c73fb3aa0 .part L_0000025c73fb2e20, 32, 1;
S_0000025c73f2f560 .scope generate, "fa_gen[0]" "fa_gen[0]" 9 17, 9 17 0, S_0000025c73f30690;
 .timescale 0 0;
P_0000025c73e92f00 .param/l "i" 0 9 17, +C4<00>;
S_0000025c73f2f3d0 .scope module, "fa" "full_adder" 9 18, 9 33 0, S_0000025c73f2f560;
 .timescale 0 0;
    .port_info 0 /INPUT 1 "a";
    .port_info 1 /INPUT 1 "b";
    .port_info 2 /INPUT 1 "cin";
    .port_info 3 /OUTPUT 1 "sum";
    .port_info 4 /OUTPUT 1 "cout";
L_0000025c74017f20 .functor XOR 1, L_0000025c73fad380, L_0000025c73facd40, C4<0>, C4<0>;
L_0000025c74017b30 .functor XOR 1, L_0000025c74017f20, L_0000025c73fae0a0, C4<0>, C4<0>;
L_0000025c740187e0 .functor AND 1, L_0000025c73fad380, L_0000025c73facd40, C4<1>, C4<1>;
L_0000025c74012500 .functor XOR 1, L_0000025c73fad380, L_0000025c73facd40, C4<0>, C4<0>;
L_0000025c74011690 .functor AND 1, L_0000025c73fae0a0, L_0000025c74012500, C4<1>, C4<1>;
L_0000025c74012490 .functor OR 1, L_0000025c740187e0, L_0000025c74011690, C4<0>, C4<0>;
v0000025c73f24d00_0 .net *"_ivl_0", 0 0, L_0000025c74017f20;  1 drivers
v0000025c73f25a20_0 .net *"_ivl_4", 0 0, L_0000025c740187e0;  1 drivers
v0000025c73f24f80_0 .net *"_ivl_6", 0 0, L_0000025c74012500;  1 drivers
v0000025c73f24bc0_0 .net *"_ivl_8", 0 0, L_0000025c74011690;  1 drivers
v0000025c73f26560_0 .net "a", 0 0, L_0000025c73fad380;  1 drivers
v0000025c73f25de0_0 .net "b", 0 0, L_0000025c73facd40;  1 drivers
v0000025c73f26060_0 .net "cin", 0 0, L_0000025c73fae0a0;  1 drivers
v0000025c73f261a0_0 .net "cout", 0 0, L_0000025c74012490;  1 drivers
v0000025c73f25200_0 .net "sum", 0 0, L_0000025c74017b30;  1 drivers
S_0000025c73f2f240 .scope generate, "fa_gen[1]" "fa_gen[1]" 9 17, 9 17 0, S_0000025c73f30690;
 .timescale 0 0;
P_0000025c73e92cc0 .param/l "i" 0 9 17, +C4<01>;
S_0000025c73f309b0 .scope module, "fa" "full_adder" 9 18, 9 33 0, S_0000025c73f2f240;
 .timescale 0 0;
    .port_info 0 /INPUT 1 "a";
    .port_info 1 /INPUT 1 "b";
    .port_info 2 /INPUT 1 "cin";
    .port_info 3 /OUTPUT 1 "sum";
    .port_info 4 /OUTPUT 1 "cout";
L_0000025c74012260 .functor XOR 1, L_0000025c73fae320, L_0000025c73fad4c0, C4<0>, C4<0>;
L_0000025c74012110 .functor XOR 1, L_0000025c74012260, L_0000025c73facac0, C4<0>, C4<0>;
L_0000025c740122d0 .functor AND 1, L_0000025c73fae320, L_0000025c73fad4c0, C4<1>, C4<1>;
L_0000025c74010b30 .functor XOR 1, L_0000025c73fae320, L_0000025c73fad4c0, C4<0>, C4<0>;
L_0000025c740118c0 .functor AND 1, L_0000025c73facac0, L_0000025c74010b30, C4<1>, C4<1>;
L_0000025c740111c0 .functor OR 1, L_0000025c740122d0, L_0000025c740118c0, C4<0>, C4<0>;
v0000025c73f24120_0 .net *"_ivl_0", 0 0, L_0000025c74012260;  1 drivers
v0000025c73f24260_0 .net *"_ivl_4", 0 0, L_0000025c740122d0;  1 drivers
v0000025c73f257a0_0 .net *"_ivl_6", 0 0, L_0000025c74010b30;  1 drivers
v0000025c73f25c00_0 .net *"_ivl_8", 0 0, L_0000025c740118c0;  1 drivers
v0000025c73f24e40_0 .net "a", 0 0, L_0000025c73fae320;  1 drivers
v0000025c73f243a0_0 .net "b", 0 0, L_0000025c73fad4c0;  1 drivers
v0000025c73f252a0_0 .net "cin", 0 0, L_0000025c73facac0;  1 drivers
v0000025c73f23fe0_0 .net "cout", 0 0, L_0000025c740111c0;  1 drivers
v0000025c73f24a80_0 .net "sum", 0 0, L_0000025c74012110;  1 drivers
S_0000025c73f30b40 .scope generate, "fa_gen[2]" "fa_gen[2]" 9 17, 9 17 0, S_0000025c73f30690;
 .timescale 0 0;
P_0000025c73e92780 .param/l "i" 0 9 17, +C4<010>;
S_0000025c73f31890 .scope module, "fa" "full_adder" 9 18, 9 33 0, S_0000025c73f30b40;
 .timescale 0 0;
    .port_info 0 /INPUT 1 "a";
    .port_info 1 /INPUT 1 "b";
    .port_info 2 /INPUT 1 "cin";
    .port_info 3 /OUTPUT 1 "sum";
    .port_info 4 /OUTPUT 1 "cout";
L_0000025c74010f90 .functor XOR 1, L_0000025c73faebe0, L_0000025c73fad060, C4<0>, C4<0>;
L_0000025c74011460 .functor XOR 1, L_0000025c74010f90, L_0000025c73fae1e0, C4<0>, C4<0>;
L_0000025c74011f50 .functor AND 1, L_0000025c73faebe0, L_0000025c73fad060, C4<1>, C4<1>;
L_0000025c74011c40 .functor XOR 1, L_0000025c73faebe0, L_0000025c73fad060, C4<0>, C4<0>;
L_0000025c74011e00 .functor AND 1, L_0000025c73fae1e0, L_0000025c74011c40, C4<1>, C4<1>;
L_0000025c74011540 .functor OR 1, L_0000025c74011f50, L_0000025c74011e00, C4<0>, C4<0>;
v0000025c73f25340_0 .net *"_ivl_0", 0 0, L_0000025c74010f90;  1 drivers
v0000025c73f25e80_0 .net *"_ivl_4", 0 0, L_0000025c74011f50;  1 drivers
v0000025c73f248a0_0 .net *"_ivl_6", 0 0, L_0000025c74011c40;  1 drivers
v0000025c73f24940_0 .net *"_ivl_8", 0 0, L_0000025c74011e00;  1 drivers
v0000025c73f25fc0_0 .net "a", 0 0, L_0000025c73faebe0;  1 drivers
v0000025c73f24c60_0 .net "b", 0 0, L_0000025c73fad060;  1 drivers
v0000025c73f246c0_0 .net "cin", 0 0, L_0000025c73fae1e0;  1 drivers
v0000025c73f26600_0 .net "cout", 0 0, L_0000025c74011540;  1 drivers
v0000025c73f24300_0 .net "sum", 0 0, L_0000025c74011460;  1 drivers
S_0000025c73f329c0 .scope generate, "fa_gen[3]" "fa_gen[3]" 9 17, 9 17 0, S_0000025c73f30690;
 .timescale 0 0;
P_0000025c73e92340 .param/l "i" 0 9 17, +C4<011>;
S_0000025c73f31570 .scope module, "fa" "full_adder" 9 18, 9 33 0, S_0000025c73f329c0;
 .timescale 0 0;
    .port_info 0 /INPUT 1 "a";
    .port_info 1 /INPUT 1 "b";
    .port_info 2 /INPUT 1 "cin";
    .port_info 3 /OUTPUT 1 "sum";
    .port_info 4 /OUTPUT 1 "cout";
L_0000025c74011230 .functor XOR 1, L_0000025c73faca20, L_0000025c73facde0, C4<0>, C4<0>;
L_0000025c74011af0 .functor XOR 1, L_0000025c74011230, L_0000025c73fad7e0, C4<0>, C4<0>;
L_0000025c74011700 .functor AND 1, L_0000025c73faca20, L_0000025c73facde0, C4<1>, C4<1>;
L_0000025c74012180 .functor XOR 1, L_0000025c73faca20, L_0000025c73facde0, C4<0>, C4<0>;
L_0000025c74011fc0 .functor AND 1, L_0000025c73fad7e0, L_0000025c74012180, C4<1>, C4<1>;
L_0000025c740112a0 .functor OR 1, L_0000025c74011700, L_0000025c74011fc0, C4<0>, C4<0>;
v0000025c73f250c0_0 .net *"_ivl_0", 0 0, L_0000025c74011230;  1 drivers
v0000025c73f244e0_0 .net *"_ivl_4", 0 0, L_0000025c74011700;  1 drivers
v0000025c73f253e0_0 .net *"_ivl_6", 0 0, L_0000025c74012180;  1 drivers
v0000025c73f25480_0 .net *"_ivl_8", 0 0, L_0000025c74011fc0;  1 drivers
v0000025c73f25520_0 .net "a", 0 0, L_0000025c73faca20;  1 drivers
v0000025c73f24580_0 .net "b", 0 0, L_0000025c73facde0;  1 drivers
v0000025c73f25020_0 .net "cin", 0 0, L_0000025c73fad7e0;  1 drivers
v0000025c73f262e0_0 .net "cout", 0 0, L_0000025c740112a0;  1 drivers
v0000025c73f249e0_0 .net "sum", 0 0, L_0000025c74011af0;  1 drivers
S_0000025c73f31a20 .scope generate, "fa_gen[4]" "fa_gen[4]" 9 17, 9 17 0, S_0000025c73f30690;
 .timescale 0 0;
P_0000025c73e92680 .param/l "i" 0 9 17, +C4<0100>;
S_0000025c73f31d40 .scope module, "fa" "full_adder" 9 18, 9 33 0, S_0000025c73f31a20;
 .timescale 0 0;
    .port_info 0 /INPUT 1 "a";
    .port_info 1 /INPUT 1 "b";
    .port_info 2 /INPUT 1 "cin";
    .port_info 3 /OUTPUT 1 "sum";
    .port_info 4 /OUTPUT 1 "cout";
L_0000025c74010d60 .functor XOR 1, L_0000025c73faec80, L_0000025c73fae3c0, C4<0>, C4<0>;
L_0000025c74011310 .functor XOR 1, L_0000025c74010d60, L_0000025c73faef00, C4<0>, C4<0>;
L_0000025c74012030 .functor AND 1, L_0000025c73faec80, L_0000025c73fae3c0, C4<1>, C4<1>;
L_0000025c74011770 .functor XOR 1, L_0000025c73faec80, L_0000025c73fae3c0, C4<0>, C4<0>;
L_0000025c74011930 .functor AND 1, L_0000025c73faef00, L_0000025c74011770, C4<1>, C4<1>;
L_0000025c74011000 .functor OR 1, L_0000025c74012030, L_0000025c74011930, C4<0>, C4<0>;
v0000025c73f255c0_0 .net *"_ivl_0", 0 0, L_0000025c74010d60;  1 drivers
v0000025c73f25660_0 .net *"_ivl_4", 0 0, L_0000025c74012030;  1 drivers
v0000025c73f25ac0_0 .net *"_ivl_6", 0 0, L_0000025c74011770;  1 drivers
v0000025c73f26380_0 .net *"_ivl_8", 0 0, L_0000025c74011930;  1 drivers
v0000025c73f25ca0_0 .net "a", 0 0, L_0000025c73faec80;  1 drivers
v0000025c73f25f20_0 .net "b", 0 0, L_0000025c73fae3c0;  1 drivers
v0000025c73f27280_0 .net "cin", 0 0, L_0000025c73faef00;  1 drivers
v0000025c73f287c0_0 .net "cout", 0 0, L_0000025c74011000;  1 drivers
v0000025c73f270a0_0 .net "sum", 0 0, L_0000025c74011310;  1 drivers
S_0000025c73f32060 .scope generate, "fa_gen[5]" "fa_gen[5]" 9 17, 9 17 0, S_0000025c73f30690;
 .timescale 0 0;
P_0000025c73e92900 .param/l "i" 0 9 17, +C4<0101>;
S_0000025c73f310c0 .scope module, "fa" "full_adder" 9 18, 9 33 0, S_0000025c73f32060;
 .timescale 0 0;
    .port_info 0 /INPUT 1 "a";
    .port_info 1 /INPUT 1 "b";
    .port_info 2 /INPUT 1 "cin";
    .port_info 3 /OUTPUT 1 "sum";
    .port_info 4 /OUTPUT 1 "cout";
L_0000025c74011070 .functor XOR 1, L_0000025c73fad420, L_0000025c73fae5a0, C4<0>, C4<0>;
L_0000025c74010c10 .functor XOR 1, L_0000025c74011070, L_0000025c73face80, C4<0>, C4<0>;
L_0000025c740120a0 .functor AND 1, L_0000025c73fad420, L_0000025c73fae5a0, C4<1>, C4<1>;
L_0000025c74010dd0 .functor XOR 1, L_0000025c73fad420, L_0000025c73fae5a0, C4<0>, C4<0>;
L_0000025c74011e70 .functor AND 1, L_0000025c73face80, L_0000025c74010dd0, C4<1>, C4<1>;
L_0000025c740117e0 .functor OR 1, L_0000025c740120a0, L_0000025c74011e70, C4<0>, C4<0>;
v0000025c73f28c20_0 .net *"_ivl_0", 0 0, L_0000025c74011070;  1 drivers
v0000025c73f26e20_0 .net *"_ivl_4", 0 0, L_0000025c740120a0;  1 drivers
v0000025c73f28e00_0 .net *"_ivl_6", 0 0, L_0000025c74010dd0;  1 drivers
v0000025c73f269c0_0 .net *"_ivl_8", 0 0, L_0000025c74011e70;  1 drivers
v0000025c73f26880_0 .net "a", 0 0, L_0000025c73fad420;  1 drivers
v0000025c73f26ec0_0 .net "b", 0 0, L_0000025c73fae5a0;  1 drivers
v0000025c73f28220_0 .net "cin", 0 0, L_0000025c73face80;  1 drivers
v0000025c73f28a40_0 .net "cout", 0 0, L_0000025c740117e0;  1 drivers
v0000025c73f28900_0 .net "sum", 0 0, L_0000025c74010c10;  1 drivers
S_0000025c73f31250 .scope generate, "fa_gen[6]" "fa_gen[6]" 9 17, 9 17 0, S_0000025c73f30690;
 .timescale 0 0;
P_0000025c73e93280 .param/l "i" 0 9 17, +C4<0110>;
S_0000025c73f30f30 .scope module, "fa" "full_adder" 9 18, 9 33 0, S_0000025c73f31250;
 .timescale 0 0;
    .port_info 0 /INPUT 1 "a";
    .port_info 1 /INPUT 1 "b";
    .port_info 2 /INPUT 1 "cin";
    .port_info 3 /OUTPUT 1 "sum";
    .port_info 4 /OUTPUT 1 "cout";
L_0000025c740115b0 .functor XOR 1, L_0000025c73faee60, L_0000025c73fad1a0, C4<0>, C4<0>;
L_0000025c74010ba0 .functor XOR 1, L_0000025c740115b0, L_0000025c73faedc0, C4<0>, C4<0>;
L_0000025c74010c80 .functor AND 1, L_0000025c73faee60, L_0000025c73fad1a0, C4<1>, C4<1>;
L_0000025c74011380 .functor XOR 1, L_0000025c73faee60, L_0000025c73fad1a0, C4<0>, C4<0>;
L_0000025c740110e0 .functor AND 1, L_0000025c73faedc0, L_0000025c74011380, C4<1>, C4<1>;
L_0000025c74011150 .functor OR 1, L_0000025c74010c80, L_0000025c740110e0, C4<0>, C4<0>;
v0000025c73f27000_0 .net *"_ivl_0", 0 0, L_0000025c740115b0;  1 drivers
v0000025c73f284a0_0 .net *"_ivl_4", 0 0, L_0000025c74010c80;  1 drivers
v0000025c73f271e0_0 .net *"_ivl_6", 0 0, L_0000025c74011380;  1 drivers
v0000025c73f27320_0 .net *"_ivl_8", 0 0, L_0000025c740110e0;  1 drivers
v0000025c73f278c0_0 .net "a", 0 0, L_0000025c73faee60;  1 drivers
v0000025c73f282c0_0 .net "b", 0 0, L_0000025c73fad1a0;  1 drivers
v0000025c73f289a0_0 .net "cin", 0 0, L_0000025c73faedc0;  1 drivers
v0000025c73f27820_0 .net "cout", 0 0, L_0000025c74011150;  1 drivers
v0000025c73f27f00_0 .net "sum", 0 0, L_0000025c74010ba0;  1 drivers
S_0000025c73f32b50 .scope generate, "fa_gen[7]" "fa_gen[7]" 9 17, 9 17 0, S_0000025c73f30690;
 .timescale 0 0;
P_0000025c73e92dc0 .param/l "i" 0 9 17, +C4<0111>;
S_0000025c73f326a0 .scope module, "fa" "full_adder" 9 18, 9 33 0, S_0000025c73f32b50;
 .timescale 0 0;
    .port_info 0 /INPUT 1 "a";
    .port_info 1 /INPUT 1 "b";
    .port_info 2 /INPUT 1 "cin";
    .port_info 3 /OUTPUT 1 "sum";
    .port_info 4 /OUTPUT 1 "cout";
L_0000025c74011ee0 .functor XOR 1, L_0000025c73faf0e0, L_0000025c73fac980, C4<0>, C4<0>;
L_0000025c74011b60 .functor XOR 1, L_0000025c74011ee0, L_0000025c73faefa0, C4<0>, C4<0>;
L_0000025c74010cf0 .functor AND 1, L_0000025c73faf0e0, L_0000025c73fac980, C4<1>, C4<1>;
L_0000025c74010e40 .functor XOR 1, L_0000025c73faf0e0, L_0000025c73fac980, C4<0>, C4<0>;
L_0000025c740121f0 .functor AND 1, L_0000025c73faefa0, L_0000025c74010e40, C4<1>, C4<1>;
L_0000025c74010eb0 .functor OR 1, L_0000025c74010cf0, L_0000025c740121f0, C4<0>, C4<0>;
v0000025c73f27780_0 .net *"_ivl_0", 0 0, L_0000025c74011ee0;  1 drivers
v0000025c73f28360_0 .net *"_ivl_4", 0 0, L_0000025c74010cf0;  1 drivers
v0000025c73f26920_0 .net *"_ivl_6", 0 0, L_0000025c74010e40;  1 drivers
v0000025c73f27140_0 .net *"_ivl_8", 0 0, L_0000025c740121f0;  1 drivers
v0000025c73f285e0_0 .net "a", 0 0, L_0000025c73faf0e0;  1 drivers
v0000025c73f28180_0 .net "b", 0 0, L_0000025c73fac980;  1 drivers
v0000025c73f28ae0_0 .net "cin", 0 0, L_0000025c73faefa0;  1 drivers
v0000025c73f28400_0 .net "cout", 0 0, L_0000025c74010eb0;  1 drivers
v0000025c73f27e60_0 .net "sum", 0 0, L_0000025c74011b60;  1 drivers
S_0000025c73f31700 .scope generate, "fa_gen[8]" "fa_gen[8]" 9 17, 9 17 0, S_0000025c73f30690;
 .timescale 0 0;
P_0000025c73e92880 .param/l "i" 0 9 17, +C4<01000>;
S_0000025c73f31bb0 .scope module, "fa" "full_adder" 9 18, 9 33 0, S_0000025c73f31700;
 .timescale 0 0;
    .port_info 0 /INPUT 1 "a";
    .port_info 1 /INPUT 1 "b";
    .port_info 2 /INPUT 1 "cin";
    .port_info 3 /OUTPUT 1 "sum";
    .port_info 4 /OUTPUT 1 "cout";
L_0000025c74011bd0 .functor XOR 1, L_0000025c73fae640, L_0000025c73facfc0, C4<0>, C4<0>;
L_0000025c74012340 .functor XOR 1, L_0000025c74011bd0, L_0000025c73facb60, C4<0>, C4<0>;
L_0000025c74010970 .functor AND 1, L_0000025c73fae640, L_0000025c73facfc0, C4<1>, C4<1>;
L_0000025c74011d90 .functor XOR 1, L_0000025c73fae640, L_0000025c73facfc0, C4<0>, C4<0>;
L_0000025c74010f20 .functor AND 1, L_0000025c73facb60, L_0000025c74011d90, C4<1>, C4<1>;
L_0000025c740123b0 .functor OR 1, L_0000025c74010970, L_0000025c74010f20, C4<0>, C4<0>;
v0000025c73f273c0_0 .net *"_ivl_0", 0 0, L_0000025c74011bd0;  1 drivers
v0000025c73f275a0_0 .net *"_ivl_4", 0 0, L_0000025c74010970;  1 drivers
v0000025c73f27460_0 .net *"_ivl_6", 0 0, L_0000025c74011d90;  1 drivers
v0000025c73f27aa0_0 .net *"_ivl_8", 0 0, L_0000025c74010f20;  1 drivers
v0000025c73f27fa0_0 .net "a", 0 0, L_0000025c73fae640;  1 drivers
v0000025c73f26a60_0 .net "b", 0 0, L_0000025c73facfc0;  1 drivers
v0000025c73f26f60_0 .net "cin", 0 0, L_0000025c73facb60;  1 drivers
v0000025c73f27500_0 .net "cout", 0 0, L_0000025c740123b0;  1 drivers
v0000025c73f28cc0_0 .net "sum", 0 0, L_0000025c74012340;  1 drivers
S_0000025c73f31ed0 .scope generate, "fa_gen[9]" "fa_gen[9]" 9 17, 9 17 0, S_0000025c73f30690;
 .timescale 0 0;
P_0000025c73e92ac0 .param/l "i" 0 9 17, +C4<01001>;
S_0000025c73f321f0 .scope module, "fa" "full_adder" 9 18, 9 33 0, S_0000025c73f31ed0;
 .timescale 0 0;
    .port_info 0 /INPUT 1 "a";
    .port_info 1 /INPUT 1 "b";
    .port_info 2 /INPUT 1 "cin";
    .port_info 3 /OUTPUT 1 "sum";
    .port_info 4 /OUTPUT 1 "cout";
L_0000025c74011620 .functor XOR 1, L_0000025c73faf040, L_0000025c73fad740, C4<0>, C4<0>;
L_0000025c740113f0 .functor XOR 1, L_0000025c74011620, L_0000025c73fada60, C4<0>, C4<0>;
L_0000025c74012420 .functor AND 1, L_0000025c73faf040, L_0000025c73fad740, C4<1>, C4<1>;
L_0000025c740114d0 .functor XOR 1, L_0000025c73faf040, L_0000025c73fad740, C4<0>, C4<0>;
L_0000025c740109e0 .functor AND 1, L_0000025c73fada60, L_0000025c740114d0, C4<1>, C4<1>;
L_0000025c74011cb0 .functor OR 1, L_0000025c74012420, L_0000025c740109e0, C4<0>, C4<0>;
v0000025c73f28ea0_0 .net *"_ivl_0", 0 0, L_0000025c74011620;  1 drivers
v0000025c73f267e0_0 .net *"_ivl_4", 0 0, L_0000025c74012420;  1 drivers
v0000025c73f276e0_0 .net *"_ivl_6", 0 0, L_0000025c740114d0;  1 drivers
v0000025c73f26b00_0 .net *"_ivl_8", 0 0, L_0000025c740109e0;  1 drivers
v0000025c73f27a00_0 .net "a", 0 0, L_0000025c73faf040;  1 drivers
v0000025c73f28b80_0 .net "b", 0 0, L_0000025c73fad740;  1 drivers
v0000025c73f27be0_0 .net "cin", 0 0, L_0000025c73fada60;  1 drivers
v0000025c73f26ba0_0 .net "cout", 0 0, L_0000025c74011cb0;  1 drivers
v0000025c73f28540_0 .net "sum", 0 0, L_0000025c740113f0;  1 drivers
S_0000025c73f32380 .scope generate, "fa_gen[10]" "fa_gen[10]" 9 17, 9 17 0, S_0000025c73f30690;
 .timescale 0 0;
P_0000025c73e92480 .param/l "i" 0 9 17, +C4<01010>;
S_0000025c73f32510 .scope module, "fa" "full_adder" 9 18, 9 33 0, S_0000025c73f32380;
 .timescale 0 0;
    .port_info 0 /INPUT 1 "a";
    .port_info 1 /INPUT 1 "b";
    .port_info 2 /INPUT 1 "cin";
    .port_info 3 /OUTPUT 1 "sum";
    .port_info 4 /OUTPUT 1 "cout";
L_0000025c74011850 .functor XOR 1, L_0000025c73fad920, L_0000025c73fadba0, C4<0>, C4<0>;
L_0000025c740119a0 .functor XOR 1, L_0000025c74011850, L_0000025c73fb0d00, C4<0>, C4<0>;
L_0000025c74010a50 .functor AND 1, L_0000025c73fad920, L_0000025c73fadba0, C4<1>, C4<1>;
L_0000025c74010ac0 .functor XOR 1, L_0000025c73fad920, L_0000025c73fadba0, C4<0>, C4<0>;
L_0000025c74011a10 .functor AND 1, L_0000025c73fb0d00, L_0000025c74010ac0, C4<1>, C4<1>;
L_0000025c74011a80 .functor OR 1, L_0000025c74010a50, L_0000025c74011a10, C4<0>, C4<0>;
v0000025c73f28040_0 .net *"_ivl_0", 0 0, L_0000025c74011850;  1 drivers
v0000025c73f28d60_0 .net *"_ivl_4", 0 0, L_0000025c74010a50;  1 drivers
v0000025c73f26740_0 .net *"_ivl_6", 0 0, L_0000025c74010ac0;  1 drivers
v0000025c73f280e0_0 .net *"_ivl_8", 0 0, L_0000025c74011a10;  1 drivers
v0000025c73f26c40_0 .net "a", 0 0, L_0000025c73fad920;  1 drivers
v0000025c73f26ce0_0 .net "b", 0 0, L_0000025c73fadba0;  1 drivers
v0000025c73f28680_0 .net "cin", 0 0, L_0000025c73fb0d00;  1 drivers
v0000025c73f28720_0 .net "cout", 0 0, L_0000025c74011a80;  1 drivers
v0000025c73f27960_0 .net "sum", 0 0, L_0000025c740119a0;  1 drivers
S_0000025c73f32830 .scope generate, "fa_gen[11]" "fa_gen[11]" 9 17, 9 17 0, S_0000025c73f30690;
 .timescale 0 0;
P_0000025c73e92e80 .param/l "i" 0 9 17, +C4<01011>;
S_0000025c73f32ce0 .scope module, "fa" "full_adder" 9 18, 9 33 0, S_0000025c73f32830;
 .timescale 0 0;
    .port_info 0 /INPUT 1 "a";
    .port_info 1 /INPUT 1 "b";
    .port_info 2 /INPUT 1 "cin";
    .port_info 3 /OUTPUT 1 "sum";
    .port_info 4 /OUTPUT 1 "cout";
L_0000025c74011d20 .functor XOR 1, L_0000025c73fb0c60, L_0000025c73fafc20, C4<0>, C4<0>;
L_0000025c74013220 .functor XOR 1, L_0000025c74011d20, L_0000025c73fb08a0, C4<0>, C4<0>;
L_0000025c74012730 .functor AND 1, L_0000025c73fb0c60, L_0000025c73fafc20, C4<1>, C4<1>;
L_0000025c740128f0 .functor XOR 1, L_0000025c73fb0c60, L_0000025c73fafc20, C4<0>, C4<0>;
L_0000025c74013840 .functor AND 1, L_0000025c73fb08a0, L_0000025c740128f0, C4<1>, C4<1>;
L_0000025c740129d0 .functor OR 1, L_0000025c74012730, L_0000025c74013840, C4<0>, C4<0>;
v0000025c73f26d80_0 .net *"_ivl_0", 0 0, L_0000025c74011d20;  1 drivers
v0000025c73f27640_0 .net *"_ivl_4", 0 0, L_0000025c74012730;  1 drivers
v0000025c73f28860_0 .net *"_ivl_6", 0 0, L_0000025c740128f0;  1 drivers
v0000025c73f27b40_0 .net *"_ivl_8", 0 0, L_0000025c74013840;  1 drivers
v0000025c73f27c80_0 .net "a", 0 0, L_0000025c73fb0c60;  1 drivers
v0000025c73f27d20_0 .net "b", 0 0, L_0000025c73fafc20;  1 drivers
v0000025c73f27dc0_0 .net "cin", 0 0, L_0000025c73fb08a0;  1 drivers
v0000025c73f2a200_0 .net "cout", 0 0, L_0000025c740129d0;  1 drivers
v0000025c73f291c0_0 .net "sum", 0 0, L_0000025c74013220;  1 drivers
S_0000025c73f313e0 .scope generate, "fa_gen[12]" "fa_gen[12]" 9 17, 9 17 0, S_0000025c73f30690;
 .timescale 0 0;
P_0000025c73e93140 .param/l "i" 0 9 17, +C4<01100>;
S_0000025c73f33a30 .scope module, "fa" "full_adder" 9 18, 9 33 0, S_0000025c73f313e0;
 .timescale 0 0;
    .port_info 0 /INPUT 1 "a";
    .port_info 1 /INPUT 1 "b";
    .port_info 2 /INPUT 1 "cin";
    .port_info 3 /OUTPUT 1 "sum";
    .port_info 4 /OUTPUT 1 "cout";
L_0000025c740134c0 .functor XOR 1, L_0000025c73faf540, L_0000025c73fb01c0, C4<0>, C4<0>;
L_0000025c74012c00 .functor XOR 1, L_0000025c740134c0, L_0000025c73faf7c0, C4<0>, C4<0>;
L_0000025c74013a00 .functor AND 1, L_0000025c73faf540, L_0000025c73fb01c0, C4<1>, C4<1>;
L_0000025c74013fb0 .functor XOR 1, L_0000025c73faf540, L_0000025c73fb01c0, C4<0>, C4<0>;
L_0000025c74014100 .functor AND 1, L_0000025c73faf7c0, L_0000025c74013fb0, C4<1>, C4<1>;
L_0000025c740130d0 .functor OR 1, L_0000025c74013a00, L_0000025c74014100, C4<0>, C4<0>;
v0000025c73f2b560_0 .net *"_ivl_0", 0 0, L_0000025c740134c0;  1 drivers
v0000025c73f29f80_0 .net *"_ivl_4", 0 0, L_0000025c74013a00;  1 drivers
v0000025c73f2aac0_0 .net *"_ivl_6", 0 0, L_0000025c74013fb0;  1 drivers
v0000025c73f29080_0 .net *"_ivl_8", 0 0, L_0000025c74014100;  1 drivers
v0000025c73f2a0c0_0 .net "a", 0 0, L_0000025c73faf540;  1 drivers
v0000025c73f29120_0 .net "b", 0 0, L_0000025c73fb01c0;  1 drivers
v0000025c73f2afc0_0 .net "cin", 0 0, L_0000025c73faf7c0;  1 drivers
v0000025c73f2a980_0 .net "cout", 0 0, L_0000025c740130d0;  1 drivers
v0000025c73f2b1a0_0 .net "sum", 0 0, L_0000025c74012c00;  1 drivers
S_0000025c73f33d50 .scope generate, "fa_gen[13]" "fa_gen[13]" 9 17, 9 17 0, S_0000025c73f30690;
 .timescale 0 0;
P_0000025c73e92a40 .param/l "i" 0 9 17, +C4<01101>;
S_0000025c73f33580 .scope module, "fa" "full_adder" 9 18, 9 33 0, S_0000025c73f33d50;
 .timescale 0 0;
    .port_info 0 /INPUT 1 "a";
    .port_info 1 /INPUT 1 "b";
    .port_info 2 /INPUT 1 "cin";
    .port_info 3 /OUTPUT 1 "sum";
    .port_info 4 /OUTPUT 1 "cout";
L_0000025c74012b90 .functor XOR 1, L_0000025c73faff40, L_0000025c73faf860, C4<0>, C4<0>;
L_0000025c74013370 .functor XOR 1, L_0000025c74012b90, L_0000025c73fb1160, C4<0>, C4<0>;
L_0000025c74013290 .functor AND 1, L_0000025c73faff40, L_0000025c73faf860, C4<1>, C4<1>;
L_0000025c740136f0 .functor XOR 1, L_0000025c73faff40, L_0000025c73faf860, C4<0>, C4<0>;
L_0000025c74013b50 .functor AND 1, L_0000025c73fb1160, L_0000025c740136f0, C4<1>, C4<1>;
L_0000025c74012b20 .functor OR 1, L_0000025c74013290, L_0000025c74013b50, C4<0>, C4<0>;
v0000025c73f29440_0 .net *"_ivl_0", 0 0, L_0000025c74012b90;  1 drivers
v0000025c73f2aa20_0 .net *"_ivl_4", 0 0, L_0000025c74013290;  1 drivers
v0000025c73f2ab60_0 .net *"_ivl_6", 0 0, L_0000025c740136f0;  1 drivers
v0000025c73f298a0_0 .net *"_ivl_8", 0 0, L_0000025c74013b50;  1 drivers
v0000025c73f2a700_0 .net "a", 0 0, L_0000025c73faff40;  1 drivers
v0000025c73f299e0_0 .net "b", 0 0, L_0000025c73faf860;  1 drivers
v0000025c73f2a660_0 .net "cin", 0 0, L_0000025c73fb1160;  1 drivers
v0000025c73f2a160_0 .net "cout", 0 0, L_0000025c74012b20;  1 drivers
v0000025c73f29a80_0 .net "sum", 0 0, L_0000025c74013370;  1 drivers
S_0000025c73f338a0 .scope generate, "fa_gen[14]" "fa_gen[14]" 9 17, 9 17 0, S_0000025c73f30690;
 .timescale 0 0;
P_0000025c73e92940 .param/l "i" 0 9 17, +C4<01110>;
S_0000025c73f349d0 .scope module, "fa" "full_adder" 9 18, 9 33 0, S_0000025c73f338a0;
 .timescale 0 0;
    .port_info 0 /INPUT 1 "a";
    .port_info 1 /INPUT 1 "b";
    .port_info 2 /INPUT 1 "cin";
    .port_info 3 /OUTPUT 1 "sum";
    .port_info 4 /OUTPUT 1 "cout";
L_0000025c74012c70 .functor XOR 1, L_0000025c73fb0940, L_0000025c73faf2c0, C4<0>, C4<0>;
L_0000025c74012ce0 .functor XOR 1, L_0000025c74012c70, L_0000025c73fb0300, C4<0>, C4<0>;
L_0000025c74012d50 .functor AND 1, L_0000025c73fb0940, L_0000025c73faf2c0, C4<1>, C4<1>;
L_0000025c74013a70 .functor XOR 1, L_0000025c73fb0940, L_0000025c73faf2c0, C4<0>, C4<0>;
L_0000025c74014090 .functor AND 1, L_0000025c73fb0300, L_0000025c74013a70, C4<1>, C4<1>;
L_0000025c74012dc0 .functor OR 1, L_0000025c74012d50, L_0000025c74014090, C4<0>, C4<0>;
v0000025c73f29b20_0 .net *"_ivl_0", 0 0, L_0000025c74012c70;  1 drivers
v0000025c73f2a020_0 .net *"_ivl_4", 0 0, L_0000025c74012d50;  1 drivers
v0000025c73f2b060_0 .net *"_ivl_6", 0 0, L_0000025c74013a70;  1 drivers
v0000025c73f2b240_0 .net *"_ivl_8", 0 0, L_0000025c74014090;  1 drivers
v0000025c73f2b380_0 .net "a", 0 0, L_0000025c73fb0940;  1 drivers
v0000025c73f2aca0_0 .net "b", 0 0, L_0000025c73faf2c0;  1 drivers
v0000025c73f2a2a0_0 .net "cin", 0 0, L_0000025c73fb0300;  1 drivers
v0000025c73f2b420_0 .net "cout", 0 0, L_0000025c74012dc0;  1 drivers
v0000025c73f2a3e0_0 .net "sum", 0 0, L_0000025c74012ce0;  1 drivers
S_0000025c73f346b0 .scope generate, "fa_gen[15]" "fa_gen[15]" 9 17, 9 17 0, S_0000025c73f30690;
 .timescale 0 0;
P_0000025c73e924c0 .param/l "i" 0 9 17, +C4<01111>;
S_0000025c73f34840 .scope module, "fa" "full_adder" 9 18, 9 33 0, S_0000025c73f346b0;
 .timescale 0 0;
    .port_info 0 /INPUT 1 "a";
    .port_info 1 /INPUT 1 "b";
    .port_info 2 /INPUT 1 "cin";
    .port_info 3 /OUTPUT 1 "sum";
    .port_info 4 /OUTPUT 1 "cout";
L_0000025c74013ae0 .functor XOR 1, L_0000025c73fb13e0, L_0000025c73faf900, C4<0>, C4<0>;
L_0000025c74013bc0 .functor XOR 1, L_0000025c74013ae0, L_0000025c73fb0440, C4<0>, C4<0>;
L_0000025c74013140 .functor AND 1, L_0000025c73fb13e0, L_0000025c73faf900, C4<1>, C4<1>;
L_0000025c74013c30 .functor XOR 1, L_0000025c73fb13e0, L_0000025c73faf900, C4<0>, C4<0>;
L_0000025c74013df0 .functor AND 1, L_0000025c73fb0440, L_0000025c74013c30, C4<1>, C4<1>;
L_0000025c74013ca0 .functor OR 1, L_0000025c74013140, L_0000025c74013df0, C4<0>, C4<0>;
v0000025c73f2a520_0 .net *"_ivl_0", 0 0, L_0000025c74013ae0;  1 drivers
v0000025c73f29d00_0 .net *"_ivl_4", 0 0, L_0000025c74013140;  1 drivers
v0000025c73f2a840_0 .net *"_ivl_6", 0 0, L_0000025c74013c30;  1 drivers
v0000025c73f29ee0_0 .net *"_ivl_8", 0 0, L_0000025c74013df0;  1 drivers
v0000025c73f29800_0 .net "a", 0 0, L_0000025c73fb13e0;  1 drivers
v0000025c73f2b2e0_0 .net "b", 0 0, L_0000025c73faf900;  1 drivers
v0000025c73f2b4c0_0 .net "cin", 0 0, L_0000025c73fb0440;  1 drivers
v0000025c73f2ad40_0 .net "cout", 0 0, L_0000025c74013ca0;  1 drivers
v0000025c73f2b100_0 .net "sum", 0 0, L_0000025c74013bc0;  1 drivers
S_0000025c73f330d0 .scope generate, "fa_gen[16]" "fa_gen[16]" 9 17, 9 17 0, S_0000025c73f30690;
 .timescale 0 0;
P_0000025c73e93200 .param/l "i" 0 9 17, +C4<010000>;
S_0000025c73f34200 .scope module, "fa" "full_adder" 9 18, 9 33 0, S_0000025c73f330d0;
 .timescale 0 0;
    .port_info 0 /INPUT 1 "a";
    .port_info 1 /INPUT 1 "b";
    .port_info 2 /INPUT 1 "cin";
    .port_info 3 /OUTPUT 1 "sum";
    .port_info 4 /OUTPUT 1 "cout";
L_0000025c74013920 .functor XOR 1, L_0000025c73fb0da0, L_0000025c73fafe00, C4<0>, C4<0>;
L_0000025c74013d10 .functor XOR 1, L_0000025c74013920, L_0000025c73fafea0, C4<0>, C4<0>;
L_0000025c740138b0 .functor AND 1, L_0000025c73fb0da0, L_0000025c73fafe00, C4<1>, C4<1>;
L_0000025c74013530 .functor XOR 1, L_0000025c73fb0da0, L_0000025c73fafe00, C4<0>, C4<0>;
L_0000025c74013300 .functor AND 1, L_0000025c73fafea0, L_0000025c74013530, C4<1>, C4<1>;
L_0000025c74012e30 .functor OR 1, L_0000025c740138b0, L_0000025c74013300, C4<0>, C4<0>;
v0000025c73f2b600_0 .net *"_ivl_0", 0 0, L_0000025c74013920;  1 drivers
v0000025c73f29260_0 .net *"_ivl_4", 0 0, L_0000025c740138b0;  1 drivers
v0000025c73f29300_0 .net *"_ivl_6", 0 0, L_0000025c74013530;  1 drivers
v0000025c73f2a7a0_0 .net *"_ivl_8", 0 0, L_0000025c74013300;  1 drivers
v0000025c73f2b6a0_0 .net "a", 0 0, L_0000025c73fb0da0;  1 drivers
v0000025c73f2a340_0 .net "b", 0 0, L_0000025c73fafe00;  1 drivers
v0000025c73f2a480_0 .net "cin", 0 0, L_0000025c73fafea0;  1 drivers
v0000025c73f293a0_0 .net "cout", 0 0, L_0000025c74012e30;  1 drivers
v0000025c73f2ade0_0 .net "sum", 0 0, L_0000025c74013d10;  1 drivers
S_0000025c73f33710 .scope generate, "fa_gen[17]" "fa_gen[17]" 9 17, 9 17 0, S_0000025c73f30690;
 .timescale 0 0;
P_0000025c73e93000 .param/l "i" 0 9 17, +C4<010001>;
S_0000025c73f333f0 .scope module, "fa" "full_adder" 9 18, 9 33 0, S_0000025c73f33710;
 .timescale 0 0;
    .port_info 0 /INPUT 1 "a";
    .port_info 1 /INPUT 1 "b";
    .port_info 2 /INPUT 1 "cin";
    .port_info 3 /OUTPUT 1 "sum";
    .port_info 4 /OUTPUT 1 "cout";
L_0000025c74013d80 .functor XOR 1, L_0000025c73fb0ee0, L_0000025c73fb0760, C4<0>, C4<0>;
L_0000025c74012ea0 .functor XOR 1, L_0000025c74013d80, L_0000025c73faf220, C4<0>, C4<0>;
L_0000025c740135a0 .functor AND 1, L_0000025c73fb0ee0, L_0000025c73fb0760, C4<1>, C4<1>;
L_0000025c74012f10 .functor XOR 1, L_0000025c73fb0ee0, L_0000025c73fb0760, C4<0>, C4<0>;
L_0000025c74012ff0 .functor AND 1, L_0000025c73faf220, L_0000025c74012f10, C4<1>, C4<1>;
L_0000025c74013610 .functor OR 1, L_0000025c740135a0, L_0000025c74012ff0, C4<0>, C4<0>;
v0000025c73f29bc0_0 .net *"_ivl_0", 0 0, L_0000025c74013d80;  1 drivers
v0000025c73f28f40_0 .net *"_ivl_4", 0 0, L_0000025c740135a0;  1 drivers
v0000025c73f28fe0_0 .net *"_ivl_6", 0 0, L_0000025c74012f10;  1 drivers
v0000025c73f2a8e0_0 .net *"_ivl_8", 0 0, L_0000025c74012ff0;  1 drivers
v0000025c73f29940_0 .net "a", 0 0, L_0000025c73fb0ee0;  1 drivers
v0000025c73f2ae80_0 .net "b", 0 0, L_0000025c73fb0760;  1 drivers
v0000025c73f2a5c0_0 .net "cin", 0 0, L_0000025c73faf220;  1 drivers
v0000025c73f2af20_0 .net "cout", 0 0, L_0000025c74013610;  1 drivers
v0000025c73f294e0_0 .net "sum", 0 0, L_0000025c74012ea0;  1 drivers
S_0000025c73f33bc0 .scope generate, "fa_gen[18]" "fa_gen[18]" 9 17, 9 17 0, S_0000025c73f30690;
 .timescale 0 0;
P_0000025c73e92440 .param/l "i" 0 9 17, +C4<010010>;
S_0000025c73f33ee0 .scope module, "fa" "full_adder" 9 18, 9 33 0, S_0000025c73f33bc0;
 .timescale 0 0;
    .port_info 0 /INPUT 1 "a";
    .port_info 1 /INPUT 1 "b";
    .port_info 2 /INPUT 1 "cin";
    .port_info 3 /OUTPUT 1 "sum";
    .port_info 4 /OUTPUT 1 "cout";
L_0000025c74012810 .functor XOR 1, L_0000025c73faf5e0, L_0000025c73fb0260, C4<0>, C4<0>;
L_0000025c74013e60 .functor XOR 1, L_0000025c74012810, L_0000025c73fb1020, C4<0>, C4<0>;
L_0000025c74012a40 .functor AND 1, L_0000025c73faf5e0, L_0000025c73fb0260, C4<1>, C4<1>;
L_0000025c740133e0 .functor XOR 1, L_0000025c73faf5e0, L_0000025c73fb0260, C4<0>, C4<0>;
L_0000025c74013450 .functor AND 1, L_0000025c73fb1020, L_0000025c740133e0, C4<1>, C4<1>;
L_0000025c74012f80 .functor OR 1, L_0000025c74012a40, L_0000025c74013450, C4<0>, C4<0>;
v0000025c73f29c60_0 .net *"_ivl_0", 0 0, L_0000025c74012810;  1 drivers
v0000025c73f29da0_0 .net *"_ivl_4", 0 0, L_0000025c74012a40;  1 drivers
v0000025c73f29e40_0 .net *"_ivl_6", 0 0, L_0000025c740133e0;  1 drivers
v0000025c73f2ac00_0 .net *"_ivl_8", 0 0, L_0000025c74013450;  1 drivers
v0000025c73f29580_0 .net "a", 0 0, L_0000025c73faf5e0;  1 drivers
v0000025c73f29620_0 .net "b", 0 0, L_0000025c73fb0260;  1 drivers
v0000025c73f296c0_0 .net "cin", 0 0, L_0000025c73fb1020;  1 drivers
v0000025c73f29760_0 .net "cout", 0 0, L_0000025c74012f80;  1 drivers
v0000025c73f2bf60_0 .net "sum", 0 0, L_0000025c74013e60;  1 drivers
S_0000025c73f34b60 .scope generate, "fa_gen[19]" "fa_gen[19]" 9 17, 9 17 0, S_0000025c73f30690;
 .timescale 0 0;
P_0000025c73e92700 .param/l "i" 0 9 17, +C4<010011>;
S_0000025c73f34070 .scope module, "fa" "full_adder" 9 18, 9 33 0, S_0000025c73f34b60;
 .timescale 0 0;
    .port_info 0 /INPUT 1 "a";
    .port_info 1 /INPUT 1 "b";
    .port_info 2 /INPUT 1 "cin";
    .port_info 3 /OUTPUT 1 "sum";
    .port_info 4 /OUTPUT 1 "cout";
L_0000025c74012880 .functor XOR 1, L_0000025c73faf9a0, L_0000025c73fb0b20, C4<0>, C4<0>;
L_0000025c74012570 .functor XOR 1, L_0000025c74012880, L_0000025c73fb0080, C4<0>, C4<0>;
L_0000025c74013ed0 .functor AND 1, L_0000025c73faf9a0, L_0000025c73fb0b20, C4<1>, C4<1>;
L_0000025c74013f40 .functor XOR 1, L_0000025c73faf9a0, L_0000025c73fb0b20, C4<0>, C4<0>;
L_0000025c74014020 .functor AND 1, L_0000025c73fb0080, L_0000025c74013f40, C4<1>, C4<1>;
L_0000025c740125e0 .functor OR 1, L_0000025c74013ed0, L_0000025c74014020, C4<0>, C4<0>;
v0000025c73f2c0a0_0 .net *"_ivl_0", 0 0, L_0000025c74012880;  1 drivers
v0000025c73f2de00_0 .net *"_ivl_4", 0 0, L_0000025c74013ed0;  1 drivers
v0000025c73f2b7e0_0 .net *"_ivl_6", 0 0, L_0000025c74013f40;  1 drivers
v0000025c73f2c6e0_0 .net *"_ivl_8", 0 0, L_0000025c74014020;  1 drivers
v0000025c73f2c460_0 .net "a", 0 0, L_0000025c73faf9a0;  1 drivers
v0000025c73f2cfa0_0 .net "b", 0 0, L_0000025c73fb0b20;  1 drivers
v0000025c73f2cb40_0 .net "cin", 0 0, L_0000025c73fb0080;  1 drivers
v0000025c73f2da40_0 .net "cout", 0 0, L_0000025c740125e0;  1 drivers
v0000025c73f2cbe0_0 .net "sum", 0 0, L_0000025c74012570;  1 drivers
S_0000025c73f33260 .scope generate, "fa_gen[20]" "fa_gen[20]" 9 17, 9 17 0, S_0000025c73f30690;
 .timescale 0 0;
P_0000025c73e92f80 .param/l "i" 0 9 17, +C4<010100>;
S_0000025c73f34390 .scope module, "fa" "full_adder" 9 18, 9 33 0, S_0000025c73f33260;
 .timescale 0 0;
    .port_info 0 /INPUT 1 "a";
    .port_info 1 /INPUT 1 "b";
    .port_info 2 /INPUT 1 "cin";
    .port_info 3 /OUTPUT 1 "sum";
    .port_info 4 /OUTPUT 1 "cout";
L_0000025c74012650 .functor XOR 1, L_0000025c73fb18e0, L_0000025c73faf180, C4<0>, C4<0>;
L_0000025c74013760 .functor XOR 1, L_0000025c74012650, L_0000025c73fb04e0, C4<0>, C4<0>;
L_0000025c740127a0 .functor AND 1, L_0000025c73fb18e0, L_0000025c73faf180, C4<1>, C4<1>;
L_0000025c74012ab0 .functor XOR 1, L_0000025c73fb18e0, L_0000025c73faf180, C4<0>, C4<0>;
L_0000025c740126c0 .functor AND 1, L_0000025c73fb04e0, L_0000025c74012ab0, C4<1>, C4<1>;
L_0000025c74012960 .functor OR 1, L_0000025c740127a0, L_0000025c740126c0, C4<0>, C4<0>;
v0000025c73f2ca00_0 .net *"_ivl_0", 0 0, L_0000025c74012650;  1 drivers
v0000025c73f2ce60_0 .net *"_ivl_4", 0 0, L_0000025c740127a0;  1 drivers
v0000025c73f2d9a0_0 .net *"_ivl_6", 0 0, L_0000025c74012ab0;  1 drivers
v0000025c73f2dae0_0 .net *"_ivl_8", 0 0, L_0000025c740126c0;  1 drivers
v0000025c73f2c320_0 .net "a", 0 0, L_0000025c73fb18e0;  1 drivers
v0000025c73f2dc20_0 .net "b", 0 0, L_0000025c73faf180;  1 drivers
v0000025c73f2c000_0 .net "cin", 0 0, L_0000025c73fb04e0;  1 drivers
v0000025c73f2b920_0 .net "cout", 0 0, L_0000025c74012960;  1 drivers
v0000025c73f2cf00_0 .net "sum", 0 0, L_0000025c74013760;  1 drivers
S_0000025c73f34cf0 .scope generate, "fa_gen[21]" "fa_gen[21]" 9 17, 9 17 0, S_0000025c73f30690;
 .timescale 0 0;
P_0000025c73e93240 .param/l "i" 0 9 17, +C4<010101>;
S_0000025c73f34520 .scope module, "fa" "full_adder" 9 18, 9 33 0, S_0000025c73f34cf0;
 .timescale 0 0;
    .port_info 0 /INPUT 1 "a";
    .port_info 1 /INPUT 1 "b";
    .port_info 2 /INPUT 1 "cin";
    .port_info 3 /OUTPUT 1 "sum";
    .port_info 4 /OUTPUT 1 "cout";
L_0000025c74013060 .functor XOR 1, L_0000025c73fb0580, L_0000025c73fb17a0, C4<0>, C4<0>;
L_0000025c740131b0 .functor XOR 1, L_0000025c74013060, L_0000025c73fb1200, C4<0>, C4<0>;
L_0000025c740137d0 .functor AND 1, L_0000025c73fb0580, L_0000025c73fb17a0, C4<1>, C4<1>;
L_0000025c74013680 .functor XOR 1, L_0000025c73fb0580, L_0000025c73fb17a0, C4<0>, C4<0>;
L_0000025c74013990 .functor AND 1, L_0000025c73fb1200, L_0000025c74013680, C4<1>, C4<1>;
L_0000025c7402fc80 .functor OR 1, L_0000025c740137d0, L_0000025c74013990, C4<0>, C4<0>;
v0000025c73f2db80_0 .net *"_ivl_0", 0 0, L_0000025c74013060;  1 drivers
v0000025c73f2b880_0 .net *"_ivl_4", 0 0, L_0000025c740137d0;  1 drivers
v0000025c73f2b9c0_0 .net *"_ivl_6", 0 0, L_0000025c74013680;  1 drivers
v0000025c73f2d040_0 .net *"_ivl_8", 0 0, L_0000025c74013990;  1 drivers
v0000025c73f2dcc0_0 .net "a", 0 0, L_0000025c73fb0580;  1 drivers
v0000025c73f2c140_0 .net "b", 0 0, L_0000025c73fb17a0;  1 drivers
v0000025c73f2d4a0_0 .net "cin", 0 0, L_0000025c73fb1200;  1 drivers
v0000025c73f2bba0_0 .net "cout", 0 0, L_0000025c7402fc80;  1 drivers
v0000025c73f2c960_0 .net "sum", 0 0, L_0000025c740131b0;  1 drivers
S_0000025c73f32f40 .scope generate, "fa_gen[22]" "fa_gen[22]" 9 17, 9 17 0, S_0000025c73f30690;
 .timescale 0 0;
P_0000025c73e92300 .param/l "i" 0 9 17, +C4<010110>;
S_0000025c73f34f50 .scope module, "fa" "full_adder" 9 18, 9 33 0, S_0000025c73f32f40;
 .timescale 0 0;
    .port_info 0 /INPUT 1 "a";
    .port_info 1 /INPUT 1 "b";
    .port_info 2 /INPUT 1 "cin";
    .port_info 3 /OUTPUT 1 "sum";
    .port_info 4 /OUTPUT 1 "cout";
L_0000025c74030cb0 .functor XOR 1, L_0000025c73fafa40, L_0000025c73fb0620, C4<0>, C4<0>;
L_0000025c7402f120 .functor XOR 1, L_0000025c74030cb0, L_0000025c73fafb80, C4<0>, C4<0>;
L_0000025c7402fc10 .functor AND 1, L_0000025c73fafa40, L_0000025c73fb0620, C4<1>, C4<1>;
L_0000025c7402f190 .functor XOR 1, L_0000025c73fafa40, L_0000025c73fb0620, C4<0>, C4<0>;
L_0000025c74030150 .functor AND 1, L_0000025c73fafb80, L_0000025c7402f190, C4<1>, C4<1>;
L_0000025c7402fe40 .functor OR 1, L_0000025c7402fc10, L_0000025c74030150, C4<0>, C4<0>;
v0000025c73f2d680_0 .net *"_ivl_0", 0 0, L_0000025c74030cb0;  1 drivers
v0000025c73f2c640_0 .net *"_ivl_4", 0 0, L_0000025c7402fc10;  1 drivers
v0000025c73f2dd60_0 .net *"_ivl_6", 0 0, L_0000025c7402f190;  1 drivers
v0000025c73f2d7c0_0 .net *"_ivl_8", 0 0, L_0000025c74030150;  1 drivers
v0000025c73f2bb00_0 .net "a", 0 0, L_0000025c73fafa40;  1 drivers
v0000025c73f2dea0_0 .net "b", 0 0, L_0000025c73fb0620;  1 drivers
v0000025c73f2ba60_0 .net "cin", 0 0, L_0000025c73fafb80;  1 drivers
v0000025c73f2bc40_0 .net "cout", 0 0, L_0000025c7402fe40;  1 drivers
v0000025c73f2caa0_0 .net "sum", 0 0, L_0000025c7402f120;  1 drivers
S_0000025c73f35ef0 .scope generate, "fa_gen[23]" "fa_gen[23]" 9 17, 9 17 0, S_0000025c73f30690;
 .timescale 0 0;
P_0000025c73e92380 .param/l "i" 0 9 17, +C4<010111>;
S_0000025c73f35270 .scope module, "fa" "full_adder" 9 18, 9 33 0, S_0000025c73f35ef0;
 .timescale 0 0;
    .port_info 0 /INPUT 1 "a";
    .port_info 1 /INPUT 1 "b";
    .port_info 2 /INPUT 1 "cin";
    .port_info 3 /OUTPUT 1 "sum";
    .port_info 4 /OUTPUT 1 "cout";
L_0000025c7402fcf0 .functor XOR 1, L_0000025c73fb03a0, L_0000025c73fb10c0, C4<0>, C4<0>;
L_0000025c74030700 .functor XOR 1, L_0000025c7402fcf0, L_0000025c73faf360, C4<0>, C4<0>;
L_0000025c740301c0 .functor AND 1, L_0000025c73fb03a0, L_0000025c73fb10c0, C4<1>, C4<1>;
L_0000025c740308c0 .functor XOR 1, L_0000025c73fb03a0, L_0000025c73fb10c0, C4<0>, C4<0>;
L_0000025c74030930 .functor AND 1, L_0000025c73faf360, L_0000025c740308c0, C4<1>, C4<1>;
L_0000025c740300e0 .functor OR 1, L_0000025c740301c0, L_0000025c74030930, C4<0>, C4<0>;
v0000025c73f2b740_0 .net *"_ivl_0", 0 0, L_0000025c7402fcf0;  1 drivers
v0000025c73f2bce0_0 .net *"_ivl_4", 0 0, L_0000025c740301c0;  1 drivers
v0000025c73f2d5e0_0 .net *"_ivl_6", 0 0, L_0000025c740308c0;  1 drivers
v0000025c73f2bd80_0 .net *"_ivl_8", 0 0, L_0000025c74030930;  1 drivers
v0000025c73f2be20_0 .net "a", 0 0, L_0000025c73fb03a0;  1 drivers
v0000025c73f2d0e0_0 .net "b", 0 0, L_0000025c73fb10c0;  1 drivers
v0000025c73f2bec0_0 .net "cin", 0 0, L_0000025c73faf360;  1 drivers
v0000025c73f2c1e0_0 .net "cout", 0 0, L_0000025c740300e0;  1 drivers
v0000025c73f2d720_0 .net "sum", 0 0, L_0000025c74030700;  1 drivers
S_0000025c73f36b70 .scope generate, "fa_gen[24]" "fa_gen[24]" 9 17, 9 17 0, S_0000025c73f30690;
 .timescale 0 0;
P_0000025c73e923c0 .param/l "i" 0 9 17, +C4<011000>;
S_0000025c73f36850 .scope module, "fa" "full_adder" 9 18, 9 33 0, S_0000025c73f36b70;
 .timescale 0 0;
    .port_info 0 /INPUT 1 "a";
    .port_info 1 /INPUT 1 "b";
    .port_info 2 /INPUT 1 "cin";
    .port_info 3 /OUTPUT 1 "sum";
    .port_info 4 /OUTPUT 1 "cout";
L_0000025c74030460 .functor XOR 1, L_0000025c73fb09e0, L_0000025c73fb06c0, C4<0>, C4<0>;
L_0000025c74030070 .functor XOR 1, L_0000025c74030460, L_0000025c73fb0800, C4<0>, C4<0>;
L_0000025c7402f350 .functor AND 1, L_0000025c73fb09e0, L_0000025c73fb06c0, C4<1>, C4<1>;
L_0000025c7402f510 .functor XOR 1, L_0000025c73fb09e0, L_0000025c73fb06c0, C4<0>, C4<0>;
L_0000025c740304d0 .functor AND 1, L_0000025c73fb0800, L_0000025c7402f510, C4<1>, C4<1>;
L_0000025c7402f660 .functor OR 1, L_0000025c7402f350, L_0000025c740304d0, C4<0>, C4<0>;
v0000025c73f2c3c0_0 .net *"_ivl_0", 0 0, L_0000025c74030460;  1 drivers
v0000025c73f2c280_0 .net *"_ivl_4", 0 0, L_0000025c7402f350;  1 drivers
v0000025c73f2c500_0 .net *"_ivl_6", 0 0, L_0000025c7402f510;  1 drivers
v0000025c73f2d180_0 .net *"_ivl_8", 0 0, L_0000025c740304d0;  1 drivers
v0000025c73f2c5a0_0 .net "a", 0 0, L_0000025c73fb09e0;  1 drivers
v0000025c73f2c780_0 .net "b", 0 0, L_0000025c73fb06c0;  1 drivers
v0000025c73f2c820_0 .net "cin", 0 0, L_0000025c73fb0800;  1 drivers
v0000025c73f2c8c0_0 .net "cout", 0 0, L_0000025c7402f660;  1 drivers
v0000025c73f2cc80_0 .net "sum", 0 0, L_0000025c74030070;  1 drivers
S_0000025c73f35bd0 .scope generate, "fa_gen[25]" "fa_gen[25]" 9 17, 9 17 0, S_0000025c73f30690;
 .timescale 0 0;
P_0000025c73e925c0 .param/l "i" 0 9 17, +C4<011001>;
S_0000025c73f350e0 .scope module, "fa" "full_adder" 9 18, 9 33 0, S_0000025c73f35bd0;
 .timescale 0 0;
    .port_info 0 /INPUT 1 "a";
    .port_info 1 /INPUT 1 "b";
    .port_info 2 /INPUT 1 "cin";
    .port_info 3 /OUTPUT 1 "sum";
    .port_info 4 /OUTPUT 1 "cout";
L_0000025c74030230 .functor XOR 1, L_0000025c73faf400, L_0000025c73fb0f80, C4<0>, C4<0>;
L_0000025c7402f740 .functor XOR 1, L_0000025c74030230, L_0000025c73fafae0, C4<0>, C4<0>;
L_0000025c7402fd60 .functor AND 1, L_0000025c73faf400, L_0000025c73fb0f80, C4<1>, C4<1>;
L_0000025c7402ff20 .functor XOR 1, L_0000025c73faf400, L_0000025c73fb0f80, C4<0>, C4<0>;
L_0000025c740305b0 .functor AND 1, L_0000025c73fafae0, L_0000025c7402ff20, C4<1>, C4<1>;
L_0000025c7402fdd0 .functor OR 1, L_0000025c7402fd60, L_0000025c740305b0, C4<0>, C4<0>;
v0000025c73f2cd20_0 .net *"_ivl_0", 0 0, L_0000025c74030230;  1 drivers
v0000025c73f2cdc0_0 .net *"_ivl_4", 0 0, L_0000025c7402fd60;  1 drivers
v0000025c73f2d220_0 .net *"_ivl_6", 0 0, L_0000025c7402ff20;  1 drivers
v0000025c73f2d2c0_0 .net *"_ivl_8", 0 0, L_0000025c740305b0;  1 drivers
v0000025c73f2d860_0 .net "a", 0 0, L_0000025c73faf400;  1 drivers
v0000025c73f2d360_0 .net "b", 0 0, L_0000025c73fb0f80;  1 drivers
v0000025c73f2d400_0 .net "cin", 0 0, L_0000025c73fafae0;  1 drivers
v0000025c73f2d540_0 .net "cout", 0 0, L_0000025c7402fdd0;  1 drivers
v0000025c73f2d900_0 .net "sum", 0 0, L_0000025c7402f740;  1 drivers
S_0000025c73f35a40 .scope generate, "fa_gen[26]" "fa_gen[26]" 9 17, 9 17 0, S_0000025c73f30690;
 .timescale 0 0;
P_0000025c73e93040 .param/l "i" 0 9 17, +C4<011010>;
S_0000025c73f358b0 .scope module, "fa" "full_adder" 9 18, 9 33 0, S_0000025c73f35a40;
 .timescale 0 0;
    .port_info 0 /INPUT 1 "a";
    .port_info 1 /INPUT 1 "b";
    .port_info 2 /INPUT 1 "cin";
    .port_info 3 /OUTPUT 1 "sum";
    .port_info 4 /OUTPUT 1 "cout";
L_0000025c7402f580 .functor XOR 1, L_0000025c73fb1340, L_0000025c73faf4a0, C4<0>, C4<0>;
L_0000025c7402feb0 .functor XOR 1, L_0000025c7402f580, L_0000025c73faf680, C4<0>, C4<0>;
L_0000025c7402f9e0 .functor AND 1, L_0000025c73fb1340, L_0000025c73faf4a0, C4<1>, C4<1>;
L_0000025c7402ff90 .functor XOR 1, L_0000025c73fb1340, L_0000025c73faf4a0, C4<0>, C4<0>;
L_0000025c7402f430 .functor AND 1, L_0000025c73faf680, L_0000025c7402ff90, C4<1>, C4<1>;
L_0000025c74030c40 .functor OR 1, L_0000025c7402f9e0, L_0000025c7402f430, C4<0>, C4<0>;
v0000025c73f2e3a0_0 .net *"_ivl_0", 0 0, L_0000025c7402f580;  1 drivers
v0000025c73f2ebc0_0 .net *"_ivl_4", 0 0, L_0000025c7402f9e0;  1 drivers
v0000025c73f2ec60_0 .net *"_ivl_6", 0 0, L_0000025c7402ff90;  1 drivers
v0000025c73f2e8a0_0 .net *"_ivl_8", 0 0, L_0000025c7402f430;  1 drivers
v0000025c73f2e260_0 .net "a", 0 0, L_0000025c73fb1340;  1 drivers
v0000025c73f2ea80_0 .net "b", 0 0, L_0000025c73faf4a0;  1 drivers
v0000025c73f2e580_0 .net "cin", 0 0, L_0000025c73faf680;  1 drivers
v0000025c73f2eb20_0 .net "cout", 0 0, L_0000025c74030c40;  1 drivers
v0000025c73f2df40_0 .net "sum", 0 0, L_0000025c7402feb0;  1 drivers
S_0000025c73f35d60 .scope generate, "fa_gen[27]" "fa_gen[27]" 9 17, 9 17 0, S_0000025c73f30690;
 .timescale 0 0;
P_0000025c73e92600 .param/l "i" 0 9 17, +C4<011011>;
S_0000025c73f36080 .scope module, "fa" "full_adder" 9 18, 9 33 0, S_0000025c73f35d60;
 .timescale 0 0;
    .port_info 0 /INPUT 1 "a";
    .port_info 1 /INPUT 1 "b";
    .port_info 2 /INPUT 1 "cin";
    .port_info 3 /OUTPUT 1 "sum";
    .port_info 4 /OUTPUT 1 "cout";
L_0000025c74030770 .functor XOR 1, L_0000025c73fafcc0, L_0000025c73fb0a80, C4<0>, C4<0>;
L_0000025c740307e0 .functor XOR 1, L_0000025c74030770, L_0000025c73fb0e40, C4<0>, C4<0>;
L_0000025c74030a10 .functor AND 1, L_0000025c73fafcc0, L_0000025c73fb0a80, C4<1>, C4<1>;
L_0000025c74030850 .functor XOR 1, L_0000025c73fafcc0, L_0000025c73fb0a80, C4<0>, C4<0>;
L_0000025c7402f6d0 .functor AND 1, L_0000025c73fb0e40, L_0000025c74030850, C4<1>, C4<1>;
L_0000025c740309a0 .functor OR 1, L_0000025c74030a10, L_0000025c7402f6d0, C4<0>, C4<0>;
v0000025c73f2e300_0 .net *"_ivl_0", 0 0, L_0000025c74030770;  1 drivers
v0000025c73f2e440_0 .net *"_ivl_4", 0 0, L_0000025c74030a10;  1 drivers
v0000025c73f2e4e0_0 .net *"_ivl_6", 0 0, L_0000025c74030850;  1 drivers
v0000025c73f2e620_0 .net *"_ivl_8", 0 0, L_0000025c7402f6d0;  1 drivers
v0000025c73f2e9e0_0 .net "a", 0 0, L_0000025c73fafcc0;  1 drivers
v0000025c73f2e760_0 .net "b", 0 0, L_0000025c73fb0a80;  1 drivers
v0000025c73f2e800_0 .net "cin", 0 0, L_0000025c73fb0e40;  1 drivers
v0000025c73f2e080_0 .net "cout", 0 0, L_0000025c740309a0;  1 drivers
v0000025c73f2e6c0_0 .net "sum", 0 0, L_0000025c740307e0;  1 drivers
S_0000025c73f35400 .scope generate, "fa_gen[28]" "fa_gen[28]" 9 17, 9 17 0, S_0000025c73f30690;
 .timescale 0 0;
P_0000025c73e92c00 .param/l "i" 0 9 17, +C4<011100>;
S_0000025c73f36210 .scope module, "fa" "full_adder" 9 18, 9 33 0, S_0000025c73f35400;
 .timescale 0 0;
    .port_info 0 /INPUT 1 "a";
    .port_info 1 /INPUT 1 "b";
    .port_info 2 /INPUT 1 "cin";
    .port_info 3 /OUTPUT 1 "sum";
    .port_info 4 /OUTPUT 1 "cout";
L_0000025c7402f5f0 .functor XOR 1, L_0000025c73fb1840, L_0000025c73fb0120, C4<0>, C4<0>;
L_0000025c7402f7b0 .functor XOR 1, L_0000025c7402f5f0, L_0000025c73fb12a0, C4<0>, C4<0>;
L_0000025c74030000 .functor AND 1, L_0000025c73fb1840, L_0000025c73fb0120, C4<1>, C4<1>;
L_0000025c7402f3c0 .functor XOR 1, L_0000025c73fb1840, L_0000025c73fb0120, C4<0>, C4<0>;
L_0000025c7402f820 .functor AND 1, L_0000025c73fb12a0, L_0000025c7402f3c0, C4<1>, C4<1>;
L_0000025c740302a0 .functor OR 1, L_0000025c74030000, L_0000025c7402f820, C4<0>, C4<0>;
v0000025c73f2ed00_0 .net *"_ivl_0", 0 0, L_0000025c7402f5f0;  1 drivers
v0000025c73f2eda0_0 .net *"_ivl_4", 0 0, L_0000025c74030000;  1 drivers
v0000025c73f2e940_0 .net *"_ivl_6", 0 0, L_0000025c7402f3c0;  1 drivers
v0000025c73f2dfe0_0 .net *"_ivl_8", 0 0, L_0000025c7402f820;  1 drivers
v0000025c73f2e120_0 .net "a", 0 0, L_0000025c73fb1840;  1 drivers
v0000025c73f2e1c0_0 .net "b", 0 0, L_0000025c73fb0120;  1 drivers
v0000025c73f3b3b0_0 .net "cin", 0 0, L_0000025c73fb12a0;  1 drivers
v0000025c73f3ad70_0 .net "cout", 0 0, L_0000025c740302a0;  1 drivers
v0000025c73f39b50_0 .net "sum", 0 0, L_0000025c7402f7b0;  1 drivers
S_0000025c73f35590 .scope generate, "fa_gen[29]" "fa_gen[29]" 9 17, 9 17 0, S_0000025c73f30690;
 .timescale 0 0;
P_0000025c73e92400 .param/l "i" 0 9 17, +C4<011101>;
S_0000025c73f35720 .scope module, "fa" "full_adder" 9 18, 9 33 0, S_0000025c73f35590;
 .timescale 0 0;
    .port_info 0 /INPUT 1 "a";
    .port_info 1 /INPUT 1 "b";
    .port_info 2 /INPUT 1 "cin";
    .port_info 3 /OUTPUT 1 "sum";
    .port_info 4 /OUTPUT 1 "cout";
L_0000025c74030620 .functor XOR 1, L_0000025c73fb1480, L_0000025c73fb0bc0, C4<0>, C4<0>;
L_0000025c7402f900 .functor XOR 1, L_0000025c74030620, L_0000025c73fafd60, C4<0>, C4<0>;
L_0000025c74030690 .functor AND 1, L_0000025c73fb1480, L_0000025c73fb0bc0, C4<1>, C4<1>;
L_0000025c74030a80 .functor XOR 1, L_0000025c73fb1480, L_0000025c73fb0bc0, C4<0>, C4<0>;
L_0000025c74030af0 .functor AND 1, L_0000025c73fafd60, L_0000025c74030a80, C4<1>, C4<1>;
L_0000025c7402f2e0 .functor OR 1, L_0000025c74030690, L_0000025c74030af0, C4<0>, C4<0>;
v0000025c73f3b270_0 .net *"_ivl_0", 0 0, L_0000025c74030620;  1 drivers
v0000025c73f3b950_0 .net *"_ivl_4", 0 0, L_0000025c74030690;  1 drivers
v0000025c73f3a050_0 .net *"_ivl_6", 0 0, L_0000025c74030a80;  1 drivers
v0000025c73f3bd10_0 .net *"_ivl_8", 0 0, L_0000025c74030af0;  1 drivers
v0000025c73f3a9b0_0 .net "a", 0 0, L_0000025c73fb1480;  1 drivers
v0000025c73f3aa50_0 .net "b", 0 0, L_0000025c73fb0bc0;  1 drivers
v0000025c73f39790_0 .net "cin", 0 0, L_0000025c73fafd60;  1 drivers
v0000025c73f398d0_0 .net "cout", 0 0, L_0000025c7402f2e0;  1 drivers
v0000025c73f3be50_0 .net "sum", 0 0, L_0000025c7402f900;  1 drivers
S_0000025c73f36530 .scope generate, "fa_gen[30]" "fa_gen[30]" 9 17, 9 17 0, S_0000025c73f30690;
 .timescale 0 0;
P_0000025c73e92c40 .param/l "i" 0 9 17, +C4<011110>;
S_0000025c73f363a0 .scope module, "fa" "full_adder" 9 18, 9 33 0, S_0000025c73f36530;
 .timescale 0 0;
    .port_info 0 /INPUT 1 "a";
    .port_info 1 /INPUT 1 "b";
    .port_info 2 /INPUT 1 "cin";
    .port_info 3 /OUTPUT 1 "sum";
    .port_info 4 /OUTPUT 1 "cout";
L_0000025c74030b60 .functor XOR 1, L_0000025c73fb1520, L_0000025c73faf720, C4<0>, C4<0>;
L_0000025c74030540 .functor XOR 1, L_0000025c74030b60, L_0000025c73faffe0, C4<0>, C4<0>;
L_0000025c74030bd0 .functor AND 1, L_0000025c73fb1520, L_0000025c73faf720, C4<1>, C4<1>;
L_0000025c7402f200 .functor XOR 1, L_0000025c73fb1520, L_0000025c73faf720, C4<0>, C4<0>;
L_0000025c7402f270 .functor AND 1, L_0000025c73faffe0, L_0000025c7402f200, C4<1>, C4<1>;
L_0000025c7402f4a0 .functor OR 1, L_0000025c74030bd0, L_0000025c7402f270, C4<0>, C4<0>;
v0000025c73f3b9f0_0 .net *"_ivl_0", 0 0, L_0000025c74030b60;  1 drivers
v0000025c73f3af50_0 .net *"_ivl_4", 0 0, L_0000025c74030bd0;  1 drivers
v0000025c73f3a0f0_0 .net *"_ivl_6", 0 0, L_0000025c7402f200;  1 drivers
v0000025c73f3b8b0_0 .net *"_ivl_8", 0 0, L_0000025c7402f270;  1 drivers
v0000025c73f3a5f0_0 .net "a", 0 0, L_0000025c73fb1520;  1 drivers
v0000025c73f3bdb0_0 .net "b", 0 0, L_0000025c73faf720;  1 drivers
v0000025c73f3bef0_0 .net "cin", 0 0, L_0000025c73faffe0;  1 drivers
v0000025c73f3bbd0_0 .net "cout", 0 0, L_0000025c7402f4a0;  1 drivers
v0000025c73f3a7d0_0 .net "sum", 0 0, L_0000025c74030540;  1 drivers
S_0000025c73f366c0 .scope generate, "fa_gen[31]" "fa_gen[31]" 9 17, 9 17 0, S_0000025c73f30690;
 .timescale 0 0;
P_0000025c73e926c0 .param/l "i" 0 9 17, +C4<011111>;
S_0000025c73f369e0 .scope module, "fa" "full_adder" 9 18, 9 33 0, S_0000025c73f366c0;
 .timescale 0 0;
    .port_info 0 /INPUT 1 "a";
    .port_info 1 /INPUT 1 "b";
    .port_info 2 /INPUT 1 "cin";
    .port_info 3 /OUTPUT 1 "sum";
    .port_info 4 /OUTPUT 1 "cout";
L_0000025c7402fb30 .functor XOR 1, L_0000025c73fb15c0, L_0000025c73fb1660, C4<0>, C4<0>;
L_0000025c7402fa50 .functor XOR 1, L_0000025c7402fb30, L_0000025c73fb1700, C4<0>, C4<0>;
L_0000025c7402f890 .functor AND 1, L_0000025c73fb15c0, L_0000025c73fb1660, C4<1>, C4<1>;
L_0000025c7402fac0 .functor XOR 1, L_0000025c73fb15c0, L_0000025c73fb1660, C4<0>, C4<0>;
L_0000025c7402f970 .functor AND 1, L_0000025c73fb1700, L_0000025c7402fac0, C4<1>, C4<1>;
L_0000025c7402fba0 .functor OR 1, L_0000025c7402f890, L_0000025c7402f970, C4<0>, C4<0>;
v0000025c73f39830_0 .net *"_ivl_0", 0 0, L_0000025c7402fb30;  1 drivers
v0000025c73f3aaf0_0 .net *"_ivl_4", 0 0, L_0000025c7402f890;  1 drivers
v0000025c73f3ab90_0 .net *"_ivl_6", 0 0, L_0000025c7402fac0;  1 drivers
v0000025c73f39bf0_0 .net *"_ivl_8", 0 0, L_0000025c7402f970;  1 drivers
v0000025c73f3a190_0 .net "a", 0 0, L_0000025c73fb15c0;  1 drivers
v0000025c73f3bb30_0 .net "b", 0 0, L_0000025c73fb1660;  1 drivers
v0000025c73f39c90_0 .net "cin", 0 0, L_0000025c73fb1700;  1 drivers
v0000025c73f3a4b0_0 .net "cout", 0 0, L_0000025c7402fba0;  1 drivers
v0000025c73f3b310_0 .net "sum", 0 0, L_0000025c7402fa50;  1 drivers
S_0000025c73f36d00 .scope module, "rca_neg" "ripple_carry_adder" 6 60, 9 3 0, S_0000025c73a7c160;
 .timescale 0 0;
    .port_info 0 /INPUT 32 "A";
    .port_info 1 /INPUT 32 "B";
    .port_info 2 /INPUT 1 "Cin";
    .port_info 3 /OUTPUT 32 "Sum";
    .port_info 4 /OUTPUT 1 "Cout";
    .port_info 5 /OUTPUT 1 "Overflow";
L_0000025c73fb8e40 .functor BUFT 1, C4<1>, C4<0>, C4<0>, C4<0>;
L_0000025c7403f6e0 .functor BUFZ 1, L_0000025c73fb8e40, C4<0>, C4<0>, C4<0>;
L_0000025c7403f7c0 .functor XOR 1, L_0000025c73f99ba0, L_0000025c73f99060, C4<0>, C4<0>;
L_0000025c73fb8df8 .functor BUFT 1, C4<00000000000000000000000000000000>, C4<0>, C4<0>, C4<0>;
v0000025c73f46df0_0 .net "A", 31 0, L_0000025c73fb8df8;  1 drivers
v0000025c73f46670_0 .net "B", 31 0, L_0000025c7403f830;  1 drivers
v0000025c73f460d0_0 .net "Cin", 0 0, L_0000025c73fb8e40;  1 drivers
v0000025c73f45f90_0 .net "Cout", 0 0, L_0000025c73f9ad20;  alias, 1 drivers
v0000025c73f46030_0 .net "Overflow", 0 0, L_0000025c7403f7c0;  1 drivers
v0000025c73f468f0_0 .net "Sum", 31 0, L_0000025c73f9a6e0;  alias, 1 drivers
v0000025c73f46170_0 .net *"_ivl_229", 0 0, L_0000025c7403f6e0;  1 drivers
v0000025c73f46a30_0 .net *"_ivl_233", 0 0, L_0000025c73f99ba0;  1 drivers
v0000025c73f46ad0_0 .net *"_ivl_235", 0 0, L_0000025c73f99060;  1 drivers
v0000025c73f46210_0 .net "carry", 32 0, L_0000025c73f99c40;  1 drivers
L_0000025c73fb59e0 .part L_0000025c73fb8df8, 0, 1;
L_0000025c73fb6480 .part L_0000025c7403f830, 0, 1;
L_0000025c73fb56c0 .part L_0000025c73f99c40, 0, 1;
L_0000025c73fb67a0 .part L_0000025c73fb8df8, 1, 1;
L_0000025c73fb4860 .part L_0000025c7403f830, 1, 1;
L_0000025c73fb63e0 .part L_0000025c73f99c40, 1, 1;
L_0000025c73fb5760 .part L_0000025c73fb8df8, 2, 1;
L_0000025c73fb4b80 .part L_0000025c7403f830, 2, 1;
L_0000025c73fb5800 .part L_0000025c73f99c40, 2, 1;
L_0000025c73fb4cc0 .part L_0000025c73fb8df8, 3, 1;
L_0000025c73fb5080 .part L_0000025c7403f830, 3, 1;
L_0000025c73fb6840 .part L_0000025c73f99c40, 3, 1;
L_0000025c73fb5120 .part L_0000025c73fb8df8, 4, 1;
L_0000025c73fb58a0 .part L_0000025c7403f830, 4, 1;
L_0000025c73fb5940 .part L_0000025c73f99c40, 4, 1;
L_0000025c73fb68e0 .part L_0000025c73fb8df8, 5, 1;
L_0000025c73fb4180 .part L_0000025c7403f830, 5, 1;
L_0000025c73fb4d60 .part L_0000025c73f99c40, 5, 1;
L_0000025c73fb42c0 .part L_0000025c73fb8df8, 6, 1;
L_0000025c73fb5a80 .part L_0000025c7403f830, 6, 1;
L_0000025c73fb5b20 .part L_0000025c73f99c40, 6, 1;
L_0000025c73fb5bc0 .part L_0000025c73fb8df8, 7, 1;
L_0000025c73fb6fc0 .part L_0000025c7403f830, 7, 1;
L_0000025c73fb7560 .part L_0000025c73f99c40, 7, 1;
L_0000025c73fb8280 .part L_0000025c73fb8df8, 8, 1;
L_0000025c73fb7a60 .part L_0000025c7403f830, 8, 1;
L_0000025c73fb7060 .part L_0000025c73f99c40, 8, 1;
L_0000025c73fb77e0 .part L_0000025c73fb8df8, 9, 1;
L_0000025c73fb7b00 .part L_0000025c7403f830, 9, 1;
L_0000025c73fb8140 .part L_0000025c73f99c40, 9, 1;
L_0000025c73fb72e0 .part L_0000025c73fb8df8, 10, 1;
L_0000025c73fb6f20 .part L_0000025c7403f830, 10, 1;
L_0000025c73fb8320 .part L_0000025c73f99c40, 10, 1;
L_0000025c73fb6a20 .part L_0000025c73fb8df8, 11, 1;
L_0000025c73fb7600 .part L_0000025c7403f830, 11, 1;
L_0000025c73fb8820 .part L_0000025c73f99c40, 11, 1;
L_0000025c73fb81e0 .part L_0000025c73fb8df8, 12, 1;
L_0000025c73fb8780 .part L_0000025c7403f830, 12, 1;
L_0000025c73fb6b60 .part L_0000025c73f99c40, 12, 1;
L_0000025c73fb76a0 .part L_0000025c73fb8df8, 13, 1;
L_0000025c73fb8640 .part L_0000025c7403f830, 13, 1;
L_0000025c73fb7f60 .part L_0000025c73f99c40, 13, 1;
L_0000025c73fb7880 .part L_0000025c73fb8df8, 14, 1;
L_0000025c73fb6980 .part L_0000025c7403f830, 14, 1;
L_0000025c73fb6c00 .part L_0000025c73f99c40, 14, 1;
L_0000025c73fb80a0 .part L_0000025c73fb8df8, 15, 1;
L_0000025c73fb6ac0 .part L_0000025c7403f830, 15, 1;
L_0000025c73fb74c0 .part L_0000025c73f99c40, 15, 1;
L_0000025c73fb7420 .part L_0000025c73fb8df8, 16, 1;
L_0000025c73fb7100 .part L_0000025c7403f830, 16, 1;
L_0000025c73fb7380 .part L_0000025c73f99c40, 16, 1;
L_0000025c73fb7ec0 .part L_0000025c73fb8df8, 17, 1;
L_0000025c73fb7c40 .part L_0000025c7403f830, 17, 1;
L_0000025c73fb7740 .part L_0000025c73f99c40, 17, 1;
L_0000025c73fb7920 .part L_0000025c73fb8df8, 18, 1;
L_0000025c73fb79c0 .part L_0000025c7403f830, 18, 1;
L_0000025c73fb71a0 .part L_0000025c73f99c40, 18, 1;
L_0000025c73fb86e0 .part L_0000025c73fb8df8, 19, 1;
L_0000025c73fb6ca0 .part L_0000025c7403f830, 19, 1;
L_0000025c73fb7ba0 .part L_0000025c73f99c40, 19, 1;
L_0000025c73fb7240 .part L_0000025c73fb8df8, 20, 1;
L_0000025c73fb8000 .part L_0000025c7403f830, 20, 1;
L_0000025c73fb7ce0 .part L_0000025c73f99c40, 20, 1;
L_0000025c73fb8460 .part L_0000025c73fb8df8, 21, 1;
L_0000025c73fb8500 .part L_0000025c7403f830, 21, 1;
L_0000025c73fb6d40 .part L_0000025c73f99c40, 21, 1;
L_0000025c73fb6de0 .part L_0000025c73fb8df8, 22, 1;
L_0000025c73fb83c0 .part L_0000025c7403f830, 22, 1;
L_0000025c73fb7d80 .part L_0000025c73f99c40, 22, 1;
L_0000025c73fb85a0 .part L_0000025c73fb8df8, 23, 1;
L_0000025c73fb7e20 .part L_0000025c7403f830, 23, 1;
L_0000025c73fb6e80 .part L_0000025c73f99c40, 23, 1;
L_0000025c73f991a0 .part L_0000025c73fb8df8, 24, 1;
L_0000025c73f992e0 .part L_0000025c7403f830, 24, 1;
L_0000025c73f9ae60 .part L_0000025c73f99c40, 24, 1;
L_0000025c73f9a1e0 .part L_0000025c73fb8df8, 25, 1;
L_0000025c73f99d80 .part L_0000025c7403f830, 25, 1;
L_0000025c73f9ac80 .part L_0000025c73f99c40, 25, 1;
L_0000025c73f9abe0 .part L_0000025c73fb8df8, 26, 1;
L_0000025c73f99240 .part L_0000025c7403f830, 26, 1;
L_0000025c73f9a280 .part L_0000025c73f99c40, 26, 1;
L_0000025c73f98f20 .part L_0000025c73fb8df8, 27, 1;
L_0000025c73f9af00 .part L_0000025c7403f830, 27, 1;
L_0000025c73f98fc0 .part L_0000025c73f99c40, 27, 1;
L_0000025c73f9a0a0 .part L_0000025c73fb8df8, 28, 1;
L_0000025c73f98ac0 .part L_0000025c7403f830, 28, 1;
L_0000025c73f99b00 .part L_0000025c73f99c40, 28, 1;
L_0000025c73f99560 .part L_0000025c73fb8df8, 29, 1;
L_0000025c73f9aa00 .part L_0000025c7403f830, 29, 1;
L_0000025c73f9a3c0 .part L_0000025c73f99c40, 29, 1;
L_0000025c73f99600 .part L_0000025c73fb8df8, 30, 1;
L_0000025c73f996a0 .part L_0000025c7403f830, 30, 1;
L_0000025c73f9a460 .part L_0000025c73f99c40, 30, 1;
L_0000025c73f98e80 .part L_0000025c73fb8df8, 31, 1;
L_0000025c73f9aaa0 .part L_0000025c7403f830, 31, 1;
L_0000025c73f98d40 .part L_0000025c73f99c40, 31, 1;
LS_0000025c73f9a6e0_0_0 .concat8 [ 1 1 1 1], L_0000025c7402e5c0, L_0000025c7402d910, L_0000025c7402d520, L_0000025c7402ee10;
LS_0000025c73f9a6e0_0_4 .concat8 [ 1 1 1 1], L_0000025c7402e470, L_0000025c7402e8d0, L_0000025c7403cff0, L_0000025c7403c1f0;
LS_0000025c73f9a6e0_0_8 .concat8 [ 1 1 1 1], L_0000025c7403d530, L_0000025c7403c5e0, L_0000025c7403d450, L_0000025c7403c7a0;
LS_0000025c73f9a6e0_0_12 .concat8 [ 1 1 1 1], L_0000025c7403ca40, L_0000025c7403d6f0, L_0000025c7403c110, L_0000025c7403bd90;
LS_0000025c73f9a6e0_0_16 .concat8 [ 1 1 1 1], L_0000025c7403f130, L_0000025c7403ed40, L_0000025c7403da70, L_0000025c7403dae0;
LS_0000025c73f9a6e0_0_20 .concat8 [ 1 1 1 1], L_0000025c7403ecd0, L_0000025c7403e020, L_0000025c7403dbc0, L_0000025c7403f360;
LS_0000025c73f9a6e0_0_24 .concat8 [ 1 1 1 1], L_0000025c7403de60, L_0000025c7403e870, L_0000025c7403e1e0, L_0000025c74040b00;
LS_0000025c73f9a6e0_0_28 .concat8 [ 1 1 1 1], L_0000025c7403f600, L_0000025c74040860, L_0000025c7403fd00, L_0000025c7403f590;
LS_0000025c73f9a6e0_1_0 .concat8 [ 4 4 4 4], LS_0000025c73f9a6e0_0_0, LS_0000025c73f9a6e0_0_4, LS_0000025c73f9a6e0_0_8, LS_0000025c73f9a6e0_0_12;
LS_0000025c73f9a6e0_1_4 .concat8 [ 4 4 4 4], LS_0000025c73f9a6e0_0_16, LS_0000025c73f9a6e0_0_20, LS_0000025c73f9a6e0_0_24, LS_0000025c73f9a6e0_0_28;
L_0000025c73f9a6e0 .concat8 [ 16 16 0 0], LS_0000025c73f9a6e0_1_0, LS_0000025c73f9a6e0_1_4;
LS_0000025c73f99c40_0_0 .concat8 [ 1 1 1 1], L_0000025c7403f6e0, L_0000025c7402dc90, L_0000025c7402ed30, L_0000025c7402e080;
LS_0000025c73f99c40_0_4 .concat8 [ 1 1 1 1], L_0000025c7402e390, L_0000025c7402e860, L_0000025c7403d4c0, L_0000025c7403c570;
LS_0000025c73f99c40_0_8 .concat8 [ 1 1 1 1], L_0000025c7403d060, L_0000025c7403d3e0, L_0000025c7403c340, L_0000025c7403c2d0;
LS_0000025c73f99c40_0_12 .concat8 [ 1 1 1 1], L_0000025c7403c9d0, L_0000025c7403bfc0, L_0000025c7403cc00, L_0000025c7403cd50;
LS_0000025c73f99c40_0_16 .concat8 [ 1 1 1 1], L_0000025c7403bee0, L_0000025c7403e4f0, L_0000025c7403e250, L_0000025c7403e640;
LS_0000025c73f99c40_0_20 .concat8 [ 1 1 1 1], L_0000025c7403f0c0, L_0000025c7403e410, L_0000025c7403ef70, L_0000025c7403efe0;
LS_0000025c73f99c40_0_24 .concat8 [ 1 1 1 1], L_0000025c7403d8b0, L_0000025c7403e6b0, L_0000025c7403dd80, L_0000025c7403fc90;
LS_0000025c73f99c40_0_28 .concat8 [ 1 1 1 1], L_0000025c74040d30, L_0000025c7403fa60, L_0000025c74040710, L_0000025c7403f9f0;
LS_0000025c73f99c40_0_32 .concat8 [ 1 0 0 0], L_0000025c7403ff30;
LS_0000025c73f99c40_1_0 .concat8 [ 4 4 4 4], LS_0000025c73f99c40_0_0, LS_0000025c73f99c40_0_4, LS_0000025c73f99c40_0_8, LS_0000025c73f99c40_0_12;
LS_0000025c73f99c40_1_4 .concat8 [ 4 4 4 4], LS_0000025c73f99c40_0_16, LS_0000025c73f99c40_0_20, LS_0000025c73f99c40_0_24, LS_0000025c73f99c40_0_28;
LS_0000025c73f99c40_1_8 .concat8 [ 1 0 0 0], LS_0000025c73f99c40_0_32;
L_0000025c73f99c40 .concat8 [ 16 16 1 0], LS_0000025c73f99c40_1_0, LS_0000025c73f99c40_1_4, LS_0000025c73f99c40_1_8;
L_0000025c73f9ad20 .part L_0000025c73f99c40, 32, 1;
L_0000025c73f99ba0 .part L_0000025c73f99c40, 31, 1;
L_0000025c73f99060 .part L_0000025c73f99c40, 32, 1;
S_0000025c73f58060 .scope generate, "fa_gen[0]" "fa_gen[0]" 9 17, 9 17 0, S_0000025c73f36d00;
 .timescale 0 0;
P_0000025c73e92500 .param/l "i" 0 9 17, +C4<00>;
S_0000025c73f594b0 .scope module, "fa" "full_adder" 9 18, 9 33 0, S_0000025c73f58060;
 .timescale 0 0;
    .port_info 0 /INPUT 1 "a";
    .port_info 1 /INPUT 1 "b";
    .port_info 2 /INPUT 1 "cin";
    .port_info 3 /OUTPUT 1 "sum";
    .port_info 4 /OUTPUT 1 "cout";
L_0000025c7402dfa0 .functor XOR 1, L_0000025c73fb59e0, L_0000025c73fb6480, C4<0>, C4<0>;
L_0000025c7402e5c0 .functor XOR 1, L_0000025c7402dfa0, L_0000025c73fb56c0, C4<0>, C4<0>;
L_0000025c7402ec50 .functor AND 1, L_0000025c73fb59e0, L_0000025c73fb6480, C4<1>, C4<1>;
L_0000025c7402e010 .functor XOR 1, L_0000025c73fb59e0, L_0000025c73fb6480, C4<0>, C4<0>;
L_0000025c7402d670 .functor AND 1, L_0000025c73fb56c0, L_0000025c7402e010, C4<1>, C4<1>;
L_0000025c7402dc90 .functor OR 1, L_0000025c7402ec50, L_0000025c7402d670, C4<0>, C4<0>;
v0000025c73f3acd0_0 .net *"_ivl_0", 0 0, L_0000025c7402dfa0;  1 drivers
v0000025c73f3ba90_0 .net *"_ivl_4", 0 0, L_0000025c7402ec50;  1 drivers
v0000025c73f39ab0_0 .net *"_ivl_6", 0 0, L_0000025c7402e010;  1 drivers
v0000025c73f39d30_0 .net *"_ivl_8", 0 0, L_0000025c7402d670;  1 drivers
v0000025c73f3a410_0 .net "a", 0 0, L_0000025c73fb59e0;  1 drivers
v0000025c73f39dd0_0 .net "b", 0 0, L_0000025c73fb6480;  1 drivers
v0000025c73f39e70_0 .net "cin", 0 0, L_0000025c73fb56c0;  1 drivers
v0000025c73f39f10_0 .net "cout", 0 0, L_0000025c7402dc90;  1 drivers
v0000025c73f3a370_0 .net "sum", 0 0, L_0000025c7402e5c0;  1 drivers
S_0000025c73f58830 .scope generate, "fa_gen[1]" "fa_gen[1]" 9 17, 9 17 0, S_0000025c73f36d00;
 .timescale 0 0;
P_0000025c73e92ec0 .param/l "i" 0 9 17, +C4<01>;
S_0000025c73f58380 .scope module, "fa" "full_adder" 9 18, 9 33 0, S_0000025c73f58830;
 .timescale 0 0;
    .port_info 0 /INPUT 1 "a";
    .port_info 1 /INPUT 1 "b";
    .port_info 2 /INPUT 1 "cin";
    .port_info 3 /OUTPUT 1 "sum";
    .port_info 4 /OUTPUT 1 "cout";
L_0000025c7402dd00 .functor XOR 1, L_0000025c73fb67a0, L_0000025c73fb4860, C4<0>, C4<0>;
L_0000025c7402d910 .functor XOR 1, L_0000025c7402dd00, L_0000025c73fb63e0, C4<0>, C4<0>;
L_0000025c7402f0b0 .functor AND 1, L_0000025c73fb67a0, L_0000025c73fb4860, C4<1>, C4<1>;
L_0000025c7402ecc0 .functor XOR 1, L_0000025c73fb67a0, L_0000025c73fb4860, C4<0>, C4<0>;
L_0000025c7402d980 .functor AND 1, L_0000025c73fb63e0, L_0000025c7402ecc0, C4<1>, C4<1>;
L_0000025c7402ed30 .functor OR 1, L_0000025c7402f0b0, L_0000025c7402d980, C4<0>, C4<0>;
v0000025c73f3a550_0 .net *"_ivl_0", 0 0, L_0000025c7402dd00;  1 drivers
v0000025c73f3ae10_0 .net *"_ivl_4", 0 0, L_0000025c7402f0b0;  1 drivers
v0000025c73f3a690_0 .net *"_ivl_6", 0 0, L_0000025c7402ecc0;  1 drivers
v0000025c73f3a730_0 .net *"_ivl_8", 0 0, L_0000025c7402d980;  1 drivers
v0000025c73f3b4f0_0 .net "a", 0 0, L_0000025c73fb67a0;  1 drivers
v0000025c73f3a910_0 .net "b", 0 0, L_0000025c73fb4860;  1 drivers
v0000025c73f3aff0_0 .net "cin", 0 0, L_0000025c73fb63e0;  1 drivers
v0000025c73f3b6d0_0 .net "cout", 0 0, L_0000025c7402ed30;  1 drivers
v0000025c73f3b090_0 .net "sum", 0 0, L_0000025c7402d910;  1 drivers
S_0000025c73f59c80 .scope generate, "fa_gen[2]" "fa_gen[2]" 9 17, 9 17 0, S_0000025c73f36d00;
 .timescale 0 0;
P_0000025c73e92740 .param/l "i" 0 9 17, +C4<010>;
S_0000025c73f59640 .scope module, "fa" "full_adder" 9 18, 9 33 0, S_0000025c73f59c80;
 .timescale 0 0;
    .port_info 0 /INPUT 1 "a";
    .port_info 1 /INPUT 1 "b";
    .port_info 2 /INPUT 1 "cin";
    .port_info 3 /OUTPUT 1 "sum";
    .port_info 4 /OUTPUT 1 "cout";
L_0000025c7402dd70 .functor XOR 1, L_0000025c73fb5760, L_0000025c73fb4b80, C4<0>, C4<0>;
L_0000025c7402d520 .functor XOR 1, L_0000025c7402dd70, L_0000025c73fb5800, C4<0>, C4<0>;
L_0000025c7402ee80 .functor AND 1, L_0000025c73fb5760, L_0000025c73fb4b80, C4<1>, C4<1>;
L_0000025c7402e160 .functor XOR 1, L_0000025c73fb5760, L_0000025c73fb4b80, C4<0>, C4<0>;
L_0000025c7402dec0 .functor AND 1, L_0000025c73fb5800, L_0000025c7402e160, C4<1>, C4<1>;
L_0000025c7402e080 .functor OR 1, L_0000025c7402ee80, L_0000025c7402dec0, C4<0>, C4<0>;
v0000025c73f3b130_0 .net *"_ivl_0", 0 0, L_0000025c7402dd70;  1 drivers
v0000025c73f3b1d0_0 .net *"_ivl_4", 0 0, L_0000025c7402ee80;  1 drivers
v0000025c73f3b590_0 .net *"_ivl_6", 0 0, L_0000025c7402e160;  1 drivers
v0000025c73f3b630_0 .net *"_ivl_8", 0 0, L_0000025c7402dec0;  1 drivers
v0000025c73f3b770_0 .net "a", 0 0, L_0000025c73fb5760;  1 drivers
v0000025c73f3b810_0 .net "b", 0 0, L_0000025c73fb4b80;  1 drivers
v0000025c73f3c2b0_0 .net "cin", 0 0, L_0000025c73fb5800;  1 drivers
v0000025c73f3c850_0 .net "cout", 0 0, L_0000025c7402e080;  1 drivers
v0000025c73f3c8f0_0 .net "sum", 0 0, L_0000025c7402d520;  1 drivers
S_0000025c73f589c0 .scope generate, "fa_gen[3]" "fa_gen[3]" 9 17, 9 17 0, S_0000025c73f36d00;
 .timescale 0 0;
P_0000025c73e92980 .param/l "i" 0 9 17, +C4<011>;
S_0000025c73f58b50 .scope module, "fa" "full_adder" 9 18, 9 33 0, S_0000025c73f589c0;
 .timescale 0 0;
    .port_info 0 /INPUT 1 "a";
    .port_info 1 /INPUT 1 "b";
    .port_info 2 /INPUT 1 "cin";
    .port_info 3 /OUTPUT 1 "sum";
    .port_info 4 /OUTPUT 1 "cout";
L_0000025c7402df30 .functor XOR 1, L_0000025c73fb4cc0, L_0000025c73fb5080, C4<0>, C4<0>;
L_0000025c7402ee10 .functor XOR 1, L_0000025c7402df30, L_0000025c73fb6840, C4<0>, C4<0>;
L_0000025c7402e0f0 .functor AND 1, L_0000025c73fb4cc0, L_0000025c73fb5080, C4<1>, C4<1>;
L_0000025c7402e1d0 .functor XOR 1, L_0000025c73fb4cc0, L_0000025c73fb5080, C4<0>, C4<0>;
L_0000025c7402e320 .functor AND 1, L_0000025c73fb6840, L_0000025c7402e1d0, C4<1>, C4<1>;
L_0000025c7402e390 .functor OR 1, L_0000025c7402e0f0, L_0000025c7402e320, C4<0>, C4<0>;
v0000025c73f3ca30_0 .net *"_ivl_0", 0 0, L_0000025c7402df30;  1 drivers
v0000025c73f3d110_0 .net *"_ivl_4", 0 0, L_0000025c7402e0f0;  1 drivers
v0000025c73f3c990_0 .net *"_ivl_6", 0 0, L_0000025c7402e1d0;  1 drivers
v0000025c73f3ce90_0 .net *"_ivl_8", 0 0, L_0000025c7402e320;  1 drivers
v0000025c73f3ccb0_0 .net "a", 0 0, L_0000025c73fb4cc0;  1 drivers
v0000025c73f3cf30_0 .net "b", 0 0, L_0000025c73fb5080;  1 drivers
v0000025c73f3cad0_0 .net "cin", 0 0, L_0000025c73fb6840;  1 drivers
v0000025c73f3e330_0 .net "cout", 0 0, L_0000025c7402e390;  1 drivers
v0000025c73f3cb70_0 .net "sum", 0 0, L_0000025c7402ee10;  1 drivers
S_0000025c73f58510 .scope generate, "fa_gen[4]" "fa_gen[4]" 9 17, 9 17 0, S_0000025c73f36d00;
 .timescale 0 0;
P_0000025c73e92a00 .param/l "i" 0 9 17, +C4<0100>;
S_0000025c73f59af0 .scope module, "fa" "full_adder" 9 18, 9 33 0, S_0000025c73f58510;
 .timescale 0 0;
    .port_info 0 /INPUT 1 "a";
    .port_info 1 /INPUT 1 "b";
    .port_info 2 /INPUT 1 "cin";
    .port_info 3 /OUTPUT 1 "sum";
    .port_info 4 /OUTPUT 1 "cout";
L_0000025c7402e400 .functor XOR 1, L_0000025c73fb5120, L_0000025c73fb58a0, C4<0>, C4<0>;
L_0000025c7402e470 .functor XOR 1, L_0000025c7402e400, L_0000025c73fb5940, C4<0>, C4<0>;
L_0000025c7402e4e0 .functor AND 1, L_0000025c73fb5120, L_0000025c73fb58a0, C4<1>, C4<1>;
L_0000025c7402e780 .functor XOR 1, L_0000025c73fb5120, L_0000025c73fb58a0, C4<0>, C4<0>;
L_0000025c7402e7f0 .functor AND 1, L_0000025c73fb5940, L_0000025c7402e780, C4<1>, C4<1>;
L_0000025c7402e860 .functor OR 1, L_0000025c7402e4e0, L_0000025c7402e7f0, C4<0>, C4<0>;
v0000025c73f3d7f0_0 .net *"_ivl_0", 0 0, L_0000025c7402e400;  1 drivers
v0000025c73f3e290_0 .net *"_ivl_4", 0 0, L_0000025c7402e4e0;  1 drivers
v0000025c73f3c350_0 .net *"_ivl_6", 0 0, L_0000025c7402e780;  1 drivers
v0000025c73f3d1b0_0 .net *"_ivl_8", 0 0, L_0000025c7402e7f0;  1 drivers
v0000025c73f3c530_0 .net "a", 0 0, L_0000025c73fb5120;  1 drivers
v0000025c73f3ded0_0 .net "b", 0 0, L_0000025c73fb58a0;  1 drivers
v0000025c73f3cc10_0 .net "cin", 0 0, L_0000025c73fb5940;  1 drivers
v0000025c73f3c3f0_0 .net "cout", 0 0, L_0000025c7402e860;  1 drivers
v0000025c73f3c7b0_0 .net "sum", 0 0, L_0000025c7402e470;  1 drivers
S_0000025c73f586a0 .scope generate, "fa_gen[5]" "fa_gen[5]" 9 17, 9 17 0, S_0000025c73f36d00;
 .timescale 0 0;
P_0000025c73e929c0 .param/l "i" 0 9 17, +C4<0101>;
S_0000025c73f59960 .scope module, "fa" "full_adder" 9 18, 9 33 0, S_0000025c73f586a0;
 .timescale 0 0;
    .port_info 0 /INPUT 1 "a";
    .port_info 1 /INPUT 1 "b";
    .port_info 2 /INPUT 1 "cin";
    .port_info 3 /OUTPUT 1 "sum";
    .port_info 4 /OUTPUT 1 "cout";
L_0000025c7402e630 .functor XOR 1, L_0000025c73fb68e0, L_0000025c73fb4180, C4<0>, C4<0>;
L_0000025c7402e8d0 .functor XOR 1, L_0000025c7402e630, L_0000025c73fb4d60, C4<0>, C4<0>;
L_0000025c7402e940 .functor AND 1, L_0000025c73fb68e0, L_0000025c73fb4180, C4<1>, C4<1>;
L_0000025c7403c8f0 .functor XOR 1, L_0000025c73fb68e0, L_0000025c73fb4180, C4<0>, C4<0>;
L_0000025c7403d140 .functor AND 1, L_0000025c73fb4d60, L_0000025c7403c8f0, C4<1>, C4<1>;
L_0000025c7403d4c0 .functor OR 1, L_0000025c7402e940, L_0000025c7403d140, C4<0>, C4<0>;
v0000025c73f3e470_0 .net *"_ivl_0", 0 0, L_0000025c7402e630;  1 drivers
v0000025c73f3c170_0 .net *"_ivl_4", 0 0, L_0000025c7402e940;  1 drivers
v0000025c73f3dd90_0 .net *"_ivl_6", 0 0, L_0000025c7403c8f0;  1 drivers
v0000025c73f3e510_0 .net *"_ivl_8", 0 0, L_0000025c7403d140;  1 drivers
v0000025c73f3c490_0 .net "a", 0 0, L_0000025c73fb68e0;  1 drivers
v0000025c73f3e5b0_0 .net "b", 0 0, L_0000025c73fb4180;  1 drivers
v0000025c73f3c670_0 .net "cin", 0 0, L_0000025c73fb4d60;  1 drivers
v0000025c73f3d890_0 .net "cout", 0 0, L_0000025c7403d4c0;  1 drivers
v0000025c73f3e650_0 .net "sum", 0 0, L_0000025c7402e8d0;  1 drivers
S_0000025c73f58ce0 .scope generate, "fa_gen[6]" "fa_gen[6]" 9 17, 9 17 0, S_0000025c73f36d00;
 .timescale 0 0;
P_0000025c73e92e00 .param/l "i" 0 9 17, +C4<0110>;
S_0000025c73f59e10 .scope module, "fa" "full_adder" 9 18, 9 33 0, S_0000025c73f58ce0;
 .timescale 0 0;
    .port_info 0 /INPUT 1 "a";
    .port_info 1 /INPUT 1 "b";
    .port_info 2 /INPUT 1 "cin";
    .port_info 3 /OUTPUT 1 "sum";
    .port_info 4 /OUTPUT 1 "cout";
L_0000025c7403cdc0 .functor XOR 1, L_0000025c73fb42c0, L_0000025c73fb5a80, C4<0>, C4<0>;
L_0000025c7403cff0 .functor XOR 1, L_0000025c7403cdc0, L_0000025c73fb5b20, C4<0>, C4<0>;
L_0000025c7403cf80 .functor AND 1, L_0000025c73fb42c0, L_0000025c73fb5a80, C4<1>, C4<1>;
L_0000025c7403bcb0 .functor XOR 1, L_0000025c73fb42c0, L_0000025c73fb5a80, C4<0>, C4<0>;
L_0000025c7403d5a0 .functor AND 1, L_0000025c73fb5b20, L_0000025c7403bcb0, C4<1>, C4<1>;
L_0000025c7403c570 .functor OR 1, L_0000025c7403cf80, L_0000025c7403d5a0, C4<0>, C4<0>;
v0000025c73f3cd50_0 .net *"_ivl_0", 0 0, L_0000025c7403cdc0;  1 drivers
v0000025c73f3de30_0 .net *"_ivl_4", 0 0, L_0000025c7403cf80;  1 drivers
v0000025c73f3e3d0_0 .net *"_ivl_6", 0 0, L_0000025c7403bcb0;  1 drivers
v0000025c73f3cfd0_0 .net *"_ivl_8", 0 0, L_0000025c7403d5a0;  1 drivers
v0000025c73f3c710_0 .net "a", 0 0, L_0000025c73fb42c0;  1 drivers
v0000025c73f3df70_0 .net "b", 0 0, L_0000025c73fb5a80;  1 drivers
v0000025c73f3e6f0_0 .net "cin", 0 0, L_0000025c73fb5b20;  1 drivers
v0000025c73f3e010_0 .net "cout", 0 0, L_0000025c7403c570;  1 drivers
v0000025c73f3da70_0 .net "sum", 0 0, L_0000025c7403cff0;  1 drivers
S_0000025c73f581f0 .scope generate, "fa_gen[7]" "fa_gen[7]" 9 17, 9 17 0, S_0000025c73f36d00;
 .timescale 0 0;
P_0000025c73e927c0 .param/l "i" 0 9 17, +C4<0111>;
S_0000025c73f58e70 .scope module, "fa" "full_adder" 9 18, 9 33 0, S_0000025c73f581f0;
 .timescale 0 0;
    .port_info 0 /INPUT 1 "a";
    .port_info 1 /INPUT 1 "b";
    .port_info 2 /INPUT 1 "cin";
    .port_info 3 /OUTPUT 1 "sum";
    .port_info 4 /OUTPUT 1 "cout";
L_0000025c7403c3b0 .functor XOR 1, L_0000025c73fb5bc0, L_0000025c73fb6fc0, C4<0>, C4<0>;
L_0000025c7403c1f0 .functor XOR 1, L_0000025c7403c3b0, L_0000025c73fb7560, C4<0>, C4<0>;
L_0000025c7403c6c0 .functor AND 1, L_0000025c73fb5bc0, L_0000025c73fb6fc0, C4<1>, C4<1>;
L_0000025c7403d1b0 .functor XOR 1, L_0000025c73fb5bc0, L_0000025c73fb6fc0, C4<0>, C4<0>;
L_0000025c7403d220 .functor AND 1, L_0000025c73fb7560, L_0000025c7403d1b0, C4<1>, C4<1>;
L_0000025c7403d060 .functor OR 1, L_0000025c7403c6c0, L_0000025c7403d220, C4<0>, C4<0>;
v0000025c73f3bf90_0 .net *"_ivl_0", 0 0, L_0000025c7403c3b0;  1 drivers
v0000025c73f3c030_0 .net *"_ivl_4", 0 0, L_0000025c7403c6c0;  1 drivers
v0000025c73f3c0d0_0 .net *"_ivl_6", 0 0, L_0000025c7403d1b0;  1 drivers
v0000025c73f3e0b0_0 .net *"_ivl_8", 0 0, L_0000025c7403d220;  1 drivers
v0000025c73f3d930_0 .net "a", 0 0, L_0000025c73fb5bc0;  1 drivers
v0000025c73f3cdf0_0 .net "b", 0 0, L_0000025c73fb6fc0;  1 drivers
v0000025c73f3c210_0 .net "cin", 0 0, L_0000025c73fb7560;  1 drivers
v0000025c73f3e150_0 .net "cout", 0 0, L_0000025c7403d060;  1 drivers
v0000025c73f3d9d0_0 .net "sum", 0 0, L_0000025c7403c1f0;  1 drivers
S_0000025c73f59000 .scope generate, "fa_gen[8]" "fa_gen[8]" 9 17, 9 17 0, S_0000025c73f36d00;
 .timescale 0 0;
P_0000025c73e92840 .param/l "i" 0 9 17, +C4<01000>;
S_0000025c73f59320 .scope module, "fa" "full_adder" 9 18, 9 33 0, S_0000025c73f59000;
 .timescale 0 0;
    .port_info 0 /INPUT 1 "a";
    .port_info 1 /INPUT 1 "b";
    .port_info 2 /INPUT 1 "cin";
    .port_info 3 /OUTPUT 1 "sum";
    .port_info 4 /OUTPUT 1 "cout";
L_0000025c7403c0a0 .functor XOR 1, L_0000025c73fb8280, L_0000025c73fb7a60, C4<0>, C4<0>;
L_0000025c7403d530 .functor XOR 1, L_0000025c7403c0a0, L_0000025c73fb7060, C4<0>, C4<0>;
L_0000025c7403cf10 .functor AND 1, L_0000025c73fb8280, L_0000025c73fb7a60, C4<1>, C4<1>;
L_0000025c7403d0d0 .functor XOR 1, L_0000025c73fb8280, L_0000025c73fb7a60, C4<0>, C4<0>;
L_0000025c7403c420 .functor AND 1, L_0000025c73fb7060, L_0000025c7403d0d0, C4<1>, C4<1>;
L_0000025c7403d3e0 .functor OR 1, L_0000025c7403cf10, L_0000025c7403c420, C4<0>, C4<0>;
v0000025c73f3c5d0_0 .net *"_ivl_0", 0 0, L_0000025c7403c0a0;  1 drivers
v0000025c73f3db10_0 .net *"_ivl_4", 0 0, L_0000025c7403cf10;  1 drivers
v0000025c73f3d070_0 .net *"_ivl_6", 0 0, L_0000025c7403d0d0;  1 drivers
v0000025c73f3d250_0 .net *"_ivl_8", 0 0, L_0000025c7403c420;  1 drivers
v0000025c73f3d2f0_0 .net "a", 0 0, L_0000025c73fb8280;  1 drivers
v0000025c73f3d390_0 .net "b", 0 0, L_0000025c73fb7a60;  1 drivers
v0000025c73f3d4d0_0 .net "cin", 0 0, L_0000025c73fb7060;  1 drivers
v0000025c73f3d570_0 .net "cout", 0 0, L_0000025c7403d3e0;  1 drivers
v0000025c73f3d430_0 .net "sum", 0 0, L_0000025c7403d530;  1 drivers
S_0000025c73f59190 .scope generate, "fa_gen[9]" "fa_gen[9]" 9 17, 9 17 0, S_0000025c73f36d00;
 .timescale 0 0;
P_0000025c73e92b00 .param/l "i" 0 9 17, +C4<01001>;
S_0000025c73f597d0 .scope module, "fa" "full_adder" 9 18, 9 33 0, S_0000025c73f59190;
 .timescale 0 0;
    .port_info 0 /INPUT 1 "a";
    .port_info 1 /INPUT 1 "b";
    .port_info 2 /INPUT 1 "cin";
    .port_info 3 /OUTPUT 1 "sum";
    .port_info 4 /OUTPUT 1 "cout";
L_0000025c7403bc40 .functor XOR 1, L_0000025c73fb77e0, L_0000025c73fb7b00, C4<0>, C4<0>;
L_0000025c7403c5e0 .functor XOR 1, L_0000025c7403bc40, L_0000025c73fb8140, C4<0>, C4<0>;
L_0000025c7403c500 .functor AND 1, L_0000025c73fb77e0, L_0000025c73fb7b00, C4<1>, C4<1>;
L_0000025c7403d290 .functor XOR 1, L_0000025c73fb77e0, L_0000025c73fb7b00, C4<0>, C4<0>;
L_0000025c7403c490 .functor AND 1, L_0000025c73fb8140, L_0000025c7403d290, C4<1>, C4<1>;
L_0000025c7403c340 .functor OR 1, L_0000025c7403c500, L_0000025c7403c490, C4<0>, C4<0>;
v0000025c73f3e1f0_0 .net *"_ivl_0", 0 0, L_0000025c7403bc40;  1 drivers
v0000025c73f3d610_0 .net *"_ivl_4", 0 0, L_0000025c7403c500;  1 drivers
v0000025c73f3d6b0_0 .net *"_ivl_6", 0 0, L_0000025c7403d290;  1 drivers
v0000025c73f3d750_0 .net *"_ivl_8", 0 0, L_0000025c7403c490;  1 drivers
v0000025c73f3dbb0_0 .net "a", 0 0, L_0000025c73fb77e0;  1 drivers
v0000025c73f3dcf0_0 .net "b", 0 0, L_0000025c73fb7b00;  1 drivers
v0000025c73f3dc50_0 .net "cin", 0 0, L_0000025c73fb8140;  1 drivers
v0000025c73f3fb90_0 .net "cout", 0 0, L_0000025c7403c340;  1 drivers
v0000025c73f40a90_0 .net "sum", 0 0, L_0000025c7403c5e0;  1 drivers
S_0000025c73f5b330 .scope generate, "fa_gen[10]" "fa_gen[10]" 9 17, 9 17 0, S_0000025c73f36d00;
 .timescale 0 0;
P_0000025c73e92a80 .param/l "i" 0 9 17, +C4<01010>;
S_0000025c73f5b7e0 .scope module, "fa" "full_adder" 9 18, 9 33 0, S_0000025c73f5b330;
 .timescale 0 0;
    .port_info 0 /INPUT 1 "a";
    .port_info 1 /INPUT 1 "b";
    .port_info 2 /INPUT 1 "cin";
    .port_info 3 /OUTPUT 1 "sum";
    .port_info 4 /OUTPUT 1 "cout";
L_0000025c7403c650 .functor XOR 1, L_0000025c73fb72e0, L_0000025c73fb6f20, C4<0>, C4<0>;
L_0000025c7403d450 .functor XOR 1, L_0000025c7403c650, L_0000025c73fb8320, C4<0>, C4<0>;
L_0000025c7403d300 .functor AND 1, L_0000025c73fb72e0, L_0000025c73fb6f20, C4<1>, C4<1>;
L_0000025c7403c960 .functor XOR 1, L_0000025c73fb72e0, L_0000025c73fb6f20, C4<0>, C4<0>;
L_0000025c7403c260 .functor AND 1, L_0000025c73fb8320, L_0000025c7403c960, C4<1>, C4<1>;
L_0000025c7403c2d0 .functor OR 1, L_0000025c7403d300, L_0000025c7403c260, C4<0>, C4<0>;
v0000025c73f3fd70_0 .net *"_ivl_0", 0 0, L_0000025c7403c650;  1 drivers
v0000025c73f3f550_0 .net *"_ivl_4", 0 0, L_0000025c7403d300;  1 drivers
v0000025c73f40090_0 .net *"_ivl_6", 0 0, L_0000025c7403c960;  1 drivers
v0000025c73f3f730_0 .net *"_ivl_8", 0 0, L_0000025c7403c260;  1 drivers
v0000025c73f3f050_0 .net "a", 0 0, L_0000025c73fb72e0;  1 drivers
v0000025c73f40b30_0 .net "b", 0 0, L_0000025c73fb6f20;  1 drivers
v0000025c73f40bd0_0 .net "cin", 0 0, L_0000025c73fb8320;  1 drivers
v0000025c73f40590_0 .net "cout", 0 0, L_0000025c7403c2d0;  1 drivers
v0000025c73f408b0_0 .net "sum", 0 0, L_0000025c7403d450;  1 drivers
S_0000025c73f5a9d0 .scope generate, "fa_gen[11]" "fa_gen[11]" 9 17, 9 17 0, S_0000025c73f36d00;
 .timescale 0 0;
P_0000025c73e92b40 .param/l "i" 0 9 17, +C4<01011>;
S_0000025c73f5a200 .scope module, "fa" "full_adder" 9 18, 9 33 0, S_0000025c73f5a9d0;
 .timescale 0 0;
    .port_info 0 /INPUT 1 "a";
    .port_info 1 /INPUT 1 "b";
    .port_info 2 /INPUT 1 "cin";
    .port_info 3 /OUTPUT 1 "sum";
    .port_info 4 /OUTPUT 1 "cout";
L_0000025c7403c730 .functor XOR 1, L_0000025c73fb6a20, L_0000025c73fb7600, C4<0>, C4<0>;
L_0000025c7403c7a0 .functor XOR 1, L_0000025c7403c730, L_0000025c73fb8820, C4<0>, C4<0>;
L_0000025c7403c810 .functor AND 1, L_0000025c73fb6a20, L_0000025c73fb7600, C4<1>, C4<1>;
L_0000025c7403c880 .functor XOR 1, L_0000025c73fb6a20, L_0000025c73fb7600, C4<0>, C4<0>;
L_0000025c7403d370 .functor AND 1, L_0000025c73fb8820, L_0000025c7403c880, C4<1>, C4<1>;
L_0000025c7403c9d0 .functor OR 1, L_0000025c7403c810, L_0000025c7403d370, C4<0>, C4<0>;
v0000025c73f3ee70_0 .net *"_ivl_0", 0 0, L_0000025c7403c730;  1 drivers
v0000025c73f40450_0 .net *"_ivl_4", 0 0, L_0000025c7403c810;  1 drivers
v0000025c73f3ef10_0 .net *"_ivl_6", 0 0, L_0000025c7403c880;  1 drivers
v0000025c73f40c70_0 .net *"_ivl_8", 0 0, L_0000025c7403d370;  1 drivers
v0000025c73f3f7d0_0 .net "a", 0 0, L_0000025c73fb6a20;  1 drivers
v0000025c73f3f0f0_0 .net "b", 0 0, L_0000025c73fb7600;  1 drivers
v0000025c73f3f5f0_0 .net "cin", 0 0, L_0000025c73fb8820;  1 drivers
v0000025c73f40d10_0 .net "cout", 0 0, L_0000025c7403c9d0;  1 drivers
v0000025c73f40ef0_0 .net "sum", 0 0, L_0000025c7403c7a0;  1 drivers
S_0000025c73f5be20 .scope generate, "fa_gen[12]" "fa_gen[12]" 9 17, 9 17 0, S_0000025c73f36d00;
 .timescale 0 0;
P_0000025c73e92c80 .param/l "i" 0 9 17, +C4<01100>;
S_0000025c73f5b970 .scope module, "fa" "full_adder" 9 18, 9 33 0, S_0000025c73f5be20;
 .timescale 0 0;
    .port_info 0 /INPUT 1 "a";
    .port_info 1 /INPUT 1 "b";
    .port_info 2 /INPUT 1 "cin";
    .port_info 3 /OUTPUT 1 "sum";
    .port_info 4 /OUTPUT 1 "cout";
L_0000025c7403bf50 .functor XOR 1, L_0000025c73fb81e0, L_0000025c73fb8780, C4<0>, C4<0>;
L_0000025c7403ca40 .functor XOR 1, L_0000025c7403bf50, L_0000025c73fb6b60, C4<0>, C4<0>;
L_0000025c7403d610 .functor AND 1, L_0000025c73fb81e0, L_0000025c73fb8780, C4<1>, C4<1>;
L_0000025c7403cab0 .functor XOR 1, L_0000025c73fb81e0, L_0000025c73fb8780, C4<0>, C4<0>;
L_0000025c7403cb20 .functor AND 1, L_0000025c73fb6b60, L_0000025c7403cab0, C4<1>, C4<1>;
L_0000025c7403bfc0 .functor OR 1, L_0000025c7403d610, L_0000025c7403cb20, C4<0>, C4<0>;
v0000025c73f40810_0 .net *"_ivl_0", 0 0, L_0000025c7403bf50;  1 drivers
v0000025c73f3e790_0 .net *"_ivl_4", 0 0, L_0000025c7403d610;  1 drivers
v0000025c73f3feb0_0 .net *"_ivl_6", 0 0, L_0000025c7403cab0;  1 drivers
v0000025c73f3f910_0 .net *"_ivl_8", 0 0, L_0000025c7403cb20;  1 drivers
v0000025c73f40270_0 .net "a", 0 0, L_0000025c73fb81e0;  1 drivers
v0000025c73f40db0_0 .net "b", 0 0, L_0000025c73fb8780;  1 drivers
v0000025c73f3e970_0 .net "cin", 0 0, L_0000025c73fb6b60;  1 drivers
v0000025c73f3ec90_0 .net "cout", 0 0, L_0000025c7403bfc0;  1 drivers
v0000025c73f40950_0 .net "sum", 0 0, L_0000025c7403ca40;  1 drivers
S_0000025c73f5ab60 .scope generate, "fa_gen[13]" "fa_gen[13]" 9 17, 9 17 0, S_0000025c73f36d00;
 .timescale 0 0;
P_0000025c73e92e40 .param/l "i" 0 9 17, +C4<01101>;
S_0000025c73f5bc90 .scope module, "fa" "full_adder" 9 18, 9 33 0, S_0000025c73f5ab60;
 .timescale 0 0;
    .port_info 0 /INPUT 1 "a";
    .port_info 1 /INPUT 1 "b";
    .port_info 2 /INPUT 1 "cin";
    .port_info 3 /OUTPUT 1 "sum";
    .port_info 4 /OUTPUT 1 "cout";
L_0000025c7403cb90 .functor XOR 1, L_0000025c73fb76a0, L_0000025c73fb8640, C4<0>, C4<0>;
L_0000025c7403d6f0 .functor XOR 1, L_0000025c7403cb90, L_0000025c73fb7f60, C4<0>, C4<0>;
L_0000025c7403d680 .functor AND 1, L_0000025c73fb76a0, L_0000025c73fb8640, C4<1>, C4<1>;
L_0000025c7403d760 .functor XOR 1, L_0000025c73fb76a0, L_0000025c73fb8640, C4<0>, C4<0>;
L_0000025c7403bbd0 .functor AND 1, L_0000025c73fb7f60, L_0000025c7403d760, C4<1>, C4<1>;
L_0000025c7403cc00 .functor OR 1, L_0000025c7403d680, L_0000025c7403bbd0, C4<0>, C4<0>;
v0000025c73f40130_0 .net *"_ivl_0", 0 0, L_0000025c7403cb90;  1 drivers
v0000025c73f3efb0_0 .net *"_ivl_4", 0 0, L_0000025c7403d680;  1 drivers
v0000025c73f3f9b0_0 .net *"_ivl_6", 0 0, L_0000025c7403d760;  1 drivers
v0000025c73f40630_0 .net *"_ivl_8", 0 0, L_0000025c7403bbd0;  1 drivers
v0000025c73f401d0_0 .net "a", 0 0, L_0000025c73fb76a0;  1 drivers
v0000025c73f3e830_0 .net "b", 0 0, L_0000025c73fb8640;  1 drivers
v0000025c73f409f0_0 .net "cin", 0 0, L_0000025c73fb7f60;  1 drivers
v0000025c73f3fa50_0 .net "cout", 0 0, L_0000025c7403cc00;  1 drivers
v0000025c73f40e50_0 .net "sum", 0 0, L_0000025c7403d6f0;  1 drivers
S_0000025c73f5a6b0 .scope generate, "fa_gen[14]" "fa_gen[14]" 9 17, 9 17 0, S_0000025c73f36d00;
 .timescale 0 0;
P_0000025c73e94100 .param/l "i" 0 9 17, +C4<01110>;
S_0000025c73f5acf0 .scope module, "fa" "full_adder" 9 18, 9 33 0, S_0000025c73f5a6b0;
 .timescale 0 0;
    .port_info 0 /INPUT 1 "a";
    .port_info 1 /INPUT 1 "b";
    .port_info 2 /INPUT 1 "cin";
    .port_info 3 /OUTPUT 1 "sum";
    .port_info 4 /OUTPUT 1 "cout";
L_0000025c7403c030 .functor XOR 1, L_0000025c73fb7880, L_0000025c73fb6980, C4<0>, C4<0>;
L_0000025c7403c110 .functor XOR 1, L_0000025c7403c030, L_0000025c73fb6c00, C4<0>, C4<0>;
L_0000025c7403c180 .functor AND 1, L_0000025c73fb7880, L_0000025c73fb6980, C4<1>, C4<1>;
L_0000025c7403cc70 .functor XOR 1, L_0000025c73fb7880, L_0000025c73fb6980, C4<0>, C4<0>;
L_0000025c7403cce0 .functor AND 1, L_0000025c73fb6c00, L_0000025c7403cc70, C4<1>, C4<1>;
L_0000025c7403cd50 .functor OR 1, L_0000025c7403c180, L_0000025c7403cce0, C4<0>, C4<0>;
v0000025c73f3e8d0_0 .net *"_ivl_0", 0 0, L_0000025c7403c030;  1 drivers
v0000025c73f3ea10_0 .net *"_ivl_4", 0 0, L_0000025c7403c180;  1 drivers
v0000025c73f3ff50_0 .net *"_ivl_6", 0 0, L_0000025c7403cc70;  1 drivers
v0000025c73f3fcd0_0 .net *"_ivl_8", 0 0, L_0000025c7403cce0;  1 drivers
v0000025c73f3faf0_0 .net "a", 0 0, L_0000025c73fb7880;  1 drivers
v0000025c73f3f190_0 .net "b", 0 0, L_0000025c73fb6980;  1 drivers
v0000025c73f3f230_0 .net "cin", 0 0, L_0000025c73fb6c00;  1 drivers
v0000025c73f3eab0_0 .net "cout", 0 0, L_0000025c7403cd50;  1 drivers
v0000025c73f3eb50_0 .net "sum", 0 0, L_0000025c7403c110;  1 drivers
S_0000025c73f5bb00 .scope generate, "fa_gen[15]" "fa_gen[15]" 9 17, 9 17 0, S_0000025c73f36d00;
 .timescale 0 0;
P_0000025c73e93940 .param/l "i" 0 9 17, +C4<01111>;
S_0000025c73f5a390 .scope module, "fa" "full_adder" 9 18, 9 33 0, S_0000025c73f5bb00;
 .timescale 0 0;
    .port_info 0 /INPUT 1 "a";
    .port_info 1 /INPUT 1 "b";
    .port_info 2 /INPUT 1 "cin";
    .port_info 3 /OUTPUT 1 "sum";
    .port_info 4 /OUTPUT 1 "cout";
L_0000025c7403bd20 .functor XOR 1, L_0000025c73fb80a0, L_0000025c73fb6ac0, C4<0>, C4<0>;
L_0000025c7403bd90 .functor XOR 1, L_0000025c7403bd20, L_0000025c73fb74c0, C4<0>, C4<0>;
L_0000025c7403ce30 .functor AND 1, L_0000025c73fb80a0, L_0000025c73fb6ac0, C4<1>, C4<1>;
L_0000025c7403be00 .functor XOR 1, L_0000025c73fb80a0, L_0000025c73fb6ac0, C4<0>, C4<0>;
L_0000025c7403be70 .functor AND 1, L_0000025c73fb74c0, L_0000025c7403be00, C4<1>, C4<1>;
L_0000025c7403bee0 .functor OR 1, L_0000025c7403ce30, L_0000025c7403be70, C4<0>, C4<0>;
v0000025c73f3ebf0_0 .net *"_ivl_0", 0 0, L_0000025c7403bd20;  1 drivers
v0000025c73f3ed30_0 .net *"_ivl_4", 0 0, L_0000025c7403ce30;  1 drivers
v0000025c73f3edd0_0 .net *"_ivl_6", 0 0, L_0000025c7403be00;  1 drivers
v0000025c73f3fff0_0 .net *"_ivl_8", 0 0, L_0000025c7403be70;  1 drivers
v0000025c73f3f2d0_0 .net "a", 0 0, L_0000025c73fb80a0;  1 drivers
v0000025c73f3fc30_0 .net "b", 0 0, L_0000025c73fb6ac0;  1 drivers
v0000025c73f3fe10_0 .net "cin", 0 0, L_0000025c73fb74c0;  1 drivers
v0000025c73f40310_0 .net "cout", 0 0, L_0000025c7403bee0;  1 drivers
v0000025c73f3f870_0 .net "sum", 0 0, L_0000025c7403bd90;  1 drivers
S_0000025c73f5a070 .scope generate, "fa_gen[16]" "fa_gen[16]" 9 17, 9 17 0, S_0000025c73f36d00;
 .timescale 0 0;
P_0000025c73e933c0 .param/l "i" 0 9 17, +C4<010000>;
S_0000025c73f5a520 .scope module, "fa" "full_adder" 9 18, 9 33 0, S_0000025c73f5a070;
 .timescale 0 0;
    .port_info 0 /INPUT 1 "a";
    .port_info 1 /INPUT 1 "b";
    .port_info 2 /INPUT 1 "cin";
    .port_info 3 /OUTPUT 1 "sum";
    .port_info 4 /OUTPUT 1 "cout";
L_0000025c7403cea0 .functor XOR 1, L_0000025c73fb7420, L_0000025c73fb7100, C4<0>, C4<0>;
L_0000025c7403f130 .functor XOR 1, L_0000025c7403cea0, L_0000025c73fb7380, C4<0>, C4<0>;
L_0000025c7403eb10 .functor AND 1, L_0000025c73fb7420, L_0000025c73fb7100, C4<1>, C4<1>;
L_0000025c7403eb80 .functor XOR 1, L_0000025c73fb7420, L_0000025c73fb7100, C4<0>, C4<0>;
L_0000025c7403ee20 .functor AND 1, L_0000025c73fb7380, L_0000025c7403eb80, C4<1>, C4<1>;
L_0000025c7403e4f0 .functor OR 1, L_0000025c7403eb10, L_0000025c7403ee20, C4<0>, C4<0>;
v0000025c73f403b0_0 .net *"_ivl_0", 0 0, L_0000025c7403cea0;  1 drivers
v0000025c73f404f0_0 .net *"_ivl_4", 0 0, L_0000025c7403eb10;  1 drivers
v0000025c73f3f370_0 .net *"_ivl_6", 0 0, L_0000025c7403eb80;  1 drivers
v0000025c73f3f410_0 .net *"_ivl_8", 0 0, L_0000025c7403ee20;  1 drivers
v0000025c73f3f4b0_0 .net "a", 0 0, L_0000025c73fb7420;  1 drivers
v0000025c73f3f690_0 .net "b", 0 0, L_0000025c73fb7100;  1 drivers
v0000025c73f406d0_0 .net "cin", 0 0, L_0000025c73fb7380;  1 drivers
v0000025c73f40770_0 .net "cout", 0 0, L_0000025c7403e4f0;  1 drivers
v0000025c73f42570_0 .net "sum", 0 0, L_0000025c7403f130;  1 drivers
S_0000025c73f5a840 .scope generate, "fa_gen[17]" "fa_gen[17]" 9 17, 9 17 0, S_0000025c73f36d00;
 .timescale 0 0;
P_0000025c73e93d00 .param/l "i" 0 9 17, +C4<010001>;
S_0000025c73f5ae80 .scope module, "fa" "full_adder" 9 18, 9 33 0, S_0000025c73f5a840;
 .timescale 0 0;
    .port_info 0 /INPUT 1 "a";
    .port_info 1 /INPUT 1 "b";
    .port_info 2 /INPUT 1 "cin";
    .port_info 3 /OUTPUT 1 "sum";
    .port_info 4 /OUTPUT 1 "cout";
L_0000025c7403e100 .functor XOR 1, L_0000025c73fb7ec0, L_0000025c73fb7c40, C4<0>, C4<0>;
L_0000025c7403ed40 .functor XOR 1, L_0000025c7403e100, L_0000025c73fb7740, C4<0>, C4<0>;
L_0000025c7403e090 .functor AND 1, L_0000025c73fb7ec0, L_0000025c73fb7c40, C4<1>, C4<1>;
L_0000025c7403e800 .functor XOR 1, L_0000025c73fb7ec0, L_0000025c73fb7c40, C4<0>, C4<0>;
L_0000025c7403dfb0 .functor AND 1, L_0000025c73fb7740, L_0000025c7403e800, C4<1>, C4<1>;
L_0000025c7403e250 .functor OR 1, L_0000025c7403e090, L_0000025c7403dfb0, C4<0>, C4<0>;
v0000025c73f41670_0 .net *"_ivl_0", 0 0, L_0000025c7403e100;  1 drivers
v0000025c73f43290_0 .net *"_ivl_4", 0 0, L_0000025c7403e090;  1 drivers
v0000025c73f43510_0 .net *"_ivl_6", 0 0, L_0000025c7403e800;  1 drivers
v0000025c73f41d50_0 .net *"_ivl_8", 0 0, L_0000025c7403dfb0;  1 drivers
v0000025c73f413f0_0 .net "a", 0 0, L_0000025c73fb7ec0;  1 drivers
v0000025c73f418f0_0 .net "b", 0 0, L_0000025c73fb7c40;  1 drivers
v0000025c73f41f30_0 .net "cin", 0 0, L_0000025c73fb7740;  1 drivers
v0000025c73f43650_0 .net "cout", 0 0, L_0000025c7403e250;  1 drivers
v0000025c73f410d0_0 .net "sum", 0 0, L_0000025c7403ed40;  1 drivers
S_0000025c73f5b010 .scope generate, "fa_gen[18]" "fa_gen[18]" 9 17, 9 17 0, S_0000025c73f36d00;
 .timescale 0 0;
P_0000025c73e93c80 .param/l "i" 0 9 17, +C4<010010>;
S_0000025c73f5b1a0 .scope module, "fa" "full_adder" 9 18, 9 33 0, S_0000025c73f5b010;
 .timescale 0 0;
    .port_info 0 /INPUT 1 "a";
    .port_info 1 /INPUT 1 "b";
    .port_info 2 /INPUT 1 "cin";
    .port_info 3 /OUTPUT 1 "sum";
    .port_info 4 /OUTPUT 1 "cout";
L_0000025c7403ded0 .functor XOR 1, L_0000025c73fb7920, L_0000025c73fb79c0, C4<0>, C4<0>;
L_0000025c7403da70 .functor XOR 1, L_0000025c7403ded0, L_0000025c73fb71a0, C4<0>, C4<0>;
L_0000025c7403ee90 .functor AND 1, L_0000025c73fb7920, L_0000025c73fb79c0, C4<1>, C4<1>;
L_0000025c7403dc30 .functor XOR 1, L_0000025c73fb7920, L_0000025c73fb79c0, C4<0>, C4<0>;
L_0000025c7403ec60 .functor AND 1, L_0000025c73fb71a0, L_0000025c7403dc30, C4<1>, C4<1>;
L_0000025c7403e640 .functor OR 1, L_0000025c7403ee90, L_0000025c7403ec60, C4<0>, C4<0>;
v0000025c73f422f0_0 .net *"_ivl_0", 0 0, L_0000025c7403ded0;  1 drivers
v0000025c73f41fd0_0 .net *"_ivl_4", 0 0, L_0000025c7403ee90;  1 drivers
v0000025c73f41490_0 .net *"_ivl_6", 0 0, L_0000025c7403dc30;  1 drivers
v0000025c73f42e30_0 .net *"_ivl_8", 0 0, L_0000025c7403ec60;  1 drivers
v0000025c73f417b0_0 .net "a", 0 0, L_0000025c73fb7920;  1 drivers
v0000025c73f42250_0 .net "b", 0 0, L_0000025c73fb79c0;  1 drivers
v0000025c73f43150_0 .net "cin", 0 0, L_0000025c73fb71a0;  1 drivers
v0000025c73f426b0_0 .net "cout", 0 0, L_0000025c7403e640;  1 drivers
v0000025c73f41350_0 .net "sum", 0 0, L_0000025c7403da70;  1 drivers
S_0000025c73f5b4c0 .scope generate, "fa_gen[19]" "fa_gen[19]" 9 17, 9 17 0, S_0000025c73f36d00;
 .timescale 0 0;
P_0000025c73e94140 .param/l "i" 0 9 17, +C4<010011>;
S_0000025c73f5b650 .scope module, "fa" "full_adder" 9 18, 9 33 0, S_0000025c73f5b4c0;
 .timescale 0 0;
    .port_info 0 /INPUT 1 "a";
    .port_info 1 /INPUT 1 "b";
    .port_info 2 /INPUT 1 "cin";
    .port_info 3 /OUTPUT 1 "sum";
    .port_info 4 /OUTPUT 1 "cout";
L_0000025c7403e330 .functor XOR 1, L_0000025c73fb86e0, L_0000025c73fb6ca0, C4<0>, C4<0>;
L_0000025c7403dae0 .functor XOR 1, L_0000025c7403e330, L_0000025c73fb7ba0, C4<0>, C4<0>;
L_0000025c7403f2f0 .functor AND 1, L_0000025c73fb86e0, L_0000025c73fb6ca0, C4<1>, C4<1>;
L_0000025c7403e560 .functor XOR 1, L_0000025c73fb86e0, L_0000025c73fb6ca0, C4<0>, C4<0>;
L_0000025c7403edb0 .functor AND 1, L_0000025c73fb7ba0, L_0000025c7403e560, C4<1>, C4<1>;
L_0000025c7403f0c0 .functor OR 1, L_0000025c7403f2f0, L_0000025c7403edb0, C4<0>, C4<0>;
v0000025c73f427f0_0 .net *"_ivl_0", 0 0, L_0000025c7403e330;  1 drivers
v0000025c73f41cb0_0 .net *"_ivl_4", 0 0, L_0000025c7403f2f0;  1 drivers
v0000025c73f43470_0 .net *"_ivl_6", 0 0, L_0000025c7403e560;  1 drivers
v0000025c73f42890_0 .net *"_ivl_8", 0 0, L_0000025c7403edb0;  1 drivers
v0000025c73f42930_0 .net "a", 0 0, L_0000025c73fb86e0;  1 drivers
v0000025c73f41210_0 .net "b", 0 0, L_0000025c73fb6ca0;  1 drivers
v0000025c73f42c50_0 .net "cin", 0 0, L_0000025c73fb7ba0;  1 drivers
v0000025c73f41710_0 .net "cout", 0 0, L_0000025c7403f0c0;  1 drivers
v0000025c73f41850_0 .net "sum", 0 0, L_0000025c7403dae0;  1 drivers
S_0000025c73f64220 .scope generate, "fa_gen[20]" "fa_gen[20]" 9 17, 9 17 0, S_0000025c73f36d00;
 .timescale 0 0;
P_0000025c73e94200 .param/l "i" 0 9 17, +C4<010100>;
S_0000025c73f64ea0 .scope module, "fa" "full_adder" 9 18, 9 33 0, S_0000025c73f64220;
 .timescale 0 0;
    .port_info 0 /INPUT 1 "a";
    .port_info 1 /INPUT 1 "b";
    .port_info 2 /INPUT 1 "cin";
    .port_info 3 /OUTPUT 1 "sum";
    .port_info 4 /OUTPUT 1 "cout";
L_0000025c7403f1a0 .functor XOR 1, L_0000025c73fb7240, L_0000025c73fb8000, C4<0>, C4<0>;
L_0000025c7403ecd0 .functor XOR 1, L_0000025c7403f1a0, L_0000025c73fb7ce0, C4<0>, C4<0>;
L_0000025c7403f210 .functor AND 1, L_0000025c73fb7240, L_0000025c73fb8000, C4<1>, C4<1>;
L_0000025c7403d990 .functor XOR 1, L_0000025c73fb7240, L_0000025c73fb8000, C4<0>, C4<0>;
L_0000025c7403dca0 .functor AND 1, L_0000025c73fb7ce0, L_0000025c7403d990, C4<1>, C4<1>;
L_0000025c7403e410 .functor OR 1, L_0000025c7403f210, L_0000025c7403dca0, C4<0>, C4<0>;
v0000025c73f40f90_0 .net *"_ivl_0", 0 0, L_0000025c7403f1a0;  1 drivers
v0000025c73f436f0_0 .net *"_ivl_4", 0 0, L_0000025c7403f210;  1 drivers
v0000025c73f43010_0 .net *"_ivl_6", 0 0, L_0000025c7403d990;  1 drivers
v0000025c73f41030_0 .net *"_ivl_8", 0 0, L_0000025c7403dca0;  1 drivers
v0000025c73f41ad0_0 .net "a", 0 0, L_0000025c73fb7240;  1 drivers
v0000025c73f41170_0 .net "b", 0 0, L_0000025c73fb8000;  1 drivers
v0000025c73f42110_0 .net "cin", 0 0, L_0000025c73fb7ce0;  1 drivers
v0000025c73f42390_0 .net "cout", 0 0, L_0000025c7403e410;  1 drivers
v0000025c73f412b0_0 .net "sum", 0 0, L_0000025c7403ecd0;  1 drivers
S_0000025c73f65670 .scope generate, "fa_gen[21]" "fa_gen[21]" 9 17, 9 17 0, S_0000025c73f36d00;
 .timescale 0 0;
P_0000025c73e93980 .param/l "i" 0 9 17, +C4<010101>;
S_0000025c73f65800 .scope module, "fa" "full_adder" 9 18, 9 33 0, S_0000025c73f65670;
 .timescale 0 0;
    .port_info 0 /INPUT 1 "a";
    .port_info 1 /INPUT 1 "b";
    .port_info 2 /INPUT 1 "cin";
    .port_info 3 /OUTPUT 1 "sum";
    .port_info 4 /OUTPUT 1 "cout";
L_0000025c7403ef00 .functor XOR 1, L_0000025c73fb8460, L_0000025c73fb8500, C4<0>, C4<0>;
L_0000025c7403e020 .functor XOR 1, L_0000025c7403ef00, L_0000025c73fb6d40, C4<0>, C4<0>;
L_0000025c7403ddf0 .functor AND 1, L_0000025c73fb8460, L_0000025c73fb8500, C4<1>, C4<1>;
L_0000025c7403e2c0 .functor XOR 1, L_0000025c73fb8460, L_0000025c73fb8500, C4<0>, C4<0>;
L_0000025c7403e170 .functor AND 1, L_0000025c73fb6d40, L_0000025c7403e2c0, C4<1>, C4<1>;
L_0000025c7403ef70 .functor OR 1, L_0000025c7403ddf0, L_0000025c7403e170, C4<0>, C4<0>;
v0000025c73f42750_0 .net *"_ivl_0", 0 0, L_0000025c7403ef00;  1 drivers
v0000025c73f42cf0_0 .net *"_ivl_4", 0 0, L_0000025c7403ddf0;  1 drivers
v0000025c73f429d0_0 .net *"_ivl_6", 0 0, L_0000025c7403e2c0;  1 drivers
v0000025c73f41990_0 .net *"_ivl_8", 0 0, L_0000025c7403e170;  1 drivers
v0000025c73f421b0_0 .net "a", 0 0, L_0000025c73fb8460;  1 drivers
v0000025c73f41c10_0 .net "b", 0 0, L_0000025c73fb8500;  1 drivers
v0000025c73f42ed0_0 .net "cin", 0 0, L_0000025c73fb6d40;  1 drivers
v0000025c73f42430_0 .net "cout", 0 0, L_0000025c7403ef70;  1 drivers
v0000025c73f42f70_0 .net "sum", 0 0, L_0000025c7403e020;  1 drivers
S_0000025c73f65350 .scope generate, "fa_gen[22]" "fa_gen[22]" 9 17, 9 17 0, S_0000025c73f36d00;
 .timescale 0 0;
P_0000025c73e93440 .param/l "i" 0 9 17, +C4<010110>;
S_0000025c73f643b0 .scope module, "fa" "full_adder" 9 18, 9 33 0, S_0000025c73f65350;
 .timescale 0 0;
    .port_info 0 /INPUT 1 "a";
    .port_info 1 /INPUT 1 "b";
    .port_info 2 /INPUT 1 "cin";
    .port_info 3 /OUTPUT 1 "sum";
    .port_info 4 /OUTPUT 1 "cout";
L_0000025c7403df40 .functor XOR 1, L_0000025c73fb6de0, L_0000025c73fb83c0, C4<0>, C4<0>;
L_0000025c7403dbc0 .functor XOR 1, L_0000025c7403df40, L_0000025c73fb7d80, C4<0>, C4<0>;
L_0000025c7403f280 .functor AND 1, L_0000025c73fb6de0, L_0000025c73fb83c0, C4<1>, C4<1>;
L_0000025c7403e3a0 .functor XOR 1, L_0000025c73fb6de0, L_0000025c73fb83c0, C4<0>, C4<0>;
L_0000025c7403ebf0 .functor AND 1, L_0000025c73fb7d80, L_0000025c7403e3a0, C4<1>, C4<1>;
L_0000025c7403efe0 .functor OR 1, L_0000025c7403f280, L_0000025c7403ebf0, C4<0>, C4<0>;
v0000025c73f41530_0 .net *"_ivl_0", 0 0, L_0000025c7403df40;  1 drivers
v0000025c73f42b10_0 .net *"_ivl_4", 0 0, L_0000025c7403f280;  1 drivers
v0000025c73f415d0_0 .net *"_ivl_6", 0 0, L_0000025c7403e3a0;  1 drivers
v0000025c73f41a30_0 .net *"_ivl_8", 0 0, L_0000025c7403ebf0;  1 drivers
v0000025c73f435b0_0 .net "a", 0 0, L_0000025c73fb6de0;  1 drivers
v0000025c73f424d0_0 .net "b", 0 0, L_0000025c73fb83c0;  1 drivers
v0000025c73f42610_0 .net "cin", 0 0, L_0000025c73fb7d80;  1 drivers
v0000025c73f42a70_0 .net "cout", 0 0, L_0000025c7403efe0;  1 drivers
v0000025c73f41b70_0 .net "sum", 0 0, L_0000025c7403dbc0;  1 drivers
S_0000025c73f654e0 .scope generate, "fa_gen[23]" "fa_gen[23]" 9 17, 9 17 0, S_0000025c73f36d00;
 .timescale 0 0;
P_0000025c73e93b00 .param/l "i" 0 9 17, +C4<010111>;
S_0000025c73f65e40 .scope module, "fa" "full_adder" 9 18, 9 33 0, S_0000025c73f654e0;
 .timescale 0 0;
    .port_info 0 /INPUT 1 "a";
    .port_info 1 /INPUT 1 "b";
    .port_info 2 /INPUT 1 "cin";
    .port_info 3 /OUTPUT 1 "sum";
    .port_info 4 /OUTPUT 1 "cout";
L_0000025c7403f050 .functor XOR 1, L_0000025c73fb85a0, L_0000025c73fb7e20, C4<0>, C4<0>;
L_0000025c7403f360 .functor XOR 1, L_0000025c7403f050, L_0000025c73fb6e80, C4<0>, C4<0>;
L_0000025c7403d7d0 .functor AND 1, L_0000025c73fb85a0, L_0000025c73fb7e20, C4<1>, C4<1>;
L_0000025c7403e790 .functor XOR 1, L_0000025c73fb85a0, L_0000025c73fb7e20, C4<0>, C4<0>;
L_0000025c7403d840 .functor AND 1, L_0000025c73fb6e80, L_0000025c7403e790, C4<1>, C4<1>;
L_0000025c7403d8b0 .functor OR 1, L_0000025c7403d7d0, L_0000025c7403d840, C4<0>, C4<0>;
v0000025c73f41df0_0 .net *"_ivl_0", 0 0, L_0000025c7403f050;  1 drivers
v0000025c73f42070_0 .net *"_ivl_4", 0 0, L_0000025c7403d7d0;  1 drivers
v0000025c73f430b0_0 .net *"_ivl_6", 0 0, L_0000025c7403e790;  1 drivers
v0000025c73f431f0_0 .net *"_ivl_8", 0 0, L_0000025c7403d840;  1 drivers
v0000025c73f41e90_0 .net "a", 0 0, L_0000025c73fb85a0;  1 drivers
v0000025c73f42d90_0 .net "b", 0 0, L_0000025c73fb7e20;  1 drivers
v0000025c73f42bb0_0 .net "cin", 0 0, L_0000025c73fb6e80;  1 drivers
v0000025c73f43330_0 .net "cout", 0 0, L_0000025c7403d8b0;  1 drivers
v0000025c73f433d0_0 .net "sum", 0 0, L_0000025c7403f360;  1 drivers
S_0000025c73f65990 .scope generate, "fa_gen[24]" "fa_gen[24]" 9 17, 9 17 0, S_0000025c73f36d00;
 .timescale 0 0;
P_0000025c73e93480 .param/l "i" 0 9 17, +C4<011000>;
S_0000025c73f65b20 .scope module, "fa" "full_adder" 9 18, 9 33 0, S_0000025c73f65990;
 .timescale 0 0;
    .port_info 0 /INPUT 1 "a";
    .port_info 1 /INPUT 1 "b";
    .port_info 2 /INPUT 1 "cin";
    .port_info 3 /OUTPUT 1 "sum";
    .port_info 4 /OUTPUT 1 "cout";
L_0000025c7403e5d0 .functor XOR 1, L_0000025c73f991a0, L_0000025c73f992e0, C4<0>, C4<0>;
L_0000025c7403de60 .functor XOR 1, L_0000025c7403e5d0, L_0000025c73f9ae60, C4<0>, C4<0>;
L_0000025c7403d920 .functor AND 1, L_0000025c73f991a0, L_0000025c73f992e0, C4<1>, C4<1>;
L_0000025c7403dd10 .functor XOR 1, L_0000025c73f991a0, L_0000025c73f992e0, C4<0>, C4<0>;
L_0000025c7403e9c0 .functor AND 1, L_0000025c73f9ae60, L_0000025c7403dd10, C4<1>, C4<1>;
L_0000025c7403e6b0 .functor OR 1, L_0000025c7403d920, L_0000025c7403e9c0, C4<0>, C4<0>;
v0000025c73f44d70_0 .net *"_ivl_0", 0 0, L_0000025c7403e5d0;  1 drivers
v0000025c73f44550_0 .net *"_ivl_4", 0 0, L_0000025c7403d920;  1 drivers
v0000025c73f445f0_0 .net *"_ivl_6", 0 0, L_0000025c7403dd10;  1 drivers
v0000025c73f44690_0 .net *"_ivl_8", 0 0, L_0000025c7403e9c0;  1 drivers
v0000025c73f44050_0 .net "a", 0 0, L_0000025c73f991a0;  1 drivers
v0000025c73f45b30_0 .net "b", 0 0, L_0000025c73f992e0;  1 drivers
v0000025c73f45bd0_0 .net "cin", 0 0, L_0000025c73f9ae60;  1 drivers
v0000025c73f45590_0 .net "cout", 0 0, L_0000025c7403e6b0;  1 drivers
v0000025c73f458b0_0 .net "sum", 0 0, L_0000025c7403de60;  1 drivers
S_0000025c73f649f0 .scope generate, "fa_gen[25]" "fa_gen[25]" 9 17, 9 17 0, S_0000025c73f36d00;
 .timescale 0 0;
P_0000025c73e93f00 .param/l "i" 0 9 17, +C4<011001>;
S_0000025c73f64540 .scope module, "fa" "full_adder" 9 18, 9 33 0, S_0000025c73f649f0;
 .timescale 0 0;
    .port_info 0 /INPUT 1 "a";
    .port_info 1 /INPUT 1 "b";
    .port_info 2 /INPUT 1 "cin";
    .port_info 3 /OUTPUT 1 "sum";
    .port_info 4 /OUTPUT 1 "cout";
L_0000025c7403e480 .functor XOR 1, L_0000025c73f9a1e0, L_0000025c73f99d80, C4<0>, C4<0>;
L_0000025c7403e870 .functor XOR 1, L_0000025c7403e480, L_0000025c73f9ac80, C4<0>, C4<0>;
L_0000025c7403da00 .functor AND 1, L_0000025c73f9a1e0, L_0000025c73f99d80, C4<1>, C4<1>;
L_0000025c7403e720 .functor XOR 1, L_0000025c73f9a1e0, L_0000025c73f99d80, C4<0>, C4<0>;
L_0000025c7403db50 .functor AND 1, L_0000025c73f9ac80, L_0000025c7403e720, C4<1>, C4<1>;
L_0000025c7403dd80 .functor OR 1, L_0000025c7403da00, L_0000025c7403db50, C4<0>, C4<0>;
v0000025c73f43e70_0 .net *"_ivl_0", 0 0, L_0000025c7403e480;  1 drivers
v0000025c73f45450_0 .net *"_ivl_4", 0 0, L_0000025c7403da00;  1 drivers
v0000025c73f43f10_0 .net *"_ivl_6", 0 0, L_0000025c7403e720;  1 drivers
v0000025c73f45a90_0 .net *"_ivl_8", 0 0, L_0000025c7403db50;  1 drivers
v0000025c73f447d0_0 .net "a", 0 0, L_0000025c73f9a1e0;  1 drivers
v0000025c73f43ab0_0 .net "b", 0 0, L_0000025c73f99d80;  1 drivers
v0000025c73f44f50_0 .net "cin", 0 0, L_0000025c73f9ac80;  1 drivers
v0000025c73f43d30_0 .net "cout", 0 0, L_0000025c7403dd80;  1 drivers
v0000025c73f45ef0_0 .net "sum", 0 0, L_0000025c7403e870;  1 drivers
S_0000025c73f65cb0 .scope generate, "fa_gen[26]" "fa_gen[26]" 9 17, 9 17 0, S_0000025c73f36d00;
 .timescale 0 0;
P_0000025c73e93900 .param/l "i" 0 9 17, +C4<011010>;
S_0000025c73f646d0 .scope module, "fa" "full_adder" 9 18, 9 33 0, S_0000025c73f65cb0;
 .timescale 0 0;
    .port_info 0 /INPUT 1 "a";
    .port_info 1 /INPUT 1 "b";
    .port_info 2 /INPUT 1 "cin";
    .port_info 3 /OUTPUT 1 "sum";
    .port_info 4 /OUTPUT 1 "cout";
L_0000025c7403e8e0 .functor XOR 1, L_0000025c73f9abe0, L_0000025c73f99240, C4<0>, C4<0>;
L_0000025c7403e1e0 .functor XOR 1, L_0000025c7403e8e0, L_0000025c73f9a280, C4<0>, C4<0>;
L_0000025c7403e950 .functor AND 1, L_0000025c73f9abe0, L_0000025c73f99240, C4<1>, C4<1>;
L_0000025c7403ea30 .functor XOR 1, L_0000025c73f9abe0, L_0000025c73f99240, C4<0>, C4<0>;
L_0000025c7403eaa0 .functor AND 1, L_0000025c73f9a280, L_0000025c7403ea30, C4<1>, C4<1>;
L_0000025c7403fc90 .functor OR 1, L_0000025c7403e950, L_0000025c7403eaa0, C4<0>, C4<0>;
v0000025c73f442d0_0 .net *"_ivl_0", 0 0, L_0000025c7403e8e0;  1 drivers
v0000025c73f45c70_0 .net *"_ivl_4", 0 0, L_0000025c7403e950;  1 drivers
v0000025c73f45270_0 .net *"_ivl_6", 0 0, L_0000025c7403ea30;  1 drivers
v0000025c73f43830_0 .net *"_ivl_8", 0 0, L_0000025c7403eaa0;  1 drivers
v0000025c73f43c90_0 .net "a", 0 0, L_0000025c73f9abe0;  1 drivers
v0000025c73f453b0_0 .net "b", 0 0, L_0000025c73f99240;  1 drivers
v0000025c73f440f0_0 .net "cin", 0 0, L_0000025c73f9a280;  1 drivers
v0000025c73f45db0_0 .net "cout", 0 0, L_0000025c7403fc90;  1 drivers
v0000025c73f45630_0 .net "sum", 0 0, L_0000025c7403e1e0;  1 drivers
S_0000025c73f64090 .scope generate, "fa_gen[27]" "fa_gen[27]" 9 17, 9 17 0, S_0000025c73f36d00;
 .timescale 0 0;
P_0000025c73e94040 .param/l "i" 0 9 17, +C4<011011>;
S_0000025c73f64860 .scope module, "fa" "full_adder" 9 18, 9 33 0, S_0000025c73f64090;
 .timescale 0 0;
    .port_info 0 /INPUT 1 "a";
    .port_info 1 /INPUT 1 "b";
    .port_info 2 /INPUT 1 "cin";
    .port_info 3 /OUTPUT 1 "sum";
    .port_info 4 /OUTPUT 1 "cout";
L_0000025c74040cc0 .functor XOR 1, L_0000025c73f98f20, L_0000025c73f9af00, C4<0>, C4<0>;
L_0000025c74040b00 .functor XOR 1, L_0000025c74040cc0, L_0000025c73f98fc0, C4<0>, C4<0>;
L_0000025c7403f980 .functor AND 1, L_0000025c73f98f20, L_0000025c73f9af00, C4<1>, C4<1>;
L_0000025c74040da0 .functor XOR 1, L_0000025c73f98f20, L_0000025c73f9af00, C4<0>, C4<0>;
L_0000025c74040b70 .functor AND 1, L_0000025c73f98fc0, L_0000025c74040da0, C4<1>, C4<1>;
L_0000025c74040d30 .functor OR 1, L_0000025c7403f980, L_0000025c74040b70, C4<0>, C4<0>;
v0000025c73f44910_0 .net *"_ivl_0", 0 0, L_0000025c74040cc0;  1 drivers
v0000025c73f438d0_0 .net *"_ivl_4", 0 0, L_0000025c7403f980;  1 drivers
v0000025c73f451d0_0 .net *"_ivl_6", 0 0, L_0000025c74040da0;  1 drivers
v0000025c73f45310_0 .net *"_ivl_8", 0 0, L_0000025c74040b70;  1 drivers
v0000025c73f449b0_0 .net "a", 0 0, L_0000025c73f98f20;  1 drivers
v0000025c73f45130_0 .net "b", 0 0, L_0000025c73f9af00;  1 drivers
v0000025c73f44410_0 .net "cin", 0 0, L_0000025c73f98fc0;  1 drivers
v0000025c73f44a50_0 .net "cout", 0 0, L_0000025c74040d30;  1 drivers
v0000025c73f43b50_0 .net "sum", 0 0, L_0000025c74040b00;  1 drivers
S_0000025c73f64b80 .scope generate, "fa_gen[28]" "fa_gen[28]" 9 17, 9 17 0, S_0000025c73f36d00;
 .timescale 0 0;
P_0000025c73e937c0 .param/l "i" 0 9 17, +C4<011100>;
S_0000025c73f64d10 .scope module, "fa" "full_adder" 9 18, 9 33 0, S_0000025c73f64b80;
 .timescale 0 0;
    .port_info 0 /INPUT 1 "a";
    .port_info 1 /INPUT 1 "b";
    .port_info 2 /INPUT 1 "cin";
    .port_info 3 /OUTPUT 1 "sum";
    .port_info 4 /OUTPUT 1 "cout";
L_0000025c74040010 .functor XOR 1, L_0000025c73f9a0a0, L_0000025c73f98ac0, C4<0>, C4<0>;
L_0000025c7403f600 .functor XOR 1, L_0000025c74040010, L_0000025c73f99b00, C4<0>, C4<0>;
L_0000025c74040f60 .functor AND 1, L_0000025c73f9a0a0, L_0000025c73f98ac0, C4<1>, C4<1>;
L_0000025c7403f3d0 .functor XOR 1, L_0000025c73f9a0a0, L_0000025c73f98ac0, C4<0>, C4<0>;
L_0000025c74040ef0 .functor AND 1, L_0000025c73f99b00, L_0000025c7403f3d0, C4<1>, C4<1>;
L_0000025c7403fa60 .functor OR 1, L_0000025c74040f60, L_0000025c74040ef0, C4<0>, C4<0>;
v0000025c73f45d10_0 .net *"_ivl_0", 0 0, L_0000025c74040010;  1 drivers
v0000025c73f44230_0 .net *"_ivl_4", 0 0, L_0000025c74040f60;  1 drivers
v0000025c73f44af0_0 .net *"_ivl_6", 0 0, L_0000025c7403f3d0;  1 drivers
v0000025c73f44190_0 .net *"_ivl_8", 0 0, L_0000025c74040ef0;  1 drivers
v0000025c73f45e50_0 .net "a", 0 0, L_0000025c73f9a0a0;  1 drivers
v0000025c73f454f0_0 .net "b", 0 0, L_0000025c73f98ac0;  1 drivers
v0000025c73f43790_0 .net "cin", 0 0, L_0000025c73f99b00;  1 drivers
v0000025c73f44730_0 .net "cout", 0 0, L_0000025c7403fa60;  1 drivers
v0000025c73f44370_0 .net "sum", 0 0, L_0000025c7403f600;  1 drivers
S_0000025c73f65030 .scope generate, "fa_gen[29]" "fa_gen[29]" 9 17, 9 17 0, S_0000025c73f36d00;
 .timescale 0 0;
P_0000025c73e932c0 .param/l "i" 0 9 17, +C4<011101>;
S_0000025c73f651c0 .scope module, "fa" "full_adder" 9 18, 9 33 0, S_0000025c73f65030;
 .timescale 0 0;
    .port_info 0 /INPUT 1 "a";
    .port_info 1 /INPUT 1 "b";
    .port_info 2 /INPUT 1 "cin";
    .port_info 3 /OUTPUT 1 "sum";
    .port_info 4 /OUTPUT 1 "cout";
L_0000025c74040940 .functor XOR 1, L_0000025c73f99560, L_0000025c73f9aa00, C4<0>, C4<0>;
L_0000025c74040860 .functor XOR 1, L_0000025c74040940, L_0000025c73f9a3c0, C4<0>, C4<0>;
L_0000025c7403ffa0 .functor AND 1, L_0000025c73f99560, L_0000025c73f9aa00, C4<1>, C4<1>;
L_0000025c74040e80 .functor XOR 1, L_0000025c73f99560, L_0000025c73f9aa00, C4<0>, C4<0>;
L_0000025c7403f4b0 .functor AND 1, L_0000025c73f9a3c0, L_0000025c74040e80, C4<1>, C4<1>;
L_0000025c74040710 .functor OR 1, L_0000025c7403ffa0, L_0000025c7403f4b0, C4<0>, C4<0>;
v0000025c73f44870_0 .net *"_ivl_0", 0 0, L_0000025c74040940;  1 drivers
v0000025c73f444b0_0 .net *"_ivl_4", 0 0, L_0000025c7403ffa0;  1 drivers
v0000025c73f43fb0_0 .net *"_ivl_6", 0 0, L_0000025c74040e80;  1 drivers
v0000025c73f43970_0 .net *"_ivl_8", 0 0, L_0000025c7403f4b0;  1 drivers
v0000025c73f456d0_0 .net "a", 0 0, L_0000025c73f99560;  1 drivers
v0000025c73f43a10_0 .net "b", 0 0, L_0000025c73f9aa00;  1 drivers
v0000025c73f43bf0_0 .net "cin", 0 0, L_0000025c73f9a3c0;  1 drivers
v0000025c73f43dd0_0 .net "cout", 0 0, L_0000025c74040710;  1 drivers
v0000025c73f44b90_0 .net "sum", 0 0, L_0000025c74040860;  1 drivers
S_0000025c73f66870 .scope generate, "fa_gen[30]" "fa_gen[30]" 9 17, 9 17 0, S_0000025c73f36d00;
 .timescale 0 0;
P_0000025c73e940c0 .param/l "i" 0 9 17, +C4<011110>;
S_0000025c73f66a00 .scope module, "fa" "full_adder" 9 18, 9 33 0, S_0000025c73f66870;
 .timescale 0 0;
    .port_info 0 /INPUT 1 "a";
    .port_info 1 /INPUT 1 "b";
    .port_info 2 /INPUT 1 "cin";
    .port_info 3 /OUTPUT 1 "sum";
    .port_info 4 /OUTPUT 1 "cout";
L_0000025c740409b0 .functor XOR 1, L_0000025c73f99600, L_0000025c73f996a0, C4<0>, C4<0>;
L_0000025c7403fd00 .functor XOR 1, L_0000025c740409b0, L_0000025c73f9a460, C4<0>, C4<0>;
L_0000025c7403f440 .functor AND 1, L_0000025c73f99600, L_0000025c73f996a0, C4<1>, C4<1>;
L_0000025c7403fde0 .functor XOR 1, L_0000025c73f99600, L_0000025c73f996a0, C4<0>, C4<0>;
L_0000025c7403f750 .functor AND 1, L_0000025c73f9a460, L_0000025c7403fde0, C4<1>, C4<1>;
L_0000025c7403f9f0 .functor OR 1, L_0000025c7403f440, L_0000025c7403f750, C4<0>, C4<0>;
v0000025c73f44c30_0 .net *"_ivl_0", 0 0, L_0000025c740409b0;  1 drivers
v0000025c73f45770_0 .net *"_ivl_4", 0 0, L_0000025c7403f440;  1 drivers
v0000025c73f44cd0_0 .net *"_ivl_6", 0 0, L_0000025c7403fde0;  1 drivers
v0000025c73f44e10_0 .net *"_ivl_8", 0 0, L_0000025c7403f750;  1 drivers
v0000025c73f44eb0_0 .net "a", 0 0, L_0000025c73f99600;  1 drivers
v0000025c73f459f0_0 .net "b", 0 0, L_0000025c73f996a0;  1 drivers
v0000025c73f45810_0 .net "cin", 0 0, L_0000025c73f9a460;  1 drivers
v0000025c73f44ff0_0 .net "cout", 0 0, L_0000025c7403f9f0;  1 drivers
v0000025c73f45090_0 .net "sum", 0 0, L_0000025c7403fd00;  1 drivers
S_0000025c73f66230 .scope generate, "fa_gen[31]" "fa_gen[31]" 9 17, 9 17 0, S_0000025c73f36d00;
 .timescale 0 0;
P_0000025c73e93680 .param/l "i" 0 9 17, +C4<011111>;
S_0000025c73f666e0 .scope module, "fa" "full_adder" 9 18, 9 33 0, S_0000025c73f66230;
 .timescale 0 0;
    .port_info 0 /INPUT 1 "a";
    .port_info 1 /INPUT 1 "b";
    .port_info 2 /INPUT 1 "cin";
    .port_info 3 /OUTPUT 1 "sum";
    .port_info 4 /OUTPUT 1 "cout";
L_0000025c74040160 .functor XOR 1, L_0000025c73f98e80, L_0000025c73f9aaa0, C4<0>, C4<0>;
L_0000025c7403f590 .functor XOR 1, L_0000025c74040160, L_0000025c73f98d40, C4<0>, C4<0>;
L_0000025c74040e10 .functor AND 1, L_0000025c73f98e80, L_0000025c73f9aaa0, C4<1>, C4<1>;
L_0000025c7403f670 .functor XOR 1, L_0000025c73f98e80, L_0000025c73f9aaa0, C4<0>, C4<0>;
L_0000025c7403f520 .functor AND 1, L_0000025c73f98d40, L_0000025c7403f670, C4<1>, C4<1>;
L_0000025c7403ff30 .functor OR 1, L_0000025c74040e10, L_0000025c7403f520, C4<0>, C4<0>;
v0000025c73f45950_0 .net *"_ivl_0", 0 0, L_0000025c74040160;  1 drivers
v0000025c73f467b0_0 .net *"_ivl_4", 0 0, L_0000025c74040e10;  1 drivers
v0000025c73f46d50_0 .net *"_ivl_6", 0 0, L_0000025c7403f670;  1 drivers
v0000025c73f46350_0 .net *"_ivl_8", 0 0, L_0000025c7403f520;  1 drivers
v0000025c73f46850_0 .net "a", 0 0, L_0000025c73f98e80;  1 drivers
v0000025c73f463f0_0 .net "b", 0 0, L_0000025c73f9aaa0;  1 drivers
v0000025c73f462b0_0 .net "cin", 0 0, L_0000025c73f98d40;  1 drivers
v0000025c73f465d0_0 .net "cout", 0 0, L_0000025c7403ff30;  1 drivers
v0000025c73f46530_0 .net "sum", 0 0, L_0000025c7403f590;  1 drivers
S_0000025c73f67360 .scope module, "rca_sub" "ripple_carry_adder" 6 50, 9 3 0, S_0000025c73a7c160;
 .timescale 0 0;
    .port_info 0 /INPUT 32 "A";
    .port_info 1 /INPUT 32 "B";
    .port_info 2 /INPUT 1 "Cin";
    .port_info 3 /OUTPUT 32 "Sum";
    .port_info 4 /OUTPUT 1 "Cout";
    .port_info 5 /OUTPUT 1 "Overflow";
L_0000025c73fb8db0 .functor BUFT 1, C4<1>, C4<0>, C4<0>, C4<0>;
L_0000025c7402da60 .functor BUFZ 1, L_0000025c73fb8db0, C4<0>, C4<0>, C4<0>;
L_0000025c7402e550 .functor XOR 1, L_0000025c73fb5e40, L_0000025c73fb4c20, C4<0>, C4<0>;
v0000025c73f74a70_0 .net "A", 31 0, v0000025c73f86140_0;  alias, 1 drivers
v0000025c73f74070_0 .net "B", 31 0, L_0000025c7402dc20;  1 drivers
v0000025c73f75470_0 .net "Cin", 0 0, L_0000025c73fb8db0;  1 drivers
v0000025c73f750b0_0 .net "Cout", 0 0, L_0000025c73fb4ea0;  alias, 1 drivers
v0000025c73f749d0_0 .net "Overflow", 0 0, L_0000025c7402e550;  alias, 1 drivers
v0000025c73f73cb0_0 .net "Sum", 31 0, L_0000025c73fb5580;  alias, 1 drivers
v0000025c73f75fb0_0 .net *"_ivl_229", 0 0, L_0000025c7402da60;  1 drivers
v0000025c73f73a30_0 .net *"_ivl_233", 0 0, L_0000025c73fb5e40;  1 drivers
v0000025c73f73b70_0 .net *"_ivl_235", 0 0, L_0000025c73fb4c20;  1 drivers
v0000025c73f742f0_0 .net "carry", 32 0, L_0000025c73fb6340;  1 drivers
L_0000025c73fb3e60 .part v0000025c73f86140_0, 0, 1;
L_0000025c73fb1f20 .part L_0000025c7402dc20, 0, 1;
L_0000025c73fb2ba0 .part L_0000025c73fb6340, 0, 1;
L_0000025c73fb2240 .part v0000025c73f86140_0, 1, 1;
L_0000025c73fb3a00 .part L_0000025c7402dc20, 1, 1;
L_0000025c73fb1980 .part L_0000025c73fb6340, 1, 1;
L_0000025c73fb36e0 .part v0000025c73f86140_0, 2, 1;
L_0000025c73fb1ac0 .part L_0000025c7402dc20, 2, 1;
L_0000025c73fb3be0 .part L_0000025c73fb6340, 2, 1;
L_0000025c73fb1e80 .part v0000025c73f86140_0, 3, 1;
L_0000025c73fb3500 .part L_0000025c7402dc20, 3, 1;
L_0000025c73fb2600 .part L_0000025c73fb6340, 3, 1;
L_0000025c73fb2f60 .part v0000025c73f86140_0, 4, 1;
L_0000025c73fb1d40 .part L_0000025c7402dc20, 4, 1;
L_0000025c73fb4040 .part L_0000025c73fb6340, 4, 1;
L_0000025c73fb1de0 .part v0000025c73f86140_0, 5, 1;
L_0000025c73fb1a20 .part L_0000025c7402dc20, 5, 1;
L_0000025c73fb3b40 .part L_0000025c73fb6340, 5, 1;
L_0000025c73fb1fc0 .part v0000025c73f86140_0, 6, 1;
L_0000025c73fb3320 .part L_0000025c7402dc20, 6, 1;
L_0000025c73fb3460 .part L_0000025c73fb6340, 6, 1;
L_0000025c73fb1b60 .part v0000025c73f86140_0, 7, 1;
L_0000025c73fb1c00 .part L_0000025c7402dc20, 7, 1;
L_0000025c73fb29c0 .part L_0000025c73fb6340, 7, 1;
L_0000025c73fb3c80 .part v0000025c73f86140_0, 8, 1;
L_0000025c73fb2060 .part L_0000025c7402dc20, 8, 1;
L_0000025c73fb2100 .part L_0000025c73fb6340, 8, 1;
L_0000025c73fb3dc0 .part v0000025c73f86140_0, 9, 1;
L_0000025c73fb35a0 .part L_0000025c7402dc20, 9, 1;
L_0000025c73fb3f00 .part L_0000025c73fb6340, 9, 1;
L_0000025c73fb2920 .part v0000025c73f86140_0, 10, 1;
L_0000025c73fb3fa0 .part L_0000025c7402dc20, 10, 1;
L_0000025c73fb22e0 .part L_0000025c73fb6340, 10, 1;
L_0000025c73fb3140 .part v0000025c73f86140_0, 11, 1;
L_0000025c73fb2560 .part L_0000025c7402dc20, 11, 1;
L_0000025c73fb3820 .part L_0000025c73fb6340, 11, 1;
L_0000025c73fb21a0 .part v0000025c73f86140_0, 12, 1;
L_0000025c73fb38c0 .part L_0000025c7402dc20, 12, 1;
L_0000025c73fb3000 .part L_0000025c73fb6340, 12, 1;
L_0000025c73fb3960 .part v0000025c73f86140_0, 13, 1;
L_0000025c73fb30a0 .part L_0000025c7402dc20, 13, 1;
L_0000025c73fb2380 .part L_0000025c73fb6340, 13, 1;
L_0000025c73fb24c0 .part v0000025c73f86140_0, 14, 1;
L_0000025c73fb2420 .part L_0000025c7402dc20, 14, 1;
L_0000025c73fb2a60 .part L_0000025c73fb6340, 14, 1;
L_0000025c73fb40e0 .part v0000025c73f86140_0, 15, 1;
L_0000025c73fb2c40 .part L_0000025c7402dc20, 15, 1;
L_0000025c73fb26a0 .part L_0000025c73fb6340, 15, 1;
L_0000025c73fb2740 .part v0000025c73f86140_0, 16, 1;
L_0000025c73fb27e0 .part L_0000025c7402dc20, 16, 1;
L_0000025c73fb2880 .part L_0000025c73fb6340, 16, 1;
L_0000025c73fb2b00 .part v0000025c73f86140_0, 17, 1;
L_0000025c73fb2ce0 .part L_0000025c7402dc20, 17, 1;
L_0000025c73fb2d80 .part L_0000025c73fb6340, 17, 1;
L_0000025c73fb2ec0 .part v0000025c73f86140_0, 18, 1;
L_0000025c73fb31e0 .part L_0000025c7402dc20, 18, 1;
L_0000025c73fb3280 .part L_0000025c73fb6340, 18, 1;
L_0000025c73fb33c0 .part v0000025c73f86140_0, 19, 1;
L_0000025c73fb3640 .part L_0000025c7402dc20, 19, 1;
L_0000025c73fb65c0 .part L_0000025c73fb6340, 19, 1;
L_0000025c73fb4540 .part v0000025c73f86140_0, 20, 1;
L_0000025c73fb4400 .part L_0000025c7402dc20, 20, 1;
L_0000025c73fb4fe0 .part L_0000025c73fb6340, 20, 1;
L_0000025c73fb4900 .part v0000025c73f86140_0, 21, 1;
L_0000025c73fb5ee0 .part L_0000025c7402dc20, 21, 1;
L_0000025c73fb44a0 .part L_0000025c73fb6340, 21, 1;
L_0000025c73fb5620 .part v0000025c73f86140_0, 22, 1;
L_0000025c73fb5440 .part L_0000025c7402dc20, 22, 1;
L_0000025c73fb54e0 .part L_0000025c73fb6340, 22, 1;
L_0000025c73fb6660 .part v0000025c73f86140_0, 23, 1;
L_0000025c73fb4a40 .part L_0000025c7402dc20, 23, 1;
L_0000025c73fb4360 .part L_0000025c73fb6340, 23, 1;
L_0000025c73fb51c0 .part v0000025c73f86140_0, 24, 1;
L_0000025c73fb4f40 .part L_0000025c7402dc20, 24, 1;
L_0000025c73fb6700 .part L_0000025c73fb6340, 24, 1;
L_0000025c73fb4680 .part v0000025c73f86140_0, 25, 1;
L_0000025c73fb5300 .part L_0000025c7402dc20, 25, 1;
L_0000025c73fb62a0 .part L_0000025c73fb6340, 25, 1;
L_0000025c73fb6520 .part v0000025c73f86140_0, 26, 1;
L_0000025c73fb6020 .part L_0000025c7402dc20, 26, 1;
L_0000025c73fb5c60 .part L_0000025c73fb6340, 26, 1;
L_0000025c73fb5d00 .part v0000025c73f86140_0, 27, 1;
L_0000025c73fb5da0 .part L_0000025c7402dc20, 27, 1;
L_0000025c73fb4220 .part L_0000025c73fb6340, 27, 1;
L_0000025c73fb49a0 .part v0000025c73f86140_0, 28, 1;
L_0000025c73fb60c0 .part L_0000025c7402dc20, 28, 1;
L_0000025c73fb47c0 .part L_0000025c73fb6340, 28, 1;
L_0000025c73fb5260 .part v0000025c73f86140_0, 29, 1;
L_0000025c73fb45e0 .part L_0000025c7402dc20, 29, 1;
L_0000025c73fb53a0 .part L_0000025c73fb6340, 29, 1;
L_0000025c73fb4e00 .part v0000025c73f86140_0, 30, 1;
L_0000025c73fb4720 .part L_0000025c7402dc20, 30, 1;
L_0000025c73fb4ae0 .part L_0000025c73fb6340, 30, 1;
L_0000025c73fb6200 .part v0000025c73f86140_0, 31, 1;
L_0000025c73fb5f80 .part L_0000025c7402dc20, 31, 1;
L_0000025c73fb6160 .part L_0000025c73fb6340, 31, 1;
LS_0000025c73fb5580_0_0 .concat8 [ 1 1 1 1], L_0000025c74031960, L_0000025c74030f50, L_0000025c74031880, L_0000025c74030d20;
LS_0000025c73fb5580_0_4 .concat8 [ 1 1 1 1], L_0000025c74030e70, L_0000025c74031490, L_0000025c7402b3e0, L_0000025c7402a500;
LS_0000025c73fb5580_0_8 .concat8 [ 1 1 1 1], L_0000025c7402aa40, L_0000025c7402b300, L_0000025c74029e70, L_0000025c7402b530;
LS_0000025c73fb5580_0_12 .concat8 [ 1 1 1 1], L_0000025c7402b760, L_0000025c74029fc0, L_0000025c7402a730, L_0000025c7402a420;
LS_0000025c73fb5580_0_16 .concat8 [ 1 1 1 1], L_0000025c7402af10, L_0000025c7402ba70, L_0000025c7402d2f0, L_0000025c7402c950;
LS_0000025c73fb5580_0_20 .concat8 [ 1 1 1 1], L_0000025c7402d130, L_0000025c7402cc60, L_0000025c7402cfe0, L_0000025c7402bc30;
LS_0000025c73fb5580_0_24 .concat8 [ 1 1 1 1], L_0000025c7402c2c0, L_0000025c7402b920, L_0000025c7402bca0, L_0000025c7402ccd0;
LS_0000025c73fb5580_0_28 .concat8 [ 1 1 1 1], L_0000025c7402eb00, L_0000025c7402e2b0, L_0000025c7402ea90, L_0000025c7402d830;
LS_0000025c73fb5580_1_0 .concat8 [ 4 4 4 4], LS_0000025c73fb5580_0_0, LS_0000025c73fb5580_0_4, LS_0000025c73fb5580_0_8, LS_0000025c73fb5580_0_12;
LS_0000025c73fb5580_1_4 .concat8 [ 4 4 4 4], LS_0000025c73fb5580_0_16, LS_0000025c73fb5580_0_20, LS_0000025c73fb5580_0_24, LS_0000025c73fb5580_0_28;
L_0000025c73fb5580 .concat8 [ 16 16 0 0], LS_0000025c73fb5580_1_0, LS_0000025c73fb5580_1_4;
LS_0000025c73fb6340_0_0 .concat8 [ 1 1 1 1], L_0000025c7402da60, L_0000025c74031030, L_0000025c74031180, L_0000025c74031c00;
LS_0000025c73fb6340_0_4 .concat8 [ 1 1 1 1], L_0000025c740310a0, L_0000025c740316c0, L_0000025c74030ee0, L_0000025c7402aff0;
LS_0000025c73fb6340_0_8 .concat8 [ 1 1 1 1], L_0000025c74029d90, L_0000025c7402b840, L_0000025c7402b6f0, L_0000025c74029d20;
LS_0000025c73fb6340_0_12 .concat8 [ 1 1 1 1], L_0000025c7402b5a0, L_0000025c74029e00, L_0000025c7402a0a0, L_0000025c7402ab90;
LS_0000025c73fb6340_0_16 .concat8 [ 1 1 1 1], L_0000025c7402ae30, L_0000025c7402bdf0, L_0000025c7402be60, L_0000025c7402cdb0;
LS_0000025c73fb6340_0_20 .concat8 [ 1 1 1 1], L_0000025c7402d280, L_0000025c7402cbf0, L_0000025c7402c170, L_0000025c7402cb10;
LS_0000025c73fb6340_0_24 .concat8 [ 1 1 1 1], L_0000025c7402d1a0, L_0000025c7402c330, L_0000025c7402cd40, L_0000025c7402c790;
LS_0000025c73fb6340_0_28 .concat8 [ 1 1 1 1], L_0000025c7402d600, L_0000025c7402d8a0, L_0000025c7402ef60, L_0000025c7402e6a0;
LS_0000025c73fb6340_0_32 .concat8 [ 1 0 0 0], L_0000025c7402eb70;
LS_0000025c73fb6340_1_0 .concat8 [ 4 4 4 4], LS_0000025c73fb6340_0_0, LS_0000025c73fb6340_0_4, LS_0000025c73fb6340_0_8, LS_0000025c73fb6340_0_12;
LS_0000025c73fb6340_1_4 .concat8 [ 4 4 4 4], LS_0000025c73fb6340_0_16, LS_0000025c73fb6340_0_20, LS_0000025c73fb6340_0_24, LS_0000025c73fb6340_0_28;
LS_0000025c73fb6340_1_8 .concat8 [ 1 0 0 0], LS_0000025c73fb6340_0_32;
L_0000025c73fb6340 .concat8 [ 16 16 1 0], LS_0000025c73fb6340_1_0, LS_0000025c73fb6340_1_4, LS_0000025c73fb6340_1_8;
L_0000025c73fb4ea0 .part L_0000025c73fb6340, 32, 1;
L_0000025c73fb5e40 .part L_0000025c73fb6340, 31, 1;
L_0000025c73fb4c20 .part L_0000025c73fb6340, 32, 1;
S_0000025c73f66d20 .scope generate, "fa_gen[0]" "fa_gen[0]" 9 17, 9 17 0, S_0000025c73f67360;
 .timescale 0 0;
P_0000025c73e94240 .param/l "i" 0 9 17, +C4<00>;
S_0000025c73f66eb0 .scope module, "fa" "full_adder" 9 18, 9 33 0, S_0000025c73f66d20;
 .timescale 0 0;
    .port_info 0 /INPUT 1 "a";
    .port_info 1 /INPUT 1 "b";
    .port_info 2 /INPUT 1 "cin";
    .port_info 3 /OUTPUT 1 "sum";
    .port_info 4 /OUTPUT 1 "cout";
L_0000025c740303f0 .functor XOR 1, L_0000025c73fb3e60, L_0000025c73fb1f20, C4<0>, C4<0>;
L_0000025c74031960 .functor XOR 1, L_0000025c740303f0, L_0000025c73fb2ba0, C4<0>, C4<0>;
L_0000025c740318f0 .functor AND 1, L_0000025c73fb3e60, L_0000025c73fb1f20, C4<1>, C4<1>;
L_0000025c74031ab0 .functor XOR 1, L_0000025c73fb3e60, L_0000025c73fb1f20, C4<0>, C4<0>;
L_0000025c740319d0 .functor AND 1, L_0000025c73fb2ba0, L_0000025c74031ab0, C4<1>, C4<1>;
L_0000025c74031030 .functor OR 1, L_0000025c740318f0, L_0000025c740319d0, C4<0>, C4<0>;
v0000025c73f46990_0 .net *"_ivl_0", 0 0, L_0000025c740303f0;  1 drivers
v0000025c73f46490_0 .net *"_ivl_4", 0 0, L_0000025c740318f0;  1 drivers
v0000025c73f46710_0 .net *"_ivl_6", 0 0, L_0000025c74031ab0;  1 drivers
v0000025c73f46b70_0 .net *"_ivl_8", 0 0, L_0000025c740319d0;  1 drivers
v0000025c73f46c10_0 .net "a", 0 0, L_0000025c73fb3e60;  1 drivers
v0000025c73f46cb0_0 .net "b", 0 0, L_0000025c73fb1f20;  1 drivers
v0000025c73f390b0_0 .net "cin", 0 0, L_0000025c73fb2ba0;  1 drivers
v0000025c73f381b0_0 .net "cout", 0 0, L_0000025c74031030;  1 drivers
v0000025c73f38bb0_0 .net "sum", 0 0, L_0000025c74031960;  1 drivers
S_0000025c73f66550 .scope generate, "fa_gen[1]" "fa_gen[1]" 9 17, 9 17 0, S_0000025c73f67360;
 .timescale 0 0;
P_0000025c73e94280 .param/l "i" 0 9 17, +C4<01>;
S_0000025c73f663c0 .scope module, "fa" "full_adder" 9 18, 9 33 0, S_0000025c73f66550;
 .timescale 0 0;
    .port_info 0 /INPUT 1 "a";
    .port_info 1 /INPUT 1 "b";
    .port_info 2 /INPUT 1 "cin";
    .port_info 3 /OUTPUT 1 "sum";
    .port_info 4 /OUTPUT 1 "cout";
L_0000025c74031b20 .functor XOR 1, L_0000025c73fb2240, L_0000025c73fb3a00, C4<0>, C4<0>;
L_0000025c74030f50 .functor XOR 1, L_0000025c74031b20, L_0000025c73fb1980, C4<0>, C4<0>;
L_0000025c74031340 .functor AND 1, L_0000025c73fb2240, L_0000025c73fb3a00, C4<1>, C4<1>;
L_0000025c74031420 .functor XOR 1, L_0000025c73fb2240, L_0000025c73fb3a00, C4<0>, C4<0>;
L_0000025c74031a40 .functor AND 1, L_0000025c73fb1980, L_0000025c74031420, C4<1>, C4<1>;
L_0000025c74031180 .functor OR 1, L_0000025c74031340, L_0000025c74031a40, C4<0>, C4<0>;
v0000025c73f37530_0 .net *"_ivl_0", 0 0, L_0000025c74031b20;  1 drivers
v0000025c73f37850_0 .net *"_ivl_4", 0 0, L_0000025c74031340;  1 drivers
v0000025c73f37fd0_0 .net *"_ivl_6", 0 0, L_0000025c74031420;  1 drivers
v0000025c73f38250_0 .net *"_ivl_8", 0 0, L_0000025c74031a40;  1 drivers
v0000025c73f38110_0 .net "a", 0 0, L_0000025c73fb2240;  1 drivers
v0000025c73f391f0_0 .net "b", 0 0, L_0000025c73fb3a00;  1 drivers
v0000025c73f38b10_0 .net "cin", 0 0, L_0000025c73fb1980;  1 drivers
v0000025c73f386b0_0 .net "cout", 0 0, L_0000025c74031180;  1 drivers
v0000025c73f39330_0 .net "sum", 0 0, L_0000025c74030f50;  1 drivers
S_0000025c73f66b90 .scope generate, "fa_gen[2]" "fa_gen[2]" 9 17, 9 17 0, S_0000025c73f67360;
 .timescale 0 0;
P_0000025c73e94180 .param/l "i" 0 9 17, +C4<010>;
S_0000025c73f67040 .scope module, "fa" "full_adder" 9 18, 9 33 0, S_0000025c73f66b90;
 .timescale 0 0;
    .port_info 0 /INPUT 1 "a";
    .port_info 1 /INPUT 1 "b";
    .port_info 2 /INPUT 1 "cin";
    .port_info 3 /OUTPUT 1 "sum";
    .port_info 4 /OUTPUT 1 "cout";
L_0000025c74031110 .functor XOR 1, L_0000025c73fb36e0, L_0000025c73fb1ac0, C4<0>, C4<0>;
L_0000025c74031880 .functor XOR 1, L_0000025c74031110, L_0000025c73fb3be0, C4<0>, C4<0>;
L_0000025c74031b90 .functor AND 1, L_0000025c73fb36e0, L_0000025c73fb1ac0, C4<1>, C4<1>;
L_0000025c740313b0 .functor XOR 1, L_0000025c73fb36e0, L_0000025c73fb1ac0, C4<0>, C4<0>;
L_0000025c74030e00 .functor AND 1, L_0000025c73fb3be0, L_0000025c740313b0, C4<1>, C4<1>;
L_0000025c74031c00 .functor OR 1, L_0000025c74031b90, L_0000025c74030e00, C4<0>, C4<0>;
v0000025c73f39650_0 .net *"_ivl_0", 0 0, L_0000025c74031110;  1 drivers
v0000025c73f370d0_0 .net *"_ivl_4", 0 0, L_0000025c74031b90;  1 drivers
v0000025c73f38750_0 .net *"_ivl_6", 0 0, L_0000025c740313b0;  1 drivers
v0000025c73f384d0_0 .net *"_ivl_8", 0 0, L_0000025c74030e00;  1 drivers
v0000025c73f382f0_0 .net "a", 0 0, L_0000025c73fb36e0;  1 drivers
v0000025c73f377b0_0 .net "b", 0 0, L_0000025c73fb1ac0;  1 drivers
v0000025c73f378f0_0 .net "cin", 0 0, L_0000025c73fb3be0;  1 drivers
v0000025c73f39470_0 .net "cout", 0 0, L_0000025c74031c00;  1 drivers
v0000025c73f393d0_0 .net "sum", 0 0, L_0000025c74031880;  1 drivers
S_0000025c73f67b30 .scope generate, "fa_gen[3]" "fa_gen[3]" 9 17, 9 17 0, S_0000025c73f67360;
 .timescale 0 0;
P_0000025c73e939c0 .param/l "i" 0 9 17, +C4<011>;
S_0000025c73f671d0 .scope module, "fa" "full_adder" 9 18, 9 33 0, S_0000025c73f67b30;
 .timescale 0 0;
    .port_info 0 /INPUT 1 "a";
    .port_info 1 /INPUT 1 "b";
    .port_info 2 /INPUT 1 "cin";
    .port_info 3 /OUTPUT 1 "sum";
    .port_info 4 /OUTPUT 1 "cout";
L_0000025c74030fc0 .functor XOR 1, L_0000025c73fb1e80, L_0000025c73fb3500, C4<0>, C4<0>;
L_0000025c74030d20 .functor XOR 1, L_0000025c74030fc0, L_0000025c73fb2600, C4<0>, C4<0>;
L_0000025c74030d90 .functor AND 1, L_0000025c73fb1e80, L_0000025c73fb3500, C4<1>, C4<1>;
L_0000025c740312d0 .functor XOR 1, L_0000025c73fb1e80, L_0000025c73fb3500, C4<0>, C4<0>;
L_0000025c74031570 .functor AND 1, L_0000025c73fb2600, L_0000025c740312d0, C4<1>, C4<1>;
L_0000025c740310a0 .functor OR 1, L_0000025c74030d90, L_0000025c74031570, C4<0>, C4<0>;
v0000025c73f37170_0 .net *"_ivl_0", 0 0, L_0000025c74030fc0;  1 drivers
v0000025c73f37210_0 .net *"_ivl_4", 0 0, L_0000025c74030d90;  1 drivers
v0000025c73f37490_0 .net *"_ivl_6", 0 0, L_0000025c740312d0;  1 drivers
v0000025c73f387f0_0 .net *"_ivl_8", 0 0, L_0000025c74031570;  1 drivers
v0000025c73f39510_0 .net "a", 0 0, L_0000025c73fb1e80;  1 drivers
v0000025c73f38430_0 .net "b", 0 0, L_0000025c73fb3500;  1 drivers
v0000025c73f38390_0 .net "cin", 0 0, L_0000025c73fb2600;  1 drivers
v0000025c73f38570_0 .net "cout", 0 0, L_0000025c740310a0;  1 drivers
v0000025c73f38070_0 .net "sum", 0 0, L_0000025c74030d20;  1 drivers
S_0000025c73f67810 .scope generate, "fa_gen[4]" "fa_gen[4]" 9 17, 9 17 0, S_0000025c73f67360;
 .timescale 0 0;
P_0000025c73e93400 .param/l "i" 0 9 17, +C4<0100>;
S_0000025c73f67cc0 .scope module, "fa" "full_adder" 9 18, 9 33 0, S_0000025c73f67810;
 .timescale 0 0;
    .port_info 0 /INPUT 1 "a";
    .port_info 1 /INPUT 1 "b";
    .port_info 2 /INPUT 1 "cin";
    .port_info 3 /OUTPUT 1 "sum";
    .port_info 4 /OUTPUT 1 "cout";
L_0000025c74031260 .functor XOR 1, L_0000025c73fb2f60, L_0000025c73fb1d40, C4<0>, C4<0>;
L_0000025c74030e70 .functor XOR 1, L_0000025c74031260, L_0000025c73fb4040, C4<0>, C4<0>;
L_0000025c740315e0 .functor AND 1, L_0000025c73fb2f60, L_0000025c73fb1d40, C4<1>, C4<1>;
L_0000025c74031650 .functor XOR 1, L_0000025c73fb2f60, L_0000025c73fb1d40, C4<0>, C4<0>;
L_0000025c74031500 .functor AND 1, L_0000025c73fb4040, L_0000025c74031650, C4<1>, C4<1>;
L_0000025c740316c0 .functor OR 1, L_0000025c740315e0, L_0000025c74031500, C4<0>, C4<0>;
v0000025c73f37df0_0 .net *"_ivl_0", 0 0, L_0000025c74031260;  1 drivers
v0000025c73f37e90_0 .net *"_ivl_4", 0 0, L_0000025c740315e0;  1 drivers
v0000025c73f37b70_0 .net *"_ivl_6", 0 0, L_0000025c74031650;  1 drivers
v0000025c73f395b0_0 .net *"_ivl_8", 0 0, L_0000025c74031500;  1 drivers
v0000025c73f372b0_0 .net "a", 0 0, L_0000025c73fb2f60;  1 drivers
v0000025c73f39150_0 .net "b", 0 0, L_0000025c73fb1d40;  1 drivers
v0000025c73f38610_0 .net "cin", 0 0, L_0000025c73fb4040;  1 drivers
v0000025c73f38c50_0 .net "cout", 0 0, L_0000025c740316c0;  1 drivers
v0000025c73f38890_0 .net "sum", 0 0, L_0000025c74030e70;  1 drivers
S_0000025c73f674f0 .scope generate, "fa_gen[5]" "fa_gen[5]" 9 17, 9 17 0, S_0000025c73f67360;
 .timescale 0 0;
P_0000025c73e93d40 .param/l "i" 0 9 17, +C4<0101>;
S_0000025c73f67680 .scope module, "fa" "full_adder" 9 18, 9 33 0, S_0000025c73f674f0;
 .timescale 0 0;
    .port_info 0 /INPUT 1 "a";
    .port_info 1 /INPUT 1 "b";
    .port_info 2 /INPUT 1 "cin";
    .port_info 3 /OUTPUT 1 "sum";
    .port_info 4 /OUTPUT 1 "cout";
L_0000025c740311f0 .functor XOR 1, L_0000025c73fb1de0, L_0000025c73fb1a20, C4<0>, C4<0>;
L_0000025c74031490 .functor XOR 1, L_0000025c740311f0, L_0000025c73fb3b40, C4<0>, C4<0>;
L_0000025c74031810 .functor AND 1, L_0000025c73fb1de0, L_0000025c73fb1a20, C4<1>, C4<1>;
L_0000025c74031730 .functor XOR 1, L_0000025c73fb1de0, L_0000025c73fb1a20, C4<0>, C4<0>;
L_0000025c740317a0 .functor AND 1, L_0000025c73fb3b40, L_0000025c74031730, C4<1>, C4<1>;
L_0000025c74030ee0 .functor OR 1, L_0000025c74031810, L_0000025c740317a0, C4<0>, C4<0>;
v0000025c73f37670_0 .net *"_ivl_0", 0 0, L_0000025c740311f0;  1 drivers
v0000025c73f39290_0 .net *"_ivl_4", 0 0, L_0000025c74031810;  1 drivers
v0000025c73f38930_0 .net *"_ivl_6", 0 0, L_0000025c74031730;  1 drivers
v0000025c73f389d0_0 .net *"_ivl_8", 0 0, L_0000025c740317a0;  1 drivers
v0000025c73f38f70_0 .net "a", 0 0, L_0000025c73fb1de0;  1 drivers
v0000025c73f396f0_0 .net "b", 0 0, L_0000025c73fb1a20;  1 drivers
v0000025c73f38a70_0 .net "cin", 0 0, L_0000025c73fb3b40;  1 drivers
v0000025c73f36f90_0 .net "cout", 0 0, L_0000025c74030ee0;  1 drivers
v0000025c73f37350_0 .net "sum", 0 0, L_0000025c74031490;  1 drivers
S_0000025c73f679a0 .scope generate, "fa_gen[6]" "fa_gen[6]" 9 17, 9 17 0, S_0000025c73f67360;
 .timescale 0 0;
P_0000025c73e93580 .param/l "i" 0 9 17, +C4<0110>;
S_0000025c73f660a0 .scope module, "fa" "full_adder" 9 18, 9 33 0, S_0000025c73f679a0;
 .timescale 0 0;
    .port_info 0 /INPUT 1 "a";
    .port_info 1 /INPUT 1 "b";
    .port_info 2 /INPUT 1 "cin";
    .port_info 3 /OUTPUT 1 "sum";
    .port_info 4 /OUTPUT 1 "cout";
L_0000025c7402a960 .functor XOR 1, L_0000025c73fb1fc0, L_0000025c73fb3320, C4<0>, C4<0>;
L_0000025c7402b3e0 .functor XOR 1, L_0000025c7402a960, L_0000025c73fb3460, C4<0>, C4<0>;
L_0000025c7402a9d0 .functor AND 1, L_0000025c73fb1fc0, L_0000025c73fb3320, C4<1>, C4<1>;
L_0000025c74029ee0 .functor XOR 1, L_0000025c73fb1fc0, L_0000025c73fb3320, C4<0>, C4<0>;
L_0000025c7402b610 .functor AND 1, L_0000025c73fb3460, L_0000025c74029ee0, C4<1>, C4<1>;
L_0000025c7402aff0 .functor OR 1, L_0000025c7402a9d0, L_0000025c7402b610, C4<0>, C4<0>;
v0000025c73f38cf0_0 .net *"_ivl_0", 0 0, L_0000025c7402a960;  1 drivers
v0000025c73f37030_0 .net *"_ivl_4", 0 0, L_0000025c7402a9d0;  1 drivers
v0000025c73f38d90_0 .net *"_ivl_6", 0 0, L_0000025c74029ee0;  1 drivers
v0000025c73f373f0_0 .net *"_ivl_8", 0 0, L_0000025c7402b610;  1 drivers
v0000025c73f375d0_0 .net "a", 0 0, L_0000025c73fb1fc0;  1 drivers
v0000025c73f38e30_0 .net "b", 0 0, L_0000025c73fb3320;  1 drivers
v0000025c73f37710_0 .net "cin", 0 0, L_0000025c73fb3460;  1 drivers
v0000025c73f38ed0_0 .net "cout", 0 0, L_0000025c7402aff0;  1 drivers
v0000025c73f37c10_0 .net "sum", 0 0, L_0000025c7402b3e0;  1 drivers
S_0000025c73f67e50 .scope generate, "fa_gen[7]" "fa_gen[7]" 9 17, 9 17 0, S_0000025c73f67360;
 .timescale 0 0;
P_0000025c73e93d80 .param/l "i" 0 9 17, +C4<0111>;
S_0000025c73f69370 .scope module, "fa" "full_adder" 9 18, 9 33 0, S_0000025c73f67e50;
 .timescale 0 0;
    .port_info 0 /INPUT 1 "a";
    .port_info 1 /INPUT 1 "b";
    .port_info 2 /INPUT 1 "cin";
    .port_info 3 /OUTPUT 1 "sum";
    .port_info 4 /OUTPUT 1 "cout";
L_0000025c7402a490 .functor XOR 1, L_0000025c73fb1b60, L_0000025c73fb1c00, C4<0>, C4<0>;
L_0000025c7402a500 .functor XOR 1, L_0000025c7402a490, L_0000025c73fb29c0, C4<0>, C4<0>;
L_0000025c7402a7a0 .functor AND 1, L_0000025c73fb1b60, L_0000025c73fb1c00, C4<1>, C4<1>;
L_0000025c7402ad50 .functor XOR 1, L_0000025c73fb1b60, L_0000025c73fb1c00, C4<0>, C4<0>;
L_0000025c7402a3b0 .functor AND 1, L_0000025c73fb29c0, L_0000025c7402ad50, C4<1>, C4<1>;
L_0000025c74029d90 .functor OR 1, L_0000025c7402a7a0, L_0000025c7402a3b0, C4<0>, C4<0>;
v0000025c73f39010_0 .net *"_ivl_0", 0 0, L_0000025c7402a490;  1 drivers
v0000025c73f37990_0 .net *"_ivl_4", 0 0, L_0000025c7402a7a0;  1 drivers
v0000025c73f37a30_0 .net *"_ivl_6", 0 0, L_0000025c7402ad50;  1 drivers
v0000025c73f37f30_0 .net *"_ivl_8", 0 0, L_0000025c7402a3b0;  1 drivers
v0000025c73f37ad0_0 .net "a", 0 0, L_0000025c73fb1b60;  1 drivers
v0000025c73f37cb0_0 .net "b", 0 0, L_0000025c73fb1c00;  1 drivers
v0000025c73f37d50_0 .net "cin", 0 0, L_0000025c73fb29c0;  1 drivers
v0000025c73f6cd70_0 .net "cout", 0 0, L_0000025c74029d90;  1 drivers
v0000025c73f6c870_0 .net "sum", 0 0, L_0000025c7402a500;  1 drivers
S_0000025c73f69050 .scope generate, "fa_gen[8]" "fa_gen[8]" 9 17, 9 17 0, S_0000025c73f67360;
 .timescale 0 0;
P_0000025c73e93a00 .param/l "i" 0 9 17, +C4<01000>;
S_0000025c73f68ec0 .scope module, "fa" "full_adder" 9 18, 9 33 0, S_0000025c73f69050;
 .timescale 0 0;
    .port_info 0 /INPUT 1 "a";
    .port_info 1 /INPUT 1 "b";
    .port_info 2 /INPUT 1 "cin";
    .port_info 3 /OUTPUT 1 "sum";
    .port_info 4 /OUTPUT 1 "cout";
L_0000025c7402a180 .functor XOR 1, L_0000025c73fb3c80, L_0000025c73fb2060, C4<0>, C4<0>;
L_0000025c7402aa40 .functor XOR 1, L_0000025c7402a180, L_0000025c73fb2100, C4<0>, C4<0>;
L_0000025c7402a5e0 .functor AND 1, L_0000025c73fb3c80, L_0000025c73fb2060, C4<1>, C4<1>;
L_0000025c7402a810 .functor XOR 1, L_0000025c73fb3c80, L_0000025c73fb2060, C4<0>, C4<0>;
L_0000025c7402a030 .functor AND 1, L_0000025c73fb2100, L_0000025c7402a810, C4<1>, C4<1>;
L_0000025c7402b840 .functor OR 1, L_0000025c7402a5e0, L_0000025c7402a030, C4<0>, C4<0>;
v0000025c73f6e490_0 .net *"_ivl_0", 0 0, L_0000025c7402a180;  1 drivers
v0000025c73f6d590_0 .net *"_ivl_4", 0 0, L_0000025c7402a5e0;  1 drivers
v0000025c73f6e850_0 .net *"_ivl_6", 0 0, L_0000025c7402a810;  1 drivers
v0000025c73f6d130_0 .net *"_ivl_8", 0 0, L_0000025c7402a030;  1 drivers
v0000025c73f6ca50_0 .net "a", 0 0, L_0000025c73fb3c80;  1 drivers
v0000025c73f6d1d0_0 .net "b", 0 0, L_0000025c73fb2060;  1 drivers
v0000025c73f6c5f0_0 .net "cin", 0 0, L_0000025c73fb2100;  1 drivers
v0000025c73f6e170_0 .net "cout", 0 0, L_0000025c7402b840;  1 drivers
v0000025c73f6d310_0 .net "sum", 0 0, L_0000025c7402aa40;  1 drivers
S_0000025c73f6a630 .scope generate, "fa_gen[9]" "fa_gen[9]" 9 17, 9 17 0, S_0000025c73f67360;
 .timescale 0 0;
P_0000025c73e941c0 .param/l "i" 0 9 17, +C4<01001>;
S_0000025c73f69500 .scope module, "fa" "full_adder" 9 18, 9 33 0, S_0000025c73f6a630;
 .timescale 0 0;
    .port_info 0 /INPUT 1 "a";
    .port_info 1 /INPUT 1 "b";
    .port_info 2 /INPUT 1 "cin";
    .port_info 3 /OUTPUT 1 "sum";
    .port_info 4 /OUTPUT 1 "cout";
L_0000025c7402b370 .functor XOR 1, L_0000025c73fb3dc0, L_0000025c73fb35a0, C4<0>, C4<0>;
L_0000025c7402b300 .functor XOR 1, L_0000025c7402b370, L_0000025c73fb3f00, C4<0>, C4<0>;
L_0000025c7402b680 .functor AND 1, L_0000025c73fb3dc0, L_0000025c73fb35a0, C4<1>, C4<1>;
L_0000025c7402b450 .functor XOR 1, L_0000025c73fb3dc0, L_0000025c73fb35a0, C4<0>, C4<0>;
L_0000025c7402a2d0 .functor AND 1, L_0000025c73fb3f00, L_0000025c7402b450, C4<1>, C4<1>;
L_0000025c7402b6f0 .functor OR 1, L_0000025c7402b680, L_0000025c7402a2d0, C4<0>, C4<0>;
v0000025c73f6d270_0 .net *"_ivl_0", 0 0, L_0000025c7402b370;  1 drivers
v0000025c73f6d3b0_0 .net *"_ivl_4", 0 0, L_0000025c7402b680;  1 drivers
v0000025c73f6ce10_0 .net *"_ivl_6", 0 0, L_0000025c7402b450;  1 drivers
v0000025c73f6c910_0 .net *"_ivl_8", 0 0, L_0000025c7402a2d0;  1 drivers
v0000025c73f6d450_0 .net "a", 0 0, L_0000025c73fb3dc0;  1 drivers
v0000025c73f6ceb0_0 .net "b", 0 0, L_0000025c73fb35a0;  1 drivers
v0000025c73f6c9b0_0 .net "cin", 0 0, L_0000025c73fb3f00;  1 drivers
v0000025c73f6cf50_0 .net "cout", 0 0, L_0000025c7402b6f0;  1 drivers
v0000025c73f6dbd0_0 .net "sum", 0 0, L_0000025c7402b300;  1 drivers
S_0000025c73f6ba80 .scope generate, "fa_gen[10]" "fa_gen[10]" 9 17, 9 17 0, S_0000025c73f67360;
 .timescale 0 0;
P_0000025c73e93ec0 .param/l "i" 0 9 17, +C4<01010>;
S_0000025c73f6b440 .scope module, "fa" "full_adder" 9 18, 9 33 0, S_0000025c73f6ba80;
 .timescale 0 0;
    .port_info 0 /INPUT 1 "a";
    .port_info 1 /INPUT 1 "b";
    .port_info 2 /INPUT 1 "cin";
    .port_info 3 /OUTPUT 1 "sum";
    .port_info 4 /OUTPUT 1 "cout";
L_0000025c74029f50 .functor XOR 1, L_0000025c73fb2920, L_0000025c73fb3fa0, C4<0>, C4<0>;
L_0000025c74029e70 .functor XOR 1, L_0000025c74029f50, L_0000025c73fb22e0, C4<0>, C4<0>;
L_0000025c7402b4c0 .functor AND 1, L_0000025c73fb2920, L_0000025c73fb3fa0, C4<1>, C4<1>;
L_0000025c7402adc0 .functor XOR 1, L_0000025c73fb2920, L_0000025c73fb3fa0, C4<0>, C4<0>;
L_0000025c7402b8b0 .functor AND 1, L_0000025c73fb22e0, L_0000025c7402adc0, C4<1>, C4<1>;
L_0000025c74029d20 .functor OR 1, L_0000025c7402b4c0, L_0000025c7402b8b0, C4<0>, C4<0>;
v0000025c73f6e670_0 .net *"_ivl_0", 0 0, L_0000025c74029f50;  1 drivers
v0000025c73f6d630_0 .net *"_ivl_4", 0 0, L_0000025c7402b4c0;  1 drivers
v0000025c73f6c7d0_0 .net *"_ivl_6", 0 0, L_0000025c7402adc0;  1 drivers
v0000025c73f6e7b0_0 .net *"_ivl_8", 0 0, L_0000025c7402b8b0;  1 drivers
v0000025c73f6e530_0 .net "a", 0 0, L_0000025c73fb2920;  1 drivers
v0000025c73f6ddb0_0 .net "b", 0 0, L_0000025c73fb3fa0;  1 drivers
v0000025c73f6caf0_0 .net "cin", 0 0, L_0000025c73fb22e0;  1 drivers
v0000025c73f6cb90_0 .net "cout", 0 0, L_0000025c74029d20;  1 drivers
v0000025c73f6dc70_0 .net "sum", 0 0, L_0000025c74029e70;  1 drivers
S_0000025c73f69cd0 .scope generate, "fa_gen[11]" "fa_gen[11]" 9 17, 9 17 0, S_0000025c73f67360;
 .timescale 0 0;
P_0000025c73e93500 .param/l "i" 0 9 17, +C4<01011>;
S_0000025c73f6bda0 .scope module, "fa" "full_adder" 9 18, 9 33 0, S_0000025c73f69cd0;
 .timescale 0 0;
    .port_info 0 /INPUT 1 "a";
    .port_info 1 /INPUT 1 "b";
    .port_info 2 /INPUT 1 "cin";
    .port_info 3 /OUTPUT 1 "sum";
    .port_info 4 /OUTPUT 1 "cout";
L_0000025c7402a880 .functor XOR 1, L_0000025c73fb3140, L_0000025c73fb2560, C4<0>, C4<0>;
L_0000025c7402b530 .functor XOR 1, L_0000025c7402a880, L_0000025c73fb3820, C4<0>, C4<0>;
L_0000025c7402b060 .functor AND 1, L_0000025c73fb3140, L_0000025c73fb2560, C4<1>, C4<1>;
L_0000025c7402b220 .functor XOR 1, L_0000025c73fb3140, L_0000025c73fb2560, C4<0>, C4<0>;
L_0000025c7402a8f0 .functor AND 1, L_0000025c73fb3820, L_0000025c7402b220, C4<1>, C4<1>;
L_0000025c7402b5a0 .functor OR 1, L_0000025c7402b060, L_0000025c7402a8f0, C4<0>, C4<0>;
v0000025c73f6cc30_0 .net *"_ivl_0", 0 0, L_0000025c7402a880;  1 drivers
v0000025c73f6ccd0_0 .net *"_ivl_4", 0 0, L_0000025c7402b060;  1 drivers
v0000025c73f6de50_0 .net *"_ivl_6", 0 0, L_0000025c7402b220;  1 drivers
v0000025c73f6c410_0 .net *"_ivl_8", 0 0, L_0000025c7402a8f0;  1 drivers
v0000025c73f6d810_0 .net "a", 0 0, L_0000025c73fb3140;  1 drivers
v0000025c73f6e5d0_0 .net "b", 0 0, L_0000025c73fb2560;  1 drivers
v0000025c73f6df90_0 .net "cin", 0 0, L_0000025c73fb3820;  1 drivers
v0000025c73f6dd10_0 .net "cout", 0 0, L_0000025c7402b5a0;  1 drivers
v0000025c73f6e2b0_0 .net "sum", 0 0, L_0000025c7402b530;  1 drivers
S_0000025c73f69820 .scope generate, "fa_gen[12]" "fa_gen[12]" 9 17, 9 17 0, S_0000025c73f67360;
 .timescale 0 0;
P_0000025c73e934c0 .param/l "i" 0 9 17, +C4<01100>;
S_0000025c73f6a180 .scope module, "fa" "full_adder" 9 18, 9 33 0, S_0000025c73f69820;
 .timescale 0 0;
    .port_info 0 /INPUT 1 "a";
    .port_info 1 /INPUT 1 "b";
    .port_info 2 /INPUT 1 "cin";
    .port_info 3 /OUTPUT 1 "sum";
    .port_info 4 /OUTPUT 1 "cout";
L_0000025c7402aab0 .functor XOR 1, L_0000025c73fb21a0, L_0000025c73fb38c0, C4<0>, C4<0>;
L_0000025c7402b760 .functor XOR 1, L_0000025c7402aab0, L_0000025c73fb3000, C4<0>, C4<0>;
L_0000025c7402a570 .functor AND 1, L_0000025c73fb21a0, L_0000025c73fb38c0, C4<1>, C4<1>;
L_0000025c7402b290 .functor XOR 1, L_0000025c73fb21a0, L_0000025c73fb38c0, C4<0>, C4<0>;
L_0000025c7402b7d0 .functor AND 1, L_0000025c73fb3000, L_0000025c7402b290, C4<1>, C4<1>;
L_0000025c74029e00 .functor OR 1, L_0000025c7402a570, L_0000025c7402b7d0, C4<0>, C4<0>;
v0000025c73f6e710_0 .net *"_ivl_0", 0 0, L_0000025c7402aab0;  1 drivers
v0000025c73f6d4f0_0 .net *"_ivl_4", 0 0, L_0000025c7402a570;  1 drivers
v0000025c73f6def0_0 .net *"_ivl_6", 0 0, L_0000025c7402b290;  1 drivers
v0000025c73f6e030_0 .net *"_ivl_8", 0 0, L_0000025c7402b7d0;  1 drivers
v0000025c73f6d770_0 .net "a", 0 0, L_0000025c73fb21a0;  1 drivers
v0000025c73f6cff0_0 .net "b", 0 0, L_0000025c73fb38c0;  1 drivers
v0000025c73f6e210_0 .net "cin", 0 0, L_0000025c73fb3000;  1 drivers
v0000025c73f6db30_0 .net "cout", 0 0, L_0000025c74029e00;  1 drivers
v0000025c73f6e350_0 .net "sum", 0 0, L_0000025c7402b760;  1 drivers
S_0000025c73f6a310 .scope generate, "fa_gen[13]" "fa_gen[13]" 9 17, 9 17 0, S_0000025c73f67360;
 .timescale 0 0;
P_0000025c73e93a40 .param/l "i" 0 9 17, +C4<01101>;
S_0000025c73f691e0 .scope module, "fa" "full_adder" 9 18, 9 33 0, S_0000025c73f6a310;
 .timescale 0 0;
    .port_info 0 /INPUT 1 "a";
    .port_info 1 /INPUT 1 "b";
    .port_info 2 /INPUT 1 "cin";
    .port_info 3 /OUTPUT 1 "sum";
    .port_info 4 /OUTPUT 1 "cout";
L_0000025c7402a1f0 .functor XOR 1, L_0000025c73fb3960, L_0000025c73fb30a0, C4<0>, C4<0>;
L_0000025c74029fc0 .functor XOR 1, L_0000025c7402a1f0, L_0000025c73fb2380, C4<0>, C4<0>;
L_0000025c7402b0d0 .functor AND 1, L_0000025c73fb3960, L_0000025c73fb30a0, C4<1>, C4<1>;
L_0000025c7402b140 .functor XOR 1, L_0000025c73fb3960, L_0000025c73fb30a0, C4<0>, C4<0>;
L_0000025c7402a650 .functor AND 1, L_0000025c73fb2380, L_0000025c7402b140, C4<1>, C4<1>;
L_0000025c7402a0a0 .functor OR 1, L_0000025c7402b0d0, L_0000025c7402a650, C4<0>, C4<0>;
v0000025c73f6c0f0_0 .net *"_ivl_0", 0 0, L_0000025c7402a1f0;  1 drivers
v0000025c73f6d6d0_0 .net *"_ivl_4", 0 0, L_0000025c7402b0d0;  1 drivers
v0000025c73f6c190_0 .net *"_ivl_6", 0 0, L_0000025c7402b140;  1 drivers
v0000025c73f6d8b0_0 .net *"_ivl_8", 0 0, L_0000025c7402a650;  1 drivers
v0000025c73f6d090_0 .net "a", 0 0, L_0000025c73fb3960;  1 drivers
v0000025c73f6d950_0 .net "b", 0 0, L_0000025c73fb30a0;  1 drivers
v0000025c73f6c690_0 .net "cin", 0 0, L_0000025c73fb2380;  1 drivers
v0000025c73f6e3f0_0 .net "cout", 0 0, L_0000025c7402a0a0;  1 drivers
v0000025c73f6d9f0_0 .net "sum", 0 0, L_0000025c74029fc0;  1 drivers
S_0000025c73f6a7c0 .scope generate, "fa_gen[14]" "fa_gen[14]" 9 17, 9 17 0, S_0000025c73f67360;
 .timescale 0 0;
P_0000025c73e93300 .param/l "i" 0 9 17, +C4<01110>;
S_0000025c73f69690 .scope module, "fa" "full_adder" 9 18, 9 33 0, S_0000025c73f6a7c0;
 .timescale 0 0;
    .port_info 0 /INPUT 1 "a";
    .port_info 1 /INPUT 1 "b";
    .port_info 2 /INPUT 1 "cin";
    .port_info 3 /OUTPUT 1 "sum";
    .port_info 4 /OUTPUT 1 "cout";
L_0000025c7402a110 .functor XOR 1, L_0000025c73fb24c0, L_0000025c73fb2420, C4<0>, C4<0>;
L_0000025c7402a730 .functor XOR 1, L_0000025c7402a110, L_0000025c73fb2a60, C4<0>, C4<0>;
L_0000025c7402a6c0 .functor AND 1, L_0000025c73fb24c0, L_0000025c73fb2420, C4<1>, C4<1>;
L_0000025c7402a260 .functor XOR 1, L_0000025c73fb24c0, L_0000025c73fb2420, C4<0>, C4<0>;
L_0000025c7402ab20 .functor AND 1, L_0000025c73fb2a60, L_0000025c7402a260, C4<1>, C4<1>;
L_0000025c7402ab90 .functor OR 1, L_0000025c7402a6c0, L_0000025c7402ab20, C4<0>, C4<0>;
v0000025c73f6da90_0 .net *"_ivl_0", 0 0, L_0000025c7402a110;  1 drivers
v0000025c73f6e0d0_0 .net *"_ivl_4", 0 0, L_0000025c7402a6c0;  1 drivers
v0000025c73f6c230_0 .net *"_ivl_6", 0 0, L_0000025c7402a260;  1 drivers
v0000025c73f6c2d0_0 .net *"_ivl_8", 0 0, L_0000025c7402ab20;  1 drivers
v0000025c73f6c370_0 .net "a", 0 0, L_0000025c73fb24c0;  1 drivers
v0000025c73f6c4b0_0 .net "b", 0 0, L_0000025c73fb2420;  1 drivers
v0000025c73f6c550_0 .net "cin", 0 0, L_0000025c73fb2a60;  1 drivers
v0000025c73f6c730_0 .net "cout", 0 0, L_0000025c7402ab90;  1 drivers
v0000025c73f703d0_0 .net "sum", 0 0, L_0000025c7402a730;  1 drivers
S_0000025c73f6bc10 .scope generate, "fa_gen[15]" "fa_gen[15]" 9 17, 9 17 0, S_0000025c73f67360;
 .timescale 0 0;
P_0000025c73e93f40 .param/l "i" 0 9 17, +C4<01111>;
S_0000025c73f6b5d0 .scope module, "fa" "full_adder" 9 18, 9 33 0, S_0000025c73f6bc10;
 .timescale 0 0;
    .port_info 0 /INPUT 1 "a";
    .port_info 1 /INPUT 1 "b";
    .port_info 2 /INPUT 1 "cin";
    .port_info 3 /OUTPUT 1 "sum";
    .port_info 4 /OUTPUT 1 "cout";
L_0000025c7402a340 .functor XOR 1, L_0000025c73fb40e0, L_0000025c73fb2c40, C4<0>, C4<0>;
L_0000025c7402a420 .functor XOR 1, L_0000025c7402a340, L_0000025c73fb26a0, C4<0>, C4<0>;
L_0000025c7402ac00 .functor AND 1, L_0000025c73fb40e0, L_0000025c73fb2c40, C4<1>, C4<1>;
L_0000025c7402ac70 .functor XOR 1, L_0000025c73fb40e0, L_0000025c73fb2c40, C4<0>, C4<0>;
L_0000025c7402ace0 .functor AND 1, L_0000025c73fb26a0, L_0000025c7402ac70, C4<1>, C4<1>;
L_0000025c7402ae30 .functor OR 1, L_0000025c7402ac00, L_0000025c7402ace0, C4<0>, C4<0>;
v0000025c73f70e70_0 .net *"_ivl_0", 0 0, L_0000025c7402a340;  1 drivers
v0000025c73f6fe30_0 .net *"_ivl_4", 0 0, L_0000025c7402ac00;  1 drivers
v0000025c73f6efd0_0 .net *"_ivl_6", 0 0, L_0000025c7402ac70;  1 drivers
v0000025c73f70fb0_0 .net *"_ivl_8", 0 0, L_0000025c7402ace0;  1 drivers
v0000025c73f70c90_0 .net "a", 0 0, L_0000025c73fb40e0;  1 drivers
v0000025c73f705b0_0 .net "b", 0 0, L_0000025c73fb2c40;  1 drivers
v0000025c73f6f070_0 .net "cin", 0 0, L_0000025c73fb26a0;  1 drivers
v0000025c73f6f110_0 .net "cout", 0 0, L_0000025c7402ae30;  1 drivers
v0000025c73f70470_0 .net "sum", 0 0, L_0000025c7402a420;  1 drivers
S_0000025c73f69e60 .scope generate, "fa_gen[16]" "fa_gen[16]" 9 17, 9 17 0, S_0000025c73f67360;
 .timescale 0 0;
P_0000025c73e93f80 .param/l "i" 0 9 17, +C4<010000>;
S_0000025c73f680b0 .scope module, "fa" "full_adder" 9 18, 9 33 0, S_0000025c73f69e60;
 .timescale 0 0;
    .port_info 0 /INPUT 1 "a";
    .port_info 1 /INPUT 1 "b";
    .port_info 2 /INPUT 1 "cin";
    .port_info 3 /OUTPUT 1 "sum";
    .port_info 4 /OUTPUT 1 "cout";
L_0000025c7402aea0 .functor XOR 1, L_0000025c73fb2740, L_0000025c73fb27e0, C4<0>, C4<0>;
L_0000025c7402af10 .functor XOR 1, L_0000025c7402aea0, L_0000025c73fb2880, C4<0>, C4<0>;
L_0000025c7402af80 .functor AND 1, L_0000025c73fb2740, L_0000025c73fb27e0, C4<1>, C4<1>;
L_0000025c7402b1b0 .functor XOR 1, L_0000025c73fb2740, L_0000025c73fb27e0, C4<0>, C4<0>;
L_0000025c7402c870 .functor AND 1, L_0000025c73fb2880, L_0000025c7402b1b0, C4<1>, C4<1>;
L_0000025c7402bdf0 .functor OR 1, L_0000025c7402af80, L_0000025c7402c870, C4<0>, C4<0>;
v0000025c73f6ea30_0 .net *"_ivl_0", 0 0, L_0000025c7402aea0;  1 drivers
v0000025c73f6f890_0 .net *"_ivl_4", 0 0, L_0000025c7402af80;  1 drivers
v0000025c73f6f250_0 .net *"_ivl_6", 0 0, L_0000025c7402b1b0;  1 drivers
v0000025c73f6f1b0_0 .net *"_ivl_8", 0 0, L_0000025c7402c870;  1 drivers
v0000025c73f70830_0 .net "a", 0 0, L_0000025c73fb2740;  1 drivers
v0000025c73f6fa70_0 .net "b", 0 0, L_0000025c73fb27e0;  1 drivers
v0000025c73f6fbb0_0 .net "cin", 0 0, L_0000025c73fb2880;  1 drivers
v0000025c73f6eb70_0 .net "cout", 0 0, L_0000025c7402bdf0;  1 drivers
v0000025c73f70d30_0 .net "sum", 0 0, L_0000025c7402af10;  1 drivers
S_0000025c73f683d0 .scope generate, "fa_gen[17]" "fa_gen[17]" 9 17, 9 17 0, S_0000025c73f67360;
 .timescale 0 0;
P_0000025c73e93340 .param/l "i" 0 9 17, +C4<010001>;
S_0000025c73f68d30 .scope module, "fa" "full_adder" 9 18, 9 33 0, S_0000025c73f683d0;
 .timescale 0 0;
    .port_info 0 /INPUT 1 "a";
    .port_info 1 /INPUT 1 "b";
    .port_info 2 /INPUT 1 "cin";
    .port_info 3 /OUTPUT 1 "sum";
    .port_info 4 /OUTPUT 1 "cout";
L_0000025c7402caa0 .functor XOR 1, L_0000025c73fb2b00, L_0000025c73fb2ce0, C4<0>, C4<0>;
L_0000025c7402ba70 .functor XOR 1, L_0000025c7402caa0, L_0000025c73fb2d80, C4<0>, C4<0>;
L_0000025c7402d210 .functor AND 1, L_0000025c73fb2b00, L_0000025c73fb2ce0, C4<1>, C4<1>;
L_0000025c7402ce20 .functor XOR 1, L_0000025c73fb2b00, L_0000025c73fb2ce0, C4<0>, C4<0>;
L_0000025c7402bd10 .functor AND 1, L_0000025c73fb2d80, L_0000025c7402ce20, C4<1>, C4<1>;
L_0000025c7402be60 .functor OR 1, L_0000025c7402d210, L_0000025c7402bd10, C4<0>, C4<0>;
v0000025c73f6f4d0_0 .net *"_ivl_0", 0 0, L_0000025c7402caa0;  1 drivers
v0000025c73f70ab0_0 .net *"_ivl_4", 0 0, L_0000025c7402d210;  1 drivers
v0000025c73f70b50_0 .net *"_ivl_6", 0 0, L_0000025c7402ce20;  1 drivers
v0000025c73f6fc50_0 .net *"_ivl_8", 0 0, L_0000025c7402bd10;  1 drivers
v0000025c73f6e990_0 .net "a", 0 0, L_0000025c73fb2b00;  1 drivers
v0000025c73f70bf0_0 .net "b", 0 0, L_0000025c73fb2ce0;  1 drivers
v0000025c73f6fb10_0 .net "cin", 0 0, L_0000025c73fb2d80;  1 drivers
v0000025c73f708d0_0 .net "cout", 0 0, L_0000025c7402be60;  1 drivers
v0000025c73f6ead0_0 .net "sum", 0 0, L_0000025c7402ba70;  1 drivers
S_0000025c73f699b0 .scope generate, "fa_gen[18]" "fa_gen[18]" 9 17, 9 17 0, S_0000025c73f67360;
 .timescale 0 0;
P_0000025c73e93540 .param/l "i" 0 9 17, +C4<010010>;
S_0000025c73f69b40 .scope module, "fa" "full_adder" 9 18, 9 33 0, S_0000025c73f699b0;
 .timescale 0 0;
    .port_info 0 /INPUT 1 "a";
    .port_info 1 /INPUT 1 "b";
    .port_info 2 /INPUT 1 "cin";
    .port_info 3 /OUTPUT 1 "sum";
    .port_info 4 /OUTPUT 1 "cout";
L_0000025c7402bd80 .functor XOR 1, L_0000025c73fb2ec0, L_0000025c73fb31e0, C4<0>, C4<0>;
L_0000025c7402d2f0 .functor XOR 1, L_0000025c7402bd80, L_0000025c73fb3280, C4<0>, C4<0>;
L_0000025c7402cf70 .functor AND 1, L_0000025c73fb2ec0, L_0000025c73fb31e0, C4<1>, C4<1>;
L_0000025c7402c100 .functor XOR 1, L_0000025c73fb2ec0, L_0000025c73fb31e0, C4<0>, C4<0>;
L_0000025c7402ce90 .functor AND 1, L_0000025c73fb3280, L_0000025c7402c100, C4<1>, C4<1>;
L_0000025c7402cdb0 .functor OR 1, L_0000025c7402cf70, L_0000025c7402ce90, C4<0>, C4<0>;
v0000025c73f6f2f0_0 .net *"_ivl_0", 0 0, L_0000025c7402bd80;  1 drivers
v0000025c73f6f570_0 .net *"_ivl_4", 0 0, L_0000025c7402cf70;  1 drivers
v0000025c73f6f390_0 .net *"_ivl_6", 0 0, L_0000025c7402c100;  1 drivers
v0000025c73f6fcf0_0 .net *"_ivl_8", 0 0, L_0000025c7402ce90;  1 drivers
v0000025c73f70dd0_0 .net "a", 0 0, L_0000025c73fb2ec0;  1 drivers
v0000025c73f6ec10_0 .net "b", 0 0, L_0000025c73fb31e0;  1 drivers
v0000025c73f6edf0_0 .net "cin", 0 0, L_0000025c73fb3280;  1 drivers
v0000025c73f70f10_0 .net "cout", 0 0, L_0000025c7402cdb0;  1 drivers
v0000025c73f6f7f0_0 .net "sum", 0 0, L_0000025c7402d2f0;  1 drivers
S_0000025c73f6b8f0 .scope generate, "fa_gen[19]" "fa_gen[19]" 9 17, 9 17 0, S_0000025c73f67360;
 .timescale 0 0;
P_0000025c73e93380 .param/l "i" 0 9 17, +C4<010011>;
S_0000025c73f69ff0 .scope module, "fa" "full_adder" 9 18, 9 33 0, S_0000025c73f6b8f0;
 .timescale 0 0;
    .port_info 0 /INPUT 1 "a";
    .port_info 1 /INPUT 1 "b";
    .port_info 2 /INPUT 1 "cin";
    .port_info 3 /OUTPUT 1 "sum";
    .port_info 4 /OUTPUT 1 "cout";
L_0000025c7402bfb0 .functor XOR 1, L_0000025c73fb33c0, L_0000025c73fb3640, C4<0>, C4<0>;
L_0000025c7402c950 .functor XOR 1, L_0000025c7402bfb0, L_0000025c73fb65c0, C4<0>, C4<0>;
L_0000025c7402c640 .functor AND 1, L_0000025c73fb33c0, L_0000025c73fb3640, C4<1>, C4<1>;
L_0000025c7402bed0 .functor XOR 1, L_0000025c73fb33c0, L_0000025c73fb3640, C4<0>, C4<0>;
L_0000025c7402c020 .functor AND 1, L_0000025c73fb65c0, L_0000025c7402bed0, C4<1>, C4<1>;
L_0000025c7402d280 .functor OR 1, L_0000025c7402c640, L_0000025c7402c020, C4<0>, C4<0>;
v0000025c73f71050_0 .net *"_ivl_0", 0 0, L_0000025c7402bfb0;  1 drivers
v0000025c73f6fd90_0 .net *"_ivl_4", 0 0, L_0000025c7402c640;  1 drivers
v0000025c73f706f0_0 .net *"_ivl_6", 0 0, L_0000025c7402bed0;  1 drivers
v0000025c73f6fed0_0 .net *"_ivl_8", 0 0, L_0000025c7402c020;  1 drivers
v0000025c73f6e8f0_0 .net "a", 0 0, L_0000025c73fb33c0;  1 drivers
v0000025c73f70970_0 .net "b", 0 0, L_0000025c73fb3640;  1 drivers
v0000025c73f6ff70_0 .net "cin", 0 0, L_0000025c73fb65c0;  1 drivers
v0000025c73f6ecb0_0 .net "cout", 0 0, L_0000025c7402d280;  1 drivers
v0000025c73f70010_0 .net "sum", 0 0, L_0000025c7402c950;  1 drivers
S_0000025c73f6a4a0 .scope generate, "fa_gen[20]" "fa_gen[20]" 9 17, 9 17 0, S_0000025c73f67360;
 .timescale 0 0;
P_0000025c73e935c0 .param/l "i" 0 9 17, +C4<010100>;
S_0000025c73f6ac70 .scope module, "fa" "full_adder" 9 18, 9 33 0, S_0000025c73f6a4a0;
 .timescale 0 0;
    .port_info 0 /INPUT 1 "a";
    .port_info 1 /INPUT 1 "b";
    .port_info 2 /INPUT 1 "cin";
    .port_info 3 /OUTPUT 1 "sum";
    .port_info 4 /OUTPUT 1 "cout";
L_0000025c7402cf00 .functor XOR 1, L_0000025c73fb4540, L_0000025c73fb4400, C4<0>, C4<0>;
L_0000025c7402d130 .functor XOR 1, L_0000025c7402cf00, L_0000025c73fb4fe0, C4<0>, C4<0>;
L_0000025c7402c8e0 .functor AND 1, L_0000025c73fb4540, L_0000025c73fb4400, C4<1>, C4<1>;
L_0000025c7402c560 .functor XOR 1, L_0000025c73fb4540, L_0000025c73fb4400, C4<0>, C4<0>;
L_0000025c7402b990 .functor AND 1, L_0000025c73fb4fe0, L_0000025c7402c560, C4<1>, C4<1>;
L_0000025c7402cbf0 .functor OR 1, L_0000025c7402c8e0, L_0000025c7402b990, C4<0>, C4<0>;
v0000025c73f6f430_0 .net *"_ivl_0", 0 0, L_0000025c7402cf00;  1 drivers
v0000025c73f70290_0 .net *"_ivl_4", 0 0, L_0000025c7402c8e0;  1 drivers
v0000025c73f700b0_0 .net *"_ivl_6", 0 0, L_0000025c7402c560;  1 drivers
v0000025c73f70150_0 .net *"_ivl_8", 0 0, L_0000025c7402b990;  1 drivers
v0000025c73f6f610_0 .net "a", 0 0, L_0000025c73fb4540;  1 drivers
v0000025c73f6f6b0_0 .net "b", 0 0, L_0000025c73fb4400;  1 drivers
v0000025c73f6ed50_0 .net "cin", 0 0, L_0000025c73fb4fe0;  1 drivers
v0000025c73f6ee90_0 .net "cout", 0 0, L_0000025c7402cbf0;  1 drivers
v0000025c73f6f750_0 .net "sum", 0 0, L_0000025c7402d130;  1 drivers
S_0000025c73f6a950 .scope generate, "fa_gen[21]" "fa_gen[21]" 9 17, 9 17 0, S_0000025c73f67360;
 .timescale 0 0;
P_0000025c73e93780 .param/l "i" 0 9 17, +C4<010101>;
S_0000025c73f6aae0 .scope module, "fa" "full_adder" 9 18, 9 33 0, S_0000025c73f6a950;
 .timescale 0 0;
    .port_info 0 /INPUT 1 "a";
    .port_info 1 /INPUT 1 "b";
    .port_info 2 /INPUT 1 "cin";
    .port_info 3 /OUTPUT 1 "sum";
    .port_info 4 /OUTPUT 1 "cout";
L_0000025c7402c090 .functor XOR 1, L_0000025c73fb4900, L_0000025c73fb5ee0, C4<0>, C4<0>;
L_0000025c7402cc60 .functor XOR 1, L_0000025c7402c090, L_0000025c73fb44a0, C4<0>, C4<0>;
L_0000025c7402bf40 .functor AND 1, L_0000025c73fb4900, L_0000025c73fb5ee0, C4<1>, C4<1>;
L_0000025c7402c9c0 .functor XOR 1, L_0000025c73fb4900, L_0000025c73fb5ee0, C4<0>, C4<0>;
L_0000025c7402c800 .functor AND 1, L_0000025c73fb44a0, L_0000025c7402c9c0, C4<1>, C4<1>;
L_0000025c7402c170 .functor OR 1, L_0000025c7402bf40, L_0000025c7402c800, C4<0>, C4<0>;
v0000025c73f6ef30_0 .net *"_ivl_0", 0 0, L_0000025c7402c090;  1 drivers
v0000025c73f6f930_0 .net *"_ivl_4", 0 0, L_0000025c7402bf40;  1 drivers
v0000025c73f70650_0 .net *"_ivl_6", 0 0, L_0000025c7402c9c0;  1 drivers
v0000025c73f701f0_0 .net *"_ivl_8", 0 0, L_0000025c7402c800;  1 drivers
v0000025c73f70330_0 .net "a", 0 0, L_0000025c73fb4900;  1 drivers
v0000025c73f70510_0 .net "b", 0 0, L_0000025c73fb5ee0;  1 drivers
v0000025c73f70790_0 .net "cin", 0 0, L_0000025c73fb44a0;  1 drivers
v0000025c73f6f9d0_0 .net "cout", 0 0, L_0000025c7402c170;  1 drivers
v0000025c73f70a10_0 .net "sum", 0 0, L_0000025c7402cc60;  1 drivers
S_0000025c73f68240 .scope generate, "fa_gen[22]" "fa_gen[22]" 9 17, 9 17 0, S_0000025c73f67360;
 .timescale 0 0;
P_0000025c73e93b80 .param/l "i" 0 9 17, +C4<010110>;
S_0000025c73f6ae00 .scope module, "fa" "full_adder" 9 18, 9 33 0, S_0000025c73f68240;
 .timescale 0 0;
    .port_info 0 /INPUT 1 "a";
    .port_info 1 /INPUT 1 "b";
    .port_info 2 /INPUT 1 "cin";
    .port_info 3 /OUTPUT 1 "sum";
    .port_info 4 /OUTPUT 1 "cout";
L_0000025c7402ca30 .functor XOR 1, L_0000025c73fb5620, L_0000025c73fb5440, C4<0>, C4<0>;
L_0000025c7402cfe0 .functor XOR 1, L_0000025c7402ca30, L_0000025c73fb54e0, C4<0>, C4<0>;
L_0000025c7402c410 .functor AND 1, L_0000025c73fb5620, L_0000025c73fb5440, C4<1>, C4<1>;
L_0000025c7402ba00 .functor XOR 1, L_0000025c73fb5620, L_0000025c73fb5440, C4<0>, C4<0>;
L_0000025c7402c1e0 .functor AND 1, L_0000025c73fb54e0, L_0000025c7402ba00, C4<1>, C4<1>;
L_0000025c7402cb10 .functor OR 1, L_0000025c7402c410, L_0000025c7402c1e0, C4<0>, C4<0>;
v0000025c73f73170_0 .net *"_ivl_0", 0 0, L_0000025c7402ca30;  1 drivers
v0000025c73f73350_0 .net *"_ivl_4", 0 0, L_0000025c7402c410;  1 drivers
v0000025c73f729f0_0 .net *"_ivl_6", 0 0, L_0000025c7402ba00;  1 drivers
v0000025c73f719b0_0 .net *"_ivl_8", 0 0, L_0000025c7402c1e0;  1 drivers
v0000025c73f73210_0 .net "a", 0 0, L_0000025c73fb5620;  1 drivers
v0000025c73f72ef0_0 .net "b", 0 0, L_0000025c73fb5440;  1 drivers
v0000025c73f72950_0 .net "cin", 0 0, L_0000025c73fb54e0;  1 drivers
v0000025c73f73670_0 .net "cout", 0 0, L_0000025c7402cb10;  1 drivers
v0000025c73f71e10_0 .net "sum", 0 0, L_0000025c7402cfe0;  1 drivers
S_0000025c73f6af90 .scope generate, "fa_gen[23]" "fa_gen[23]" 9 17, 9 17 0, S_0000025c73f67360;
 .timescale 0 0;
P_0000025c73e93600 .param/l "i" 0 9 17, +C4<010111>;
S_0000025c73f6b120 .scope module, "fa" "full_adder" 9 18, 9 33 0, S_0000025c73f6af90;
 .timescale 0 0;
    .port_info 0 /INPUT 1 "a";
    .port_info 1 /INPUT 1 "b";
    .port_info 2 /INPUT 1 "cin";
    .port_info 3 /OUTPUT 1 "sum";
    .port_info 4 /OUTPUT 1 "cout";
L_0000025c7402c250 .functor XOR 1, L_0000025c73fb6660, L_0000025c73fb4a40, C4<0>, C4<0>;
L_0000025c7402bc30 .functor XOR 1, L_0000025c7402c250, L_0000025c73fb4360, C4<0>, C4<0>;
L_0000025c7402d440 .functor AND 1, L_0000025c73fb6660, L_0000025c73fb4a40, C4<1>, C4<1>;
L_0000025c7402d0c0 .functor XOR 1, L_0000025c73fb6660, L_0000025c73fb4a40, C4<0>, C4<0>;
L_0000025c7402bae0 .functor AND 1, L_0000025c73fb4360, L_0000025c7402d0c0, C4<1>, C4<1>;
L_0000025c7402d1a0 .functor OR 1, L_0000025c7402d440, L_0000025c7402bae0, C4<0>, C4<0>;
v0000025c73f71230_0 .net *"_ivl_0", 0 0, L_0000025c7402c250;  1 drivers
v0000025c73f728b0_0 .net *"_ivl_4", 0 0, L_0000025c7402d440;  1 drivers
v0000025c73f735d0_0 .net *"_ivl_6", 0 0, L_0000025c7402d0c0;  1 drivers
v0000025c73f73710_0 .net *"_ivl_8", 0 0, L_0000025c7402bae0;  1 drivers
v0000025c73f73850_0 .net "a", 0 0, L_0000025c73fb6660;  1 drivers
v0000025c73f710f0_0 .net "b", 0 0, L_0000025c73fb4a40;  1 drivers
v0000025c73f71c30_0 .net "cin", 0 0, L_0000025c73fb4360;  1 drivers
v0000025c73f71a50_0 .net "cout", 0 0, L_0000025c7402d1a0;  1 drivers
v0000025c73f72f90_0 .net "sum", 0 0, L_0000025c7402bc30;  1 drivers
S_0000025c73f68560 .scope generate, "fa_gen[24]" "fa_gen[24]" 9 17, 9 17 0, S_0000025c73f67360;
 .timescale 0 0;
P_0000025c73e93740 .param/l "i" 0 9 17, +C4<011000>;
S_0000025c73f686f0 .scope module, "fa" "full_adder" 9 18, 9 33 0, S_0000025c73f68560;
 .timescale 0 0;
    .port_info 0 /INPUT 1 "a";
    .port_info 1 /INPUT 1 "b";
    .port_info 2 /INPUT 1 "cin";
    .port_info 3 /OUTPUT 1 "sum";
    .port_info 4 /OUTPUT 1 "cout";
L_0000025c7402d050 .functor XOR 1, L_0000025c73fb51c0, L_0000025c73fb4f40, C4<0>, C4<0>;
L_0000025c7402c2c0 .functor XOR 1, L_0000025c7402d050, L_0000025c73fb6700, C4<0>, C4<0>;
L_0000025c7402d360 .functor AND 1, L_0000025c73fb51c0, L_0000025c73fb4f40, C4<1>, C4<1>;
L_0000025c7402d3d0 .functor XOR 1, L_0000025c73fb51c0, L_0000025c73fb4f40, C4<0>, C4<0>;
L_0000025c7402d4b0 .functor AND 1, L_0000025c73fb6700, L_0000025c7402d3d0, C4<1>, C4<1>;
L_0000025c7402c330 .functor OR 1, L_0000025c7402d360, L_0000025c7402d4b0, C4<0>, C4<0>;
v0000025c73f72090_0 .net *"_ivl_0", 0 0, L_0000025c7402d050;  1 drivers
v0000025c73f71af0_0 .net *"_ivl_4", 0 0, L_0000025c7402d360;  1 drivers
v0000025c73f717d0_0 .net *"_ivl_6", 0 0, L_0000025c7402d3d0;  1 drivers
v0000025c73f712d0_0 .net *"_ivl_8", 0 0, L_0000025c7402d4b0;  1 drivers
v0000025c73f73030_0 .net "a", 0 0, L_0000025c73fb51c0;  1 drivers
v0000025c73f71370_0 .net "b", 0 0, L_0000025c73fb4f40;  1 drivers
v0000025c73f73530_0 .net "cin", 0 0, L_0000025c73fb6700;  1 drivers
v0000025c73f71410_0 .net "cout", 0 0, L_0000025c7402c330;  1 drivers
v0000025c73f715f0_0 .net "sum", 0 0, L_0000025c7402c2c0;  1 drivers
S_0000025c73f68880 .scope generate, "fa_gen[25]" "fa_gen[25]" 9 17, 9 17 0, S_0000025c73f67360;
 .timescale 0 0;
P_0000025c73e93640 .param/l "i" 0 9 17, +C4<011001>;
S_0000025c73f68a10 .scope module, "fa" "full_adder" 9 18, 9 33 0, S_0000025c73f68880;
 .timescale 0 0;
    .port_info 0 /INPUT 1 "a";
    .port_info 1 /INPUT 1 "b";
    .port_info 2 /INPUT 1 "cin";
    .port_info 3 /OUTPUT 1 "sum";
    .port_info 4 /OUTPUT 1 "cout";
L_0000025c7402bb50 .functor XOR 1, L_0000025c73fb4680, L_0000025c73fb5300, C4<0>, C4<0>;
L_0000025c7402b920 .functor XOR 1, L_0000025c7402bb50, L_0000025c73fb62a0, C4<0>, C4<0>;
L_0000025c7402bbc0 .functor AND 1, L_0000025c73fb4680, L_0000025c73fb5300, C4<1>, C4<1>;
L_0000025c7402c3a0 .functor XOR 1, L_0000025c73fb4680, L_0000025c73fb5300, C4<0>, C4<0>;
L_0000025c7402c5d0 .functor AND 1, L_0000025c73fb62a0, L_0000025c7402c3a0, C4<1>, C4<1>;
L_0000025c7402cd40 .functor OR 1, L_0000025c7402bbc0, L_0000025c7402c5d0, C4<0>, C4<0>;
v0000025c73f732b0_0 .net *"_ivl_0", 0 0, L_0000025c7402bb50;  1 drivers
v0000025c73f733f0_0 .net *"_ivl_4", 0 0, L_0000025c7402bbc0;  1 drivers
v0000025c73f723b0_0 .net *"_ivl_6", 0 0, L_0000025c7402c3a0;  1 drivers
v0000025c73f730d0_0 .net *"_ivl_8", 0 0, L_0000025c7402c5d0;  1 drivers
v0000025c73f73490_0 .net "a", 0 0, L_0000025c73fb4680;  1 drivers
v0000025c73f737b0_0 .net "b", 0 0, L_0000025c73fb5300;  1 drivers
v0000025c73f71190_0 .net "cin", 0 0, L_0000025c73fb62a0;  1 drivers
v0000025c73f714b0_0 .net "cout", 0 0, L_0000025c7402cd40;  1 drivers
v0000025c73f72310_0 .net "sum", 0 0, L_0000025c7402b920;  1 drivers
S_0000025c73f6b2b0 .scope generate, "fa_gen[26]" "fa_gen[26]" 9 17, 9 17 0, S_0000025c73f67360;
 .timescale 0 0;
P_0000025c73e93880 .param/l "i" 0 9 17, +C4<011010>;
S_0000025c73f6b760 .scope module, "fa" "full_adder" 9 18, 9 33 0, S_0000025c73f6b2b0;
 .timescale 0 0;
    .port_info 0 /INPUT 1 "a";
    .port_info 1 /INPUT 1 "b";
    .port_info 2 /INPUT 1 "cin";
    .port_info 3 /OUTPUT 1 "sum";
    .port_info 4 /OUTPUT 1 "cout";
L_0000025c7402c480 .functor XOR 1, L_0000025c73fb6520, L_0000025c73fb6020, C4<0>, C4<0>;
L_0000025c7402bca0 .functor XOR 1, L_0000025c7402c480, L_0000025c73fb5c60, C4<0>, C4<0>;
L_0000025c7402c4f0 .functor AND 1, L_0000025c73fb6520, L_0000025c73fb6020, C4<1>, C4<1>;
L_0000025c7402c6b0 .functor XOR 1, L_0000025c73fb6520, L_0000025c73fb6020, C4<0>, C4<0>;
L_0000025c7402c720 .functor AND 1, L_0000025c73fb5c60, L_0000025c7402c6b0, C4<1>, C4<1>;
L_0000025c7402c790 .functor OR 1, L_0000025c7402c4f0, L_0000025c7402c720, C4<0>, C4<0>;
v0000025c73f71d70_0 .net *"_ivl_0", 0 0, L_0000025c7402c480;  1 drivers
v0000025c73f71870_0 .net *"_ivl_4", 0 0, L_0000025c7402c4f0;  1 drivers
v0000025c73f72a90_0 .net *"_ivl_6", 0 0, L_0000025c7402c6b0;  1 drivers
v0000025c73f72450_0 .net *"_ivl_8", 0 0, L_0000025c7402c720;  1 drivers
v0000025c73f72810_0 .net "a", 0 0, L_0000025c73fb6520;  1 drivers
v0000025c73f71550_0 .net "b", 0 0, L_0000025c73fb6020;  1 drivers
v0000025c73f71910_0 .net "cin", 0 0, L_0000025c73fb5c60;  1 drivers
v0000025c73f71b90_0 .net "cout", 0 0, L_0000025c7402c790;  1 drivers
v0000025c73f71690_0 .net "sum", 0 0, L_0000025c7402bca0;  1 drivers
S_0000025c73f68ba0 .scope generate, "fa_gen[27]" "fa_gen[27]" 9 17, 9 17 0, S_0000025c73f67360;
 .timescale 0 0;
P_0000025c73e93ac0 .param/l "i" 0 9 17, +C4<011011>;
S_0000025c73f7c0d0 .scope module, "fa" "full_adder" 9 18, 9 33 0, S_0000025c73f68ba0;
 .timescale 0 0;
    .port_info 0 /INPUT 1 "a";
    .port_info 1 /INPUT 1 "b";
    .port_info 2 /INPUT 1 "cin";
    .port_info 3 /OUTPUT 1 "sum";
    .port_info 4 /OUTPUT 1 "cout";
L_0000025c7402cb80 .functor XOR 1, L_0000025c73fb5d00, L_0000025c73fb5da0, C4<0>, C4<0>;
L_0000025c7402ccd0 .functor XOR 1, L_0000025c7402cb80, L_0000025c73fb4220, C4<0>, C4<0>;
L_0000025c7402dad0 .functor AND 1, L_0000025c73fb5d00, L_0000025c73fb5da0, C4<1>, C4<1>;
L_0000025c7402d9f0 .functor XOR 1, L_0000025c73fb5d00, L_0000025c73fb5da0, C4<0>, C4<0>;
L_0000025c7402efd0 .functor AND 1, L_0000025c73fb4220, L_0000025c7402d9f0, C4<1>, C4<1>;
L_0000025c7402d600 .functor OR 1, L_0000025c7402dad0, L_0000025c7402efd0, C4<0>, C4<0>;
v0000025c73f71730_0 .net *"_ivl_0", 0 0, L_0000025c7402cb80;  1 drivers
v0000025c73f724f0_0 .net *"_ivl_4", 0 0, L_0000025c7402dad0;  1 drivers
v0000025c73f71cd0_0 .net *"_ivl_6", 0 0, L_0000025c7402d9f0;  1 drivers
v0000025c73f72e50_0 .net *"_ivl_8", 0 0, L_0000025c7402efd0;  1 drivers
v0000025c73f72590_0 .net "a", 0 0, L_0000025c73fb5d00;  1 drivers
v0000025c73f72630_0 .net "b", 0 0, L_0000025c73fb5da0;  1 drivers
v0000025c73f71eb0_0 .net "cin", 0 0, L_0000025c73fb4220;  1 drivers
v0000025c73f726d0_0 .net "cout", 0 0, L_0000025c7402d600;  1 drivers
v0000025c73f71f50_0 .net "sum", 0 0, L_0000025c7402ccd0;  1 drivers
S_0000025c73f7d520 .scope generate, "fa_gen[28]" "fa_gen[28]" 9 17, 9 17 0, S_0000025c73f67360;
 .timescale 0 0;
P_0000025c73e936c0 .param/l "i" 0 9 17, +C4<011100>;
S_0000025c73f7de80 .scope module, "fa" "full_adder" 9 18, 9 33 0, S_0000025c73f7d520;
 .timescale 0 0;
    .port_info 0 /INPUT 1 "a";
    .port_info 1 /INPUT 1 "b";
    .port_info 2 /INPUT 1 "cin";
    .port_info 3 /OUTPUT 1 "sum";
    .port_info 4 /OUTPUT 1 "cout";
L_0000025c7402ea20 .functor XOR 1, L_0000025c73fb49a0, L_0000025c73fb60c0, C4<0>, C4<0>;
L_0000025c7402eb00 .functor XOR 1, L_0000025c7402ea20, L_0000025c73fb47c0, C4<0>, C4<0>;
L_0000025c7402dde0 .functor AND 1, L_0000025c73fb49a0, L_0000025c73fb60c0, C4<1>, C4<1>;
L_0000025c7402d590 .functor XOR 1, L_0000025c73fb49a0, L_0000025c73fb60c0, C4<0>, C4<0>;
L_0000025c7402d6e0 .functor AND 1, L_0000025c73fb47c0, L_0000025c7402d590, C4<1>, C4<1>;
L_0000025c7402d8a0 .functor OR 1, L_0000025c7402dde0, L_0000025c7402d6e0, C4<0>, C4<0>;
v0000025c73f71ff0_0 .net *"_ivl_0", 0 0, L_0000025c7402ea20;  1 drivers
v0000025c73f72bd0_0 .net *"_ivl_4", 0 0, L_0000025c7402dde0;  1 drivers
v0000025c73f72130_0 .net *"_ivl_6", 0 0, L_0000025c7402d590;  1 drivers
v0000025c73f721d0_0 .net *"_ivl_8", 0 0, L_0000025c7402d6e0;  1 drivers
v0000025c73f72270_0 .net "a", 0 0, L_0000025c73fb49a0;  1 drivers
v0000025c73f72770_0 .net "b", 0 0, L_0000025c73fb60c0;  1 drivers
v0000025c73f72b30_0 .net "cin", 0 0, L_0000025c73fb47c0;  1 drivers
v0000025c73f72c70_0 .net "cout", 0 0, L_0000025c7402d8a0;  1 drivers
v0000025c73f72d10_0 .net "sum", 0 0, L_0000025c7402eb00;  1 drivers
S_0000025c73f7cd50 .scope generate, "fa_gen[29]" "fa_gen[29]" 9 17, 9 17 0, S_0000025c73f67360;
 .timescale 0 0;
P_0000025c73e93840 .param/l "i" 0 9 17, +C4<011101>;
S_0000025c73f7f910 .scope module, "fa" "full_adder" 9 18, 9 33 0, S_0000025c73f7cd50;
 .timescale 0 0;
    .port_info 0 /INPUT 1 "a";
    .port_info 1 /INPUT 1 "b";
    .port_info 2 /INPUT 1 "cin";
    .port_info 3 /OUTPUT 1 "sum";
    .port_info 4 /OUTPUT 1 "cout";
L_0000025c7402ebe0 .functor XOR 1, L_0000025c73fb5260, L_0000025c73fb45e0, C4<0>, C4<0>;
L_0000025c7402e2b0 .functor XOR 1, L_0000025c7402ebe0, L_0000025c73fb53a0, C4<0>, C4<0>;
L_0000025c7402d750 .functor AND 1, L_0000025c73fb5260, L_0000025c73fb45e0, C4<1>, C4<1>;
L_0000025c7402eef0 .functor XOR 1, L_0000025c73fb5260, L_0000025c73fb45e0, C4<0>, C4<0>;
L_0000025c7402e9b0 .functor AND 1, L_0000025c73fb53a0, L_0000025c7402eef0, C4<1>, C4<1>;
L_0000025c7402ef60 .functor OR 1, L_0000025c7402d750, L_0000025c7402e9b0, C4<0>, C4<0>;
v0000025c73f72db0_0 .net *"_ivl_0", 0 0, L_0000025c7402ebe0;  1 drivers
v0000025c73f753d0_0 .net *"_ivl_4", 0 0, L_0000025c7402d750;  1 drivers
v0000025c73f75ab0_0 .net *"_ivl_6", 0 0, L_0000025c7402eef0;  1 drivers
v0000025c73f73c10_0 .net *"_ivl_8", 0 0, L_0000025c7402e9b0;  1 drivers
v0000025c73f75f10_0 .net "a", 0 0, L_0000025c73fb5260;  1 drivers
v0000025c73f76050_0 .net "b", 0 0, L_0000025c73fb45e0;  1 drivers
v0000025c73f738f0_0 .net "cin", 0 0, L_0000025c73fb53a0;  1 drivers
v0000025c73f74bb0_0 .net "cout", 0 0, L_0000025c7402ef60;  1 drivers
v0000025c73f73990_0 .net "sum", 0 0, L_0000025c7402e2b0;  1 drivers
S_0000025c73f7d9d0 .scope generate, "fa_gen[30]" "fa_gen[30]" 9 17, 9 17 0, S_0000025c73f67360;
 .timescale 0 0;
P_0000025c73e93700 .param/l "i" 0 9 17, +C4<011110>;
S_0000025c73f7e010 .scope module, "fa" "full_adder" 9 18, 9 33 0, S_0000025c73f7d9d0;
 .timescale 0 0;
    .port_info 0 /INPUT 1 "a";
    .port_info 1 /INPUT 1 "b";
    .port_info 2 /INPUT 1 "cin";
    .port_info 3 /OUTPUT 1 "sum";
    .port_info 4 /OUTPUT 1 "cout";
L_0000025c7402f040 .functor XOR 1, L_0000025c73fb4e00, L_0000025c73fb4720, C4<0>, C4<0>;
L_0000025c7402ea90 .functor XOR 1, L_0000025c7402f040, L_0000025c73fb4ae0, C4<0>, C4<0>;
L_0000025c7402dbb0 .functor AND 1, L_0000025c73fb4e00, L_0000025c73fb4720, C4<1>, C4<1>;
L_0000025c7402eda0 .functor XOR 1, L_0000025c73fb4e00, L_0000025c73fb4720, C4<0>, C4<0>;
L_0000025c7402e240 .functor AND 1, L_0000025c73fb4ae0, L_0000025c7402eda0, C4<1>, C4<1>;
L_0000025c7402e6a0 .functor OR 1, L_0000025c7402dbb0, L_0000025c7402e240, C4<0>, C4<0>;
v0000025c73f73df0_0 .net *"_ivl_0", 0 0, L_0000025c7402f040;  1 drivers
v0000025c73f75150_0 .net *"_ivl_4", 0 0, L_0000025c7402dbb0;  1 drivers
v0000025c73f75bf0_0 .net *"_ivl_6", 0 0, L_0000025c7402eda0;  1 drivers
v0000025c73f74c50_0 .net *"_ivl_8", 0 0, L_0000025c7402e240;  1 drivers
v0000025c73f74250_0 .net "a", 0 0, L_0000025c73fb4e00;  1 drivers
v0000025c73f751f0_0 .net "b", 0 0, L_0000025c73fb4720;  1 drivers
v0000025c73f74930_0 .net "cin", 0 0, L_0000025c73fb4ae0;  1 drivers
v0000025c73f75830_0 .net "cout", 0 0, L_0000025c7402e6a0;  1 drivers
v0000025c73f74570_0 .net "sum", 0 0, L_0000025c7402ea90;  1 drivers
S_0000025c73f7f780 .scope generate, "fa_gen[31]" "fa_gen[31]" 9 17, 9 17 0, S_0000025c73f67360;
 .timescale 0 0;
P_0000025c73e938c0 .param/l "i" 0 9 17, +C4<011111>;
S_0000025c73f7eb00 .scope module, "fa" "full_adder" 9 18, 9 33 0, S_0000025c73f7f780;
 .timescale 0 0;
    .port_info 0 /INPUT 1 "a";
    .port_info 1 /INPUT 1 "b";
    .port_info 2 /INPUT 1 "cin";
    .port_info 3 /OUTPUT 1 "sum";
    .port_info 4 /OUTPUT 1 "cout";
L_0000025c7402d7c0 .functor XOR 1, L_0000025c73fb6200, L_0000025c73fb5f80, C4<0>, C4<0>;
L_0000025c7402d830 .functor XOR 1, L_0000025c7402d7c0, L_0000025c73fb6160, C4<0>, C4<0>;
L_0000025c7402de50 .functor AND 1, L_0000025c73fb6200, L_0000025c73fb5f80, C4<1>, C4<1>;
L_0000025c7402e710 .functor XOR 1, L_0000025c73fb6200, L_0000025c73fb5f80, C4<0>, C4<0>;
L_0000025c7402db40 .functor AND 1, L_0000025c73fb6160, L_0000025c7402e710, C4<1>, C4<1>;
L_0000025c7402eb70 .functor OR 1, L_0000025c7402de50, L_0000025c7402db40, C4<0>, C4<0>;
v0000025c73f741b0_0 .net *"_ivl_0", 0 0, L_0000025c7402d7c0;  1 drivers
v0000025c73f75dd0_0 .net *"_ivl_4", 0 0, L_0000025c7402de50;  1 drivers
v0000025c73f73ad0_0 .net *"_ivl_6", 0 0, L_0000025c7402e710;  1 drivers
v0000025c73f756f0_0 .net *"_ivl_8", 0 0, L_0000025c7402db40;  1 drivers
v0000025c73f75510_0 .net "a", 0 0, L_0000025c73fb6200;  1 drivers
v0000025c73f74610_0 .net "b", 0 0, L_0000025c73fb5f80;  1 drivers
v0000025c73f74e30_0 .net "cin", 0 0, L_0000025c73fb6160;  1 drivers
v0000025c73f75e70_0 .net "cout", 0 0, L_0000025c7402eb70;  1 drivers
v0000025c73f73fd0_0 .net "sum", 0 0, L_0000025c7402d830;  1 drivers
S_0000025c73f7db60 .scope module, "shifter" "barrel_shifter" 6 82, 10 3 0, S_0000025c73a7c160;
 .timescale 0 0;
    .port_info 0 /INPUT 32 "A";
    .port_info 1 /INPUT 5 "B";
    .port_info 2 /OUTPUT 32 "shr_out";
    .port_info 3 /OUTPUT 32 "shra_out";
    .port_info 4 /OUTPUT 32 "shl_out";
    .port_info 5 /OUTPUT 32 "ror_out";
    .port_info 6 /OUTPUT 32 "rol_out";
L_0000025c74040be0 .functor BUFZ 32, L_0000025c7404f490, C4<00000000000000000000000000000000>, C4<00000000000000000000000000000000>, C4<00000000000000000000000000000000>;
L_0000025c74040240 .functor BUFZ 32, L_0000025c7404f670, C4<00000000000000000000000000000000>, C4<00000000000000000000000000000000>, C4<00000000000000000000000000000000>;
L_0000025c7403f910 .functor BUFZ 32, L_0000025c740507f0, C4<00000000000000000000000000000000>, C4<00000000000000000000000000000000>, C4<00000000000000000000000000000000>;
L_0000025c74040780 .functor BUFZ 32, L_0000025c74053310, C4<00000000000000000000000000000000>, C4<00000000000000000000000000000000>, C4<00000000000000000000000000000000>;
L_0000025c740401d0 .functor BUFZ 32, L_0000025c74053130, C4<00000000000000000000000000000000>, C4<00000000000000000000000000000000>, C4<00000000000000000000000000000000>;
v0000025c73f74430_0 .net "A", 31 0, v0000025c73f86140_0;  alias, 1 drivers
v0000025c73f73d50_0 .net "B", 4 0, L_0000025c740525f0;  1 drivers
v0000025c73f74cf0_0 .net *"_ivl_1", 0 0, L_0000025c7404e450;  1 drivers
v0000025c73f75d30_0 .net *"_ivl_105", 0 0, L_0000025c7404fc10;  1 drivers
v0000025c73f73e90_0 .net *"_ivl_107", 30 0, L_0000025c74050110;  1 drivers
L_0000025c73fb9ae8 .functor BUFT 1, C4<0>, C4<0>, C4<0>, C4<0>;
v0000025c73f755b0_0 .net/2u *"_ivl_108", 0 0, L_0000025c73fb9ae8;  1 drivers
v0000025c73f74110_0 .net *"_ivl_11", 0 0, L_0000025c7404cc90;  1 drivers
v0000025c73f758d0_0 .net *"_ivl_110", 31 0, L_0000025c7404f0d0;  1 drivers
v0000025c73f74390_0 .net *"_ivl_115", 0 0, L_0000025c740516f0;  1 drivers
v0000025c73f73f30_0 .net *"_ivl_117", 29 0, L_0000025c74050ed0;  1 drivers
L_0000025c73fb9b30 .functor BUFT 1, C4<00>, C4<0>, C4<0>, C4<0>;
v0000025c73f75650_0 .net/2u *"_ivl_118", 1 0, L_0000025c73fb9b30;  1 drivers
L_0000025c73fb99c8 .functor BUFT 1, C4<00>, C4<0>, C4<0>, C4<0>;
v0000025c73f744d0_0 .net/2u *"_ivl_12", 1 0, L_0000025c73fb99c8;  1 drivers
v0000025c73f75b50_0 .net *"_ivl_120", 31 0, L_0000025c7404f3f0;  1 drivers
v0000025c73f75790_0 .net *"_ivl_125", 0 0, L_0000025c74050f70;  1 drivers
v0000025c73f74f70_0 .net *"_ivl_127", 27 0, L_0000025c74051790;  1 drivers
L_0000025c73fb9b78 .functor BUFT 1, C4<0000>, C4<0>, C4<0>, C4<0>;
v0000025c73f746b0_0 .net/2u *"_ivl_128", 3 0, L_0000025c73fb9b78;  1 drivers
v0000025c73f74b10_0 .net *"_ivl_130", 31 0, L_0000025c740510b0;  1 drivers
v0000025c73f74750_0 .net *"_ivl_135", 0 0, L_0000025c74051830;  1 drivers
v0000025c73f75010_0 .net *"_ivl_137", 23 0, L_0000025c7404fcb0;  1 drivers
L_0000025c73fb9bc0 .functor BUFT 1, C4<00000000>, C4<0>, C4<0>, C4<0>;
v0000025c73f747f0_0 .net/2u *"_ivl_138", 7 0, L_0000025c73fb9bc0;  1 drivers
v0000025c73f74890_0 .net *"_ivl_140", 31 0, L_0000025c74050890;  1 drivers
v0000025c73f74d90_0 .net *"_ivl_145", 0 0, L_0000025c7404f710;  1 drivers
v0000025c73f74ed0_0 .net *"_ivl_147", 15 0, L_0000025c74050750;  1 drivers
L_0000025c73fb9c08 .functor BUFT 1, C4<0000000000000000>, C4<0>, C4<0>, C4<0>;
v0000025c73f75c90_0 .net/2u *"_ivl_148", 15 0, L_0000025c73fb9c08;  1 drivers
v0000025c73f75290_0 .net *"_ivl_15", 29 0, L_0000025c74050250;  1 drivers
v0000025c73f75970_0 .net *"_ivl_150", 31 0, L_0000025c7404ff30;  1 drivers
v0000025c73f75330_0 .net *"_ivl_157", 0 0, L_0000025c7404ffd0;  1 drivers
v0000025c73f75a10_0 .net *"_ivl_159", 0 0, L_0000025c74050930;  1 drivers
v0000025c73f77a90_0 .net *"_ivl_16", 31 0, L_0000025c7404f170;  1 drivers
v0000025c73f77bd0_0 .net *"_ivl_161", 30 0, L_0000025c740509d0;  1 drivers
v0000025c73f77630_0 .net *"_ivl_162", 31 0, L_0000025c74050b10;  1 drivers
v0000025c73f77270_0 .net *"_ivl_167", 0 0, L_0000025c740533b0;  1 drivers
v0000025c73f76910_0 .net *"_ivl_169", 1 0, L_0000025c74053a90;  1 drivers
v0000025c73f771d0_0 .net *"_ivl_171", 29 0, L_0000025c74052050;  1 drivers
v0000025c73f78490_0 .net *"_ivl_172", 31 0, L_0000025c74052c30;  1 drivers
v0000025c73f78530_0 .net *"_ivl_177", 0 0, L_0000025c740522d0;  1 drivers
v0000025c73f76b90_0 .net *"_ivl_179", 3 0, L_0000025c74053bd0;  1 drivers
v0000025c73f76a50_0 .net *"_ivl_181", 27 0, L_0000025c74053ef0;  1 drivers
v0000025c73f773b0_0 .net *"_ivl_182", 31 0, L_0000025c74053d10;  1 drivers
v0000025c73f782b0_0 .net *"_ivl_187", 0 0, L_0000025c74052b90;  1 drivers
v0000025c73f762d0_0 .net *"_ivl_189", 7 0, L_0000025c74052f50;  1 drivers
v0000025c73f77b30_0 .net *"_ivl_191", 23 0, L_0000025c740524b0;  1 drivers
v0000025c73f76ff0_0 .net *"_ivl_192", 31 0, L_0000025c74053950;  1 drivers
v0000025c73f76370_0 .net *"_ivl_197", 0 0, L_0000025c74053450;  1 drivers
v0000025c73f76c30_0 .net *"_ivl_199", 15 0, L_0000025c74052af0;  1 drivers
L_0000025c73fb9980 .functor BUFT 1, C4<0>, C4<0>, C4<0>, C4<0>;
v0000025c73f783f0_0 .net/2u *"_ivl_2", 0 0, L_0000025c73fb9980;  1 drivers
v0000025c73f78710_0 .net *"_ivl_201", 15 0, L_0000025c740520f0;  1 drivers
v0000025c73f77e50_0 .net *"_ivl_202", 31 0, L_0000025c74053c70;  1 drivers
v0000025c73f76230_0 .net *"_ivl_209", 0 0, L_0000025c74052190;  1 drivers
v0000025c73f78350_0 .net *"_ivl_21", 0 0, L_0000025c7404fad0;  1 drivers
v0000025c73f77c70_0 .net *"_ivl_211", 30 0, L_0000025c740539f0;  1 drivers
v0000025c73f77770_0 .net *"_ivl_213", 0 0, L_0000025c74053270;  1 drivers
v0000025c73f76cd0_0 .net *"_ivl_214", 31 0, L_0000025c74053090;  1 drivers
v0000025c73f77310_0 .net *"_ivl_219", 0 0, L_0000025c74052230;  1 drivers
L_0000025c73fb9a10 .functor BUFT 1, C4<0000>, C4<0>, C4<0>, C4<0>;
v0000025c73f785d0_0 .net/2u *"_ivl_22", 3 0, L_0000025c73fb9a10;  1 drivers
v0000025c73f78170_0 .net *"_ivl_221", 29 0, L_0000025c74052370;  1 drivers
v0000025c73f78670_0 .net *"_ivl_223", 1 0, L_0000025c740527d0;  1 drivers
v0000025c73f77450_0 .net *"_ivl_224", 31 0, L_0000025c74052cd0;  1 drivers
v0000025c73f774f0_0 .net *"_ivl_229", 0 0, L_0000025c74052410;  1 drivers
v0000025c73f76410_0 .net *"_ivl_231", 27 0, L_0000025c74052730;  1 drivers
v0000025c73f76af0_0 .net *"_ivl_233", 3 0, L_0000025c74052870;  1 drivers
v0000025c73f765f0_0 .net *"_ivl_234", 31 0, L_0000025c74053f90;  1 drivers
v0000025c73f77d10_0 .net *"_ivl_239", 0 0, L_0000025c74051fb0;  1 drivers
v0000025c73f769b0_0 .net *"_ivl_241", 23 0, L_0000025c74053630;  1 drivers
v0000025c73f76870_0 .net *"_ivl_243", 7 0, L_0000025c74052d70;  1 drivers
v0000025c73f76d70_0 .net *"_ivl_244", 31 0, L_0000025c74053db0;  1 drivers
v0000025c73f778b0_0 .net *"_ivl_249", 0 0, L_0000025c74051e70;  1 drivers
v0000025c73f76e10_0 .net *"_ivl_25", 27 0, L_0000025c74050d90;  1 drivers
v0000025c73f776d0_0 .net *"_ivl_251", 15 0, L_0000025c74051d30;  1 drivers
v0000025c73f76eb0_0 .net *"_ivl_253", 15 0, L_0000025c74052550;  1 drivers
v0000025c73f76f50_0 .net *"_ivl_254", 31 0, L_0000025c74051dd0;  1 drivers
v0000025c73f77090_0 .net *"_ivl_26", 31 0, L_0000025c7404f5d0;  1 drivers
v0000025c73f77130_0 .net *"_ivl_31", 0 0, L_0000025c7404fd50;  1 drivers
L_0000025c73fb9a58 .functor BUFT 1, C4<00000000>, C4<0>, C4<0>, C4<0>;
v0000025c73f77590_0 .net/2u *"_ivl_32", 7 0, L_0000025c73fb9a58;  1 drivers
v0000025c73f787b0_0 .net *"_ivl_35", 23 0, L_0000025c74050430;  1 drivers
v0000025c73f77ef0_0 .net *"_ivl_36", 31 0, L_0000025c740506b0;  1 drivers
v0000025c73f77810_0 .net *"_ivl_41", 0 0, L_0000025c740511f0;  1 drivers
L_0000025c73fb9aa0 .functor BUFT 1, C4<0000000000000000>, C4<0>, C4<0>, C4<0>;
v0000025c73f77950_0 .net/2u *"_ivl_42", 15 0, L_0000025c73fb9aa0;  1 drivers
v0000025c73f76690_0 .net *"_ivl_45", 15 0, L_0000025c74050c50;  1 drivers
v0000025c73f76190_0 .net *"_ivl_46", 31 0, L_0000025c74050390;  1 drivers
v0000025c73f78030_0 .net *"_ivl_5", 30 0, L_0000025c7404e590;  1 drivers
v0000025c73f76730_0 .net *"_ivl_55", 0 0, L_0000025c7404f850;  1 drivers
v0000025c73f77f90_0 .net *"_ivl_57", 30 0, L_0000025c74050e30;  1 drivers
v0000025c73f779f0_0 .net *"_ivl_58", 31 0, L_0000025c740504d0;  1 drivers
v0000025c73f77db0_0 .net *"_ivl_6", 31 0, L_0000025c7404d5f0;  1 drivers
v0000025c73f780d0_0 .net *"_ivl_63", 0 0, L_0000025c7404fb70;  1 drivers
v0000025c73f78210_0 .net *"_ivl_64", 1 0, L_0000025c74050070;  1 drivers
v0000025c73f78850_0 .net *"_ivl_67", 29 0, L_0000025c7404f530;  1 drivers
v0000025c73f76550_0 .net *"_ivl_68", 31 0, L_0000025c7404fdf0;  1 drivers
v0000025c73f760f0_0 .net *"_ivl_73", 0 0, L_0000025c7404fe90;  1 drivers
v0000025c73f764b0_0 .net *"_ivl_74", 3 0, L_0000025c740502f0;  1 drivers
v0000025c73f767d0_0 .net *"_ivl_77", 27 0, L_0000025c74051650;  1 drivers
v0000025c73f7aab0_0 .net *"_ivl_78", 31 0, L_0000025c74051010;  1 drivers
v0000025c73f791b0_0 .net *"_ivl_83", 0 0, L_0000025c74051290;  1 drivers
v0000025c73f7a970_0 .net *"_ivl_84", 7 0, L_0000025c74051330;  1 drivers
v0000025c73f797f0_0 .net *"_ivl_87", 23 0, L_0000025c74051470;  1 drivers
v0000025c73f79250_0 .net *"_ivl_88", 31 0, L_0000025c74050a70;  1 drivers
v0000025c73f7ac90_0 .net *"_ivl_93", 0 0, L_0000025c74051510;  1 drivers
v0000025c73f792f0_0 .net *"_ivl_94", 15 0, L_0000025c74050cf0;  1 drivers
v0000025c73f7aa10_0 .net *"_ivl_97", 15 0, L_0000025c74050610;  1 drivers
v0000025c73f7a6f0_0 .net *"_ivl_98", 31 0, L_0000025c7404f990;  1 drivers
v0000025c73f7a510_0 .net "rol_out", 31 0, L_0000025c740401d0;  alias, 1 drivers
v0000025c73f79610_0 .net "rol_stage0", 31 0, L_0000025c74052ff0;  1 drivers
v0000025c73f7a790_0 .net "rol_stage1", 31 0, L_0000025c740534f0;  1 drivers
v0000025c73f78fd0_0 .net "rol_stage2", 31 0, L_0000025c74051c90;  1 drivers
v0000025c73f796b0_0 .net "rol_stage3", 31 0, L_0000025c74052eb0;  1 drivers
v0000025c73f79070_0 .net "rol_stage4", 31 0, L_0000025c74053130;  1 drivers
v0000025c73f79a70_0 .net "ror_out", 31 0, L_0000025c74040780;  alias, 1 drivers
v0000025c73f79110_0 .net "ror_stage0", 31 0, L_0000025c74051a10;  1 drivers
v0000025c73f78a30_0 .net "ror_stage1", 31 0, L_0000025c74052e10;  1 drivers
v0000025c73f7abf0_0 .net "ror_stage2", 31 0, L_0000025c740531d0;  1 drivers
v0000025c73f79930_0 .net "ror_stage3", 31 0, L_0000025c74051970;  1 drivers
v0000025c73f78c10_0 .net "ror_stage4", 31 0, L_0000025c74053310;  1 drivers
v0000025c73f7af10_0 .net "shl_out", 31 0, L_0000025c7403f910;  alias, 1 drivers
v0000025c73f7b050_0 .net "shl_stage0", 31 0, L_0000025c7404f210;  1 drivers
v0000025c73f788f0_0 .net "shl_stage1", 31 0, L_0000025c7404f2b0;  1 drivers
v0000025c73f78990_0 .net "shl_stage2", 31 0, L_0000025c74051150;  1 drivers
v0000025c73f7a830_0 .net "shl_stage3", 31 0, L_0000025c740501b0;  1 drivers
v0000025c73f79890_0 .net "shl_stage4", 31 0, L_0000025c740507f0;  1 drivers
v0000025c73f7a650_0 .net "shr_out", 31 0, L_0000025c74040be0;  alias, 1 drivers
v0000025c73f78ad0_0 .net "shr_stage0", 31 0, L_0000025c7404cb50;  1 drivers
v0000025c73f79430_0 .net "shr_stage1", 31 0, L_0000025c74050bb0;  1 drivers
v0000025c73f78b70_0 .net "shr_stage2", 31 0, L_0000025c7404f8f0;  1 drivers
v0000025c73f7a8d0_0 .net "shr_stage3", 31 0, L_0000025c7404fa30;  1 drivers
v0000025c73f7ab50_0 .net "shr_stage4", 31 0, L_0000025c7404f490;  1 drivers
v0000025c73f7a330_0 .net "shra_out", 31 0, L_0000025c74040240;  alias, 1 drivers
v0000025c73f78cb0_0 .net "shra_stage0", 31 0, L_0000025c74050570;  1 drivers
v0000025c73f7a010_0 .net "shra_stage1", 31 0, L_0000025c7404f350;  1 drivers
v0000025c73f7ae70_0 .net "shra_stage2", 31 0, L_0000025c740515b0;  1 drivers
v0000025c73f79570_0 .net "shra_stage3", 31 0, L_0000025c740513d0;  1 drivers
v0000025c73f78d50_0 .net "shra_stage4", 31 0, L_0000025c7404f670;  1 drivers
v0000025c73f79390_0 .net "sign_bit", 0 0, L_0000025c7404f7b0;  1 drivers
L_0000025c7404e450 .part L_0000025c740525f0, 0, 1;
L_0000025c7404e590 .part v0000025c73f86140_0, 1, 31;
L_0000025c7404d5f0 .concat [ 31 1 0 0], L_0000025c7404e590, L_0000025c73fb9980;
L_0000025c7404cb50 .functor MUXZ 32, v0000025c73f86140_0, L_0000025c7404d5f0, L_0000025c7404e450, C4<>;
L_0000025c7404cc90 .part L_0000025c740525f0, 1, 1;
L_0000025c74050250 .part L_0000025c7404cb50, 2, 30;
L_0000025c7404f170 .concat [ 30 2 0 0], L_0000025c74050250, L_0000025c73fb99c8;
L_0000025c74050bb0 .functor MUXZ 32, L_0000025c7404cb50, L_0000025c7404f170, L_0000025c7404cc90, C4<>;
L_0000025c7404fad0 .part L_0000025c740525f0, 2, 1;
L_0000025c74050d90 .part L_0000025c74050bb0, 4, 28;
L_0000025c7404f5d0 .concat [ 28 4 0 0], L_0000025c74050d90, L_0000025c73fb9a10;
L_0000025c7404f8f0 .functor MUXZ 32, L_0000025c74050bb0, L_0000025c7404f5d0, L_0000025c7404fad0, C4<>;
L_0000025c7404fd50 .part L_0000025c740525f0, 3, 1;
L_0000025c74050430 .part L_0000025c7404f8f0, 8, 24;
L_0000025c740506b0 .concat [ 24 8 0 0], L_0000025c74050430, L_0000025c73fb9a58;
L_0000025c7404fa30 .functor MUXZ 32, L_0000025c7404f8f0, L_0000025c740506b0, L_0000025c7404fd50, C4<>;
L_0000025c740511f0 .part L_0000025c740525f0, 4, 1;
L_0000025c74050c50 .part L_0000025c7404fa30, 16, 16;
L_0000025c74050390 .concat [ 16 16 0 0], L_0000025c74050c50, L_0000025c73fb9aa0;
L_0000025c7404f490 .functor MUXZ 32, L_0000025c7404fa30, L_0000025c74050390, L_0000025c740511f0, C4<>;
L_0000025c7404f7b0 .part v0000025c73f86140_0, 31, 1;
L_0000025c7404f850 .part L_0000025c740525f0, 0, 1;
L_0000025c74050e30 .part v0000025c73f86140_0, 1, 31;
L_0000025c740504d0 .concat [ 31 1 0 0], L_0000025c74050e30, L_0000025c7404f7b0;
L_0000025c74050570 .functor MUXZ 32, v0000025c73f86140_0, L_0000025c740504d0, L_0000025c7404f850, C4<>;
L_0000025c7404fb70 .part L_0000025c740525f0, 1, 1;
L_0000025c74050070 .concat [ 1 1 0 0], L_0000025c7404f7b0, L_0000025c7404f7b0;
L_0000025c7404f530 .part L_0000025c74050570, 2, 30;
L_0000025c7404fdf0 .concat [ 30 2 0 0], L_0000025c7404f530, L_0000025c74050070;
L_0000025c7404f350 .functor MUXZ 32, L_0000025c74050570, L_0000025c7404fdf0, L_0000025c7404fb70, C4<>;
L_0000025c7404fe90 .part L_0000025c740525f0, 2, 1;
L_0000025c740502f0 .concat [ 1 1 1 1], L_0000025c7404f7b0, L_0000025c7404f7b0, L_0000025c7404f7b0, L_0000025c7404f7b0;
L_0000025c74051650 .part L_0000025c7404f350, 4, 28;
L_0000025c74051010 .concat [ 28 4 0 0], L_0000025c74051650, L_0000025c740502f0;
L_0000025c740515b0 .functor MUXZ 32, L_0000025c7404f350, L_0000025c74051010, L_0000025c7404fe90, C4<>;
L_0000025c74051290 .part L_0000025c740525f0, 3, 1;
LS_0000025c74051330_0_0 .concat [ 1 1 1 1], L_0000025c7404f7b0, L_0000025c7404f7b0, L_0000025c7404f7b0, L_0000025c7404f7b0;
LS_0000025c74051330_0_4 .concat [ 1 1 1 1], L_0000025c7404f7b0, L_0000025c7404f7b0, L_0000025c7404f7b0, L_0000025c7404f7b0;
L_0000025c74051330 .concat [ 4 4 0 0], LS_0000025c74051330_0_0, LS_0000025c74051330_0_4;
L_0000025c74051470 .part L_0000025c740515b0, 8, 24;
L_0000025c74050a70 .concat [ 24 8 0 0], L_0000025c74051470, L_0000025c74051330;
L_0000025c740513d0 .functor MUXZ 32, L_0000025c740515b0, L_0000025c74050a70, L_0000025c74051290, C4<>;
L_0000025c74051510 .part L_0000025c740525f0, 4, 1;
LS_0000025c74050cf0_0_0 .concat [ 1 1 1 1], L_0000025c7404f7b0, L_0000025c7404f7b0, L_0000025c7404f7b0, L_0000025c7404f7b0;
LS_0000025c74050cf0_0_4 .concat [ 1 1 1 1], L_0000025c7404f7b0, L_0000025c7404f7b0, L_0000025c7404f7b0, L_0000025c7404f7b0;
LS_0000025c74050cf0_0_8 .concat [ 1 1 1 1], L_0000025c7404f7b0, L_0000025c7404f7b0, L_0000025c7404f7b0, L_0000025c7404f7b0;
LS_0000025c74050cf0_0_12 .concat [ 1 1 1 1], L_0000025c7404f7b0, L_0000025c7404f7b0, L_0000025c7404f7b0, L_0000025c7404f7b0;
L_0000025c74050cf0 .concat [ 4 4 4 4], LS_0000025c74050cf0_0_0, LS_0000025c74050cf0_0_4, LS_0000025c74050cf0_0_8, LS_0000025c74050cf0_0_12;
L_0000025c74050610 .part L_0000025c740513d0, 16, 16;
L_0000025c7404f990 .concat [ 16 16 0 0], L_0000025c74050610, L_0000025c74050cf0;
L_0000025c7404f670 .functor MUXZ 32, L_0000025c740513d0, L_0000025c7404f990, L_0000025c74051510, C4<>;
L_0000025c7404fc10 .part L_0000025c740525f0, 0, 1;
L_0000025c74050110 .part v0000025c73f86140_0, 0, 31;
L_0000025c7404f0d0 .concat [ 1 31 0 0], L_0000025c73fb9ae8, L_0000025c74050110;
L_0000025c7404f210 .functor MUXZ 32, v0000025c73f86140_0, L_0000025c7404f0d0, L_0000025c7404fc10, C4<>;
L_0000025c740516f0 .part L_0000025c740525f0, 1, 1;
L_0000025c74050ed0 .part L_0000025c7404f210, 0, 30;
L_0000025c7404f3f0 .concat [ 2 30 0 0], L_0000025c73fb9b30, L_0000025c74050ed0;
L_0000025c7404f2b0 .functor MUXZ 32, L_0000025c7404f210, L_0000025c7404f3f0, L_0000025c740516f0, C4<>;
L_0000025c74050f70 .part L_0000025c740525f0, 2, 1;
L_0000025c74051790 .part L_0000025c7404f2b0, 0, 28;
L_0000025c740510b0 .concat [ 4 28 0 0], L_0000025c73fb9b78, L_0000025c74051790;
L_0000025c74051150 .functor MUXZ 32, L_0000025c7404f2b0, L_0000025c740510b0, L_0000025c74050f70, C4<>;
L_0000025c74051830 .part L_0000025c740525f0, 3, 1;
L_0000025c7404fcb0 .part L_0000025c74051150, 0, 24;
L_0000025c74050890 .concat [ 8 24 0 0], L_0000025c73fb9bc0, L_0000025c7404fcb0;
L_0000025c740501b0 .functor MUXZ 32, L_0000025c74051150, L_0000025c74050890, L_0000025c74051830, C4<>;
L_0000025c7404f710 .part L_0000025c740525f0, 4, 1;
L_0000025c74050750 .part L_0000025c740501b0, 0, 16;
L_0000025c7404ff30 .concat [ 16 16 0 0], L_0000025c73fb9c08, L_0000025c74050750;
L_0000025c740507f0 .functor MUXZ 32, L_0000025c740501b0, L_0000025c7404ff30, L_0000025c7404f710, C4<>;
L_0000025c7404ffd0 .part L_0000025c740525f0, 0, 1;
L_0000025c74050930 .part v0000025c73f86140_0, 0, 1;
L_0000025c740509d0 .part v0000025c73f86140_0, 1, 31;
L_0000025c74050b10 .concat [ 31 1 0 0], L_0000025c740509d0, L_0000025c74050930;
L_0000025c74051a10 .functor MUXZ 32, v0000025c73f86140_0, L_0000025c74050b10, L_0000025c7404ffd0, C4<>;
L_0000025c740533b0 .part L_0000025c740525f0, 1, 1;
L_0000025c74053a90 .part L_0000025c74051a10, 0, 2;
L_0000025c74052050 .part L_0000025c74051a10, 2, 30;
L_0000025c74052c30 .concat [ 30 2 0 0], L_0000025c74052050, L_0000025c74053a90;
L_0000025c74052e10 .functor MUXZ 32, L_0000025c74051a10, L_0000025c74052c30, L_0000025c740533b0, C4<>;
L_0000025c740522d0 .part L_0000025c740525f0, 2, 1;
L_0000025c74053bd0 .part L_0000025c74052e10, 0, 4;
L_0000025c74053ef0 .part L_0000025c74052e10, 4, 28;
L_0000025c74053d10 .concat [ 28 4 0 0], L_0000025c74053ef0, L_0000025c74053bd0;
L_0000025c740531d0 .functor MUXZ 32, L_0000025c74052e10, L_0000025c74053d10, L_0000025c740522d0, C4<>;
L_0000025c74052b90 .part L_0000025c740525f0, 3, 1;
L_0000025c74052f50 .part L_0000025c740531d0, 0, 8;
L_0000025c740524b0 .part L_0000025c740531d0, 8, 24;
L_0000025c74053950 .concat [ 24 8 0 0], L_0000025c740524b0, L_0000025c74052f50;
L_0000025c74051970 .functor MUXZ 32, L_0000025c740531d0, L_0000025c74053950, L_0000025c74052b90, C4<>;
L_0000025c74053450 .part L_0000025c740525f0, 4, 1;
L_0000025c74052af0 .part L_0000025c74051970, 0, 16;
L_0000025c740520f0 .part L_0000025c74051970, 16, 16;
L_0000025c74053c70 .concat [ 16 16 0 0], L_0000025c740520f0, L_0000025c74052af0;
L_0000025c74053310 .functor MUXZ 32, L_0000025c74051970, L_0000025c74053c70, L_0000025c74053450, C4<>;
L_0000025c74052190 .part L_0000025c740525f0, 0, 1;
L_0000025c740539f0 .part v0000025c73f86140_0, 0, 31;
L_0000025c74053270 .part v0000025c73f86140_0, 31, 1;
L_0000025c74053090 .concat [ 1 31 0 0], L_0000025c74053270, L_0000025c740539f0;
L_0000025c74052ff0 .functor MUXZ 32, v0000025c73f86140_0, L_0000025c74053090, L_0000025c74052190, C4<>;
L_0000025c74052230 .part L_0000025c740525f0, 1, 1;
L_0000025c74052370 .part L_0000025c74052ff0, 0, 30;
L_0000025c740527d0 .part L_0000025c74052ff0, 30, 2;
L_0000025c74052cd0 .concat [ 2 30 0 0], L_0000025c740527d0, L_0000025c74052370;
L_0000025c740534f0 .functor MUXZ 32, L_0000025c74052ff0, L_0000025c74052cd0, L_0000025c74052230, C4<>;
L_0000025c74052410 .part L_0000025c740525f0, 2, 1;
L_0000025c74052730 .part L_0000025c740534f0, 0, 28;
L_0000025c74052870 .part L_0000025c740534f0, 28, 4;
L_0000025c74053f90 .concat [ 4 28 0 0], L_0000025c74052870, L_0000025c74052730;
L_0000025c74051c90 .functor MUXZ 32, L_0000025c740534f0, L_0000025c74053f90, L_0000025c74052410, C4<>;
L_0000025c74051fb0 .part L_0000025c740525f0, 3, 1;
L_0000025c74053630 .part L_0000025c74051c90, 0, 24;
L_0000025c74052d70 .part L_0000025c74051c90, 24, 8;
L_0000025c74053db0 .concat [ 8 24 0 0], L_0000025c74052d70, L_0000025c74053630;
L_0000025c74052eb0 .functor MUXZ 32, L_0000025c74051c90, L_0000025c74053db0, L_0000025c74051fb0, C4<>;
L_0000025c74051e70 .part L_0000025c740525f0, 4, 1;
L_0000025c74051d30 .part L_0000025c74052eb0, 0, 16;
L_0000025c74052550 .part L_0000025c74052eb0, 16, 16;
L_0000025c74051dd0 .concat [ 16 16 0 0], L_0000025c74052550, L_0000025c74051d30;
L_0000025c74053130 .functor MUXZ 32, L_0000025c74052eb0, L_0000025c74051dd0, L_0000025c74051e70, C4<>;
S_0000025c73f7e1a0 .scope module, "bmux" "bus_mux_enc" 5 234, 11 1 0, S_0000025c73a83620;
 .timescale 0 0;
    .port_info 0 /INPUT 5 "bus_sel";
    .port_info 1 /INPUT 32 "r0";
    .port_info 2 /INPUT 32 "r1";
    .port_info 3 /INPUT 32 "r2";
    .port_info 4 /INPUT 32 "r3";
    .port_info 5 /INPUT 32 "r4";
    .port_info 6 /INPUT 32 "r5";
    .port_info 7 /INPUT 32 "r6";
    .port_info 8 /INPUT 32 "r7";
    .port_info 9 /INPUT 32 "r8";
    .port_info 10 /INPUT 32 "r9";
    .port_info 11 /INPUT 32 "r10";
    .port_info 12 /INPUT 32 "r11";
    .port_info 13 /INPUT 32 "r12";
    .port_info 14 /INPUT 32 "r13";
    .port_info 15 /INPUT 32 "r14";
    .port_info 16 /INPUT 32 "r15";
    .port_info 17 /INPUT 32 "hi_val";
    .port_info 18 /INPUT 32 "lo_val";
    .port_info 19 /INPUT 32 "zhigh_val";
    .port_info 20 /INPUT 32 "zlow_val";
    .port_info 21 /INPUT 32 "pc_val";
    .port_info 22 /INPUT 32 "mdr_val";
    .port_info 23 /INPUT 32 "inport_val";
    .port_info 24 /INPUT 32 "c_val";
    .port_info 25 /OUTPUT 32 "BusMuxOut";
v0000025c73f7a290_0 .var "BusMuxOut", 31 0;
v0000025c73f7a470_0 .net "bus_sel", 4 0, v0000025c73f874a0_0;  alias, 1 drivers
v0000025c73f7a5b0_0 .net "c_val", 31 0, L_0000025c73fadec0;  alias, 1 drivers
v0000025c73f7b910_0 .net "hi_val", 31 0, v0000025c73f88c60_0;  alias, 1 drivers
v0000025c73f7bd70_0 .net "inport_val", 31 0, v0000025c73f884e0_0;  alias, 1 drivers
v0000025c73f7bf50_0 .net "lo_val", 31 0, v0000025c73f895c0_0;  alias, 1 drivers
v0000025c73f7baf0_0 .net "mdr_val", 31 0, v0000025c73f85c40_0;  alias, 1 drivers
v0000025c73f7be10_0 .net "pc_val", 31 0, v0000025c73f87400_0;  alias, 1 drivers
v0000025c73f7b550_0 .net "r0", 31 0, L_0000025c73fa8600;  alias, 1 drivers
v0000025c73f7beb0_0 .net "r1", 31 0, v0000025c73f9e7e0_0;  alias, 1 drivers
v0000025c73f7b190_0 .net "r10", 31 0, v0000025c73f9fb40_0;  alias, 1 drivers
v0000025c73f7b0f0_0 .net "r11", 31 0, v0000025c73f9ffa0_0;  alias, 1 drivers
v0000025c73f7bb90_0 .net "r12", 31 0, v0000025c73f9f640_0;  alias, 1 drivers
v0000025c73f7ba50_0 .net "r13", 31 0, v0000025c73f9f460_0;  alias, 1 drivers
v0000025c73f7b9b0_0 .net "r14", 31 0, v0000025c73f9e560_0;  alias, 1 drivers
v0000025c73f7b730_0 .net "r15", 31 0, v0000025c73f9d980_0;  alias, 1 drivers
v0000025c73f7bc30_0 .net "r2", 31 0, v0000025c73f9f280_0;  alias, 1 drivers
v0000025c73f7b4b0_0 .net "r3", 31 0, v0000025c73f9e060_0;  alias, 1 drivers
v0000025c73f7b870_0 .net "r4", 31 0, v0000025c73fa1da0_0;  alias, 1 drivers
v0000025c73f7b5f0_0 .net "r5", 31 0, v0000025c73fa0860_0;  alias, 1 drivers
v0000025c73f7b230_0 .net "r6", 31 0, v0000025c73fa0ae0_0;  alias, 1 drivers
v0000025c73f7b2d0_0 .net "r7", 31 0, v0000025c73fa0360_0;  alias, 1 drivers
v0000025c73f7bcd0_0 .net "r8", 31 0, v0000025c73fa0400_0;  alias, 1 drivers
v0000025c73f7b410_0 .net "r9", 31 0, v0000025c73fa2660_0;  alias, 1 drivers
v0000025c73f7b370_0 .net "zhigh_val", 31 0, L_0000025c73fa8b00;  alias, 1 drivers
v0000025c73f7b690_0 .net "zlow_val", 31 0, L_0000025c73fa7a20;  alias, 1 drivers
E_0000025c73e93080/0 .event anyedge, v0000025c73f7a470_0, v0000025c73f7b550_0, v0000025c73f7beb0_0, v0000025c73f7bc30_0;
E_0000025c73e93080/1 .event anyedge, v0000025c73f7b4b0_0, v0000025c73f7b870_0, v0000025c73f7b5f0_0, v0000025c73f7b230_0;
E_0000025c73e93080/2 .event anyedge, v0000025c73f7b2d0_0, v0000025c73f7bcd0_0, v0000025c73f7b410_0, v0000025c73f7b190_0;
E_0000025c73e93080/3 .event anyedge, v0000025c73f7b0f0_0, v0000025c73f7bb90_0, v0000025c73f7ba50_0, v0000025c73f7b9b0_0;
E_0000025c73e93080/4 .event anyedge, v0000025c73f7b730_0, v0000025c73f7b910_0, v0000025c73f7bf50_0, v0000025c73f7b370_0;
E_0000025c73e93080/5 .event anyedge, v0000025c73f7b690_0, v0000025c73f7be10_0, v0000025c73f7baf0_0, v0000025c73f7bd70_0;
E_0000025c73e93080/6 .event anyedge, v0000025c73f7a5b0_0;
E_0000025c73e93080 .event/or E_0000025c73e93080/0, E_0000025c73e93080/1, E_0000025c73e93080/2, E_0000025c73e93080/3, E_0000025c73e93080/4, E_0000025c73e93080/5, E_0000025c73e93080/6;
S_0000025c73f7c580 .scope module, "conff_inst" "con_ff" 5 190, 12 1 0, S_0000025c73a83620;
 .timescale 0 0;
    .port_info 0 /INPUT 1 "clk";
    .port_info 1 /INPUT 1 "reset";
    .port_info 2 /INPUT 1 "con_en";
    .port_info 3 /INPUT 32 "BusMuxOut";
    .port_info 4 /INPUT 2 "c2";
    .port_info 5 /OUTPUT 1 "con";
L_0000025c74017a50 .functor NOT 1, L_0000025c73fad560, C4<0>, C4<0>, C4<0>;
v0000025c73f7b7d0_0 .net "BusMuxOut", 31 0, v0000025c73f7a290_0;  alias, 1 drivers
L_0000025c73fb8c00 .functor BUFT 1, C4<00>, C4<0>, C4<0>, C4<0>;
v0000025c73f89200_0 .net/2u *"_ivl_0", 1 0, L_0000025c73fb8c00;  1 drivers
v0000025c73f883a0_0 .net *"_ivl_10", 0 0, L_0000025c73fae000;  1 drivers
L_0000025c73fb8cd8 .functor BUFT 1, C4<00000000000000000000000000000000>, C4<0>, C4<0>, C4<0>;
v0000025c73f88bc0_0 .net/2u *"_ivl_12", 31 0, L_0000025c73fb8cd8;  1 drivers
v0000025c73f8a420_0 .net *"_ivl_14", 0 0, L_0000025c73fad2e0;  1 drivers
L_0000025c73fb8d20 .functor BUFT 1, C4<10>, C4<0>, C4<0>, C4<0>;
v0000025c73f8a740_0 .net/2u *"_ivl_16", 1 0, L_0000025c73fb8d20;  1 drivers
v0000025c73f89e80_0 .net *"_ivl_18", 0 0, L_0000025c73fad600;  1 drivers
v0000025c73f8a2e0_0 .net *"_ivl_2", 0 0, L_0000025c73facf20;  1 drivers
v0000025c73f89a20_0 .net *"_ivl_21", 0 0, L_0000025c73fad560;  1 drivers
v0000025c73f88800_0 .net *"_ivl_22", 0 0, L_0000025c74017a50;  1 drivers
v0000025c73f89d40_0 .net *"_ivl_25", 0 0, L_0000025c73faeaa0;  1 drivers
v0000025c73f89f20_0 .net *"_ivl_26", 0 0, L_0000025c73faeb40;  1 drivers
v0000025c73f890c0_0 .net *"_ivl_28", 0 0, L_0000025c73fad880;  1 drivers
L_0000025c73fb8c48 .functor BUFT 1, C4<00000000000000000000000000000000>, C4<0>, C4<0>, C4<0>;
v0000025c73f89fc0_0 .net/2u *"_ivl_4", 31 0, L_0000025c73fb8c48;  1 drivers
v0000025c73f88120_0 .net *"_ivl_6", 0 0, L_0000025c73fae960;  1 drivers
L_0000025c73fb8c90 .functor BUFT 1, C4<01>, C4<0>, C4<0>, C4<0>;
v0000025c73f888a0_0 .net/2u *"_ivl_8", 1 0, L_0000025c73fb8c90;  1 drivers
v0000025c73f8a060_0 .net "c2", 1 0, L_0000025c73fadb00;  1 drivers
v0000025c73f8a100_0 .net "clk", 0 0, v0000025c73fa52c0_0;  alias, 1 drivers
v0000025c73f89c00_0 .var "con", 0 0;
v0000025c73f8a380_0 .net "con_en", 0 0, v0000025c73e6c320_0;  alias, 1 drivers
v0000025c73f8a1a0_0 .net "condition_met", 0 0, L_0000025c73fae280;  1 drivers
v0000025c73f8a240_0 .net "reset", 0 0, v0000025c73fa8060_0;  alias, 1 drivers
L_0000025c73facf20 .cmp/eq 2, L_0000025c73fadb00, L_0000025c73fb8c00;
L_0000025c73fae960 .cmp/eq 32, v0000025c73f7a290_0, L_0000025c73fb8c48;
L_0000025c73fae000 .cmp/eq 2, L_0000025c73fadb00, L_0000025c73fb8c90;
L_0000025c73fad2e0 .cmp/ne 32, v0000025c73f7a290_0, L_0000025c73fb8cd8;
L_0000025c73fad600 .cmp/eq 2, L_0000025c73fadb00, L_0000025c73fb8d20;
L_0000025c73fad560 .part v0000025c73f7a290_0, 31, 1;
L_0000025c73faeaa0 .part v0000025c73f7a290_0, 31, 1;
L_0000025c73faeb40 .functor MUXZ 1, L_0000025c73faeaa0, L_0000025c74017a50, L_0000025c73fad600, C4<>;
L_0000025c73fad880 .functor MUXZ 1, L_0000025c73faeb40, L_0000025c73fad2e0, L_0000025c73fae000, C4<>;
L_0000025c73fae280 .functor MUXZ 1, L_0000025c73fad880, L_0000025c73fae960, L_0000025c73facf20, C4<>;
S_0000025c73f7faa0 .scope module, "extend_c_inst" "extend_c" 5 174, 13 53 0, S_0000025c73a83620;
 .timescale 0 0;
    .port_info 0 /INPUT 32 "IRin";
    .port_info 1 /INPUT 1 "Cout";
    .port_info 2 /OUTPUT 32 "C_extended";
v0000025c73f88940_0 .net "C_extended", 31 0, L_0000025c73fade20;  alias, 1 drivers
v0000025c73f8a7e0_0 .net "Cout", 0 0, v0000025c73e6a660_0;  alias, 1 drivers
v0000025c73f8a4c0_0 .net "IRin", 31 0, v0000025c73f8a880_0;  alias, 1 drivers
v0000025c73f89ac0_0 .net *"_ivl_2", 12 0, L_0000025c73fae6e0;  1 drivers
v0000025c73f8a560_0 .net *"_ivl_5", 18 0, L_0000025c73fae8c0;  1 drivers
v0000025c73f89de0_0 .net "sign", 0 0, L_0000025c73faea00;  1 drivers
L_0000025c73faea00 .part v0000025c73f8a880_0, 18, 1;
LS_0000025c73fae6e0_0_0 .concat [ 1 1 1 1], L_0000025c73faea00, L_0000025c73faea00, L_0000025c73faea00, L_0000025c73faea00;
LS_0000025c73fae6e0_0_4 .concat [ 1 1 1 1], L_0000025c73faea00, L_0000025c73faea00, L_0000025c73faea00, L_0000025c73faea00;
LS_0000025c73fae6e0_0_8 .concat [ 1 1 1 1], L_0000025c73faea00, L_0000025c73faea00, L_0000025c73faea00, L_0000025c73faea00;
LS_0000025c73fae6e0_0_12 .concat [ 1 0 0 0], L_0000025c73faea00;
L_0000025c73fae6e0 .concat [ 4 4 4 1], LS_0000025c73fae6e0_0_0, LS_0000025c73fae6e0_0_4, LS_0000025c73fae6e0_0_8, LS_0000025c73fae6e0_0_12;
L_0000025c73fae8c0 .part v0000025c73f8a880_0, 0, 19;
L_0000025c73fade20 .concat [ 19 13 0 0], L_0000025c73fae8c0, L_0000025c73fae6e0;
S_0000025c73f7f460 .scope module, "inport_inst" "inport" 5 215, 14 18 0, S_0000025c73a83620;
 .timescale 0 0;
    .port_info 0 /INPUT 1 "clk";
    .port_info 1 /INPUT 1 "reset";
    .port_info 2 /INPUT 1 "inport_in";
    .port_info 3 /INPUT 32 "device_in";
    .port_info 4 /OUTPUT 32 "inport_val";
v0000025c73f881c0_0 .net "clk", 0 0, v0000025c73fa52c0_0;  alias, 1 drivers
v0000025c73f89840_0 .net "device_in", 31 0, v0000025c73fa8a60_0;  alias, 1 drivers
v0000025c73f89b60_0 .net "inport_in", 0 0, v0000025c73e6b240_0;  alias, 1 drivers
v0000025c73f884e0_0 .var "inport_val", 31 0;
v0000025c73f88440_0 .net "reset", 0 0, v0000025c73fa8060_0;  alias, 1 drivers
S_0000025c73f7d6b0 .scope module, "key_regs_inst" "key_regs" 5 117, 15 1 0, S_0000025c73a83620;
 .timescale 0 0;
    .port_info 0 /INPUT 1 "clk";
    .port_info 1 /INPUT 1 "reset";
    .port_info 2 /INPUT 32 "BusMuxOut";
    .port_info 3 /INPUT 1 "pc_in";
    .port_info 4 /INPUT 1 "IncPC";
    .port_info 5 /OUTPUT 32 "pc_val";
    .port_info 6 /INPUT 1 "ir_in";
    .port_info 7 /OUTPUT 32 "ir_val";
    .port_info 8 /INPUT 1 "y_in";
    .port_info 9 /OUTPUT 32 "y_val";
    .port_info 10 /INPUT 1 "zhigh_in";
    .port_info 11 /OUTPUT 32 "zhigh_val";
    .port_info 12 /INPUT 1 "zlow_in";
    .port_info 13 /OUTPUT 32 "zlow_val";
    .port_info 14 /INPUT 1 "mar_in";
    .port_info 15 /OUTPUT 32 "mar_val";
    .port_info 16 /INPUT 1 "hi_in";
    .port_info 17 /INPUT 1 "lo_in";
    .port_info 18 /OUTPUT 32 "hi_val";
    .port_info 19 /OUTPUT 32 "lo_val";
v0000025c73f877c0_0 .net "BusMuxOut", 31 0, v0000025c73f7a290_0;  alias, 1 drivers
v0000025c73f86320_0 .net "IncPC", 0 0, v0000025c73e6aac0_0;  alias, 1 drivers
v0000025c73f866e0_0 .net "clk", 0 0, v0000025c73fa52c0_0;  alias, 1 drivers
v0000025c73f863c0_0 .net "hi_in", 0 0, v0000025c73e6aca0_0;  alias, 1 drivers
v0000025c73f86f00_0 .net "hi_val", 31 0, v0000025c73f88c60_0;  alias, 1 drivers
v0000025c73f86fa0_0 .net "ir_in", 0 0, v0000025c73e6c960_0;  alias, 1 drivers
v0000025c73f879a0_0 .net "ir_val", 31 0, v0000025c73f8a880_0;  alias, 1 drivers
v0000025c73f86500_0 .net "lo_in", 0 0, v0000025c73e6a340_0;  alias, 1 drivers
v0000025c73f87d60_0 .net "lo_val", 31 0, v0000025c73f895c0_0;  alias, 1 drivers
v0000025c73f87720_0 .net "mar_in", 0 0, v0000025c73e6b6a0_0;  alias, 1 drivers
v0000025c73f87a40_0 .net "mar_val", 31 0, v0000025c73f88300_0;  alias, 1 drivers
v0000025c73f87b80_0 .net "pc_in", 0 0, v0000025c73e6c3c0_0;  alias, 1 drivers
v0000025c73f87180_0 .net "pc_val", 31 0, v0000025c73f87400_0;  alias, 1 drivers
v0000025c73f87ea0_0 .net "reset", 0 0, v0000025c73fa8060_0;  alias, 1 drivers
v0000025c73f87040_0 .net "y_in", 0 0, v0000025c73e6a980_0;  alias, 1 drivers
v0000025c73f85ce0_0 .net "y_val", 31 0, v0000025c73f86140_0;  alias, 1 drivers
L_0000025c73fb8a98 .functor BUFT 1, C4<0>, C4<0>, C4<0>, C4<0>;
v0000025c73f87e00_0 .net "zhigh_in", 0 0, L_0000025c73fb8a98;  1 drivers
v0000025c73f86000_0 .net "zhigh_val", 31 0, v0000025c73f868c0_0;  1 drivers
L_0000025c73fb8ae0 .functor BUFT 1, C4<0>, C4<0>, C4<0>, C4<0>;
v0000025c73f870e0_0 .net "zlow_in", 0 0, L_0000025c73fb8ae0;  1 drivers
v0000025c73f872c0_0 .net "zlow_val", 31 0, v0000025c73f86640_0;  1 drivers
S_0000025c73f7d840 .scope module, "HI" "reg32" 15 73, 16 2 0, S_0000025c73f7d6b0;
 .timescale 0 0;
    .port_info 0 /INPUT 1 "clk";
    .port_info 1 /INPUT 1 "reset";
    .port_info 2 /INPUT 1 "en";
    .port_info 3 /INPUT 32 "d_in";
    .port_info 4 /OUTPUT 32 "d_out";
v0000025c73f89ca0_0 .net "clk", 0 0, v0000025c73fa52c0_0;  alias, 1 drivers
v0000025c73f898e0_0 .net "d_in", 31 0, v0000025c73f7a290_0;  alias, 1 drivers
v0000025c73f88c60_0 .var "d_out", 31 0;
v0000025c73f892a0_0 .net "en", 0 0, v0000025c73e6aca0_0;  alias, 1 drivers
v0000025c73f88d00_0 .net "reset", 0 0, v0000025c73fa8060_0;  alias, 1 drivers
E_0000025c73e93c40 .event posedge, v0000025c73e6c6e0_0;
S_0000025c73f7ec90 .scope module, "IR" "reg32" 15 33, 16 2 0, S_0000025c73f7d6b0;
 .timescale 0 0;
    .port_info 0 /INPUT 1 "clk";
    .port_info 1 /INPUT 1 "reset";
    .port_info 2 /INPUT 1 "en";
    .port_info 3 /INPUT 32 "d_in";
    .port_info 4 /OUTPUT 32 "d_out";
v0000025c73f88da0_0 .net "clk", 0 0, v0000025c73fa52c0_0;  alias, 1 drivers
v0000025c73f88a80_0 .net "d_in", 31 0, v0000025c73f7a290_0;  alias, 1 drivers
v0000025c73f8a880_0 .var "d_out", 31 0;
v0000025c73f88580_0 .net "en", 0 0, v0000025c73e6c960_0;  alias, 1 drivers
v0000025c73f89160_0 .net "reset", 0 0, v0000025c73fa8060_0;  alias, 1 drivers
S_0000025c73f7c260 .scope module, "LO" "reg32" 15 81, 16 2 0, S_0000025c73f7d6b0;
 .timescale 0 0;
    .port_info 0 /INPUT 1 "clk";
    .port_info 1 /INPUT 1 "reset";
    .port_info 2 /INPUT 1 "en";
    .port_info 3 /INPUT 32 "d_in";
    .port_info 4 /OUTPUT 32 "d_out";
v0000025c73f8a600_0 .net "clk", 0 0, v0000025c73fa52c0_0;  alias, 1 drivers
v0000025c73f893e0_0 .net "d_in", 31 0, v0000025c73f7a290_0;  alias, 1 drivers
v0000025c73f895c0_0 .var "d_out", 31 0;
v0000025c73f89480_0 .net "en", 0 0, v0000025c73e6a340_0;  alias, 1 drivers
v0000025c73f88b20_0 .net "reset", 0 0, v0000025c73fa8060_0;  alias, 1 drivers
S_0000025c73f7dcf0 .scope module, "MAR" "reg32" 15 65, 16 2 0, S_0000025c73f7d6b0;
 .timescale 0 0;
    .port_info 0 /INPUT 1 "clk";
    .port_info 1 /INPUT 1 "reset";
    .port_info 2 /INPUT 1 "en";
    .port_info 3 /INPUT 32 "d_in";
    .port_info 4 /OUTPUT 32 "d_out";
v0000025c73f88260_0 .net "clk", 0 0, v0000025c73fa52c0_0;  alias, 1 drivers
v0000025c73f88620_0 .net "d_in", 31 0, v0000025c73f7a290_0;  alias, 1 drivers
v0000025c73f88300_0 .var "d_out", 31 0;
v0000025c73f889e0_0 .net "en", 0 0, v0000025c73e6b6a0_0;  alias, 1 drivers
v0000025c73f88f80_0 .net "reset", 0 0, v0000025c73fa8060_0;  alias, 1 drivers
S_0000025c73f7e330 .scope module, "PC" "pc_reg" 15 24, 17 3 0, S_0000025c73f7d6b0;
 .timescale 0 0;
    .port_info 0 /INPUT 1 "clk";
    .port_info 1 /INPUT 1 "reset";
    .port_info 2 /INPUT 1 "pc_in";
    .port_info 3 /INPUT 1 "IncPC";
    .port_info 4 /INPUT 32 "BusMuxOut";
    .port_info 5 /OUTPUT 32 "pc_val";
v0000025c73f86c80_0 .net "BusMuxOut", 31 0, v0000025c73f7a290_0;  alias, 1 drivers
v0000025c73f86d20_0 .net "IncPC", 0 0, v0000025c73e6aac0_0;  alias, 1 drivers
v0000025c73f85ba0_0 .net "clk", 0 0, v0000025c73fa52c0_0;  alias, 1 drivers
v0000025c73f86780_0 .net "cout", 0 0, L_0000025c73fadce0;  1 drivers
v0000025c73f87cc0_0 .net "pc_in", 0 0, v0000025c73e6c3c0_0;  alias, 1 drivers
v0000025c73f861e0_0 .net "pc_plus_one", 31 0, L_0000025c73fabda0;  1 drivers
v0000025c73f87400_0 .var "pc_val", 31 0;
v0000025c73f865a0_0 .net "reset", 0 0, v0000025c73fa8060_0;  alias, 1 drivers
S_0000025c73f7d200 .scope module, "inc_adder" "ripple_carry_adder" 17 15, 9 3 0, S_0000025c73f7e330;
 .timescale 0 0;
    .port_info 0 /INPUT 32 "A";
    .port_info 1 /INPUT 32 "B";
    .port_info 2 /INPUT 1 "Cin";
    .port_info 3 /OUTPUT 32 "Sum";
    .port_info 4 /OUTPUT 1 "Cout";
    .port_info 5 /OUTPUT 1 "Overflow";
L_0000025c73fb8a50 .functor BUFT 1, C4<0>, C4<0>, C4<0>, C4<0>;
L_0000025c74017dd0 .functor BUFZ 1, L_0000025c73fb8a50, C4<0>, C4<0>, C4<0>;
L_0000025c74017e40 .functor XOR 1, L_0000025c73facca0, L_0000025c73fae140, C4<0>, C4<0>;
v0000025c73f83bc0_0 .net "A", 31 0, v0000025c73f87400_0;  alias, 1 drivers
L_0000025c73fb8a08 .functor BUFT 1, C4<00000000000000000000000000000001>, C4<0>, C4<0>, C4<0>;
v0000025c73f83e40_0 .net "B", 31 0, L_0000025c73fb8a08;  1 drivers
v0000025c73f83f80_0 .net "Cin", 0 0, L_0000025c73fb8a50;  1 drivers
v0000025c73f84340_0 .net "Cout", 0 0, L_0000025c73fadce0;  alias, 1 drivers
v0000025c73f87220_0 .net "Overflow", 0 0, L_0000025c74017e40;  1 drivers
v0000025c73f87860_0 .net "Sum", 31 0, L_0000025c73fabda0;  alias, 1 drivers
v0000025c73f86be0_0 .net *"_ivl_229", 0 0, L_0000025c74017dd0;  1 drivers
v0000025c73f859c0_0 .net *"_ivl_233", 0 0, L_0000025c73facca0;  1 drivers
v0000025c73f87ae0_0 .net *"_ivl_235", 0 0, L_0000025c73fae140;  1 drivers
v0000025c73f87900_0 .net "carry", 32 0, L_0000025c73fabe40;  1 drivers
L_0000025c73fa9820 .part v0000025c73f87400_0, 0, 1;
L_0000025c73fa9280 .part L_0000025c73fb8a08, 0, 1;
L_0000025c73fa9320 .part L_0000025c73fabe40, 0, 1;
L_0000025c73fa9fa0 .part v0000025c73f87400_0, 1, 1;
L_0000025c73fa7980 .part L_0000025c73fb8a08, 1, 1;
L_0000025c73fa8c40 .part L_0000025c73fabe40, 1, 1;
L_0000025c73fa9640 .part v0000025c73f87400_0, 2, 1;
L_0000025c73fa9960 .part L_0000025c73fb8a08, 2, 1;
L_0000025c73fa9000 .part L_0000025c73fabe40, 2, 1;
L_0000025c73fa84c0 .part v0000025c73f87400_0, 3, 1;
L_0000025c73fa8560 .part L_0000025c73fb8a08, 3, 1;
L_0000025c73fa93c0 .part L_0000025c73fabe40, 3, 1;
L_0000025c73faa040 .part v0000025c73f87400_0, 4, 1;
L_0000025c73fa9a00 .part L_0000025c73fb8a08, 4, 1;
L_0000025c73fa9aa0 .part L_0000025c73fabe40, 4, 1;
L_0000025c73fa7ca0 .part v0000025c73f87400_0, 5, 1;
L_0000025c73fa8ce0 .part L_0000025c73fb8a08, 5, 1;
L_0000025c73fa87e0 .part L_0000025c73fabe40, 5, 1;
L_0000025c73fa8740 .part v0000025c73f87400_0, 6, 1;
L_0000025c73fa8ba0 .part L_0000025c73fb8a08, 6, 1;
L_0000025c73fa8920 .part L_0000025c73fabe40, 6, 1;
L_0000025c73fa7de0 .part v0000025c73f87400_0, 7, 1;
L_0000025c73fa8d80 .part L_0000025c73fb8a08, 7, 1;
L_0000025c73fa9b40 .part L_0000025c73fabe40, 7, 1;
L_0000025c73fa7e80 .part v0000025c73f87400_0, 8, 1;
L_0000025c73fa8e20 .part L_0000025c73fb8a08, 8, 1;
L_0000025c73fa7fc0 .part L_0000025c73fabe40, 8, 1;
L_0000025c73fa8ec0 .part v0000025c73f87400_0, 9, 1;
L_0000025c73fa8f60 .part L_0000025c73fb8a08, 9, 1;
L_0000025c73fa9be0 .part L_0000025c73fabe40, 9, 1;
L_0000025c73fa7f20 .part v0000025c73f87400_0, 10, 1;
L_0000025c73fa9d20 .part L_0000025c73fb8a08, 10, 1;
L_0000025c73fa9dc0 .part L_0000025c73fabe40, 10, 1;
L_0000025c73fa9f00 .part v0000025c73f87400_0, 11, 1;
L_0000025c73fabee0 .part L_0000025c73fb8a08, 11, 1;
L_0000025c73fab120 .part L_0000025c73fabe40, 11, 1;
L_0000025c73fac7a0 .part v0000025c73f87400_0, 12, 1;
L_0000025c73fac5c0 .part L_0000025c73fb8a08, 12, 1;
L_0000025c73fab1c0 .part L_0000025c73fabe40, 12, 1;
L_0000025c73faa400 .part v0000025c73f87400_0, 13, 1;
L_0000025c73faafe0 .part L_0000025c73fb8a08, 13, 1;
L_0000025c73fac520 .part L_0000025c73fabe40, 13, 1;
L_0000025c73faa860 .part v0000025c73f87400_0, 14, 1;
L_0000025c73faba80 .part L_0000025c73fb8a08, 14, 1;
L_0000025c73fac840 .part L_0000025c73fabe40, 14, 1;
L_0000025c73fabf80 .part v0000025c73f87400_0, 15, 1;
L_0000025c73faaa40 .part L_0000025c73fb8a08, 15, 1;
L_0000025c73fac480 .part L_0000025c73fabe40, 15, 1;
L_0000025c73faa900 .part v0000025c73f87400_0, 16, 1;
L_0000025c73fac700 .part L_0000025c73fb8a08, 16, 1;
L_0000025c73fac8e0 .part L_0000025c73fabe40, 16, 1;
L_0000025c73faa220 .part v0000025c73f87400_0, 17, 1;
L_0000025c73faa540 .part L_0000025c73fb8a08, 17, 1;
L_0000025c73faa4a0 .part L_0000025c73fabe40, 17, 1;
L_0000025c73fac660 .part v0000025c73f87400_0, 18, 1;
L_0000025c73faa9a0 .part L_0000025c73fb8a08, 18, 1;
L_0000025c73fac020 .part L_0000025c73fabe40, 18, 1;
L_0000025c73faa180 .part v0000025c73f87400_0, 19, 1;
L_0000025c73fab620 .part L_0000025c73fb8a08, 19, 1;
L_0000025c73fab440 .part L_0000025c73fabe40, 19, 1;
L_0000025c73fabb20 .part v0000025c73f87400_0, 20, 1;
L_0000025c73faa2c0 .part L_0000025c73fb8a08, 20, 1;
L_0000025c73faaae0 .part L_0000025c73fabe40, 20, 1;
L_0000025c73fac0c0 .part v0000025c73f87400_0, 21, 1;
L_0000025c73faa7c0 .part L_0000025c73fb8a08, 21, 1;
L_0000025c73faae00 .part L_0000025c73fabe40, 21, 1;
L_0000025c73faa5e0 .part v0000025c73f87400_0, 22, 1;
L_0000025c73fab260 .part L_0000025c73fb8a08, 22, 1;
L_0000025c73faa680 .part L_0000025c73fabe40, 22, 1;
L_0000025c73faa720 .part v0000025c73f87400_0, 23, 1;
L_0000025c73faab80 .part L_0000025c73fb8a08, 23, 1;
L_0000025c73fab760 .part L_0000025c73fabe40, 23, 1;
L_0000025c73fac160 .part v0000025c73f87400_0, 24, 1;
L_0000025c73faa360 .part L_0000025c73fb8a08, 24, 1;
L_0000025c73faac20 .part L_0000025c73fabe40, 24, 1;
L_0000025c73faacc0 .part v0000025c73f87400_0, 25, 1;
L_0000025c73faad60 .part L_0000025c73fb8a08, 25, 1;
L_0000025c73fac200 .part L_0000025c73fabe40, 25, 1;
L_0000025c73faaea0 .part v0000025c73f87400_0, 26, 1;
L_0000025c73faaf40 .part L_0000025c73fb8a08, 26, 1;
L_0000025c73fab080 .part L_0000025c73fabe40, 26, 1;
L_0000025c73fabc60 .part v0000025c73f87400_0, 27, 1;
L_0000025c73fac2a0 .part L_0000025c73fb8a08, 27, 1;
L_0000025c73fab300 .part L_0000025c73fabe40, 27, 1;
L_0000025c73fab940 .part v0000025c73f87400_0, 28, 1;
L_0000025c73fab3a0 .part L_0000025c73fb8a08, 28, 1;
L_0000025c73fac340 .part L_0000025c73fabe40, 28, 1;
L_0000025c73fab4e0 .part v0000025c73f87400_0, 29, 1;
L_0000025c73fab580 .part L_0000025c73fb8a08, 29, 1;
L_0000025c73fab6c0 .part L_0000025c73fabe40, 29, 1;
L_0000025c73fab800 .part v0000025c73f87400_0, 30, 1;
L_0000025c73fac3e0 .part L_0000025c73fb8a08, 30, 1;
L_0000025c73fab8a0 .part L_0000025c73fabe40, 30, 1;
L_0000025c73fab9e0 .part v0000025c73f87400_0, 31, 1;
L_0000025c73fabbc0 .part L_0000025c73fb8a08, 31, 1;
L_0000025c73fabd00 .part L_0000025c73fabe40, 31, 1;
LS_0000025c73fabda0_0_0 .concat8 [ 1 1 1 1], L_0000025c73e239d0, L_0000025c73e23ab0, L_0000025c73e230a0, L_0000025c73b418a0;
LS_0000025c73fabda0_0_4 .concat8 [ 1 1 1 1], L_0000025c73b40e90, L_0000025c73cea1b0, L_0000025c73ce9420, L_0000025c74015910;
LS_0000025c73fabda0_0_8 .concat8 [ 1 1 1 1], L_0000025c74015980, L_0000025c74014f70, L_0000025c74014800, L_0000025c74014250;
LS_0000025c73fabda0_0_12 .concat8 [ 1 1 1 1], L_0000025c74014330, L_0000025c740149c0, L_0000025c74014a30, L_0000025c74014410;
LS_0000025c73fabda0_0_16 .concat8 [ 1 1 1 1], L_0000025c74015130, L_0000025c74015590, L_0000025c74016400, L_0000025c74016470;
LS_0000025c73fabda0_0_20 .concat8 [ 1 1 1 1], L_0000025c74016160, L_0000025c74016a20, L_0000025c74016cc0, L_0000025c74016240;
LS_0000025c73fabda0_0_24 .concat8 [ 1 1 1 1], L_0000025c74017900, L_0000025c740176d0, L_0000025c740165c0, L_0000025c740174a0;
LS_0000025c73fabda0_0_28 .concat8 [ 1 1 1 1], L_0000025c74018540, L_0000025c74018620, L_0000025c74018690, L_0000025c740179e0;
LS_0000025c73fabda0_1_0 .concat8 [ 4 4 4 4], LS_0000025c73fabda0_0_0, LS_0000025c73fabda0_0_4, LS_0000025c73fabda0_0_8, LS_0000025c73fabda0_0_12;
LS_0000025c73fabda0_1_4 .concat8 [ 4 4 4 4], LS_0000025c73fabda0_0_16, LS_0000025c73fabda0_0_20, LS_0000025c73fabda0_0_24, LS_0000025c73fabda0_0_28;
L_0000025c73fabda0 .concat8 [ 16 16 0 0], LS_0000025c73fabda0_1_0, LS_0000025c73fabda0_1_4;
LS_0000025c73fabe40_0_0 .concat8 [ 1 1 1 1], L_0000025c74017dd0, L_0000025c73e23a40, L_0000025c73e246f0, L_0000025c73b40330;
LS_0000025c73fabe40_0_4 .concat8 [ 1 1 1 1], L_0000025c73b40790, L_0000025c73ce9960, L_0000025c73ce8d20, L_0000025c74014640;
LS_0000025c73fabe40_0_8 .concat8 [ 1 1 1 1], L_0000025c74014c60, L_0000025c74014cd0, L_0000025c74014720, L_0000025c74015b40;
LS_0000025c73fabe40_0_12 .concat8 [ 1 1 1 1], L_0000025c740148e0, L_0000025c74014950, L_0000025c74014fe0, L_0000025c74014aa0;
LS_0000025c73fabe40_0_16 .concat8 [ 1 1 1 1], L_0000025c740145d0, L_0000025c740154b0, L_0000025c74016630, L_0000025c74015f30;
LS_0000025c73fabe40_0_20 .concat8 [ 1 1 1 1], L_0000025c740164e0, L_0000025c740170b0, L_0000025c74016710, L_0000025c74016550;
LS_0000025c73fabe40_0_24 .concat8 [ 1 1 1 1], L_0000025c740168d0, L_0000025c74017660, L_0000025c74017430, L_0000025c74016940;
LS_0000025c73fabe40_0_28 .concat8 [ 1 1 1 1], L_0000025c740169b0, L_0000025c740185b0, L_0000025c74018230, L_0000025c74017cf0;
LS_0000025c73fabe40_0_32 .concat8 [ 1 0 0 0], L_0000025c74018150;
LS_0000025c73fabe40_1_0 .concat8 [ 4 4 4 4], LS_0000025c73fabe40_0_0, LS_0000025c73fabe40_0_4, LS_0000025c73fabe40_0_8, LS_0000025c73fabe40_0_12;
LS_0000025c73fabe40_1_4 .concat8 [ 4 4 4 4], LS_0000025c73fabe40_0_16, LS_0000025c73fabe40_0_20, LS_0000025c73fabe40_0_24, LS_0000025c73fabe40_0_28;
LS_0000025c73fabe40_1_8 .concat8 [ 1 0 0 0], LS_0000025c73fabe40_0_32;
L_0000025c73fabe40 .concat8 [ 16 16 1 0], LS_0000025c73fabe40_1_0, LS_0000025c73fabe40_1_4, LS_0000025c73fabe40_1_8;
L_0000025c73fadce0 .part L_0000025c73fabe40, 32, 1;
L_0000025c73facca0 .part L_0000025c73fabe40, 31, 1;
L_0000025c73fae140 .part L_0000025c73fabe40, 32, 1;
S_0000025c73f7fc30 .scope generate, "fa_gen[0]" "fa_gen[0]" 9 17, 9 17 0, S_0000025c73f7d200;
 .timescale 0 0;
P_0000025c73e93e00 .param/l "i" 0 9 17, +C4<00>;
S_0000025c73f7c8a0 .scope module, "fa" "full_adder" 9 18, 9 33 0, S_0000025c73f7fc30;
 .timescale 0 0;
    .port_info 0 /INPUT 1 "a";
    .port_info 1 /INPUT 1 "b";
    .port_info 2 /INPUT 1 "cin";
    .port_info 3 /OUTPUT 1 "sum";
    .port_info 4 /OUTPUT 1 "cout";
L_0000025c73e243e0 .functor XOR 1, L_0000025c73fa9820, L_0000025c73fa9280, C4<0>, C4<0>;
L_0000025c73e239d0 .functor XOR 1, L_0000025c73e243e0, L_0000025c73fa9320, C4<0>, C4<0>;
L_0000025c73e24450 .functor AND 1, L_0000025c73fa9820, L_0000025c73fa9280, C4<1>, C4<1>;
L_0000025c73e238f0 .functor XOR 1, L_0000025c73fa9820, L_0000025c73fa9280, C4<0>, C4<0>;
L_0000025c73e24530 .functor AND 1, L_0000025c73fa9320, L_0000025c73e238f0, C4<1>, C4<1>;
L_0000025c73e23a40 .functor OR 1, L_0000025c73e24450, L_0000025c73e24530, C4<0>, C4<0>;
v0000025c73f88e40_0 .net *"_ivl_0", 0 0, L_0000025c73e243e0;  1 drivers
v0000025c73f886c0_0 .net *"_ivl_4", 0 0, L_0000025c73e24450;  1 drivers
v0000025c73f88760_0 .net *"_ivl_6", 0 0, L_0000025c73e238f0;  1 drivers
v0000025c73f88ee0_0 .net *"_ivl_8", 0 0, L_0000025c73e24530;  1 drivers
v0000025c73f89020_0 .net "a", 0 0, L_0000025c73fa9820;  1 drivers
v0000025c73f8a6a0_0 .net "b", 0 0, L_0000025c73fa9280;  1 drivers
v0000025c73f89340_0 .net "cin", 0 0, L_0000025c73fa9320;  1 drivers
v0000025c73f89520_0 .net "cout", 0 0, L_0000025c73e23a40;  1 drivers
v0000025c73f89660_0 .net "sum", 0 0, L_0000025c73e239d0;  1 drivers
S_0000025c73f7c3f0 .scope generate, "fa_gen[1]" "fa_gen[1]" 9 17, 9 17 0, S_0000025c73f7d200;
 .timescale 0 0;
P_0000025c73e93dc0 .param/l "i" 0 9 17, +C4<01>;
S_0000025c73f7e4c0 .scope module, "fa" "full_adder" 9 18, 9 33 0, S_0000025c73f7c3f0;
 .timescale 0 0;
    .port_info 0 /INPUT 1 "a";
    .port_info 1 /INPUT 1 "b";
    .port_info 2 /INPUT 1 "cin";
    .port_info 3 /OUTPUT 1 "sum";
    .port_info 4 /OUTPUT 1 "cout";
L_0000025c73e245a0 .functor XOR 1, L_0000025c73fa9fa0, L_0000025c73fa7980, C4<0>, C4<0>;
L_0000025c73e23ab0 .functor XOR 1, L_0000025c73e245a0, L_0000025c73fa8c40, C4<0>, C4<0>;
L_0000025c73e24610 .functor AND 1, L_0000025c73fa9fa0, L_0000025c73fa7980, C4<1>, C4<1>;
L_0000025c73e233b0 .functor XOR 1, L_0000025c73fa9fa0, L_0000025c73fa7980, C4<0>, C4<0>;
L_0000025c73e23b20 .functor AND 1, L_0000025c73fa8c40, L_0000025c73e233b0, C4<1>, C4<1>;
L_0000025c73e246f0 .functor OR 1, L_0000025c73e24610, L_0000025c73e23b20, C4<0>, C4<0>;
v0000025c73f89700_0 .net *"_ivl_0", 0 0, L_0000025c73e245a0;  1 drivers
v0000025c73f897a0_0 .net *"_ivl_4", 0 0, L_0000025c73e24610;  1 drivers
v0000025c73f89980_0 .net *"_ivl_6", 0 0, L_0000025c73e233b0;  1 drivers
v0000025c73f8cc20_0 .net *"_ivl_8", 0 0, L_0000025c73e23b20;  1 drivers
v0000025c73f8cf40_0 .net "a", 0 0, L_0000025c73fa9fa0;  1 drivers
v0000025c73f8c680_0 .net "b", 0 0, L_0000025c73fa7980;  1 drivers
v0000025c73f8cae0_0 .net "cin", 0 0, L_0000025c73fa8c40;  1 drivers
v0000025c73f8c220_0 .net "cout", 0 0, L_0000025c73e246f0;  1 drivers
v0000025c73f8cb80_0 .net "sum", 0 0, L_0000025c73e23ab0;  1 drivers
S_0000025c73f7e650 .scope generate, "fa_gen[2]" "fa_gen[2]" 9 17, 9 17 0, S_0000025c73f7d200;
 .timescale 0 0;
P_0000025c73e93e40 .param/l "i" 0 9 17, +C4<010>;
S_0000025c73f7f140 .scope module, "fa" "full_adder" 9 18, 9 33 0, S_0000025c73f7e650;
 .timescale 0 0;
    .port_info 0 /INPUT 1 "a";
    .port_info 1 /INPUT 1 "b";
    .port_info 2 /INPUT 1 "cin";
    .port_info 3 /OUTPUT 1 "sum";
    .port_info 4 /OUTPUT 1 "cout";
L_0000025c73e23b90 .functor XOR 1, L_0000025c73fa9640, L_0000025c73fa9960, C4<0>, C4<0>;
L_0000025c73e230a0 .functor XOR 1, L_0000025c73e23b90, L_0000025c73fa9000, C4<0>, C4<0>;
L_0000025c73b40870 .functor AND 1, L_0000025c73fa9640, L_0000025c73fa9960, C4<1>, C4<1>;
L_0000025c73b40170 .functor XOR 1, L_0000025c73fa9640, L_0000025c73fa9960, C4<0>, C4<0>;
L_0000025c73b40640 .functor AND 1, L_0000025c73fa9000, L_0000025c73b40170, C4<1>, C4<1>;
L_0000025c73b40330 .functor OR 1, L_0000025c73b40870, L_0000025c73b40640, C4<0>, C4<0>;
v0000025c73f8cea0_0 .net *"_ivl_0", 0 0, L_0000025c73e23b90;  1 drivers
v0000025c73f8ace0_0 .net *"_ivl_4", 0 0, L_0000025c73b40870;  1 drivers
v0000025c73f8aba0_0 .net *"_ivl_6", 0 0, L_0000025c73b40170;  1 drivers
v0000025c73f8ccc0_0 .net *"_ivl_8", 0 0, L_0000025c73b40640;  1 drivers
v0000025c73f8b1e0_0 .net "a", 0 0, L_0000025c73fa9640;  1 drivers
v0000025c73f8c400_0 .net "b", 0 0, L_0000025c73fa9960;  1 drivers
v0000025c73f8b140_0 .net "cin", 0 0, L_0000025c73fa9000;  1 drivers
v0000025c73f8c7c0_0 .net "cout", 0 0, L_0000025c73b40330;  1 drivers
v0000025c73f8af60_0 .net "sum", 0 0, L_0000025c73e230a0;  1 drivers
S_0000025c73f7e7e0 .scope generate, "fa_gen[3]" "fa_gen[3]" 9 17, 9 17 0, S_0000025c73f7d200;
 .timescale 0 0;
P_0000025c73e93e80 .param/l "i" 0 9 17, +C4<011>;
S_0000025c73f7e970 .scope module, "fa" "full_adder" 9 18, 9 33 0, S_0000025c73f7e7e0;
 .timescale 0 0;
    .port_info 0 /INPUT 1 "a";
    .port_info 1 /INPUT 1 "b";
    .port_info 2 /INPUT 1 "cin";
    .port_info 3 /OUTPUT 1 "sum";
    .port_info 4 /OUTPUT 1 "cout";
L_0000025c73b416e0 .functor XOR 1, L_0000025c73fa84c0, L_0000025c73fa8560, C4<0>, C4<0>;
L_0000025c73b418a0 .functor XOR 1, L_0000025c73b416e0, L_0000025c73fa93c0, C4<0>, C4<0>;
L_0000025c73b409c0 .functor AND 1, L_0000025c73fa84c0, L_0000025c73fa8560, C4<1>, C4<1>;
L_0000025c73b406b0 .functor XOR 1, L_0000025c73fa84c0, L_0000025c73fa8560, C4<0>, C4<0>;
L_0000025c73b40720 .functor AND 1, L_0000025c73fa93c0, L_0000025c73b406b0, C4<1>, C4<1>;
L_0000025c73b40790 .functor OR 1, L_0000025c73b409c0, L_0000025c73b40720, C4<0>, C4<0>;
v0000025c73f8cd60_0 .net *"_ivl_0", 0 0, L_0000025c73b416e0;  1 drivers
v0000025c73f8bdc0_0 .net *"_ivl_4", 0 0, L_0000025c73b409c0;  1 drivers
v0000025c73f8cfe0_0 .net *"_ivl_6", 0 0, L_0000025c73b406b0;  1 drivers
v0000025c73f8d080_0 .net *"_ivl_8", 0 0, L_0000025c73b40720;  1 drivers
v0000025c73f8a9c0_0 .net "a", 0 0, L_0000025c73fa84c0;  1 drivers
v0000025c73f8b960_0 .net "b", 0 0, L_0000025c73fa8560;  1 drivers
v0000025c73f8ae20_0 .net "cin", 0 0, L_0000025c73fa93c0;  1 drivers
v0000025c73f8c9a0_0 .net "cout", 0 0, L_0000025c73b40790;  1 drivers
v0000025c73f8bb40_0 .net "sum", 0 0, L_0000025c73b418a0;  1 drivers
S_0000025c73f7ee20 .scope generate, "fa_gen[4]" "fa_gen[4]" 9 17, 9 17 0, S_0000025c73f7d200;
 .timescale 0 0;
P_0000025c73e93fc0 .param/l "i" 0 9 17, +C4<0100>;
S_0000025c73f7efb0 .scope module, "fa" "full_adder" 9 18, 9 33 0, S_0000025c73f7ee20;
 .timescale 0 0;
    .port_info 0 /INPUT 1 "a";
    .port_info 1 /INPUT 1 "b";
    .port_info 2 /INPUT 1 "cin";
    .port_info 3 /OUTPUT 1 "sum";
    .port_info 4 /OUTPUT 1 "cout";
L_0000025c73b40b80 .functor XOR 1, L_0000025c73faa040, L_0000025c73fa9a00, C4<0>, C4<0>;
L_0000025c73b40e90 .functor XOR 1, L_0000025c73b40b80, L_0000025c73fa9aa0, C4<0>, C4<0>;
L_0000025c73b40f00 .functor AND 1, L_0000025c73faa040, L_0000025c73fa9a00, C4<1>, C4<1>;
L_0000025c73b40f70 .functor XOR 1, L_0000025c73faa040, L_0000025c73fa9a00, C4<0>, C4<0>;
L_0000025c73b40fe0 .functor AND 1, L_0000025c73fa9aa0, L_0000025c73b40f70, C4<1>, C4<1>;
L_0000025c73ce9960 .functor OR 1, L_0000025c73b40f00, L_0000025c73b40fe0, C4<0>, C4<0>;
v0000025c73f8b8c0_0 .net *"_ivl_0", 0 0, L_0000025c73b40b80;  1 drivers
v0000025c73f8ad80_0 .net *"_ivl_4", 0 0, L_0000025c73b40f00;  1 drivers
v0000025c73f8c860_0 .net *"_ivl_6", 0 0, L_0000025c73b40f70;  1 drivers
v0000025c73f8ac40_0 .net *"_ivl_8", 0 0, L_0000025c73b40fe0;  1 drivers
v0000025c73f8a920_0 .net "a", 0 0, L_0000025c73faa040;  1 drivers
v0000025c73f8bc80_0 .net "b", 0 0, L_0000025c73fa9a00;  1 drivers
v0000025c73f8aa60_0 .net "cin", 0 0, L_0000025c73fa9aa0;  1 drivers
v0000025c73f8ca40_0 .net "cout", 0 0, L_0000025c73ce9960;  1 drivers
v0000025c73f8c4a0_0 .net "sum", 0 0, L_0000025c73b40e90;  1 drivers
S_0000025c73f7fdc0 .scope generate, "fa_gen[5]" "fa_gen[5]" 9 17, 9 17 0, S_0000025c73f7d200;
 .timescale 0 0;
P_0000025c73e94080 .param/l "i" 0 9 17, +C4<0101>;
S_0000025c73f7f5f0 .scope module, "fa" "full_adder" 9 18, 9 33 0, S_0000025c73f7fdc0;
 .timescale 0 0;
    .port_info 0 /INPUT 1 "a";
    .port_info 1 /INPUT 1 "b";
    .port_info 2 /INPUT 1 "cin";
    .port_info 3 /OUTPUT 1 "sum";
    .port_info 4 /OUTPUT 1 "cout";
L_0000025c73ce8ee0 .functor XOR 1, L_0000025c73fa7ca0, L_0000025c73fa8ce0, C4<0>, C4<0>;
L_0000025c73cea1b0 .functor XOR 1, L_0000025c73ce8ee0, L_0000025c73fa87e0, C4<0>, C4<0>;
L_0000025c73ce9880 .functor AND 1, L_0000025c73fa7ca0, L_0000025c73fa8ce0, C4<1>, C4<1>;
L_0000025c73ce96c0 .functor XOR 1, L_0000025c73fa7ca0, L_0000025c73fa8ce0, C4<0>, C4<0>;
L_0000025c73cea220 .functor AND 1, L_0000025c73fa87e0, L_0000025c73ce96c0, C4<1>, C4<1>;
L_0000025c73ce8d20 .functor OR 1, L_0000025c73ce9880, L_0000025c73cea220, C4<0>, C4<0>;
v0000025c73f8bf00_0 .net *"_ivl_0", 0 0, L_0000025c73ce8ee0;  1 drivers
v0000025c73f8c900_0 .net *"_ivl_4", 0 0, L_0000025c73ce9880;  1 drivers
v0000025c73f8aec0_0 .net *"_ivl_6", 0 0, L_0000025c73ce96c0;  1 drivers
v0000025c73f8c2c0_0 .net *"_ivl_8", 0 0, L_0000025c73cea220;  1 drivers
v0000025c73f8b000_0 .net "a", 0 0, L_0000025c73fa7ca0;  1 drivers
v0000025c73f8ab00_0 .net "b", 0 0, L_0000025c73fa8ce0;  1 drivers
v0000025c73f8b0a0_0 .net "cin", 0 0, L_0000025c73fa87e0;  1 drivers
v0000025c73f8b280_0 .net "cout", 0 0, L_0000025c73ce8d20;  1 drivers
v0000025c73f8b320_0 .net "sum", 0 0, L_0000025c73cea1b0;  1 drivers
S_0000025c73f7f2d0 .scope generate, "fa_gen[6]" "fa_gen[6]" 9 17, 9 17 0, S_0000025c73f7d200;
 .timescale 0 0;
P_0000025c73e94f80 .param/l "i" 0 9 17, +C4<0110>;
S_0000025c73f7c710 .scope module, "fa" "full_adder" 9 18, 9 33 0, S_0000025c73f7f2d0;
 .timescale 0 0;
    .port_info 0 /INPUT 1 "a";
    .port_info 1 /INPUT 1 "b";
    .port_info 2 /INPUT 1 "cin";
    .port_info 3 /OUTPUT 1 "sum";
    .port_info 4 /OUTPUT 1 "cout";
L_0000025c73cea530 .functor XOR 1, L_0000025c73fa8740, L_0000025c73fa8ba0, C4<0>, C4<0>;
L_0000025c73ce9420 .functor XOR 1, L_0000025c73cea530, L_0000025c73fa8920, C4<0>, C4<0>;
L_0000025c73ce9110 .functor AND 1, L_0000025c73fa8740, L_0000025c73fa8ba0, C4<1>, C4<1>;
L_0000025c73b41590 .functor XOR 1, L_0000025c73fa8740, L_0000025c73fa8ba0, C4<0>, C4<0>;
L_0000025c74015830 .functor AND 1, L_0000025c73fa8920, L_0000025c73b41590, C4<1>, C4<1>;
L_0000025c74014640 .functor OR 1, L_0000025c73ce9110, L_0000025c74015830, C4<0>, C4<0>;
v0000025c73f8b3c0_0 .net *"_ivl_0", 0 0, L_0000025c73cea530;  1 drivers
v0000025c73f8ba00_0 .net *"_ivl_4", 0 0, L_0000025c73ce9110;  1 drivers
v0000025c73f8b460_0 .net *"_ivl_6", 0 0, L_0000025c73b41590;  1 drivers
v0000025c73f8b500_0 .net *"_ivl_8", 0 0, L_0000025c74015830;  1 drivers
v0000025c73f8ce00_0 .net "a", 0 0, L_0000025c73fa8740;  1 drivers
v0000025c73f8baa0_0 .net "b", 0 0, L_0000025c73fa8ba0;  1 drivers
v0000025c73f8bbe0_0 .net "cin", 0 0, L_0000025c73fa8920;  1 drivers
v0000025c73f8b5a0_0 .net "cout", 0 0, L_0000025c74014640;  1 drivers
v0000025c73f8b640_0 .net "sum", 0 0, L_0000025c73ce9420;  1 drivers
S_0000025c73f7ca30 .scope generate, "fa_gen[7]" "fa_gen[7]" 9 17, 9 17 0, S_0000025c73f7d200;
 .timescale 0 0;
P_0000025c73e94ec0 .param/l "i" 0 9 17, +C4<0111>;
S_0000025c73f7cbc0 .scope module, "fa" "full_adder" 9 18, 9 33 0, S_0000025c73f7ca30;
 .timescale 0 0;
    .port_info 0 /INPUT 1 "a";
    .port_info 1 /INPUT 1 "b";
    .port_info 2 /INPUT 1 "cin";
    .port_info 3 /OUTPUT 1 "sum";
    .port_info 4 /OUTPUT 1 "cout";
L_0000025c740146b0 .functor XOR 1, L_0000025c73fa7de0, L_0000025c73fa8d80, C4<0>, C4<0>;
L_0000025c74015910 .functor XOR 1, L_0000025c740146b0, L_0000025c73fa9b40, C4<0>, C4<0>;
L_0000025c74015210 .functor AND 1, L_0000025c73fa7de0, L_0000025c73fa8d80, C4<1>, C4<1>;
L_0000025c74015d00 .functor XOR 1, L_0000025c73fa7de0, L_0000025c73fa8d80, C4<0>, C4<0>;
L_0000025c74014170 .functor AND 1, L_0000025c73fa9b40, L_0000025c74015d00, C4<1>, C4<1>;
L_0000025c74014c60 .functor OR 1, L_0000025c74015210, L_0000025c74014170, C4<0>, C4<0>;
v0000025c73f8b6e0_0 .net *"_ivl_0", 0 0, L_0000025c740146b0;  1 drivers
v0000025c73f8b780_0 .net *"_ivl_4", 0 0, L_0000025c74015210;  1 drivers
v0000025c73f8b820_0 .net *"_ivl_6", 0 0, L_0000025c74015d00;  1 drivers
v0000025c73f8bd20_0 .net *"_ivl_8", 0 0, L_0000025c74014170;  1 drivers
v0000025c73f8c360_0 .net "a", 0 0, L_0000025c73fa7de0;  1 drivers
v0000025c73f8be60_0 .net "b", 0 0, L_0000025c73fa8d80;  1 drivers
v0000025c73f8c540_0 .net "cin", 0 0, L_0000025c73fa9b40;  1 drivers
v0000025c73f8c5e0_0 .net "cout", 0 0, L_0000025c74014c60;  1 drivers
v0000025c73f8bfa0_0 .net "sum", 0 0, L_0000025c74015910;  1 drivers
S_0000025c73f7cee0 .scope generate, "fa_gen[8]" "fa_gen[8]" 9 17, 9 17 0, S_0000025c73f7d200;
 .timescale 0 0;
P_0000025c73e94a00 .param/l "i" 0 9 17, +C4<01000>;
S_0000025c73f7d070 .scope module, "fa" "full_adder" 9 18, 9 33 0, S_0000025c73f7cee0;
 .timescale 0 0;
    .port_info 0 /INPUT 1 "a";
    .port_info 1 /INPUT 1 "b";
    .port_info 2 /INPUT 1 "cin";
    .port_info 3 /OUTPUT 1 "sum";
    .port_info 4 /OUTPUT 1 "cout";
L_0000025c74015a60 .functor XOR 1, L_0000025c73fa7e80, L_0000025c73fa8e20, C4<0>, C4<0>;
L_0000025c74015980 .functor XOR 1, L_0000025c74015a60, L_0000025c73fa7fc0, C4<0>, C4<0>;
L_0000025c74015600 .functor AND 1, L_0000025c73fa7e80, L_0000025c73fa8e20, C4<1>, C4<1>;
L_0000025c74015bb0 .functor XOR 1, L_0000025c73fa7e80, L_0000025c73fa8e20, C4<0>, C4<0>;
L_0000025c740141e0 .functor AND 1, L_0000025c73fa7fc0, L_0000025c74015bb0, C4<1>, C4<1>;
L_0000025c74014cd0 .functor OR 1, L_0000025c74015600, L_0000025c740141e0, C4<0>, C4<0>;
v0000025c73f8c040_0 .net *"_ivl_0", 0 0, L_0000025c74015a60;  1 drivers
v0000025c73f8c0e0_0 .net *"_ivl_4", 0 0, L_0000025c74015600;  1 drivers
v0000025c73f8c180_0 .net *"_ivl_6", 0 0, L_0000025c74015bb0;  1 drivers
v0000025c73f8c720_0 .net *"_ivl_8", 0 0, L_0000025c740141e0;  1 drivers
v0000025c73f8efc0_0 .net "a", 0 0, L_0000025c73fa7e80;  1 drivers
v0000025c73f8f1a0_0 .net "b", 0 0, L_0000025c73fa8e20;  1 drivers
v0000025c73f8eac0_0 .net "cin", 0 0, L_0000025c73fa7fc0;  1 drivers
v0000025c73f8e8e0_0 .net "cout", 0 0, L_0000025c74014cd0;  1 drivers
v0000025c73f8e480_0 .net "sum", 0 0, L_0000025c74015980;  1 drivers
S_0000025c73f7d390 .scope generate, "fa_gen[9]" "fa_gen[9]" 9 17, 9 17 0, S_0000025c73f7d200;
 .timescale 0 0;
P_0000025c73e95180 .param/l "i" 0 9 17, +C4<01001>;
S_0000025c73f937e0 .scope module, "fa" "full_adder" 9 18, 9 33 0, S_0000025c73f7d390;
 .timescale 0 0;
    .port_info 0 /INPUT 1 "a";
    .port_info 1 /INPUT 1 "b";
    .port_info 2 /INPUT 1 "cin";
    .port_info 3 /OUTPUT 1 "sum";
    .port_info 4 /OUTPUT 1 "cout";
L_0000025c74014790 .functor XOR 1, L_0000025c73fa8ec0, L_0000025c73fa8f60, C4<0>, C4<0>;
L_0000025c74014f70 .functor XOR 1, L_0000025c74014790, L_0000025c73fa9be0, C4<0>, C4<0>;
L_0000025c74014e90 .functor AND 1, L_0000025c73fa8ec0, L_0000025c73fa8f60, C4<1>, C4<1>;
L_0000025c740152f0 .functor XOR 1, L_0000025c73fa8ec0, L_0000025c73fa8f60, C4<0>, C4<0>;
L_0000025c74015750 .functor AND 1, L_0000025c73fa9be0, L_0000025c740152f0, C4<1>, C4<1>;
L_0000025c74014720 .functor OR 1, L_0000025c74014e90, L_0000025c74015750, C4<0>, C4<0>;
v0000025c73f8f6a0_0 .net *"_ivl_0", 0 0, L_0000025c74014790;  1 drivers
v0000025c73f8f880_0 .net *"_ivl_4", 0 0, L_0000025c74014e90;  1 drivers
v0000025c73f8d4e0_0 .net *"_ivl_6", 0 0, L_0000025c740152f0;  1 drivers
v0000025c73f8d620_0 .net *"_ivl_8", 0 0, L_0000025c74015750;  1 drivers
v0000025c73f8d1c0_0 .net "a", 0 0, L_0000025c73fa8ec0;  1 drivers
v0000025c73f8f060_0 .net "b", 0 0, L_0000025c73fa8f60;  1 drivers
v0000025c73f8f100_0 .net "cin", 0 0, L_0000025c73fa9be0;  1 drivers
v0000025c73f8e700_0 .net "cout", 0 0, L_0000025c74014720;  1 drivers
v0000025c73f8ee80_0 .net "sum", 0 0, L_0000025c74014f70;  1 drivers
S_0000025c73f926b0 .scope generate, "fa_gen[10]" "fa_gen[10]" 9 17, 9 17 0, S_0000025c73f7d200;
 .timescale 0 0;
P_0000025c73e94680 .param/l "i" 0 9 17, +C4<01010>;
S_0000025c73f910d0 .scope module, "fa" "full_adder" 9 18, 9 33 0, S_0000025c73f926b0;
 .timescale 0 0;
    .port_info 0 /INPUT 1 "a";
    .port_info 1 /INPUT 1 "b";
    .port_info 2 /INPUT 1 "cin";
    .port_info 3 /OUTPUT 1 "sum";
    .port_info 4 /OUTPUT 1 "cout";
L_0000025c740158a0 .functor XOR 1, L_0000025c73fa7f20, L_0000025c73fa9d20, C4<0>, C4<0>;
L_0000025c74014800 .functor XOR 1, L_0000025c740158a0, L_0000025c73fa9dc0, C4<0>, C4<0>;
L_0000025c74014870 .functor AND 1, L_0000025c73fa7f20, L_0000025c73fa9d20, C4<1>, C4<1>;
L_0000025c74015670 .functor XOR 1, L_0000025c73fa7f20, L_0000025c73fa9d20, C4<0>, C4<0>;
L_0000025c74015360 .functor AND 1, L_0000025c73fa9dc0, L_0000025c74015670, C4<1>, C4<1>;
L_0000025c74015b40 .functor OR 1, L_0000025c74014870, L_0000025c74015360, C4<0>, C4<0>;
v0000025c73f8dda0_0 .net *"_ivl_0", 0 0, L_0000025c740158a0;  1 drivers
v0000025c73f8d940_0 .net *"_ivl_4", 0 0, L_0000025c74014870;  1 drivers
v0000025c73f8f7e0_0 .net *"_ivl_6", 0 0, L_0000025c74015670;  1 drivers
v0000025c73f8d9e0_0 .net *"_ivl_8", 0 0, L_0000025c74015360;  1 drivers
v0000025c73f8f240_0 .net "a", 0 0, L_0000025c73fa7f20;  1 drivers
v0000025c73f8e020_0 .net "b", 0 0, L_0000025c73fa9d20;  1 drivers
v0000025c73f8f2e0_0 .net "cin", 0 0, L_0000025c73fa9dc0;  1 drivers
v0000025c73f8dd00_0 .net "cout", 0 0, L_0000025c74015b40;  1 drivers
v0000025c73f8f4c0_0 .net "sum", 0 0, L_0000025c74014800;  1 drivers
S_0000025c73f93970 .scope generate, "fa_gen[11]" "fa_gen[11]" 9 17, 9 17 0, S_0000025c73f7d200;
 .timescale 0 0;
P_0000025c73e94e00 .param/l "i" 0 9 17, +C4<01011>;
S_0000025c73f90db0 .scope module, "fa" "full_adder" 9 18, 9 33 0, S_0000025c73f93970;
 .timescale 0 0;
    .port_info 0 /INPUT 1 "a";
    .port_info 1 /INPUT 1 "b";
    .port_info 2 /INPUT 1 "cin";
    .port_info 3 /OUTPUT 1 "sum";
    .port_info 4 /OUTPUT 1 "cout";
L_0000025c74014db0 .functor XOR 1, L_0000025c73fa9f00, L_0000025c73fabee0, C4<0>, C4<0>;
L_0000025c74014250 .functor XOR 1, L_0000025c74014db0, L_0000025c73fab120, C4<0>, C4<0>;
L_0000025c74014d40 .functor AND 1, L_0000025c73fa9f00, L_0000025c73fabee0, C4<1>, C4<1>;
L_0000025c74015c20 .functor XOR 1, L_0000025c73fa9f00, L_0000025c73fabee0, C4<0>, C4<0>;
L_0000025c74014e20 .functor AND 1, L_0000025c73fab120, L_0000025c74015c20, C4<1>, C4<1>;
L_0000025c740148e0 .functor OR 1, L_0000025c74014d40, L_0000025c74014e20, C4<0>, C4<0>;
v0000025c73f8d800_0 .net *"_ivl_0", 0 0, L_0000025c74014db0;  1 drivers
v0000025c73f8d120_0 .net *"_ivl_4", 0 0, L_0000025c74014d40;  1 drivers
v0000025c73f8d3a0_0 .net *"_ivl_6", 0 0, L_0000025c74015c20;  1 drivers
v0000025c73f8d8a0_0 .net *"_ivl_8", 0 0, L_0000025c74014e20;  1 drivers
v0000025c73f8d260_0 .net "a", 0 0, L_0000025c73fa9f00;  1 drivers
v0000025c73f8f420_0 .net "b", 0 0, L_0000025c73fabee0;  1 drivers
v0000025c73f8f380_0 .net "cin", 0 0, L_0000025c73fab120;  1 drivers
v0000025c73f8e520_0 .net "cout", 0 0, L_0000025c740148e0;  1 drivers
v0000025c73f8d440_0 .net "sum", 0 0, L_0000025c74014250;  1 drivers
S_0000025c73f90900 .scope generate, "fa_gen[12]" "fa_gen[12]" 9 17, 9 17 0, S_0000025c73f7d200;
 .timescale 0 0;
P_0000025c73e942c0 .param/l "i" 0 9 17, +C4<01100>;
S_0000025c73f90a90 .scope module, "fa" "full_adder" 9 18, 9 33 0, S_0000025c73f90900;
 .timescale 0 0;
    .port_info 0 /INPUT 1 "a";
    .port_info 1 /INPUT 1 "b";
    .port_info 2 /INPUT 1 "cin";
    .port_info 3 /OUTPUT 1 "sum";
    .port_info 4 /OUTPUT 1 "cout";
L_0000025c740142c0 .functor XOR 1, L_0000025c73fac7a0, L_0000025c73fac5c0, C4<0>, C4<0>;
L_0000025c74014330 .functor XOR 1, L_0000025c740142c0, L_0000025c73fab1c0, C4<0>, C4<0>;
L_0000025c740143a0 .functor AND 1, L_0000025c73fac7a0, L_0000025c73fac5c0, C4<1>, C4<1>;
L_0000025c74014f00 .functor XOR 1, L_0000025c73fac7a0, L_0000025c73fac5c0, C4<0>, C4<0>;
L_0000025c74014bf0 .functor AND 1, L_0000025c73fab1c0, L_0000025c74014f00, C4<1>, C4<1>;
L_0000025c74014950 .functor OR 1, L_0000025c740143a0, L_0000025c74014bf0, C4<0>, C4<0>;
v0000025c73f8ef20_0 .net *"_ivl_0", 0 0, L_0000025c740142c0;  1 drivers
v0000025c73f8d580_0 .net *"_ivl_4", 0 0, L_0000025c740143a0;  1 drivers
v0000025c73f8da80_0 .net *"_ivl_6", 0 0, L_0000025c74014f00;  1 drivers
v0000025c73f8db20_0 .net *"_ivl_8", 0 0, L_0000025c74014bf0;  1 drivers
v0000025c73f8f560_0 .net "a", 0 0, L_0000025c73fac7a0;  1 drivers
v0000025c73f8dbc0_0 .net "b", 0 0, L_0000025c73fac5c0;  1 drivers
v0000025c73f8f740_0 .net "cin", 0 0, L_0000025c73fab1c0;  1 drivers
v0000025c73f8dc60_0 .net "cout", 0 0, L_0000025c74014950;  1 drivers
v0000025c73f8d300_0 .net "sum", 0 0, L_0000025c74014330;  1 drivers
S_0000025c73f90f40 .scope generate, "fa_gen[13]" "fa_gen[13]" 9 17, 9 17 0, S_0000025c73f7d200;
 .timescale 0 0;
P_0000025c73e94a40 .param/l "i" 0 9 17, +C4<01101>;
S_0000025c73f93e20 .scope module, "fa" "full_adder" 9 18, 9 33 0, S_0000025c73f90f40;
 .timescale 0 0;
    .port_info 0 /INPUT 1 "a";
    .port_info 1 /INPUT 1 "b";
    .port_info 2 /INPUT 1 "cin";
    .port_info 3 /OUTPUT 1 "sum";
    .port_info 4 /OUTPUT 1 "cout";
L_0000025c740159f0 .functor XOR 1, L_0000025c73faa400, L_0000025c73faafe0, C4<0>, C4<0>;
L_0000025c740149c0 .functor XOR 1, L_0000025c740159f0, L_0000025c73fac520, C4<0>, C4<0>;
L_0000025c740156e0 .functor AND 1, L_0000025c73faa400, L_0000025c73faafe0, C4<1>, C4<1>;
L_0000025c740157c0 .functor XOR 1, L_0000025c73faa400, L_0000025c73faafe0, C4<0>, C4<0>;
L_0000025c74015ad0 .functor AND 1, L_0000025c73fac520, L_0000025c740157c0, C4<1>, C4<1>;
L_0000025c74014fe0 .functor OR 1, L_0000025c740156e0, L_0000025c74015ad0, C4<0>, C4<0>;
v0000025c73f8e980_0 .net *"_ivl_0", 0 0, L_0000025c740159f0;  1 drivers
v0000025c73f8f600_0 .net *"_ivl_4", 0 0, L_0000025c740156e0;  1 drivers
v0000025c73f8e3e0_0 .net *"_ivl_6", 0 0, L_0000025c740157c0;  1 drivers
v0000025c73f8e200_0 .net *"_ivl_8", 0 0, L_0000025c74015ad0;  1 drivers
v0000025c73f8d6c0_0 .net "a", 0 0, L_0000025c73faa400;  1 drivers
v0000025c73f8d760_0 .net "b", 0 0, L_0000025c73faafe0;  1 drivers
v0000025c73f8de40_0 .net "cin", 0 0, L_0000025c73fac520;  1 drivers
v0000025c73f8dee0_0 .net "cout", 0 0, L_0000025c74014fe0;  1 drivers
v0000025c73f8df80_0 .net "sum", 0 0, L_0000025c740149c0;  1 drivers
S_0000025c73f90c20 .scope generate, "fa_gen[14]" "fa_gen[14]" 9 17, 9 17 0, S_0000025c73f7d200;
 .timescale 0 0;
P_0000025c73e94d80 .param/l "i" 0 9 17, +C4<01110>;
S_0000025c73f942d0 .scope module, "fa" "full_adder" 9 18, 9 33 0, S_0000025c73f90c20;
 .timescale 0 0;
    .port_info 0 /INPUT 1 "a";
    .port_info 1 /INPUT 1 "b";
    .port_info 2 /INPUT 1 "cin";
    .port_info 3 /OUTPUT 1 "sum";
    .port_info 4 /OUTPUT 1 "cout";
L_0000025c74014560 .functor XOR 1, L_0000025c73faa860, L_0000025c73faba80, C4<0>, C4<0>;
L_0000025c74014a30 .functor XOR 1, L_0000025c74014560, L_0000025c73fac840, C4<0>, C4<0>;
L_0000025c74015c90 .functor AND 1, L_0000025c73faa860, L_0000025c73faba80, C4<1>, C4<1>;
L_0000025c74015050 .functor XOR 1, L_0000025c73faa860, L_0000025c73faba80, C4<0>, C4<0>;
L_0000025c740150c0 .functor AND 1, L_0000025c73fac840, L_0000025c74015050, C4<1>, C4<1>;
L_0000025c74014aa0 .functor OR 1, L_0000025c74015c90, L_0000025c740150c0, C4<0>, C4<0>;
v0000025c73f8e0c0_0 .net *"_ivl_0", 0 0, L_0000025c74014560;  1 drivers
v0000025c73f8e160_0 .net *"_ivl_4", 0 0, L_0000025c74015c90;  1 drivers
v0000025c73f8e2a0_0 .net *"_ivl_6", 0 0, L_0000025c74015050;  1 drivers
v0000025c73f8e340_0 .net *"_ivl_8", 0 0, L_0000025c740150c0;  1 drivers
v0000025c73f8e5c0_0 .net "a", 0 0, L_0000025c73faa860;  1 drivers
v0000025c73f8e660_0 .net "b", 0 0, L_0000025c73faba80;  1 drivers
v0000025c73f8e7a0_0 .net "cin", 0 0, L_0000025c73fac840;  1 drivers
v0000025c73f8ea20_0 .net "cout", 0 0, L_0000025c74014aa0;  1 drivers
v0000025c73f8e840_0 .net "sum", 0 0, L_0000025c74014a30;  1 drivers
S_0000025c73f91a30 .scope generate, "fa_gen[15]" "fa_gen[15]" 9 17, 9 17 0, S_0000025c73f7d200;
 .timescale 0 0;
P_0000025c73e94dc0 .param/l "i" 0 9 17, +C4<01111>;
S_0000025c73f945f0 .scope module, "fa" "full_adder" 9 18, 9 33 0, S_0000025c73f91a30;
 .timescale 0 0;
    .port_info 0 /INPUT 1 "a";
    .port_info 1 /INPUT 1 "b";
    .port_info 2 /INPUT 1 "cin";
    .port_info 3 /OUTPUT 1 "sum";
    .port_info 4 /OUTPUT 1 "cout";
L_0000025c740153d0 .functor XOR 1, L_0000025c73fabf80, L_0000025c73faaa40, C4<0>, C4<0>;
L_0000025c74014410 .functor XOR 1, L_0000025c740153d0, L_0000025c73fac480, C4<0>, C4<0>;
L_0000025c74014b10 .functor AND 1, L_0000025c73fabf80, L_0000025c73faaa40, C4<1>, C4<1>;
L_0000025c74014480 .functor XOR 1, L_0000025c73fabf80, L_0000025c73faaa40, C4<0>, C4<0>;
L_0000025c740144f0 .functor AND 1, L_0000025c73fac480, L_0000025c74014480, C4<1>, C4<1>;
L_0000025c740145d0 .functor OR 1, L_0000025c74014b10, L_0000025c740144f0, C4<0>, C4<0>;
v0000025c73f8eb60_0 .net *"_ivl_0", 0 0, L_0000025c740153d0;  1 drivers
v0000025c73f8ec00_0 .net *"_ivl_4", 0 0, L_0000025c74014b10;  1 drivers
v0000025c73f8eca0_0 .net *"_ivl_6", 0 0, L_0000025c74014480;  1 drivers
v0000025c73f8ed40_0 .net *"_ivl_8", 0 0, L_0000025c740144f0;  1 drivers
v0000025c73f8ede0_0 .net "a", 0 0, L_0000025c73fabf80;  1 drivers
v0000025c73f90640_0 .net "b", 0 0, L_0000025c73faaa40;  1 drivers
v0000025c73f903c0_0 .net "cin", 0 0, L_0000025c73fac480;  1 drivers
v0000025c73f8fec0_0 .net "cout", 0 0, L_0000025c740145d0;  1 drivers
v0000025c73f8fa60_0 .net "sum", 0 0, L_0000025c74014410;  1 drivers
S_0000025c73f93010 .scope generate, "fa_gen[16]" "fa_gen[16]" 9 17, 9 17 0, S_0000025c73f7d200;
 .timescale 0 0;
P_0000025c73e94840 .param/l "i" 0 9 17, +C4<010000>;
S_0000025c73f931a0 .scope module, "fa" "full_adder" 9 18, 9 33 0, S_0000025c73f93010;
 .timescale 0 0;
    .port_info 0 /INPUT 1 "a";
    .port_info 1 /INPUT 1 "b";
    .port_info 2 /INPUT 1 "cin";
    .port_info 3 /OUTPUT 1 "sum";
    .port_info 4 /OUTPUT 1 "cout";
L_0000025c74014b80 .functor XOR 1, L_0000025c73faa900, L_0000025c73fac700, C4<0>, C4<0>;
L_0000025c74015130 .functor XOR 1, L_0000025c74014b80, L_0000025c73fac8e0, C4<0>, C4<0>;
L_0000025c740151a0 .functor AND 1, L_0000025c73faa900, L_0000025c73fac700, C4<1>, C4<1>;
L_0000025c74015280 .functor XOR 1, L_0000025c73faa900, L_0000025c73fac700, C4<0>, C4<0>;
L_0000025c74015440 .functor AND 1, L_0000025c73fac8e0, L_0000025c74015280, C4<1>, C4<1>;
L_0000025c740154b0 .functor OR 1, L_0000025c740151a0, L_0000025c74015440, C4<0>, C4<0>;
v0000025c73f8f920_0 .net *"_ivl_0", 0 0, L_0000025c74014b80;  1 drivers
v0000025c73f90500_0 .net *"_ivl_4", 0 0, L_0000025c740151a0;  1 drivers
v0000025c73f906e0_0 .net *"_ivl_6", 0 0, L_0000025c74015280;  1 drivers
v0000025c73f8fe20_0 .net *"_ivl_8", 0 0, L_0000025c74015440;  1 drivers
v0000025c73f8ff60_0 .net "a", 0 0, L_0000025c73faa900;  1 drivers
v0000025c73f90320_0 .net "b", 0 0, L_0000025c73fac700;  1 drivers
v0000025c73f90780_0 .net "cin", 0 0, L_0000025c73fac8e0;  1 drivers
v0000025c73f8fc40_0 .net "cout", 0 0, L_0000025c740154b0;  1 drivers
v0000025c73f900a0_0 .net "sum", 0 0, L_0000025c74015130;  1 drivers
S_0000025c73f93b00 .scope generate, "fa_gen[17]" "fa_gen[17]" 9 17, 9 17 0, S_0000025c73f7d200;
 .timescale 0 0;
P_0000025c73e94300 .param/l "i" 0 9 17, +C4<010001>;
S_0000025c73f92e80 .scope module, "fa" "full_adder" 9 18, 9 33 0, S_0000025c73f93b00;
 .timescale 0 0;
    .port_info 0 /INPUT 1 "a";
    .port_info 1 /INPUT 1 "b";
    .port_info 2 /INPUT 1 "cin";
    .port_info 3 /OUTPUT 1 "sum";
    .port_info 4 /OUTPUT 1 "cout";
L_0000025c74015520 .functor XOR 1, L_0000025c73faa220, L_0000025c73faa540, C4<0>, C4<0>;
L_0000025c74015590 .functor XOR 1, L_0000025c74015520, L_0000025c73faa4a0, C4<0>, C4<0>;
L_0000025c74016a90 .functor AND 1, L_0000025c73faa220, L_0000025c73faa540, C4<1>, C4<1>;
L_0000025c74017510 .functor XOR 1, L_0000025c73faa220, L_0000025c73faa540, C4<0>, C4<0>;
L_0000025c74017350 .functor AND 1, L_0000025c73faa4a0, L_0000025c74017510, C4<1>, C4<1>;
L_0000025c74016630 .functor OR 1, L_0000025c74016a90, L_0000025c74017350, C4<0>, C4<0>;
v0000025c73f90000_0 .net *"_ivl_0", 0 0, L_0000025c74015520;  1 drivers
v0000025c73f8fb00_0 .net *"_ivl_4", 0 0, L_0000025c74016a90;  1 drivers
v0000025c73f8fce0_0 .net *"_ivl_6", 0 0, L_0000025c74017510;  1 drivers
v0000025c73f8fd80_0 .net *"_ivl_8", 0 0, L_0000025c74017350;  1 drivers
v0000025c73f90460_0 .net "a", 0 0, L_0000025c73faa220;  1 drivers
v0000025c73f90140_0 .net "b", 0 0, L_0000025c73faa540;  1 drivers
v0000025c73f901e0_0 .net "cin", 0 0, L_0000025c73faa4a0;  1 drivers
v0000025c73f905a0_0 .net "cout", 0 0, L_0000025c74016630;  1 drivers
v0000025c73f8f9c0_0 .net "sum", 0 0, L_0000025c74015590;  1 drivers
S_0000025c73f92cf0 .scope generate, "fa_gen[18]" "fa_gen[18]" 9 17, 9 17 0, S_0000025c73f7d200;
 .timescale 0 0;
P_0000025c73e94b00 .param/l "i" 0 9 17, +C4<010010>;
S_0000025c73f93330 .scope module, "fa" "full_adder" 9 18, 9 33 0, S_0000025c73f92cf0;
 .timescale 0 0;
    .port_info 0 /INPUT 1 "a";
    .port_info 1 /INPUT 1 "b";
    .port_info 2 /INPUT 1 "cin";
    .port_info 3 /OUTPUT 1 "sum";
    .port_info 4 /OUTPUT 1 "cout";
L_0000025c74016390 .functor XOR 1, L_0000025c73fac660, L_0000025c73faa9a0, C4<0>, C4<0>;
L_0000025c74016400 .functor XOR 1, L_0000025c74016390, L_0000025c73fac020, C4<0>, C4<0>;
L_0000025c740166a0 .functor AND 1, L_0000025c73fac660, L_0000025c73faa9a0, C4<1>, C4<1>;
L_0000025c74016f60 .functor XOR 1, L_0000025c73fac660, L_0000025c73faa9a0, C4<0>, C4<0>;
L_0000025c74016b00 .functor AND 1, L_0000025c73fac020, L_0000025c74016f60, C4<1>, C4<1>;
L_0000025c74015f30 .functor OR 1, L_0000025c740166a0, L_0000025c74016b00, C4<0>, C4<0>;
v0000025c73f8fba0_0 .net *"_ivl_0", 0 0, L_0000025c74016390;  1 drivers
v0000025c73f90280_0 .net *"_ivl_4", 0 0, L_0000025c740166a0;  1 drivers
v0000025c73f80d80_0 .net *"_ivl_6", 0 0, L_0000025c74016f60;  1 drivers
v0000025c73f81f00_0 .net *"_ivl_8", 0 0, L_0000025c74016b00;  1 drivers
v0000025c73f82ae0_0 .net "a", 0 0, L_0000025c73fac660;  1 drivers
v0000025c73f811e0_0 .net "b", 0 0, L_0000025c73faa9a0;  1 drivers
v0000025c73f81780_0 .net "cin", 0 0, L_0000025c73fac020;  1 drivers
v0000025c73f82400_0 .net "cout", 0 0, L_0000025c74015f30;  1 drivers
v0000025c73f81820_0 .net "sum", 0 0, L_0000025c74016400;  1 drivers
S_0000025c73f92070 .scope generate, "fa_gen[19]" "fa_gen[19]" 9 17, 9 17 0, S_0000025c73f7d200;
 .timescale 0 0;
P_0000025c73e95000 .param/l "i" 0 9 17, +C4<010011>;
S_0000025c73f934c0 .scope module, "fa" "full_adder" 9 18, 9 33 0, S_0000025c73f92070;
 .timescale 0 0;
    .port_info 0 /INPUT 1 "a";
    .port_info 1 /INPUT 1 "b";
    .port_info 2 /INPUT 1 "cin";
    .port_info 3 /OUTPUT 1 "sum";
    .port_info 4 /OUTPUT 1 "cout";
L_0000025c74017270 .functor XOR 1, L_0000025c73faa180, L_0000025c73fab620, C4<0>, C4<0>;
L_0000025c74016470 .functor XOR 1, L_0000025c74017270, L_0000025c73fab440, C4<0>, C4<0>;
L_0000025c74015de0 .functor AND 1, L_0000025c73faa180, L_0000025c73fab620, C4<1>, C4<1>;
L_0000025c74015e50 .functor XOR 1, L_0000025c73faa180, L_0000025c73fab620, C4<0>, C4<0>;
L_0000025c74017200 .functor AND 1, L_0000025c73fab440, L_0000025c74015e50, C4<1>, C4<1>;
L_0000025c740164e0 .functor OR 1, L_0000025c74015de0, L_0000025c74017200, C4<0>, C4<0>;
v0000025c73f81640_0 .net *"_ivl_0", 0 0, L_0000025c74017270;  1 drivers
v0000025c73f82e00_0 .net *"_ivl_4", 0 0, L_0000025c74015de0;  1 drivers
v0000025c73f82220_0 .net *"_ivl_6", 0 0, L_0000025c74015e50;  1 drivers
v0000025c73f81000_0 .net *"_ivl_8", 0 0, L_0000025c74017200;  1 drivers
v0000025c73f81aa0_0 .net "a", 0 0, L_0000025c73faa180;  1 drivers
v0000025c73f810a0_0 .net "b", 0 0, L_0000025c73fab620;  1 drivers
v0000025c73f81140_0 .net "cin", 0 0, L_0000025c73fab440;  1 drivers
v0000025c73f824a0_0 .net "cout", 0 0, L_0000025c740164e0;  1 drivers
v0000025c73f82c20_0 .net "sum", 0 0, L_0000025c74016470;  1 drivers
S_0000025c73f91260 .scope generate, "fa_gen[20]" "fa_gen[20]" 9 17, 9 17 0, S_0000025c73f7d200;
 .timescale 0 0;
P_0000025c73e95280 .param/l "i" 0 9 17, +C4<010100>;
S_0000025c73f93650 .scope module, "fa" "full_adder" 9 18, 9 33 0, S_0000025c73f91260;
 .timescale 0 0;
    .port_info 0 /INPUT 1 "a";
    .port_info 1 /INPUT 1 "b";
    .port_info 2 /INPUT 1 "cin";
    .port_info 3 /OUTPUT 1 "sum";
    .port_info 4 /OUTPUT 1 "cout";
L_0000025c74016b70 .functor XOR 1, L_0000025c73fabb20, L_0000025c73faa2c0, C4<0>, C4<0>;
L_0000025c74016160 .functor XOR 1, L_0000025c74016b70, L_0000025c73faaae0, C4<0>, C4<0>;
L_0000025c740172e0 .functor AND 1, L_0000025c73fabb20, L_0000025c73faa2c0, C4<1>, C4<1>;
L_0000025c74016be0 .functor XOR 1, L_0000025c73fabb20, L_0000025c73faa2c0, C4<0>, C4<0>;
L_0000025c74016c50 .functor AND 1, L_0000025c73faaae0, L_0000025c74016be0, C4<1>, C4<1>;
L_0000025c740170b0 .functor OR 1, L_0000025c740172e0, L_0000025c74016c50, C4<0>, C4<0>;
v0000025c73f82720_0 .net *"_ivl_0", 0 0, L_0000025c74016b70;  1 drivers
v0000025c73f82cc0_0 .net *"_ivl_4", 0 0, L_0000025c740172e0;  1 drivers
v0000025c73f818c0_0 .net *"_ivl_6", 0 0, L_0000025c74016be0;  1 drivers
v0000025c73f81460_0 .net *"_ivl_8", 0 0, L_0000025c74016c50;  1 drivers
v0000025c73f80a60_0 .net "a", 0 0, L_0000025c73fabb20;  1 drivers
v0000025c73f827c0_0 .net "b", 0 0, L_0000025c73faa2c0;  1 drivers
v0000025c73f82540_0 .net "cin", 0 0, L_0000025c73faaae0;  1 drivers
v0000025c73f82b80_0 .net "cout", 0 0, L_0000025c740170b0;  1 drivers
v0000025c73f82680_0 .net "sum", 0 0, L_0000025c74016160;  1 drivers
S_0000025c73f92200 .scope generate, "fa_gen[21]" "fa_gen[21]" 9 17, 9 17 0, S_0000025c73f7d200;
 .timescale 0 0;
P_0000025c73e94f40 .param/l "i" 0 9 17, +C4<010101>;
S_0000025c73f913f0 .scope module, "fa" "full_adder" 9 18, 9 33 0, S_0000025c73f92200;
 .timescale 0 0;
    .port_info 0 /INPUT 1 "a";
    .port_info 1 /INPUT 1 "b";
    .port_info 2 /INPUT 1 "cin";
    .port_info 3 /OUTPUT 1 "sum";
    .port_info 4 /OUTPUT 1 "cout";
L_0000025c740173c0 .functor XOR 1, L_0000025c73fac0c0, L_0000025c73faa7c0, C4<0>, C4<0>;
L_0000025c74016a20 .functor XOR 1, L_0000025c740173c0, L_0000025c73faae00, C4<0>, C4<0>;
L_0000025c740167f0 .functor AND 1, L_0000025c73fac0c0, L_0000025c73faa7c0, C4<1>, C4<1>;
L_0000025c74016010 .functor XOR 1, L_0000025c73fac0c0, L_0000025c73faa7c0, C4<0>, C4<0>;
L_0000025c74016780 .functor AND 1, L_0000025c73faae00, L_0000025c74016010, C4<1>, C4<1>;
L_0000025c74016710 .functor OR 1, L_0000025c740167f0, L_0000025c74016780, C4<0>, C4<0>;
v0000025c73f82d60_0 .net *"_ivl_0", 0 0, L_0000025c740173c0;  1 drivers
v0000025c73f80b00_0 .net *"_ivl_4", 0 0, L_0000025c740167f0;  1 drivers
v0000025c73f82860_0 .net *"_ivl_6", 0 0, L_0000025c74016010;  1 drivers
v0000025c73f825e0_0 .net *"_ivl_8", 0 0, L_0000025c74016780;  1 drivers
v0000025c73f82900_0 .net "a", 0 0, L_0000025c73fac0c0;  1 drivers
v0000025c73f829a0_0 .net "b", 0 0, L_0000025c73faa7c0;  1 drivers
v0000025c73f82360_0 .net "cin", 0 0, L_0000025c73faae00;  1 drivers
v0000025c73f82ea0_0 .net "cout", 0 0, L_0000025c74016710;  1 drivers
v0000025c73f82a40_0 .net "sum", 0 0, L_0000025c74016a20;  1 drivers
S_0000025c73f91bc0 .scope generate, "fa_gen[22]" "fa_gen[22]" 9 17, 9 17 0, S_0000025c73f7d200;
 .timescale 0 0;
P_0000025c73e94400 .param/l "i" 0 9 17, +C4<010110>;
S_0000025c73f92390 .scope module, "fa" "full_adder" 9 18, 9 33 0, S_0000025c73f91bc0;
 .timescale 0 0;
    .port_info 0 /INPUT 1 "a";
    .port_info 1 /INPUT 1 "b";
    .port_info 2 /INPUT 1 "cin";
    .port_info 3 /OUTPUT 1 "sum";
    .port_info 4 /OUTPUT 1 "cout";
L_0000025c74016fd0 .functor XOR 1, L_0000025c73faa5e0, L_0000025c73fab260, C4<0>, C4<0>;
L_0000025c74016cc0 .functor XOR 1, L_0000025c74016fd0, L_0000025c73faa680, C4<0>, C4<0>;
L_0000025c74016320 .functor AND 1, L_0000025c73faa5e0, L_0000025c73fab260, C4<1>, C4<1>;
L_0000025c740162b0 .functor XOR 1, L_0000025c73faa5e0, L_0000025c73fab260, C4<0>, C4<0>;
L_0000025c74015fa0 .functor AND 1, L_0000025c73faa680, L_0000025c740162b0, C4<1>, C4<1>;
L_0000025c74016550 .functor OR 1, L_0000025c74016320, L_0000025c74015fa0, C4<0>, C4<0>;
v0000025c73f816e0_0 .net *"_ivl_0", 0 0, L_0000025c74016fd0;  1 drivers
v0000025c73f81280_0 .net *"_ivl_4", 0 0, L_0000025c74016320;  1 drivers
v0000025c73f80f60_0 .net *"_ivl_6", 0 0, L_0000025c740162b0;  1 drivers
v0000025c73f815a0_0 .net *"_ivl_8", 0 0, L_0000025c74015fa0;  1 drivers
v0000025c73f81c80_0 .net "a", 0 0, L_0000025c73faa5e0;  1 drivers
v0000025c73f82040_0 .net "b", 0 0, L_0000025c73fab260;  1 drivers
v0000025c73f81b40_0 .net "cin", 0 0, L_0000025c73faa680;  1 drivers
v0000025c73f81500_0 .net "cout", 0 0, L_0000025c74016550;  1 drivers
v0000025c73f81320_0 .net "sum", 0 0, L_0000025c74016cc0;  1 drivers
S_0000025c73f91d50 .scope generate, "fa_gen[23]" "fa_gen[23]" 9 17, 9 17 0, S_0000025c73f7d200;
 .timescale 0 0;
P_0000025c73e94ac0 .param/l "i" 0 9 17, +C4<010111>;
S_0000025c73f94460 .scope module, "fa" "full_adder" 9 18, 9 33 0, S_0000025c73f91d50;
 .timescale 0 0;
    .port_info 0 /INPUT 1 "a";
    .port_info 1 /INPUT 1 "b";
    .port_info 2 /INPUT 1 "cin";
    .port_info 3 /OUTPUT 1 "sum";
    .port_info 4 /OUTPUT 1 "cout";
L_0000025c74015ec0 .functor XOR 1, L_0000025c73faa720, L_0000025c73faab80, C4<0>, C4<0>;
L_0000025c74016240 .functor XOR 1, L_0000025c74015ec0, L_0000025c73fab760, C4<0>, C4<0>;
L_0000025c74016e80 .functor AND 1, L_0000025c73faa720, L_0000025c73faab80, C4<1>, C4<1>;
L_0000025c74016d30 .functor XOR 1, L_0000025c73faa720, L_0000025c73faab80, C4<0>, C4<0>;
L_0000025c74016da0 .functor AND 1, L_0000025c73fab760, L_0000025c74016d30, C4<1>, C4<1>;
L_0000025c740168d0 .functor OR 1, L_0000025c74016e80, L_0000025c74016da0, C4<0>, C4<0>;
v0000025c73f80ce0_0 .net *"_ivl_0", 0 0, L_0000025c74015ec0;  1 drivers
v0000025c73f80e20_0 .net *"_ivl_4", 0 0, L_0000025c74016e80;  1 drivers
v0000025c73f81be0_0 .net *"_ivl_6", 0 0, L_0000025c74016d30;  1 drivers
v0000025c73f82f40_0 .net *"_ivl_8", 0 0, L_0000025c74016da0;  1 drivers
v0000025c73f82fe0_0 .net "a", 0 0, L_0000025c73faa720;  1 drivers
v0000025c73f81d20_0 .net "b", 0 0, L_0000025c73faab80;  1 drivers
v0000025c73f83080_0 .net "cin", 0 0, L_0000025c73fab760;  1 drivers
v0000025c73f81dc0_0 .net "cout", 0 0, L_0000025c740168d0;  1 drivers
v0000025c73f813c0_0 .net "sum", 0 0, L_0000025c74016240;  1 drivers
S_0000025c73f92840 .scope generate, "fa_gen[24]" "fa_gen[24]" 9 17, 9 17 0, S_0000025c73f7d200;
 .timescale 0 0;
P_0000025c73e95240 .param/l "i" 0 9 17, +C4<011000>;
S_0000025c73f93c90 .scope module, "fa" "full_adder" 9 18, 9 33 0, S_0000025c73f92840;
 .timescale 0 0;
    .port_info 0 /INPUT 1 "a";
    .port_info 1 /INPUT 1 "b";
    .port_info 2 /INPUT 1 "cin";
    .port_info 3 /OUTPUT 1 "sum";
    .port_info 4 /OUTPUT 1 "cout";
L_0000025c74016e10 .functor XOR 1, L_0000025c73fac160, L_0000025c73faa360, C4<0>, C4<0>;
L_0000025c74017900 .functor XOR 1, L_0000025c74016e10, L_0000025c73faac20, C4<0>, C4<0>;
L_0000025c74017580 .functor AND 1, L_0000025c73fac160, L_0000025c73faa360, C4<1>, C4<1>;
L_0000025c74017740 .functor XOR 1, L_0000025c73fac160, L_0000025c73faa360, C4<0>, C4<0>;
L_0000025c74016080 .functor AND 1, L_0000025c73faac20, L_0000025c74017740, C4<1>, C4<1>;
L_0000025c74017660 .functor OR 1, L_0000025c74017580, L_0000025c74016080, C4<0>, C4<0>;
v0000025c73f81960_0 .net *"_ivl_0", 0 0, L_0000025c74016e10;  1 drivers
v0000025c73f80920_0 .net *"_ivl_4", 0 0, L_0000025c74017580;  1 drivers
v0000025c73f809c0_0 .net *"_ivl_6", 0 0, L_0000025c74017740;  1 drivers
v0000025c73f80ba0_0 .net *"_ivl_8", 0 0, L_0000025c74016080;  1 drivers
v0000025c73f81a00_0 .net "a", 0 0, L_0000025c73fac160;  1 drivers
v0000025c73f80c40_0 .net "b", 0 0, L_0000025c73faa360;  1 drivers
v0000025c73f80ec0_0 .net "cin", 0 0, L_0000025c73faac20;  1 drivers
v0000025c73f81e60_0 .net "cout", 0 0, L_0000025c74017660;  1 drivers
v0000025c73f81fa0_0 .net "sum", 0 0, L_0000025c74017900;  1 drivers
S_0000025c73f92520 .scope generate, "fa_gen[25]" "fa_gen[25]" 9 17, 9 17 0, S_0000025c73f7d200;
 .timescale 0 0;
P_0000025c73e94800 .param/l "i" 0 9 17, +C4<011001>;
S_0000025c73f91580 .scope module, "fa" "full_adder" 9 18, 9 33 0, S_0000025c73f92520;
 .timescale 0 0;
    .port_info 0 /INPUT 1 "a";
    .port_info 1 /INPUT 1 "b";
    .port_info 2 /INPUT 1 "cin";
    .port_info 3 /OUTPUT 1 "sum";
    .port_info 4 /OUTPUT 1 "cout";
L_0000025c740160f0 .functor XOR 1, L_0000025c73faacc0, L_0000025c73faad60, C4<0>, C4<0>;
L_0000025c740176d0 .functor XOR 1, L_0000025c740160f0, L_0000025c73fac200, C4<0>, C4<0>;
L_0000025c740161d0 .functor AND 1, L_0000025c73faacc0, L_0000025c73faad60, C4<1>, C4<1>;
L_0000025c74016ef0 .functor XOR 1, L_0000025c73faacc0, L_0000025c73faad60, C4<0>, C4<0>;
L_0000025c740177b0 .functor AND 1, L_0000025c73fac200, L_0000025c74016ef0, C4<1>, C4<1>;
L_0000025c74017430 .functor OR 1, L_0000025c740161d0, L_0000025c740177b0, C4<0>, C4<0>;
v0000025c73f820e0_0 .net *"_ivl_0", 0 0, L_0000025c740160f0;  1 drivers
v0000025c73f82180_0 .net *"_ivl_4", 0 0, L_0000025c740161d0;  1 drivers
v0000025c73f822c0_0 .net *"_ivl_6", 0 0, L_0000025c74016ef0;  1 drivers
v0000025c73f83440_0 .net *"_ivl_8", 0 0, L_0000025c740177b0;  1 drivers
v0000025c73f85740_0 .net "a", 0 0, L_0000025c73faacc0;  1 drivers
v0000025c73f85880_0 .net "b", 0 0, L_0000025c73faad60;  1 drivers
v0000025c73f83120_0 .net "cin", 0 0, L_0000025c73fac200;  1 drivers
v0000025c73f843e0_0 .net "cout", 0 0, L_0000025c74017430;  1 drivers
v0000025c73f831c0_0 .net "sum", 0 0, L_0000025c740176d0;  1 drivers
S_0000025c73f91710 .scope generate, "fa_gen[26]" "fa_gen[26]" 9 17, 9 17 0, S_0000025c73f7d200;
 .timescale 0 0;
P_0000025c73e94340 .param/l "i" 0 9 17, +C4<011010>;
S_0000025c73f93fb0 .scope module, "fa" "full_adder" 9 18, 9 33 0, S_0000025c73f91710;
 .timescale 0 0;
    .port_info 0 /INPUT 1 "a";
    .port_info 1 /INPUT 1 "b";
    .port_info 2 /INPUT 1 "cin";
    .port_info 3 /OUTPUT 1 "sum";
    .port_info 4 /OUTPUT 1 "cout";
L_0000025c74017890 .functor XOR 1, L_0000025c73faaea0, L_0000025c73faaf40, C4<0>, C4<0>;
L_0000025c740165c0 .functor XOR 1, L_0000025c74017890, L_0000025c73fab080, C4<0>, C4<0>;
L_0000025c74017040 .functor AND 1, L_0000025c73faaea0, L_0000025c73faaf40, C4<1>, C4<1>;
L_0000025c74017120 .functor XOR 1, L_0000025c73faaea0, L_0000025c73faaf40, C4<0>, C4<0>;
L_0000025c74016860 .functor AND 1, L_0000025c73fab080, L_0000025c74017120, C4<1>, C4<1>;
L_0000025c74016940 .functor OR 1, L_0000025c74017040, L_0000025c74016860, C4<0>, C4<0>;
v0000025c73f84fc0_0 .net *"_ivl_0", 0 0, L_0000025c74017890;  1 drivers
v0000025c73f852e0_0 .net *"_ivl_4", 0 0, L_0000025c74017040;  1 drivers
v0000025c73f84f20_0 .net *"_ivl_6", 0 0, L_0000025c74017120;  1 drivers
v0000025c73f84200_0 .net *"_ivl_8", 0 0, L_0000025c74016860;  1 drivers
v0000025c73f83940_0 .net "a", 0 0, L_0000025c73faaea0;  1 drivers
v0000025c73f85060_0 .net "b", 0 0, L_0000025c73faaf40;  1 drivers
v0000025c73f84700_0 .net "cin", 0 0, L_0000025c73fab080;  1 drivers
v0000025c73f85420_0 .net "cout", 0 0, L_0000025c74016940;  1 drivers
v0000025c73f848e0_0 .net "sum", 0 0, L_0000025c740165c0;  1 drivers
S_0000025c73f918a0 .scope generate, "fa_gen[27]" "fa_gen[27]" 9 17, 9 17 0, S_0000025c73f7d200;
 .timescale 0 0;
P_0000025c73e94580 .param/l "i" 0 9 17, +C4<011011>;
S_0000025c73f94140 .scope module, "fa" "full_adder" 9 18, 9 33 0, S_0000025c73f918a0;
 .timescale 0 0;
    .port_info 0 /INPUT 1 "a";
    .port_info 1 /INPUT 1 "b";
    .port_info 2 /INPUT 1 "cin";
    .port_info 3 /OUTPUT 1 "sum";
    .port_info 4 /OUTPUT 1 "cout";
L_0000025c740175f0 .functor XOR 1, L_0000025c73fabc60, L_0000025c73fac2a0, C4<0>, C4<0>;
L_0000025c740174a0 .functor XOR 1, L_0000025c740175f0, L_0000025c73fab300, C4<0>, C4<0>;
L_0000025c74017820 .functor AND 1, L_0000025c73fabc60, L_0000025c73fac2a0, C4<1>, C4<1>;
L_0000025c74017190 .functor XOR 1, L_0000025c73fabc60, L_0000025c73fac2a0, C4<0>, C4<0>;
L_0000025c74015d70 .functor AND 1, L_0000025c73fab300, L_0000025c74017190, C4<1>, C4<1>;
L_0000025c740169b0 .functor OR 1, L_0000025c74017820, L_0000025c74015d70, C4<0>, C4<0>;
v0000025c73f851a0_0 .net *"_ivl_0", 0 0, L_0000025c740175f0;  1 drivers
v0000025c73f85380_0 .net *"_ivl_4", 0 0, L_0000025c74017820;  1 drivers
v0000025c73f84840_0 .net *"_ivl_6", 0 0, L_0000025c74017190;  1 drivers
v0000025c73f84ac0_0 .net *"_ivl_8", 0 0, L_0000025c74015d70;  1 drivers
v0000025c73f834e0_0 .net "a", 0 0, L_0000025c73fabc60;  1 drivers
v0000025c73f83580_0 .net "b", 0 0, L_0000025c73fac2a0;  1 drivers
v0000025c73f839e0_0 .net "cin", 0 0, L_0000025c73fab300;  1 drivers
v0000025c73f83a80_0 .net "cout", 0 0, L_0000025c740169b0;  1 drivers
v0000025c73f836c0_0 .net "sum", 0 0, L_0000025c740174a0;  1 drivers
S_0000025c73f91ee0 .scope generate, "fa_gen[28]" "fa_gen[28]" 9 17, 9 17 0, S_0000025c73f7d200;
 .timescale 0 0;
P_0000025c73e94fc0 .param/l "i" 0 9 17, +C4<011100>;
S_0000025c73f929d0 .scope module, "fa" "full_adder" 9 18, 9 33 0, S_0000025c73f91ee0;
 .timescale 0 0;
    .port_info 0 /INPUT 1 "a";
    .port_info 1 /INPUT 1 "b";
    .port_info 2 /INPUT 1 "cin";
    .port_info 3 /OUTPUT 1 "sum";
    .port_info 4 /OUTPUT 1 "cout";
L_0000025c74017f90 .functor XOR 1, L_0000025c73fab940, L_0000025c73fab3a0, C4<0>, C4<0>;
L_0000025c74018540 .functor XOR 1, L_0000025c74017f90, L_0000025c73fac340, C4<0>, C4<0>;
L_0000025c74018380 .functor AND 1, L_0000025c73fab940, L_0000025c73fab3a0, C4<1>, C4<1>;
L_0000025c740184d0 .functor XOR 1, L_0000025c73fab940, L_0000025c73fab3a0, C4<0>, C4<0>;
L_0000025c74018000 .functor AND 1, L_0000025c73fac340, L_0000025c740184d0, C4<1>, C4<1>;
L_0000025c740185b0 .functor OR 1, L_0000025c74018380, L_0000025c74018000, C4<0>, C4<0>;
v0000025c73f84980_0 .net *"_ivl_0", 0 0, L_0000025c74017f90;  1 drivers
v0000025c73f83c60_0 .net *"_ivl_4", 0 0, L_0000025c74018380;  1 drivers
v0000025c73f842a0_0 .net *"_ivl_6", 0 0, L_0000025c740184d0;  1 drivers
v0000025c73f84160_0 .net *"_ivl_8", 0 0, L_0000025c74018000;  1 drivers
v0000025c73f83620_0 .net "a", 0 0, L_0000025c73fab940;  1 drivers
v0000025c73f84520_0 .net "b", 0 0, L_0000025c73fab3a0;  1 drivers
v0000025c73f83b20_0 .net "cin", 0 0, L_0000025c73fac340;  1 drivers
v0000025c73f84e80_0 .net "cout", 0 0, L_0000025c740185b0;  1 drivers
v0000025c73f847a0_0 .net "sum", 0 0, L_0000025c74018540;  1 drivers
S_0000025c73f92b60 .scope generate, "fa_gen[29]" "fa_gen[29]" 9 17, 9 17 0, S_0000025c73f7d200;
 .timescale 0 0;
P_0000025c73e94380 .param/l "i" 0 9 17, +C4<011101>;
S_0000025c73f95400 .scope module, "fa" "full_adder" 9 18, 9 33 0, S_0000025c73f92b60;
 .timescale 0 0;
    .port_info 0 /INPUT 1 "a";
    .port_info 1 /INPUT 1 "b";
    .port_info 2 /INPUT 1 "cin";
    .port_info 3 /OUTPUT 1 "sum";
    .port_info 4 /OUTPUT 1 "cout";
L_0000025c74018070 .functor XOR 1, L_0000025c73fab4e0, L_0000025c73fab580, C4<0>, C4<0>;
L_0000025c74018620 .functor XOR 1, L_0000025c74018070, L_0000025c73fab6c0, C4<0>, C4<0>;
L_0000025c74017970 .functor AND 1, L_0000025c73fab4e0, L_0000025c73fab580, C4<1>, C4<1>;
L_0000025c740183f0 .functor XOR 1, L_0000025c73fab4e0, L_0000025c73fab580, C4<0>, C4<0>;
L_0000025c74018460 .functor AND 1, L_0000025c73fab6c0, L_0000025c740183f0, C4<1>, C4<1>;
L_0000025c74018230 .functor OR 1, L_0000025c74017970, L_0000025c74018460, C4<0>, C4<0>;
v0000025c73f845c0_0 .net *"_ivl_0", 0 0, L_0000025c74018070;  1 drivers
v0000025c73f84660_0 .net *"_ivl_4", 0 0, L_0000025c74017970;  1 drivers
v0000025c73f84a20_0 .net *"_ivl_6", 0 0, L_0000025c740183f0;  1 drivers
v0000025c73f83ee0_0 .net *"_ivl_8", 0 0, L_0000025c74018460;  1 drivers
v0000025c73f83260_0 .net "a", 0 0, L_0000025c73fab4e0;  1 drivers
v0000025c73f84c00_0 .net "b", 0 0, L_0000025c73fab580;  1 drivers
v0000025c73f84020_0 .net "cin", 0 0, L_0000025c73fab6c0;  1 drivers
v0000025c73f85100_0 .net "cout", 0 0, L_0000025c74018230;  1 drivers
v0000025c73f83d00_0 .net "sum", 0 0, L_0000025c74018620;  1 drivers
S_0000025c73f96e90 .scope generate, "fa_gen[30]" "fa_gen[30]" 9 17, 9 17 0, S_0000025c73f7d200;
 .timescale 0 0;
P_0000025c73e94a80 .param/l "i" 0 9 17, +C4<011110>;
S_0000025c73f96b70 .scope module, "fa" "full_adder" 9 18, 9 33 0, S_0000025c73f96e90;
 .timescale 0 0;
    .port_info 0 /INPUT 1 "a";
    .port_info 1 /INPUT 1 "b";
    .port_info 2 /INPUT 1 "cin";
    .port_info 3 /OUTPUT 1 "sum";
    .port_info 4 /OUTPUT 1 "cout";
L_0000025c74018770 .functor XOR 1, L_0000025c73fab800, L_0000025c73fac3e0, C4<0>, C4<0>;
L_0000025c74018690 .functor XOR 1, L_0000025c74018770, L_0000025c73fab8a0, C4<0>, C4<0>;
L_0000025c74017c10 .functor AND 1, L_0000025c73fab800, L_0000025c73fac3e0, C4<1>, C4<1>;
L_0000025c74018700 .functor XOR 1, L_0000025c73fab800, L_0000025c73fac3e0, C4<0>, C4<0>;
L_0000025c740182a0 .functor AND 1, L_0000025c73fab8a0, L_0000025c74018700, C4<1>, C4<1>;
L_0000025c74017cf0 .functor OR 1, L_0000025c74017c10, L_0000025c740182a0, C4<0>, C4<0>;
v0000025c73f85600_0 .net *"_ivl_0", 0 0, L_0000025c74018770;  1 drivers
v0000025c73f84b60_0 .net *"_ivl_4", 0 0, L_0000025c74017c10;  1 drivers
v0000025c73f83800_0 .net *"_ivl_6", 0 0, L_0000025c74018700;  1 drivers
v0000025c73f84de0_0 .net *"_ivl_8", 0 0, L_0000025c740182a0;  1 drivers
v0000025c73f83760_0 .net "a", 0 0, L_0000025c73fab800;  1 drivers
v0000025c73f84ca0_0 .net "b", 0 0, L_0000025c73fac3e0;  1 drivers
v0000025c73f854c0_0 .net "cin", 0 0, L_0000025c73fab8a0;  1 drivers
v0000025c73f85560_0 .net "cout", 0 0, L_0000025c74017cf0;  1 drivers
v0000025c73f84480_0 .net "sum", 0 0, L_0000025c74018690;  1 drivers
S_0000025c73f96530 .scope generate, "fa_gen[31]" "fa_gen[31]" 9 17, 9 17 0, S_0000025c73f7d200;
 .timescale 0 0;
P_0000025c73e94b40 .param/l "i" 0 9 17, +C4<011111>;
S_0000025c73f94aa0 .scope module, "fa" "full_adder" 9 18, 9 33 0, S_0000025c73f96530;
 .timescale 0 0;
    .port_info 0 /INPUT 1 "a";
    .port_info 1 /INPUT 1 "b";
    .port_info 2 /INPUT 1 "cin";
    .port_info 3 /OUTPUT 1 "sum";
    .port_info 4 /OUTPUT 1 "cout";
L_0000025c74017d60 .functor XOR 1, L_0000025c73fab9e0, L_0000025c73fabbc0, C4<0>, C4<0>;
L_0000025c740179e0 .functor XOR 1, L_0000025c74017d60, L_0000025c73fabd00, C4<0>, C4<0>;
L_0000025c740180e0 .functor AND 1, L_0000025c73fab9e0, L_0000025c73fabbc0, C4<1>, C4<1>;
L_0000025c74017ba0 .functor XOR 1, L_0000025c73fab9e0, L_0000025c73fabbc0, C4<0>, C4<0>;
L_0000025c74017c80 .functor AND 1, L_0000025c73fabd00, L_0000025c74017ba0, C4<1>, C4<1>;
L_0000025c74018150 .functor OR 1, L_0000025c740180e0, L_0000025c74017c80, C4<0>, C4<0>;
v0000025c73f856a0_0 .net *"_ivl_0", 0 0, L_0000025c74017d60;  1 drivers
v0000025c73f840c0_0 .net *"_ivl_4", 0 0, L_0000025c740180e0;  1 drivers
v0000025c73f83da0_0 .net *"_ivl_6", 0 0, L_0000025c74017ba0;  1 drivers
v0000025c73f857e0_0 .net *"_ivl_8", 0 0, L_0000025c74017c80;  1 drivers
v0000025c73f84d40_0 .net "a", 0 0, L_0000025c73fab9e0;  1 drivers
v0000025c73f83300_0 .net "b", 0 0, L_0000025c73fabbc0;  1 drivers
v0000025c73f85240_0 .net "cin", 0 0, L_0000025c73fabd00;  1 drivers
v0000025c73f833a0_0 .net "cout", 0 0, L_0000025c74018150;  1 drivers
v0000025c73f838a0_0 .net "sum", 0 0, L_0000025c740179e0;  1 drivers
S_0000025c73f97020 .scope module, "Y" "reg32" 15 41, 16 2 0, S_0000025c73f7d6b0;
 .timescale 0 0;
    .port_info 0 /INPUT 1 "clk";
    .port_info 1 /INPUT 1 "reset";
    .port_info 2 /INPUT 1 "en";
    .port_info 3 /INPUT 32 "d_in";
    .port_info 4 /OUTPUT 32 "d_out";
v0000025c73f86e60_0 .net "clk", 0 0, v0000025c73fa52c0_0;  alias, 1 drivers
v0000025c73f86aa0_0 .net "d_in", 31 0, v0000025c73f7a290_0;  alias, 1 drivers
v0000025c73f86140_0 .var "d_out", 31 0;
v0000025c73f86a00_0 .net "en", 0 0, v0000025c73e6a980_0;  alias, 1 drivers
v0000025c73f86820_0 .net "reset", 0 0, v0000025c73fa8060_0;  alias, 1 drivers
S_0000025c73f982e0 .scope module, "ZHIGH" "reg32" 15 49, 16 2 0, S_0000025c73f7d6b0;
 .timescale 0 0;
    .port_info 0 /INPUT 1 "clk";
    .port_info 1 /INPUT 1 "reset";
    .port_info 2 /INPUT 1 "en";
    .port_info 3 /INPUT 32 "d_in";
    .port_info 4 /OUTPUT 32 "d_out";
v0000025c73f88080_0 .net "clk", 0 0, v0000025c73fa52c0_0;  alias, 1 drivers
v0000025c73f86960_0 .net "d_in", 31 0, v0000025c73f7a290_0;  alias, 1 drivers
v0000025c73f868c0_0 .var "d_out", 31 0;
v0000025c73f85a60_0 .net "en", 0 0, L_0000025c73fb8a98;  alias, 1 drivers
v0000025c73f85b00_0 .net "reset", 0 0, v0000025c73fa8060_0;  alias, 1 drivers
S_0000025c73f95720 .scope module, "ZLOW" "reg32" 15 57, 16 2 0, S_0000025c73f7d6b0;
 .timescale 0 0;
    .port_info 0 /INPUT 1 "clk";
    .port_info 1 /INPUT 1 "reset";
    .port_info 2 /INPUT 1 "en";
    .port_info 3 /INPUT 32 "d_in";
    .port_info 4 /OUTPUT 32 "d_out";
v0000025c73f86dc0_0 .net "clk", 0 0, v0000025c73fa52c0_0;  alias, 1 drivers
v0000025c73f87c20_0 .net "d_in", 31 0, v0000025c73f7a290_0;  alias, 1 drivers
v0000025c73f86640_0 .var "d_out", 31 0;
v0000025c73f86280_0 .net "en", 0 0, L_0000025c73fb8ae0;  alias, 1 drivers
v0000025c73f86b40_0 .net "reset", 0 0, v0000025c73fa8060_0;  alias, 1 drivers
S_0000025c73f97980 .scope module, "mdr_inst" "mdr" 5 140, 18 2 0, S_0000025c73a83620;
 .timescale 0 0;
    .port_info 0 /INPUT 1 "clk";
    .port_info 1 /INPUT 1 "reset";
    .port_info 2 /INPUT 1 "MDRin";
    .port_info 3 /INPUT 1 "Read";
    .port_info 4 /INPUT 32 "BusMuxOut";
    .port_info 5 /INPUT 32 "Mdatain";
    .port_info 6 /OUTPUT 32 "MDR_val";
v0000025c73f85920_0 .net "BusMuxOut", 31 0, v0000025c73f7a290_0;  alias, 1 drivers
v0000025c73f85c40_0 .var "MDR_val", 31 0;
v0000025c73f87fe0_0 .net "MDRin", 0 0, v0000025c73e6a480_0;  alias, 1 drivers
v0000025c73f87f40_0 .net "Mdatain", 31 0, L_0000025c73fae500;  alias, 1 drivers
v0000025c73f86460_0 .net "Read", 0 0, v0000025c73e6c780_0;  alias, 1 drivers
v0000025c73f85d80_0 .net "clk", 0 0, v0000025c73fa52c0_0;  alias, 1 drivers
v0000025c73f860a0_0 .net "reset", 0 0, v0000025c73fa8060_0;  alias, 1 drivers
S_0000025c73f97340 .scope module, "mux_encoder_inst" "mux_encoder" 5 184, 13 66 0, S_0000025c73a83620;
 .timescale 0 0;
    .port_info 0 /INPUT 16 "Rout_decoded";
    .port_info 1 /INPUT 5 "other_sel";
    .port_info 2 /OUTPUT 5 "mux_sel";
v0000025c73f87360_0 .net "Rout_decoded", 15 0, L_0000025c74017eb0;  alias, 1 drivers
v0000025c73f874a0_0 .var "mux_sel", 4 0;
v0000025c73f85e20_0 .net "other_sel", 4 0, v0000025c73e6c8c0_0;  alias, 1 drivers
E_0000025c73e94e80 .event anyedge, v0000025c73f87360_0, v0000025c73e6c8c0_0;
S_0000025c73f98470 .scope module, "outport_inst" "outport" 5 207, 14 1 0, S_0000025c73a83620;
 .timescale 0 0;
    .port_info 0 /INPUT 1 "clk";
    .port_info 1 /INPUT 1 "reset";
    .port_info 2 /INPUT 1 "outport_in";
    .port_info 3 /INPUT 32 "BusMuxOut";
    .port_info 4 /OUTPUT 32 "outport_val";
v0000025c73f85ec0_0 .net "BusMuxOut", 31 0, v0000025c73f7a290_0;  alias, 1 drivers
v0000025c73f87540_0 .net "clk", 0 0, v0000025c73fa52c0_0;  alias, 1 drivers
v0000025c73f85f60_0 .net "outport_in", 0 0, v0000025c73e6c820_0;  alias, 1 drivers
v0000025c73f875e0_0 .var "outport_val", 31 0;
v0000025c73f87680_0 .net "reset", 0 0, v0000025c73fa8060_0;  alias, 1 drivers
S_0000025c73f97e30 .scope module, "ram_inst" "ram" 5 152, 19 5 0, S_0000025c73a83620;
 .timescale 0 0;
    .port_info 0 /INPUT 1 "clk";
    .port_info 1 /INPUT 1 "ram_read";
    .port_info 2 /INPUT 1 "ram_en";
    .port_info 3 /INPUT 9 "ram_addr";
    .port_info 4 /INPUT 32 "ram_in";
    .port_info 5 /OUTPUT 32 "ram_val";
L_0000025c740181c0 .functor AND 1, v0000025c73e6b740_0, v0000025c73e6c780_0, C4<1>, C4<1>;
v0000025c73f9e600_0 .net *"_ivl_1", 0 0, L_0000025c740181c0;  1 drivers
v0000025c73f9ef60_0 .net *"_ivl_2", 31 0, L_0000025c73fadc40;  1 drivers
v0000025c73f9ec40_0 .net *"_ivl_4", 10 0, L_0000025c73fae780;  1 drivers
L_0000025c73fb8b28 .functor BUFT 1, C4<00>, C4<0>, C4<0>, C4<0>;
v0000025c73f9e240_0 .net *"_ivl_7", 1 0, L_0000025c73fb8b28;  1 drivers
L_0000025c73fb8b70 .functor BUFT 1, C4<00000000000000000000000000000000>, C4<0>, C4<0>, C4<0>;
v0000025c73f9fd20_0 .net/2u *"_ivl_8", 31 0, L_0000025c73fb8b70;  1 drivers
v0000025c73f9e6a0_0 .net "clk", 0 0, v0000025c73fa52c0_0;  alias, 1 drivers
v0000025c73f9f500 .array "mem", 511 0, 31 0;
v0000025c73f9e740_0 .net "ram_addr", 8 0, L_0000025c73fadf60;  1 drivers
v0000025c73f9f820_0 .net "ram_en", 0 0, v0000025c73e6b740_0;  alias, 1 drivers
v0000025c73f9fa00_0 .net "ram_in", 31 0, v0000025c73f7a290_0;  alias, 1 drivers
v0000025c73f9f320_0 .net "ram_read", 0 0, v0000025c73e6c780_0;  alias, 1 drivers
v0000025c73f9f140_0 .net "ram_val", 31 0, L_0000025c73fae500;  alias, 1 drivers
L_0000025c73fadc40 .array/port v0000025c73f9f500, L_0000025c73fae780;
L_0000025c73fae780 .concat [ 9 2 0 0], L_0000025c73fadf60, L_0000025c73fb8b28;
L_0000025c73fae500 .functor MUXZ 32, L_0000025c73fb8b70, L_0000025c73fadc40, L_0000025c740181c0, C4<>;
S_0000025c73f95590 .scope module, "rf" "regfile16" 5 105, 16 40 0, S_0000025c73a83620;
 .timescale 0 0;
    .port_info 0 /INPUT 1 "clk";
    .port_info 1 /INPUT 1 "reset";
    .port_info 2 /INPUT 1 "r0_zeroes";
    .port_info 3 /INPUT 16 "rin";
    .port_info 4 /INPUT 32 "bus";
    .port_info 5 /OUTPUT 32 "r0_out";
    .port_info 6 /OUTPUT 32 "r1_out";
    .port_info 7 /OUTPUT 32 "r2_out";
    .port_info 8 /OUTPUT 32 "r3_out";
    .port_info 9 /OUTPUT 32 "r4_out";
    .port_info 10 /OUTPUT 32 "r5_out";
    .port_info 11 /OUTPUT 32 "r6_out";
    .port_info 12 /OUTPUT 32 "r7_out";
    .port_info 13 /OUTPUT 32 "r8_out";
    .port_info 14 /OUTPUT 32 "r9_out";
    .port_info 15 /OUTPUT 32 "r10_out";
    .port_info 16 /OUTPUT 32 "r11_out";
    .port_info 17 /OUTPUT 32 "r12_out";
    .port_info 18 /OUTPUT 32 "r13_out";
    .port_info 19 /OUTPUT 32 "r14_out";
    .port_info 20 /OUTPUT 32 "r15_out";
v0000025c73fa22a0_0 .net "bus", 31 0, v0000025c73f7a290_0;  alias, 1 drivers
v0000025c73fa0900_0 .net "clk", 0 0, v0000025c73fa52c0_0;  alias, 1 drivers
v0000025c73fa27a0_0 .net "r0_out", 31 0, L_0000025c73fa8600;  alias, 1 drivers
v0000025c73fa2840_0 .net "r0_zeroes", 0 0, L_0000025c74018310;  alias, 1 drivers
v0000025c73fa1260_0 .net "r10_out", 31 0, v0000025c73f9fb40_0;  alias, 1 drivers
v0000025c73fa1d00_0 .net "r11_out", 31 0, v0000025c73f9ffa0_0;  alias, 1 drivers
v0000025c73fa09a0_0 .net "r12_out", 31 0, v0000025c73f9f640_0;  alias, 1 drivers
v0000025c73fa1e40_0 .net "r13_out", 31 0, v0000025c73f9f460_0;  alias, 1 drivers
v0000025c73fa0220_0 .net "r14_out", 31 0, v0000025c73f9e560_0;  alias, 1 drivers
v0000025c73fa1580_0 .net "r15_out", 31 0, v0000025c73f9d980_0;  alias, 1 drivers
v0000025c73fa04a0_0 .net "r1_out", 31 0, v0000025c73f9e7e0_0;  alias, 1 drivers
v0000025c73fa05e0_0 .net "r2_out", 31 0, v0000025c73f9f280_0;  alias, 1 drivers
v0000025c73fa0680_0 .net "r3_out", 31 0, v0000025c73f9e060_0;  alias, 1 drivers
v0000025c73fa1620_0 .net "r4_out", 31 0, v0000025c73fa1da0_0;  alias, 1 drivers
v0000025c73fa16c0_0 .net "r5_out", 31 0, v0000025c73fa0860_0;  alias, 1 drivers
v0000025c73fa0720_0 .net "r6_out", 31 0, v0000025c73fa0ae0_0;  alias, 1 drivers
v0000025c73fa0b80_0 .net "r7_out", 31 0, v0000025c73fa0360_0;  alias, 1 drivers
v0000025c73fa0c20_0 .net "r8_out", 31 0, v0000025c73fa0400_0;  alias, 1 drivers
v0000025c73fa1c60_0 .net "r9_out", 31 0, v0000025c73fa2660_0;  alias, 1 drivers
v0000025c73fa0e00_0 .net "reset", 0 0, v0000025c73fa8060_0;  alias, 1 drivers
v0000025c73fa07c0_0 .net "rin", 15 0, L_0000025c73e23ff0;  1 drivers
L_0000025c73fa86a0 .part L_0000025c73e23ff0, 0, 1;
L_0000025c73fa9460 .part L_0000025c73e23ff0, 1, 1;
L_0000025c73fa90a0 .part L_0000025c73e23ff0, 2, 1;
L_0000025c73fa7c00 .part L_0000025c73e23ff0, 3, 1;
L_0000025c73fa82e0 .part L_0000025c73e23ff0, 4, 1;
L_0000025c73fa8880 .part L_0000025c73e23ff0, 5, 1;
L_0000025c73fa9780 .part L_0000025c73e23ff0, 6, 1;
L_0000025c73fa91e0 .part L_0000025c73e23ff0, 7, 1;
L_0000025c73fa8380 .part L_0000025c73e23ff0, 8, 1;
L_0000025c73faa0e0 .part L_0000025c73e23ff0, 9, 1;
L_0000025c73fa7ac0 .part L_0000025c73e23ff0, 10, 1;
L_0000025c73fa89c0 .part L_0000025c73e23ff0, 11, 1;
L_0000025c73fa7b60 .part L_0000025c73e23ff0, 12, 1;
L_0000025c73fa7d40 .part L_0000025c73e23ff0, 13, 1;
L_0000025c73fa8240 .part L_0000025c73e23ff0, 14, 1;
L_0000025c73fa8420 .part L_0000025c73e23ff0, 15, 1;
S_0000025c73f963a0 .scope module, "r0" "reg32_r0" 16 65, 16 19 0, S_0000025c73f95590;
 .timescale 0 0;
    .port_info 0 /INPUT 1 "clk";
    .port_info 1 /INPUT 1 "reset";
    .port_info 2 /INPUT 1 "en";
    .port_info 3 /INPUT 1 "r0_zeroes";
    .port_info 4 /INPUT 32 "d_in";
    .port_info 5 /OUTPUT 32 "d_out";
L_0000025c73fb8930 .functor BUFT 1, C4<00000000000000000000000000000000>, C4<0>, C4<0>, C4<0>;
v0000025c73f9f6e0_0 .net/2u *"_ivl_0", 31 0, L_0000025c73fb8930;  1 drivers
v0000025c73f9e380_0 .net "clk", 0 0, v0000025c73fa52c0_0;  alias, 1 drivers
v0000025c73f9ff00_0 .var "d", 31 0;
v0000025c73fa00e0_0 .net "d_in", 31 0, v0000025c73f7a290_0;  alias, 1 drivers
v0000025c73f9e9c0_0 .net "d_out", 31 0, L_0000025c73fa8600;  alias, 1 drivers
v0000025c73f9ea60_0 .net "en", 0 0, L_0000025c73fa86a0;  1 drivers
v0000025c73f9de80_0 .net "r0_zeroes", 0 0, L_0000025c74018310;  alias, 1 drivers
v0000025c73f9faa0_0 .net "reset", 0 0, v0000025c73fa8060_0;  alias, 1 drivers
L_0000025c73fa8600 .functor MUXZ 32, v0000025c73f9ff00_0, L_0000025c73fb8930, L_0000025c74018310, C4<>;
S_0000025c73f958b0 .scope module, "r1" "reg32" 16 73, 16 2 0, S_0000025c73f95590;
 .timescale 0 0;
    .port_info 0 /INPUT 1 "clk";
    .port_info 1 /INPUT 1 "reset";
    .port_info 2 /INPUT 1 "en";
    .port_info 3 /INPUT 32 "d_in";
    .port_info 4 /OUTPUT 32 "d_out";
v0000025c73f9ed80_0 .net "clk", 0 0, v0000025c73fa52c0_0;  alias, 1 drivers
v0000025c73f9fc80_0 .net "d_in", 31 0, v0000025c73f7a290_0;  alias, 1 drivers
v0000025c73f9e7e0_0 .var "d_out", 31 0;
v0000025c73f9e2e0_0 .net "en", 0 0, L_0000025c73fa9460;  1 drivers
v0000025c73f9e920_0 .net "reset", 0 0, v0000025c73fa8060_0;  alias, 1 drivers
S_0000025c73f977f0 .scope module, "r10" "reg32" 16 136, 16 2 0, S_0000025c73f95590;
 .timescale 0 0;
    .port_info 0 /INPUT 1 "clk";
    .port_info 1 /INPUT 1 "reset";
    .port_info 2 /INPUT 1 "en";
    .port_info 3 /INPUT 32 "d_in";
    .port_info 4 /OUTPUT 32 "d_out";
v0000025c73f9f000_0 .net "clk", 0 0, v0000025c73fa52c0_0;  alias, 1 drivers
v0000025c73f9ece0_0 .net "d_in", 31 0, v0000025c73f7a290_0;  alias, 1 drivers
v0000025c73f9fb40_0 .var "d_out", 31 0;
v0000025c73f9f780_0 .net "en", 0 0, L_0000025c73fa7ac0;  1 drivers
v0000025c73f9fdc0_0 .net "reset", 0 0, v0000025c73fa8060_0;  alias, 1 drivers
S_0000025c73f97b10 .scope module, "r11" "reg32" 16 143, 16 2 0, S_0000025c73f95590;
 .timescale 0 0;
    .port_info 0 /INPUT 1 "clk";
    .port_info 1 /INPUT 1 "reset";
    .port_info 2 /INPUT 1 "en";
    .port_info 3 /INPUT 32 "d_in";
    .port_info 4 /OUTPUT 32 "d_out";
v0000025c73f9fe60_0 .net "clk", 0 0, v0000025c73fa52c0_0;  alias, 1 drivers
v0000025c73f9f1e0_0 .net "d_in", 31 0, v0000025c73f7a290_0;  alias, 1 drivers
v0000025c73f9ffa0_0 .var "d_out", 31 0;
v0000025c73f9dac0_0 .net "en", 0 0, L_0000025c73fa89c0;  1 drivers
v0000025c73f9f5a0_0 .net "reset", 0 0, v0000025c73fa8060_0;  alias, 1 drivers
S_0000025c73f94910 .scope module, "r12" "reg32" 16 150, 16 2 0, S_0000025c73f95590;
 .timescale 0 0;
    .port_info 0 /INPUT 1 "clk";
    .port_info 1 /INPUT 1 "reset";
    .port_info 2 /INPUT 1 "en";
    .port_info 3 /INPUT 32 "d_in";
    .port_info 4 /OUTPUT 32 "d_out";
v0000025c73f9eb00_0 .net "clk", 0 0, v0000025c73fa52c0_0;  alias, 1 drivers
v0000025c73f9f8c0_0 .net "d_in", 31 0, v0000025c73f7a290_0;  alias, 1 drivers
v0000025c73f9f640_0 .var "d_out", 31 0;
v0000025c73f9f960_0 .net "en", 0 0, L_0000025c73fa7b60;  1 drivers
v0000025c73f9f0a0_0 .net "reset", 0 0, v0000025c73fa8060_0;  alias, 1 drivers
S_0000025c73f95a40 .scope module, "r13" "reg32" 16 157, 16 2 0, S_0000025c73f95590;
 .timescale 0 0;
    .port_info 0 /INPUT 1 "clk";
    .port_info 1 /INPUT 1 "reset";
    .port_info 2 /INPUT 1 "en";
    .port_info 3 /INPUT 32 "d_in";
    .port_info 4 /OUTPUT 32 "d_out";
v0000025c73f9df20_0 .net "clk", 0 0, v0000025c73fa52c0_0;  alias, 1 drivers
v0000025c73f9e420_0 .net "d_in", 31 0, v0000025c73f7a290_0;  alias, 1 drivers
v0000025c73f9f460_0 .var "d_out", 31 0;
v0000025c73f9fbe0_0 .net "en", 0 0, L_0000025c73fa7d40;  1 drivers
v0000025c73f9dfc0_0 .net "reset", 0 0, v0000025c73fa8060_0;  alias, 1 drivers
S_0000025c73f95bd0 .scope module, "r14" "reg32" 16 164, 16 2 0, S_0000025c73f95590;
 .timescale 0 0;
    .port_info 0 /INPUT 1 "clk";
    .port_info 1 /INPUT 1 "reset";
    .port_info 2 /INPUT 1 "en";
    .port_info 3 /INPUT 32 "d_in";
    .port_info 4 /OUTPUT 32 "d_out";
v0000025c73f9eba0_0 .net "clk", 0 0, v0000025c73fa52c0_0;  alias, 1 drivers
v0000025c73f9e4c0_0 .net "d_in", 31 0, v0000025c73f7a290_0;  alias, 1 drivers
v0000025c73f9e560_0 .var "d_out", 31 0;
v0000025c73f9e100_0 .net "en", 0 0, L_0000025c73fa8240;  1 drivers
v0000025c73fa0040_0 .net "reset", 0 0, v0000025c73fa8060_0;  alias, 1 drivers
S_0000025c73f95d60 .scope module, "r15" "reg32" 16 171, 16 2 0, S_0000025c73f95590;
 .timescale 0 0;
    .port_info 0 /INPUT 1 "clk";
    .port_info 1 /INPUT 1 "reset";
    .port_info 2 /INPUT 1 "en";
    .port_info 3 /INPUT 32 "d_in";
    .port_info 4 /OUTPUT 32 "d_out";
v0000025c73f9ee20_0 .net "clk", 0 0, v0000025c73fa52c0_0;  alias, 1 drivers
v0000025c73f9dd40_0 .net "d_in", 31 0, v0000025c73f7a290_0;  alias, 1 drivers
v0000025c73f9d980_0 .var "d_out", 31 0;
v0000025c73f9da20_0 .net "en", 0 0, L_0000025c73fa8420;  1 drivers
v0000025c73f9db60_0 .net "reset", 0 0, v0000025c73fa8060_0;  alias, 1 drivers
S_0000025c73f971b0 .scope module, "r2" "reg32" 16 80, 16 2 0, S_0000025c73f95590;
 .timescale 0 0;
    .port_info 0 /INPUT 1 "clk";
    .port_info 1 /INPUT 1 "reset";
    .port_info 2 /INPUT 1 "en";
    .port_info 3 /INPUT 32 "d_in";
    .port_info 4 /OUTPUT 32 "d_out";
v0000025c73f9eec0_0 .net "clk", 0 0, v0000025c73fa52c0_0;  alias, 1 drivers
v0000025c73f9e880_0 .net "d_in", 31 0, v0000025c73f7a290_0;  alias, 1 drivers
v0000025c73f9f280_0 .var "d_out", 31 0;
v0000025c73f9f3c0_0 .net "en", 0 0, L_0000025c73fa90a0;  1 drivers
v0000025c73f9dc00_0 .net "reset", 0 0, v0000025c73fa8060_0;  alias, 1 drivers
S_0000025c73f95ef0 .scope module, "r3" "reg32" 16 87, 16 2 0, S_0000025c73f95590;
 .timescale 0 0;
    .port_info 0 /INPUT 1 "clk";
    .port_info 1 /INPUT 1 "reset";
    .port_info 2 /INPUT 1 "en";
    .port_info 3 /INPUT 32 "d_in";
    .port_info 4 /OUTPUT 32 "d_out";
v0000025c73f9dca0_0 .net "clk", 0 0, v0000025c73fa52c0_0;  alias, 1 drivers
v0000025c73f9dde0_0 .net "d_in", 31 0, v0000025c73f7a290_0;  alias, 1 drivers
v0000025c73f9e060_0 .var "d_out", 31 0;
v0000025c73f9e1a0_0 .net "en", 0 0, L_0000025c73fa7c00;  1 drivers
v0000025c73fa23e0_0 .net "reset", 0 0, v0000025c73fa8060_0;  alias, 1 drivers
S_0000025c73f96080 .scope module, "r4" "reg32" 16 94, 16 2 0, S_0000025c73f95590;
 .timescale 0 0;
    .port_info 0 /INPUT 1 "clk";
    .port_info 1 /INPUT 1 "reset";
    .port_info 2 /INPUT 1 "en";
    .port_info 3 /INPUT 32 "d_in";
    .port_info 4 /OUTPUT 32 "d_out";
v0000025c73fa1940_0 .net "clk", 0 0, v0000025c73fa52c0_0;  alias, 1 drivers
v0000025c73fa1f80_0 .net "d_in", 31 0, v0000025c73f7a290_0;  alias, 1 drivers
v0000025c73fa1da0_0 .var "d_out", 31 0;
v0000025c73fa0540_0 .net "en", 0 0, L_0000025c73fa82e0;  1 drivers
v0000025c73fa2020_0 .net "reset", 0 0, v0000025c73fa8060_0;  alias, 1 drivers
S_0000025c73f974d0 .scope module, "r5" "reg32" 16 101, 16 2 0, S_0000025c73f95590;
 .timescale 0 0;
    .port_info 0 /INPUT 1 "clk";
    .port_info 1 /INPUT 1 "reset";
    .port_info 2 /INPUT 1 "en";
    .port_info 3 /INPUT 32 "d_in";
    .port_info 4 /OUTPUT 32 "d_out";
v0000025c73fa1300_0 .net "clk", 0 0, v0000025c73fa52c0_0;  alias, 1 drivers
v0000025c73fa02c0_0 .net "d_in", 31 0, v0000025c73f7a290_0;  alias, 1 drivers
v0000025c73fa0860_0 .var "d_out", 31 0;
v0000025c73fa2480_0 .net "en", 0 0, L_0000025c73fa8880;  1 drivers
v0000025c73fa2340_0 .net "reset", 0 0, v0000025c73fa8060_0;  alias, 1 drivers
S_0000025c73f96210 .scope module, "r6" "reg32" 16 108, 16 2 0, S_0000025c73f95590;
 .timescale 0 0;
    .port_info 0 /INPUT 1 "clk";
    .port_info 1 /INPUT 1 "reset";
    .port_info 2 /INPUT 1 "en";
    .port_info 3 /INPUT 32 "d_in";
    .port_info 4 /OUTPUT 32 "d_out";
v0000025c73fa28e0_0 .net "clk", 0 0, v0000025c73fa52c0_0;  alias, 1 drivers
v0000025c73fa1440_0 .net "d_in", 31 0, v0000025c73f7a290_0;  alias, 1 drivers
v0000025c73fa0ae0_0 .var "d_out", 31 0;
v0000025c73fa0a40_0 .net "en", 0 0, L_0000025c73fa9780;  1 drivers
v0000025c73fa2520_0 .net "reset", 0 0, v0000025c73fa8060_0;  alias, 1 drivers
S_0000025c73f966c0 .scope module, "r7" "reg32" 16 115, 16 2 0, S_0000025c73f95590;
 .timescale 0 0;
    .port_info 0 /INPUT 1 "clk";
    .port_info 1 /INPUT 1 "reset";
    .port_info 2 /INPUT 1 "en";
    .port_info 3 /INPUT 32 "d_in";
    .port_info 4 /OUTPUT 32 "d_out";
v0000025c73fa25c0_0 .net "clk", 0 0, v0000025c73fa52c0_0;  alias, 1 drivers
v0000025c73fa20c0_0 .net "d_in", 31 0, v0000025c73f7a290_0;  alias, 1 drivers
v0000025c73fa0360_0 .var "d_out", 31 0;
v0000025c73fa19e0_0 .net "en", 0 0, L_0000025c73fa91e0;  1 drivers
v0000025c73fa11c0_0 .net "reset", 0 0, v0000025c73fa8060_0;  alias, 1 drivers
S_0000025c73f97ca0 .scope module, "r8" "reg32" 16 122, 16 2 0, S_0000025c73f95590;
 .timescale 0 0;
    .port_info 0 /INPUT 1 "clk";
    .port_info 1 /INPUT 1 "reset";
    .port_info 2 /INPUT 1 "en";
    .port_info 3 /INPUT 32 "d_in";
    .port_info 4 /OUTPUT 32 "d_out";
v0000025c73fa0180_0 .net "clk", 0 0, v0000025c73fa52c0_0;  alias, 1 drivers
v0000025c73fa0cc0_0 .net "d_in", 31 0, v0000025c73f7a290_0;  alias, 1 drivers
v0000025c73fa0400_0 .var "d_out", 31 0;
v0000025c73fa1120_0 .net "en", 0 0, L_0000025c73fa8380;  1 drivers
v0000025c73fa2200_0 .net "reset", 0 0, v0000025c73fa8060_0;  alias, 1 drivers
S_0000025c73f97660 .scope module, "r9" "reg32" 16 129, 16 2 0, S_0000025c73f95590;
 .timescale 0 0;
    .port_info 0 /INPUT 1 "clk";
    .port_info 1 /INPUT 1 "reset";
    .port_info 2 /INPUT 1 "en";
    .port_info 3 /INPUT 32 "d_in";
    .port_info 4 /OUTPUT 32 "d_out";
v0000025c73fa13a0_0 .net "clk", 0 0, v0000025c73fa52c0_0;  alias, 1 drivers
v0000025c73fa14e0_0 .net "d_in", 31 0, v0000025c73f7a290_0;  alias, 1 drivers
v0000025c73fa2660_0 .var "d_out", 31 0;
v0000025c73fa2160_0 .net "en", 0 0, L_0000025c73faa0e0;  1 drivers
v0000025c73fa2700_0 .net "reset", 0 0, v0000025c73fa8060_0;  alias, 1 drivers
S_0000025c73f97fc0 .scope module, "select_encode_inst" "select_encode" 5 161, 13 1 0, S_0000025c73a83620;
 .timescale 0 0;
    .port_info 0 /INPUT 32 "IRin";
    .port_info 1 /INPUT 1 "Gra";
    .port_info 2 /INPUT 1 "Grb";
    .port_info 3 /INPUT 1 "Grc";
    .port_info 4 /INPUT 1 "Rin";
    .port_info 5 /INPUT 1 "Rout";
    .port_info 6 /INPUT 1 "BAout";
    .port_info 7 /OUTPUT 16 "Rin_decoded";
    .port_info 8 /OUTPUT 16 "Rout_decoded";
    .port_info 9 /OUTPUT 1 "BAout_R0";
L_0000025c74018850 .functor AND 16, v0000025c73fa3240_0, L_0000025c73facc00, C4<1111111111111111>, C4<1111111111111111>;
L_0000025c74017eb0 .functor AND 16, v0000025c73fa3240_0, L_0000025c73fae820, C4<1111111111111111>, C4<1111111111111111>;
L_0000025c74018310 .functor AND 1, v0000025c73e6a3e0_0, L_0000025c73fad9c0, C4<1>, C4<1>;
v0000025c73fa0d60_0 .net "BAout", 0 0, v0000025c73e6a3e0_0;  alias, 1 drivers
v0000025c73fa0ea0_0 .net "BAout_R0", 0 0, L_0000025c74018310;  alias, 1 drivers
v0000025c73fa0f40_0 .net "Gra", 0 0, v0000025c73e6ab60_0;  alias, 1 drivers
v0000025c73fa1760_0 .net "Grb", 0 0, v0000025c73e6c640_0;  alias, 1 drivers
v0000025c73fa0fe0_0 .net "Grc", 0 0, v0000025c73e6a7a0_0;  alias, 1 drivers
v0000025c73fa1080_0 .net "IRin", 31 0, v0000025c73f8a880_0;  alias, 1 drivers
v0000025c73fa1800_0 .net "Ra", 3 0, L_0000025c73fadd80;  1 drivers
v0000025c73fa18a0_0 .net "Rb", 3 0, L_0000025c73fad240;  1 drivers
v0000025c73fa1ee0_0 .net "Rc", 3 0, L_0000025c73faed20;  1 drivers
v0000025c73fa1a80_0 .net "Rin", 0 0, v0000025c73e6bd80_0;  alias, 1 drivers
v0000025c73fa1b20_0 .net "Rin_decoded", 15 0, L_0000025c74018850;  alias, 1 drivers
v0000025c73fa1bc0_0 .net "Rout", 0 0, v0000025c73e6ad40_0;  alias, 1 drivers
v0000025c73fa3ce0_0 .net "Rout_decoded", 15 0, L_0000025c74017eb0;  alias, 1 drivers
v0000025c73fa3920_0 .net *"_ivl_10", 3 0, L_0000025c73fad100;  1 drivers
v0000025c73fa39c0_0 .net *"_ivl_14", 15 0, L_0000025c73facc00;  1 drivers
v0000025c73fa3a60_0 .net *"_ivl_18", 15 0, L_0000025c73fae820;  1 drivers
v0000025c73fa2de0_0 .net *"_ivl_23", 0 0, L_0000025c73fad9c0;  1 drivers
L_0000025c73fb8bb8 .functor BUFT 1, C4<0000>, C4<0>, C4<0>, C4<0>;
v0000025c73fa3f60_0 .net/2u *"_ivl_6", 3 0, L_0000025c73fb8bb8;  1 drivers
v0000025c73fa4b40_0 .net *"_ivl_8", 3 0, L_0000025c73fad6a0;  1 drivers
v0000025c73fa3240_0 .var "decoded", 15 0;
v0000025c73fa4a00_0 .net "reg_sel", 3 0, L_0000025c73fae460;  1 drivers
E_0000025c73e946c0 .event anyedge, v0000025c73fa4a00_0;
L_0000025c73fadd80 .part v0000025c73f8a880_0, 23, 4;
L_0000025c73fad240 .part v0000025c73f8a880_0, 19, 4;
L_0000025c73faed20 .part v0000025c73f8a880_0, 15, 4;
L_0000025c73fad6a0 .functor MUXZ 4, L_0000025c73fb8bb8, L_0000025c73faed20, v0000025c73e6a7a0_0, C4<>;
L_0000025c73fad100 .functor MUXZ 4, L_0000025c73fad6a0, L_0000025c73fad240, v0000025c73e6c640_0, C4<>;
L_0000025c73fae460 .functor MUXZ 4, L_0000025c73fad100, L_0000025c73fadd80, v0000025c73e6ab60_0, C4<>;
LS_0000025c73facc00_0_0 .concat [ 1 1 1 1], v0000025c73e6bd80_0, v0000025c73e6bd80_0, v0000025c73e6bd80_0, v0000025c73e6bd80_0;
LS_0000025c73facc00_0_4 .concat [ 1 1 1 1], v0000025c73e6bd80_0, v0000025c73e6bd80_0, v0000025c73e6bd80_0, v0000025c73e6bd80_0;
LS_0000025c73facc00_0_8 .concat [ 1 1 1 1], v0000025c73e6bd80_0, v0000025c73e6bd80_0, v0000025c73e6bd80_0, v0000025c73e6bd80_0;
LS_0000025c73facc00_0_12 .concat [ 1 1 1 1], v0000025c73e6bd80_0, v0000025c73e6bd80_0, v0000025c73e6bd80_0, v0000025c73e6bd80_0;
L_0000025c73facc00 .concat [ 4 4 4 4], LS_0000025c73facc00_0_0, LS_0000025c73facc00_0_4, LS_0000025c73facc00_0_8, LS_0000025c73facc00_0_12;
LS_0000025c73fae820_0_0 .concat [ 1 1 1 1], v0000025c73e6ad40_0, v0000025c73e6ad40_0, v0000025c73e6ad40_0, v0000025c73e6ad40_0;
LS_0000025c73fae820_0_4 .concat [ 1 1 1 1], v0000025c73e6ad40_0, v0000025c73e6ad40_0, v0000025c73e6ad40_0, v0000025c73e6ad40_0;
LS_0000025c73fae820_0_8 .concat [ 1 1 1 1], v0000025c73e6ad40_0, v0000025c73e6ad40_0, v0000025c73e6ad40_0, v0000025c73e6ad40_0;
LS_0000025c73fae820_0_12 .concat [ 1 1 1 1], v0000025c73e6ad40_0, v0000025c73e6ad40_0, v0000025c73e6ad40_0, v0000025c73e6ad40_0;
L_0000025c73fae820 .concat [ 4 4 4 4], LS_0000025c73fae820_0_0, LS_0000025c73fae820_0_4, LS_0000025c73fae820_0_8, LS_0000025c73fae820_0_12;
L_0000025c73fad9c0 .part v0000025c73fa3240_0, 0, 1;
S_0000025c73f98150 .scope begin, "dump_mem" "dump_mem" 2 106, 2 106 0, S_0000025c73e8e130;
 .timescale -9 -11;
v0000025c73fa5180_0 .var/i "fd", 31 0;
v0000025c73fa5220_0 .var/i "i", 31 0;
    .scope S_0000025c73a93e70;
T_0 ;
    %wait E_0000025c73e91b80;
    %load/vec4 v0000025c73e6bec0_0;
    %flag_set/vec4 8;
    %jmp/0xz  T_0.0, 8;
    %pushi/vec4 0, 0, 6;
    %assign/vec4 v0000025c73e6bf60_0, 0;
    %jmp T_0.1;
T_0.0 ;
    %load/vec4 v0000025c73e6b2e0_0;
    %assign/vec4 v0000025c73e6bf60_0, 0;
T_0.1 ;
    %jmp T_0;
    .thread T_0;
    .scope S_0000025c73a93e70;
T_1 ;
    %wait E_0000025c73e91380;
    %pushi/vec4 1, 0, 6;
    %store/vec4 v0000025c73e6b2e0_0, 0, 6;
    %load/vec4 v0000025c73e6ca00_0;
    %flag_set/vec4 8;
    %jmp/0xz  T_1.0, 8;
    %pushi/vec4 46, 0, 6;
    %store/vec4 v0000025c73e6b2e0_0, 0, 6;
    %jmp T_1.1;
T_1.0 ;
    %load/vec4 v0000025c73e6bf60_0;
    %dup/vec4;
    %pushi/vec4 0, 0, 6;
    %cmp/u;
    %jmp/1 T_1.2, 6;
    %dup/vec4;
    %pushi/vec4 1, 0, 6;
    %cmp/u;
    %jmp/1 T_1.3, 6;
    %dup/vec4;
    %pushi/vec4 2, 0, 6;
    %cmp/u;
    %jmp/1 T_1.4, 6;
    %dup/vec4;
    %pushi/vec4 3, 0, 6;
    %cmp/u;
    %jmp/1 T_1.5, 6;
    %dup/vec4;
    %pushi/vec4 4, 0, 6;
    %cmp/u;
    %jmp/1 T_1.6, 6;
    %dup/vec4;
    %pushi/vec4 5, 0, 6;
    %cmp/u;
    %jmp/1 T_1.7, 6;
    %dup/vec4;
    %pushi/vec4 6, 0, 6;
    %cmp/u;
    %jmp/1 T_1.8, 6;
    %dup/vec4;
    %pushi/vec4 7, 0, 6;
    %cmp/u;
    %jmp/1 T_1.9, 6;
    %dup/vec4;
    %pushi/vec4 8, 0, 6;
    %cmp/u;
    %jmp/1 T_1.10, 6;
    %dup/vec4;
    %pushi/vec4 9, 0, 6;
    %cmp/u;
    %jmp/1 T_1.11, 6;
    %dup/vec4;
    %pushi/vec4 10, 0, 6;
    %cmp/u;
    %jmp/1 T_1.12, 6;
    %dup/vec4;
    %pushi/vec4 11, 0, 6;
    %cmp/u;
    %jmp/1 T_1.13, 6;
    %dup/vec4;
    %pushi/vec4 12, 0, 6;
    %cmp/u;
    %jmp/1 T_1.14, 6;
    %dup/vec4;
    %pushi/vec4 13, 0, 6;
    %cmp/u;
    %jmp/1 T_1.15, 6;
    %dup/vec4;
    %pushi/vec4 14, 0, 6;
    %cmp/u;
    %jmp/1 T_1.16, 6;
    %dup/vec4;
    %pushi/vec4 15, 0, 6;
    %cmp/u;
    %jmp/1 T_1.17, 6;
    %dup/vec4;
    %pushi/vec4 16, 0, 6;
    %cmp/u;
    %jmp/1 T_1.18, 6;
    %dup/vec4;
    %pushi/vec4 17, 0, 6;
    %cmp/u;
    %jmp/1 T_1.19, 6;
    %dup/vec4;
    %pushi/vec4 18, 0, 6;
    %cmp/u;
    %jmp/1 T_1.20, 6;
    %dup/vec4;
    %pushi/vec4 19, 0, 6;
    %cmp/u;
    %jmp/1 T_1.21, 6;
    %dup/vec4;
    %pushi/vec4 20, 0, 6;
    %cmp/u;
    %jmp/1 T_1.22, 6;
    %dup/vec4;
    %pushi/vec4 21, 0, 6;
    %cmp/u;
    %jmp/1 T_1.23, 6;
    %dup/vec4;
    %pushi/vec4 22, 0, 6;
    %cmp/u;
    %jmp/1 T_1.24, 6;
    %dup/vec4;
    %pushi/vec4 23, 0, 6;
    %cmp/u;
    %jmp/1 T_1.25, 6;
    %dup/vec4;
    %pushi/vec4 24, 0, 6;
    %cmp/u;
    %jmp/1 T_1.26, 6;
    %dup/vec4;
    %pushi/vec4 25, 0, 6;
    %cmp/u;
    %jmp/1 T_1.27, 6;
    %dup/vec4;
    %pushi/vec4 26, 0, 6;
    %cmp/u;
    %jmp/1 T_1.28, 6;
    %dup/vec4;
    %pushi/vec4 27, 0, 6;
    %cmp/u;
    %jmp/1 T_1.29, 6;
    %dup/vec4;
    %pushi/vec4 28, 0, 6;
    %cmp/u;
    %jmp/1 T_1.30, 6;
    %dup/vec4;
    %pushi/vec4 29, 0, 6;
    %cmp/u;
    %jmp/1 T_1.31, 6;
    %dup/vec4;
    %pushi/vec4 30, 0, 6;
    %cmp/u;
    %jmp/1 T_1.32, 6;
    %dup/vec4;
    %pushi/vec4 31, 0, 6;
    %cmp/u;
    %jmp/1 T_1.33, 6;
    %dup/vec4;
    %pushi/vec4 32, 0, 6;
    %cmp/u;
    %jmp/1 T_1.34, 6;
    %dup/vec4;
    %pushi/vec4 33, 0, 6;
    %cmp/u;
    %jmp/1 T_1.35, 6;
    %dup/vec4;
    %pushi/vec4 34, 0, 6;
    %cmp/u;
    %jmp/1 T_1.36, 6;
    %dup/vec4;
    %pushi/vec4 35, 0, 6;
    %cmp/u;
    %jmp/1 T_1.37, 6;
    %dup/vec4;
    %pushi/vec4 36, 0, 6;
    %cmp/u;
    %jmp/1 T_1.38, 6;
    %dup/vec4;
    %pushi/vec4 37, 0, 6;
    %cmp/u;
    %jmp/1 T_1.39, 6;
    %dup/vec4;
    %pushi/vec4 38, 0, 6;
    %cmp/u;
    %jmp/1 T_1.40, 6;
    %dup/vec4;
    %pushi/vec4 39, 0, 6;
    %cmp/u;
    %jmp/1 T_1.41, 6;
    %dup/vec4;
    %pushi/vec4 40, 0, 6;
    %cmp/u;
    %jmp/1 T_1.42, 6;
    %dup/vec4;
    %pushi/vec4 41, 0, 6;
    %cmp/u;
    %jmp/1 T_1.43, 6;
    %dup/vec4;
    %pushi/vec4 42, 0, 6;
    %cmp/u;
    %jmp/1 T_1.44, 6;
    %dup/vec4;
    %pushi/vec4 43, 0, 6;
    %cmp/u;
    %jmp/1 T_1.45, 6;
    %dup/vec4;
    %pushi/vec4 44, 0, 6;
    %cmp/u;
    %jmp/1 T_1.46, 6;
    %dup/vec4;
    %pushi/vec4 45, 0, 6;
    %cmp/u;
    %jmp/1 T_1.47, 6;
    %dup/vec4;
    %pushi/vec4 46, 0, 6;
    %cmp/u;
    %jmp/1 T_1.48, 6;
    %pushi/vec4 1, 0, 6;
    %store/vec4 v0000025c73e6b2e0_0, 0, 6;
    %jmp T_1.50;
T_1.2 ;
    %pushi/vec4 1, 0, 6;
    %store/vec4 v0000025c73e6b2e0_0, 0, 6;
    %jmp T_1.50;
T_1.3 ;
    %pushi/vec4 2, 0, 6;
    %store/vec4 v0000025c73e6b2e0_0, 0, 6;
    %jmp T_1.50;
T_1.4 ;
    %pushi/vec4 3, 0, 6;
    %store/vec4 v0000025c73e6b2e0_0, 0, 6;
    %jmp T_1.50;
T_1.5 ;
    %load/vec4 v0000025c73e6afc0_0;
    %dup/vec4;
    %pushi/vec4 0, 0, 5;
    %cmp/u;
    %jmp/1 T_1.51, 6;
    %dup/vec4;
    %pushi/vec4 1, 0, 5;
    %cmp/u;
    %jmp/1 T_1.52, 6;
    %dup/vec4;
    %pushi/vec4 2, 0, 5;
    %cmp/u;
    %jmp/1 T_1.53, 6;
    %dup/vec4;
    %pushi/vec4 3, 0, 5;
    %cmp/u;
    %jmp/1 T_1.54, 6;
    %dup/vec4;
    %pushi/vec4 4, 0, 5;
    %cmp/u;
    %jmp/1 T_1.55, 6;
    %dup/vec4;
    %pushi/vec4 5, 0, 5;
    %cmp/u;
    %jmp/1 T_1.56, 6;
    %dup/vec4;
    %pushi/vec4 6, 0, 5;
    %cmp/u;
    %jmp/1 T_1.57, 6;
    %dup/vec4;
    %pushi/vec4 7, 0, 5;
    %cmp/u;
    %jmp/1 T_1.58, 6;
    %dup/vec4;
    %pushi/vec4 8, 0, 5;
    %cmp/u;
    %jmp/1 T_1.59, 6;
    %dup/vec4;
    %pushi/vec4 14, 0, 5;
    %cmp/u;
    %jmp/1 T_1.60, 6;
    %dup/vec4;
    %pushi/vec4 15, 0, 5;
    %cmp/u;
    %jmp/1 T_1.61, 6;
    %dup/vec4;
    %pushi/vec4 13, 0, 5;
    %cmp/u;
    %jmp/1 T_1.62, 6;
    %dup/vec4;
    %pushi/vec4 12, 0, 5;
    %cmp/u;
    %jmp/1 T_1.63, 6;
    %dup/vec4;
    %pushi/vec4 16, 0, 5;
    %cmp/u;
    %jmp/1 T_1.64, 6;
    %dup/vec4;
    %pushi/vec4 17, 0, 5;
    %cmp/u;
    %jmp/1 T_1.65, 6;
    %dup/vec4;
    %pushi/vec4 18, 0, 5;
    %cmp/u;
    %jmp/1 T_1.66, 6;
    %dup/vec4;
    %pushi/vec4 9, 0, 5;
    %cmp/u;
    %jmp/1 T_1.67, 6;
    %dup/vec4;
    %pushi/vec4 10, 0, 5;
    %cmp/u;
    %jmp/1 T_1.68, 6;
    %dup/vec4;
    %pushi/vec4 11, 0, 5;
    %cmp/u;
    %jmp/1 T_1.69, 6;
    %dup/vec4;
    %pushi/vec4 21, 0, 5;
    %cmp/u;
    %jmp/1 T_1.70, 6;
    %dup/vec4;
    %pushi/vec4 20, 0, 5;
    %cmp/u;
    %jmp/1 T_1.71, 6;
    %dup/vec4;
    %pushi/vec4 19, 0, 5;
    %cmp/u;
    %jmp/1 T_1.72, 6;
    %dup/vec4;
    %pushi/vec4 24, 0, 5;
    %cmp/u;
    %jmp/1 T_1.73, 6;
    %dup/vec4;
    %pushi/vec4 25, 0, 5;
    %cmp/u;
    %jmp/1 T_1.74, 6;
    %dup/vec4;
    %pushi/vec4 22, 0, 5;
    %cmp/u;
    %jmp/1 T_1.75, 6;
    %dup/vec4;
    %pushi/vec4 23, 0, 5;
    %cmp/u;
    %jmp/1 T_1.76, 6;
    %dup/vec4;
    %pushi/vec4 26, 0, 5;
    %cmp/u;
    %jmp/1 T_1.77, 6;
    %dup/vec4;
    %pushi/vec4 27, 0, 5;
    %cmp/u;
    %jmp/1 T_1.78, 6;
    %pushi/vec4 1, 0, 6;
    %store/vec4 v0000025c73e6b2e0_0, 0, 6;
    %jmp T_1.80;
T_1.51 ;
    %pushi/vec4 4, 0, 6;
    %store/vec4 v0000025c73e6b2e0_0, 0, 6;
    %jmp T_1.80;
T_1.52 ;
    %pushi/vec4 4, 0, 6;
    %store/vec4 v0000025c73e6b2e0_0, 0, 6;
    %jmp T_1.80;
T_1.53 ;
    %pushi/vec4 4, 0, 6;
    %store/vec4 v0000025c73e6b2e0_0, 0, 6;
    %jmp T_1.80;
T_1.54 ;
    %pushi/vec4 4, 0, 6;
    %store/vec4 v0000025c73e6b2e0_0, 0, 6;
    %jmp T_1.80;
T_1.55 ;
    %pushi/vec4 4, 0, 6;
    %store/vec4 v0000025c73e6b2e0_0, 0, 6;
    %jmp T_1.80;
T_1.56 ;
    %pushi/vec4 4, 0, 6;
    %store/vec4 v0000025c73e6b2e0_0, 0, 6;
    %jmp T_1.80;
T_1.57 ;
    %pushi/vec4 4, 0, 6;
    %store/vec4 v0000025c73e6b2e0_0, 0, 6;
    %jmp T_1.80;
T_1.58 ;
    %pushi/vec4 4, 0, 6;
    %store/vec4 v0000025c73e6b2e0_0, 0, 6;
    %jmp T_1.80;
T_1.59 ;
    %pushi/vec4 4, 0, 6;
    %store/vec4 v0000025c73e6b2e0_0, 0, 6;
    %jmp T_1.80;
T_1.60 ;
    %pushi/vec4 7, 0, 6;
    %store/vec4 v0000025c73e6b2e0_0, 0, 6;
    %jmp T_1.80;
T_1.61 ;
    %pushi/vec4 7, 0, 6;
    %store/vec4 v0000025c73e6b2e0_0, 0, 6;
    %jmp T_1.80;
T_1.62 ;
    %pushi/vec4 9, 0, 6;
    %store/vec4 v0000025c73e6b2e0_0, 0, 6;
    %jmp T_1.80;
T_1.63 ;
    %pushi/vec4 13, 0, 6;
    %store/vec4 v0000025c73e6b2e0_0, 0, 6;
    %jmp T_1.80;
T_1.64 ;
    %pushi/vec4 17, 0, 6;
    %store/vec4 v0000025c73e6b2e0_0, 0, 6;
    %jmp T_1.80;
T_1.65 ;
    %pushi/vec4 22, 0, 6;
    %store/vec4 v0000025c73e6b2e0_0, 0, 6;
    %jmp T_1.80;
T_1.66 ;
    %pushi/vec4 25, 0, 6;
    %store/vec4 v0000025c73e6b2e0_0, 0, 6;
    %jmp T_1.80;
T_1.67 ;
    %pushi/vec4 30, 0, 6;
    %store/vec4 v0000025c73e6b2e0_0, 0, 6;
    %jmp T_1.80;
T_1.68 ;
    %pushi/vec4 30, 0, 6;
    %store/vec4 v0000025c73e6b2e0_0, 0, 6;
    %jmp T_1.80;
T_1.69 ;
    %pushi/vec4 30, 0, 6;
    %store/vec4 v0000025c73e6b2e0_0, 0, 6;
    %jmp T_1.80;
T_1.70 ;
    %pushi/vec4 33, 0, 6;
    %store/vec4 v0000025c73e6b2e0_0, 0, 6;
    %jmp T_1.80;
T_1.71 ;
    %pushi/vec4 37, 0, 6;
    %store/vec4 v0000025c73e6b2e0_0, 0, 6;
    %jmp T_1.80;
T_1.72 ;
    %pushi/vec4 38, 0, 6;
    %store/vec4 v0000025c73e6b2e0_0, 0, 6;
    %jmp T_1.80;
T_1.73 ;
    %pushi/vec4 40, 0, 6;
    %store/vec4 v0000025c73e6b2e0_0, 0, 6;
    %jmp T_1.80;
T_1.74 ;
    %pushi/vec4 41, 0, 6;
    %store/vec4 v0000025c73e6b2e0_0, 0, 6;
    %jmp T_1.80;
T_1.75 ;
    %pushi/vec4 42, 0, 6;
    %store/vec4 v0000025c73e6b2e0_0, 0, 6;
    %jmp T_1.80;
T_1.76 ;
    %pushi/vec4 44, 0, 6;
    %store/vec4 v0000025c73e6b2e0_0, 0, 6;
    %jmp T_1.80;
T_1.77 ;
    %pushi/vec4 45, 0, 6;
    %store/vec4 v0000025c73e6b2e0_0, 0, 6;
    %jmp T_1.80;
T_1.78 ;
    %pushi/vec4 46, 0, 6;
    %store/vec4 v0000025c73e6b2e0_0, 0, 6;
    %jmp T_1.80;
T_1.80 ;
    %pop/vec4 1;
    %jmp T_1.50;
T_1.6 ;
    %pushi/vec4 5, 0, 6;
    %store/vec4 v0000025c73e6b2e0_0, 0, 6;
    %jmp T_1.50;
T_1.7 ;
    %pushi/vec4 6, 0, 6;
    %store/vec4 v0000025c73e6b2e0_0, 0, 6;
    %jmp T_1.50;
T_1.8 ;
    %pushi/vec4 1, 0, 6;
    %store/vec4 v0000025c73e6b2e0_0, 0, 6;
    %jmp T_1.50;
T_1.9 ;
    %pushi/vec4 8, 0, 6;
    %store/vec4 v0000025c73e6b2e0_0, 0, 6;
    %jmp T_1.50;
T_1.10 ;
    %pushi/vec4 1, 0, 6;
    %store/vec4 v0000025c73e6b2e0_0, 0, 6;
    %jmp T_1.50;
T_1.11 ;
    %pushi/vec4 10, 0, 6;
    %store/vec4 v0000025c73e6b2e0_0, 0, 6;
    %jmp T_1.50;
T_1.12 ;
    %pushi/vec4 11, 0, 6;
    %store/vec4 v0000025c73e6b2e0_0, 0, 6;
    %jmp T_1.50;
T_1.13 ;
    %pushi/vec4 12, 0, 6;
    %store/vec4 v0000025c73e6b2e0_0, 0, 6;
    %jmp T_1.50;
T_1.14 ;
    %pushi/vec4 1, 0, 6;
    %store/vec4 v0000025c73e6b2e0_0, 0, 6;
    %jmp T_1.50;
T_1.15 ;
    %pushi/vec4 14, 0, 6;
    %store/vec4 v0000025c73e6b2e0_0, 0, 6;
    %jmp T_1.50;
T_1.16 ;
    %pushi/vec4 15, 0, 6;
    %store/vec4 v0000025c73e6b2e0_0, 0, 6;
    %jmp T_1.50;
T_1.17 ;
    %pushi/vec4 16, 0, 6;
    %store/vec4 v0000025c73e6b2e0_0, 0, 6;
    %jmp T_1.50;
T_1.18 ;
    %pushi/vec4 1, 0, 6;
    %store/vec4 v0000025c73e6b2e0_0, 0, 6;
    %jmp T_1.50;
T_1.19 ;
    %pushi/vec4 18, 0, 6;
    %store/vec4 v0000025c73e6b2e0_0, 0, 6;
    %jmp T_1.50;
T_1.20 ;
    %pushi/vec4 19, 0, 6;
    %store/vec4 v0000025c73e6b2e0_0, 0, 6;
    %jmp T_1.50;
T_1.21 ;
    %pushi/vec4 20, 0, 6;
    %store/vec4 v0000025c73e6b2e0_0, 0, 6;
    %jmp T_1.50;
T_1.22 ;
    %pushi/vec4 21, 0, 6;
    %store/vec4 v0000025c73e6b2e0_0, 0, 6;
    %jmp T_1.50;
T_1.23 ;
    %pushi/vec4 1, 0, 6;
    %store/vec4 v0000025c73e6b2e0_0, 0, 6;
    %jmp T_1.50;
T_1.24 ;
    %pushi/vec4 23, 0, 6;
    %store/vec4 v0000025c73e6b2e0_0, 0, 6;
    %jmp T_1.50;
T_1.25 ;
    %pushi/vec4 24, 0, 6;
    %store/vec4 v0000025c73e6b2e0_0, 0, 6;
    %jmp T_1.50;
T_1.26 ;
    %pushi/vec4 1, 0, 6;
    %store/vec4 v0000025c73e6b2e0_0, 0, 6;
    %jmp T_1.50;
T_1.27 ;
    %pushi/vec4 26, 0, 6;
    %store/vec4 v0000025c73e6b2e0_0, 0, 6;
    %jmp T_1.50;
T_1.28 ;
    %pushi/vec4 27, 0, 6;
    %store/vec4 v0000025c73e6b2e0_0, 0, 6;
    %jmp T_1.50;
T_1.29 ;
    %pushi/vec4 28, 0, 6;
    %store/vec4 v0000025c73e6b2e0_0, 0, 6;
    %jmp T_1.50;
T_1.30 ;
    %pushi/vec4 29, 0, 6;
    %store/vec4 v0000025c73e6b2e0_0, 0, 6;
    %jmp T_1.50;
T_1.31 ;
    %pushi/vec4 1, 0, 6;
    %store/vec4 v0000025c73e6b2e0_0, 0, 6;
    %jmp T_1.50;
T_1.32 ;
    %pushi/vec4 31, 0, 6;
    %store/vec4 v0000025c73e6b2e0_0, 0, 6;
    %jmp T_1.50;
T_1.33 ;
    %pushi/vec4 32, 0, 6;
    %store/vec4 v0000025c73e6b2e0_0, 0, 6;
    %jmp T_1.50;
T_1.34 ;
    %pushi/vec4 1, 0, 6;
    %store/vec4 v0000025c73e6b2e0_0, 0, 6;
    %jmp T_1.50;
T_1.35 ;
    %pushi/vec4 34, 0, 6;
    %store/vec4 v0000025c73e6b2e0_0, 0, 6;
    %jmp T_1.50;
T_1.36 ;
    %pushi/vec4 35, 0, 6;
    %store/vec4 v0000025c73e6b2e0_0, 0, 6;
    %jmp T_1.50;
T_1.37 ;
    %pushi/vec4 36, 0, 6;
    %store/vec4 v0000025c73e6b2e0_0, 0, 6;
    %jmp T_1.50;
T_1.38 ;
    %pushi/vec4 1, 0, 6;
    %store/vec4 v0000025c73e6b2e0_0, 0, 6;
    %jmp T_1.50;
T_1.39 ;
    %pushi/vec4 1, 0, 6;
    %store/vec4 v0000025c73e6b2e0_0, 0, 6;
    %jmp T_1.50;
T_1.40 ;
    %pushi/vec4 39, 0, 6;
    %store/vec4 v0000025c73e6b2e0_0, 0, 6;
    %jmp T_1.50;
T_1.41 ;
    %pushi/vec4 1, 0, 6;
    %store/vec4 v0000025c73e6b2e0_0, 0, 6;
    %jmp T_1.50;
T_1.42 ;
    %pushi/vec4 1, 0, 6;
    %store/vec4 v0000025c73e6b2e0_0, 0, 6;
    %jmp T_1.50;
T_1.43 ;
    %pushi/vec4 1, 0, 6;
    %store/vec4 v0000025c73e6b2e0_0, 0, 6;
    %jmp T_1.50;
T_1.44 ;
    %pushi/vec4 43, 0, 6;
    %store/vec4 v0000025c73e6b2e0_0, 0, 6;
    %jmp T_1.50;
T_1.45 ;
    %pushi/vec4 1, 0, 6;
    %store/vec4 v0000025c73e6b2e0_0, 0, 6;
    %jmp T_1.50;
T_1.46 ;
    %pushi/vec4 1, 0, 6;
    %store/vec4 v0000025c73e6b2e0_0, 0, 6;
    %jmp T_1.50;
T_1.47 ;
    %pushi/vec4 1, 0, 6;
    %store/vec4 v0000025c73e6b2e0_0, 0, 6;
    %jmp T_1.50;
T_1.48 ;
    %pushi/vec4 46, 0, 6;
    %store/vec4 v0000025c73e6b2e0_0, 0, 6;
    %jmp T_1.50;
T_1.50 ;
    %pop/vec4 1;
T_1.1 ;
    %jmp T_1;
    .thread T_1, $push;
    .scope S_0000025c73a93e70;
T_2 ;
    %vpi_call 4 201 "$display", "[CU] MDR_decode_fix_v3: correct file loaded, same cycle count" {0 0 0};
    %end;
    .thread T_2;
    .scope S_0000025c73a93e70;
T_3 ;
    %wait E_0000025c73e92080;
    %pushi/vec4 0, 0, 5;
    %store/vec4 v0000025c73e6c8c0_0, 0, 5;
    %pushi/vec4 0, 0, 1;
    %store/vec4 v0000025c73e6c3c0_0, 0, 1;
    %pushi/vec4 0, 0, 1;
    %store/vec4 v0000025c73e6aac0_0, 0, 1;
    %pushi/vec4 0, 0, 1;
    %store/vec4 v0000025c73e6c960_0, 0, 1;
    %pushi/vec4 0, 0, 1;
    %store/vec4 v0000025c73e6a980_0, 0, 1;
    %pushi/vec4 0, 0, 1;
    %store/vec4 v0000025c73e6b6a0_0, 0, 1;
    %pushi/vec4 0, 0, 1;
    %store/vec4 v0000025c73e6aca0_0, 0, 1;
    %pushi/vec4 0, 0, 1;
    %store/vec4 v0000025c73e6a340_0, 0, 1;
    %pushi/vec4 0, 0, 1;
    %store/vec4 v0000025c73e6a480_0, 0, 1;
    %pushi/vec4 0, 0, 1;
    %store/vec4 v0000025c73e6c780_0, 0, 1;
    %pushi/vec4 0, 0, 1;
    %store/vec4 v0000025c73e6b740_0, 0, 1;
    %pushi/vec4 0, 0, 5;
    %store/vec4 v0000025c73e6ade0_0, 0, 5;
    %pushi/vec4 0, 0, 1;
    %store/vec4 v0000025c73e6b9c0_0, 0, 1;
    %pushi/vec4 0, 0, 1;
    %store/vec4 v0000025c73e6ab60_0, 0, 1;
    %pushi/vec4 0, 0, 1;
    %store/vec4 v0000025c73e6c640_0, 0, 1;
    %pushi/vec4 0, 0, 1;
    %store/vec4 v0000025c73e6a7a0_0, 0, 1;
    %pushi/vec4 0, 0, 1;
    %store/vec4 v0000025c73e6bd80_0, 0, 1;
    %pushi/vec4 0, 0, 1;
    %store/vec4 v0000025c73e6ad40_0, 0, 1;
    %pushi/vec4 0, 0, 1;
    %store/vec4 v0000025c73e6a3e0_0, 0, 1;
    %pushi/vec4 0, 0, 1;
    %store/vec4 v0000025c73e6a660_0, 0, 1;
    %pushi/vec4 0, 0, 1;
    %store/vec4 v0000025c73e6c320_0, 0, 1;
    %pushi/vec4 0, 0, 1;
    %store/vec4 v0000025c73e6b240_0, 0, 1;
    %pushi/vec4 0, 0, 1;
    %store/vec4 v0000025c73e6c820_0, 0, 1;
    %pushi/vec4 0, 0, 1;
    %store/vec4 v0000025c73e6a700_0, 0, 1;
    %load/vec4 v0000025c73e6bf60_0;
    %pushi/vec4 46, 0, 6;
    %cmp/ne;
    %flag_get/vec4 4;
    %store/vec4 v0000025c73e6a840_0, 0, 1;
    %load/vec4 v0000025c73e6bf60_0;
    %dup/vec4;
    %pushi/vec4 1, 0, 6;
    %cmp/u;
    %jmp/1 T_3.0, 6;
    %dup/vec4;
    %pushi/vec4 2, 0, 6;
    %cmp/u;
    %jmp/1 T_3.1, 6;
    %dup/vec4;
    %pushi/vec4 3, 0, 6;
    %cmp/u;
    %jmp/1 T_3.2, 6;
    %dup/vec4;
    %pushi/vec4 4, 0, 6;
    %cmp/u;
    %jmp/1 T_3.3, 6;
    %dup/vec4;
    %pushi/vec4 5, 0, 6;
    %cmp/u;
    %jmp/1 T_3.4, 6;
    %dup/vec4;
    %pushi/vec4 6, 0, 6;
    %cmp/u;
    %jmp/1 T_3.5, 6;
    %dup/vec4;
    %pushi/vec4 7, 0, 6;
    %cmp/u;
    %jmp/1 T_3.6, 6;
    %dup/vec4;
    %pushi/vec4 8, 0, 6;
    %cmp/u;
    %jmp/1 T_3.7, 6;
    %dup/vec4;
    %pushi/vec4 9, 0, 6;
    %cmp/u;
    %jmp/1 T_3.8, 6;
    %dup/vec4;
    %pushi/vec4 10, 0, 6;
    %cmp/u;
    %jmp/1 T_3.9, 6;
    %dup/vec4;
    %pushi/vec4 11, 0, 6;
    %cmp/u;
    %jmp/1 T_3.10, 6;
    %dup/vec4;
    %pushi/vec4 12, 0, 6;
    %cmp/u;
    %jmp/1 T_3.11, 6;
    %dup/vec4;
    %pushi/vec4 13, 0, 6;
    %cmp/u;
    %jmp/1 T_3.12, 6;
    %dup/vec4;
    %pushi/vec4 14, 0, 6;
    %cmp/u;
    %jmp/1 T_3.13, 6;
    %dup/vec4;
    %pushi/vec4 15, 0, 6;
    %cmp/u;
    %jmp/1 T_3.14, 6;
    %dup/vec4;
    %pushi/vec4 16, 0, 6;
    %cmp/u;
    %jmp/1 T_3.15, 6;
    %dup/vec4;
    %pushi/vec4 17, 0, 6;
    %cmp/u;
    %jmp/1 T_3.16, 6;
    %dup/vec4;
    %pushi/vec4 18, 0, 6;
    %cmp/u;
    %jmp/1 T_3.17, 6;
    %dup/vec4;
    %pushi/vec4 19, 0, 6;
    %cmp/u;
    %jmp/1 T_3.18, 6;
    %dup/vec4;
    %pushi/vec4 20, 0, 6;
    %cmp/u;
    %jmp/1 T_3.19, 6;
    %dup/vec4;
    %pushi/vec4 21, 0, 6;
    %cmp/u;
    %jmp/1 T_3.20, 6;
    %dup/vec4;
    %pushi/vec4 22, 0, 6;
    %cmp/u;
    %jmp/1 T_3.21, 6;
    %dup/vec4;
    %pushi/vec4 23, 0, 6;
    %cmp/u;
    %jmp/1 T_3.22, 6;
    %dup/vec4;
    %pushi/vec4 24, 0, 6;
    %cmp/u;
    %jmp/1 T_3.23, 6;
    %dup/vec4;
    %pushi/vec4 25, 0, 6;
    %cmp/u;
    %jmp/1 T_3.24, 6;
    %dup/vec4;
    %pushi/vec4 26, 0, 6;
    %cmp/u;
    %jmp/1 T_3.25, 6;
    %dup/vec4;
    %pushi/vec4 27, 0, 6;
    %cmp/u;
    %jmp/1 T_3.26, 6;
    %dup/vec4;
    %pushi/vec4 28, 0, 6;
    %cmp/u;
    %jmp/1 T_3.27, 6;
    %dup/vec4;
    %pushi/vec4 29, 0, 6;
    %cmp/u;
    %jmp/1 T_3.28, 6;
    %dup/vec4;
    %pushi/vec4 30, 0, 6;
    %cmp/u;
    %jmp/1 T_3.29, 6;
    %dup/vec4;
    %pushi/vec4 31, 0, 6;
    %cmp/u;
    %jmp/1 T_3.30, 6;
    %dup/vec4;
    %pushi/vec4 32, 0, 6;
    %cmp/u;
    %jmp/1 T_3.31, 6;
    %dup/vec4;
    %pushi/vec4 33, 0, 6;
    %cmp/u;
    %jmp/1 T_3.32, 6;
    %dup/vec4;
    %pushi/vec4 34, 0, 6;
    %cmp/u;
    %jmp/1 T_3.33, 6;
    %dup/vec4;
    %pushi/vec4 35, 0, 6;
    %cmp/u;
    %jmp/1 T_3.34, 6;
    %dup/vec4;
    %pushi/vec4 36, 0, 6;
    %cmp/u;
    %jmp/1 T_3.35, 6;
    %dup/vec4;
    %pushi/vec4 37, 0, 6;
    %cmp/u;
    %jmp/1 T_3.36, 6;
    %dup/vec4;
    %pushi/vec4 38, 0, 6;
    %cmp/u;
    %jmp/1 T_3.37, 6;
    %dup/vec4;
    %pushi/vec4 39, 0, 6;
    %cmp/u;
    %jmp/1 T_3.38, 6;
    %dup/vec4;
    %pushi/vec4 40, 0, 6;
    %cmp/u;
    %jmp/1 T_3.39, 6;
    %dup/vec4;
    %pushi/vec4 41, 0, 6;
    %cmp/u;
    %jmp/1 T_3.40, 6;
    %dup/vec4;
    %pushi/vec4 42, 0, 6;
    %cmp/u;
    %jmp/1 T_3.41, 6;
    %dup/vec4;
    %pushi/vec4 43, 0, 6;
    %cmp/u;
    %jmp/1 T_3.42, 6;
    %dup/vec4;
    %pushi/vec4 44, 0, 6;
    %cmp/u;
    %jmp/1 T_3.43, 6;
    %dup/vec4;
    %pushi/vec4 45, 0, 6;
    %cmp/u;
    %jmp/1 T_3.44, 6;
    %dup/vec4;
    %pushi/vec4 0, 0, 6;
    %cmp/u;
    %jmp/1 T_3.45, 6;
    %dup/vec4;
    %pushi/vec4 46, 0, 6;
    %cmp/u;
    %jmp/1 T_3.46, 6;
    %jmp T_3.47;
T_3.0 ;
    %pushi/vec4 20, 0, 5;
    %store/vec4 v0000025c73e6c8c0_0, 0, 5;
    %pushi/vec4 1, 0, 1;
    %store/vec4 v0000025c73e6b6a0_0, 0, 1;
    %pushi/vec4 1, 0, 1;
    %store/vec4 v0000025c73e6aac0_0, 0, 1;
    %jmp T_3.47;
T_3.1 ;
    %pushi/vec4 1, 0, 1;
    %store/vec4 v0000025c73e6c780_0, 0, 1;
    %pushi/vec4 1, 0, 1;
    %store/vec4 v0000025c73e6a480_0, 0, 1;
    %pushi/vec4 1, 0, 1;
    %store/vec4 v0000025c73e6b740_0, 0, 1;
    %jmp T_3.47;
T_3.2 ;
    %pushi/vec4 21, 0, 5;
    %store/vec4 v0000025c73e6c8c0_0, 0, 5;
    %pushi/vec4 1, 0, 1;
    %store/vec4 v0000025c73e6c960_0, 0, 1;
    %jmp T_3.47;
T_3.3 ;
    %pushi/vec4 1, 0, 1;
    %store/vec4 v0000025c73e6c640_0, 0, 1;
    %pushi/vec4 1, 0, 1;
    %store/vec4 v0000025c73e6ad40_0, 0, 1;
    %pushi/vec4 1, 0, 1;
    %store/vec4 v0000025c73e6a980_0, 0, 1;
    %jmp T_3.47;
T_3.4 ;
    %pushi/vec4 1, 0, 1;
    %store/vec4 v0000025c73e6a7a0_0, 0, 1;
    %pushi/vec4 1, 0, 1;
    %store/vec4 v0000025c73e6ad40_0, 0, 1;
    %load/vec4 v0000025c73e6afc0_0;
    %dup/vec4;
    %pushi/vec4 0, 0, 5;
    %cmp/u;
    %jmp/1 T_3.48, 6;
    %dup/vec4;
    %pushi/vec4 1, 0, 5;
    %cmp/u;
    %jmp/1 T_3.49, 6;
    %dup/vec4;
    %pushi/vec4 2, 0, 5;
    %cmp/u;
    %jmp/1 T_3.50, 6;
    %dup/vec4;
    %pushi/vec4 3, 0, 5;
    %cmp/u;
    %jmp/1 T_3.51, 6;
    %dup/vec4;
    %pushi/vec4 4, 0, 5;
    %cmp/u;
    %jmp/1 T_3.52, 6;
    %dup/vec4;
    %pushi/vec4 5, 0, 5;
    %cmp/u;
    %jmp/1 T_3.53, 6;
    %dup/vec4;
    %pushi/vec4 6, 0, 5;
    %cmp/u;
    %jmp/1 T_3.54, 6;
    %dup/vec4;
    %pushi/vec4 7, 0, 5;
    %cmp/u;
    %jmp/1 T_3.55, 6;
    %dup/vec4;
    %pushi/vec4 8, 0, 5;
    %cmp/u;
    %jmp/1 T_3.56, 6;
    %pushi/vec4 0, 0, 5;
    %store/vec4 v0000025c73e6ade0_0, 0, 5;
    %jmp T_3.58;
T_3.48 ;
    %pushi/vec4 0, 0, 5;
    %store/vec4 v0000025c73e6ade0_0, 0, 5;
    %jmp T_3.58;
T_3.49 ;
    %pushi/vec4 1, 0, 5;
    %store/vec4 v0000025c73e6ade0_0, 0, 5;
    %jmp T_3.58;
T_3.50 ;
    %pushi/vec4 4, 0, 5;
    %store/vec4 v0000025c73e6ade0_0, 0, 5;
    %jmp T_3.58;
T_3.51 ;
    %pushi/vec4 5, 0, 5;
    %store/vec4 v0000025c73e6ade0_0, 0, 5;
    %jmp T_3.58;
T_3.52 ;
    %pushi/vec4 8, 0, 5;
    %store/vec4 v0000025c73e6ade0_0, 0, 5;
    %jmp T_3.58;
T_3.53 ;
    %pushi/vec4 9, 0, 5;
    %store/vec4 v0000025c73e6ade0_0, 0, 5;
    %jmp T_3.58;
T_3.54 ;
    %pushi/vec4 10, 0, 5;
    %store/vec4 v0000025c73e6ade0_0, 0, 5;
    %jmp T_3.58;
T_3.55 ;
    %pushi/vec4 11, 0, 5;
    %store/vec4 v0000025c73e6ade0_0, 0, 5;
    %jmp T_3.58;
T_3.56 ;
    %pushi/vec4 12, 0, 5;
    %store/vec4 v0000025c73e6ade0_0, 0, 5;
    %jmp T_3.58;
T_3.58 ;
    %pop/vec4 1;
    %pushi/vec4 1, 0, 1;
    %store/vec4 v0000025c73e6b9c0_0, 0, 1;
    %jmp T_3.47;
T_3.5 ;
    %pushi/vec4 19, 0, 5;
    %store/vec4 v0000025c73e6c8c0_0, 0, 5;
    %pushi/vec4 1, 0, 1;
    %store/vec4 v0000025c73e6ab60_0, 0, 1;
    %pushi/vec4 1, 0, 1;
    %store/vec4 v0000025c73e6bd80_0, 0, 1;
    %jmp T_3.47;
T_3.6 ;
    %pushi/vec4 1, 0, 1;
    %store/vec4 v0000025c73e6c640_0, 0, 1;
    %pushi/vec4 1, 0, 1;
    %store/vec4 v0000025c73e6ad40_0, 0, 1;
    %load/vec4 v0000025c73e6afc0_0;
    %cmpi/e 14, 0, 5;
    %flag_mov 8, 4;
    %jmp/0 T_3.59, 8;
    %pushi/vec4 7, 0, 5;
    %jmp/1 T_3.60, 8;
T_3.59 ; End of true expr.
    %pushi/vec4 6, 0, 5;
    %jmp/0 T_3.60, 8;
 ; End of false expr.
    %blend;
T_3.60;
    %store/vec4 v0000025c73e6ade0_0, 0, 5;
    %pushi/vec4 1, 0, 1;
    %store/vec4 v0000025c73e6b9c0_0, 0, 1;
    %jmp T_3.47;
T_3.7 ;
    %pushi/vec4 19, 0, 5;
    %store/vec4 v0000025c73e6c8c0_0, 0, 5;
    %pushi/vec4 1, 0, 1;
    %store/vec4 v0000025c73e6ab60_0, 0, 1;
    %pushi/vec4 1, 0, 1;
    %store/vec4 v0000025c73e6bd80_0, 0, 1;
    %jmp T_3.47;
T_3.8 ;
    %pushi/vec4 1, 0, 1;
    %store/vec4 v0000025c73e6ab60_0, 0, 1;
    %pushi/vec4 1, 0, 1;
    %store/vec4 v0000025c73e6ad40_0, 0, 1;
    %pushi/vec4 1, 0, 1;
    %store/vec4 v0000025c73e6a980_0, 0, 1;
    %jmp T_3.47;
T_3.9 ;
    %pushi/vec4 1, 0, 1;
    %store/vec4 v0000025c73e6c640_0, 0, 1;
    %pushi/vec4 1, 0, 1;
    %store/vec4 v0000025c73e6ad40_0, 0, 1;
    %pushi/vec4 2, 0, 5;
    %store/vec4 v0000025c73e6ade0_0, 0, 5;
    %pushi/vec4 1, 0, 1;
    %store/vec4 v0000025c73e6b9c0_0, 0, 1;
    %jmp T_3.47;
T_3.10 ;
    %pushi/vec4 19, 0, 5;
    %store/vec4 v0000025c73e6c8c0_0, 0, 5;
    %pushi/vec4 1, 0, 1;
    %store/vec4 v0000025c73e6a340_0, 0, 1;
    %jmp T_3.47;
T_3.11 ;
    %pushi/vec4 18, 0, 5;
    %store/vec4 v0000025c73e6c8c0_0, 0, 5;
    %pushi/vec4 1, 0, 1;
    %store/vec4 v0000025c73e6aca0_0, 0, 1;
    %jmp T_3.47;
T_3.12 ;
    %pushi/vec4 1, 0, 1;
    %store/vec4 v0000025c73e6ab60_0, 0, 1;
    %pushi/vec4 1, 0, 1;
    %store/vec4 v0000025c73e6ad40_0, 0, 1;
    %pushi/vec4 1, 0, 1;
    %store/vec4 v0000025c73e6a980_0, 0, 1;
    %jmp T_3.47;
T_3.13 ;
    %pushi/vec4 1, 0, 1;
    %store/vec4 v0000025c73e6c640_0, 0, 1;
    %pushi/vec4 1, 0, 1;
    %store/vec4 v0000025c73e6ad40_0, 0, 1;
    %pushi/vec4 3, 0, 5;
    %store/vec4 v0000025c73e6ade0_0, 0, 5;
    %pushi/vec4 1, 0, 1;
    %store/vec4 v0000025c73e6b9c0_0, 0, 1;
    %jmp T_3.47;
T_3.14 ;
    %pushi/vec4 19, 0, 5;
    %store/vec4 v0000025c73e6c8c0_0, 0, 5;
    %pushi/vec4 1, 0, 1;
    %store/vec4 v0000025c73e6a340_0, 0, 1;
    %jmp T_3.47;
T_3.15 ;
    %pushi/vec4 18, 0, 5;
    %store/vec4 v0000025c73e6c8c0_0, 0, 5;
    %pushi/vec4 1, 0, 1;
    %store/vec4 v0000025c73e6aca0_0, 0, 1;
    %jmp T_3.47;
T_3.16 ;
    %pushi/vec4 1, 0, 1;
    %store/vec4 v0000025c73e6c640_0, 0, 1;
    %pushi/vec4 1, 0, 1;
    %store/vec4 v0000025c73e6a3e0_0, 0, 1;
    %pushi/vec4 1, 0, 1;
    %store/vec4 v0000025c73e6ad40_0, 0, 1;
    %pushi/vec4 1, 0, 1;
    %store/vec4 v0000025c73e6a980_0, 0, 1;
    %jmp T_3.47;
T_3.17 ;
    %pushi/vec4 1, 0, 1;
    %store/vec4 v0000025c73e6a660_0, 0, 1;
    %pushi/vec4 23, 0, 5;
    %store/vec4 v0000025c73e6c8c0_0, 0, 5;
    %pushi/vec4 0, 0, 5;
    %store/vec4 v0000025c73e6ade0_0, 0, 5;
    %pushi/vec4 1, 0, 1;
    %store/vec4 v0000025c73e6b9c0_0, 0, 1;
    %jmp T_3.47;
T_3.18 ;
    %pushi/vec4 19, 0, 5;
    %store/vec4 v0000025c73e6c8c0_0, 0, 5;
    %pushi/vec4 1, 0, 1;
    %store/vec4 v0000025c73e6b6a0_0, 0, 1;
    %jmp T_3.47;
T_3.19 ;
    %pushi/vec4 1, 0, 1;
    %store/vec4 v0000025c73e6c780_0, 0, 1;
    %pushi/vec4 1, 0, 1;
    %store/vec4 v0000025c73e6a480_0, 0, 1;
    %pushi/vec4 1, 0, 1;
    %store/vec4 v0000025c73e6b740_0, 0, 1;
    %jmp T_3.47;
T_3.20 ;
    %pushi/vec4 21, 0, 5;
    %store/vec4 v0000025c73e6c8c0_0, 0, 5;
    %pushi/vec4 1, 0, 1;
    %store/vec4 v0000025c73e6ab60_0, 0, 1;
    %pushi/vec4 1, 0, 1;
    %store/vec4 v0000025c73e6bd80_0, 0, 1;
    %jmp T_3.47;
T_3.21 ;
    %pushi/vec4 1, 0, 1;
    %store/vec4 v0000025c73e6c640_0, 0, 1;
    %pushi/vec4 1, 0, 1;
    %store/vec4 v0000025c73e6a3e0_0, 0, 1;
    %pushi/vec4 1, 0, 1;
    %store/vec4 v0000025c73e6ad40_0, 0, 1;
    %pushi/vec4 1, 0, 1;
    %store/vec4 v0000025c73e6a980_0, 0, 1;
    %jmp T_3.47;
T_3.22 ;
    %pushi/vec4 1, 0, 1;
    %store/vec4 v0000025c73e6a660_0, 0, 1;
    %pushi/vec4 23, 0, 5;
    %store/vec4 v0000025c73e6c8c0_0, 0, 5;
    %pushi/vec4 0, 0, 5;
    %store/vec4 v0000025c73e6ade0_0, 0, 5;
    %pushi/vec4 1, 0, 1;
    %store/vec4 v0000025c73e6b9c0_0, 0, 1;
    %jmp T_3.47;
T_3.23 ;
    %pushi/vec4 19, 0, 5;
    %store/vec4 v0000025c73e6c8c0_0, 0, 5;
    %pushi/vec4 1, 0, 1;
    %store/vec4 v0000025c73e6ab60_0, 0, 1;
    %pushi/vec4 1, 0, 1;
    %store/vec4 v0000025c73e6bd80_0, 0, 1;
    %jmp T_3.47;
T_3.24 ;
    %pushi/vec4 1, 0, 1;
    %store/vec4 v0000025c73e6c640_0, 0, 1;
    %pushi/vec4 1, 0, 1;
    %store/vec4 v0000025c73e6a3e0_0, 0, 1;
    %pushi/vec4 1, 0, 1;
    %store/vec4 v0000025c73e6ad40_0, 0, 1;
    %pushi/vec4 1, 0, 1;
    %store/vec4 v0000025c73e6a980_0, 0, 1;
    %jmp T_3.47;
T_3.25 ;
    %pushi/vec4 1, 0, 1;
    %store/vec4 v0000025c73e6a660_0, 0, 1;
    %pushi/vec4 23, 0, 5;
    %store/vec4 v0000025c73e6c8c0_0, 0, 5;
    %pushi/vec4 0, 0, 5;
    %store/vec4 v0000025c73e6ade0_0, 0, 5;
    %pushi/vec4 1, 0, 1;
    %store/vec4 v0000025c73e6b9c0_0, 0, 1;
    %jmp T_3.47;
T_3.26 ;
    %pushi/vec4 19, 0, 5;
    %store/vec4 v0000025c73e6c8c0_0, 0, 5;
    %pushi/vec4 1, 0, 1;
    %store/vec4 v0000025c73e6b6a0_0, 0, 1;
    %jmp T_3.47;
T_3.27 ;
    %pushi/vec4 1, 0, 1;
    %store/vec4 v0000025c73e6ab60_0, 0, 1;
    %pushi/vec4 1, 0, 1;
    %store/vec4 v0000025c73e6ad40_0, 0, 1;
    %pushi/vec4 1, 0, 1;
    %store/vec4 v0000025c73e6a480_0, 0, 1;
    %jmp T_3.47;
T_3.28 ;
    %pushi/vec4 21, 0, 5;
    %store/vec4 v0000025c73e6c8c0_0, 0, 5;
    %pushi/vec4 1, 0, 1;
    %store/vec4 v0000025c73e6b740_0, 0, 1;
    %jmp T_3.47;
T_3.29 ;
    %pushi/vec4 1, 0, 1;
    %store/vec4 v0000025c73e6c640_0, 0, 1;
    %pushi/vec4 1, 0, 1;
    %store/vec4 v0000025c73e6ad40_0, 0, 1;
    %pushi/vec4 1, 0, 1;
    %store/vec4 v0000025c73e6a980_0, 0, 1;
    %jmp T_3.47;
T_3.30 ;
    %pushi/vec4 1, 0, 1;
    %store/vec4 v0000025c73e6a660_0, 0, 1;
    %pushi/vec4 23, 0, 5;
    %store/vec4 v0000025c73e6c8c0_0, 0, 5;
    %load/vec4 v0000025c73e6afc0_0;
    %dup/vec4;
    %pushi/vec4 9, 0, 5;
    %cmp/u;
    %jmp/1 T_3.61, 6;
    %dup/vec4;
    %pushi/vec4 10, 0, 5;
    %cmp/u;
    %jmp/1 T_3.62, 6;
    %dup/vec4;
    %pushi/vec4 11, 0, 5;
    %cmp/u;
    %jmp/1 T_3.63, 6;
    %pushi/vec4 0, 0, 5;
    %store/vec4 v0000025c73e6ade0_0, 0, 5;
    %jmp T_3.65;
T_3.61 ;
    %pushi/vec4 0, 0, 5;
    %store/vec4 v0000025c73e6ade0_0, 0, 5;
    %jmp T_3.65;
T_3.62 ;
    %pushi/vec4 4, 0, 5;
    %store/vec4 v0000025c73e6ade0_0, 0, 5;
    %jmp T_3.65;
T_3.63 ;
    %pushi/vec4 5, 0, 5;
    %store/vec4 v0000025c73e6ade0_0, 0, 5;
    %jmp T_3.65;
T_3.65 ;
    %pop/vec4 1;
    %pushi/vec4 1, 0, 1;
    %store/vec4 v0000025c73e6b9c0_0, 0, 1;
    %jmp T_3.47;
T_3.31 ;
    %pushi/vec4 19, 0, 5;
    %store/vec4 v0000025c73e6c8c0_0, 0, 5;
    %pushi/vec4 1, 0, 1;
    %store/vec4 v0000025c73e6ab60_0, 0, 1;
    %pushi/vec4 1, 0, 1;
    %store/vec4 v0000025c73e6bd80_0, 0, 1;
    %jmp T_3.47;
T_3.32 ;
    %pushi/vec4 1, 0, 1;
    %store/vec4 v0000025c73e6ab60_0, 0, 1;
    %pushi/vec4 1, 0, 1;
    %store/vec4 v0000025c73e6ad40_0, 0, 1;
    %pushi/vec4 1, 0, 1;
    %store/vec4 v0000025c73e6c320_0, 0, 1;
    %jmp T_3.47;
T_3.33 ;
    %pushi/vec4 20, 0, 5;
    %store/vec4 v0000025c73e6c8c0_0, 0, 5;
    %pushi/vec4 1, 0, 1;
    %store/vec4 v0000025c73e6a980_0, 0, 1;
    %jmp T_3.47;
T_3.34 ;
    %pushi/vec4 1, 0, 1;
    %store/vec4 v0000025c73e6a660_0, 0, 1;
    %pushi/vec4 23, 0, 5;
    %store/vec4 v0000025c73e6c8c0_0, 0, 5;
    %pushi/vec4 0, 0, 5;
    %store/vec4 v0000025c73e6ade0_0, 0, 5;
    %pushi/vec4 1, 0, 1;
    %store/vec4 v0000025c73e6b9c0_0, 0, 1;
    %jmp T_3.47;
T_3.35 ;
    %pushi/vec4 19, 0, 5;
    %store/vec4 v0000025c73e6c8c0_0, 0, 5;
    %load/vec4 v0000025c73e6ae80_0;
    %store/vec4 v0000025c73e6c3c0_0, 0, 1;
    %jmp T_3.47;
T_3.36 ;
    %pushi/vec4 1, 0, 1;
    %store/vec4 v0000025c73e6ab60_0, 0, 1;
    %pushi/vec4 1, 0, 1;
    %store/vec4 v0000025c73e6ad40_0, 0, 1;
    %pushi/vec4 1, 0, 1;
    %store/vec4 v0000025c73e6c3c0_0, 0, 1;
    %jmp T_3.47;
T_3.37 ;
    %pushi/vec4 20, 0, 5;
    %store/vec4 v0000025c73e6c8c0_0, 0, 5;
    %pushi/vec4 1, 0, 1;
    %store/vec4 v0000025c73e6a700_0, 0, 1;
    %jmp T_3.47;
T_3.38 ;
    %pushi/vec4 1, 0, 1;
    %store/vec4 v0000025c73e6ab60_0, 0, 1;
    %pushi/vec4 1, 0, 1;
    %store/vec4 v0000025c73e6ad40_0, 0, 1;
    %pushi/vec4 1, 0, 1;
    %store/vec4 v0000025c73e6c3c0_0, 0, 1;
    %jmp T_3.47;
T_3.39 ;
    %pushi/vec4 16, 0, 5;
    %store/vec4 v0000025c73e6c8c0_0, 0, 5;
    %pushi/vec4 1, 0, 1;
    %store/vec4 v0000025c73e6ab60_0, 0, 1;
    %pushi/vec4 1, 0, 1;
    %store/vec4 v0000025c73e6bd80_0, 0, 1;
    %jmp T_3.47;
T_3.40 ;
    %pushi/vec4 17, 0, 5;
    %store/vec4 v0000025c73e6c8c0_0, 0, 5;
    %pushi/vec4 1, 0, 1;
    %store/vec4 v0000025c73e6ab60_0, 0, 1;
    %pushi/vec4 1, 0, 1;
    %store/vec4 v0000025c73e6bd80_0, 0, 1;
    %jmp T_3.47;
T_3.41 ;
    %pushi/vec4 1, 0, 1;
    %store/vec4 v0000025c73e6b240_0, 0, 1;
    %jmp T_3.47;
T_3.42 ;
    %pushi/vec4 22, 0, 5;
    %store/vec4 v0000025c73e6c8c0_0, 0, 5;
    %pushi/vec4 1, 0, 1;
    %store/vec4 v0000025c73e6ab60_0, 0, 1;
    %pushi/vec4 1, 0, 1;
    %store/vec4 v0000025c73e6bd80_0, 0, 1;
    %jmp T_3.47;
T_3.43 ;
    %pushi/vec4 1, 0, 1;
    %store/vec4 v0000025c73e6ab60_0, 0, 1;
    %pushi/vec4 1, 0, 1;
    %store/vec4 v0000025c73e6ad40_0, 0, 1;
    %pushi/vec4 1, 0, 1;
    %store/vec4 v0000025c73e6c820_0, 0, 1;
    %jmp T_3.47;
T_3.44 ;
    %jmp T_3.47;
T_3.45 ;
    %jmp T_3.47;
T_3.46 ;
    %jmp T_3.47;
T_3.47 ;
    %pop/vec4 1;
    %jmp T_3;
    .thread T_3, $push;
    .scope S_0000025c73f963a0;
T_4 ;
    %wait E_0000025c73e93c40;
    %load/vec4 v0000025c73f9faa0_0;
    %flag_set/vec4 8;
    %jmp/0xz  T_4.0, 8;
    %pushi/vec4 0, 0, 32;
    %assign/vec4 v0000025c73f9ff00_0, 0;
    %jmp T_4.1;
T_4.0 ;
    %load/vec4 v0000025c73f9ea60_0;
    %flag_set/vec4 8;
    %jmp/0xz  T_4.2, 8;
    %load/vec4 v0000025c73fa00e0_0;
    %assign/vec4 v0000025c73f9ff00_0, 0;
T_4.2 ;
T_4.1 ;
    %jmp T_4;
    .thread T_4;
    .scope S_0000025c73f958b0;
T_5 ;
    %wait E_0000025c73e93c40;
    %load/vec4 v0000025c73f9e920_0;
    %flag_set/vec4 8;
    %jmp/0xz  T_5.0, 8;
    %pushi/vec4 0, 0, 32;
    %assign/vec4 v0000025c73f9e7e0_0, 0;
    %jmp T_5.1;
T_5.0 ;
    %load/vec4 v0000025c73f9e2e0_0;
    %flag_set/vec4 8;
    %jmp/0xz  T_5.2, 8;
    %load/vec4 v0000025c73f9fc80_0;
    %assign/vec4 v0000025c73f9e7e0_0, 0;
T_5.2 ;
T_5.1 ;
    %jmp T_5;
    .thread T_5;
    .scope S_0000025c73f971b0;
T_6 ;
    %wait E_0000025c73e93c40;
    %load/vec4 v0000025c73f9dc00_0;
    %flag_set/vec4 8;
    %jmp/0xz  T_6.0, 8;
    %pushi/vec4 0, 0, 32;
    %assign/vec4 v0000025c73f9f280_0, 0;
    %jmp T_6.1;
T_6.0 ;
    %load/vec4 v0000025c73f9f3c0_0;
    %flag_set/vec4 8;
    %jmp/0xz  T_6.2, 8;
    %load/vec4 v0000025c73f9e880_0;
    %assign/vec4 v0000025c73f9f280_0, 0;
T_6.2 ;
T_6.1 ;
    %jmp T_6;
    .thread T_6;
    .scope S_0000025c73f95ef0;
T_7 ;
    %wait E_0000025c73e93c40;
    %load/vec4 v0000025c73fa23e0_0;
    %flag_set/vec4 8;
    %jmp/0xz  T_7.0, 8;
    %pushi/vec4 0, 0, 32;
    %assign/vec4 v0000025c73f9e060_0, 0;
    %jmp T_7.1;
T_7.0 ;
    %load/vec4 v0000025c73f9e1a0_0;
    %flag_set/vec4 8;
    %jmp/0xz  T_7.2, 8;
    %load/vec4 v0000025c73f9dde0_0;
    %assign/vec4 v0000025c73f9e060_0, 0;
T_7.2 ;
T_7.1 ;
    %jmp T_7;
    .thread T_7;
    .scope S_0000025c73f96080;
T_8 ;
    %wait E_0000025c73e93c40;
    %load/vec4 v0000025c73fa2020_0;
    %flag_set/vec4 8;
    %jmp/0xz  T_8.0, 8;
    %pushi/vec4 0, 0, 32;
    %assign/vec4 v0000025c73fa1da0_0, 0;
    %jmp T_8.1;
T_8.0 ;
    %load/vec4 v0000025c73fa0540_0;
    %flag_set/vec4 8;
    %jmp/0xz  T_8.2, 8;
    %load/vec4 v0000025c73fa1f80_0;
    %assign/vec4 v0000025c73fa1da0_0, 0;
T_8.2 ;
T_8.1 ;
    %jmp T_8;
    .thread T_8;
    .scope S_0000025c73f974d0;
T_9 ;
    %wait E_0000025c73e93c40;
    %load/vec4 v0000025c73fa2340_0;
    %flag_set/vec4 8;
    %jmp/0xz  T_9.0, 8;
    %pushi/vec4 0, 0, 32;
    %assign/vec4 v0000025c73fa0860_0, 0;
    %jmp T_9.1;
T_9.0 ;
    %load/vec4 v0000025c73fa2480_0;
    %flag_set/vec4 8;
    %jmp/0xz  T_9.2, 8;
    %load/vec4 v0000025c73fa02c0_0;
    %assign/vec4 v0000025c73fa0860_0, 0;
T_9.2 ;
T_9.1 ;
    %jmp T_9;
    .thread T_9;
    .scope S_0000025c73f96210;
T_10 ;
    %wait E_0000025c73e93c40;
    %load/vec4 v0000025c73fa2520_0;
    %flag_set/vec4 8;
    %jmp/0xz  T_10.0, 8;
    %pushi/vec4 0, 0, 32;
    %assign/vec4 v0000025c73fa0ae0_0, 0;
    %jmp T_10.1;
T_10.0 ;
    %load/vec4 v0000025c73fa0a40_0;
    %flag_set/vec4 8;
    %jmp/0xz  T_10.2, 8;
    %load/vec4 v0000025c73fa1440_0;
    %assign/vec4 v0000025c73fa0ae0_0, 0;
T_10.2 ;
T_10.1 ;
    %jmp T_10;
    .thread T_10;
    .scope S_0000025c73f966c0;
T_11 ;
    %wait E_0000025c73e93c40;
    %load/vec4 v0000025c73fa11c0_0;
    %flag_set/vec4 8;
    %jmp/0xz  T_11.0, 8;
    %pushi/vec4 0, 0, 32;
    %assign/vec4 v0000025c73fa0360_0, 0;
    %jmp T_11.1;
T_11.0 ;
    %load/vec4 v0000025c73fa19e0_0;
    %flag_set/vec4 8;
    %jmp/0xz  T_11.2, 8;
    %load/vec4 v0000025c73fa20c0_0;
    %assign/vec4 v0000025c73fa0360_0, 0;
T_11.2 ;
T_11.1 ;
    %jmp T_11;
    .thread T_11;
    .scope S_0000025c73f97ca0;
T_12 ;
    %wait E_0000025c73e93c40;
    %load/vec4 v0000025c73fa2200_0;
    %flag_set/vec4 8;
    %jmp/0xz  T_12.0, 8;
    %pushi/vec4 0, 0, 32;
    %assign/vec4 v0000025c73fa0400_0, 0;
    %jmp T_12.1;
T_12.0 ;
    %load/vec4 v0000025c73fa1120_0;
    %flag_set/vec4 8;
    %jmp/0xz  T_12.2, 8;
    %load/vec4 v0000025c73fa0cc0_0;
    %assign/vec4 v0000025c73fa0400_0, 0;
T_12.2 ;
T_12.1 ;
    %jmp T_12;
    .thread T_12;
    .scope S_0000025c73f97660;
T_13 ;
    %wait E_0000025c73e93c40;
    %load/vec4 v0000025c73fa2700_0;
    %flag_set/vec4 8;
    %jmp/0xz  T_13.0, 8;
    %pushi/vec4 0, 0, 32;
    %assign/vec4 v0000025c73fa2660_0, 0;
    %jmp T_13.1;
T_13.0 ;
    %load/vec4 v0000025c73fa2160_0;
    %flag_set/vec4 8;
    %jmp/0xz  T_13.2, 8;
    %load/vec4 v0000025c73fa14e0_0;
    %assign/vec4 v0000025c73fa2660_0, 0;
T_13.2 ;
T_13.1 ;
    %jmp T_13;
    .thread T_13;
    .scope S_0000025c73f977f0;
T_14 ;
    %wait E_0000025c73e93c40;
    %load/vec4 v0000025c73f9fdc0_0;
    %flag_set/vec4 8;
    %jmp/0xz  T_14.0, 8;
    %pushi/vec4 0, 0, 32;
    %assign/vec4 v0000025c73f9fb40_0, 0;
    %jmp T_14.1;
T_14.0 ;
    %load/vec4 v0000025c73f9f780_0;
    %flag_set/vec4 8;
    %jmp/0xz  T_14.2, 8;
    %load/vec4 v0000025c73f9ece0_0;
    %assign/vec4 v0000025c73f9fb40_0, 0;
T_14.2 ;
T_14.1 ;
    %jmp T_14;
    .thread T_14;
    .scope S_0000025c73f97b10;
T_15 ;
    %wait E_0000025c73e93c40;
    %load/vec4 v0000025c73f9f5a0_0;
    %flag_set/vec4 8;
    %jmp/0xz  T_15.0, 8;
    %pushi/vec4 0, 0, 32;
    %assign/vec4 v0000025c73f9ffa0_0, 0;
    %jmp T_15.1;
T_15.0 ;
    %load/vec4 v0000025c73f9dac0_0;
    %flag_set/vec4 8;
    %jmp/0xz  T_15.2, 8;
    %load/vec4 v0000025c73f9f1e0_0;
    %assign/vec4 v0000025c73f9ffa0_0, 0;
T_15.2 ;
T_15.1 ;
    %jmp T_15;
    .thread T_15;
    .scope S_0000025c73f94910;
T_16 ;
    %wait E_0000025c73e93c40;
    %load/vec4 v0000025c73f9f0a0_0;
    %flag_set/vec4 8;
    %jmp/0xz  T_16.0, 8;
    %pushi/vec4 0, 0, 32;
    %assign/vec4 v0000025c73f9f640_0, 0;
    %jmp T_16.1;
T_16.0 ;
    %load/vec4 v0000025c73f9f960_0;
    %flag_set/vec4 8;
    %jmp/0xz  T_16.2, 8;
    %load/vec4 v0000025c73f9f8c0_0;
    %assign/vec4 v0000025c73f9f640_0, 0;
T_16.2 ;
T_16.1 ;
    %jmp T_16;
    .thread T_16;
    .scope S_0000025c73f95a40;
T_17 ;
    %wait E_0000025c73e93c40;
    %load/vec4 v0000025c73f9dfc0_0;
    %flag_set/vec4 8;
    %jmp/0xz  T_17.0, 8;
    %pushi/vec4 0, 0, 32;
    %assign/vec4 v0000025c73f9f460_0, 0;
    %jmp T_17.1;
T_17.0 ;
    %load/vec4 v0000025c73f9fbe0_0;
    %flag_set/vec4 8;
    %jmp/0xz  T_17.2, 8;
    %load/vec4 v0000025c73f9e420_0;
    %assign/vec4 v0000025c73f9f460_0, 0;
T_17.2 ;
T_17.1 ;
    %jmp T_17;
    .thread T_17;
    .scope S_0000025c73f95bd0;
T_18 ;
    %wait E_0000025c73e93c40;
    %load/vec4 v0000025c73fa0040_0;
    %flag_set/vec4 8;
    %jmp/0xz  T_18.0, 8;
    %pushi/vec4 0, 0, 32;
    %assign/vec4 v0000025c73f9e560_0, 0;
    %jmp T_18.1;
T_18.0 ;
    %load/vec4 v0000025c73f9e100_0;
    %flag_set/vec4 8;
    %jmp/0xz  T_18.2, 8;
    %load/vec4 v0000025c73f9e4c0_0;
    %assign/vec4 v0000025c73f9e560_0, 0;
T_18.2 ;
T_18.1 ;
    %jmp T_18;
    .thread T_18;
    .scope S_0000025c73f95d60;
T_19 ;
    %wait E_0000025c73e93c40;
    %load/vec4 v0000025c73f9db60_0;
    %flag_set/vec4 8;
    %jmp/0xz  T_19.0, 8;
    %pushi/vec4 0, 0, 32;
    %assign/vec4 v0000025c73f9d980_0, 0;
    %jmp T_19.1;
T_19.0 ;
    %load/vec4 v0000025c73f9da20_0;
    %flag_set/vec4 8;
    %jmp/0xz  T_19.2, 8;
    %load/vec4 v0000025c73f9dd40_0;
    %assign/vec4 v0000025c73f9d980_0, 0;
T_19.2 ;
T_19.1 ;
    %jmp T_19;
    .thread T_19;
    .scope S_0000025c73f7e330;
T_20 ;
    %wait E_0000025c73e91b80;
    %load/vec4 v0000025c73f865a0_0;
    %flag_set/vec4 8;
    %jmp/0xz  T_20.0, 8;
    %pushi/vec4 0, 0, 32;
    %assign/vec4 v0000025c73f87400_0, 0;
    %jmp T_20.1;
T_20.0 ;
    %load/vec4 v0000025c73f87cc0_0;
    %flag_set/vec4 8;
    %jmp/0xz  T_20.2, 8;
    %load/vec4 v0000025c73f86c80_0;
    %assign/vec4 v0000025c73f87400_0, 0;
    %jmp T_20.3;
T_20.2 ;
    %load/vec4 v0000025c73f86d20_0;
    %flag_set/vec4 8;
    %jmp/0xz  T_20.4, 8;
    %load/vec4 v0000025c73f861e0_0;
    %assign/vec4 v0000025c73f87400_0, 0;
T_20.4 ;
T_20.3 ;
T_20.1 ;
    %jmp T_20;
    .thread T_20;
    .scope S_0000025c73f7ec90;
T_21 ;
    %wait E_0000025c73e93c40;
    %load/vec4 v0000025c73f89160_0;
    %flag_set/vec4 8;
    %jmp/0xz  T_21.0, 8;
    %pushi/vec4 0, 0, 32;
    %assign/vec4 v0000025c73f8a880_0, 0;
    %jmp T_21.1;
T_21.0 ;
    %load/vec4 v0000025c73f88580_0;
    %flag_set/vec4 8;
    %jmp/0xz  T_21.2, 8;
    %load/vec4 v0000025c73f88a80_0;
    %assign/vec4 v0000025c73f8a880_0, 0;
T_21.2 ;
T_21.1 ;
    %jmp T_21;
    .thread T_21;
    .scope S_0000025c73f97020;
T_22 ;
    %wait E_0000025c73e93c40;
    %load/vec4 v0000025c73f86820_0;
    %flag_set/vec4 8;
    %jmp/0xz  T_22.0, 8;
    %pushi/vec4 0, 0, 32;
    %assign/vec4 v0000025c73f86140_0, 0;
    %jmp T_22.1;
T_22.0 ;
    %load/vec4 v0000025c73f86a00_0;
    %flag_set/vec4 8;
    %jmp/0xz  T_22.2, 8;
    %load/vec4 v0000025c73f86aa0_0;
    %assign/vec4 v0000025c73f86140_0, 0;
T_22.2 ;
T_22.1 ;
    %jmp T_22;
    .thread T_22;
    .scope S_0000025c73f982e0;
T_23 ;
    %wait E_0000025c73e93c40;
    %load/vec4 v0000025c73f85b00_0;
    %flag_set/vec4 8;
    %jmp/0xz  T_23.0, 8;
    %pushi/vec4 0, 0, 32;
    %assign/vec4 v0000025c73f868c0_0, 0;
    %jmp T_23.1;
T_23.0 ;
    %load/vec4 v0000025c73f85a60_0;
    %flag_set/vec4 8;
    %jmp/0xz  T_23.2, 8;
    %load/vec4 v0000025c73f86960_0;
    %assign/vec4 v0000025c73f868c0_0, 0;
T_23.2 ;
T_23.1 ;
    %jmp T_23;
    .thread T_23;
    .scope S_0000025c73f95720;
T_24 ;
    %wait E_0000025c73e93c40;
    %load/vec4 v0000025c73f86b40_0;
    %flag_set/vec4 8;
    %jmp/0xz  T_24.0, 8;
    %pushi/vec4 0, 0, 32;
    %assign/vec4 v0000025c73f86640_0, 0;
    %jmp T_24.1;
T_24.0 ;
    %load/vec4 v0000025c73f86280_0;
    %flag_set/vec4 8;
    %jmp/0xz  T_24.2, 8;
    %load/vec4 v0000025c73f87c20_0;
    %assign/vec4 v0000025c73f86640_0, 0;
T_24.2 ;
T_24.1 ;
    %jmp T_24;
    .thread T_24;
    .scope S_0000025c73f7dcf0;
T_25 ;
    %wait E_0000025c73e93c40;
    %load/vec4 v0000025c73f88f80_0;
    %flag_set/vec4 8;
    %jmp/0xz  T_25.0, 8;
    %pushi/vec4 0, 0, 32;
    %assign/vec4 v0000025c73f88300_0, 0;
    %jmp T_25.1;
T_25.0 ;
    %load/vec4 v0000025c73f889e0_0;
    %flag_set/vec4 8;
    %jmp/0xz  T_25.2, 8;
    %load/vec4 v0000025c73f88620_0;
    %assign/vec4 v0000025c73f88300_0, 0;
T_25.2 ;
T_25.1 ;
    %jmp T_25;
    .thread T_25;
    .scope S_0000025c73f7d840;
T_26 ;
    %wait E_0000025c73e93c40;
    %load/vec4 v0000025c73f88d00_0;
    %flag_set/vec4 8;
    %jmp/0xz  T_26.0, 8;
    %pushi/vec4 0, 0, 32;
    %assign/vec4 v0000025c73f88c60_0, 0;
    %jmp T_26.1;
T_26.0 ;
    %load/vec4 v0000025c73f892a0_0;
    %flag_set/vec4 8;
    %jmp/0xz  T_26.2, 8;
    %load/vec4 v0000025c73f898e0_0;
    %assign/vec4 v0000025c73f88c60_0, 0;
T_26.2 ;
T_26.1 ;
    %jmp T_26;
    .thread T_26;
    .scope S_0000025c73f7c260;
T_27 ;
    %wait E_0000025c73e93c40;
    %load/vec4 v0000025c73f88b20_0;
    %flag_set/vec4 8;
    %jmp/0xz  T_27.0, 8;
    %pushi/vec4 0, 0, 32;
    %assign/vec4 v0000025c73f895c0_0, 0;
    %jmp T_27.1;
T_27.0 ;
    %load/vec4 v0000025c73f89480_0;
    %flag_set/vec4 8;
    %jmp/0xz  T_27.2, 8;
    %load/vec4 v0000025c73f893e0_0;
    %assign/vec4 v0000025c73f895c0_0, 0;
T_27.2 ;
T_27.1 ;
    %jmp T_27;
    .thread T_27;
    .scope S_0000025c73f97980;
T_28 ;
    %wait E_0000025c73e91b80;
    %load/vec4 v0000025c73f860a0_0;
    %flag_set/vec4 8;
    %jmp/0xz  T_28.0, 8;
    %pushi/vec4 0, 0, 32;
    %assign/vec4 v0000025c73f85c40_0, 0;
    %jmp T_28.1;
T_28.0 ;
    %load/vec4 v0000025c73f87fe0_0;
    %flag_set/vec4 8;
    %jmp/0xz  T_28.2, 8;
    %load/vec4 v0000025c73f86460_0;
    %flag_set/vec4 8;
    %jmp/0 T_28.4, 8;
    %load/vec4 v0000025c73f87f40_0;
    %jmp/1 T_28.5, 8;
T_28.4 ; End of true expr.
    %load/vec4 v0000025c73f85920_0;
    %jmp/0 T_28.5, 8;
 ; End of false expr.
    %blend;
T_28.5;
    %assign/vec4 v0000025c73f85c40_0, 0;
T_28.2 ;
T_28.1 ;
    %jmp T_28;
    .thread T_28;
    .scope S_0000025c73f97e30;
T_29 ;
    %vpi_call 19 17 "$readmemh", "simulation/P3/memory_p3.hex", v0000025c73f9f500 {0 0 0};
    %end;
    .thread T_29;
    .scope S_0000025c73f97e30;
T_30 ;
    %wait E_0000025c73e93c40;
    %load/vec4 v0000025c73f9f820_0;
    %flag_set/vec4 9;
    %flag_get/vec4 9;
    %jmp/0 T_30.2, 9;
    %load/vec4 v0000025c73f9f320_0;
    %nor/r;
    %and;
T_30.2;
    %flag_set/vec4 8;
    %jmp/0xz  T_30.0, 8;
    %load/vec4 v0000025c73f9fa00_0;
    %load/vec4 v0000025c73f9e740_0;
    %pad/u 11;
    %ix/vec4 3;
    %ix/load 4, 0, 0; Constant delay
    %assign/vec4/a/d v0000025c73f9f500, 0, 4;
T_30.0 ;
    %jmp T_30;
    .thread T_30;
    .scope S_0000025c73f97fc0;
T_31 ;
    %wait E_0000025c73e946c0;
    %load/vec4 v0000025c73fa4a00_0;
    %dup/vec4;
    %pushi/vec4 0, 0, 4;
    %cmp/u;
    %jmp/1 T_31.0, 6;
    %dup/vec4;
    %pushi/vec4 1, 0, 4;
    %cmp/u;
    %jmp/1 T_31.1, 6;
    %dup/vec4;
    %pushi/vec4 2, 0, 4;
    %cmp/u;
    %jmp/1 T_31.2, 6;
    %dup/vec4;
    %pushi/vec4 3, 0, 4;
    %cmp/u;
    %jmp/1 T_31.3, 6;
    %dup/vec4;
    %pushi/vec4 4, 0, 4;
    %cmp/u;
    %jmp/1 T_31.4, 6;
    %dup/vec4;
    %pushi/vec4 5, 0, 4;
    %cmp/u;
    %jmp/1 T_31.5, 6;
    %dup/vec4;
    %pushi/vec4 6, 0, 4;
    %cmp/u;
    %jmp/1 T_31.6, 6;
    %dup/vec4;
    %pushi/vec4 7, 0, 4;
    %cmp/u;
    %jmp/1 T_31.7, 6;
    %dup/vec4;
    %pushi/vec4 8, 0, 4;
    %cmp/u;
    %jmp/1 T_31.8, 6;
    %dup/vec4;
    %pushi/vec4 9, 0, 4;
    %cmp/u;
    %jmp/1 T_31.9, 6;
    %dup/vec4;
    %pushi/vec4 10, 0, 4;
    %cmp/u;
    %jmp/1 T_31.10, 6;
    %dup/vec4;
    %pushi/vec4 11, 0, 4;
    %cmp/u;
    %jmp/1 T_31.11, 6;
    %dup/vec4;
    %pushi/vec4 12, 0, 4;
    %cmp/u;
    %jmp/1 T_31.12, 6;
    %dup/vec4;
    %pushi/vec4 13, 0, 4;
    %cmp/u;
    %jmp/1 T_31.13, 6;
    %dup/vec4;
    %pushi/vec4 14, 0, 4;
    %cmp/u;
    %jmp/1 T_31.14, 6;
    %dup/vec4;
    %pushi/vec4 15, 0, 4;
    %cmp/u;
    %jmp/1 T_31.15, 6;
    %pushi/vec4 0, 0, 16;
    %store/vec4 v0000025c73fa3240_0, 0, 16;
    %jmp T_31.17;
T_31.0 ;
    %pushi/vec4 1, 0, 16;
    %store/vec4 v0000025c73fa3240_0, 0, 16;
    %jmp T_31.17;
T_31.1 ;
    %pushi/vec4 2, 0, 16;
    %store/vec4 v0000025c73fa3240_0, 0, 16;
    %jmp T_31.17;
T_31.2 ;
    %pushi/vec4 4, 0, 16;
    %store/vec4 v0000025c73fa3240_0, 0, 16;
    %jmp T_31.17;
T_31.3 ;
    %pushi/vec4 8, 0, 16;
    %store/vec4 v0000025c73fa3240_0, 0, 16;
    %jmp T_31.17;
T_31.4 ;
    %pushi/vec4 16, 0, 16;
    %store/vec4 v0000025c73fa3240_0, 0, 16;
    %jmp T_31.17;
T_31.5 ;
    %pushi/vec4 32, 0, 16;
    %store/vec4 v0000025c73fa3240_0, 0, 16;
    %jmp T_31.17;
T_31.6 ;
    %pushi/vec4 64, 0, 16;
    %store/vec4 v0000025c73fa3240_0, 0, 16;
    %jmp T_31.17;
T_31.7 ;
    %pushi/vec4 128, 0, 16;
    %store/vec4 v0000025c73fa3240_0, 0, 16;
    %jmp T_31.17;
T_31.8 ;
    %pushi/vec4 256, 0, 16;
    %store/vec4 v0000025c73fa3240_0, 0, 16;
    %jmp T_31.17;
T_31.9 ;
    %pushi/vec4 512, 0, 16;
    %store/vec4 v0000025c73fa3240_0, 0, 16;
    %jmp T_31.17;
T_31.10 ;
    %pushi/vec4 1024, 0, 16;
    %store/vec4 v0000025c73fa3240_0, 0, 16;
    %jmp T_31.17;
T_31.11 ;
    %pushi/vec4 2048, 0, 16;
    %store/vec4 v0000025c73fa3240_0, 0, 16;
    %jmp T_31.17;
T_31.12 ;
    %pushi/vec4 4096, 0, 16;
    %store/vec4 v0000025c73fa3240_0, 0, 16;
    %jmp T_31.17;
T_31.13 ;
    %pushi/vec4 8192, 0, 16;
    %store/vec4 v0000025c73fa3240_0, 0, 16;
    %jmp T_31.17;
T_31.14 ;
    %pushi/vec4 16384, 0, 16;
    %store/vec4 v0000025c73fa3240_0, 0, 16;
    %jmp T_31.17;
T_31.15 ;
    %pushi/vec4 32768, 0, 16;
    %store/vec4 v0000025c73fa3240_0, 0, 16;
    %jmp T_31.17;
T_31.17 ;
    %pop/vec4 1;
    %jmp T_31;
    .thread T_31, $push;
    .scope S_0000025c73f97340;
T_32 ;
    %wait E_0000025c73e94e80;
    %load/vec4 v0000025c73f87360_0;
    %dup/vec4;
    %pushi/vec4 1, 0, 16;
    %cmp/u;
    %jmp/1 T_32.0, 6;
    %dup/vec4;
    %pushi/vec4 2, 0, 16;
    %cmp/u;
    %jmp/1 T_32.1, 6;
    %dup/vec4;
    %pushi/vec4 4, 0, 16;
    %cmp/u;
    %jmp/1 T_32.2, 6;
    %dup/vec4;
    %pushi/vec4 8, 0, 16;
    %cmp/u;
    %jmp/1 T_32.3, 6;
    %dup/vec4;
    %pushi/vec4 16, 0, 16;
    %cmp/u;
    %jmp/1 T_32.4, 6;
    %dup/vec4;
    %pushi/vec4 32, 0, 16;
    %cmp/u;
    %jmp/1 T_32.5, 6;
    %dup/vec4;
    %pushi/vec4 64, 0, 16;
    %cmp/u;
    %jmp/1 T_32.6, 6;
    %dup/vec4;
    %pushi/vec4 128, 0, 16;
    %cmp/u;
    %jmp/1 T_32.7, 6;
    %dup/vec4;
    %pushi/vec4 256, 0, 16;
    %cmp/u;
    %jmp/1 T_32.8, 6;
    %dup/vec4;
    %pushi/vec4 512, 0, 16;
    %cmp/u;
    %jmp/1 T_32.9, 6;
    %dup/vec4;
    %pushi/vec4 1024, 0, 16;
    %cmp/u;
    %jmp/1 T_32.10, 6;
    %dup/vec4;
    %pushi/vec4 2048, 0, 16;
    %cmp/u;
    %jmp/1 T_32.11, 6;
    %dup/vec4;
    %pushi/vec4 4096, 0, 16;
    %cmp/u;
    %jmp/1 T_32.12, 6;
    %dup/vec4;
    %pushi/vec4 8192, 0, 16;
    %cmp/u;
    %jmp/1 T_32.13, 6;
    %dup/vec4;
    %pushi/vec4 16384, 0, 16;
    %cmp/u;
    %jmp/1 T_32.14, 6;
    %dup/vec4;
    %pushi/vec4 32768, 0, 16;
    %cmp/u;
    %jmp/1 T_32.15, 6;
    %load/vec4 v0000025c73f85e20_0;
    %store/vec4 v0000025c73f874a0_0, 0, 5;
    %jmp T_32.17;
T_32.0 ;
    %pushi/vec4 0, 0, 5;
    %store/vec4 v0000025c73f874a0_0, 0, 5;
    %jmp T_32.17;
T_32.1 ;
    %pushi/vec4 1, 0, 5;
    %store/vec4 v0000025c73f874a0_0, 0, 5;
    %jmp T_32.17;
T_32.2 ;
    %pushi/vec4 2, 0, 5;
    %store/vec4 v0000025c73f874a0_0, 0, 5;
    %jmp T_32.17;
T_32.3 ;
    %pushi/vec4 3, 0, 5;
    %store/vec4 v0000025c73f874a0_0, 0, 5;
    %jmp T_32.17;
T_32.4 ;
    %pushi/vec4 4, 0, 5;
    %store/vec4 v0000025c73f874a0_0, 0, 5;
    %jmp T_32.17;
T_32.5 ;
    %pushi/vec4 5, 0, 5;
    %store/vec4 v0000025c73f874a0_0, 0, 5;
    %jmp T_32.17;
T_32.6 ;
    %pushi/vec4 6, 0, 5;
    %store/vec4 v0000025c73f874a0_0, 0, 5;
    %jmp T_32.17;
T_32.7 ;
    %pushi/vec4 7, 0, 5;
    %store/vec4 v0000025c73f874a0_0, 0, 5;
    %jmp T_32.17;
T_32.8 ;
    %pushi/vec4 8, 0, 5;
    %store/vec4 v0000025c73f874a0_0, 0, 5;
    %jmp T_32.17;
T_32.9 ;
    %pushi/vec4 9, 0, 5;
    %store/vec4 v0000025c73f874a0_0, 0, 5;
    %jmp T_32.17;
T_32.10 ;
    %pushi/vec4 10, 0, 5;
    %store/vec4 v0000025c73f874a0_0, 0, 5;
    %jmp T_32.17;
T_32.11 ;
    %pushi/vec4 11, 0, 5;
    %store/vec4 v0000025c73f874a0_0, 0, 5;
    %jmp T_32.17;
T_32.12 ;
    %pushi/vec4 12, 0, 5;
    %store/vec4 v0000025c73f874a0_0, 0, 5;
    %jmp T_32.17;
T_32.13 ;
    %pushi/vec4 13, 0, 5;
    %store/vec4 v0000025c73f874a0_0, 0, 5;
    %jmp T_32.17;
T_32.14 ;
    %pushi/vec4 14, 0, 5;
    %store/vec4 v0000025c73f874a0_0, 0, 5;
    %jmp T_32.17;
T_32.15 ;
    %pushi/vec4 15, 0, 5;
    %store/vec4 v0000025c73f874a0_0, 0, 5;
    %jmp T_32.17;
T_32.17 ;
    %pop/vec4 1;
    %jmp T_32;
    .thread T_32, $push;
    .scope S_0000025c73f7c580;
T_33 ;
    %wait E_0000025c73e91b80;
    %load/vec4 v0000025c73f8a240_0;
    %flag_set/vec4 8;
    %jmp/0xz  T_33.0, 8;
    %pushi/vec4 0, 0, 1;
    %assign/vec4 v0000025c73f89c00_0, 0;
    %jmp T_33.1;
T_33.0 ;
    %load/vec4 v0000025c73f8a380_0;
    %flag_set/vec4 8;
    %jmp/0xz  T_33.2, 8;
    %load/vec4 v0000025c73f8a1a0_0;
    %assign/vec4 v0000025c73f89c00_0, 0;
T_33.2 ;
T_33.1 ;
    %jmp T_33;
    .thread T_33;
    .scope S_0000025c73a75240;
T_34 ;
    %wait E_0000025c73e91d80;
    %load/vec4 v0000025c73e6bc40_0;
    %dup/vec4;
    %pushi/vec4 0, 0, 3;
    %cmp/u;
    %jmp/1 T_34.0, 6;
    %dup/vec4;
    %pushi/vec4 1, 0, 3;
    %cmp/u;
    %jmp/1 T_34.1, 6;
    %dup/vec4;
    %pushi/vec4 2, 0, 3;
    %cmp/u;
    %jmp/1 T_34.2, 6;
    %dup/vec4;
    %pushi/vec4 3, 0, 3;
    %cmp/u;
    %jmp/1 T_34.3, 6;
    %dup/vec4;
    %pushi/vec4 4, 0, 3;
    %cmp/u;
    %jmp/1 T_34.4, 6;
    %dup/vec4;
    %pushi/vec4 5, 0, 3;
    %cmp/u;
    %jmp/1 T_34.5, 6;
    %dup/vec4;
    %pushi/vec4 6, 0, 3;
    %cmp/u;
    %jmp/1 T_34.6, 6;
    %dup/vec4;
    %pushi/vec4 7, 0, 3;
    %cmp/u;
    %jmp/1 T_34.7, 6;
    %pushi/vec4 0, 0, 64;
    %store/vec4 v0000025c73e6b1a0_0, 0, 64;
    %jmp T_34.9;
T_34.0 ;
    %pushi/vec4 0, 0, 64;
    %store/vec4 v0000025c73e6b1a0_0, 0, 64;
    %jmp T_34.9;
T_34.1 ;
    %load/vec4 v0000025c73e6aa20_0;
    %store/vec4 v0000025c73e6b1a0_0, 0, 64;
    %jmp T_34.9;
T_34.2 ;
    %load/vec4 v0000025c73e6aa20_0;
    %store/vec4 v0000025c73e6b1a0_0, 0, 64;
    %jmp T_34.9;
T_34.3 ;
    %load/vec4 v0000025c73e6a2a0_0;
    %store/vec4 v0000025c73e6b1a0_0, 0, 64;
    %jmp T_34.9;
T_34.4 ;
    %load/vec4 v0000025c73e6a2a0_0;
    %inv;
    %pushi/vec4 1, 0, 64;
    %add;
    %store/vec4 v0000025c73e6b1a0_0, 0, 64;
    %jmp T_34.9;
T_34.5 ;
    %load/vec4 v0000025c73e6aa20_0;
    %inv;
    %pushi/vec4 1, 0, 64;
    %add;
    %store/vec4 v0000025c73e6b1a0_0, 0, 64;
    %jmp T_34.9;
T_34.6 ;
    %load/vec4 v0000025c73e6aa20_0;
    %inv;
    %pushi/vec4 1, 0, 64;
    %add;
    %store/vec4 v0000025c73e6b1a0_0, 0, 64;
    %jmp T_34.9;
T_34.7 ;
    %pushi/vec4 0, 0, 64;
    %store/vec4 v0000025c73e6b1a0_0, 0, 64;
    %jmp T_34.9;
T_34.9 ;
    %pop/vec4 1;
    %jmp T_34;
    .thread T_34, $push;
    .scope S_0000025c73a74d40;
T_35 ;
    %wait E_0000025c73e917c0;
    %load/vec4 v0000025c73e6dd60_0;
    %dup/vec4;
    %pushi/vec4 0, 0, 3;
    %cmp/u;
    %jmp/1 T_35.0, 6;
    %dup/vec4;
    %pushi/vec4 1, 0, 3;
    %cmp/u;
    %jmp/1 T_35.1, 6;
    %dup/vec4;
    %pushi/vec4 2, 0, 3;
    %cmp/u;
    %jmp/1 T_35.2, 6;
    %dup/vec4;
    %pushi/vec4 3, 0, 3;
    %cmp/u;
    %jmp/1 T_35.3, 6;
    %dup/vec4;
    %pushi/vec4 4, 0, 3;
    %cmp/u;
    %jmp/1 T_35.4, 6;
    %dup/vec4;
    %pushi/vec4 5, 0, 3;
    %cmp/u;
    %jmp/1 T_35.5, 6;
    %dup/vec4;
    %pushi/vec4 6, 0, 3;
    %cmp/u;
    %jmp/1 T_35.6, 6;
    %dup/vec4;
    %pushi/vec4 7, 0, 3;
    %cmp/u;
    %jmp/1 T_35.7, 6;
    %pushi/vec4 0, 0, 64;
    %store/vec4 v0000025c73e6eb20_0, 0, 64;
    %jmp T_35.9;
T_35.0 ;
    %pushi/vec4 0, 0, 64;
    %store/vec4 v0000025c73e6eb20_0, 0, 64;
    %jmp T_35.9;
T_35.1 ;
    %load/vec4 v0000025c73e6c000_0;
    %store/vec4 v0000025c73e6eb20_0, 0, 64;
    %jmp T_35.9;
T_35.2 ;
    %load/vec4 v0000025c73e6c000_0;
    %store/vec4 v0000025c73e6eb20_0, 0, 64;
    %jmp T_35.9;
T_35.3 ;
    %load/vec4 v0000025c73e6bb00_0;
    %store/vec4 v0000025c73e6eb20_0, 0, 64;
    %jmp T_35.9;
T_35.4 ;
    %load/vec4 v0000025c73e6bb00_0;
    %inv;
    %pushi/vec4 1, 0, 64;
    %add;
    %store/vec4 v0000025c73e6eb20_0, 0, 64;
    %jmp T_35.9;
T_35.5 ;
    %load/vec4 v0000025c73e6c000_0;
    %inv;
    %pushi/vec4 1, 0, 64;
    %add;
    %store/vec4 v0000025c73e6eb20_0, 0, 64;
    %jmp T_35.9;
T_35.6 ;
    %load/vec4 v0000025c73e6c000_0;
    %inv;
    %pushi/vec4 1, 0, 64;
    %add;
    %store/vec4 v0000025c73e6eb20_0, 0, 64;
    %jmp T_35.9;
T_35.7 ;
    %pushi/vec4 0, 0, 64;
    %store/vec4 v0000025c73e6eb20_0, 0, 64;
    %jmp T_35.9;
T_35.9 ;
    %pop/vec4 1;
    %jmp T_35;
    .thread T_35, $push;
    .scope S_0000025c73a5ece0;
T_36 ;
    %wait E_0000025c73e91800;
    %load/vec4 v0000025c73e6d720_0;
    %dup/vec4;
    %pushi/vec4 0, 0, 3;
    %cmp/u;
    %jmp/1 T_36.0, 6;
    %dup/vec4;
    %pushi/vec4 1, 0, 3;
    %cmp/u;
    %jmp/1 T_36.1, 6;
    %dup/vec4;
    %pushi/vec4 2, 0, 3;
    %cmp/u;
    %jmp/1 T_36.2, 6;
    %dup/vec4;
    %pushi/vec4 3, 0, 3;
    %cmp/u;
    %jmp/1 T_36.3, 6;
    %dup/vec4;
    %pushi/vec4 4, 0, 3;
    %cmp/u;
    %jmp/1 T_36.4, 6;
    %dup/vec4;
    %pushi/vec4 5, 0, 3;
    %cmp/u;
    %jmp/1 T_36.5, 6;
    %dup/vec4;
    %pushi/vec4 6, 0, 3;
    %cmp/u;
    %jmp/1 T_36.6, 6;
    %dup/vec4;
    %pushi/vec4 7, 0, 3;
    %cmp/u;
    %jmp/1 T_36.7, 6;
    %pushi/vec4 0, 0, 64;
    %store/vec4 v0000025c73e6ed00_0, 0, 64;
    %jmp T_36.9;
T_36.0 ;
    %pushi/vec4 0, 0, 64;
    %store/vec4 v0000025c73e6ed00_0, 0, 64;
    %jmp T_36.9;
T_36.1 ;
    %load/vec4 v0000025c73e6f0c0_0;
    %store/vec4 v0000025c73e6ed00_0, 0, 64;
    %jmp T_36.9;
T_36.2 ;
    %load/vec4 v0000025c73e6f0c0_0;
    %store/vec4 v0000025c73e6ed00_0, 0, 64;
    %jmp T_36.9;
T_36.3 ;
    %load/vec4 v0000025c73e6d180_0;
    %store/vec4 v0000025c73e6ed00_0, 0, 64;
    %jmp T_36.9;
T_36.4 ;
    %load/vec4 v0000025c73e6d180_0;
    %inv;
    %pushi/vec4 1, 0, 64;
    %add;
    %store/vec4 v0000025c73e6ed00_0, 0, 64;
    %jmp T_36.9;
T_36.5 ;
    %load/vec4 v0000025c73e6f0c0_0;
    %inv;
    %pushi/vec4 1, 0, 64;
    %add;
    %store/vec4 v0000025c73e6ed00_0, 0, 64;
    %jmp T_36.9;
T_36.6 ;
    %load/vec4 v0000025c73e6f0c0_0;
    %inv;
    %pushi/vec4 1, 0, 64;
    %add;
    %store/vec4 v0000025c73e6ed00_0, 0, 64;
    %jmp T_36.9;
T_36.7 ;
    %pushi/vec4 0, 0, 64;
    %store/vec4 v0000025c73e6ed00_0, 0, 64;
    %jmp T_36.9;
T_36.9 ;
    %pop/vec4 1;
    %jmp T_36;
    .thread T_36, $push;
    .scope S_0000025c73a6e420;
T_37 ;
    %wait E_0000025c73e91dc0;
    %load/vec4 v0000025c73e6d7c0_0;
    %dup/vec4;
    %pushi/vec4 0, 0, 3;
    %cmp/u;
    %jmp/1 T_37.0, 6;
    %dup/vec4;
    %pushi/vec4 1, 0, 3;
    %cmp/u;
    %jmp/1 T_37.1, 6;
    %dup/vec4;
    %pushi/vec4 2, 0, 3;
    %cmp/u;
    %jmp/1 T_37.2, 6;
    %dup/vec4;
    %pushi/vec4 3, 0, 3;
    %cmp/u;
    %jmp/1 T_37.3, 6;
    %dup/vec4;
    %pushi/vec4 4, 0, 3;
    %cmp/u;
    %jmp/1 T_37.4, 6;
    %dup/vec4;
    %pushi/vec4 5, 0, 3;
    %cmp/u;
    %jmp/1 T_37.5, 6;
    %dup/vec4;
    %pushi/vec4 6, 0, 3;
    %cmp/u;
    %jmp/1 T_37.6, 6;
    %dup/vec4;
    %pushi/vec4 7, 0, 3;
    %cmp/u;
    %jmp/1 T_37.7, 6;
    %pushi/vec4 0, 0, 64;
    %store/vec4 v0000025c73e6db80_0, 0, 64;
    %jmp T_37.9;
T_37.0 ;
    %pushi/vec4 0, 0, 64;
    %store/vec4 v0000025c73e6db80_0, 0, 64;
    %jmp T_37.9;
T_37.1 ;
    %load/vec4 v0000025c73e6d540_0;
    %store/vec4 v0000025c73e6db80_0, 0, 64;
    %jmp T_37.9;
T_37.2 ;
    %load/vec4 v0000025c73e6d540_0;
    %store/vec4 v0000025c73e6db80_0, 0, 64;
    %jmp T_37.9;
T_37.3 ;
    %load/vec4 v0000025c73e6ef80_0;
    %store/vec4 v0000025c73e6db80_0, 0, 64;
    %jmp T_37.9;
T_37.4 ;
    %load/vec4 v0000025c73e6ef80_0;
    %inv;
    %pushi/vec4 1, 0, 64;
    %add;
    %store/vec4 v0000025c73e6db80_0, 0, 64;
    %jmp T_37.9;
T_37.5 ;
    %load/vec4 v0000025c73e6d540_0;
    %inv;
    %pushi/vec4 1, 0, 64;
    %add;
    %store/vec4 v0000025c73e6db80_0, 0, 64;
    %jmp T_37.9;
T_37.6 ;
    %load/vec4 v0000025c73e6d540_0;
    %inv;
    %pushi/vec4 1, 0, 64;
    %add;
    %store/vec4 v0000025c73e6db80_0, 0, 64;
    %jmp T_37.9;
T_37.7 ;
    %pushi/vec4 0, 0, 64;
    %store/vec4 v0000025c73e6db80_0, 0, 64;
    %jmp T_37.9;
T_37.9 ;
    %pop/vec4 1;
    %jmp T_37;
    .thread T_37, $push;
    .scope S_0000025c73a69b70;
T_38 ;
    %wait E_0000025c73e91e80;
    %load/vec4 v0000025c73e6d900_0;
    %dup/vec4;
    %pushi/vec4 0, 0, 3;
    %cmp/u;
    %jmp/1 T_38.0, 6;
    %dup/vec4;
    %pushi/vec4 1, 0, 3;
    %cmp/u;
    %jmp/1 T_38.1, 6;
    %dup/vec4;
    %pushi/vec4 2, 0, 3;
    %cmp/u;
    %jmp/1 T_38.2, 6;
    %dup/vec4;
    %pushi/vec4 3, 0, 3;
    %cmp/u;
    %jmp/1 T_38.3, 6;
    %dup/vec4;
    %pushi/vec4 4, 0, 3;
    %cmp/u;
    %jmp/1 T_38.4, 6;
    %dup/vec4;
    %pushi/vec4 5, 0, 3;
    %cmp/u;
    %jmp/1 T_38.5, 6;
    %dup/vec4;
    %pushi/vec4 6, 0, 3;
    %cmp/u;
    %jmp/1 T_38.6, 6;
    %dup/vec4;
    %pushi/vec4 7, 0, 3;
    %cmp/u;
    %jmp/1 T_38.7, 6;
    %pushi/vec4 0, 0, 64;
    %store/vec4 v0000025c73e6e080_0, 0, 64;
    %jmp T_38.9;
T_38.0 ;
    %pushi/vec4 0, 0, 64;
    %store/vec4 v0000025c73e6e080_0, 0, 64;
    %jmp T_38.9;
T_38.1 ;
    %load/vec4 v0000025c73e6dfe0_0;
    %store/vec4 v0000025c73e6e080_0, 0, 64;
    %jmp T_38.9;
T_38.2 ;
    %load/vec4 v0000025c73e6dfe0_0;
    %store/vec4 v0000025c73e6e080_0, 0, 64;
    %jmp T_38.9;
T_38.3 ;
    %load/vec4 v0000025c73e6df40_0;
    %store/vec4 v0000025c73e6e080_0, 0, 64;
    %jmp T_38.9;
T_38.4 ;
    %load/vec4 v0000025c73e6df40_0;
    %inv;
    %pushi/vec4 1, 0, 64;
    %add;
    %store/vec4 v0000025c73e6e080_0, 0, 64;
    %jmp T_38.9;
T_38.5 ;
    %load/vec4 v0000025c73e6dfe0_0;
    %inv;
    %pushi/vec4 1, 0, 64;
    %add;
    %store/vec4 v0000025c73e6e080_0, 0, 64;
    %jmp T_38.9;
T_38.6 ;
    %load/vec4 v0000025c73e6dfe0_0;
    %inv;
    %pushi/vec4 1, 0, 64;
    %add;
    %store/vec4 v0000025c73e6e080_0, 0, 64;
    %jmp T_38.9;
T_38.7 ;
    %pushi/vec4 0, 0, 64;
    %store/vec4 v0000025c73e6e080_0, 0, 64;
    %jmp T_38.9;
T_38.9 ;
    %pop/vec4 1;
    %jmp T_38;
    .thread T_38, $push;
    .scope S_0000025c73f1e220;
T_39 ;
    %wait E_0000025c73e91f40;
    %load/vec4 v0000025c73e6e580_0;
    %dup/vec4;
    %pushi/vec4 0, 0, 3;
    %cmp/u;
    %jmp/1 T_39.0, 6;
    %dup/vec4;
    %pushi/vec4 1, 0, 3;
    %cmp/u;
    %jmp/1 T_39.1, 6;
    %dup/vec4;
    %pushi/vec4 2, 0, 3;
    %cmp/u;
    %jmp/1 T_39.2, 6;
    %dup/vec4;
    %pushi/vec4 3, 0, 3;
    %cmp/u;
    %jmp/1 T_39.3, 6;
    %dup/vec4;
    %pushi/vec4 4, 0, 3;
    %cmp/u;
    %jmp/1 T_39.4, 6;
    %dup/vec4;
    %pushi/vec4 5, 0, 3;
    %cmp/u;
    %jmp/1 T_39.5, 6;
    %dup/vec4;
    %pushi/vec4 6, 0, 3;
    %cmp/u;
    %jmp/1 T_39.6, 6;
    %dup/vec4;
    %pushi/vec4 7, 0, 3;
    %cmp/u;
    %jmp/1 T_39.7, 6;
    %pushi/vec4 0, 0, 64;
    %store/vec4 v0000025c73e6d0e0_0, 0, 64;
    %jmp T_39.9;
T_39.0 ;
    %pushi/vec4 0, 0, 64;
    %store/vec4 v0000025c73e6d0e0_0, 0, 64;
    %jmp T_39.9;
T_39.1 ;
    %load/vec4 v0000025c73e6eda0_0;
    %store/vec4 v0000025c73e6d0e0_0, 0, 64;
    %jmp T_39.9;
T_39.2 ;
    %load/vec4 v0000025c73e6eda0_0;
    %store/vec4 v0000025c73e6d0e0_0, 0, 64;
    %jmp T_39.9;
T_39.3 ;
    %load/vec4 v0000025c73e6e300_0;
    %store/vec4 v0000025c73e6d0e0_0, 0, 64;
    %jmp T_39.9;
T_39.4 ;
    %load/vec4 v0000025c73e6e300_0;
    %inv;
    %pushi/vec4 1, 0, 64;
    %add;
    %store/vec4 v0000025c73e6d0e0_0, 0, 64;
    %jmp T_39.9;
T_39.5 ;
    %load/vec4 v0000025c73e6eda0_0;
    %inv;
    %pushi/vec4 1, 0, 64;
    %add;
    %store/vec4 v0000025c73e6d0e0_0, 0, 64;
    %jmp T_39.9;
T_39.6 ;
    %load/vec4 v0000025c73e6eda0_0;
    %inv;
    %pushi/vec4 1, 0, 64;
    %add;
    %store/vec4 v0000025c73e6d0e0_0, 0, 64;
    %jmp T_39.9;
T_39.7 ;
    %pushi/vec4 0, 0, 64;
    %store/vec4 v0000025c73e6d0e0_0, 0, 64;
    %jmp T_39.9;
T_39.9 ;
    %pop/vec4 1;
    %jmp T_39;
    .thread T_39, $push;
    .scope S_0000025c73f1eb80;
T_40 ;
    %wait E_0000025c73e913c0;
    %load/vec4 v0000025c73e6f520_0;
    %dup/vec4;
    %pushi/vec4 0, 0, 3;
    %cmp/u;
    %jmp/1 T_40.0, 6;
    %dup/vec4;
    %pushi/vec4 1, 0, 3;
    %cmp/u;
    %jmp/1 T_40.1, 6;
    %dup/vec4;
    %pushi/vec4 2, 0, 3;
    %cmp/u;
    %jmp/1 T_40.2, 6;
    %dup/vec4;
    %pushi/vec4 3, 0, 3;
    %cmp/u;
    %jmp/1 T_40.3, 6;
    %dup/vec4;
    %pushi/vec4 4, 0, 3;
    %cmp/u;
    %jmp/1 T_40.4, 6;
    %dup/vec4;
    %pushi/vec4 5, 0, 3;
    %cmp/u;
    %jmp/1 T_40.5, 6;
    %dup/vec4;
    %pushi/vec4 6, 0, 3;
    %cmp/u;
    %jmp/1 T_40.6, 6;
    %dup/vec4;
    %pushi/vec4 7, 0, 3;
    %cmp/u;
    %jmp/1 T_40.7, 6;
    %pushi/vec4 0, 0, 64;
    %store/vec4 v0000025c73e6f660_0, 0, 64;
    %jmp T_40.9;
T_40.0 ;
    %pushi/vec4 0, 0, 64;
    %store/vec4 v0000025c73e6f660_0, 0, 64;
    %jmp T_40.9;
T_40.1 ;
    %load/vec4 v0000025c73e6ea80_0;
    %store/vec4 v0000025c73e6f660_0, 0, 64;
    %jmp T_40.9;
T_40.2 ;
    %load/vec4 v0000025c73e6ea80_0;
    %store/vec4 v0000025c73e6f660_0, 0, 64;
    %jmp T_40.9;
T_40.3 ;
    %load/vec4 v0000025c73e6e800_0;
    %store/vec4 v0000025c73e6f660_0, 0, 64;
    %jmp T_40.9;
T_40.4 ;
    %load/vec4 v0000025c73e6e800_0;
    %inv;
    %pushi/vec4 1, 0, 64;
    %add;
    %store/vec4 v0000025c73e6f660_0, 0, 64;
    %jmp T_40.9;
T_40.5 ;
    %load/vec4 v0000025c73e6ea80_0;
    %inv;
    %pushi/vec4 1, 0, 64;
    %add;
    %store/vec4 v0000025c73e6f660_0, 0, 64;
    %jmp T_40.9;
T_40.6 ;
    %load/vec4 v0000025c73e6ea80_0;
    %inv;
    %pushi/vec4 1, 0, 64;
    %add;
    %store/vec4 v0000025c73e6f660_0, 0, 64;
    %jmp T_40.9;
T_40.7 ;
    %pushi/vec4 0, 0, 64;
    %store/vec4 v0000025c73e6f660_0, 0, 64;
    %jmp T_40.9;
T_40.9 ;
    %pop/vec4 1;
    %jmp T_40;
    .thread T_40, $push;
    .scope S_0000025c73f1e6d0;
T_41 ;
    %wait E_0000025c73e91400;
    %load/vec4 v0000025c73c8f940_0;
    %dup/vec4;
    %pushi/vec4 0, 0, 3;
    %cmp/u;
    %jmp/1 T_41.0, 6;
    %dup/vec4;
    %pushi/vec4 1, 0, 3;
    %cmp/u;
    %jmp/1 T_41.1, 6;
    %dup/vec4;
    %pushi/vec4 2, 0, 3;
    %cmp/u;
    %jmp/1 T_41.2, 6;
    %dup/vec4;
    %pushi/vec4 3, 0, 3;
    %cmp/u;
    %jmp/1 T_41.3, 6;
    %dup/vec4;
    %pushi/vec4 4, 0, 3;
    %cmp/u;
    %jmp/1 T_41.4, 6;
    %dup/vec4;
    %pushi/vec4 5, 0, 3;
    %cmp/u;
    %jmp/1 T_41.5, 6;
    %dup/vec4;
    %pushi/vec4 6, 0, 3;
    %cmp/u;
    %jmp/1 T_41.6, 6;
    %dup/vec4;
    %pushi/vec4 7, 0, 3;
    %cmp/u;
    %jmp/1 T_41.7, 6;
    %pushi/vec4 0, 0, 64;
    %store/vec4 v0000025c73c8f9e0_0, 0, 64;
    %jmp T_41.9;
T_41.0 ;
    %pushi/vec4 0, 0, 64;
    %store/vec4 v0000025c73c8f9e0_0, 0, 64;
    %jmp T_41.9;
T_41.1 ;
    %load/vec4 v0000025c73c8f620_0;
    %store/vec4 v0000025c73c8f9e0_0, 0, 64;
    %jmp T_41.9;
T_41.2 ;
    %load/vec4 v0000025c73c8f620_0;
    %store/vec4 v0000025c73c8f9e0_0, 0, 64;
    %jmp T_41.9;
T_41.3 ;
    %load/vec4 v0000025c73e6f8e0_0;
    %store/vec4 v0000025c73c8f9e0_0, 0, 64;
    %jmp T_41.9;
T_41.4 ;
    %load/vec4 v0000025c73e6f8e0_0;
    %inv;
    %pushi/vec4 1, 0, 64;
    %add;
    %store/vec4 v0000025c73c8f9e0_0, 0, 64;
    %jmp T_41.9;
T_41.5 ;
    %load/vec4 v0000025c73c8f620_0;
    %inv;
    %pushi/vec4 1, 0, 64;
    %add;
    %store/vec4 v0000025c73c8f9e0_0, 0, 64;
    %jmp T_41.9;
T_41.6 ;
    %load/vec4 v0000025c73c8f620_0;
    %inv;
    %pushi/vec4 1, 0, 64;
    %add;
    %store/vec4 v0000025c73c8f9e0_0, 0, 64;
    %jmp T_41.9;
T_41.7 ;
    %pushi/vec4 0, 0, 64;
    %store/vec4 v0000025c73c8f9e0_0, 0, 64;
    %jmp T_41.9;
T_41.9 ;
    %pop/vec4 1;
    %jmp T_41;
    .thread T_41, $push;
    .scope S_0000025c73f1e3b0;
T_42 ;
    %wait E_0000025c73e92040;
    %load/vec4 v0000025c73ceb1a0_0;
    %dup/vec4;
    %pushi/vec4 0, 0, 3;
    %cmp/u;
    %jmp/1 T_42.0, 6;
    %dup/vec4;
    %pushi/vec4 1, 0, 3;
    %cmp/u;
    %jmp/1 T_42.1, 6;
    %dup/vec4;
    %pushi/vec4 2, 0, 3;
    %cmp/u;
    %jmp/1 T_42.2, 6;
    %dup/vec4;
    %pushi/vec4 3, 0, 3;
    %cmp/u;
    %jmp/1 T_42.3, 6;
    %dup/vec4;
    %pushi/vec4 4, 0, 3;
    %cmp/u;
    %jmp/1 T_42.4, 6;
    %dup/vec4;
    %pushi/vec4 5, 0, 3;
    %cmp/u;
    %jmp/1 T_42.5, 6;
    %dup/vec4;
    %pushi/vec4 6, 0, 3;
    %cmp/u;
    %jmp/1 T_42.6, 6;
    %dup/vec4;
    %pushi/vec4 7, 0, 3;
    %cmp/u;
    %jmp/1 T_42.7, 6;
    %pushi/vec4 0, 0, 64;
    %store/vec4 v0000025c73cec5a0_0, 0, 64;
    %jmp T_42.9;
T_42.0 ;
    %pushi/vec4 0, 0, 64;
    %store/vec4 v0000025c73cec5a0_0, 0, 64;
    %jmp T_42.9;
T_42.1 ;
    %load/vec4 v0000025c73cec140_0;
    %store/vec4 v0000025c73cec5a0_0, 0, 64;
    %jmp T_42.9;
T_42.2 ;
    %load/vec4 v0000025c73cec140_0;
    %store/vec4 v0000025c73cec5a0_0, 0, 64;
    %jmp T_42.9;
T_42.3 ;
    %load/vec4 v0000025c73ceb100_0;
    %store/vec4 v0000025c73cec5a0_0, 0, 64;
    %jmp T_42.9;
T_42.4 ;
    %load/vec4 v0000025c73ceb100_0;
    %inv;
    %pushi/vec4 1, 0, 64;
    %add;
    %store/vec4 v0000025c73cec5a0_0, 0, 64;
    %jmp T_42.9;
T_42.5 ;
    %load/vec4 v0000025c73cec140_0;
    %inv;
    %pushi/vec4 1, 0, 64;
    %add;
    %store/vec4 v0000025c73cec5a0_0, 0, 64;
    %jmp T_42.9;
T_42.6 ;
    %load/vec4 v0000025c73cec140_0;
    %inv;
    %pushi/vec4 1, 0, 64;
    %add;
    %store/vec4 v0000025c73cec5a0_0, 0, 64;
    %jmp T_42.9;
T_42.7 ;
    %pushi/vec4 0, 0, 64;
    %store/vec4 v0000025c73cec5a0_0, 0, 64;
    %jmp T_42.9;
T_42.9 ;
    %pop/vec4 1;
    %jmp T_42;
    .thread T_42, $push;
    .scope S_0000025c73f1e090;
T_43 ;
    %wait E_0000025c73e93180;
    %load/vec4 v0000025c73f1f1c0_0;
    %dup/vec4;
    %pushi/vec4 0, 0, 3;
    %cmp/u;
    %jmp/1 T_43.0, 6;
    %dup/vec4;
    %pushi/vec4 1, 0, 3;
    %cmp/u;
    %jmp/1 T_43.1, 6;
    %dup/vec4;
    %pushi/vec4 2, 0, 3;
    %cmp/u;
    %jmp/1 T_43.2, 6;
    %dup/vec4;
    %pushi/vec4 3, 0, 3;
    %cmp/u;
    %jmp/1 T_43.3, 6;
    %dup/vec4;
    %pushi/vec4 4, 0, 3;
    %cmp/u;
    %jmp/1 T_43.4, 6;
    %dup/vec4;
    %pushi/vec4 5, 0, 3;
    %cmp/u;
    %jmp/1 T_43.5, 6;
    %dup/vec4;
    %pushi/vec4 6, 0, 3;
    %cmp/u;
    %jmp/1 T_43.6, 6;
    %dup/vec4;
    %pushi/vec4 7, 0, 3;
    %cmp/u;
    %jmp/1 T_43.7, 6;
    %pushi/vec4 0, 0, 64;
    %store/vec4 v0000025c73f1f120_0, 0, 64;
    %jmp T_43.9;
T_43.0 ;
    %pushi/vec4 0, 0, 64;
    %store/vec4 v0000025c73f1f120_0, 0, 64;
    %jmp T_43.9;
T_43.1 ;
    %load/vec4 v0000025c73cbfb30_0;
    %store/vec4 v0000025c73f1f120_0, 0, 64;
    %jmp T_43.9;
T_43.2 ;
    %load/vec4 v0000025c73cbfb30_0;
    %store/vec4 v0000025c73f1f120_0, 0, 64;
    %jmp T_43.9;
T_43.3 ;
    %load/vec4 v0000025c73c91d50_0;
    %store/vec4 v0000025c73f1f120_0, 0, 64;
    %jmp T_43.9;
T_43.4 ;
    %load/vec4 v0000025c73c91d50_0;
    %inv;
    %pushi/vec4 1, 0, 64;
    %add;
    %store/vec4 v0000025c73f1f120_0, 0, 64;
    %jmp T_43.9;
T_43.5 ;
    %load/vec4 v0000025c73cbfb30_0;
    %inv;
    %pushi/vec4 1, 0, 64;
    %add;
    %store/vec4 v0000025c73f1f120_0, 0, 64;
    %jmp T_43.9;
T_43.6 ;
    %load/vec4 v0000025c73cbfb30_0;
    %inv;
    %pushi/vec4 1, 0, 64;
    %add;
    %store/vec4 v0000025c73f1f120_0, 0, 64;
    %jmp T_43.9;
T_43.7 ;
    %pushi/vec4 0, 0, 64;
    %store/vec4 v0000025c73f1f120_0, 0, 64;
    %jmp T_43.9;
T_43.9 ;
    %pop/vec4 1;
    %jmp T_43;
    .thread T_43, $push;
    .scope S_0000025c73f2ef20;
T_44 ;
    %wait E_0000025c73e930c0;
    %load/vec4 v0000025c73f1f8a0_0;
    %dup/vec4;
    %pushi/vec4 0, 0, 3;
    %cmp/u;
    %jmp/1 T_44.0, 6;
    %dup/vec4;
    %pushi/vec4 1, 0, 3;
    %cmp/u;
    %jmp/1 T_44.1, 6;
    %dup/vec4;
    %pushi/vec4 2, 0, 3;
    %cmp/u;
    %jmp/1 T_44.2, 6;
    %dup/vec4;
    %pushi/vec4 3, 0, 3;
    %cmp/u;
    %jmp/1 T_44.3, 6;
    %dup/vec4;
    %pushi/vec4 4, 0, 3;
    %cmp/u;
    %jmp/1 T_44.4, 6;
    %dup/vec4;
    %pushi/vec4 5, 0, 3;
    %cmp/u;
    %jmp/1 T_44.5, 6;
    %dup/vec4;
    %pushi/vec4 6, 0, 3;
    %cmp/u;
    %jmp/1 T_44.6, 6;
    %dup/vec4;
    %pushi/vec4 7, 0, 3;
    %cmp/u;
    %jmp/1 T_44.7, 6;
    %pushi/vec4 0, 0, 64;
    %store/vec4 v0000025c73f20980_0, 0, 64;
    %jmp T_44.9;
T_44.0 ;
    %pushi/vec4 0, 0, 64;
    %store/vec4 v0000025c73f20980_0, 0, 64;
    %jmp T_44.9;
T_44.1 ;
    %load/vec4 v0000025c73f20700_0;
    %store/vec4 v0000025c73f20980_0, 0, 64;
    %jmp T_44.9;
T_44.2 ;
    %load/vec4 v0000025c73f20700_0;
    %store/vec4 v0000025c73f20980_0, 0, 64;
    %jmp T_44.9;
T_44.3 ;
    %load/vec4 v0000025c73f1f300_0;
    %store/vec4 v0000025c73f20980_0, 0, 64;
    %jmp T_44.9;
T_44.4 ;
    %load/vec4 v0000025c73f1f300_0;
    %inv;
    %pushi/vec4 1, 0, 64;
    %add;
    %store/vec4 v0000025c73f20980_0, 0, 64;
    %jmp T_44.9;
T_44.5 ;
    %load/vec4 v0000025c73f20700_0;
    %inv;
    %pushi/vec4 1, 0, 64;
    %add;
    %store/vec4 v0000025c73f20980_0, 0, 64;
    %jmp T_44.9;
T_44.6 ;
    %load/vec4 v0000025c73f20700_0;
    %inv;
    %pushi/vec4 1, 0, 64;
    %add;
    %store/vec4 v0000025c73f20980_0, 0, 64;
    %jmp T_44.9;
T_44.7 ;
    %pushi/vec4 0, 0, 64;
    %store/vec4 v0000025c73f20980_0, 0, 64;
    %jmp T_44.9;
T_44.9 ;
    %pop/vec4 1;
    %jmp T_44;
    .thread T_44, $push;
    .scope S_0000025c73f2fa10;
T_45 ;
    %wait E_0000025c73e92d40;
    %load/vec4 v0000025c73f20ac0_0;
    %dup/vec4;
    %pushi/vec4 0, 0, 3;
    %cmp/u;
    %jmp/1 T_45.0, 6;
    %dup/vec4;
    %pushi/vec4 1, 0, 3;
    %cmp/u;
    %jmp/1 T_45.1, 6;
    %dup/vec4;
    %pushi/vec4 2, 0, 3;
    %cmp/u;
    %jmp/1 T_45.2, 6;
    %dup/vec4;
    %pushi/vec4 3, 0, 3;
    %cmp/u;
    %jmp/1 T_45.3, 6;
    %dup/vec4;
    %pushi/vec4 4, 0, 3;
    %cmp/u;
    %jmp/1 T_45.4, 6;
    %dup/vec4;
    %pushi/vec4 5, 0, 3;
    %cmp/u;
    %jmp/1 T_45.5, 6;
    %dup/vec4;
    %pushi/vec4 6, 0, 3;
    %cmp/u;
    %jmp/1 T_45.6, 6;
    %dup/vec4;
    %pushi/vec4 7, 0, 3;
    %cmp/u;
    %jmp/1 T_45.7, 6;
    %pushi/vec4 0, 0, 64;
    %store/vec4 v0000025c73f1f4e0_0, 0, 64;
    %jmp T_45.9;
T_45.0 ;
    %pushi/vec4 0, 0, 64;
    %store/vec4 v0000025c73f1f4e0_0, 0, 64;
    %jmp T_45.9;
T_45.1 ;
    %load/vec4 v0000025c73f20a20_0;
    %store/vec4 v0000025c73f1f4e0_0, 0, 64;
    %jmp T_45.9;
T_45.2 ;
    %load/vec4 v0000025c73f20a20_0;
    %store/vec4 v0000025c73f1f4e0_0, 0, 64;
    %jmp T_45.9;
T_45.3 ;
    %load/vec4 v0000025c73f207a0_0;
    %store/vec4 v0000025c73f1f4e0_0, 0, 64;
    %jmp T_45.9;
T_45.4 ;
    %load/vec4 v0000025c73f207a0_0;
    %inv;
    %pushi/vec4 1, 0, 64;
    %add;
    %store/vec4 v0000025c73f1f4e0_0, 0, 64;
    %jmp T_45.9;
T_45.5 ;
    %load/vec4 v0000025c73f20a20_0;
    %inv;
    %pushi/vec4 1, 0, 64;
    %add;
    %store/vec4 v0000025c73f1f4e0_0, 0, 64;
    %jmp T_45.9;
T_45.6 ;
    %load/vec4 v0000025c73f20a20_0;
    %inv;
    %pushi/vec4 1, 0, 64;
    %add;
    %store/vec4 v0000025c73f1f4e0_0, 0, 64;
    %jmp T_45.9;
T_45.7 ;
    %pushi/vec4 0, 0, 64;
    %store/vec4 v0000025c73f1f4e0_0, 0, 64;
    %jmp T_45.9;
T_45.9 ;
    %pop/vec4 1;
    %jmp T_45;
    .thread T_45, $push;
    .scope S_0000025c73f30500;
T_46 ;
    %wait E_0000025c73e92b80;
    %load/vec4 v0000025c73f1fee0_0;
    %dup/vec4;
    %pushi/vec4 0, 0, 3;
    %cmp/u;
    %jmp/1 T_46.0, 6;
    %dup/vec4;
    %pushi/vec4 1, 0, 3;
    %cmp/u;
    %jmp/1 T_46.1, 6;
    %dup/vec4;
    %pushi/vec4 2, 0, 3;
    %cmp/u;
    %jmp/1 T_46.2, 6;
    %dup/vec4;
    %pushi/vec4 3, 0, 3;
    %cmp/u;
    %jmp/1 T_46.3, 6;
    %dup/vec4;
    %pushi/vec4 4, 0, 3;
    %cmp/u;
    %jmp/1 T_46.4, 6;
    %dup/vec4;
    %pushi/vec4 5, 0, 3;
    %cmp/u;
    %jmp/1 T_46.5, 6;
    %dup/vec4;
    %pushi/vec4 6, 0, 3;
    %cmp/u;
    %jmp/1 T_46.6, 6;
    %dup/vec4;
    %pushi/vec4 7, 0, 3;
    %cmp/u;
    %jmp/1 T_46.7, 6;
    %pushi/vec4 0, 0, 64;
    %store/vec4 v0000025c73f20520_0, 0, 64;
    %jmp T_46.9;
T_46.0 ;
    %pushi/vec4 0, 0, 64;
    %store/vec4 v0000025c73f20520_0, 0, 64;
    %jmp T_46.9;
T_46.1 ;
    %load/vec4 v0000025c73f1ef40_0;
    %store/vec4 v0000025c73f20520_0, 0, 64;
    %jmp T_46.9;
T_46.2 ;
    %load/vec4 v0000025c73f1ef40_0;
    %store/vec4 v0000025c73f20520_0, 0, 64;
    %jmp T_46.9;
T_46.3 ;
    %load/vec4 v0000025c73f1f940_0;
    %store/vec4 v0000025c73f20520_0, 0, 64;
    %jmp T_46.9;
T_46.4 ;
    %load/vec4 v0000025c73f1f940_0;
    %inv;
    %pushi/vec4 1, 0, 64;
    %add;
    %store/vec4 v0000025c73f20520_0, 0, 64;
    %jmp T_46.9;
T_46.5 ;
    %load/vec4 v0000025c73f1ef40_0;
    %inv;
    %pushi/vec4 1, 0, 64;
    %add;
    %store/vec4 v0000025c73f20520_0, 0, 64;
    %jmp T_46.9;
T_46.6 ;
    %load/vec4 v0000025c73f1ef40_0;
    %inv;
    %pushi/vec4 1, 0, 64;
    %add;
    %store/vec4 v0000025c73f20520_0, 0, 64;
    %jmp T_46.9;
T_46.7 ;
    %pushi/vec4 0, 0, 64;
    %store/vec4 v0000025c73f20520_0, 0, 64;
    %jmp T_46.9;
T_46.9 ;
    %pop/vec4 1;
    %jmp T_46;
    .thread T_46, $push;
    .scope S_0000025c73f30cd0;
T_47 ;
    %wait E_0000025c73e92f40;
    %load/vec4 v0000025c73f1fda0_0;
    %dup/vec4;
    %pushi/vec4 0, 0, 3;
    %cmp/u;
    %jmp/1 T_47.0, 6;
    %dup/vec4;
    %pushi/vec4 1, 0, 3;
    %cmp/u;
    %jmp/1 T_47.1, 6;
    %dup/vec4;
    %pushi/vec4 2, 0, 3;
    %cmp/u;
    %jmp/1 T_47.2, 6;
    %dup/vec4;
    %pushi/vec4 3, 0, 3;
    %cmp/u;
    %jmp/1 T_47.3, 6;
    %dup/vec4;
    %pushi/vec4 4, 0, 3;
    %cmp/u;
    %jmp/1 T_47.4, 6;
    %dup/vec4;
    %pushi/vec4 5, 0, 3;
    %cmp/u;
    %jmp/1 T_47.5, 6;
    %dup/vec4;
    %pushi/vec4 6, 0, 3;
    %cmp/u;
    %jmp/1 T_47.6, 6;
    %dup/vec4;
    %pushi/vec4 7, 0, 3;
    %cmp/u;
    %jmp/1 T_47.7, 6;
    %pushi/vec4 0, 0, 64;
    %store/vec4 v0000025c73f21100_0, 0, 64;
    %jmp T_47.9;
T_47.0 ;
    %pushi/vec4 0, 0, 64;
    %store/vec4 v0000025c73f21100_0, 0, 64;
    %jmp T_47.9;
T_47.1 ;
    %load/vec4 v0000025c73f1f620_0;
    %store/vec4 v0000025c73f21100_0, 0, 64;
    %jmp T_47.9;
T_47.2 ;
    %load/vec4 v0000025c73f1f620_0;
    %store/vec4 v0000025c73f21100_0, 0, 64;
    %jmp T_47.9;
T_47.3 ;
    %load/vec4 v0000025c73f1f760_0;
    %store/vec4 v0000025c73f21100_0, 0, 64;
    %jmp T_47.9;
T_47.4 ;
    %load/vec4 v0000025c73f1f760_0;
    %inv;
    %pushi/vec4 1, 0, 64;
    %add;
    %store/vec4 v0000025c73f21100_0, 0, 64;
    %jmp T_47.9;
T_47.5 ;
    %load/vec4 v0000025c73f1f620_0;
    %inv;
    %pushi/vec4 1, 0, 64;
    %add;
    %store/vec4 v0000025c73f21100_0, 0, 64;
    %jmp T_47.9;
T_47.6 ;
    %load/vec4 v0000025c73f1f620_0;
    %inv;
    %pushi/vec4 1, 0, 64;
    %add;
    %store/vec4 v0000025c73f21100_0, 0, 64;
    %jmp T_47.9;
T_47.7 ;
    %pushi/vec4 0, 0, 64;
    %store/vec4 v0000025c73f21100_0, 0, 64;
    %jmp T_47.9;
T_47.9 ;
    %pop/vec4 1;
    %jmp T_47;
    .thread T_47, $push;
    .scope S_0000025c73f2fd30;
T_48 ;
    %wait E_0000025c73e92580;
    %load/vec4 v0000025c73f22000_0;
    %dup/vec4;
    %pushi/vec4 0, 0, 3;
    %cmp/u;
    %jmp/1 T_48.0, 6;
    %dup/vec4;
    %pushi/vec4 1, 0, 3;
    %cmp/u;
    %jmp/1 T_48.1, 6;
    %dup/vec4;
    %pushi/vec4 2, 0, 3;
    %cmp/u;
    %jmp/1 T_48.2, 6;
    %dup/vec4;
    %pushi/vec4 3, 0, 3;
    %cmp/u;
    %jmp/1 T_48.3, 6;
    %dup/vec4;
    %pushi/vec4 4, 0, 3;
    %cmp/u;
    %jmp/1 T_48.4, 6;
    %dup/vec4;
    %pushi/vec4 5, 0, 3;
    %cmp/u;
    %jmp/1 T_48.5, 6;
    %dup/vec4;
    %pushi/vec4 6, 0, 3;
    %cmp/u;
    %jmp/1 T_48.6, 6;
    %dup/vec4;
    %pushi/vec4 7, 0, 3;
    %cmp/u;
    %jmp/1 T_48.7, 6;
    %pushi/vec4 0, 0, 64;
    %store/vec4 v0000025c73f22320_0, 0, 64;
    %jmp T_48.9;
T_48.0 ;
    %pushi/vec4 0, 0, 64;
    %store/vec4 v0000025c73f22320_0, 0, 64;
    %jmp T_48.9;
T_48.1 ;
    %load/vec4 v0000025c73f20480_0;
    %store/vec4 v0000025c73f22320_0, 0, 64;
    %jmp T_48.9;
T_48.2 ;
    %load/vec4 v0000025c73f20480_0;
    %store/vec4 v0000025c73f22320_0, 0, 64;
    %jmp T_48.9;
T_48.3 ;
    %load/vec4 v0000025c73f202a0_0;
    %store/vec4 v0000025c73f22320_0, 0, 64;
    %jmp T_48.9;
T_48.4 ;
    %load/vec4 v0000025c73f202a0_0;
    %inv;
    %pushi/vec4 1, 0, 64;
    %add;
    %store/vec4 v0000025c73f22320_0, 0, 64;
    %jmp T_48.9;
T_48.5 ;
    %load/vec4 v0000025c73f20480_0;
    %inv;
    %pushi/vec4 1, 0, 64;
    %add;
    %store/vec4 v0000025c73f22320_0, 0, 64;
    %jmp T_48.9;
T_48.6 ;
    %load/vec4 v0000025c73f20480_0;
    %inv;
    %pushi/vec4 1, 0, 64;
    %add;
    %store/vec4 v0000025c73f22320_0, 0, 64;
    %jmp T_48.9;
T_48.7 ;
    %pushi/vec4 0, 0, 64;
    %store/vec4 v0000025c73f22320_0, 0, 64;
    %jmp T_48.9;
T_48.9 ;
    %pop/vec4 1;
    %jmp T_48;
    .thread T_48, $push;
    .scope S_0000025c73f2f880;
T_49 ;
    %wait E_0000025c73e92540;
    %load/vec4 v0000025c73f23860_0;
    %dup/vec4;
    %pushi/vec4 0, 0, 3;
    %cmp/u;
    %jmp/1 T_49.0, 6;
    %dup/vec4;
    %pushi/vec4 1, 0, 3;
    %cmp/u;
    %jmp/1 T_49.1, 6;
    %dup/vec4;
    %pushi/vec4 2, 0, 3;
    %cmp/u;
    %jmp/1 T_49.2, 6;
    %dup/vec4;
    %pushi/vec4 3, 0, 3;
    %cmp/u;
    %jmp/1 T_49.3, 6;
    %dup/vec4;
    %pushi/vec4 4, 0, 3;
    %cmp/u;
    %jmp/1 T_49.4, 6;
    %dup/vec4;
    %pushi/vec4 5, 0, 3;
    %cmp/u;
    %jmp/1 T_49.5, 6;
    %dup/vec4;
    %pushi/vec4 6, 0, 3;
    %cmp/u;
    %jmp/1 T_49.6, 6;
    %dup/vec4;
    %pushi/vec4 7, 0, 3;
    %cmp/u;
    %jmp/1 T_49.7, 6;
    %pushi/vec4 0, 0, 64;
    %store/vec4 v0000025c73f23900_0, 0, 64;
    %jmp T_49.9;
T_49.0 ;
    %pushi/vec4 0, 0, 64;
    %store/vec4 v0000025c73f23900_0, 0, 64;
    %jmp T_49.9;
T_49.1 ;
    %load/vec4 v0000025c73f234a0_0;
    %store/vec4 v0000025c73f23900_0, 0, 64;
    %jmp T_49.9;
T_49.2 ;
    %load/vec4 v0000025c73f234a0_0;
    %store/vec4 v0000025c73f23900_0, 0, 64;
    %jmp T_49.9;
T_49.3 ;
    %load/vec4 v0000025c73f22f00_0;
    %store/vec4 v0000025c73f23900_0, 0, 64;
    %jmp T_49.9;
T_49.4 ;
    %load/vec4 v0000025c73f22f00_0;
    %inv;
    %pushi/vec4 1, 0, 64;
    %add;
    %store/vec4 v0000025c73f23900_0, 0, 64;
    %jmp T_49.9;
T_49.5 ;
    %load/vec4 v0000025c73f234a0_0;
    %inv;
    %pushi/vec4 1, 0, 64;
    %add;
    %store/vec4 v0000025c73f23900_0, 0, 64;
    %jmp T_49.9;
T_49.6 ;
    %load/vec4 v0000025c73f234a0_0;
    %inv;
    %pushi/vec4 1, 0, 64;
    %add;
    %store/vec4 v0000025c73f23900_0, 0, 64;
    %jmp T_49.9;
T_49.7 ;
    %pushi/vec4 0, 0, 64;
    %store/vec4 v0000025c73f23900_0, 0, 64;
    %jmp T_49.9;
T_49.9 ;
    %pop/vec4 1;
    %jmp T_49;
    .thread T_49, $push;
    .scope S_0000025c73f2fba0;
T_50 ;
    %wait E_0000025c73e92800;
    %load/vec4 v0000025c73f21b00_0;
    %dup/vec4;
    %pushi/vec4 0, 0, 3;
    %cmp/u;
    %jmp/1 T_50.0, 6;
    %dup/vec4;
    %pushi/vec4 1, 0, 3;
    %cmp/u;
    %jmp/1 T_50.1, 6;
    %dup/vec4;
    %pushi/vec4 2, 0, 3;
    %cmp/u;
    %jmp/1 T_50.2, 6;
    %dup/vec4;
    %pushi/vec4 3, 0, 3;
    %cmp/u;
    %jmp/1 T_50.3, 6;
    %dup/vec4;
    %pushi/vec4 4, 0, 3;
    %cmp/u;
    %jmp/1 T_50.4, 6;
    %dup/vec4;
    %pushi/vec4 5, 0, 3;
    %cmp/u;
    %jmp/1 T_50.5, 6;
    %dup/vec4;
    %pushi/vec4 6, 0, 3;
    %cmp/u;
    %jmp/1 T_50.6, 6;
    %dup/vec4;
    %pushi/vec4 7, 0, 3;
    %cmp/u;
    %jmp/1 T_50.7, 6;
    %pushi/vec4 0, 0, 64;
    %store/vec4 v0000025c73f235e0_0, 0, 64;
    %jmp T_50.9;
T_50.0 ;
    %pushi/vec4 0, 0, 64;
    %store/vec4 v0000025c73f235e0_0, 0, 64;
    %jmp T_50.9;
T_50.1 ;
    %load/vec4 v0000025c73f220a0_0;
    %store/vec4 v0000025c73f235e0_0, 0, 64;
    %jmp T_50.9;
T_50.2 ;
    %load/vec4 v0000025c73f220a0_0;
    %store/vec4 v0000025c73f235e0_0, 0, 64;
    %jmp T_50.9;
T_50.3 ;
    %load/vec4 v0000025c73f232c0_0;
    %store/vec4 v0000025c73f235e0_0, 0, 64;
    %jmp T_50.9;
T_50.4 ;
    %load/vec4 v0000025c73f232c0_0;
    %inv;
    %pushi/vec4 1, 0, 64;
    %add;
    %store/vec4 v0000025c73f235e0_0, 0, 64;
    %jmp T_50.9;
T_50.5 ;
    %load/vec4 v0000025c73f220a0_0;
    %inv;
    %pushi/vec4 1, 0, 64;
    %add;
    %store/vec4 v0000025c73f235e0_0, 0, 64;
    %jmp T_50.9;
T_50.6 ;
    %load/vec4 v0000025c73f220a0_0;
    %inv;
    %pushi/vec4 1, 0, 64;
    %add;
    %store/vec4 v0000025c73f235e0_0, 0, 64;
    %jmp T_50.9;
T_50.7 ;
    %pushi/vec4 0, 0, 64;
    %store/vec4 v0000025c73f235e0_0, 0, 64;
    %jmp T_50.9;
T_50.9 ;
    %pop/vec4 1;
    %jmp T_50;
    .thread T_50, $push;
    .scope S_0000025c73f2f0b0;
T_51 ;
    %wait E_0000025c73e92bc0;
    %load/vec4 v0000025c73f22b40_0;
    %cmpi/e 0, 0, 32;
    %jmp/0xz  T_51.0, 4;
    %pushi/vec4 4294967295, 0, 32;
    %store/vec4 v0000025c73f22c80_0, 0, 32;
    %load/vec4 v0000025c73f21920_0;
    %store/vec4 v0000025c73f21880_0, 0, 32;
    %jmp T_51.1;
T_51.0 ;
    %pushi/vec4 0, 0, 32;
    %load/vec4 v0000025c73f21920_0;
    %concat/vec4; draw_concat_vec4
    %store/vec4 v0000025c73f22820_0, 0, 64;
    %load/vec4 v0000025c73f22b40_0;
    %store/vec4 v0000025c73f22be0_0, 0, 32;
    %pushi/vec4 0, 0, 32;
    %store/vec4 v0000025c73f22aa0_0, 0, 32;
T_51.2 ;
    %load/vec4 v0000025c73f22aa0_0;
    %cmpi/s 32, 0, 32;
    %jmp/0xz T_51.3, 5;
    %load/vec4 v0000025c73f22820_0;
    %ix/load 4, 1, 0;
    %flag_set/imm 4, 0;
    %shiftl 4;
    %store/vec4 v0000025c73f22820_0, 0, 64;
    %load/vec4 v0000025c73f22820_0;
    %parti/s 1, 63, 7;
    %flag_set/vec4 8;
    %jmp/0xz  T_51.4, 8;
    %load/vec4 v0000025c73f22820_0;
    %parti/s 32, 32, 7;
    %load/vec4 v0000025c73f22be0_0;
    %add;
    %ix/load 4, 32, 0;
    %flag_set/imm 4, 0;
    %store/vec4 v0000025c73f22820_0, 4, 32;
    %jmp T_51.5;
T_51.4 ;
    %load/vec4 v0000025c73f22820_0;
    %parti/s 32, 32, 7;
    %load/vec4 v0000025c73f22be0_0;
    %sub;
    %ix/load 4, 32, 0;
    %flag_set/imm 4, 0;
    %store/vec4 v0000025c73f22820_0, 4, 32;
T_51.5 ;
    %load/vec4 v0000025c73f22820_0;
    %parti/s 1, 63, 7;
    %flag_set/vec4 8;
    %jmp/0xz  T_51.6, 8;
    %pushi/vec4 0, 0, 1;
    %ix/load 4, 0, 0;
    %flag_set/imm 4, 0;
    %store/vec4 v0000025c73f22820_0, 4, 1;
    %jmp T_51.7;
T_51.6 ;
    %pushi/vec4 1, 0, 1;
    %ix/load 4, 0, 0;
    %flag_set/imm 4, 0;
    %store/vec4 v0000025c73f22820_0, 4, 1;
T_51.7 ;
    %load/vec4 v0000025c73f22aa0_0;
    %addi 1, 0, 32;
    %store/vec4 v0000025c73f22aa0_0, 0, 32;
    %jmp T_51.2;
T_51.3 ;
    %load/vec4 v0000025c73f22820_0;
    %parti/s 1, 63, 7;
    %flag_set/vec4 8;
    %jmp/0xz  T_51.8, 8;
    %load/vec4 v0000025c73f22820_0;
    %parti/s 32, 32, 7;
    %load/vec4 v0000025c73f22be0_0;
    %add;
    %store/vec4 v0000025c73f21880_0, 0, 32;
    %jmp T_51.9;
T_51.8 ;
    %load/vec4 v0000025c73f22820_0;
    %parti/s 32, 32, 7;
    %store/vec4 v0000025c73f21880_0, 0, 32;
T_51.9 ;
    %load/vec4 v0000025c73f22820_0;
    %parti/s 32, 0, 2;
    %store/vec4 v0000025c73f22c80_0, 0, 32;
T_51.1 ;
    %jmp T_51;
    .thread T_51, $push;
    .scope S_0000025c73a7c160;
T_52 ;
    %wait E_0000025c73e92200;
    %pushi/vec4 0, 0, 1;
    %store/vec4 v0000025c73f7a0b0_0, 0, 1;
    %load/vec4 v0000025c73f79cf0_0;
    %dup/vec4;
    %pushi/vec4 0, 0, 5;
    %cmp/u;
    %jmp/1 T_52.0, 6;
    %dup/vec4;
    %pushi/vec4 1, 0, 5;
    %cmp/u;
    %jmp/1 T_52.1, 6;
    %dup/vec4;
    %pushi/vec4 2, 0, 5;
    %cmp/u;
    %jmp/1 T_52.2, 6;
    %dup/vec4;
    %pushi/vec4 3, 0, 5;
    %cmp/u;
    %jmp/1 T_52.3, 6;
    %dup/vec4;
    %pushi/vec4 4, 0, 5;
    %cmp/u;
    %jmp/1 T_52.4, 6;
    %dup/vec4;
    %pushi/vec4 5, 0, 5;
    %cmp/u;
    %jmp/1 T_52.5, 6;
    %dup/vec4;
    %pushi/vec4 6, 0, 5;
    %cmp/u;
    %jmp/1 T_52.6, 6;
    %dup/vec4;
    %pushi/vec4 7, 0, 5;
    %cmp/u;
    %jmp/1 T_52.7, 6;
    %dup/vec4;
    %pushi/vec4 8, 0, 5;
    %cmp/u;
    %jmp/1 T_52.8, 6;
    %dup/vec4;
    %pushi/vec4 9, 0, 5;
    %cmp/u;
    %jmp/1 T_52.9, 6;
    %dup/vec4;
    %pushi/vec4 10, 0, 5;
    %cmp/u;
    %jmp/1 T_52.10, 6;
    %dup/vec4;
    %pushi/vec4 11, 0, 5;
    %cmp/u;
    %jmp/1 T_52.11, 6;
    %dup/vec4;
    %pushi/vec4 12, 0, 5;
    %cmp/u;
    %jmp/1 T_52.12, 6;
    %pushi/vec4 0, 0, 64;
    %store/vec4 v0000025c73f7add0_0, 0, 64;
    %jmp T_52.14;
T_52.0 ;
    %pushi/vec4 0, 0, 32;
    %load/vec4 v0000025c73f79b10_0;
    %concat/vec4; draw_concat_vec4
    %store/vec4 v0000025c73f7add0_0, 0, 64;
    %load/vec4 v0000025c73f7a150_0;
    %store/vec4 v0000025c73f7a0b0_0, 0, 1;
    %jmp T_52.14;
T_52.1 ;
    %pushi/vec4 0, 0, 32;
    %load/vec4 v0000025c73f7a1f0_0;
    %concat/vec4; draw_concat_vec4
    %store/vec4 v0000025c73f7add0_0, 0, 64;
    %load/vec4 v0000025c73f79f70_0;
    %store/vec4 v0000025c73f7a0b0_0, 0, 1;
    %jmp T_52.14;
T_52.2 ;
    %load/vec4 v0000025c73f7a3d0_0;
    %store/vec4 v0000025c73f7add0_0, 0, 64;
    %jmp T_52.14;
T_52.3 ;
    %load/vec4 v0000025c73f799d0_0;
    %load/vec4 v0000025c73f794d0_0;
    %concat/vec4; draw_concat_vec4
    %store/vec4 v0000025c73f7add0_0, 0, 64;
    %jmp T_52.14;
T_52.4 ;
    %pushi/vec4 0, 0, 32;
    %load/vec4 v0000025c73f79750_0;
    %load/vec4 v0000025c73f7ad30_0;
    %and;
    %concat/vec4; draw_concat_vec4
    %store/vec4 v0000025c73f7add0_0, 0, 64;
    %jmp T_52.14;
T_52.5 ;
    %pushi/vec4 0, 0, 32;
    %load/vec4 v0000025c73f79750_0;
    %load/vec4 v0000025c73f7ad30_0;
    %or;
    %concat/vec4; draw_concat_vec4
    %store/vec4 v0000025c73f7add0_0, 0, 64;
    %jmp T_52.14;
T_52.6 ;
    %pushi/vec4 0, 0, 32;
    %load/vec4 v0000025c73f7ad30_0;
    %inv;
    %concat/vec4; draw_concat_vec4
    %store/vec4 v0000025c73f7add0_0, 0, 64;
    %jmp T_52.14;
T_52.7 ;
    %pushi/vec4 0, 0, 32;
    %load/vec4 v0000025c73f79bb0_0;
    %concat/vec4; draw_concat_vec4
    %store/vec4 v0000025c73f7add0_0, 0, 64;
    %jmp T_52.14;
T_52.8 ;
    %pushi/vec4 0, 0, 32;
    %load/vec4 v0000025c73f78f30_0;
    %concat/vec4; draw_concat_vec4
    %store/vec4 v0000025c73f7add0_0, 0, 64;
    %jmp T_52.14;
T_52.9 ;
    %pushi/vec4 0, 0, 32;
    %load/vec4 v0000025c73f79ed0_0;
    %concat/vec4; draw_concat_vec4
    %store/vec4 v0000025c73f7add0_0, 0, 64;
    %jmp T_52.14;
T_52.10 ;
    %pushi/vec4 0, 0, 32;
    %load/vec4 v0000025c73f79e30_0;
    %concat/vec4; draw_concat_vec4
    %store/vec4 v0000025c73f7add0_0, 0, 64;
    %jmp T_52.14;
T_52.11 ;
    %pushi/vec4 0, 0, 32;
    %load/vec4 v0000025c73f78e90_0;
    %concat/vec4; draw_concat_vec4
    %store/vec4 v0000025c73f7add0_0, 0, 64;
    %jmp T_52.14;
T_52.12 ;
    %pushi/vec4 0, 0, 32;
    %load/vec4 v0000025c73f78df0_0;
    %concat/vec4; draw_concat_vec4
    %store/vec4 v0000025c73f7add0_0, 0, 64;
    %jmp T_52.14;
T_52.14 ;
    %pop/vec4 1;
    %jmp T_52;
    .thread T_52, $push;
    .scope S_0000025c73f98470;
T_53 ;
    %wait E_0000025c73e91b80;
    %load/vec4 v0000025c73f87680_0;
    %flag_set/vec4 8;
    %jmp/0xz  T_53.0, 8;
    %pushi/vec4 0, 0, 32;
    %assign/vec4 v0000025c73f875e0_0, 0;
    %jmp T_53.1;
T_53.0 ;
    %load/vec4 v0000025c73f85f60_0;
    %flag_set/vec4 8;
    %jmp/0xz  T_53.2, 8;
    %load/vec4 v0000025c73f85ec0_0;
    %assign/vec4 v0000025c73f875e0_0, 0;
T_53.2 ;
T_53.1 ;
    %jmp T_53;
    .thread T_53;
    .scope S_0000025c73f7f460;
T_54 ;
    %wait E_0000025c73e91b80;
    %load/vec4 v0000025c73f88440_0;
    %flag_set/vec4 8;
    %jmp/0xz  T_54.0, 8;
    %pushi/vec4 0, 0, 32;
    %assign/vec4 v0000025c73f884e0_0, 0;
    %jmp T_54.1;
T_54.0 ;
    %load/vec4 v0000025c73f89b60_0;
    %flag_set/vec4 8;
    %jmp/0xz  T_54.2, 8;
    %load/vec4 v0000025c73f89840_0;
    %assign/vec4 v0000025c73f884e0_0, 0;
T_54.2 ;
T_54.1 ;
    %jmp T_54;
    .thread T_54;
    .scope S_0000025c73f7e1a0;
T_55 ;
    %wait E_0000025c73e93080;
    %load/vec4 v0000025c73f7a470_0;
    %dup/vec4;
    %pushi/vec4 0, 0, 5;
    %cmp/u;
    %jmp/1 T_55.0, 6;
    %dup/vec4;
    %pushi/vec4 1, 0, 5;
    %cmp/u;
    %jmp/1 T_55.1, 6;
    %dup/vec4;
    %pushi/vec4 2, 0, 5;
    %cmp/u;
    %jmp/1 T_55.2, 6;
    %dup/vec4;
    %pushi/vec4 3, 0, 5;
    %cmp/u;
    %jmp/1 T_55.3, 6;
    %dup/vec4;
    %pushi/vec4 4, 0, 5;
    %cmp/u;
    %jmp/1 T_55.4, 6;
    %dup/vec4;
    %pushi/vec4 5, 0, 5;
    %cmp/u;
    %jmp/1 T_55.5, 6;
    %dup/vec4;
    %pushi/vec4 6, 0, 5;
    %cmp/u;
    %jmp/1 T_55.6, 6;
    %dup/vec4;
    %pushi/vec4 7, 0, 5;
    %cmp/u;
    %jmp/1 T_55.7, 6;
    %dup/vec4;
    %pushi/vec4 8, 0, 5;
    %cmp/u;
    %jmp/1 T_55.8, 6;
    %dup/vec4;
    %pushi/vec4 9, 0, 5;
    %cmp/u;
    %jmp/1 T_55.9, 6;
    %dup/vec4;
    %pushi/vec4 10, 0, 5;
    %cmp/u;
    %jmp/1 T_55.10, 6;
    %dup/vec4;
    %pushi/vec4 11, 0, 5;
    %cmp/u;
    %jmp/1 T_55.11, 6;
    %dup/vec4;
    %pushi/vec4 12, 0, 5;
    %cmp/u;
    %jmp/1 T_55.12, 6;
    %dup/vec4;
    %pushi/vec4 13, 0, 5;
    %cmp/u;
    %jmp/1 T_55.13, 6;
    %dup/vec4;
    %pushi/vec4 14, 0, 5;
    %cmp/u;
    %jmp/1 T_55.14, 6;
    %dup/vec4;
    %pushi/vec4 15, 0, 5;
    %cmp/u;
    %jmp/1 T_55.15, 6;
    %dup/vec4;
    %pushi/vec4 16, 0, 5;
    %cmp/u;
    %jmp/1 T_55.16, 6;
    %dup/vec4;
    %pushi/vec4 17, 0, 5;
    %cmp/u;
    %jmp/1 T_55.17, 6;
    %dup/vec4;
    %pushi/vec4 18, 0, 5;
    %cmp/u;
    %jmp/1 T_55.18, 6;
    %dup/vec4;
    %pushi/vec4 19, 0, 5;
    %cmp/u;
    %jmp/1 T_55.19, 6;
    %dup/vec4;
    %pushi/vec4 20, 0, 5;
    %cmp/u;
    %jmp/1 T_55.20, 6;
    %dup/vec4;
    %pushi/vec4 21, 0, 5;
    %cmp/u;
    %jmp/1 T_55.21, 6;
    %dup/vec4;
    %pushi/vec4 22, 0, 5;
    %cmp/u;
    %jmp/1 T_55.22, 6;
    %dup/vec4;
    %pushi/vec4 23, 0, 5;
    %cmp/u;
    %jmp/1 T_55.23, 6;
    %pushi/vec4 0, 0, 32;
    %store/vec4 v0000025c73f7a290_0, 0, 32;
    %jmp T_55.25;
T_55.0 ;
    %load/vec4 v0000025c73f7b550_0;
    %store/vec4 v0000025c73f7a290_0, 0, 32;
    %jmp T_55.25;
T_55.1 ;
    %load/vec4 v0000025c73f7beb0_0;
    %store/vec4 v0000025c73f7a290_0, 0, 32;
    %jmp T_55.25;
T_55.2 ;
    %load/vec4 v0000025c73f7bc30_0;
    %store/vec4 v0000025c73f7a290_0, 0, 32;
    %jmp T_55.25;
T_55.3 ;
    %load/vec4 v0000025c73f7b4b0_0;
    %store/vec4 v0000025c73f7a290_0, 0, 32;
    %jmp T_55.25;
T_55.4 ;
    %load/vec4 v0000025c73f7b870_0;
    %store/vec4 v0000025c73f7a290_0, 0, 32;
    %jmp T_55.25;
T_55.5 ;
    %load/vec4 v0000025c73f7b5f0_0;
    %store/vec4 v0000025c73f7a290_0, 0, 32;
    %jmp T_55.25;
T_55.6 ;
    %load/vec4 v0000025c73f7b230_0;
    %store/vec4 v0000025c73f7a290_0, 0, 32;
    %jmp T_55.25;
T_55.7 ;
    %load/vec4 v0000025c73f7b2d0_0;
    %store/vec4 v0000025c73f7a290_0, 0, 32;
    %jmp T_55.25;
T_55.8 ;
    %load/vec4 v0000025c73f7bcd0_0;
    %store/vec4 v0000025c73f7a290_0, 0, 32;
    %jmp T_55.25;
T_55.9 ;
    %load/vec4 v0000025c73f7b410_0;
    %store/vec4 v0000025c73f7a290_0, 0, 32;
    %jmp T_55.25;
T_55.10 ;
    %load/vec4 v0000025c73f7b190_0;
    %store/vec4 v0000025c73f7a290_0, 0, 32;
    %jmp T_55.25;
T_55.11 ;
    %load/vec4 v0000025c73f7b0f0_0;
    %store/vec4 v0000025c73f7a290_0, 0, 32;
    %jmp T_55.25;
T_55.12 ;
    %load/vec4 v0000025c73f7bb90_0;
    %store/vec4 v0000025c73f7a290_0, 0, 32;
    %jmp T_55.25;
T_55.13 ;
    %load/vec4 v0000025c73f7ba50_0;
    %store/vec4 v0000025c73f7a290_0, 0, 32;
    %jmp T_55.25;
T_55.14 ;
    %load/vec4 v0000025c73f7b9b0_0;
    %store/vec4 v0000025c73f7a290_0, 0, 32;
    %jmp T_55.25;
T_55.15 ;
    %load/vec4 v0000025c73f7b730_0;
    %store/vec4 v0000025c73f7a290_0, 0, 32;
    %jmp T_55.25;
T_55.16 ;
    %load/vec4 v0000025c73f7b910_0;
    %store/vec4 v0000025c73f7a290_0, 0, 32;
    %jmp T_55.25;
T_55.17 ;
    %load/vec4 v0000025c73f7bf50_0;
    %store/vec4 v0000025c73f7a290_0, 0, 32;
    %jmp T_55.25;
T_55.18 ;
    %load/vec4 v0000025c73f7b370_0;
    %store/vec4 v0000025c73f7a290_0, 0, 32;
    %jmp T_55.25;
T_55.19 ;
    %load/vec4 v0000025c73f7b690_0;
    %store/vec4 v0000025c73f7a290_0, 0, 32;
    %jmp T_55.25;
T_55.20 ;
    %load/vec4 v0000025c73f7be10_0;
    %store/vec4 v0000025c73f7a290_0, 0, 32;
    %jmp T_55.25;
T_55.21 ;
    %load/vec4 v0000025c73f7baf0_0;
    %store/vec4 v0000025c73f7a290_0, 0, 32;
    %jmp T_55.25;
T_55.22 ;
    %load/vec4 v0000025c73f7bd70_0;
    %store/vec4 v0000025c73f7a290_0, 0, 32;
    %jmp T_55.25;
T_55.23 ;
    %load/vec4 v0000025c73f7a5b0_0;
    %store/vec4 v0000025c73f7a290_0, 0, 32;
    %jmp T_55.25;
T_55.25 ;
    %pop/vec4 1;
    %jmp T_55;
    .thread T_55, $push;
    .scope S_0000025c73a83620;
T_56 ;
    %wait E_0000025c73e91b80;
    %load/vec4 v0000025c73fa57c0_0;
    %flag_set/vec4 8;
    %jmp/0xz  T_56.0, 8;
    %pushi/vec4 0, 0, 64;
    %assign/vec4 v0000025c73fa4be0_0, 0;
    %pushi/vec4 0, 0, 1;
    %assign/vec4 v0000025c73fa4500_0, 0;
    %jmp T_56.1;
T_56.0 ;
    %load/vec4 v0000025c73fa2e80_0;
    %flag_set/vec4 8;
    %jmp/0xz  T_56.2, 8;
    %load/vec4 v0000025c73fa5040_0;
    %assign/vec4 v0000025c73fa4be0_0, 0;
    %load/vec4 v0000025c73fa2f20_0;
    %assign/vec4 v0000025c73fa4500_0, 0;
T_56.2 ;
T_56.1 ;
    %jmp T_56;
    .thread T_56;
    .scope S_0000025c73e8e130;
T_57 ;
    %pushi/vec4 0, 0, 1;
    %store/vec4 v0000025c73fa52c0_0, 0, 1;
T_57.0 ;
    %delay 1000, 0;
    %load/vec4 v0000025c73fa52c0_0;
    %inv;
    %store/vec4 v0000025c73fa52c0_0, 0, 1;
    %jmp T_57.0;
    %end;
    .thread T_57;
    .scope S_0000025c73e8e130;
T_58 ;
    %pushi/vec4 0, 0, 32;
    %store/vec4 v0000025c73fa5360_0, 0, 32;
    %pushi/vec4 0, 0, 32;
    %store/vec4 v0000025c73fa81a0_0, 0, 32;
T_58.0 ;
    %wait E_0000025c73e93c40;
    %load/vec4 v0000025c73fa5360_0;
    %addi 1, 0, 32;
    %store/vec4 v0000025c73fa5360_0, 0, 32;
    %load/vec4 v0000025c73fa5360_0;
    %cmpi/s 100000, 0, 32;
    %flag_or 5, 4; GT is !LE
    %flag_inv 5;
    %jmp/0xz  T_58.1, 5;
    %vpi_call 2 31 "$display", "TIMEOUT after %0d cycles", v0000025c73fa5360_0 {0 0 0};
    %vpi_call 2 32 "$finish" {0 0 0};
T_58.1 ;
    %jmp T_58.0;
    %end;
    .thread T_58;
    .scope S_0000025c73e8e130;
T_59 ;
    %wait E_0000025c73e93c40;
    %load/vec4 v0000025c73fa8060_0;
    %nor/r;
    %flag_set/vec4 9;
    %flag_get/vec4 9;
    %jmp/0 T_59.2, 9;
    %load/vec4 v0000025c73e6aac0_0;
    %and;
T_59.2;
    %flag_set/vec4 8;
    %jmp/0xz  T_59.0, 8;
    %vpi_call 2 40 "$display", "\000" {0 0 0};
    %vpi_call 2 41 "$display", "Instr #%0d  [cycle %0d]  Fetching PC=0x%08h  IR_prev=0x%08h", v0000025c73fa81a0_0, v0000025c73fa5360_0, v0000025c73fa41e0_0, v0000025c73fa48c0_0 {0 0 0};
    %vpi_call 2 45 "$display", "R0 =0x%08h  R1 =0x%08h  R2 =0x%08h  R3 =0x%08h", v0000025c73fa27a0_0, v0000025c73fa04a0_0, v0000025c73fa05e0_0, v0000025c73fa0680_0 {0 0 0};
    %vpi_call 2 48 "$display", "R4 =0x%08h  R5 =0x%08h  R6 =0x%08h  R7 =0x%08h", v0000025c73fa1620_0, v0000025c73fa16c0_0, v0000025c73fa0720_0, v0000025c73fa0b80_0 {0 0 0};
    %vpi_call 2 51 "$display", "R8 =0x%08h  R9 =0x%08h  R10=0x%08h  R11=0x%08h", v0000025c73fa0c20_0, v0000025c73fa1c60_0, v0000025c73fa1260_0, v0000025c73fa1d00_0 {0 0 0};
    %vpi_call 2 54 "$display", "R12=0x%08h  R13=0x%08h  R14=0x%08h  R15=0x%08h", v0000025c73fa09a0_0, v0000025c73fa1e40_0, v0000025c73fa0220_0, v0000025c73fa1580_0 {0 0 0};
    %vpi_call 2 57 "$display", "HI =0x%08h  LO =0x%08h  MAR=0x%08h  ZL =0x%08h", v0000025c73f88c60_0, v0000025c73f895c0_0, v0000025c73fa3560_0, v0000025c73fa5400_0 {0 0 0};
    %vpi_call 2 62 "$display", "mem[0x89]=0x%08h  mem[0xA3]=0x%08h", &A<v0000025c73f9f500, 137>, &A<v0000025c73f9f500, 163> {0 0 0};
    %load/vec4 v0000025c73fa81a0_0;
    %addi 1, 0, 32;
    %store/vec4 v0000025c73fa81a0_0, 0, 32;
T_59.0 ;
    %jmp T_59;
    .thread T_59;
    .scope S_0000025c73e8e130;
T_60 ;
    %vpi_call 2 70 "$dumpfile", "cpu_tb.vcd" {0 0 0};
    %vpi_call 2 71 "$dumpvars", 32'sb00000000000000000000000000000000, S_0000025c73e8e130 {0 0 0};
    %pushi/vec4 0, 0, 32;
    %store/vec4 v0000025c73fa8a60_0, 0, 32;
    %pushi/vec4 0, 0, 1;
    %store/vec4 v0000025c73fa9140_0, 0, 1;
    %pushi/vec4 1, 0, 1;
    %store/vec4 v0000025c73fa8060_0, 0, 1;
    %pushi/vec4 3, 0, 32;
T_60.0 %dup/vec4;
    %pushi/vec4 0, 0, 32;
    %cmp/s;
    %jmp/1xz T_60.1, 5;
    %jmp/1 T_60.1, 4;
    %pushi/vec4 1, 0, 32;
    %sub;
    %wait E_0000025c73e93c40;
    %jmp T_60.0;
T_60.1 ;
    %pop/vec4 1;
    %delay 100, 0;
    %pushi/vec4 0, 0, 1;
    %store/vec4 v0000025c73fa8060_0, 0, 1;
    %wait E_0000025c73e912c0;
    %pushi/vec4 2, 0, 32;
T_60.2 %dup/vec4;
    %pushi/vec4 0, 0, 32;
    %cmp/s;
    %jmp/1xz T_60.3, 5;
    %jmp/1 T_60.3, 4;
    %pushi/vec4 1, 0, 32;
    %sub;
    %wait E_0000025c73e93c40;
    %jmp T_60.2;
T_60.3 ;
    %pop/vec4 1;
    %vpi_call 2 82 "$display", "\000" {0 0 0};
    %vpi_call 2 83 "$display", "  Final Contents" {0 0 0};
    %vpi_call 2 84 "$display", "  R0  = 0x%08h   (exp 0x00000614)", v0000025c73fa27a0_0 {0 0 0};
    %vpi_call 2 85 "$display", "  R1  = 0x%08h   (exp 0x00000000)", v0000025c73fa04a0_0 {0 0 0};
    %vpi_call 2 86 "$display", "  R2  = 0x%08h   (exp 0x00000004)", v0000025c73fa05e0_0 {0 0 0};
    %vpi_call 2 87 "$display", "  R3  = 0x%08h   (exp 0x00000019)", v0000025c73fa0680_0 {0 0 0};
    %vpi_call 2 88 "$display", "  R4  = 0x%08h   (exp 0x00006800)", v0000025c73fa1620_0 {0 0 0};
    %vpi_call 2 89 "$display", "  R5  = 0x%08h   (exp 0x00000680)", v0000025c73fa16c0_0 {0 0 0};
    %vpi_call 2 90 "$display", "  R6  = 0x%08h   (exp 0x000000AF)", v0000025c73fa0720_0 {0 0 0};
    %vpi_call 2 91 "$display", "  R7  = 0x%08h   (exp 0x00000007)", v0000025c73fa0b80_0 {0 0 0};
    %vpi_call 2 92 "$display", "  R8  = 0x%08h   (exp 0x00000009)", v0000025c73fa0c20_0 {0 0 0};
    %vpi_call 2 93 "$display", "  R9  = 0x%08h   (exp 0x00000015)", v0000025c73fa1c60_0 {0 0 0};
    %vpi_call 2 94 "$display", "  R10 = 0x%08h   (exp 0x000000B2)", v0000025c73fa1260_0 {0 0 0};
    %vpi_call 2 95 "$display", "  R11 = 0x%08h   (exp 0x00000005)", v0000025c73fa1d00_0 {0 0 0};
    %vpi_call 2 96 "$display", "  R12 = 0x%08h   (exp 0x00000029)", v0000025c73fa09a0_0 {0 0 0};
    %vpi_call 2 97 "$display", "  R13 = 0x%08h   (exp 0x00000010)", v0000025c73fa1e40_0 {0 0 0};
    %vpi_call 2 98 "$display", "  R14 = 0x%08h   (exp 0x000000AB)", v0000025c73fa0220_0 {0 0 0};
    %vpi_call 2 99 "$display", "  R15 = 0x%08h   (exp 0x00000000)", v0000025c73fa1580_0 {0 0 0};
    %vpi_call 2 100 "$display", "  HI  = 0x%08h   (exp 0x00000004)", v0000025c73f88c60_0 {0 0 0};
    %vpi_call 2 101 "$display", "  LO  = 0x%08h   (exp 0x00000003)", v0000025c73f895c0_0 {0 0 0};
    %vpi_call 2 102 "$display", "  mem[0x089] = 0x%08h   (exp 0x0000006C)", &A<v0000025c73f9f500, 137> {0 0 0};
    %vpi_call 2 103 "$display", "  mem[0x0A3] = 0x%08h   (exp 0x00000008)", &A<v0000025c73f9f500, 163> {0 0 0};
    %fork t_1, S_0000025c73f98150;
    %jmp t_0;
    .scope S_0000025c73f98150;
t_1 ;
    %vpi_func 2 108 "$fopen" 32, "memory_out.hex", "w" {0 0 0};
    %store/vec4 v0000025c73fa5180_0, 0, 32;
    %pushi/vec4 0, 0, 32;
    %store/vec4 v0000025c73fa5220_0, 0, 32;
T_60.4 ;
    %load/vec4 v0000025c73fa5220_0;
    %cmpi/s 512, 0, 32;
    %jmp/0xz T_60.5, 5;
    %vpi_call 2 110 "$fdisplay", v0000025c73fa5180_0, "%08X", &A<v0000025c73f9f500, v0000025c73fa5220_0 > {0 0 0};
    %load/vec4 v0000025c73fa5220_0;
    %addi 1, 0, 32;
    %store/vec4 v0000025c73fa5220_0, 0, 32;
    %jmp T_60.4;
T_60.5 ;
    %vpi_call 2 111 "$fclose", v0000025c73fa5180_0 {0 0 0};
    %vpi_call 2 112 "$display", "Memory dumped to memory_out.hex" {0 0 0};
    %end;
    .scope S_0000025c73e8e130;
t_0 %join;
    %delay 2000, 0;
    %vpi_call 2 115 "$finish" {0 0 0};
    %end;
    .thread T_60;
# The file index is used to find the file name in the following table.
:file_names 20;
    "N/A";
    "<interactive>";
    "simulation/P3/cpu_tb_trace.v";
    "rtl/cpu.v";
    "rtl/control_unit.v";
    "rtl/datapath_top.v";
    "rtl/alu.v";
    "rtl/booth_multiplier.v";
    "rtl/divider.v";
    "rtl/ripple_carry_adder.v";
    "rtl/barrel_shifter.v";
    "rtl/bus_mux.v";
    "rtl/con_ff.v";
    "rtl/select_encode.v";
    "rtl/io.v";
    "rtl/key_regs.v";
    "rtl/registers.v";
    "rtl/pc_reg.v";
    "rtl/mdr.v";
    "rtl/ram.v";
