#! /c/Source/iverilog-install/bin/vvp
:ivl_version "12.0 (devel)" "(s20150603-1539-g2693dd32b)";
:ivl_delay_selection "TYPICAL";
:vpi_time_precision - 11;
:vpi_module "C:\iverilog\lib\ivl\system.vpi";
:vpi_module "C:\iverilog\lib\ivl\vhdl_sys.vpi";
:vpi_module "C:\iverilog\lib\ivl\vhdl_textio.vpi";
:vpi_module "C:\iverilog\lib\ivl\v2005_math.vpi";
:vpi_module "C:\iverilog\lib\ivl\va_math.vpi";
S_00000199069edee0 .scope module, "cpu_tb" "cpu_tb" 2 13;
 .timescale -9 -11;
L_0000019906b74460 .functor BUFZ 32, v0000019906ab5250_0, C4<00000000000000000000000000000000>, C4<00000000000000000000000000000000>, C4<00000000000000000000000000000000>;
L_0000019906b74ee0 .functor BUFZ 32, v0000019906ab88b0_0, C4<00000000000000000000000000000000>, C4<00000000000000000000000000000000>, C4<00000000000000000000000000000000>;
L_0000019906b736d0 .functor BUFZ 32, v0000019906ab7e10_0, C4<00000000000000000000000000000000>, C4<00000000000000000000000000000000>, C4<00000000000000000000000000000000>;
L_0000019906b73820 .functor BUFZ 32, L_00000199069dc870, C4<00000000000000000000000000000000>, C4<00000000000000000000000000000000>, C4<00000000000000000000000000000000>;
L_0000019906b73900 .functor BUFZ 32, v0000019906ab8090_0, C4<00000000000000000000000000000000>, C4<00000000000000000000000000000000>, C4<00000000000000000000000000000000>;
L_0000019906b73c80 .functor BUFZ 32, v0000019906ab89f0_0, C4<00000000000000000000000000000000>, C4<00000000000000000000000000000000>, C4<00000000000000000000000000000000>;
v0000019906ad7e90_0 .var "clk", 0 0;
v0000019906ad8890_0 .var/i "cycle_count", 31 0;
v0000019906ad7ad0_0 .var/i "delay_override", 31 0;
v0000019906ad70d0_0 .var "device_in", 31 0;
v0000019906ad8d90_0 .var "dump_enabled", 0 0;
v0000019906ad6950_0 .var "expected_mem88", 31 0;
v0000019906ad72b0_0 .net "hi_val", 31 0, L_0000019906b73900;  1 drivers
v0000019906ad7c10_0 .net "ir_val", 31 0, L_0000019906b74ee0;  1 drivers
v0000019906ad7cb0_0 .net "lo_val", 31 0, L_0000019906b73c80;  1 drivers
v0000019906ad7350_0 .net "mar_val", 31 0, L_0000019906b736d0;  1 drivers
v0000019906ad6d10_0 .net "mdr_val", 31 0, L_0000019906b73820;  1 drivers
v0000019906ad8930_0 .var/i "out_count", 31 0;
v0000019906ad7b70_0 .net "outport_val", 31 0, v0000019906ab6650_0;  1 drivers
v0000019906ad6c70_0 .var "pass", 0 0;
v0000019906ad8570_0 .net "pc_val", 31 0, L_0000019906b74460;  1 drivers
v0000019906ad7990_0 .var "quiet_mode", 0 0;
v0000019906ad6ef0_0 .var "reset", 0 0;
v0000019906ad6f90_0 .net "run", 0 0, v00000199069bd7f0_0;  1 drivers
v0000019906ad77b0_0 .var "stop", 0 0;
v0000019906ad7f30_0 .var "using_delay_override", 0 0;
E_00000199069a1c20 .event negedge, v00000199069bd7f0_0;
S_00000199069ee070 .scope module, "DUT" "cpu" 2 22, 3 3 0, S_00000199069edee0;
 .timescale -9 -11;
    .port_info 0 /INPUT 1 "clk";
    .port_info 1 /INPUT 1 "reset";
    .port_info 2 /INPUT 1 "stop";
    .port_info 3 /INPUT 32 "device_in";
    .port_info 4 /OUTPUT 32 "outport_val";
    .port_info 5 /OUTPUT 1 "run";
P_00000199069a12a0 .param/str "MEM_INIT_FILE" 0 3 4, "simulation/P4/memory_p4.hex";
v0000019906ad4510_0 .net "BAout", 0 0, v00000199069bd4d0_0;  1 drivers
v0000019906ad50f0_0 .net "BusMuxOut", 31 0, v0000019906aa0840_0;  1 drivers
v0000019906ad6630_0 .net "Cout", 0 0, v00000199069bd6b0_0;  1 drivers
v0000019906ad4970_0 .net "Gra", 0 0, v00000199069bea10_0;  1 drivers
v0000019906ad4650_0 .net "Grb", 0 0, v00000199069bd250_0;  1 drivers
v0000019906ad4790_0 .net "Grc", 0 0, v00000199069bf5f0_0;  1 drivers
v0000019906ad4f10_0 .net "IncPC", 0 0, v00000199069bf4b0_0;  1 drivers
v0000019906ad57d0_0 .net "MDRin", 0 0, v00000199069bdc50_0;  1 drivers
v0000019906ad6090_0 .net "Mdataout", 31 0, L_00000199069dc870;  1 drivers
v0000019906ad5550_0 .net "Read", 0 0, v00000199069bd070_0;  1 drivers
v0000019906ad4290_0 .net "Rin", 0 0, v00000199069be010_0;  1 drivers
v0000019906ad55f0_0 .net "Rout", 0 0, v00000199069bd930_0;  1 drivers
v0000019906ad4ab0_0 .net "Zin", 0 0, v00000199069bdcf0_0;  1 drivers
v0000019906ad5b90_0 .net "alu_op", 4 0, v00000199069bd110_0;  1 drivers
v0000019906ad4fb0_0 .net "bus_sel", 4 0, v00000199069bd1b0_0;  1 drivers
v0000019906ad45b0_0 .net "clk", 0 0, v0000019906ad7e90_0;  1 drivers
v0000019906ad41f0_0 .net "con", 0 0, v0000019906ab9030_0;  1 drivers
v0000019906ad61d0_0 .net "con_en", 0 0, v00000199069be6f0_0;  1 drivers
v0000019906ad5690_0 .net "device_in", 31 0, v0000019906ad70d0_0;  1 drivers
v0000019906ad4330_0 .net "hi_in", 0 0, v00000199069be3d0_0;  1 drivers
v0000019906ad4830_0 .net "inport_in", 0 0, v00000199069beb50_0;  1 drivers
v0000019906ad5d70_0 .net "ir_in", 0 0, v00000199069bda70_0;  1 drivers
v0000019906ad46f0_0 .net "ir_val", 31 0, v0000019906ab88b0_0;  1 drivers
v0000019906ad4a10_0 .net "jal_r12_in", 0 0, v00000199069bd610_0;  1 drivers
v0000019906ad4bf0_0 .net "lo_in", 0 0, v00000199069be330_0;  1 drivers
v0000019906ad4c90_0 .net "mar_in", 0 0, v00000199069be470_0;  1 drivers
v0000019906ad6450_0 .net "mar_val", 31 0, v0000019906ab7e10_0;  1 drivers
v0000019906ad4d30_0 .net "outport_in", 0 0, v00000199069bdb10_0;  1 drivers
v0000019906ad5870_0 .net "outport_val", 31 0, v0000019906ab6650_0;  alias, 1 drivers
v0000019906ad6310_0 .net "pc_in", 0 0, v00000199069be150_0;  1 drivers
v0000019906ad5050_0 .net "pc_val", 31 0, v0000019906ab5250_0;  1 drivers
v0000019906ad5190_0 .net "ram_in", 0 0, v00000199069bd750_0;  1 drivers
v0000019906ad5230_0 .net "reset", 0 0, v0000019906ad6ef0_0;  1 drivers
v0000019906ad52d0_0 .net "run", 0 0, v00000199069bd7f0_0;  alias, 1 drivers
v0000019906ad5910_0 .net "stop", 0 0, v0000019906ad77b0_0;  1 drivers
v0000019906ad63b0_0 .net "y_in", 0 0, v00000199069bded0_0;  1 drivers
v0000019906ad64f0_0 .net "y_val", 31 0, v0000019906ab4c10_0;  1 drivers
v0000019906ad5c30_0 .net "zhigh_out", 31 0, L_00000199069d7b00;  1 drivers
v0000019906ad5cd0_0 .net "zlow_out", 31 0, L_00000199069d82e0;  1 drivers
S_0000019906a068c0 .scope module, "cu" "control_unit" 3 32, 4 3 0, S_00000199069ee070;
 .timescale -9 -11;
    .port_info 0 /INPUT 1 "clk";
    .port_info 1 /INPUT 1 "reset";
    .port_info 2 /INPUT 1 "stop";
    .port_info 3 /INPUT 1 "con";
    .port_info 4 /INPUT 32 "IR";
    .port_info 5 /INPUT 32 "MDR";
    .port_info 6 /OUTPUT 5 "bus_sel";
    .port_info 7 /OUTPUT 1 "pc_in";
    .port_info 8 /OUTPUT 1 "IncPC";
    .port_info 9 /OUTPUT 1 "ir_in";
    .port_info 10 /OUTPUT 1 "y_in";
    .port_info 11 /OUTPUT 1 "mar_in";
    .port_info 12 /OUTPUT 1 "hi_in";
    .port_info 13 /OUTPUT 1 "lo_in";
    .port_info 14 /OUTPUT 1 "MDRin";
    .port_info 15 /OUTPUT 1 "Read";
    .port_info 16 /OUTPUT 1 "ram_in";
    .port_info 17 /OUTPUT 5 "alu_op";
    .port_info 18 /OUTPUT 1 "Zin";
    .port_info 19 /OUTPUT 1 "Gra";
    .port_info 20 /OUTPUT 1 "Grb";
    .port_info 21 /OUTPUT 1 "Grc";
    .port_info 22 /OUTPUT 1 "Rin";
    .port_info 23 /OUTPUT 1 "Rout";
    .port_info 24 /OUTPUT 1 "BAout";
    .port_info 25 /OUTPUT 1 "Cout";
    .port_info 26 /OUTPUT 1 "con_en";
    .port_info 27 /OUTPUT 1 "inport_in";
    .port_info 28 /OUTPUT 1 "outport_in";
    .port_info 29 /OUTPUT 1 "jal_r12_in";
    .port_info 30 /OUTPUT 1 "run";
P_0000019906a08800 .param/l "ALU_ADD" 1 4 53, C4<00000>;
P_0000019906a08838 .param/l "ALU_AND" 1 4 55, C4<00100>;
P_0000019906a08870 .param/l "ALU_DIV" 1 4 54, C4<00011>;
P_0000019906a088a8 .param/l "ALU_MUL" 1 4 54, C4<00010>;
P_0000019906a088e0 .param/l "ALU_NEG" 1 4 56, C4<00111>;
P_0000019906a08918 .param/l "ALU_NOT" 1 4 56, C4<00110>;
P_0000019906a08950 .param/l "ALU_OR" 1 4 55, C4<00101>;
P_0000019906a08988 .param/l "ALU_ROL" 1 4 58, C4<01100>;
P_0000019906a089c0 .param/l "ALU_ROR" 1 4 58, C4<01011>;
P_0000019906a089f8 .param/l "ALU_SHL" 1 4 58, C4<01010>;
P_0000019906a08a30 .param/l "ALU_SHR" 1 4 57, C4<01000>;
P_0000019906a08a68 .param/l "ALU_SHRA" 1 4 57, C4<01001>;
P_0000019906a08aa0 .param/l "ALU_SUB" 1 4 53, C4<00001>;
P_0000019906a08ad8 .param/l "BUS_C" 1 4 65, C4<10111>;
P_0000019906a08b10 .param/l "BUS_HI" 1 4 62, C4<10000>;
P_0000019906a08b48 .param/l "BUS_IN" 1 4 65, C4<10110>;
P_0000019906a08b80 .param/l "BUS_LO" 1 4 62, C4<10001>;
P_0000019906a08bb8 .param/l "BUS_MDR" 1 4 64, C4<10101>;
P_0000019906a08bf0 .param/l "BUS_PC" 1 4 64, C4<10100>;
P_0000019906a08c28 .param/l "BUS_ZH" 1 4 63, C4<10010>;
P_0000019906a08c60 .param/l "BUS_ZL" 1 4 63, C4<10011>;
P_0000019906a08c98 .param/l "OP_ADD" 1 4 35, C4<00000>;
P_0000019906a08cd0 .param/l "OP_ADDI" 1 4 39, C4<01001>;
P_0000019906a08d08 .param/l "OP_AND" 1 4 36, C4<00010>;
P_0000019906a08d40 .param/l "OP_ANDI" 1 4 39, C4<01010>;
P_0000019906a08d78 .param/l "OP_BR" 1 4 43, C4<10101>;
P_0000019906a08db0 .param/l "OP_DIV" 1 4 40, C4<01100>;
P_0000019906a08de8 .param/l "OP_HALT" 1 4 46, C4<11011>;
P_0000019906a08e20 .param/l "OP_IN" 1 4 44, C4<10110>;
P_0000019906a08e58 .param/l "OP_JAL" 1 4 43, C4<10011>;
P_0000019906a08e90 .param/l "OP_JR" 1 4 43, C4<10100>;
P_0000019906a08ec8 .param/l "OP_LD" 1 4 42, C4<10000>;
P_0000019906a08f00 .param/l "OP_LDI" 1 4 42, C4<10001>;
P_0000019906a08f38 .param/l "OP_MFHI" 1 4 45, C4<11000>;
P_0000019906a08f70 .param/l "OP_MFLO" 1 4 45, C4<11001>;
P_0000019906a08fa8 .param/l "OP_MUL" 1 4 40, C4<01101>;
P_0000019906a08fe0 .param/l "OP_NEG" 1 4 41, C4<01110>;
P_0000019906a09018 .param/l "OP_NOP" 1 4 46, C4<11010>;
P_0000019906a09050 .param/l "OP_NOT" 1 4 41, C4<01111>;
P_0000019906a09088 .param/l "OP_OR" 1 4 36, C4<00011>;
P_0000019906a090c0 .param/l "OP_ORI" 1 4 39, C4<01011>;
P_0000019906a090f8 .param/l "OP_OUT" 1 4 44, C4<10111>;
P_0000019906a09130 .param/l "OP_ROL" 1 4 38, C4<01000>;
P_0000019906a09168 .param/l "OP_ROR" 1 4 38, C4<00111>;
P_0000019906a091a0 .param/l "OP_SHL" 1 4 38, C4<00110>;
P_0000019906a091d8 .param/l "OP_SHR" 1 4 37, C4<00100>;
P_0000019906a09210 .param/l "OP_SHRA" 1 4 37, C4<00101>;
P_0000019906a09248 .param/l "OP_ST" 1 4 42, C4<10010>;
P_0000019906a09280 .param/l "OP_SUB" 1 4 35, C4<00001>;
P_0000019906a092b8 .param/l "S_ALU2_T3" 1 4 74, C4<000111>;
P_0000019906a092f0 .param/l "S_ALU2_T4" 1 4 74, C4<001000>;
P_0000019906a09328 .param/l "S_ALU3_T3" 1 4 73, C4<000100>;
P_0000019906a09360 .param/l "S_ALU3_T4" 1 4 73, C4<000101>;
P_0000019906a09398 .param/l "S_ALU3_T5" 1 4 73, C4<000110>;
P_0000019906a093d0 .param/l "S_BR_T3" 1 4 83, C4<100001>;
P_0000019906a09408 .param/l "S_BR_T4" 1 4 83, C4<100010>;
P_0000019906a09440 .param/l "S_BR_T5" 1 4 83, C4<100011>;
P_0000019906a09478 .param/l "S_BR_T6" 1 4 83, C4<100100>;
P_0000019906a094b0 .param/l "S_DIV_T3" 1 4 76, C4<001101>;
P_0000019906a094e8 .param/l "S_DIV_T4" 1 4 76, C4<001110>;
P_0000019906a09520 .param/l "S_DIV_T5" 1 4 76, C4<001111>;
P_0000019906a09558 .param/l "S_DIV_T6" 1 4 76, C4<010000>;
P_0000019906a09590 .param/l "S_FETCH0" 1 4 70, C4<000001>;
P_0000019906a095c8 .param/l "S_FETCH1" 1 4 71, C4<000010>;
P_0000019906a09600 .param/l "S_FETCH2" 1 4 72, C4<000011>;
P_0000019906a09638 .param/l "S_HALT" 1 4 90, C4<101110>;
P_0000019906a09670 .param/l "S_IMM_T3" 1 4 82, C4<011110>;
P_0000019906a096a8 .param/l "S_IMM_T4" 1 4 82, C4<011111>;
P_0000019906a096e0 .param/l "S_IMM_T5" 1 4 82, C4<100000>;
P_0000019906a09718 .param/l "S_IN_T3" 1 4 87, C4<101010>;
P_0000019906a09750 .param/l "S_IN_T4" 1 4 87, C4<101011>;
P_0000019906a09788 .param/l "S_JAL_T3" 1 4 85, C4<100110>;
P_0000019906a097c0 .param/l "S_JAL_T4" 1 4 85, C4<100111>;
P_0000019906a097f8 .param/l "S_JR_T3" 1 4 84, C4<100101>;
P_0000019906a09830 .param/l "S_LDI_T3" 1 4 79, C4<010110>;
P_0000019906a09868 .param/l "S_LDI_T4" 1 4 79, C4<010111>;
P_0000019906a098a0 .param/l "S_LDI_T5" 1 4 79, C4<011000>;
P_0000019906a098d8 .param/l "S_LD_T3" 1 4 77, C4<010001>;
P_0000019906a09910 .param/l "S_LD_T4" 1 4 77, C4<010010>;
P_0000019906a09948 .param/l "S_LD_T5" 1 4 77, C4<010011>;
P_0000019906a09980 .param/l "S_LD_T6" 1 4 78, C4<010100>;
P_0000019906a099b8 .param/l "S_LD_T7" 1 4 78, C4<010101>;
P_0000019906a099f0 .param/l "S_MFHI_T3" 1 4 86, C4<101000>;
P_0000019906a09a28 .param/l "S_MFLO_T3" 1 4 86, C4<101001>;
P_0000019906a09a60 .param/l "S_MUL_T3" 1 4 75, C4<001001>;
P_0000019906a09a98 .param/l "S_MUL_T4" 1 4 75, C4<001010>;
P_0000019906a09ad0 .param/l "S_MUL_T5" 1 4 75, C4<001011>;
P_0000019906a09b08 .param/l "S_MUL_T6" 1 4 75, C4<001100>;
P_0000019906a09b40 .param/l "S_NOP_T3" 1 4 89, C4<101101>;
P_0000019906a09b78 .param/l "S_OUT_T3" 1 4 88, C4<101100>;
P_0000019906a09bb0 .param/l "S_RESET" 1 4 69, C4<000000>;
P_0000019906a09be8 .param/l "S_ST_T3" 1 4 80, C4<011001>;
P_0000019906a09c20 .param/l "S_ST_T4" 1 4 80, C4<011010>;
P_0000019906a09c58 .param/l "S_ST_T5" 1 4 80, C4<011011>;
P_0000019906a09c90 .param/l "S_ST_T6" 1 4 81, C4<011100>;
P_0000019906a09cc8 .param/l "S_ST_T7" 1 4 81, C4<011101>;
v00000199069bd4d0_0 .var "BAout", 0 0;
v00000199069bd6b0_0 .var "Cout", 0 0;
v00000199069bea10_0 .var "Gra", 0 0;
v00000199069bd250_0 .var "Grb", 0 0;
v00000199069bf5f0_0 .var "Grc", 0 0;
v00000199069bf7d0_0 .net "IR", 31 0, v0000019906ab88b0_0;  alias, 1 drivers
v00000199069bf4b0_0 .var "IncPC", 0 0;
v00000199069bd570_0 .net "MDR", 31 0, L_00000199069dc870;  alias, 1 drivers
v00000199069bdc50_0 .var "MDRin", 0 0;
v00000199069bd070_0 .var "Read", 0 0;
v00000199069be010_0 .var "Rin", 0 0;
v00000199069bd930_0 .var "Rout", 0 0;
v00000199069bdcf0_0 .var "Zin", 0 0;
L_0000019906af58d8 .functor BUFT 1, C4<000011>, C4<0>, C4<0>, C4<0>;
v00000199069be5b0_0 .net/2u *"_ivl_0", 5 0, L_0000019906af58d8;  1 drivers
v00000199069bd390_0 .net *"_ivl_2", 0 0, L_0000019906ad7670;  1 drivers
v00000199069be0b0_0 .net *"_ivl_5", 4 0, L_0000019906ad8070;  1 drivers
v00000199069bf690_0 .net *"_ivl_7", 4 0, L_0000019906ad7530;  1 drivers
v00000199069bd110_0 .var "alu_op", 4 0;
v00000199069bd1b0_0 .var "bus_sel", 4 0;
v00000199069bd9d0_0 .net "clk", 0 0, v0000019906ad7e90_0;  alias, 1 drivers
v00000199069bf2d0_0 .net "con", 0 0, v0000019906ab9030_0;  alias, 1 drivers
v00000199069be6f0_0 .var "con_en", 0 0;
v00000199069be3d0_0 .var "hi_in", 0 0;
v00000199069beb50_0 .var "inport_in", 0 0;
v00000199069bda70_0 .var "ir_in", 0 0;
v00000199069bd610_0 .var "jal_r12_in", 0 0;
v00000199069be330_0 .var "lo_in", 0 0;
v00000199069be470_0 .var "mar_in", 0 0;
v00000199069bdd90_0 .var "next_state", 5 0;
v00000199069bd430_0 .net "opcode", 4 0, L_0000019906ad7d50;  1 drivers
v00000199069bdb10_0 .var "outport_in", 0 0;
v00000199069be150_0 .var "pc_in", 0 0;
v00000199069bd750_0 .var "ram_in", 0 0;
v00000199069be970_0 .net "reset", 0 0, v0000019906ad6ef0_0;  alias, 1 drivers
v00000199069bd7f0_0 .var "run", 0 0;
v00000199069bf370_0 .var "state", 5 0;
v00000199069bdf70_0 .net "stop", 0 0, v0000019906ad77b0_0;  alias, 1 drivers
v00000199069bded0_0 .var "y_in", 0 0;
E_00000199069a1320 .event anyedge, v00000199069bf370_0, v00000199069bd430_0, v00000199069bf2d0_0;
E_00000199069a17e0 .event anyedge, v00000199069bdf70_0, v00000199069bf370_0, v00000199069bd430_0;
E_00000199069a1920 .event posedge, v00000199069be970_0, v00000199069bd9d0_0;
L_0000019906ad7670 .cmp/eq 6, v00000199069bf370_0, L_0000019906af58d8;
L_0000019906ad8070 .part L_00000199069dc870, 27, 5;
L_0000019906ad7530 .part v0000019906ab88b0_0, 27, 5;
L_0000019906ad7d50 .functor MUXZ 5, L_0000019906ad7530, L_0000019906ad8070, L_0000019906ad7670, C4<>;
S_0000019906a071a0 .scope module, "dp" "datapath_top" 3 65, 5 1 0, S_00000199069ee070;
 .timescale 0 0;
    .port_info 0 /INPUT 1 "clk";
    .port_info 1 /INPUT 1 "reset";
    .port_info 2 /INPUT 5 "bus_sel";
    .port_info 3 /INPUT 1 "pc_in";
    .port_info 4 /INPUT 1 "IncPC";
    .port_info 5 /INPUT 1 "ir_in";
    .port_info 6 /INPUT 1 "y_in";
    .port_info 7 /INPUT 1 "mar_in";
    .port_info 8 /INPUT 1 "hi_in";
    .port_info 9 /INPUT 1 "lo_in";
    .port_info 10 /INPUT 1 "MDRin";
    .port_info 11 /INPUT 1 "Read";
    .port_info 12 /INPUT 5 "alu_op";
    .port_info 13 /INPUT 1 "Zin";
    .port_info 14 /INPUT 32 "c_val";
    .port_info 15 /INPUT 1 "ram_in";
    .port_info 16 /INPUT 32 "device_in";
    .port_info 17 /INPUT 1 "inport_in";
    .port_info 18 /INPUT 1 "outport_in";
    .port_info 19 /INPUT 1 "Gra";
    .port_info 20 /INPUT 1 "Grb";
    .port_info 21 /INPUT 1 "Grc";
    .port_info 22 /INPUT 1 "Rin";
    .port_info 23 /INPUT 1 "Rout";
    .port_info 24 /INPUT 1 "BAout";
    .port_info 25 /INPUT 1 "Cout";
    .port_info 26 /INPUT 1 "con_en";
    .port_info 27 /INPUT 1 "jal_r12_in";
    .port_info 28 /OUTPUT 32 "BusMuxOut";
    .port_info 29 /OUTPUT 32 "pc_val";
    .port_info 30 /OUTPUT 32 "ir_val";
    .port_info 31 /OUTPUT 32 "y_val";
    .port_info 32 /OUTPUT 32 "mar_val";
    .port_info 33 /OUTPUT 32 "zhigh_out";
    .port_info 34 /OUTPUT 32 "zlow_out";
    .port_info 35 /OUTPUT 32 "Mdataout";
    .port_info 36 /OUTPUT 32 "outport_val";
    .port_info 37 /OUTPUT 1 "con";
    .port_info 38 /OUTPUT 1 "Overflow";
P_00000199069a1960 .param/str "MEM_INIT_FILE" 0 5 2, "simulation/P4/memory_p4.hex";
L_00000199069d7b00 .functor BUFZ 32, L_0000019906ad7030, C4<00000000000000000000000000000000>, C4<00000000000000000000000000000000>, C4<00000000000000000000000000000000>;
L_00000199069d82e0 .functor BUFZ 32, L_0000019906ad69f0, C4<00000000000000000000000000000000>, C4<00000000000000000000000000000000>, C4<00000000000000000000000000000000>;
L_00000199069d7160 .functor BUFZ 1, v0000019906ad1a90_0, C4<0>, C4<0>, C4<0>;
L_0000019906af6c40 .functor BUFT 1, C4<00000000000000000000000000000000>, C4<0>, C4<0>, C4<0>;
L_00000199069d7470 .functor BUFZ 32, L_0000019906af6c40, C4<00000000000000000000000000000000>, C4<00000000000000000000000000000000>, C4<00000000000000000000000000000000>;
L_00000199069d7b70 .functor OR 16, L_00000199069dcf70, L_0000019906ad7a30, C4<0000000000000000>, C4<0000000000000000>;
L_00000199069dc870 .functor BUFZ 32, v0000019906ab66f0_0, C4<00000000000000000000000000000000>, C4<00000000000000000000000000000000>, C4<00000000000000000000000000000000>;
v0000019906ad27b0_0 .net "BAout", 0 0, v00000199069bd4d0_0;  alias, 1 drivers
v0000019906ad1f90_0 .net "BAout_R0", 0 0, L_00000199069dd4b0;  1 drivers
v0000019906ad2850_0 .net "BusMuxOut", 31 0, v0000019906aa0840_0;  alias, 1 drivers
v0000019906ad2990_0 .net "Cout", 0 0, v00000199069bd6b0_0;  alias, 1 drivers
v0000019906ad3d90_0 .net "Gra", 0 0, v00000199069bea10_0;  alias, 1 drivers
v0000019906ad3390_0 .net "Grb", 0 0, v00000199069bd250_0;  alias, 1 drivers
v0000019906ad3930_0 .net "Grc", 0 0, v00000199069bf5f0_0;  alias, 1 drivers
v0000019906ad2490_0 .net "IncPC", 0 0, v00000199069bf4b0_0;  alias, 1 drivers
v0000019906ad37f0_0 .net "MDRin", 0 0, v00000199069bdc50_0;  alias, 1 drivers
v0000019906ad28f0_0 .net "Mdataout", 31 0, L_00000199069dc870;  alias, 1 drivers
v0000019906ad1ef0_0 .net "Overflow", 0 0, L_00000199069d7160;  1 drivers
v0000019906ad4010_0 .net "Read", 0 0, v00000199069bd070_0;  alias, 1 drivers
v0000019906ad2530_0 .net "Rin", 0 0, v00000199069be010_0;  alias, 1 drivers
v0000019906ad2030_0 .net "Rin_decoded", 15 0, L_00000199069dcf70;  1 drivers
v0000019906ad2d50_0 .net "Rout", 0 0, v00000199069bd930_0;  alias, 1 drivers
v0000019906ad3890_0 .net "Rout_decoded", 15 0, L_00000199069dd9f0;  1 drivers
v0000019906ad2670_0 .var "Z_reg", 63 0;
v0000019906ad3430_0 .net "Zin", 0 0, v00000199069bdcf0_0;  alias, 1 drivers
L_0000019906af5968 .functor BUFT 1, C4<0001000000000000>, C4<0>, C4<0>, C4<0>;
v0000019906ad23f0_0 .net/2u *"_ivl_12", 15 0, L_0000019906af5968;  1 drivers
L_0000019906af59b0 .functor BUFT 1, C4<0000000000000000>, C4<0>, C4<0>, C4<0>;
v0000019906ad39d0_0 .net/2u *"_ivl_14", 15 0, L_0000019906af59b0;  1 drivers
v0000019906ad3b10_0 .net *"_ivl_16", 15 0, L_0000019906ad7a30;  1 drivers
v0000019906ad40b0_0 .net "alu_op", 4 0, v00000199069bd110_0;  alias, 1 drivers
v0000019906ad2210_0 .net "alu_overflow", 0 0, v0000019906aa1880_0;  1 drivers
v0000019906ad1950_0 .net "alu_result", 63 0, v0000019906aa1060_0;  1 drivers
v0000019906ad34d0_0 .net "bus_sel", 4 0, v00000199069bd1b0_0;  alias, 1 drivers
v0000019906ad2b70_0 .net "c_bus_val", 31 0, L_0000019906add610;  1 drivers
v0000019906ad3bb0_0 .net "c_extended", 31 0, L_0000019906adccb0;  1 drivers
v0000019906ad3570_0 .net "c_raw", 31 0, L_00000199069d7470;  1 drivers
v0000019906ad2a30_0 .net "c_val", 31 0, L_0000019906af6c40;  1 drivers
v0000019906ad2fd0_0 .net "clk", 0 0, v0000019906ad7e90_0;  alias, 1 drivers
v0000019906ad3cf0_0 .net "con", 0 0, v0000019906ab9030_0;  alias, 1 drivers
v0000019906ad20d0_0 .net "con_en", 0 0, v00000199069be6f0_0;  alias, 1 drivers
v0000019906ad22b0_0 .net "device_in", 31 0, v0000019906ad70d0_0;  alias, 1 drivers
v0000019906ad2df0_0 .net "hi_in", 0 0, v00000199069be3d0_0;  alias, 1 drivers
v0000019906ad3e30_0 .net "hi_val", 31 0, v0000019906ab8090_0;  1 drivers
v0000019906ad2ad0_0 .net "inport_in", 0 0, v00000199069beb50_0;  alias, 1 drivers
v0000019906ad3610_0 .net "inport_val", 31 0, v0000019906ab8270_0;  1 drivers
v0000019906ad2c10_0 .net "ir_in", 0 0, v00000199069bda70_0;  alias, 1 drivers
v0000019906ad3110_0 .net "ir_val", 31 0, v0000019906ab88b0_0;  alias, 1 drivers
v0000019906ad36b0_0 .net "jal_r12_in", 0 0, v00000199069bd610_0;  alias, 1 drivers
v0000019906ad3ed0_0 .net "lo_in", 0 0, v00000199069be330_0;  alias, 1 drivers
v0000019906ad3f70_0 .net "lo_val", 31 0, v0000019906ab89f0_0;  1 drivers
v0000019906ad32f0_0 .net "mar_in", 0 0, v00000199069be470_0;  alias, 1 drivers
v0000019906ad19f0_0 .net "mar_val", 31 0, v0000019906ab7e10_0;  alias, 1 drivers
v0000019906ad2cb0_0 .net "mdr_val", 31 0, v0000019906ab66f0_0;  1 drivers
v0000019906ad2e90_0 .net "outport_in", 0 0, v00000199069bdb10_0;  alias, 1 drivers
v0000019906ad1bd0_0 .net "outport_val", 31 0, v0000019906ab6650_0;  alias, 1 drivers
v0000019906ad1a90_0 .var "overflow_reg", 0 0;
v0000019906ad1d10_0 .net "pc_in", 0 0, v00000199069be150_0;  alias, 1 drivers
v0000019906ad31b0_0 .net "pc_val", 31 0, v0000019906ab5250_0;  alias, 1 drivers
v0000019906ad3250_0 .net "r0_out", 31 0, L_0000019906ad8110;  1 drivers
v0000019906ad1b30_0 .net "r10_out", 31 0, v0000019906accb30_0;  1 drivers
v0000019906ad1c70_0 .net "r11_out", 31 0, v0000019906acea70_0;  1 drivers
v0000019906ad1db0_0 .net "r12_out", 31 0, v0000019906aceed0_0;  1 drivers
v0000019906ad1e50_0 .net "r13_out", 31 0, v0000019906ace750_0;  1 drivers
v0000019906ad6270_0 .net "r14_out", 31 0, v0000019906ace4d0_0;  1 drivers
v0000019906ad5370_0 .net "r15_out", 31 0, v0000019906ace070_0;  1 drivers
v0000019906ad48d0_0 .net "r1_out", 31 0, v0000019906acd3f0_0;  1 drivers
v0000019906ad4e70_0 .net "r2_out", 31 0, v0000019906ace430_0;  1 drivers
v0000019906ad6810_0 .net "r3_out", 31 0, v0000019906accc70_0;  1 drivers
v0000019906ad5410_0 .net "r4_out", 31 0, v0000019906ad11d0_0;  1 drivers
v0000019906ad6130_0 .net "r5_out", 31 0, v0000019906ad0910_0;  1 drivers
v0000019906ad59b0_0 .net "r6_out", 31 0, v0000019906acfb50_0;  1 drivers
v0000019906ad5ff0_0 .net "r7_out", 31 0, v0000019906acf650_0;  1 drivers
v0000019906ad68b0_0 .net "r8_out", 31 0, v0000019906ad1130_0;  1 drivers
v0000019906ad4470_0 .net "r9_out", 31 0, v0000019906ad13b0_0;  1 drivers
v0000019906ad54b0_0 .net "ram_in", 0 0, v00000199069bd750_0;  alias, 1 drivers
v0000019906ad5a50_0 .net "ram_val", 31 0, L_0000019906adbf90;  1 drivers
v0000019906ad4150_0 .net "reset", 0 0, v0000019906ad6ef0_0;  alias, 1 drivers
v0000019906ad5730_0 .net "sel_encoded", 4 0, v0000019906ab7050_0;  1 drivers
v0000019906ad5f50_0 .net "y_in", 0 0, v00000199069bded0_0;  alias, 1 drivers
v0000019906ad43d0_0 .net "y_val", 31 0, v0000019906ab4c10_0;  alias, 1 drivers
v0000019906ad4b50_0 .net "zhigh_out", 31 0, L_00000199069d7b00;  alias, 1 drivers
v0000019906ad4dd0_0 .net "zhigh_val", 31 0, L_0000019906ad7030;  1 drivers
v0000019906ad6770_0 .net "zlow_out", 31 0, L_00000199069d82e0;  alias, 1 drivers
v0000019906ad5af0_0 .net "zlow_val", 31 0, L_0000019906ad69f0;  1 drivers
L_0000019906ad7030 .part v0000019906ad2670_0, 32, 32;
L_0000019906ad69f0 .part v0000019906ad2670_0, 0, 32;
L_0000019906ad7a30 .functor MUXZ 16, L_0000019906af59b0, L_0000019906af5968, v00000199069bd610_0, C4<>;
L_0000019906adbef0 .part v0000019906ab7e10_0, 0, 9;
L_0000019906add610 .functor MUXZ 32, L_00000199069d7470, L_0000019906adccb0, v00000199069bd6b0_0, C4<>;
L_0000019906adc030 .part v0000019906ab88b0_0, 19, 2;
S_0000019906a06a50 .scope module, "alu_inst" "alu" 5 203, 6 4 0, S_0000019906a071a0;
 .timescale 0 0;
    .port_info 0 /INPUT 32 "A";
    .port_info 1 /INPUT 32 "B";
    .port_info 2 /INPUT 5 "op";
    .port_info 3 /OUTPUT 64 "C";
    .port_info 4 /OUTPUT 1 "Overflow";
P_0000019906613210 .param/l "OP_ADD" 1 6 13, C4<00000>;
P_0000019906613248 .param/l "OP_AND" 1 6 17, C4<00100>;
P_0000019906613280 .param/l "OP_DIV" 1 6 16, C4<00011>;
P_00000199066132b8 .param/l "OP_MUL" 1 6 15, C4<00010>;
P_00000199066132f0 .param/l "OP_NEG" 1 6 20, C4<00111>;
P_0000019906613328 .param/l "OP_NOT" 1 6 19, C4<00110>;
P_0000019906613360 .param/l "OP_OR" 1 6 18, C4<00101>;
P_0000019906613398 .param/l "OP_ROL" 1 6 25, C4<01100>;
P_00000199066133d0 .param/l "OP_ROR" 1 6 24, C4<01011>;
P_0000019906613408 .param/l "OP_SHL" 1 6 23, C4<01010>;
P_0000019906613440 .param/l "OP_SHR" 1 6 21, C4<01000>;
P_0000019906613478 .param/l "OP_SHRA" 1 6 22, C4<01001>;
P_00000199066134b0 .param/l "OP_SUB" 1 6 14, C4<00001>;
L_0000019906b77d40 .functor NOT 32, v0000019906aa0840_0, C4<00000000000000000000000000000000>, C4<00000000000000000000000000000000>, C4<00000000000000000000000000000000>;
L_0000019906b74930 .functor NOT 32, v0000019906aa0840_0, C4<00000000000000000000000000000000>, C4<00000000000000000000000000000000>, C4<00000000000000000000000000000000>;
v0000019906aa2500_0 .net "A", 31 0, v0000019906ab4c10_0;  alias, 1 drivers
v0000019906aa1380_0 .net "B", 31 0, v0000019906aa0840_0;  alias, 1 drivers
v0000019906aa1060_0 .var "C", 63 0;
v0000019906aa1880_0 .var "Overflow", 0 0;
v0000019906aa1100_0 .net "add_cout", 0 0, L_0000019906ae2070;  1 drivers
v0000019906aa1240_0 .net "add_overflow", 0 0, L_0000019906b6a6c0;  1 drivers
v0000019906aa0480_0 .net "add_result", 31 0, L_0000019906ae21b0;  1 drivers
v0000019906aa0f20_0 .net "div_quotient", 31 0, L_0000019906baf460;  1 drivers
v0000019906aa1e20_0 .net "div_remainder", 31 0, L_0000019906bb11c0;  1 drivers
v0000019906aa05c0_0 .net "mul_result", 63 0, L_0000019906bacda0;  1 drivers
v0000019906aa0e80_0 .net "neg_cout", 0 0, L_0000019906aea590;  1 drivers
v0000019906aa16a0_0 .net "neg_result", 31 0, L_0000019906ae8970;  1 drivers
v0000019906aa2820_0 .net "op", 4 0, v00000199069bd110_0;  alias, 1 drivers
v0000019906aa1740_0 .net "rol_result", 31 0, L_0000019906b74e70;  1 drivers
v0000019906aa0a20_0 .net "ror_result", 31 0, L_0000019906b73a50;  1 drivers
v0000019906aa0ca0_0 .net "shl_result", 31 0, L_0000019906b73d60;  1 drivers
v0000019906aa0700_0 .net "shr_result", 31 0, L_0000019906b73f20;  1 drivers
v0000019906aa14c0_0 .net "shra_result", 31 0, L_0000019906b74070;  1 drivers
v0000019906aa00c0_0 .net "sub_cout", 0 0, L_0000019906ae36f0;  1 drivers
v0000019906aa07a0_0 .net "sub_overflow", 0 0, L_0000019906b78440;  1 drivers
v0000019906aa0fc0_0 .net "sub_result", 31 0, L_0000019906ae54f0;  1 drivers
E_00000199069a25a0/0 .event anyedge, v00000199069bd110_0, v0000019906a7a460_0, v0000019906a78ac0_0, v0000019906aac3c0_0;
E_00000199069a25a0/1 .event anyedge, v0000019906aaaa20_0, v0000019906a66bf0_0, v0000019906a683b0_0, v0000019906a679b0_0;
E_00000199069a25a0/2 .event anyedge, v00000199069be510_0, v0000019906a652f0_0, v0000019906a74740_0, v0000019906aa0520_0;
E_00000199069a25a0/3 .event anyedge, v0000019906aa2780_0, v0000019906aaf200_0, v0000019906aaf5c0_0, v0000019906aafde0_0;
E_00000199069a25a0 .event/or E_00000199069a25a0/0, E_00000199069a25a0/1, E_00000199069a25a0/2, E_00000199069a25a0/3;
L_0000019906bb4320 .part v0000019906aa0840_0, 0, 5;
S_00000199066134f0 .scope module, "booth_mul" "booth_multiplier" 6 69, 7 4 0, S_0000019906a06a50;
 .timescale 0 0;
    .port_info 0 /INPUT 32 "A";
    .port_info 1 /INPUT 32 "B";
    .port_info 2 /OUTPUT 64 "Product";
v0000019906a64fd0_0 .net/s "A", 31 0, v0000019906ab4c10_0;  alias, 1 drivers
v0000019906a652f0_0 .net/s "B", 31 0, v0000019906aa0840_0;  alias, 1 drivers
v0000019906a654d0_0 .net "B_ext", 32 0, L_0000019906bad0c0;  1 drivers
v0000019906a66bf0_0 .net/s "Product", 63 0, L_0000019906bacda0;  alias, 1 drivers
L_0000019906af6778 .functor BUFT 1, C4<0>, C4<0>, C4<0>, C4<0>;
v0000019906a65cf0_0 .net/2u *"_ivl_16", 0 0, L_0000019906af6778;  1 drivers
v0000019906a665b0_0 .net *"_ivl_21", 0 0, L_0000019906bae380;  1 drivers
v0000019906a65a70_0 .net *"_ivl_23", 0 0, L_0000019906bad980;  1 drivers
v0000019906a65f70_0 .net *"_ivl_25", 0 0, L_0000019906baece0;  1 drivers
L_0000019906af6808 .functor BUFT 1, C4<00000000000000000000000000100000>, C4<0>, C4<0>, C4<0>;
v0000019906a651b0_0 .net/2s *"_ivl_28", 31 0, L_0000019906af6808;  1 drivers
v0000019906a65570_0 .net/s *"_ivl_35", 63 0, L_0000019906bad160;  1 drivers
v0000019906a66290_0 .net/s *"_ivl_38", 63 0, L_0000019906bae9c0;  1 drivers
v0000019906a666f0_0 .net/s *"_ivl_41", 63 0, L_0000019906baeec0;  1 drivers
v0000019906a67050_0 .net/s *"_ivl_44", 63 0, L_0000019906bae4c0;  1 drivers
v0000019906a668d0_0 .net/s *"_ivl_47", 63 0, L_0000019906baef60;  1 drivers
v0000019906a65ed0_0 .net/s *"_ivl_50", 63 0, L_0000019906bae560;  1 drivers
v0000019906a65b10_0 .net/s *"_ivl_53", 63 0, L_0000019906bae6a0;  1 drivers
v0000019906a65d90_0 .net/s *"_ivl_56", 63 0, L_0000019906baea60;  1 drivers
v0000019906a66010_0 .net/s *"_ivl_59", 63 0, L_0000019906baf000;  1 drivers
v0000019906a67550_0 .net/s *"_ivl_62", 63 0, L_0000019906baf140;  1 drivers
v0000019906a66a10_0 .net/s *"_ivl_65", 63 0, L_0000019906baf1e0;  1 drivers
v0000019906a66150_0 .net/s *"_ivl_68", 63 0, L_0000019906bad200;  1 drivers
v0000019906a65610_0 .net/s *"_ivl_71", 63 0, L_0000019906baf320;  1 drivers
v0000019906a66330_0 .net/s *"_ivl_74", 63 0, L_0000019906bad2a0;  1 drivers
v0000019906a67410_0 .net/s *"_ivl_77", 63 0, L_0000019906baf3c0;  1 drivers
v0000019906a65250_0 .net "last_booth_bits", 2 0, L_0000019906bad020;  1 drivers
v0000019906a66f10 .array "pp", 0 16;
v0000019906a66f10_0 .net/s v0000019906a66f10 0, 63 0, L_0000019906ae9910; 1 drivers
v0000019906a66f10_1 .net/s v0000019906a66f10 1, 63 0, L_0000019906ae8ab0; 1 drivers
v0000019906a66f10_2 .net/s v0000019906a66f10 2, 63 0, L_0000019906ae99b0; 1 drivers
v0000019906a66f10_3 .net/s v0000019906a66f10 3, 63 0, L_0000019906ae9cd0; 1 drivers
v0000019906a66f10_4 .net/s v0000019906a66f10 4, 63 0, L_0000019906aebd50; 1 drivers
v0000019906a66f10_5 .net/s v0000019906a66f10 5, 63 0, L_0000019906aec610; 1 drivers
v0000019906a66f10_6 .net/s v0000019906a66f10 6, 63 0, L_0000019906aeb5d0; 1 drivers
v0000019906a66f10_7 .net/s v0000019906a66f10 7, 63 0, L_0000019906aeae50; 1 drivers
v0000019906a66f10_8 .net/s v0000019906a66f10 8, 63 0, L_0000019906aea950; 1 drivers
v0000019906a66f10_9 .net/s v0000019906a66f10 9, 63 0, L_0000019906aec4d0; 1 drivers
v0000019906a66f10_10 .net/s v0000019906a66f10 10, 63 0, L_0000019906bae060; 1 drivers
v0000019906a66f10_11 .net/s v0000019906a66f10 11, 63 0, L_0000019906bad340; 1 drivers
v0000019906a66f10_12 .net/s v0000019906a66f10 12, 63 0, L_0000019906bad520; 1 drivers
v0000019906a66f10_13 .net/s v0000019906a66f10 13, 63 0, L_0000019906bacf80; 1 drivers
v0000019906a66f10_14 .net/s v0000019906a66f10 14, 63 0, L_0000019906badde0; 1 drivers
v0000019906a66f10_15 .net/s v0000019906a66f10 15, 63 0, L_0000019906bacd00; 1 drivers
v0000019906a66f10_16 .net/s v0000019906a66f10 16, 63 0, L_0000019906bae880; 1 drivers
L_0000019906ae9190 .part L_0000019906bad0c0, 0, 3;
L_0000019906ae8a10 .part L_0000019906bad0c0, 2, 3;
L_0000019906ae8d30 .part L_0000019906bad0c0, 4, 3;
L_0000019906aea090 .part L_0000019906bad0c0, 6, 3;
L_0000019906ae9e10 .part L_0000019906bad0c0, 8, 3;
L_0000019906aeabd0 .part L_0000019906bad0c0, 10, 3;
L_0000019906aebe90 .part L_0000019906bad0c0, 12, 3;
L_0000019906aec250 .part L_0000019906bad0c0, 14, 3;
L_0000019906aea9f0 .part L_0000019906bad0c0, 16, 3;
L_0000019906aebfd0 .part L_0000019906bad0c0, 18, 3;
L_0000019906aec570 .part L_0000019906bad0c0, 20, 3;
L_0000019906bada20 .part L_0000019906bad0c0, 22, 3;
L_0000019906bad700 .part L_0000019906bad0c0, 24, 3;
L_0000019906bad5c0 .part L_0000019906bad0c0, 26, 3;
L_0000019906baeba0 .part L_0000019906bad0c0, 28, 3;
L_0000019906bade80 .part L_0000019906bad0c0, 30, 3;
L_0000019906bad0c0 .concat [ 1 32 0 0], L_0000019906af6778, v0000019906aa0840_0;
L_0000019906bae380 .part v0000019906aa0840_0, 31, 1;
L_0000019906bad980 .part v0000019906aa0840_0, 31, 1;
L_0000019906baece0 .part L_0000019906bad0c0, 31, 1;
L_0000019906bad020 .concat [ 1 1 1 0], L_0000019906baece0, L_0000019906bad980, L_0000019906bae380;
L_0000019906bae920 .part L_0000019906af6808, 0, 6;
L_0000019906bad160 .arith/sum 64, L_0000019906ae9910, L_0000019906ae8ab0;
L_0000019906bae9c0 .arith/sum 64, L_0000019906bad160, L_0000019906ae99b0;
L_0000019906baeec0 .arith/sum 64, L_0000019906bae9c0, L_0000019906ae9cd0;
L_0000019906bae4c0 .arith/sum 64, L_0000019906baeec0, L_0000019906aebd50;
L_0000019906baef60 .arith/sum 64, L_0000019906bae4c0, L_0000019906aec610;
L_0000019906bae560 .arith/sum 64, L_0000019906baef60, L_0000019906aeb5d0;
L_0000019906bae6a0 .arith/sum 64, L_0000019906bae560, L_0000019906aeae50;
L_0000019906baea60 .arith/sum 64, L_0000019906bae6a0, L_0000019906aea950;
L_0000019906baf000 .arith/sum 64, L_0000019906baea60, L_0000019906aec4d0;
L_0000019906baf140 .arith/sum 64, L_0000019906baf000, L_0000019906bae060;
L_0000019906baf1e0 .arith/sum 64, L_0000019906baf140, L_0000019906bad340;
L_0000019906bad200 .arith/sum 64, L_0000019906baf1e0, L_0000019906bad520;
L_0000019906baf320 .arith/sum 64, L_0000019906bad200, L_0000019906bacf80;
L_0000019906bad2a0 .arith/sum 64, L_0000019906baf320, L_0000019906badde0;
L_0000019906baf3c0 .arith/sum 64, L_0000019906bad2a0, L_0000019906bacd00;
L_0000019906bacda0 .arith/sum 64, L_0000019906baf3c0, L_0000019906bae880;
S_0000019906623d60 .scope generate, "booth_pp_gen[0]" "booth_pp_gen[0]" 7 27, 7 27 0, S_00000199066134f0;
 .timescale 0 0;
P_00000199069a2820 .param/l "i" 0 7 27, +C4<00>;
L_0000019906af5ec0 .functor BUFT 1, C4<0>, C4<0>, C4<0>, C4<0>;
v00000199069bdbb0_0 .net/2s *"_ivl_1", 0 0, L_0000019906af5ec0;  1 drivers
v00000199069be8d0_0 .net "booth_bits", 2 0, L_0000019906ae9190;  1 drivers
L_0000019906ae8510 .extend/s 6, L_0000019906af5ec0;
S_0000019906a078d0 .scope module, "bpp" "booth_partial_product" 7 31, 7 57 0, S_0000019906623d60;
 .timescale 0 0;
    .port_info 0 /INPUT 32 "M";
    .port_info 1 /INPUT 3 "booth_bits";
    .port_info 2 /INPUT 6 "shift_amount";
    .port_info 3 /OUTPUT 64 "pp";
v00000199069be510_0 .net/s "M", 31 0, v0000019906ab4c10_0;  alias, 1 drivers
v00000199069bd890_0 .net/s "M2", 63 0, L_0000019906ae8330;  1 drivers
v00000199069bde30_0 .net/s "M_ext", 63 0, L_0000019906ae8790;  1 drivers
v00000199069bec90_0 .net *"_ivl_1", 0 0, L_0000019906aea450;  1 drivers
L_0000019906af5e78 .functor BUFT 1, C4<0>, C4<0>, C4<0>, C4<0>;
v00000199069bf230_0 .net *"_ivl_10", 0 0, L_0000019906af5e78;  1 drivers
v00000199069be650_0 .net *"_ivl_2", 31 0, L_0000019906aea1d0;  1 drivers
v00000199069be1f0_0 .net *"_ivl_8", 62 0, L_0000019906ae8f10;  1 drivers
v00000199069bebf0_0 .net "booth_bits", 2 0, L_0000019906ae9190;  alias, 1 drivers
v00000199069bd2f0_0 .net/s "pp", 63 0, L_0000019906ae9910;  alias, 1 drivers
v00000199069be290_0 .var/s "pp_unshifted", 63 0;
v00000199069be790_0 .net "shift_amount", 5 0, L_0000019906ae8510;  1 drivers
E_00000199069a2e20 .event anyedge, v00000199069bebf0_0, v00000199069bde30_0, v00000199069bd890_0;
L_0000019906aea450 .part v0000019906ab4c10_0, 31, 1;
LS_0000019906aea1d0_0_0 .concat [ 1 1 1 1], L_0000019906aea450, L_0000019906aea450, L_0000019906aea450, L_0000019906aea450;
LS_0000019906aea1d0_0_4 .concat [ 1 1 1 1], L_0000019906aea450, L_0000019906aea450, L_0000019906aea450, L_0000019906aea450;
LS_0000019906aea1d0_0_8 .concat [ 1 1 1 1], L_0000019906aea450, L_0000019906aea450, L_0000019906aea450, L_0000019906aea450;
LS_0000019906aea1d0_0_12 .concat [ 1 1 1 1], L_0000019906aea450, L_0000019906aea450, L_0000019906aea450, L_0000019906aea450;
LS_0000019906aea1d0_0_16 .concat [ 1 1 1 1], L_0000019906aea450, L_0000019906aea450, L_0000019906aea450, L_0000019906aea450;
LS_0000019906aea1d0_0_20 .concat [ 1 1 1 1], L_0000019906aea450, L_0000019906aea450, L_0000019906aea450, L_0000019906aea450;
LS_0000019906aea1d0_0_24 .concat [ 1 1 1 1], L_0000019906aea450, L_0000019906aea450, L_0000019906aea450, L_0000019906aea450;
LS_0000019906aea1d0_0_28 .concat [ 1 1 1 1], L_0000019906aea450, L_0000019906aea450, L_0000019906aea450, L_0000019906aea450;
LS_0000019906aea1d0_1_0 .concat [ 4 4 4 4], LS_0000019906aea1d0_0_0, LS_0000019906aea1d0_0_4, LS_0000019906aea1d0_0_8, LS_0000019906aea1d0_0_12;
LS_0000019906aea1d0_1_4 .concat [ 4 4 4 4], LS_0000019906aea1d0_0_16, LS_0000019906aea1d0_0_20, LS_0000019906aea1d0_0_24, LS_0000019906aea1d0_0_28;
L_0000019906aea1d0 .concat [ 16 16 0 0], LS_0000019906aea1d0_1_0, LS_0000019906aea1d0_1_4;
L_0000019906ae8790 .concat [ 32 32 0 0], v0000019906ab4c10_0, L_0000019906aea1d0;
L_0000019906ae8f10 .part L_0000019906ae8790, 0, 63;
L_0000019906ae8330 .concat [ 1 63 0 0], L_0000019906af5e78, L_0000019906ae8f10;
L_0000019906ae9910 .shift/l 64, v00000199069be290_0, L_0000019906ae8510;
S_000001990660bce0 .scope generate, "booth_pp_gen[1]" "booth_pp_gen[1]" 7 27, 7 27 0, S_00000199066134f0;
 .timescale 0 0;
P_00000199069a2ee0 .param/l "i" 0 7 27, +C4<01>;
L_0000019906af5f50 .functor BUFT 1, C4<010>, C4<0>, C4<0>, C4<0>;
v00000199069bfc30_0 .net/2s *"_ivl_1", 2 0, L_0000019906af5f50;  1 drivers
v00000199069c0810_0 .net "booth_bits", 2 0, L_0000019906ae8a10;  1 drivers
L_0000019906ae8bf0 .extend/s 6, L_0000019906af5f50;
S_000001990660be70 .scope module, "bpp" "booth_partial_product" 7 31, 7 57 0, S_000001990660bce0;
 .timescale 0 0;
    .port_info 0 /INPUT 32 "M";
    .port_info 1 /INPUT 3 "booth_bits";
    .port_info 2 /INPUT 6 "shift_amount";
    .port_info 3 /OUTPUT 64 "pp";
v00000199069be830_0 .net/s "M", 31 0, v0000019906ab4c10_0;  alias, 1 drivers
v00000199069beab0_0 .net/s "M2", 63 0, L_0000019906ae9550;  1 drivers
v00000199069bed30_0 .net/s "M_ext", 63 0, L_0000019906ae92d0;  1 drivers
v00000199069bedd0_0 .net *"_ivl_1", 0 0, L_0000019906ae8650;  1 drivers
L_0000019906af5f08 .functor BUFT 1, C4<0>, C4<0>, C4<0>, C4<0>;
v00000199069bee70_0 .net *"_ivl_10", 0 0, L_0000019906af5f08;  1 drivers
v00000199069bef10_0 .net *"_ivl_2", 31 0, L_0000019906ae9730;  1 drivers
v00000199069befb0_0 .net *"_ivl_8", 62 0, L_0000019906ae9c30;  1 drivers
v00000199069bf050_0 .net "booth_bits", 2 0, L_0000019906ae8a10;  alias, 1 drivers
v00000199069bf0f0_0 .net/s "pp", 63 0, L_0000019906ae8ab0;  alias, 1 drivers
v00000199069bf190_0 .var/s "pp_unshifted", 63 0;
v00000199069bf410_0 .net "shift_amount", 5 0, L_0000019906ae8bf0;  1 drivers
E_00000199069a3e20 .event anyedge, v00000199069bf050_0, v00000199069bed30_0, v00000199069beab0_0;
L_0000019906ae8650 .part v0000019906ab4c10_0, 31, 1;
LS_0000019906ae9730_0_0 .concat [ 1 1 1 1], L_0000019906ae8650, L_0000019906ae8650, L_0000019906ae8650, L_0000019906ae8650;
LS_0000019906ae9730_0_4 .concat [ 1 1 1 1], L_0000019906ae8650, L_0000019906ae8650, L_0000019906ae8650, L_0000019906ae8650;
LS_0000019906ae9730_0_8 .concat [ 1 1 1 1], L_0000019906ae8650, L_0000019906ae8650, L_0000019906ae8650, L_0000019906ae8650;
LS_0000019906ae9730_0_12 .concat [ 1 1 1 1], L_0000019906ae8650, L_0000019906ae8650, L_0000019906ae8650, L_0000019906ae8650;
LS_0000019906ae9730_0_16 .concat [ 1 1 1 1], L_0000019906ae8650, L_0000019906ae8650, L_0000019906ae8650, L_0000019906ae8650;
LS_0000019906ae9730_0_20 .concat [ 1 1 1 1], L_0000019906ae8650, L_0000019906ae8650, L_0000019906ae8650, L_0000019906ae8650;
LS_0000019906ae9730_0_24 .concat [ 1 1 1 1], L_0000019906ae8650, L_0000019906ae8650, L_0000019906ae8650, L_0000019906ae8650;
LS_0000019906ae9730_0_28 .concat [ 1 1 1 1], L_0000019906ae8650, L_0000019906ae8650, L_0000019906ae8650, L_0000019906ae8650;
LS_0000019906ae9730_1_0 .concat [ 4 4 4 4], LS_0000019906ae9730_0_0, LS_0000019906ae9730_0_4, LS_0000019906ae9730_0_8, LS_0000019906ae9730_0_12;
LS_0000019906ae9730_1_4 .concat [ 4 4 4 4], LS_0000019906ae9730_0_16, LS_0000019906ae9730_0_20, LS_0000019906ae9730_0_24, LS_0000019906ae9730_0_28;
L_0000019906ae9730 .concat [ 16 16 0 0], LS_0000019906ae9730_1_0, LS_0000019906ae9730_1_4;
L_0000019906ae92d0 .concat [ 32 32 0 0], v0000019906ab4c10_0, L_0000019906ae9730;
L_0000019906ae9c30 .part L_0000019906ae92d0, 0, 63;
L_0000019906ae9550 .concat [ 1 63 0 0], L_0000019906af5f08, L_0000019906ae9c30;
L_0000019906ae8ab0 .shift/l 64, v00000199069bf190_0, L_0000019906ae8bf0;
S_00000199066097d0 .scope generate, "booth_pp_gen[2]" "booth_pp_gen[2]" 7 27, 7 27 0, S_00000199066134f0;
 .timescale 0 0;
P_00000199069a4e60 .param/l "i" 0 7 27, +C4<010>;
L_0000019906af5fe0 .functor BUFT 1, C4<0100>, C4<0>, C4<0>, C4<0>;
v00000199069c06d0_0 .net/2s *"_ivl_1", 3 0, L_0000019906af5fe0;  1 drivers
v00000199069bf870_0 .net "booth_bits", 2 0, L_0000019906ae8d30;  1 drivers
L_0000019906ae8e70 .extend/s 6, L_0000019906af5fe0;
S_0000019906609960 .scope module, "bpp" "booth_partial_product" 7 31, 7 57 0, S_00000199066097d0;
 .timescale 0 0;
    .port_info 0 /INPUT 32 "M";
    .port_info 1 /INPUT 3 "booth_bits";
    .port_info 2 /INPUT 6 "shift_amount";
    .port_info 3 /OUTPUT 64 "pp";
v00000199069bf9b0_0 .net/s "M", 31 0, v0000019906ab4c10_0;  alias, 1 drivers
v00000199069c1210_0 .net/s "M2", 63 0, L_0000019906ae9870;  1 drivers
v00000199069c1b70_0 .net/s "M_ext", 63 0, L_0000019906ae86f0;  1 drivers
v00000199069c1e90_0 .net *"_ivl_1", 0 0, L_0000019906ae8fb0;  1 drivers
L_0000019906af5f98 .functor BUFT 1, C4<0>, C4<0>, C4<0>, C4<0>;
v00000199069c1fd0_0 .net *"_ivl_10", 0 0, L_0000019906af5f98;  1 drivers
v00000199069c0310_0 .net *"_ivl_2", 31 0, L_0000019906aea4f0;  1 drivers
v00000199069c13f0_0 .net *"_ivl_8", 62 0, L_0000019906ae95f0;  1 drivers
v00000199069c1170_0 .net "booth_bits", 2 0, L_0000019906ae8d30;  alias, 1 drivers
v00000199069c03b0_0 .net/s "pp", 63 0, L_0000019906ae99b0;  alias, 1 drivers
v00000199069c0770_0 .var/s "pp_unshifted", 63 0;
v00000199069c08b0_0 .net "shift_amount", 5 0, L_0000019906ae8e70;  1 drivers
E_00000199069a4da0 .event anyedge, v00000199069c1170_0, v00000199069c1b70_0, v00000199069c1210_0;
L_0000019906ae8fb0 .part v0000019906ab4c10_0, 31, 1;
LS_0000019906aea4f0_0_0 .concat [ 1 1 1 1], L_0000019906ae8fb0, L_0000019906ae8fb0, L_0000019906ae8fb0, L_0000019906ae8fb0;
LS_0000019906aea4f0_0_4 .concat [ 1 1 1 1], L_0000019906ae8fb0, L_0000019906ae8fb0, L_0000019906ae8fb0, L_0000019906ae8fb0;
LS_0000019906aea4f0_0_8 .concat [ 1 1 1 1], L_0000019906ae8fb0, L_0000019906ae8fb0, L_0000019906ae8fb0, L_0000019906ae8fb0;
LS_0000019906aea4f0_0_12 .concat [ 1 1 1 1], L_0000019906ae8fb0, L_0000019906ae8fb0, L_0000019906ae8fb0, L_0000019906ae8fb0;
LS_0000019906aea4f0_0_16 .concat [ 1 1 1 1], L_0000019906ae8fb0, L_0000019906ae8fb0, L_0000019906ae8fb0, L_0000019906ae8fb0;
LS_0000019906aea4f0_0_20 .concat [ 1 1 1 1], L_0000019906ae8fb0, L_0000019906ae8fb0, L_0000019906ae8fb0, L_0000019906ae8fb0;
LS_0000019906aea4f0_0_24 .concat [ 1 1 1 1], L_0000019906ae8fb0, L_0000019906ae8fb0, L_0000019906ae8fb0, L_0000019906ae8fb0;
LS_0000019906aea4f0_0_28 .concat [ 1 1 1 1], L_0000019906ae8fb0, L_0000019906ae8fb0, L_0000019906ae8fb0, L_0000019906ae8fb0;
LS_0000019906aea4f0_1_0 .concat [ 4 4 4 4], LS_0000019906aea4f0_0_0, LS_0000019906aea4f0_0_4, LS_0000019906aea4f0_0_8, LS_0000019906aea4f0_0_12;
LS_0000019906aea4f0_1_4 .concat [ 4 4 4 4], LS_0000019906aea4f0_0_16, LS_0000019906aea4f0_0_20, LS_0000019906aea4f0_0_24, LS_0000019906aea4f0_0_28;
L_0000019906aea4f0 .concat [ 16 16 0 0], LS_0000019906aea4f0_1_0, LS_0000019906aea4f0_1_4;
L_0000019906ae86f0 .concat [ 32 32 0 0], v0000019906ab4c10_0, L_0000019906aea4f0;
L_0000019906ae95f0 .part L_0000019906ae86f0, 0, 63;
L_0000019906ae9870 .concat [ 1 63 0 0], L_0000019906af5f98, L_0000019906ae95f0;
L_0000019906ae99b0 .shift/l 64, v00000199069c0770_0, L_0000019906ae8e70;
S_0000019906608ec0 .scope generate, "booth_pp_gen[3]" "booth_pp_gen[3]" 7 27, 7 27 0, S_00000199066134f0;
 .timescale 0 0;
P_00000199069a4ba0 .param/l "i" 0 7 27, +C4<011>;
L_0000019906af6070 .functor BUFT 1, C4<0110>, C4<0>, C4<0>, C4<0>;
v00000199069c0590_0 .net/2s *"_ivl_1", 3 0, L_0000019906af6070;  1 drivers
v00000199069c0950_0 .net "booth_bits", 2 0, L_0000019906aea090;  1 drivers
L_0000019906ae9d70 .extend/s 6, L_0000019906af6070;
S_0000019906609050 .scope module, "bpp" "booth_partial_product" 7 31, 7 57 0, S_0000019906608ec0;
 .timescale 0 0;
    .port_info 0 /INPUT 32 "M";
    .port_info 1 /INPUT 3 "booth_bits";
    .port_info 2 /INPUT 6 "shift_amount";
    .port_info 3 /OUTPUT 64 "pp";
v00000199069c12b0_0 .net/s "M", 31 0, v0000019906ab4c10_0;  alias, 1 drivers
v00000199069bfa50_0 .net/s "M2", 63 0, L_0000019906aea6d0;  1 drivers
v00000199069c0d10_0 .net/s "M_ext", 63 0, L_0000019906ae8dd0;  1 drivers
v00000199069c1030_0 .net *"_ivl_1", 0 0, L_0000019906ae9a50;  1 drivers
L_0000019906af6028 .functor BUFT 1, C4<0>, C4<0>, C4<0>, C4<0>;
v00000199069c0db0_0 .net *"_ivl_10", 0 0, L_0000019906af6028;  1 drivers
v00000199069c1350_0 .net *"_ivl_2", 31 0, L_0000019906ae9b90;  1 drivers
v00000199069c0a90_0 .net *"_ivl_8", 62 0, L_0000019906aea630;  1 drivers
v00000199069bfd70_0 .net "booth_bits", 2 0, L_0000019906aea090;  alias, 1 drivers
v00000199069c0c70_0 .net/s "pp", 63 0, L_0000019906ae9cd0;  alias, 1 drivers
v00000199069c0ef0_0 .var/s "pp_unshifted", 63 0;
v00000199069bfaf0_0 .net "shift_amount", 5 0, L_0000019906ae9d70;  1 drivers
E_00000199069a4960 .event anyedge, v00000199069bfd70_0, v00000199069c0d10_0, v00000199069bfa50_0;
L_0000019906ae9a50 .part v0000019906ab4c10_0, 31, 1;
LS_0000019906ae9b90_0_0 .concat [ 1 1 1 1], L_0000019906ae9a50, L_0000019906ae9a50, L_0000019906ae9a50, L_0000019906ae9a50;
LS_0000019906ae9b90_0_4 .concat [ 1 1 1 1], L_0000019906ae9a50, L_0000019906ae9a50, L_0000019906ae9a50, L_0000019906ae9a50;
LS_0000019906ae9b90_0_8 .concat [ 1 1 1 1], L_0000019906ae9a50, L_0000019906ae9a50, L_0000019906ae9a50, L_0000019906ae9a50;
LS_0000019906ae9b90_0_12 .concat [ 1 1 1 1], L_0000019906ae9a50, L_0000019906ae9a50, L_0000019906ae9a50, L_0000019906ae9a50;
LS_0000019906ae9b90_0_16 .concat [ 1 1 1 1], L_0000019906ae9a50, L_0000019906ae9a50, L_0000019906ae9a50, L_0000019906ae9a50;
LS_0000019906ae9b90_0_20 .concat [ 1 1 1 1], L_0000019906ae9a50, L_0000019906ae9a50, L_0000019906ae9a50, L_0000019906ae9a50;
LS_0000019906ae9b90_0_24 .concat [ 1 1 1 1], L_0000019906ae9a50, L_0000019906ae9a50, L_0000019906ae9a50, L_0000019906ae9a50;
LS_0000019906ae9b90_0_28 .concat [ 1 1 1 1], L_0000019906ae9a50, L_0000019906ae9a50, L_0000019906ae9a50, L_0000019906ae9a50;
LS_0000019906ae9b90_1_0 .concat [ 4 4 4 4], LS_0000019906ae9b90_0_0, LS_0000019906ae9b90_0_4, LS_0000019906ae9b90_0_8, LS_0000019906ae9b90_0_12;
LS_0000019906ae9b90_1_4 .concat [ 4 4 4 4], LS_0000019906ae9b90_0_16, LS_0000019906ae9b90_0_20, LS_0000019906ae9b90_0_24, LS_0000019906ae9b90_0_28;
L_0000019906ae9b90 .concat [ 16 16 0 0], LS_0000019906ae9b90_1_0, LS_0000019906ae9b90_1_4;
L_0000019906ae8dd0 .concat [ 32 32 0 0], v0000019906ab4c10_0, L_0000019906ae9b90;
L_0000019906aea630 .part L_0000019906ae8dd0, 0, 63;
L_0000019906aea6d0 .concat [ 1 63 0 0], L_0000019906af6028, L_0000019906aea630;
L_0000019906ae9cd0 .shift/l 64, v00000199069c0ef0_0, L_0000019906ae9d70;
S_00000199066049b0 .scope generate, "booth_pp_gen[4]" "booth_pp_gen[4]" 7 27, 7 27 0, S_00000199066134f0;
 .timescale 0 0;
P_00000199069a4360 .param/l "i" 0 7 27, +C4<0100>;
L_0000019906af6100 .functor BUFT 1, C4<01000>, C4<0>, C4<0>, C4<0>;
v00000199069c1490_0 .net/2s *"_ivl_1", 4 0, L_0000019906af6100;  1 drivers
v00000199069bfcd0_0 .net "booth_bits", 2 0, L_0000019906ae9e10;  1 drivers
L_0000019906aeb530 .extend/s 6, L_0000019906af6100;
S_0000019906604b40 .scope module, "bpp" "booth_partial_product" 7 31, 7 57 0, S_00000199066049b0;
 .timescale 0 0;
    .port_info 0 /INPUT 32 "M";
    .port_info 1 /INPUT 3 "booth_bits";
    .port_info 2 /INPUT 6 "shift_amount";
    .port_info 3 /OUTPUT 64 "pp";
v00000199069c0630_0 .net/s "M", 31 0, v0000019906ab4c10_0;  alias, 1 drivers
v00000199069c0b30_0 .net/s "M2", 63 0, L_0000019906aeb7b0;  1 drivers
v00000199069c0f90_0 .net/s "M_ext", 63 0, L_0000019906aeb170;  1 drivers
v00000199069c1ad0_0 .net *"_ivl_1", 0 0, L_0000019906ae9eb0;  1 drivers
L_0000019906af60b8 .functor BUFT 1, C4<0>, C4<0>, C4<0>, C4<0>;
v00000199069c04f0_0 .net *"_ivl_10", 0 0, L_0000019906af60b8;  1 drivers
v00000199069c17b0_0 .net *"_ivl_2", 31 0, L_0000019906aec430;  1 drivers
v00000199069c09f0_0 .net *"_ivl_8", 62 0, L_0000019906aec750;  1 drivers
v00000199069c1d50_0 .net "booth_bits", 2 0, L_0000019906ae9e10;  alias, 1 drivers
v00000199069bfe10_0 .net/s "pp", 63 0, L_0000019906aebd50;  alias, 1 drivers
v00000199069bf910_0 .var/s "pp_unshifted", 63 0;
v00000199069c01d0_0 .net "shift_amount", 5 0, L_0000019906aeb530;  1 drivers
E_00000199069a40e0 .event anyedge, v00000199069c1d50_0, v00000199069c0f90_0, v00000199069c0b30_0;
L_0000019906ae9eb0 .part v0000019906ab4c10_0, 31, 1;
LS_0000019906aec430_0_0 .concat [ 1 1 1 1], L_0000019906ae9eb0, L_0000019906ae9eb0, L_0000019906ae9eb0, L_0000019906ae9eb0;
LS_0000019906aec430_0_4 .concat [ 1 1 1 1], L_0000019906ae9eb0, L_0000019906ae9eb0, L_0000019906ae9eb0, L_0000019906ae9eb0;
LS_0000019906aec430_0_8 .concat [ 1 1 1 1], L_0000019906ae9eb0, L_0000019906ae9eb0, L_0000019906ae9eb0, L_0000019906ae9eb0;
LS_0000019906aec430_0_12 .concat [ 1 1 1 1], L_0000019906ae9eb0, L_0000019906ae9eb0, L_0000019906ae9eb0, L_0000019906ae9eb0;
LS_0000019906aec430_0_16 .concat [ 1 1 1 1], L_0000019906ae9eb0, L_0000019906ae9eb0, L_0000019906ae9eb0, L_0000019906ae9eb0;
LS_0000019906aec430_0_20 .concat [ 1 1 1 1], L_0000019906ae9eb0, L_0000019906ae9eb0, L_0000019906ae9eb0, L_0000019906ae9eb0;
LS_0000019906aec430_0_24 .concat [ 1 1 1 1], L_0000019906ae9eb0, L_0000019906ae9eb0, L_0000019906ae9eb0, L_0000019906ae9eb0;
LS_0000019906aec430_0_28 .concat [ 1 1 1 1], L_0000019906ae9eb0, L_0000019906ae9eb0, L_0000019906ae9eb0, L_0000019906ae9eb0;
LS_0000019906aec430_1_0 .concat [ 4 4 4 4], LS_0000019906aec430_0_0, LS_0000019906aec430_0_4, LS_0000019906aec430_0_8, LS_0000019906aec430_0_12;
LS_0000019906aec430_1_4 .concat [ 4 4 4 4], LS_0000019906aec430_0_16, LS_0000019906aec430_0_20, LS_0000019906aec430_0_24, LS_0000019906aec430_0_28;
L_0000019906aec430 .concat [ 16 16 0 0], LS_0000019906aec430_1_0, LS_0000019906aec430_1_4;
L_0000019906aeb170 .concat [ 32 32 0 0], v0000019906ab4c10_0, L_0000019906aec430;
L_0000019906aec750 .part L_0000019906aeb170, 0, 63;
L_0000019906aeb7b0 .concat [ 1 63 0 0], L_0000019906af60b8, L_0000019906aec750;
L_0000019906aebd50 .shift/l 64, v00000199069bf910_0, L_0000019906aeb530;
S_0000019906a5a580 .scope generate, "booth_pp_gen[5]" "booth_pp_gen[5]" 7 27, 7 27 0, S_00000199066134f0;
 .timescale 0 0;
P_00000199069a4fa0 .param/l "i" 0 7 27, +C4<0101>;
L_0000019906af6190 .functor BUFT 1, C4<01010>, C4<0>, C4<0>, C4<0>;
v00000199069c0270_0 .net/2s *"_ivl_1", 4 0, L_0000019906af6190;  1 drivers
v00000199069c1c10_0 .net "booth_bits", 2 0, L_0000019906aeabd0;  1 drivers
L_0000019906aec110 .extend/s 6, L_0000019906af6190;
S_0000019906a5a0d0 .scope module, "bpp" "booth_partial_product" 7 31, 7 57 0, S_0000019906a5a580;
 .timescale 0 0;
    .port_info 0 /INPUT 32 "M";
    .port_info 1 /INPUT 3 "booth_bits";
    .port_info 2 /INPUT 6 "shift_amount";
    .port_info 3 /OUTPUT 64 "pp";
v00000199069bfeb0_0 .net/s "M", 31 0, v0000019906ab4c10_0;  alias, 1 drivers
v00000199069c0bd0_0 .net/s "M2", 63 0, L_0000019906aebdf0;  1 drivers
v00000199069c0e50_0 .net/s "M_ext", 63 0, L_0000019906aeb030;  1 drivers
v00000199069c10d0_0 .net *"_ivl_1", 0 0, L_0000019906aeb710;  1 drivers
L_0000019906af6148 .functor BUFT 1, C4<0>, C4<0>, C4<0>, C4<0>;
v00000199069c0450_0 .net *"_ivl_10", 0 0, L_0000019906af6148;  1 drivers
v00000199069bff50_0 .net *"_ivl_2", 31 0, L_0000019906aec1b0;  1 drivers
v00000199069c1f30_0 .net *"_ivl_8", 62 0, L_0000019906aeb670;  1 drivers
v00000199069bfff0_0 .net "booth_bits", 2 0, L_0000019906aeabd0;  alias, 1 drivers
v00000199069c1530_0 .net/s "pp", 63 0, L_0000019906aec610;  alias, 1 drivers
v00000199069c0090_0 .var/s "pp_unshifted", 63 0;
v00000199069c15d0_0 .net "shift_amount", 5 0, L_0000019906aec110;  1 drivers
E_00000199069a4b60 .event anyedge, v00000199069bfff0_0, v00000199069c0e50_0, v00000199069c0bd0_0;
L_0000019906aeb710 .part v0000019906ab4c10_0, 31, 1;
LS_0000019906aec1b0_0_0 .concat [ 1 1 1 1], L_0000019906aeb710, L_0000019906aeb710, L_0000019906aeb710, L_0000019906aeb710;
LS_0000019906aec1b0_0_4 .concat [ 1 1 1 1], L_0000019906aeb710, L_0000019906aeb710, L_0000019906aeb710, L_0000019906aeb710;
LS_0000019906aec1b0_0_8 .concat [ 1 1 1 1], L_0000019906aeb710, L_0000019906aeb710, L_0000019906aeb710, L_0000019906aeb710;
LS_0000019906aec1b0_0_12 .concat [ 1 1 1 1], L_0000019906aeb710, L_0000019906aeb710, L_0000019906aeb710, L_0000019906aeb710;
LS_0000019906aec1b0_0_16 .concat [ 1 1 1 1], L_0000019906aeb710, L_0000019906aeb710, L_0000019906aeb710, L_0000019906aeb710;
LS_0000019906aec1b0_0_20 .concat [ 1 1 1 1], L_0000019906aeb710, L_0000019906aeb710, L_0000019906aeb710, L_0000019906aeb710;
LS_0000019906aec1b0_0_24 .concat [ 1 1 1 1], L_0000019906aeb710, L_0000019906aeb710, L_0000019906aeb710, L_0000019906aeb710;
LS_0000019906aec1b0_0_28 .concat [ 1 1 1 1], L_0000019906aeb710, L_0000019906aeb710, L_0000019906aeb710, L_0000019906aeb710;
LS_0000019906aec1b0_1_0 .concat [ 4 4 4 4], LS_0000019906aec1b0_0_0, LS_0000019906aec1b0_0_4, LS_0000019906aec1b0_0_8, LS_0000019906aec1b0_0_12;
LS_0000019906aec1b0_1_4 .concat [ 4 4 4 4], LS_0000019906aec1b0_0_16, LS_0000019906aec1b0_0_20, LS_0000019906aec1b0_0_24, LS_0000019906aec1b0_0_28;
L_0000019906aec1b0 .concat [ 16 16 0 0], LS_0000019906aec1b0_1_0, LS_0000019906aec1b0_1_4;
L_0000019906aeb030 .concat [ 32 32 0 0], v0000019906ab4c10_0, L_0000019906aec1b0;
L_0000019906aeb670 .part L_0000019906aeb030, 0, 63;
L_0000019906aebdf0 .concat [ 1 63 0 0], L_0000019906af6148, L_0000019906aeb670;
L_0000019906aec610 .shift/l 64, v00000199069c0090_0, L_0000019906aec110;
S_0000019906a5a3f0 .scope generate, "booth_pp_gen[6]" "booth_pp_gen[6]" 7 27, 7 27 0, S_00000199066134f0;
 .timescale 0 0;
P_00000199069a49a0 .param/l "i" 0 7 27, +C4<0110>;
L_0000019906af6220 .functor BUFT 1, C4<01100>, C4<0>, C4<0>, C4<0>;
v00000199069c4b90_0 .net/2s *"_ivl_1", 4 0, L_0000019906af6220;  1 drivers
v00000199069c4eb0_0 .net "booth_bits", 2 0, L_0000019906aebe90;  1 drivers
L_0000019906aeb350 .extend/s 6, L_0000019906af6220;
S_0000019906a5aa30 .scope module, "bpp" "booth_partial_product" 7 31, 7 57 0, S_0000019906a5a3f0;
 .timescale 0 0;
    .port_info 0 /INPUT 32 "M";
    .port_info 1 /INPUT 3 "booth_bits";
    .port_info 2 /INPUT 6 "shift_amount";
    .port_info 3 /OUTPUT 64 "pp";
v00000199069c1670_0 .net/s "M", 31 0, v0000019906ab4c10_0;  alias, 1 drivers
v00000199069c1710_0 .net/s "M2", 63 0, L_0000019906aeb8f0;  1 drivers
v00000199069c1850_0 .net/s "M_ext", 63 0, L_0000019906aeb850;  1 drivers
v00000199069c18f0_0 .net *"_ivl_1", 0 0, L_0000019906aeb3f0;  1 drivers
L_0000019906af61d8 .functor BUFT 1, C4<0>, C4<0>, C4<0>, C4<0>;
v00000199069c1990_0 .net *"_ivl_10", 0 0, L_0000019906af61d8;  1 drivers
v00000199069c1a30_0 .net *"_ivl_2", 31 0, L_0000019906aebf30;  1 drivers
v00000199069bfb90_0 .net *"_ivl_8", 62 0, L_0000019906aeab30;  1 drivers
v00000199069c1cb0_0 .net "booth_bits", 2 0, L_0000019906aebe90;  alias, 1 drivers
v00000199069c1df0_0 .net/s "pp", 63 0, L_0000019906aeb5d0;  alias, 1 drivers
v00000199069c0130_0 .var/s "pp_unshifted", 63 0;
v00000199069c4d70_0 .net "shift_amount", 5 0, L_0000019906aeb350;  1 drivers
E_00000199069a4020 .event anyedge, v00000199069c1cb0_0, v00000199069c1850_0, v00000199069c1710_0;
L_0000019906aeb3f0 .part v0000019906ab4c10_0, 31, 1;
LS_0000019906aebf30_0_0 .concat [ 1 1 1 1], L_0000019906aeb3f0, L_0000019906aeb3f0, L_0000019906aeb3f0, L_0000019906aeb3f0;
LS_0000019906aebf30_0_4 .concat [ 1 1 1 1], L_0000019906aeb3f0, L_0000019906aeb3f0, L_0000019906aeb3f0, L_0000019906aeb3f0;
LS_0000019906aebf30_0_8 .concat [ 1 1 1 1], L_0000019906aeb3f0, L_0000019906aeb3f0, L_0000019906aeb3f0, L_0000019906aeb3f0;
LS_0000019906aebf30_0_12 .concat [ 1 1 1 1], L_0000019906aeb3f0, L_0000019906aeb3f0, L_0000019906aeb3f0, L_0000019906aeb3f0;
LS_0000019906aebf30_0_16 .concat [ 1 1 1 1], L_0000019906aeb3f0, L_0000019906aeb3f0, L_0000019906aeb3f0, L_0000019906aeb3f0;
LS_0000019906aebf30_0_20 .concat [ 1 1 1 1], L_0000019906aeb3f0, L_0000019906aeb3f0, L_0000019906aeb3f0, L_0000019906aeb3f0;
LS_0000019906aebf30_0_24 .concat [ 1 1 1 1], L_0000019906aeb3f0, L_0000019906aeb3f0, L_0000019906aeb3f0, L_0000019906aeb3f0;
LS_0000019906aebf30_0_28 .concat [ 1 1 1 1], L_0000019906aeb3f0, L_0000019906aeb3f0, L_0000019906aeb3f0, L_0000019906aeb3f0;
LS_0000019906aebf30_1_0 .concat [ 4 4 4 4], LS_0000019906aebf30_0_0, LS_0000019906aebf30_0_4, LS_0000019906aebf30_0_8, LS_0000019906aebf30_0_12;
LS_0000019906aebf30_1_4 .concat [ 4 4 4 4], LS_0000019906aebf30_0_16, LS_0000019906aebf30_0_20, LS_0000019906aebf30_0_24, LS_0000019906aebf30_0_28;
L_0000019906aebf30 .concat [ 16 16 0 0], LS_0000019906aebf30_1_0, LS_0000019906aebf30_1_4;
L_0000019906aeb850 .concat [ 32 32 0 0], v0000019906ab4c10_0, L_0000019906aebf30;
L_0000019906aeab30 .part L_0000019906aeb850, 0, 63;
L_0000019906aeb8f0 .concat [ 1 63 0 0], L_0000019906af61d8, L_0000019906aeab30;
L_0000019906aeb5d0 .shift/l 64, v00000199069c0130_0, L_0000019906aeb350;
S_0000019906a5a710 .scope generate, "booth_pp_gen[7]" "booth_pp_gen[7]" 7 27, 7 27 0, S_00000199066134f0;
 .timescale 0 0;
P_00000199069a4760 .param/l "i" 0 7 27, +C4<0111>;
L_0000019906af62b0 .functor BUFT 1, C4<01110>, C4<0>, C4<0>, C4<0>;
v00000199067c5360_0 .net/2s *"_ivl_1", 4 0, L_0000019906af62b0;  1 drivers
v00000199067c4820_0 .net "booth_bits", 2 0, L_0000019906aec250;  1 drivers
L_0000019906aec390 .extend/s 6, L_0000019906af62b0;
S_0000019906a5abc0 .scope module, "bpp" "booth_partial_product" 7 31, 7 57 0, S_0000019906a5a710;
 .timescale 0 0;
    .port_info 0 /INPUT 32 "M";
    .port_info 1 /INPUT 3 "booth_bits";
    .port_info 2 /INPUT 6 "shift_amount";
    .port_info 3 /OUTPUT 64 "pp";
v00000199069c4f50_0 .net/s "M", 31 0, v0000019906ab4c10_0;  alias, 1 drivers
v00000199069c4870_0 .net/s "M2", 63 0, L_0000019906aebb70;  1 drivers
v00000199067c5040_0 .net/s "M_ext", 63 0, L_0000019906aeba30;  1 drivers
v00000199067c4c80_0 .net *"_ivl_1", 0 0, L_0000019906aeb490;  1 drivers
L_0000019906af6268 .functor BUFT 1, C4<0>, C4<0>, C4<0>, C4<0>;
v00000199067c4fa0_0 .net *"_ivl_10", 0 0, L_0000019906af6268;  1 drivers
v00000199067c4960_0 .net *"_ivl_2", 31 0, L_0000019906aeb990;  1 drivers
v00000199067c4f00_0 .net *"_ivl_8", 62 0, L_0000019906aebad0;  1 drivers
v00000199067c4d20_0 .net "booth_bits", 2 0, L_0000019906aec250;  alias, 1 drivers
v00000199067c4aa0_0 .net/s "pp", 63 0, L_0000019906aeae50;  alias, 1 drivers
v00000199067c5220_0 .var/s "pp_unshifted", 63 0;
v00000199067c52c0_0 .net "shift_amount", 5 0, L_0000019906aec390;  1 drivers
E_00000199069a3fe0 .event anyedge, v00000199067c4d20_0, v00000199067c5040_0, v00000199069c4870_0;
L_0000019906aeb490 .part v0000019906ab4c10_0, 31, 1;
LS_0000019906aeb990_0_0 .concat [ 1 1 1 1], L_0000019906aeb490, L_0000019906aeb490, L_0000019906aeb490, L_0000019906aeb490;
LS_0000019906aeb990_0_4 .concat [ 1 1 1 1], L_0000019906aeb490, L_0000019906aeb490, L_0000019906aeb490, L_0000019906aeb490;
LS_0000019906aeb990_0_8 .concat [ 1 1 1 1], L_0000019906aeb490, L_0000019906aeb490, L_0000019906aeb490, L_0000019906aeb490;
LS_0000019906aeb990_0_12 .concat [ 1 1 1 1], L_0000019906aeb490, L_0000019906aeb490, L_0000019906aeb490, L_0000019906aeb490;
LS_0000019906aeb990_0_16 .concat [ 1 1 1 1], L_0000019906aeb490, L_0000019906aeb490, L_0000019906aeb490, L_0000019906aeb490;
LS_0000019906aeb990_0_20 .concat [ 1 1 1 1], L_0000019906aeb490, L_0000019906aeb490, L_0000019906aeb490, L_0000019906aeb490;
LS_0000019906aeb990_0_24 .concat [ 1 1 1 1], L_0000019906aeb490, L_0000019906aeb490, L_0000019906aeb490, L_0000019906aeb490;
LS_0000019906aeb990_0_28 .concat [ 1 1 1 1], L_0000019906aeb490, L_0000019906aeb490, L_0000019906aeb490, L_0000019906aeb490;
LS_0000019906aeb990_1_0 .concat [ 4 4 4 4], LS_0000019906aeb990_0_0, LS_0000019906aeb990_0_4, LS_0000019906aeb990_0_8, LS_0000019906aeb990_0_12;
LS_0000019906aeb990_1_4 .concat [ 4 4 4 4], LS_0000019906aeb990_0_16, LS_0000019906aeb990_0_20, LS_0000019906aeb990_0_24, LS_0000019906aeb990_0_28;
L_0000019906aeb990 .concat [ 16 16 0 0], LS_0000019906aeb990_1_0, LS_0000019906aeb990_1_4;
L_0000019906aeba30 .concat [ 32 32 0 0], v0000019906ab4c10_0, L_0000019906aeb990;
L_0000019906aebad0 .part L_0000019906aeba30, 0, 63;
L_0000019906aebb70 .concat [ 1 63 0 0], L_0000019906af6268, L_0000019906aebad0;
L_0000019906aeae50 .shift/l 64, v00000199067c5220_0, L_0000019906aec390;
S_0000019906a5a8a0 .scope generate, "booth_pp_gen[8]" "booth_pp_gen[8]" 7 27, 7 27 0, S_00000199066134f0;
 .timescale 0 0;
P_00000199069a4ae0 .param/l "i" 0 7 27, +C4<01000>;
v0000019906827200_0 .net "booth_bits", 2 0, L_0000019906aea9f0;  1 drivers
S_0000019906a59f40 .scope module, "bpp" "booth_partial_product" 7 31, 7 57 0, S_0000019906a5a8a0;
 .timescale 0 0;
    .port_info 0 /INPUT 32 "M";
    .port_info 1 /INPUT 3 "booth_bits";
    .port_info 2 /INPUT 6 "shift_amount";
    .port_info 3 /OUTPUT 64 "pp";
v00000199067c4a00_0 .net/s "M", 31 0, v0000019906ab4c10_0;  alias, 1 drivers
v00000199068266c0_0 .net/s "M2", 63 0, L_0000019906aead10;  1 drivers
v0000019906826d00_0 .net/s "M_ext", 63 0, L_0000019906aebcb0;  1 drivers
v0000019906826ee0_0 .net *"_ivl_1", 0 0, L_0000019906aeac70;  1 drivers
L_0000019906af62f8 .functor BUFT 1, C4<0>, C4<0>, C4<0>, C4<0>;
v0000019906826f80_0 .net *"_ivl_10", 0 0, L_0000019906af62f8;  1 drivers
v0000019906827c00_0 .net *"_ivl_2", 31 0, L_0000019906aebc10;  1 drivers
v0000019906827020_0 .net *"_ivl_8", 62 0, L_0000019906aec7f0;  1 drivers
v0000019906825ea0_0 .net "booth_bits", 2 0, L_0000019906aea9f0;  alias, 1 drivers
v0000019906825f40_0 .net/s "pp", 63 0, L_0000019906aea950;  alias, 1 drivers
v0000019906826080_0 .var/s "pp_unshifted", 63 0;
L_0000019906af6340 .functor BUFT 1, C4<010000>, C4<0>, C4<0>, C4<0>;
v0000019906827160_0 .net "shift_amount", 5 0, L_0000019906af6340;  1 drivers
E_00000199069a4220 .event anyedge, v0000019906825ea0_0, v0000019906826d00_0, v00000199068266c0_0;
L_0000019906aeac70 .part v0000019906ab4c10_0, 31, 1;
LS_0000019906aebc10_0_0 .concat [ 1 1 1 1], L_0000019906aeac70, L_0000019906aeac70, L_0000019906aeac70, L_0000019906aeac70;
LS_0000019906aebc10_0_4 .concat [ 1 1 1 1], L_0000019906aeac70, L_0000019906aeac70, L_0000019906aeac70, L_0000019906aeac70;
LS_0000019906aebc10_0_8 .concat [ 1 1 1 1], L_0000019906aeac70, L_0000019906aeac70, L_0000019906aeac70, L_0000019906aeac70;
LS_0000019906aebc10_0_12 .concat [ 1 1 1 1], L_0000019906aeac70, L_0000019906aeac70, L_0000019906aeac70, L_0000019906aeac70;
LS_0000019906aebc10_0_16 .concat [ 1 1 1 1], L_0000019906aeac70, L_0000019906aeac70, L_0000019906aeac70, L_0000019906aeac70;
LS_0000019906aebc10_0_20 .concat [ 1 1 1 1], L_0000019906aeac70, L_0000019906aeac70, L_0000019906aeac70, L_0000019906aeac70;
LS_0000019906aebc10_0_24 .concat [ 1 1 1 1], L_0000019906aeac70, L_0000019906aeac70, L_0000019906aeac70, L_0000019906aeac70;
LS_0000019906aebc10_0_28 .concat [ 1 1 1 1], L_0000019906aeac70, L_0000019906aeac70, L_0000019906aeac70, L_0000019906aeac70;
LS_0000019906aebc10_1_0 .concat [ 4 4 4 4], LS_0000019906aebc10_0_0, LS_0000019906aebc10_0_4, LS_0000019906aebc10_0_8, LS_0000019906aebc10_0_12;
LS_0000019906aebc10_1_4 .concat [ 4 4 4 4], LS_0000019906aebc10_0_16, LS_0000019906aebc10_0_20, LS_0000019906aebc10_0_24, LS_0000019906aebc10_0_28;
L_0000019906aebc10 .concat [ 16 16 0 0], LS_0000019906aebc10_1_0, LS_0000019906aebc10_1_4;
L_0000019906aebcb0 .concat [ 32 32 0 0], v0000019906ab4c10_0, L_0000019906aebc10;
L_0000019906aec7f0 .part L_0000019906aebcb0, 0, 63;
L_0000019906aead10 .concat [ 1 63 0 0], L_0000019906af62f8, L_0000019906aec7f0;
L_0000019906aea950 .shift/l 64, v0000019906826080_0, L_0000019906af6340;
S_0000019906a59db0 .scope generate, "booth_pp_gen[9]" "booth_pp_gen[9]" 7 27, 7 27 0, S_00000199066134f0;
 .timescale 0 0;
P_00000199069a4a20 .param/l "i" 0 7 27, +C4<01001>;
v0000019906a62730_0 .net "booth_bits", 2 0, L_0000019906aebfd0;  1 drivers
S_0000019906a5a260 .scope module, "bpp" "booth_partial_product" 7 31, 7 57 0, S_0000019906a59db0;
 .timescale 0 0;
    .port_info 0 /INPUT 32 "M";
    .port_info 1 /INPUT 3 "booth_bits";
    .port_info 2 /INPUT 6 "shift_amount";
    .port_info 3 /OUTPUT 64 "pp";
v00000199067f54d0_0 .net/s "M", 31 0, v0000019906ab4c10_0;  alias, 1 drivers
v00000199067c6190_0 .net/s "M2", 63 0, L_0000019906aec2f0;  1 drivers
v0000019906805f80_0 .net/s "M_ext", 63 0, L_0000019906aeaf90;  1 drivers
v0000019906a62c30_0 .net *"_ivl_1", 0 0, L_0000019906aeadb0;  1 drivers
L_0000019906af6388 .functor BUFT 1, C4<0>, C4<0>, C4<0>, C4<0>;
v0000019906a636d0_0 .net *"_ivl_10", 0 0, L_0000019906af6388;  1 drivers
v0000019906a629b0_0 .net *"_ivl_2", 31 0, L_0000019906aec070;  1 drivers
v0000019906a64210_0 .net *"_ivl_8", 62 0, L_0000019906aeb210;  1 drivers
v0000019906a647b0_0 .net "booth_bits", 2 0, L_0000019906aebfd0;  alias, 1 drivers
v0000019906a62690_0 .net/s "pp", 63 0, L_0000019906aec4d0;  alias, 1 drivers
v0000019906a63310_0 .var/s "pp_unshifted", 63 0;
L_0000019906af63d0 .functor BUFT 1, C4<010010>, C4<0>, C4<0>, C4<0>;
v0000019906a640d0_0 .net "shift_amount", 5 0, L_0000019906af63d0;  1 drivers
E_00000199069a4f60 .event anyedge, v0000019906a647b0_0, v0000019906805f80_0, v00000199067c6190_0;
L_0000019906aeadb0 .part v0000019906ab4c10_0, 31, 1;
LS_0000019906aec070_0_0 .concat [ 1 1 1 1], L_0000019906aeadb0, L_0000019906aeadb0, L_0000019906aeadb0, L_0000019906aeadb0;
LS_0000019906aec070_0_4 .concat [ 1 1 1 1], L_0000019906aeadb0, L_0000019906aeadb0, L_0000019906aeadb0, L_0000019906aeadb0;
LS_0000019906aec070_0_8 .concat [ 1 1 1 1], L_0000019906aeadb0, L_0000019906aeadb0, L_0000019906aeadb0, L_0000019906aeadb0;
LS_0000019906aec070_0_12 .concat [ 1 1 1 1], L_0000019906aeadb0, L_0000019906aeadb0, L_0000019906aeadb0, L_0000019906aeadb0;
LS_0000019906aec070_0_16 .concat [ 1 1 1 1], L_0000019906aeadb0, L_0000019906aeadb0, L_0000019906aeadb0, L_0000019906aeadb0;
LS_0000019906aec070_0_20 .concat [ 1 1 1 1], L_0000019906aeadb0, L_0000019906aeadb0, L_0000019906aeadb0, L_0000019906aeadb0;
LS_0000019906aec070_0_24 .concat [ 1 1 1 1], L_0000019906aeadb0, L_0000019906aeadb0, L_0000019906aeadb0, L_0000019906aeadb0;
LS_0000019906aec070_0_28 .concat [ 1 1 1 1], L_0000019906aeadb0, L_0000019906aeadb0, L_0000019906aeadb0, L_0000019906aeadb0;
LS_0000019906aec070_1_0 .concat [ 4 4 4 4], LS_0000019906aec070_0_0, LS_0000019906aec070_0_4, LS_0000019906aec070_0_8, LS_0000019906aec070_0_12;
LS_0000019906aec070_1_4 .concat [ 4 4 4 4], LS_0000019906aec070_0_16, LS_0000019906aec070_0_20, LS_0000019906aec070_0_24, LS_0000019906aec070_0_28;
L_0000019906aec070 .concat [ 16 16 0 0], LS_0000019906aec070_1_0, LS_0000019906aec070_1_4;
L_0000019906aeaf90 .concat [ 32 32 0 0], v0000019906ab4c10_0, L_0000019906aec070;
L_0000019906aeb210 .part L_0000019906aeaf90, 0, 63;
L_0000019906aec2f0 .concat [ 1 63 0 0], L_0000019906af6388, L_0000019906aeb210;
L_0000019906aec4d0 .shift/l 64, v0000019906a63310_0, L_0000019906af63d0;
S_0000019906a6c3b0 .scope generate, "booth_pp_gen[10]" "booth_pp_gen[10]" 7 27, 7 27 0, S_00000199066134f0;
 .timescale 0 0;
P_00000199069a4060 .param/l "i" 0 7 27, +C4<01010>;
v0000019906a62ff0_0 .net "booth_bits", 2 0, L_0000019906aec570;  1 drivers
S_0000019906a6bbe0 .scope module, "bpp" "booth_partial_product" 7 31, 7 57 0, S_0000019906a6c3b0;
 .timescale 0 0;
    .port_info 0 /INPUT 32 "M";
    .port_info 1 /INPUT 3 "booth_bits";
    .port_info 2 /INPUT 6 "shift_amount";
    .port_info 3 /OUTPUT 64 "pp";
v0000019906a62a50_0 .net/s "M", 31 0, v0000019906ab4c10_0;  alias, 1 drivers
v0000019906a634f0_0 .net/s "M2", 63 0, L_0000019906aec6b0;  1 drivers
v0000019906a63270_0 .net/s "M_ext", 63 0, L_0000019906aeb0d0;  1 drivers
v0000019906a633b0_0 .net *"_ivl_1", 0 0, L_0000019906aeaa90;  1 drivers
L_0000019906af6418 .functor BUFT 1, C4<0>, C4<0>, C4<0>, C4<0>;
v0000019906a64710_0 .net *"_ivl_10", 0 0, L_0000019906af6418;  1 drivers
v0000019906a62af0_0 .net *"_ivl_2", 31 0, L_0000019906aeaef0;  1 drivers
v0000019906a63590_0 .net *"_ivl_8", 62 0, L_0000019906aeb2b0;  1 drivers
v0000019906a62cd0_0 .net "booth_bits", 2 0, L_0000019906aec570;  alias, 1 drivers
v0000019906a63f90_0 .net/s "pp", 63 0, L_0000019906bae060;  alias, 1 drivers
v0000019906a63b30_0 .var/s "pp_unshifted", 63 0;
L_0000019906af6460 .functor BUFT 1, C4<010100>, C4<0>, C4<0>, C4<0>;
v0000019906a62870_0 .net "shift_amount", 5 0, L_0000019906af6460;  1 drivers
E_00000199069a40a0 .event anyedge, v0000019906a62cd0_0, v0000019906a63270_0, v0000019906a634f0_0;
L_0000019906aeaa90 .part v0000019906ab4c10_0, 31, 1;
LS_0000019906aeaef0_0_0 .concat [ 1 1 1 1], L_0000019906aeaa90, L_0000019906aeaa90, L_0000019906aeaa90, L_0000019906aeaa90;
LS_0000019906aeaef0_0_4 .concat [ 1 1 1 1], L_0000019906aeaa90, L_0000019906aeaa90, L_0000019906aeaa90, L_0000019906aeaa90;
LS_0000019906aeaef0_0_8 .concat [ 1 1 1 1], L_0000019906aeaa90, L_0000019906aeaa90, L_0000019906aeaa90, L_0000019906aeaa90;
LS_0000019906aeaef0_0_12 .concat [ 1 1 1 1], L_0000019906aeaa90, L_0000019906aeaa90, L_0000019906aeaa90, L_0000019906aeaa90;
LS_0000019906aeaef0_0_16 .concat [ 1 1 1 1], L_0000019906aeaa90, L_0000019906aeaa90, L_0000019906aeaa90, L_0000019906aeaa90;
LS_0000019906aeaef0_0_20 .concat [ 1 1 1 1], L_0000019906aeaa90, L_0000019906aeaa90, L_0000019906aeaa90, L_0000019906aeaa90;
LS_0000019906aeaef0_0_24 .concat [ 1 1 1 1], L_0000019906aeaa90, L_0000019906aeaa90, L_0000019906aeaa90, L_0000019906aeaa90;
LS_0000019906aeaef0_0_28 .concat [ 1 1 1 1], L_0000019906aeaa90, L_0000019906aeaa90, L_0000019906aeaa90, L_0000019906aeaa90;
LS_0000019906aeaef0_1_0 .concat [ 4 4 4 4], LS_0000019906aeaef0_0_0, LS_0000019906aeaef0_0_4, LS_0000019906aeaef0_0_8, LS_0000019906aeaef0_0_12;
LS_0000019906aeaef0_1_4 .concat [ 4 4 4 4], LS_0000019906aeaef0_0_16, LS_0000019906aeaef0_0_20, LS_0000019906aeaef0_0_24, LS_0000019906aeaef0_0_28;
L_0000019906aeaef0 .concat [ 16 16 0 0], LS_0000019906aeaef0_1_0, LS_0000019906aeaef0_1_4;
L_0000019906aeb0d0 .concat [ 32 32 0 0], v0000019906ab4c10_0, L_0000019906aeaef0;
L_0000019906aeb2b0 .part L_0000019906aeb0d0, 0, 63;
L_0000019906aec6b0 .concat [ 1 63 0 0], L_0000019906af6418, L_0000019906aeb2b0;
L_0000019906bae060 .shift/l 64, v0000019906a63b30_0, L_0000019906af6460;
S_0000019906a6cb80 .scope generate, "booth_pp_gen[11]" "booth_pp_gen[11]" 7 27, 7 27 0, S_00000199066134f0;
 .timescale 0 0;
P_00000199069a4de0 .param/l "i" 0 7 27, +C4<01011>;
v0000019906a64490_0 .net "booth_bits", 2 0, L_0000019906bada20;  1 drivers
S_0000019906a6b8c0 .scope module, "bpp" "booth_partial_product" 7 31, 7 57 0, S_0000019906a6cb80;
 .timescale 0 0;
    .port_info 0 /INPUT 32 "M";
    .port_info 1 /INPUT 3 "booth_bits";
    .port_info 2 /INPUT 6 "shift_amount";
    .port_info 3 /OUTPUT 64 "pp";
v0000019906a64350_0 .net/s "M", 31 0, v0000019906ab4c10_0;  alias, 1 drivers
v0000019906a62d70_0 .net/s "M2", 63 0, L_0000019906bace40;  1 drivers
v0000019906a63450_0 .net/s "M_ext", 63 0, L_0000019906bad660;  1 drivers
v0000019906a62f50_0 .net *"_ivl_1", 0 0, L_0000019906bae2e0;  1 drivers
L_0000019906af64a8 .functor BUFT 1, C4<0>, C4<0>, C4<0>, C4<0>;
v0000019906a638b0_0 .net *"_ivl_10", 0 0, L_0000019906af64a8;  1 drivers
v0000019906a63090_0 .net *"_ivl_2", 31 0, L_0000019906baeb00;  1 drivers
v0000019906a63130_0 .net *"_ivl_8", 62 0, L_0000019906badac0;  1 drivers
v0000019906a62b90_0 .net "booth_bits", 2 0, L_0000019906bada20;  alias, 1 drivers
v0000019906a645d0_0 .net/s "pp", 63 0, L_0000019906bad340;  alias, 1 drivers
v0000019906a64d50_0 .var/s "pp_unshifted", 63 0;
L_0000019906af64f0 .functor BUFT 1, C4<010110>, C4<0>, C4<0>, C4<0>;
v0000019906a642b0_0 .net "shift_amount", 5 0, L_0000019906af64f0;  1 drivers
E_00000199069a45a0 .event anyedge, v0000019906a62b90_0, v0000019906a63450_0, v0000019906a62d70_0;
L_0000019906bae2e0 .part v0000019906ab4c10_0, 31, 1;
LS_0000019906baeb00_0_0 .concat [ 1 1 1 1], L_0000019906bae2e0, L_0000019906bae2e0, L_0000019906bae2e0, L_0000019906bae2e0;
LS_0000019906baeb00_0_4 .concat [ 1 1 1 1], L_0000019906bae2e0, L_0000019906bae2e0, L_0000019906bae2e0, L_0000019906bae2e0;
LS_0000019906baeb00_0_8 .concat [ 1 1 1 1], L_0000019906bae2e0, L_0000019906bae2e0, L_0000019906bae2e0, L_0000019906bae2e0;
LS_0000019906baeb00_0_12 .concat [ 1 1 1 1], L_0000019906bae2e0, L_0000019906bae2e0, L_0000019906bae2e0, L_0000019906bae2e0;
LS_0000019906baeb00_0_16 .concat [ 1 1 1 1], L_0000019906bae2e0, L_0000019906bae2e0, L_0000019906bae2e0, L_0000019906bae2e0;
LS_0000019906baeb00_0_20 .concat [ 1 1 1 1], L_0000019906bae2e0, L_0000019906bae2e0, L_0000019906bae2e0, L_0000019906bae2e0;
LS_0000019906baeb00_0_24 .concat [ 1 1 1 1], L_0000019906bae2e0, L_0000019906bae2e0, L_0000019906bae2e0, L_0000019906bae2e0;
LS_0000019906baeb00_0_28 .concat [ 1 1 1 1], L_0000019906bae2e0, L_0000019906bae2e0, L_0000019906bae2e0, L_0000019906bae2e0;
LS_0000019906baeb00_1_0 .concat [ 4 4 4 4], LS_0000019906baeb00_0_0, LS_0000019906baeb00_0_4, LS_0000019906baeb00_0_8, LS_0000019906baeb00_0_12;
LS_0000019906baeb00_1_4 .concat [ 4 4 4 4], LS_0000019906baeb00_0_16, LS_0000019906baeb00_0_20, LS_0000019906baeb00_0_24, LS_0000019906baeb00_0_28;
L_0000019906baeb00 .concat [ 16 16 0 0], LS_0000019906baeb00_1_0, LS_0000019906baeb00_1_4;
L_0000019906bad660 .concat [ 32 32 0 0], v0000019906ab4c10_0, L_0000019906baeb00;
L_0000019906badac0 .part L_0000019906bad660, 0, 63;
L_0000019906bace40 .concat [ 1 63 0 0], L_0000019906af64a8, L_0000019906badac0;
L_0000019906bad340 .shift/l 64, v0000019906a64d50_0, L_0000019906af64f0;
S_0000019906a6ba50 .scope generate, "booth_pp_gen[12]" "booth_pp_gen[12]" 7 27, 7 27 0, S_00000199066134f0;
 .timescale 0 0;
P_00000199069a4120 .param/l "i" 0 7 27, +C4<01100>;
v0000019906a64030_0 .net "booth_bits", 2 0, L_0000019906bad700;  1 drivers
S_0000019906a6b730 .scope module, "bpp" "booth_partial_product" 7 31, 7 57 0, S_0000019906a6ba50;
 .timescale 0 0;
    .port_info 0 /INPUT 32 "M";
    .port_info 1 /INPUT 3 "booth_bits";
    .port_info 2 /INPUT 6 "shift_amount";
    .port_info 3 /OUTPUT 64 "pp";
v0000019906a62e10_0 .net/s "M", 31 0, v0000019906ab4c10_0;  alias, 1 drivers
v0000019906a63810_0 .net/s "M2", 63 0, L_0000019906badf20;  1 drivers
v0000019906a63e50_0 .net/s "M_ext", 63 0, L_0000019906bad840;  1 drivers
v0000019906a64cb0_0 .net *"_ivl_1", 0 0, L_0000019906bad7a0;  1 drivers
L_0000019906af6538 .functor BUFT 1, C4<0>, C4<0>, C4<0>, C4<0>;
v0000019906a627d0_0 .net *"_ivl_10", 0 0, L_0000019906af6538;  1 drivers
v0000019906a63630_0 .net *"_ivl_2", 31 0, L_0000019906bad480;  1 drivers
v0000019906a62eb0_0 .net *"_ivl_8", 62 0, L_0000019906bad3e0;  1 drivers
v0000019906a63bd0_0 .net "booth_bits", 2 0, L_0000019906bad700;  alias, 1 drivers
v0000019906a631d0_0 .net/s "pp", 63 0, L_0000019906bad520;  alias, 1 drivers
v0000019906a63c70_0 .var/s "pp_unshifted", 63 0;
L_0000019906af6580 .functor BUFT 1, C4<011000>, C4<0>, C4<0>, C4<0>;
v0000019906a63770_0 .net "shift_amount", 5 0, L_0000019906af6580;  1 drivers
E_00000199069a4720 .event anyedge, v0000019906a63bd0_0, v0000019906a63e50_0, v0000019906a63810_0;
L_0000019906bad7a0 .part v0000019906ab4c10_0, 31, 1;
LS_0000019906bad480_0_0 .concat [ 1 1 1 1], L_0000019906bad7a0, L_0000019906bad7a0, L_0000019906bad7a0, L_0000019906bad7a0;
LS_0000019906bad480_0_4 .concat [ 1 1 1 1], L_0000019906bad7a0, L_0000019906bad7a0, L_0000019906bad7a0, L_0000019906bad7a0;
LS_0000019906bad480_0_8 .concat [ 1 1 1 1], L_0000019906bad7a0, L_0000019906bad7a0, L_0000019906bad7a0, L_0000019906bad7a0;
LS_0000019906bad480_0_12 .concat [ 1 1 1 1], L_0000019906bad7a0, L_0000019906bad7a0, L_0000019906bad7a0, L_0000019906bad7a0;
LS_0000019906bad480_0_16 .concat [ 1 1 1 1], L_0000019906bad7a0, L_0000019906bad7a0, L_0000019906bad7a0, L_0000019906bad7a0;
LS_0000019906bad480_0_20 .concat [ 1 1 1 1], L_0000019906bad7a0, L_0000019906bad7a0, L_0000019906bad7a0, L_0000019906bad7a0;
LS_0000019906bad480_0_24 .concat [ 1 1 1 1], L_0000019906bad7a0, L_0000019906bad7a0, L_0000019906bad7a0, L_0000019906bad7a0;
LS_0000019906bad480_0_28 .concat [ 1 1 1 1], L_0000019906bad7a0, L_0000019906bad7a0, L_0000019906bad7a0, L_0000019906bad7a0;
LS_0000019906bad480_1_0 .concat [ 4 4 4 4], LS_0000019906bad480_0_0, LS_0000019906bad480_0_4, LS_0000019906bad480_0_8, LS_0000019906bad480_0_12;
LS_0000019906bad480_1_4 .concat [ 4 4 4 4], LS_0000019906bad480_0_16, LS_0000019906bad480_0_20, LS_0000019906bad480_0_24, LS_0000019906bad480_0_28;
L_0000019906bad480 .concat [ 16 16 0 0], LS_0000019906bad480_1_0, LS_0000019906bad480_1_4;
L_0000019906bad840 .concat [ 32 32 0 0], v0000019906ab4c10_0, L_0000019906bad480;
L_0000019906bad3e0 .part L_0000019906bad840, 0, 63;
L_0000019906badf20 .concat [ 1 63 0 0], L_0000019906af6538, L_0000019906bad3e0;
L_0000019906bad520 .shift/l 64, v0000019906a63c70_0, L_0000019906af6580;
S_0000019906a6c9f0 .scope generate, "booth_pp_gen[13]" "booth_pp_gen[13]" 7 27, 7 27 0, S_00000199066134f0;
 .timescale 0 0;
P_00000199069a43a0 .param/l "i" 0 7 27, +C4<01101>;
v0000019906a64170_0 .net "booth_bits", 2 0, L_0000019906bad5c0;  1 drivers
S_0000019906a6af60 .scope module, "bpp" "booth_partial_product" 7 31, 7 57 0, S_0000019906a6c9f0;
 .timescale 0 0;
    .port_info 0 /INPUT 32 "M";
    .port_info 1 /INPUT 3 "booth_bits";
    .port_info 2 /INPUT 6 "shift_amount";
    .port_info 3 /OUTPUT 64 "pp";
v0000019906a64a30_0 .net/s "M", 31 0, v0000019906ab4c10_0;  alias, 1 drivers
v0000019906a63950_0 .net/s "M2", 63 0, L_0000019906bacee0;  1 drivers
v0000019906a63d10_0 .net/s "M_ext", 63 0, L_0000019906bae100;  1 drivers
v0000019906a64850_0 .net *"_ivl_1", 0 0, L_0000019906badfc0;  1 drivers
L_0000019906af65c8 .functor BUFT 1, C4<0>, C4<0>, C4<0>, C4<0>;
v0000019906a639f0_0 .net *"_ivl_10", 0 0, L_0000019906af65c8;  1 drivers
v0000019906a64530_0 .net *"_ivl_2", 31 0, L_0000019906bad8e0;  1 drivers
v0000019906a63a90_0 .net *"_ivl_8", 62 0, L_0000019906baf280;  1 drivers
v0000019906a64ad0_0 .net "booth_bits", 2 0, L_0000019906bad5c0;  alias, 1 drivers
v0000019906a63db0_0 .net/s "pp", 63 0, L_0000019906bacf80;  alias, 1 drivers
v0000019906a625f0_0 .var/s "pp_unshifted", 63 0;
L_0000019906af6610 .functor BUFT 1, C4<011010>, C4<0>, C4<0>, C4<0>;
v0000019906a63ef0_0 .net "shift_amount", 5 0, L_0000019906af6610;  1 drivers
E_00000199069a4160 .event anyedge, v0000019906a64ad0_0, v0000019906a63d10_0, v0000019906a63950_0;
L_0000019906badfc0 .part v0000019906ab4c10_0, 31, 1;
LS_0000019906bad8e0_0_0 .concat [ 1 1 1 1], L_0000019906badfc0, L_0000019906badfc0, L_0000019906badfc0, L_0000019906badfc0;
LS_0000019906bad8e0_0_4 .concat [ 1 1 1 1], L_0000019906badfc0, L_0000019906badfc0, L_0000019906badfc0, L_0000019906badfc0;
LS_0000019906bad8e0_0_8 .concat [ 1 1 1 1], L_0000019906badfc0, L_0000019906badfc0, L_0000019906badfc0, L_0000019906badfc0;
LS_0000019906bad8e0_0_12 .concat [ 1 1 1 1], L_0000019906badfc0, L_0000019906badfc0, L_0000019906badfc0, L_0000019906badfc0;
LS_0000019906bad8e0_0_16 .concat [ 1 1 1 1], L_0000019906badfc0, L_0000019906badfc0, L_0000019906badfc0, L_0000019906badfc0;
LS_0000019906bad8e0_0_20 .concat [ 1 1 1 1], L_0000019906badfc0, L_0000019906badfc0, L_0000019906badfc0, L_0000019906badfc0;
LS_0000019906bad8e0_0_24 .concat [ 1 1 1 1], L_0000019906badfc0, L_0000019906badfc0, L_0000019906badfc0, L_0000019906badfc0;
LS_0000019906bad8e0_0_28 .concat [ 1 1 1 1], L_0000019906badfc0, L_0000019906badfc0, L_0000019906badfc0, L_0000019906badfc0;
LS_0000019906bad8e0_1_0 .concat [ 4 4 4 4], LS_0000019906bad8e0_0_0, LS_0000019906bad8e0_0_4, LS_0000019906bad8e0_0_8, LS_0000019906bad8e0_0_12;
LS_0000019906bad8e0_1_4 .concat [ 4 4 4 4], LS_0000019906bad8e0_0_16, LS_0000019906bad8e0_0_20, LS_0000019906bad8e0_0_24, LS_0000019906bad8e0_0_28;
L_0000019906bad8e0 .concat [ 16 16 0 0], LS_0000019906bad8e0_1_0, LS_0000019906bad8e0_1_4;
L_0000019906bae100 .concat [ 32 32 0 0], v0000019906ab4c10_0, L_0000019906bad8e0;
L_0000019906baf280 .part L_0000019906bae100, 0, 63;
L_0000019906bacee0 .concat [ 1 63 0 0], L_0000019906af65c8, L_0000019906baf280;
L_0000019906bacf80 .shift/l 64, v0000019906a625f0_0, L_0000019906af6610;
S_0000019906a6c220 .scope generate, "booth_pp_gen[14]" "booth_pp_gen[14]" 7 27, 7 27 0, S_00000199066134f0;
 .timescale 0 0;
P_00000199069a41a0 .param/l "i" 0 7 27, +C4<01110>;
v0000019906a66790_0 .net "booth_bits", 2 0, L_0000019906baeba0;  1 drivers
S_0000019906a6bd70 .scope module, "bpp" "booth_partial_product" 7 31, 7 57 0, S_0000019906a6c220;
 .timescale 0 0;
    .port_info 0 /INPUT 32 "M";
    .port_info 1 /INPUT 3 "booth_bits";
    .port_info 2 /INPUT 6 "shift_amount";
    .port_info 3 /OUTPUT 64 "pp";
v0000019906a643f0_0 .net/s "M", 31 0, v0000019906ab4c10_0;  alias, 1 drivers
v0000019906a64670_0 .net/s "M2", 63 0, L_0000019906baec40;  1 drivers
v0000019906a648f0_0 .net/s "M_ext", 63 0, L_0000019906badd40;  1 drivers
v0000019906a64990_0 .net *"_ivl_1", 0 0, L_0000019906baf0a0;  1 drivers
L_0000019906af6658 .functor BUFT 1, C4<0>, C4<0>, C4<0>, C4<0>;
v0000019906a64b70_0 .net *"_ivl_10", 0 0, L_0000019906af6658;  1 drivers
v0000019906a64c10_0 .net *"_ivl_2", 31 0, L_0000019906bacc60;  1 drivers
v0000019906a62910_0 .net *"_ivl_8", 62 0, L_0000019906badb60;  1 drivers
v0000019906a65390_0 .net "booth_bits", 2 0, L_0000019906baeba0;  alias, 1 drivers
v0000019906a65930_0 .net/s "pp", 63 0, L_0000019906badde0;  alias, 1 drivers
v0000019906a66b50_0 .var/s "pp_unshifted", 63 0;
L_0000019906af66a0 .functor BUFT 1, C4<011100>, C4<0>, C4<0>, C4<0>;
v0000019906a66c90_0 .net "shift_amount", 5 0, L_0000019906af66a0;  1 drivers
E_00000199069a4420 .event anyedge, v0000019906a65390_0, v0000019906a648f0_0, v0000019906a64670_0;
L_0000019906baf0a0 .part v0000019906ab4c10_0, 31, 1;
LS_0000019906bacc60_0_0 .concat [ 1 1 1 1], L_0000019906baf0a0, L_0000019906baf0a0, L_0000019906baf0a0, L_0000019906baf0a0;
LS_0000019906bacc60_0_4 .concat [ 1 1 1 1], L_0000019906baf0a0, L_0000019906baf0a0, L_0000019906baf0a0, L_0000019906baf0a0;
LS_0000019906bacc60_0_8 .concat [ 1 1 1 1], L_0000019906baf0a0, L_0000019906baf0a0, L_0000019906baf0a0, L_0000019906baf0a0;
LS_0000019906bacc60_0_12 .concat [ 1 1 1 1], L_0000019906baf0a0, L_0000019906baf0a0, L_0000019906baf0a0, L_0000019906baf0a0;
LS_0000019906bacc60_0_16 .concat [ 1 1 1 1], L_0000019906baf0a0, L_0000019906baf0a0, L_0000019906baf0a0, L_0000019906baf0a0;
LS_0000019906bacc60_0_20 .concat [ 1 1 1 1], L_0000019906baf0a0, L_0000019906baf0a0, L_0000019906baf0a0, L_0000019906baf0a0;
LS_0000019906bacc60_0_24 .concat [ 1 1 1 1], L_0000019906baf0a0, L_0000019906baf0a0, L_0000019906baf0a0, L_0000019906baf0a0;
LS_0000019906bacc60_0_28 .concat [ 1 1 1 1], L_0000019906baf0a0, L_0000019906baf0a0, L_0000019906baf0a0, L_0000019906baf0a0;
LS_0000019906bacc60_1_0 .concat [ 4 4 4 4], LS_0000019906bacc60_0_0, LS_0000019906bacc60_0_4, LS_0000019906bacc60_0_8, LS_0000019906bacc60_0_12;
LS_0000019906bacc60_1_4 .concat [ 4 4 4 4], LS_0000019906bacc60_0_16, LS_0000019906bacc60_0_20, LS_0000019906bacc60_0_24, LS_0000019906bacc60_0_28;
L_0000019906bacc60 .concat [ 16 16 0 0], LS_0000019906bacc60_1_0, LS_0000019906bacc60_1_4;
L_0000019906badd40 .concat [ 32 32 0 0], v0000019906ab4c10_0, L_0000019906bacc60;
L_0000019906badb60 .part L_0000019906badd40, 0, 63;
L_0000019906baec40 .concat [ 1 63 0 0], L_0000019906af6658, L_0000019906badb60;
L_0000019906badde0 .shift/l 64, v0000019906a66b50_0, L_0000019906af66a0;
S_0000019906a6c6d0 .scope generate, "booth_pp_gen[15]" "booth_pp_gen[15]" 7 27, 7 27 0, S_00000199066134f0;
 .timescale 0 0;
P_00000199069a4820 .param/l "i" 0 7 27, +C4<01111>;
v0000019906a657f0_0 .net "booth_bits", 2 0, L_0000019906bade80;  1 drivers
S_0000019906a6c090 .scope module, "bpp" "booth_partial_product" 7 31, 7 57 0, S_0000019906a6c6d0;
 .timescale 0 0;
    .port_info 0 /INPUT 32 "M";
    .port_info 1 /INPUT 3 "booth_bits";
    .port_info 2 /INPUT 6 "shift_amount";
    .port_info 3 /OUTPUT 64 "pp";
v0000019906a65070_0 .net/s "M", 31 0, v0000019906ab4c10_0;  alias, 1 drivers
v0000019906a66510_0 .net/s "M2", 63 0, L_0000019906baed80;  1 drivers
v0000019906a659d0_0 .net/s "M_ext", 63 0, L_0000019906bae1a0;  1 drivers
v0000019906a672d0_0 .net *"_ivl_1", 0 0, L_0000019906baee20;  1 drivers
L_0000019906af66e8 .functor BUFT 1, C4<0>, C4<0>, C4<0>, C4<0>;
v0000019906a65110_0 .net *"_ivl_10", 0 0, L_0000019906af66e8;  1 drivers
v0000019906a66970_0 .net *"_ivl_2", 31 0, L_0000019906badca0;  1 drivers
v0000019906a66830_0 .net *"_ivl_8", 62 0, L_0000019906bae240;  1 drivers
v0000019906a66650_0 .net "booth_bits", 2 0, L_0000019906bade80;  alias, 1 drivers
v0000019906a65c50_0 .net/s "pp", 63 0, L_0000019906bacd00;  alias, 1 drivers
v0000019906a660b0_0 .var/s "pp_unshifted", 63 0;
L_0000019906af6730 .functor BUFT 1, C4<011110>, C4<0>, C4<0>, C4<0>;
v0000019906a64e90_0 .net "shift_amount", 5 0, L_0000019906af6730;  1 drivers
E_00000199069a49e0 .event anyedge, v0000019906a66650_0, v0000019906a659d0_0, v0000019906a66510_0;
L_0000019906baee20 .part v0000019906ab4c10_0, 31, 1;
LS_0000019906badca0_0_0 .concat [ 1 1 1 1], L_0000019906baee20, L_0000019906baee20, L_0000019906baee20, L_0000019906baee20;
LS_0000019906badca0_0_4 .concat [ 1 1 1 1], L_0000019906baee20, L_0000019906baee20, L_0000019906baee20, L_0000019906baee20;
LS_0000019906badca0_0_8 .concat [ 1 1 1 1], L_0000019906baee20, L_0000019906baee20, L_0000019906baee20, L_0000019906baee20;
LS_0000019906badca0_0_12 .concat [ 1 1 1 1], L_0000019906baee20, L_0000019906baee20, L_0000019906baee20, L_0000019906baee20;
LS_0000019906badca0_0_16 .concat [ 1 1 1 1], L_0000019906baee20, L_0000019906baee20, L_0000019906baee20, L_0000019906baee20;
LS_0000019906badca0_0_20 .concat [ 1 1 1 1], L_0000019906baee20, L_0000019906baee20, L_0000019906baee20, L_0000019906baee20;
LS_0000019906badca0_0_24 .concat [ 1 1 1 1], L_0000019906baee20, L_0000019906baee20, L_0000019906baee20, L_0000019906baee20;
LS_0000019906badca0_0_28 .concat [ 1 1 1 1], L_0000019906baee20, L_0000019906baee20, L_0000019906baee20, L_0000019906baee20;
LS_0000019906badca0_1_0 .concat [ 4 4 4 4], LS_0000019906badca0_0_0, LS_0000019906badca0_0_4, LS_0000019906badca0_0_8, LS_0000019906badca0_0_12;
LS_0000019906badca0_1_4 .concat [ 4 4 4 4], LS_0000019906badca0_0_16, LS_0000019906badca0_0_20, LS_0000019906badca0_0_24, LS_0000019906badca0_0_28;
L_0000019906badca0 .concat [ 16 16 0 0], LS_0000019906badca0_1_0, LS_0000019906badca0_1_4;
L_0000019906bae1a0 .concat [ 32 32 0 0], v0000019906ab4c10_0, L_0000019906badca0;
L_0000019906bae240 .part L_0000019906bae1a0, 0, 63;
L_0000019906baed80 .concat [ 1 63 0 0], L_0000019906af66e8, L_0000019906bae240;
L_0000019906bacd00 .shift/l 64, v0000019906a660b0_0, L_0000019906af6730;
S_0000019906a6b0f0 .scope module, "bpp_last" "booth_partial_product" 7 44, 7 57 0, S_00000199066134f0;
 .timescale 0 0;
    .port_info 0 /INPUT 32 "M";
    .port_info 1 /INPUT 3 "booth_bits";
    .port_info 2 /INPUT 6 "shift_amount";
    .port_info 3 /OUTPUT 64 "pp";
v0000019906a65430_0 .net/s "M", 31 0, v0000019906ab4c10_0;  alias, 1 drivers
v0000019906a65e30_0 .net/s "M2", 63 0, L_0000019906badc00;  1 drivers
v0000019906a67370_0 .net/s "M_ext", 63 0, L_0000019906bae600;  1 drivers
v0000019906a67230_0 .net *"_ivl_1", 0 0, L_0000019906bae740;  1 drivers
L_0000019906af67c0 .functor BUFT 1, C4<0>, C4<0>, C4<0>, C4<0>;
v0000019906a64df0_0 .net *"_ivl_10", 0 0, L_0000019906af67c0;  1 drivers
v0000019906a674b0_0 .net *"_ivl_2", 31 0, L_0000019906bae420;  1 drivers
v0000019906a66470_0 .net *"_ivl_8", 62 0, L_0000019906bae7e0;  1 drivers
v0000019906a65750_0 .net "booth_bits", 2 0, L_0000019906bad020;  alias, 1 drivers
v0000019906a65890_0 .net/s "pp", 63 0, L_0000019906bae880;  alias, 1 drivers
v0000019906a64f30_0 .var/s "pp_unshifted", 63 0;
v0000019906a661f0_0 .net "shift_amount", 5 0, L_0000019906bae920;  1 drivers
E_00000199069a4560 .event anyedge, v0000019906a65750_0, v0000019906a67370_0, v0000019906a65e30_0;
L_0000019906bae740 .part v0000019906ab4c10_0, 31, 1;
LS_0000019906bae420_0_0 .concat [ 1 1 1 1], L_0000019906bae740, L_0000019906bae740, L_0000019906bae740, L_0000019906bae740;
LS_0000019906bae420_0_4 .concat [ 1 1 1 1], L_0000019906bae740, L_0000019906bae740, L_0000019906bae740, L_0000019906bae740;
LS_0000019906bae420_0_8 .concat [ 1 1 1 1], L_0000019906bae740, L_0000019906bae740, L_0000019906bae740, L_0000019906bae740;
LS_0000019906bae420_0_12 .concat [ 1 1 1 1], L_0000019906bae740, L_0000019906bae740, L_0000019906bae740, L_0000019906bae740;
LS_0000019906bae420_0_16 .concat [ 1 1 1 1], L_0000019906bae740, L_0000019906bae740, L_0000019906bae740, L_0000019906bae740;
LS_0000019906bae420_0_20 .concat [ 1 1 1 1], L_0000019906bae740, L_0000019906bae740, L_0000019906bae740, L_0000019906bae740;
LS_0000019906bae420_0_24 .concat [ 1 1 1 1], L_0000019906bae740, L_0000019906bae740, L_0000019906bae740, L_0000019906bae740;
LS_0000019906bae420_0_28 .concat [ 1 1 1 1], L_0000019906bae740, L_0000019906bae740, L_0000019906bae740, L_0000019906bae740;
LS_0000019906bae420_1_0 .concat [ 4 4 4 4], LS_0000019906bae420_0_0, LS_0000019906bae420_0_4, LS_0000019906bae420_0_8, LS_0000019906bae420_0_12;
LS_0000019906bae420_1_4 .concat [ 4 4 4 4], LS_0000019906bae420_0_16, LS_0000019906bae420_0_20, LS_0000019906bae420_0_24, LS_0000019906bae420_0_28;
L_0000019906bae420 .concat [ 16 16 0 0], LS_0000019906bae420_1_0, LS_0000019906bae420_1_4;
L_0000019906bae600 .concat [ 32 32 0 0], v0000019906ab4c10_0, L_0000019906bae420;
L_0000019906bae7e0 .part L_0000019906bae600, 0, 63;
L_0000019906badc00 .concat [ 1 63 0 0], L_0000019906af67c0, L_0000019906bae7e0;
L_0000019906bae880 .shift/l 64, v0000019906a64f30_0, L_0000019906bae920;
S_0000019906a6c540 .scope module, "div_unit" "divider" 6 75, 8 4 0, S_0000019906a06a50;
 .timescale 0 0;
    .port_info 0 /INPUT 32 "Dividend";
    .port_info 1 /INPUT 32 "Divisor";
    .port_info 2 /OUTPUT 32 "Quotient";
    .port_info 3 /OUTPUT 32 "Remainder";
L_0000019906b74f50 .functor XOR 1, L_0000019906bafaa0, L_0000019906bb0a40, C4<0>, C4<0>;
L_0000019906b74bd0 .functor BUFZ 1, L_0000019906bafaa0, C4<0>, C4<0>, C4<0>;
L_0000019906b73eb0 .functor NOT 32, v0000019906ab4c10_0, C4<00000000000000000000000000000000>, C4<00000000000000000000000000000000>, C4<00000000000000000000000000000000>;
L_0000019906b740e0 .functor NOT 32, v0000019906aa0840_0, C4<00000000000000000000000000000000>, C4<00000000000000000000000000000000>, C4<00000000000000000000000000000000>;
L_0000019906b74310 .functor NOT 32, v0000019906a66d30_0, C4<00000000000000000000000000000000>, C4<00000000000000000000000000000000>, C4<00000000000000000000000000000000>;
L_0000019906b737b0 .functor NOT 32, v0000019906a65bb0_0, C4<00000000000000000000000000000000>, C4<00000000000000000000000000000000>, C4<00000000000000000000000000000000>;
v0000019906a66dd0_0 .net/s "Dividend", 31 0, v0000019906ab4c10_0;  alias, 1 drivers
v0000019906a66e70_0 .net/s "Divisor", 31 0, v0000019906aa0840_0;  alias, 1 drivers
v0000019906a679b0_0 .net/s "Quotient", 31 0, L_0000019906baf460;  alias, 1 drivers
v0000019906a683b0_0 .net/s "Remainder", 31 0, L_0000019906bb11c0;  alias, 1 drivers
L_0000019906af6850 .functor BUFT 1, C4<00000000000000000000000000000001>, C4<0>, C4<0>, C4<0>;
v0000019906a67cd0_0 .net/2s *"_ivl_10", 31 0, L_0000019906af6850;  1 drivers
v0000019906a67d70_0 .net/s *"_ivl_12", 31 0, L_0000019906bb1440;  1 drivers
v0000019906a68c70_0 .net *"_ivl_16", 31 0, L_0000019906b740e0;  1 drivers
L_0000019906af6898 .functor BUFT 1, C4<00000000000000000000000000000001>, C4<0>, C4<0>, C4<0>;
v0000019906a68450_0 .net/2s *"_ivl_18", 31 0, L_0000019906af6898;  1 drivers
v0000019906a67a50_0 .net/s *"_ivl_20", 31 0, L_0000019906bb0040;  1 drivers
v0000019906a69850_0 .net *"_ivl_24", 31 0, L_0000019906b74310;  1 drivers
L_0000019906af68e0 .functor BUFT 1, C4<00000000000000000000000000000001>, C4<0>, C4<0>, C4<0>;
v0000019906a69710_0 .net/2u *"_ivl_26", 31 0, L_0000019906af68e0;  1 drivers
v0000019906a67730_0 .net *"_ivl_28", 31 0, L_0000019906bb1580;  1 drivers
v0000019906a68b30_0 .net *"_ivl_32", 31 0, L_0000019906b737b0;  1 drivers
L_0000019906af6928 .functor BUFT 1, C4<00000000000000000000000000000001>, C4<0>, C4<0>, C4<0>;
v0000019906a67870_0 .net/2u *"_ivl_34", 31 0, L_0000019906af6928;  1 drivers
v0000019906a68310_0 .net *"_ivl_36", 31 0, L_0000019906bb14e0;  1 drivers
v0000019906a67af0_0 .net *"_ivl_8", 31 0, L_0000019906b73eb0;  1 drivers
v0000019906a681d0_0 .net "dividend_abs", 31 0, L_0000019906bb05e0;  1 drivers
v0000019906a67690_0 .net "dividend_sign", 0 0, L_0000019906bafaa0;  1 drivers
v0000019906a698f0_0 .net "divisor_abs", 31 0, L_0000019906bb16c0;  1 drivers
v0000019906a68270_0 .net "divisor_sign", 0 0, L_0000019906bb0a40;  1 drivers
v0000019906a68bd0_0 .net "quotient_abs", 31 0, v0000019906a66d30_0;  1 drivers
v0000019906a67910_0 .net "quotient_sign", 0 0, L_0000019906b74f50;  1 drivers
v0000019906a68590_0 .net "remainder_abs", 31 0, v0000019906a65bb0_0;  1 drivers
v0000019906a69350_0 .net "remainder_sign", 0 0, L_0000019906b74bd0;  1 drivers
L_0000019906bafaa0 .part v0000019906ab4c10_0, 31, 1;
L_0000019906bb0a40 .part v0000019906aa0840_0, 31, 1;
L_0000019906bb1440 .arith/sum 32, L_0000019906b73eb0, L_0000019906af6850;
L_0000019906bb05e0 .functor MUXZ 32, v0000019906ab4c10_0, L_0000019906bb1440, L_0000019906bafaa0, C4<>;
L_0000019906bb0040 .arith/sum 32, L_0000019906b740e0, L_0000019906af6898;
L_0000019906bb16c0 .functor MUXZ 32, v0000019906aa0840_0, L_0000019906bb0040, L_0000019906bb0a40, C4<>;
L_0000019906bb1580 .arith/sum 32, L_0000019906b74310, L_0000019906af68e0;
L_0000019906baf460 .functor MUXZ 32, v0000019906a66d30_0, L_0000019906bb1580, L_0000019906b74f50, C4<>;
L_0000019906bb14e0 .arith/sum 32, L_0000019906b737b0, L_0000019906af6928;
L_0000019906bb11c0 .functor MUXZ 32, v0000019906a65bb0_0, L_0000019906bb14e0, L_0000019906b74bd0, C4<>;
S_0000019906a6b280 .scope module, "div_core" "non_restoring_divider_unsigned" 8 22, 8 34 0, S_0000019906a6c540;
 .timescale 0 0;
    .port_info 0 /INPUT 32 "Dividend";
    .port_info 1 /INPUT 32 "Divisor";
    .port_info 2 /OUTPUT 32 "Quotient";
    .port_info 3 /OUTPUT 32 "Remainder";
v0000019906a656b0_0 .var "AQ", 63 0;
v0000019906a66fb0_0 .net "Dividend", 31 0, L_0000019906bb05e0;  alias, 1 drivers
v0000019906a663d0_0 .net "Divisor", 31 0, L_0000019906bb16c0;  alias, 1 drivers
v0000019906a670f0_0 .var "M", 31 0;
v0000019906a67190_0 .net "Quotient", 31 0, v0000019906a66d30_0;  alias, 1 drivers
v0000019906a65bb0_0 .var "Remainder", 31 0;
v0000019906a66ab0_0 .var/i "i", 31 0;
v0000019906a66d30_0 .var "quotient_reg", 31 0;
E_00000199069a45e0 .event anyedge, v0000019906a663d0_0, v0000019906a66fb0_0, v0000019906a656b0_0, v0000019906a670f0_0;
S_0000019906a6b410 .scope module, "rca_add" "ripple_carry_adder" 6 40, 9 3 0, S_0000019906a06a50;
 .timescale 0 0;
    .port_info 0 /INPUT 32 "A";
    .port_info 1 /INPUT 32 "B";
    .port_info 2 /INPUT 1 "Cin";
    .port_info 3 /OUTPUT 32 "Sum";
    .port_info 4 /OUTPUT 1 "Cout";
    .port_info 5 /OUTPUT 1 "Overflow";
L_0000019906af5d58 .functor BUFT 1, C4<0>, C4<0>, C4<0>, C4<0>;
L_0000019906b6b370 .functor BUFZ 1, L_0000019906af5d58, C4<0>, C4<0>, C4<0>;
L_0000019906b6a6c0 .functor XOR 1, L_0000019906ae22f0, L_0000019906ae2390, C4<0>, C4<0>;
v0000019906a7a140_0 .net "A", 31 0, v0000019906ab4c10_0;  alias, 1 drivers
v0000019906a79420_0 .net "B", 31 0, v0000019906aa0840_0;  alias, 1 drivers
v0000019906a780c0_0 .net "Cin", 0 0, L_0000019906af5d58;  1 drivers
v0000019906a78520_0 .net "Cout", 0 0, L_0000019906ae2070;  alias, 1 drivers
v0000019906a78ac0_0 .net "Overflow", 0 0, L_0000019906b6a6c0;  alias, 1 drivers
v0000019906a7a460_0 .net "Sum", 31 0, L_0000019906ae21b0;  alias, 1 drivers
v0000019906a79740_0 .net *"_ivl_229", 0 0, L_0000019906b6b370;  1 drivers
v0000019906a78700_0 .net *"_ivl_233", 0 0, L_0000019906ae22f0;  1 drivers
v0000019906a797e0_0 .net *"_ivl_235", 0 0, L_0000019906ae2390;  1 drivers
v0000019906a7a280_0 .net "carry", 32 0, L_0000019906ae1850;  1 drivers
L_0000019906adc170 .part v0000019906ab4c10_0, 0, 1;
L_0000019906adde30 .part v0000019906aa0840_0, 0, 1;
L_0000019906adc2b0 .part L_0000019906ae1850, 0, 1;
L_0000019906addbb0 .part v0000019906ab4c10_0, 1, 1;
L_0000019906adc350 .part v0000019906aa0840_0, 1, 1;
L_0000019906add6b0 .part L_0000019906ae1850, 1, 1;
L_0000019906add750 .part v0000019906ab4c10_0, 2, 1;
L_0000019906add1b0 .part v0000019906aa0840_0, 2, 1;
L_0000019906add250 .part L_0000019906ae1850, 2, 1;
L_0000019906adc530 .part v0000019906ab4c10_0, 3, 1;
L_0000019906adce90 .part v0000019906aa0840_0, 3, 1;
L_0000019906adcf30 .part L_0000019906ae1850, 3, 1;
L_0000019906addc50 .part v0000019906ab4c10_0, 4, 1;
L_0000019906adcfd0 .part v0000019906aa0840_0, 4, 1;
L_0000019906addcf0 .part L_0000019906ae1850, 4, 1;
L_0000019906add2f0 .part v0000019906ab4c10_0, 5, 1;
L_0000019906added0 .part v0000019906aa0840_0, 5, 1;
L_0000019906ade790 .part L_0000019906ae1850, 5, 1;
L_0000019906ade830 .part v0000019906ab4c10_0, 6, 1;
L_0000019906ae04f0 .part v0000019906aa0840_0, 6, 1;
L_0000019906adebf0 .part L_0000019906ae1850, 6, 1;
L_0000019906adfa50 .part v0000019906ab4c10_0, 7, 1;
L_0000019906ae06d0 .part v0000019906aa0840_0, 7, 1;
L_0000019906ae01d0 .part L_0000019906ae1850, 7, 1;
L_0000019906adf9b0 .part v0000019906ab4c10_0, 8, 1;
L_0000019906adfff0 .part v0000019906aa0840_0, 8, 1;
L_0000019906ae0810 .part L_0000019906ae1850, 8, 1;
L_0000019906ae0590 .part v0000019906ab4c10_0, 9, 1;
L_0000019906ae0270 .part v0000019906aa0840_0, 9, 1;
L_0000019906adeab0 .part L_0000019906ae1850, 9, 1;
L_0000019906ae0630 .part v0000019906ab4c10_0, 10, 1;
L_0000019906ade8d0 .part v0000019906aa0840_0, 10, 1;
L_0000019906ae0770 .part L_0000019906ae1850, 10, 1;
L_0000019906ae08b0 .part v0000019906ab4c10_0, 11, 1;
L_0000019906adec90 .part v0000019906aa0840_0, 11, 1;
L_0000019906ade150 .part L_0000019906ae1850, 11, 1;
L_0000019906adf410 .part v0000019906ab4c10_0, 12, 1;
L_0000019906adf870 .part v0000019906aa0840_0, 12, 1;
L_0000019906adfaf0 .part L_0000019906ae1850, 12, 1;
L_0000019906ade470 .part v0000019906ab4c10_0, 13, 1;
L_0000019906ade290 .part v0000019906aa0840_0, 13, 1;
L_0000019906adfcd0 .part L_0000019906ae1850, 13, 1;
L_0000019906adefb0 .part v0000019906ab4c10_0, 14, 1;
L_0000019906ade970 .part v0000019906aa0840_0, 14, 1;
L_0000019906ade1f0 .part L_0000019906ae1850, 14, 1;
L_0000019906adfc30 .part v0000019906ab4c10_0, 15, 1;
L_0000019906ade330 .part v0000019906aa0840_0, 15, 1;
L_0000019906adf2d0 .part L_0000019906ae1850, 15, 1;
L_0000019906adf050 .part v0000019906ab4c10_0, 16, 1;
L_0000019906ae0310 .part v0000019906aa0840_0, 16, 1;
L_0000019906ade3d0 .part L_0000019906ae1850, 16, 1;
L_0000019906ae0130 .part v0000019906ab4c10_0, 17, 1;
L_0000019906adfb90 .part v0000019906aa0840_0, 17, 1;
L_0000019906ae0090 .part L_0000019906ae1850, 17, 1;
L_0000019906ade510 .part v0000019906ab4c10_0, 18, 1;
L_0000019906adf690 .part v0000019906aa0840_0, 18, 1;
L_0000019906ade5b0 .part L_0000019906ae1850, 18, 1;
L_0000019906adfd70 .part v0000019906ab4c10_0, 19, 1;
L_0000019906adfe10 .part v0000019906aa0840_0, 19, 1;
L_0000019906adf230 .part L_0000019906ae1850, 19, 1;
L_0000019906adfeb0 .part v0000019906ab4c10_0, 20, 1;
L_0000019906ade650 .part v0000019906aa0840_0, 20, 1;
L_0000019906ae03b0 .part L_0000019906ae1850, 20, 1;
L_0000019906ade6f0 .part v0000019906ab4c10_0, 21, 1;
L_0000019906adea10 .part v0000019906aa0840_0, 21, 1;
L_0000019906adedd0 .part L_0000019906ae1850, 21, 1;
L_0000019906adf370 .part v0000019906ab4c10_0, 22, 1;
L_0000019906aded30 .part v0000019906aa0840_0, 22, 1;
L_0000019906ae0450 .part L_0000019906ae1850, 22, 1;
L_0000019906adeb50 .part v0000019906ab4c10_0, 23, 1;
L_0000019906adee70 .part v0000019906aa0840_0, 23, 1;
L_0000019906adef10 .part L_0000019906ae1850, 23, 1;
L_0000019906adff50 .part v0000019906ab4c10_0, 24, 1;
L_0000019906adf0f0 .part v0000019906aa0840_0, 24, 1;
L_0000019906adf190 .part L_0000019906ae1850, 24, 1;
L_0000019906adf730 .part v0000019906ab4c10_0, 25, 1;
L_0000019906adf4b0 .part v0000019906aa0840_0, 25, 1;
L_0000019906adf550 .part L_0000019906ae1850, 25, 1;
L_0000019906adf5f0 .part v0000019906ab4c10_0, 26, 1;
L_0000019906adf7d0 .part v0000019906aa0840_0, 26, 1;
L_0000019906adf910 .part L_0000019906ae1850, 26, 1;
L_0000019906ae0950 .part v0000019906ab4c10_0, 27, 1;
L_0000019906ae2250 .part v0000019906aa0840_0, 27, 1;
L_0000019906ae1670 .part L_0000019906ae1850, 27, 1;
L_0000019906ae1710 .part v0000019906ab4c10_0, 28, 1;
L_0000019906ae10d0 .part v0000019906aa0840_0, 28, 1;
L_0000019906ae2a70 .part L_0000019906ae1850, 28, 1;
L_0000019906ae3010 .part v0000019906ab4c10_0, 29, 1;
L_0000019906ae0d10 .part v0000019906aa0840_0, 29, 1;
L_0000019906ae0f90 .part L_0000019906ae1850, 29, 1;
L_0000019906ae1170 .part v0000019906ab4c10_0, 30, 1;
L_0000019906ae2c50 .part v0000019906aa0840_0, 30, 1;
L_0000019906ae30b0 .part L_0000019906ae1850, 30, 1;
L_0000019906ae15d0 .part v0000019906ab4c10_0, 31, 1;
L_0000019906ae1490 .part v0000019906aa0840_0, 31, 1;
L_0000019906ae13f0 .part L_0000019906ae1850, 31, 1;
LS_0000019906ae21b0_0_0 .concat8 [ 1 1 1 1], L_00000199069ddc90, L_00000199069dda60, L_00000199069dd280, L_00000199069de010;
LS_0000019906ae21b0_0_4 .concat8 [ 1 1 1 1], L_00000199069de390, L_00000199069de4e0, L_00000199069dec50, L_00000199069de860;
LS_0000019906ae21b0_0_8 .concat8 [ 1 1 1 1], L_00000199069de2b0, L_00000199069de400, L_00000199067c2e20, L_00000199067c36e0;
LS_0000019906ae21b0_0_12 .concat8 [ 1 1 1 1], L_00000199067c3d70, L_0000019906829c80, L_0000019906661ec0, L_0000019906b68ba0;
LS_0000019906ae21b0_0_16 .concat8 [ 1 1 1 1], L_0000019906b68740, L_0000019906b69930, L_0000019906b683c0, L_0000019906b69690;
LS_0000019906ae21b0_0_20 .concat8 [ 1 1 1 1], L_0000019906b69770, L_0000019906b67e10, L_0000019906b68f20, L_0000019906b68660;
LS_0000019906ae21b0_0_24 .concat8 [ 1 1 1 1], L_0000019906b68eb0, L_0000019906b6b220, L_0000019906b69d20, L_0000019906b6a3b0;
LS_0000019906ae21b0_0_28 .concat8 [ 1 1 1 1], L_0000019906b6a500, L_0000019906b6a7a0, L_0000019906b69a10, L_0000019906b6a110;
LS_0000019906ae21b0_1_0 .concat8 [ 4 4 4 4], LS_0000019906ae21b0_0_0, LS_0000019906ae21b0_0_4, LS_0000019906ae21b0_0_8, LS_0000019906ae21b0_0_12;
LS_0000019906ae21b0_1_4 .concat8 [ 4 4 4 4], LS_0000019906ae21b0_0_16, LS_0000019906ae21b0_0_20, LS_0000019906ae21b0_0_24, LS_0000019906ae21b0_0_28;
L_0000019906ae21b0 .concat8 [ 16 16 0 0], LS_0000019906ae21b0_1_0, LS_0000019906ae21b0_1_4;
LS_0000019906ae1850_0_0 .concat8 [ 1 1 1 1], L_0000019906b6b370, L_00000199069dcc60, L_00000199069dc790, L_00000199069dd3d0;
LS_0000019906ae1850_0_4 .concat8 [ 1 1 1 1], L_00000199069dd830, L_00000199069dee10, L_00000199069de630, L_00000199069de160;
LS_0000019906ae1850_0_8 .concat8 [ 1 1 1 1], L_00000199069deb00, L_00000199069de1d0, L_00000199069dde50, L_00000199067c3b40;
LS_0000019906ae1850_0_12 .concat8 [ 1 1 1 1], L_00000199067c3c20, L_0000019906829970, L_0000019906809cc0, L_0000019906b693f0;
LS_0000019906ae1850_0_16 .concat8 [ 1 1 1 1], L_0000019906b68cf0, L_0000019906b69070, L_0000019906b686d0, L_0000019906b67e80;
LS_0000019906ae1850_0_20 .concat8 [ 1 1 1 1], L_0000019906b67da0, L_0000019906b68510, L_0000019906b67fd0, L_0000019906b680b0;
LS_0000019906ae1850_0_24 .concat8 [ 1 1 1 1], L_0000019906b68e40, L_0000019906b692a0, L_0000019906b6a9d0, L_0000019906b69af0;
LS_0000019906ae1850_0_28 .concat8 [ 1 1 1 1], L_0000019906b6a1f0, L_0000019906b6b140, L_0000019906b6b060, L_0000019906b6b0d0;
LS_0000019906ae1850_0_32 .concat8 [ 1 0 0 0], L_0000019906b6a650;
LS_0000019906ae1850_1_0 .concat8 [ 4 4 4 4], LS_0000019906ae1850_0_0, LS_0000019906ae1850_0_4, LS_0000019906ae1850_0_8, LS_0000019906ae1850_0_12;
LS_0000019906ae1850_1_4 .concat8 [ 4 4 4 4], LS_0000019906ae1850_0_16, LS_0000019906ae1850_0_20, LS_0000019906ae1850_0_24, LS_0000019906ae1850_0_28;
LS_0000019906ae1850_1_8 .concat8 [ 1 0 0 0], LS_0000019906ae1850_0_32;
L_0000019906ae1850 .concat8 [ 16 16 1 0], LS_0000019906ae1850_1_0, LS_0000019906ae1850_1_4, LS_0000019906ae1850_1_8;
L_0000019906ae2070 .part L_0000019906ae1850, 32, 1;
L_0000019906ae22f0 .part L_0000019906ae1850, 31, 1;
L_0000019906ae2390 .part L_0000019906ae1850, 32, 1;
S_0000019906a6bf00 .scope generate, "fa_gen[0]" "fa_gen[0]" 9 17, 9 17 0, S_0000019906a6b410;
 .timescale 0 0;
P_00000199069a44a0 .param/l "i" 0 9 17, +C4<00>;
S_0000019906a6add0 .scope module, "fa" "full_adder" 9 18, 9 33 0, S_0000019906a6bf00;
 .timescale 0 0;
    .port_info 0 /INPUT 1 "a";
    .port_info 1 /INPUT 1 "b";
    .port_info 2 /INPUT 1 "cin";
    .port_info 3 /OUTPUT 1 "sum";
    .port_info 4 /OUTPUT 1 "cout";
L_00000199069dd1a0 .functor XOR 1, L_0000019906adc170, L_0000019906adde30, C4<0>, C4<0>;
L_00000199069ddc90 .functor XOR 1, L_00000199069dd1a0, L_0000019906adc2b0, C4<0>, C4<0>;
L_00000199069dc6b0 .functor AND 1, L_0000019906adc170, L_0000019906adde30, C4<1>, C4<1>;
L_00000199069dc640 .functor XOR 1, L_0000019906adc170, L_0000019906adde30, C4<0>, C4<0>;
L_00000199069dca30 .functor AND 1, L_0000019906adc2b0, L_00000199069dc640, C4<1>, C4<1>;
L_00000199069dcc60 .functor OR 1, L_00000199069dc6b0, L_00000199069dca30, C4<0>, C4<0>;
v0000019906a68e50_0 .net *"_ivl_0", 0 0, L_00000199069dd1a0;  1 drivers
v0000019906a684f0_0 .net *"_ivl_4", 0 0, L_00000199069dc6b0;  1 drivers
v0000019906a68ef0_0 .net *"_ivl_6", 0 0, L_00000199069dc640;  1 drivers
v0000019906a68630_0 .net *"_ivl_8", 0 0, L_00000199069dca30;  1 drivers
v0000019906a688b0_0 .net "a", 0 0, L_0000019906adc170;  1 drivers
v0000019906a677d0_0 .net "b", 0 0, L_0000019906adde30;  1 drivers
v0000019906a69030_0 .net "cin", 0 0, L_0000019906adc2b0;  1 drivers
v0000019906a68f90_0 .net "cout", 0 0, L_00000199069dcc60;  1 drivers
v0000019906a68db0_0 .net "sum", 0 0, L_00000199069ddc90;  1 drivers
S_0000019906a6c860 .scope generate, "fa_gen[1]" "fa_gen[1]" 9 17, 9 17 0, S_0000019906a6b410;
 .timescale 0 0;
P_00000199069a46e0 .param/l "i" 0 9 17, +C4<01>;
S_0000019906a6b5a0 .scope module, "fa" "full_adder" 9 18, 9 33 0, S_0000019906a6c860;
 .timescale 0 0;
    .port_info 0 /INPUT 1 "a";
    .port_info 1 /INPUT 1 "b";
    .port_info 2 /INPUT 1 "cin";
    .port_info 3 /OUTPUT 1 "sum";
    .port_info 4 /OUTPUT 1 "cout";
L_00000199069ddd70 .functor XOR 1, L_0000019906addbb0, L_0000019906adc350, C4<0>, C4<0>;
L_00000199069dda60 .functor XOR 1, L_00000199069ddd70, L_0000019906add6b0, C4<0>, C4<0>;
L_00000199069dcb10 .functor AND 1, L_0000019906addbb0, L_0000019906adc350, C4<1>, C4<1>;
L_00000199069dd210 .functor XOR 1, L_0000019906addbb0, L_0000019906adc350, C4<0>, C4<0>;
L_00000199069ddad0 .functor AND 1, L_0000019906add6b0, L_00000199069dd210, C4<1>, C4<1>;
L_00000199069dc790 .functor OR 1, L_00000199069dcb10, L_00000199069ddad0, C4<0>, C4<0>;
v0000019906a68950_0 .net *"_ivl_0", 0 0, L_00000199069ddd70;  1 drivers
v0000019906a697b0_0 .net *"_ivl_4", 0 0, L_00000199069dcb10;  1 drivers
v0000019906a68810_0 .net *"_ivl_6", 0 0, L_00000199069dd210;  1 drivers
v0000019906a68a90_0 .net *"_ivl_8", 0 0, L_00000199069ddad0;  1 drivers
v0000019906a67e10_0 .net "a", 0 0, L_0000019906addbb0;  1 drivers
v0000019906a690d0_0 .net "b", 0 0, L_0000019906adc350;  1 drivers
v0000019906a69490_0 .net "cin", 0 0, L_0000019906add6b0;  1 drivers
v0000019906a69cb0_0 .net "cout", 0 0, L_00000199069dc790;  1 drivers
v0000019906a67b90_0 .net "sum", 0 0, L_00000199069dda60;  1 drivers
S_0000019906a6e550 .scope generate, "fa_gen[2]" "fa_gen[2]" 9 17, 9 17 0, S_0000019906a6b410;
 .timescale 0 0;
P_00000199069a43e0 .param/l "i" 0 9 17, +C4<010>;
S_0000019906a6dd80 .scope module, "fa" "full_adder" 9 18, 9 33 0, S_0000019906a6e550;
 .timescale 0 0;
    .port_info 0 /INPUT 1 "a";
    .port_info 1 /INPUT 1 "b";
    .port_info 2 /INPUT 1 "cin";
    .port_info 3 /OUTPUT 1 "sum";
    .port_info 4 /OUTPUT 1 "cout";
L_00000199069dc800 .functor XOR 1, L_0000019906add750, L_0000019906add1b0, C4<0>, C4<0>;
L_00000199069dd280 .functor XOR 1, L_00000199069dc800, L_0000019906add250, C4<0>, C4<0>;
L_00000199069ddb40 .functor AND 1, L_0000019906add750, L_0000019906add1b0, C4<1>, C4<1>;
L_00000199069dd2f0 .functor XOR 1, L_0000019906add750, L_0000019906add1b0, C4<0>, C4<0>;
L_00000199069dd360 .functor AND 1, L_0000019906add250, L_00000199069dd2f0, C4<1>, C4<1>;
L_00000199069dd3d0 .functor OR 1, L_00000199069ddb40, L_00000199069dd360, C4<0>, C4<0>;
v0000019906a69170_0 .net *"_ivl_0", 0 0, L_00000199069dc800;  1 drivers
v0000019906a68d10_0 .net *"_ivl_4", 0 0, L_00000199069ddb40;  1 drivers
v0000019906a686d0_0 .net *"_ivl_6", 0 0, L_00000199069dd2f0;  1 drivers
v0000019906a69990_0 .net *"_ivl_8", 0 0, L_00000199069dd360;  1 drivers
v0000019906a67c30_0 .net "a", 0 0, L_0000019906add750;  1 drivers
v0000019906a69210_0 .net "b", 0 0, L_0000019906add1b0;  1 drivers
v0000019906a69a30_0 .net "cin", 0 0, L_0000019906add250;  1 drivers
v0000019906a69d50_0 .net "cout", 0 0, L_00000199069dd3d0;  1 drivers
v0000019906a68770_0 .net "sum", 0 0, L_00000199069dd280;  1 drivers
S_0000019906a6eb90 .scope generate, "fa_gen[3]" "fa_gen[3]" 9 17, 9 17 0, S_0000019906a6b410;
 .timescale 0 0;
P_00000199069a4ea0 .param/l "i" 0 9 17, +C4<011>;
S_0000019906a6d8d0 .scope module, "fa" "full_adder" 9 18, 9 33 0, S_0000019906a6eb90;
 .timescale 0 0;
    .port_info 0 /INPUT 1 "a";
    .port_info 1 /INPUT 1 "b";
    .port_info 2 /INPUT 1 "cin";
    .port_info 3 /OUTPUT 1 "sum";
    .port_info 4 /OUTPUT 1 "cout";
L_00000199069dd440 .functor XOR 1, L_0000019906adc530, L_0000019906adce90, C4<0>, C4<0>;
L_00000199069de010 .functor XOR 1, L_00000199069dd440, L_0000019906adcf30, C4<0>, C4<0>;
L_00000199069dd600 .functor AND 1, L_0000019906adc530, L_0000019906adce90, C4<1>, C4<1>;
L_00000199069dd670 .functor XOR 1, L_0000019906adc530, L_0000019906adce90, C4<0>, C4<0>;
L_00000199069ddde0 .functor AND 1, L_0000019906adcf30, L_00000199069dd670, C4<1>, C4<1>;
L_00000199069dd830 .functor OR 1, L_00000199069dd600, L_00000199069ddde0, C4<0>, C4<0>;
v0000019906a689f0_0 .net *"_ivl_0", 0 0, L_00000199069dd440;  1 drivers
v0000019906a69ad0_0 .net *"_ivl_4", 0 0, L_00000199069dd600;  1 drivers
v0000019906a69b70_0 .net *"_ivl_6", 0 0, L_00000199069dd670;  1 drivers
v0000019906a692b0_0 .net *"_ivl_8", 0 0, L_00000199069ddde0;  1 drivers
v0000019906a675f0_0 .net "a", 0 0, L_0000019906adc530;  1 drivers
v0000019906a693f0_0 .net "b", 0 0, L_0000019906adce90;  1 drivers
v0000019906a69530_0 .net "cin", 0 0, L_0000019906adcf30;  1 drivers
v0000019906a695d0_0 .net "cout", 0 0, L_00000199069dd830;  1 drivers
v0000019906a67ff0_0 .net "sum", 0 0, L_00000199069de010;  1 drivers
S_0000019906a6da60 .scope generate, "fa_gen[4]" "fa_gen[4]" 9 17, 9 17 0, S_0000019906a6b410;
 .timescale 0 0;
P_00000199069a4b20 .param/l "i" 0 9 17, +C4<0100>;
S_0000019906a6e230 .scope module, "fa" "full_adder" 9 18, 9 33 0, S_0000019906a6da60;
 .timescale 0 0;
    .port_info 0 /INPUT 1 "a";
    .port_info 1 /INPUT 1 "b";
    .port_info 2 /INPUT 1 "cin";
    .port_info 3 /OUTPUT 1 "sum";
    .port_info 4 /OUTPUT 1 "cout";
L_00000199069de470 .functor XOR 1, L_0000019906addc50, L_0000019906adcfd0, C4<0>, C4<0>;
L_00000199069de390 .functor XOR 1, L_00000199069de470, L_0000019906addcf0, C4<0>, C4<0>;
L_00000199069deda0 .functor AND 1, L_0000019906addc50, L_0000019906adcfd0, C4<1>, C4<1>;
L_00000199069debe0 .functor XOR 1, L_0000019906addc50, L_0000019906adcfd0, C4<0>, C4<0>;
L_00000199069de320 .functor AND 1, L_0000019906addcf0, L_00000199069debe0, C4<1>, C4<1>;
L_00000199069dee10 .functor OR 1, L_00000199069deda0, L_00000199069de320, C4<0>, C4<0>;
v0000019906a67eb0_0 .net *"_ivl_0", 0 0, L_00000199069de470;  1 drivers
v0000019906a69670_0 .net *"_ivl_4", 0 0, L_00000199069deda0;  1 drivers
v0000019906a69c10_0 .net *"_ivl_6", 0 0, L_00000199069debe0;  1 drivers
v0000019906a68130_0 .net *"_ivl_8", 0 0, L_00000199069de320;  1 drivers
v0000019906a67f50_0 .net "a", 0 0, L_0000019906addc50;  1 drivers
v0000019906a68090_0 .net "b", 0 0, L_0000019906adcfd0;  1 drivers
v0000019906a69df0_0 .net "cin", 0 0, L_0000019906addcf0;  1 drivers
v0000019906a6a2f0_0 .net "cout", 0 0, L_00000199069dee10;  1 drivers
v0000019906a6a070_0 .net "sum", 0 0, L_00000199069de390;  1 drivers
S_0000019906a6e870 .scope generate, "fa_gen[5]" "fa_gen[5]" 9 17, 9 17 0, S_0000019906a6b410;
 .timescale 0 0;
P_00000199069a4a60 .param/l "i" 0 9 17, +C4<0101>;
S_0000019906a6cde0 .scope module, "fa" "full_adder" 9 18, 9 33 0, S_0000019906a6e870;
 .timescale 0 0;
    .port_info 0 /INPUT 1 "a";
    .port_info 1 /INPUT 1 "b";
    .port_info 2 /INPUT 1 "cin";
    .port_info 3 /OUTPUT 1 "sum";
    .port_info 4 /OUTPUT 1 "cout";
L_00000199069ded30 .functor XOR 1, L_0000019906add2f0, L_0000019906added0, C4<0>, C4<0>;
L_00000199069de4e0 .functor XOR 1, L_00000199069ded30, L_0000019906ade790, C4<0>, C4<0>;
L_00000199069de550 .functor AND 1, L_0000019906add2f0, L_0000019906added0, C4<1>, C4<1>;
L_00000199069de940 .functor XOR 1, L_0000019906add2f0, L_0000019906added0, C4<0>, C4<0>;
L_00000199069dea20 .functor AND 1, L_0000019906ade790, L_00000199069de940, C4<1>, C4<1>;
L_00000199069de630 .functor OR 1, L_00000199069de550, L_00000199069dea20, C4<0>, C4<0>;
v0000019906a6a750_0 .net *"_ivl_0", 0 0, L_00000199069ded30;  1 drivers
v0000019906a69e90_0 .net *"_ivl_4", 0 0, L_00000199069de550;  1 drivers
v0000019906a6a610_0 .net *"_ivl_6", 0 0, L_00000199069de940;  1 drivers
v0000019906a6a930_0 .net *"_ivl_8", 0 0, L_00000199069dea20;  1 drivers
v0000019906a6a7f0_0 .net "a", 0 0, L_0000019906add2f0;  1 drivers
v0000019906a69fd0_0 .net "b", 0 0, L_0000019906added0;  1 drivers
v0000019906a6a390_0 .net "cin", 0 0, L_0000019906ade790;  1 drivers
v0000019906a69f30_0 .net "cout", 0 0, L_00000199069de630;  1 drivers
v0000019906a6a890_0 .net "sum", 0 0, L_00000199069de4e0;  1 drivers
S_0000019906a6e0a0 .scope generate, "fa_gen[6]" "fa_gen[6]" 9 17, 9 17 0, S_0000019906a6b410;
 .timescale 0 0;
P_00000199069a4320 .param/l "i" 0 9 17, +C4<0110>;
S_0000019906a6d420 .scope module, "fa" "full_adder" 9 18, 9 33 0, S_0000019906a6e0a0;
 .timescale 0 0;
    .port_info 0 /INPUT 1 "a";
    .port_info 1 /INPUT 1 "b";
    .port_info 2 /INPUT 1 "cin";
    .port_info 3 /OUTPUT 1 "sum";
    .port_info 4 /OUTPUT 1 "cout";
L_00000199069de080 .functor XOR 1, L_0000019906ade830, L_0000019906ae04f0, C4<0>, C4<0>;
L_00000199069dec50 .functor XOR 1, L_00000199069de080, L_0000019906adebf0, C4<0>, C4<0>;
L_00000199069de5c0 .functor AND 1, L_0000019906ade830, L_0000019906ae04f0, C4<1>, C4<1>;
L_00000199069de6a0 .functor XOR 1, L_0000019906ade830, L_0000019906ae04f0, C4<0>, C4<0>;
L_00000199069de710 .functor AND 1, L_0000019906adebf0, L_00000199069de6a0, C4<1>, C4<1>;
L_00000199069de160 .functor OR 1, L_00000199069de5c0, L_00000199069de710, C4<0>, C4<0>;
v0000019906a6a570_0 .net *"_ivl_0", 0 0, L_00000199069de080;  1 drivers
v0000019906a6a110_0 .net *"_ivl_4", 0 0, L_00000199069de5c0;  1 drivers
v0000019906a6a6b0_0 .net *"_ivl_6", 0 0, L_00000199069de6a0;  1 drivers
v0000019906a6a9d0_0 .net *"_ivl_8", 0 0, L_00000199069de710;  1 drivers
v0000019906a6aa70_0 .net "a", 0 0, L_0000019906ade830;  1 drivers
v0000019906a6a1b0_0 .net "b", 0 0, L_0000019906ae04f0;  1 drivers
v0000019906a6a250_0 .net "cin", 0 0, L_0000019906adebf0;  1 drivers
v0000019906a6a4d0_0 .net "cout", 0 0, L_00000199069de160;  1 drivers
v0000019906a6ab10_0 .net "sum", 0 0, L_00000199069dec50;  1 drivers
S_0000019906a6cf70 .scope generate, "fa_gen[7]" "fa_gen[7]" 9 17, 9 17 0, S_0000019906a6b410;
 .timescale 0 0;
P_00000199069a41e0 .param/l "i" 0 9 17, +C4<0111>;
S_0000019906a6d100 .scope module, "fa" "full_adder" 9 18, 9 33 0, S_0000019906a6cf70;
 .timescale 0 0;
    .port_info 0 /INPUT 1 "a";
    .port_info 1 /INPUT 1 "b";
    .port_info 2 /INPUT 1 "cin";
    .port_info 3 /OUTPUT 1 "sum";
    .port_info 4 /OUTPUT 1 "cout";
L_00000199069dee80 .functor XOR 1, L_0000019906adfa50, L_0000019906ae06d0, C4<0>, C4<0>;
L_00000199069de860 .functor XOR 1, L_00000199069dee80, L_0000019906ae01d0, C4<0>, C4<0>;
L_00000199069deef0 .functor AND 1, L_0000019906adfa50, L_0000019906ae06d0, C4<1>, C4<1>;
L_00000199069def60 .functor XOR 1, L_0000019906adfa50, L_0000019906ae06d0, C4<0>, C4<0>;
L_00000199069dea90 .functor AND 1, L_0000019906ae01d0, L_00000199069def60, C4<1>, C4<1>;
L_00000199069deb00 .functor OR 1, L_00000199069deef0, L_00000199069dea90, C4<0>, C4<0>;
v0000019906a6a430_0 .net *"_ivl_0", 0 0, L_00000199069dee80;  1 drivers
v0000019906a6abb0_0 .net *"_ivl_4", 0 0, L_00000199069deef0;  1 drivers
v0000019906a6ac50_0 .net *"_ivl_6", 0 0, L_00000199069def60;  1 drivers
v0000019906a5adf0_0 .net *"_ivl_8", 0 0, L_00000199069dea90;  1 drivers
v0000019906a5c1f0_0 .net "a", 0 0, L_0000019906adfa50;  1 drivers
v0000019906a5d550_0 .net "b", 0 0, L_0000019906ae06d0;  1 drivers
v0000019906a5b430_0 .net "cin", 0 0, L_0000019906ae01d0;  1 drivers
v0000019906a5b890_0 .net "cout", 0 0, L_00000199069deb00;  1 drivers
v0000019906a5be30_0 .net "sum", 0 0, L_00000199069de860;  1 drivers
S_0000019906a6df10 .scope generate, "fa_gen[8]" "fa_gen[8]" 9 17, 9 17 0, S_0000019906a6b410;
 .timescale 0 0;
P_00000199069a4620 .param/l "i" 0 9 17, +C4<01000>;
S_0000019906a6e3c0 .scope module, "fa" "full_adder" 9 18, 9 33 0, S_0000019906a6df10;
 .timescale 0 0;
    .port_info 0 /INPUT 1 "a";
    .port_info 1 /INPUT 1 "b";
    .port_info 2 /INPUT 1 "cin";
    .port_info 3 /OUTPUT 1 "sum";
    .port_info 4 /OUTPUT 1 "cout";
L_00000199069de240 .functor XOR 1, L_0000019906adf9b0, L_0000019906adfff0, C4<0>, C4<0>;
L_00000199069de2b0 .functor XOR 1, L_00000199069de240, L_0000019906ae0810, C4<0>, C4<0>;
L_00000199069de0f0 .functor AND 1, L_0000019906adf9b0, L_0000019906adfff0, C4<1>, C4<1>;
L_00000199069deb70 .functor XOR 1, L_0000019906adf9b0, L_0000019906adfff0, C4<0>, C4<0>;
L_00000199069de8d0 .functor AND 1, L_0000019906ae0810, L_00000199069deb70, C4<1>, C4<1>;
L_00000199069de1d0 .functor OR 1, L_00000199069de0f0, L_00000199069de8d0, C4<0>, C4<0>;
v0000019906a5bc50_0 .net *"_ivl_0", 0 0, L_00000199069de240;  1 drivers
v0000019906a5ae90_0 .net *"_ivl_4", 0 0, L_00000199069de0f0;  1 drivers
v0000019906a5b390_0 .net *"_ivl_6", 0 0, L_00000199069deb70;  1 drivers
v0000019906a5af30_0 .net *"_ivl_8", 0 0, L_00000199069de8d0;  1 drivers
v0000019906a5b4d0_0 .net "a", 0 0, L_0000019906adf9b0;  1 drivers
v0000019906a5c5b0_0 .net "b", 0 0, L_0000019906adfff0;  1 drivers
v0000019906a5c830_0 .net "cin", 0 0, L_0000019906ae0810;  1 drivers
v0000019906a5b7f0_0 .net "cout", 0 0, L_00000199069de1d0;  1 drivers
v0000019906a5afd0_0 .net "sum", 0 0, L_00000199069de2b0;  1 drivers
S_0000019906a6e6e0 .scope generate, "fa_gen[9]" "fa_gen[9]" 9 17, 9 17 0, S_0000019906a6b410;
 .timescale 0 0;
P_00000199069a4260 .param/l "i" 0 9 17, +C4<01001>;
S_0000019906a6d5b0 .scope module, "fa" "full_adder" 9 18, 9 33 0, S_0000019906a6e6e0;
 .timescale 0 0;
    .port_info 0 /INPUT 1 "a";
    .port_info 1 /INPUT 1 "b";
    .port_info 2 /INPUT 1 "cin";
    .port_info 3 /OUTPUT 1 "sum";
    .port_info 4 /OUTPUT 1 "cout";
L_00000199069de780 .functor XOR 1, L_0000019906ae0590, L_0000019906ae0270, C4<0>, C4<0>;
L_00000199069de400 .functor XOR 1, L_00000199069de780, L_0000019906adeab0, C4<0>, C4<0>;
L_00000199069de7f0 .functor AND 1, L_0000019906ae0590, L_0000019906ae0270, C4<1>, C4<1>;
L_00000199069de9b0 .functor XOR 1, L_0000019906ae0590, L_0000019906ae0270, C4<0>, C4<0>;
L_00000199069decc0 .functor AND 1, L_0000019906adeab0, L_00000199069de9b0, C4<1>, C4<1>;
L_00000199069dde50 .functor OR 1, L_00000199069de7f0, L_00000199069decc0, C4<0>, C4<0>;
v0000019906a5b2f0_0 .net *"_ivl_0", 0 0, L_00000199069de780;  1 drivers
v0000019906a5c330_0 .net *"_ivl_4", 0 0, L_00000199069de7f0;  1 drivers
v0000019906a5cc90_0 .net *"_ivl_6", 0 0, L_00000199069de9b0;  1 drivers
v0000019906a5cf10_0 .net *"_ivl_8", 0 0, L_00000199069decc0;  1 drivers
v0000019906a5bbb0_0 .net "a", 0 0, L_0000019906ae0590;  1 drivers
v0000019906a5bb10_0 .net "b", 0 0, L_0000019906ae0270;  1 drivers
v0000019906a5b930_0 .net "cin", 0 0, L_0000019906adeab0;  1 drivers
v0000019906a5bcf0_0 .net "cout", 0 0, L_00000199069dde50;  1 drivers
v0000019906a5c650_0 .net "sum", 0 0, L_00000199069de400;  1 drivers
S_0000019906a6ea00 .scope generate, "fa_gen[10]" "fa_gen[10]" 9 17, 9 17 0, S_0000019906a6b410;
 .timescale 0 0;
P_00000199069a4aa0 .param/l "i" 0 9 17, +C4<01010>;
S_0000019906a6d740 .scope module, "fa" "full_adder" 9 18, 9 33 0, S_0000019906a6ea00;
 .timescale 0 0;
    .port_info 0 /INPUT 1 "a";
    .port_info 1 /INPUT 1 "b";
    .port_info 2 /INPUT 1 "cin";
    .port_info 3 /OUTPUT 1 "sum";
    .port_info 4 /OUTPUT 1 "cout";
L_00000199067c3830 .functor XOR 1, L_0000019906ae0630, L_0000019906ade8d0, C4<0>, C4<0>;
L_00000199067c2e20 .functor XOR 1, L_00000199067c3830, L_0000019906ae0770, C4<0>, C4<0>;
L_00000199067c2aa0 .functor AND 1, L_0000019906ae0630, L_0000019906ade8d0, C4<1>, C4<1>;
L_00000199067c2790 .functor XOR 1, L_0000019906ae0630, L_0000019906ade8d0, C4<0>, C4<0>;
L_00000199067c2fe0 .functor AND 1, L_0000019906ae0770, L_00000199067c2790, C4<1>, C4<1>;
L_00000199067c3b40 .functor OR 1, L_00000199067c2aa0, L_00000199067c2fe0, C4<0>, C4<0>;
v0000019906a5d4b0_0 .net *"_ivl_0", 0 0, L_00000199067c3830;  1 drivers
v0000019906a5b570_0 .net *"_ivl_4", 0 0, L_00000199067c2aa0;  1 drivers
v0000019906a5cfb0_0 .net *"_ivl_6", 0 0, L_00000199067c2790;  1 drivers
v0000019906a5c0b0_0 .net *"_ivl_8", 0 0, L_00000199067c2fe0;  1 drivers
v0000019906a5bd90_0 .net "a", 0 0, L_0000019906ae0630;  1 drivers
v0000019906a5c8d0_0 .net "b", 0 0, L_0000019906ade8d0;  1 drivers
v0000019906a5c010_0 .net "cin", 0 0, L_0000019906ae0770;  1 drivers
v0000019906a5ba70_0 .net "cout", 0 0, L_00000199067c3b40;  1 drivers
v0000019906a5c290_0 .net "sum", 0 0, L_00000199067c2e20;  1 drivers
S_0000019906a6d290 .scope generate, "fa_gen[11]" "fa_gen[11]" 9 17, 9 17 0, S_0000019906a6b410;
 .timescale 0 0;
P_00000199069a4520 .param/l "i" 0 9 17, +C4<01011>;
S_0000019906a6dbf0 .scope module, "fa" "full_adder" 9 18, 9 33 0, S_0000019906a6d290;
 .timescale 0 0;
    .port_info 0 /INPUT 1 "a";
    .port_info 1 /INPUT 1 "b";
    .port_info 2 /INPUT 1 "cin";
    .port_info 3 /OUTPUT 1 "sum";
    .port_info 4 /OUTPUT 1 "cout";
L_00000199067c3600 .functor XOR 1, L_0000019906ae08b0, L_0000019906adec90, C4<0>, C4<0>;
L_00000199067c36e0 .functor XOR 1, L_00000199067c3600, L_0000019906ade150, C4<0>, C4<0>;
L_00000199067c37c0 .functor AND 1, L_0000019906ae08b0, L_0000019906adec90, C4<1>, C4<1>;
L_00000199067c3910 .functor XOR 1, L_0000019906ae08b0, L_0000019906adec90, C4<0>, C4<0>;
L_00000199067c3a60 .functor AND 1, L_0000019906ade150, L_00000199067c3910, C4<1>, C4<1>;
L_00000199067c3c20 .functor OR 1, L_00000199067c37c0, L_00000199067c3a60, C4<0>, C4<0>;
v0000019906a5ce70_0 .net *"_ivl_0", 0 0, L_00000199067c3600;  1 drivers
v0000019906a5bed0_0 .net *"_ivl_4", 0 0, L_00000199067c37c0;  1 drivers
v0000019906a5bf70_0 .net *"_ivl_6", 0 0, L_00000199067c3910;  1 drivers
v0000019906a5c6f0_0 .net *"_ivl_8", 0 0, L_00000199067c3a60;  1 drivers
v0000019906a5b070_0 .net "a", 0 0, L_0000019906ae08b0;  1 drivers
v0000019906a5c510_0 .net "b", 0 0, L_0000019906adec90;  1 drivers
v0000019906a5b610_0 .net "cin", 0 0, L_0000019906ade150;  1 drivers
v0000019906a5b9d0_0 .net "cout", 0 0, L_00000199067c3c20;  1 drivers
v0000019906a5c3d0_0 .net "sum", 0 0, L_00000199067c36e0;  1 drivers
S_0000019906a6f2a0 .scope generate, "fa_gen[12]" "fa_gen[12]" 9 17, 9 17 0, S_0000019906a6b410;
 .timescale 0 0;
P_00000199069a47e0 .param/l "i" 0 9 17, +C4<01100>;
S_0000019906a70880 .scope module, "fa" "full_adder" 9 18, 9 33 0, S_0000019906a6f2a0;
 .timescale 0 0;
    .port_info 0 /INPUT 1 "a";
    .port_info 1 /INPUT 1 "b";
    .port_info 2 /INPUT 1 "cin";
    .port_info 3 /OUTPUT 1 "sum";
    .port_info 4 /OUTPUT 1 "cout";
L_00000199067c3d00 .functor XOR 1, L_0000019906adf410, L_0000019906adf870, C4<0>, C4<0>;
L_00000199067c3d70 .functor XOR 1, L_00000199067c3d00, L_0000019906adfaf0, C4<0>, C4<0>;
L_00000199067c3de0 .functor AND 1, L_0000019906adf410, L_0000019906adf870, C4<1>, C4<1>;
L_0000019906829f90 .functor XOR 1, L_0000019906adf410, L_0000019906adf870, C4<0>, C4<0>;
L_0000019906829430 .functor AND 1, L_0000019906adfaf0, L_0000019906829f90, C4<1>, C4<1>;
L_0000019906829970 .functor OR 1, L_00000199067c3de0, L_0000019906829430, C4<0>, C4<0>;
v0000019906a5c150_0 .net *"_ivl_0", 0 0, L_00000199067c3d00;  1 drivers
v0000019906a5c970_0 .net *"_ivl_4", 0 0, L_00000199067c3de0;  1 drivers
v0000019906a5d2d0_0 .net *"_ivl_6", 0 0, L_0000019906829f90;  1 drivers
v0000019906a5d410_0 .net *"_ivl_8", 0 0, L_0000019906829430;  1 drivers
v0000019906a5b1b0_0 .net "a", 0 0, L_0000019906adf410;  1 drivers
v0000019906a5c470_0 .net "b", 0 0, L_0000019906adf870;  1 drivers
v0000019906a5c790_0 .net "cin", 0 0, L_0000019906adfaf0;  1 drivers
v0000019906a5ca10_0 .net "cout", 0 0, L_0000019906829970;  1 drivers
v0000019906a5cab0_0 .net "sum", 0 0, L_00000199067c3d70;  1 drivers
S_0000019906a700b0 .scope generate, "fa_gen[13]" "fa_gen[13]" 9 17, 9 17 0, S_0000019906a6b410;
 .timescale 0 0;
P_00000199069a4be0 .param/l "i" 0 9 17, +C4<01101>;
S_0000019906a6edf0 .scope module, "fa" "full_adder" 9 18, 9 33 0, S_0000019906a700b0;
 .timescale 0 0;
    .port_info 0 /INPUT 1 "a";
    .port_info 1 /INPUT 1 "b";
    .port_info 2 /INPUT 1 "cin";
    .port_info 3 /OUTPUT 1 "sum";
    .port_info 4 /OUTPUT 1 "cout";
L_0000019906829c10 .functor XOR 1, L_0000019906ade470, L_0000019906ade290, C4<0>, C4<0>;
L_0000019906829c80 .functor XOR 1, L_0000019906829c10, L_0000019906adfcd0, C4<0>, C4<0>;
L_000001990682a000 .functor AND 1, L_0000019906ade470, L_0000019906ade290, C4<1>, C4<1>;
L_0000019906809b00 .functor XOR 1, L_0000019906ade470, L_0000019906ade290, C4<0>, C4<0>;
L_0000019906809c50 .functor AND 1, L_0000019906adfcd0, L_0000019906809b00, C4<1>, C4<1>;
L_0000019906809cc0 .functor OR 1, L_000001990682a000, L_0000019906809c50, C4<0>, C4<0>;
v0000019906a5cb50_0 .net *"_ivl_0", 0 0, L_0000019906829c10;  1 drivers
v0000019906a5cbf0_0 .net *"_ivl_4", 0 0, L_000001990682a000;  1 drivers
v0000019906a5b110_0 .net *"_ivl_6", 0 0, L_0000019906809b00;  1 drivers
v0000019906a5cd30_0 .net *"_ivl_8", 0 0, L_0000019906809c50;  1 drivers
v0000019906a5d0f0_0 .net "a", 0 0, L_0000019906ade470;  1 drivers
v0000019906a5cdd0_0 .net "b", 0 0, L_0000019906ade290;  1 drivers
v0000019906a5d050_0 .net "cin", 0 0, L_0000019906adfcd0;  1 drivers
v0000019906a5b250_0 .net "cout", 0 0, L_0000019906809cc0;  1 drivers
v0000019906a5d190_0 .net "sum", 0 0, L_0000019906829c80;  1 drivers
S_0000019906a70240 .scope generate, "fa_gen[14]" "fa_gen[14]" 9 17, 9 17 0, S_0000019906a6b410;
 .timescale 0 0;
P_00000199069a42a0 .param/l "i" 0 9 17, +C4<01110>;
S_0000019906a6f5c0 .scope module, "fa" "full_adder" 9 18, 9 33 0, S_0000019906a70240;
 .timescale 0 0;
    .port_info 0 /INPUT 1 "a";
    .port_info 1 /INPUT 1 "b";
    .port_info 2 /INPUT 1 "cin";
    .port_info 3 /OUTPUT 1 "sum";
    .port_info 4 /OUTPUT 1 "cout";
L_0000019906809a20 .functor XOR 1, L_0000019906adefb0, L_0000019906ade970, C4<0>, C4<0>;
L_0000019906661ec0 .functor XOR 1, L_0000019906809a20, L_0000019906ade1f0, C4<0>, C4<0>;
L_0000019906b68040 .functor AND 1, L_0000019906adefb0, L_0000019906ade970, C4<1>, C4<1>;
L_0000019906b687b0 .functor XOR 1, L_0000019906adefb0, L_0000019906ade970, C4<0>, C4<0>;
L_0000019906b69850 .functor AND 1, L_0000019906ade1f0, L_0000019906b687b0, C4<1>, C4<1>;
L_0000019906b693f0 .functor OR 1, L_0000019906b68040, L_0000019906b69850, C4<0>, C4<0>;
v0000019906a5d230_0 .net *"_ivl_0", 0 0, L_0000019906809a20;  1 drivers
v0000019906a5d370_0 .net *"_ivl_4", 0 0, L_0000019906b68040;  1 drivers
v0000019906a5b6b0_0 .net *"_ivl_6", 0 0, L_0000019906b687b0;  1 drivers
v0000019906a5b750_0 .net *"_ivl_8", 0 0, L_0000019906b69850;  1 drivers
v0000019906a5da50_0 .net "a", 0 0, L_0000019906adefb0;  1 drivers
v0000019906a5e1d0_0 .net "b", 0 0, L_0000019906ade970;  1 drivers
v0000019906a5ec70_0 .net "cin", 0 0, L_0000019906ade1f0;  1 drivers
v0000019906a5d690_0 .net "cout", 0 0, L_0000019906b693f0;  1 drivers
v0000019906a5f850_0 .net "sum", 0 0, L_0000019906661ec0;  1 drivers
S_0000019906a6fa70 .scope generate, "fa_gen[15]" "fa_gen[15]" 9 17, 9 17 0, S_0000019906a6b410;
 .timescale 0 0;
P_00000199069a4c20 .param/l "i" 0 9 17, +C4<01111>;
S_0000019906a6f430 .scope module, "fa" "full_adder" 9 18, 9 33 0, S_0000019906a6fa70;
 .timescale 0 0;
    .port_info 0 /INPUT 1 "a";
    .port_info 1 /INPUT 1 "b";
    .port_info 2 /INPUT 1 "cin";
    .port_info 3 /OUTPUT 1 "sum";
    .port_info 4 /OUTPUT 1 "cout";
L_0000019906b698c0 .functor XOR 1, L_0000019906adfc30, L_0000019906ade330, C4<0>, C4<0>;
L_0000019906b68ba0 .functor XOR 1, L_0000019906b698c0, L_0000019906adf2d0, C4<0>, C4<0>;
L_0000019906b695b0 .functor AND 1, L_0000019906adfc30, L_0000019906ade330, C4<1>, C4<1>;
L_0000019906b68900 .functor XOR 1, L_0000019906adfc30, L_0000019906ade330, C4<0>, C4<0>;
L_0000019906b68820 .functor AND 1, L_0000019906adf2d0, L_0000019906b68900, C4<1>, C4<1>;
L_0000019906b68cf0 .functor OR 1, L_0000019906b695b0, L_0000019906b68820, C4<0>, C4<0>;
v0000019906a5ebd0_0 .net *"_ivl_0", 0 0, L_0000019906b698c0;  1 drivers
v0000019906a5f8f0_0 .net *"_ivl_4", 0 0, L_0000019906b695b0;  1 drivers
v0000019906a5e950_0 .net *"_ivl_6", 0 0, L_0000019906b68900;  1 drivers
v0000019906a5dff0_0 .net *"_ivl_8", 0 0, L_0000019906b68820;  1 drivers
v0000019906a5d9b0_0 .net "a", 0 0, L_0000019906adfc30;  1 drivers
v0000019906a5f5d0_0 .net "b", 0 0, L_0000019906ade330;  1 drivers
v0000019906a5dcd0_0 .net "cin", 0 0, L_0000019906adf2d0;  1 drivers
v0000019906a5fd50_0 .net "cout", 0 0, L_0000019906b68cf0;  1 drivers
v0000019906a5dc30_0 .net "sum", 0 0, L_0000019906b68ba0;  1 drivers
S_0000019906a706f0 .scope generate, "fa_gen[16]" "fa_gen[16]" 9 17, 9 17 0, S_0000019906a6b410;
 .timescale 0 0;
P_00000199069a46a0 .param/l "i" 0 9 17, +C4<010000>;
S_0000019906a6fc00 .scope module, "fa" "full_adder" 9 18, 9 33 0, S_0000019906a706f0;
 .timescale 0 0;
    .port_info 0 /INPUT 1 "a";
    .port_info 1 /INPUT 1 "b";
    .port_info 2 /INPUT 1 "cin";
    .port_info 3 /OUTPUT 1 "sum";
    .port_info 4 /OUTPUT 1 "cout";
L_0000019906b69540 .functor XOR 1, L_0000019906adf050, L_0000019906ae0310, C4<0>, C4<0>;
L_0000019906b68740 .functor XOR 1, L_0000019906b69540, L_0000019906ade3d0, C4<0>, C4<0>;
L_0000019906b68190 .functor AND 1, L_0000019906adf050, L_0000019906ae0310, C4<1>, C4<1>;
L_0000019906b69310 .functor XOR 1, L_0000019906adf050, L_0000019906ae0310, C4<0>, C4<0>;
L_0000019906b690e0 .functor AND 1, L_0000019906ade3d0, L_0000019906b69310, C4<1>, C4<1>;
L_0000019906b69070 .functor OR 1, L_0000019906b68190, L_0000019906b690e0, C4<0>, C4<0>;
v0000019906a5e130_0 .net *"_ivl_0", 0 0, L_0000019906b69540;  1 drivers
v0000019906a5e450_0 .net *"_ivl_4", 0 0, L_0000019906b68190;  1 drivers
v0000019906a5d5f0_0 .net *"_ivl_6", 0 0, L_0000019906b69310;  1 drivers
v0000019906a5db90_0 .net *"_ivl_8", 0 0, L_0000019906b690e0;  1 drivers
v0000019906a5e3b0_0 .net "a", 0 0, L_0000019906adf050;  1 drivers
v0000019906a5e8b0_0 .net "b", 0 0, L_0000019906ae0310;  1 drivers
v0000019906a5f030_0 .net "cin", 0 0, L_0000019906ade3d0;  1 drivers
v0000019906a5f0d0_0 .net "cout", 0 0, L_0000019906b69070;  1 drivers
v0000019906a5e090_0 .net "sum", 0 0, L_0000019906b68740;  1 drivers
S_0000019906a6f750 .scope generate, "fa_gen[17]" "fa_gen[17]" 9 17, 9 17 0, S_0000019906a6b410;
 .timescale 0 0;
P_00000199069a47a0 .param/l "i" 0 9 17, +C4<010001>;
S_0000019906a6fd90 .scope module, "fa" "full_adder" 9 18, 9 33 0, S_0000019906a6f750;
 .timescale 0 0;
    .port_info 0 /INPUT 1 "a";
    .port_info 1 /INPUT 1 "b";
    .port_info 2 /INPUT 1 "cin";
    .port_info 3 /OUTPUT 1 "sum";
    .port_info 4 /OUTPUT 1 "cout";
L_0000019906b69460 .functor XOR 1, L_0000019906ae0130, L_0000019906adfb90, C4<0>, C4<0>;
L_0000019906b69930 .functor XOR 1, L_0000019906b69460, L_0000019906ae0090, C4<0>, C4<0>;
L_0000019906b68350 .functor AND 1, L_0000019906ae0130, L_0000019906adfb90, C4<1>, C4<1>;
L_0000019906b68ac0 .functor XOR 1, L_0000019906ae0130, L_0000019906adfb90, C4<0>, C4<0>;
L_0000019906b694d0 .functor AND 1, L_0000019906ae0090, L_0000019906b68ac0, C4<1>, C4<1>;
L_0000019906b686d0 .functor OR 1, L_0000019906b68350, L_0000019906b694d0, C4<0>, C4<0>;
v0000019906a5f7b0_0 .net *"_ivl_0", 0 0, L_0000019906b69460;  1 drivers
v0000019906a5e9f0_0 .net *"_ivl_4", 0 0, L_0000019906b68350;  1 drivers
v0000019906a5f710_0 .net *"_ivl_6", 0 0, L_0000019906b68ac0;  1 drivers
v0000019906a5e810_0 .net *"_ivl_8", 0 0, L_0000019906b694d0;  1 drivers
v0000019906a5daf0_0 .net "a", 0 0, L_0000019906ae0130;  1 drivers
v0000019906a5ea90_0 .net "b", 0 0, L_0000019906adfb90;  1 drivers
v0000019906a5f670_0 .net "cin", 0 0, L_0000019906ae0090;  1 drivers
v0000019906a5ee50_0 .net "cout", 0 0, L_0000019906b686d0;  1 drivers
v0000019906a5f490_0 .net "sum", 0 0, L_0000019906b69930;  1 drivers
S_0000019906a70a10 .scope generate, "fa_gen[18]" "fa_gen[18]" 9 17, 9 17 0, S_0000019906a6b410;
 .timescale 0 0;
P_00000199069a48a0 .param/l "i" 0 9 17, +C4<010010>;
S_0000019906a6f110 .scope module, "fa" "full_adder" 9 18, 9 33 0, S_0000019906a70a10;
 .timescale 0 0;
    .port_info 0 /INPUT 1 "a";
    .port_info 1 /INPUT 1 "b";
    .port_info 2 /INPUT 1 "cin";
    .port_info 3 /OUTPUT 1 "sum";
    .port_info 4 /OUTPUT 1 "cout";
L_0000019906b69380 .functor XOR 1, L_0000019906ade510, L_0000019906adf690, C4<0>, C4<0>;
L_0000019906b683c0 .functor XOR 1, L_0000019906b69380, L_0000019906ade5b0, C4<0>, C4<0>;
L_0000019906b68d60 .functor AND 1, L_0000019906ade510, L_0000019906adf690, C4<1>, C4<1>;
L_0000019906b68270 .functor XOR 1, L_0000019906ade510, L_0000019906adf690, C4<0>, C4<0>;
L_0000019906b682e0 .functor AND 1, L_0000019906ade5b0, L_0000019906b68270, C4<1>, C4<1>;
L_0000019906b67e80 .functor OR 1, L_0000019906b68d60, L_0000019906b682e0, C4<0>, C4<0>;
v0000019906a5e270_0 .net *"_ivl_0", 0 0, L_0000019906b69380;  1 drivers
v0000019906a5e4f0_0 .net *"_ivl_4", 0 0, L_0000019906b68d60;  1 drivers
v0000019906a5e590_0 .net *"_ivl_6", 0 0, L_0000019906b68270;  1 drivers
v0000019906a5ef90_0 .net *"_ivl_8", 0 0, L_0000019906b682e0;  1 drivers
v0000019906a5f990_0 .net "a", 0 0, L_0000019906ade510;  1 drivers
v0000019906a5fa30_0 .net "b", 0 0, L_0000019906adf690;  1 drivers
v0000019906a5f170_0 .net "cin", 0 0, L_0000019906ade5b0;  1 drivers
v0000019906a5e310_0 .net "cout", 0 0, L_0000019906b67e80;  1 drivers
v0000019906a5eb30_0 .net "sum", 0 0, L_0000019906b683c0;  1 drivers
S_0000019906a6f8e0 .scope generate, "fa_gen[19]" "fa_gen[19]" 9 17, 9 17 0, S_0000019906a6b410;
 .timescale 0 0;
P_00000199069a44e0 .param/l "i" 0 9 17, +C4<010011>;
S_0000019906a6ef80 .scope module, "fa" "full_adder" 9 18, 9 33 0, S_0000019906a6f8e0;
 .timescale 0 0;
    .port_info 0 /INPUT 1 "a";
    .port_info 1 /INPUT 1 "b";
    .port_info 2 /INPUT 1 "cin";
    .port_info 3 /OUTPUT 1 "sum";
    .port_info 4 /OUTPUT 1 "cout";
L_0000019906b69620 .functor XOR 1, L_0000019906adfd70, L_0000019906adfe10, C4<0>, C4<0>;
L_0000019906b69690 .functor XOR 1, L_0000019906b69620, L_0000019906adf230, C4<0>, C4<0>;
L_0000019906b69700 .functor AND 1, L_0000019906adfd70, L_0000019906adfe10, C4<1>, C4<1>;
L_0000019906b68b30 .functor XOR 1, L_0000019906adfd70, L_0000019906adfe10, C4<0>, C4<0>;
L_0000019906b68430 .functor AND 1, L_0000019906adf230, L_0000019906b68b30, C4<1>, C4<1>;
L_0000019906b67da0 .functor OR 1, L_0000019906b69700, L_0000019906b68430, C4<0>, C4<0>;
v0000019906a5e630_0 .net *"_ivl_0", 0 0, L_0000019906b69620;  1 drivers
v0000019906a5f530_0 .net *"_ivl_4", 0 0, L_0000019906b69700;  1 drivers
v0000019906a5e770_0 .net *"_ivl_6", 0 0, L_0000019906b68b30;  1 drivers
v0000019906a5dd70_0 .net *"_ivl_8", 0 0, L_0000019906b68430;  1 drivers
v0000019906a5de10_0 .net "a", 0 0, L_0000019906adfd70;  1 drivers
v0000019906a5ed10_0 .net "b", 0 0, L_0000019906adfe10;  1 drivers
v0000019906a5df50_0 .net "cin", 0 0, L_0000019906adf230;  1 drivers
v0000019906a5fad0_0 .net "cout", 0 0, L_0000019906b67da0;  1 drivers
v0000019906a5edb0_0 .net "sum", 0 0, L_0000019906b69690;  1 drivers
S_0000019906a703d0 .scope generate, "fa_gen[20]" "fa_gen[20]" 9 17, 9 17 0, S_0000019906a6b410;
 .timescale 0 0;
P_00000199069a4ca0 .param/l "i" 0 9 17, +C4<010100>;
S_0000019906a6ff20 .scope module, "fa" "full_adder" 9 18, 9 33 0, S_0000019906a703d0;
 .timescale 0 0;
    .port_info 0 /INPUT 1 "a";
    .port_info 1 /INPUT 1 "b";
    .port_info 2 /INPUT 1 "cin";
    .port_info 3 /OUTPUT 1 "sum";
    .port_info 4 /OUTPUT 1 "cout";
L_0000019906b68890 .functor XOR 1, L_0000019906adfeb0, L_0000019906ade650, C4<0>, C4<0>;
L_0000019906b69770 .functor XOR 1, L_0000019906b68890, L_0000019906ae03b0, C4<0>, C4<0>;
L_0000019906b697e0 .functor AND 1, L_0000019906adfeb0, L_0000019906ade650, C4<1>, C4<1>;
L_0000019906b68970 .functor XOR 1, L_0000019906adfeb0, L_0000019906ade650, C4<0>, C4<0>;
L_0000019906b684a0 .functor AND 1, L_0000019906ae03b0, L_0000019906b68970, C4<1>, C4<1>;
L_0000019906b68510 .functor OR 1, L_0000019906b697e0, L_0000019906b684a0, C4<0>, C4<0>;
v0000019906a5d730_0 .net *"_ivl_0", 0 0, L_0000019906b68890;  1 drivers
v0000019906a5f2b0_0 .net *"_ivl_4", 0 0, L_0000019906b697e0;  1 drivers
v0000019906a5e6d0_0 .net *"_ivl_6", 0 0, L_0000019906b68970;  1 drivers
v0000019906a5eef0_0 .net *"_ivl_8", 0 0, L_0000019906b684a0;  1 drivers
v0000019906a5f210_0 .net "a", 0 0, L_0000019906adfeb0;  1 drivers
v0000019906a5f350_0 .net "b", 0 0, L_0000019906ade650;  1 drivers
v0000019906a5fb70_0 .net "cin", 0 0, L_0000019906ae03b0;  1 drivers
v0000019906a5f3f0_0 .net "cout", 0 0, L_0000019906b68510;  1 drivers
v0000019906a5fc10_0 .net "sum", 0 0, L_0000019906b69770;  1 drivers
S_0000019906a70560 .scope generate, "fa_gen[21]" "fa_gen[21]" 9 17, 9 17 0, S_0000019906a6b410;
 .timescale 0 0;
P_00000199069a4c60 .param/l "i" 0 9 17, +C4<010101>;
S_0000019906a70ba0 .scope module, "fa" "full_adder" 9 18, 9 33 0, S_0000019906a70560;
 .timescale 0 0;
    .port_info 0 /INPUT 1 "a";
    .port_info 1 /INPUT 1 "b";
    .port_info 2 /INPUT 1 "cin";
    .port_info 3 /OUTPUT 1 "sum";
    .port_info 4 /OUTPUT 1 "cout";
L_0000019906b68c10 .functor XOR 1, L_0000019906ade6f0, L_0000019906adea10, C4<0>, C4<0>;
L_0000019906b67e10 .functor XOR 1, L_0000019906b68c10, L_0000019906adedd0, C4<0>, C4<0>;
L_0000019906b67ef0 .functor AND 1, L_0000019906ade6f0, L_0000019906adea10, C4<1>, C4<1>;
L_0000019906b689e0 .functor XOR 1, L_0000019906ade6f0, L_0000019906adea10, C4<0>, C4<0>;
L_0000019906b67f60 .functor AND 1, L_0000019906adedd0, L_0000019906b689e0, C4<1>, C4<1>;
L_0000019906b67fd0 .functor OR 1, L_0000019906b67ef0, L_0000019906b67f60, C4<0>, C4<0>;
v0000019906a5fcb0_0 .net *"_ivl_0", 0 0, L_0000019906b68c10;  1 drivers
v0000019906a5d7d0_0 .net *"_ivl_4", 0 0, L_0000019906b67ef0;  1 drivers
v0000019906a5d870_0 .net *"_ivl_6", 0 0, L_0000019906b689e0;  1 drivers
v0000019906a5d910_0 .net *"_ivl_8", 0 0, L_0000019906b67f60;  1 drivers
v0000019906a5deb0_0 .net "a", 0 0, L_0000019906ade6f0;  1 drivers
v0000019906a60070_0 .net "b", 0 0, L_0000019906adea10;  1 drivers
v0000019906a61010_0 .net "cin", 0 0, L_0000019906adedd0;  1 drivers
v0000019906a62410_0 .net "cout", 0 0, L_0000019906b67fd0;  1 drivers
v0000019906a5fe90_0 .net "sum", 0 0, L_0000019906b67e10;  1 drivers
S_0000019906a71760 .scope generate, "fa_gen[22]" "fa_gen[22]" 9 17, 9 17 0, S_0000019906a6b410;
 .timescale 0 0;
P_00000199069a42e0 .param/l "i" 0 9 17, +C4<010110>;
S_0000019906a72570 .scope module, "fa" "full_adder" 9 18, 9 33 0, S_0000019906a71760;
 .timescale 0 0;
    .port_info 0 /INPUT 1 "a";
    .port_info 1 /INPUT 1 "b";
    .port_info 2 /INPUT 1 "cin";
    .port_info 3 /OUTPUT 1 "sum";
    .port_info 4 /OUTPUT 1 "cout";
L_0000019906b68200 .functor XOR 1, L_0000019906adf370, L_0000019906aded30, C4<0>, C4<0>;
L_0000019906b68f20 .functor XOR 1, L_0000019906b68200, L_0000019906ae0450, C4<0>, C4<0>;
L_0000019906b69000 .functor AND 1, L_0000019906adf370, L_0000019906aded30, C4<1>, C4<1>;
L_0000019906b68580 .functor XOR 1, L_0000019906adf370, L_0000019906aded30, C4<0>, C4<0>;
L_0000019906b69150 .functor AND 1, L_0000019906ae0450, L_0000019906b68580, C4<1>, C4<1>;
L_0000019906b680b0 .functor OR 1, L_0000019906b69000, L_0000019906b69150, C4<0>, C4<0>;
v0000019906a60110_0 .net *"_ivl_0", 0 0, L_0000019906b68200;  1 drivers
v0000019906a5ff30_0 .net *"_ivl_4", 0 0, L_0000019906b69000;  1 drivers
v0000019906a61ab0_0 .net *"_ivl_6", 0 0, L_0000019906b68580;  1 drivers
v0000019906a60890_0 .net *"_ivl_8", 0 0, L_0000019906b69150;  1 drivers
v0000019906a61bf0_0 .net "a", 0 0, L_0000019906adf370;  1 drivers
v0000019906a60c50_0 .net "b", 0 0, L_0000019906aded30;  1 drivers
v0000019906a62370_0 .net "cin", 0 0, L_0000019906ae0450;  1 drivers
v0000019906a61510_0 .net "cout", 0 0, L_0000019906b680b0;  1 drivers
v0000019906a61c90_0 .net "sum", 0 0, L_0000019906b68f20;  1 drivers
S_0000019906a715d0 .scope generate, "fa_gen[23]" "fa_gen[23]" 9 17, 9 17 0, S_0000019906a6b410;
 .timescale 0 0;
P_00000199069a4460 .param/l "i" 0 9 17, +C4<010111>;
S_0000019906a72700 .scope module, "fa" "full_adder" 9 18, 9 33 0, S_0000019906a715d0;
 .timescale 0 0;
    .port_info 0 /INPUT 1 "a";
    .port_info 1 /INPUT 1 "b";
    .port_info 2 /INPUT 1 "cin";
    .port_info 3 /OUTPUT 1 "sum";
    .port_info 4 /OUTPUT 1 "cout";
L_0000019906b685f0 .functor XOR 1, L_0000019906adeb50, L_0000019906adee70, C4<0>, C4<0>;
L_0000019906b68660 .functor XOR 1, L_0000019906b685f0, L_0000019906adef10, C4<0>, C4<0>;
L_0000019906b68a50 .functor AND 1, L_0000019906adeb50, L_0000019906adee70, C4<1>, C4<1>;
L_0000019906b68c80 .functor XOR 1, L_0000019906adeb50, L_0000019906adee70, C4<0>, C4<0>;
L_0000019906b68dd0 .functor AND 1, L_0000019906adef10, L_0000019906b68c80, C4<1>, C4<1>;
L_0000019906b68e40 .functor OR 1, L_0000019906b68a50, L_0000019906b68dd0, C4<0>, C4<0>;
v0000019906a615b0_0 .net *"_ivl_0", 0 0, L_0000019906b685f0;  1 drivers
v0000019906a607f0_0 .net *"_ivl_4", 0 0, L_0000019906b68a50;  1 drivers
v0000019906a60930_0 .net *"_ivl_6", 0 0, L_0000019906b68c80;  1 drivers
v0000019906a62190_0 .net *"_ivl_8", 0 0, L_0000019906b68dd0;  1 drivers
v0000019906a60ed0_0 .net "a", 0 0, L_0000019906adeb50;  1 drivers
v0000019906a624b0_0 .net "b", 0 0, L_0000019906adee70;  1 drivers
v0000019906a604d0_0 .net "cin", 0 0, L_0000019906adef10;  1 drivers
v0000019906a601b0_0 .net "cout", 0 0, L_0000019906b68e40;  1 drivers
v0000019906a610b0_0 .net "sum", 0 0, L_0000019906b68660;  1 drivers
S_0000019906a718f0 .scope generate, "fa_gen[24]" "fa_gen[24]" 9 17, 9 17 0, S_0000019906a6b410;
 .timescale 0 0;
P_00000199069a48e0 .param/l "i" 0 9 17, +C4<011000>;
S_0000019906a72890 .scope module, "fa" "full_adder" 9 18, 9 33 0, S_0000019906a718f0;
 .timescale 0 0;
    .port_info 0 /INPUT 1 "a";
    .port_info 1 /INPUT 1 "b";
    .port_info 2 /INPUT 1 "cin";
    .port_info 3 /OUTPUT 1 "sum";
    .port_info 4 /OUTPUT 1 "cout";
L_0000019906b68120 .functor XOR 1, L_0000019906adff50, L_0000019906adf0f0, C4<0>, C4<0>;
L_0000019906b68eb0 .functor XOR 1, L_0000019906b68120, L_0000019906adf190, C4<0>, C4<0>;
L_0000019906b68f90 .functor AND 1, L_0000019906adff50, L_0000019906adf0f0, C4<1>, C4<1>;
L_0000019906b691c0 .functor XOR 1, L_0000019906adff50, L_0000019906adf0f0, C4<0>, C4<0>;
L_0000019906b69230 .functor AND 1, L_0000019906adf190, L_0000019906b691c0, C4<1>, C4<1>;
L_0000019906b692a0 .functor OR 1, L_0000019906b68f90, L_0000019906b69230, C4<0>, C4<0>;
v0000019906a61d30_0 .net *"_ivl_0", 0 0, L_0000019906b68120;  1 drivers
v0000019906a60cf0_0 .net *"_ivl_4", 0 0, L_0000019906b68f90;  1 drivers
v0000019906a61150_0 .net *"_ivl_6", 0 0, L_0000019906b691c0;  1 drivers
v0000019906a61830_0 .net *"_ivl_8", 0 0, L_0000019906b69230;  1 drivers
v0000019906a61790_0 .net "a", 0 0, L_0000019906adff50;  1 drivers
v0000019906a61650_0 .net "b", 0 0, L_0000019906adf0f0;  1 drivers
v0000019906a62550_0 .net "cin", 0 0, L_0000019906adf190;  1 drivers
v0000019906a60430_0 .net "cout", 0 0, L_0000019906b692a0;  1 drivers
v0000019906a60250_0 .net "sum", 0 0, L_0000019906b68eb0;  1 drivers
S_0000019906a71440 .scope generate, "fa_gen[25]" "fa_gen[25]" 9 17, 9 17 0, S_0000019906a6b410;
 .timescale 0 0;
P_00000199069a4660 .param/l "i" 0 9 17, +C4<011001>;
S_0000019906a71a80 .scope module, "fa" "full_adder" 9 18, 9 33 0, S_0000019906a71440;
 .timescale 0 0;
    .port_info 0 /INPUT 1 "a";
    .port_info 1 /INPUT 1 "b";
    .port_info 2 /INPUT 1 "cin";
    .port_info 3 /OUTPUT 1 "sum";
    .port_info 4 /OUTPUT 1 "cout";
L_0000019906b69f50 .functor XOR 1, L_0000019906adf730, L_0000019906adf4b0, C4<0>, C4<0>;
L_0000019906b6b220 .functor XOR 1, L_0000019906b69f50, L_0000019906adf550, C4<0>, C4<0>;
L_0000019906b6aea0 .functor AND 1, L_0000019906adf730, L_0000019906adf4b0, C4<1>, C4<1>;
L_0000019906b6b300 .functor XOR 1, L_0000019906adf730, L_0000019906adf4b0, C4<0>, C4<0>;
L_0000019906b6a0a0 .functor AND 1, L_0000019906adf550, L_0000019906b6b300, C4<1>, C4<1>;
L_0000019906b6a9d0 .functor OR 1, L_0000019906b6aea0, L_0000019906b6a0a0, C4<0>, C4<0>;
v0000019906a618d0_0 .net *"_ivl_0", 0 0, L_0000019906b69f50;  1 drivers
v0000019906a60a70_0 .net *"_ivl_4", 0 0, L_0000019906b6aea0;  1 drivers
v0000019906a611f0_0 .net *"_ivl_6", 0 0, L_0000019906b6b300;  1 drivers
v0000019906a616f0_0 .net *"_ivl_8", 0 0, L_0000019906b6a0a0;  1 drivers
v0000019906a61dd0_0 .net "a", 0 0, L_0000019906adf730;  1 drivers
v0000019906a602f0_0 .net "b", 0 0, L_0000019906adf4b0;  1 drivers
v0000019906a61290_0 .net "cin", 0 0, L_0000019906adf550;  1 drivers
v0000019906a61970_0 .net "cout", 0 0, L_0000019906b6a9d0;  1 drivers
v0000019906a61a10_0 .net "sum", 0 0, L_0000019906b6b220;  1 drivers
S_0000019906a712b0 .scope generate, "fa_gen[26]" "fa_gen[26]" 9 17, 9 17 0, S_0000019906a6b410;
 .timescale 0 0;
P_00000199069a4860 .param/l "i" 0 9 17, +C4<011010>;
S_0000019906a71f30 .scope module, "fa" "full_adder" 9 18, 9 33 0, S_0000019906a712b0;
 .timescale 0 0;
    .port_info 0 /INPUT 1 "a";
    .port_info 1 /INPUT 1 "b";
    .port_info 2 /INPUT 1 "cin";
    .port_info 3 /OUTPUT 1 "sum";
    .port_info 4 /OUTPUT 1 "cout";
L_0000019906b6a490 .functor XOR 1, L_0000019906adf5f0, L_0000019906adf7d0, C4<0>, C4<0>;
L_0000019906b69d20 .functor XOR 1, L_0000019906b6a490, L_0000019906adf910, C4<0>, C4<0>;
L_0000019906b6af80 .functor AND 1, L_0000019906adf5f0, L_0000019906adf7d0, C4<1>, C4<1>;
L_0000019906b6a030 .functor XOR 1, L_0000019906adf5f0, L_0000019906adf7d0, C4<0>, C4<0>;
L_0000019906b6a570 .functor AND 1, L_0000019906adf910, L_0000019906b6a030, C4<1>, C4<1>;
L_0000019906b69af0 .functor OR 1, L_0000019906b6af80, L_0000019906b6a570, C4<0>, C4<0>;
v0000019906a61b50_0 .net *"_ivl_0", 0 0, L_0000019906b6a490;  1 drivers
v0000019906a60d90_0 .net *"_ivl_4", 0 0, L_0000019906b6af80;  1 drivers
v0000019906a61f10_0 .net *"_ivl_6", 0 0, L_0000019906b6a030;  1 drivers
v0000019906a60b10_0 .net *"_ivl_8", 0 0, L_0000019906b6a570;  1 drivers
v0000019906a622d0_0 .net "a", 0 0, L_0000019906adf5f0;  1 drivers
v0000019906a5fdf0_0 .net "b", 0 0, L_0000019906adf7d0;  1 drivers
v0000019906a60bb0_0 .net "cin", 0 0, L_0000019906adf910;  1 drivers
v0000019906a5ffd0_0 .net "cout", 0 0, L_0000019906b69af0;  1 drivers
v0000019906a61330_0 .net "sum", 0 0, L_0000019906b69d20;  1 drivers
S_0000019906a71c10 .scope generate, "fa_gen[27]" "fa_gen[27]" 9 17, 9 17 0, S_0000019906a6b410;
 .timescale 0 0;
P_00000199069a4920 .param/l "i" 0 9 17, +C4<011011>;
S_0000019906a70f90 .scope module, "fa" "full_adder" 9 18, 9 33 0, S_0000019906a71c10;
 .timescale 0 0;
    .port_info 0 /INPUT 1 "a";
    .port_info 1 /INPUT 1 "b";
    .port_info 2 /INPUT 1 "cin";
    .port_info 3 /OUTPUT 1 "sum";
    .port_info 4 /OUTPUT 1 "cout";
L_0000019906b69c40 .functor XOR 1, L_0000019906ae0950, L_0000019906ae2250, C4<0>, C4<0>;
L_0000019906b6a3b0 .functor XOR 1, L_0000019906b69c40, L_0000019906ae1670, C4<0>, C4<0>;
L_0000019906b6a2d0 .functor AND 1, L_0000019906ae0950, L_0000019906ae2250, C4<1>, C4<1>;
L_0000019906b6a180 .functor XOR 1, L_0000019906ae0950, L_0000019906ae2250, C4<0>, C4<0>;
L_0000019906b6a420 .functor AND 1, L_0000019906ae1670, L_0000019906b6a180, C4<1>, C4<1>;
L_0000019906b6a1f0 .functor OR 1, L_0000019906b6a2d0, L_0000019906b6a420, C4<0>, C4<0>;
v0000019906a60390_0 .net *"_ivl_0", 0 0, L_0000019906b69c40;  1 drivers
v0000019906a62230_0 .net *"_ivl_4", 0 0, L_0000019906b6a2d0;  1 drivers
v0000019906a613d0_0 .net *"_ivl_6", 0 0, L_0000019906b6a180;  1 drivers
v0000019906a62050_0 .net *"_ivl_8", 0 0, L_0000019906b6a420;  1 drivers
v0000019906a60570_0 .net "a", 0 0, L_0000019906ae0950;  1 drivers
v0000019906a61e70_0 .net "b", 0 0, L_0000019906ae2250;  1 drivers
v0000019906a609d0_0 .net "cin", 0 0, L_0000019906ae1670;  1 drivers
v0000019906a61fb0_0 .net "cout", 0 0, L_0000019906b6a1f0;  1 drivers
v0000019906a60610_0 .net "sum", 0 0, L_0000019906b6a3b0;  1 drivers
S_0000019906a720c0 .scope generate, "fa_gen[28]" "fa_gen[28]" 9 17, 9 17 0, S_0000019906a6b410;
 .timescale 0 0;
P_00000199069a4ce0 .param/l "i" 0 9 17, +C4<011100>;
S_0000019906a70e00 .scope module, "fa" "full_adder" 9 18, 9 33 0, S_0000019906a720c0;
 .timescale 0 0;
    .port_info 0 /INPUT 1 "a";
    .port_info 1 /INPUT 1 "b";
    .port_info 2 /INPUT 1 "cin";
    .port_info 3 /OUTPUT 1 "sum";
    .port_info 4 /OUTPUT 1 "cout";
L_0000019906b6b1b0 .functor XOR 1, L_0000019906ae1710, L_0000019906ae10d0, C4<0>, C4<0>;
L_0000019906b6a500 .functor XOR 1, L_0000019906b6b1b0, L_0000019906ae2a70, C4<0>, C4<0>;
L_0000019906b6aff0 .functor AND 1, L_0000019906ae1710, L_0000019906ae10d0, C4<1>, C4<1>;
L_0000019906b6a880 .functor XOR 1, L_0000019906ae1710, L_0000019906ae10d0, C4<0>, C4<0>;
L_0000019906b6ac70 .functor AND 1, L_0000019906ae2a70, L_0000019906b6a880, C4<1>, C4<1>;
L_0000019906b6b140 .functor OR 1, L_0000019906b6aff0, L_0000019906b6ac70, C4<0>, C4<0>;
v0000019906a60e30_0 .net *"_ivl_0", 0 0, L_0000019906b6b1b0;  1 drivers
v0000019906a606b0_0 .net *"_ivl_4", 0 0, L_0000019906b6aff0;  1 drivers
v0000019906a60750_0 .net *"_ivl_6", 0 0, L_0000019906b6a880;  1 drivers
v0000019906a60f70_0 .net *"_ivl_8", 0 0, L_0000019906b6ac70;  1 drivers
v0000019906a61470_0 .net "a", 0 0, L_0000019906ae1710;  1 drivers
v0000019906a620f0_0 .net "b", 0 0, L_0000019906ae10d0;  1 drivers
v0000019906a79880_0 .net "cin", 0 0, L_0000019906ae2a70;  1 drivers
v0000019906a79e20_0 .net "cout", 0 0, L_0000019906b6b140;  1 drivers
v0000019906a78f20_0 .net "sum", 0 0, L_0000019906b6a500;  1 drivers
S_0000019906a71da0 .scope generate, "fa_gen[29]" "fa_gen[29]" 9 17, 9 17 0, S_0000019906a6b410;
 .timescale 0 0;
P_00000199069a4d20 .param/l "i" 0 9 17, +C4<011101>;
S_0000019906a72250 .scope module, "fa" "full_adder" 9 18, 9 33 0, S_0000019906a71da0;
 .timescale 0 0;
    .port_info 0 /INPUT 1 "a";
    .port_info 1 /INPUT 1 "b";
    .port_info 2 /INPUT 1 "cin";
    .port_info 3 /OUTPUT 1 "sum";
    .port_info 4 /OUTPUT 1 "cout";
L_0000019906b6a260 .functor XOR 1, L_0000019906ae3010, L_0000019906ae0d10, C4<0>, C4<0>;
L_0000019906b6a7a0 .functor XOR 1, L_0000019906b6a260, L_0000019906ae0f90, C4<0>, C4<0>;
L_0000019906b6ac00 .functor AND 1, L_0000019906ae3010, L_0000019906ae0d10, C4<1>, C4<1>;
L_0000019906b6ab20 .functor XOR 1, L_0000019906ae3010, L_0000019906ae0d10, C4<0>, C4<0>;
L_0000019906b6b450 .functor AND 1, L_0000019906ae0f90, L_0000019906b6ab20, C4<1>, C4<1>;
L_0000019906b6b060 .functor OR 1, L_0000019906b6ac00, L_0000019906b6b450, C4<0>, C4<0>;
v0000019906a783e0_0 .net *"_ivl_0", 0 0, L_0000019906b6a260;  1 drivers
v0000019906a77e40_0 .net *"_ivl_4", 0 0, L_0000019906b6ac00;  1 drivers
v0000019906a78b60_0 .net *"_ivl_6", 0 0, L_0000019906b6ab20;  1 drivers
v0000019906a79920_0 .net *"_ivl_8", 0 0, L_0000019906b6b450;  1 drivers
v0000019906a78e80_0 .net "a", 0 0, L_0000019906ae3010;  1 drivers
v0000019906a78840_0 .net "b", 0 0, L_0000019906ae0d10;  1 drivers
v0000019906a792e0_0 .net "cin", 0 0, L_0000019906ae0f90;  1 drivers
v0000019906a7a1e0_0 .net "cout", 0 0, L_0000019906b6b060;  1 drivers
v0000019906a79600_0 .net "sum", 0 0, L_0000019906b6a7a0;  1 drivers
S_0000019906a72bb0 .scope generate, "fa_gen[30]" "fa_gen[30]" 9 17, 9 17 0, S_0000019906a6b410;
 .timescale 0 0;
P_00000199069a4f20 .param/l "i" 0 9 17, +C4<011110>;
S_0000019906a723e0 .scope module, "fa" "full_adder" 9 18, 9 33 0, S_0000019906a72bb0;
 .timescale 0 0;
    .port_info 0 /INPUT 1 "a";
    .port_info 1 /INPUT 1 "b";
    .port_info 2 /INPUT 1 "cin";
    .port_info 3 /OUTPUT 1 "sum";
    .port_info 4 /OUTPUT 1 "cout";
L_0000019906b6ad50 .functor XOR 1, L_0000019906ae1170, L_0000019906ae2c50, C4<0>, C4<0>;
L_0000019906b69a10 .functor XOR 1, L_0000019906b6ad50, L_0000019906ae30b0, C4<0>, C4<0>;
L_0000019906b6a5e0 .functor AND 1, L_0000019906ae1170, L_0000019906ae2c50, C4<1>, C4<1>;
L_0000019906b6a340 .functor XOR 1, L_0000019906ae1170, L_0000019906ae2c50, C4<0>, C4<0>;
L_0000019906b69e70 .functor AND 1, L_0000019906ae30b0, L_0000019906b6a340, C4<1>, C4<1>;
L_0000019906b6b0d0 .functor OR 1, L_0000019906b6a5e0, L_0000019906b69e70, C4<0>, C4<0>;
v0000019906a785c0_0 .net *"_ivl_0", 0 0, L_0000019906b6ad50;  1 drivers
v0000019906a78480_0 .net *"_ivl_4", 0 0, L_0000019906b6a5e0;  1 drivers
v0000019906a78660_0 .net *"_ivl_6", 0 0, L_0000019906b6a340;  1 drivers
v0000019906a788e0_0 .net *"_ivl_8", 0 0, L_0000019906b69e70;  1 drivers
v0000019906a78c00_0 .net "a", 0 0, L_0000019906ae1170;  1 drivers
v0000019906a79100_0 .net "b", 0 0, L_0000019906ae2c50;  1 drivers
v0000019906a799c0_0 .net "cin", 0 0, L_0000019906ae30b0;  1 drivers
v0000019906a79a60_0 .net "cout", 0 0, L_0000019906b6b0d0;  1 drivers
v0000019906a78980_0 .net "sum", 0 0, L_0000019906b69a10;  1 drivers
S_0000019906a72a20 .scope generate, "fa_gen[31]" "fa_gen[31]" 9 17, 9 17 0, S_0000019906a6b410;
 .timescale 0 0;
P_00000199069a4d60 .param/l "i" 0 9 17, +C4<011111>;
S_0000019906a71120 .scope module, "fa" "full_adder" 9 18, 9 33 0, S_0000019906a72a20;
 .timescale 0 0;
    .port_info 0 /INPUT 1 "a";
    .port_info 1 /INPUT 1 "b";
    .port_info 2 /INPUT 1 "cin";
    .port_info 3 /OUTPUT 1 "sum";
    .port_info 4 /OUTPUT 1 "cout";
L_0000019906b6a8f0 .functor XOR 1, L_0000019906ae15d0, L_0000019906ae1490, C4<0>, C4<0>;
L_0000019906b6a110 .functor XOR 1, L_0000019906b6a8f0, L_0000019906ae13f0, C4<0>, C4<0>;
L_0000019906b6b4c0 .functor AND 1, L_0000019906ae15d0, L_0000019906ae1490, C4<1>, C4<1>;
L_0000019906b6ace0 .functor XOR 1, L_0000019906ae15d0, L_0000019906ae1490, C4<0>, C4<0>;
L_0000019906b69fc0 .functor AND 1, L_0000019906ae13f0, L_0000019906b6ace0, C4<1>, C4<1>;
L_0000019906b6a650 .functor OR 1, L_0000019906b6b4c0, L_0000019906b69fc0, C4<0>, C4<0>;
v0000019906a7a000_0 .net *"_ivl_0", 0 0, L_0000019906b6a8f0;  1 drivers
v0000019906a791a0_0 .net *"_ivl_4", 0 0, L_0000019906b6b4c0;  1 drivers
v0000019906a79f60_0 .net *"_ivl_6", 0 0, L_0000019906b6ace0;  1 drivers
v0000019906a79060_0 .net *"_ivl_8", 0 0, L_0000019906b69fc0;  1 drivers
v0000019906a782a0_0 .net "a", 0 0, L_0000019906ae15d0;  1 drivers
v0000019906a79240_0 .net "b", 0 0, L_0000019906ae1490;  1 drivers
v0000019906a79ec0_0 .net "cin", 0 0, L_0000019906ae13f0;  1 drivers
v0000019906a796a0_0 .net "cout", 0 0, L_0000019906b6a650;  1 drivers
v0000019906a79ce0_0 .net "sum", 0 0, L_0000019906b6a110;  1 drivers
S_0000019906a83140 .scope module, "rca_neg" "ripple_carry_adder" 6 60, 9 3 0, S_0000019906a06a50;
 .timescale 0 0;
    .port_info 0 /INPUT 32 "A";
    .port_info 1 /INPUT 32 "B";
    .port_info 2 /INPUT 1 "Cin";
    .port_info 3 /OUTPUT 32 "Sum";
    .port_info 4 /OUTPUT 1 "Cout";
    .port_info 5 /OUTPUT 1 "Overflow";
L_0000019906af5e30 .functor BUFT 1, C4<1>, C4<0>, C4<0>, C4<0>;
L_0000019906b73580 .functor BUFZ 1, L_0000019906af5e30, C4<0>, C4<0>, C4<0>;
L_0000019906b73b30 .functor XOR 1, L_0000019906ae9370, L_0000019906aea270, C4<0>, C4<0>;
L_0000019906af5de8 .functor BUFT 1, C4<00000000000000000000000000000000>, C4<0>, C4<0>, C4<0>;
v0000019906a741a0_0 .net "A", 31 0, L_0000019906af5de8;  1 drivers
v0000019906a74e20_0 .net "B", 31 0, L_0000019906b74930;  1 drivers
v0000019906a73ca0_0 .net "Cin", 0 0, L_0000019906af5e30;  1 drivers
v0000019906a74420_0 .net "Cout", 0 0, L_0000019906aea590;  alias, 1 drivers
v0000019906a742e0_0 .net "Overflow", 0 0, L_0000019906b73b30;  1 drivers
v0000019906a74740_0 .net "Sum", 31 0, L_0000019906ae8970;  alias, 1 drivers
v0000019906a75000_0 .net *"_ivl_229", 0 0, L_0000019906b73580;  1 drivers
v0000019906a751e0_0 .net *"_ivl_233", 0 0, L_0000019906ae9370;  1 drivers
v0000019906a75320_0 .net *"_ivl_235", 0 0, L_0000019906aea270;  1 drivers
v0000019906a753c0_0 .net "carry", 32 0, L_0000019906ae8470;  1 drivers
L_0000019906ae4b90 .part L_0000019906af5de8, 0, 1;
L_0000019906ae5770 .part L_0000019906b74930, 0, 1;
L_0000019906ae4cd0 .part L_0000019906ae8470, 0, 1;
L_0000019906ae4d70 .part L_0000019906af5de8, 1, 1;
L_0000019906ae4e10 .part L_0000019906b74930, 1, 1;
L_0000019906ae5630 .part L_0000019906ae8470, 1, 1;
L_0000019906ae56d0 .part L_0000019906af5de8, 2, 1;
L_0000019906ae71b0 .part L_0000019906b74930, 2, 1;
L_0000019906ae7890 .part L_0000019906ae8470, 2, 1;
L_0000019906ae7cf0 .part L_0000019906af5de8, 3, 1;
L_0000019906ae62b0 .part L_0000019906b74930, 3, 1;
L_0000019906ae63f0 .part L_0000019906ae8470, 3, 1;
L_0000019906ae6670 .part L_0000019906af5de8, 4, 1;
L_0000019906ae7930 .part L_0000019906b74930, 4, 1;
L_0000019906ae7bb0 .part L_0000019906ae8470, 4, 1;
L_0000019906ae6710 .part L_0000019906af5de8, 5, 1;
L_0000019906ae6df0 .part L_0000019906b74930, 5, 1;
L_0000019906ae6490 .part L_0000019906ae8470, 5, 1;
L_0000019906ae5b30 .part L_0000019906af5de8, 6, 1;
L_0000019906ae6e90 .part L_0000019906b74930, 6, 1;
L_0000019906ae6030 .part L_0000019906ae8470, 6, 1;
L_0000019906ae68f0 .part L_0000019906af5de8, 7, 1;
L_0000019906ae6350 .part L_0000019906b74930, 7, 1;
L_0000019906ae6b70 .part L_0000019906ae8470, 7, 1;
L_0000019906ae67b0 .part L_0000019906af5de8, 8, 1;
L_0000019906ae7110 .part L_0000019906b74930, 8, 1;
L_0000019906ae7390 .part L_0000019906ae8470, 8, 1;
L_0000019906ae7a70 .part L_0000019906af5de8, 9, 1;
L_0000019906ae5ef0 .part L_0000019906b74930, 9, 1;
L_0000019906ae60d0 .part L_0000019906ae8470, 9, 1;
L_0000019906ae5f90 .part L_0000019906af5de8, 10, 1;
L_0000019906ae6170 .part L_0000019906b74930, 10, 1;
L_0000019906ae7b10 .part L_0000019906ae8470, 10, 1;
L_0000019906ae8010 .part L_0000019906af5de8, 11, 1;
L_0000019906ae6fd0 .part L_0000019906b74930, 11, 1;
L_0000019906ae7750 .part L_0000019906ae8470, 11, 1;
L_0000019906ae80b0 .part L_0000019906af5de8, 12, 1;
L_0000019906ae7d90 .part L_0000019906b74930, 12, 1;
L_0000019906ae5db0 .part L_0000019906ae8470, 12, 1;
L_0000019906ae6f30 .part L_0000019906af5de8, 13, 1;
L_0000019906ae6a30 .part L_0000019906b74930, 13, 1;
L_0000019906ae77f0 .part L_0000019906ae8470, 13, 1;
L_0000019906ae6210 .part L_0000019906af5de8, 14, 1;
L_0000019906ae6850 .part L_0000019906b74930, 14, 1;
L_0000019906ae6990 .part L_0000019906ae8470, 14, 1;
L_0000019906ae6c10 .part L_0000019906af5de8, 15, 1;
L_0000019906ae7c50 .part L_0000019906b74930, 15, 1;
L_0000019906ae6530 .part L_0000019906ae8470, 15, 1;
L_0000019906ae79d0 .part L_0000019906af5de8, 16, 1;
L_0000019906ae6ad0 .part L_0000019906b74930, 16, 1;
L_0000019906ae6cb0 .part L_0000019906ae8470, 16, 1;
L_0000019906ae7e30 .part L_0000019906af5de8, 17, 1;
L_0000019906ae65d0 .part L_0000019906b74930, 17, 1;
L_0000019906ae7ed0 .part L_0000019906ae8470, 17, 1;
L_0000019906ae7250 .part L_0000019906af5de8, 18, 1;
L_0000019906ae6d50 .part L_0000019906b74930, 18, 1;
L_0000019906ae72f0 .part L_0000019906ae8470, 18, 1;
L_0000019906ae7070 .part L_0000019906af5de8, 19, 1;
L_0000019906ae7f70 .part L_0000019906b74930, 19, 1;
L_0000019906ae7430 .part L_0000019906ae8470, 19, 1;
L_0000019906ae5950 .part L_0000019906af5de8, 20, 1;
L_0000019906ae74d0 .part L_0000019906b74930, 20, 1;
L_0000019906ae59f0 .part L_0000019906ae8470, 20, 1;
L_0000019906ae5a90 .part L_0000019906af5de8, 21, 1;
L_0000019906ae76b0 .part L_0000019906b74930, 21, 1;
L_0000019906ae7570 .part L_0000019906ae8470, 21, 1;
L_0000019906ae7610 .part L_0000019906af5de8, 22, 1;
L_0000019906ae5bd0 .part L_0000019906b74930, 22, 1;
L_0000019906ae5c70 .part L_0000019906ae8470, 22, 1;
L_0000019906ae5d10 .part L_0000019906af5de8, 23, 1;
L_0000019906ae5e50 .part L_0000019906b74930, 23, 1;
L_0000019906ae9ff0 .part L_0000019906ae8470, 23, 1;
L_0000019906aea310 .part L_0000019906af5de8, 24, 1;
L_0000019906ae94b0 .part L_0000019906b74930, 24, 1;
L_0000019906ae9410 .part L_0000019906ae8470, 24, 1;
L_0000019906ae9f50 .part L_0000019906af5de8, 25, 1;
L_0000019906ae9050 .part L_0000019906b74930, 25, 1;
L_0000019906ae8830 .part L_0000019906ae8470, 25, 1;
L_0000019906ae85b0 .part L_0000019906af5de8, 26, 1;
L_0000019906ae8b50 .part L_0000019906b74930, 26, 1;
L_0000019906ae90f0 .part L_0000019906ae8470, 26, 1;
L_0000019906ae9690 .part L_0000019906af5de8, 27, 1;
L_0000019906aea770 .part L_0000019906b74930, 27, 1;
L_0000019906ae81f0 .part L_0000019906ae8470, 27, 1;
L_0000019906ae9af0 .part L_0000019906af5de8, 28, 1;
L_0000019906ae9230 .part L_0000019906b74930, 28, 1;
L_0000019906ae83d0 .part L_0000019906ae8470, 28, 1;
L_0000019906ae8150 .part L_0000019906af5de8, 29, 1;
L_0000019906aea130 .part L_0000019906b74930, 29, 1;
L_0000019906ae88d0 .part L_0000019906ae8470, 29, 1;
L_0000019906aea810 .part L_0000019906af5de8, 30, 1;
L_0000019906aea8b0 .part L_0000019906b74930, 30, 1;
L_0000019906ae97d0 .part L_0000019906ae8470, 30, 1;
L_0000019906aea3b0 .part L_0000019906af5de8, 31, 1;
L_0000019906ae8c90 .part L_0000019906b74930, 31, 1;
L_0000019906ae8290 .part L_0000019906ae8470, 31, 1;
LS_0000019906ae8970_0_0 .concat8 [ 1 1 1 1], L_0000019906b78750, L_0000019906b78520, L_0000019906b77a30, L_0000019906b784b0;
LS_0000019906ae8970_0_4 .concat8 [ 1 1 1 1], L_0000019906b76f40, L_0000019906b77790, L_0000019906b77170, L_0000019906b773a0;
LS_0000019906ae8970_0_8 .concat8 [ 1 1 1 1], L_0000019906b77cd0, L_0000019906b79240, L_0000019906b7a040, L_0000019906b79160;
LS_0000019906ae8970_0_12 .concat8 [ 1 1 1 1], L_0000019906b79710, L_0000019906b79a90, L_0000019906b7a350, L_0000019906b79e80;
LS_0000019906ae8970_0_16 .concat8 [ 1 1 1 1], L_0000019906b79b70, L_0000019906b78d70, L_0000019906b78bb0, L_0000019906b790f0;
LS_0000019906ae8970_0_20 .concat8 [ 1 1 1 1], L_0000019906b7b230, L_0000019906b7b310, L_0000019906b7ae40, L_0000019906b7a4a0;
LS_0000019906ae8970_0_24 .concat8 [ 1 1 1 1], L_0000019906b7ab30, L_0000019906b749a0, L_0000019906b73510, L_0000019906b735f0;
LS_0000019906ae8970_0_28 .concat8 [ 1 1 1 1], L_0000019906b74620, L_0000019906b73e40, L_0000019906b73ac0, L_0000019906b74d20;
LS_0000019906ae8970_1_0 .concat8 [ 4 4 4 4], LS_0000019906ae8970_0_0, LS_0000019906ae8970_0_4, LS_0000019906ae8970_0_8, LS_0000019906ae8970_0_12;
LS_0000019906ae8970_1_4 .concat8 [ 4 4 4 4], LS_0000019906ae8970_0_16, LS_0000019906ae8970_0_20, LS_0000019906ae8970_0_24, LS_0000019906ae8970_0_28;
L_0000019906ae8970 .concat8 [ 16 16 0 0], LS_0000019906ae8970_1_0, LS_0000019906ae8970_1_4;
LS_0000019906ae8470_0_0 .concat8 [ 1 1 1 1], L_0000019906b73580, L_0000019906b78210, L_0000019906b77e90, L_0000019906b77250;
LS_0000019906ae8470_0_4 .concat8 [ 1 1 1 1], L_0000019906b78600, L_0000019906b78670, L_0000019906b77100, L_0000019906b77330;
LS_0000019906ae8470_0_8 .concat8 [ 1 1 1 1], L_0000019906b77bf0, L_0000019906b79cc0, L_0000019906b788a0, L_0000019906b79400;
LS_0000019906ae8470_0_12 .concat8 [ 1 1 1 1], L_0000019906b78980, L_0000019906b79390, L_0000019906b78910, L_0000019906b792b0;
LS_0000019906ae8470_0_16 .concat8 [ 1 1 1 1], L_0000019906b799b0, L_0000019906b79ef0, L_0000019906b7a190, L_0000019906b78f30;
LS_0000019906ae8470_0_20 .concat8 [ 1 1 1 1], L_0000019906b7a890, L_0000019906b7b000, L_0000019906b7b150, L_0000019906b7aeb0;
LS_0000019906ae8470_0_24 .concat8 [ 1 1 1 1], L_0000019906b7a7b0, L_0000019906b7ad60, L_0000019906b74cb0, L_0000019906b73c10;
LS_0000019906ae8470_0_28 .concat8 [ 1 1 1 1], L_0000019906b73660, L_0000019906b74150, L_0000019906b73430, L_0000019906b747e0;
LS_0000019906ae8470_0_32 .concat8 [ 1 0 0 0], L_0000019906b74700;
LS_0000019906ae8470_1_0 .concat8 [ 4 4 4 4], LS_0000019906ae8470_0_0, LS_0000019906ae8470_0_4, LS_0000019906ae8470_0_8, LS_0000019906ae8470_0_12;
LS_0000019906ae8470_1_4 .concat8 [ 4 4 4 4], LS_0000019906ae8470_0_16, LS_0000019906ae8470_0_20, LS_0000019906ae8470_0_24, LS_0000019906ae8470_0_28;
LS_0000019906ae8470_1_8 .concat8 [ 1 0 0 0], LS_0000019906ae8470_0_32;
L_0000019906ae8470 .concat8 [ 16 16 1 0], LS_0000019906ae8470_1_0, LS_0000019906ae8470_1_4, LS_0000019906ae8470_1_8;
L_0000019906aea590 .part L_0000019906ae8470, 32, 1;
L_0000019906ae9370 .part L_0000019906ae8470, 31, 1;
L_0000019906aea270 .part L_0000019906ae8470, 32, 1;
S_0000019906a84a40 .scope generate, "fa_gen[0]" "fa_gen[0]" 9 17, 9 17 0, S_0000019906a83140;
 .timescale 0 0;
P_00000199069a53e0 .param/l "i" 0 9 17, +C4<00>;
S_0000019906a84bd0 .scope module, "fa" "full_adder" 9 18, 9 33 0, S_0000019906a84a40;
 .timescale 0 0;
    .port_info 0 /INPUT 1 "a";
    .port_info 1 /INPUT 1 "b";
    .port_info 2 /INPUT 1 "cin";
    .port_info 3 /OUTPUT 1 "sum";
    .port_info 4 /OUTPUT 1 "cout";
L_0000019906b778e0 .functor XOR 1, L_0000019906ae4b90, L_0000019906ae5770, C4<0>, C4<0>;
L_0000019906b78750 .functor XOR 1, L_0000019906b778e0, L_0000019906ae4cd0, C4<0>, C4<0>;
L_0000019906b77db0 .functor AND 1, L_0000019906ae4b90, L_0000019906ae5770, C4<1>, C4<1>;
L_0000019906b76e60 .functor XOR 1, L_0000019906ae4b90, L_0000019906ae5770, C4<0>, C4<0>;
L_0000019906b77e20 .functor AND 1, L_0000019906ae4cd0, L_0000019906b76e60, C4<1>, C4<1>;
L_0000019906b78210 .functor OR 1, L_0000019906b77db0, L_0000019906b77e20, C4<0>, C4<0>;
v0000019906a78160_0 .net *"_ivl_0", 0 0, L_0000019906b778e0;  1 drivers
v0000019906a78200_0 .net *"_ivl_4", 0 0, L_0000019906b77db0;  1 drivers
v0000019906a78de0_0 .net *"_ivl_6", 0 0, L_0000019906b76e60;  1 drivers
v0000019906a79d80_0 .net *"_ivl_8", 0 0, L_0000019906b77e20;  1 drivers
v0000019906a7a320_0 .net "a", 0 0, L_0000019906ae4b90;  1 drivers
v0000019906a77ee0_0 .net "b", 0 0, L_0000019906ae5770;  1 drivers
v0000019906a79380_0 .net "cin", 0 0, L_0000019906ae4cd0;  1 drivers
v0000019906a78a20_0 .net "cout", 0 0, L_0000019906b78210;  1 drivers
v0000019906a794c0_0 .net "sum", 0 0, L_0000019906b78750;  1 drivers
S_0000019906a83dc0 .scope generate, "fa_gen[1]" "fa_gen[1]" 9 17, 9 17 0, S_0000019906a83140;
 .timescale 0 0;
P_00000199069a55a0 .param/l "i" 0 9 17, +C4<01>;
S_0000019906a82e20 .scope module, "fa" "full_adder" 9 18, 9 33 0, S_0000019906a83dc0;
 .timescale 0 0;
    .port_info 0 /INPUT 1 "a";
    .port_info 1 /INPUT 1 "b";
    .port_info 2 /INPUT 1 "cin";
    .port_info 3 /OUTPUT 1 "sum";
    .port_info 4 /OUTPUT 1 "cout";
L_0000019906b78360 .functor XOR 1, L_0000019906ae4d70, L_0000019906ae4e10, C4<0>, C4<0>;
L_0000019906b78520 .functor XOR 1, L_0000019906b78360, L_0000019906ae5630, C4<0>, C4<0>;
L_0000019906b779c0 .functor AND 1, L_0000019906ae4d70, L_0000019906ae4e10, C4<1>, C4<1>;
L_0000019906b787c0 .functor XOR 1, L_0000019906ae4d70, L_0000019906ae4e10, C4<0>, C4<0>;
L_0000019906b76c30 .functor AND 1, L_0000019906ae5630, L_0000019906b787c0, C4<1>, C4<1>;
L_0000019906b77e90 .functor OR 1, L_0000019906b779c0, L_0000019906b76c30, C4<0>, C4<0>;
v0000019906a787a0_0 .net *"_ivl_0", 0 0, L_0000019906b78360;  1 drivers
v0000019906a7a0a0_0 .net *"_ivl_4", 0 0, L_0000019906b779c0;  1 drivers
v0000019906a79560_0 .net *"_ivl_6", 0 0, L_0000019906b787c0;  1 drivers
v0000019906a78ca0_0 .net *"_ivl_8", 0 0, L_0000019906b76c30;  1 drivers
v0000019906a78d40_0 .net "a", 0 0, L_0000019906ae4d70;  1 drivers
v0000019906a78340_0 .net "b", 0 0, L_0000019906ae4e10;  1 drivers
v0000019906a78020_0 .net "cin", 0 0, L_0000019906ae5630;  1 drivers
v0000019906a79b00_0 .net "cout", 0 0, L_0000019906b77e90;  1 drivers
v0000019906a78fc0_0 .net "sum", 0 0, L_0000019906b78520;  1 drivers
S_0000019906a83aa0 .scope generate, "fa_gen[2]" "fa_gen[2]" 9 17, 9 17 0, S_0000019906a83140;
 .timescale 0 0;
P_00000199069a5b20 .param/l "i" 0 9 17, +C4<010>;
S_0000019906a84720 .scope module, "fa" "full_adder" 9 18, 9 33 0, S_0000019906a83aa0;
 .timescale 0 0;
    .port_info 0 /INPUT 1 "a";
    .port_info 1 /INPUT 1 "b";
    .port_info 2 /INPUT 1 "cin";
    .port_info 3 /OUTPUT 1 "sum";
    .port_info 4 /OUTPUT 1 "cout";
L_0000019906b786e0 .functor XOR 1, L_0000019906ae56d0, L_0000019906ae71b0, C4<0>, C4<0>;
L_0000019906b77a30 .functor XOR 1, L_0000019906b786e0, L_0000019906ae7890, C4<0>, C4<0>;
L_0000019906b77fe0 .functor AND 1, L_0000019906ae56d0, L_0000019906ae71b0, C4<1>, C4<1>;
L_0000019906b76d10 .functor XOR 1, L_0000019906ae56d0, L_0000019906ae71b0, C4<0>, C4<0>;
L_0000019906b775d0 .functor AND 1, L_0000019906ae7890, L_0000019906b76d10, C4<1>, C4<1>;
L_0000019906b77250 .functor OR 1, L_0000019906b77fe0, L_0000019906b775d0, C4<0>, C4<0>;
v0000019906a7a3c0_0 .net *"_ivl_0", 0 0, L_0000019906b786e0;  1 drivers
v0000019906a7a500_0 .net *"_ivl_4", 0 0, L_0000019906b77fe0;  1 drivers
v0000019906a79ba0_0 .net *"_ivl_6", 0 0, L_0000019906b76d10;  1 drivers
v0000019906a7a5a0_0 .net *"_ivl_8", 0 0, L_0000019906b775d0;  1 drivers
v0000019906a79c40_0 .net "a", 0 0, L_0000019906ae56d0;  1 drivers
v0000019906a77f80_0 .net "b", 0 0, L_0000019906ae71b0;  1 drivers
v0000019906a7c4e0_0 .net "cin", 0 0, L_0000019906ae7890;  1 drivers
v0000019906a7abe0_0 .net "cout", 0 0, L_0000019906b77250;  1 drivers
v0000019906a7c8a0_0 .net "sum", 0 0, L_0000019906b77a30;  1 drivers
S_0000019906a83780 .scope generate, "fa_gen[3]" "fa_gen[3]" 9 17, 9 17 0, S_0000019906a83140;
 .timescale 0 0;
P_00000199069a5620 .param/l "i" 0 9 17, +C4<011>;
S_0000019906a83c30 .scope module, "fa" "full_adder" 9 18, 9 33 0, S_0000019906a83780;
 .timescale 0 0;
    .port_info 0 /INPUT 1 "a";
    .port_info 1 /INPUT 1 "b";
    .port_info 2 /INPUT 1 "cin";
    .port_info 3 /OUTPUT 1 "sum";
    .port_info 4 /OUTPUT 1 "cout";
L_0000019906b771e0 .functor XOR 1, L_0000019906ae7cf0, L_0000019906ae62b0, C4<0>, C4<0>;
L_0000019906b784b0 .functor XOR 1, L_0000019906b771e0, L_0000019906ae63f0, C4<0>, C4<0>;
L_0000019906b78130 .functor AND 1, L_0000019906ae7cf0, L_0000019906ae62b0, C4<1>, C4<1>;
L_0000019906b774f0 .functor XOR 1, L_0000019906ae7cf0, L_0000019906ae62b0, C4<0>, C4<0>;
L_0000019906b78590 .functor AND 1, L_0000019906ae63f0, L_0000019906b774f0, C4<1>, C4<1>;
L_0000019906b78600 .functor OR 1, L_0000019906b78130, L_0000019906b78590, C4<0>, C4<0>;
v0000019906a7ad20_0 .net *"_ivl_0", 0 0, L_0000019906b771e0;  1 drivers
v0000019906a7b860_0 .net *"_ivl_4", 0 0, L_0000019906b78130;  1 drivers
v0000019906a7a6e0_0 .net *"_ivl_6", 0 0, L_0000019906b774f0;  1 drivers
v0000019906a7c080_0 .net *"_ivl_8", 0 0, L_0000019906b78590;  1 drivers
v0000019906a7adc0_0 .net "a", 0 0, L_0000019906ae7cf0;  1 drivers
v0000019906a7b2c0_0 .net "b", 0 0, L_0000019906ae62b0;  1 drivers
v0000019906a7c6c0_0 .net "cin", 0 0, L_0000019906ae63f0;  1 drivers
v0000019906a7c580_0 .net "cout", 0 0, L_0000019906b78600;  1 drivers
v0000019906a7ba40_0 .net "sum", 0 0, L_0000019906b784b0;  1 drivers
S_0000019906a83f50 .scope generate, "fa_gen[4]" "fa_gen[4]" 9 17, 9 17 0, S_0000019906a83140;
 .timescale 0 0;
P_00000199069a5a60 .param/l "i" 0 9 17, +C4<0100>;
S_0000019906a82fb0 .scope module, "fa" "full_adder" 9 18, 9 33 0, S_0000019906a83f50;
 .timescale 0 0;
    .port_info 0 /INPUT 1 "a";
    .port_info 1 /INPUT 1 "b";
    .port_info 2 /INPUT 1 "cin";
    .port_info 3 /OUTPUT 1 "sum";
    .port_info 4 /OUTPUT 1 "cout";
L_0000019906b776b0 .functor XOR 1, L_0000019906ae6670, L_0000019906ae7930, C4<0>, C4<0>;
L_0000019906b76f40 .functor XOR 1, L_0000019906b776b0, L_0000019906ae7bb0, C4<0>, C4<0>;
L_0000019906b76fb0 .functor AND 1, L_0000019906ae6670, L_0000019906ae7930, C4<1>, C4<1>;
L_0000019906b77720 .functor XOR 1, L_0000019906ae6670, L_0000019906ae7930, C4<0>, C4<0>;
L_0000019906b78280 .functor AND 1, L_0000019906ae7bb0, L_0000019906b77720, C4<1>, C4<1>;
L_0000019906b78670 .functor OR 1, L_0000019906b76fb0, L_0000019906b78280, C4<0>, C4<0>;
v0000019906a7c760_0 .net *"_ivl_0", 0 0, L_0000019906b776b0;  1 drivers
v0000019906a7b720_0 .net *"_ivl_4", 0 0, L_0000019906b76fb0;  1 drivers
v0000019906a7aa00_0 .net *"_ivl_6", 0 0, L_0000019906b77720;  1 drivers
v0000019906a7ae60_0 .net *"_ivl_8", 0 0, L_0000019906b78280;  1 drivers
v0000019906a7b5e0_0 .net "a", 0 0, L_0000019906ae6670;  1 drivers
v0000019906a7b900_0 .net "b", 0 0, L_0000019906ae7930;  1 drivers
v0000019906a7bea0_0 .net "cin", 0 0, L_0000019906ae7bb0;  1 drivers
v0000019906a7c800_0 .net "cout", 0 0, L_0000019906b78670;  1 drivers
v0000019906a7c120_0 .net "sum", 0 0, L_0000019906b76f40;  1 drivers
S_0000019906a83910 .scope generate, "fa_gen[5]" "fa_gen[5]" 9 17, 9 17 0, S_0000019906a83140;
 .timescale 0 0;
P_00000199069a59a0 .param/l "i" 0 9 17, +C4<0101>;
S_0000019906a832d0 .scope module, "fa" "full_adder" 9 18, 9 33 0, S_0000019906a83910;
 .timescale 0 0;
    .port_info 0 /INPUT 1 "a";
    .port_info 1 /INPUT 1 "b";
    .port_info 2 /INPUT 1 "cin";
    .port_info 3 /OUTPUT 1 "sum";
    .port_info 4 /OUTPUT 1 "cout";
L_0000019906b781a0 .functor XOR 1, L_0000019906ae6710, L_0000019906ae6df0, C4<0>, C4<0>;
L_0000019906b77790 .functor XOR 1, L_0000019906b781a0, L_0000019906ae6490, C4<0>, C4<0>;
L_0000019906b782f0 .functor AND 1, L_0000019906ae6710, L_0000019906ae6df0, C4<1>, C4<1>;
L_0000019906b77020 .functor XOR 1, L_0000019906ae6710, L_0000019906ae6df0, C4<0>, C4<0>;
L_0000019906b77090 .functor AND 1, L_0000019906ae6490, L_0000019906b77020, C4<1>, C4<1>;
L_0000019906b77100 .functor OR 1, L_0000019906b782f0, L_0000019906b77090, C4<0>, C4<0>;
v0000019906a7af00_0 .net *"_ivl_0", 0 0, L_0000019906b781a0;  1 drivers
v0000019906a7cd00_0 .net *"_ivl_4", 0 0, L_0000019906b782f0;  1 drivers
v0000019906a7c440_0 .net *"_ivl_6", 0 0, L_0000019906b77020;  1 drivers
v0000019906a7afa0_0 .net *"_ivl_8", 0 0, L_0000019906b77090;  1 drivers
v0000019906a7bb80_0 .net "a", 0 0, L_0000019906ae6710;  1 drivers
v0000019906a7b400_0 .net "b", 0 0, L_0000019906ae6df0;  1 drivers
v0000019906a7bf40_0 .net "cin", 0 0, L_0000019906ae6490;  1 drivers
v0000019906a7b4a0_0 .net "cout", 0 0, L_0000019906b77100;  1 drivers
v0000019906a7bd60_0 .net "sum", 0 0, L_0000019906b77790;  1 drivers
S_0000019906a840e0 .scope generate, "fa_gen[6]" "fa_gen[6]" 9 17, 9 17 0, S_0000019906a83140;
 .timescale 0 0;
P_00000199069a5060 .param/l "i" 0 9 17, +C4<0110>;
S_0000019906a84270 .scope module, "fa" "full_adder" 9 18, 9 33 0, S_0000019906a840e0;
 .timescale 0 0;
    .port_info 0 /INPUT 1 "a";
    .port_info 1 /INPUT 1 "b";
    .port_info 2 /INPUT 1 "cin";
    .port_info 3 /OUTPUT 1 "sum";
    .port_info 4 /OUTPUT 1 "cout";
L_0000019906b77870 .functor XOR 1, L_0000019906ae5b30, L_0000019906ae6e90, C4<0>, C4<0>;
L_0000019906b77170 .functor XOR 1, L_0000019906b77870, L_0000019906ae6030, C4<0>, C4<0>;
L_0000019906b780c0 .functor AND 1, L_0000019906ae5b30, L_0000019906ae6e90, C4<1>, C4<1>;
L_0000019906b77950 .functor XOR 1, L_0000019906ae5b30, L_0000019906ae6e90, C4<0>, C4<0>;
L_0000019906b77f00 .functor AND 1, L_0000019906ae6030, L_0000019906b77950, C4<1>, C4<1>;
L_0000019906b77330 .functor OR 1, L_0000019906b780c0, L_0000019906b77f00, C4<0>, C4<0>;
v0000019906a7c620_0 .net *"_ivl_0", 0 0, L_0000019906b77870;  1 drivers
v0000019906a7cda0_0 .net *"_ivl_4", 0 0, L_0000019906b780c0;  1 drivers
v0000019906a7a640_0 .net *"_ivl_6", 0 0, L_0000019906b77950;  1 drivers
v0000019906a7b220_0 .net *"_ivl_8", 0 0, L_0000019906b77f00;  1 drivers
v0000019906a7a780_0 .net "a", 0 0, L_0000019906ae5b30;  1 drivers
v0000019906a7c940_0 .net "b", 0 0, L_0000019906ae6e90;  1 drivers
v0000019906a7a8c0_0 .net "cin", 0 0, L_0000019906ae6030;  1 drivers
v0000019906a7b680_0 .net "cout", 0 0, L_0000019906b77330;  1 drivers
v0000019906a7aaa0_0 .net "sum", 0 0, L_0000019906b77170;  1 drivers
S_0000019906a84400 .scope generate, "fa_gen[7]" "fa_gen[7]" 9 17, 9 17 0, S_0000019906a83140;
 .timescale 0 0;
P_00000199069a5260 .param/l "i" 0 9 17, +C4<0111>;
S_0000019906a83460 .scope module, "fa" "full_adder" 9 18, 9 33 0, S_0000019906a84400;
 .timescale 0 0;
    .port_info 0 /INPUT 1 "a";
    .port_info 1 /INPUT 1 "b";
    .port_info 2 /INPUT 1 "cin";
    .port_info 3 /OUTPUT 1 "sum";
    .port_info 4 /OUTPUT 1 "cout";
L_0000019906b772c0 .functor XOR 1, L_0000019906ae68f0, L_0000019906ae6350, C4<0>, C4<0>;
L_0000019906b773a0 .functor XOR 1, L_0000019906b772c0, L_0000019906ae6b70, C4<0>, C4<0>;
L_0000019906b77aa0 .functor AND 1, L_0000019906ae68f0, L_0000019906ae6350, C4<1>, C4<1>;
L_0000019906b77b10 .functor XOR 1, L_0000019906ae68f0, L_0000019906ae6350, C4<0>, C4<0>;
L_0000019906b77b80 .functor AND 1, L_0000019906ae6b70, L_0000019906b77b10, C4<1>, C4<1>;
L_0000019906b77bf0 .functor OR 1, L_0000019906b77aa0, L_0000019906b77b80, C4<0>, C4<0>;
v0000019906a7bcc0_0 .net *"_ivl_0", 0 0, L_0000019906b772c0;  1 drivers
v0000019906a7c1c0_0 .net *"_ivl_4", 0 0, L_0000019906b77aa0;  1 drivers
v0000019906a7c260_0 .net *"_ivl_6", 0 0, L_0000019906b77b10;  1 drivers
v0000019906a7c9e0_0 .net *"_ivl_8", 0 0, L_0000019906b77b80;  1 drivers
v0000019906a7b7c0_0 .net "a", 0 0, L_0000019906ae68f0;  1 drivers
v0000019906a7ac80_0 .net "b", 0 0, L_0000019906ae6350;  1 drivers
v0000019906a7b0e0_0 .net "cin", 0 0, L_0000019906ae6b70;  1 drivers
v0000019906a7b9a0_0 .net "cout", 0 0, L_0000019906b77bf0;  1 drivers
v0000019906a7bae0_0 .net "sum", 0 0, L_0000019906b773a0;  1 drivers
S_0000019906a84590 .scope generate, "fa_gen[8]" "fa_gen[8]" 9 17, 9 17 0, S_0000019906a83140;
 .timescale 0 0;
P_00000199069a5ee0 .param/l "i" 0 9 17, +C4<01000>;
S_0000019906a835f0 .scope module, "fa" "full_adder" 9 18, 9 33 0, S_0000019906a84590;
 .timescale 0 0;
    .port_info 0 /INPUT 1 "a";
    .port_info 1 /INPUT 1 "b";
    .port_info 2 /INPUT 1 "cin";
    .port_info 3 /OUTPUT 1 "sum";
    .port_info 4 /OUTPUT 1 "cout";
L_0000019906b77c60 .functor XOR 1, L_0000019906ae67b0, L_0000019906ae7110, C4<0>, C4<0>;
L_0000019906b77cd0 .functor XOR 1, L_0000019906b77c60, L_0000019906ae7390, C4<0>, C4<0>;
L_0000019906b77f70 .functor AND 1, L_0000019906ae67b0, L_0000019906ae7110, C4<1>, C4<1>;
L_0000019906b78050 .functor XOR 1, L_0000019906ae67b0, L_0000019906ae7110, C4<0>, C4<0>;
L_0000019906b78830 .functor AND 1, L_0000019906ae7390, L_0000019906b78050, C4<1>, C4<1>;
L_0000019906b79cc0 .functor OR 1, L_0000019906b77f70, L_0000019906b78830, C4<0>, C4<0>;
v0000019906a7b040_0 .net *"_ivl_0", 0 0, L_0000019906b77c60;  1 drivers
v0000019906a7b180_0 .net *"_ivl_4", 0 0, L_0000019906b77f70;  1 drivers
v0000019906a7c3a0_0 .net *"_ivl_6", 0 0, L_0000019906b78050;  1 drivers
v0000019906a7bfe0_0 .net *"_ivl_8", 0 0, L_0000019906b78830;  1 drivers
v0000019906a7ca80_0 .net "a", 0 0, L_0000019906ae67b0;  1 drivers
v0000019906a7c300_0 .net "b", 0 0, L_0000019906ae7110;  1 drivers
v0000019906a7b360_0 .net "cin", 0 0, L_0000019906ae7390;  1 drivers
v0000019906a7a820_0 .net "cout", 0 0, L_0000019906b79cc0;  1 drivers
v0000019906a7b540_0 .net "sum", 0 0, L_0000019906b77cd0;  1 drivers
S_0000019906a848b0 .scope generate, "fa_gen[9]" "fa_gen[9]" 9 17, 9 17 0, S_0000019906a83140;
 .timescale 0 0;
P_00000199069a52a0 .param/l "i" 0 9 17, +C4<01001>;
S_0000019906a85ab0 .scope module, "fa" "full_adder" 9 18, 9 33 0, S_0000019906a848b0;
 .timescale 0 0;
    .port_info 0 /INPUT 1 "a";
    .port_info 1 /INPUT 1 "b";
    .port_info 2 /INPUT 1 "cin";
    .port_info 3 /OUTPUT 1 "sum";
    .port_info 4 /OUTPUT 1 "cout";
L_0000019906b79a20 .functor XOR 1, L_0000019906ae7a70, L_0000019906ae5ef0, C4<0>, C4<0>;
L_0000019906b79240 .functor XOR 1, L_0000019906b79a20, L_0000019906ae60d0, C4<0>, C4<0>;
L_0000019906b79780 .functor AND 1, L_0000019906ae7a70, L_0000019906ae5ef0, C4<1>, C4<1>;
L_0000019906b79b00 .functor XOR 1, L_0000019906ae7a70, L_0000019906ae5ef0, C4<0>, C4<0>;
L_0000019906b79470 .functor AND 1, L_0000019906ae60d0, L_0000019906b79b00, C4<1>, C4<1>;
L_0000019906b788a0 .functor OR 1, L_0000019906b79780, L_0000019906b79470, C4<0>, C4<0>;
v0000019906a7cb20_0 .net *"_ivl_0", 0 0, L_0000019906b79a20;  1 drivers
v0000019906a7bc20_0 .net *"_ivl_4", 0 0, L_0000019906b79780;  1 drivers
v0000019906a7be00_0 .net *"_ivl_6", 0 0, L_0000019906b79b00;  1 drivers
v0000019906a7cbc0_0 .net *"_ivl_8", 0 0, L_0000019906b79470;  1 drivers
v0000019906a7cc60_0 .net "a", 0 0, L_0000019906ae7a70;  1 drivers
v0000019906a7a960_0 .net "b", 0 0, L_0000019906ae5ef0;  1 drivers
v0000019906a7ab40_0 .net "cin", 0 0, L_0000019906ae60d0;  1 drivers
v0000019906a7f500_0 .net "cout", 0 0, L_0000019906b788a0;  1 drivers
v0000019906a7dfc0_0 .net "sum", 0 0, L_0000019906b79240;  1 drivers
S_0000019906a860f0 .scope generate, "fa_gen[10]" "fa_gen[10]" 9 17, 9 17 0, S_0000019906a83140;
 .timescale 0 0;
P_00000199069a5ce0 .param/l "i" 0 9 17, +C4<01010>;
S_0000019906a85c40 .scope module, "fa" "full_adder" 9 18, 9 33 0, S_0000019906a860f0;
 .timescale 0 0;
    .port_info 0 /INPUT 1 "a";
    .port_info 1 /INPUT 1 "b";
    .port_info 2 /INPUT 1 "cin";
    .port_info 3 /OUTPUT 1 "sum";
    .port_info 4 /OUTPUT 1 "cout";
L_0000019906b79da0 .functor XOR 1, L_0000019906ae5f90, L_0000019906ae6170, C4<0>, C4<0>;
L_0000019906b7a040 .functor XOR 1, L_0000019906b79da0, L_0000019906ae7b10, C4<0>, C4<0>;
L_0000019906b791d0 .functor AND 1, L_0000019906ae5f90, L_0000019906ae6170, C4<1>, C4<1>;
L_0000019906b7a2e0 .functor XOR 1, L_0000019906ae5f90, L_0000019906ae6170, C4<0>, C4<0>;
L_0000019906b7a270 .functor AND 1, L_0000019906ae7b10, L_0000019906b7a2e0, C4<1>, C4<1>;
L_0000019906b79400 .functor OR 1, L_0000019906b791d0, L_0000019906b7a270, C4<0>, C4<0>;
v0000019906a7e060_0 .net *"_ivl_0", 0 0, L_0000019906b79da0;  1 drivers
v0000019906a7de80_0 .net *"_ivl_4", 0 0, L_0000019906b791d0;  1 drivers
v0000019906a7cee0_0 .net *"_ivl_6", 0 0, L_0000019906b7a2e0;  1 drivers
v0000019906a7db60_0 .net *"_ivl_8", 0 0, L_0000019906b7a270;  1 drivers
v0000019906a7e920_0 .net "a", 0 0, L_0000019906ae5f90;  1 drivers
v0000019906a7ce40_0 .net "b", 0 0, L_0000019906ae6170;  1 drivers
v0000019906a7d2a0_0 .net "cin", 0 0, L_0000019906ae7b10;  1 drivers
v0000019906a7dc00_0 .net "cout", 0 0, L_0000019906b79400;  1 drivers
v0000019906a7d520_0 .net "sum", 0 0, L_0000019906b7a040;  1 drivers
S_0000019906a84fc0 .scope generate, "fa_gen[11]" "fa_gen[11]" 9 17, 9 17 0, S_0000019906a83140;
 .timescale 0 0;
P_00000199069a5320 .param/l "i" 0 9 17, +C4<01011>;
S_0000019906a86be0 .scope module, "fa" "full_adder" 9 18, 9 33 0, S_0000019906a84fc0;
 .timescale 0 0;
    .port_info 0 /INPUT 1 "a";
    .port_info 1 /INPUT 1 "b";
    .port_info 2 /INPUT 1 "cin";
    .port_info 3 /OUTPUT 1 "sum";
    .port_info 4 /OUTPUT 1 "cout";
L_0000019906b79320 .functor XOR 1, L_0000019906ae8010, L_0000019906ae6fd0, C4<0>, C4<0>;
L_0000019906b79160 .functor XOR 1, L_0000019906b79320, L_0000019906ae7750, C4<0>, C4<0>;
L_0000019906b78e50 .functor AND 1, L_0000019906ae8010, L_0000019906ae6fd0, C4<1>, C4<1>;
L_0000019906b78d00 .functor XOR 1, L_0000019906ae8010, L_0000019906ae6fd0, C4<0>, C4<0>;
L_0000019906b79c50 .functor AND 1, L_0000019906ae7750, L_0000019906b78d00, C4<1>, C4<1>;
L_0000019906b78980 .functor OR 1, L_0000019906b78e50, L_0000019906b79c50, C4<0>, C4<0>;
v0000019906a7d0c0_0 .net *"_ivl_0", 0 0, L_0000019906b79320;  1 drivers
v0000019906a7cf80_0 .net *"_ivl_4", 0 0, L_0000019906b78e50;  1 drivers
v0000019906a7f460_0 .net *"_ivl_6", 0 0, L_0000019906b78d00;  1 drivers
v0000019906a7ef60_0 .net *"_ivl_8", 0 0, L_0000019906b79c50;  1 drivers
v0000019906a7e560_0 .net "a", 0 0, L_0000019906ae8010;  1 drivers
v0000019906a7d660_0 .net "b", 0 0, L_0000019906ae6fd0;  1 drivers
v0000019906a7f0a0_0 .net "cin", 0 0, L_0000019906ae7750;  1 drivers
v0000019906a7d480_0 .net "cout", 0 0, L_0000019906b78980;  1 drivers
v0000019906a7d700_0 .net "sum", 0 0, L_0000019906b79160;  1 drivers
S_0000019906a85dd0 .scope generate, "fa_gen[12]" "fa_gen[12]" 9 17, 9 17 0, S_0000019906a83140;
 .timescale 0 0;
P_00000199069a5c20 .param/l "i" 0 9 17, +C4<01100>;
S_0000019906a85f60 .scope module, "fa" "full_adder" 9 18, 9 33 0, S_0000019906a85dd0;
 .timescale 0 0;
    .port_info 0 /INPUT 1 "a";
    .port_info 1 /INPUT 1 "b";
    .port_info 2 /INPUT 1 "cin";
    .port_info 3 /OUTPUT 1 "sum";
    .port_info 4 /OUTPUT 1 "cout";
L_0000019906b789f0 .functor XOR 1, L_0000019906ae80b0, L_0000019906ae7d90, C4<0>, C4<0>;
L_0000019906b79710 .functor XOR 1, L_0000019906b789f0, L_0000019906ae5db0, C4<0>, C4<0>;
L_0000019906b79550 .functor AND 1, L_0000019906ae80b0, L_0000019906ae7d90, C4<1>, C4<1>;
L_0000019906b78de0 .functor XOR 1, L_0000019906ae80b0, L_0000019906ae7d90, C4<0>, C4<0>;
L_0000019906b78c90 .functor AND 1, L_0000019906ae5db0, L_0000019906b78de0, C4<1>, C4<1>;
L_0000019906b79390 .functor OR 1, L_0000019906b79550, L_0000019906b78c90, C4<0>, C4<0>;
v0000019906a7d980_0 .net *"_ivl_0", 0 0, L_0000019906b789f0;  1 drivers
v0000019906a7eba0_0 .net *"_ivl_4", 0 0, L_0000019906b79550;  1 drivers
v0000019906a7e740_0 .net *"_ivl_6", 0 0, L_0000019906b78de0;  1 drivers
v0000019906a7e600_0 .net *"_ivl_8", 0 0, L_0000019906b78c90;  1 drivers
v0000019906a7e7e0_0 .net "a", 0 0, L_0000019906ae80b0;  1 drivers
v0000019906a7d020_0 .net "b", 0 0, L_0000019906ae7d90;  1 drivers
v0000019906a7d840_0 .net "cin", 0 0, L_0000019906ae5db0;  1 drivers
v0000019906a7e2e0_0 .net "cout", 0 0, L_0000019906b79390;  1 drivers
v0000019906a7f1e0_0 .net "sum", 0 0, L_0000019906b79710;  1 drivers
S_0000019906a86280 .scope generate, "fa_gen[13]" "fa_gen[13]" 9 17, 9 17 0, S_0000019906a83140;
 .timescale 0 0;
P_00000199069a5720 .param/l "i" 0 9 17, +C4<01101>;
S_0000019906a86730 .scope module, "fa" "full_adder" 9 18, 9 33 0, S_0000019906a86280;
 .timescale 0 0;
    .port_info 0 /INPUT 1 "a";
    .port_info 1 /INPUT 1 "b";
    .port_info 2 /INPUT 1 "cin";
    .port_info 3 /OUTPUT 1 "sum";
    .port_info 4 /OUTPUT 1 "cout";
L_0000019906b795c0 .functor XOR 1, L_0000019906ae6f30, L_0000019906ae6a30, C4<0>, C4<0>;
L_0000019906b79a90 .functor XOR 1, L_0000019906b795c0, L_0000019906ae77f0, C4<0>, C4<0>;
L_0000019906b794e0 .functor AND 1, L_0000019906ae6f30, L_0000019906ae6a30, C4<1>, C4<1>;
L_0000019906b79630 .functor XOR 1, L_0000019906ae6f30, L_0000019906ae6a30, C4<0>, C4<0>;
L_0000019906b79e10 .functor AND 1, L_0000019906ae77f0, L_0000019906b79630, C4<1>, C4<1>;
L_0000019906b78910 .functor OR 1, L_0000019906b794e0, L_0000019906b79e10, C4<0>, C4<0>;
v0000019906a7dca0_0 .net *"_ivl_0", 0 0, L_0000019906b795c0;  1 drivers
v0000019906a7f000_0 .net *"_ivl_4", 0 0, L_0000019906b794e0;  1 drivers
v0000019906a7d5c0_0 .net *"_ivl_6", 0 0, L_0000019906b79630;  1 drivers
v0000019906a7ece0_0 .net *"_ivl_8", 0 0, L_0000019906b79e10;  1 drivers
v0000019906a7f140_0 .net "a", 0 0, L_0000019906ae6f30;  1 drivers
v0000019906a7e6a0_0 .net "b", 0 0, L_0000019906ae6a30;  1 drivers
v0000019906a7e100_0 .net "cin", 0 0, L_0000019906ae77f0;  1 drivers
v0000019906a7e880_0 .net "cout", 0 0, L_0000019906b78910;  1 drivers
v0000019906a7e9c0_0 .net "sum", 0 0, L_0000019906b79a90;  1 drivers
S_0000019906a868c0 .scope generate, "fa_gen[14]" "fa_gen[14]" 9 17, 9 17 0, S_0000019906a83140;
 .timescale 0 0;
P_00000199069a50e0 .param/l "i" 0 9 17, +C4<01110>;
S_0000019906a85790 .scope module, "fa" "full_adder" 9 18, 9 33 0, S_0000019906a868c0;
 .timescale 0 0;
    .port_info 0 /INPUT 1 "a";
    .port_info 1 /INPUT 1 "b";
    .port_info 2 /INPUT 1 "cin";
    .port_info 3 /OUTPUT 1 "sum";
    .port_info 4 /OUTPUT 1 "cout";
L_0000019906b7a3c0 .functor XOR 1, L_0000019906ae6210, L_0000019906ae6850, C4<0>, C4<0>;
L_0000019906b7a350 .functor XOR 1, L_0000019906b7a3c0, L_0000019906ae6990, C4<0>, C4<0>;
L_0000019906b796a0 .functor AND 1, L_0000019906ae6210, L_0000019906ae6850, C4<1>, C4<1>;
L_0000019906b79be0 .functor XOR 1, L_0000019906ae6210, L_0000019906ae6850, C4<0>, C4<0>;
L_0000019906b797f0 .functor AND 1, L_0000019906ae6990, L_0000019906b79be0, C4<1>, C4<1>;
L_0000019906b792b0 .functor OR 1, L_0000019906b796a0, L_0000019906b797f0, C4<0>, C4<0>;
v0000019906a7d7a0_0 .net *"_ivl_0", 0 0, L_0000019906b7a3c0;  1 drivers
v0000019906a7e1a0_0 .net *"_ivl_4", 0 0, L_0000019906b796a0;  1 drivers
v0000019906a7ea60_0 .net *"_ivl_6", 0 0, L_0000019906b79be0;  1 drivers
v0000019906a7eb00_0 .net *"_ivl_8", 0 0, L_0000019906b797f0;  1 drivers
v0000019906a7d160_0 .net "a", 0 0, L_0000019906ae6210;  1 drivers
v0000019906a7e380_0 .net "b", 0 0, L_0000019906ae6850;  1 drivers
v0000019906a7e240_0 .net "cin", 0 0, L_0000019906ae6990;  1 drivers
v0000019906a7ee20_0 .net "cout", 0 0, L_0000019906b792b0;  1 drivers
v0000019906a7ec40_0 .net "sum", 0 0, L_0000019906b7a350;  1 drivers
S_0000019906a85470 .scope generate, "fa_gen[15]" "fa_gen[15]" 9 17, 9 17 0, S_0000019906a83140;
 .timescale 0 0;
P_00000199069a5aa0 .param/l "i" 0 9 17, +C4<01111>;
S_0000019906a865a0 .scope module, "fa" "full_adder" 9 18, 9 33 0, S_0000019906a85470;
 .timescale 0 0;
    .port_info 0 /INPUT 1 "a";
    .port_info 1 /INPUT 1 "b";
    .port_info 2 /INPUT 1 "cin";
    .port_info 3 /OUTPUT 1 "sum";
    .port_info 4 /OUTPUT 1 "cout";
L_0000019906b79860 .functor XOR 1, L_0000019906ae6c10, L_0000019906ae7c50, C4<0>, C4<0>;
L_0000019906b79e80 .functor XOR 1, L_0000019906b79860, L_0000019906ae6530, C4<0>, C4<0>;
L_0000019906b798d0 .functor AND 1, L_0000019906ae6c10, L_0000019906ae7c50, C4<1>, C4<1>;
L_0000019906b79940 .functor XOR 1, L_0000019906ae6c10, L_0000019906ae7c50, C4<0>, C4<0>;
L_0000019906b78a60 .functor AND 1, L_0000019906ae6530, L_0000019906b79940, C4<1>, C4<1>;
L_0000019906b799b0 .functor OR 1, L_0000019906b798d0, L_0000019906b78a60, C4<0>, C4<0>;
v0000019906a7d8e0_0 .net *"_ivl_0", 0 0, L_0000019906b79860;  1 drivers
v0000019906a7da20_0 .net *"_ivl_4", 0 0, L_0000019906b798d0;  1 drivers
v0000019906a7ed80_0 .net *"_ivl_6", 0 0, L_0000019906b79940;  1 drivers
v0000019906a7eec0_0 .net *"_ivl_8", 0 0, L_0000019906b78a60;  1 drivers
v0000019906a7dac0_0 .net "a", 0 0, L_0000019906ae6c10;  1 drivers
v0000019906a7f280_0 .net "b", 0 0, L_0000019906ae7c50;  1 drivers
v0000019906a7f320_0 .net "cin", 0 0, L_0000019906ae6530;  1 drivers
v0000019906a7f3c0_0 .net "cout", 0 0, L_0000019906b799b0;  1 drivers
v0000019906a7d200_0 .net "sum", 0 0, L_0000019906b79e80;  1 drivers
S_0000019906a86a50 .scope generate, "fa_gen[16]" "fa_gen[16]" 9 17, 9 17 0, S_0000019906a83140;
 .timescale 0 0;
P_00000199069a5420 .param/l "i" 0 9 17, +C4<010000>;
S_0000019906a84e30 .scope module, "fa" "full_adder" 9 18, 9 33 0, S_0000019906a86a50;
 .timescale 0 0;
    .port_info 0 /INPUT 1 "a";
    .port_info 1 /INPUT 1 "b";
    .port_info 2 /INPUT 1 "cin";
    .port_info 3 /OUTPUT 1 "sum";
    .port_info 4 /OUTPUT 1 "cout";
L_0000019906b7a0b0 .functor XOR 1, L_0000019906ae79d0, L_0000019906ae6ad0, C4<0>, C4<0>;
L_0000019906b79b70 .functor XOR 1, L_0000019906b7a0b0, L_0000019906ae6cb0, C4<0>, C4<0>;
L_0000019906b79010 .functor AND 1, L_0000019906ae79d0, L_0000019906ae6ad0, C4<1>, C4<1>;
L_0000019906b78b40 .functor XOR 1, L_0000019906ae79d0, L_0000019906ae6ad0, C4<0>, C4<0>;
L_0000019906b79d30 .functor AND 1, L_0000019906ae6cb0, L_0000019906b78b40, C4<1>, C4<1>;
L_0000019906b79ef0 .functor OR 1, L_0000019906b79010, L_0000019906b79d30, C4<0>, C4<0>;
v0000019906a7d340_0 .net *"_ivl_0", 0 0, L_0000019906b7a0b0;  1 drivers
v0000019906a7d3e0_0 .net *"_ivl_4", 0 0, L_0000019906b79010;  1 drivers
v0000019906a7dde0_0 .net *"_ivl_6", 0 0, L_0000019906b78b40;  1 drivers
v0000019906a7f5a0_0 .net *"_ivl_8", 0 0, L_0000019906b79d30;  1 drivers
v0000019906a7dd40_0 .net "a", 0 0, L_0000019906ae79d0;  1 drivers
v0000019906a7df20_0 .net "b", 0 0, L_0000019906ae6ad0;  1 drivers
v0000019906a7e420_0 .net "cin", 0 0, L_0000019906ae6cb0;  1 drivers
v0000019906a7e4c0_0 .net "cout", 0 0, L_0000019906b79ef0;  1 drivers
v0000019906a80900_0 .net "sum", 0 0, L_0000019906b79b70;  1 drivers
S_0000019906a85150 .scope generate, "fa_gen[17]" "fa_gen[17]" 9 17, 9 17 0, S_0000019906a83140;
 .timescale 0 0;
P_00000199069a50a0 .param/l "i" 0 9 17, +C4<010001>;
S_0000019906a86410 .scope module, "fa" "full_adder" 9 18, 9 33 0, S_0000019906a85150;
 .timescale 0 0;
    .port_info 0 /INPUT 1 "a";
    .port_info 1 /INPUT 1 "b";
    .port_info 2 /INPUT 1 "cin";
    .port_info 3 /OUTPUT 1 "sum";
    .port_info 4 /OUTPUT 1 "cout";
L_0000019906b79f60 .functor XOR 1, L_0000019906ae7e30, L_0000019906ae65d0, C4<0>, C4<0>;
L_0000019906b78d70 .functor XOR 1, L_0000019906b79f60, L_0000019906ae7ed0, C4<0>, C4<0>;
L_0000019906b78ad0 .functor AND 1, L_0000019906ae7e30, L_0000019906ae65d0, C4<1>, C4<1>;
L_0000019906b79fd0 .functor XOR 1, L_0000019906ae7e30, L_0000019906ae65d0, C4<0>, C4<0>;
L_0000019906b7a120 .functor AND 1, L_0000019906ae7ed0, L_0000019906b79fd0, C4<1>, C4<1>;
L_0000019906b7a190 .functor OR 1, L_0000019906b78ad0, L_0000019906b7a120, C4<0>, C4<0>;
v0000019906a800e0_0 .net *"_ivl_0", 0 0, L_0000019906b79f60;  1 drivers
v0000019906a805e0_0 .net *"_ivl_4", 0 0, L_0000019906b78ad0;  1 drivers
v0000019906a81c60_0 .net *"_ivl_6", 0 0, L_0000019906b79fd0;  1 drivers
v0000019906a81260_0 .net *"_ivl_8", 0 0, L_0000019906b7a120;  1 drivers
v0000019906a81800_0 .net "a", 0 0, L_0000019906ae7e30;  1 drivers
v0000019906a7f6e0_0 .net "b", 0 0, L_0000019906ae65d0;  1 drivers
v0000019906a80180_0 .net "cin", 0 0, L_0000019906ae7ed0;  1 drivers
v0000019906a80360_0 .net "cout", 0 0, L_0000019906b7a190;  1 drivers
v0000019906a81440_0 .net "sum", 0 0, L_0000019906b78d70;  1 drivers
S_0000019906a852e0 .scope generate, "fa_gen[18]" "fa_gen[18]" 9 17, 9 17 0, S_0000019906a83140;
 .timescale 0 0;
P_00000199069a5460 .param/l "i" 0 9 17, +C4<010010>;
S_0000019906a85600 .scope module, "fa" "full_adder" 9 18, 9 33 0, S_0000019906a852e0;
 .timescale 0 0;
    .port_info 0 /INPUT 1 "a";
    .port_info 1 /INPUT 1 "b";
    .port_info 2 /INPUT 1 "cin";
    .port_info 3 /OUTPUT 1 "sum";
    .port_info 4 /OUTPUT 1 "cout";
L_0000019906b7a200 .functor XOR 1, L_0000019906ae7250, L_0000019906ae6d50, C4<0>, C4<0>;
L_0000019906b78bb0 .functor XOR 1, L_0000019906b7a200, L_0000019906ae72f0, C4<0>, C4<0>;
L_0000019906b78c20 .functor AND 1, L_0000019906ae7250, L_0000019906ae6d50, C4<1>, C4<1>;
L_0000019906b79080 .functor XOR 1, L_0000019906ae7250, L_0000019906ae6d50, C4<0>, C4<0>;
L_0000019906b78ec0 .functor AND 1, L_0000019906ae72f0, L_0000019906b79080, C4<1>, C4<1>;
L_0000019906b78f30 .functor OR 1, L_0000019906b78c20, L_0000019906b78ec0, C4<0>, C4<0>;
v0000019906a809a0_0 .net *"_ivl_0", 0 0, L_0000019906b7a200;  1 drivers
v0000019906a81080_0 .net *"_ivl_4", 0 0, L_0000019906b78c20;  1 drivers
v0000019906a81580_0 .net *"_ivl_6", 0 0, L_0000019906b79080;  1 drivers
v0000019906a80040_0 .net *"_ivl_8", 0 0, L_0000019906b78ec0;  1 drivers
v0000019906a802c0_0 .net "a", 0 0, L_0000019906ae7250;  1 drivers
v0000019906a81d00_0 .net "b", 0 0, L_0000019906ae6d50;  1 drivers
v0000019906a80cc0_0 .net "cin", 0 0, L_0000019906ae72f0;  1 drivers
v0000019906a81760_0 .net "cout", 0 0, L_0000019906b78f30;  1 drivers
v0000019906a7fbe0_0 .net "sum", 0 0, L_0000019906b78bb0;  1 drivers
S_0000019906a85920 .scope generate, "fa_gen[19]" "fa_gen[19]" 9 17, 9 17 0, S_0000019906a83140;
 .timescale 0 0;
P_00000199069a5d60 .param/l "i" 0 9 17, +C4<010011>;
S_0000019906a986a0 .scope module, "fa" "full_adder" 9 18, 9 33 0, S_0000019906a85920;
 .timescale 0 0;
    .port_info 0 /INPUT 1 "a";
    .port_info 1 /INPUT 1 "b";
    .port_info 2 /INPUT 1 "cin";
    .port_info 3 /OUTPUT 1 "sum";
    .port_info 4 /OUTPUT 1 "cout";
L_0000019906b78fa0 .functor XOR 1, L_0000019906ae7070, L_0000019906ae7f70, C4<0>, C4<0>;
L_0000019906b790f0 .functor XOR 1, L_0000019906b78fa0, L_0000019906ae7430, C4<0>, C4<0>;
L_0000019906b7af90 .functor AND 1, L_0000019906ae7070, L_0000019906ae7f70, C4<1>, C4<1>;
L_0000019906b7acf0 .functor XOR 1, L_0000019906ae7070, L_0000019906ae7f70, C4<0>, C4<0>;
L_0000019906b7b1c0 .functor AND 1, L_0000019906ae7430, L_0000019906b7acf0, C4<1>, C4<1>;
L_0000019906b7a890 .functor OR 1, L_0000019906b7af90, L_0000019906b7b1c0, C4<0>, C4<0>;
v0000019906a81a80_0 .net *"_ivl_0", 0 0, L_0000019906b78fa0;  1 drivers
v0000019906a80220_0 .net *"_ivl_4", 0 0, L_0000019906b7af90;  1 drivers
v0000019906a81da0_0 .net *"_ivl_6", 0 0, L_0000019906b7acf0;  1 drivers
v0000019906a7ff00_0 .net *"_ivl_8", 0 0, L_0000019906b7b1c0;  1 drivers
v0000019906a80680_0 .net "a", 0 0, L_0000019906ae7070;  1 drivers
v0000019906a81620_0 .net "b", 0 0, L_0000019906ae7f70;  1 drivers
v0000019906a804a0_0 .net "cin", 0 0, L_0000019906ae7430;  1 drivers
v0000019906a807c0_0 .net "cout", 0 0, L_0000019906b7a890;  1 drivers
v0000019906a81b20_0 .net "sum", 0 0, L_0000019906b790f0;  1 drivers
S_0000019906a997d0 .scope generate, "fa_gen[20]" "fa_gen[20]" 9 17, 9 17 0, S_0000019906a83140;
 .timescale 0 0;
P_00000199069a5da0 .param/l "i" 0 9 17, +C4<010100>;
S_0000019906a98e70 .scope module, "fa" "full_adder" 9 18, 9 33 0, S_0000019906a997d0;
 .timescale 0 0;
    .port_info 0 /INPUT 1 "a";
    .port_info 1 /INPUT 1 "b";
    .port_info 2 /INPUT 1 "cin";
    .port_info 3 /OUTPUT 1 "sum";
    .port_info 4 /OUTPUT 1 "cout";
L_0000019906b7b070 .functor XOR 1, L_0000019906ae5950, L_0000019906ae74d0, C4<0>, C4<0>;
L_0000019906b7b230 .functor XOR 1, L_0000019906b7b070, L_0000019906ae59f0, C4<0>, C4<0>;
L_0000019906b7a970 .functor AND 1, L_0000019906ae5950, L_0000019906ae74d0, C4<1>, C4<1>;
L_0000019906b7a740 .functor XOR 1, L_0000019906ae5950, L_0000019906ae74d0, C4<0>, C4<0>;
L_0000019906b7add0 .functor AND 1, L_0000019906ae59f0, L_0000019906b7a740, C4<1>, C4<1>;
L_0000019906b7b000 .functor OR 1, L_0000019906b7a970, L_0000019906b7add0, C4<0>, C4<0>;
v0000019906a80540_0 .net *"_ivl_0", 0 0, L_0000019906b7b070;  1 drivers
v0000019906a7f820_0 .net *"_ivl_4", 0 0, L_0000019906b7a970;  1 drivers
v0000019906a80860_0 .net *"_ivl_6", 0 0, L_0000019906b7a740;  1 drivers
v0000019906a81300_0 .net *"_ivl_8", 0 0, L_0000019906b7add0;  1 drivers
v0000019906a80720_0 .net "a", 0 0, L_0000019906ae5950;  1 drivers
v0000019906a7f640_0 .net "b", 0 0, L_0000019906ae74d0;  1 drivers
v0000019906a80400_0 .net "cin", 0 0, L_0000019906ae59f0;  1 drivers
v0000019906a7f780_0 .net "cout", 0 0, L_0000019906b7b000;  1 drivers
v0000019906a80a40_0 .net "sum", 0 0, L_0000019906b7b230;  1 drivers
S_0000019906a98830 .scope generate, "fa_gen[21]" "fa_gen[21]" 9 17, 9 17 0, S_0000019906a83140;
 .timescale 0 0;
P_00000199069a5ae0 .param/l "i" 0 9 17, +C4<010101>;
S_0000019906a98380 .scope module, "fa" "full_adder" 9 18, 9 33 0, S_0000019906a98830;
 .timescale 0 0;
    .port_info 0 /INPUT 1 "a";
    .port_info 1 /INPUT 1 "b";
    .port_info 2 /INPUT 1 "cin";
    .port_info 3 /OUTPUT 1 "sum";
    .port_info 4 /OUTPUT 1 "cout";
L_0000019906b7a660 .functor XOR 1, L_0000019906ae5a90, L_0000019906ae76b0, C4<0>, C4<0>;
L_0000019906b7b310 .functor XOR 1, L_0000019906b7a660, L_0000019906ae7570, C4<0>, C4<0>;
L_0000019906b7b0e0 .functor AND 1, L_0000019906ae5a90, L_0000019906ae76b0, C4<1>, C4<1>;
L_0000019906b7a580 .functor XOR 1, L_0000019906ae5a90, L_0000019906ae76b0, C4<0>, C4<0>;
L_0000019906b7aba0 .functor AND 1, L_0000019906ae7570, L_0000019906b7a580, C4<1>, C4<1>;
L_0000019906b7b150 .functor OR 1, L_0000019906b7b0e0, L_0000019906b7aba0, C4<0>, C4<0>;
v0000019906a7fc80_0 .net *"_ivl_0", 0 0, L_0000019906b7a660;  1 drivers
v0000019906a7f8c0_0 .net *"_ivl_4", 0 0, L_0000019906b7b0e0;  1 drivers
v0000019906a80ae0_0 .net *"_ivl_6", 0 0, L_0000019906b7a580;  1 drivers
v0000019906a81120_0 .net *"_ivl_8", 0 0, L_0000019906b7aba0;  1 drivers
v0000019906a80b80_0 .net "a", 0 0, L_0000019906ae5a90;  1 drivers
v0000019906a80c20_0 .net "b", 0 0, L_0000019906ae76b0;  1 drivers
v0000019906a80d60_0 .net "cin", 0 0, L_0000019906ae7570;  1 drivers
v0000019906a819e0_0 .net "cout", 0 0, L_0000019906b7b150;  1 drivers
v0000019906a80e00_0 .net "sum", 0 0, L_0000019906b7b310;  1 drivers
S_0000019906a99af0 .scope generate, "fa_gen[22]" "fa_gen[22]" 9 17, 9 17 0, S_0000019906a83140;
 .timescale 0 0;
P_00000199069a54a0 .param/l "i" 0 9 17, +C4<010110>;
S_0000019906a994b0 .scope module, "fa" "full_adder" 9 18, 9 33 0, S_0000019906a99af0;
 .timescale 0 0;
    .port_info 0 /INPUT 1 "a";
    .port_info 1 /INPUT 1 "b";
    .port_info 2 /INPUT 1 "cin";
    .port_info 3 /OUTPUT 1 "sum";
    .port_info 4 /OUTPUT 1 "cout";
L_0000019906b7a9e0 .functor XOR 1, L_0000019906ae7610, L_0000019906ae5bd0, C4<0>, C4<0>;
L_0000019906b7ae40 .functor XOR 1, L_0000019906b7a9e0, L_0000019906ae5c70, C4<0>, C4<0>;
L_0000019906b7a900 .functor AND 1, L_0000019906ae7610, L_0000019906ae5bd0, C4<1>, C4<1>;
L_0000019906b7a430 .functor XOR 1, L_0000019906ae7610, L_0000019906ae5bd0, C4<0>, C4<0>;
L_0000019906b7a6d0 .functor AND 1, L_0000019906ae5c70, L_0000019906b7a430, C4<1>, C4<1>;
L_0000019906b7aeb0 .functor OR 1, L_0000019906b7a900, L_0000019906b7a6d0, C4<0>, C4<0>;
v0000019906a7fdc0_0 .net *"_ivl_0", 0 0, L_0000019906b7a9e0;  1 drivers
v0000019906a7fd20_0 .net *"_ivl_4", 0 0, L_0000019906b7a900;  1 drivers
v0000019906a7fe60_0 .net *"_ivl_6", 0 0, L_0000019906b7a430;  1 drivers
v0000019906a80ea0_0 .net *"_ivl_8", 0 0, L_0000019906b7a6d0;  1 drivers
v0000019906a80f40_0 .net "a", 0 0, L_0000019906ae7610;  1 drivers
v0000019906a80fe0_0 .net "b", 0 0, L_0000019906ae5bd0;  1 drivers
v0000019906a811c0_0 .net "cin", 0 0, L_0000019906ae5c70;  1 drivers
v0000019906a813a0_0 .net "cout", 0 0, L_0000019906b7aeb0;  1 drivers
v0000019906a814e0_0 .net "sum", 0 0, L_0000019906b7ae40;  1 drivers
S_0000019906a98510 .scope generate, "fa_gen[23]" "fa_gen[23]" 9 17, 9 17 0, S_0000019906a83140;
 .timescale 0 0;
P_00000199069a57a0 .param/l "i" 0 9 17, +C4<010111>;
S_0000019906a98ce0 .scope module, "fa" "full_adder" 9 18, 9 33 0, S_0000019906a98510;
 .timescale 0 0;
    .port_info 0 /INPUT 1 "a";
    .port_info 1 /INPUT 1 "b";
    .port_info 2 /INPUT 1 "cin";
    .port_info 3 /OUTPUT 1 "sum";
    .port_info 4 /OUTPUT 1 "cout";
L_0000019906b7b2a0 .functor XOR 1, L_0000019906ae5d10, L_0000019906ae5e50, C4<0>, C4<0>;
L_0000019906b7a4a0 .functor XOR 1, L_0000019906b7b2a0, L_0000019906ae9ff0, C4<0>, C4<0>;
L_0000019906b7af20 .functor AND 1, L_0000019906ae5d10, L_0000019906ae5e50, C4<1>, C4<1>;
L_0000019906b7ac10 .functor XOR 1, L_0000019906ae5d10, L_0000019906ae5e50, C4<0>, C4<0>;
L_0000019906b7aa50 .functor AND 1, L_0000019906ae9ff0, L_0000019906b7ac10, C4<1>, C4<1>;
L_0000019906b7a7b0 .functor OR 1, L_0000019906b7af20, L_0000019906b7aa50, C4<0>, C4<0>;
v0000019906a7ffa0_0 .net *"_ivl_0", 0 0, L_0000019906b7b2a0;  1 drivers
v0000019906a816c0_0 .net *"_ivl_4", 0 0, L_0000019906b7af20;  1 drivers
v0000019906a818a0_0 .net *"_ivl_6", 0 0, L_0000019906b7ac10;  1 drivers
v0000019906a81940_0 .net *"_ivl_8", 0 0, L_0000019906b7aa50;  1 drivers
v0000019906a81bc0_0 .net "a", 0 0, L_0000019906ae5d10;  1 drivers
v0000019906a7f960_0 .net "b", 0 0, L_0000019906ae5e50;  1 drivers
v0000019906a7fa00_0 .net "cin", 0 0, L_0000019906ae9ff0;  1 drivers
v0000019906a7faa0_0 .net "cout", 0 0, L_0000019906b7a7b0;  1 drivers
v0000019906a7fb40_0 .net "sum", 0 0, L_0000019906b7a4a0;  1 drivers
S_0000019906a99960 .scope generate, "fa_gen[24]" "fa_gen[24]" 9 17, 9 17 0, S_0000019906a83140;
 .timescale 0 0;
P_00000199069a5b60 .param/l "i" 0 9 17, +C4<011000>;
S_0000019906a989c0 .scope module, "fa" "full_adder" 9 18, 9 33 0, S_0000019906a99960;
 .timescale 0 0;
    .port_info 0 /INPUT 1 "a";
    .port_info 1 /INPUT 1 "b";
    .port_info 2 /INPUT 1 "cin";
    .port_info 3 /OUTPUT 1 "sum";
    .port_info 4 /OUTPUT 1 "cout";
L_0000019906b7a510 .functor XOR 1, L_0000019906aea310, L_0000019906ae94b0, C4<0>, C4<0>;
L_0000019906b7ab30 .functor XOR 1, L_0000019906b7a510, L_0000019906ae9410, C4<0>, C4<0>;
L_0000019906b7aac0 .functor AND 1, L_0000019906aea310, L_0000019906ae94b0, C4<1>, C4<1>;
L_0000019906b7a5f0 .functor XOR 1, L_0000019906aea310, L_0000019906ae94b0, C4<0>, C4<0>;
L_0000019906b7ac80 .functor AND 1, L_0000019906ae9410, L_0000019906b7a5f0, C4<1>, C4<1>;
L_0000019906b7ad60 .functor OR 1, L_0000019906b7aac0, L_0000019906b7ac80, C4<0>, C4<0>;
v0000019906a82700_0 .net *"_ivl_0", 0 0, L_0000019906b7a510;  1 drivers
v0000019906a82660_0 .net *"_ivl_4", 0 0, L_0000019906b7aac0;  1 drivers
v0000019906a81ee0_0 .net *"_ivl_6", 0 0, L_0000019906b7a5f0;  1 drivers
v0000019906a81e40_0 .net *"_ivl_8", 0 0, L_0000019906b7ac80;  1 drivers
v0000019906a82200_0 .net "a", 0 0, L_0000019906aea310;  1 drivers
v0000019906a827a0_0 .net "b", 0 0, L_0000019906ae94b0;  1 drivers
v0000019906a82c00_0 .net "cin", 0 0, L_0000019906ae9410;  1 drivers
v0000019906a82160_0 .net "cout", 0 0, L_0000019906b7ad60;  1 drivers
v0000019906a820c0_0 .net "sum", 0 0, L_0000019906b7ab30;  1 drivers
S_0000019906a98b50 .scope generate, "fa_gen[25]" "fa_gen[25]" 9 17, 9 17 0, S_0000019906a83140;
 .timescale 0 0;
P_00000199069a5660 .param/l "i" 0 9 17, +C4<011001>;
S_0000019906a99000 .scope module, "fa" "full_adder" 9 18, 9 33 0, S_0000019906a98b50;
 .timescale 0 0;
    .port_info 0 /INPUT 1 "a";
    .port_info 1 /INPUT 1 "b";
    .port_info 2 /INPUT 1 "cin";
    .port_info 3 /OUTPUT 1 "sum";
    .port_info 4 /OUTPUT 1 "cout";
L_0000019906b7a820 .functor XOR 1, L_0000019906ae9f50, L_0000019906ae9050, C4<0>, C4<0>;
L_0000019906b749a0 .functor XOR 1, L_0000019906b7a820, L_0000019906ae8830, C4<0>, C4<0>;
L_0000019906b73dd0 .functor AND 1, L_0000019906ae9f50, L_0000019906ae9050, C4<1>, C4<1>;
L_0000019906b74850 .functor XOR 1, L_0000019906ae9f50, L_0000019906ae9050, C4<0>, C4<0>;
L_0000019906b739e0 .functor AND 1, L_0000019906ae8830, L_0000019906b74850, C4<1>, C4<1>;
L_0000019906b74cb0 .functor OR 1, L_0000019906b73dd0, L_0000019906b739e0, C4<0>, C4<0>;
v0000019906a81f80_0 .net *"_ivl_0", 0 0, L_0000019906b7a820;  1 drivers
v0000019906a82480_0 .net *"_ivl_4", 0 0, L_0000019906b73dd0;  1 drivers
v0000019906a82020_0 .net *"_ivl_6", 0 0, L_0000019906b74850;  1 drivers
v0000019906a82340_0 .net *"_ivl_8", 0 0, L_0000019906b739e0;  1 drivers
v0000019906a82a20_0 .net "a", 0 0, L_0000019906ae9f50;  1 drivers
v0000019906a823e0_0 .net "b", 0 0, L_0000019906ae9050;  1 drivers
v0000019906a82840_0 .net "cin", 0 0, L_0000019906ae8830;  1 drivers
v0000019906a822a0_0 .net "cout", 0 0, L_0000019906b74cb0;  1 drivers
v0000019906a82520_0 .net "sum", 0 0, L_0000019906b749a0;  1 drivers
S_0000019906a99190 .scope generate, "fa_gen[26]" "fa_gen[26]" 9 17, 9 17 0, S_0000019906a83140;
 .timescale 0 0;
P_00000199069a5760 .param/l "i" 0 9 17, +C4<011010>;
S_0000019906a99320 .scope module, "fa" "full_adder" 9 18, 9 33 0, S_0000019906a99190;
 .timescale 0 0;
    .port_info 0 /INPUT 1 "a";
    .port_info 1 /INPUT 1 "b";
    .port_info 2 /INPUT 1 "cin";
    .port_info 3 /OUTPUT 1 "sum";
    .port_info 4 /OUTPUT 1 "cout";
L_0000019906b734a0 .functor XOR 1, L_0000019906ae85b0, L_0000019906ae8b50, C4<0>, C4<0>;
L_0000019906b73510 .functor XOR 1, L_0000019906b734a0, L_0000019906ae90f0, C4<0>, C4<0>;
L_0000019906b73740 .functor AND 1, L_0000019906ae85b0, L_0000019906ae8b50, C4<1>, C4<1>;
L_0000019906b73890 .functor XOR 1, L_0000019906ae85b0, L_0000019906ae8b50, C4<0>, C4<0>;
L_0000019906b74770 .functor AND 1, L_0000019906ae90f0, L_0000019906b73890, C4<1>, C4<1>;
L_0000019906b73c10 .functor OR 1, L_0000019906b73740, L_0000019906b74770, C4<0>, C4<0>;
v0000019906a825c0_0 .net *"_ivl_0", 0 0, L_0000019906b734a0;  1 drivers
v0000019906a828e0_0 .net *"_ivl_4", 0 0, L_0000019906b73740;  1 drivers
v0000019906a82980_0 .net *"_ivl_6", 0 0, L_0000019906b73890;  1 drivers
v0000019906a82ac0_0 .net *"_ivl_8", 0 0, L_0000019906b74770;  1 drivers
v0000019906a82b60_0 .net "a", 0 0, L_0000019906ae85b0;  1 drivers
v0000019906a82ca0_0 .net "b", 0 0, L_0000019906ae8b50;  1 drivers
v0000019906a73160_0 .net "cin", 0 0, L_0000019906ae90f0;  1 drivers
v0000019906a738e0_0 .net "cout", 0 0, L_0000019906b73c10;  1 drivers
v0000019906a74c40_0 .net "sum", 0 0, L_0000019906b73510;  1 drivers
S_0000019906a99c80 .scope generate, "fa_gen[27]" "fa_gen[27]" 9 17, 9 17 0, S_0000019906a83140;
 .timescale 0 0;
P_00000199069a55e0 .param/l "i" 0 9 17, +C4<011011>;
S_0000019906a98060 .scope module, "fa" "full_adder" 9 18, 9 33 0, S_0000019906a99c80;
 .timescale 0 0;
    .port_info 0 /INPUT 1 "a";
    .port_info 1 /INPUT 1 "b";
    .port_info 2 /INPUT 1 "cin";
    .port_info 3 /OUTPUT 1 "sum";
    .port_info 4 /OUTPUT 1 "cout";
L_0000019906b745b0 .functor XOR 1, L_0000019906ae9690, L_0000019906aea770, C4<0>, C4<0>;
L_0000019906b735f0 .functor XOR 1, L_0000019906b745b0, L_0000019906ae81f0, C4<0>, C4<0>;
L_0000019906b74a10 .functor AND 1, L_0000019906ae9690, L_0000019906aea770, C4<1>, C4<1>;
L_0000019906b741c0 .functor XOR 1, L_0000019906ae9690, L_0000019906aea770, C4<0>, C4<0>;
L_0000019906b74690 .functor AND 1, L_0000019906ae81f0, L_0000019906b741c0, C4<1>, C4<1>;
L_0000019906b73660 .functor OR 1, L_0000019906b74a10, L_0000019906b74690, C4<0>, C4<0>;
v0000019906a73700_0 .net *"_ivl_0", 0 0, L_0000019906b745b0;  1 drivers
v0000019906a74ce0_0 .net *"_ivl_4", 0 0, L_0000019906b74a10;  1 drivers
v0000019906a750a0_0 .net *"_ivl_6", 0 0, L_0000019906b741c0;  1 drivers
v0000019906a747e0_0 .net *"_ivl_8", 0 0, L_0000019906b74690;  1 drivers
v0000019906a72f80_0 .net "a", 0 0, L_0000019906ae9690;  1 drivers
v0000019906a73520_0 .net "b", 0 0, L_0000019906aea770;  1 drivers
v0000019906a73de0_0 .net "cin", 0 0, L_0000019906ae81f0;  1 drivers
v0000019906a74ba0_0 .net "cout", 0 0, L_0000019906b73660;  1 drivers
v0000019906a73f20_0 .net "sum", 0 0, L_0000019906b735f0;  1 drivers
S_0000019906a99640 .scope generate, "fa_gen[28]" "fa_gen[28]" 9 17, 9 17 0, S_0000019906a83140;
 .timescale 0 0;
P_00000199069a5de0 .param/l "i" 0 9 17, +C4<011100>;
S_0000019906a981f0 .scope module, "fa" "full_adder" 9 18, 9 33 0, S_0000019906a99640;
 .timescale 0 0;
    .port_info 0 /INPUT 1 "a";
    .port_info 1 /INPUT 1 "b";
    .port_info 2 /INPUT 1 "cin";
    .port_info 3 /OUTPUT 1 "sum";
    .port_info 4 /OUTPUT 1 "cout";
L_0000019906b74a80 .functor XOR 1, L_0000019906ae9af0, L_0000019906ae9230, C4<0>, C4<0>;
L_0000019906b74620 .functor XOR 1, L_0000019906b74a80, L_0000019906ae83d0, C4<0>, C4<0>;
L_0000019906b74b60 .functor AND 1, L_0000019906ae9af0, L_0000019906ae9230, C4<1>, C4<1>;
L_0000019906b73ba0 .functor XOR 1, L_0000019906ae9af0, L_0000019906ae9230, C4<0>, C4<0>;
L_0000019906b74fc0 .functor AND 1, L_0000019906ae83d0, L_0000019906b73ba0, C4<1>, C4<1>;
L_0000019906b74150 .functor OR 1, L_0000019906b74b60, L_0000019906b74fc0, C4<0>, C4<0>;
v0000019906a744c0_0 .net *"_ivl_0", 0 0, L_0000019906b74a80;  1 drivers
v0000019906a74ec0_0 .net *"_ivl_4", 0 0, L_0000019906b74b60;  1 drivers
v0000019906a74240_0 .net *"_ivl_6", 0 0, L_0000019906b73ba0;  1 drivers
v0000019906a75140_0 .net *"_ivl_8", 0 0, L_0000019906b74fc0;  1 drivers
v0000019906a746a0_0 .net "a", 0 0, L_0000019906ae9af0;  1 drivers
v0000019906a73fc0_0 .net "b", 0 0, L_0000019906ae9230;  1 drivers
v0000019906a72ee0_0 .net "cin", 0 0, L_0000019906ae83d0;  1 drivers
v0000019906a74880_0 .net "cout", 0 0, L_0000019906b74150;  1 drivers
v0000019906a74920_0 .net "sum", 0 0, L_0000019906b74620;  1 drivers
S_0000019906a99e10 .scope generate, "fa_gen[29]" "fa_gen[29]" 9 17, 9 17 0, S_0000019906a83140;
 .timescale 0 0;
P_00000199069a57e0 .param/l "i" 0 9 17, +C4<011101>;
S_0000019906a9a200 .scope module, "fa" "full_adder" 9 18, 9 33 0, S_0000019906a99e10;
 .timescale 0 0;
    .port_info 0 /INPUT 1 "a";
    .port_info 1 /INPUT 1 "b";
    .port_info 2 /INPUT 1 "cin";
    .port_info 3 /OUTPUT 1 "sum";
    .port_info 4 /OUTPUT 1 "cout";
L_0000019906b73cf0 .functor XOR 1, L_0000019906ae8150, L_0000019906aea130, C4<0>, C4<0>;
L_0000019906b73e40 .functor XOR 1, L_0000019906b73cf0, L_0000019906ae88d0, C4<0>, C4<0>;
L_0000019906b73970 .functor AND 1, L_0000019906ae8150, L_0000019906aea130, C4<1>, C4<1>;
L_0000019906b74380 .functor XOR 1, L_0000019906ae8150, L_0000019906aea130, C4<0>, C4<0>;
L_0000019906b74c40 .functor AND 1, L_0000019906ae88d0, L_0000019906b74380, C4<1>, C4<1>;
L_0000019906b73430 .functor OR 1, L_0000019906b73970, L_0000019906b74c40, C4<0>, C4<0>;
v0000019906a73980_0 .net *"_ivl_0", 0 0, L_0000019906b73cf0;  1 drivers
v0000019906a749c0_0 .net *"_ivl_4", 0 0, L_0000019906b73970;  1 drivers
v0000019906a74600_0 .net *"_ivl_6", 0 0, L_0000019906b74380;  1 drivers
v0000019906a74f60_0 .net *"_ivl_8", 0 0, L_0000019906b74c40;  1 drivers
v0000019906a730c0_0 .net "a", 0 0, L_0000019906ae8150;  1 drivers
v0000019906a75500_0 .net "b", 0 0, L_0000019906aea130;  1 drivers
v0000019906a73200_0 .net "cin", 0 0, L_0000019906ae88d0;  1 drivers
v0000019906a73480_0 .net "cout", 0 0, L_0000019906b73430;  1 drivers
v0000019906a73660_0 .net "sum", 0 0, L_0000019906b73e40;  1 drivers
S_0000019906a9a9d0 .scope generate, "fa_gen[30]" "fa_gen[30]" 9 17, 9 17 0, S_0000019906a83140;
 .timescale 0 0;
P_00000199069a5ba0 .param/l "i" 0 9 17, +C4<011110>;
S_0000019906a9ab60 .scope module, "fa" "full_adder" 9 18, 9 33 0, S_0000019906a9a9d0;
 .timescale 0 0;
    .port_info 0 /INPUT 1 "a";
    .port_info 1 /INPUT 1 "b";
    .port_info 2 /INPUT 1 "cin";
    .port_info 3 /OUTPUT 1 "sum";
    .port_info 4 /OUTPUT 1 "cout";
L_0000019906b74d90 .functor XOR 1, L_0000019906aea810, L_0000019906aea8b0, C4<0>, C4<0>;
L_0000019906b73ac0 .functor XOR 1, L_0000019906b74d90, L_0000019906ae97d0, C4<0>, C4<0>;
L_0000019906b748c0 .functor AND 1, L_0000019906aea810, L_0000019906aea8b0, C4<1>, C4<1>;
L_0000019906b74e00 .functor XOR 1, L_0000019906aea810, L_0000019906aea8b0, C4<0>, C4<0>;
L_0000019906b742a0 .functor AND 1, L_0000019906ae97d0, L_0000019906b74e00, C4<1>, C4<1>;
L_0000019906b747e0 .functor OR 1, L_0000019906b748c0, L_0000019906b742a0, C4<0>, C4<0>;
v0000019906a735c0_0 .net *"_ivl_0", 0 0, L_0000019906b74d90;  1 drivers
v0000019906a74b00_0 .net *"_ivl_4", 0 0, L_0000019906b748c0;  1 drivers
v0000019906a737a0_0 .net *"_ivl_6", 0 0, L_0000019906b74e00;  1 drivers
v0000019906a73840_0 .net *"_ivl_8", 0 0, L_0000019906b742a0;  1 drivers
v0000019906a74a60_0 .net "a", 0 0, L_0000019906aea810;  1 drivers
v0000019906a74560_0 .net "b", 0 0, L_0000019906aea8b0;  1 drivers
v0000019906a74d80_0 .net "cin", 0 0, L_0000019906ae97d0;  1 drivers
v0000019906a73d40_0 .net "cout", 0 0, L_0000019906b747e0;  1 drivers
v0000019906a73a20_0 .net "sum", 0 0, L_0000019906b73ac0;  1 drivers
S_0000019906a9b970 .scope generate, "fa_gen[31]" "fa_gen[31]" 9 17, 9 17 0, S_0000019906a83140;
 .timescale 0 0;
P_00000199069a5920 .param/l "i" 0 9 17, +C4<011111>;
S_0000019906a9acf0 .scope module, "fa" "full_adder" 9 18, 9 33 0, S_0000019906a9b970;
 .timescale 0 0;
    .port_info 0 /INPUT 1 "a";
    .port_info 1 /INPUT 1 "b";
    .port_info 2 /INPUT 1 "cin";
    .port_info 3 /OUTPUT 1 "sum";
    .port_info 4 /OUTPUT 1 "cout";
L_0000019906b74230 .functor XOR 1, L_0000019906aea3b0, L_0000019906ae8c90, C4<0>, C4<0>;
L_0000019906b74d20 .functor XOR 1, L_0000019906b74230, L_0000019906ae8290, C4<0>, C4<0>;
L_0000019906b73f90 .functor AND 1, L_0000019906aea3b0, L_0000019906ae8c90, C4<1>, C4<1>;
L_0000019906b74af0 .functor XOR 1, L_0000019906aea3b0, L_0000019906ae8c90, C4<0>, C4<0>;
L_0000019906b743f0 .functor AND 1, L_0000019906ae8290, L_0000019906b74af0, C4<1>, C4<1>;
L_0000019906b74700 .functor OR 1, L_0000019906b73f90, L_0000019906b743f0, C4<0>, C4<0>;
v0000019906a73ac0_0 .net *"_ivl_0", 0 0, L_0000019906b74230;  1 drivers
v0000019906a73e80_0 .net *"_ivl_4", 0 0, L_0000019906b73f90;  1 drivers
v0000019906a73b60_0 .net *"_ivl_6", 0 0, L_0000019906b74af0;  1 drivers
v0000019906a75280_0 .net *"_ivl_8", 0 0, L_0000019906b743f0;  1 drivers
v0000019906a74100_0 .net "a", 0 0, L_0000019906aea3b0;  1 drivers
v0000019906a74380_0 .net "b", 0 0, L_0000019906ae8c90;  1 drivers
v0000019906a755a0_0 .net "cin", 0 0, L_0000019906ae8290;  1 drivers
v0000019906a74060_0 .net "cout", 0 0, L_0000019906b74700;  1 drivers
v0000019906a73c00_0 .net "sum", 0 0, L_0000019906b74d20;  1 drivers
S_0000019906a9ae80 .scope module, "rca_sub" "ripple_carry_adder" 6 50, 9 3 0, S_0000019906a06a50;
 .timescale 0 0;
    .port_info 0 /INPUT 32 "A";
    .port_info 1 /INPUT 32 "B";
    .port_info 2 /INPUT 1 "Cin";
    .port_info 3 /OUTPUT 32 "Sum";
    .port_info 4 /OUTPUT 1 "Cout";
    .port_info 5 /OUTPUT 1 "Overflow";
L_0000019906af5da0 .functor BUFT 1, C4<1>, C4<0>, C4<0>, C4<0>;
L_0000019906b76df0 .functor BUFZ 1, L_0000019906af5da0, C4<0>, C4<0>, C4<0>;
L_0000019906b78440 .functor XOR 1, L_0000019906ae3790, L_0000019906ae4910, C4<0>, C4<0>;
v0000019906aaa0c0_0 .net "A", 31 0, v0000019906ab4c10_0;  alias, 1 drivers
v0000019906aab4c0_0 .net "B", 31 0, L_0000019906b77d40;  1 drivers
v0000019906aaaf20_0 .net "Cin", 0 0, L_0000019906af5da0;  1 drivers
v0000019906aaa980_0 .net "Cout", 0 0, L_0000019906ae36f0;  alias, 1 drivers
v0000019906aaaa20_0 .net "Overflow", 0 0, L_0000019906b78440;  alias, 1 drivers
v0000019906aac3c0_0 .net "Sum", 31 0, L_0000019906ae54f0;  alias, 1 drivers
v0000019906aaa3e0_0 .net *"_ivl_229", 0 0, L_0000019906b76df0;  1 drivers
v0000019906aab740_0 .net *"_ivl_233", 0 0, L_0000019906ae3790;  1 drivers
v0000019906aaa660_0 .net *"_ivl_235", 0 0, L_0000019906ae4910;  1 drivers
v0000019906aaaac0_0 .net "carry", 32 0, L_0000019906ae4870;  1 drivers
L_0000019906ae1350 .part v0000019906ab4c10_0, 0, 1;
L_0000019906ae2cf0 .part L_0000019906b77d40, 0, 1;
L_0000019906ae0db0 .part L_0000019906ae4870, 0, 1;
L_0000019906ae0ef0 .part v0000019906ab4c10_0, 1, 1;
L_0000019906ae2110 .part L_0000019906b77d40, 1, 1;
L_0000019906ae1530 .part L_0000019906ae4870, 1, 1;
L_0000019906ae1030 .part v0000019906ab4c10_0, 2, 1;
L_0000019906ae1d50 .part L_0000019906b77d40, 2, 1;
L_0000019906ae17b0 .part L_0000019906ae4870, 2, 1;
L_0000019906ae09f0 .part v0000019906ab4c10_0, 3, 1;
L_0000019906ae27f0 .part L_0000019906b77d40, 3, 1;
L_0000019906ae24d0 .part L_0000019906ae4870, 3, 1;
L_0000019906ae2430 .part v0000019906ab4c10_0, 4, 1;
L_0000019906ae1ad0 .part L_0000019906b77d40, 4, 1;
L_0000019906ae1210 .part L_0000019906ae4870, 4, 1;
L_0000019906ae2f70 .part v0000019906ab4c10_0, 5, 1;
L_0000019906ae2890 .part L_0000019906b77d40, 5, 1;
L_0000019906ae2570 .part L_0000019906ae4870, 5, 1;
L_0000019906ae18f0 .part v0000019906ab4c10_0, 6, 1;
L_0000019906ae0e50 .part L_0000019906b77d40, 6, 1;
L_0000019906ae1990 .part L_0000019906ae4870, 6, 1;
L_0000019906ae2d90 .part v0000019906ab4c10_0, 7, 1;
L_0000019906ae2610 .part L_0000019906b77d40, 7, 1;
L_0000019906ae1a30 .part L_0000019906ae4870, 7, 1;
L_0000019906ae1b70 .part v0000019906ab4c10_0, 8, 1;
L_0000019906ae26b0 .part L_0000019906b77d40, 8, 1;
L_0000019906ae2750 .part L_0000019906ae4870, 8, 1;
L_0000019906ae2b10 .part v0000019906ab4c10_0, 9, 1;
L_0000019906ae12b0 .part L_0000019906b77d40, 9, 1;
L_0000019906ae1c10 .part L_0000019906ae4870, 9, 1;
L_0000019906ae1cb0 .part v0000019906ab4c10_0, 10, 1;
L_0000019906ae2930 .part L_0000019906b77d40, 10, 1;
L_0000019906ae1df0 .part L_0000019906ae4870, 10, 1;
L_0000019906ae0a90 .part v0000019906ab4c10_0, 11, 1;
L_0000019906ae0b30 .part L_0000019906b77d40, 11, 1;
L_0000019906ae1e90 .part L_0000019906ae4870, 11, 1;
L_0000019906ae1f30 .part v0000019906ab4c10_0, 12, 1;
L_0000019906ae0bd0 .part L_0000019906b77d40, 12, 1;
L_0000019906ae1fd0 .part L_0000019906ae4870, 12, 1;
L_0000019906ae29d0 .part v0000019906ab4c10_0, 13, 1;
L_0000019906ae2bb0 .part L_0000019906b77d40, 13, 1;
L_0000019906ae2e30 .part L_0000019906ae4870, 13, 1;
L_0000019906ae2ed0 .part v0000019906ab4c10_0, 14, 1;
L_0000019906ae0c70 .part L_0000019906b77d40, 14, 1;
L_0000019906ae4550 .part L_0000019906ae4870, 14, 1;
L_0000019906ae51d0 .part v0000019906ab4c10_0, 15, 1;
L_0000019906ae4c30 .part L_0000019906b77d40, 15, 1;
L_0000019906ae3f10 .part L_0000019906ae4870, 15, 1;
L_0000019906ae4ff0 .part v0000019906ab4c10_0, 16, 1;
L_0000019906ae3290 .part L_0000019906b77d40, 16, 1;
L_0000019906ae5270 .part L_0000019906ae4870, 16, 1;
L_0000019906ae3dd0 .part v0000019906ab4c10_0, 17, 1;
L_0000019906ae4690 .part L_0000019906b77d40, 17, 1;
L_0000019906ae5090 .part L_0000019906ae4870, 17, 1;
L_0000019906ae3b50 .part v0000019906ab4c10_0, 18, 1;
L_0000019906ae40f0 .part L_0000019906b77d40, 18, 1;
L_0000019906ae5130 .part L_0000019906ae4870, 18, 1;
L_0000019906ae4eb0 .part v0000019906ab4c10_0, 19, 1;
L_0000019906ae3150 .part L_0000019906b77d40, 19, 1;
L_0000019906ae4a50 .part L_0000019906ae4870, 19, 1;
L_0000019906ae31f0 .part v0000019906ab4c10_0, 20, 1;
L_0000019906ae3fb0 .part L_0000019906b77d40, 20, 1;
L_0000019906ae38d0 .part L_0000019906ae4870, 20, 1;
L_0000019906ae4230 .part v0000019906ab4c10_0, 21, 1;
L_0000019906ae5810 .part L_0000019906b77d40, 21, 1;
L_0000019906ae3510 .part L_0000019906ae4870, 21, 1;
L_0000019906ae3330 .part v0000019906ab4c10_0, 22, 1;
L_0000019906ae3970 .part L_0000019906b77d40, 22, 1;
L_0000019906ae5450 .part L_0000019906ae4870, 22, 1;
L_0000019906ae3a10 .part v0000019906ab4c10_0, 23, 1;
L_0000019906ae5590 .part L_0000019906b77d40, 23, 1;
L_0000019906ae3e70 .part L_0000019906ae4870, 23, 1;
L_0000019906ae4f50 .part v0000019906ab4c10_0, 24, 1;
L_0000019906ae3d30 .part L_0000019906b77d40, 24, 1;
L_0000019906ae4190 .part L_0000019906ae4870, 24, 1;
L_0000019906ae3bf0 .part v0000019906ab4c10_0, 25, 1;
L_0000019906ae33d0 .part L_0000019906b77d40, 25, 1;
L_0000019906ae3c90 .part L_0000019906ae4870, 25, 1;
L_0000019906ae3ab0 .part v0000019906ab4c10_0, 26, 1;
L_0000019906ae5310 .part L_0000019906b77d40, 26, 1;
L_0000019906ae4050 .part L_0000019906ae4870, 26, 1;
L_0000019906ae44b0 .part v0000019906ab4c10_0, 27, 1;
L_0000019906ae4410 .part L_0000019906b77d40, 27, 1;
L_0000019906ae49b0 .part L_0000019906ae4870, 27, 1;
L_0000019906ae42d0 .part v0000019906ab4c10_0, 28, 1;
L_0000019906ae3830 .part L_0000019906b77d40, 28, 1;
L_0000019906ae4370 .part L_0000019906ae4870, 28, 1;
L_0000019906ae45f0 .part v0000019906ab4c10_0, 29, 1;
L_0000019906ae35b0 .part L_0000019906b77d40, 29, 1;
L_0000019906ae3470 .part L_0000019906ae4870, 29, 1;
L_0000019906ae4730 .part v0000019906ab4c10_0, 30, 1;
L_0000019906ae53b0 .part L_0000019906b77d40, 30, 1;
L_0000019906ae58b0 .part L_0000019906ae4870, 30, 1;
L_0000019906ae3650 .part v0000019906ab4c10_0, 31, 1;
L_0000019906ae4af0 .part L_0000019906b77d40, 31, 1;
L_0000019906ae47d0 .part L_0000019906ae4870, 31, 1;
LS_0000019906ae54f0_0_0 .concat8 [ 1 1 1 1], L_0000019906b6b290, L_0000019906b6a730, L_0000019906b6af10, L_0000019906b69e00;
LS_0000019906ae54f0_0_4 .concat8 [ 1 1 1 1], L_0000019906b6bbc0, L_0000019906b6cbf0, L_0000019906b6ba70, L_0000019906b6cf00;
LS_0000019906ae54f0_0_8 .concat8 [ 1 1 1 1], L_0000019906b6b5a0, L_0000019906b6c100, L_0000019906b6c2c0, L_0000019906b6cdb0;
LS_0000019906ae54f0_0_12 .concat8 [ 1 1 1 1], L_0000019906b6c480, L_0000019906b6caa0, L_0000019906b6e710, L_0000019906b6e240;
LS_0000019906ae54f0_0_16 .concat8 [ 1 1 1 1], L_0000019906b6d670, L_0000019906b6d600, L_0000019906b6e780, L_0000019906b6d750;
LS_0000019906ae54f0_0_20 .concat8 [ 1 1 1 1], L_0000019906b6e390, L_0000019906b6e860, L_0000019906b6dd70, L_0000019906b6dfa0;
LS_0000019906ae54f0_0_24 .concat8 [ 1 1 1 1], L_0000019906b6ea90, L_0000019906b6f9e0, L_0000019906b6f5f0, L_0000019906b6f3c0;
LS_0000019906ae54f0_0_28 .concat8 [ 1 1 1 1], L_0000019906b6f190, L_0000019906b6f660, L_0000019906b6ef60, L_0000019906b783d0;
LS_0000019906ae54f0_1_0 .concat8 [ 4 4 4 4], LS_0000019906ae54f0_0_0, LS_0000019906ae54f0_0_4, LS_0000019906ae54f0_0_8, LS_0000019906ae54f0_0_12;
LS_0000019906ae54f0_1_4 .concat8 [ 4 4 4 4], LS_0000019906ae54f0_0_16, LS_0000019906ae54f0_0_20, LS_0000019906ae54f0_0_24, LS_0000019906ae54f0_0_28;
L_0000019906ae54f0 .concat8 [ 16 16 0 0], LS_0000019906ae54f0_1_0, LS_0000019906ae54f0_1_4;
LS_0000019906ae4870_0_0 .concat8 [ 1 1 1 1], L_0000019906b76df0, L_0000019906b69cb0, L_0000019906b6a960, L_0000019906b69ee0;
LS_0000019906ae4870_0_4 .concat8 [ 1 1 1 1], L_0000019906b6c950, L_0000019906b6cd40, L_0000019906b6bca0, L_0000019906b6d050;
LS_0000019906ae4870_0_8 .concat8 [ 1 1 1 1], L_0000019906b6cc60, L_0000019906b6ca30, L_0000019906b6b6f0, L_0000019906b6b760;
LS_0000019906ae4870_0_12 .concat8 [ 1 1 1 1], L_0000019906b6bd80, L_0000019906b6c800, L_0000019906b6ce90, L_0000019906b6dde0;
LS_0000019906ae4870_0_16 .concat8 [ 1 1 1 1], L_0000019906b6d360, L_0000019906b6da60, L_0000019906b6ec50, L_0000019906b6d440;
LS_0000019906ae4870_0_20 .concat8 [ 1 1 1 1], L_0000019906b6d7c0, L_0000019906b6de50, L_0000019906b6ebe0, L_0000019906b6e5c0;
LS_0000019906ae4870_0_24 .concat8 [ 1 1 1 1], L_0000019906b6e8d0, L_0000019906b6fc80, L_0000019906b6f270, L_0000019906b6fac0;
LS_0000019906ae4870_0_28 .concat8 [ 1 1 1 1], L_0000019906b6f0b0, L_0000019906b6eef0, L_0000019906b6f900, L_0000019906b76d80;
LS_0000019906ae4870_0_32 .concat8 [ 1 0 0 0], L_0000019906b77480;
LS_0000019906ae4870_1_0 .concat8 [ 4 4 4 4], LS_0000019906ae4870_0_0, LS_0000019906ae4870_0_4, LS_0000019906ae4870_0_8, LS_0000019906ae4870_0_12;
LS_0000019906ae4870_1_4 .concat8 [ 4 4 4 4], LS_0000019906ae4870_0_16, LS_0000019906ae4870_0_20, LS_0000019906ae4870_0_24, LS_0000019906ae4870_0_28;
LS_0000019906ae4870_1_8 .concat8 [ 1 0 0 0], LS_0000019906ae4870_0_32;
L_0000019906ae4870 .concat8 [ 16 16 1 0], LS_0000019906ae4870_1_0, LS_0000019906ae4870_1_4, LS_0000019906ae4870_1_8;
L_0000019906ae36f0 .part L_0000019906ae4870, 32, 1;
L_0000019906ae3790 .part L_0000019906ae4870, 31, 1;
L_0000019906ae4910 .part L_0000019906ae4870, 32, 1;
S_0000019906a9a840 .scope generate, "fa_gen[0]" "fa_gen[0]" 9 17, 9 17 0, S_0000019906a9ae80;
 .timescale 0 0;
P_00000199069a56a0 .param/l "i" 0 9 17, +C4<00>;
S_0000019906a9b010 .scope module, "fa" "full_adder" 9 18, 9 33 0, S_0000019906a9a840;
 .timescale 0 0;
    .port_info 0 /INPUT 1 "a";
    .port_info 1 /INPUT 1 "b";
    .port_info 2 /INPUT 1 "cin";
    .port_info 3 /OUTPUT 1 "sum";
    .port_info 4 /OUTPUT 1 "cout";
L_0000019906b69bd0 .functor XOR 1, L_0000019906ae1350, L_0000019906ae2cf0, C4<0>, C4<0>;
L_0000019906b6b290 .functor XOR 1, L_0000019906b69bd0, L_0000019906ae0db0, C4<0>, C4<0>;
L_0000019906b699a0 .functor AND 1, L_0000019906ae1350, L_0000019906ae2cf0, C4<1>, C4<1>;
L_0000019906b6b530 .functor XOR 1, L_0000019906ae1350, L_0000019906ae2cf0, C4<0>, C4<0>;
L_0000019906b6adc0 .functor AND 1, L_0000019906ae0db0, L_0000019906b6b530, C4<1>, C4<1>;
L_0000019906b69cb0 .functor OR 1, L_0000019906b699a0, L_0000019906b6adc0, C4<0>, C4<0>;
v0000019906a75460_0 .net *"_ivl_0", 0 0, L_0000019906b69bd0;  1 drivers
v0000019906a72e40_0 .net *"_ivl_4", 0 0, L_0000019906b699a0;  1 drivers
v0000019906a73020_0 .net *"_ivl_6", 0 0, L_0000019906b6b530;  1 drivers
v0000019906a733e0_0 .net *"_ivl_8", 0 0, L_0000019906b6adc0;  1 drivers
v0000019906a732a0_0 .net "a", 0 0, L_0000019906ae1350;  1 drivers
v0000019906a73340_0 .net "b", 0 0, L_0000019906ae2cf0;  1 drivers
v0000019906a76360_0 .net "cin", 0 0, L_0000019906ae0db0;  1 drivers
v0000019906a76e00_0 .net "cout", 0 0, L_0000019906b69cb0;  1 drivers
v0000019906a77080_0 .net "sum", 0 0, L_0000019906b6b290;  1 drivers
S_0000019906a9b1a0 .scope generate, "fa_gen[1]" "fa_gen[1]" 9 17, 9 17 0, S_0000019906a9ae80;
 .timescale 0 0;
P_00000199069a5820 .param/l "i" 0 9 17, +C4<01>;
S_0000019906a9b330 .scope module, "fa" "full_adder" 9 18, 9 33 0, S_0000019906a9b1a0;
 .timescale 0 0;
    .port_info 0 /INPUT 1 "a";
    .port_info 1 /INPUT 1 "b";
    .port_info 2 /INPUT 1 "cin";
    .port_info 3 /OUTPUT 1 "sum";
    .port_info 4 /OUTPUT 1 "cout";
L_0000019906b69a80 .functor XOR 1, L_0000019906ae0ef0, L_0000019906ae2110, C4<0>, C4<0>;
L_0000019906b6a730 .functor XOR 1, L_0000019906b69a80, L_0000019906ae1530, C4<0>, C4<0>;
L_0000019906b6a810 .functor AND 1, L_0000019906ae0ef0, L_0000019906ae2110, C4<1>, C4<1>;
L_0000019906b6ae30 .functor XOR 1, L_0000019906ae0ef0, L_0000019906ae2110, C4<0>, C4<0>;
L_0000019906b69d90 .functor AND 1, L_0000019906ae1530, L_0000019906b6ae30, C4<1>, C4<1>;
L_0000019906b6a960 .functor OR 1, L_0000019906b6a810, L_0000019906b69d90, C4<0>, C4<0>;
v0000019906a76860_0 .net *"_ivl_0", 0 0, L_0000019906b69a80;  1 drivers
v0000019906a776c0_0 .net *"_ivl_4", 0 0, L_0000019906b6a810;  1 drivers
v0000019906a75e60_0 .net *"_ivl_6", 0 0, L_0000019906b6ae30;  1 drivers
v0000019906a771c0_0 .net *"_ivl_8", 0 0, L_0000019906b69d90;  1 drivers
v0000019906a75c80_0 .net "a", 0 0, L_0000019906ae0ef0;  1 drivers
v0000019906a77d00_0 .net "b", 0 0, L_0000019906ae2110;  1 drivers
v0000019906a762c0_0 .net "cin", 0 0, L_0000019906ae1530;  1 drivers
v0000019906a75f00_0 .net "cout", 0 0, L_0000019906b6a960;  1 drivers
v0000019906a76a40_0 .net "sum", 0 0, L_0000019906b6a730;  1 drivers
S_0000019906a9b4c0 .scope generate, "fa_gen[2]" "fa_gen[2]" 9 17, 9 17 0, S_0000019906a9ae80;
 .timescale 0 0;
P_00000199069a5120 .param/l "i" 0 9 17, +C4<010>;
S_0000019906a9b650 .scope module, "fa" "full_adder" 9 18, 9 33 0, S_0000019906a9b4c0;
 .timescale 0 0;
    .port_info 0 /INPUT 1 "a";
    .port_info 1 /INPUT 1 "b";
    .port_info 2 /INPUT 1 "cin";
    .port_info 3 /OUTPUT 1 "sum";
    .port_info 4 /OUTPUT 1 "cout";
L_0000019906b6b3e0 .functor XOR 1, L_0000019906ae1030, L_0000019906ae1d50, C4<0>, C4<0>;
L_0000019906b6af10 .functor XOR 1, L_0000019906b6b3e0, L_0000019906ae17b0, C4<0>, C4<0>;
L_0000019906b6aa40 .functor AND 1, L_0000019906ae1030, L_0000019906ae1d50, C4<1>, C4<1>;
L_0000019906b6aab0 .functor XOR 1, L_0000019906ae1030, L_0000019906ae1d50, C4<0>, C4<0>;
L_0000019906b6ab90 .functor AND 1, L_0000019906ae17b0, L_0000019906b6aab0, C4<1>, C4<1>;
L_0000019906b69ee0 .functor OR 1, L_0000019906b6aa40, L_0000019906b6ab90, C4<0>, C4<0>;
v0000019906a76720_0 .net *"_ivl_0", 0 0, L_0000019906b6b3e0;  1 drivers
v0000019906a76ea0_0 .net *"_ivl_4", 0 0, L_0000019906b6aa40;  1 drivers
v0000019906a779e0_0 .net *"_ivl_6", 0 0, L_0000019906b6aab0;  1 drivers
v0000019906a77800_0 .net *"_ivl_8", 0 0, L_0000019906b6ab90;  1 drivers
v0000019906a77120_0 .net "a", 0 0, L_0000019906ae1030;  1 drivers
v0000019906a76400_0 .net "b", 0 0, L_0000019906ae1d50;  1 drivers
v0000019906a75dc0_0 .net "cin", 0 0, L_0000019906ae17b0;  1 drivers
v0000019906a77760_0 .net "cout", 0 0, L_0000019906b69ee0;  1 drivers
v0000019906a75be0_0 .net "sum", 0 0, L_0000019906b6af10;  1 drivers
S_0000019906a9bb00 .scope generate, "fa_gen[3]" "fa_gen[3]" 9 17, 9 17 0, S_0000019906a9ae80;
 .timescale 0 0;
P_00000199069a54e0 .param/l "i" 0 9 17, +C4<011>;
S_0000019906a9a390 .scope module, "fa" "full_adder" 9 18, 9 33 0, S_0000019906a9bb00;
 .timescale 0 0;
    .port_info 0 /INPUT 1 "a";
    .port_info 1 /INPUT 1 "b";
    .port_info 2 /INPUT 1 "cin";
    .port_info 3 /OUTPUT 1 "sum";
    .port_info 4 /OUTPUT 1 "cout";
L_0000019906b69b60 .functor XOR 1, L_0000019906ae09f0, L_0000019906ae27f0, C4<0>, C4<0>;
L_0000019906b69e00 .functor XOR 1, L_0000019906b69b60, L_0000019906ae24d0, C4<0>, C4<0>;
L_0000019906b6c020 .functor AND 1, L_0000019906ae09f0, L_0000019906ae27f0, C4<1>, C4<1>;
L_0000019906b6ba00 .functor XOR 1, L_0000019906ae09f0, L_0000019906ae27f0, C4<0>, C4<0>;
L_0000019906b6c330 .functor AND 1, L_0000019906ae24d0, L_0000019906b6ba00, C4<1>, C4<1>;
L_0000019906b6c950 .functor OR 1, L_0000019906b6c020, L_0000019906b6c330, C4<0>, C4<0>;
v0000019906a76fe0_0 .net *"_ivl_0", 0 0, L_0000019906b69b60;  1 drivers
v0000019906a76040_0 .net *"_ivl_4", 0 0, L_0000019906b6c020;  1 drivers
v0000019906a75a00_0 .net *"_ivl_6", 0 0, L_0000019906b6ba00;  1 drivers
v0000019906a77da0_0 .net *"_ivl_8", 0 0, L_0000019906b6c330;  1 drivers
v0000019906a767c0_0 .net "a", 0 0, L_0000019906ae09f0;  1 drivers
v0000019906a75fa0_0 .net "b", 0 0, L_0000019906ae27f0;  1 drivers
v0000019906a778a0_0 .net "cin", 0 0, L_0000019906ae24d0;  1 drivers
v0000019906a769a0_0 .net "cout", 0 0, L_0000019906b6c950;  1 drivers
v0000019906a76900_0 .net "sum", 0 0, L_0000019906b69e00;  1 drivers
S_0000019906a9a070 .scope generate, "fa_gen[4]" "fa_gen[4]" 9 17, 9 17 0, S_0000019906a9ae80;
 .timescale 0 0;
P_00000199069a5560 .param/l "i" 0 9 17, +C4<0100>;
S_0000019906a9b7e0 .scope module, "fa" "full_adder" 9 18, 9 33 0, S_0000019906a9a070;
 .timescale 0 0;
    .port_info 0 /INPUT 1 "a";
    .port_info 1 /INPUT 1 "b";
    .port_info 2 /INPUT 1 "cin";
    .port_info 3 /OUTPUT 1 "sum";
    .port_info 4 /OUTPUT 1 "cout";
L_0000019906b6bf40 .functor XOR 1, L_0000019906ae2430, L_0000019906ae1ad0, C4<0>, C4<0>;
L_0000019906b6bbc0 .functor XOR 1, L_0000019906b6bf40, L_0000019906ae1210, C4<0>, C4<0>;
L_0000019906b6cfe0 .functor AND 1, L_0000019906ae2430, L_0000019906ae1ad0, C4<1>, C4<1>;
L_0000019906b6c170 .functor XOR 1, L_0000019906ae2430, L_0000019906ae1ad0, C4<0>, C4<0>;
L_0000019906b6b840 .functor AND 1, L_0000019906ae1210, L_0000019906b6c170, C4<1>, C4<1>;
L_0000019906b6cd40 .functor OR 1, L_0000019906b6cfe0, L_0000019906b6b840, C4<0>, C4<0>;
v0000019906a75640_0 .net *"_ivl_0", 0 0, L_0000019906b6bf40;  1 drivers
v0000019906a76ae0_0 .net *"_ivl_4", 0 0, L_0000019906b6cfe0;  1 drivers
v0000019906a77260_0 .net *"_ivl_6", 0 0, L_0000019906b6c170;  1 drivers
v0000019906a77580_0 .net *"_ivl_8", 0 0, L_0000019906b6b840;  1 drivers
v0000019906a76540_0 .net "a", 0 0, L_0000019906ae2430;  1 drivers
v0000019906a756e0_0 .net "b", 0 0, L_0000019906ae1ad0;  1 drivers
v0000019906a76b80_0 .net "cin", 0 0, L_0000019906ae1210;  1 drivers
v0000019906a77c60_0 .net "cout", 0 0, L_0000019906b6cd40;  1 drivers
v0000019906a76cc0_0 .net "sum", 0 0, L_0000019906b6bbc0;  1 drivers
S_0000019906a9bc90 .scope generate, "fa_gen[5]" "fa_gen[5]" 9 17, 9 17 0, S_0000019906a9ae80;
 .timescale 0 0;
P_00000199069a52e0 .param/l "i" 0 9 17, +C4<0101>;
S_0000019906a9be20 .scope module, "fa" "full_adder" 9 18, 9 33 0, S_0000019906a9bc90;
 .timescale 0 0;
    .port_info 0 /INPUT 1 "a";
    .port_info 1 /INPUT 1 "b";
    .port_info 2 /INPUT 1 "cin";
    .port_info 3 /OUTPUT 1 "sum";
    .port_info 4 /OUTPUT 1 "cout";
L_0000019906b6bed0 .functor XOR 1, L_0000019906ae2f70, L_0000019906ae2890, C4<0>, C4<0>;
L_0000019906b6cbf0 .functor XOR 1, L_0000019906b6bed0, L_0000019906ae2570, C4<0>, C4<0>;
L_0000019906b6d0c0 .functor AND 1, L_0000019906ae2f70, L_0000019906ae2890, C4<1>, C4<1>;
L_0000019906b6c6b0 .functor XOR 1, L_0000019906ae2f70, L_0000019906ae2890, C4<0>, C4<0>;
L_0000019906b6c4f0 .functor AND 1, L_0000019906ae2570, L_0000019906b6c6b0, C4<1>, C4<1>;
L_0000019906b6bca0 .functor OR 1, L_0000019906b6d0c0, L_0000019906b6c4f0, C4<0>, C4<0>;
v0000019906a760e0_0 .net *"_ivl_0", 0 0, L_0000019906b6bed0;  1 drivers
v0000019906a764a0_0 .net *"_ivl_4", 0 0, L_0000019906b6d0c0;  1 drivers
v0000019906a76c20_0 .net *"_ivl_6", 0 0, L_0000019906b6c6b0;  1 drivers
v0000019906a76d60_0 .net *"_ivl_8", 0 0, L_0000019906b6c4f0;  1 drivers
v0000019906a765e0_0 .net "a", 0 0, L_0000019906ae2f70;  1 drivers
v0000019906a758c0_0 .net "b", 0 0, L_0000019906ae2890;  1 drivers
v0000019906a76680_0 .net "cin", 0 0, L_0000019906ae2570;  1 drivers
v0000019906a75aa0_0 .net "cout", 0 0, L_0000019906b6bca0;  1 drivers
v0000019906a75960_0 .net "sum", 0 0, L_0000019906b6cbf0;  1 drivers
S_0000019906a9a520 .scope generate, "fa_gen[6]" "fa_gen[6]" 9 17, 9 17 0, S_0000019906a9ae80;
 .timescale 0 0;
P_00000199069a4fe0 .param/l "i" 0 9 17, +C4<0110>;
S_0000019906a9a6b0 .scope module, "fa" "full_adder" 9 18, 9 33 0, S_0000019906a9a520;
 .timescale 0 0;
    .port_info 0 /INPUT 1 "a";
    .port_info 1 /INPUT 1 "b";
    .port_info 2 /INPUT 1 "cin";
    .port_info 3 /OUTPUT 1 "sum";
    .port_info 4 /OUTPUT 1 "cout";
L_0000019906b6b8b0 .functor XOR 1, L_0000019906ae18f0, L_0000019906ae0e50, C4<0>, C4<0>;
L_0000019906b6ba70 .functor XOR 1, L_0000019906b6b8b0, L_0000019906ae1990, C4<0>, C4<0>;
L_0000019906b6c090 .functor AND 1, L_0000019906ae18f0, L_0000019906ae0e50, C4<1>, C4<1>;
L_0000019906b6d130 .functor XOR 1, L_0000019906ae18f0, L_0000019906ae0e50, C4<0>, C4<0>;
L_0000019906b6b920 .functor AND 1, L_0000019906ae1990, L_0000019906b6d130, C4<1>, C4<1>;
L_0000019906b6d050 .functor OR 1, L_0000019906b6c090, L_0000019906b6b920, C4<0>, C4<0>;
v0000019906a76f40_0 .net *"_ivl_0", 0 0, L_0000019906b6b8b0;  1 drivers
v0000019906a76180_0 .net *"_ivl_4", 0 0, L_0000019906b6c090;  1 drivers
v0000019906a75780_0 .net *"_ivl_6", 0 0, L_0000019906b6d130;  1 drivers
v0000019906a75d20_0 .net *"_ivl_8", 0 0, L_0000019906b6b920;  1 drivers
v0000019906a75b40_0 .net "a", 0 0, L_0000019906ae18f0;  1 drivers
v0000019906a76220_0 .net "b", 0 0, L_0000019906ae0e50;  1 drivers
v0000019906a77300_0 .net "cin", 0 0, L_0000019906ae1990;  1 drivers
v0000019906a773a0_0 .net "cout", 0 0, L_0000019906b6d050;  1 drivers
v0000019906a77440_0 .net "sum", 0 0, L_0000019906b6ba70;  1 drivers
S_0000019906a9ec40 .scope generate, "fa_gen[7]" "fa_gen[7]" 9 17, 9 17 0, S_0000019906a9ae80;
 .timescale 0 0;
P_00000199069a5960 .param/l "i" 0 9 17, +C4<0111>;
S_0000019906a9d660 .scope module, "fa" "full_adder" 9 18, 9 33 0, S_0000019906a9ec40;
 .timescale 0 0;
    .port_info 0 /INPUT 1 "a";
    .port_info 1 /INPUT 1 "b";
    .port_info 2 /INPUT 1 "cin";
    .port_info 3 /OUTPUT 1 "sum";
    .port_info 4 /OUTPUT 1 "cout";
L_0000019906b6c1e0 .functor XOR 1, L_0000019906ae2d90, L_0000019906ae2610, C4<0>, C4<0>;
L_0000019906b6cf00 .functor XOR 1, L_0000019906b6c1e0, L_0000019906ae1a30, C4<0>, C4<0>;
L_0000019906b6bc30 .functor AND 1, L_0000019906ae2d90, L_0000019906ae2610, C4<1>, C4<1>;
L_0000019906b6bd10 .functor XOR 1, L_0000019906ae2d90, L_0000019906ae2610, C4<0>, C4<0>;
L_0000019906b6b680 .functor AND 1, L_0000019906ae1a30, L_0000019906b6bd10, C4<1>, C4<1>;
L_0000019906b6cc60 .functor OR 1, L_0000019906b6bc30, L_0000019906b6b680, C4<0>, C4<0>;
v0000019906a774e0_0 .net *"_ivl_0", 0 0, L_0000019906b6c1e0;  1 drivers
v0000019906a77620_0 .net *"_ivl_4", 0 0, L_0000019906b6bc30;  1 drivers
v0000019906a77940_0 .net *"_ivl_6", 0 0, L_0000019906b6bd10;  1 drivers
v0000019906a77a80_0 .net *"_ivl_8", 0 0, L_0000019906b6b680;  1 drivers
v0000019906a75820_0 .net "a", 0 0, L_0000019906ae2d90;  1 drivers
v0000019906a77b20_0 .net "b", 0 0, L_0000019906ae2610;  1 drivers
v0000019906a77bc0_0 .net "cin", 0 0, L_0000019906ae1a30;  1 drivers
v0000019906aa3fe0_0 .net "cout", 0 0, L_0000019906b6cc60;  1 drivers
v0000019906aa41c0_0 .net "sum", 0 0, L_0000019906b6cf00;  1 drivers
S_0000019906a9e150 .scope generate, "fa_gen[8]" "fa_gen[8]" 9 17, 9 17 0, S_0000019906a9ae80;
 .timescale 0 0;
P_00000199069a5860 .param/l "i" 0 9 17, +C4<01000>;
S_0000019906a9fa50 .scope module, "fa" "full_adder" 9 18, 9 33 0, S_0000019906a9e150;
 .timescale 0 0;
    .port_info 0 /INPUT 1 "a";
    .port_info 1 /INPUT 1 "b";
    .port_info 2 /INPUT 1 "cin";
    .port_info 3 /OUTPUT 1 "sum";
    .port_info 4 /OUTPUT 1 "cout";
L_0000019906b6bae0 .functor XOR 1, L_0000019906ae1b70, L_0000019906ae26b0, C4<0>, C4<0>;
L_0000019906b6b5a0 .functor XOR 1, L_0000019906b6bae0, L_0000019906ae2750, C4<0>, C4<0>;
L_0000019906b6ccd0 .functor AND 1, L_0000019906ae1b70, L_0000019906ae26b0, C4<1>, C4<1>;
L_0000019906b6bfb0 .functor XOR 1, L_0000019906ae1b70, L_0000019906ae26b0, C4<0>, C4<0>;
L_0000019906b6b610 .functor AND 1, L_0000019906ae2750, L_0000019906b6bfb0, C4<1>, C4<1>;
L_0000019906b6ca30 .functor OR 1, L_0000019906b6ccd0, L_0000019906b6b610, C4<0>, C4<0>;
v0000019906aa2f00_0 .net *"_ivl_0", 0 0, L_0000019906b6bae0;  1 drivers
v0000019906aa4800_0 .net *"_ivl_4", 0 0, L_0000019906b6ccd0;  1 drivers
v0000019906aa3b80_0 .net *"_ivl_6", 0 0, L_0000019906b6bfb0;  1 drivers
v0000019906aa3220_0 .net *"_ivl_8", 0 0, L_0000019906b6b610;  1 drivers
v0000019906aa32c0_0 .net "a", 0 0, L_0000019906ae1b70;  1 drivers
v0000019906aa2c80_0 .net "b", 0 0, L_0000019906ae26b0;  1 drivers
v0000019906aa2aa0_0 .net "cin", 0 0, L_0000019906ae2750;  1 drivers
v0000019906aa3cc0_0 .net "cout", 0 0, L_0000019906b6ca30;  1 drivers
v0000019906aa3a40_0 .net "sum", 0 0, L_0000019906b6b5a0;  1 drivers
S_0000019906a9c530 .scope generate, "fa_gen[9]" "fa_gen[9]" 9 17, 9 17 0, S_0000019906a9ae80;
 .timescale 0 0;
P_00000199069a5520 .param/l "i" 0 9 17, +C4<01001>;
S_0000019906a9c210 .scope module, "fa" "full_adder" 9 18, 9 33 0, S_0000019906a9c530;
 .timescale 0 0;
    .port_info 0 /INPUT 1 "a";
    .port_info 1 /INPUT 1 "b";
    .port_info 2 /INPUT 1 "cin";
    .port_info 3 /OUTPUT 1 "sum";
    .port_info 4 /OUTPUT 1 "cout";
L_0000019906b6c790 .functor XOR 1, L_0000019906ae2b10, L_0000019906ae12b0, C4<0>, C4<0>;
L_0000019906b6c100 .functor XOR 1, L_0000019906b6c790, L_0000019906ae1c10, C4<0>, C4<0>;
L_0000019906b6c560 .functor AND 1, L_0000019906ae2b10, L_0000019906ae12b0, C4<1>, C4<1>;
L_0000019906b6c870 .functor XOR 1, L_0000019906ae2b10, L_0000019906ae12b0, C4<0>, C4<0>;
L_0000019906b6c250 .functor AND 1, L_0000019906ae1c10, L_0000019906b6c870, C4<1>, C4<1>;
L_0000019906b6b6f0 .functor OR 1, L_0000019906b6c560, L_0000019906b6c250, C4<0>, C4<0>;
v0000019906aa44e0_0 .net *"_ivl_0", 0 0, L_0000019906b6c790;  1 drivers
v0000019906aa3400_0 .net *"_ivl_4", 0 0, L_0000019906b6c560;  1 drivers
v0000019906aa3720_0 .net *"_ivl_6", 0 0, L_0000019906b6c870;  1 drivers
v0000019906aa28c0_0 .net *"_ivl_8", 0 0, L_0000019906b6c250;  1 drivers
v0000019906aa3540_0 .net "a", 0 0, L_0000019906ae2b10;  1 drivers
v0000019906aa4620_0 .net "b", 0 0, L_0000019906ae12b0;  1 drivers
v0000019906aa2960_0 .net "cin", 0 0, L_0000019906ae1c10;  1 drivers
v0000019906aa4260_0 .net "cout", 0 0, L_0000019906b6b6f0;  1 drivers
v0000019906aa35e0_0 .net "sum", 0 0, L_0000019906b6c100;  1 drivers
S_0000019906a9f280 .scope generate, "fa_gen[10]" "fa_gen[10]" 9 17, 9 17 0, S_0000019906a9ae80;
 .timescale 0 0;
P_00000199069a58a0 .param/l "i" 0 9 17, +C4<01010>;
S_0000019906a9e600 .scope module, "fa" "full_adder" 9 18, 9 33 0, S_0000019906a9f280;
 .timescale 0 0;
    .port_info 0 /INPUT 1 "a";
    .port_info 1 /INPUT 1 "b";
    .port_info 2 /INPUT 1 "cin";
    .port_info 3 /OUTPUT 1 "sum";
    .port_info 4 /OUTPUT 1 "cout";
L_0000019906b6cb10 .functor XOR 1, L_0000019906ae1cb0, L_0000019906ae2930, C4<0>, C4<0>;
L_0000019906b6c2c0 .functor XOR 1, L_0000019906b6cb10, L_0000019906ae1df0, C4<0>, C4<0>;
L_0000019906b6bb50 .functor AND 1, L_0000019906ae1cb0, L_0000019906ae2930, C4<1>, C4<1>;
L_0000019906b6c3a0 .functor XOR 1, L_0000019906ae1cb0, L_0000019906ae2930, C4<0>, C4<0>;
L_0000019906b6c9c0 .functor AND 1, L_0000019906ae1df0, L_0000019906b6c3a0, C4<1>, C4<1>;
L_0000019906b6b760 .functor OR 1, L_0000019906b6bb50, L_0000019906b6c9c0, C4<0>, C4<0>;
v0000019906aa4080_0 .net *"_ivl_0", 0 0, L_0000019906b6cb10;  1 drivers
v0000019906aa4c60_0 .net *"_ivl_4", 0 0, L_0000019906b6bb50;  1 drivers
v0000019906aa4a80_0 .net *"_ivl_6", 0 0, L_0000019906b6c3a0;  1 drivers
v0000019906aa2a00_0 .net *"_ivl_8", 0 0, L_0000019906b6c9c0;  1 drivers
v0000019906aa3d60_0 .net "a", 0 0, L_0000019906ae1cb0;  1 drivers
v0000019906aa49e0_0 .net "b", 0 0, L_0000019906ae2930;  1 drivers
v0000019906aa2e60_0 .net "cin", 0 0, L_0000019906ae1df0;  1 drivers
v0000019906aa2fa0_0 .net "cout", 0 0, L_0000019906b6b760;  1 drivers
v0000019906aa3040_0 .net "sum", 0 0, L_0000019906b6c2c0;  1 drivers
S_0000019906a9e2e0 .scope generate, "fa_gen[11]" "fa_gen[11]" 9 17, 9 17 0, S_0000019906a9ae80;
 .timescale 0 0;
P_00000199069a5220 .param/l "i" 0 9 17, +C4<01011>;
S_0000019906a9d020 .scope module, "fa" "full_adder" 9 18, 9 33 0, S_0000019906a9e2e0;
 .timescale 0 0;
    .port_info 0 /INPUT 1 "a";
    .port_info 1 /INPUT 1 "b";
    .port_info 2 /INPUT 1 "cin";
    .port_info 3 /OUTPUT 1 "sum";
    .port_info 4 /OUTPUT 1 "cout";
L_0000019906b6c410 .functor XOR 1, L_0000019906ae0a90, L_0000019906ae0b30, C4<0>, C4<0>;
L_0000019906b6cdb0 .functor XOR 1, L_0000019906b6c410, L_0000019906ae1e90, C4<0>, C4<0>;
L_0000019906b6b7d0 .functor AND 1, L_0000019906ae0a90, L_0000019906ae0b30, C4<1>, C4<1>;
L_0000019906b6c720 .functor XOR 1, L_0000019906ae0a90, L_0000019906ae0b30, C4<0>, C4<0>;
L_0000019906b6c5d0 .functor AND 1, L_0000019906ae1e90, L_0000019906b6c720, C4<1>, C4<1>;
L_0000019906b6bd80 .functor OR 1, L_0000019906b6b7d0, L_0000019906b6c5d0, C4<0>, C4<0>;
v0000019906aa3360_0 .net *"_ivl_0", 0 0, L_0000019906b6c410;  1 drivers
v0000019906aa2d20_0 .net *"_ivl_4", 0 0, L_0000019906b6b7d0;  1 drivers
v0000019906aa4f80_0 .net *"_ivl_6", 0 0, L_0000019906b6c720;  1 drivers
v0000019906aa30e0_0 .net *"_ivl_8", 0 0, L_0000019906b6c5d0;  1 drivers
v0000019906aa3900_0 .net "a", 0 0, L_0000019906ae0a90;  1 drivers
v0000019906aa3c20_0 .net "b", 0 0, L_0000019906ae0b30;  1 drivers
v0000019906aa3e00_0 .net "cin", 0 0, L_0000019906ae1e90;  1 drivers
v0000019906aa4120_0 .net "cout", 0 0, L_0000019906b6bd80;  1 drivers
v0000019906aa4b20_0 .net "sum", 0 0, L_0000019906b6cdb0;  1 drivers
S_0000019906a9d7f0 .scope generate, "fa_gen[12]" "fa_gen[12]" 9 17, 9 17 0, S_0000019906a9ae80;
 .timescale 0 0;
P_00000199069a5ca0 .param/l "i" 0 9 17, +C4<01100>;
S_0000019906a9f0f0 .scope module, "fa" "full_adder" 9 18, 9 33 0, S_0000019906a9d7f0;
 .timescale 0 0;
    .port_info 0 /INPUT 1 "a";
    .port_info 1 /INPUT 1 "b";
    .port_info 2 /INPUT 1 "cin";
    .port_info 3 /OUTPUT 1 "sum";
    .port_info 4 /OUTPUT 1 "cout";
L_0000019906b6b990 .functor XOR 1, L_0000019906ae1f30, L_0000019906ae0bd0, C4<0>, C4<0>;
L_0000019906b6c480 .functor XOR 1, L_0000019906b6b990, L_0000019906ae1fd0, C4<0>, C4<0>;
L_0000019906b6bdf0 .functor AND 1, L_0000019906ae1f30, L_0000019906ae0bd0, C4<1>, C4<1>;
L_0000019906b6be60 .functor XOR 1, L_0000019906ae1f30, L_0000019906ae0bd0, C4<0>, C4<0>;
L_0000019906b6c640 .functor AND 1, L_0000019906ae1fd0, L_0000019906b6be60, C4<1>, C4<1>;
L_0000019906b6c800 .functor OR 1, L_0000019906b6bdf0, L_0000019906b6c640, C4<0>, C4<0>;
v0000019906aa2b40_0 .net *"_ivl_0", 0 0, L_0000019906b6b990;  1 drivers
v0000019906aa4bc0_0 .net *"_ivl_4", 0 0, L_0000019906b6bdf0;  1 drivers
v0000019906aa3f40_0 .net *"_ivl_6", 0 0, L_0000019906b6be60;  1 drivers
v0000019906aa37c0_0 .net *"_ivl_8", 0 0, L_0000019906b6c640;  1 drivers
v0000019906aa2be0_0 .net "a", 0 0, L_0000019906ae1f30;  1 drivers
v0000019906aa3180_0 .net "b", 0 0, L_0000019906ae0bd0;  1 drivers
v0000019906aa3680_0 .net "cin", 0 0, L_0000019906ae1fd0;  1 drivers
v0000019906aa4300_0 .net "cout", 0 0, L_0000019906b6c800;  1 drivers
v0000019906aa2dc0_0 .net "sum", 0 0, L_0000019906b6c480;  1 drivers
S_0000019906a9d1b0 .scope generate, "fa_gen[13]" "fa_gen[13]" 9 17, 9 17 0, S_0000019906a9ae80;
 .timescale 0 0;
P_00000199069a5d20 .param/l "i" 0 9 17, +C4<01101>;
S_0000019906a9d340 .scope module, "fa" "full_adder" 9 18, 9 33 0, S_0000019906a9d1b0;
 .timescale 0 0;
    .port_info 0 /INPUT 1 "a";
    .port_info 1 /INPUT 1 "b";
    .port_info 2 /INPUT 1 "cin";
    .port_info 3 /OUTPUT 1 "sum";
    .port_info 4 /OUTPUT 1 "cout";
L_0000019906b6c8e0 .functor XOR 1, L_0000019906ae29d0, L_0000019906ae2bb0, C4<0>, C4<0>;
L_0000019906b6caa0 .functor XOR 1, L_0000019906b6c8e0, L_0000019906ae2e30, C4<0>, C4<0>;
L_0000019906b6cf70 .functor AND 1, L_0000019906ae29d0, L_0000019906ae2bb0, C4<1>, C4<1>;
L_0000019906b6cb80 .functor XOR 1, L_0000019906ae29d0, L_0000019906ae2bb0, C4<0>, C4<0>;
L_0000019906b6ce20 .functor AND 1, L_0000019906ae2e30, L_0000019906b6cb80, C4<1>, C4<1>;
L_0000019906b6ce90 .functor OR 1, L_0000019906b6cf70, L_0000019906b6ce20, C4<0>, C4<0>;
v0000019906aa34a0_0 .net *"_ivl_0", 0 0, L_0000019906b6c8e0;  1 drivers
v0000019906aa3860_0 .net *"_ivl_4", 0 0, L_0000019906b6cf70;  1 drivers
v0000019906aa39a0_0 .net *"_ivl_6", 0 0, L_0000019906b6cb80;  1 drivers
v0000019906aa46c0_0 .net *"_ivl_8", 0 0, L_0000019906b6ce20;  1 drivers
v0000019906aa4760_0 .net "a", 0 0, L_0000019906ae29d0;  1 drivers
v0000019906aa3ae0_0 .net "b", 0 0, L_0000019906ae2bb0;  1 drivers
v0000019906aa43a0_0 .net "cin", 0 0, L_0000019906ae2e30;  1 drivers
v0000019906aa4440_0 .net "cout", 0 0, L_0000019906b6ce90;  1 drivers
v0000019906aa3ea0_0 .net "sum", 0 0, L_0000019906b6caa0;  1 drivers
S_0000019906a9edd0 .scope generate, "fa_gen[14]" "fa_gen[14]" 9 17, 9 17 0, S_0000019906a9ae80;
 .timescale 0 0;
P_00000199069a58e0 .param/l "i" 0 9 17, +C4<01110>;
S_0000019906a9cb70 .scope module, "fa" "full_adder" 9 18, 9 33 0, S_0000019906a9edd0;
 .timescale 0 0;
    .port_info 0 /INPUT 1 "a";
    .port_info 1 /INPUT 1 "b";
    .port_info 2 /INPUT 1 "cin";
    .port_info 3 /OUTPUT 1 "sum";
    .port_info 4 /OUTPUT 1 "cout";
L_0000019906b6dc90 .functor XOR 1, L_0000019906ae2ed0, L_0000019906ae0c70, C4<0>, C4<0>;
L_0000019906b6e710 .functor XOR 1, L_0000019906b6dc90, L_0000019906ae4550, C4<0>, C4<0>;
L_0000019906b6d9f0 .functor AND 1, L_0000019906ae2ed0, L_0000019906ae0c70, C4<1>, C4<1>;
L_0000019906b6e9b0 .functor XOR 1, L_0000019906ae2ed0, L_0000019906ae0c70, C4<0>, C4<0>;
L_0000019906b6e1d0 .functor AND 1, L_0000019906ae4550, L_0000019906b6e9b0, C4<1>, C4<1>;
L_0000019906b6dde0 .functor OR 1, L_0000019906b6d9f0, L_0000019906b6e1d0, C4<0>, C4<0>;
v0000019906aa4580_0 .net *"_ivl_0", 0 0, L_0000019906b6dc90;  1 drivers
v0000019906aa48a0_0 .net *"_ivl_4", 0 0, L_0000019906b6d9f0;  1 drivers
v0000019906aa4940_0 .net *"_ivl_6", 0 0, L_0000019906b6e9b0;  1 drivers
v0000019906aa4d00_0 .net *"_ivl_8", 0 0, L_0000019906b6e1d0;  1 drivers
v0000019906aa4da0_0 .net "a", 0 0, L_0000019906ae2ed0;  1 drivers
v0000019906aa4e40_0 .net "b", 0 0, L_0000019906ae0c70;  1 drivers
v0000019906aa4ee0_0 .net "cin", 0 0, L_0000019906ae4550;  1 drivers
v0000019906aa5020_0 .net "cout", 0 0, L_0000019906b6dde0;  1 drivers
v0000019906aa5340_0 .net "sum", 0 0, L_0000019906b6e710;  1 drivers
S_0000019906a9e920 .scope generate, "fa_gen[15]" "fa_gen[15]" 9 17, 9 17 0, S_0000019906a9ae80;
 .timescale 0 0;
P_00000199069a5ea0 .param/l "i" 0 9 17, +C4<01111>;
S_0000019906a9fbe0 .scope module, "fa" "full_adder" 9 18, 9 33 0, S_0000019906a9e920;
 .timescale 0 0;
    .port_info 0 /INPUT 1 "a";
    .port_info 1 /INPUT 1 "b";
    .port_info 2 /INPUT 1 "cin";
    .port_info 3 /OUTPUT 1 "sum";
    .port_info 4 /OUTPUT 1 "cout";
L_0000019906b6d1a0 .functor XOR 1, L_0000019906ae51d0, L_0000019906ae4c30, C4<0>, C4<0>;
L_0000019906b6e240 .functor XOR 1, L_0000019906b6d1a0, L_0000019906ae3f10, C4<0>, C4<0>;
L_0000019906b6d280 .functor AND 1, L_0000019906ae51d0, L_0000019906ae4c30, C4<1>, C4<1>;
L_0000019906b6e470 .functor XOR 1, L_0000019906ae51d0, L_0000019906ae4c30, C4<0>, C4<0>;
L_0000019906b6d2f0 .functor AND 1, L_0000019906ae3f10, L_0000019906b6e470, C4<1>, C4<1>;
L_0000019906b6d360 .functor OR 1, L_0000019906b6d280, L_0000019906b6d2f0, C4<0>, C4<0>;
v0000019906aa61a0_0 .net *"_ivl_0", 0 0, L_0000019906b6d1a0;  1 drivers
v0000019906aa5480_0 .net *"_ivl_4", 0 0, L_0000019906b6d280;  1 drivers
v0000019906aa58e0_0 .net *"_ivl_6", 0 0, L_0000019906b6e470;  1 drivers
v0000019906aa6420_0 .net *"_ivl_8", 0 0, L_0000019906b6d2f0;  1 drivers
v0000019906aa5b60_0 .net "a", 0 0, L_0000019906ae51d0;  1 drivers
v0000019906aa71e0_0 .net "b", 0 0, L_0000019906ae4c30;  1 drivers
v0000019906aa6ba0_0 .net "cin", 0 0, L_0000019906ae3f10;  1 drivers
v0000019906aa62e0_0 .net "cout", 0 0, L_0000019906b6d360;  1 drivers
v0000019906aa5d40_0 .net "sum", 0 0, L_0000019906b6e240;  1 drivers
S_0000019906a9ef60 .scope generate, "fa_gen[16]" "fa_gen[16]" 9 17, 9 17 0, S_0000019906a9ae80;
 .timescale 0 0;
P_00000199069a5360 .param/l "i" 0 9 17, +C4<010000>;
S_0000019906a9cd00 .scope module, "fa" "full_adder" 9 18, 9 33 0, S_0000019906a9ef60;
 .timescale 0 0;
    .port_info 0 /INPUT 1 "a";
    .port_info 1 /INPUT 1 "b";
    .port_info 2 /INPUT 1 "cin";
    .port_info 3 /OUTPUT 1 "sum";
    .port_info 4 /OUTPUT 1 "cout";
L_0000019906b6d6e0 .functor XOR 1, L_0000019906ae4ff0, L_0000019906ae3290, C4<0>, C4<0>;
L_0000019906b6d670 .functor XOR 1, L_0000019906b6d6e0, L_0000019906ae5270, C4<0>, C4<0>;
L_0000019906b6d910 .functor AND 1, L_0000019906ae4ff0, L_0000019906ae3290, C4<1>, C4<1>;
L_0000019906b6e2b0 .functor XOR 1, L_0000019906ae4ff0, L_0000019906ae3290, C4<0>, C4<0>;
L_0000019906b6e6a0 .functor AND 1, L_0000019906ae5270, L_0000019906b6e2b0, C4<1>, C4<1>;
L_0000019906b6da60 .functor OR 1, L_0000019906b6d910, L_0000019906b6e6a0, C4<0>, C4<0>;
v0000019906aa66a0_0 .net *"_ivl_0", 0 0, L_0000019906b6d6e0;  1 drivers
v0000019906aa53e0_0 .net *"_ivl_4", 0 0, L_0000019906b6d910;  1 drivers
v0000019906aa5160_0 .net *"_ivl_6", 0 0, L_0000019906b6e2b0;  1 drivers
v0000019906aa76e0_0 .net *"_ivl_8", 0 0, L_0000019906b6e6a0;  1 drivers
v0000019906aa6920_0 .net "a", 0 0, L_0000019906ae4ff0;  1 drivers
v0000019906aa5660_0 .net "b", 0 0, L_0000019906ae3290;  1 drivers
v0000019906aa5520_0 .net "cin", 0 0, L_0000019906ae5270;  1 drivers
v0000019906aa5980_0 .net "cout", 0 0, L_0000019906b6da60;  1 drivers
v0000019906aa7320_0 .net "sum", 0 0, L_0000019906b6d670;  1 drivers
S_0000019906a9d4d0 .scope generate, "fa_gen[17]" "fa_gen[17]" 9 17, 9 17 0, S_0000019906a9ae80;
 .timescale 0 0;
P_00000199069a59e0 .param/l "i" 0 9 17, +C4<010001>;
S_0000019906a9f8c0 .scope module, "fa" "full_adder" 9 18, 9 33 0, S_0000019906a9d4d0;
 .timescale 0 0;
    .port_info 0 /INPUT 1 "a";
    .port_info 1 /INPUT 1 "b";
    .port_info 2 /INPUT 1 "cin";
    .port_info 3 /OUTPUT 1 "sum";
    .port_info 4 /OUTPUT 1 "cout";
L_0000019906b6d4b0 .functor XOR 1, L_0000019906ae3dd0, L_0000019906ae4690, C4<0>, C4<0>;
L_0000019906b6d600 .functor XOR 1, L_0000019906b6d4b0, L_0000019906ae5090, C4<0>, C4<0>;
L_0000019906b6dd00 .functor AND 1, L_0000019906ae3dd0, L_0000019906ae4690, C4<1>, C4<1>;
L_0000019906b6ecc0 .functor XOR 1, L_0000019906ae3dd0, L_0000019906ae4690, C4<0>, C4<0>;
L_0000019906b6d520 .functor AND 1, L_0000019906ae5090, L_0000019906b6ecc0, C4<1>, C4<1>;
L_0000019906b6ec50 .functor OR 1, L_0000019906b6dd00, L_0000019906b6d520, C4<0>, C4<0>;
v0000019906aa67e0_0 .net *"_ivl_0", 0 0, L_0000019906b6d4b0;  1 drivers
v0000019906aa6a60_0 .net *"_ivl_4", 0 0, L_0000019906b6dd00;  1 drivers
v0000019906aa55c0_0 .net *"_ivl_6", 0 0, L_0000019906b6ecc0;  1 drivers
v0000019906aa5700_0 .net *"_ivl_8", 0 0, L_0000019906b6d520;  1 drivers
v0000019906aa5f20_0 .net "a", 0 0, L_0000019906ae3dd0;  1 drivers
v0000019906aa6e20_0 .net "b", 0 0, L_0000019906ae4690;  1 drivers
v0000019906aa7000_0 .net "cin", 0 0, L_0000019906ae5090;  1 drivers
v0000019906aa57a0_0 .net "cout", 0 0, L_0000019906b6ec50;  1 drivers
v0000019906aa5840_0 .net "sum", 0 0, L_0000019906b6d600;  1 drivers
S_0000019906a9e470 .scope generate, "fa_gen[18]" "fa_gen[18]" 9 17, 9 17 0, S_0000019906a9ae80;
 .timescale 0 0;
P_00000199069a53a0 .param/l "i" 0 9 17, +C4<010010>;
S_0000019906a9d980 .scope module, "fa" "full_adder" 9 18, 9 33 0, S_0000019906a9e470;
 .timescale 0 0;
    .port_info 0 /INPUT 1 "a";
    .port_info 1 /INPUT 1 "b";
    .port_info 2 /INPUT 1 "cin";
    .port_info 3 /OUTPUT 1 "sum";
    .port_info 4 /OUTPUT 1 "cout";
L_0000019906b6d3d0 .functor XOR 1, L_0000019906ae3b50, L_0000019906ae40f0, C4<0>, C4<0>;
L_0000019906b6e780 .functor XOR 1, L_0000019906b6d3d0, L_0000019906ae5130, C4<0>, C4<0>;
L_0000019906b6d210 .functor AND 1, L_0000019906ae3b50, L_0000019906ae40f0, C4<1>, C4<1>;
L_0000019906b6ed30 .functor XOR 1, L_0000019906ae3b50, L_0000019906ae40f0, C4<0>, C4<0>;
L_0000019906b6e400 .functor AND 1, L_0000019906ae5130, L_0000019906b6ed30, C4<1>, C4<1>;
L_0000019906b6d440 .functor OR 1, L_0000019906b6d210, L_0000019906b6e400, C4<0>, C4<0>;
v0000019906aa70a0_0 .net *"_ivl_0", 0 0, L_0000019906b6d3d0;  1 drivers
v0000019906aa7820_0 .net *"_ivl_4", 0 0, L_0000019906b6d210;  1 drivers
v0000019906aa5c00_0 .net *"_ivl_6", 0 0, L_0000019906b6ed30;  1 drivers
v0000019906aa7780_0 .net *"_ivl_8", 0 0, L_0000019906b6e400;  1 drivers
v0000019906aa50c0_0 .net "a", 0 0, L_0000019906ae3b50;  1 drivers
v0000019906aa5ac0_0 .net "b", 0 0, L_0000019906ae40f0;  1 drivers
v0000019906aa6060_0 .net "cin", 0 0, L_0000019906ae5130;  1 drivers
v0000019906aa5200_0 .net "cout", 0 0, L_0000019906b6d440;  1 drivers
v0000019906aa6880_0 .net "sum", 0 0, L_0000019906b6e780;  1 drivers
S_0000019906a9c6c0 .scope generate, "fa_gen[19]" "fa_gen[19]" 9 17, 9 17 0, S_0000019906a9ae80;
 .timescale 0 0;
P_00000199069a5a20 .param/l "i" 0 9 17, +C4<010011>;
S_0000019906a9ce90 .scope module, "fa" "full_adder" 9 18, 9 33 0, S_0000019906a9c6c0;
 .timescale 0 0;
    .port_info 0 /INPUT 1 "a";
    .port_info 1 /INPUT 1 "b";
    .port_info 2 /INPUT 1 "cin";
    .port_info 3 /OUTPUT 1 "sum";
    .port_info 4 /OUTPUT 1 "cout";
L_0000019906b6e320 .functor XOR 1, L_0000019906ae4eb0, L_0000019906ae3150, C4<0>, C4<0>;
L_0000019906b6d750 .functor XOR 1, L_0000019906b6e320, L_0000019906ae4a50, C4<0>, C4<0>;
L_0000019906b6d590 .functor AND 1, L_0000019906ae4eb0, L_0000019906ae3150, C4<1>, C4<1>;
L_0000019906b6e7f0 .functor XOR 1, L_0000019906ae4eb0, L_0000019906ae3150, C4<0>, C4<0>;
L_0000019906b6dad0 .functor AND 1, L_0000019906ae4a50, L_0000019906b6e7f0, C4<1>, C4<1>;
L_0000019906b6d7c0 .functor OR 1, L_0000019906b6d590, L_0000019906b6dad0, C4<0>, C4<0>;
v0000019906aa52a0_0 .net *"_ivl_0", 0 0, L_0000019906b6e320;  1 drivers
v0000019906aa5a20_0 .net *"_ivl_4", 0 0, L_0000019906b6d590;  1 drivers
v0000019906aa5ca0_0 .net *"_ivl_6", 0 0, L_0000019906b6e7f0;  1 drivers
v0000019906aa6b00_0 .net *"_ivl_8", 0 0, L_0000019906b6dad0;  1 drivers
v0000019906aa6c40_0 .net "a", 0 0, L_0000019906ae4eb0;  1 drivers
v0000019906aa5de0_0 .net "b", 0 0, L_0000019906ae3150;  1 drivers
v0000019906aa64c0_0 .net "cin", 0 0, L_0000019906ae4a50;  1 drivers
v0000019906aa6240_0 .net "cout", 0 0, L_0000019906b6d7c0;  1 drivers
v0000019906aa5e80_0 .net "sum", 0 0, L_0000019906b6d750;  1 drivers
S_0000019906a9c9e0 .scope generate, "fa_gen[20]" "fa_gen[20]" 9 17, 9 17 0, S_0000019906a9ae80;
 .timescale 0 0;
P_00000199069a5f20 .param/l "i" 0 9 17, +C4<010100>;
S_0000019906a9f410 .scope module, "fa" "full_adder" 9 18, 9 33 0, S_0000019906a9c9e0;
 .timescale 0 0;
    .port_info 0 /INPUT 1 "a";
    .port_info 1 /INPUT 1 "b";
    .port_info 2 /INPUT 1 "cin";
    .port_info 3 /OUTPUT 1 "sum";
    .port_info 4 /OUTPUT 1 "cout";
L_0000019906b6d830 .functor XOR 1, L_0000019906ae31f0, L_0000019906ae3fb0, C4<0>, C4<0>;
L_0000019906b6e390 .functor XOR 1, L_0000019906b6d830, L_0000019906ae38d0, C4<0>, C4<0>;
L_0000019906b6dbb0 .functor AND 1, L_0000019906ae31f0, L_0000019906ae3fb0, C4<1>, C4<1>;
L_0000019906b6e0f0 .functor XOR 1, L_0000019906ae31f0, L_0000019906ae3fb0, C4<0>, C4<0>;
L_0000019906b6e4e0 .functor AND 1, L_0000019906ae38d0, L_0000019906b6e0f0, C4<1>, C4<1>;
L_0000019906b6de50 .functor OR 1, L_0000019906b6dbb0, L_0000019906b6e4e0, C4<0>, C4<0>;
v0000019906aa5fc0_0 .net *"_ivl_0", 0 0, L_0000019906b6d830;  1 drivers
v0000019906aa6100_0 .net *"_ivl_4", 0 0, L_0000019906b6dbb0;  1 drivers
v0000019906aa6380_0 .net *"_ivl_6", 0 0, L_0000019906b6e0f0;  1 drivers
v0000019906aa6560_0 .net *"_ivl_8", 0 0, L_0000019906b6e4e0;  1 drivers
v0000019906aa6600_0 .net "a", 0 0, L_0000019906ae31f0;  1 drivers
v0000019906aa6740_0 .net "b", 0 0, L_0000019906ae3fb0;  1 drivers
v0000019906aa69c0_0 .net "cin", 0 0, L_0000019906ae38d0;  1 drivers
v0000019906aa6ce0_0 .net "cout", 0 0, L_0000019906b6de50;  1 drivers
v0000019906aa6d80_0 .net "sum", 0 0, L_0000019906b6e390;  1 drivers
S_0000019906a9db10 .scope generate, "fa_gen[21]" "fa_gen[21]" 9 17, 9 17 0, S_0000019906a9ae80;
 .timescale 0 0;
P_00000199069a5e20 .param/l "i" 0 9 17, +C4<010101>;
S_0000019906a9dca0 .scope module, "fa" "full_adder" 9 18, 9 33 0, S_0000019906a9db10;
 .timescale 0 0;
    .port_info 0 /INPUT 1 "a";
    .port_info 1 /INPUT 1 "b";
    .port_info 2 /INPUT 1 "cin";
    .port_info 3 /OUTPUT 1 "sum";
    .port_info 4 /OUTPUT 1 "cout";
L_0000019906b6e160 .functor XOR 1, L_0000019906ae4230, L_0000019906ae5810, C4<0>, C4<0>;
L_0000019906b6e860 .functor XOR 1, L_0000019906b6e160, L_0000019906ae3510, C4<0>, C4<0>;
L_0000019906b6ea20 .functor AND 1, L_0000019906ae4230, L_0000019906ae5810, C4<1>, C4<1>;
L_0000019906b6db40 .functor XOR 1, L_0000019906ae4230, L_0000019906ae5810, C4<0>, C4<0>;
L_0000019906b6d8a0 .functor AND 1, L_0000019906ae3510, L_0000019906b6db40, C4<1>, C4<1>;
L_0000019906b6ebe0 .functor OR 1, L_0000019906b6ea20, L_0000019906b6d8a0, C4<0>, C4<0>;
v0000019906aa6ec0_0 .net *"_ivl_0", 0 0, L_0000019906b6e160;  1 drivers
v0000019906aa6f60_0 .net *"_ivl_4", 0 0, L_0000019906b6ea20;  1 drivers
v0000019906aa7140_0 .net *"_ivl_6", 0 0, L_0000019906b6db40;  1 drivers
v0000019906aa7280_0 .net *"_ivl_8", 0 0, L_0000019906b6d8a0;  1 drivers
v0000019906aa73c0_0 .net "a", 0 0, L_0000019906ae4230;  1 drivers
v0000019906aa7460_0 .net "b", 0 0, L_0000019906ae5810;  1 drivers
v0000019906aa7500_0 .net "cin", 0 0, L_0000019906ae3510;  1 drivers
v0000019906aa75a0_0 .net "cout", 0 0, L_0000019906b6ebe0;  1 drivers
v0000019906aa7640_0 .net "sum", 0 0, L_0000019906b6e860;  1 drivers
S_0000019906a9de30 .scope generate, "fa_gen[22]" "fa_gen[22]" 9 17, 9 17 0, S_0000019906a9ae80;
 .timescale 0 0;
P_00000199069a5be0 .param/l "i" 0 9 17, +C4<010110>;
S_0000019906a9fd70 .scope module, "fa" "full_adder" 9 18, 9 33 0, S_0000019906a9de30;
 .timescale 0 0;
    .port_info 0 /INPUT 1 "a";
    .port_info 1 /INPUT 1 "b";
    .port_info 2 /INPUT 1 "cin";
    .port_info 3 /OUTPUT 1 "sum";
    .port_info 4 /OUTPUT 1 "cout";
L_0000019906b6dec0 .functor XOR 1, L_0000019906ae3330, L_0000019906ae3970, C4<0>, C4<0>;
L_0000019906b6dd70 .functor XOR 1, L_0000019906b6dec0, L_0000019906ae5450, C4<0>, C4<0>;
L_0000019906b6dc20 .functor AND 1, L_0000019906ae3330, L_0000019906ae3970, C4<1>, C4<1>;
L_0000019906b6d980 .functor XOR 1, L_0000019906ae3330, L_0000019906ae3970, C4<0>, C4<0>;
L_0000019906b6df30 .functor AND 1, L_0000019906ae5450, L_0000019906b6d980, C4<1>, C4<1>;
L_0000019906b6e5c0 .functor OR 1, L_0000019906b6dc20, L_0000019906b6df30, C4<0>, C4<0>;
v0000019906aa9940_0 .net *"_ivl_0", 0 0, L_0000019906b6dec0;  1 drivers
v0000019906aa89a0_0 .net *"_ivl_4", 0 0, L_0000019906b6dc20;  1 drivers
v0000019906aa7c80_0 .net *"_ivl_6", 0 0, L_0000019906b6d980;  1 drivers
v0000019906aa80e0_0 .net *"_ivl_8", 0 0, L_0000019906b6df30;  1 drivers
v0000019906aa8860_0 .net "a", 0 0, L_0000019906ae3330;  1 drivers
v0000019906aa8b80_0 .net "b", 0 0, L_0000019906ae3970;  1 drivers
v0000019906aa9120_0 .net "cin", 0 0, L_0000019906ae5450;  1 drivers
v0000019906aa99e0_0 .net "cout", 0 0, L_0000019906b6e5c0;  1 drivers
v0000019906aa93a0_0 .net "sum", 0 0, L_0000019906b6dd70;  1 drivers
S_0000019906a9dfc0 .scope generate, "fa_gen[23]" "fa_gen[23]" 9 17, 9 17 0, S_0000019906a9ae80;
 .timescale 0 0;
P_00000199069a5c60 .param/l "i" 0 9 17, +C4<010111>;
S_0000019906a9c080 .scope module, "fa" "full_adder" 9 18, 9 33 0, S_0000019906a9dfc0;
 .timescale 0 0;
    .port_info 0 /INPUT 1 "a";
    .port_info 1 /INPUT 1 "b";
    .port_info 2 /INPUT 1 "cin";
    .port_info 3 /OUTPUT 1 "sum";
    .port_info 4 /OUTPUT 1 "cout";
L_0000019906b6e550 .functor XOR 1, L_0000019906ae3a10, L_0000019906ae5590, C4<0>, C4<0>;
L_0000019906b6dfa0 .functor XOR 1, L_0000019906b6e550, L_0000019906ae3e70, C4<0>, C4<0>;
L_0000019906b6e010 .functor AND 1, L_0000019906ae3a10, L_0000019906ae5590, C4<1>, C4<1>;
L_0000019906b6e630 .functor XOR 1, L_0000019906ae3a10, L_0000019906ae5590, C4<0>, C4<0>;
L_0000019906b6e080 .functor AND 1, L_0000019906ae3e70, L_0000019906b6e630, C4<1>, C4<1>;
L_0000019906b6e8d0 .functor OR 1, L_0000019906b6e010, L_0000019906b6e080, C4<0>, C4<0>;
v0000019906aa8180_0 .net *"_ivl_0", 0 0, L_0000019906b6e550;  1 drivers
v0000019906aa9f80_0 .net *"_ivl_4", 0 0, L_0000019906b6e010;  1 drivers
v0000019906aa96c0_0 .net *"_ivl_6", 0 0, L_0000019906b6e630;  1 drivers
v0000019906aa7fa0_0 .net *"_ivl_8", 0 0, L_0000019906b6e080;  1 drivers
v0000019906aa8e00_0 .net "a", 0 0, L_0000019906ae3a10;  1 drivers
v0000019906aa8680_0 .net "b", 0 0, L_0000019906ae5590;  1 drivers
v0000019906aa91c0_0 .net "cin", 0 0, L_0000019906ae3e70;  1 drivers
v0000019906aa8720_0 .net "cout", 0 0, L_0000019906b6e8d0;  1 drivers
v0000019906aa8fe0_0 .net "sum", 0 0, L_0000019906b6dfa0;  1 drivers
S_0000019906a9e790 .scope generate, "fa_gen[24]" "fa_gen[24]" 9 17, 9 17 0, S_0000019906a9ae80;
 .timescale 0 0;
P_00000199069a5e60 .param/l "i" 0 9 17, +C4<011000>;
S_0000019906a9eab0 .scope module, "fa" "full_adder" 9 18, 9 33 0, S_0000019906a9e790;
 .timescale 0 0;
    .port_info 0 /INPUT 1 "a";
    .port_info 1 /INPUT 1 "b";
    .port_info 2 /INPUT 1 "cin";
    .port_info 3 /OUTPUT 1 "sum";
    .port_info 4 /OUTPUT 1 "cout";
L_0000019906b6e940 .functor XOR 1, L_0000019906ae4f50, L_0000019906ae3d30, C4<0>, C4<0>;
L_0000019906b6ea90 .functor XOR 1, L_0000019906b6e940, L_0000019906ae4190, C4<0>, C4<0>;
L_0000019906b6eb00 .functor AND 1, L_0000019906ae4f50, L_0000019906ae3d30, C4<1>, C4<1>;
L_0000019906b6eb70 .functor XOR 1, L_0000019906ae4f50, L_0000019906ae3d30, C4<0>, C4<0>;
L_0000019906b6f120 .functor AND 1, L_0000019906ae4190, L_0000019906b6eb70, C4<1>, C4<1>;
L_0000019906b6fc80 .functor OR 1, L_0000019906b6eb00, L_0000019906b6f120, C4<0>, C4<0>;
v0000019906aa8220_0 .net *"_ivl_0", 0 0, L_0000019906b6e940;  1 drivers
v0000019906aa82c0_0 .net *"_ivl_4", 0 0, L_0000019906b6eb00;  1 drivers
v0000019906aaa020_0 .net *"_ivl_6", 0 0, L_0000019906b6eb70;  1 drivers
v0000019906aa9760_0 .net *"_ivl_8", 0 0, L_0000019906b6f120;  1 drivers
v0000019906aa8360_0 .net "a", 0 0, L_0000019906ae4f50;  1 drivers
v0000019906aa8540_0 .net "b", 0 0, L_0000019906ae3d30;  1 drivers
v0000019906aa8040_0 .net "cin", 0 0, L_0000019906ae4190;  1 drivers
v0000019906aa87c0_0 .net "cout", 0 0, L_0000019906b6fc80;  1 drivers
v0000019906aa9260_0 .net "sum", 0 0, L_0000019906b6ea90;  1 drivers
S_0000019906a9c3a0 .scope generate, "fa_gen[25]" "fa_gen[25]" 9 17, 9 17 0, S_0000019906a9ae80;
 .timescale 0 0;
P_00000199069a5f60 .param/l "i" 0 9 17, +C4<011001>;
S_0000019906a9f5a0 .scope module, "fa" "full_adder" 9 18, 9 33 0, S_0000019906a9c3a0;
 .timescale 0 0;
    .port_info 0 /INPUT 1 "a";
    .port_info 1 /INPUT 1 "b";
    .port_info 2 /INPUT 1 "cin";
    .port_info 3 /OUTPUT 1 "sum";
    .port_info 4 /OUTPUT 1 "cout";
L_0000019906b6fc10 .functor XOR 1, L_0000019906ae3bf0, L_0000019906ae33d0, C4<0>, C4<0>;
L_0000019906b6f9e0 .functor XOR 1, L_0000019906b6fc10, L_0000019906ae3c90, C4<0>, C4<0>;
L_0000019906b6f2e0 .functor AND 1, L_0000019906ae3bf0, L_0000019906ae33d0, C4<1>, C4<1>;
L_0000019906b6f200 .functor XOR 1, L_0000019906ae3bf0, L_0000019906ae33d0, C4<0>, C4<0>;
L_0000019906b6f890 .functor AND 1, L_0000019906ae3c90, L_0000019906b6f200, C4<1>, C4<1>;
L_0000019906b6f270 .functor OR 1, L_0000019906b6f2e0, L_0000019906b6f890, C4<0>, C4<0>;
v0000019906aa8400_0 .net *"_ivl_0", 0 0, L_0000019906b6fc10;  1 drivers
v0000019906aa9d00_0 .net *"_ivl_4", 0 0, L_0000019906b6f2e0;  1 drivers
v0000019906aa84a0_0 .net *"_ivl_6", 0 0, L_0000019906b6f200;  1 drivers
v0000019906aa9ee0_0 .net *"_ivl_8", 0 0, L_0000019906b6f890;  1 drivers
v0000019906aa8a40_0 .net "a", 0 0, L_0000019906ae3bf0;  1 drivers
v0000019906aa85e0_0 .net "b", 0 0, L_0000019906ae33d0;  1 drivers
v0000019906aa8ea0_0 .net "cin", 0 0, L_0000019906ae3c90;  1 drivers
v0000019906aa9800_0 .net "cout", 0 0, L_0000019906b6f270;  1 drivers
v0000019906aa8900_0 .net "sum", 0 0, L_0000019906b6f9e0;  1 drivers
S_0000019906a9f730 .scope generate, "fa_gen[26]" "fa_gen[26]" 9 17, 9 17 0, S_0000019906a9ae80;
 .timescale 0 0;
P_00000199069a5fa0 .param/l "i" 0 9 17, +C4<011010>;
S_0000019906a9c850 .scope module, "fa" "full_adder" 9 18, 9 33 0, S_0000019906a9f730;
 .timescale 0 0;
    .port_info 0 /INPUT 1 "a";
    .port_info 1 /INPUT 1 "b";
    .port_info 2 /INPUT 1 "cin";
    .port_info 3 /OUTPUT 1 "sum";
    .port_info 4 /OUTPUT 1 "cout";
L_0000019906b6f350 .functor XOR 1, L_0000019906ae3ab0, L_0000019906ae5310, C4<0>, C4<0>;
L_0000019906b6f5f0 .functor XOR 1, L_0000019906b6f350, L_0000019906ae4050, C4<0>, C4<0>;
L_0000019906b6f7b0 .functor AND 1, L_0000019906ae3ab0, L_0000019906ae5310, C4<1>, C4<1>;
L_0000019906b6fa50 .functor XOR 1, L_0000019906ae3ab0, L_0000019906ae5310, C4<0>, C4<0>;
L_0000019906b6eda0 .functor AND 1, L_0000019906ae4050, L_0000019906b6fa50, C4<1>, C4<1>;
L_0000019906b6fac0 .functor OR 1, L_0000019906b6f7b0, L_0000019906b6eda0, C4<0>, C4<0>;
v0000019906aa8ae0_0 .net *"_ivl_0", 0 0, L_0000019906b6f350;  1 drivers
v0000019906aa8c20_0 .net *"_ivl_4", 0 0, L_0000019906b6f7b0;  1 drivers
v0000019906aa7aa0_0 .net *"_ivl_6", 0 0, L_0000019906b6fa50;  1 drivers
v0000019906aa8cc0_0 .net *"_ivl_8", 0 0, L_0000019906b6eda0;  1 drivers
v0000019906aa7f00_0 .net "a", 0 0, L_0000019906ae3ab0;  1 drivers
v0000019906aa7a00_0 .net "b", 0 0, L_0000019906ae5310;  1 drivers
v0000019906aa8d60_0 .net "cin", 0 0, L_0000019906ae4050;  1 drivers
v0000019906aa78c0_0 .net "cout", 0 0, L_0000019906b6fac0;  1 drivers
v0000019906aa8f40_0 .net "sum", 0 0, L_0000019906b6f5f0;  1 drivers
S_0000019906ab0550 .scope generate, "fa_gen[27]" "fa_gen[27]" 9 17, 9 17 0, S_0000019906a9ae80;
 .timescale 0 0;
P_00000199069a5020 .param/l "i" 0 9 17, +C4<011011>;
S_0000019906ab1680 .scope module, "fa" "full_adder" 9 18, 9 33 0, S_0000019906ab0550;
 .timescale 0 0;
    .port_info 0 /INPUT 1 "a";
    .port_info 1 /INPUT 1 "b";
    .port_info 2 /INPUT 1 "cin";
    .port_info 3 /OUTPUT 1 "sum";
    .port_info 4 /OUTPUT 1 "cout";
L_0000019906b6fb30 .functor XOR 1, L_0000019906ae44b0, L_0000019906ae4410, C4<0>, C4<0>;
L_0000019906b6f3c0 .functor XOR 1, L_0000019906b6fb30, L_0000019906ae49b0, C4<0>, C4<0>;
L_0000019906b6ee10 .functor AND 1, L_0000019906ae44b0, L_0000019906ae4410, C4<1>, C4<1>;
L_0000019906b6fba0 .functor XOR 1, L_0000019906ae44b0, L_0000019906ae4410, C4<0>, C4<0>;
L_0000019906b6f510 .functor AND 1, L_0000019906ae49b0, L_0000019906b6fba0, C4<1>, C4<1>;
L_0000019906b6f0b0 .functor OR 1, L_0000019906b6ee10, L_0000019906b6f510, C4<0>, C4<0>;
v0000019906aa7960_0 .net *"_ivl_0", 0 0, L_0000019906b6fb30;  1 drivers
v0000019906aa9080_0 .net *"_ivl_4", 0 0, L_0000019906b6ee10;  1 drivers
v0000019906aa98a0_0 .net *"_ivl_6", 0 0, L_0000019906b6fba0;  1 drivers
v0000019906aa9b20_0 .net *"_ivl_8", 0 0, L_0000019906b6f510;  1 drivers
v0000019906aa9300_0 .net "a", 0 0, L_0000019906ae44b0;  1 drivers
v0000019906aa9440_0 .net "b", 0 0, L_0000019906ae4410;  1 drivers
v0000019906aa9a80_0 .net "cin", 0 0, L_0000019906ae49b0;  1 drivers
v0000019906aa94e0_0 .net "cout", 0 0, L_0000019906b6f0b0;  1 drivers
v0000019906aa9580_0 .net "sum", 0 0, L_0000019906b6f3c0;  1 drivers
S_0000019906ab0b90 .scope generate, "fa_gen[28]" "fa_gen[28]" 9 17, 9 17 0, S_0000019906a9ae80;
 .timescale 0 0;
P_00000199069a5160 .param/l "i" 0 9 17, +C4<011100>;
S_0000019906ab35c0 .scope module, "fa" "full_adder" 9 18, 9 33 0, S_0000019906ab0b90;
 .timescale 0 0;
    .port_info 0 /INPUT 1 "a";
    .port_info 1 /INPUT 1 "b";
    .port_info 2 /INPUT 1 "cin";
    .port_info 3 /OUTPUT 1 "sum";
    .port_info 4 /OUTPUT 1 "cout";
L_0000019906b6f430 .functor XOR 1, L_0000019906ae42d0, L_0000019906ae3830, C4<0>, C4<0>;
L_0000019906b6f190 .functor XOR 1, L_0000019906b6f430, L_0000019906ae4370, C4<0>, C4<0>;
L_0000019906b6f4a0 .functor AND 1, L_0000019906ae42d0, L_0000019906ae3830, C4<1>, C4<1>;
L_0000019906b6ee80 .functor XOR 1, L_0000019906ae42d0, L_0000019906ae3830, C4<0>, C4<0>;
L_0000019906b6efd0 .functor AND 1, L_0000019906ae4370, L_0000019906b6ee80, C4<1>, C4<1>;
L_0000019906b6eef0 .functor OR 1, L_0000019906b6f4a0, L_0000019906b6efd0, C4<0>, C4<0>;
v0000019906aa9620_0 .net *"_ivl_0", 0 0, L_0000019906b6f430;  1 drivers
v0000019906aa9bc0_0 .net *"_ivl_4", 0 0, L_0000019906b6f4a0;  1 drivers
v0000019906aa9c60_0 .net *"_ivl_6", 0 0, L_0000019906b6ee80;  1 drivers
v0000019906aa9da0_0 .net *"_ivl_8", 0 0, L_0000019906b6efd0;  1 drivers
v0000019906aa9e40_0 .net "a", 0 0, L_0000019906ae42d0;  1 drivers
v0000019906aa7b40_0 .net "b", 0 0, L_0000019906ae3830;  1 drivers
v0000019906aa7be0_0 .net "cin", 0 0, L_0000019906ae4370;  1 drivers
v0000019906aa7d20_0 .net "cout", 0 0, L_0000019906b6eef0;  1 drivers
v0000019906aa7dc0_0 .net "sum", 0 0, L_0000019906b6f190;  1 drivers
S_0000019906ab3c00 .scope generate, "fa_gen[29]" "fa_gen[29]" 9 17, 9 17 0, S_0000019906a9ae80;
 .timescale 0 0;
P_00000199069a51a0 .param/l "i" 0 9 17, +C4<011101>;
S_0000019906ab3d90 .scope module, "fa" "full_adder" 9 18, 9 33 0, S_0000019906ab3c00;
 .timescale 0 0;
    .port_info 0 /INPUT 1 "a";
    .port_info 1 /INPUT 1 "b";
    .port_info 2 /INPUT 1 "cin";
    .port_info 3 /OUTPUT 1 "sum";
    .port_info 4 /OUTPUT 1 "cout";
L_0000019906b6f740 .functor XOR 1, L_0000019906ae45f0, L_0000019906ae35b0, C4<0>, C4<0>;
L_0000019906b6f660 .functor XOR 1, L_0000019906b6f740, L_0000019906ae3470, C4<0>, C4<0>;
L_0000019906b6f580 .functor AND 1, L_0000019906ae45f0, L_0000019906ae35b0, C4<1>, C4<1>;
L_0000019906b6f6d0 .functor XOR 1, L_0000019906ae45f0, L_0000019906ae35b0, C4<0>, C4<0>;
L_0000019906b6f820 .functor AND 1, L_0000019906ae3470, L_0000019906b6f6d0, C4<1>, C4<1>;
L_0000019906b6f900 .functor OR 1, L_0000019906b6f580, L_0000019906b6f820, C4<0>, C4<0>;
v0000019906aa7e60_0 .net *"_ivl_0", 0 0, L_0000019906b6f740;  1 drivers
v0000019906aab060_0 .net *"_ivl_4", 0 0, L_0000019906b6f580;  1 drivers
v0000019906aaab60_0 .net *"_ivl_6", 0 0, L_0000019906b6f6d0;  1 drivers
v0000019906aabec0_0 .net *"_ivl_8", 0 0, L_0000019906b6f820;  1 drivers
v0000019906aab2e0_0 .net "a", 0 0, L_0000019906ae45f0;  1 drivers
v0000019906aaa520_0 .net "b", 0 0, L_0000019906ae35b0;  1 drivers
v0000019906aaae80_0 .net "cin", 0 0, L_0000019906ae3470;  1 drivers
v0000019906aaa7a0_0 .net "cout", 0 0, L_0000019906b6f900;  1 drivers
v0000019906aaac00_0 .net "sum", 0 0, L_0000019906b6f660;  1 drivers
S_0000019906ab0eb0 .scope generate, "fa_gen[30]" "fa_gen[30]" 9 17, 9 17 0, S_0000019906a9ae80;
 .timescale 0 0;
P_00000199069a51e0 .param/l "i" 0 9 17, +C4<011110>;
S_0000019906ab00a0 .scope module, "fa" "full_adder" 9 18, 9 33 0, S_0000019906ab0eb0;
 .timescale 0 0;
    .port_info 0 /INPUT 1 "a";
    .port_info 1 /INPUT 1 "b";
    .port_info 2 /INPUT 1 "cin";
    .port_info 3 /OUTPUT 1 "sum";
    .port_info 4 /OUTPUT 1 "cout";
L_0000019906b6f970 .functor XOR 1, L_0000019906ae4730, L_0000019906ae53b0, C4<0>, C4<0>;
L_0000019906b6ef60 .functor XOR 1, L_0000019906b6f970, L_0000019906ae58b0, C4<0>, C4<0>;
L_0000019906b6f040 .functor AND 1, L_0000019906ae4730, L_0000019906ae53b0, C4<1>, C4<1>;
L_0000019906b77800 .functor XOR 1, L_0000019906ae4730, L_0000019906ae53b0, C4<0>, C4<0>;
L_0000019906b76ca0 .functor AND 1, L_0000019906ae58b0, L_0000019906b77800, C4<1>, C4<1>;
L_0000019906b76d80 .functor OR 1, L_0000019906b6f040, L_0000019906b76ca0, C4<0>, C4<0>;
v0000019906aab240_0 .net *"_ivl_0", 0 0, L_0000019906b6f970;  1 drivers
v0000019906aabce0_0 .net *"_ivl_4", 0 0, L_0000019906b6f040;  1 drivers
v0000019906aaa8e0_0 .net *"_ivl_6", 0 0, L_0000019906b77800;  1 drivers
v0000019906aaaca0_0 .net *"_ivl_8", 0 0, L_0000019906b76ca0;  1 drivers
v0000019906aaad40_0 .net "a", 0 0, L_0000019906ae4730;  1 drivers
v0000019906aac820_0 .net "b", 0 0, L_0000019906ae53b0;  1 drivers
v0000019906aaa700_0 .net "cin", 0 0, L_0000019906ae58b0;  1 drivers
v0000019906aaa480_0 .net "cout", 0 0, L_0000019906b76d80;  1 drivers
v0000019906aab7e0_0 .net "sum", 0 0, L_0000019906b6ef60;  1 drivers
S_0000019906ab0230 .scope generate, "fa_gen[31]" "fa_gen[31]" 9 17, 9 17 0, S_0000019906a9ae80;
 .timescale 0 0;
P_00000199069a64e0 .param/l "i" 0 9 17, +C4<011111>;
S_0000019906ab2300 .scope module, "fa" "full_adder" 9 18, 9 33 0, S_0000019906ab0230;
 .timescale 0 0;
    .port_info 0 /INPUT 1 "a";
    .port_info 1 /INPUT 1 "b";
    .port_info 2 /INPUT 1 "cin";
    .port_info 3 /OUTPUT 1 "sum";
    .port_info 4 /OUTPUT 1 "cout";
L_0000019906b76ed0 .functor XOR 1, L_0000019906ae3650, L_0000019906ae4af0, C4<0>, C4<0>;
L_0000019906b783d0 .functor XOR 1, L_0000019906b76ed0, L_0000019906ae47d0, C4<0>, C4<0>;
L_0000019906b77560 .functor AND 1, L_0000019906ae3650, L_0000019906ae4af0, C4<1>, C4<1>;
L_0000019906b77410 .functor XOR 1, L_0000019906ae3650, L_0000019906ae4af0, C4<0>, C4<0>;
L_0000019906b77640 .functor AND 1, L_0000019906ae47d0, L_0000019906b77410, C4<1>, C4<1>;
L_0000019906b77480 .functor OR 1, L_0000019906b77560, L_0000019906b77640, C4<0>, C4<0>;
v0000019906aaade0_0 .net *"_ivl_0", 0 0, L_0000019906b76ed0;  1 drivers
v0000019906aabb00_0 .net *"_ivl_4", 0 0, L_0000019906b77560;  1 drivers
v0000019906aaa200_0 .net *"_ivl_6", 0 0, L_0000019906b77410;  1 drivers
v0000019906aab560_0 .net *"_ivl_8", 0 0, L_0000019906b77640;  1 drivers
v0000019906aabe20_0 .net "a", 0 0, L_0000019906ae3650;  1 drivers
v0000019906aab380_0 .net "b", 0 0, L_0000019906ae4af0;  1 drivers
v0000019906aac780_0 .net "cin", 0 0, L_0000019906ae47d0;  1 drivers
v0000019906aaa840_0 .net "cout", 0 0, L_0000019906b77480;  1 drivers
v0000019906aaa340_0 .net "sum", 0 0, L_0000019906b783d0;  1 drivers
S_0000019906ab06e0 .scope module, "shifter" "barrel_shifter" 6 82, 10 3 0, S_0000019906a06a50;
 .timescale 0 0;
    .port_info 0 /INPUT 32 "A";
    .port_info 1 /INPUT 5 "B";
    .port_info 2 /OUTPUT 32 "shr_out";
    .port_info 3 /OUTPUT 32 "shra_out";
    .port_info 4 /OUTPUT 32 "shl_out";
    .port_info 5 /OUTPUT 32 "ror_out";
    .port_info 6 /OUTPUT 32 "rol_out";
L_0000019906b73f20 .functor BUFZ 32, L_0000019906bb1b20, C4<00000000000000000000000000000000>, C4<00000000000000000000000000000000>, C4<00000000000000000000000000000000>;
L_0000019906b74070 .functor BUFZ 32, L_0000019906bb0f40, C4<00000000000000000000000000000000>, C4<00000000000000000000000000000000>, C4<00000000000000000000000000000000>;
L_0000019906b73d60 .functor BUFZ 32, L_0000019906bb3060, C4<00000000000000000000000000000000>, C4<00000000000000000000000000000000>, C4<00000000000000000000000000000000>;
L_0000019906b73a50 .functor BUFZ 32, L_0000019906bb34c0, C4<00000000000000000000000000000000>, C4<00000000000000000000000000000000>, C4<00000000000000000000000000000000>;
L_0000019906b74e70 .functor BUFZ 32, L_0000019906bb4280, C4<00000000000000000000000000000000>, C4<00000000000000000000000000000000>, C4<00000000000000000000000000000000>;
v0000019906aaafc0_0 .net "A", 31 0, v0000019906ab4c10_0;  alias, 1 drivers
v0000019906aab100_0 .net "B", 4 0, L_0000019906bb4320;  1 drivers
v0000019906aac280_0 .net *"_ivl_1", 0 0, L_0000019906bb0c20;  1 drivers
v0000019906aab420_0 .net *"_ivl_105", 0 0, L_0000019906bafa00;  1 drivers
v0000019906aab1a0_0 .net *"_ivl_107", 30 0, L_0000019906bafbe0;  1 drivers
L_0000019906af6ad8 .functor BUFT 1, C4<0>, C4<0>, C4<0>, C4<0>;
v0000019906aac460_0 .net/2u *"_ivl_108", 0 0, L_0000019906af6ad8;  1 drivers
v0000019906aab600_0 .net *"_ivl_11", 0 0, L_0000019906bb1940;  1 drivers
v0000019906aab6a0_0 .net *"_ivl_110", 31 0, L_0000019906bb0fe0;  1 drivers
v0000019906aac0a0_0 .net *"_ivl_115", 0 0, L_0000019906bb1120;  1 drivers
v0000019906aabf60_0 .net *"_ivl_117", 29 0, L_0000019906baf640;  1 drivers
L_0000019906af6b20 .functor BUFT 1, C4<00>, C4<0>, C4<0>, C4<0>;
v0000019906aab880_0 .net/2u *"_ivl_118", 1 0, L_0000019906af6b20;  1 drivers
L_0000019906af69b8 .functor BUFT 1, C4<00>, C4<0>, C4<0>, C4<0>;
v0000019906aab920_0 .net/2u *"_ivl_12", 1 0, L_0000019906af69b8;  1 drivers
v0000019906aac500_0 .net *"_ivl_120", 31 0, L_0000019906bb1260;  1 drivers
v0000019906aab9c0_0 .net *"_ivl_125", 0 0, L_0000019906bb13a0;  1 drivers
v0000019906aac000_0 .net *"_ivl_127", 27 0, L_0000019906bb2340;  1 drivers
L_0000019906af6b68 .functor BUFT 1, C4<0000>, C4<0>, C4<0>, C4<0>;
v0000019906aaba60_0 .net/2u *"_ivl_128", 3 0, L_0000019906af6b68;  1 drivers
v0000019906aabba0_0 .net *"_ivl_130", 31 0, L_0000019906bb2de0;  1 drivers
v0000019906aabc40_0 .net *"_ivl_135", 0 0, L_0000019906bb3e20;  1 drivers
v0000019906aac1e0_0 .net *"_ivl_137", 23 0, L_0000019906bb2b60;  1 drivers
L_0000019906af6bb0 .functor BUFT 1, C4<00000000>, C4<0>, C4<0>, C4<0>;
v0000019906aabd80_0 .net/2u *"_ivl_138", 7 0, L_0000019906af6bb0;  1 drivers
v0000019906aac140_0 .net *"_ivl_140", 31 0, L_0000019906bb2980;  1 drivers
v0000019906aac5a0_0 .net *"_ivl_145", 0 0, L_0000019906bb3740;  1 drivers
v0000019906aac320_0 .net *"_ivl_147", 15 0, L_0000019906bb2520;  1 drivers
L_0000019906af6bf8 .functor BUFT 1, C4<0000000000000000>, C4<0>, C4<0>, C4<0>;
v0000019906aac640_0 .net/2u *"_ivl_148", 15 0, L_0000019906af6bf8;  1 drivers
v0000019906aac6e0_0 .net *"_ivl_15", 29 0, L_0000019906bb0860;  1 drivers
v0000019906aaa160_0 .net *"_ivl_150", 31 0, L_0000019906bb3d80;  1 drivers
v0000019906aaa2a0_0 .net *"_ivl_157", 0 0, L_0000019906bb3600;  1 drivers
v0000019906aaa5c0_0 .net *"_ivl_159", 0 0, L_0000019906bb1da0;  1 drivers
v0000019906aad860_0 .net *"_ivl_16", 31 0, L_0000019906bb1760;  1 drivers
v0000019906aae260_0 .net *"_ivl_161", 30 0, L_0000019906bb2660;  1 drivers
v0000019906aad900_0 .net *"_ivl_162", 31 0, L_0000019906bb2480;  1 drivers
v0000019906aad9a0_0 .net *"_ivl_167", 0 0, L_0000019906bb23e0;  1 drivers
v0000019906aae800_0 .net *"_ivl_169", 1 0, L_0000019906bb1ee0;  1 drivers
v0000019906aada40_0 .net *"_ivl_171", 29 0, L_0000019906bb2e80;  1 drivers
v0000019906aaeda0_0 .net *"_ivl_172", 31 0, L_0000019906bb3ec0;  1 drivers
v0000019906aacdc0_0 .net *"_ivl_177", 0 0, L_0000019906bb37e0;  1 drivers
v0000019906aad5e0_0 .net *"_ivl_179", 3 0, L_0000019906bb2700;  1 drivers
v0000019906aadae0_0 .net *"_ivl_181", 27 0, L_0000019906bb27a0;  1 drivers
v0000019906aadb80_0 .net *"_ivl_182", 31 0, L_0000019906bb3ba0;  1 drivers
v0000019906aae8a0_0 .net *"_ivl_187", 0 0, L_0000019906bb3560;  1 drivers
v0000019906aadc20_0 .net *"_ivl_189", 7 0, L_0000019906bb3f60;  1 drivers
v0000019906aaee40_0 .net *"_ivl_191", 23 0, L_0000019906bb1f80;  1 drivers
v0000019906aace60_0 .net *"_ivl_192", 31 0, L_0000019906bb3880;  1 drivers
v0000019906aad680_0 .net *"_ivl_197", 0 0, L_0000019906bb2020;  1 drivers
v0000019906aae940_0 .net *"_ivl_199", 15 0, L_0000019906bb22a0;  1 drivers
L_0000019906af6970 .functor BUFT 1, C4<0>, C4<0>, C4<0>, C4<0>;
v0000019906aaeb20_0 .net/2u *"_ivl_2", 0 0, L_0000019906af6970;  1 drivers
v0000019906aaca00_0 .net *"_ivl_201", 15 0, L_0000019906bb2ca0;  1 drivers
v0000019906aae3a0_0 .net *"_ivl_202", 31 0, L_0000019906bb2c00;  1 drivers
v0000019906aad720_0 .net *"_ivl_209", 0 0, L_0000019906bb2a20;  1 drivers
v0000019906aac8c0_0 .net *"_ivl_21", 0 0, L_0000019906baf780;  1 drivers
v0000019906aadcc0_0 .net *"_ivl_211", 30 0, L_0000019906bb2840;  1 drivers
v0000019906aaf020_0 .net *"_ivl_213", 0 0, L_0000019906bb28e0;  1 drivers
v0000019906aae4e0_0 .net *"_ivl_214", 31 0, L_0000019906bb39c0;  1 drivers
v0000019906aadd60_0 .net *"_ivl_219", 0 0, L_0000019906bb2ac0;  1 drivers
L_0000019906af6a00 .functor BUFT 1, C4<0000>, C4<0>, C4<0>, C4<0>;
v0000019906aac960_0 .net/2u *"_ivl_22", 3 0, L_0000019906af6a00;  1 drivers
v0000019906aacbe0_0 .net *"_ivl_221", 29 0, L_0000019906bb2fc0;  1 drivers
v0000019906aade00_0 .net *"_ivl_223", 1 0, L_0000019906bb2d40;  1 drivers
v0000019906aaea80_0 .net *"_ivl_224", 31 0, L_0000019906bb2f20;  1 drivers
v0000019906aacc80_0 .net *"_ivl_229", 0 0, L_0000019906bb3ce0;  1 drivers
v0000019906aad400_0 .net *"_ivl_231", 27 0, L_0000019906bb4000;  1 drivers
v0000019906aae440_0 .net *"_ivl_233", 3 0, L_0000019906bb3100;  1 drivers
v0000019906aacf00_0 .net *"_ivl_234", 31 0, L_0000019906bb31a0;  1 drivers
v0000019906aaef80_0 .net *"_ivl_239", 0 0, L_0000019906bb1e40;  1 drivers
v0000019906aacfa0_0 .net *"_ivl_241", 23 0, L_0000019906bb32e0;  1 drivers
v0000019906aadea0_0 .net *"_ivl_243", 7 0, L_0000019906bb3380;  1 drivers
v0000019906aae1c0_0 .net *"_ivl_244", 31 0, L_0000019906bb3420;  1 drivers
v0000019906aaebc0_0 .net *"_ivl_249", 0 0, L_0000019906bb1d00;  1 drivers
v0000019906aae300_0 .net *"_ivl_25", 27 0, L_0000019906bb1080;  1 drivers
v0000019906aadf40_0 .net *"_ivl_251", 15 0, L_0000019906bb4140;  1 drivers
v0000019906aad2c0_0 .net *"_ivl_253", 15 0, L_0000019906bb1c60;  1 drivers
v0000019906aadfe0_0 .net *"_ivl_254", 31 0, L_0000019906bb41e0;  1 drivers
v0000019906aae080_0 .net *"_ivl_26", 31 0, L_0000019906bb0ea0;  1 drivers
v0000019906aae120_0 .net *"_ivl_31", 0 0, L_0000019906bb1800;  1 drivers
L_0000019906af6a48 .functor BUFT 1, C4<00000000>, C4<0>, C4<0>, C4<0>;
v0000019906aad040_0 .net/2u *"_ivl_32", 7 0, L_0000019906af6a48;  1 drivers
v0000019906aaec60_0 .net *"_ivl_35", 23 0, L_0000019906baff00;  1 drivers
v0000019906aad360_0 .net *"_ivl_36", 31 0, L_0000019906bb0720;  1 drivers
v0000019906aad4a0_0 .net *"_ivl_41", 0 0, L_0000019906baffa0;  1 drivers
L_0000019906af6a90 .functor BUFT 1, C4<0000000000000000>, C4<0>, C4<0>, C4<0>;
v0000019906aad0e0_0 .net/2u *"_ivl_42", 15 0, L_0000019906af6a90;  1 drivers
v0000019906aad180_0 .net *"_ivl_45", 15 0, L_0000019906bb18a0;  1 drivers
v0000019906aad540_0 .net *"_ivl_46", 31 0, L_0000019906baf960;  1 drivers
v0000019906aad220_0 .net *"_ivl_5", 30 0, L_0000019906bb0680;  1 drivers
v0000019906aae580_0 .net *"_ivl_55", 0 0, L_0000019906bb19e0;  1 drivers
v0000019906aad7c0_0 .net *"_ivl_57", 30 0, L_0000019906bb07c0;  1 drivers
v0000019906aacaa0_0 .net *"_ivl_58", 31 0, L_0000019906bb1a80;  1 drivers
v0000019906aae620_0 .net *"_ivl_6", 31 0, L_0000019906bb1620;  1 drivers
v0000019906aae6c0_0 .net *"_ivl_63", 0 0, L_0000019906bb0900;  1 drivers
v0000019906aae760_0 .net *"_ivl_64", 1 0, L_0000019906bb00e0;  1 drivers
v0000019906aae9e0_0 .net *"_ivl_67", 29 0, L_0000019906bb0180;  1 drivers
v0000019906aaeee0_0 .net *"_ivl_68", 31 0, L_0000019906bb0360;  1 drivers
v0000019906aacd20_0 .net *"_ivl_73", 0 0, L_0000019906bafd20;  1 drivers
v0000019906aaed00_0 .net *"_ivl_74", 3 0, L_0000019906baf500;  1 drivers
v0000019906aacb40_0 .net *"_ivl_77", 27 0, L_0000019906bb0ae0;  1 drivers
v0000019906aafb60_0 .net *"_ivl_78", 31 0, L_0000019906baf6e0;  1 drivers
v0000019906aafd40_0 .net *"_ivl_83", 0 0, L_0000019906baf5a0;  1 drivers
v0000019906aaf0c0_0 .net *"_ivl_84", 7 0, L_0000019906bb0cc0;  1 drivers
v0000019906aafa20_0 .net *"_ivl_87", 23 0, L_0000019906baf8c0;  1 drivers
v0000019906aafca0_0 .net *"_ivl_88", 31 0, L_0000019906bb04a0;  1 drivers
v0000019906aaf840_0 .net *"_ivl_93", 0 0, L_0000019906bb0540;  1 drivers
v0000019906aaf2a0_0 .net *"_ivl_94", 15 0, L_0000019906bafe60;  1 drivers
v0000019906aaf7a0_0 .net *"_ivl_97", 15 0, L_0000019906bb0d60;  1 drivers
v0000019906aaf520_0 .net *"_ivl_98", 31 0, L_0000019906bafb40;  1 drivers
v0000019906aafde0_0 .net "rol_out", 31 0, L_0000019906b74e70;  alias, 1 drivers
v0000019906aaf480_0 .net "rol_stage0", 31 0, L_0000019906bb20c0;  1 drivers
v0000019906aaf8e0_0 .net "rol_stage1", 31 0, L_0000019906bb3a60;  1 drivers
v0000019906aafe80_0 .net "rol_stage2", 31 0, L_0000019906bb2160;  1 drivers
v0000019906aaf980_0 .net "rol_stage3", 31 0, L_0000019906bb40a0;  1 drivers
v0000019906aaff20_0 .net "rol_stage4", 31 0, L_0000019906bb4280;  1 drivers
v0000019906aaf5c0_0 .net "ror_out", 31 0, L_0000019906b73a50;  alias, 1 drivers
v0000019906aaf660_0 .net "ror_stage0", 31 0, L_0000019906bb3240;  1 drivers
v0000019906aaf160_0 .net "ror_stage1", 31 0, L_0000019906bb25c0;  1 drivers
v0000019906aafac0_0 .net "ror_stage2", 31 0, L_0000019906bb36a0;  1 drivers
v0000019906aaf3e0_0 .net "ror_stage3", 31 0, L_0000019906bb3920;  1 drivers
v0000019906aafc00_0 .net "ror_stage4", 31 0, L_0000019906bb34c0;  1 drivers
v0000019906aaf200_0 .net "shl_out", 31 0, L_0000019906b73d60;  alias, 1 drivers
v0000019906aaf340_0 .net "shl_stage0", 31 0, L_0000019906bafc80;  1 drivers
v0000019906aaf700_0 .net "shl_stage1", 31 0, L_0000019906bb1300;  1 drivers
v0000019906aa0b60_0 .net "shl_stage2", 31 0, L_0000019906bb3b00;  1 drivers
v0000019906aa0c00_0 .net "shl_stage3", 31 0, L_0000019906bb3c40;  1 drivers
v0000019906aa0de0_0 .net "shl_stage4", 31 0, L_0000019906bb3060;  1 drivers
v0000019906aa0520_0 .net "shr_out", 31 0, L_0000019906b73f20;  alias, 1 drivers
v0000019906aa17e0_0 .net "shr_stage0", 31 0, L_0000019906bb0e00;  1 drivers
v0000019906aa26e0_0 .net "shr_stage1", 31 0, L_0000019906bb0220;  1 drivers
v0000019906aa11a0_0 .net "shr_stage2", 31 0, L_0000019906baf820;  1 drivers
v0000019906aa0ac0_0 .net "shr_stage3", 31 0, L_0000019906bb02c0;  1 drivers
v0000019906aa0d40_0 .net "shr_stage4", 31 0, L_0000019906bb1b20;  1 drivers
v0000019906aa2780_0 .net "shra_out", 31 0, L_0000019906b74070;  alias, 1 drivers
v0000019906aa1920_0 .net "shra_stage0", 31 0, L_0000019906bb1bc0;  1 drivers
v0000019906aa0660_0 .net "shra_stage1", 31 0, L_0000019906bb0b80;  1 drivers
v0000019906aa1a60_0 .net "shra_stage2", 31 0, L_0000019906bb0400;  1 drivers
v0000019906aa2320_0 .net "shra_stage3", 31 0, L_0000019906bafdc0;  1 drivers
v0000019906aa21e0_0 .net "shra_stage4", 31 0, L_0000019906bb0f40;  1 drivers
v0000019906aa1c40_0 .net "sign_bit", 0 0, L_0000019906bb09a0;  1 drivers
L_0000019906bb0c20 .part L_0000019906bb4320, 0, 1;
L_0000019906bb0680 .part v0000019906ab4c10_0, 1, 31;
L_0000019906bb1620 .concat [ 31 1 0 0], L_0000019906bb0680, L_0000019906af6970;
L_0000019906bb0e00 .functor MUXZ 32, v0000019906ab4c10_0, L_0000019906bb1620, L_0000019906bb0c20, C4<>;
L_0000019906bb1940 .part L_0000019906bb4320, 1, 1;
L_0000019906bb0860 .part L_0000019906bb0e00, 2, 30;
L_0000019906bb1760 .concat [ 30 2 0 0], L_0000019906bb0860, L_0000019906af69b8;
L_0000019906bb0220 .functor MUXZ 32, L_0000019906bb0e00, L_0000019906bb1760, L_0000019906bb1940, C4<>;
L_0000019906baf780 .part L_0000019906bb4320, 2, 1;
L_0000019906bb1080 .part L_0000019906bb0220, 4, 28;
L_0000019906bb0ea0 .concat [ 28 4 0 0], L_0000019906bb1080, L_0000019906af6a00;
L_0000019906baf820 .functor MUXZ 32, L_0000019906bb0220, L_0000019906bb0ea0, L_0000019906baf780, C4<>;
L_0000019906bb1800 .part L_0000019906bb4320, 3, 1;
L_0000019906baff00 .part L_0000019906baf820, 8, 24;
L_0000019906bb0720 .concat [ 24 8 0 0], L_0000019906baff00, L_0000019906af6a48;
L_0000019906bb02c0 .functor MUXZ 32, L_0000019906baf820, L_0000019906bb0720, L_0000019906bb1800, C4<>;
L_0000019906baffa0 .part L_0000019906bb4320, 4, 1;
L_0000019906bb18a0 .part L_0000019906bb02c0, 16, 16;
L_0000019906baf960 .concat [ 16 16 0 0], L_0000019906bb18a0, L_0000019906af6a90;
L_0000019906bb1b20 .functor MUXZ 32, L_0000019906bb02c0, L_0000019906baf960, L_0000019906baffa0, C4<>;
L_0000019906bb09a0 .part v0000019906ab4c10_0, 31, 1;
L_0000019906bb19e0 .part L_0000019906bb4320, 0, 1;
L_0000019906bb07c0 .part v0000019906ab4c10_0, 1, 31;
L_0000019906bb1a80 .concat [ 31 1 0 0], L_0000019906bb07c0, L_0000019906bb09a0;
L_0000019906bb1bc0 .functor MUXZ 32, v0000019906ab4c10_0, L_0000019906bb1a80, L_0000019906bb19e0, C4<>;
L_0000019906bb0900 .part L_0000019906bb4320, 1, 1;
L_0000019906bb00e0 .concat [ 1 1 0 0], L_0000019906bb09a0, L_0000019906bb09a0;
L_0000019906bb0180 .part L_0000019906bb1bc0, 2, 30;
L_0000019906bb0360 .concat [ 30 2 0 0], L_0000019906bb0180, L_0000019906bb00e0;
L_0000019906bb0b80 .functor MUXZ 32, L_0000019906bb1bc0, L_0000019906bb0360, L_0000019906bb0900, C4<>;
L_0000019906bafd20 .part L_0000019906bb4320, 2, 1;
L_0000019906baf500 .concat [ 1 1 1 1], L_0000019906bb09a0, L_0000019906bb09a0, L_0000019906bb09a0, L_0000019906bb09a0;
L_0000019906bb0ae0 .part L_0000019906bb0b80, 4, 28;
L_0000019906baf6e0 .concat [ 28 4 0 0], L_0000019906bb0ae0, L_0000019906baf500;
L_0000019906bb0400 .functor MUXZ 32, L_0000019906bb0b80, L_0000019906baf6e0, L_0000019906bafd20, C4<>;
L_0000019906baf5a0 .part L_0000019906bb4320, 3, 1;
LS_0000019906bb0cc0_0_0 .concat [ 1 1 1 1], L_0000019906bb09a0, L_0000019906bb09a0, L_0000019906bb09a0, L_0000019906bb09a0;
LS_0000019906bb0cc0_0_4 .concat [ 1 1 1 1], L_0000019906bb09a0, L_0000019906bb09a0, L_0000019906bb09a0, L_0000019906bb09a0;
L_0000019906bb0cc0 .concat [ 4 4 0 0], LS_0000019906bb0cc0_0_0, LS_0000019906bb0cc0_0_4;
L_0000019906baf8c0 .part L_0000019906bb0400, 8, 24;
L_0000019906bb04a0 .concat [ 24 8 0 0], L_0000019906baf8c0, L_0000019906bb0cc0;
L_0000019906bafdc0 .functor MUXZ 32, L_0000019906bb0400, L_0000019906bb04a0, L_0000019906baf5a0, C4<>;
L_0000019906bb0540 .part L_0000019906bb4320, 4, 1;
LS_0000019906bafe60_0_0 .concat [ 1 1 1 1], L_0000019906bb09a0, L_0000019906bb09a0, L_0000019906bb09a0, L_0000019906bb09a0;
LS_0000019906bafe60_0_4 .concat [ 1 1 1 1], L_0000019906bb09a0, L_0000019906bb09a0, L_0000019906bb09a0, L_0000019906bb09a0;
LS_0000019906bafe60_0_8 .concat [ 1 1 1 1], L_0000019906bb09a0, L_0000019906bb09a0, L_0000019906bb09a0, L_0000019906bb09a0;
LS_0000019906bafe60_0_12 .concat [ 1 1 1 1], L_0000019906bb09a0, L_0000019906bb09a0, L_0000019906bb09a0, L_0000019906bb09a0;
L_0000019906bafe60 .concat [ 4 4 4 4], LS_0000019906bafe60_0_0, LS_0000019906bafe60_0_4, LS_0000019906bafe60_0_8, LS_0000019906bafe60_0_12;
L_0000019906bb0d60 .part L_0000019906bafdc0, 16, 16;
L_0000019906bafb40 .concat [ 16 16 0 0], L_0000019906bb0d60, L_0000019906bafe60;
L_0000019906bb0f40 .functor MUXZ 32, L_0000019906bafdc0, L_0000019906bafb40, L_0000019906bb0540, C4<>;
L_0000019906bafa00 .part L_0000019906bb4320, 0, 1;
L_0000019906bafbe0 .part v0000019906ab4c10_0, 0, 31;
L_0000019906bb0fe0 .concat [ 1 31 0 0], L_0000019906af6ad8, L_0000019906bafbe0;
L_0000019906bafc80 .functor MUXZ 32, v0000019906ab4c10_0, L_0000019906bb0fe0, L_0000019906bafa00, C4<>;
L_0000019906bb1120 .part L_0000019906bb4320, 1, 1;
L_0000019906baf640 .part L_0000019906bafc80, 0, 30;
L_0000019906bb1260 .concat [ 2 30 0 0], L_0000019906af6b20, L_0000019906baf640;
L_0000019906bb1300 .functor MUXZ 32, L_0000019906bafc80, L_0000019906bb1260, L_0000019906bb1120, C4<>;
L_0000019906bb13a0 .part L_0000019906bb4320, 2, 1;
L_0000019906bb2340 .part L_0000019906bb1300, 0, 28;
L_0000019906bb2de0 .concat [ 4 28 0 0], L_0000019906af6b68, L_0000019906bb2340;
L_0000019906bb3b00 .functor MUXZ 32, L_0000019906bb1300, L_0000019906bb2de0, L_0000019906bb13a0, C4<>;
L_0000019906bb3e20 .part L_0000019906bb4320, 3, 1;
L_0000019906bb2b60 .part L_0000019906bb3b00, 0, 24;
L_0000019906bb2980 .concat [ 8 24 0 0], L_0000019906af6bb0, L_0000019906bb2b60;
L_0000019906bb3c40 .functor MUXZ 32, L_0000019906bb3b00, L_0000019906bb2980, L_0000019906bb3e20, C4<>;
L_0000019906bb3740 .part L_0000019906bb4320, 4, 1;
L_0000019906bb2520 .part L_0000019906bb3c40, 0, 16;
L_0000019906bb3d80 .concat [ 16 16 0 0], L_0000019906af6bf8, L_0000019906bb2520;
L_0000019906bb3060 .functor MUXZ 32, L_0000019906bb3c40, L_0000019906bb3d80, L_0000019906bb3740, C4<>;
L_0000019906bb3600 .part L_0000019906bb4320, 0, 1;
L_0000019906bb1da0 .part v0000019906ab4c10_0, 0, 1;
L_0000019906bb2660 .part v0000019906ab4c10_0, 1, 31;
L_0000019906bb2480 .concat [ 31 1 0 0], L_0000019906bb2660, L_0000019906bb1da0;
L_0000019906bb3240 .functor MUXZ 32, v0000019906ab4c10_0, L_0000019906bb2480, L_0000019906bb3600, C4<>;
L_0000019906bb23e0 .part L_0000019906bb4320, 1, 1;
L_0000019906bb1ee0 .part L_0000019906bb3240, 0, 2;
L_0000019906bb2e80 .part L_0000019906bb3240, 2, 30;
L_0000019906bb3ec0 .concat [ 30 2 0 0], L_0000019906bb2e80, L_0000019906bb1ee0;
L_0000019906bb25c0 .functor MUXZ 32, L_0000019906bb3240, L_0000019906bb3ec0, L_0000019906bb23e0, C4<>;
L_0000019906bb37e0 .part L_0000019906bb4320, 2, 1;
L_0000019906bb2700 .part L_0000019906bb25c0, 0, 4;
L_0000019906bb27a0 .part L_0000019906bb25c0, 4, 28;
L_0000019906bb3ba0 .concat [ 28 4 0 0], L_0000019906bb27a0, L_0000019906bb2700;
L_0000019906bb36a0 .functor MUXZ 32, L_0000019906bb25c0, L_0000019906bb3ba0, L_0000019906bb37e0, C4<>;
L_0000019906bb3560 .part L_0000019906bb4320, 3, 1;
L_0000019906bb3f60 .part L_0000019906bb36a0, 0, 8;
L_0000019906bb1f80 .part L_0000019906bb36a0, 8, 24;
L_0000019906bb3880 .concat [ 24 8 0 0], L_0000019906bb1f80, L_0000019906bb3f60;
L_0000019906bb3920 .functor MUXZ 32, L_0000019906bb36a0, L_0000019906bb3880, L_0000019906bb3560, C4<>;
L_0000019906bb2020 .part L_0000019906bb4320, 4, 1;
L_0000019906bb22a0 .part L_0000019906bb3920, 0, 16;
L_0000019906bb2ca0 .part L_0000019906bb3920, 16, 16;
L_0000019906bb2c00 .concat [ 16 16 0 0], L_0000019906bb2ca0, L_0000019906bb22a0;
L_0000019906bb34c0 .functor MUXZ 32, L_0000019906bb3920, L_0000019906bb2c00, L_0000019906bb2020, C4<>;
L_0000019906bb2a20 .part L_0000019906bb4320, 0, 1;
L_0000019906bb2840 .part v0000019906ab4c10_0, 0, 31;
L_0000019906bb28e0 .part v0000019906ab4c10_0, 31, 1;
L_0000019906bb39c0 .concat [ 1 31 0 0], L_0000019906bb28e0, L_0000019906bb2840;
L_0000019906bb20c0 .functor MUXZ 32, v0000019906ab4c10_0, L_0000019906bb39c0, L_0000019906bb2a20, C4<>;
L_0000019906bb2ac0 .part L_0000019906bb4320, 1, 1;
L_0000019906bb2fc0 .part L_0000019906bb20c0, 0, 30;
L_0000019906bb2d40 .part L_0000019906bb20c0, 30, 2;
L_0000019906bb2f20 .concat [ 2 30 0 0], L_0000019906bb2d40, L_0000019906bb2fc0;
L_0000019906bb3a60 .functor MUXZ 32, L_0000019906bb20c0, L_0000019906bb2f20, L_0000019906bb2ac0, C4<>;
L_0000019906bb3ce0 .part L_0000019906bb4320, 2, 1;
L_0000019906bb4000 .part L_0000019906bb3a60, 0, 28;
L_0000019906bb3100 .part L_0000019906bb3a60, 28, 4;
L_0000019906bb31a0 .concat [ 4 28 0 0], L_0000019906bb3100, L_0000019906bb4000;
L_0000019906bb2160 .functor MUXZ 32, L_0000019906bb3a60, L_0000019906bb31a0, L_0000019906bb3ce0, C4<>;
L_0000019906bb1e40 .part L_0000019906bb4320, 3, 1;
L_0000019906bb32e0 .part L_0000019906bb2160, 0, 24;
L_0000019906bb3380 .part L_0000019906bb2160, 24, 8;
L_0000019906bb3420 .concat [ 8 24 0 0], L_0000019906bb3380, L_0000019906bb32e0;
L_0000019906bb40a0 .functor MUXZ 32, L_0000019906bb2160, L_0000019906bb3420, L_0000019906bb1e40, C4<>;
L_0000019906bb1d00 .part L_0000019906bb4320, 4, 1;
L_0000019906bb4140 .part L_0000019906bb40a0, 0, 16;
L_0000019906bb1c60 .part L_0000019906bb40a0, 16, 16;
L_0000019906bb41e0 .concat [ 16 16 0 0], L_0000019906bb1c60, L_0000019906bb4140;
L_0000019906bb4280 .functor MUXZ 32, L_0000019906bb40a0, L_0000019906bb41e0, L_0000019906bb1d00, C4<>;
S_0000019906ab03c0 .scope module, "bmux" "bus_mux_enc" 5 238, 11 1 0, S_0000019906a071a0;
 .timescale 0 0;
    .port_info 0 /INPUT 5 "bus_sel";
    .port_info 1 /INPUT 32 "r0";
    .port_info 2 /INPUT 32 "r1";
    .port_info 3 /INPUT 32 "r2";
    .port_info 4 /INPUT 32 "r3";
    .port_info 5 /INPUT 32 "r4";
    .port_info 6 /INPUT 32 "r5";
    .port_info 7 /INPUT 32 "r6";
    .port_info 8 /INPUT 32 "r7";
    .port_info 9 /INPUT 32 "r8";
    .port_info 10 /INPUT 32 "r9";
    .port_info 11 /INPUT 32 "r10";
    .port_info 12 /INPUT 32 "r11";
    .port_info 13 /INPUT 32 "r12";
    .port_info 14 /INPUT 32 "r13";
    .port_info 15 /INPUT 32 "r14";
    .port_info 16 /INPUT 32 "r15";
    .port_info 17 /INPUT 32 "hi_val";
    .port_info 18 /INPUT 32 "lo_val";
    .port_info 19 /INPUT 32 "zhigh_val";
    .port_info 20 /INPUT 32 "zlow_val";
    .port_info 21 /INPUT 32 "pc_val";
    .port_info 22 /INPUT 32 "mdr_val";
    .port_info 23 /INPUT 32 "inport_val";
    .port_info 24 /INPUT 32 "c_val";
    .port_info 25 /OUTPUT 32 "BusMuxOut";
v0000019906aa0840_0 .var "BusMuxOut", 31 0;
v0000019906aa19c0_0 .net "bus_sel", 4 0, v0000019906ab7050_0;  alias, 1 drivers
v0000019906aa1ce0_0 .net "c_val", 31 0, L_0000019906add610;  alias, 1 drivers
v0000019906aa08e0_0 .net "hi_val", 31 0, v0000019906ab8090_0;  alias, 1 drivers
v0000019906aa12e0_0 .net "inport_val", 31 0, v0000019906ab8270_0;  alias, 1 drivers
v0000019906aa1ec0_0 .net "lo_val", 31 0, v0000019906ab89f0_0;  alias, 1 drivers
v0000019906aa1f60_0 .net "mdr_val", 31 0, v0000019906ab66f0_0;  alias, 1 drivers
v0000019906aa1420_0 .net "pc_val", 31 0, v0000019906ab5250_0;  alias, 1 drivers
v0000019906aa0980_0 .net "r0", 31 0, L_0000019906ad8110;  alias, 1 drivers
v0000019906aa1560_0 .net "r1", 31 0, v0000019906acd3f0_0;  alias, 1 drivers
v0000019906aa1600_0 .net "r10", 31 0, v0000019906accb30_0;  alias, 1 drivers
v0000019906aa1b00_0 .net "r11", 31 0, v0000019906acea70_0;  alias, 1 drivers
v0000019906aa1ba0_0 .net "r12", 31 0, v0000019906aceed0_0;  alias, 1 drivers
v0000019906aa1d80_0 .net "r13", 31 0, v0000019906ace750_0;  alias, 1 drivers
v0000019906aa2000_0 .net "r14", 31 0, v0000019906ace4d0_0;  alias, 1 drivers
v0000019906aa2460_0 .net "r15", 31 0, v0000019906ace070_0;  alias, 1 drivers
v0000019906aa20a0_0 .net "r2", 31 0, v0000019906ace430_0;  alias, 1 drivers
v0000019906aa2140_0 .net "r3", 31 0, v0000019906accc70_0;  alias, 1 drivers
v0000019906aa2280_0 .net "r4", 31 0, v0000019906ad11d0_0;  alias, 1 drivers
v0000019906aa23c0_0 .net "r5", 31 0, v0000019906ad0910_0;  alias, 1 drivers
v0000019906aa25a0_0 .net "r6", 31 0, v0000019906acfb50_0;  alias, 1 drivers
v0000019906aa2640_0 .net "r7", 31 0, v0000019906acf650_0;  alias, 1 drivers
v0000019906aa0160_0 .net "r8", 31 0, v0000019906ad1130_0;  alias, 1 drivers
v0000019906aa0200_0 .net "r9", 31 0, v0000019906ad13b0_0;  alias, 1 drivers
v0000019906aa02a0_0 .net "zhigh_val", 31 0, L_0000019906ad7030;  alias, 1 drivers
v0000019906aa0340_0 .net "zlow_val", 31 0, L_0000019906ad69f0;  alias, 1 drivers
E_00000199069a4e20/0 .event anyedge, v0000019906aa19c0_0, v0000019906aa0980_0, v0000019906aa1560_0, v0000019906aa20a0_0;
E_00000199069a4e20/1 .event anyedge, v0000019906aa2140_0, v0000019906aa2280_0, v0000019906aa23c0_0, v0000019906aa25a0_0;
E_00000199069a4e20/2 .event anyedge, v0000019906aa2640_0, v0000019906aa0160_0, v0000019906aa0200_0, v0000019906aa1600_0;
E_00000199069a4e20/3 .event anyedge, v0000019906aa1b00_0, v0000019906aa1ba0_0, v0000019906aa1d80_0, v0000019906aa2000_0;
E_00000199069a4e20/4 .event anyedge, v0000019906aa2460_0, v0000019906aa08e0_0, v0000019906aa1ec0_0, v0000019906aa02a0_0;
E_00000199069a4e20/5 .event anyedge, v0000019906aa0340_0, v0000019906aa1420_0, v0000019906aa1f60_0, v0000019906aa12e0_0;
E_00000199069a4e20/6 .event anyedge, v0000019906aa1ce0_0;
E_00000199069a4e20 .event/or E_00000199069a4e20/0, E_00000199069a4e20/1, E_00000199069a4e20/2, E_00000199069a4e20/3, E_00000199069a4e20/4, E_00000199069a4e20/5, E_00000199069a4e20/6;
S_0000019906ab2490 .scope module, "conff_inst" "con_ff" 5 194, 12 1 0, S_0000019906a071a0;
 .timescale 0 0;
    .port_info 0 /INPUT 1 "clk";
    .port_info 1 /INPUT 1 "reset";
    .port_info 2 /INPUT 1 "con_en";
    .port_info 3 /INPUT 32 "BusMuxOut";
    .port_info 4 /INPUT 2 "c2";
    .port_info 5 /OUTPUT 1 "con";
L_00000199069ddd00 .functor NOT 1, L_0000019906adcd50, C4<0>, C4<0>, C4<0>;
v0000019906aa03e0_0 .net "BusMuxOut", 31 0, v0000019906aa0840_0;  alias, 1 drivers
L_0000019906af5bf0 .functor BUFT 1, C4<00>, C4<0>, C4<0>, C4<0>;
v0000019906ab79b0_0 .net/2u *"_ivl_0", 1 0, L_0000019906af5bf0;  1 drivers
v0000019906ab7eb0_0 .net *"_ivl_10", 0 0, L_0000019906adca30;  1 drivers
L_0000019906af5cc8 .functor BUFT 1, C4<00000000000000000000000000000000>, C4<0>, C4<0>, C4<0>;
v0000019906ab90d0_0 .net/2u *"_ivl_12", 31 0, L_0000019906af5cc8;  1 drivers
v0000019906ab8db0_0 .net *"_ivl_14", 0 0, L_0000019906adc490;  1 drivers
L_0000019906af5d10 .functor BUFT 1, C4<10>, C4<0>, C4<0>, C4<0>;
v0000019906ab97b0_0 .net/2u *"_ivl_16", 1 0, L_0000019906af5d10;  1 drivers
v0000019906ab72d0_0 .net *"_ivl_18", 0 0, L_0000019906adbc70;  1 drivers
v0000019906ab7910_0 .net *"_ivl_2", 0 0, L_0000019906adcc10;  1 drivers
v0000019906ab93f0_0 .net *"_ivl_21", 0 0, L_0000019906adcd50;  1 drivers
v0000019906ab8770_0 .net *"_ivl_22", 0 0, L_00000199069ddd00;  1 drivers
v0000019906ab7550_0 .net *"_ivl_25", 0 0, L_0000019906add9d0;  1 drivers
v0000019906ab8810_0 .net *"_ivl_26", 0 0, L_0000019906adcad0;  1 drivers
v0000019906ab9710_0 .net *"_ivl_28", 0 0, L_0000019906addf70;  1 drivers
L_0000019906af5c38 .functor BUFT 1, C4<00000000000000000000000000000000>, C4<0>, C4<0>, C4<0>;
v0000019906ab81d0_0 .net/2u *"_ivl_4", 31 0, L_0000019906af5c38;  1 drivers
v0000019906ab7d70_0 .net *"_ivl_6", 0 0, L_0000019906adcb70;  1 drivers
L_0000019906af5c80 .functor BUFT 1, C4<01>, C4<0>, C4<0>, C4<0>;
v0000019906ab8630_0 .net/2u *"_ivl_8", 1 0, L_0000019906af5c80;  1 drivers
v0000019906ab7410_0 .net "c2", 1 0, L_0000019906adc030;  1 drivers
v0000019906ab8e50_0 .net "clk", 0 0, v0000019906ad7e90_0;  alias, 1 drivers
v0000019906ab9030_0 .var "con", 0 0;
v0000019906ab75f0_0 .net "con_en", 0 0, v00000199069be6f0_0;  alias, 1 drivers
v0000019906ab7730_0 .net "condition_met", 0 0, L_0000019906addb10;  1 drivers
v0000019906ab70f0_0 .net "reset", 0 0, v0000019906ad6ef0_0;  alias, 1 drivers
L_0000019906adcc10 .cmp/eq 2, L_0000019906adc030, L_0000019906af5bf0;
L_0000019906adcb70 .cmp/eq 32, v0000019906aa0840_0, L_0000019906af5c38;
L_0000019906adca30 .cmp/eq 2, L_0000019906adc030, L_0000019906af5c80;
L_0000019906adc490 .cmp/ne 32, v0000019906aa0840_0, L_0000019906af5cc8;
L_0000019906adbc70 .cmp/eq 2, L_0000019906adc030, L_0000019906af5d10;
L_0000019906adcd50 .part v0000019906aa0840_0, 31, 1;
L_0000019906add9d0 .part v0000019906aa0840_0, 31, 1;
L_0000019906adcad0 .functor MUXZ 1, L_0000019906add9d0, L_00000199069ddd00, L_0000019906adbc70, C4<>;
L_0000019906addf70 .functor MUXZ 1, L_0000019906adcad0, L_0000019906adc490, L_0000019906adca30, C4<>;
L_0000019906addb10 .functor MUXZ 1, L_0000019906addf70, L_0000019906adcb70, L_0000019906adcc10, C4<>;
S_0000019906ab2620 .scope module, "extend_c_inst" "extend_c" 5 178, 13 53 0, S_0000019906a071a0;
 .timescale 0 0;
    .port_info 0 /INPUT 32 "IRin";
    .port_info 1 /INPUT 1 "Cout";
    .port_info 2 /OUTPUT 32 "C_extended";
v0000019906ab7af0_0 .net "C_extended", 31 0, L_0000019906adccb0;  alias, 1 drivers
v0000019906ab7190_0 .net "Cout", 0 0, v00000199069bd6b0_0;  alias, 1 drivers
v0000019906ab84f0_0 .net "IRin", 31 0, v0000019906ab88b0_0;  alias, 1 drivers
v0000019906ab74b0_0 .net *"_ivl_2", 12 0, L_0000019906adc850;  1 drivers
v0000019906ab7b90_0 .net *"_ivl_5", 18 0, L_0000019906adbd10;  1 drivers
v0000019906ab7690_0 .net "sign", 0 0, L_0000019906adc210;  1 drivers
L_0000019906adc210 .part v0000019906ab88b0_0, 18, 1;
LS_0000019906adc850_0_0 .concat [ 1 1 1 1], L_0000019906adc210, L_0000019906adc210, L_0000019906adc210, L_0000019906adc210;
LS_0000019906adc850_0_4 .concat [ 1 1 1 1], L_0000019906adc210, L_0000019906adc210, L_0000019906adc210, L_0000019906adc210;
LS_0000019906adc850_0_8 .concat [ 1 1 1 1], L_0000019906adc210, L_0000019906adc210, L_0000019906adc210, L_0000019906adc210;
LS_0000019906adc850_0_12 .concat [ 1 0 0 0], L_0000019906adc210;
L_0000019906adc850 .concat [ 4 4 4 1], LS_0000019906adc850_0_0, LS_0000019906adc850_0_4, LS_0000019906adc850_0_8, LS_0000019906adc850_0_12;
L_0000019906adbd10 .part v0000019906ab88b0_0, 0, 19;
L_0000019906adccb0 .concat [ 19 13 0 0], L_0000019906adbd10, L_0000019906adc850;
S_0000019906ab1810 .scope module, "inport_inst" "inport" 5 219, 14 18 0, S_0000019906a071a0;
 .timescale 0 0;
    .port_info 0 /INPUT 1 "clk";
    .port_info 1 /INPUT 1 "reset";
    .port_info 2 /INPUT 1 "inport_in";
    .port_info 3 /INPUT 32 "device_in";
    .port_info 4 /OUTPUT 32 "inport_val";
v0000019906ab77d0_0 .net "clk", 0 0, v0000019906ad7e90_0;  alias, 1 drivers
v0000019906ab8f90_0 .net "device_in", 31 0, v0000019906ad70d0_0;  alias, 1 drivers
v0000019906ab7cd0_0 .net "inport_in", 0 0, v00000199069beb50_0;  alias, 1 drivers
v0000019906ab8270_0 .var "inport_val", 31 0;
v0000019906ab7230_0 .net "reset", 0 0, v0000019906ad6ef0_0;  alias, 1 drivers
S_0000019906ab3750 .scope module, "key_regs_inst" "key_regs" 5 119, 15 1 0, S_0000019906a071a0;
 .timescale 0 0;
    .port_info 0 /INPUT 1 "clk";
    .port_info 1 /INPUT 1 "reset";
    .port_info 2 /INPUT 32 "BusMuxOut";
    .port_info 3 /INPUT 1 "pc_in";
    .port_info 4 /INPUT 1 "IncPC";
    .port_info 5 /OUTPUT 32 "pc_val";
    .port_info 6 /INPUT 1 "ir_in";
    .port_info 7 /OUTPUT 32 "ir_val";
    .port_info 8 /INPUT 1 "y_in";
    .port_info 9 /OUTPUT 32 "y_val";
    .port_info 10 /INPUT 1 "zhigh_in";
    .port_info 11 /OUTPUT 32 "zhigh_val";
    .port_info 12 /INPUT 1 "zlow_in";
    .port_info 13 /OUTPUT 32 "zlow_val";
    .port_info 14 /INPUT 1 "mar_in";
    .port_info 15 /OUTPUT 32 "mar_val";
    .port_info 16 /INPUT 1 "hi_in";
    .port_info 17 /INPUT 1 "lo_in";
    .port_info 18 /OUTPUT 32 "hi_val";
    .port_info 19 /OUTPUT 32 "lo_val";
v0000019906ab5b10_0 .net "BusMuxOut", 31 0, v0000019906aa0840_0;  alias, 1 drivers
v0000019906ab6790_0 .net "IncPC", 0 0, v00000199069bf4b0_0;  alias, 1 drivers
v0000019906ab6bf0_0 .net "clk", 0 0, v0000019906ad7e90_0;  alias, 1 drivers
v0000019906ab6330_0 .net "hi_in", 0 0, v00000199069be3d0_0;  alias, 1 drivers
v0000019906ab56b0_0 .net "hi_val", 31 0, v0000019906ab8090_0;  alias, 1 drivers
v0000019906ab6290_0 .net "ir_in", 0 0, v00000199069bda70_0;  alias, 1 drivers
v0000019906ab63d0_0 .net "ir_val", 31 0, v0000019906ab88b0_0;  alias, 1 drivers
v0000019906ab6470_0 .net "lo_in", 0 0, v00000199069be330_0;  alias, 1 drivers
v0000019906ab60b0_0 .net "lo_val", 31 0, v0000019906ab89f0_0;  alias, 1 drivers
v0000019906ab6a10_0 .net "mar_in", 0 0, v00000199069be470_0;  alias, 1 drivers
v0000019906ab4cb0_0 .net "mar_val", 31 0, v0000019906ab7e10_0;  alias, 1 drivers
v0000019906ab5c50_0 .net "pc_in", 0 0, v00000199069be150_0;  alias, 1 drivers
v0000019906ab57f0_0 .net "pc_val", 31 0, v0000019906ab5250_0;  alias, 1 drivers
v0000019906ab5cf0_0 .net "reset", 0 0, v0000019906ad6ef0_0;  alias, 1 drivers
v0000019906ab5110_0 .net "y_in", 0 0, v00000199069bded0_0;  alias, 1 drivers
v0000019906ab54d0_0 .net "y_val", 31 0, v0000019906ab4c10_0;  alias, 1 drivers
L_0000019906af5a88 .functor BUFT 1, C4<0>, C4<0>, C4<0>, C4<0>;
v0000019906ab6ab0_0 .net "zhigh_in", 0 0, L_0000019906af5a88;  1 drivers
v0000019906ab4a30_0 .net "zhigh_val", 31 0, v0000019906ab5430_0;  1 drivers
L_0000019906af5ad0 .functor BUFT 1, C4<0>, C4<0>, C4<0>, C4<0>;
v0000019906ab6150_0 .net "zlow_in", 0 0, L_0000019906af5ad0;  1 drivers
v0000019906ab6c90_0 .net "zlow_val", 31 0, v0000019906ab4d50_0;  1 drivers
S_0000019906ab1cc0 .scope module, "HI" "reg32" 15 73, 16 2 0, S_0000019906ab3750;
 .timescale 0 0;
    .port_info 0 /INPUT 1 "clk";
    .port_info 1 /INPUT 1 "reset";
    .port_info 2 /INPUT 1 "en";
    .port_info 3 /INPUT 32 "d_in";
    .port_info 4 /OUTPUT 32 "d_out";
v0000019906ab7370_0 .net "clk", 0 0, v0000019906ad7e90_0;  alias, 1 drivers
v0000019906ab7c30_0 .net "d_in", 31 0, v0000019906aa0840_0;  alias, 1 drivers
v0000019906ab8090_0 .var "d_out", 31 0;
v0000019906ab8310_0 .net "en", 0 0, v00000199069be3d0_0;  alias, 1 drivers
v0000019906ab86d0_0 .net "reset", 0 0, v0000019906ad6ef0_0;  alias, 1 drivers
E_00000199069a6a60 .event posedge, v00000199069bd9d0_0;
S_0000019906ab27b0 .scope module, "IR" "reg32" 15 33, 16 2 0, S_0000019906ab3750;
 .timescale 0 0;
    .port_info 0 /INPUT 1 "clk";
    .port_info 1 /INPUT 1 "reset";
    .port_info 2 /INPUT 1 "en";
    .port_info 3 /INPUT 32 "d_in";
    .port_info 4 /OUTPUT 32 "d_out";
v0000019906ab8bd0_0 .net "clk", 0 0, v0000019906ad7e90_0;  alias, 1 drivers
v0000019906ab7f50_0 .net "d_in", 31 0, v0000019906aa0840_0;  alias, 1 drivers
v0000019906ab88b0_0 .var "d_out", 31 0;
v0000019906ab9170_0 .net "en", 0 0, v00000199069bda70_0;  alias, 1 drivers
v0000019906ab9210_0 .net "reset", 0 0, v0000019906ad6ef0_0;  alias, 1 drivers
S_0000019906ab19a0 .scope module, "LO" "reg32" 15 81, 16 2 0, S_0000019906ab3750;
 .timescale 0 0;
    .port_info 0 /INPUT 1 "clk";
    .port_info 1 /INPUT 1 "reset";
    .port_info 2 /INPUT 1 "en";
    .port_info 3 /INPUT 32 "d_in";
    .port_info 4 /OUTPUT 32 "d_out";
v0000019906ab8950_0 .net "clk", 0 0, v0000019906ad7e90_0;  alias, 1 drivers
v0000019906ab8b30_0 .net "d_in", 31 0, v0000019906aa0840_0;  alias, 1 drivers
v0000019906ab89f0_0 .var "d_out", 31 0;
v0000019906ab92b0_0 .net "en", 0 0, v00000199069be330_0;  alias, 1 drivers
v0000019906ab7870_0 .net "reset", 0 0, v0000019906ad6ef0_0;  alias, 1 drivers
S_0000019906ab11d0 .scope module, "MAR" "reg32" 15 65, 16 2 0, S_0000019906ab3750;
 .timescale 0 0;
    .port_info 0 /INPUT 1 "clk";
    .port_info 1 /INPUT 1 "reset";
    .port_info 2 /INPUT 1 "en";
    .port_info 3 /INPUT 32 "d_in";
    .port_info 4 /OUTPUT 32 "d_out";
v0000019906ab9350_0 .net "clk", 0 0, v0000019906ad7e90_0;  alias, 1 drivers
v0000019906ab8450_0 .net "d_in", 31 0, v0000019906aa0840_0;  alias, 1 drivers
v0000019906ab7e10_0 .var "d_out", 31 0;
v0000019906ab83b0_0 .net "en", 0 0, v00000199069be470_0;  alias, 1 drivers
v0000019906ab9490_0 .net "reset", 0 0, v0000019906ad6ef0_0;  alias, 1 drivers
S_0000019906ab1360 .scope module, "PC" "pc_reg" 15 24, 17 3 0, S_0000019906ab3750;
 .timescale 0 0;
    .port_info 0 /INPUT 1 "clk";
    .port_info 1 /INPUT 1 "reset";
    .port_info 2 /INPUT 1 "pc_in";
    .port_info 3 /INPUT 1 "IncPC";
    .port_info 4 /INPUT 32 "BusMuxOut";
    .port_info 5 /OUTPUT 32 "pc_val";
v0000019906ab6830_0 .net "BusMuxOut", 31 0, v0000019906aa0840_0;  alias, 1 drivers
v0000019906ab5930_0 .net "IncPC", 0 0, v00000199069bf4b0_0;  alias, 1 drivers
v0000019906ab6dd0_0 .net "clk", 0 0, v0000019906ad7e90_0;  alias, 1 drivers
v0000019906ab5070_0 .net "cout", 0 0, L_0000019906add4d0;  1 drivers
v0000019906ab6d30_0 .net "pc_in", 0 0, v00000199069be150_0;  alias, 1 drivers
v0000019906ab4990_0 .net "pc_plus_one", 31 0, L_0000019906adbdb0;  1 drivers
v0000019906ab5250_0 .var "pc_val", 31 0;
v0000019906ab5bb0_0 .net "reset", 0 0, v0000019906ad6ef0_0;  alias, 1 drivers
S_0000019906ab38e0 .scope module, "inc_adder" "ripple_carry_adder" 17 15, 9 3 0, S_0000019906ab1360;
 .timescale 0 0;
    .port_info 0 /INPUT 32 "A";
    .port_info 1 /INPUT 32 "B";
    .port_info 2 /INPUT 1 "Cin";
    .port_info 3 /OUTPUT 32 "Sum";
    .port_info 4 /OUTPUT 1 "Cout";
    .port_info 5 /OUTPUT 1 "Overflow";
L_0000019906af5a40 .functor BUFT 1, C4<0>, C4<0>, C4<0>, C4<0>;
L_00000199069dd7c0 .functor BUFZ 1, L_0000019906af5a40, C4<0>, C4<0>, C4<0>;
L_00000199069dc9c0 .functor XOR 1, L_0000019906adb950, L_0000019906add930, C4<0>, C4<0>;
v0000019906ac3cb0_0 .net "A", 31 0, v0000019906ab5250_0;  alias, 1 drivers
L_0000019906af59f8 .functor BUFT 1, C4<00000000000000000000000000000001>, C4<0>, C4<0>, C4<0>;
v0000019906ac3d50_0 .net "B", 31 0, L_0000019906af59f8;  1 drivers
v0000019906ac3df0_0 .net "Cin", 0 0, L_0000019906af5a40;  1 drivers
v0000019906ac3f30_0 .net "Cout", 0 0, L_0000019906add4d0;  alias, 1 drivers
v0000019906ab5890_0 .net "Overflow", 0 0, L_00000199069dc9c0;  1 drivers
v0000019906ab51b0_0 .net "Sum", 31 0, L_0000019906adbdb0;  alias, 1 drivers
v0000019906ab6fb0_0 .net *"_ivl_229", 0 0, L_00000199069dd7c0;  1 drivers
v0000019906ab48f0_0 .net *"_ivl_233", 0 0, L_0000019906adb950;  1 drivers
v0000019906ab52f0_0 .net *"_ivl_235", 0 0, L_0000019906add930;  1 drivers
v0000019906ab6f10_0 .net "carry", 32 0, L_0000019906adc8f0;  1 drivers
L_0000019906ad75d0 .part v0000019906ab5250_0, 0, 1;
L_0000019906ad8610 .part L_0000019906af59f8, 0, 1;
L_0000019906ad86b0 .part L_0000019906adc8f0, 0, 1;
L_0000019906ad6a90 .part v0000019906ab5250_0, 1, 1;
L_0000019906ad8750 .part L_0000019906af59f8, 1, 1;
L_0000019906ad6db0 .part L_0000019906adc8f0, 1, 1;
L_0000019906ad87f0 .part v0000019906ab5250_0, 2, 1;
L_0000019906ad8b10 .part L_0000019906af59f8, 2, 1;
L_0000019906ad8bb0 .part L_0000019906adc8f0, 2, 1;
L_0000019906ad7210 .part v0000019906ab5250_0, 3, 1;
L_0000019906ad7850 .part L_0000019906af59f8, 3, 1;
L_0000019906ad8c50 .part L_0000019906adc8f0, 3, 1;
L_0000019906ad8cf0 .part v0000019906ab5250_0, 4, 1;
L_0000019906ad8e30 .part L_0000019906af59f8, 4, 1;
L_0000019906ad8ed0 .part L_0000019906adc8f0, 4, 1;
L_0000019906ad8f70 .part v0000019906ab5250_0, 5, 1;
L_0000019906ad6b30 .part L_0000019906af59f8, 5, 1;
L_0000019906ad90b0 .part L_0000019906adc8f0, 5, 1;
L_0000019906adb630 .part v0000019906ab5250_0, 6, 1;
L_0000019906ad6e50 .part L_0000019906af59f8, 6, 1;
L_0000019906ad9e70 .part L_0000019906adc8f0, 6, 1;
L_0000019906ad9fb0 .part v0000019906ab5250_0, 7, 1;
L_0000019906ada730 .part L_0000019906af59f8, 7, 1;
L_0000019906adb590 .part L_0000019906adc8f0, 7, 1;
L_0000019906adb1d0 .part v0000019906ab5250_0, 8, 1;
L_0000019906ad95b0 .part L_0000019906af59f8, 8, 1;
L_0000019906ad9650 .part L_0000019906adc8f0, 8, 1;
L_0000019906adb450 .part v0000019906ab5250_0, 9, 1;
L_0000019906adb3b0 .part L_0000019906af59f8, 9, 1;
L_0000019906adab90 .part L_0000019906adc8f0, 9, 1;
L_0000019906ad9bf0 .part v0000019906ab5250_0, 10, 1;
L_0000019906ad9f10 .part L_0000019906af59f8, 10, 1;
L_0000019906ada2d0 .part L_0000019906adc8f0, 10, 1;
L_0000019906ad91f0 .part v0000019906ab5250_0, 11, 1;
L_0000019906ada690 .part L_0000019906af59f8, 11, 1;
L_0000019906adb770 .part L_0000019906adc8f0, 11, 1;
L_0000019906ad9510 .part v0000019906ab5250_0, 12, 1;
L_0000019906ad9790 .part L_0000019906af59f8, 12, 1;
L_0000019906ad9970 .part L_0000019906adc8f0, 12, 1;
L_0000019906adb4f0 .part v0000019906ab5250_0, 13, 1;
L_0000019906adb810 .part L_0000019906af59f8, 13, 1;
L_0000019906ada7d0 .part L_0000019906adc8f0, 13, 1;
L_0000019906ad9c90 .part v0000019906ab5250_0, 14, 1;
L_0000019906adb8b0 .part L_0000019906af59f8, 14, 1;
L_0000019906adb6d0 .part L_0000019906adc8f0, 14, 1;
L_0000019906ad9150 .part v0000019906ab5250_0, 15, 1;
L_0000019906ada410 .part L_0000019906af59f8, 15, 1;
L_0000019906ad9290 .part L_0000019906adc8f0, 15, 1;
L_0000019906adb130 .part v0000019906ab5250_0, 16, 1;
L_0000019906ad9d30 .part L_0000019906af59f8, 16, 1;
L_0000019906ad9dd0 .part L_0000019906adc8f0, 16, 1;
L_0000019906ad9330 .part v0000019906ab5250_0, 17, 1;
L_0000019906ad93d0 .part L_0000019906af59f8, 17, 1;
L_0000019906ad9830 .part L_0000019906adc8f0, 17, 1;
L_0000019906adac30 .part v0000019906ab5250_0, 18, 1;
L_0000019906ad9a10 .part L_0000019906af59f8, 18, 1;
L_0000019906ad9470 .part L_0000019906adc8f0, 18, 1;
L_0000019906ada190 .part v0000019906ab5250_0, 19, 1;
L_0000019906ad96f0 .part L_0000019906af59f8, 19, 1;
L_0000019906ad98d0 .part L_0000019906adc8f0, 19, 1;
L_0000019906ad9b50 .part v0000019906ab5250_0, 20, 1;
L_0000019906ad9ab0 .part L_0000019906af59f8, 20, 1;
L_0000019906adacd0 .part L_0000019906adc8f0, 20, 1;
L_0000019906ada050 .part v0000019906ab5250_0, 21, 1;
L_0000019906adad70 .part L_0000019906af59f8, 21, 1;
L_0000019906ada0f0 .part L_0000019906adc8f0, 21, 1;
L_0000019906ada9b0 .part v0000019906ab5250_0, 22, 1;
L_0000019906adb270 .part L_0000019906af59f8, 22, 1;
L_0000019906ada370 .part L_0000019906adc8f0, 22, 1;
L_0000019906ada230 .part v0000019906ab5250_0, 23, 1;
L_0000019906ada4b0 .part L_0000019906af59f8, 23, 1;
L_0000019906ada550 .part L_0000019906adc8f0, 23, 1;
L_0000019906ada5f0 .part v0000019906ab5250_0, 24, 1;
L_0000019906ada870 .part L_0000019906af59f8, 24, 1;
L_0000019906ada910 .part L_0000019906adc8f0, 24, 1;
L_0000019906adaa50 .part v0000019906ab5250_0, 25, 1;
L_0000019906adaaf0 .part L_0000019906af59f8, 25, 1;
L_0000019906adae10 .part L_0000019906adc8f0, 25, 1;
L_0000019906adaeb0 .part v0000019906ab5250_0, 26, 1;
L_0000019906adaf50 .part L_0000019906af59f8, 26, 1;
L_0000019906adaff0 .part L_0000019906adc8f0, 26, 1;
L_0000019906adb090 .part v0000019906ab5250_0, 27, 1;
L_0000019906adb310 .part L_0000019906af59f8, 27, 1;
L_0000019906add7f0 .part L_0000019906adc8f0, 27, 1;
L_0000019906adbb30 .part v0000019906ab5250_0, 28, 1;
L_0000019906adbbd0 .part L_0000019906af59f8, 28, 1;
L_0000019906ade010 .part L_0000019906adc8f0, 28, 1;
L_0000019906add070 .part v0000019906ab5250_0, 29, 1;
L_0000019906add430 .part L_0000019906af59f8, 29, 1;
L_0000019906adc5d0 .part L_0000019906adc8f0, 29, 1;
L_0000019906adc0d0 .part v0000019906ab5250_0, 30, 1;
L_0000019906adc670 .part L_0000019906af59f8, 30, 1;
L_0000019906ade0b0 .part L_0000019906adc8f0, 30, 1;
L_0000019906add890 .part v0000019906ab5250_0, 31, 1;
L_0000019906adba90 .part L_0000019906af59f8, 31, 1;
L_0000019906adda70 .part L_0000019906adc8f0, 31, 1;
LS_0000019906adbdb0_0_0 .concat8 [ 1 1 1 1], L_00000199069d7ef0, L_00000199069d7cc0, L_00000199069d7550, L_00000199069d8740;
LS_0000019906adbdb0_0_4 .concat8 [ 1 1 1 1], L_00000199069d8200, L_00000199069d71d0, L_00000199069da3b0, L_00000199069d9c40;
LS_0000019906adbdb0_0_8 .concat8 [ 1 1 1 1], L_00000199069da1f0, L_00000199069d8cf0, L_00000199069d9ee0, L_00000199069d8d60;
LS_0000019906adbdb0_0_12 .concat8 [ 1 1 1 1], L_00000199069da6c0, L_00000199069d93f0, L_00000199069d9540, L_00000199069d9e70;
LS_0000019906adbdb0_0_16 .concat8 [ 1 1 1 1], L_00000199069da880, L_00000199069dc3a0, L_00000199069dc020, L_00000199069dad50;
LS_0000019906adbdb0_0_20 .concat8 [ 1 1 1 1], L_00000199069db0d0, L_00000199069db920, L_00000199069daf10, L_00000199069db370;
LS_0000019906adbdb0_0_24 .concat8 [ 1 1 1 1], L_00000199069daf80, L_00000199069db610, L_00000199069db840, L_00000199069dc720;
LS_0000019906adbdb0_0_28 .concat8 [ 1 1 1 1], L_00000199069dc480, L_00000199069dd130, L_00000199069ddec0, L_00000199069dd8a0;
LS_0000019906adbdb0_1_0 .concat8 [ 4 4 4 4], LS_0000019906adbdb0_0_0, LS_0000019906adbdb0_0_4, LS_0000019906adbdb0_0_8, LS_0000019906adbdb0_0_12;
LS_0000019906adbdb0_1_4 .concat8 [ 4 4 4 4], LS_0000019906adbdb0_0_16, LS_0000019906adbdb0_0_20, LS_0000019906adbdb0_0_24, LS_0000019906adbdb0_0_28;
L_0000019906adbdb0 .concat8 [ 16 16 0 0], LS_0000019906adbdb0_1_0, LS_0000019906adbdb0_1_4;
LS_0000019906adc8f0_0_0 .concat8 [ 1 1 1 1], L_00000199069dd7c0, L_00000199069d8ba0, L_00000199069d8350, L_00000199069d7080;
LS_0000019906adc8f0_0_4 .concat8 [ 1 1 1 1], L_00000199069d7f60, L_00000199069d8ac0, L_00000199069da7a0, L_00000199069da2d0;
LS_0000019906adc8f0_0_8 .concat8 [ 1 1 1 1], L_00000199069d97e0, L_00000199069d9000, L_00000199069da570, L_00000199069d9850;
LS_0000019906adc8f0_0_12 .concat8 [ 1 1 1 1], L_00000199069da5e0, L_00000199069d90e0, L_00000199069d9230, L_00000199069d9fc0;
LS_0000019906adc8f0_0_16 .concat8 [ 1 1 1 1], L_00000199069da0a0, L_00000199069dc330, L_00000199069dab90, L_00000199069dbc30;
LS_0000019906adc8f0_0_20 .concat8 [ 1 1 1 1], L_00000199069da8f0, L_00000199069dbd80, L_00000199069daea0, L_00000199069dc100;
LS_0000019906adc8f0_0_24 .concat8 [ 1 1 1 1], L_00000199069dbf40, L_00000199069db140, L_00000199069dc1e0, L_00000199069dcdb0;
LS_0000019906adc8f0_0_28 .concat8 [ 1 1 1 1], L_00000199069dcfe0, L_00000199069dcb80, L_00000199069dcbf0, L_00000199069dd590;
LS_0000019906adc8f0_0_32 .concat8 [ 1 0 0 0], L_00000199069dcd40;
LS_0000019906adc8f0_1_0 .concat8 [ 4 4 4 4], LS_0000019906adc8f0_0_0, LS_0000019906adc8f0_0_4, LS_0000019906adc8f0_0_8, LS_0000019906adc8f0_0_12;
LS_0000019906adc8f0_1_4 .concat8 [ 4 4 4 4], LS_0000019906adc8f0_0_16, LS_0000019906adc8f0_0_20, LS_0000019906adc8f0_0_24, LS_0000019906adc8f0_0_28;
LS_0000019906adc8f0_1_8 .concat8 [ 1 0 0 0], LS_0000019906adc8f0_0_32;
L_0000019906adc8f0 .concat8 [ 16 16 1 0], LS_0000019906adc8f0_1_0, LS_0000019906adc8f0_1_4, LS_0000019906adc8f0_1_8;
L_0000019906add4d0 .part L_0000019906adc8f0, 32, 1;
L_0000019906adb950 .part L_0000019906adc8f0, 31, 1;
L_0000019906add930 .part L_0000019906adc8f0, 32, 1;
S_0000019906ab0d20 .scope generate, "fa_gen[0]" "fa_gen[0]" 9 17, 9 17 0, S_0000019906ab38e0;
 .timescale 0 0;
P_00000199069a6de0 .param/l "i" 0 9 17, +C4<00>;
S_0000019906ab2ad0 .scope module, "fa" "full_adder" 9 18, 9 33 0, S_0000019906ab0d20;
 .timescale 0 0;
    .port_info 0 /INPUT 1 "a";
    .port_info 1 /INPUT 1 "b";
    .port_info 2 /INPUT 1 "cin";
    .port_info 3 /OUTPUT 1 "sum";
    .port_info 4 /OUTPUT 1 "cout";
L_00000199069d75c0 .functor XOR 1, L_0000019906ad75d0, L_0000019906ad8610, C4<0>, C4<0>;
L_00000199069d7ef0 .functor XOR 1, L_00000199069d75c0, L_0000019906ad86b0, C4<0>, C4<0>;
L_00000199069d85f0 .functor AND 1, L_0000019906ad75d0, L_0000019906ad8610, C4<1>, C4<1>;
L_00000199069d7710 .functor XOR 1, L_0000019906ad75d0, L_0000019906ad8610, C4<0>, C4<0>;
L_00000199069d7c50 .functor AND 1, L_0000019906ad86b0, L_00000199069d7710, C4<1>, C4<1>;
L_00000199069d8ba0 .functor OR 1, L_00000199069d85f0, L_00000199069d7c50, C4<0>, C4<0>;
v0000019906ab7ff0_0 .net *"_ivl_0", 0 0, L_00000199069d75c0;  1 drivers
v0000019906ab8a90_0 .net *"_ivl_4", 0 0, L_00000199069d85f0;  1 drivers
v0000019906ab8c70_0 .net *"_ivl_6", 0 0, L_00000199069d7710;  1 drivers
v0000019906ab7a50_0 .net *"_ivl_8", 0 0, L_00000199069d7c50;  1 drivers
v0000019906ab8d10_0 .net "a", 0 0, L_0000019906ad75d0;  1 drivers
v0000019906ab9530_0 .net "b", 0 0, L_0000019906ad8610;  1 drivers
v0000019906ab8130_0 .net "cin", 0 0, L_0000019906ad86b0;  1 drivers
v0000019906ab8590_0 .net "cout", 0 0, L_00000199069d8ba0;  1 drivers
v0000019906ab8ef0_0 .net "sum", 0 0, L_00000199069d7ef0;  1 drivers
S_0000019906ab1e50 .scope generate, "fa_gen[1]" "fa_gen[1]" 9 17, 9 17 0, S_0000019906ab38e0;
 .timescale 0 0;
P_00000199069a60e0 .param/l "i" 0 9 17, +C4<01>;
S_0000019906ab0870 .scope module, "fa" "full_adder" 9 18, 9 33 0, S_0000019906ab1e50;
 .timescale 0 0;
    .port_info 0 /INPUT 1 "a";
    .port_info 1 /INPUT 1 "b";
    .port_info 2 /INPUT 1 "cin";
    .port_info 3 /OUTPUT 1 "sum";
    .port_info 4 /OUTPUT 1 "cout";
L_00000199069d7940 .functor XOR 1, L_0000019906ad6a90, L_0000019906ad8750, C4<0>, C4<0>;
L_00000199069d7cc0 .functor XOR 1, L_00000199069d7940, L_0000019906ad6db0, C4<0>, C4<0>;
L_00000199069d7630 .functor AND 1, L_0000019906ad6a90, L_0000019906ad8750, C4<1>, C4<1>;
L_00000199069d7fd0 .functor XOR 1, L_0000019906ad6a90, L_0000019906ad8750, C4<0>, C4<0>;
L_00000199069d8900 .functor AND 1, L_0000019906ad6db0, L_00000199069d7fd0, C4<1>, C4<1>;
L_00000199069d8350 .functor OR 1, L_00000199069d7630, L_00000199069d8900, C4<0>, C4<0>;
v0000019906ab95d0_0 .net *"_ivl_0", 0 0, L_00000199069d7940;  1 drivers
v0000019906ab9670_0 .net *"_ivl_4", 0 0, L_00000199069d7630;  1 drivers
v0000019906ab9850_0 .net *"_ivl_6", 0 0, L_00000199069d7fd0;  1 drivers
v0000019906abbc90_0 .net *"_ivl_8", 0 0, L_00000199069d8900;  1 drivers
v0000019906aba1b0_0 .net "a", 0 0, L_0000019906ad6a90;  1 drivers
v0000019906abac50_0 .net "b", 0 0, L_0000019906ad8750;  1 drivers
v0000019906aba390_0 .net "cin", 0 0, L_0000019906ad6db0;  1 drivers
v0000019906aba250_0 .net "cout", 0 0, L_00000199069d8350;  1 drivers
v0000019906abc050_0 .net "sum", 0 0, L_00000199069d7cc0;  1 drivers
S_0000019906ab2170 .scope generate, "fa_gen[2]" "fa_gen[2]" 9 17, 9 17 0, S_0000019906ab38e0;
 .timescale 0 0;
P_00000199069a6920 .param/l "i" 0 9 17, +C4<010>;
S_0000019906ab1fe0 .scope module, "fa" "full_adder" 9 18, 9 33 0, S_0000019906ab2170;
 .timescale 0 0;
    .port_info 0 /INPUT 1 "a";
    .port_info 1 /INPUT 1 "b";
    .port_info 2 /INPUT 1 "cin";
    .port_info 3 /OUTPUT 1 "sum";
    .port_info 4 /OUTPUT 1 "cout";
L_00000199069d7860 .functor XOR 1, L_0000019906ad87f0, L_0000019906ad8b10, C4<0>, C4<0>;
L_00000199069d7550 .functor XOR 1, L_00000199069d7860, L_0000019906ad8bb0, C4<0>, C4<0>;
L_00000199069d8c10 .functor AND 1, L_0000019906ad87f0, L_0000019906ad8b10, C4<1>, C4<1>;
L_00000199069d86d0 .functor XOR 1, L_0000019906ad87f0, L_0000019906ad8b10, C4<0>, C4<0>;
L_00000199069d78d0 .functor AND 1, L_0000019906ad8bb0, L_00000199069d86d0, C4<1>, C4<1>;
L_00000199069d7080 .functor OR 1, L_00000199069d8c10, L_00000199069d78d0, C4<0>, C4<0>;
v0000019906ab9c10_0 .net *"_ivl_0", 0 0, L_00000199069d7860;  1 drivers
v0000019906abb650_0 .net *"_ivl_4", 0 0, L_00000199069d8c10;  1 drivers
v0000019906ab9df0_0 .net *"_ivl_6", 0 0, L_00000199069d86d0;  1 drivers
v0000019906ab98f0_0 .net *"_ivl_8", 0 0, L_00000199069d78d0;  1 drivers
v0000019906aba2f0_0 .net "a", 0 0, L_0000019906ad87f0;  1 drivers
v0000019906ababb0_0 .net "b", 0 0, L_0000019906ad8b10;  1 drivers
v0000019906ab9a30_0 .net "cin", 0 0, L_0000019906ad8bb0;  1 drivers
v0000019906aba430_0 .net "cout", 0 0, L_00000199069d7080;  1 drivers
v0000019906abb290_0 .net "sum", 0 0, L_00000199069d7550;  1 drivers
S_0000019906ab14f0 .scope generate, "fa_gen[3]" "fa_gen[3]" 9 17, 9 17 0, S_0000019906ab38e0;
 .timescale 0 0;
P_00000199069a6120 .param/l "i" 0 9 17, +C4<011>;
S_0000019906ab1040 .scope module, "fa" "full_adder" 9 18, 9 33 0, S_0000019906ab14f0;
 .timescale 0 0;
    .port_info 0 /INPUT 1 "a";
    .port_info 1 /INPUT 1 "b";
    .port_info 2 /INPUT 1 "cin";
    .port_info 3 /OUTPUT 1 "sum";
    .port_info 4 /OUTPUT 1 "cout";
L_00000199069d7780 .functor XOR 1, L_0000019906ad7210, L_0000019906ad7850, C4<0>, C4<0>;
L_00000199069d8740 .functor XOR 1, L_00000199069d7780, L_0000019906ad8c50, C4<0>, C4<0>;
L_00000199069d70f0 .functor AND 1, L_0000019906ad7210, L_0000019906ad7850, C4<1>, C4<1>;
L_00000199069d8190 .functor XOR 1, L_0000019906ad7210, L_0000019906ad7850, C4<0>, C4<0>;
L_00000199069d8a50 .functor AND 1, L_0000019906ad8c50, L_00000199069d8190, C4<1>, C4<1>;
L_00000199069d7f60 .functor OR 1, L_00000199069d70f0, L_00000199069d8a50, C4<0>, C4<0>;
v0000019906ab9f30_0 .net *"_ivl_0", 0 0, L_00000199069d7780;  1 drivers
v0000019906aba4d0_0 .net *"_ivl_4", 0 0, L_00000199069d70f0;  1 drivers
v0000019906abbab0_0 .net *"_ivl_6", 0 0, L_00000199069d8190;  1 drivers
v0000019906abb790_0 .net *"_ivl_8", 0 0, L_00000199069d8a50;  1 drivers
v0000019906abb830_0 .net "a", 0 0, L_0000019906ad7210;  1 drivers
v0000019906aba750_0 .net "b", 0 0, L_0000019906ad7850;  1 drivers
v0000019906ab9fd0_0 .net "cin", 0 0, L_0000019906ad8c50;  1 drivers
v0000019906ab9990_0 .net "cout", 0 0, L_00000199069d7f60;  1 drivers
v0000019906aba570_0 .net "sum", 0 0, L_00000199069d8740;  1 drivers
S_0000019906ab1b30 .scope generate, "fa_gen[4]" "fa_gen[4]" 9 17, 9 17 0, S_0000019906ab38e0;
 .timescale 0 0;
P_00000199069a61a0 .param/l "i" 0 9 17, +C4<0100>;
S_0000019906ab2940 .scope module, "fa" "full_adder" 9 18, 9 33 0, S_0000019906ab1b30;
 .timescale 0 0;
    .port_info 0 /INPUT 1 "a";
    .port_info 1 /INPUT 1 "b";
    .port_info 2 /INPUT 1 "cin";
    .port_info 3 /OUTPUT 1 "sum";
    .port_info 4 /OUTPUT 1 "cout";
L_00000199069d8660 .functor XOR 1, L_0000019906ad8cf0, L_0000019906ad8e30, C4<0>, C4<0>;
L_00000199069d8200 .functor XOR 1, L_00000199069d8660, L_0000019906ad8ed0, C4<0>, C4<0>;
L_00000199069d83c0 .functor AND 1, L_0000019906ad8cf0, L_0000019906ad8e30, C4<1>, C4<1>;
L_00000199069d8270 .functor XOR 1, L_0000019906ad8cf0, L_0000019906ad8e30, C4<0>, C4<0>;
L_00000199069d8580 .functor AND 1, L_0000019906ad8ed0, L_00000199069d8270, C4<1>, C4<1>;
L_00000199069d8ac0 .functor OR 1, L_00000199069d83c0, L_00000199069d8580, C4<0>, C4<0>;
v0000019906abad90_0 .net *"_ivl_0", 0 0, L_00000199069d8660;  1 drivers
v0000019906abb0b0_0 .net *"_ivl_4", 0 0, L_00000199069d83c0;  1 drivers
v0000019906abbfb0_0 .net *"_ivl_6", 0 0, L_00000199069d8270;  1 drivers
v0000019906ab9b70_0 .net *"_ivl_8", 0 0, L_00000199069d8580;  1 drivers
v0000019906abaa70_0 .net "a", 0 0, L_0000019906ad8cf0;  1 drivers
v0000019906abb970_0 .net "b", 0 0, L_0000019906ad8e30;  1 drivers
v0000019906abb3d0_0 .net "cin", 0 0, L_0000019906ad8ed0;  1 drivers
v0000019906aba110_0 .net "cout", 0 0, L_00000199069d8ac0;  1 drivers
v0000019906abacf0_0 .net "sum", 0 0, L_00000199069d8200;  1 drivers
S_0000019906ab2c60 .scope generate, "fa_gen[5]" "fa_gen[5]" 9 17, 9 17 0, S_0000019906ab38e0;
 .timescale 0 0;
P_00000199069a6e20 .param/l "i" 0 9 17, +C4<0101>;
S_0000019906ab0a00 .scope module, "fa" "full_adder" 9 18, 9 33 0, S_0000019906ab2c60;
 .timescale 0 0;
    .port_info 0 /INPUT 1 "a";
    .port_info 1 /INPUT 1 "b";
    .port_info 2 /INPUT 1 "cin";
    .port_info 3 /OUTPUT 1 "sum";
    .port_info 4 /OUTPUT 1 "cout";
L_00000199069d80b0 .functor XOR 1, L_0000019906ad8f70, L_0000019906ad6b30, C4<0>, C4<0>;
L_00000199069d71d0 .functor XOR 1, L_00000199069d80b0, L_0000019906ad90b0, C4<0>, C4<0>;
L_00000199069d7240 .functor AND 1, L_0000019906ad8f70, L_0000019906ad6b30, C4<1>, C4<1>;
L_00000199069da260 .functor XOR 1, L_0000019906ad8f70, L_0000019906ad6b30, C4<0>, C4<0>;
L_00000199069d8dd0 .functor AND 1, L_0000019906ad90b0, L_00000199069da260, C4<1>, C4<1>;
L_00000199069da7a0 .functor OR 1, L_00000199069d7240, L_00000199069d8dd0, C4<0>, C4<0>;
v0000019906ab9e90_0 .net *"_ivl_0", 0 0, L_00000199069d80b0;  1 drivers
v0000019906aba610_0 .net *"_ivl_4", 0 0, L_00000199069d7240;  1 drivers
v0000019906abb150_0 .net *"_ivl_6", 0 0, L_00000199069da260;  1 drivers
v0000019906aba070_0 .net *"_ivl_8", 0 0, L_00000199069d8dd0;  1 drivers
v0000019906aba9d0_0 .net "a", 0 0, L_0000019906ad8f70;  1 drivers
v0000019906aba6b0_0 .net "b", 0 0, L_0000019906ad6b30;  1 drivers
v0000019906abab10_0 .net "cin", 0 0, L_0000019906ad90b0;  1 drivers
v0000019906abb510_0 .net "cout", 0 0, L_00000199069da7a0;  1 drivers
v0000019906aba930_0 .net "sum", 0 0, L_00000199069d71d0;  1 drivers
S_0000019906ab2df0 .scope generate, "fa_gen[6]" "fa_gen[6]" 9 17, 9 17 0, S_0000019906ab38e0;
 .timescale 0 0;
P_00000199069a6c20 .param/l "i" 0 9 17, +C4<0110>;
S_0000019906ab2f80 .scope module, "fa" "full_adder" 9 18, 9 33 0, S_0000019906ab2df0;
 .timescale 0 0;
    .port_info 0 /INPUT 1 "a";
    .port_info 1 /INPUT 1 "b";
    .port_info 2 /INPUT 1 "cin";
    .port_info 3 /OUTPUT 1 "sum";
    .port_info 4 /OUTPUT 1 "cout";
L_00000199069da490 .functor XOR 1, L_0000019906adb630, L_0000019906ad6e50, C4<0>, C4<0>;
L_00000199069da3b0 .functor XOR 1, L_00000199069da490, L_0000019906ad9e70, C4<0>, C4<0>;
L_00000199069d8f90 .functor AND 1, L_0000019906adb630, L_0000019906ad6e50, C4<1>, C4<1>;
L_00000199069da730 .functor XOR 1, L_0000019906adb630, L_0000019906ad6e50, C4<0>, C4<0>;
L_00000199069d9770 .functor AND 1, L_0000019906ad9e70, L_00000199069da730, C4<1>, C4<1>;
L_00000199069da2d0 .functor OR 1, L_00000199069d8f90, L_00000199069d9770, C4<0>, C4<0>;
v0000019906abb8d0_0 .net *"_ivl_0", 0 0, L_00000199069da490;  1 drivers
v0000019906abba10_0 .net *"_ivl_4", 0 0, L_00000199069d8f90;  1 drivers
v0000019906ab9cb0_0 .net *"_ivl_6", 0 0, L_00000199069da730;  1 drivers
v0000019906abb1f0_0 .net *"_ivl_8", 0 0, L_00000199069d9770;  1 drivers
v0000019906ab9ad0_0 .net "a", 0 0, L_0000019906adb630;  1 drivers
v0000019906abbb50_0 .net "b", 0 0, L_0000019906ad6e50;  1 drivers
v0000019906ab9d50_0 .net "cin", 0 0, L_0000019906ad9e70;  1 drivers
v0000019906abbbf0_0 .net "cout", 0 0, L_00000199069da2d0;  1 drivers
v0000019906aba7f0_0 .net "sum", 0 0, L_00000199069da3b0;  1 drivers
S_0000019906ab3110 .scope generate, "fa_gen[7]" "fa_gen[7]" 9 17, 9 17 0, S_0000019906ab38e0;
 .timescale 0 0;
P_00000199069a6260 .param/l "i" 0 9 17, +C4<0111>;
S_0000019906ab32a0 .scope module, "fa" "full_adder" 9 18, 9 33 0, S_0000019906ab3110;
 .timescale 0 0;
    .port_info 0 /INPUT 1 "a";
    .port_info 1 /INPUT 1 "b";
    .port_info 2 /INPUT 1 "cin";
    .port_info 3 /OUTPUT 1 "sum";
    .port_info 4 /OUTPUT 1 "cout";
L_00000199069d9bd0 .functor XOR 1, L_0000019906ad9fb0, L_0000019906ada730, C4<0>, C4<0>;
L_00000199069d9c40 .functor XOR 1, L_00000199069d9bd0, L_0000019906adb590, C4<0>, C4<0>;
L_00000199069d9380 .functor AND 1, L_0000019906ad9fb0, L_0000019906ada730, C4<1>, C4<1>;
L_00000199069da340 .functor XOR 1, L_0000019906ad9fb0, L_0000019906ada730, C4<0>, C4<0>;
L_00000199069da810 .functor AND 1, L_0000019906adb590, L_00000199069da340, C4<1>, C4<1>;
L_00000199069d97e0 .functor OR 1, L_00000199069d9380, L_00000199069da810, C4<0>, C4<0>;
v0000019906aba890_0 .net *"_ivl_0", 0 0, L_00000199069d9bd0;  1 drivers
v0000019906abb010_0 .net *"_ivl_4", 0 0, L_00000199069d9380;  1 drivers
v0000019906abb470_0 .net *"_ivl_6", 0 0, L_00000199069da340;  1 drivers
v0000019906abae30_0 .net *"_ivl_8", 0 0, L_00000199069da810;  1 drivers
v0000019906abaed0_0 .net "a", 0 0, L_0000019906ad9fb0;  1 drivers
v0000019906abaf70_0 .net "b", 0 0, L_0000019906ada730;  1 drivers
v0000019906abb330_0 .net "cin", 0 0, L_0000019906adb590;  1 drivers
v0000019906abbd30_0 .net "cout", 0 0, L_00000199069d97e0;  1 drivers
v0000019906abb5b0_0 .net "sum", 0 0, L_00000199069d9c40;  1 drivers
S_0000019906ab3a70 .scope generate, "fa_gen[8]" "fa_gen[8]" 9 17, 9 17 0, S_0000019906ab38e0;
 .timescale 0 0;
P_00000199069a6820 .param/l "i" 0 9 17, +C4<01000>;
S_0000019906ab3430 .scope module, "fa" "full_adder" 9 18, 9 33 0, S_0000019906ab3a70;
 .timescale 0 0;
    .port_info 0 /INPUT 1 "a";
    .port_info 1 /INPUT 1 "b";
    .port_info 2 /INPUT 1 "cin";
    .port_info 3 /OUTPUT 1 "sum";
    .port_info 4 /OUTPUT 1 "cout";
L_00000199069da500 .functor XOR 1, L_0000019906adb1d0, L_0000019906ad95b0, C4<0>, C4<0>;
L_00000199069da1f0 .functor XOR 1, L_00000199069da500, L_0000019906ad9650, C4<0>, C4<0>;
L_00000199069d9070 .functor AND 1, L_0000019906adb1d0, L_0000019906ad95b0, C4<1>, C4<1>;
L_00000199069d92a0 .functor XOR 1, L_0000019906adb1d0, L_0000019906ad95b0, C4<0>, C4<0>;
L_00000199069da420 .functor AND 1, L_0000019906ad9650, L_00000199069d92a0, C4<1>, C4<1>;
L_00000199069d9000 .functor OR 1, L_00000199069d9070, L_00000199069da420, C4<0>, C4<0>;
v0000019906abb6f0_0 .net *"_ivl_0", 0 0, L_00000199069da500;  1 drivers
v0000019906abbdd0_0 .net *"_ivl_4", 0 0, L_00000199069d9070;  1 drivers
v0000019906abbe70_0 .net *"_ivl_6", 0 0, L_00000199069d92a0;  1 drivers
v0000019906abbf10_0 .net *"_ivl_8", 0 0, L_00000199069da420;  1 drivers
v0000019906abd4f0_0 .net "a", 0 0, L_0000019906adb1d0;  1 drivers
v0000019906abe210_0 .net "b", 0 0, L_0000019906ad95b0;  1 drivers
v0000019906abc690_0 .net "cin", 0 0, L_0000019906ad9650;  1 drivers
v0000019906abc7d0_0 .net "cout", 0 0, L_00000199069d9000;  1 drivers
v0000019906abc870_0 .net "sum", 0 0, L_00000199069da1f0;  1 drivers
S_0000019906ac6cc0 .scope generate, "fa_gen[9]" "fa_gen[9]" 9 17, 9 17 0, S_0000019906ab38e0;
 .timescale 0 0;
P_00000199069a69e0 .param/l "i" 0 9 17, +C4<01001>;
S_0000019906ac6fe0 .scope module, "fa" "full_adder" 9 18, 9 33 0, S_0000019906ac6cc0;
 .timescale 0 0;
    .port_info 0 /INPUT 1 "a";
    .port_info 1 /INPUT 1 "b";
    .port_info 2 /INPUT 1 "cin";
    .port_info 3 /OUTPUT 1 "sum";
    .port_info 4 /OUTPUT 1 "cout";
L_00000199069d8c80 .functor XOR 1, L_0000019906adb450, L_0000019906adb3b0, C4<0>, C4<0>;
L_00000199069d8cf0 .functor XOR 1, L_00000199069d8c80, L_0000019906adab90, C4<0>, C4<0>;
L_00000199069d9930 .functor AND 1, L_0000019906adb450, L_0000019906adb3b0, C4<1>, C4<1>;
L_00000199069d9f50 .functor XOR 1, L_0000019906adb450, L_0000019906adb3b0, C4<0>, C4<0>;
L_00000199069d9a80 .functor AND 1, L_0000019906adab90, L_00000199069d9f50, C4<1>, C4<1>;
L_00000199069da570 .functor OR 1, L_00000199069d9930, L_00000199069d9a80, C4<0>, C4<0>;
v0000019906abe710_0 .net *"_ivl_0", 0 0, L_00000199069d8c80;  1 drivers
v0000019906abc370_0 .net *"_ivl_4", 0 0, L_00000199069d9930;  1 drivers
v0000019906abceb0_0 .net *"_ivl_6", 0 0, L_00000199069d9f50;  1 drivers
v0000019906abdd10_0 .net *"_ivl_8", 0 0, L_00000199069d9a80;  1 drivers
v0000019906abe2b0_0 .net "a", 0 0, L_0000019906adb450;  1 drivers
v0000019906abc190_0 .net "b", 0 0, L_0000019906adb3b0;  1 drivers
v0000019906abcb90_0 .net "cin", 0 0, L_0000019906adab90;  1 drivers
v0000019906abce10_0 .net "cout", 0 0, L_00000199069da570;  1 drivers
v0000019906abd270_0 .net "sum", 0 0, L_00000199069d8cf0;  1 drivers
S_0000019906ac64f0 .scope generate, "fa_gen[10]" "fa_gen[10]" 9 17, 9 17 0, S_0000019906ab38e0;
 .timescale 0 0;
P_00000199069a6420 .param/l "i" 0 9 17, +C4<01010>;
S_0000019906ac7940 .scope module, "fa" "full_adder" 9 18, 9 33 0, S_0000019906ac64f0;
 .timescale 0 0;
    .port_info 0 /INPUT 1 "a";
    .port_info 1 /INPUT 1 "b";
    .port_info 2 /INPUT 1 "cin";
    .port_info 3 /OUTPUT 1 "sum";
    .port_info 4 /OUTPUT 1 "cout";
L_00000199069d91c0 .functor XOR 1, L_0000019906ad9bf0, L_0000019906ad9f10, C4<0>, C4<0>;
L_00000199069d9ee0 .functor XOR 1, L_00000199069d91c0, L_0000019906ada2d0, C4<0>, C4<0>;
L_00000199069d9d20 .functor AND 1, L_0000019906ad9bf0, L_0000019906ad9f10, C4<1>, C4<1>;
L_00000199069d8e40 .functor XOR 1, L_0000019906ad9bf0, L_0000019906ad9f10, C4<0>, C4<0>;
L_00000199069d9620 .functor AND 1, L_0000019906ada2d0, L_00000199069d8e40, C4<1>, C4<1>;
L_00000199069d9850 .functor OR 1, L_00000199069d9d20, L_00000199069d9620, C4<0>, C4<0>;
v0000019906abd450_0 .net *"_ivl_0", 0 0, L_00000199069d91c0;  1 drivers
v0000019906abdb30_0 .net *"_ivl_4", 0 0, L_00000199069d9d20;  1 drivers
v0000019906abe030_0 .net *"_ivl_6", 0 0, L_00000199069d8e40;  1 drivers
v0000019906abcaf0_0 .net *"_ivl_8", 0 0, L_00000199069d9620;  1 drivers
v0000019906abcd70_0 .net "a", 0 0, L_0000019906ad9bf0;  1 drivers
v0000019906abe7b0_0 .net "b", 0 0, L_0000019906ad9f10;  1 drivers
v0000019906abd770_0 .net "cin", 0 0, L_0000019906ada2d0;  1 drivers
v0000019906abe350_0 .net "cout", 0 0, L_00000199069d9850;  1 drivers
v0000019906abc730_0 .net "sum", 0 0, L_00000199069d9ee0;  1 drivers
S_0000019906ac7c60 .scope generate, "fa_gen[11]" "fa_gen[11]" 9 17, 9 17 0, S_0000019906ab38e0;
 .timescale 0 0;
P_00000199069a6ae0 .param/l "i" 0 9 17, +C4<01011>;
S_0000019906ac5b90 .scope module, "fa" "full_adder" 9 18, 9 33 0, S_0000019906ac7c60;
 .timescale 0 0;
    .port_info 0 /INPUT 1 "a";
    .port_info 1 /INPUT 1 "b";
    .port_info 2 /INPUT 1 "cin";
    .port_info 3 /OUTPUT 1 "sum";
    .port_info 4 /OUTPUT 1 "cout";
L_00000199069d99a0 .functor XOR 1, L_0000019906ad91f0, L_0000019906ada690, C4<0>, C4<0>;
L_00000199069d8d60 .functor XOR 1, L_00000199069d99a0, L_0000019906adb770, C4<0>, C4<0>;
L_00000199069d9d90 .functor AND 1, L_0000019906ad91f0, L_0000019906ada690, C4<1>, C4<1>;
L_00000199069d8eb0 .functor XOR 1, L_0000019906ad91f0, L_0000019906ada690, C4<0>, C4<0>;
L_00000199069d9e00 .functor AND 1, L_0000019906adb770, L_00000199069d8eb0, C4<1>, C4<1>;
L_00000199069da5e0 .functor OR 1, L_00000199069d9d90, L_00000199069d9e00, C4<0>, C4<0>;
v0000019906abcf50_0 .net *"_ivl_0", 0 0, L_00000199069d99a0;  1 drivers
v0000019906abd3b0_0 .net *"_ivl_4", 0 0, L_00000199069d9d90;  1 drivers
v0000019906abd9f0_0 .net *"_ivl_6", 0 0, L_00000199069d8eb0;  1 drivers
v0000019906abd1d0_0 .net *"_ivl_8", 0 0, L_00000199069d9e00;  1 drivers
v0000019906abcff0_0 .net "a", 0 0, L_0000019906ad91f0;  1 drivers
v0000019906abc4b0_0 .net "b", 0 0, L_0000019906ada690;  1 drivers
v0000019906abc410_0 .net "cin", 0 0, L_0000019906adb770;  1 drivers
v0000019906abd090_0 .net "cout", 0 0, L_00000199069da5e0;  1 drivers
v0000019906abde50_0 .net "sum", 0 0, L_00000199069d8d60;  1 drivers
S_0000019906ac6b30 .scope generate, "fa_gen[12]" "fa_gen[12]" 9 17, 9 17 0, S_0000019906ab38e0;
 .timescale 0 0;
P_00000199069a6f60 .param/l "i" 0 9 17, +C4<01100>;
S_0000019906ac4a60 .scope module, "fa" "full_adder" 9 18, 9 33 0, S_0000019906ac6b30;
 .timescale 0 0;
    .port_info 0 /INPUT 1 "a";
    .port_info 1 /INPUT 1 "b";
    .port_info 2 /INPUT 1 "cin";
    .port_info 3 /OUTPUT 1 "sum";
    .port_info 4 /OUTPUT 1 "cout";
L_00000199069da650 .functor XOR 1, L_0000019906ad9510, L_0000019906ad9790, C4<0>, C4<0>;
L_00000199069da6c0 .functor XOR 1, L_00000199069da650, L_0000019906ad9970, C4<0>, C4<0>;
L_00000199069d8f20 .functor AND 1, L_0000019906ad9510, L_0000019906ad9790, C4<1>, C4<1>;
L_00000199069d9a10 .functor XOR 1, L_0000019906ad9510, L_0000019906ad9790, C4<0>, C4<0>;
L_00000199069d9310 .functor AND 1, L_0000019906ad9970, L_00000199069d9a10, C4<1>, C4<1>;
L_00000199069d90e0 .functor OR 1, L_00000199069d8f20, L_00000199069d9310, C4<0>, C4<0>;
v0000019906abcc30_0 .net *"_ivl_0", 0 0, L_00000199069da650;  1 drivers
v0000019906abe3f0_0 .net *"_ivl_4", 0 0, L_00000199069d8f20;  1 drivers
v0000019906abc0f0_0 .net *"_ivl_6", 0 0, L_00000199069d9a10;  1 drivers
v0000019906abc910_0 .net *"_ivl_8", 0 0, L_00000199069d9310;  1 drivers
v0000019906abd130_0 .net "a", 0 0, L_0000019906ad9510;  1 drivers
v0000019906abc9b0_0 .net "b", 0 0, L_0000019906ad9790;  1 drivers
v0000019906abca50_0 .net "cin", 0 0, L_0000019906ad9970;  1 drivers
v0000019906abdf90_0 .net "cout", 0 0, L_00000199069d90e0;  1 drivers
v0000019906abccd0_0 .net "sum", 0 0, L_00000199069da6c0;  1 drivers
S_0000019906ac7170 .scope generate, "fa_gen[13]" "fa_gen[13]" 9 17, 9 17 0, S_0000019906ab38e0;
 .timescale 0 0;
P_00000199069a63e0 .param/l "i" 0 9 17, +C4<01101>;
S_0000019906ac6e50 .scope module, "fa" "full_adder" 9 18, 9 33 0, S_0000019906ac7170;
 .timescale 0 0;
    .port_info 0 /INPUT 1 "a";
    .port_info 1 /INPUT 1 "b";
    .port_info 2 /INPUT 1 "cin";
    .port_info 3 /OUTPUT 1 "sum";
    .port_info 4 /OUTPUT 1 "cout";
L_00000199069d98c0 .functor XOR 1, L_0000019906adb4f0, L_0000019906adb810, C4<0>, C4<0>;
L_00000199069d93f0 .functor XOR 1, L_00000199069d98c0, L_0000019906ada7d0, C4<0>, C4<0>;
L_00000199069d9150 .functor AND 1, L_0000019906adb4f0, L_0000019906adb810, C4<1>, C4<1>;
L_00000199069d9690 .functor XOR 1, L_0000019906adb4f0, L_0000019906adb810, C4<0>, C4<0>;
L_00000199069d9460 .functor AND 1, L_0000019906ada7d0, L_00000199069d9690, C4<1>, C4<1>;
L_00000199069d9230 .functor OR 1, L_00000199069d9150, L_00000199069d9460, C4<0>, C4<0>;
v0000019906abc550_0 .net *"_ivl_0", 0 0, L_00000199069d98c0;  1 drivers
v0000019906abe850_0 .net *"_ivl_4", 0 0, L_00000199069d9150;  1 drivers
v0000019906abd310_0 .net *"_ivl_6", 0 0, L_00000199069d9690;  1 drivers
v0000019906abe490_0 .net *"_ivl_8", 0 0, L_00000199069d9460;  1 drivers
v0000019906abc230_0 .net "a", 0 0, L_0000019906adb4f0;  1 drivers
v0000019906abd950_0 .net "b", 0 0, L_0000019906adb810;  1 drivers
v0000019906abe530_0 .net "cin", 0 0, L_0000019906ada7d0;  1 drivers
v0000019906abd590_0 .net "cout", 0 0, L_00000199069d9230;  1 drivers
v0000019906abd630_0 .net "sum", 0 0, L_00000199069d93f0;  1 drivers
S_0000019906ac5870 .scope generate, "fa_gen[14]" "fa_gen[14]" 9 17, 9 17 0, S_0000019906ab38e0;
 .timescale 0 0;
P_00000199069a6ca0 .param/l "i" 0 9 17, +C4<01110>;
S_0000019906ac4d80 .scope module, "fa" "full_adder" 9 18, 9 33 0, S_0000019906ac5870;
 .timescale 0 0;
    .port_info 0 /INPUT 1 "a";
    .port_info 1 /INPUT 1 "b";
    .port_info 2 /INPUT 1 "cin";
    .port_info 3 /OUTPUT 1 "sum";
    .port_info 4 /OUTPUT 1 "cout";
L_00000199069d94d0 .functor XOR 1, L_0000019906ad9c90, L_0000019906adb8b0, C4<0>, C4<0>;
L_00000199069d9540 .functor XOR 1, L_00000199069d94d0, L_0000019906adb6d0, C4<0>, C4<0>;
L_00000199069d95b0 .functor AND 1, L_0000019906ad9c90, L_0000019906adb8b0, C4<1>, C4<1>;
L_00000199069d9700 .functor XOR 1, L_0000019906ad9c90, L_0000019906adb8b0, C4<0>, C4<0>;
L_00000199069d9af0 .functor AND 1, L_0000019906adb6d0, L_00000199069d9700, C4<1>, C4<1>;
L_00000199069d9fc0 .functor OR 1, L_00000199069d95b0, L_00000199069d9af0, C4<0>, C4<0>;
v0000019906abe5d0_0 .net *"_ivl_0", 0 0, L_00000199069d94d0;  1 drivers
v0000019906abd810_0 .net *"_ivl_4", 0 0, L_00000199069d95b0;  1 drivers
v0000019906abd6d0_0 .net *"_ivl_6", 0 0, L_00000199069d9700;  1 drivers
v0000019906abd8b0_0 .net *"_ivl_8", 0 0, L_00000199069d9af0;  1 drivers
v0000019906abc2d0_0 .net "a", 0 0, L_0000019906ad9c90;  1 drivers
v0000019906abda90_0 .net "b", 0 0, L_0000019906adb8b0;  1 drivers
v0000019906abdbd0_0 .net "cin", 0 0, L_0000019906adb6d0;  1 drivers
v0000019906abdc70_0 .net "cout", 0 0, L_00000199069d9fc0;  1 drivers
v0000019906abddb0_0 .net "sum", 0 0, L_00000199069d9540;  1 drivers
S_0000019906ac7300 .scope generate, "fa_gen[15]" "fa_gen[15]" 9 17, 9 17 0, S_0000019906ab38e0;
 .timescale 0 0;
P_00000199069a6460 .param/l "i" 0 9 17, +C4<01111>;
S_0000019906ac85c0 .scope module, "fa" "full_adder" 9 18, 9 33 0, S_0000019906ac7300;
 .timescale 0 0;
    .port_info 0 /INPUT 1 "a";
    .port_info 1 /INPUT 1 "b";
    .port_info 2 /INPUT 1 "cin";
    .port_info 3 /OUTPUT 1 "sum";
    .port_info 4 /OUTPUT 1 "cout";
L_00000199069d9b60 .functor XOR 1, L_0000019906ad9150, L_0000019906ada410, C4<0>, C4<0>;
L_00000199069d9e70 .functor XOR 1, L_00000199069d9b60, L_0000019906ad9290, C4<0>, C4<0>;
L_00000199069d9cb0 .functor AND 1, L_0000019906ad9150, L_0000019906ada410, C4<1>, C4<1>;
L_00000199069da030 .functor XOR 1, L_0000019906ad9150, L_0000019906ada410, C4<0>, C4<0>;
L_00000199069da110 .functor AND 1, L_0000019906ad9290, L_00000199069da030, C4<1>, C4<1>;
L_00000199069da0a0 .functor OR 1, L_00000199069d9cb0, L_00000199069da110, C4<0>, C4<0>;
v0000019906abc5f0_0 .net *"_ivl_0", 0 0, L_00000199069d9b60;  1 drivers
v0000019906abdef0_0 .net *"_ivl_4", 0 0, L_00000199069d9cb0;  1 drivers
v0000019906abe0d0_0 .net *"_ivl_6", 0 0, L_00000199069da030;  1 drivers
v0000019906abe170_0 .net *"_ivl_8", 0 0, L_00000199069da110;  1 drivers
v0000019906abe670_0 .net "a", 0 0, L_0000019906ad9150;  1 drivers
v0000019906abf750_0 .net "b", 0 0, L_0000019906ada410;  1 drivers
v0000019906abfa70_0 .net "cin", 0 0, L_0000019906ad9290;  1 drivers
v0000019906ac0dd0_0 .net "cout", 0 0, L_00000199069da0a0;  1 drivers
v0000019906abf070_0 .net "sum", 0 0, L_00000199069d9e70;  1 drivers
S_0000019906ac8430 .scope generate, "fa_gen[16]" "fa_gen[16]" 9 17, 9 17 0, S_0000019906ab38e0;
 .timescale 0 0;
P_00000199069a6060 .param/l "i" 0 9 17, +C4<010000>;
S_0000019906ac7490 .scope module, "fa" "full_adder" 9 18, 9 33 0, S_0000019906ac8430;
 .timescale 0 0;
    .port_info 0 /INPUT 1 "a";
    .port_info 1 /INPUT 1 "b";
    .port_info 2 /INPUT 1 "cin";
    .port_info 3 /OUTPUT 1 "sum";
    .port_info 4 /OUTPUT 1 "cout";
L_00000199069da180 .functor XOR 1, L_0000019906adb130, L_0000019906ad9d30, C4<0>, C4<0>;
L_00000199069da880 .functor XOR 1, L_00000199069da180, L_0000019906ad9dd0, C4<0>, C4<0>;
L_00000199069dc410 .functor AND 1, L_0000019906adb130, L_0000019906ad9d30, C4<1>, C4<1>;
L_00000199069db3e0 .functor XOR 1, L_0000019906adb130, L_0000019906ad9d30, C4<0>, C4<0>;
L_00000199069dace0 .functor AND 1, L_0000019906ad9dd0, L_00000199069db3e0, C4<1>, C4<1>;
L_00000199069dc330 .functor OR 1, L_00000199069dc410, L_00000199069dace0, C4<0>, C4<0>;
v0000019906abe8f0_0 .net *"_ivl_0", 0 0, L_00000199069da180;  1 drivers
v0000019906abefd0_0 .net *"_ivl_4", 0 0, L_00000199069dc410;  1 drivers
v0000019906abef30_0 .net *"_ivl_6", 0 0, L_00000199069db3e0;  1 drivers
v0000019906abf930_0 .net *"_ivl_8", 0 0, L_00000199069dace0;  1 drivers
v0000019906abe990_0 .net "a", 0 0, L_0000019906adb130;  1 drivers
v0000019906abec10_0 .net "b", 0 0, L_0000019906ad9d30;  1 drivers
v0000019906abf390_0 .net "cin", 0 0, L_0000019906ad9dd0;  1 drivers
v0000019906abf610_0 .net "cout", 0 0, L_00000199069dc330;  1 drivers
v0000019906ac0ab0_0 .net "sum", 0 0, L_00000199069da880;  1 drivers
S_0000019906ac7620 .scope generate, "fa_gen[17]" "fa_gen[17]" 9 17, 9 17 0, S_0000019906ab38e0;
 .timescale 0 0;
P_00000199069a62a0 .param/l "i" 0 9 17, +C4<010001>;
S_0000019906ac5a00 .scope module, "fa" "full_adder" 9 18, 9 33 0, S_0000019906ac7620;
 .timescale 0 0;
    .port_info 0 /INPUT 1 "a";
    .port_info 1 /INPUT 1 "b";
    .port_info 2 /INPUT 1 "cin";
    .port_info 3 /OUTPUT 1 "sum";
    .port_info 4 /OUTPUT 1 "cout";
L_00000199069dbbc0 .functor XOR 1, L_0000019906ad9330, L_0000019906ad93d0, C4<0>, C4<0>;
L_00000199069dc3a0 .functor XOR 1, L_00000199069dbbc0, L_0000019906ad9830, C4<0>, C4<0>;
L_00000199069db680 .functor AND 1, L_0000019906ad9330, L_0000019906ad93d0, C4<1>, C4<1>;
L_00000199069dc090 .functor XOR 1, L_0000019906ad9330, L_0000019906ad93d0, C4<0>, C4<0>;
L_00000199069dba70 .functor AND 1, L_0000019906ad9830, L_00000199069dc090, C4<1>, C4<1>;
L_00000199069dab90 .functor OR 1, L_00000199069db680, L_00000199069dba70, C4<0>, C4<0>;
v0000019906abfcf0_0 .net *"_ivl_0", 0 0, L_00000199069dbbc0;  1 drivers
v0000019906abee90_0 .net *"_ivl_4", 0 0, L_00000199069db680;  1 drivers
v0000019906abed50_0 .net *"_ivl_6", 0 0, L_00000199069dc090;  1 drivers
v0000019906abf9d0_0 .net *"_ivl_8", 0 0, L_00000199069dba70;  1 drivers
v0000019906abf2f0_0 .net "a", 0 0, L_0000019906ad9330;  1 drivers
v0000019906abf890_0 .net "b", 0 0, L_0000019906ad93d0;  1 drivers
v0000019906ac0650_0 .net "cin", 0 0, L_0000019906ad9830;  1 drivers
v0000019906abfb10_0 .net "cout", 0 0, L_00000199069dab90;  1 drivers
v0000019906abfe30_0 .net "sum", 0 0, L_00000199069dc3a0;  1 drivers
S_0000019906ac4f10 .scope generate, "fa_gen[18]" "fa_gen[18]" 9 17, 9 17 0, S_0000019906ab38e0;
 .timescale 0 0;
P_00000199069a67a0 .param/l "i" 0 9 17, +C4<010010>;
S_0000019906ac6360 .scope module, "fa" "full_adder" 9 18, 9 33 0, S_0000019906ac4f10;
 .timescale 0 0;
    .port_info 0 /INPUT 1 "a";
    .port_info 1 /INPUT 1 "b";
    .port_info 2 /INPUT 1 "cin";
    .port_info 3 /OUTPUT 1 "sum";
    .port_info 4 /OUTPUT 1 "cout";
L_00000199069dbb50 .functor XOR 1, L_0000019906adac30, L_0000019906ad9a10, C4<0>, C4<0>;
L_00000199069dc020 .functor XOR 1, L_00000199069dbb50, L_0000019906ad9470, C4<0>, C4<0>;
L_00000199069db220 .functor AND 1, L_0000019906adac30, L_0000019906ad9a10, C4<1>, C4<1>;
L_00000199069dac70 .functor XOR 1, L_0000019906adac30, L_0000019906ad9a10, C4<0>, C4<0>;
L_00000199069dadc0 .functor AND 1, L_0000019906ad9470, L_00000199069dac70, C4<1>, C4<1>;
L_00000199069dbc30 .functor OR 1, L_00000199069db220, L_00000199069dadc0, C4<0>, C4<0>;
v0000019906ac0b50_0 .net *"_ivl_0", 0 0, L_00000199069dbb50;  1 drivers
v0000019906abfbb0_0 .net *"_ivl_4", 0 0, L_00000199069db220;  1 drivers
v0000019906ac0a10_0 .net *"_ivl_6", 0 0, L_00000199069dac70;  1 drivers
v0000019906abf110_0 .net *"_ivl_8", 0 0, L_00000199069dadc0;  1 drivers
v0000019906abf6b0_0 .net "a", 0 0, L_0000019906adac30;  1 drivers
v0000019906abfc50_0 .net "b", 0 0, L_0000019906ad9a10;  1 drivers
v0000019906ac08d0_0 .net "cin", 0 0, L_0000019906ad9470;  1 drivers
v0000019906ac0150_0 .net "cout", 0 0, L_00000199069dbc30;  1 drivers
v0000019906ac0790_0 .net "sum", 0 0, L_00000199069dc020;  1 drivers
S_0000019906ac7f80 .scope generate, "fa_gen[19]" "fa_gen[19]" 9 17, 9 17 0, S_0000019906ab38e0;
 .timescale 0 0;
P_00000199069a68a0 .param/l "i" 0 9 17, +C4<010011>;
S_0000019906ac4bf0 .scope module, "fa" "full_adder" 9 18, 9 33 0, S_0000019906ac7f80;
 .timescale 0 0;
    .port_info 0 /INPUT 1 "a";
    .port_info 1 /INPUT 1 "b";
    .port_info 2 /INPUT 1 "cin";
    .port_info 3 /OUTPUT 1 "sum";
    .port_info 4 /OUTPUT 1 "cout";
L_00000199069db300 .functor XOR 1, L_0000019906ada190, L_0000019906ad96f0, C4<0>, C4<0>;
L_00000199069dad50 .functor XOR 1, L_00000199069db300, L_0000019906ad98d0, C4<0>, C4<0>;
L_00000199069dab20 .functor AND 1, L_0000019906ada190, L_0000019906ad96f0, C4<1>, C4<1>;
L_00000199069db4c0 .functor XOR 1, L_0000019906ada190, L_0000019906ad96f0, C4<0>, C4<0>;
L_00000199069dbca0 .functor AND 1, L_0000019906ad98d0, L_00000199069db4c0, C4<1>, C4<1>;
L_00000199069da8f0 .functor OR 1, L_00000199069dab20, L_00000199069dbca0, C4<0>, C4<0>;
v0000019906abf570_0 .net *"_ivl_0", 0 0, L_00000199069db300;  1 drivers
v0000019906abf7f0_0 .net *"_ivl_4", 0 0, L_00000199069dab20;  1 drivers
v0000019906abfd90_0 .net *"_ivl_6", 0 0, L_00000199069db4c0;  1 drivers
v0000019906ac0290_0 .net *"_ivl_8", 0 0, L_00000199069dbca0;  1 drivers
v0000019906ac0bf0_0 .net "a", 0 0, L_0000019906ada190;  1 drivers
v0000019906ac0c90_0 .net "b", 0 0, L_0000019906ad96f0;  1 drivers
v0000019906abf250_0 .net "cin", 0 0, L_0000019906ad98d0;  1 drivers
v0000019906abfed0_0 .net "cout", 0 0, L_00000199069da8f0;  1 drivers
v0000019906abf430_0 .net "sum", 0 0, L_00000199069dad50;  1 drivers
S_0000019906ac50a0 .scope generate, "fa_gen[20]" "fa_gen[20]" 9 17, 9 17 0, S_0000019906ab38e0;
 .timescale 0 0;
P_00000199069a6aa0 .param/l "i" 0 9 17, +C4<010100>;
S_0000019906ac77b0 .scope module, "fa" "full_adder" 9 18, 9 33 0, S_0000019906ac50a0;
 .timescale 0 0;
    .port_info 0 /INPUT 1 "a";
    .port_info 1 /INPUT 1 "b";
    .port_info 2 /INPUT 1 "cin";
    .port_info 3 /OUTPUT 1 "sum";
    .port_info 4 /OUTPUT 1 "cout";
L_00000199069dbae0 .functor XOR 1, L_0000019906ad9b50, L_0000019906ad9ab0, C4<0>, C4<0>;
L_00000199069db0d0 .functor XOR 1, L_00000199069dbae0, L_0000019906adacd0, C4<0>, C4<0>;
L_00000199069da960 .functor AND 1, L_0000019906ad9b50, L_0000019906ad9ab0, C4<1>, C4<1>;
L_00000199069dbd10 .functor XOR 1, L_0000019906ad9b50, L_0000019906ad9ab0, C4<0>, C4<0>;
L_00000199069dba00 .functor AND 1, L_0000019906adacd0, L_00000199069dbd10, C4<1>, C4<1>;
L_00000199069dbd80 .functor OR 1, L_00000199069da960, L_00000199069dba00, C4<0>, C4<0>;
v0000019906abff70_0 .net *"_ivl_0", 0 0, L_00000199069dbae0;  1 drivers
v0000019906ac0830_0 .net *"_ivl_4", 0 0, L_00000199069da960;  1 drivers
v0000019906ac0010_0 .net *"_ivl_6", 0 0, L_00000199069dbd10;  1 drivers
v0000019906abf1b0_0 .net *"_ivl_8", 0 0, L_00000199069dba00;  1 drivers
v0000019906abf4d0_0 .net "a", 0 0, L_0000019906ad9b50;  1 drivers
v0000019906ac00b0_0 .net "b", 0 0, L_0000019906ad9ab0;  1 drivers
v0000019906ac01f0_0 .net "cin", 0 0, L_0000019906adacd0;  1 drivers
v0000019906ac0d30_0 .net "cout", 0 0, L_00000199069dbd80;  1 drivers
v0000019906ac0330_0 .net "sum", 0 0, L_00000199069db0d0;  1 drivers
S_0000019906ac5230 .scope generate, "fa_gen[21]" "fa_gen[21]" 9 17, 9 17 0, S_0000019906ab38e0;
 .timescale 0 0;
P_00000199069a6ce0 .param/l "i" 0 9 17, +C4<010101>;
S_0000019906ac48d0 .scope module, "fa" "full_adder" 9 18, 9 33 0, S_0000019906ac5230;
 .timescale 0 0;
    .port_info 0 /INPUT 1 "a";
    .port_info 1 /INPUT 1 "b";
    .port_info 2 /INPUT 1 "cin";
    .port_info 3 /OUTPUT 1 "sum";
    .port_info 4 /OUTPUT 1 "cout";
L_00000199069dbdf0 .functor XOR 1, L_0000019906ada050, L_0000019906adad70, C4<0>, C4<0>;
L_00000199069db920 .functor XOR 1, L_00000199069dbdf0, L_0000019906ada0f0, C4<0>, C4<0>;
L_00000199069db530 .functor AND 1, L_0000019906ada050, L_0000019906adad70, C4<1>, C4<1>;
L_00000199069da9d0 .functor XOR 1, L_0000019906ada050, L_0000019906adad70, C4<0>, C4<0>;
L_00000199069dae30 .functor AND 1, L_0000019906ada0f0, L_00000199069da9d0, C4<1>, C4<1>;
L_00000199069daea0 .functor OR 1, L_00000199069db530, L_00000199069dae30, C4<0>, C4<0>;
v0000019906abea30_0 .net *"_ivl_0", 0 0, L_00000199069dbdf0;  1 drivers
v0000019906abead0_0 .net *"_ivl_4", 0 0, L_00000199069db530;  1 drivers
v0000019906ac0f10_0 .net *"_ivl_6", 0 0, L_00000199069da9d0;  1 drivers
v0000019906ac1050_0 .net *"_ivl_8", 0 0, L_00000199069dae30;  1 drivers
v0000019906ac0e70_0 .net "a", 0 0, L_0000019906ada050;  1 drivers
v0000019906ac03d0_0 .net "b", 0 0, L_0000019906adad70;  1 drivers
v0000019906ac0970_0 .net "cin", 0 0, L_0000019906ada0f0;  1 drivers
v0000019906ac0470_0 .net "cout", 0 0, L_00000199069daea0;  1 drivers
v0000019906ac0510_0 .net "sum", 0 0, L_00000199069db920;  1 drivers
S_0000019906ac8110 .scope generate, "fa_gen[22]" "fa_gen[22]" 9 17, 9 17 0, S_0000019906ab38e0;
 .timescale 0 0;
P_00000199069a6d20 .param/l "i" 0 9 17, +C4<010110>;
S_0000019906ac53c0 .scope module, "fa" "full_adder" 9 18, 9 33 0, S_0000019906ac8110;
 .timescale 0 0;
    .port_info 0 /INPUT 1 "a";
    .port_info 1 /INPUT 1 "b";
    .port_info 2 /INPUT 1 "cin";
    .port_info 3 /OUTPUT 1 "sum";
    .port_info 4 /OUTPUT 1 "cout";
L_00000199069db290 .functor XOR 1, L_0000019906ada9b0, L_0000019906adb270, C4<0>, C4<0>;
L_00000199069daf10 .functor XOR 1, L_00000199069db290, L_0000019906ada370, C4<0>, C4<0>;
L_00000199069dc2c0 .functor AND 1, L_0000019906ada9b0, L_0000019906adb270, C4<1>, C4<1>;
L_00000199069db450 .functor XOR 1, L_0000019906ada9b0, L_0000019906adb270, C4<0>, C4<0>;
L_00000199069dac00 .functor AND 1, L_0000019906ada370, L_00000199069db450, C4<1>, C4<1>;
L_00000199069dc100 .functor OR 1, L_00000199069dc2c0, L_00000199069dac00, C4<0>, C4<0>;
v0000019906ac05b0_0 .net *"_ivl_0", 0 0, L_00000199069db290;  1 drivers
v0000019906ac06f0_0 .net *"_ivl_4", 0 0, L_00000199069dc2c0;  1 drivers
v0000019906ac0fb0_0 .net *"_ivl_6", 0 0, L_00000199069db450;  1 drivers
v0000019906abeb70_0 .net *"_ivl_8", 0 0, L_00000199069dac00;  1 drivers
v0000019906abecb0_0 .net "a", 0 0, L_0000019906ada9b0;  1 drivers
v0000019906abedf0_0 .net "b", 0 0, L_0000019906adb270;  1 drivers
v0000019906ac2310_0 .net "cin", 0 0, L_0000019906ada370;  1 drivers
v0000019906ac1b90_0 .net "cout", 0 0, L_00000199069dc100;  1 drivers
v0000019906ac3170_0 .net "sum", 0 0, L_00000199069daf10;  1 drivers
S_0000019906ac5550 .scope generate, "fa_gen[23]" "fa_gen[23]" 9 17, 9 17 0, S_0000019906ab38e0;
 .timescale 0 0;
P_00000199069a6d60 .param/l "i" 0 9 17, +C4<010111>;
S_0000019906ac7ad0 .scope module, "fa" "full_adder" 9 18, 9 33 0, S_0000019906ac5550;
 .timescale 0 0;
    .port_info 0 /INPUT 1 "a";
    .port_info 1 /INPUT 1 "b";
    .port_info 2 /INPUT 1 "cin";
    .port_info 3 /OUTPUT 1 "sum";
    .port_info 4 /OUTPUT 1 "cout";
L_00000199069dbe60 .functor XOR 1, L_0000019906ada230, L_0000019906ada4b0, C4<0>, C4<0>;
L_00000199069db370 .functor XOR 1, L_00000199069dbe60, L_0000019906ada550, C4<0>, C4<0>;
L_00000199069dbed0 .functor AND 1, L_0000019906ada230, L_0000019906ada4b0, C4<1>, C4<1>;
L_00000199069daa40 .functor XOR 1, L_0000019906ada230, L_0000019906ada4b0, C4<0>, C4<0>;
L_00000199069dc170 .functor AND 1, L_0000019906ada550, L_00000199069daa40, C4<1>, C4<1>;
L_00000199069dbf40 .functor OR 1, L_00000199069dbed0, L_00000199069dc170, C4<0>, C4<0>;
v0000019906ac2c70_0 .net *"_ivl_0", 0 0, L_00000199069dbe60;  1 drivers
v0000019906ac2810_0 .net *"_ivl_4", 0 0, L_00000199069dbed0;  1 drivers
v0000019906ac2b30_0 .net *"_ivl_6", 0 0, L_00000199069daa40;  1 drivers
v0000019906ac35d0_0 .net *"_ivl_8", 0 0, L_00000199069dc170;  1 drivers
v0000019906ac1af0_0 .net "a", 0 0, L_0000019906ada230;  1 drivers
v0000019906ac1730_0 .net "b", 0 0, L_0000019906ada4b0;  1 drivers
v0000019906ac1c30_0 .net "cin", 0 0, L_0000019906ada550;  1 drivers
v0000019906ac1690_0 .net "cout", 0 0, L_00000199069dbf40;  1 drivers
v0000019906ac2e50_0 .net "sum", 0 0, L_00000199069db370;  1 drivers
S_0000019906ac5d20 .scope generate, "fa_gen[24]" "fa_gen[24]" 9 17, 9 17 0, S_0000019906ab38e0;
 .timescale 0 0;
P_00000199069a64a0 .param/l "i" 0 9 17, +C4<011000>;
S_0000019906ac6680 .scope module, "fa" "full_adder" 9 18, 9 33 0, S_0000019906ac5d20;
 .timescale 0 0;
    .port_info 0 /INPUT 1 "a";
    .port_info 1 /INPUT 1 "b";
    .port_info 2 /INPUT 1 "cin";
    .port_info 3 /OUTPUT 1 "sum";
    .port_info 4 /OUTPUT 1 "cout";
L_00000199069daab0 .functor XOR 1, L_0000019906ada5f0, L_0000019906ada870, C4<0>, C4<0>;
L_00000199069daf80 .functor XOR 1, L_00000199069daab0, L_0000019906ada910, C4<0>, C4<0>;
L_00000199069daff0 .functor AND 1, L_0000019906ada5f0, L_0000019906ada870, C4<1>, C4<1>;
L_00000199069db5a0 .functor XOR 1, L_0000019906ada5f0, L_0000019906ada870, C4<0>, C4<0>;
L_00000199069db060 .functor AND 1, L_0000019906ada910, L_00000199069db5a0, C4<1>, C4<1>;
L_00000199069db140 .functor OR 1, L_00000199069daff0, L_00000199069db060, C4<0>, C4<0>;
v0000019906ac2ef0_0 .net *"_ivl_0", 0 0, L_00000199069daab0;  1 drivers
v0000019906ac2630_0 .net *"_ivl_4", 0 0, L_00000199069daff0;  1 drivers
v0000019906ac2bd0_0 .net *"_ivl_6", 0 0, L_00000199069db5a0;  1 drivers
v0000019906ac2270_0 .net *"_ivl_8", 0 0, L_00000199069db060;  1 drivers
v0000019906ac3210_0 .net "a", 0 0, L_0000019906ada5f0;  1 drivers
v0000019906ac10f0_0 .net "b", 0 0, L_0000019906ada870;  1 drivers
v0000019906ac1eb0_0 .net "cin", 0 0, L_0000019906ada910;  1 drivers
v0000019906ac1870_0 .net "cout", 0 0, L_00000199069db140;  1 drivers
v0000019906ac32b0_0 .net "sum", 0 0, L_00000199069daf80;  1 drivers
S_0000019906ac56e0 .scope generate, "fa_gen[25]" "fa_gen[25]" 9 17, 9 17 0, S_0000019906ab38e0;
 .timescale 0 0;
P_00000199069a6b20 .param/l "i" 0 9 17, +C4<011001>;
S_0000019906ac82a0 .scope module, "fa" "full_adder" 9 18, 9 33 0, S_0000019906ac56e0;
 .timescale 0 0;
    .port_info 0 /INPUT 1 "a";
    .port_info 1 /INPUT 1 "b";
    .port_info 2 /INPUT 1 "cin";
    .port_info 3 /OUTPUT 1 "sum";
    .port_info 4 /OUTPUT 1 "cout";
L_00000199069db1b0 .functor XOR 1, L_0000019906adaa50, L_0000019906adaaf0, C4<0>, C4<0>;
L_00000199069db610 .functor XOR 1, L_00000199069db1b0, L_0000019906adae10, C4<0>, C4<0>;
L_00000199069dbfb0 .functor AND 1, L_0000019906adaa50, L_0000019906adaaf0, C4<1>, C4<1>;
L_00000199069db6f0 .functor XOR 1, L_0000019906adaa50, L_0000019906adaaf0, C4<0>, C4<0>;
L_00000199069db760 .functor AND 1, L_0000019906adae10, L_00000199069db6f0, C4<1>, C4<1>;
L_00000199069dc1e0 .functor OR 1, L_00000199069dbfb0, L_00000199069db760, C4<0>, C4<0>;
v0000019906ac2d10_0 .net *"_ivl_0", 0 0, L_00000199069db1b0;  1 drivers
v0000019906ac28b0_0 .net *"_ivl_4", 0 0, L_00000199069dbfb0;  1 drivers
v0000019906ac3350_0 .net *"_ivl_6", 0 0, L_00000199069db6f0;  1 drivers
v0000019906ac21d0_0 .net *"_ivl_8", 0 0, L_00000199069db760;  1 drivers
v0000019906ac1f50_0 .net "a", 0 0, L_0000019906adaa50;  1 drivers
v0000019906ac17d0_0 .net "b", 0 0, L_0000019906adaaf0;  1 drivers
v0000019906ac1910_0 .net "cin", 0 0, L_0000019906adae10;  1 drivers
v0000019906ac33f0_0 .net "cout", 0 0, L_00000199069dc1e0;  1 drivers
v0000019906ac2450_0 .net "sum", 0 0, L_00000199069db610;  1 drivers
S_0000019906ac5eb0 .scope generate, "fa_gen[26]" "fa_gen[26]" 9 17, 9 17 0, S_0000019906ab38e0;
 .timescale 0 0;
P_00000199069a6520 .param/l "i" 0 9 17, +C4<011010>;
S_0000019906ac7df0 .scope module, "fa" "full_adder" 9 18, 9 33 0, S_0000019906ac5eb0;
 .timescale 0 0;
    .port_info 0 /INPUT 1 "a";
    .port_info 1 /INPUT 1 "b";
    .port_info 2 /INPUT 1 "cin";
    .port_info 3 /OUTPUT 1 "sum";
    .port_info 4 /OUTPUT 1 "cout";
L_00000199069db7d0 .functor XOR 1, L_0000019906adaeb0, L_0000019906adaf50, C4<0>, C4<0>;
L_00000199069db840 .functor XOR 1, L_00000199069db7d0, L_0000019906adaff0, C4<0>, C4<0>;
L_00000199069db8b0 .functor AND 1, L_0000019906adaeb0, L_0000019906adaf50, C4<1>, C4<1>;
L_00000199069db990 .functor XOR 1, L_0000019906adaeb0, L_0000019906adaf50, C4<0>, C4<0>;
L_00000199069dc250 .functor AND 1, L_0000019906adaff0, L_00000199069db990, C4<1>, C4<1>;
L_00000199069dcdb0 .functor OR 1, L_00000199069db8b0, L_00000199069dc250, C4<0>, C4<0>;
v0000019906ac2db0_0 .net *"_ivl_0", 0 0, L_00000199069db7d0;  1 drivers
v0000019906ac19b0_0 .net *"_ivl_4", 0 0, L_00000199069db8b0;  1 drivers
v0000019906ac1a50_0 .net *"_ivl_6", 0 0, L_00000199069db990;  1 drivers
v0000019906ac37b0_0 .net *"_ivl_8", 0 0, L_00000199069dc250;  1 drivers
v0000019906ac3030_0 .net "a", 0 0, L_0000019906adaeb0;  1 drivers
v0000019906ac1ff0_0 .net "b", 0 0, L_0000019906adaf50;  1 drivers
v0000019906ac1cd0_0 .net "cin", 0 0, L_0000019906adaff0;  1 drivers
v0000019906ac1d70_0 .net "cout", 0 0, L_00000199069dcdb0;  1 drivers
v0000019906ac1e10_0 .net "sum", 0 0, L_00000199069db840;  1 drivers
S_0000019906ac6810 .scope generate, "fa_gen[27]" "fa_gen[27]" 9 17, 9 17 0, S_0000019906ab38e0;
 .timescale 0 0;
P_00000199069a65e0 .param/l "i" 0 9 17, +C4<011011>;
S_0000019906ac6040 .scope module, "fa" "full_adder" 9 18, 9 33 0, S_0000019906ac6810;
 .timescale 0 0;
    .port_info 0 /INPUT 1 "a";
    .port_info 1 /INPUT 1 "b";
    .port_info 2 /INPUT 1 "cin";
    .port_info 3 /OUTPUT 1 "sum";
    .port_info 4 /OUTPUT 1 "cout";
L_00000199069dd6e0 .functor XOR 1, L_0000019906adb090, L_0000019906adb310, C4<0>, C4<0>;
L_00000199069dc720 .functor XOR 1, L_00000199069dd6e0, L_0000019906add7f0, C4<0>, C4<0>;
L_00000199069dd0c0 .functor AND 1, L_0000019906adb090, L_0000019906adb310, C4<1>, C4<1>;
L_00000199069dc560 .functor XOR 1, L_0000019906adb090, L_0000019906adb310, C4<0>, C4<0>;
L_00000199069ddf30 .functor AND 1, L_0000019906add7f0, L_00000199069dc560, C4<1>, C4<1>;
L_00000199069dcfe0 .functor OR 1, L_00000199069dd0c0, L_00000199069ddf30, C4<0>, C4<0>;
v0000019906ac2090_0 .net *"_ivl_0", 0 0, L_00000199069dd6e0;  1 drivers
v0000019906ac2130_0 .net *"_ivl_4", 0 0, L_00000199069dd0c0;  1 drivers
v0000019906ac3530_0 .net *"_ivl_6", 0 0, L_00000199069dc560;  1 drivers
v0000019906ac23b0_0 .net *"_ivl_8", 0 0, L_00000199069ddf30;  1 drivers
v0000019906ac29f0_0 .net "a", 0 0, L_0000019906adb090;  1 drivers
v0000019906ac2950_0 .net "b", 0 0, L_0000019906adb310;  1 drivers
v0000019906ac24f0_0 .net "cin", 0 0, L_0000019906add7f0;  1 drivers
v0000019906ac2590_0 .net "cout", 0 0, L_00000199069dcfe0;  1 drivers
v0000019906ac26d0_0 .net "sum", 0 0, L_00000199069dc720;  1 drivers
S_0000019906ac61d0 .scope generate, "fa_gen[28]" "fa_gen[28]" 9 17, 9 17 0, S_0000019906ab38e0;
 .timescale 0 0;
P_00000199069a6e60 .param/l "i" 0 9 17, +C4<011100>;
S_0000019906ac69a0 .scope module, "fa" "full_adder" 9 18, 9 33 0, S_0000019906ac61d0;
 .timescale 0 0;
    .port_info 0 /INPUT 1 "a";
    .port_info 1 /INPUT 1 "b";
    .port_info 2 /INPUT 1 "cin";
    .port_info 3 /OUTPUT 1 "sum";
    .port_info 4 /OUTPUT 1 "cout";
L_00000199069dccd0 .functor XOR 1, L_0000019906adbb30, L_0000019906adbbd0, C4<0>, C4<0>;
L_00000199069dc480 .functor XOR 1, L_00000199069dccd0, L_0000019906ade010, C4<0>, C4<0>;
L_00000199069dd910 .functor AND 1, L_0000019906adbb30, L_0000019906adbbd0, C4<1>, C4<1>;
L_00000199069dce20 .functor XOR 1, L_0000019906adbb30, L_0000019906adbbd0, C4<0>, C4<0>;
L_00000199069dd750 .functor AND 1, L_0000019906ade010, L_00000199069dce20, C4<1>, C4<1>;
L_00000199069dcb80 .functor OR 1, L_00000199069dd910, L_00000199069dd750, C4<0>, C4<0>;
v0000019906ac2770_0 .net *"_ivl_0", 0 0, L_00000199069dccd0;  1 drivers
v0000019906ac2a90_0 .net *"_ivl_4", 0 0, L_00000199069dd910;  1 drivers
v0000019906ac2f90_0 .net *"_ivl_6", 0 0, L_00000199069dce20;  1 drivers
v0000019906ac12d0_0 .net *"_ivl_8", 0 0, L_00000199069dd750;  1 drivers
v0000019906ac30d0_0 .net "a", 0 0, L_0000019906adbb30;  1 drivers
v0000019906ac1410_0 .net "b", 0 0, L_0000019906adbbd0;  1 drivers
v0000019906ac3490_0 .net "cin", 0 0, L_0000019906ade010;  1 drivers
v0000019906ac1230_0 .net "cout", 0 0, L_00000199069dcb80;  1 drivers
v0000019906ac3670_0 .net "sum", 0 0, L_00000199069dc480;  1 drivers
S_0000019906acc120 .scope generate, "fa_gen[29]" "fa_gen[29]" 9 17, 9 17 0, S_0000019906ab38e0;
 .timescale 0 0;
P_00000199069a6b60 .param/l "i" 0 9 17, +C4<011101>;
S_0000019906ac9a10 .scope module, "fa" "full_adder" 9 18, 9 33 0, S_0000019906acc120;
 .timescale 0 0;
    .port_info 0 /INPUT 1 "a";
    .port_info 1 /INPUT 1 "b";
    .port_info 2 /INPUT 1 "cin";
    .port_info 3 /OUTPUT 1 "sum";
    .port_info 4 /OUTPUT 1 "cout";
L_00000199069dd520 .functor XOR 1, L_0000019906add070, L_0000019906add430, C4<0>, C4<0>;
L_00000199069dd130 .functor XOR 1, L_00000199069dd520, L_0000019906adc5d0, C4<0>, C4<0>;
L_00000199069dc4f0 .functor AND 1, L_0000019906add070, L_0000019906add430, C4<1>, C4<1>;
L_00000199069ddbb0 .functor XOR 1, L_0000019906add070, L_0000019906add430, C4<0>, C4<0>;
L_00000199069dc950 .functor AND 1, L_0000019906adc5d0, L_00000199069ddbb0, C4<1>, C4<1>;
L_00000199069dcbf0 .functor OR 1, L_00000199069dc4f0, L_00000199069dc950, C4<0>, C4<0>;
v0000019906ac3710_0 .net *"_ivl_0", 0 0, L_00000199069dd520;  1 drivers
v0000019906ac3850_0 .net *"_ivl_4", 0 0, L_00000199069dc4f0;  1 drivers
v0000019906ac1190_0 .net *"_ivl_6", 0 0, L_00000199069ddbb0;  1 drivers
v0000019906ac1370_0 .net *"_ivl_8", 0 0, L_00000199069dc950;  1 drivers
v0000019906ac14b0_0 .net "a", 0 0, L_0000019906add070;  1 drivers
v0000019906ac1550_0 .net "b", 0 0, L_0000019906add430;  1 drivers
v0000019906ac15f0_0 .net "cin", 0 0, L_0000019906adc5d0;  1 drivers
v0000019906ac4070_0 .net "cout", 0 0, L_00000199069dcbf0;  1 drivers
v0000019906ac4110_0 .net "sum", 0 0, L_00000199069dd130;  1 drivers
S_0000019906acb950 .scope generate, "fa_gen[30]" "fa_gen[30]" 9 17, 9 17 0, S_0000019906ab38e0;
 .timescale 0 0;
P_00000199069a6da0 .param/l "i" 0 9 17, +C4<011110>;
S_0000019906ac9d30 .scope module, "fa" "full_adder" 9 18, 9 33 0, S_0000019906acb950;
 .timescale 0 0;
    .port_info 0 /INPUT 1 "a";
    .port_info 1 /INPUT 1 "b";
    .port_info 2 /INPUT 1 "cin";
    .port_info 3 /OUTPUT 1 "sum";
    .port_info 4 /OUTPUT 1 "cout";
L_00000199069dcaa0 .functor XOR 1, L_0000019906adc0d0, L_0000019906adc670, C4<0>, C4<0>;
L_00000199069ddec0 .functor XOR 1, L_00000199069dcaa0, L_0000019906ade0b0, C4<0>, C4<0>;
L_00000199069dd050 .functor AND 1, L_0000019906adc0d0, L_0000019906adc670, C4<1>, C4<1>;
L_00000199069dc8e0 .functor XOR 1, L_0000019906adc0d0, L_0000019906adc670, C4<0>, C4<0>;
L_00000199069ddc20 .functor AND 1, L_0000019906ade0b0, L_00000199069dc8e0, C4<1>, C4<1>;
L_00000199069dd590 .functor OR 1, L_00000199069dd050, L_00000199069ddc20, C4<0>, C4<0>;
v0000019906ac4250_0 .net *"_ivl_0", 0 0, L_00000199069dcaa0;  1 drivers
v0000019906ac46b0_0 .net *"_ivl_4", 0 0, L_00000199069dd050;  1 drivers
v0000019906ac4750_0 .net *"_ivl_6", 0 0, L_00000199069dc8e0;  1 drivers
v0000019906ac3990_0 .net *"_ivl_8", 0 0, L_00000199069ddc20;  1 drivers
v0000019906ac38f0_0 .net "a", 0 0, L_0000019906adc0d0;  1 drivers
v0000019906ac41b0_0 .net "b", 0 0, L_0000019906adc670;  1 drivers
v0000019906ac44d0_0 .net "cin", 0 0, L_0000019906ade0b0;  1 drivers
v0000019906ac3fd0_0 .net "cout", 0 0, L_00000199069dd590;  1 drivers
v0000019906ac42f0_0 .net "sum", 0 0, L_00000199069ddec0;  1 drivers
S_0000019906aca500 .scope generate, "fa_gen[31]" "fa_gen[31]" 9 17, 9 17 0, S_0000019906ab38e0;
 .timescale 0 0;
P_00000199069a6360 .param/l "i" 0 9 17, +C4<011111>;
S_0000019906ac9ec0 .scope module, "fa" "full_adder" 9 18, 9 33 0, S_0000019906aca500;
 .timescale 0 0;
    .port_info 0 /INPUT 1 "a";
    .port_info 1 /INPUT 1 "b";
    .port_info 2 /INPUT 1 "cin";
    .port_info 3 /OUTPUT 1 "sum";
    .port_info 4 /OUTPUT 1 "cout";
L_00000199069dce90 .functor XOR 1, L_0000019906add890, L_0000019906adba90, C4<0>, C4<0>;
L_00000199069dd8a0 .functor XOR 1, L_00000199069dce90, L_0000019906adda70, C4<0>, C4<0>;
L_00000199069dc5d0 .functor AND 1, L_0000019906add890, L_0000019906adba90, C4<1>, C4<1>;
L_00000199069ddfa0 .functor XOR 1, L_0000019906add890, L_0000019906adba90, C4<0>, C4<0>;
L_00000199069dd980 .functor AND 1, L_0000019906adda70, L_00000199069ddfa0, C4<1>, C4<1>;
L_00000199069dcd40 .functor OR 1, L_00000199069dc5d0, L_00000199069dd980, C4<0>, C4<0>;
v0000019906ac4390_0 .net *"_ivl_0", 0 0, L_00000199069dce90;  1 drivers
v0000019906ac3a30_0 .net *"_ivl_4", 0 0, L_00000199069dc5d0;  1 drivers
v0000019906ac4430_0 .net *"_ivl_6", 0 0, L_00000199069ddfa0;  1 drivers
v0000019906ac4570_0 .net *"_ivl_8", 0 0, L_00000199069dd980;  1 drivers
v0000019906ac4610_0 .net "a", 0 0, L_0000019906add890;  1 drivers
v0000019906ac3b70_0 .net "b", 0 0, L_0000019906adba90;  1 drivers
v0000019906ac3e90_0 .net "cin", 0 0, L_0000019906adda70;  1 drivers
v0000019906ac3ad0_0 .net "cout", 0 0, L_00000199069dcd40;  1 drivers
v0000019906ac3c10_0 .net "sum", 0 0, L_00000199069dd8a0;  1 drivers
S_0000019906aca050 .scope module, "Y" "reg32" 15 41, 16 2 0, S_0000019906ab3750;
 .timescale 0 0;
    .port_info 0 /INPUT 1 "clk";
    .port_info 1 /INPUT 1 "reset";
    .port_info 2 /INPUT 1 "en";
    .port_info 3 /INPUT 32 "d_in";
    .port_info 4 /OUTPUT 32 "d_out";
v0000019906ab4ad0_0 .net "clk", 0 0, v0000019906ad7e90_0;  alias, 1 drivers
v0000019906ab4fd0_0 .net "d_in", 31 0, v0000019906aa0840_0;  alias, 1 drivers
v0000019906ab4c10_0 .var "d_out", 31 0;
v0000019906ab5390_0 .net "en", 0 0, v00000199069bded0_0;  alias, 1 drivers
v0000019906ab59d0_0 .net "reset", 0 0, v0000019906ad6ef0_0;  alias, 1 drivers
S_0000019906aca1e0 .scope module, "ZHIGH" "reg32" 15 49, 16 2 0, S_0000019906ab3750;
 .timescale 0 0;
    .port_info 0 /INPUT 1 "clk";
    .port_info 1 /INPUT 1 "reset";
    .port_info 2 /INPUT 1 "en";
    .port_info 3 /INPUT 32 "d_in";
    .port_info 4 /OUTPUT 32 "d_out";
v0000019906ab6b50_0 .net "clk", 0 0, v0000019906ad7e90_0;  alias, 1 drivers
v0000019906ab5d90_0 .net "d_in", 31 0, v0000019906aa0840_0;  alias, 1 drivers
v0000019906ab5430_0 .var "d_out", 31 0;
v0000019906ab5750_0 .net "en", 0 0, L_0000019906af5a88;  alias, 1 drivers
v0000019906ab4f30_0 .net "reset", 0 0, v0000019906ad6ef0_0;  alias, 1 drivers
S_0000019906acb630 .scope module, "ZLOW" "reg32" 15 57, 16 2 0, S_0000019906ab3750;
 .timescale 0 0;
    .port_info 0 /INPUT 1 "clk";
    .port_info 1 /INPUT 1 "reset";
    .port_info 2 /INPUT 1 "en";
    .port_info 3 /INPUT 32 "d_in";
    .port_info 4 /OUTPUT 32 "d_out";
v0000019906ab61f0_0 .net "clk", 0 0, v0000019906ad7e90_0;  alias, 1 drivers
v0000019906ab5610_0 .net "d_in", 31 0, v0000019906aa0840_0;  alias, 1 drivers
v0000019906ab4d50_0 .var "d_out", 31 0;
v0000019906ab5a70_0 .net "en", 0 0, L_0000019906af5ad0;  alias, 1 drivers
v0000019906ab6970_0 .net "reset", 0 0, v0000019906ad6ef0_0;  alias, 1 drivers
S_0000019906acae60 .scope module, "mdr_inst" "mdr" 5 142, 18 2 0, S_0000019906a071a0;
 .timescale 0 0;
    .port_info 0 /INPUT 1 "clk";
    .port_info 1 /INPUT 1 "reset";
    .port_info 2 /INPUT 1 "MDRin";
    .port_info 3 /INPUT 1 "Read";
    .port_info 4 /INPUT 32 "BusMuxOut";
    .port_info 5 /INPUT 32 "Mdatain";
    .port_info 6 /OUTPUT 32 "MDR_val";
v0000019906ab5ed0_0 .net "BusMuxOut", 31 0, v0000019906aa0840_0;  alias, 1 drivers
v0000019906ab66f0_0 .var "MDR_val", 31 0;
v0000019906ab5570_0 .net "MDRin", 0 0, v00000199069bdc50_0;  alias, 1 drivers
v0000019906ab5e30_0 .net "Mdatain", 31 0, L_0000019906adbf90;  alias, 1 drivers
v0000019906ab5f70_0 .net "Read", 0 0, v00000199069bd070_0;  alias, 1 drivers
v0000019906ab6e70_0 .net "clk", 0 0, v0000019906ad7e90_0;  alias, 1 drivers
v0000019906ab6010_0 .net "reset", 0 0, v0000019906ad6ef0_0;  alias, 1 drivers
S_0000019906ac9240 .scope module, "mux_encoder_inst" "mux_encoder" 5 188, 13 66 0, S_0000019906a071a0;
 .timescale 0 0;
    .port_info 0 /INPUT 16 "Rout_decoded";
    .port_info 1 /INPUT 5 "other_sel";
    .port_info 2 /OUTPUT 5 "mux_sel";
v0000019906ab6510_0 .net "Rout_decoded", 15 0, L_00000199069dd9f0;  alias, 1 drivers
v0000019906ab7050_0 .var "mux_sel", 4 0;
v0000019906ab4b70_0 .net "other_sel", 4 0, v00000199069bd1b0_0;  alias, 1 drivers
E_00000199069a6ba0 .event anyedge, v0000019906ab6510_0, v00000199069bd1b0_0;
S_0000019906acaff0 .scope module, "outport_inst" "outport" 5 211, 14 1 0, S_0000019906a071a0;
 .timescale 0 0;
    .port_info 0 /INPUT 1 "clk";
    .port_info 1 /INPUT 1 "reset";
    .port_info 2 /INPUT 1 "outport_in";
    .port_info 3 /INPUT 32 "BusMuxOut";
    .port_info 4 /OUTPUT 32 "outport_val";
v0000019906ab65b0_0 .net "BusMuxOut", 31 0, v0000019906aa0840_0;  alias, 1 drivers
v0000019906ab4df0_0 .net "clk", 0 0, v0000019906ad7e90_0;  alias, 1 drivers
v0000019906ab4e90_0 .net "outport_in", 0 0, v00000199069bdb10_0;  alias, 1 drivers
v0000019906ab6650_0 .var "outport_val", 31 0;
v0000019906ab68d0_0 .net "reset", 0 0, v0000019906ad6ef0_0;  alias, 1 drivers
S_0000019906acbae0 .scope module, "ram_inst" "ram" 5 156, 19 5 0, S_0000019906a071a0;
 .timescale 0 0;
    .port_info 0 /INPUT 1 "clk";
    .port_info 1 /INPUT 1 "ram_read";
    .port_info 2 /INPUT 1 "ram_en";
    .port_info 3 /INPUT 9 "ram_addr";
    .port_info 4 /INPUT 32 "ram_in";
    .port_info 5 /OUTPUT 32 "ram_val";
P_00000199069a6fa0 .param/str "INIT_FILE" 0 19 14, "simulation/P4/memory_p4.hex";
L_00000199069dcf00 .functor AND 1, v00000199069bd750_0, v00000199069bd070_0, C4<1>, C4<1>;
v0000019906accf90_0 .net *"_ivl_1", 0 0, L_00000199069dcf00;  1 drivers
v0000019906aced90_0 .net *"_ivl_2", 31 0, L_0000019906addd90;  1 drivers
v0000019906acee30_0 .net *"_ivl_4", 10 0, L_0000019906adcdf0;  1 drivers
L_0000019906af5b18 .functor BUFT 1, C4<00>, C4<0>, C4<0>, C4<0>;
v0000019906acddf0_0 .net *"_ivl_7", 1 0, L_0000019906af5b18;  1 drivers
L_0000019906af5b60 .functor BUFT 1, C4<00000000000000000000000000000000>, C4<0>, C4<0>, C4<0>;
v0000019906acd490_0 .net/2u *"_ivl_8", 31 0, L_0000019906af5b60;  1 drivers
v0000019906acd7b0_0 .net "clk", 0 0, v0000019906ad7e90_0;  alias, 1 drivers
v0000019906acdad0 .array "mem", 511 0, 31 0;
v0000019906accef0_0 .net "ram_addr", 8 0, L_0000019906adbef0;  1 drivers
v0000019906acd530_0 .net "ram_en", 0 0, v00000199069bd750_0;  alias, 1 drivers
v0000019906acd210_0 .net "ram_in", 31 0, v0000019906aa0840_0;  alias, 1 drivers
v0000019906acdd50_0 .net "ram_read", 0 0, v00000199069bd070_0;  alias, 1 drivers
v0000019906ace7f0_0 .net "ram_val", 31 0, L_0000019906adbf90;  alias, 1 drivers
L_0000019906addd90 .array/port v0000019906acdad0, L_0000019906adcdf0;
L_0000019906adcdf0 .concat [ 9 2 0 0], L_0000019906adbef0, L_0000019906af5b18;
L_0000019906adbf90 .functor MUXZ 32, L_0000019906af5b60, L_0000019906addd90, L_00000199069dcf00, C4<>;
S_0000019906aca370 .scope module, "rf" "regfile16" 5 107, 16 40 0, S_0000019906a071a0;
 .timescale 0 0;
    .port_info 0 /INPUT 1 "clk";
    .port_info 1 /INPUT 1 "reset";
    .port_info 2 /INPUT 1 "r0_zeroes";
    .port_info 3 /INPUT 16 "rin";
    .port_info 4 /INPUT 32 "bus";
    .port_info 5 /OUTPUT 32 "r0_out";
    .port_info 6 /OUTPUT 32 "r1_out";
    .port_info 7 /OUTPUT 32 "r2_out";
    .port_info 8 /OUTPUT 32 "r3_out";
    .port_info 9 /OUTPUT 32 "r4_out";
    .port_info 10 /OUTPUT 32 "r5_out";
    .port_info 11 /OUTPUT 32 "r6_out";
    .port_info 12 /OUTPUT 32 "r7_out";
    .port_info 13 /OUTPUT 32 "r8_out";
    .port_info 14 /OUTPUT 32 "r9_out";
    .port_info 15 /OUTPUT 32 "r10_out";
    .port_info 16 /OUTPUT 32 "r11_out";
    .port_info 17 /OUTPUT 32 "r12_out";
    .port_info 18 /OUTPUT 32 "r13_out";
    .port_info 19 /OUTPUT 32 "r14_out";
    .port_info 20 /OUTPUT 32 "r15_out";
v0000019906acf290_0 .net "bus", 31 0, v0000019906aa0840_0;  alias, 1 drivers
v0000019906acf6f0_0 .net "clk", 0 0, v0000019906ad7e90_0;  alias, 1 drivers
v0000019906ad0eb0_0 .net "r0_out", 31 0, L_0000019906ad8110;  alias, 1 drivers
v0000019906ad0a50_0 .net "r0_zeroes", 0 0, L_00000199069dd4b0;  alias, 1 drivers
v0000019906acff10_0 .net "r10_out", 31 0, v0000019906accb30_0;  alias, 1 drivers
v0000019906ad0c30_0 .net "r11_out", 31 0, v0000019906acea70_0;  alias, 1 drivers
v0000019906ad0190_0 .net "r12_out", 31 0, v0000019906aceed0_0;  alias, 1 drivers
v0000019906acfbf0_0 .net "r13_out", 31 0, v0000019906ace750_0;  alias, 1 drivers
v0000019906acf970_0 .net "r14_out", 31 0, v0000019906ace4d0_0;  alias, 1 drivers
v0000019906ad04b0_0 .net "r15_out", 31 0, v0000019906ace070_0;  alias, 1 drivers
v0000019906acf330_0 .net "r1_out", 31 0, v0000019906acd3f0_0;  alias, 1 drivers
v0000019906ad0cd0_0 .net "r2_out", 31 0, v0000019906ace430_0;  alias, 1 drivers
v0000019906ad0370_0 .net "r3_out", 31 0, v0000019906accc70_0;  alias, 1 drivers
v0000019906ad1310_0 .net "r4_out", 31 0, v0000019906ad11d0_0;  alias, 1 drivers
v0000019906ad0d70_0 .net "r5_out", 31 0, v0000019906ad0910_0;  alias, 1 drivers
v0000019906ad0050_0 .net "r6_out", 31 0, v0000019906acfb50_0;  alias, 1 drivers
v0000019906ad07d0_0 .net "r7_out", 31 0, v0000019906acf650_0;  alias, 1 drivers
v0000019906ad1590_0 .net "r8_out", 31 0, v0000019906ad1130_0;  alias, 1 drivers
v0000019906acfa10_0 .net "r9_out", 31 0, v0000019906ad13b0_0;  alias, 1 drivers
v0000019906ad16d0_0 .net "reset", 0 0, v0000019906ad6ef0_0;  alias, 1 drivers
v0000019906acfc90_0 .net "rin", 15 0, L_00000199069d7b70;  1 drivers
L_0000019906ad73f0 .part L_00000199069d7b70, 0, 1;
L_0000019906ad8430 .part L_00000199069d7b70, 1, 1;
L_0000019906ad7df0 .part L_00000199069d7b70, 2, 1;
L_0000019906ad8a70 .part L_00000199069d7b70, 3, 1;
L_0000019906ad7170 .part L_00000199069d7b70, 4, 1;
L_0000019906ad7fd0 .part L_00000199069d7b70, 5, 1;
L_0000019906ad7490 .part L_00000199069d7b70, 6, 1;
L_0000019906ad8390 .part L_00000199069d7b70, 7, 1;
L_0000019906ad7710 .part L_00000199069d7b70, 8, 1;
L_0000019906ad84d0 .part L_00000199069d7b70, 9, 1;
L_0000019906ad82f0 .part L_00000199069d7b70, 10, 1;
L_0000019906ad81b0 .part L_00000199069d7b70, 11, 1;
L_0000019906ad89d0 .part L_00000199069d7b70, 12, 1;
L_0000019906ad6bd0 .part L_00000199069d7b70, 13, 1;
L_0000019906ad9010 .part L_00000199069d7b70, 14, 1;
L_0000019906ad8250 .part L_00000199069d7b70, 15, 1;
S_0000019906ac9880 .scope module, "r0" "reg32_r0" 16 65, 16 19 0, S_0000019906aca370;
 .timescale 0 0;
    .port_info 0 /INPUT 1 "clk";
    .port_info 1 /INPUT 1 "reset";
    .port_info 2 /INPUT 1 "en";
    .port_info 3 /INPUT 1 "r0_zeroes";
    .port_info 4 /INPUT 32 "d_in";
    .port_info 5 /OUTPUT 32 "d_out";
L_0000019906af5920 .functor BUFT 1, C4<00000000000000000000000000000000>, C4<0>, C4<0>, C4<0>;
v0000019906ace6b0_0 .net/2u *"_ivl_0", 31 0, L_0000019906af5920;  1 drivers
v0000019906acde90_0 .net "clk", 0 0, v0000019906ad7e90_0;  alias, 1 drivers
v0000019906ace110_0 .var "d", 31 0;
v0000019906acecf0_0 .net "d_in", 31 0, v0000019906aa0840_0;  alias, 1 drivers
v0000019906acdb70_0 .net "d_out", 31 0, L_0000019906ad8110;  alias, 1 drivers
v0000019906acd5d0_0 .net "en", 0 0, L_0000019906ad73f0;  1 drivers
v0000019906acc950_0 .net "r0_zeroes", 0 0, L_00000199069dd4b0;  alias, 1 drivers
v0000019906acd710_0 .net "reset", 0 0, v0000019906ad6ef0_0;  alias, 1 drivers
L_0000019906ad8110 .functor MUXZ 32, v0000019906ace110_0, L_0000019906af5920, L_00000199069dd4b0, C4<>;
S_0000019906ac93d0 .scope module, "r1" "reg32" 16 73, 16 2 0, S_0000019906aca370;
 .timescale 0 0;
    .port_info 0 /INPUT 1 "clk";
    .port_info 1 /INPUT 1 "reset";
    .port_info 2 /INPUT 1 "en";
    .port_info 3 /INPUT 32 "d_in";
    .port_info 4 /OUTPUT 32 "d_out";
v0000019906aceb10_0 .net "clk", 0 0, v0000019906ad7e90_0;  alias, 1 drivers
v0000019906acdcb0_0 .net "d_in", 31 0, v0000019906aa0840_0;  alias, 1 drivers
v0000019906acd3f0_0 .var "d_out", 31 0;
v0000019906acdc10_0 .net "en", 0 0, L_0000019906ad8430;  1 drivers
v0000019906ace890_0 .net "reset", 0 0, v0000019906ad6ef0_0;  alias, 1 drivers
S_0000019906ac9560 .scope module, "r10" "reg32" 16 136, 16 2 0, S_0000019906aca370;
 .timescale 0 0;
    .port_info 0 /INPUT 1 "clk";
    .port_info 1 /INPUT 1 "reset";
    .port_info 2 /INPUT 1 "en";
    .port_info 3 /INPUT 32 "d_in";
    .port_info 4 /OUTPUT 32 "d_out";
v0000019906ace930_0 .net "clk", 0 0, v0000019906ad7e90_0;  alias, 1 drivers
v0000019906acf010_0 .net "d_in", 31 0, v0000019906aa0840_0;  alias, 1 drivers
v0000019906accb30_0 .var "d_out", 31 0;
v0000019906acec50_0 .net "en", 0 0, L_0000019906ad82f0;  1 drivers
v0000019906acf0b0_0 .net "reset", 0 0, v0000019906ad6ef0_0;  alias, 1 drivers
S_0000019906ac96f0 .scope module, "r11" "reg32" 16 143, 16 2 0, S_0000019906aca370;
 .timescale 0 0;
    .port_info 0 /INPUT 1 "clk";
    .port_info 1 /INPUT 1 "reset";
    .port_info 2 /INPUT 1 "en";
    .port_info 3 /INPUT 32 "d_in";
    .port_info 4 /OUTPUT 32 "d_out";
v0000019906acd030_0 .net "clk", 0 0, v0000019906ad7e90_0;  alias, 1 drivers
v0000019906acd850_0 .net "d_in", 31 0, v0000019906aa0840_0;  alias, 1 drivers
v0000019906acea70_0 .var "d_out", 31 0;
v0000019906accdb0_0 .net "en", 0 0, L_0000019906ad81b0;  1 drivers
v0000019906acd170_0 .net "reset", 0 0, v0000019906ad6ef0_0;  alias, 1 drivers
S_0000019906acb310 .scope module, "r12" "reg32" 16 150, 16 2 0, S_0000019906aca370;
 .timescale 0 0;
    .port_info 0 /INPUT 1 "clk";
    .port_info 1 /INPUT 1 "reset";
    .port_info 2 /INPUT 1 "en";
    .port_info 3 /INPUT 32 "d_in";
    .port_info 4 /OUTPUT 32 "d_out";
v0000019906acd2b0_0 .net "clk", 0 0, v0000019906ad7e90_0;  alias, 1 drivers
v0000019906acc9f0_0 .net "d_in", 31 0, v0000019906aa0840_0;  alias, 1 drivers
v0000019906aceed0_0 .var "d_out", 31 0;
v0000019906acd350_0 .net "en", 0 0, L_0000019906ad89d0;  1 drivers
v0000019906acd8f0_0 .net "reset", 0 0, v0000019906ad6ef0_0;  alias, 1 drivers
S_0000019906ac9ba0 .scope module, "r13" "reg32" 16 157, 16 2 0, S_0000019906aca370;
 .timescale 0 0;
    .port_info 0 /INPUT 1 "clk";
    .port_info 1 /INPUT 1 "reset";
    .port_info 2 /INPUT 1 "en";
    .port_info 3 /INPUT 32 "d_in";
    .port_info 4 /OUTPUT 32 "d_out";
v0000019906ace9d0_0 .net "clk", 0 0, v0000019906ad7e90_0;  alias, 1 drivers
v0000019906acd990_0 .net "d_in", 31 0, v0000019906aa0840_0;  alias, 1 drivers
v0000019906ace750_0 .var "d_out", 31 0;
v0000019906acce50_0 .net "en", 0 0, L_0000019906ad6bd0;  1 drivers
v0000019906acd0d0_0 .net "reset", 0 0, v0000019906ad6ef0_0;  alias, 1 drivers
S_0000019906aca690 .scope module, "r14" "reg32" 16 164, 16 2 0, S_0000019906aca370;
 .timescale 0 0;
    .port_info 0 /INPUT 1 "clk";
    .port_info 1 /INPUT 1 "reset";
    .port_info 2 /INPUT 1 "en";
    .port_info 3 /INPUT 32 "d_in";
    .port_info 4 /OUTPUT 32 "d_out";
v0000019906acd670_0 .net "clk", 0 0, v0000019906ad7e90_0;  alias, 1 drivers
v0000019906ace2f0_0 .net "d_in", 31 0, v0000019906aa0840_0;  alias, 1 drivers
v0000019906ace4d0_0 .var "d_out", 31 0;
v0000019906acebb0_0 .net "en", 0 0, L_0000019906ad9010;  1 drivers
v0000019906acda30_0 .net "reset", 0 0, v0000019906ad6ef0_0;  alias, 1 drivers
S_0000019906aca820 .scope module, "r15" "reg32" 16 171, 16 2 0, S_0000019906aca370;
 .timescale 0 0;
    .port_info 0 /INPUT 1 "clk";
    .port_info 1 /INPUT 1 "reset";
    .port_info 2 /INPUT 1 "en";
    .port_info 3 /INPUT 32 "d_in";
    .port_info 4 /OUTPUT 32 "d_out";
v0000019906acdf30_0 .net "clk", 0 0, v0000019906ad7e90_0;  alias, 1 drivers
v0000019906acdfd0_0 .net "d_in", 31 0, v0000019906aa0840_0;  alias, 1 drivers
v0000019906ace070_0 .var "d_out", 31 0;
v0000019906acef70_0 .net "en", 0 0, L_0000019906ad8250;  1 drivers
v0000019906ace1b0_0 .net "reset", 0 0, v0000019906ad6ef0_0;  alias, 1 drivers
S_0000019906aca9b0 .scope module, "r2" "reg32" 16 80, 16 2 0, S_0000019906aca370;
 .timescale 0 0;
    .port_info 0 /INPUT 1 "clk";
    .port_info 1 /INPUT 1 "reset";
    .port_info 2 /INPUT 1 "en";
    .port_info 3 /INPUT 32 "d_in";
    .port_info 4 /OUTPUT 32 "d_out";
v0000019906ace250_0 .net "clk", 0 0, v0000019906ad7e90_0;  alias, 1 drivers
v0000019906ace390_0 .net "d_in", 31 0, v0000019906aa0840_0;  alias, 1 drivers
v0000019906ace430_0 .var "d_out", 31 0;
v0000019906ace570_0 .net "en", 0 0, L_0000019906ad7df0;  1 drivers
v0000019906acca90_0 .net "reset", 0 0, v0000019906ad6ef0_0;  alias, 1 drivers
S_0000019906acbc70 .scope module, "r3" "reg32" 16 87, 16 2 0, S_0000019906aca370;
 .timescale 0 0;
    .port_info 0 /INPUT 1 "clk";
    .port_info 1 /INPUT 1 "reset";
    .port_info 2 /INPUT 1 "en";
    .port_info 3 /INPUT 32 "d_in";
    .port_info 4 /OUTPUT 32 "d_out";
v0000019906accbd0_0 .net "clk", 0 0, v0000019906ad7e90_0;  alias, 1 drivers
v0000019906ace610_0 .net "d_in", 31 0, v0000019906aa0840_0;  alias, 1 drivers
v0000019906accc70_0 .var "d_out", 31 0;
v0000019906accd10_0 .net "en", 0 0, L_0000019906ad8a70;  1 drivers
v0000019906ad14f0_0 .net "reset", 0 0, v0000019906ad6ef0_0;  alias, 1 drivers
S_0000019906ac88e0 .scope module, "r4" "reg32" 16 94, 16 2 0, S_0000019906aca370;
 .timescale 0 0;
    .port_info 0 /INPUT 1 "clk";
    .port_info 1 /INPUT 1 "reset";
    .port_info 2 /INPUT 1 "en";
    .port_info 3 /INPUT 32 "d_in";
    .port_info 4 /OUTPUT 32 "d_out";
v0000019906acf8d0_0 .net "clk", 0 0, v0000019906ad7e90_0;  alias, 1 drivers
v0000019906ad1270_0 .net "d_in", 31 0, v0000019906aa0840_0;  alias, 1 drivers
v0000019906ad11d0_0 .var "d_out", 31 0;
v0000019906ad0550_0 .net "en", 0 0, L_0000019906ad7170;  1 drivers
v0000019906ad1450_0 .net "reset", 0 0, v0000019906ad6ef0_0;  alias, 1 drivers
S_0000019906acab40 .scope module, "r5" "reg32" 16 101, 16 2 0, S_0000019906aca370;
 .timescale 0 0;
    .port_info 0 /INPUT 1 "clk";
    .port_info 1 /INPUT 1 "reset";
    .port_info 2 /INPUT 1 "en";
    .port_info 3 /INPUT 32 "d_in";
    .port_info 4 /OUTPUT 32 "d_out";
v0000019906ad0b90_0 .net "clk", 0 0, v0000019906ad7e90_0;  alias, 1 drivers
v0000019906ad0af0_0 .net "d_in", 31 0, v0000019906aa0840_0;  alias, 1 drivers
v0000019906ad0910_0 .var "d_out", 31 0;
v0000019906acf790_0 .net "en", 0 0, L_0000019906ad7fd0;  1 drivers
v0000019906acf3d0_0 .net "reset", 0 0, v0000019906ad6ef0_0;  alias, 1 drivers
S_0000019906acacd0 .scope module, "r6" "reg32" 16 108, 16 2 0, S_0000019906aca370;
 .timescale 0 0;
    .port_info 0 /INPUT 1 "clk";
    .port_info 1 /INPUT 1 "reset";
    .port_info 2 /INPUT 1 "en";
    .port_info 3 /INPUT 32 "d_in";
    .port_info 4 /OUTPUT 32 "d_out";
v0000019906acfe70_0 .net "clk", 0 0, v0000019906ad7e90_0;  alias, 1 drivers
v0000019906acf150_0 .net "d_in", 31 0, v0000019906aa0840_0;  alias, 1 drivers
v0000019906acfb50_0 .var "d_out", 31 0;
v0000019906ad1770_0 .net "en", 0 0, L_0000019906ad7490;  1 drivers
v0000019906ad0870_0 .net "reset", 0 0, v0000019906ad6ef0_0;  alias, 1 drivers
S_0000019906acbe00 .scope module, "r7" "reg32" 16 115, 16 2 0, S_0000019906aca370;
 .timescale 0 0;
    .port_info 0 /INPUT 1 "clk";
    .port_info 1 /INPUT 1 "reset";
    .port_info 2 /INPUT 1 "en";
    .port_info 3 /INPUT 32 "d_in";
    .port_info 4 /OUTPUT 32 "d_out";
v0000019906ad02d0_0 .net "clk", 0 0, v0000019906ad7e90_0;  alias, 1 drivers
v0000019906ad1630_0 .net "d_in", 31 0, v0000019906aa0840_0;  alias, 1 drivers
v0000019906acf650_0 .var "d_out", 31 0;
v0000019906acf1f0_0 .net "en", 0 0, L_0000019906ad8390;  1 drivers
v0000019906ad1090_0 .net "reset", 0 0, v0000019906ad6ef0_0;  alias, 1 drivers
S_0000019906acb180 .scope module, "r8" "reg32" 16 122, 16 2 0, S_0000019906aca370;
 .timescale 0 0;
    .port_info 0 /INPUT 1 "clk";
    .port_info 1 /INPUT 1 "reset";
    .port_info 2 /INPUT 1 "en";
    .port_info 3 /INPUT 32 "d_in";
    .port_info 4 /OUTPUT 32 "d_out";
v0000019906acffb0_0 .net "clk", 0 0, v0000019906ad7e90_0;  alias, 1 drivers
v0000019906acf510_0 .net "d_in", 31 0, v0000019906aa0840_0;  alias, 1 drivers
v0000019906ad1130_0 .var "d_out", 31 0;
v0000019906ad18b0_0 .net "en", 0 0, L_0000019906ad7710;  1 drivers
v0000019906acf830_0 .net "reset", 0 0, v0000019906ad6ef0_0;  alias, 1 drivers
S_0000019906acb4a0 .scope module, "r9" "reg32" 16 129, 16 2 0, S_0000019906aca370;
 .timescale 0 0;
    .port_info 0 /INPUT 1 "clk";
    .port_info 1 /INPUT 1 "reset";
    .port_info 2 /INPUT 1 "en";
    .port_info 3 /INPUT 32 "d_in";
    .port_info 4 /OUTPUT 32 "d_out";
v0000019906ad0730_0 .net "clk", 0 0, v0000019906ad7e90_0;  alias, 1 drivers
v0000019906ad1810_0 .net "d_in", 31 0, v0000019906aa0840_0;  alias, 1 drivers
v0000019906ad13b0_0 .var "d_out", 31 0;
v0000019906ad09b0_0 .net "en", 0 0, L_0000019906ad84d0;  1 drivers
v0000019906ad0ff0_0 .net "reset", 0 0, v0000019906ad6ef0_0;  alias, 1 drivers
S_0000019906acc5d0 .scope module, "select_encode_inst" "select_encode" 5 165, 13 1 0, S_0000019906a071a0;
 .timescale 0 0;
    .port_info 0 /INPUT 32 "IRin";
    .port_info 1 /INPUT 1 "Gra";
    .port_info 2 /INPUT 1 "Grb";
    .port_info 3 /INPUT 1 "Grc";
    .port_info 4 /INPUT 1 "Rin";
    .port_info 5 /INPUT 1 "Rout";
    .port_info 6 /INPUT 1 "BAout";
    .port_info 7 /OUTPUT 16 "Rin_decoded";
    .port_info 8 /OUTPUT 16 "Rout_decoded";
    .port_info 9 /OUTPUT 1 "BAout_R0";
L_00000199069dcf70 .functor AND 16, v0000019906ad3070_0, L_0000019906adc3f0, C4<1111111111111111>, C4<1111111111111111>;
L_00000199069dd9f0 .functor AND 16, v0000019906ad3070_0, L_0000019906adc7b0, C4<1111111111111111>, C4<1111111111111111>;
L_00000199069dd4b0 .functor AND 1, v00000199069bd4d0_0, L_0000019906add390, C4<1>, C4<1>;
v0000019906ad0230_0 .net "BAout", 0 0, v00000199069bd4d0_0;  alias, 1 drivers
v0000019906ad05f0_0 .net "BAout_R0", 0 0, L_00000199069dd4b0;  alias, 1 drivers
v0000019906acfd30_0 .net "Gra", 0 0, v00000199069bea10_0;  alias, 1 drivers
v0000019906acf470_0 .net "Grb", 0 0, v00000199069bd250_0;  alias, 1 drivers
v0000019906ad0410_0 .net "Grc", 0 0, v00000199069bf5f0_0;  alias, 1 drivers
v0000019906acfab0_0 .net "IRin", 31 0, v0000019906ab88b0_0;  alias, 1 drivers
v0000019906acf5b0_0 .net "Ra", 3 0, L_0000019906adb9f0;  1 drivers
v0000019906acfdd0_0 .net "Rb", 3 0, L_0000019906adc710;  1 drivers
v0000019906ad0e10_0 .net "Rc", 3 0, L_0000019906adbe50;  1 drivers
v0000019906ad00f0_0 .net "Rin", 0 0, v00000199069be010_0;  alias, 1 drivers
v0000019906ad0690_0 .net "Rin_decoded", 15 0, L_00000199069dcf70;  alias, 1 drivers
v0000019906ad0f50_0 .net "Rout", 0 0, v00000199069bd930_0;  alias, 1 drivers
v0000019906ad3c50_0 .net "Rout_decoded", 15 0, L_00000199069dd9f0;  alias, 1 drivers
v0000019906ad2f30_0 .net *"_ivl_10", 3 0, L_0000019906add570;  1 drivers
v0000019906ad3750_0 .net *"_ivl_14", 15 0, L_0000019906adc3f0;  1 drivers
v0000019906ad2350_0 .net *"_ivl_18", 15 0, L_0000019906adc7b0;  1 drivers
v0000019906ad25d0_0 .net *"_ivl_23", 0 0, L_0000019906add390;  1 drivers
L_0000019906af5ba8 .functor BUFT 1, C4<0000>, C4<0>, C4<0>, C4<0>;
v0000019906ad2710_0 .net/2u *"_ivl_6", 3 0, L_0000019906af5ba8;  1 drivers
v0000019906ad3a70_0 .net *"_ivl_8", 3 0, L_0000019906adc990;  1 drivers
v0000019906ad3070_0 .var "decoded", 15 0;
v0000019906ad2170_0 .net "reg_sel", 3 0, L_0000019906add110;  1 drivers
E_00000199069a62e0 .event anyedge, v0000019906ad2170_0;
L_0000019906adb9f0 .part v0000019906ab88b0_0, 23, 4;
L_0000019906adc710 .part v0000019906ab88b0_0, 19, 4;
L_0000019906adbe50 .part v0000019906ab88b0_0, 15, 4;
L_0000019906adc990 .functor MUXZ 4, L_0000019906af5ba8, L_0000019906adbe50, v00000199069bf5f0_0, C4<>;
L_0000019906add570 .functor MUXZ 4, L_0000019906adc990, L_0000019906adc710, v00000199069bd250_0, C4<>;
L_0000019906add110 .functor MUXZ 4, L_0000019906add570, L_0000019906adb9f0, v00000199069bea10_0, C4<>;
LS_0000019906adc3f0_0_0 .concat [ 1 1 1 1], v00000199069be010_0, v00000199069be010_0, v00000199069be010_0, v00000199069be010_0;
LS_0000019906adc3f0_0_4 .concat [ 1 1 1 1], v00000199069be010_0, v00000199069be010_0, v00000199069be010_0, v00000199069be010_0;
LS_0000019906adc3f0_0_8 .concat [ 1 1 1 1], v00000199069be010_0, v00000199069be010_0, v00000199069be010_0, v00000199069be010_0;
LS_0000019906adc3f0_0_12 .concat [ 1 1 1 1], v00000199069be010_0, v00000199069be010_0, v00000199069be010_0, v00000199069be010_0;
L_0000019906adc3f0 .concat [ 4 4 4 4], LS_0000019906adc3f0_0_0, LS_0000019906adc3f0_0_4, LS_0000019906adc3f0_0_8, LS_0000019906adc3f0_0_12;
LS_0000019906adc7b0_0_0 .concat [ 1 1 1 1], v00000199069bd930_0, v00000199069bd930_0, v00000199069bd930_0, v00000199069bd930_0;
LS_0000019906adc7b0_0_4 .concat [ 1 1 1 1], v00000199069bd930_0, v00000199069bd930_0, v00000199069bd930_0, v00000199069bd930_0;
LS_0000019906adc7b0_0_8 .concat [ 1 1 1 1], v00000199069bd930_0, v00000199069bd930_0, v00000199069bd930_0, v00000199069bd930_0;
LS_0000019906adc7b0_0_12 .concat [ 1 1 1 1], v00000199069bd930_0, v00000199069bd930_0, v00000199069bd930_0, v00000199069bd930_0;
L_0000019906adc7b0 .concat [ 4 4 4 4], LS_0000019906adc7b0_0_0, LS_0000019906adc7b0_0_4, LS_0000019906adc7b0_0_8, LS_0000019906adc7b0_0_12;
L_0000019906add390 .part v0000019906ad3070_0, 0, 1;
S_0000019906acb7c0 .scope task, "dump_memory" "dump_memory" 2 71, 2 71 0, S_00000199069edee0;
 .timescale -9 -11;
v0000019906ad5e10_0 .var/i "fd", 31 0;
v0000019906ad5eb0_0 .var "filename", 255 0;
v0000019906ad6590_0 .var/i "i", 31 0;
TD_cpu_tb.dump_memory ;
    %vpi_func 2 75 "$fopen" 32, v0000019906ad5eb0_0, "w" {0 0 0};
    %store/vec4 v0000019906ad5e10_0, 0, 32;
    %pushi/vec4 0, 0, 32;
    %store/vec4 v0000019906ad6590_0, 0, 32;
T_0.0 ;
    %load/vec4 v0000019906ad6590_0;
    %cmpi/s 512, 0, 32;
    %jmp/0xz T_0.1, 5;
    %vpi_call 2 77 "$fdisplay", v0000019906ad5e10_0, "%08X", &A<v0000019906acdad0, v0000019906ad6590_0 > {0 0 0};
    %load/vec4 v0000019906ad6590_0;
    %addi 1, 0, 32;
    %store/vec4 v0000019906ad6590_0, 0, 32;
    %jmp T_0.0;
T_0.1 ;
    %vpi_call 2 78 "$fclose", v0000019906ad5e10_0 {0 0 0};
    %end;
S_0000019906acbf90 .scope function.vec4.s8, "expected_out" "expected_out" 2 49, 2 49 0, S_00000199069edee0;
 .timescale -9 -11;
; Variable expected_out is vec4 return value of scope S_0000019906acbf90
v0000019906ad78f0_0 .var/i "idx", 31 0;
TD_cpu_tb.expected_out ;
    %load/vec4 v0000019906ad78f0_0;
    %cmpi/s 40, 0, 32;
    %jmp/0xz  T_1.2, 5;
    %load/vec4 v0000019906ad78f0_0;
    %pushi/vec4 8, 0, 32;
    %mod/s;
    %dup/vec4;
    %pushi/vec4 0, 0, 32;
    %cmp/u;
    %jmp/1 T_1.4, 6;
    %dup/vec4;
    %pushi/vec4 1, 0, 32;
    %cmp/u;
    %jmp/1 T_1.5, 6;
    %dup/vec4;
    %pushi/vec4 2, 0, 32;
    %cmp/u;
    %jmp/1 T_1.6, 6;
    %dup/vec4;
    %pushi/vec4 3, 0, 32;
    %cmp/u;
    %jmp/1 T_1.7, 6;
    %dup/vec4;
    %pushi/vec4 4, 0, 32;
    %cmp/u;
    %jmp/1 T_1.8, 6;
    %dup/vec4;
    %pushi/vec4 5, 0, 32;
    %cmp/u;
    %jmp/1 T_1.9, 6;
    %dup/vec4;
    %pushi/vec4 6, 0, 32;
    %cmp/u;
    %jmp/1 T_1.10, 6;
    %pushi/vec4 1, 0, 8;
    %ret/vec4 0, 0, 8;  Assign to expected_out (store_vec4_to_lval)
    %jmp T_1.12;
T_1.4 ;
    %pushi/vec4 224, 0, 8;
    %ret/vec4 0, 0, 8;  Assign to expected_out (store_vec4_to_lval)
    %jmp T_1.12;
T_1.5 ;
    %pushi/vec4 112, 0, 8;
    %ret/vec4 0, 0, 8;  Assign to expected_out (store_vec4_to_lval)
    %jmp T_1.12;
T_1.6 ;
    %pushi/vec4 56, 0, 8;
    %ret/vec4 0, 0, 8;  Assign to expected_out (store_vec4_to_lval)
    %jmp T_1.12;
T_1.7 ;
    %pushi/vec4 28, 0, 8;
    %ret/vec4 0, 0, 8;  Assign to expected_out (store_vec4_to_lval)
    %jmp T_1.12;
T_1.8 ;
    %pushi/vec4 14, 0, 8;
    %ret/vec4 0, 0, 8;  Assign to expected_out (store_vec4_to_lval)
    %jmp T_1.12;
T_1.9 ;
    %pushi/vec4 7, 0, 8;
    %ret/vec4 0, 0, 8;  Assign to expected_out (store_vec4_to_lval)
    %jmp T_1.12;
T_1.10 ;
    %pushi/vec4 3, 0, 8;
    %ret/vec4 0, 0, 8;  Assign to expected_out (store_vec4_to_lval)
    %jmp T_1.12;
T_1.12 ;
    %pop/vec4 1;
    %jmp T_1.3;
T_1.2 ;
    %load/vec4 v0000019906ad78f0_0;
    %cmpi/e 40, 0, 32;
    %jmp/0xz  T_1.13, 4;
    %pushi/vec4 99, 0, 8;
    %ret/vec4 0, 0, 8;  Assign to expected_out (store_vec4_to_lval)
    %jmp T_1.14;
T_1.13 ;
    %pushi/vec4 255, 255, 8;
    %ret/vec4 0, 0, 8;  Assign to expected_out (store_vec4_to_lval)
T_1.14 ;
T_1.3 ;
    %end;
    .scope S_0000019906a068c0;
T_2 ;
    %wait E_00000199069a1920;
    %load/vec4 v00000199069be970_0;
    %flag_set/vec4 8;
    %jmp/0xz  T_2.0, 8;
    %pushi/vec4 0, 0, 6;
    %assign/vec4 v00000199069bf370_0, 0;
    %jmp T_2.1;
T_2.0 ;
    %load/vec4 v00000199069bdd90_0;
    %assign/vec4 v00000199069bf370_0, 0;
T_2.1 ;
    %jmp T_2;
    .thread T_2;
    .scope S_0000019906a068c0;
T_3 ;
    %wait E_00000199069a17e0;
    %pushi/vec4 1, 0, 6;
    %store/vec4 v00000199069bdd90_0, 0, 6;
    %load/vec4 v00000199069bdf70_0;
    %flag_set/vec4 8;
    %jmp/0xz  T_3.0, 8;
    %pushi/vec4 46, 0, 6;
    %store/vec4 v00000199069bdd90_0, 0, 6;
    %jmp T_3.1;
T_3.0 ;
    %load/vec4 v00000199069bf370_0;
    %dup/vec4;
    %pushi/vec4 0, 0, 6;
    %cmp/u;
    %jmp/1 T_3.2, 6;
    %dup/vec4;
    %pushi/vec4 1, 0, 6;
    %cmp/u;
    %jmp/1 T_3.3, 6;
    %dup/vec4;
    %pushi/vec4 2, 0, 6;
    %cmp/u;
    %jmp/1 T_3.4, 6;
    %dup/vec4;
    %pushi/vec4 3, 0, 6;
    %cmp/u;
    %jmp/1 T_3.5, 6;
    %dup/vec4;
    %pushi/vec4 4, 0, 6;
    %cmp/u;
    %jmp/1 T_3.6, 6;
    %dup/vec4;
    %pushi/vec4 5, 0, 6;
    %cmp/u;
    %jmp/1 T_3.7, 6;
    %dup/vec4;
    %pushi/vec4 6, 0, 6;
    %cmp/u;
    %jmp/1 T_3.8, 6;
    %dup/vec4;
    %pushi/vec4 7, 0, 6;
    %cmp/u;
    %jmp/1 T_3.9, 6;
    %dup/vec4;
    %pushi/vec4 8, 0, 6;
    %cmp/u;
    %jmp/1 T_3.10, 6;
    %dup/vec4;
    %pushi/vec4 9, 0, 6;
    %cmp/u;
    %jmp/1 T_3.11, 6;
    %dup/vec4;
    %pushi/vec4 10, 0, 6;
    %cmp/u;
    %jmp/1 T_3.12, 6;
    %dup/vec4;
    %pushi/vec4 11, 0, 6;
    %cmp/u;
    %jmp/1 T_3.13, 6;
    %dup/vec4;
    %pushi/vec4 12, 0, 6;
    %cmp/u;
    %jmp/1 T_3.14, 6;
    %dup/vec4;
    %pushi/vec4 13, 0, 6;
    %cmp/u;
    %jmp/1 T_3.15, 6;
    %dup/vec4;
    %pushi/vec4 14, 0, 6;
    %cmp/u;
    %jmp/1 T_3.16, 6;
    %dup/vec4;
    %pushi/vec4 15, 0, 6;
    %cmp/u;
    %jmp/1 T_3.17, 6;
    %dup/vec4;
    %pushi/vec4 16, 0, 6;
    %cmp/u;
    %jmp/1 T_3.18, 6;
    %dup/vec4;
    %pushi/vec4 17, 0, 6;
    %cmp/u;
    %jmp/1 T_3.19, 6;
    %dup/vec4;
    %pushi/vec4 18, 0, 6;
    %cmp/u;
    %jmp/1 T_3.20, 6;
    %dup/vec4;
    %pushi/vec4 19, 0, 6;
    %cmp/u;
    %jmp/1 T_3.21, 6;
    %dup/vec4;
    %pushi/vec4 20, 0, 6;
    %cmp/u;
    %jmp/1 T_3.22, 6;
    %dup/vec4;
    %pushi/vec4 21, 0, 6;
    %cmp/u;
    %jmp/1 T_3.23, 6;
    %dup/vec4;
    %pushi/vec4 22, 0, 6;
    %cmp/u;
    %jmp/1 T_3.24, 6;
    %dup/vec4;
    %pushi/vec4 23, 0, 6;
    %cmp/u;
    %jmp/1 T_3.25, 6;
    %dup/vec4;
    %pushi/vec4 24, 0, 6;
    %cmp/u;
    %jmp/1 T_3.26, 6;
    %dup/vec4;
    %pushi/vec4 25, 0, 6;
    %cmp/u;
    %jmp/1 T_3.27, 6;
    %dup/vec4;
    %pushi/vec4 26, 0, 6;
    %cmp/u;
    %jmp/1 T_3.28, 6;
    %dup/vec4;
    %pushi/vec4 27, 0, 6;
    %cmp/u;
    %jmp/1 T_3.29, 6;
    %dup/vec4;
    %pushi/vec4 28, 0, 6;
    %cmp/u;
    %jmp/1 T_3.30, 6;
    %dup/vec4;
    %pushi/vec4 29, 0, 6;
    %cmp/u;
    %jmp/1 T_3.31, 6;
    %dup/vec4;
    %pushi/vec4 30, 0, 6;
    %cmp/u;
    %jmp/1 T_3.32, 6;
    %dup/vec4;
    %pushi/vec4 31, 0, 6;
    %cmp/u;
    %jmp/1 T_3.33, 6;
    %dup/vec4;
    %pushi/vec4 32, 0, 6;
    %cmp/u;
    %jmp/1 T_3.34, 6;
    %dup/vec4;
    %pushi/vec4 33, 0, 6;
    %cmp/u;
    %jmp/1 T_3.35, 6;
    %dup/vec4;
    %pushi/vec4 34, 0, 6;
    %cmp/u;
    %jmp/1 T_3.36, 6;
    %dup/vec4;
    %pushi/vec4 35, 0, 6;
    %cmp/u;
    %jmp/1 T_3.37, 6;
    %dup/vec4;
    %pushi/vec4 36, 0, 6;
    %cmp/u;
    %jmp/1 T_3.38, 6;
    %dup/vec4;
    %pushi/vec4 37, 0, 6;
    %cmp/u;
    %jmp/1 T_3.39, 6;
    %dup/vec4;
    %pushi/vec4 38, 0, 6;
    %cmp/u;
    %jmp/1 T_3.40, 6;
    %dup/vec4;
    %pushi/vec4 39, 0, 6;
    %cmp/u;
    %jmp/1 T_3.41, 6;
    %dup/vec4;
    %pushi/vec4 40, 0, 6;
    %cmp/u;
    %jmp/1 T_3.42, 6;
    %dup/vec4;
    %pushi/vec4 41, 0, 6;
    %cmp/u;
    %jmp/1 T_3.43, 6;
    %dup/vec4;
    %pushi/vec4 42, 0, 6;
    %cmp/u;
    %jmp/1 T_3.44, 6;
    %dup/vec4;
    %pushi/vec4 43, 0, 6;
    %cmp/u;
    %jmp/1 T_3.45, 6;
    %dup/vec4;
    %pushi/vec4 44, 0, 6;
    %cmp/u;
    %jmp/1 T_3.46, 6;
    %dup/vec4;
    %pushi/vec4 45, 0, 6;
    %cmp/u;
    %jmp/1 T_3.47, 6;
    %dup/vec4;
    %pushi/vec4 46, 0, 6;
    %cmp/u;
    %jmp/1 T_3.48, 6;
    %pushi/vec4 1, 0, 6;
    %store/vec4 v00000199069bdd90_0, 0, 6;
    %jmp T_3.50;
T_3.2 ;
    %pushi/vec4 1, 0, 6;
    %store/vec4 v00000199069bdd90_0, 0, 6;
    %jmp T_3.50;
T_3.3 ;
    %pushi/vec4 2, 0, 6;
    %store/vec4 v00000199069bdd90_0, 0, 6;
    %jmp T_3.50;
T_3.4 ;
    %pushi/vec4 3, 0, 6;
    %store/vec4 v00000199069bdd90_0, 0, 6;
    %jmp T_3.50;
T_3.5 ;
    %load/vec4 v00000199069bd430_0;
    %dup/vec4;
    %pushi/vec4 0, 0, 5;
    %cmp/u;
    %jmp/1 T_3.51, 6;
    %dup/vec4;
    %pushi/vec4 1, 0, 5;
    %cmp/u;
    %jmp/1 T_3.52, 6;
    %dup/vec4;
    %pushi/vec4 2, 0, 5;
    %cmp/u;
    %jmp/1 T_3.53, 6;
    %dup/vec4;
    %pushi/vec4 3, 0, 5;
    %cmp/u;
    %jmp/1 T_3.54, 6;
    %dup/vec4;
    %pushi/vec4 4, 0, 5;
    %cmp/u;
    %jmp/1 T_3.55, 6;
    %dup/vec4;
    %pushi/vec4 5, 0, 5;
    %cmp/u;
    %jmp/1 T_3.56, 6;
    %dup/vec4;
    %pushi/vec4 6, 0, 5;
    %cmp/u;
    %jmp/1 T_3.57, 6;
    %dup/vec4;
    %pushi/vec4 7, 0, 5;
    %cmp/u;
    %jmp/1 T_3.58, 6;
    %dup/vec4;
    %pushi/vec4 8, 0, 5;
    %cmp/u;
    %jmp/1 T_3.59, 6;
    %dup/vec4;
    %pushi/vec4 14, 0, 5;
    %cmp/u;
    %jmp/1 T_3.60, 6;
    %dup/vec4;
    %pushi/vec4 15, 0, 5;
    %cmp/u;
    %jmp/1 T_3.61, 6;
    %dup/vec4;
    %pushi/vec4 13, 0, 5;
    %cmp/u;
    %jmp/1 T_3.62, 6;
    %dup/vec4;
    %pushi/vec4 12, 0, 5;
    %cmp/u;
    %jmp/1 T_3.63, 6;
    %dup/vec4;
    %pushi/vec4 16, 0, 5;
    %cmp/u;
    %jmp/1 T_3.64, 6;
    %dup/vec4;
    %pushi/vec4 17, 0, 5;
    %cmp/u;
    %jmp/1 T_3.65, 6;
    %dup/vec4;
    %pushi/vec4 18, 0, 5;
    %cmp/u;
    %jmp/1 T_3.66, 6;
    %dup/vec4;
    %pushi/vec4 9, 0, 5;
    %cmp/u;
    %jmp/1 T_3.67, 6;
    %dup/vec4;
    %pushi/vec4 10, 0, 5;
    %cmp/u;
    %jmp/1 T_3.68, 6;
    %dup/vec4;
    %pushi/vec4 11, 0, 5;
    %cmp/u;
    %jmp/1 T_3.69, 6;
    %dup/vec4;
    %pushi/vec4 21, 0, 5;
    %cmp/u;
    %jmp/1 T_3.70, 6;
    %dup/vec4;
    %pushi/vec4 20, 0, 5;
    %cmp/u;
    %jmp/1 T_3.71, 6;
    %dup/vec4;
    %pushi/vec4 19, 0, 5;
    %cmp/u;
    %jmp/1 T_3.72, 6;
    %dup/vec4;
    %pushi/vec4 24, 0, 5;
    %cmp/u;
    %jmp/1 T_3.73, 6;
    %dup/vec4;
    %pushi/vec4 25, 0, 5;
    %cmp/u;
    %jmp/1 T_3.74, 6;
    %dup/vec4;
    %pushi/vec4 22, 0, 5;
    %cmp/u;
    %jmp/1 T_3.75, 6;
    %dup/vec4;
    %pushi/vec4 23, 0, 5;
    %cmp/u;
    %jmp/1 T_3.76, 6;
    %dup/vec4;
    %pushi/vec4 26, 0, 5;
    %cmp/u;
    %jmp/1 T_3.77, 6;
    %dup/vec4;
    %pushi/vec4 27, 0, 5;
    %cmp/u;
    %jmp/1 T_3.78, 6;
    %pushi/vec4 1, 0, 6;
    %store/vec4 v00000199069bdd90_0, 0, 6;
    %jmp T_3.80;
T_3.51 ;
    %pushi/vec4 4, 0, 6;
    %store/vec4 v00000199069bdd90_0, 0, 6;
    %jmp T_3.80;
T_3.52 ;
    %pushi/vec4 4, 0, 6;
    %store/vec4 v00000199069bdd90_0, 0, 6;
    %jmp T_3.80;
T_3.53 ;
    %pushi/vec4 4, 0, 6;
    %store/vec4 v00000199069bdd90_0, 0, 6;
    %jmp T_3.80;
T_3.54 ;
    %pushi/vec4 4, 0, 6;
    %store/vec4 v00000199069bdd90_0, 0, 6;
    %jmp T_3.80;
T_3.55 ;
    %pushi/vec4 4, 0, 6;
    %store/vec4 v00000199069bdd90_0, 0, 6;
    %jmp T_3.80;
T_3.56 ;
    %pushi/vec4 4, 0, 6;
    %store/vec4 v00000199069bdd90_0, 0, 6;
    %jmp T_3.80;
T_3.57 ;
    %pushi/vec4 4, 0, 6;
    %store/vec4 v00000199069bdd90_0, 0, 6;
    %jmp T_3.80;
T_3.58 ;
    %pushi/vec4 4, 0, 6;
    %store/vec4 v00000199069bdd90_0, 0, 6;
    %jmp T_3.80;
T_3.59 ;
    %pushi/vec4 4, 0, 6;
    %store/vec4 v00000199069bdd90_0, 0, 6;
    %jmp T_3.80;
T_3.60 ;
    %pushi/vec4 7, 0, 6;
    %store/vec4 v00000199069bdd90_0, 0, 6;
    %jmp T_3.80;
T_3.61 ;
    %pushi/vec4 7, 0, 6;
    %store/vec4 v00000199069bdd90_0, 0, 6;
    %jmp T_3.80;
T_3.62 ;
    %pushi/vec4 9, 0, 6;
    %store/vec4 v00000199069bdd90_0, 0, 6;
    %jmp T_3.80;
T_3.63 ;
    %pushi/vec4 13, 0, 6;
    %store/vec4 v00000199069bdd90_0, 0, 6;
    %jmp T_3.80;
T_3.64 ;
    %pushi/vec4 17, 0, 6;
    %store/vec4 v00000199069bdd90_0, 0, 6;
    %jmp T_3.80;
T_3.65 ;
    %pushi/vec4 22, 0, 6;
    %store/vec4 v00000199069bdd90_0, 0, 6;
    %jmp T_3.80;
T_3.66 ;
    %pushi/vec4 25, 0, 6;
    %store/vec4 v00000199069bdd90_0, 0, 6;
    %jmp T_3.80;
T_3.67 ;
    %pushi/vec4 30, 0, 6;
    %store/vec4 v00000199069bdd90_0, 0, 6;
    %jmp T_3.80;
T_3.68 ;
    %pushi/vec4 30, 0, 6;
    %store/vec4 v00000199069bdd90_0, 0, 6;
    %jmp T_3.80;
T_3.69 ;
    %pushi/vec4 30, 0, 6;
    %store/vec4 v00000199069bdd90_0, 0, 6;
    %jmp T_3.80;
T_3.70 ;
    %pushi/vec4 33, 0, 6;
    %store/vec4 v00000199069bdd90_0, 0, 6;
    %jmp T_3.80;
T_3.71 ;
    %pushi/vec4 37, 0, 6;
    %store/vec4 v00000199069bdd90_0, 0, 6;
    %jmp T_3.80;
T_3.72 ;
    %pushi/vec4 38, 0, 6;
    %store/vec4 v00000199069bdd90_0, 0, 6;
    %jmp T_3.80;
T_3.73 ;
    %pushi/vec4 40, 0, 6;
    %store/vec4 v00000199069bdd90_0, 0, 6;
    %jmp T_3.80;
T_3.74 ;
    %pushi/vec4 41, 0, 6;
    %store/vec4 v00000199069bdd90_0, 0, 6;
    %jmp T_3.80;
T_3.75 ;
    %pushi/vec4 42, 0, 6;
    %store/vec4 v00000199069bdd90_0, 0, 6;
    %jmp T_3.80;
T_3.76 ;
    %pushi/vec4 44, 0, 6;
    %store/vec4 v00000199069bdd90_0, 0, 6;
    %jmp T_3.80;
T_3.77 ;
    %pushi/vec4 45, 0, 6;
    %store/vec4 v00000199069bdd90_0, 0, 6;
    %jmp T_3.80;
T_3.78 ;
    %pushi/vec4 46, 0, 6;
    %store/vec4 v00000199069bdd90_0, 0, 6;
    %jmp T_3.80;
T_3.80 ;
    %pop/vec4 1;
    %jmp T_3.50;
T_3.6 ;
    %pushi/vec4 5, 0, 6;
    %store/vec4 v00000199069bdd90_0, 0, 6;
    %jmp T_3.50;
T_3.7 ;
    %pushi/vec4 6, 0, 6;
    %store/vec4 v00000199069bdd90_0, 0, 6;
    %jmp T_3.50;
T_3.8 ;
    %pushi/vec4 1, 0, 6;
    %store/vec4 v00000199069bdd90_0, 0, 6;
    %jmp T_3.50;
T_3.9 ;
    %pushi/vec4 8, 0, 6;
    %store/vec4 v00000199069bdd90_0, 0, 6;
    %jmp T_3.50;
T_3.10 ;
    %pushi/vec4 1, 0, 6;
    %store/vec4 v00000199069bdd90_0, 0, 6;
    %jmp T_3.50;
T_3.11 ;
    %pushi/vec4 10, 0, 6;
    %store/vec4 v00000199069bdd90_0, 0, 6;
    %jmp T_3.50;
T_3.12 ;
    %pushi/vec4 11, 0, 6;
    %store/vec4 v00000199069bdd90_0, 0, 6;
    %jmp T_3.50;
T_3.13 ;
    %pushi/vec4 12, 0, 6;
    %store/vec4 v00000199069bdd90_0, 0, 6;
    %jmp T_3.50;
T_3.14 ;
    %pushi/vec4 1, 0, 6;
    %store/vec4 v00000199069bdd90_0, 0, 6;
    %jmp T_3.50;
T_3.15 ;
    %pushi/vec4 14, 0, 6;
    %store/vec4 v00000199069bdd90_0, 0, 6;
    %jmp T_3.50;
T_3.16 ;
    %pushi/vec4 15, 0, 6;
    %store/vec4 v00000199069bdd90_0, 0, 6;
    %jmp T_3.50;
T_3.17 ;
    %pushi/vec4 16, 0, 6;
    %store/vec4 v00000199069bdd90_0, 0, 6;
    %jmp T_3.50;
T_3.18 ;
    %pushi/vec4 1, 0, 6;
    %store/vec4 v00000199069bdd90_0, 0, 6;
    %jmp T_3.50;
T_3.19 ;
    %pushi/vec4 18, 0, 6;
    %store/vec4 v00000199069bdd90_0, 0, 6;
    %jmp T_3.50;
T_3.20 ;
    %pushi/vec4 19, 0, 6;
    %store/vec4 v00000199069bdd90_0, 0, 6;
    %jmp T_3.50;
T_3.21 ;
    %pushi/vec4 20, 0, 6;
    %store/vec4 v00000199069bdd90_0, 0, 6;
    %jmp T_3.50;
T_3.22 ;
    %pushi/vec4 21, 0, 6;
    %store/vec4 v00000199069bdd90_0, 0, 6;
    %jmp T_3.50;
T_3.23 ;
    %pushi/vec4 1, 0, 6;
    %store/vec4 v00000199069bdd90_0, 0, 6;
    %jmp T_3.50;
T_3.24 ;
    %pushi/vec4 23, 0, 6;
    %store/vec4 v00000199069bdd90_0, 0, 6;
    %jmp T_3.50;
T_3.25 ;
    %pushi/vec4 24, 0, 6;
    %store/vec4 v00000199069bdd90_0, 0, 6;
    %jmp T_3.50;
T_3.26 ;
    %pushi/vec4 1, 0, 6;
    %store/vec4 v00000199069bdd90_0, 0, 6;
    %jmp T_3.50;
T_3.27 ;
    %pushi/vec4 26, 0, 6;
    %store/vec4 v00000199069bdd90_0, 0, 6;
    %jmp T_3.50;
T_3.28 ;
    %pushi/vec4 27, 0, 6;
    %store/vec4 v00000199069bdd90_0, 0, 6;
    %jmp T_3.50;
T_3.29 ;
    %pushi/vec4 28, 0, 6;
    %store/vec4 v00000199069bdd90_0, 0, 6;
    %jmp T_3.50;
T_3.30 ;
    %pushi/vec4 29, 0, 6;
    %store/vec4 v00000199069bdd90_0, 0, 6;
    %jmp T_3.50;
T_3.31 ;
    %pushi/vec4 1, 0, 6;
    %store/vec4 v00000199069bdd90_0, 0, 6;
    %jmp T_3.50;
T_3.32 ;
    %pushi/vec4 31, 0, 6;
    %store/vec4 v00000199069bdd90_0, 0, 6;
    %jmp T_3.50;
T_3.33 ;
    %pushi/vec4 32, 0, 6;
    %store/vec4 v00000199069bdd90_0, 0, 6;
    %jmp T_3.50;
T_3.34 ;
    %pushi/vec4 1, 0, 6;
    %store/vec4 v00000199069bdd90_0, 0, 6;
    %jmp T_3.50;
T_3.35 ;
    %pushi/vec4 34, 0, 6;
    %store/vec4 v00000199069bdd90_0, 0, 6;
    %jmp T_3.50;
T_3.36 ;
    %pushi/vec4 35, 0, 6;
    %store/vec4 v00000199069bdd90_0, 0, 6;
    %jmp T_3.50;
T_3.37 ;
    %pushi/vec4 36, 0, 6;
    %store/vec4 v00000199069bdd90_0, 0, 6;
    %jmp T_3.50;
T_3.38 ;
    %pushi/vec4 1, 0, 6;
    %store/vec4 v00000199069bdd90_0, 0, 6;
    %jmp T_3.50;
T_3.39 ;
    %pushi/vec4 1, 0, 6;
    %store/vec4 v00000199069bdd90_0, 0, 6;
    %jmp T_3.50;
T_3.40 ;
    %pushi/vec4 39, 0, 6;
    %store/vec4 v00000199069bdd90_0, 0, 6;
    %jmp T_3.50;
T_3.41 ;
    %pushi/vec4 1, 0, 6;
    %store/vec4 v00000199069bdd90_0, 0, 6;
    %jmp T_3.50;
T_3.42 ;
    %pushi/vec4 1, 0, 6;
    %store/vec4 v00000199069bdd90_0, 0, 6;
    %jmp T_3.50;
T_3.43 ;
    %pushi/vec4 1, 0, 6;
    %store/vec4 v00000199069bdd90_0, 0, 6;
    %jmp T_3.50;
T_3.44 ;
    %pushi/vec4 43, 0, 6;
    %store/vec4 v00000199069bdd90_0, 0, 6;
    %jmp T_3.50;
T_3.45 ;
    %pushi/vec4 1, 0, 6;
    %store/vec4 v00000199069bdd90_0, 0, 6;
    %jmp T_3.50;
T_3.46 ;
    %pushi/vec4 1, 0, 6;
    %store/vec4 v00000199069bdd90_0, 0, 6;
    %jmp T_3.50;
T_3.47 ;
    %pushi/vec4 1, 0, 6;
    %store/vec4 v00000199069bdd90_0, 0, 6;
    %jmp T_3.50;
T_3.48 ;
    %pushi/vec4 46, 0, 6;
    %store/vec4 v00000199069bdd90_0, 0, 6;
    %jmp T_3.50;
T_3.50 ;
    %pop/vec4 1;
T_3.1 ;
    %jmp T_3;
    .thread T_3, $push;
    .scope S_0000019906a068c0;
T_4 ;
    %vpi_call 4 201 "$display", "[CU] MDR_decode_fix_v3: correct file loaded, same cycle count" {0 0 0};
    %end;
    .thread T_4;
    .scope S_0000019906a068c0;
T_5 ;
    %wait E_00000199069a1320;
    %pushi/vec4 0, 0, 5;
    %store/vec4 v00000199069bd1b0_0, 0, 5;
    %pushi/vec4 0, 0, 1;
    %store/vec4 v00000199069be150_0, 0, 1;
    %pushi/vec4 0, 0, 1;
    %store/vec4 v00000199069bf4b0_0, 0, 1;
    %pushi/vec4 0, 0, 1;
    %store/vec4 v00000199069bda70_0, 0, 1;
    %pushi/vec4 0, 0, 1;
    %store/vec4 v00000199069bded0_0, 0, 1;
    %pushi/vec4 0, 0, 1;
    %store/vec4 v00000199069be470_0, 0, 1;
    %pushi/vec4 0, 0, 1;
    %store/vec4 v00000199069be3d0_0, 0, 1;
    %pushi/vec4 0, 0, 1;
    %store/vec4 v00000199069be330_0, 0, 1;
    %pushi/vec4 0, 0, 1;
    %store/vec4 v00000199069bdc50_0, 0, 1;
    %pushi/vec4 0, 0, 1;
    %store/vec4 v00000199069bd070_0, 0, 1;
    %pushi/vec4 0, 0, 1;
    %store/vec4 v00000199069bd750_0, 0, 1;
    %pushi/vec4 0, 0, 5;
    %store/vec4 v00000199069bd110_0, 0, 5;
    %pushi/vec4 0, 0, 1;
    %store/vec4 v00000199069bdcf0_0, 0, 1;
    %pushi/vec4 0, 0, 1;
    %store/vec4 v00000199069bea10_0, 0, 1;
    %pushi/vec4 0, 0, 1;
    %store/vec4 v00000199069bd250_0, 0, 1;
    %pushi/vec4 0, 0, 1;
    %store/vec4 v00000199069bf5f0_0, 0, 1;
    %pushi/vec4 0, 0, 1;
    %store/vec4 v00000199069be010_0, 0, 1;
    %pushi/vec4 0, 0, 1;
    %store/vec4 v00000199069bd930_0, 0, 1;
    %pushi/vec4 0, 0, 1;
    %store/vec4 v00000199069bd4d0_0, 0, 1;
    %pushi/vec4 0, 0, 1;
    %store/vec4 v00000199069bd6b0_0, 0, 1;
    %pushi/vec4 0, 0, 1;
    %store/vec4 v00000199069be6f0_0, 0, 1;
    %pushi/vec4 0, 0, 1;
    %store/vec4 v00000199069beb50_0, 0, 1;
    %pushi/vec4 0, 0, 1;
    %store/vec4 v00000199069bdb10_0, 0, 1;
    %pushi/vec4 0, 0, 1;
    %store/vec4 v00000199069bd610_0, 0, 1;
    %load/vec4 v00000199069bf370_0;
    %pushi/vec4 46, 0, 6;
    %cmp/ne;
    %flag_get/vec4 4;
    %store/vec4 v00000199069bd7f0_0, 0, 1;
    %load/vec4 v00000199069bf370_0;
    %dup/vec4;
    %pushi/vec4 1, 0, 6;
    %cmp/u;
    %jmp/1 T_5.0, 6;
    %dup/vec4;
    %pushi/vec4 2, 0, 6;
    %cmp/u;
    %jmp/1 T_5.1, 6;
    %dup/vec4;
    %pushi/vec4 3, 0, 6;
    %cmp/u;
    %jmp/1 T_5.2, 6;
    %dup/vec4;
    %pushi/vec4 4, 0, 6;
    %cmp/u;
    %jmp/1 T_5.3, 6;
    %dup/vec4;
    %pushi/vec4 5, 0, 6;
    %cmp/u;
    %jmp/1 T_5.4, 6;
    %dup/vec4;
    %pushi/vec4 6, 0, 6;
    %cmp/u;
    %jmp/1 T_5.5, 6;
    %dup/vec4;
    %pushi/vec4 7, 0, 6;
    %cmp/u;
    %jmp/1 T_5.6, 6;
    %dup/vec4;
    %pushi/vec4 8, 0, 6;
    %cmp/u;
    %jmp/1 T_5.7, 6;
    %dup/vec4;
    %pushi/vec4 9, 0, 6;
    %cmp/u;
    %jmp/1 T_5.8, 6;
    %dup/vec4;
    %pushi/vec4 10, 0, 6;
    %cmp/u;
    %jmp/1 T_5.9, 6;
    %dup/vec4;
    %pushi/vec4 11, 0, 6;
    %cmp/u;
    %jmp/1 T_5.10, 6;
    %dup/vec4;
    %pushi/vec4 12, 0, 6;
    %cmp/u;
    %jmp/1 T_5.11, 6;
    %dup/vec4;
    %pushi/vec4 13, 0, 6;
    %cmp/u;
    %jmp/1 T_5.12, 6;
    %dup/vec4;
    %pushi/vec4 14, 0, 6;
    %cmp/u;
    %jmp/1 T_5.13, 6;
    %dup/vec4;
    %pushi/vec4 15, 0, 6;
    %cmp/u;
    %jmp/1 T_5.14, 6;
    %dup/vec4;
    %pushi/vec4 16, 0, 6;
    %cmp/u;
    %jmp/1 T_5.15, 6;
    %dup/vec4;
    %pushi/vec4 17, 0, 6;
    %cmp/u;
    %jmp/1 T_5.16, 6;
    %dup/vec4;
    %pushi/vec4 18, 0, 6;
    %cmp/u;
    %jmp/1 T_5.17, 6;
    %dup/vec4;
    %pushi/vec4 19, 0, 6;
    %cmp/u;
    %jmp/1 T_5.18, 6;
    %dup/vec4;
    %pushi/vec4 20, 0, 6;
    %cmp/u;
    %jmp/1 T_5.19, 6;
    %dup/vec4;
    %pushi/vec4 21, 0, 6;
    %cmp/u;
    %jmp/1 T_5.20, 6;
    %dup/vec4;
    %pushi/vec4 22, 0, 6;
    %cmp/u;
    %jmp/1 T_5.21, 6;
    %dup/vec4;
    %pushi/vec4 23, 0, 6;
    %cmp/u;
    %jmp/1 T_5.22, 6;
    %dup/vec4;
    %pushi/vec4 24, 0, 6;
    %cmp/u;
    %jmp/1 T_5.23, 6;
    %dup/vec4;
    %pushi/vec4 25, 0, 6;
    %cmp/u;
    %jmp/1 T_5.24, 6;
    %dup/vec4;
    %pushi/vec4 26, 0, 6;
    %cmp/u;
    %jmp/1 T_5.25, 6;
    %dup/vec4;
    %pushi/vec4 27, 0, 6;
    %cmp/u;
    %jmp/1 T_5.26, 6;
    %dup/vec4;
    %pushi/vec4 28, 0, 6;
    %cmp/u;
    %jmp/1 T_5.27, 6;
    %dup/vec4;
    %pushi/vec4 29, 0, 6;
    %cmp/u;
    %jmp/1 T_5.28, 6;
    %dup/vec4;
    %pushi/vec4 30, 0, 6;
    %cmp/u;
    %jmp/1 T_5.29, 6;
    %dup/vec4;
    %pushi/vec4 31, 0, 6;
    %cmp/u;
    %jmp/1 T_5.30, 6;
    %dup/vec4;
    %pushi/vec4 32, 0, 6;
    %cmp/u;
    %jmp/1 T_5.31, 6;
    %dup/vec4;
    %pushi/vec4 33, 0, 6;
    %cmp/u;
    %jmp/1 T_5.32, 6;
    %dup/vec4;
    %pushi/vec4 34, 0, 6;
    %cmp/u;
    %jmp/1 T_5.33, 6;
    %dup/vec4;
    %pushi/vec4 35, 0, 6;
    %cmp/u;
    %jmp/1 T_5.34, 6;
    %dup/vec4;
    %pushi/vec4 36, 0, 6;
    %cmp/u;
    %jmp/1 T_5.35, 6;
    %dup/vec4;
    %pushi/vec4 37, 0, 6;
    %cmp/u;
    %jmp/1 T_5.36, 6;
    %dup/vec4;
    %pushi/vec4 38, 0, 6;
    %cmp/u;
    %jmp/1 T_5.37, 6;
    %dup/vec4;
    %pushi/vec4 39, 0, 6;
    %cmp/u;
    %jmp/1 T_5.38, 6;
    %dup/vec4;
    %pushi/vec4 40, 0, 6;
    %cmp/u;
    %jmp/1 T_5.39, 6;
    %dup/vec4;
    %pushi/vec4 41, 0, 6;
    %cmp/u;
    %jmp/1 T_5.40, 6;
    %dup/vec4;
    %pushi/vec4 42, 0, 6;
    %cmp/u;
    %jmp/1 T_5.41, 6;
    %dup/vec4;
    %pushi/vec4 43, 0, 6;
    %cmp/u;
    %jmp/1 T_5.42, 6;
    %dup/vec4;
    %pushi/vec4 44, 0, 6;
    %cmp/u;
    %jmp/1 T_5.43, 6;
    %dup/vec4;
    %pushi/vec4 45, 0, 6;
    %cmp/u;
    %jmp/1 T_5.44, 6;
    %dup/vec4;
    %pushi/vec4 0, 0, 6;
    %cmp/u;
    %jmp/1 T_5.45, 6;
    %dup/vec4;
    %pushi/vec4 46, 0, 6;
    %cmp/u;
    %jmp/1 T_5.46, 6;
    %jmp T_5.47;
T_5.0 ;
    %pushi/vec4 20, 0, 5;
    %store/vec4 v00000199069bd1b0_0, 0, 5;
    %pushi/vec4 1, 0, 1;
    %store/vec4 v00000199069be470_0, 0, 1;
    %pushi/vec4 1, 0, 1;
    %store/vec4 v00000199069bf4b0_0, 0, 1;
    %jmp T_5.47;
T_5.1 ;
    %pushi/vec4 1, 0, 1;
    %store/vec4 v00000199069bd070_0, 0, 1;
    %pushi/vec4 1, 0, 1;
    %store/vec4 v00000199069bdc50_0, 0, 1;
    %pushi/vec4 1, 0, 1;
    %store/vec4 v00000199069bd750_0, 0, 1;
    %jmp T_5.47;
T_5.2 ;
    %pushi/vec4 21, 0, 5;
    %store/vec4 v00000199069bd1b0_0, 0, 5;
    %pushi/vec4 1, 0, 1;
    %store/vec4 v00000199069bda70_0, 0, 1;
    %jmp T_5.47;
T_5.3 ;
    %pushi/vec4 1, 0, 1;
    %store/vec4 v00000199069bd250_0, 0, 1;
    %pushi/vec4 1, 0, 1;
    %store/vec4 v00000199069bd930_0, 0, 1;
    %pushi/vec4 1, 0, 1;
    %store/vec4 v00000199069bded0_0, 0, 1;
    %jmp T_5.47;
T_5.4 ;
    %pushi/vec4 1, 0, 1;
    %store/vec4 v00000199069bf5f0_0, 0, 1;
    %pushi/vec4 1, 0, 1;
    %store/vec4 v00000199069bd930_0, 0, 1;
    %load/vec4 v00000199069bd430_0;
    %dup/vec4;
    %pushi/vec4 0, 0, 5;
    %cmp/u;
    %jmp/1 T_5.48, 6;
    %dup/vec4;
    %pushi/vec4 1, 0, 5;
    %cmp/u;
    %jmp/1 T_5.49, 6;
    %dup/vec4;
    %pushi/vec4 2, 0, 5;
    %cmp/u;
    %jmp/1 T_5.50, 6;
    %dup/vec4;
    %pushi/vec4 3, 0, 5;
    %cmp/u;
    %jmp/1 T_5.51, 6;
    %dup/vec4;
    %pushi/vec4 4, 0, 5;
    %cmp/u;
    %jmp/1 T_5.52, 6;
    %dup/vec4;
    %pushi/vec4 5, 0, 5;
    %cmp/u;
    %jmp/1 T_5.53, 6;
    %dup/vec4;
    %pushi/vec4 6, 0, 5;
    %cmp/u;
    %jmp/1 T_5.54, 6;
    %dup/vec4;
    %pushi/vec4 7, 0, 5;
    %cmp/u;
    %jmp/1 T_5.55, 6;
    %dup/vec4;
    %pushi/vec4 8, 0, 5;
    %cmp/u;
    %jmp/1 T_5.56, 6;
    %pushi/vec4 0, 0, 5;
    %store/vec4 v00000199069bd110_0, 0, 5;
    %jmp T_5.58;
T_5.48 ;
    %pushi/vec4 0, 0, 5;
    %store/vec4 v00000199069bd110_0, 0, 5;
    %jmp T_5.58;
T_5.49 ;
    %pushi/vec4 1, 0, 5;
    %store/vec4 v00000199069bd110_0, 0, 5;
    %jmp T_5.58;
T_5.50 ;
    %pushi/vec4 4, 0, 5;
    %store/vec4 v00000199069bd110_0, 0, 5;
    %jmp T_5.58;
T_5.51 ;
    %pushi/vec4 5, 0, 5;
    %store/vec4 v00000199069bd110_0, 0, 5;
    %jmp T_5.58;
T_5.52 ;
    %pushi/vec4 8, 0, 5;
    %store/vec4 v00000199069bd110_0, 0, 5;
    %jmp T_5.58;
T_5.53 ;
    %pushi/vec4 9, 0, 5;
    %store/vec4 v00000199069bd110_0, 0, 5;
    %jmp T_5.58;
T_5.54 ;
    %pushi/vec4 10, 0, 5;
    %store/vec4 v00000199069bd110_0, 0, 5;
    %jmp T_5.58;
T_5.55 ;
    %pushi/vec4 11, 0, 5;
    %store/vec4 v00000199069bd110_0, 0, 5;
    %jmp T_5.58;
T_5.56 ;
    %pushi/vec4 12, 0, 5;
    %store/vec4 v00000199069bd110_0, 0, 5;
    %jmp T_5.58;
T_5.58 ;
    %pop/vec4 1;
    %pushi/vec4 1, 0, 1;
    %store/vec4 v00000199069bdcf0_0, 0, 1;
    %jmp T_5.47;
T_5.5 ;
    %pushi/vec4 19, 0, 5;
    %store/vec4 v00000199069bd1b0_0, 0, 5;
    %pushi/vec4 1, 0, 1;
    %store/vec4 v00000199069bea10_0, 0, 1;
    %pushi/vec4 1, 0, 1;
    %store/vec4 v00000199069be010_0, 0, 1;
    %jmp T_5.47;
T_5.6 ;
    %pushi/vec4 1, 0, 1;
    %store/vec4 v00000199069bd250_0, 0, 1;
    %pushi/vec4 1, 0, 1;
    %store/vec4 v00000199069bd930_0, 0, 1;
    %load/vec4 v00000199069bd430_0;
    %cmpi/e 14, 0, 5;
    %flag_mov 8, 4;
    %jmp/0 T_5.59, 8;
    %pushi/vec4 7, 0, 5;
    %jmp/1 T_5.60, 8;
T_5.59 ; End of true expr.
    %pushi/vec4 6, 0, 5;
    %jmp/0 T_5.60, 8;
 ; End of false expr.
    %blend;
T_5.60;
    %store/vec4 v00000199069bd110_0, 0, 5;
    %pushi/vec4 1, 0, 1;
    %store/vec4 v00000199069bdcf0_0, 0, 1;
    %jmp T_5.47;
T_5.7 ;
    %pushi/vec4 19, 0, 5;
    %store/vec4 v00000199069bd1b0_0, 0, 5;
    %pushi/vec4 1, 0, 1;
    %store/vec4 v00000199069bea10_0, 0, 1;
    %pushi/vec4 1, 0, 1;
    %store/vec4 v00000199069be010_0, 0, 1;
    %jmp T_5.47;
T_5.8 ;
    %pushi/vec4 1, 0, 1;
    %store/vec4 v00000199069bea10_0, 0, 1;
    %pushi/vec4 1, 0, 1;
    %store/vec4 v00000199069bd930_0, 0, 1;
    %pushi/vec4 1, 0, 1;
    %store/vec4 v00000199069bded0_0, 0, 1;
    %jmp T_5.47;
T_5.9 ;
    %pushi/vec4 1, 0, 1;
    %store/vec4 v00000199069bd250_0, 0, 1;
    %pushi/vec4 1, 0, 1;
    %store/vec4 v00000199069bd930_0, 0, 1;
    %pushi/vec4 2, 0, 5;
    %store/vec4 v00000199069bd110_0, 0, 5;
    %pushi/vec4 1, 0, 1;
    %store/vec4 v00000199069bdcf0_0, 0, 1;
    %jmp T_5.47;
T_5.10 ;
    %pushi/vec4 19, 0, 5;
    %store/vec4 v00000199069bd1b0_0, 0, 5;
    %pushi/vec4 1, 0, 1;
    %store/vec4 v00000199069be330_0, 0, 1;
    %jmp T_5.47;
T_5.11 ;
    %pushi/vec4 18, 0, 5;
    %store/vec4 v00000199069bd1b0_0, 0, 5;
    %pushi/vec4 1, 0, 1;
    %store/vec4 v00000199069be3d0_0, 0, 1;
    %jmp T_5.47;
T_5.12 ;
    %pushi/vec4 1, 0, 1;
    %store/vec4 v00000199069bea10_0, 0, 1;
    %pushi/vec4 1, 0, 1;
    %store/vec4 v00000199069bd930_0, 0, 1;
    %pushi/vec4 1, 0, 1;
    %store/vec4 v00000199069bded0_0, 0, 1;
    %jmp T_5.47;
T_5.13 ;
    %pushi/vec4 1, 0, 1;
    %store/vec4 v00000199069bd250_0, 0, 1;
    %pushi/vec4 1, 0, 1;
    %store/vec4 v00000199069bd930_0, 0, 1;
    %pushi/vec4 3, 0, 5;
    %store/vec4 v00000199069bd110_0, 0, 5;
    %pushi/vec4 1, 0, 1;
    %store/vec4 v00000199069bdcf0_0, 0, 1;
    %jmp T_5.47;
T_5.14 ;
    %pushi/vec4 19, 0, 5;
    %store/vec4 v00000199069bd1b0_0, 0, 5;
    %pushi/vec4 1, 0, 1;
    %store/vec4 v00000199069be330_0, 0, 1;
    %jmp T_5.47;
T_5.15 ;
    %pushi/vec4 18, 0, 5;
    %store/vec4 v00000199069bd1b0_0, 0, 5;
    %pushi/vec4 1, 0, 1;
    %store/vec4 v00000199069be3d0_0, 0, 1;
    %jmp T_5.47;
T_5.16 ;
    %pushi/vec4 1, 0, 1;
    %store/vec4 v00000199069bd250_0, 0, 1;
    %pushi/vec4 1, 0, 1;
    %store/vec4 v00000199069bd4d0_0, 0, 1;
    %pushi/vec4 1, 0, 1;
    %store/vec4 v00000199069bd930_0, 0, 1;
    %pushi/vec4 1, 0, 1;
    %store/vec4 v00000199069bded0_0, 0, 1;
    %jmp T_5.47;
T_5.17 ;
    %pushi/vec4 1, 0, 1;
    %store/vec4 v00000199069bd6b0_0, 0, 1;
    %pushi/vec4 23, 0, 5;
    %store/vec4 v00000199069bd1b0_0, 0, 5;
    %pushi/vec4 0, 0, 5;
    %store/vec4 v00000199069bd110_0, 0, 5;
    %pushi/vec4 1, 0, 1;
    %store/vec4 v00000199069bdcf0_0, 0, 1;
    %jmp T_5.47;
T_5.18 ;
    %pushi/vec4 19, 0, 5;
    %store/vec4 v00000199069bd1b0_0, 0, 5;
    %pushi/vec4 1, 0, 1;
    %store/vec4 v00000199069be470_0, 0, 1;
    %jmp T_5.47;
T_5.19 ;
    %pushi/vec4 1, 0, 1;
    %store/vec4 v00000199069bd070_0, 0, 1;
    %pushi/vec4 1, 0, 1;
    %store/vec4 v00000199069bdc50_0, 0, 1;
    %pushi/vec4 1, 0, 1;
    %store/vec4 v00000199069bd750_0, 0, 1;
    %jmp T_5.47;
T_5.20 ;
    %pushi/vec4 21, 0, 5;
    %store/vec4 v00000199069bd1b0_0, 0, 5;
    %pushi/vec4 1, 0, 1;
    %store/vec4 v00000199069bea10_0, 0, 1;
    %pushi/vec4 1, 0, 1;
    %store/vec4 v00000199069be010_0, 0, 1;
    %jmp T_5.47;
T_5.21 ;
    %pushi/vec4 1, 0, 1;
    %store/vec4 v00000199069bd250_0, 0, 1;
    %pushi/vec4 1, 0, 1;
    %store/vec4 v00000199069bd4d0_0, 0, 1;
    %pushi/vec4 1, 0, 1;
    %store/vec4 v00000199069bd930_0, 0, 1;
    %pushi/vec4 1, 0, 1;
    %store/vec4 v00000199069bded0_0, 0, 1;
    %jmp T_5.47;
T_5.22 ;
    %pushi/vec4 1, 0, 1;
    %store/vec4 v00000199069bd6b0_0, 0, 1;
    %pushi/vec4 23, 0, 5;
    %store/vec4 v00000199069bd1b0_0, 0, 5;
    %pushi/vec4 0, 0, 5;
    %store/vec4 v00000199069bd110_0, 0, 5;
    %pushi/vec4 1, 0, 1;
    %store/vec4 v00000199069bdcf0_0, 0, 1;
    %jmp T_5.47;
T_5.23 ;
    %pushi/vec4 19, 0, 5;
    %store/vec4 v00000199069bd1b0_0, 0, 5;
    %pushi/vec4 1, 0, 1;
    %store/vec4 v00000199069bea10_0, 0, 1;
    %pushi/vec4 1, 0, 1;
    %store/vec4 v00000199069be010_0, 0, 1;
    %jmp T_5.47;
T_5.24 ;
    %pushi/vec4 1, 0, 1;
    %store/vec4 v00000199069bd250_0, 0, 1;
    %pushi/vec4 1, 0, 1;
    %store/vec4 v00000199069bd4d0_0, 0, 1;
    %pushi/vec4 1, 0, 1;
    %store/vec4 v00000199069bd930_0, 0, 1;
    %pushi/vec4 1, 0, 1;
    %store/vec4 v00000199069bded0_0, 0, 1;
    %jmp T_5.47;
T_5.25 ;
    %pushi/vec4 1, 0, 1;
    %store/vec4 v00000199069bd6b0_0, 0, 1;
    %pushi/vec4 23, 0, 5;
    %store/vec4 v00000199069bd1b0_0, 0, 5;
    %pushi/vec4 0, 0, 5;
    %store/vec4 v00000199069bd110_0, 0, 5;
    %pushi/vec4 1, 0, 1;
    %store/vec4 v00000199069bdcf0_0, 0, 1;
    %jmp T_5.47;
T_5.26 ;
    %pushi/vec4 19, 0, 5;
    %store/vec4 v00000199069bd1b0_0, 0, 5;
    %pushi/vec4 1, 0, 1;
    %store/vec4 v00000199069be470_0, 0, 1;
    %jmp T_5.47;
T_5.27 ;
    %pushi/vec4 1, 0, 1;
    %store/vec4 v00000199069bea10_0, 0, 1;
    %pushi/vec4 1, 0, 1;
    %store/vec4 v00000199069bd930_0, 0, 1;
    %pushi/vec4 1, 0, 1;
    %store/vec4 v00000199069bdc50_0, 0, 1;
    %jmp T_5.47;
T_5.28 ;
    %pushi/vec4 21, 0, 5;
    %store/vec4 v00000199069bd1b0_0, 0, 5;
    %pushi/vec4 1, 0, 1;
    %store/vec4 v00000199069bd750_0, 0, 1;
    %jmp T_5.47;
T_5.29 ;
    %pushi/vec4 1, 0, 1;
    %store/vec4 v00000199069bd250_0, 0, 1;
    %pushi/vec4 1, 0, 1;
    %store/vec4 v00000199069bd930_0, 0, 1;
    %pushi/vec4 1, 0, 1;
    %store/vec4 v00000199069bded0_0, 0, 1;
    %jmp T_5.47;
T_5.30 ;
    %pushi/vec4 1, 0, 1;
    %store/vec4 v00000199069bd6b0_0, 0, 1;
    %pushi/vec4 23, 0, 5;
    %store/vec4 v00000199069bd1b0_0, 0, 5;
    %load/vec4 v00000199069bd430_0;
    %dup/vec4;
    %pushi/vec4 9, 0, 5;
    %cmp/u;
    %jmp/1 T_5.61, 6;
    %dup/vec4;
    %pushi/vec4 10, 0, 5;
    %cmp/u;
    %jmp/1 T_5.62, 6;
    %dup/vec4;
    %pushi/vec4 11, 0, 5;
    %cmp/u;
    %jmp/1 T_5.63, 6;
    %pushi/vec4 0, 0, 5;
    %store/vec4 v00000199069bd110_0, 0, 5;
    %jmp T_5.65;
T_5.61 ;
    %pushi/vec4 0, 0, 5;
    %store/vec4 v00000199069bd110_0, 0, 5;
    %jmp T_5.65;
T_5.62 ;
    %pushi/vec4 4, 0, 5;
    %store/vec4 v00000199069bd110_0, 0, 5;
    %jmp T_5.65;
T_5.63 ;
    %pushi/vec4 5, 0, 5;
    %store/vec4 v00000199069bd110_0, 0, 5;
    %jmp T_5.65;
T_5.65 ;
    %pop/vec4 1;
    %pushi/vec4 1, 0, 1;
    %store/vec4 v00000199069bdcf0_0, 0, 1;
    %jmp T_5.47;
T_5.31 ;
    %pushi/vec4 19, 0, 5;
    %store/vec4 v00000199069bd1b0_0, 0, 5;
    %pushi/vec4 1, 0, 1;
    %store/vec4 v00000199069bea10_0, 0, 1;
    %pushi/vec4 1, 0, 1;
    %store/vec4 v00000199069be010_0, 0, 1;
    %jmp T_5.47;
T_5.32 ;
    %pushi/vec4 1, 0, 1;
    %store/vec4 v00000199069bea10_0, 0, 1;
    %pushi/vec4 1, 0, 1;
    %store/vec4 v00000199069bd930_0, 0, 1;
    %pushi/vec4 1, 0, 1;
    %store/vec4 v00000199069be6f0_0, 0, 1;
    %jmp T_5.47;
T_5.33 ;
    %pushi/vec4 20, 0, 5;
    %store/vec4 v00000199069bd1b0_0, 0, 5;
    %pushi/vec4 1, 0, 1;
    %store/vec4 v00000199069bded0_0, 0, 1;
    %jmp T_5.47;
T_5.34 ;
    %pushi/vec4 1, 0, 1;
    %store/vec4 v00000199069bd6b0_0, 0, 1;
    %pushi/vec4 23, 0, 5;
    %store/vec4 v00000199069bd1b0_0, 0, 5;
    %pushi/vec4 0, 0, 5;
    %store/vec4 v00000199069bd110_0, 0, 5;
    %pushi/vec4 1, 0, 1;
    %store/vec4 v00000199069bdcf0_0, 0, 1;
    %jmp T_5.47;
T_5.35 ;
    %pushi/vec4 19, 0, 5;
    %store/vec4 v00000199069bd1b0_0, 0, 5;
    %load/vec4 v00000199069bf2d0_0;
    %store/vec4 v00000199069be150_0, 0, 1;
    %jmp T_5.47;
T_5.36 ;
    %pushi/vec4 1, 0, 1;
    %store/vec4 v00000199069bea10_0, 0, 1;
    %pushi/vec4 1, 0, 1;
    %store/vec4 v00000199069bd930_0, 0, 1;
    %pushi/vec4 1, 0, 1;
    %store/vec4 v00000199069be150_0, 0, 1;
    %jmp T_5.47;
T_5.37 ;
    %pushi/vec4 20, 0, 5;
    %store/vec4 v00000199069bd1b0_0, 0, 5;
    %pushi/vec4 1, 0, 1;
    %store/vec4 v00000199069bd610_0, 0, 1;
    %jmp T_5.47;
T_5.38 ;
    %pushi/vec4 1, 0, 1;
    %store/vec4 v00000199069bea10_0, 0, 1;
    %pushi/vec4 1, 0, 1;
    %store/vec4 v00000199069bd930_0, 0, 1;
    %pushi/vec4 1, 0, 1;
    %store/vec4 v00000199069be150_0, 0, 1;
    %jmp T_5.47;
T_5.39 ;
    %pushi/vec4 16, 0, 5;
    %store/vec4 v00000199069bd1b0_0, 0, 5;
    %pushi/vec4 1, 0, 1;
    %store/vec4 v00000199069bea10_0, 0, 1;
    %pushi/vec4 1, 0, 1;
    %store/vec4 v00000199069be010_0, 0, 1;
    %jmp T_5.47;
T_5.40 ;
    %pushi/vec4 17, 0, 5;
    %store/vec4 v00000199069bd1b0_0, 0, 5;
    %pushi/vec4 1, 0, 1;
    %store/vec4 v00000199069bea10_0, 0, 1;
    %pushi/vec4 1, 0, 1;
    %store/vec4 v00000199069be010_0, 0, 1;
    %jmp T_5.47;
T_5.41 ;
    %pushi/vec4 1, 0, 1;
    %store/vec4 v00000199069beb50_0, 0, 1;
    %jmp T_5.47;
T_5.42 ;
    %pushi/vec4 22, 0, 5;
    %store/vec4 v00000199069bd1b0_0, 0, 5;
    %pushi/vec4 1, 0, 1;
    %store/vec4 v00000199069bea10_0, 0, 1;
    %pushi/vec4 1, 0, 1;
    %store/vec4 v00000199069be010_0, 0, 1;
    %jmp T_5.47;
T_5.43 ;
    %pushi/vec4 1, 0, 1;
    %store/vec4 v00000199069bea10_0, 0, 1;
    %pushi/vec4 1, 0, 1;
    %store/vec4 v00000199069bd930_0, 0, 1;
    %pushi/vec4 1, 0, 1;
    %store/vec4 v00000199069bdb10_0, 0, 1;
    %jmp T_5.47;
T_5.44 ;
    %jmp T_5.47;
T_5.45 ;
    %jmp T_5.47;
T_5.46 ;
    %jmp T_5.47;
T_5.47 ;
    %pop/vec4 1;
    %jmp T_5;
    .thread T_5, $push;
    .scope S_0000019906ac9880;
T_6 ;
    %wait E_00000199069a6a60;
    %load/vec4 v0000019906acd710_0;
    %flag_set/vec4 8;
    %jmp/0xz  T_6.0, 8;
    %pushi/vec4 0, 0, 32;
    %assign/vec4 v0000019906ace110_0, 0;
    %jmp T_6.1;
T_6.0 ;
    %load/vec4 v0000019906acd5d0_0;
    %flag_set/vec4 8;
    %jmp/0xz  T_6.2, 8;
    %load/vec4 v0000019906acecf0_0;
    %assign/vec4 v0000019906ace110_0, 0;
T_6.2 ;
T_6.1 ;
    %jmp T_6;
    .thread T_6;
    .scope S_0000019906ac93d0;
T_7 ;
    %wait E_00000199069a6a60;
    %load/vec4 v0000019906ace890_0;
    %flag_set/vec4 8;
    %jmp/0xz  T_7.0, 8;
    %pushi/vec4 0, 0, 32;
    %assign/vec4 v0000019906acd3f0_0, 0;
    %jmp T_7.1;
T_7.0 ;
    %load/vec4 v0000019906acdc10_0;
    %flag_set/vec4 8;
    %jmp/0xz  T_7.2, 8;
    %load/vec4 v0000019906acdcb0_0;
    %assign/vec4 v0000019906acd3f0_0, 0;
T_7.2 ;
T_7.1 ;
    %jmp T_7;
    .thread T_7;
    .scope S_0000019906aca9b0;
T_8 ;
    %wait E_00000199069a6a60;
    %load/vec4 v0000019906acca90_0;
    %flag_set/vec4 8;
    %jmp/0xz  T_8.0, 8;
    %pushi/vec4 0, 0, 32;
    %assign/vec4 v0000019906ace430_0, 0;
    %jmp T_8.1;
T_8.0 ;
    %load/vec4 v0000019906ace570_0;
    %flag_set/vec4 8;
    %jmp/0xz  T_8.2, 8;
    %load/vec4 v0000019906ace390_0;
    %assign/vec4 v0000019906ace430_0, 0;
T_8.2 ;
T_8.1 ;
    %jmp T_8;
    .thread T_8;
    .scope S_0000019906acbc70;
T_9 ;
    %wait E_00000199069a6a60;
    %load/vec4 v0000019906ad14f0_0;
    %flag_set/vec4 8;
    %jmp/0xz  T_9.0, 8;
    %pushi/vec4 0, 0, 32;
    %assign/vec4 v0000019906accc70_0, 0;
    %jmp T_9.1;
T_9.0 ;
    %load/vec4 v0000019906accd10_0;
    %flag_set/vec4 8;
    %jmp/0xz  T_9.2, 8;
    %load/vec4 v0000019906ace610_0;
    %assign/vec4 v0000019906accc70_0, 0;
T_9.2 ;
T_9.1 ;
    %jmp T_9;
    .thread T_9;
    .scope S_0000019906ac88e0;
T_10 ;
    %wait E_00000199069a6a60;
    %load/vec4 v0000019906ad1450_0;
    %flag_set/vec4 8;
    %jmp/0xz  T_10.0, 8;
    %pushi/vec4 0, 0, 32;
    %assign/vec4 v0000019906ad11d0_0, 0;
    %jmp T_10.1;
T_10.0 ;
    %load/vec4 v0000019906ad0550_0;
    %flag_set/vec4 8;
    %jmp/0xz  T_10.2, 8;
    %load/vec4 v0000019906ad1270_0;
    %assign/vec4 v0000019906ad11d0_0, 0;
T_10.2 ;
T_10.1 ;
    %jmp T_10;
    .thread T_10;
    .scope S_0000019906acab40;
T_11 ;
    %wait E_00000199069a6a60;
    %load/vec4 v0000019906acf3d0_0;
    %flag_set/vec4 8;
    %jmp/0xz  T_11.0, 8;
    %pushi/vec4 0, 0, 32;
    %assign/vec4 v0000019906ad0910_0, 0;
    %jmp T_11.1;
T_11.0 ;
    %load/vec4 v0000019906acf790_0;
    %flag_set/vec4 8;
    %jmp/0xz  T_11.2, 8;
    %load/vec4 v0000019906ad0af0_0;
    %assign/vec4 v0000019906ad0910_0, 0;
T_11.2 ;
T_11.1 ;
    %jmp T_11;
    .thread T_11;
    .scope S_0000019906acacd0;
T_12 ;
    %wait E_00000199069a6a60;
    %load/vec4 v0000019906ad0870_0;
    %flag_set/vec4 8;
    %jmp/0xz  T_12.0, 8;
    %pushi/vec4 0, 0, 32;
    %assign/vec4 v0000019906acfb50_0, 0;
    %jmp T_12.1;
T_12.0 ;
    %load/vec4 v0000019906ad1770_0;
    %flag_set/vec4 8;
    %jmp/0xz  T_12.2, 8;
    %load/vec4 v0000019906acf150_0;
    %assign/vec4 v0000019906acfb50_0, 0;
T_12.2 ;
T_12.1 ;
    %jmp T_12;
    .thread T_12;
    .scope S_0000019906acbe00;
T_13 ;
    %wait E_00000199069a6a60;
    %load/vec4 v0000019906ad1090_0;
    %flag_set/vec4 8;
    %jmp/0xz  T_13.0, 8;
    %pushi/vec4 0, 0, 32;
    %assign/vec4 v0000019906acf650_0, 0;
    %jmp T_13.1;
T_13.0 ;
    %load/vec4 v0000019906acf1f0_0;
    %flag_set/vec4 8;
    %jmp/0xz  T_13.2, 8;
    %load/vec4 v0000019906ad1630_0;
    %assign/vec4 v0000019906acf650_0, 0;
T_13.2 ;
T_13.1 ;
    %jmp T_13;
    .thread T_13;
    .scope S_0000019906acb180;
T_14 ;
    %wait E_00000199069a6a60;
    %load/vec4 v0000019906acf830_0;
    %flag_set/vec4 8;
    %jmp/0xz  T_14.0, 8;
    %pushi/vec4 0, 0, 32;
    %assign/vec4 v0000019906ad1130_0, 0;
    %jmp T_14.1;
T_14.0 ;
    %load/vec4 v0000019906ad18b0_0;
    %flag_set/vec4 8;
    %jmp/0xz  T_14.2, 8;
    %load/vec4 v0000019906acf510_0;
    %assign/vec4 v0000019906ad1130_0, 0;
T_14.2 ;
T_14.1 ;
    %jmp T_14;
    .thread T_14;
    .scope S_0000019906acb4a0;
T_15 ;
    %wait E_00000199069a6a60;
    %load/vec4 v0000019906ad0ff0_0;
    %flag_set/vec4 8;
    %jmp/0xz  T_15.0, 8;
    %pushi/vec4 0, 0, 32;
    %assign/vec4 v0000019906ad13b0_0, 0;
    %jmp T_15.1;
T_15.0 ;
    %load/vec4 v0000019906ad09b0_0;
    %flag_set/vec4 8;
    %jmp/0xz  T_15.2, 8;
    %load/vec4 v0000019906ad1810_0;
    %assign/vec4 v0000019906ad13b0_0, 0;
T_15.2 ;
T_15.1 ;
    %jmp T_15;
    .thread T_15;
    .scope S_0000019906ac9560;
T_16 ;
    %wait E_00000199069a6a60;
    %load/vec4 v0000019906acf0b0_0;
    %flag_set/vec4 8;
    %jmp/0xz  T_16.0, 8;
    %pushi/vec4 0, 0, 32;
    %assign/vec4 v0000019906accb30_0, 0;
    %jmp T_16.1;
T_16.0 ;
    %load/vec4 v0000019906acec50_0;
    %flag_set/vec4 8;
    %jmp/0xz  T_16.2, 8;
    %load/vec4 v0000019906acf010_0;
    %assign/vec4 v0000019906accb30_0, 0;
T_16.2 ;
T_16.1 ;
    %jmp T_16;
    .thread T_16;
    .scope S_0000019906ac96f0;
T_17 ;
    %wait E_00000199069a6a60;
    %load/vec4 v0000019906acd170_0;
    %flag_set/vec4 8;
    %jmp/0xz  T_17.0, 8;
    %pushi/vec4 0, 0, 32;
    %assign/vec4 v0000019906acea70_0, 0;
    %jmp T_17.1;
T_17.0 ;
    %load/vec4 v0000019906accdb0_0;
    %flag_set/vec4 8;
    %jmp/0xz  T_17.2, 8;
    %load/vec4 v0000019906acd850_0;
    %assign/vec4 v0000019906acea70_0, 0;
T_17.2 ;
T_17.1 ;
    %jmp T_17;
    .thread T_17;
    .scope S_0000019906acb310;
T_18 ;
    %wait E_00000199069a6a60;
    %load/vec4 v0000019906acd8f0_0;
    %flag_set/vec4 8;
    %jmp/0xz  T_18.0, 8;
    %pushi/vec4 0, 0, 32;
    %assign/vec4 v0000019906aceed0_0, 0;
    %jmp T_18.1;
T_18.0 ;
    %load/vec4 v0000019906acd350_0;
    %flag_set/vec4 8;
    %jmp/0xz  T_18.2, 8;
    %load/vec4 v0000019906acc9f0_0;
    %assign/vec4 v0000019906aceed0_0, 0;
T_18.2 ;
T_18.1 ;
    %jmp T_18;
    .thread T_18;
    .scope S_0000019906ac9ba0;
T_19 ;
    %wait E_00000199069a6a60;
    %load/vec4 v0000019906acd0d0_0;
    %flag_set/vec4 8;
    %jmp/0xz  T_19.0, 8;
    %pushi/vec4 0, 0, 32;
    %assign/vec4 v0000019906ace750_0, 0;
    %jmp T_19.1;
T_19.0 ;
    %load/vec4 v0000019906acce50_0;
    %flag_set/vec4 8;
    %jmp/0xz  T_19.2, 8;
    %load/vec4 v0000019906acd990_0;
    %assign/vec4 v0000019906ace750_0, 0;
T_19.2 ;
T_19.1 ;
    %jmp T_19;
    .thread T_19;
    .scope S_0000019906aca690;
T_20 ;
    %wait E_00000199069a6a60;
    %load/vec4 v0000019906acda30_0;
    %flag_set/vec4 8;
    %jmp/0xz  T_20.0, 8;
    %pushi/vec4 0, 0, 32;
    %assign/vec4 v0000019906ace4d0_0, 0;
    %jmp T_20.1;
T_20.0 ;
    %load/vec4 v0000019906acebb0_0;
    %flag_set/vec4 8;
    %jmp/0xz  T_20.2, 8;
    %load/vec4 v0000019906ace2f0_0;
    %assign/vec4 v0000019906ace4d0_0, 0;
T_20.2 ;
T_20.1 ;
    %jmp T_20;
    .thread T_20;
    .scope S_0000019906aca820;
T_21 ;
    %wait E_00000199069a6a60;
    %load/vec4 v0000019906ace1b0_0;
    %flag_set/vec4 8;
    %jmp/0xz  T_21.0, 8;
    %pushi/vec4 0, 0, 32;
    %assign/vec4 v0000019906ace070_0, 0;
    %jmp T_21.1;
T_21.0 ;
    %load/vec4 v0000019906acef70_0;
    %flag_set/vec4 8;
    %jmp/0xz  T_21.2, 8;
    %load/vec4 v0000019906acdfd0_0;
    %assign/vec4 v0000019906ace070_0, 0;
T_21.2 ;
T_21.1 ;
    %jmp T_21;
    .thread T_21;
    .scope S_0000019906ab1360;
T_22 ;
    %wait E_00000199069a1920;
    %load/vec4 v0000019906ab5bb0_0;
    %flag_set/vec4 8;
    %jmp/0xz  T_22.0, 8;
    %pushi/vec4 0, 0, 32;
    %assign/vec4 v0000019906ab5250_0, 0;
    %jmp T_22.1;
T_22.0 ;
    %load/vec4 v0000019906ab6d30_0;
    %flag_set/vec4 8;
    %jmp/0xz  T_22.2, 8;
    %load/vec4 v0000019906ab6830_0;
    %assign/vec4 v0000019906ab5250_0, 0;
    %jmp T_22.3;
T_22.2 ;
    %load/vec4 v0000019906ab5930_0;
    %flag_set/vec4 8;
    %jmp/0xz  T_22.4, 8;
    %load/vec4 v0000019906ab4990_0;
    %assign/vec4 v0000019906ab5250_0, 0;
T_22.4 ;
T_22.3 ;
T_22.1 ;
    %jmp T_22;
    .thread T_22;
    .scope S_0000019906ab27b0;
T_23 ;
    %wait E_00000199069a6a60;
    %load/vec4 v0000019906ab9210_0;
    %flag_set/vec4 8;
    %jmp/0xz  T_23.0, 8;
    %pushi/vec4 0, 0, 32;
    %assign/vec4 v0000019906ab88b0_0, 0;
    %jmp T_23.1;
T_23.0 ;
    %load/vec4 v0000019906ab9170_0;
    %flag_set/vec4 8;
    %jmp/0xz  T_23.2, 8;
    %load/vec4 v0000019906ab7f50_0;
    %assign/vec4 v0000019906ab88b0_0, 0;
T_23.2 ;
T_23.1 ;
    %jmp T_23;
    .thread T_23;
    .scope S_0000019906aca050;
T_24 ;
    %wait E_00000199069a6a60;
    %load/vec4 v0000019906ab59d0_0;
    %flag_set/vec4 8;
    %jmp/0xz  T_24.0, 8;
    %pushi/vec4 0, 0, 32;
    %assign/vec4 v0000019906ab4c10_0, 0;
    %jmp T_24.1;
T_24.0 ;
    %load/vec4 v0000019906ab5390_0;
    %flag_set/vec4 8;
    %jmp/0xz  T_24.2, 8;
    %load/vec4 v0000019906ab4fd0_0;
    %assign/vec4 v0000019906ab4c10_0, 0;
T_24.2 ;
T_24.1 ;
    %jmp T_24;
    .thread T_24;
    .scope S_0000019906aca1e0;
T_25 ;
    %wait E_00000199069a6a60;
    %load/vec4 v0000019906ab4f30_0;
    %flag_set/vec4 8;
    %jmp/0xz  T_25.0, 8;
    %pushi/vec4 0, 0, 32;
    %assign/vec4 v0000019906ab5430_0, 0;
    %jmp T_25.1;
T_25.0 ;
    %load/vec4 v0000019906ab5750_0;
    %flag_set/vec4 8;
    %jmp/0xz  T_25.2, 8;
    %load/vec4 v0000019906ab5d90_0;
    %assign/vec4 v0000019906ab5430_0, 0;
T_25.2 ;
T_25.1 ;
    %jmp T_25;
    .thread T_25;
    .scope S_0000019906acb630;
T_26 ;
    %wait E_00000199069a6a60;
    %load/vec4 v0000019906ab6970_0;
    %flag_set/vec4 8;
    %jmp/0xz  T_26.0, 8;
    %pushi/vec4 0, 0, 32;
    %assign/vec4 v0000019906ab4d50_0, 0;
    %jmp T_26.1;
T_26.0 ;
    %load/vec4 v0000019906ab5a70_0;
    %flag_set/vec4 8;
    %jmp/0xz  T_26.2, 8;
    %load/vec4 v0000019906ab5610_0;
    %assign/vec4 v0000019906ab4d50_0, 0;
T_26.2 ;
T_26.1 ;
    %jmp T_26;
    .thread T_26;
    .scope S_0000019906ab11d0;
T_27 ;
    %wait E_00000199069a6a60;
    %load/vec4 v0000019906ab9490_0;
    %flag_set/vec4 8;
    %jmp/0xz  T_27.0, 8;
    %pushi/vec4 0, 0, 32;
    %assign/vec4 v0000019906ab7e10_0, 0;
    %jmp T_27.1;
T_27.0 ;
    %load/vec4 v0000019906ab83b0_0;
    %flag_set/vec4 8;
    %jmp/0xz  T_27.2, 8;
    %load/vec4 v0000019906ab8450_0;
    %assign/vec4 v0000019906ab7e10_0, 0;
T_27.2 ;
T_27.1 ;
    %jmp T_27;
    .thread T_27;
    .scope S_0000019906ab1cc0;
T_28 ;
    %wait E_00000199069a6a60;
    %load/vec4 v0000019906ab86d0_0;
    %flag_set/vec4 8;
    %jmp/0xz  T_28.0, 8;
    %pushi/vec4 0, 0, 32;
    %assign/vec4 v0000019906ab8090_0, 0;
    %jmp T_28.1;
T_28.0 ;
    %load/vec4 v0000019906ab8310_0;
    %flag_set/vec4 8;
    %jmp/0xz  T_28.2, 8;
    %load/vec4 v0000019906ab7c30_0;
    %assign/vec4 v0000019906ab8090_0, 0;
T_28.2 ;
T_28.1 ;
    %jmp T_28;
    .thread T_28;
    .scope S_0000019906ab19a0;
T_29 ;
    %wait E_00000199069a6a60;
    %load/vec4 v0000019906ab7870_0;
    %flag_set/vec4 8;
    %jmp/0xz  T_29.0, 8;
    %pushi/vec4 0, 0, 32;
    %assign/vec4 v0000019906ab89f0_0, 0;
    %jmp T_29.1;
T_29.0 ;
    %load/vec4 v0000019906ab92b0_0;
    %flag_set/vec4 8;
    %jmp/0xz  T_29.2, 8;
    %load/vec4 v0000019906ab8b30_0;
    %assign/vec4 v0000019906ab89f0_0, 0;
T_29.2 ;
T_29.1 ;
    %jmp T_29;
    .thread T_29;
    .scope S_0000019906acae60;
T_30 ;
    %wait E_00000199069a1920;
    %load/vec4 v0000019906ab6010_0;
    %flag_set/vec4 8;
    %jmp/0xz  T_30.0, 8;
    %pushi/vec4 0, 0, 32;
    %assign/vec4 v0000019906ab66f0_0, 0;
    %jmp T_30.1;
T_30.0 ;
    %load/vec4 v0000019906ab5570_0;
    %flag_set/vec4 8;
    %jmp/0xz  T_30.2, 8;
    %load/vec4 v0000019906ab5f70_0;
    %flag_set/vec4 8;
    %jmp/0 T_30.4, 8;
    %load/vec4 v0000019906ab5e30_0;
    %jmp/1 T_30.5, 8;
T_30.4 ; End of true expr.
    %load/vec4 v0000019906ab5ed0_0;
    %jmp/0 T_30.5, 8;
 ; End of false expr.
    %blend;
T_30.5;
    %assign/vec4 v0000019906ab66f0_0, 0;
T_30.2 ;
T_30.1 ;
    %jmp T_30;
    .thread T_30;
    .scope S_0000019906acbae0;
T_31 ;
    %vpi_call 19 19 "$readmemh", P_00000199069a6fa0, v0000019906acdad0 {0 0 0};
    %end;
    .thread T_31;
    .scope S_0000019906acbae0;
T_32 ;
    %wait E_00000199069a6a60;
    %load/vec4 v0000019906acd530_0;
    %flag_set/vec4 9;
    %flag_get/vec4 9;
    %jmp/0 T_32.2, 9;
    %load/vec4 v0000019906acdd50_0;
    %nor/r;
    %and;
T_32.2;
    %flag_set/vec4 8;
    %jmp/0xz  T_32.0, 8;
    %load/vec4 v0000019906acd210_0;
    %load/vec4 v0000019906accef0_0;
    %pad/u 11;
    %ix/vec4 3;
    %ix/load 4, 0, 0; Constant delay
    %assign/vec4/a/d v0000019906acdad0, 0, 4;
T_32.0 ;
    %jmp T_32;
    .thread T_32;
    .scope S_0000019906acc5d0;
T_33 ;
    %wait E_00000199069a62e0;
    %load/vec4 v0000019906ad2170_0;
    %dup/vec4;
    %pushi/vec4 0, 0, 4;
    %cmp/u;
    %jmp/1 T_33.0, 6;
    %dup/vec4;
    %pushi/vec4 1, 0, 4;
    %cmp/u;
    %jmp/1 T_33.1, 6;
    %dup/vec4;
    %pushi/vec4 2, 0, 4;
    %cmp/u;
    %jmp/1 T_33.2, 6;
    %dup/vec4;
    %pushi/vec4 3, 0, 4;
    %cmp/u;
    %jmp/1 T_33.3, 6;
    %dup/vec4;
    %pushi/vec4 4, 0, 4;
    %cmp/u;
    %jmp/1 T_33.4, 6;
    %dup/vec4;
    %pushi/vec4 5, 0, 4;
    %cmp/u;
    %jmp/1 T_33.5, 6;
    %dup/vec4;
    %pushi/vec4 6, 0, 4;
    %cmp/u;
    %jmp/1 T_33.6, 6;
    %dup/vec4;
    %pushi/vec4 7, 0, 4;
    %cmp/u;
    %jmp/1 T_33.7, 6;
    %dup/vec4;
    %pushi/vec4 8, 0, 4;
    %cmp/u;
    %jmp/1 T_33.8, 6;
    %dup/vec4;
    %pushi/vec4 9, 0, 4;
    %cmp/u;
    %jmp/1 T_33.9, 6;
    %dup/vec4;
    %pushi/vec4 10, 0, 4;
    %cmp/u;
    %jmp/1 T_33.10, 6;
    %dup/vec4;
    %pushi/vec4 11, 0, 4;
    %cmp/u;
    %jmp/1 T_33.11, 6;
    %dup/vec4;
    %pushi/vec4 12, 0, 4;
    %cmp/u;
    %jmp/1 T_33.12, 6;
    %dup/vec4;
    %pushi/vec4 13, 0, 4;
    %cmp/u;
    %jmp/1 T_33.13, 6;
    %dup/vec4;
    %pushi/vec4 14, 0, 4;
    %cmp/u;
    %jmp/1 T_33.14, 6;
    %dup/vec4;
    %pushi/vec4 15, 0, 4;
    %cmp/u;
    %jmp/1 T_33.15, 6;
    %pushi/vec4 0, 0, 16;
    %store/vec4 v0000019906ad3070_0, 0, 16;
    %jmp T_33.17;
T_33.0 ;
    %pushi/vec4 1, 0, 16;
    %store/vec4 v0000019906ad3070_0, 0, 16;
    %jmp T_33.17;
T_33.1 ;
    %pushi/vec4 2, 0, 16;
    %store/vec4 v0000019906ad3070_0, 0, 16;
    %jmp T_33.17;
T_33.2 ;
    %pushi/vec4 4, 0, 16;
    %store/vec4 v0000019906ad3070_0, 0, 16;
    %jmp T_33.17;
T_33.3 ;
    %pushi/vec4 8, 0, 16;
    %store/vec4 v0000019906ad3070_0, 0, 16;
    %jmp T_33.17;
T_33.4 ;
    %pushi/vec4 16, 0, 16;
    %store/vec4 v0000019906ad3070_0, 0, 16;
    %jmp T_33.17;
T_33.5 ;
    %pushi/vec4 32, 0, 16;
    %store/vec4 v0000019906ad3070_0, 0, 16;
    %jmp T_33.17;
T_33.6 ;
    %pushi/vec4 64, 0, 16;
    %store/vec4 v0000019906ad3070_0, 0, 16;
    %jmp T_33.17;
T_33.7 ;
    %pushi/vec4 128, 0, 16;
    %store/vec4 v0000019906ad3070_0, 0, 16;
    %jmp T_33.17;
T_33.8 ;
    %pushi/vec4 256, 0, 16;
    %store/vec4 v0000019906ad3070_0, 0, 16;
    %jmp T_33.17;
T_33.9 ;
    %pushi/vec4 512, 0, 16;
    %store/vec4 v0000019906ad3070_0, 0, 16;
    %jmp T_33.17;
T_33.10 ;
    %pushi/vec4 1024, 0, 16;
    %store/vec4 v0000019906ad3070_0, 0, 16;
    %jmp T_33.17;
T_33.11 ;
    %pushi/vec4 2048, 0, 16;
    %store/vec4 v0000019906ad3070_0, 0, 16;
    %jmp T_33.17;
T_33.12 ;
    %pushi/vec4 4096, 0, 16;
    %store/vec4 v0000019906ad3070_0, 0, 16;
    %jmp T_33.17;
T_33.13 ;
    %pushi/vec4 8192, 0, 16;
    %store/vec4 v0000019906ad3070_0, 0, 16;
    %jmp T_33.17;
T_33.14 ;
    %pushi/vec4 16384, 0, 16;
    %store/vec4 v0000019906ad3070_0, 0, 16;
    %jmp T_33.17;
T_33.15 ;
    %pushi/vec4 32768, 0, 16;
    %store/vec4 v0000019906ad3070_0, 0, 16;
    %jmp T_33.17;
T_33.17 ;
    %pop/vec4 1;
    %jmp T_33;
    .thread T_33, $push;
    .scope S_0000019906ac9240;
T_34 ;
    %wait E_00000199069a6ba0;
    %load/vec4 v0000019906ab6510_0;
    %dup/vec4;
    %pushi/vec4 1, 0, 16;
    %cmp/u;
    %jmp/1 T_34.0, 6;
    %dup/vec4;
    %pushi/vec4 2, 0, 16;
    %cmp/u;
    %jmp/1 T_34.1, 6;
    %dup/vec4;
    %pushi/vec4 4, 0, 16;
    %cmp/u;
    %jmp/1 T_34.2, 6;
    %dup/vec4;
    %pushi/vec4 8, 0, 16;
    %cmp/u;
    %jmp/1 T_34.3, 6;
    %dup/vec4;
    %pushi/vec4 16, 0, 16;
    %cmp/u;
    %jmp/1 T_34.4, 6;
    %dup/vec4;
    %pushi/vec4 32, 0, 16;
    %cmp/u;
    %jmp/1 T_34.5, 6;
    %dup/vec4;
    %pushi/vec4 64, 0, 16;
    %cmp/u;
    %jmp/1 T_34.6, 6;
    %dup/vec4;
    %pushi/vec4 128, 0, 16;
    %cmp/u;
    %jmp/1 T_34.7, 6;
    %dup/vec4;
    %pushi/vec4 256, 0, 16;
    %cmp/u;
    %jmp/1 T_34.8, 6;
    %dup/vec4;
    %pushi/vec4 512, 0, 16;
    %cmp/u;
    %jmp/1 T_34.9, 6;
    %dup/vec4;
    %pushi/vec4 1024, 0, 16;
    %cmp/u;
    %jmp/1 T_34.10, 6;
    %dup/vec4;
    %pushi/vec4 2048, 0, 16;
    %cmp/u;
    %jmp/1 T_34.11, 6;
    %dup/vec4;
    %pushi/vec4 4096, 0, 16;
    %cmp/u;
    %jmp/1 T_34.12, 6;
    %dup/vec4;
    %pushi/vec4 8192, 0, 16;
    %cmp/u;
    %jmp/1 T_34.13, 6;
    %dup/vec4;
    %pushi/vec4 16384, 0, 16;
    %cmp/u;
    %jmp/1 T_34.14, 6;
    %dup/vec4;
    %pushi/vec4 32768, 0, 16;
    %cmp/u;
    %jmp/1 T_34.15, 6;
    %load/vec4 v0000019906ab4b70_0;
    %store/vec4 v0000019906ab7050_0, 0, 5;
    %jmp T_34.17;
T_34.0 ;
    %pushi/vec4 0, 0, 5;
    %store/vec4 v0000019906ab7050_0, 0, 5;
    %jmp T_34.17;
T_34.1 ;
    %pushi/vec4 1, 0, 5;
    %store/vec4 v0000019906ab7050_0, 0, 5;
    %jmp T_34.17;
T_34.2 ;
    %pushi/vec4 2, 0, 5;
    %store/vec4 v0000019906ab7050_0, 0, 5;
    %jmp T_34.17;
T_34.3 ;
    %pushi/vec4 3, 0, 5;
    %store/vec4 v0000019906ab7050_0, 0, 5;
    %jmp T_34.17;
T_34.4 ;
    %pushi/vec4 4, 0, 5;
    %store/vec4 v0000019906ab7050_0, 0, 5;
    %jmp T_34.17;
T_34.5 ;
    %pushi/vec4 5, 0, 5;
    %store/vec4 v0000019906ab7050_0, 0, 5;
    %jmp T_34.17;
T_34.6 ;
    %pushi/vec4 6, 0, 5;
    %store/vec4 v0000019906ab7050_0, 0, 5;
    %jmp T_34.17;
T_34.7 ;
    %pushi/vec4 7, 0, 5;
    %store/vec4 v0000019906ab7050_0, 0, 5;
    %jmp T_34.17;
T_34.8 ;
    %pushi/vec4 8, 0, 5;
    %store/vec4 v0000019906ab7050_0, 0, 5;
    %jmp T_34.17;
T_34.9 ;
    %pushi/vec4 9, 0, 5;
    %store/vec4 v0000019906ab7050_0, 0, 5;
    %jmp T_34.17;
T_34.10 ;
    %pushi/vec4 10, 0, 5;
    %store/vec4 v0000019906ab7050_0, 0, 5;
    %jmp T_34.17;
T_34.11 ;
    %pushi/vec4 11, 0, 5;
    %store/vec4 v0000019906ab7050_0, 0, 5;
    %jmp T_34.17;
T_34.12 ;
    %pushi/vec4 12, 0, 5;
    %store/vec4 v0000019906ab7050_0, 0, 5;
    %jmp T_34.17;
T_34.13 ;
    %pushi/vec4 13, 0, 5;
    %store/vec4 v0000019906ab7050_0, 0, 5;
    %jmp T_34.17;
T_34.14 ;
    %pushi/vec4 14, 0, 5;
    %store/vec4 v0000019906ab7050_0, 0, 5;
    %jmp T_34.17;
T_34.15 ;
    %pushi/vec4 15, 0, 5;
    %store/vec4 v0000019906ab7050_0, 0, 5;
    %jmp T_34.17;
T_34.17 ;
    %pop/vec4 1;
    %jmp T_34;
    .thread T_34, $push;
    .scope S_0000019906ab2490;
T_35 ;
    %wait E_00000199069a1920;
    %load/vec4 v0000019906ab70f0_0;
    %flag_set/vec4 8;
    %jmp/0xz  T_35.0, 8;
    %pushi/vec4 0, 0, 1;
    %assign/vec4 v0000019906ab9030_0, 0;
    %jmp T_35.1;
T_35.0 ;
    %load/vec4 v0000019906ab75f0_0;
    %flag_set/vec4 8;
    %jmp/0xz  T_35.2, 8;
    %load/vec4 v0000019906ab7730_0;
    %assign/vec4 v0000019906ab9030_0, 0;
T_35.2 ;
T_35.1 ;
    %jmp T_35;
    .thread T_35;
    .scope S_0000019906a078d0;
T_36 ;
    %wait E_00000199069a2e20;
    %load/vec4 v00000199069bebf0_0;
    %dup/vec4;
    %pushi/vec4 0, 0, 3;
    %cmp/u;
    %jmp/1 T_36.0, 6;
    %dup/vec4;
    %pushi/vec4 1, 0, 3;
    %cmp/u;
    %jmp/1 T_36.1, 6;
    %dup/vec4;
    %pushi/vec4 2, 0, 3;
    %cmp/u;
    %jmp/1 T_36.2, 6;
    %dup/vec4;
    %pushi/vec4 3, 0, 3;
    %cmp/u;
    %jmp/1 T_36.3, 6;
    %dup/vec4;
    %pushi/vec4 4, 0, 3;
    %cmp/u;
    %jmp/1 T_36.4, 6;
    %dup/vec4;
    %pushi/vec4 5, 0, 3;
    %cmp/u;
    %jmp/1 T_36.5, 6;
    %dup/vec4;
    %pushi/vec4 6, 0, 3;
    %cmp/u;
    %jmp/1 T_36.6, 6;
    %dup/vec4;
    %pushi/vec4 7, 0, 3;
    %cmp/u;
    %jmp/1 T_36.7, 6;
    %pushi/vec4 0, 0, 64;
    %store/vec4 v00000199069be290_0, 0, 64;
    %jmp T_36.9;
T_36.0 ;
    %pushi/vec4 0, 0, 64;
    %store/vec4 v00000199069be290_0, 0, 64;
    %jmp T_36.9;
T_36.1 ;
    %load/vec4 v00000199069bde30_0;
    %store/vec4 v00000199069be290_0, 0, 64;
    %jmp T_36.9;
T_36.2 ;
    %load/vec4 v00000199069bde30_0;
    %store/vec4 v00000199069be290_0, 0, 64;
    %jmp T_36.9;
T_36.3 ;
    %load/vec4 v00000199069bd890_0;
    %store/vec4 v00000199069be290_0, 0, 64;
    %jmp T_36.9;
T_36.4 ;
    %load/vec4 v00000199069bd890_0;
    %inv;
    %pushi/vec4 1, 0, 64;
    %add;
    %store/vec4 v00000199069be290_0, 0, 64;
    %jmp T_36.9;
T_36.5 ;
    %load/vec4 v00000199069bde30_0;
    %inv;
    %pushi/vec4 1, 0, 64;
    %add;
    %store/vec4 v00000199069be290_0, 0, 64;
    %jmp T_36.9;
T_36.6 ;
    %load/vec4 v00000199069bde30_0;
    %inv;
    %pushi/vec4 1, 0, 64;
    %add;
    %store/vec4 v00000199069be290_0, 0, 64;
    %jmp T_36.9;
T_36.7 ;
    %pushi/vec4 0, 0, 64;
    %store/vec4 v00000199069be290_0, 0, 64;
    %jmp T_36.9;
T_36.9 ;
    %pop/vec4 1;
    %jmp T_36;
    .thread T_36, $push;
    .scope S_000001990660be70;
T_37 ;
    %wait E_00000199069a3e20;
    %load/vec4 v00000199069bf050_0;
    %dup/vec4;
    %pushi/vec4 0, 0, 3;
    %cmp/u;
    %jmp/1 T_37.0, 6;
    %dup/vec4;
    %pushi/vec4 1, 0, 3;
    %cmp/u;
    %jmp/1 T_37.1, 6;
    %dup/vec4;
    %pushi/vec4 2, 0, 3;
    %cmp/u;
    %jmp/1 T_37.2, 6;
    %dup/vec4;
    %pushi/vec4 3, 0, 3;
    %cmp/u;
    %jmp/1 T_37.3, 6;
    %dup/vec4;
    %pushi/vec4 4, 0, 3;
    %cmp/u;
    %jmp/1 T_37.4, 6;
    %dup/vec4;
    %pushi/vec4 5, 0, 3;
    %cmp/u;
    %jmp/1 T_37.5, 6;
    %dup/vec4;
    %pushi/vec4 6, 0, 3;
    %cmp/u;
    %jmp/1 T_37.6, 6;
    %dup/vec4;
    %pushi/vec4 7, 0, 3;
    %cmp/u;
    %jmp/1 T_37.7, 6;
    %pushi/vec4 0, 0, 64;
    %store/vec4 v00000199069bf190_0, 0, 64;
    %jmp T_37.9;
T_37.0 ;
    %pushi/vec4 0, 0, 64;
    %store/vec4 v00000199069bf190_0, 0, 64;
    %jmp T_37.9;
T_37.1 ;
    %load/vec4 v00000199069bed30_0;
    %store/vec4 v00000199069bf190_0, 0, 64;
    %jmp T_37.9;
T_37.2 ;
    %load/vec4 v00000199069bed30_0;
    %store/vec4 v00000199069bf190_0, 0, 64;
    %jmp T_37.9;
T_37.3 ;
    %load/vec4 v00000199069beab0_0;
    %store/vec4 v00000199069bf190_0, 0, 64;
    %jmp T_37.9;
T_37.4 ;
    %load/vec4 v00000199069beab0_0;
    %inv;
    %pushi/vec4 1, 0, 64;
    %add;
    %store/vec4 v00000199069bf190_0, 0, 64;
    %jmp T_37.9;
T_37.5 ;
    %load/vec4 v00000199069bed30_0;
    %inv;
    %pushi/vec4 1, 0, 64;
    %add;
    %store/vec4 v00000199069bf190_0, 0, 64;
    %jmp T_37.9;
T_37.6 ;
    %load/vec4 v00000199069bed30_0;
    %inv;
    %pushi/vec4 1, 0, 64;
    %add;
    %store/vec4 v00000199069bf190_0, 0, 64;
    %jmp T_37.9;
T_37.7 ;
    %pushi/vec4 0, 0, 64;
    %store/vec4 v00000199069bf190_0, 0, 64;
    %jmp T_37.9;
T_37.9 ;
    %pop/vec4 1;
    %jmp T_37;
    .thread T_37, $push;
    .scope S_0000019906609960;
T_38 ;
    %wait E_00000199069a4da0;
    %load/vec4 v00000199069c1170_0;
    %dup/vec4;
    %pushi/vec4 0, 0, 3;
    %cmp/u;
    %jmp/1 T_38.0, 6;
    %dup/vec4;
    %pushi/vec4 1, 0, 3;
    %cmp/u;
    %jmp/1 T_38.1, 6;
    %dup/vec4;
    %pushi/vec4 2, 0, 3;
    %cmp/u;
    %jmp/1 T_38.2, 6;
    %dup/vec4;
    %pushi/vec4 3, 0, 3;
    %cmp/u;
    %jmp/1 T_38.3, 6;
    %dup/vec4;
    %pushi/vec4 4, 0, 3;
    %cmp/u;
    %jmp/1 T_38.4, 6;
    %dup/vec4;
    %pushi/vec4 5, 0, 3;
    %cmp/u;
    %jmp/1 T_38.5, 6;
    %dup/vec4;
    %pushi/vec4 6, 0, 3;
    %cmp/u;
    %jmp/1 T_38.6, 6;
    %dup/vec4;
    %pushi/vec4 7, 0, 3;
    %cmp/u;
    %jmp/1 T_38.7, 6;
    %pushi/vec4 0, 0, 64;
    %store/vec4 v00000199069c0770_0, 0, 64;
    %jmp T_38.9;
T_38.0 ;
    %pushi/vec4 0, 0, 64;
    %store/vec4 v00000199069c0770_0, 0, 64;
    %jmp T_38.9;
T_38.1 ;
    %load/vec4 v00000199069c1b70_0;
    %store/vec4 v00000199069c0770_0, 0, 64;
    %jmp T_38.9;
T_38.2 ;
    %load/vec4 v00000199069c1b70_0;
    %store/vec4 v00000199069c0770_0, 0, 64;
    %jmp T_38.9;
T_38.3 ;
    %load/vec4 v00000199069c1210_0;
    %store/vec4 v00000199069c0770_0, 0, 64;
    %jmp T_38.9;
T_38.4 ;
    %load/vec4 v00000199069c1210_0;
    %inv;
    %pushi/vec4 1, 0, 64;
    %add;
    %store/vec4 v00000199069c0770_0, 0, 64;
    %jmp T_38.9;
T_38.5 ;
    %load/vec4 v00000199069c1b70_0;
    %inv;
    %pushi/vec4 1, 0, 64;
    %add;
    %store/vec4 v00000199069c0770_0, 0, 64;
    %jmp T_38.9;
T_38.6 ;
    %load/vec4 v00000199069c1b70_0;
    %inv;
    %pushi/vec4 1, 0, 64;
    %add;
    %store/vec4 v00000199069c0770_0, 0, 64;
    %jmp T_38.9;
T_38.7 ;
    %pushi/vec4 0, 0, 64;
    %store/vec4 v00000199069c0770_0, 0, 64;
    %jmp T_38.9;
T_38.9 ;
    %pop/vec4 1;
    %jmp T_38;
    .thread T_38, $push;
    .scope S_0000019906609050;
T_39 ;
    %wait E_00000199069a4960;
    %load/vec4 v00000199069bfd70_0;
    %dup/vec4;
    %pushi/vec4 0, 0, 3;
    %cmp/u;
    %jmp/1 T_39.0, 6;
    %dup/vec4;
    %pushi/vec4 1, 0, 3;
    %cmp/u;
    %jmp/1 T_39.1, 6;
    %dup/vec4;
    %pushi/vec4 2, 0, 3;
    %cmp/u;
    %jmp/1 T_39.2, 6;
    %dup/vec4;
    %pushi/vec4 3, 0, 3;
    %cmp/u;
    %jmp/1 T_39.3, 6;
    %dup/vec4;
    %pushi/vec4 4, 0, 3;
    %cmp/u;
    %jmp/1 T_39.4, 6;
    %dup/vec4;
    %pushi/vec4 5, 0, 3;
    %cmp/u;
    %jmp/1 T_39.5, 6;
    %dup/vec4;
    %pushi/vec4 6, 0, 3;
    %cmp/u;
    %jmp/1 T_39.6, 6;
    %dup/vec4;
    %pushi/vec4 7, 0, 3;
    %cmp/u;
    %jmp/1 T_39.7, 6;
    %pushi/vec4 0, 0, 64;
    %store/vec4 v00000199069c0ef0_0, 0, 64;
    %jmp T_39.9;
T_39.0 ;
    %pushi/vec4 0, 0, 64;
    %store/vec4 v00000199069c0ef0_0, 0, 64;
    %jmp T_39.9;
T_39.1 ;
    %load/vec4 v00000199069c0d10_0;
    %store/vec4 v00000199069c0ef0_0, 0, 64;
    %jmp T_39.9;
T_39.2 ;
    %load/vec4 v00000199069c0d10_0;
    %store/vec4 v00000199069c0ef0_0, 0, 64;
    %jmp T_39.9;
T_39.3 ;
    %load/vec4 v00000199069bfa50_0;
    %store/vec4 v00000199069c0ef0_0, 0, 64;
    %jmp T_39.9;
T_39.4 ;
    %load/vec4 v00000199069bfa50_0;
    %inv;
    %pushi/vec4 1, 0, 64;
    %add;
    %store/vec4 v00000199069c0ef0_0, 0, 64;
    %jmp T_39.9;
T_39.5 ;
    %load/vec4 v00000199069c0d10_0;
    %inv;
    %pushi/vec4 1, 0, 64;
    %add;
    %store/vec4 v00000199069c0ef0_0, 0, 64;
    %jmp T_39.9;
T_39.6 ;
    %load/vec4 v00000199069c0d10_0;
    %inv;
    %pushi/vec4 1, 0, 64;
    %add;
    %store/vec4 v00000199069c0ef0_0, 0, 64;
    %jmp T_39.9;
T_39.7 ;
    %pushi/vec4 0, 0, 64;
    %store/vec4 v00000199069c0ef0_0, 0, 64;
    %jmp T_39.9;
T_39.9 ;
    %pop/vec4 1;
    %jmp T_39;
    .thread T_39, $push;
    .scope S_0000019906604b40;
T_40 ;
    %wait E_00000199069a40e0;
    %load/vec4 v00000199069c1d50_0;
    %dup/vec4;
    %pushi/vec4 0, 0, 3;
    %cmp/u;
    %jmp/1 T_40.0, 6;
    %dup/vec4;
    %pushi/vec4 1, 0, 3;
    %cmp/u;
    %jmp/1 T_40.1, 6;
    %dup/vec4;
    %pushi/vec4 2, 0, 3;
    %cmp/u;
    %jmp/1 T_40.2, 6;
    %dup/vec4;
    %pushi/vec4 3, 0, 3;
    %cmp/u;
    %jmp/1 T_40.3, 6;
    %dup/vec4;
    %pushi/vec4 4, 0, 3;
    %cmp/u;
    %jmp/1 T_40.4, 6;
    %dup/vec4;
    %pushi/vec4 5, 0, 3;
    %cmp/u;
    %jmp/1 T_40.5, 6;
    %dup/vec4;
    %pushi/vec4 6, 0, 3;
    %cmp/u;
    %jmp/1 T_40.6, 6;
    %dup/vec4;
    %pushi/vec4 7, 0, 3;
    %cmp/u;
    %jmp/1 T_40.7, 6;
    %pushi/vec4 0, 0, 64;
    %store/vec4 v00000199069bf910_0, 0, 64;
    %jmp T_40.9;
T_40.0 ;
    %pushi/vec4 0, 0, 64;
    %store/vec4 v00000199069bf910_0, 0, 64;
    %jmp T_40.9;
T_40.1 ;
    %load/vec4 v00000199069c0f90_0;
    %store/vec4 v00000199069bf910_0, 0, 64;
    %jmp T_40.9;
T_40.2 ;
    %load/vec4 v00000199069c0f90_0;
    %store/vec4 v00000199069bf910_0, 0, 64;
    %jmp T_40.9;
T_40.3 ;
    %load/vec4 v00000199069c0b30_0;
    %store/vec4 v00000199069bf910_0, 0, 64;
    %jmp T_40.9;
T_40.4 ;
    %load/vec4 v00000199069c0b30_0;
    %inv;
    %pushi/vec4 1, 0, 64;
    %add;
    %store/vec4 v00000199069bf910_0, 0, 64;
    %jmp T_40.9;
T_40.5 ;
    %load/vec4 v00000199069c0f90_0;
    %inv;
    %pushi/vec4 1, 0, 64;
    %add;
    %store/vec4 v00000199069bf910_0, 0, 64;
    %jmp T_40.9;
T_40.6 ;
    %load/vec4 v00000199069c0f90_0;
    %inv;
    %pushi/vec4 1, 0, 64;
    %add;
    %store/vec4 v00000199069bf910_0, 0, 64;
    %jmp T_40.9;
T_40.7 ;
    %pushi/vec4 0, 0, 64;
    %store/vec4 v00000199069bf910_0, 0, 64;
    %jmp T_40.9;
T_40.9 ;
    %pop/vec4 1;
    %jmp T_40;
    .thread T_40, $push;
    .scope S_0000019906a5a0d0;
T_41 ;
    %wait E_00000199069a4b60;
    %load/vec4 v00000199069bfff0_0;
    %dup/vec4;
    %pushi/vec4 0, 0, 3;
    %cmp/u;
    %jmp/1 T_41.0, 6;
    %dup/vec4;
    %pushi/vec4 1, 0, 3;
    %cmp/u;
    %jmp/1 T_41.1, 6;
    %dup/vec4;
    %pushi/vec4 2, 0, 3;
    %cmp/u;
    %jmp/1 T_41.2, 6;
    %dup/vec4;
    %pushi/vec4 3, 0, 3;
    %cmp/u;
    %jmp/1 T_41.3, 6;
    %dup/vec4;
    %pushi/vec4 4, 0, 3;
    %cmp/u;
    %jmp/1 T_41.4, 6;
    %dup/vec4;
    %pushi/vec4 5, 0, 3;
    %cmp/u;
    %jmp/1 T_41.5, 6;
    %dup/vec4;
    %pushi/vec4 6, 0, 3;
    %cmp/u;
    %jmp/1 T_41.6, 6;
    %dup/vec4;
    %pushi/vec4 7, 0, 3;
    %cmp/u;
    %jmp/1 T_41.7, 6;
    %pushi/vec4 0, 0, 64;
    %store/vec4 v00000199069c0090_0, 0, 64;
    %jmp T_41.9;
T_41.0 ;
    %pushi/vec4 0, 0, 64;
    %store/vec4 v00000199069c0090_0, 0, 64;
    %jmp T_41.9;
T_41.1 ;
    %load/vec4 v00000199069c0e50_0;
    %store/vec4 v00000199069c0090_0, 0, 64;
    %jmp T_41.9;
T_41.2 ;
    %load/vec4 v00000199069c0e50_0;
    %store/vec4 v00000199069c0090_0, 0, 64;
    %jmp T_41.9;
T_41.3 ;
    %load/vec4 v00000199069c0bd0_0;
    %store/vec4 v00000199069c0090_0, 0, 64;
    %jmp T_41.9;
T_41.4 ;
    %load/vec4 v00000199069c0bd0_0;
    %inv;
    %pushi/vec4 1, 0, 64;
    %add;
    %store/vec4 v00000199069c0090_0, 0, 64;
    %jmp T_41.9;
T_41.5 ;
    %load/vec4 v00000199069c0e50_0;
    %inv;
    %pushi/vec4 1, 0, 64;
    %add;
    %store/vec4 v00000199069c0090_0, 0, 64;
    %jmp T_41.9;
T_41.6 ;
    %load/vec4 v00000199069c0e50_0;
    %inv;
    %pushi/vec4 1, 0, 64;
    %add;
    %store/vec4 v00000199069c0090_0, 0, 64;
    %jmp T_41.9;
T_41.7 ;
    %pushi/vec4 0, 0, 64;
    %store/vec4 v00000199069c0090_0, 0, 64;
    %jmp T_41.9;
T_41.9 ;
    %pop/vec4 1;
    %jmp T_41;
    .thread T_41, $push;
    .scope S_0000019906a5aa30;
T_42 ;
    %wait E_00000199069a4020;
    %load/vec4 v00000199069c1cb0_0;
    %dup/vec4;
    %pushi/vec4 0, 0, 3;
    %cmp/u;
    %jmp/1 T_42.0, 6;
    %dup/vec4;
    %pushi/vec4 1, 0, 3;
    %cmp/u;
    %jmp/1 T_42.1, 6;
    %dup/vec4;
    %pushi/vec4 2, 0, 3;
    %cmp/u;
    %jmp/1 T_42.2, 6;
    %dup/vec4;
    %pushi/vec4 3, 0, 3;
    %cmp/u;
    %jmp/1 T_42.3, 6;
    %dup/vec4;
    %pushi/vec4 4, 0, 3;
    %cmp/u;
    %jmp/1 T_42.4, 6;
    %dup/vec4;
    %pushi/vec4 5, 0, 3;
    %cmp/u;
    %jmp/1 T_42.5, 6;
    %dup/vec4;
    %pushi/vec4 6, 0, 3;
    %cmp/u;
    %jmp/1 T_42.6, 6;
    %dup/vec4;
    %pushi/vec4 7, 0, 3;
    %cmp/u;
    %jmp/1 T_42.7, 6;
    %pushi/vec4 0, 0, 64;
    %store/vec4 v00000199069c0130_0, 0, 64;
    %jmp T_42.9;
T_42.0 ;
    %pushi/vec4 0, 0, 64;
    %store/vec4 v00000199069c0130_0, 0, 64;
    %jmp T_42.9;
T_42.1 ;
    %load/vec4 v00000199069c1850_0;
    %store/vec4 v00000199069c0130_0, 0, 64;
    %jmp T_42.9;
T_42.2 ;
    %load/vec4 v00000199069c1850_0;
    %store/vec4 v00000199069c0130_0, 0, 64;
    %jmp T_42.9;
T_42.3 ;
    %load/vec4 v00000199069c1710_0;
    %store/vec4 v00000199069c0130_0, 0, 64;
    %jmp T_42.9;
T_42.4 ;
    %load/vec4 v00000199069c1710_0;
    %inv;
    %pushi/vec4 1, 0, 64;
    %add;
    %store/vec4 v00000199069c0130_0, 0, 64;
    %jmp T_42.9;
T_42.5 ;
    %load/vec4 v00000199069c1850_0;
    %inv;
    %pushi/vec4 1, 0, 64;
    %add;
    %store/vec4 v00000199069c0130_0, 0, 64;
    %jmp T_42.9;
T_42.6 ;
    %load/vec4 v00000199069c1850_0;
    %inv;
    %pushi/vec4 1, 0, 64;
    %add;
    %store/vec4 v00000199069c0130_0, 0, 64;
    %jmp T_42.9;
T_42.7 ;
    %pushi/vec4 0, 0, 64;
    %store/vec4 v00000199069c0130_0, 0, 64;
    %jmp T_42.9;
T_42.9 ;
    %pop/vec4 1;
    %jmp T_42;
    .thread T_42, $push;
    .scope S_0000019906a5abc0;
T_43 ;
    %wait E_00000199069a3fe0;
    %load/vec4 v00000199067c4d20_0;
    %dup/vec4;
    %pushi/vec4 0, 0, 3;
    %cmp/u;
    %jmp/1 T_43.0, 6;
    %dup/vec4;
    %pushi/vec4 1, 0, 3;
    %cmp/u;
    %jmp/1 T_43.1, 6;
    %dup/vec4;
    %pushi/vec4 2, 0, 3;
    %cmp/u;
    %jmp/1 T_43.2, 6;
    %dup/vec4;
    %pushi/vec4 3, 0, 3;
    %cmp/u;
    %jmp/1 T_43.3, 6;
    %dup/vec4;
    %pushi/vec4 4, 0, 3;
    %cmp/u;
    %jmp/1 T_43.4, 6;
    %dup/vec4;
    %pushi/vec4 5, 0, 3;
    %cmp/u;
    %jmp/1 T_43.5, 6;
    %dup/vec4;
    %pushi/vec4 6, 0, 3;
    %cmp/u;
    %jmp/1 T_43.6, 6;
    %dup/vec4;
    %pushi/vec4 7, 0, 3;
    %cmp/u;
    %jmp/1 T_43.7, 6;
    %pushi/vec4 0, 0, 64;
    %store/vec4 v00000199067c5220_0, 0, 64;
    %jmp T_43.9;
T_43.0 ;
    %pushi/vec4 0, 0, 64;
    %store/vec4 v00000199067c5220_0, 0, 64;
    %jmp T_43.9;
T_43.1 ;
    %load/vec4 v00000199067c5040_0;
    %store/vec4 v00000199067c5220_0, 0, 64;
    %jmp T_43.9;
T_43.2 ;
    %load/vec4 v00000199067c5040_0;
    %store/vec4 v00000199067c5220_0, 0, 64;
    %jmp T_43.9;
T_43.3 ;
    %load/vec4 v00000199069c4870_0;
    %store/vec4 v00000199067c5220_0, 0, 64;
    %jmp T_43.9;
T_43.4 ;
    %load/vec4 v00000199069c4870_0;
    %inv;
    %pushi/vec4 1, 0, 64;
    %add;
    %store/vec4 v00000199067c5220_0, 0, 64;
    %jmp T_43.9;
T_43.5 ;
    %load/vec4 v00000199067c5040_0;
    %inv;
    %pushi/vec4 1, 0, 64;
    %add;
    %store/vec4 v00000199067c5220_0, 0, 64;
    %jmp T_43.9;
T_43.6 ;
    %load/vec4 v00000199067c5040_0;
    %inv;
    %pushi/vec4 1, 0, 64;
    %add;
    %store/vec4 v00000199067c5220_0, 0, 64;
    %jmp T_43.9;
T_43.7 ;
    %pushi/vec4 0, 0, 64;
    %store/vec4 v00000199067c5220_0, 0, 64;
    %jmp T_43.9;
T_43.9 ;
    %pop/vec4 1;
    %jmp T_43;
    .thread T_43, $push;
    .scope S_0000019906a59f40;
T_44 ;
    %wait E_00000199069a4220;
    %load/vec4 v0000019906825ea0_0;
    %dup/vec4;
    %pushi/vec4 0, 0, 3;
    %cmp/u;
    %jmp/1 T_44.0, 6;
    %dup/vec4;
    %pushi/vec4 1, 0, 3;
    %cmp/u;
    %jmp/1 T_44.1, 6;
    %dup/vec4;
    %pushi/vec4 2, 0, 3;
    %cmp/u;
    %jmp/1 T_44.2, 6;
    %dup/vec4;
    %pushi/vec4 3, 0, 3;
    %cmp/u;
    %jmp/1 T_44.3, 6;
    %dup/vec4;
    %pushi/vec4 4, 0, 3;
    %cmp/u;
    %jmp/1 T_44.4, 6;
    %dup/vec4;
    %pushi/vec4 5, 0, 3;
    %cmp/u;
    %jmp/1 T_44.5, 6;
    %dup/vec4;
    %pushi/vec4 6, 0, 3;
    %cmp/u;
    %jmp/1 T_44.6, 6;
    %dup/vec4;
    %pushi/vec4 7, 0, 3;
    %cmp/u;
    %jmp/1 T_44.7, 6;
    %pushi/vec4 0, 0, 64;
    %store/vec4 v0000019906826080_0, 0, 64;
    %jmp T_44.9;
T_44.0 ;
    %pushi/vec4 0, 0, 64;
    %store/vec4 v0000019906826080_0, 0, 64;
    %jmp T_44.9;
T_44.1 ;
    %load/vec4 v0000019906826d00_0;
    %store/vec4 v0000019906826080_0, 0, 64;
    %jmp T_44.9;
T_44.2 ;
    %load/vec4 v0000019906826d00_0;
    %store/vec4 v0000019906826080_0, 0, 64;
    %jmp T_44.9;
T_44.3 ;
    %load/vec4 v00000199068266c0_0;
    %store/vec4 v0000019906826080_0, 0, 64;
    %jmp T_44.9;
T_44.4 ;
    %load/vec4 v00000199068266c0_0;
    %inv;
    %pushi/vec4 1, 0, 64;
    %add;
    %store/vec4 v0000019906826080_0, 0, 64;
    %jmp T_44.9;
T_44.5 ;
    %load/vec4 v0000019906826d00_0;
    %inv;
    %pushi/vec4 1, 0, 64;
    %add;
    %store/vec4 v0000019906826080_0, 0, 64;
    %jmp T_44.9;
T_44.6 ;
    %load/vec4 v0000019906826d00_0;
    %inv;
    %pushi/vec4 1, 0, 64;
    %add;
    %store/vec4 v0000019906826080_0, 0, 64;
    %jmp T_44.9;
T_44.7 ;
    %pushi/vec4 0, 0, 64;
    %store/vec4 v0000019906826080_0, 0, 64;
    %jmp T_44.9;
T_44.9 ;
    %pop/vec4 1;
    %jmp T_44;
    .thread T_44, $push;
    .scope S_0000019906a5a260;
T_45 ;
    %wait E_00000199069a4f60;
    %load/vec4 v0000019906a647b0_0;
    %dup/vec4;
    %pushi/vec4 0, 0, 3;
    %cmp/u;
    %jmp/1 T_45.0, 6;
    %dup/vec4;
    %pushi/vec4 1, 0, 3;
    %cmp/u;
    %jmp/1 T_45.1, 6;
    %dup/vec4;
    %pushi/vec4 2, 0, 3;
    %cmp/u;
    %jmp/1 T_45.2, 6;
    %dup/vec4;
    %pushi/vec4 3, 0, 3;
    %cmp/u;
    %jmp/1 T_45.3, 6;
    %dup/vec4;
    %pushi/vec4 4, 0, 3;
    %cmp/u;
    %jmp/1 T_45.4, 6;
    %dup/vec4;
    %pushi/vec4 5, 0, 3;
    %cmp/u;
    %jmp/1 T_45.5, 6;
    %dup/vec4;
    %pushi/vec4 6, 0, 3;
    %cmp/u;
    %jmp/1 T_45.6, 6;
    %dup/vec4;
    %pushi/vec4 7, 0, 3;
    %cmp/u;
    %jmp/1 T_45.7, 6;
    %pushi/vec4 0, 0, 64;
    %store/vec4 v0000019906a63310_0, 0, 64;
    %jmp T_45.9;
T_45.0 ;
    %pushi/vec4 0, 0, 64;
    %store/vec4 v0000019906a63310_0, 0, 64;
    %jmp T_45.9;
T_45.1 ;
    %load/vec4 v0000019906805f80_0;
    %store/vec4 v0000019906a63310_0, 0, 64;
    %jmp T_45.9;
T_45.2 ;
    %load/vec4 v0000019906805f80_0;
    %store/vec4 v0000019906a63310_0, 0, 64;
    %jmp T_45.9;
T_45.3 ;
    %load/vec4 v00000199067c6190_0;
    %store/vec4 v0000019906a63310_0, 0, 64;
    %jmp T_45.9;
T_45.4 ;
    %load/vec4 v00000199067c6190_0;
    %inv;
    %pushi/vec4 1, 0, 64;
    %add;
    %store/vec4 v0000019906a63310_0, 0, 64;
    %jmp T_45.9;
T_45.5 ;
    %load/vec4 v0000019906805f80_0;
    %inv;
    %pushi/vec4 1, 0, 64;
    %add;
    %store/vec4 v0000019906a63310_0, 0, 64;
    %jmp T_45.9;
T_45.6 ;
    %load/vec4 v0000019906805f80_0;
    %inv;
    %pushi/vec4 1, 0, 64;
    %add;
    %store/vec4 v0000019906a63310_0, 0, 64;
    %jmp T_45.9;
T_45.7 ;
    %pushi/vec4 0, 0, 64;
    %store/vec4 v0000019906a63310_0, 0, 64;
    %jmp T_45.9;
T_45.9 ;
    %pop/vec4 1;
    %jmp T_45;
    .thread T_45, $push;
    .scope S_0000019906a6bbe0;
T_46 ;
    %wait E_00000199069a40a0;
    %load/vec4 v0000019906a62cd0_0;
    %dup/vec4;
    %pushi/vec4 0, 0, 3;
    %cmp/u;
    %jmp/1 T_46.0, 6;
    %dup/vec4;
    %pushi/vec4 1, 0, 3;
    %cmp/u;
    %jmp/1 T_46.1, 6;
    %dup/vec4;
    %pushi/vec4 2, 0, 3;
    %cmp/u;
    %jmp/1 T_46.2, 6;
    %dup/vec4;
    %pushi/vec4 3, 0, 3;
    %cmp/u;
    %jmp/1 T_46.3, 6;
    %dup/vec4;
    %pushi/vec4 4, 0, 3;
    %cmp/u;
    %jmp/1 T_46.4, 6;
    %dup/vec4;
    %pushi/vec4 5, 0, 3;
    %cmp/u;
    %jmp/1 T_46.5, 6;
    %dup/vec4;
    %pushi/vec4 6, 0, 3;
    %cmp/u;
    %jmp/1 T_46.6, 6;
    %dup/vec4;
    %pushi/vec4 7, 0, 3;
    %cmp/u;
    %jmp/1 T_46.7, 6;
    %pushi/vec4 0, 0, 64;
    %store/vec4 v0000019906a63b30_0, 0, 64;
    %jmp T_46.9;
T_46.0 ;
    %pushi/vec4 0, 0, 64;
    %store/vec4 v0000019906a63b30_0, 0, 64;
    %jmp T_46.9;
T_46.1 ;
    %load/vec4 v0000019906a63270_0;
    %store/vec4 v0000019906a63b30_0, 0, 64;
    %jmp T_46.9;
T_46.2 ;
    %load/vec4 v0000019906a63270_0;
    %store/vec4 v0000019906a63b30_0, 0, 64;
    %jmp T_46.9;
T_46.3 ;
    %load/vec4 v0000019906a634f0_0;
    %store/vec4 v0000019906a63b30_0, 0, 64;
    %jmp T_46.9;
T_46.4 ;
    %load/vec4 v0000019906a634f0_0;
    %inv;
    %pushi/vec4 1, 0, 64;
    %add;
    %store/vec4 v0000019906a63b30_0, 0, 64;
    %jmp T_46.9;
T_46.5 ;
    %load/vec4 v0000019906a63270_0;
    %inv;
    %pushi/vec4 1, 0, 64;
    %add;
    %store/vec4 v0000019906a63b30_0, 0, 64;
    %jmp T_46.9;
T_46.6 ;
    %load/vec4 v0000019906a63270_0;
    %inv;
    %pushi/vec4 1, 0, 64;
    %add;
    %store/vec4 v0000019906a63b30_0, 0, 64;
    %jmp T_46.9;
T_46.7 ;
    %pushi/vec4 0, 0, 64;
    %store/vec4 v0000019906a63b30_0, 0, 64;
    %jmp T_46.9;
T_46.9 ;
    %pop/vec4 1;
    %jmp T_46;
    .thread T_46, $push;
    .scope S_0000019906a6b8c0;
T_47 ;
    %wait E_00000199069a45a0;
    %load/vec4 v0000019906a62b90_0;
    %dup/vec4;
    %pushi/vec4 0, 0, 3;
    %cmp/u;
    %jmp/1 T_47.0, 6;
    %dup/vec4;
    %pushi/vec4 1, 0, 3;
    %cmp/u;
    %jmp/1 T_47.1, 6;
    %dup/vec4;
    %pushi/vec4 2, 0, 3;
    %cmp/u;
    %jmp/1 T_47.2, 6;
    %dup/vec4;
    %pushi/vec4 3, 0, 3;
    %cmp/u;
    %jmp/1 T_47.3, 6;
    %dup/vec4;
    %pushi/vec4 4, 0, 3;
    %cmp/u;
    %jmp/1 T_47.4, 6;
    %dup/vec4;
    %pushi/vec4 5, 0, 3;
    %cmp/u;
    %jmp/1 T_47.5, 6;
    %dup/vec4;
    %pushi/vec4 6, 0, 3;
    %cmp/u;
    %jmp/1 T_47.6, 6;
    %dup/vec4;
    %pushi/vec4 7, 0, 3;
    %cmp/u;
    %jmp/1 T_47.7, 6;
    %pushi/vec4 0, 0, 64;
    %store/vec4 v0000019906a64d50_0, 0, 64;
    %jmp T_47.9;
T_47.0 ;
    %pushi/vec4 0, 0, 64;
    %store/vec4 v0000019906a64d50_0, 0, 64;
    %jmp T_47.9;
T_47.1 ;
    %load/vec4 v0000019906a63450_0;
    %store/vec4 v0000019906a64d50_0, 0, 64;
    %jmp T_47.9;
T_47.2 ;
    %load/vec4 v0000019906a63450_0;
    %store/vec4 v0000019906a64d50_0, 0, 64;
    %jmp T_47.9;
T_47.3 ;
    %load/vec4 v0000019906a62d70_0;
    %store/vec4 v0000019906a64d50_0, 0, 64;
    %jmp T_47.9;
T_47.4 ;
    %load/vec4 v0000019906a62d70_0;
    %inv;
    %pushi/vec4 1, 0, 64;
    %add;
    %store/vec4 v0000019906a64d50_0, 0, 64;
    %jmp T_47.9;
T_47.5 ;
    %load/vec4 v0000019906a63450_0;
    %inv;
    %pushi/vec4 1, 0, 64;
    %add;
    %store/vec4 v0000019906a64d50_0, 0, 64;
    %jmp T_47.9;
T_47.6 ;
    %load/vec4 v0000019906a63450_0;
    %inv;
    %pushi/vec4 1, 0, 64;
    %add;
    %store/vec4 v0000019906a64d50_0, 0, 64;
    %jmp T_47.9;
T_47.7 ;
    %pushi/vec4 0, 0, 64;
    %store/vec4 v0000019906a64d50_0, 0, 64;
    %jmp T_47.9;
T_47.9 ;
    %pop/vec4 1;
    %jmp T_47;
    .thread T_47, $push;
    .scope S_0000019906a6b730;
T_48 ;
    %wait E_00000199069a4720;
    %load/vec4 v0000019906a63bd0_0;
    %dup/vec4;
    %pushi/vec4 0, 0, 3;
    %cmp/u;
    %jmp/1 T_48.0, 6;
    %dup/vec4;
    %pushi/vec4 1, 0, 3;
    %cmp/u;
    %jmp/1 T_48.1, 6;
    %dup/vec4;
    %pushi/vec4 2, 0, 3;
    %cmp/u;
    %jmp/1 T_48.2, 6;
    %dup/vec4;
    %pushi/vec4 3, 0, 3;
    %cmp/u;
    %jmp/1 T_48.3, 6;
    %dup/vec4;
    %pushi/vec4 4, 0, 3;
    %cmp/u;
    %jmp/1 T_48.4, 6;
    %dup/vec4;
    %pushi/vec4 5, 0, 3;
    %cmp/u;
    %jmp/1 T_48.5, 6;
    %dup/vec4;
    %pushi/vec4 6, 0, 3;
    %cmp/u;
    %jmp/1 T_48.6, 6;
    %dup/vec4;
    %pushi/vec4 7, 0, 3;
    %cmp/u;
    %jmp/1 T_48.7, 6;
    %pushi/vec4 0, 0, 64;
    %store/vec4 v0000019906a63c70_0, 0, 64;
    %jmp T_48.9;
T_48.0 ;
    %pushi/vec4 0, 0, 64;
    %store/vec4 v0000019906a63c70_0, 0, 64;
    %jmp T_48.9;
T_48.1 ;
    %load/vec4 v0000019906a63e50_0;
    %store/vec4 v0000019906a63c70_0, 0, 64;
    %jmp T_48.9;
T_48.2 ;
    %load/vec4 v0000019906a63e50_0;
    %store/vec4 v0000019906a63c70_0, 0, 64;
    %jmp T_48.9;
T_48.3 ;
    %load/vec4 v0000019906a63810_0;
    %store/vec4 v0000019906a63c70_0, 0, 64;
    %jmp T_48.9;
T_48.4 ;
    %load/vec4 v0000019906a63810_0;
    %inv;
    %pushi/vec4 1, 0, 64;
    %add;
    %store/vec4 v0000019906a63c70_0, 0, 64;
    %jmp T_48.9;
T_48.5 ;
    %load/vec4 v0000019906a63e50_0;
    %inv;
    %pushi/vec4 1, 0, 64;
    %add;
    %store/vec4 v0000019906a63c70_0, 0, 64;
    %jmp T_48.9;
T_48.6 ;
    %load/vec4 v0000019906a63e50_0;
    %inv;
    %pushi/vec4 1, 0, 64;
    %add;
    %store/vec4 v0000019906a63c70_0, 0, 64;
    %jmp T_48.9;
T_48.7 ;
    %pushi/vec4 0, 0, 64;
    %store/vec4 v0000019906a63c70_0, 0, 64;
    %jmp T_48.9;
T_48.9 ;
    %pop/vec4 1;
    %jmp T_48;
    .thread T_48, $push;
    .scope S_0000019906a6af60;
T_49 ;
    %wait E_00000199069a4160;
    %load/vec4 v0000019906a64ad0_0;
    %dup/vec4;
    %pushi/vec4 0, 0, 3;
    %cmp/u;
    %jmp/1 T_49.0, 6;
    %dup/vec4;
    %pushi/vec4 1, 0, 3;
    %cmp/u;
    %jmp/1 T_49.1, 6;
    %dup/vec4;
    %pushi/vec4 2, 0, 3;
    %cmp/u;
    %jmp/1 T_49.2, 6;
    %dup/vec4;
    %pushi/vec4 3, 0, 3;
    %cmp/u;
    %jmp/1 T_49.3, 6;
    %dup/vec4;
    %pushi/vec4 4, 0, 3;
    %cmp/u;
    %jmp/1 T_49.4, 6;
    %dup/vec4;
    %pushi/vec4 5, 0, 3;
    %cmp/u;
    %jmp/1 T_49.5, 6;
    %dup/vec4;
    %pushi/vec4 6, 0, 3;
    %cmp/u;
    %jmp/1 T_49.6, 6;
    %dup/vec4;
    %pushi/vec4 7, 0, 3;
    %cmp/u;
    %jmp/1 T_49.7, 6;
    %pushi/vec4 0, 0, 64;
    %store/vec4 v0000019906a625f0_0, 0, 64;
    %jmp T_49.9;
T_49.0 ;
    %pushi/vec4 0, 0, 64;
    %store/vec4 v0000019906a625f0_0, 0, 64;
    %jmp T_49.9;
T_49.1 ;
    %load/vec4 v0000019906a63d10_0;
    %store/vec4 v0000019906a625f0_0, 0, 64;
    %jmp T_49.9;
T_49.2 ;
    %load/vec4 v0000019906a63d10_0;
    %store/vec4 v0000019906a625f0_0, 0, 64;
    %jmp T_49.9;
T_49.3 ;
    %load/vec4 v0000019906a63950_0;
    %store/vec4 v0000019906a625f0_0, 0, 64;
    %jmp T_49.9;
T_49.4 ;
    %load/vec4 v0000019906a63950_0;
    %inv;
    %pushi/vec4 1, 0, 64;
    %add;
    %store/vec4 v0000019906a625f0_0, 0, 64;
    %jmp T_49.9;
T_49.5 ;
    %load/vec4 v0000019906a63d10_0;
    %inv;
    %pushi/vec4 1, 0, 64;
    %add;
    %store/vec4 v0000019906a625f0_0, 0, 64;
    %jmp T_49.9;
T_49.6 ;
    %load/vec4 v0000019906a63d10_0;
    %inv;
    %pushi/vec4 1, 0, 64;
    %add;
    %store/vec4 v0000019906a625f0_0, 0, 64;
    %jmp T_49.9;
T_49.7 ;
    %pushi/vec4 0, 0, 64;
    %store/vec4 v0000019906a625f0_0, 0, 64;
    %jmp T_49.9;
T_49.9 ;
    %pop/vec4 1;
    %jmp T_49;
    .thread T_49, $push;
    .scope S_0000019906a6bd70;
T_50 ;
    %wait E_00000199069a4420;
    %load/vec4 v0000019906a65390_0;
    %dup/vec4;
    %pushi/vec4 0, 0, 3;
    %cmp/u;
    %jmp/1 T_50.0, 6;
    %dup/vec4;
    %pushi/vec4 1, 0, 3;
    %cmp/u;
    %jmp/1 T_50.1, 6;
    %dup/vec4;
    %pushi/vec4 2, 0, 3;
    %cmp/u;
    %jmp/1 T_50.2, 6;
    %dup/vec4;
    %pushi/vec4 3, 0, 3;
    %cmp/u;
    %jmp/1 T_50.3, 6;
    %dup/vec4;
    %pushi/vec4 4, 0, 3;
    %cmp/u;
    %jmp/1 T_50.4, 6;
    %dup/vec4;
    %pushi/vec4 5, 0, 3;
    %cmp/u;
    %jmp/1 T_50.5, 6;
    %dup/vec4;
    %pushi/vec4 6, 0, 3;
    %cmp/u;
    %jmp/1 T_50.6, 6;
    %dup/vec4;
    %pushi/vec4 7, 0, 3;
    %cmp/u;
    %jmp/1 T_50.7, 6;
    %pushi/vec4 0, 0, 64;
    %store/vec4 v0000019906a66b50_0, 0, 64;
    %jmp T_50.9;
T_50.0 ;
    %pushi/vec4 0, 0, 64;
    %store/vec4 v0000019906a66b50_0, 0, 64;
    %jmp T_50.9;
T_50.1 ;
    %load/vec4 v0000019906a648f0_0;
    %store/vec4 v0000019906a66b50_0, 0, 64;
    %jmp T_50.9;
T_50.2 ;
    %load/vec4 v0000019906a648f0_0;
    %store/vec4 v0000019906a66b50_0, 0, 64;
    %jmp T_50.9;
T_50.3 ;
    %load/vec4 v0000019906a64670_0;
    %store/vec4 v0000019906a66b50_0, 0, 64;
    %jmp T_50.9;
T_50.4 ;
    %load/vec4 v0000019906a64670_0;
    %inv;
    %pushi/vec4 1, 0, 64;
    %add;
    %store/vec4 v0000019906a66b50_0, 0, 64;
    %jmp T_50.9;
T_50.5 ;
    %load/vec4 v0000019906a648f0_0;
    %inv;
    %pushi/vec4 1, 0, 64;
    %add;
    %store/vec4 v0000019906a66b50_0, 0, 64;
    %jmp T_50.9;
T_50.6 ;
    %load/vec4 v0000019906a648f0_0;
    %inv;
    %pushi/vec4 1, 0, 64;
    %add;
    %store/vec4 v0000019906a66b50_0, 0, 64;
    %jmp T_50.9;
T_50.7 ;
    %pushi/vec4 0, 0, 64;
    %store/vec4 v0000019906a66b50_0, 0, 64;
    %jmp T_50.9;
T_50.9 ;
    %pop/vec4 1;
    %jmp T_50;
    .thread T_50, $push;
    .scope S_0000019906a6c090;
T_51 ;
    %wait E_00000199069a49e0;
    %load/vec4 v0000019906a66650_0;
    %dup/vec4;
    %pushi/vec4 0, 0, 3;
    %cmp/u;
    %jmp/1 T_51.0, 6;
    %dup/vec4;
    %pushi/vec4 1, 0, 3;
    %cmp/u;
    %jmp/1 T_51.1, 6;
    %dup/vec4;
    %pushi/vec4 2, 0, 3;
    %cmp/u;
    %jmp/1 T_51.2, 6;
    %dup/vec4;
    %pushi/vec4 3, 0, 3;
    %cmp/u;
    %jmp/1 T_51.3, 6;
    %dup/vec4;
    %pushi/vec4 4, 0, 3;
    %cmp/u;
    %jmp/1 T_51.4, 6;
    %dup/vec4;
    %pushi/vec4 5, 0, 3;
    %cmp/u;
    %jmp/1 T_51.5, 6;
    %dup/vec4;
    %pushi/vec4 6, 0, 3;
    %cmp/u;
    %jmp/1 T_51.6, 6;
    %dup/vec4;
    %pushi/vec4 7, 0, 3;
    %cmp/u;
    %jmp/1 T_51.7, 6;
    %pushi/vec4 0, 0, 64;
    %store/vec4 v0000019906a660b0_0, 0, 64;
    %jmp T_51.9;
T_51.0 ;
    %pushi/vec4 0, 0, 64;
    %store/vec4 v0000019906a660b0_0, 0, 64;
    %jmp T_51.9;
T_51.1 ;
    %load/vec4 v0000019906a659d0_0;
    %store/vec4 v0000019906a660b0_0, 0, 64;
    %jmp T_51.9;
T_51.2 ;
    %load/vec4 v0000019906a659d0_0;
    %store/vec4 v0000019906a660b0_0, 0, 64;
    %jmp T_51.9;
T_51.3 ;
    %load/vec4 v0000019906a66510_0;
    %store/vec4 v0000019906a660b0_0, 0, 64;
    %jmp T_51.9;
T_51.4 ;
    %load/vec4 v0000019906a66510_0;
    %inv;
    %pushi/vec4 1, 0, 64;
    %add;
    %store/vec4 v0000019906a660b0_0, 0, 64;
    %jmp T_51.9;
T_51.5 ;
    %load/vec4 v0000019906a659d0_0;
    %inv;
    %pushi/vec4 1, 0, 64;
    %add;
    %store/vec4 v0000019906a660b0_0, 0, 64;
    %jmp T_51.9;
T_51.6 ;
    %load/vec4 v0000019906a659d0_0;
    %inv;
    %pushi/vec4 1, 0, 64;
    %add;
    %store/vec4 v0000019906a660b0_0, 0, 64;
    %jmp T_51.9;
T_51.7 ;
    %pushi/vec4 0, 0, 64;
    %store/vec4 v0000019906a660b0_0, 0, 64;
    %jmp T_51.9;
T_51.9 ;
    %pop/vec4 1;
    %jmp T_51;
    .thread T_51, $push;
    .scope S_0000019906a6b0f0;
T_52 ;
    %wait E_00000199069a4560;
    %load/vec4 v0000019906a65750_0;
    %dup/vec4;
    %pushi/vec4 0, 0, 3;
    %cmp/u;
    %jmp/1 T_52.0, 6;
    %dup/vec4;
    %pushi/vec4 1, 0, 3;
    %cmp/u;
    %jmp/1 T_52.1, 6;
    %dup/vec4;
    %pushi/vec4 2, 0, 3;
    %cmp/u;
    %jmp/1 T_52.2, 6;
    %dup/vec4;
    %pushi/vec4 3, 0, 3;
    %cmp/u;
    %jmp/1 T_52.3, 6;
    %dup/vec4;
    %pushi/vec4 4, 0, 3;
    %cmp/u;
    %jmp/1 T_52.4, 6;
    %dup/vec4;
    %pushi/vec4 5, 0, 3;
    %cmp/u;
    %jmp/1 T_52.5, 6;
    %dup/vec4;
    %pushi/vec4 6, 0, 3;
    %cmp/u;
    %jmp/1 T_52.6, 6;
    %dup/vec4;
    %pushi/vec4 7, 0, 3;
    %cmp/u;
    %jmp/1 T_52.7, 6;
    %pushi/vec4 0, 0, 64;
    %store/vec4 v0000019906a64f30_0, 0, 64;
    %jmp T_52.9;
T_52.0 ;
    %pushi/vec4 0, 0, 64;
    %store/vec4 v0000019906a64f30_0, 0, 64;
    %jmp T_52.9;
T_52.1 ;
    %load/vec4 v0000019906a67370_0;
    %store/vec4 v0000019906a64f30_0, 0, 64;
    %jmp T_52.9;
T_52.2 ;
    %load/vec4 v0000019906a67370_0;
    %store/vec4 v0000019906a64f30_0, 0, 64;
    %jmp T_52.9;
T_52.3 ;
    %load/vec4 v0000019906a65e30_0;
    %store/vec4 v0000019906a64f30_0, 0, 64;
    %jmp T_52.9;
T_52.4 ;
    %load/vec4 v0000019906a65e30_0;
    %inv;
    %pushi/vec4 1, 0, 64;
    %add;
    %store/vec4 v0000019906a64f30_0, 0, 64;
    %jmp T_52.9;
T_52.5 ;
    %load/vec4 v0000019906a67370_0;
    %inv;
    %pushi/vec4 1, 0, 64;
    %add;
    %store/vec4 v0000019906a64f30_0, 0, 64;
    %jmp T_52.9;
T_52.6 ;
    %load/vec4 v0000019906a67370_0;
    %inv;
    %pushi/vec4 1, 0, 64;
    %add;
    %store/vec4 v0000019906a64f30_0, 0, 64;
    %jmp T_52.9;
T_52.7 ;
    %pushi/vec4 0, 0, 64;
    %store/vec4 v0000019906a64f30_0, 0, 64;
    %jmp T_52.9;
T_52.9 ;
    %pop/vec4 1;
    %jmp T_52;
    .thread T_52, $push;
    .scope S_0000019906a6b280;
T_53 ;
    %wait E_00000199069a45e0;
    %load/vec4 v0000019906a663d0_0;
    %cmpi/e 0, 0, 32;
    %jmp/0xz  T_53.0, 4;
    %pushi/vec4 4294967295, 0, 32;
    %store/vec4 v0000019906a66d30_0, 0, 32;
    %load/vec4 v0000019906a66fb0_0;
    %store/vec4 v0000019906a65bb0_0, 0, 32;
    %jmp T_53.1;
T_53.0 ;
    %pushi/vec4 0, 0, 32;
    %load/vec4 v0000019906a66fb0_0;
    %concat/vec4; draw_concat_vec4
    %store/vec4 v0000019906a656b0_0, 0, 64;
    %load/vec4 v0000019906a663d0_0;
    %store/vec4 v0000019906a670f0_0, 0, 32;
    %pushi/vec4 0, 0, 32;
    %store/vec4 v0000019906a66ab0_0, 0, 32;
T_53.2 ;
    %load/vec4 v0000019906a66ab0_0;
    %cmpi/s 32, 0, 32;
    %jmp/0xz T_53.3, 5;
    %load/vec4 v0000019906a656b0_0;
    %ix/load 4, 1, 0;
    %flag_set/imm 4, 0;
    %shiftl 4;
    %store/vec4 v0000019906a656b0_0, 0, 64;
    %load/vec4 v0000019906a656b0_0;
    %parti/s 1, 63, 7;
    %flag_set/vec4 8;
    %jmp/0xz  T_53.4, 8;
    %load/vec4 v0000019906a656b0_0;
    %parti/s 32, 32, 7;
    %load/vec4 v0000019906a670f0_0;
    %add;
    %ix/load 4, 32, 0;
    %flag_set/imm 4, 0;
    %store/vec4 v0000019906a656b0_0, 4, 32;
    %jmp T_53.5;
T_53.4 ;
    %load/vec4 v0000019906a656b0_0;
    %parti/s 32, 32, 7;
    %load/vec4 v0000019906a670f0_0;
    %sub;
    %ix/load 4, 32, 0;
    %flag_set/imm 4, 0;
    %store/vec4 v0000019906a656b0_0, 4, 32;
T_53.5 ;
    %load/vec4 v0000019906a656b0_0;
    %parti/s 1, 63, 7;
    %flag_set/vec4 8;
    %jmp/0xz  T_53.6, 8;
    %pushi/vec4 0, 0, 1;
    %ix/load 4, 0, 0;
    %flag_set/imm 4, 0;
    %store/vec4 v0000019906a656b0_0, 4, 1;
    %jmp T_53.7;
T_53.6 ;
    %pushi/vec4 1, 0, 1;
    %ix/load 4, 0, 0;
    %flag_set/imm 4, 0;
    %store/vec4 v0000019906a656b0_0, 4, 1;
T_53.7 ;
    %load/vec4 v0000019906a66ab0_0;
    %addi 1, 0, 32;
    %store/vec4 v0000019906a66ab0_0, 0, 32;
    %jmp T_53.2;
T_53.3 ;
    %load/vec4 v0000019906a656b0_0;
    %parti/s 1, 63, 7;
    %flag_set/vec4 8;
    %jmp/0xz  T_53.8, 8;
    %load/vec4 v0000019906a656b0_0;
    %parti/s 32, 32, 7;
    %load/vec4 v0000019906a670f0_0;
    %add;
    %store/vec4 v0000019906a65bb0_0, 0, 32;
    %jmp T_53.9;
T_53.8 ;
    %load/vec4 v0000019906a656b0_0;
    %parti/s 32, 32, 7;
    %store/vec4 v0000019906a65bb0_0, 0, 32;
T_53.9 ;
    %load/vec4 v0000019906a656b0_0;
    %parti/s 32, 0, 2;
    %store/vec4 v0000019906a66d30_0, 0, 32;
T_53.1 ;
    %jmp T_53;
    .thread T_53, $push;
    .scope S_0000019906a06a50;
T_54 ;
    %wait E_00000199069a25a0;
    %pushi/vec4 0, 0, 1;
    %store/vec4 v0000019906aa1880_0, 0, 1;
    %load/vec4 v0000019906aa2820_0;
    %dup/vec4;
    %pushi/vec4 0, 0, 5;
    %cmp/u;
    %jmp/1 T_54.0, 6;
    %dup/vec4;
    %pushi/vec4 1, 0, 5;
    %cmp/u;
    %jmp/1 T_54.1, 6;
    %dup/vec4;
    %pushi/vec4 2, 0, 5;
    %cmp/u;
    %jmp/1 T_54.2, 6;
    %dup/vec4;
    %pushi/vec4 3, 0, 5;
    %cmp/u;
    %jmp/1 T_54.3, 6;
    %dup/vec4;
    %pushi/vec4 4, 0, 5;
    %cmp/u;
    %jmp/1 T_54.4, 6;
    %dup/vec4;
    %pushi/vec4 5, 0, 5;
    %cmp/u;
    %jmp/1 T_54.5, 6;
    %dup/vec4;
    %pushi/vec4 6, 0, 5;
    %cmp/u;
    %jmp/1 T_54.6, 6;
    %dup/vec4;
    %pushi/vec4 7, 0, 5;
    %cmp/u;
    %jmp/1 T_54.7, 6;
    %dup/vec4;
    %pushi/vec4 8, 0, 5;
    %cmp/u;
    %jmp/1 T_54.8, 6;
    %dup/vec4;
    %pushi/vec4 9, 0, 5;
    %cmp/u;
    %jmp/1 T_54.9, 6;
    %dup/vec4;
    %pushi/vec4 10, 0, 5;
    %cmp/u;
    %jmp/1 T_54.10, 6;
    %dup/vec4;
    %pushi/vec4 11, 0, 5;
    %cmp/u;
    %jmp/1 T_54.11, 6;
    %dup/vec4;
    %pushi/vec4 12, 0, 5;
    %cmp/u;
    %jmp/1 T_54.12, 6;
    %pushi/vec4 0, 0, 64;
    %store/vec4 v0000019906aa1060_0, 0, 64;
    %jmp T_54.14;
T_54.0 ;
    %pushi/vec4 0, 0, 32;
    %load/vec4 v0000019906aa0480_0;
    %concat/vec4; draw_concat_vec4
    %store/vec4 v0000019906aa1060_0, 0, 64;
    %load/vec4 v0000019906aa1240_0;
    %store/vec4 v0000019906aa1880_0, 0, 1;
    %jmp T_54.14;
T_54.1 ;
    %pushi/vec4 0, 0, 32;
    %load/vec4 v0000019906aa0fc0_0;
    %concat/vec4; draw_concat_vec4
    %store/vec4 v0000019906aa1060_0, 0, 64;
    %load/vec4 v0000019906aa07a0_0;
    %store/vec4 v0000019906aa1880_0, 0, 1;
    %jmp T_54.14;
T_54.2 ;
    %load/vec4 v0000019906aa05c0_0;
    %store/vec4 v0000019906aa1060_0, 0, 64;
    %jmp T_54.14;
T_54.3 ;
    %load/vec4 v0000019906aa1e20_0;
    %load/vec4 v0000019906aa0f20_0;
    %concat/vec4; draw_concat_vec4
    %store/vec4 v0000019906aa1060_0, 0, 64;
    %jmp T_54.14;
T_54.4 ;
    %pushi/vec4 0, 0, 32;
    %load/vec4 v0000019906aa2500_0;
    %load/vec4 v0000019906aa1380_0;
    %and;
    %concat/vec4; draw_concat_vec4
    %store/vec4 v0000019906aa1060_0, 0, 64;
    %jmp T_54.14;
T_54.5 ;
    %pushi/vec4 0, 0, 32;
    %load/vec4 v0000019906aa2500_0;
    %load/vec4 v0000019906aa1380_0;
    %or;
    %concat/vec4; draw_concat_vec4
    %store/vec4 v0000019906aa1060_0, 0, 64;
    %jmp T_54.14;
T_54.6 ;
    %pushi/vec4 0, 0, 32;
    %load/vec4 v0000019906aa1380_0;
    %inv;
    %concat/vec4; draw_concat_vec4
    %store/vec4 v0000019906aa1060_0, 0, 64;
    %jmp T_54.14;
T_54.7 ;
    %pushi/vec4 0, 0, 32;
    %load/vec4 v0000019906aa16a0_0;
    %concat/vec4; draw_concat_vec4
    %store/vec4 v0000019906aa1060_0, 0, 64;
    %jmp T_54.14;
T_54.8 ;
    %pushi/vec4 0, 0, 32;
    %load/vec4 v0000019906aa0700_0;
    %concat/vec4; draw_concat_vec4
    %store/vec4 v0000019906aa1060_0, 0, 64;
    %jmp T_54.14;
T_54.9 ;
    %pushi/vec4 0, 0, 32;
    %load/vec4 v0000019906aa14c0_0;
    %concat/vec4; draw_concat_vec4
    %store/vec4 v0000019906aa1060_0, 0, 64;
    %jmp T_54.14;
T_54.10 ;
    %pushi/vec4 0, 0, 32;
    %load/vec4 v0000019906aa0ca0_0;
    %concat/vec4; draw_concat_vec4
    %store/vec4 v0000019906aa1060_0, 0, 64;
    %jmp T_54.14;
T_54.11 ;
    %pushi/vec4 0, 0, 32;
    %load/vec4 v0000019906aa0a20_0;
    %concat/vec4; draw_concat_vec4
    %store/vec4 v0000019906aa1060_0, 0, 64;
    %jmp T_54.14;
T_54.12 ;
    %pushi/vec4 0, 0, 32;
    %load/vec4 v0000019906aa1740_0;
    %concat/vec4; draw_concat_vec4
    %store/vec4 v0000019906aa1060_0, 0, 64;
    %jmp T_54.14;
T_54.14 ;
    %pop/vec4 1;
    %jmp T_54;
    .thread T_54, $push;
    .scope S_0000019906acaff0;
T_55 ;
    %wait E_00000199069a1920;
    %load/vec4 v0000019906ab68d0_0;
    %flag_set/vec4 8;
    %jmp/0xz  T_55.0, 8;
    %pushi/vec4 0, 0, 32;
    %assign/vec4 v0000019906ab6650_0, 0;
    %jmp T_55.1;
T_55.0 ;
    %load/vec4 v0000019906ab4e90_0;
    %flag_set/vec4 8;
    %jmp/0xz  T_55.2, 8;
    %load/vec4 v0000019906ab65b0_0;
    %assign/vec4 v0000019906ab6650_0, 0;
T_55.2 ;
T_55.1 ;
    %jmp T_55;
    .thread T_55;
    .scope S_0000019906ab1810;
T_56 ;
    %wait E_00000199069a1920;
    %load/vec4 v0000019906ab7230_0;
    %flag_set/vec4 8;
    %jmp/0xz  T_56.0, 8;
    %pushi/vec4 0, 0, 32;
    %assign/vec4 v0000019906ab8270_0, 0;
    %jmp T_56.1;
T_56.0 ;
    %load/vec4 v0000019906ab7cd0_0;
    %flag_set/vec4 8;
    %jmp/0xz  T_56.2, 8;
    %load/vec4 v0000019906ab8f90_0;
    %assign/vec4 v0000019906ab8270_0, 0;
T_56.2 ;
T_56.1 ;
    %jmp T_56;
    .thread T_56;
    .scope S_0000019906ab03c0;
T_57 ;
    %wait E_00000199069a4e20;
    %load/vec4 v0000019906aa19c0_0;
    %dup/vec4;
    %pushi/vec4 0, 0, 5;
    %cmp/u;
    %jmp/1 T_57.0, 6;
    %dup/vec4;
    %pushi/vec4 1, 0, 5;
    %cmp/u;
    %jmp/1 T_57.1, 6;
    %dup/vec4;
    %pushi/vec4 2, 0, 5;
    %cmp/u;
    %jmp/1 T_57.2, 6;
    %dup/vec4;
    %pushi/vec4 3, 0, 5;
    %cmp/u;
    %jmp/1 T_57.3, 6;
    %dup/vec4;
    %pushi/vec4 4, 0, 5;
    %cmp/u;
    %jmp/1 T_57.4, 6;
    %dup/vec4;
    %pushi/vec4 5, 0, 5;
    %cmp/u;
    %jmp/1 T_57.5, 6;
    %dup/vec4;
    %pushi/vec4 6, 0, 5;
    %cmp/u;
    %jmp/1 T_57.6, 6;
    %dup/vec4;
    %pushi/vec4 7, 0, 5;
    %cmp/u;
    %jmp/1 T_57.7, 6;
    %dup/vec4;
    %pushi/vec4 8, 0, 5;
    %cmp/u;
    %jmp/1 T_57.8, 6;
    %dup/vec4;
    %pushi/vec4 9, 0, 5;
    %cmp/u;
    %jmp/1 T_57.9, 6;
    %dup/vec4;
    %pushi/vec4 10, 0, 5;
    %cmp/u;
    %jmp/1 T_57.10, 6;
    %dup/vec4;
    %pushi/vec4 11, 0, 5;
    %cmp/u;
    %jmp/1 T_57.11, 6;
    %dup/vec4;
    %pushi/vec4 12, 0, 5;
    %cmp/u;
    %jmp/1 T_57.12, 6;
    %dup/vec4;
    %pushi/vec4 13, 0, 5;
    %cmp/u;
    %jmp/1 T_57.13, 6;
    %dup/vec4;
    %pushi/vec4 14, 0, 5;
    %cmp/u;
    %jmp/1 T_57.14, 6;
    %dup/vec4;
    %pushi/vec4 15, 0, 5;
    %cmp/u;
    %jmp/1 T_57.15, 6;
    %dup/vec4;
    %pushi/vec4 16, 0, 5;
    %cmp/u;
    %jmp/1 T_57.16, 6;
    %dup/vec4;
    %pushi/vec4 17, 0, 5;
    %cmp/u;
    %jmp/1 T_57.17, 6;
    %dup/vec4;
    %pushi/vec4 18, 0, 5;
    %cmp/u;
    %jmp/1 T_57.18, 6;
    %dup/vec4;
    %pushi/vec4 19, 0, 5;
    %cmp/u;
    %jmp/1 T_57.19, 6;
    %dup/vec4;
    %pushi/vec4 20, 0, 5;
    %cmp/u;
    %jmp/1 T_57.20, 6;
    %dup/vec4;
    %pushi/vec4 21, 0, 5;
    %cmp/u;
    %jmp/1 T_57.21, 6;
    %dup/vec4;
    %pushi/vec4 22, 0, 5;
    %cmp/u;
    %jmp/1 T_57.22, 6;
    %dup/vec4;
    %pushi/vec4 23, 0, 5;
    %cmp/u;
    %jmp/1 T_57.23, 6;
    %pushi/vec4 0, 0, 32;
    %store/vec4 v0000019906aa0840_0, 0, 32;
    %jmp T_57.25;
T_57.0 ;
    %load/vec4 v0000019906aa0980_0;
    %store/vec4 v0000019906aa0840_0, 0, 32;
    %jmp T_57.25;
T_57.1 ;
    %load/vec4 v0000019906aa1560_0;
    %store/vec4 v0000019906aa0840_0, 0, 32;
    %jmp T_57.25;
T_57.2 ;
    %load/vec4 v0000019906aa20a0_0;
    %store/vec4 v0000019906aa0840_0, 0, 32;
    %jmp T_57.25;
T_57.3 ;
    %load/vec4 v0000019906aa2140_0;
    %store/vec4 v0000019906aa0840_0, 0, 32;
    %jmp T_57.25;
T_57.4 ;
    %load/vec4 v0000019906aa2280_0;
    %store/vec4 v0000019906aa0840_0, 0, 32;
    %jmp T_57.25;
T_57.5 ;
    %load/vec4 v0000019906aa23c0_0;
    %store/vec4 v0000019906aa0840_0, 0, 32;
    %jmp T_57.25;
T_57.6 ;
    %load/vec4 v0000019906aa25a0_0;
    %store/vec4 v0000019906aa0840_0, 0, 32;
    %jmp T_57.25;
T_57.7 ;
    %load/vec4 v0000019906aa2640_0;
    %store/vec4 v0000019906aa0840_0, 0, 32;
    %jmp T_57.25;
T_57.8 ;
    %load/vec4 v0000019906aa0160_0;
    %store/vec4 v0000019906aa0840_0, 0, 32;
    %jmp T_57.25;
T_57.9 ;
    %load/vec4 v0000019906aa0200_0;
    %store/vec4 v0000019906aa0840_0, 0, 32;
    %jmp T_57.25;
T_57.10 ;
    %load/vec4 v0000019906aa1600_0;
    %store/vec4 v0000019906aa0840_0, 0, 32;
    %jmp T_57.25;
T_57.11 ;
    %load/vec4 v0000019906aa1b00_0;
    %store/vec4 v0000019906aa0840_0, 0, 32;
    %jmp T_57.25;
T_57.12 ;
    %load/vec4 v0000019906aa1ba0_0;
    %store/vec4 v0000019906aa0840_0, 0, 32;
    %jmp T_57.25;
T_57.13 ;
    %load/vec4 v0000019906aa1d80_0;
    %store/vec4 v0000019906aa0840_0, 0, 32;
    %jmp T_57.25;
T_57.14 ;
    %load/vec4 v0000019906aa2000_0;
    %store/vec4 v0000019906aa0840_0, 0, 32;
    %jmp T_57.25;
T_57.15 ;
    %load/vec4 v0000019906aa2460_0;
    %store/vec4 v0000019906aa0840_0, 0, 32;
    %jmp T_57.25;
T_57.16 ;
    %load/vec4 v0000019906aa08e0_0;
    %store/vec4 v0000019906aa0840_0, 0, 32;
    %jmp T_57.25;
T_57.17 ;
    %load/vec4 v0000019906aa1ec0_0;
    %store/vec4 v0000019906aa0840_0, 0, 32;
    %jmp T_57.25;
T_57.18 ;
    %load/vec4 v0000019906aa02a0_0;
    %store/vec4 v0000019906aa0840_0, 0, 32;
    %jmp T_57.25;
T_57.19 ;
    %load/vec4 v0000019906aa0340_0;
    %store/vec4 v0000019906aa0840_0, 0, 32;
    %jmp T_57.25;
T_57.20 ;
    %load/vec4 v0000019906aa1420_0;
    %store/vec4 v0000019906aa0840_0, 0, 32;
    %jmp T_57.25;
T_57.21 ;
    %load/vec4 v0000019906aa1f60_0;
    %store/vec4 v0000019906aa0840_0, 0, 32;
    %jmp T_57.25;
T_57.22 ;
    %load/vec4 v0000019906aa12e0_0;
    %store/vec4 v0000019906aa0840_0, 0, 32;
    %jmp T_57.25;
T_57.23 ;
    %load/vec4 v0000019906aa1ce0_0;
    %store/vec4 v0000019906aa0840_0, 0, 32;
    %jmp T_57.25;
T_57.25 ;
    %pop/vec4 1;
    %jmp T_57;
    .thread T_57, $push;
    .scope S_0000019906a071a0;
T_58 ;
    %wait E_00000199069a1920;
    %load/vec4 v0000019906ad4150_0;
    %flag_set/vec4 8;
    %jmp/0xz  T_58.0, 8;
    %pushi/vec4 0, 0, 64;
    %assign/vec4 v0000019906ad2670_0, 0;
    %pushi/vec4 0, 0, 1;
    %assign/vec4 v0000019906ad1a90_0, 0;
    %jmp T_58.1;
T_58.0 ;
    %load/vec4 v0000019906ad3430_0;
    %flag_set/vec4 8;
    %jmp/0xz  T_58.2, 8;
    %load/vec4 v0000019906ad1950_0;
    %assign/vec4 v0000019906ad2670_0, 0;
    %load/vec4 v0000019906ad2210_0;
    %assign/vec4 v0000019906ad1a90_0, 0;
T_58.2 ;
T_58.1 ;
    %jmp T_58;
    .thread T_58;
    .scope S_00000199069edee0;
T_59 ;
    %pushi/vec4 0, 0, 1;
    %store/vec4 v0000019906ad7e90_0, 0, 1;
T_59.0 ;
    %delay 1000, 0;
    %load/vec4 v0000019906ad7e90_0;
    %inv;
    %store/vec4 v0000019906ad7e90_0, 0, 1;
    %jmp T_59.0;
    %end;
    .thread T_59;
    .scope S_00000199069edee0;
T_60 ;
    %wait E_00000199069a6a60;
    %load/vec4 v0000019906ad8890_0;
    %addi 1, 0, 32;
    %store/vec4 v0000019906ad8890_0, 0, 32;
    %load/vec4 v0000019906ad8890_0;
    %cmpi/s 80000000, 0, 32;
    %flag_or 5, 4; GT is !LE
    %flag_inv 5;
    %jmp/0xz  T_60.0, 5;
    %vpi_call 2 85 "$display", "TIMEOUT after %0d cycles", v0000019906ad8890_0 {0 0 0};
    %vpi_call 2 86 "$finish" {0 0 0};
T_60.0 ;
    %load/vec4 v00000199069bdb10_0;
    %flag_set/vec4 8;
    %jmp/0xz  T_60.2, 8;
    %load/vec4 v0000019906ad7990_0;
    %nor/r;
    %flag_set/vec4 8;
    %jmp/0xz  T_60.4, 8;
    %load/vec4 v0000019906ad8930_0;
    %store/vec4 v0000019906ad78f0_0, 0, 32;
    %callf/vec4 TD_cpu_tb.expected_out, S_0000019906acbf90;
    %vpi_call 2 91 "$display", "  OUT[%0d] = 0x%02h   (exp 0x%02h)", v0000019906ad8930_0, &PV<v0000019906ad2850_0, 0, 8>, S<0,vec4,u8> {1 0 0};
T_60.4 ;
    %load/vec4 v0000019906ad2850_0;
    %parti/s 8, 0, 2;
    %load/vec4 v0000019906ad8930_0;
    %store/vec4 v0000019906ad78f0_0, 0, 32;
    %callf/vec4 TD_cpu_tb.expected_out, S_0000019906acbf90;
    %cmp/ne;
    %jmp/0xz  T_60.6, 6;
    %vpi_call 2 93 "$display", "  FAIL OUT[%0d]", v0000019906ad8930_0 {0 0 0};
    %pushi/vec4 0, 0, 1;
    %store/vec4 v0000019906ad6c70_0, 0, 1;
T_60.6 ;
    %load/vec4 v0000019906ad8930_0;
    %addi 1, 0, 32;
    %store/vec4 v0000019906ad8930_0, 0, 32;
T_60.2 ;
    %jmp T_60;
    .thread T_60;
    .scope S_00000199069edee0;
T_61 ;
    %pushi/vec4 0, 0, 32;
    %store/vec4 v0000019906ad8890_0, 0, 32;
    %pushi/vec4 0, 0, 32;
    %store/vec4 v0000019906ad8930_0, 0, 32;
    %pushi/vec4 0, 0, 32;
    %store/vec4 v0000019906ad7ad0_0, 0, 32;
    %pushi/vec4 1, 0, 1;
    %store/vec4 v0000019906ad6c70_0, 0, 1;
    %vpi_func 2 105 "$test$plusargs" 32, "nodump" {0 0 0};
    %nor/r;
    %store/vec4 v0000019906ad8d90_0, 0, 1;
    %vpi_func 2 106 "$test$plusargs" 32, "quiet" {0 0 0};
    %pad/s 1;
    %store/vec4 v0000019906ad7990_0, 0, 1;
    %pushi/vec4 0, 0, 1;
    %store/vec4 v0000019906ad7f30_0, 0, 1;
    %pushi/vec4 65535, 0, 32;
    %store/vec4 v0000019906ad6950_0, 0, 32;
    %pushi/vec4 224, 0, 32;
    %store/vec4 v0000019906ad70d0_0, 0, 32;
    %pushi/vec4 0, 0, 1;
    %store/vec4 v0000019906ad77b0_0, 0, 1;
    %load/vec4 v0000019906ad8d90_0;
    %flag_set/vec4 8;
    %jmp/0xz  T_61.0, 8;
    %vpi_call 2 113 "$dumpfile", "cpu_tb_p4.vcd" {0 0 0};
    %vpi_call 2 114 "$dumpvars", 32'sb00000000000000000000000000000000, S_00000199069edee0 {0 0 0};
T_61.0 ;
    %pushi/vec4 0, 0, 32; draw_string_vec4
    %pushi/vec4 0, 0, 32; draw_string_vec4
    %concat/vec4; draw_string_vec4
    %pushi/vec4 0, 0, 32; draw_string_vec4
    %concat/vec4; draw_string_vec4
    %pushi/vec4 1835363695, 0, 32; draw_string_vec4
    %concat/vec4; draw_string_vec4
    %pushi/vec4 1920556912, 0, 32; draw_string_vec4
    %concat/vec4; draw_string_vec4
    %pushi/vec4 878666341, 0, 32; draw_string_vec4
    %concat/vec4; draw_string_vec4
    %pushi/vec4 1718579813, 0, 32; draw_string_vec4
    %concat/vec4; draw_string_vec4
    %pushi/vec4 778593656, 0, 32; draw_string_vec4
    %concat/vec4; draw_string_vec4
    %store/vec4 v0000019906ad5eb0_0, 0, 256;
    %fork TD_cpu_tb.dump_memory, S_0000019906acb7c0;
    %join;
    %vpi_call 2 118 "$display", "Memory dumped to memory_p4_before.hex" {0 0 0};
    %vpi_func 2 120 "$value$plusargs" 32, "delay_hex=%h", v0000019906ad7ad0_0 {0 0 0};
    %cmpi/ne 0, 0, 32;
    %jmp/0xz  T_61.2, 4;
    %pushi/vec4 1, 0, 1;
    %store/vec4 v0000019906ad7f30_0, 0, 1;
    %load/vec4 v0000019906ad7ad0_0;
    %store/vec4 v0000019906ad6950_0, 0, 32;
    %load/vec4 v0000019906ad7ad0_0;
    %ix/load 4, 136, 0;
    %flag_set/imm 4, 0;
    %store/vec4a v0000019906acdad0, 4, 0;
    %load/vec4 v0000019906ad7ad0_0;
    %vpi_call 2 124 "$display", "Using delay override: mem[0x88] = 0x%08h", S<0,vec4,u32> {1 0 0};
T_61.2 ;
    %pushi/vec4 1, 0, 1;
    %store/vec4 v0000019906ad6ef0_0, 0, 1;
    %pushi/vec4 3, 0, 32;
T_61.4 %dup/vec4;
    %pushi/vec4 0, 0, 32;
    %cmp/s;
    %jmp/1xz T_61.5, 5;
    %jmp/1 T_61.5, 4;
    %pushi/vec4 1, 0, 32;
    %sub;
    %wait E_00000199069a6a60;
    %jmp T_61.4;
T_61.5 ;
    %pop/vec4 1;
    %delay 100, 0;
    %pushi/vec4 0, 0, 1;
    %store/vec4 v0000019906ad6ef0_0, 0, 1;
    %wait E_00000199069a1c20;
    %pushi/vec4 2, 0, 32;
T_61.6 %dup/vec4;
    %pushi/vec4 0, 0, 32;
    %cmp/s;
    %jmp/1xz T_61.7, 5;
    %jmp/1 T_61.7, 4;
    %pushi/vec4 1, 0, 32;
    %sub;
    %wait E_00000199069a6a60;
    %jmp T_61.6;
T_61.7 ;
    %pop/vec4 1;
    %vpi_call 2 134 "$display", "=======================================================" {0 0 0};
    %vpi_call 2 135 "$display", "  Phase 4 Program Complete  (%0d cycles)", v0000019906ad8890_0 {0 0 0};
    %vpi_call 2 136 "$display", "=======================================================" {0 0 0};
    %vpi_call 2 137 "$display", "  PC  = 0x%08h", v0000019906ad8570_0 {0 0 0};
    %vpi_call 2 138 "$display", "  IR  = 0x%08h", v0000019906ad7c10_0 {0 0 0};
    %vpi_call 2 139 "$display", "  MAR = 0x%08h", v0000019906ad7350_0 {0 0 0};
    %vpi_call 2 140 "$display", "  MDR = 0x%08h", v0000019906ad6d10_0 {0 0 0};
    %vpi_call 2 141 "$display", "-------------------------------------------------------" {0 0 0};
    %vpi_call 2 142 "$display", "  R0  = 0x%08h", v0000019906ad0eb0_0 {0 0 0};
    %vpi_call 2 143 "$display", "  R1  = 0x%08h", v0000019906acf330_0 {0 0 0};
    %vpi_call 2 144 "$display", "  R2  = 0x%08h   (exp 0x00000000)", v0000019906ad0cd0_0 {0 0 0};
    %vpi_call 2 145 "$display", "  R3  = 0x%08h   (exp 0x0000002E)", v0000019906ad0370_0 {0 0 0};
    %vpi_call 2 146 "$display", "  R4  = 0x%08h", v0000019906ad1310_0 {0 0 0};
    %vpi_call 2 147 "$display", "  R5  = 0x%08h   (exp 0x00000001)", v0000019906ad0d70_0 {0 0 0};
    %vpi_call 2 148 "$display", "  R6  = 0x%08h   (exp 0x00000063)", v0000019906ad0050_0 {0 0 0};
    %vpi_call 2 149 "$display", "  R7  = 0x%08h   (exp 0x00000000)", v0000019906ad07d0_0 {0 0 0};
    %vpi_call 2 150 "$display", "  R8  = 0x%08h", v0000019906ad1590_0 {0 0 0};
    %vpi_call 2 151 "$display", "  R9  = 0x%08h", v0000019906acfa10_0 {0 0 0};
    %vpi_call 2 152 "$display", "  R10 = 0x%08h", v0000019906acff10_0 {0 0 0};
    %vpi_call 2 153 "$display", "  R11 = 0x%08h", v0000019906ad0c30_0 {0 0 0};
    %vpi_call 2 154 "$display", "  R12 = 0x%08h", v0000019906ad0190_0 {0 0 0};
    %vpi_call 2 155 "$display", "  R13 = 0x%08h", v0000019906acfbf0_0 {0 0 0};
    %vpi_call 2 156 "$display", "  R14 = 0x%08h", v0000019906acf970_0 {0 0 0};
    %vpi_call 2 157 "$display", "  R15 = 0x%08h", v0000019906ad04b0_0 {0 0 0};
    %vpi_call 2 158 "$display", "  HI  = 0x%08h", v0000019906ad72b0_0 {0 0 0};
    %vpi_call 2 159 "$display", "  LO  = 0x%08h", v0000019906ad7cb0_0 {0 0 0};
    %vpi_call 2 160 "$display", "-------------------------------------------------------" {0 0 0};
    %vpi_call 2 161 "$display", "  Out.Port = 0x%08h   (exp 0x00000063)", v0000019906ad7b70_0 {0 0 0};
    %vpi_call 2 162 "$display", "  mem[0x077] = 0x%08h   (exp 0x000000E0)", &A<v0000019906acdad0, 119> {0 0 0};
    %vpi_call 2 163 "$display", "  mem[0x088] = 0x%08h   (exp 0x%08h)", &A<v0000019906acdad0, 136>, v0000019906ad6950_0 {0 0 0};
    %vpi_call 2 164 "$display", "  mem[0x089] = 0x%08h   (exp 0x0000006C)", &A<v0000019906acdad0, 137> {0 0 0};
    %vpi_call 2 165 "$display", "  mem[0x0A3] = 0x%08h   (exp 0x00000008)", &A<v0000019906acdad0, 163> {0 0 0};
    %vpi_call 2 166 "$display", "  out_count  = %0d       (exp 41)", v0000019906ad8930_0 {0 0 0};
    %vpi_call 2 167 "$display", "=======================================================" {0 0 0};
    %load/vec4 v0000019906ad8930_0;
    %cmpi/ne 41, 0, 32;
    %jmp/0xz  T_61.8, 6;
    %vpi_call 2 169 "$display", "  FAIL out_count" {0 0 0};
    %pushi/vec4 0, 0, 1;
    %store/vec4 v0000019906ad6c70_0, 0, 1;
T_61.8 ;
    %load/vec4 v0000019906ad7b70_0;
    %cmpi/ne 99, 0, 32;
    %jmp/0xz  T_61.10, 6;
    %vpi_call 2 170 "$display", "  FAIL Out.Port" {0 0 0};
    %pushi/vec4 0, 0, 1;
    %store/vec4 v0000019906ad6c70_0, 0, 1;
T_61.10 ;
    %load/vec4 v0000019906ad0cd0_0;
    %cmpi/ne 0, 0, 32;
    %jmp/0xz  T_61.12, 6;
    %vpi_call 2 171 "$display", "  FAIL R2" {0 0 0};
    %pushi/vec4 0, 0, 1;
    %store/vec4 v0000019906ad6c70_0, 0, 1;
T_61.12 ;
    %load/vec4 v0000019906ad0370_0;
    %cmpi/ne 46, 0, 32;
    %jmp/0xz  T_61.14, 6;
    %vpi_call 2 172 "$display", "  FAIL R3" {0 0 0};
    %pushi/vec4 0, 0, 1;
    %store/vec4 v0000019906ad6c70_0, 0, 1;
T_61.14 ;
    %load/vec4 v0000019906ad0d70_0;
    %cmpi/ne 1, 0, 32;
    %jmp/0xz  T_61.16, 6;
    %vpi_call 2 173 "$display", "  FAIL R5" {0 0 0};
    %pushi/vec4 0, 0, 1;
    %store/vec4 v0000019906ad6c70_0, 0, 1;
T_61.16 ;
    %load/vec4 v0000019906ad0050_0;
    %cmpi/ne 99, 0, 32;
    %jmp/0xz  T_61.18, 6;
    %vpi_call 2 174 "$display", "  FAIL R6" {0 0 0};
    %pushi/vec4 0, 0, 1;
    %store/vec4 v0000019906ad6c70_0, 0, 1;
T_61.18 ;
    %load/vec4 v0000019906ad07d0_0;
    %cmpi/ne 0, 0, 32;
    %jmp/0xz  T_61.20, 6;
    %vpi_call 2 175 "$display", "  FAIL R7" {0 0 0};
    %pushi/vec4 0, 0, 1;
    %store/vec4 v0000019906ad6c70_0, 0, 1;
T_61.20 ;
    %ix/load 4, 119, 0;
    %flag_set/imm 4, 0;
    %load/vec4a v0000019906acdad0, 4;
    %cmpi/ne 224, 0, 32;
    %jmp/0xz  T_61.22, 6;
    %vpi_call 2 176 "$display", "  FAIL mem[0x77]" {0 0 0};
    %pushi/vec4 0, 0, 1;
    %store/vec4 v0000019906ad6c70_0, 0, 1;
T_61.22 ;
    %ix/load 4, 136, 0;
    %flag_set/imm 4, 0;
    %load/vec4a v0000019906acdad0, 4;
    %load/vec4 v0000019906ad6950_0;
    %cmp/ne;
    %jmp/0xz  T_61.24, 6;
    %vpi_call 2 177 "$display", "  FAIL mem[0x88]" {0 0 0};
    %pushi/vec4 0, 0, 1;
    %store/vec4 v0000019906ad6c70_0, 0, 1;
T_61.24 ;
    %ix/load 4, 137, 0;
    %flag_set/imm 4, 0;
    %load/vec4a v0000019906acdad0, 4;
    %cmpi/ne 108, 0, 32;
    %jmp/0xz  T_61.26, 6;
    %vpi_call 2 178 "$display", "  FAIL mem[0x89]" {0 0 0};
    %pushi/vec4 0, 0, 1;
    %store/vec4 v0000019906ad6c70_0, 0, 1;
T_61.26 ;
    %ix/load 4, 163, 0;
    %flag_set/imm 4, 0;
    %load/vec4a v0000019906acdad0, 4;
    %cmpi/ne 8, 0, 32;
    %jmp/0xz  T_61.28, 6;
    %vpi_call 2 179 "$display", "  FAIL mem[0xA3]" {0 0 0};
    %pushi/vec4 0, 0, 1;
    %store/vec4 v0000019906ad6c70_0, 0, 1;
T_61.28 ;
    %load/vec4 v0000019906ad6c70_0;
    %flag_set/vec4 8;
    %jmp/0xz  T_61.30, 8;
    %vpi_call 2 181 "$display", "  >>> ALL CHECKS PASSED <<<" {0 0 0};
    %jmp T_61.31;
T_61.30 ;
    %vpi_call 2 182 "$display", "  >>> SOME CHECKS FAILED <<<" {0 0 0};
T_61.31 ;
    %pushi/vec4 0, 0, 32; draw_string_vec4
    %pushi/vec4 0, 0, 32; draw_string_vec4
    %concat/vec4; draw_string_vec4
    %pushi/vec4 0, 0, 32; draw_string_vec4
    %concat/vec4; draw_string_vec4
    %pushi/vec4 7169389, 0, 32; draw_string_vec4
    %concat/vec4; draw_string_vec4
    %pushi/vec4 1869773151, 0, 32; draw_string_vec4
    %concat/vec4; draw_string_vec4
    %pushi/vec4 1882480481, 0, 32; draw_string_vec4
    %concat/vec4; draw_string_vec4
    %pushi/vec4 1718904178, 0, 32; draw_string_vec4
    %concat/vec4; draw_string_vec4
    %pushi/vec4 778593656, 0, 32; draw_string_vec4
    %concat/vec4; draw_string_vec4
    %store/vec4 v0000019906ad5eb0_0, 0, 256;
    %fork TD_cpu_tb.dump_memory, S_0000019906acb7c0;
    %join;
    %vpi_call 2 185 "$display", "Memory dumped to memory_p4_after.hex" {0 0 0};
    %delay 2000, 0;
    %vpi_call 2 186 "$finish" {0 0 0};
    %end;
    .thread T_61;
# The file index is used to find the file name in the following table.
:file_names 20;
    "N/A";
    "<interactive>";
    "simulation/P4/cpu_tb.v";
    "rtl/cpu.v";
    "rtl/control_unit.v";
    "rtl/datapath_top.v";
    "rtl/alu.v";
    "rtl/booth_multiplier.v";
    "rtl/divider.v";
    "rtl/ripple_carry_adder.v";
    "rtl/barrel_shifter.v";
    "rtl/bus_mux.v";
    "rtl/con_ff.v";
    "rtl/select_encode.v";
    "rtl/io.v";
    "rtl/key_regs.v";
    "rtl/registers.v";
    "rtl/pc_reg.v";
    "rtl/mdr.v";
    "rtl/ram.v";
