#! /c/Source/iverilog-install/bin/vvp
:ivl_version "12.0 (devel)" "(s20150603-1539-g2693dd32b)";
:ivl_delay_selection "TYPICAL";
:vpi_time_precision - 11;
:vpi_module "C:\iverilog\lib\ivl\system.vpi";
:vpi_module "C:\iverilog\lib\ivl\vhdl_sys.vpi";
:vpi_module "C:\iverilog\lib\ivl\vhdl_textio.vpi";
:vpi_module "C:\iverilog\lib\ivl\v2005_math.vpi";
:vpi_module "C:\iverilog\lib\ivl\va_math.vpi";
S_0000025c588831a0 .scope module, "cpu_fpga" "cpu_fpga" 2 3;
 .timescale -9 -11;
    .port_info 0 /INPUT 1 "CLOCK_50";
    .port_info 1 /INPUT 2 "KEY";
    .port_info 2 /INPUT 10 "SW";
    .port_info 3 /OUTPUT 10 "LEDR";
    .port_info 4 /OUTPUT 7 "HEX0";
    .port_info 5 /OUTPUT 7 "HEX1";
    .port_info 6 /OUTPUT 7 "HEX2";
    .port_info 7 /OUTPUT 7 "HEX3";
    .port_info 8 /OUTPUT 7 "HEX4";
    .port_info 9 /OUTPUT 7 "HEX5";
P_0000025c58b9bbc0 .param/l "CLK_DIV_BITS" 1 2 18, +C4<00000000000000000000000000001011>;
L_0000025c58d9b460 .functor BUFZ 1, v0000025c58c0a4d0_0, C4<0>, C4<0>, C4<0>;
o0000025c58c37a48 .functor BUFZ 1, C4<z>; HiZ drive
v0000025c58cff290_0 .net "CLOCK_50", 0 0, o0000025c58c37a48;  0 drivers
v0000025c58d00f50_0 .net "HEX0", 6 0, v0000025c58d00870_0;  1 drivers
v0000025c58cff5b0_0 .net "HEX1", 6 0, v0000025c58d00370_0;  1 drivers
L_0000025c58d14198 .functor BUFT 1, C4<1111111>, C4<0>, C4<0>, C4<0>;
v0000025c58d016d0_0 .net "HEX2", 6 0, L_0000025c58d14198;  1 drivers
L_0000025c58d141e0 .functor BUFT 1, C4<1111111>, C4<0>, C4<0>, C4<0>;
v0000025c58d01310_0 .net "HEX3", 6 0, L_0000025c58d141e0;  1 drivers
L_0000025c58d14228 .functor BUFT 1, C4<1111111>, C4<0>, C4<0>, C4<0>;
v0000025c58cff6f0_0 .net "HEX4", 6 0, L_0000025c58d14228;  1 drivers
L_0000025c58d14270 .functor BUFT 1, C4<1111111>, C4<0>, C4<0>, C4<0>;
v0000025c58d00230_0 .net "HEX5", 6 0, L_0000025c58d14270;  1 drivers
o0000025c58c37b38 .functor BUFZ 2, C4<zz>; HiZ drive
v0000025c58d00910_0 .net "KEY", 1 0, o0000025c58c37b38;  0 drivers
v0000025c58cff150_0 .net "LEDR", 9 0, L_0000025c58db0500;  1 drivers
o0000025c58c37b98 .functor BUFZ 10, C4<zzzzzzzzzz>; HiZ drive
v0000025c58cff830_0 .net "SW", 9 0, o0000025c58c37b98;  0 drivers
v0000025c58cff330_0 .net *"_ivl_10", 0 0, L_0000025c58d00190;  1 drivers
v0000025c58cffc90_0 .net *"_ivl_13", 0 0, L_0000025c58d01270;  1 drivers
L_0000025c58d12d58 .functor BUFT 1, C4<10>, C4<0>, C4<0>, C4<0>;
v0000025c58d013b0_0 .net/2u *"_ivl_14", 1 0, L_0000025c58d12d58;  1 drivers
v0000025c58d009b0_0 .net *"_ivl_16", 0 0, L_0000025c58d039d0;  1 drivers
v0000025c58cffab0_0 .net *"_ivl_19", 0 0, L_0000025c58d036b0;  1 drivers
L_0000025c58d12cc8 .functor BUFT 1, C4<00>, C4<0>, C4<0>, C4<0>;
v0000025c58d01810_0 .net/2u *"_ivl_2", 1 0, L_0000025c58d12cc8;  1 drivers
v0000025c58d00c30_0 .net *"_ivl_21", 0 0, L_0000025c58d03a70;  1 drivers
v0000025c58cff970_0 .net *"_ivl_22", 0 0, L_0000025c58d03570;  1 drivers
v0000025c58d00d70_0 .net *"_ivl_24", 0 0, L_0000025c58d028f0;  1 drivers
L_0000025c58d12da0 .functor BUFT 1, C4<000000000000000000000000>, C4<0>, C4<0>, C4<0>;
v0000025c58d002d0_0 .net/2u *"_ivl_32", 23 0, L_0000025c58d12da0;  1 drivers
v0000025c58cffa10_0 .net *"_ivl_35", 7 0, L_0000025c58d03e30;  1 drivers
v0000025c58cfff10_0 .net *"_ivl_4", 0 0, L_0000025c58d00e10;  1 drivers
v0000025c58d00a50_0 .net *"_ivl_53", 0 0, L_0000025c58d9b460;  1 drivers
L_0000025c58d142b8 .functor BUFT 1, C4<00000>, C4<0>, C4<0>, C4<0>;
v0000025c58d00af0_0 .net/2u *"_ivl_56", 4 0, L_0000025c58d142b8;  1 drivers
L_0000025c58d14300 .functor BUFT 1, C4<0000>, C4<0>, C4<0>, C4<0>;
v0000025c58d01130_0 .net/2u *"_ivl_61", 3 0, L_0000025c58d14300;  1 drivers
v0000025c58d01450_0 .net *"_ivl_7", 0 0, L_0000025c58d000f0;  1 drivers
L_0000025c58d12d10 .functor BUFT 1, C4<01>, C4<0>, C4<0>, C4<0>;
v0000025c58d01770_0 .net/2u *"_ivl_8", 1 0, L_0000025c58d12d10;  1 drivers
v0000025c58d018b0_0 .var "clk_div_cnt", 11 0;
v0000025c58d00b90_0 .net "cpu_clk", 0 0, L_0000025c58d01d10;  1 drivers
v0000025c58d011d0_0 .net "device_in", 31 0, L_0000025c58d03c50;  1 drivers
v0000025c58d00050_0 .var "key_sync_0", 1 0;
v0000025c58d00ff0_0 .var "key_sync_1", 1 0;
v0000025c58d014f0_0 .net "outport_val", 31 0, v0000025c58cf6d70_0;  1 drivers
v0000025c58cffb50_0 .net "reset_in", 0 0, L_0000025c58d037f0;  1 drivers
v0000025c58cffd30_0 .net "run", 0 0, v0000025c58c0a4d0_0;  1 drivers
v0000025c58cff1f0_0 .net "speed_sel", 1 0, L_0000025c58d00cd0;  1 drivers
v0000025c58cffe70_0 .net "stop_in", 0 0, L_0000025c58d02cb0;  1 drivers
E_0000025c58b9bd00 .event posedge, v0000025c58cff290_0;
L_0000025c58d00cd0 .part o0000025c58c37b98, 8, 2;
L_0000025c58d00e10 .cmp/eq 2, L_0000025c58d00cd0, L_0000025c58d12cc8;
L_0000025c58d000f0 .part v0000025c58d018b0_0, 4, 1;
L_0000025c58d00190 .cmp/eq 2, L_0000025c58d00cd0, L_0000025c58d12d10;
L_0000025c58d01270 .part v0000025c58d018b0_0, 6, 1;
L_0000025c58d039d0 .cmp/eq 2, L_0000025c58d00cd0, L_0000025c58d12d58;
L_0000025c58d036b0 .part v0000025c58d018b0_0, 8, 1;
L_0000025c58d03a70 .part v0000025c58d018b0_0, 10, 1;
L_0000025c58d03570 .functor MUXZ 1, L_0000025c58d03a70, L_0000025c58d036b0, L_0000025c58d039d0, C4<>;
L_0000025c58d028f0 .functor MUXZ 1, L_0000025c58d03570, L_0000025c58d01270, L_0000025c58d00190, C4<>;
L_0000025c58d01d10 .functor MUXZ 1, L_0000025c58d028f0, L_0000025c58d000f0, L_0000025c58d00e10, C4<>;
L_0000025c58d037f0 .part v0000025c58d00ff0_0, 0, 1;
L_0000025c58d02cb0 .part v0000025c58d00ff0_0, 1, 1;
L_0000025c58d03e30 .part o0000025c58c37b98, 0, 8;
L_0000025c58d03c50 .concat [ 8 24 0 0], L_0000025c58d03e30, L_0000025c58d12da0;
L_0000025c58db0be0 .part v0000025c58cf6d70_0, 0, 4;
L_0000025c58db0320 .part v0000025c58cf6d70_0, 4, 4;
L_0000025c58db0500 .concat8 [ 5 1 4 0], L_0000025c58d142b8, L_0000025c58d9b460, L_0000025c58d14300;
S_0000025c58883330 .scope module, "cpu_inst" "cpu" 2 47, 3 3 0, S_0000025c588831a0;
 .timescale -9 -11;
    .port_info 0 /INPUT 1 "clk";
    .port_info 1 /INPUT 1 "reset";
    .port_info 2 /INPUT 1 "stop";
    .port_info 3 /INPUT 32 "device_in";
    .port_info 4 /OUTPUT 32 "outport_val";
    .port_info 5 /OUTPUT 1 "run";
P_0000025c58b9bf40 .param/str "MEM_INIT_FILE" 0 3 4, "simulation/P4/memory_p4.hex";
v0000025c58cfd850_0 .net "BAout", 0 0, v0000025c58c08db0_0;  1 drivers
v0000025c58cfe390_0 .net "BusMuxOut", 31 0, v0000025c58cbaf00_0;  1 drivers
v0000025c58cfef70_0 .net "Cout", 0 0, v0000025c58c09850_0;  1 drivers
v0000025c58cfe430_0 .net "Gra", 0 0, v0000025c58c097b0_0;  1 drivers
v0000025c58cfd0d0_0 .net "Grb", 0 0, v0000025c58c08bd0_0;  1 drivers
v0000025c58cfd3f0_0 .net "Grc", 0 0, v0000025c58c09d50_0;  1 drivers
v0000025c58cfde90_0 .net "IncPC", 0 0, v0000025c58c09ad0_0;  1 drivers
v0000025c58cfea70_0 .net "MDRin", 0 0, v0000025c58c09710_0;  1 drivers
v0000025c58cfcd10_0 .net "Mdataout", 31 0, L_0000025c58d6e160;  1 drivers
v0000025c58cfe7f0_0 .net "Read", 0 0, v0000025c58c07870_0;  1 drivers
v0000025c58cfc9f0_0 .net "Rin", 0 0, v0000025c58c08ef0_0;  1 drivers
v0000025c58cfed90_0 .net "Rout", 0 0, v0000025c58c09df0_0;  1 drivers
v0000025c58cfe890_0 .net "Zin", 0 0, v0000025c58c08450_0;  1 drivers
v0000025c58cfd530_0 .net "alu_op", 4 0, v0000025c58c08f90_0;  1 drivers
v0000025c58cfe930_0 .net "bus_sel", 4 0, v0000025c58c08950_0;  1 drivers
v0000025c58cfca90_0 .net "clk", 0 0, L_0000025c58d01d10;  alias, 1 drivers
v0000025c58cfcb30_0 .net "con", 0 0, v0000025c58ce1970_0;  1 drivers
v0000025c58cfeed0_0 .net "con_en", 0 0, v0000025c58c09490_0;  1 drivers
v0000025c58cfdb70_0 .net "device_in", 31 0, L_0000025c58d03c50;  alias, 1 drivers
v0000025c58cfdc10_0 .net "hi_in", 0 0, v0000025c58c09a30_0;  1 drivers
v0000025c58cfddf0_0 .net "inport_in", 0 0, v0000025c58c09670_0;  1 drivers
v0000025c58d00730_0 .net "ir_in", 0 0, v0000025c58c07e10_0;  1 drivers
v0000025c58d00410_0 .net "ir_val", 31 0, v0000025c58ce0f70_0;  1 drivers
v0000025c58cffdd0_0 .net "jal_r12_in", 0 0, v0000025c58c09e90_0;  1 drivers
v0000025c58cff8d0_0 .net "lo_in", 0 0, v0000025c58c08b30_0;  1 drivers
v0000025c58cff790_0 .net "mar_in", 0 0, v0000025c58c08270_0;  1 drivers
v0000025c58d004b0_0 .net "mar_val", 31 0, v0000025c58ce2b90_0;  1 drivers
v0000025c58d005f0_0 .net "outport_in", 0 0, v0000025c58c0a110_0;  1 drivers
v0000025c58d01630_0 .net "outport_val", 31 0, v0000025c58cf6d70_0;  alias, 1 drivers
v0000025c58cff650_0 .net "pc_in", 0 0, v0000025c58c0c0f0_0;  1 drivers
v0000025c58cff3d0_0 .net "pc_val", 31 0, v0000025c58cde4f0_0;  1 drivers
v0000025c58d00690_0 .net "ram_in", 0 0, v0000025c58c0a250_0;  1 drivers
v0000025c58d00550_0 .net "reset", 0 0, L_0000025c58d037f0;  alias, 1 drivers
v0000025c58cffbf0_0 .net "run", 0 0, v0000025c58c0a4d0_0;  alias, 1 drivers
v0000025c58d01590_0 .net "stop", 0 0, L_0000025c58d02cb0;  alias, 1 drivers
v0000025c58d00eb0_0 .net "y_in", 0 0, v0000025c58c0b8d0_0;  1 drivers
v0000025c58cfffb0_0 .net "y_val", 31 0, v0000025c58cddb90_0;  1 drivers
v0000025c58cff470_0 .net "zhigh_out", 31 0, L_0000025c58b95550;  1 drivers
v0000025c58d01090_0 .net "zlow_out", 31 0, L_0000025c58b95940;  1 drivers
S_0000025c588728d0 .scope module, "cu" "control_unit" 3 32, 4 3 0, S_0000025c58883330;
 .timescale -9 -11;
    .port_info 0 /INPUT 1 "clk";
    .port_info 1 /INPUT 1 "reset";
    .port_info 2 /INPUT 1 "stop";
    .port_info 3 /INPUT 1 "con";
    .port_info 4 /INPUT 32 "IR";
    .port_info 5 /INPUT 32 "MDR";
    .port_info 6 /OUTPUT 5 "bus_sel";
    .port_info 7 /OUTPUT 1 "pc_in";
    .port_info 8 /OUTPUT 1 "IncPC";
    .port_info 9 /OUTPUT 1 "ir_in";
    .port_info 10 /OUTPUT 1 "y_in";
    .port_info 11 /OUTPUT 1 "mar_in";
    .port_info 12 /OUTPUT 1 "hi_in";
    .port_info 13 /OUTPUT 1 "lo_in";
    .port_info 14 /OUTPUT 1 "MDRin";
    .port_info 15 /OUTPUT 1 "Read";
    .port_info 16 /OUTPUT 1 "ram_in";
    .port_info 17 /OUTPUT 5 "alu_op";
    .port_info 18 /OUTPUT 1 "Zin";
    .port_info 19 /OUTPUT 1 "Gra";
    .port_info 20 /OUTPUT 1 "Grb";
    .port_info 21 /OUTPUT 1 "Grc";
    .port_info 22 /OUTPUT 1 "Rin";
    .port_info 23 /OUTPUT 1 "Rout";
    .port_info 24 /OUTPUT 1 "BAout";
    .port_info 25 /OUTPUT 1 "Cout";
    .port_info 26 /OUTPUT 1 "con_en";
    .port_info 27 /OUTPUT 1 "inport_in";
    .port_info 28 /OUTPUT 1 "outport_in";
    .port_info 29 /OUTPUT 1 "jal_r12_in";
    .port_info 30 /OUTPUT 1 "run";
P_0000025c58c15f20 .param/l "ALU_ADD" 1 4 53, C4<00000>;
P_0000025c58c15f58 .param/l "ALU_AND" 1 4 55, C4<00100>;
P_0000025c58c15f90 .param/l "ALU_DIV" 1 4 54, C4<00011>;
P_0000025c58c15fc8 .param/l "ALU_MUL" 1 4 54, C4<00010>;
P_0000025c58c16000 .param/l "ALU_NEG" 1 4 56, C4<00111>;
P_0000025c58c16038 .param/l "ALU_NOT" 1 4 56, C4<00110>;
P_0000025c58c16070 .param/l "ALU_OR" 1 4 55, C4<00101>;
P_0000025c58c160a8 .param/l "ALU_ROL" 1 4 58, C4<01100>;
P_0000025c58c160e0 .param/l "ALU_ROR" 1 4 58, C4<01011>;
P_0000025c58c16118 .param/l "ALU_SHL" 1 4 58, C4<01010>;
P_0000025c58c16150 .param/l "ALU_SHR" 1 4 57, C4<01000>;
P_0000025c58c16188 .param/l "ALU_SHRA" 1 4 57, C4<01001>;
P_0000025c58c161c0 .param/l "ALU_SUB" 1 4 53, C4<00001>;
P_0000025c58c161f8 .param/l "BUS_C" 1 4 65, C4<10111>;
P_0000025c58c16230 .param/l "BUS_HI" 1 4 62, C4<10000>;
P_0000025c58c16268 .param/l "BUS_IN" 1 4 65, C4<10110>;
P_0000025c58c162a0 .param/l "BUS_LO" 1 4 62, C4<10001>;
P_0000025c58c162d8 .param/l "BUS_MDR" 1 4 64, C4<10101>;
P_0000025c58c16310 .param/l "BUS_PC" 1 4 64, C4<10100>;
P_0000025c58c16348 .param/l "BUS_ZH" 1 4 63, C4<10010>;
P_0000025c58c16380 .param/l "BUS_ZL" 1 4 63, C4<10011>;
P_0000025c58c163b8 .param/l "OP_ADD" 1 4 35, C4<00000>;
P_0000025c58c163f0 .param/l "OP_ADDI" 1 4 39, C4<01001>;
P_0000025c58c16428 .param/l "OP_AND" 1 4 36, C4<00010>;
P_0000025c58c16460 .param/l "OP_ANDI" 1 4 39, C4<01010>;
P_0000025c58c16498 .param/l "OP_BR" 1 4 43, C4<10101>;
P_0000025c58c164d0 .param/l "OP_DIV" 1 4 40, C4<01100>;
P_0000025c58c16508 .param/l "OP_HALT" 1 4 46, C4<11011>;
P_0000025c58c16540 .param/l "OP_IN" 1 4 44, C4<10110>;
P_0000025c58c16578 .param/l "OP_JAL" 1 4 43, C4<10011>;
P_0000025c58c165b0 .param/l "OP_JR" 1 4 43, C4<10100>;
P_0000025c58c165e8 .param/l "OP_LD" 1 4 42, C4<10000>;
P_0000025c58c16620 .param/l "OP_LDI" 1 4 42, C4<10001>;
P_0000025c58c16658 .param/l "OP_MFHI" 1 4 45, C4<11000>;
P_0000025c58c16690 .param/l "OP_MFLO" 1 4 45, C4<11001>;
P_0000025c58c166c8 .param/l "OP_MUL" 1 4 40, C4<01101>;
P_0000025c58c16700 .param/l "OP_NEG" 1 4 41, C4<01110>;
P_0000025c58c16738 .param/l "OP_NOP" 1 4 46, C4<11010>;
P_0000025c58c16770 .param/l "OP_NOT" 1 4 41, C4<01111>;
P_0000025c58c167a8 .param/l "OP_OR" 1 4 36, C4<00011>;
P_0000025c58c167e0 .param/l "OP_ORI" 1 4 39, C4<01011>;
P_0000025c58c16818 .param/l "OP_OUT" 1 4 44, C4<10111>;
P_0000025c58c16850 .param/l "OP_ROL" 1 4 38, C4<01000>;
P_0000025c58c16888 .param/l "OP_ROR" 1 4 38, C4<00111>;
P_0000025c58c168c0 .param/l "OP_SHL" 1 4 38, C4<00110>;
P_0000025c58c168f8 .param/l "OP_SHR" 1 4 37, C4<00100>;
P_0000025c58c16930 .param/l "OP_SHRA" 1 4 37, C4<00101>;
P_0000025c58c16968 .param/l "OP_ST" 1 4 42, C4<10010>;
P_0000025c58c169a0 .param/l "OP_SUB" 1 4 35, C4<00001>;
P_0000025c58c169d8 .param/l "S_ALU2_T3" 1 4 74, C4<000111>;
P_0000025c58c16a10 .param/l "S_ALU2_T4" 1 4 74, C4<001000>;
P_0000025c58c16a48 .param/l "S_ALU3_T3" 1 4 73, C4<000100>;
P_0000025c58c16a80 .param/l "S_ALU3_T4" 1 4 73, C4<000101>;
P_0000025c58c16ab8 .param/l "S_ALU3_T5" 1 4 73, C4<000110>;
P_0000025c58c16af0 .param/l "S_BR_T3" 1 4 83, C4<100001>;
P_0000025c58c16b28 .param/l "S_BR_T4" 1 4 83, C4<100010>;
P_0000025c58c16b60 .param/l "S_BR_T5" 1 4 83, C4<100011>;
P_0000025c58c16b98 .param/l "S_BR_T6" 1 4 83, C4<100100>;
P_0000025c58c16bd0 .param/l "S_DIV_T3" 1 4 76, C4<001101>;
P_0000025c58c16c08 .param/l "S_DIV_T4" 1 4 76, C4<001110>;
P_0000025c58c16c40 .param/l "S_DIV_T5" 1 4 76, C4<001111>;
P_0000025c58c16c78 .param/l "S_DIV_T6" 1 4 76, C4<010000>;
P_0000025c58c16cb0 .param/l "S_FETCH0" 1 4 70, C4<000001>;
P_0000025c58c16ce8 .param/l "S_FETCH1" 1 4 71, C4<000010>;
P_0000025c58c16d20 .param/l "S_FETCH2" 1 4 72, C4<000011>;
P_0000025c58c16d58 .param/l "S_HALT" 1 4 90, C4<101110>;
P_0000025c58c16d90 .param/l "S_IMM_T3" 1 4 82, C4<011110>;
P_0000025c58c16dc8 .param/l "S_IMM_T4" 1 4 82, C4<011111>;
P_0000025c58c16e00 .param/l "S_IMM_T5" 1 4 82, C4<100000>;
P_0000025c58c16e38 .param/l "S_IN_T3" 1 4 87, C4<101010>;
P_0000025c58c16e70 .param/l "S_IN_T4" 1 4 87, C4<101011>;
P_0000025c58c16ea8 .param/l "S_JAL_T3" 1 4 85, C4<100110>;
P_0000025c58c16ee0 .param/l "S_JAL_T4" 1 4 85, C4<100111>;
P_0000025c58c16f18 .param/l "S_JR_T3" 1 4 84, C4<100101>;
P_0000025c58c16f50 .param/l "S_LDI_T3" 1 4 79, C4<010110>;
P_0000025c58c16f88 .param/l "S_LDI_T4" 1 4 79, C4<010111>;
P_0000025c58c16fc0 .param/l "S_LDI_T5" 1 4 79, C4<011000>;
P_0000025c58c16ff8 .param/l "S_LD_T3" 1 4 77, C4<010001>;
P_0000025c58c17030 .param/l "S_LD_T4" 1 4 77, C4<010010>;
P_0000025c58c17068 .param/l "S_LD_T5" 1 4 77, C4<010011>;
P_0000025c58c170a0 .param/l "S_LD_T6" 1 4 78, C4<010100>;
P_0000025c58c170d8 .param/l "S_LD_T7" 1 4 78, C4<010101>;
P_0000025c58c17110 .param/l "S_MFHI_T3" 1 4 86, C4<101000>;
P_0000025c58c17148 .param/l "S_MFLO_T3" 1 4 86, C4<101001>;
P_0000025c58c17180 .param/l "S_MUL_T3" 1 4 75, C4<001001>;
P_0000025c58c171b8 .param/l "S_MUL_T4" 1 4 75, C4<001010>;
P_0000025c58c171f0 .param/l "S_MUL_T5" 1 4 75, C4<001011>;
P_0000025c58c17228 .param/l "S_MUL_T6" 1 4 75, C4<001100>;
P_0000025c58c17260 .param/l "S_NOP_T3" 1 4 89, C4<101101>;
P_0000025c58c17298 .param/l "S_OUT_T3" 1 4 88, C4<101100>;
P_0000025c58c172d0 .param/l "S_RESET" 1 4 69, C4<000000>;
P_0000025c58c17308 .param/l "S_ST_T3" 1 4 80, C4<011001>;
P_0000025c58c17340 .param/l "S_ST_T4" 1 4 80, C4<011010>;
P_0000025c58c17378 .param/l "S_ST_T5" 1 4 80, C4<011011>;
P_0000025c58c173b0 .param/l "S_ST_T6" 1 4 81, C4<011100>;
P_0000025c58c173e8 .param/l "S_ST_T7" 1 4 81, C4<011101>;
v0000025c58c08db0_0 .var "BAout", 0 0;
v0000025c58c09850_0 .var "Cout", 0 0;
v0000025c58c097b0_0 .var "Gra", 0 0;
v0000025c58c08bd0_0 .var "Grb", 0 0;
v0000025c58c09d50_0 .var "Grc", 0 0;
v0000025c58c09170_0 .net "IR", 31 0, v0000025c58ce0f70_0;  alias, 1 drivers
v0000025c58c09ad0_0 .var "IncPC", 0 0;
v0000025c58c07c30_0 .net "MDR", 31 0, L_0000025c58d6e160;  alias, 1 drivers
v0000025c58c09710_0 .var "MDRin", 0 0;
v0000025c58c07870_0 .var "Read", 0 0;
v0000025c58c08ef0_0 .var "Rin", 0 0;
v0000025c58c09df0_0 .var "Rout", 0 0;
v0000025c58c08450_0 .var "Zin", 0 0;
L_0000025c58d12de8 .functor BUFT 1, C4<000011>, C4<0>, C4<0>, C4<0>;
v0000025c58c08590_0 .net/2u *"_ivl_0", 5 0, L_0000025c58d12de8;  1 drivers
v0000025c58c086d0_0 .net *"_ivl_2", 0 0, L_0000025c58d01db0;  1 drivers
v0000025c58c09210_0 .net *"_ivl_5", 4 0, L_0000025c58d02ad0;  1 drivers
v0000025c58c07d70_0 .net *"_ivl_7", 4 0, L_0000025c58d01e50;  1 drivers
v0000025c58c08f90_0 .var "alu_op", 4 0;
v0000025c58c08950_0 .var "bus_sel", 4 0;
v0000025c58c098f0_0 .net "clk", 0 0, L_0000025c58d01d10;  alias, 1 drivers
v0000025c58c09350_0 .net "con", 0 0, v0000025c58ce1970_0;  alias, 1 drivers
v0000025c58c09490_0 .var "con_en", 0 0;
v0000025c58c09a30_0 .var "hi_in", 0 0;
v0000025c58c09670_0 .var "inport_in", 0 0;
v0000025c58c07e10_0 .var "ir_in", 0 0;
v0000025c58c09e90_0 .var "jal_r12_in", 0 0;
v0000025c58c08b30_0 .var "lo_in", 0 0;
v0000025c58c08270_0 .var "mar_in", 0 0;
v0000025c58c08130_0 .var "next_state", 5 0;
v0000025c58c081d0_0 .net "opcode", 4 0, L_0000025c58d02fd0;  1 drivers
v0000025c58c0a110_0 .var "outport_in", 0 0;
v0000025c58c0c0f0_0 .var "pc_in", 0 0;
v0000025c58c0a250_0 .var "ram_in", 0 0;
v0000025c58c0b790_0 .net "reset", 0 0, L_0000025c58d037f0;  alias, 1 drivers
v0000025c58c0a4d0_0 .var "run", 0 0;
v0000025c58c0a6b0_0 .var "state", 5 0;
v0000025c58c0b1f0_0 .net "stop", 0 0, L_0000025c58d02cb0;  alias, 1 drivers
v0000025c58c0b8d0_0 .var "y_in", 0 0;
E_0000025c58b9b240 .event anyedge, v0000025c58c0a6b0_0, v0000025c58c081d0_0, v0000025c58c09350_0;
E_0000025c58b9b280 .event anyedge, v0000025c58c0b1f0_0, v0000025c58c0a6b0_0, v0000025c58c081d0_0;
E_0000025c58b9b400 .event posedge, v0000025c58c0b790_0, v0000025c58c098f0_0;
L_0000025c58d01db0 .cmp/eq 6, v0000025c58c0a6b0_0, L_0000025c58d12de8;
L_0000025c58d02ad0 .part L_0000025c58d6e160, 27, 5;
L_0000025c58d01e50 .part v0000025c58ce0f70_0, 27, 5;
L_0000025c58d02fd0 .functor MUXZ 5, L_0000025c58d01e50, L_0000025c58d02ad0, L_0000025c58d01db0, C4<>;
S_0000025c5886f5c0 .scope module, "dp" "datapath_top" 3 65, 5 1 0, S_0000025c58883330;
 .timescale 0 0;
    .port_info 0 /INPUT 1 "clk";
    .port_info 1 /INPUT 1 "reset";
    .port_info 2 /INPUT 5 "bus_sel";
    .port_info 3 /INPUT 1 "pc_in";
    .port_info 4 /INPUT 1 "IncPC";
    .port_info 5 /INPUT 1 "ir_in";
    .port_info 6 /INPUT 1 "y_in";
    .port_info 7 /INPUT 1 "mar_in";
    .port_info 8 /INPUT 1 "hi_in";
    .port_info 9 /INPUT 1 "lo_in";
    .port_info 10 /INPUT 1 "MDRin";
    .port_info 11 /INPUT 1 "Read";
    .port_info 12 /INPUT 5 "alu_op";
    .port_info 13 /INPUT 1 "Zin";
    .port_info 14 /INPUT 32 "c_val";
    .port_info 15 /INPUT 1 "ram_in";
    .port_info 16 /INPUT 32 "device_in";
    .port_info 17 /INPUT 1 "inport_in";
    .port_info 18 /INPUT 1 "outport_in";
    .port_info 19 /INPUT 1 "Gra";
    .port_info 20 /INPUT 1 "Grb";
    .port_info 21 /INPUT 1 "Grc";
    .port_info 22 /INPUT 1 "Rin";
    .port_info 23 /INPUT 1 "Rout";
    .port_info 24 /INPUT 1 "BAout";
    .port_info 25 /INPUT 1 "Cout";
    .port_info 26 /INPUT 1 "con_en";
    .port_info 27 /INPUT 1 "jal_r12_in";
    .port_info 28 /OUTPUT 32 "BusMuxOut";
    .port_info 29 /OUTPUT 32 "pc_val";
    .port_info 30 /OUTPUT 32 "ir_val";
    .port_info 31 /OUTPUT 32 "y_val";
    .port_info 32 /OUTPUT 32 "mar_val";
    .port_info 33 /OUTPUT 32 "zhigh_out";
    .port_info 34 /OUTPUT 32 "zlow_out";
    .port_info 35 /OUTPUT 32 "Mdataout";
    .port_info 36 /OUTPUT 32 "outport_val";
    .port_info 37 /OUTPUT 1 "con";
    .port_info 38 /OUTPUT 1 "Overflow";
P_0000025c58b9ca40 .param/str "MEM_INIT_FILE" 0 5 2, "simulation/P4/memory_p4.hex";
L_0000025c58b95550 .functor BUFZ 32, L_0000025c58d03890, C4<00000000000000000000000000000000>, C4<00000000000000000000000000000000>, C4<00000000000000000000000000000000>;
L_0000025c58b95940 .functor BUFZ 32, L_0000025c58d025d0, C4<00000000000000000000000000000000>, C4<00000000000000000000000000000000>, C4<00000000000000000000000000000000>;
L_0000025c58b959b0 .functor BUFZ 1, v0000025c58cfcdb0_0, C4<0>, C4<0>, C4<0>;
L_0000025c58d14150 .functor BUFT 1, C4<00000000000000000000000000000000>, C4<0>, C4<0>, C4<0>;
L_0000025c58b95a20 .functor BUFZ 32, L_0000025c58d14150, C4<00000000000000000000000000000000>, C4<00000000000000000000000000000000>, C4<00000000000000000000000000000000>;
L_0000025c588c1910 .functor OR 16, L_0000025c58d6e1d0, L_0000025c58d02850, C4<0000000000000000>, C4<0000000000000000>;
L_0000025c58d6e160 .functor BUFZ 32, v0000025c58cf69b0_0, C4<00000000000000000000000000000000>, C4<00000000000000000000000000000000>, C4<00000000000000000000000000000000>;
v0000025c58cfb910_0 .net "BAout", 0 0, v0000025c58c08db0_0;  alias, 1 drivers
v0000025c58cfc4f0_0 .net "BAout_R0", 0 0, L_0000025c58d6cfe0;  1 drivers
v0000025c58cfba50_0 .net "BusMuxOut", 31 0, v0000025c58cbaf00_0;  alias, 1 drivers
v0000025c58cfc630_0 .net "Cout", 0 0, v0000025c58c09850_0;  alias, 1 drivers
v0000025c58cfbd70_0 .net "Gra", 0 0, v0000025c58c097b0_0;  alias, 1 drivers
v0000025c58cfc6d0_0 .net "Grb", 0 0, v0000025c58c08bd0_0;  alias, 1 drivers
v0000025c58cfbaf0_0 .net "Grc", 0 0, v0000025c58c09d50_0;  alias, 1 drivers
v0000025c58cfbe10_0 .net "IncPC", 0 0, v0000025c58c09ad0_0;  alias, 1 drivers
v0000025c58cfbb90_0 .net "MDRin", 0 0, v0000025c58c09710_0;  alias, 1 drivers
v0000025c58cfc810_0 .net "Mdataout", 31 0, L_0000025c58d6e160;  alias, 1 drivers
v0000025c58cfa1f0_0 .net "Overflow", 0 0, L_0000025c58b959b0;  1 drivers
v0000025c58cfaf10_0 .net "Read", 0 0, v0000025c58c07870_0;  alias, 1 drivers
v0000025c58cfb4b0_0 .net "Rin", 0 0, v0000025c58c08ef0_0;  alias, 1 drivers
v0000025c58cfab50_0 .net "Rin_decoded", 15 0, L_0000025c58d6e1d0;  1 drivers
v0000025c58cfb050_0 .net "Rout", 0 0, v0000025c58c09df0_0;  alias, 1 drivers
v0000025c58cfc8b0_0 .net "Rout_decoded", 15 0, L_0000025c58d6ce90;  1 drivers
v0000025c58cfa150_0 .var "Z_reg", 63 0;
v0000025c58cfb370_0 .net "Zin", 0 0, v0000025c58c08450_0;  alias, 1 drivers
L_0000025c58d12e78 .functor BUFT 1, C4<0001000000000000>, C4<0>, C4<0>, C4<0>;
v0000025c58cfa330_0 .net/2u *"_ivl_12", 15 0, L_0000025c58d12e78;  1 drivers
L_0000025c58d12ec0 .functor BUFT 1, C4<0000000000000000>, C4<0>, C4<0>, C4<0>;
v0000025c58cfa3d0_0 .net/2u *"_ivl_14", 15 0, L_0000025c58d12ec0;  1 drivers
v0000025c58cfb190_0 .net *"_ivl_16", 15 0, L_0000025c58d02850;  1 drivers
v0000025c58cfa470_0 .net "alu_op", 4 0, v0000025c58c08f90_0;  alias, 1 drivers
v0000025c58cfa510_0 .net "alu_overflow", 0 0, v0000025c58cbb720_0;  1 drivers
v0000025c58cfa970_0 .net "alu_result", 63 0, v0000025c58cbc080_0;  1 drivers
v0000025c58cfa5b0_0 .net "bus_sel", 4 0, v0000025c58c08950_0;  alias, 1 drivers
v0000025c58cfa6f0_0 .net "c_bus_val", 31 0, L_0000025c58d08110;  1 drivers
v0000025c58cfa790_0 .net "c_extended", 31 0, L_0000025c58d08f70;  1 drivers
v0000025c58cfa830_0 .net "c_raw", 31 0, L_0000025c58b95a20;  1 drivers
v0000025c58cfaa10_0 .net "c_val", 31 0, L_0000025c58d14150;  1 drivers
v0000025c58cfad30_0 .net "clk", 0 0, L_0000025c58d01d10;  alias, 1 drivers
v0000025c58cfadd0_0 .net "con", 0 0, v0000025c58ce1970_0;  alias, 1 drivers
v0000025c58cfb410_0 .net "con_en", 0 0, v0000025c58c09490_0;  alias, 1 drivers
v0000025c58cfb550_0 .net "device_in", 31 0, L_0000025c58d03c50;  alias, 1 drivers
v0000025c58cfe1b0_0 .net "hi_in", 0 0, v0000025c58c09a30_0;  alias, 1 drivers
v0000025c58cfce50_0 .net "hi_val", 31 0, v0000025c58cdffd0_0;  1 drivers
v0000025c58cfdf30_0 .net "inport_in", 0 0, v0000025c58c09670_0;  alias, 1 drivers
v0000025c58cfe9d0_0 .net "inport_val", 31 0, v0000025c58cdfcb0_0;  1 drivers
v0000025c58cfd990_0 .net "ir_in", 0 0, v0000025c58c07e10_0;  alias, 1 drivers
v0000025c58cfdfd0_0 .net "ir_val", 31 0, v0000025c58ce0f70_0;  alias, 1 drivers
v0000025c58cfcbd0_0 .net "jal_r12_in", 0 0, v0000025c58c09e90_0;  alias, 1 drivers
v0000025c58cfd030_0 .net "lo_in", 0 0, v0000025c58c08b30_0;  alias, 1 drivers
v0000025c58cfe750_0 .net "lo_val", 31 0, v0000025c58ce20f0_0;  1 drivers
v0000025c58cfd670_0 .net "mar_in", 0 0, v0000025c58c08270_0;  alias, 1 drivers
v0000025c58cfdcb0_0 .net "mar_val", 31 0, v0000025c58ce2b90_0;  alias, 1 drivers
v0000025c58cfda30_0 .net "mdr_val", 31 0, v0000025c58cf69b0_0;  1 drivers
v0000025c58cfe070_0 .net "outport_in", 0 0, v0000025c58c0a110_0;  alias, 1 drivers
v0000025c58cfe4d0_0 .net "outport_val", 31 0, v0000025c58cf6d70_0;  alias, 1 drivers
v0000025c58cfcdb0_0 .var "overflow_reg", 0 0;
v0000025c58cfcc70_0 .net "pc_in", 0 0, v0000025c58c0c0f0_0;  alias, 1 drivers
v0000025c58cfe110_0 .net "pc_val", 31 0, v0000025c58cde4f0_0;  alias, 1 drivers
v0000025c58cfd710_0 .net "r0_out", 31 0, L_0000025c58d02a30;  1 drivers
v0000025c58cfcef0_0 .net "r10_out", 31 0, v0000025c58cf6370_0;  1 drivers
v0000025c58cfeb10_0 .net "r11_out", 31 0, v0000025c58cf5e70_0;  1 drivers
v0000025c58cfd5d0_0 .net "r12_out", 31 0, v0000025c58cf5ab0_0;  1 drivers
v0000025c58cfebb0_0 .net "r13_out", 31 0, v0000025c58cf92f0_0;  1 drivers
v0000025c58cfe250_0 .net "r14_out", 31 0, v0000025c58cf9bb0_0;  1 drivers
v0000025c58cff010_0 .net "r15_out", 31 0, v0000025c58cf8cb0_0;  1 drivers
v0000025c58cfec50_0 .net "r1_out", 31 0, v0000025c58cf7270_0;  1 drivers
v0000025c58cfd2b0_0 .net "r2_out", 31 0, v0000025c58cf8fd0_0;  1 drivers
v0000025c58cfee30_0 .net "r3_out", 31 0, v0000025c58cf8490_0;  1 drivers
v0000025c58cfe2f0_0 .net "r4_out", 31 0, v0000025c58cf8170_0;  1 drivers
v0000025c58cfe570_0 .net "r5_out", 31 0, v0000025c58cf9070_0;  1 drivers
v0000025c58cfc950_0 .net "r6_out", 31 0, v0000025c58cf7bd0_0;  1 drivers
v0000025c58cfe610_0 .net "r7_out", 31 0, v0000025c58cf99d0_0;  1 drivers
v0000025c58cfd170_0 .net "r8_out", 31 0, v0000025c58cf8df0_0;  1 drivers
v0000025c58cfd490_0 .net "r9_out", 31 0, v0000025c58cf80d0_0;  1 drivers
v0000025c58cfdd50_0 .net "ram_in", 0 0, v0000025c58c0a250_0;  alias, 1 drivers
v0000025c58cfd350_0 .net "ram_val", 31 0, L_0000025c58d07a30;  1 drivers
v0000025c58cfd7b0_0 .net "reset", 0 0, L_0000025c58d037f0;  alias, 1 drivers
v0000025c58cfcf90_0 .net "sel_encoded", 4 0, v0000025c58cf5330_0;  1 drivers
v0000025c58cfe6b0_0 .net "y_in", 0 0, v0000025c58c0b8d0_0;  alias, 1 drivers
v0000025c58cfecf0_0 .net "y_val", 31 0, v0000025c58cddb90_0;  alias, 1 drivers
v0000025c58cff0b0_0 .net "zhigh_out", 31 0, L_0000025c58b95550;  alias, 1 drivers
v0000025c58cfd8f0_0 .net "zhigh_val", 31 0, L_0000025c58d03890;  1 drivers
v0000025c58cfdad0_0 .net "zlow_out", 31 0, L_0000025c58b95940;  alias, 1 drivers
v0000025c58cfd210_0 .net "zlow_val", 31 0, L_0000025c58d025d0;  1 drivers
L_0000025c58d03890 .part v0000025c58cfa150_0, 32, 32;
L_0000025c58d025d0 .part v0000025c58cfa150_0, 0, 32;
L_0000025c58d02850 .functor MUXZ 16, L_0000025c58d12ec0, L_0000025c58d12e78, v0000025c58c09e90_0, C4<>;
L_0000025c58d06d10 .part v0000025c58ce2b90_0, 0, 9;
L_0000025c58d08110 .functor MUXZ 32, L_0000025c58b95a20, L_0000025c58d08f70, v0000025c58c09850_0, C4<>;
L_0000025c58d084d0 .part v0000025c58ce0f70_0, 19, 2;
S_0000025c5886d120 .scope module, "alu_inst" "alu" 5 203, 6 4 0, S_0000025c5886f5c0;
 .timescale 0 0;
    .port_info 0 /INPUT 32 "A";
    .port_info 1 /INPUT 32 "B";
    .port_info 2 /INPUT 5 "op";
    .port_info 3 /OUTPUT 64 "C";
    .port_info 4 /OUTPUT 1 "Overflow";
P_0000025c58868580 .param/l "OP_ADD" 1 6 13, C4<00000>;
P_0000025c588685b8 .param/l "OP_AND" 1 6 17, C4<00100>;
P_0000025c588685f0 .param/l "OP_DIV" 1 6 16, C4<00011>;
P_0000025c58868628 .param/l "OP_MUL" 1 6 15, C4<00010>;
P_0000025c58868660 .param/l "OP_NEG" 1 6 20, C4<00111>;
P_0000025c58868698 .param/l "OP_NOT" 1 6 19, C4<00110>;
P_0000025c588686d0 .param/l "OP_OR" 1 6 18, C4<00101>;
P_0000025c58868708 .param/l "OP_ROL" 1 6 25, C4<01100>;
P_0000025c58868740 .param/l "OP_ROR" 1 6 24, C4<01011>;
P_0000025c58868778 .param/l "OP_SHL" 1 6 23, C4<01010>;
P_0000025c588687b0 .param/l "OP_SHR" 1 6 21, C4<01000>;
P_0000025c588687e8 .param/l "OP_SHRA" 1 6 22, C4<01001>;
P_0000025c58868820 .param/l "OP_SUB" 1 6 14, C4<00001>;
L_0000025c58d88f20 .functor NOT 32, v0000025c58cbaf00_0, C4<00000000000000000000000000000000>, C4<00000000000000000000000000000000>, C4<00000000000000000000000000000000>;
L_0000025c58d9bc40 .functor NOT 32, v0000025c58cbaf00_0, C4<00000000000000000000000000000000>, C4<00000000000000000000000000000000>, C4<00000000000000000000000000000000>;
v0000025c58cbb5e0_0 .net "A", 31 0, v0000025c58cddb90_0;  alias, 1 drivers
v0000025c58cbb7c0_0 .net "B", 31 0, v0000025c58cbaf00_0;  alias, 1 drivers
v0000025c58cbc080_0 .var "C", 63 0;
v0000025c58cbb720_0 .var "Overflow", 0 0;
v0000025c58cbbfe0_0 .net "add_cout", 0 0, L_0000025c58d0c7b0;  1 drivers
v0000025c58cba3c0_0 .net "add_overflow", 0 0, L_0000025c58d8d750;  1 drivers
v0000025c58cbc300_0 .net "add_result", 31 0, L_0000025c58d0dbb0;  1 drivers
v0000025c58cbb180_0 .net "div_quotient", 31 0, L_0000025c58daa420;  1 drivers
v0000025c58cba460_0 .net "div_remainder", 31 0, L_0000025c58daa600;  1 drivers
v0000025c58cbc260_0 .net "mul_result", 63 0, L_0000025c58dab960;  1 drivers
v0000025c58cbbae0_0 .net "neg_cout", 0 0, L_0000025c58cf2a90;  1 drivers
v0000025c58cbbea0_0 .net "neg_result", 31 0, L_0000025c58cf4250;  1 drivers
v0000025c58cbb900_0 .net "op", 4 0, v0000025c58c08f90_0;  alias, 1 drivers
v0000025c58cbad20_0 .net "rol_result", 31 0, L_0000025c58d9b150;  1 drivers
v0000025c58cbc440_0 .net "ror_result", 31 0, L_0000025c58d9a820;  1 drivers
v0000025c58cbb9a0_0 .net "shl_result", 31 0, L_0000025c58d9b770;  1 drivers
v0000025c58cbc580_0 .net "shr_result", 31 0, L_0000025c58d9b3f0;  1 drivers
v0000025c58cbc620_0 .net "shra_result", 31 0, L_0000025c58d9b4d0;  1 drivers
v0000025c58cba960_0 .net "sub_cout", 0 0, L_0000025c58d0f2d0;  1 drivers
v0000025c58cbaa00_0 .net "sub_overflow", 0 0, L_0000025c58d89540;  1 drivers
v0000025c58cbadc0_0 .net "sub_result", 31 0, L_0000025c58d0fc30;  1 drivers
E_0000025c58b9cfc0/0 .event anyedge, v0000025c58c08f90_0, v0000025c58c95250_0, v0000025c58c94030_0, v0000025c58cc4c80_0;
E_0000025c58b9cfc0/1 .event anyedge, v0000025c58cc5c20_0, v0000025c58c809a0_0, v0000025c58c839c0_0, v0000025c58c84780_0;
E_0000025c58b9cfc0/2 .event anyedge, v0000025c58c0b970_0, v0000025c58c80720_0, v0000025c58c920f0_0, v0000025c58cbb540_0;
E_0000025c58b9cfc0/3 .event anyedge, v0000025c58cba280_0, v0000025c58cbb360_0, v0000025c58cbbcc0_0, v0000025c58cba320_0;
E_0000025c58b9cfc0 .event/or E_0000025c58b9cfc0/0, E_0000025c58b9cfc0/1, E_0000025c58b9cfc0/2, E_0000025c58b9cfc0/3;
L_0000025c58db0460 .part v0000025c58cbaf00_0, 0, 5;
S_0000025c58868860 .scope module, "booth_mul" "booth_multiplier" 6 69, 7 4 0, S_0000025c5886d120;
 .timescale 0 0;
    .port_info 0 /INPUT 32 "A";
    .port_info 1 /INPUT 32 "B";
    .port_info 2 /OUTPUT 64 "Product";
v0000025c58c81bc0_0 .net/s "A", 31 0, v0000025c58cddb90_0;  alias, 1 drivers
v0000025c58c80720_0 .net/s "B", 31 0, v0000025c58cbaf00_0;  alias, 1 drivers
v0000025c58c820c0_0 .net "B_ext", 32 0, L_0000025c58dab140;  1 drivers
v0000025c58c809a0_0 .net/s "Product", 63 0, L_0000025c58dab960;  alias, 1 drivers
L_0000025c58d13c88 .functor BUFT 1, C4<0>, C4<0>, C4<0>, C4<0>;
v0000025c58c82480_0 .net/2u *"_ivl_16", 0 0, L_0000025c58d13c88;  1 drivers
v0000025c58c80a40_0 .net *"_ivl_21", 0 0, L_0000025c58daad80;  1 drivers
v0000025c58c81260_0 .net *"_ivl_23", 0 0, L_0000025c58daace0;  1 drivers
v0000025c58c81440_0 .net *"_ivl_25", 0 0, L_0000025c58dabdc0;  1 drivers
L_0000025c58d13d18 .functor BUFT 1, C4<00000000000000000000000000100000>, C4<0>, C4<0>, C4<0>;
v0000025c58c80ae0_0 .net/2s *"_ivl_28", 31 0, L_0000025c58d13d18;  1 drivers
v0000025c58c814e0_0 .net/s *"_ivl_35", 63 0, L_0000025c58dab500;  1 drivers
v0000025c58c80b80_0 .net/s *"_ivl_38", 63 0, L_0000025c58daa560;  1 drivers
v0000025c58c81940_0 .net/s *"_ivl_41", 63 0, L_0000025c58dab820;  1 drivers
v0000025c58c80cc0_0 .net/s *"_ivl_44", 63 0, L_0000025c58dac0e0;  1 drivers
v0000025c58c81b20_0 .net/s *"_ivl_47", 63 0, L_0000025c58dac400;  1 drivers
v0000025c58c82d40_0 .net/s *"_ivl_50", 63 0, L_0000025c58dac680;  1 drivers
v0000025c58c82520_0 .net/s *"_ivl_53", 63 0, L_0000025c58dac900;  1 drivers
v0000025c58c825c0_0 .net/s *"_ivl_56", 63 0, L_0000025c58dab5a0;  1 drivers
v0000025c58c834c0_0 .net/s *"_ivl_59", 63 0, L_0000025c58dabc80;  1 drivers
v0000025c58c83100_0 .net/s *"_ivl_62", 63 0, L_0000025c58daa380;  1 drivers
v0000025c58c83ce0_0 .net/s *"_ivl_65", 63 0, L_0000025c58dab640;  1 drivers
v0000025c58c845a0_0 .net/s *"_ivl_68", 63 0, L_0000025c58dab8c0;  1 drivers
v0000025c58c82700_0 .net/s *"_ivl_71", 63 0, L_0000025c58dabaa0;  1 drivers
v0000025c58c82980_0 .net/s *"_ivl_74", 63 0, L_0000025c58dac360;  1 drivers
v0000025c58c827a0_0 .net/s *"_ivl_77", 63 0, L_0000025c58dac9a0;  1 drivers
v0000025c58c84460_0 .net "last_booth_bits", 2 0, L_0000025c58dabe60;  1 drivers
v0000025c58c82ac0 .array "pp", 0 16;
v0000025c58c82ac0_0 .net/s v0000025c58c82ac0 0, 63 0, L_0000025c58cf4930; 1 drivers
v0000025c58c82ac0_1 .net/s v0000025c58c82ac0 1, 63 0, L_0000025c58cf3030; 1 drivers
v0000025c58c82ac0_2 .net/s v0000025c58c82ac0 2, 63 0, L_0000025c58cf4cf0; 1 drivers
v0000025c58c82ac0_3 .net/s v0000025c58c82ac0 3, 63 0, L_0000025c58cf3df0; 1 drivers
v0000025c58c82ac0_4 .net/s v0000025c58c82ac0 4, 63 0, L_0000025c58da92a0; 1 drivers
v0000025c58c82ac0_5 .net/s v0000025c58c82ac0 5, 63 0, L_0000025c58daa1a0; 1 drivers
v0000025c58c82ac0_6 .net/s v0000025c58c82ac0 6, 63 0, L_0000025c58da8bc0; 1 drivers
v0000025c58c82ac0_7 .net/s v0000025c58c82ac0 7, 63 0, L_0000025c58da7cc0; 1 drivers
v0000025c58c82ac0_8 .net/s v0000025c58c82ac0 8, 63 0, L_0000025c58da8e40; 1 drivers
v0000025c58c82ac0_9 .net/s v0000025c58c82ac0 9, 63 0, L_0000025c58da93e0; 1 drivers
v0000025c58c82ac0_10 .net/s v0000025c58c82ac0 10, 63 0, L_0000025c58da8620; 1 drivers
v0000025c58c82ac0_11 .net/s v0000025c58c82ac0 11, 63 0, L_0000025c58da9160; 1 drivers
v0000025c58c82ac0_12 .net/s v0000025c58c82ac0 12, 63 0, L_0000025c58dabd20; 1 drivers
v0000025c58c82ac0_13 .net/s v0000025c58c82ac0 13, 63 0, L_0000025c58dab320; 1 drivers
v0000025c58c82ac0_14 .net/s v0000025c58c82ac0 14, 63 0, L_0000025c58dab1e0; 1 drivers
v0000025c58c82ac0_15 .net/s v0000025c58c82ac0 15, 63 0, L_0000025c58daab00; 1 drivers
v0000025c58c82ac0_16 .net/s v0000025c58c82ac0 16, 63 0, L_0000025c58daaec0; 1 drivers
L_0000025c58cf4570 .part L_0000025c58dab140, 0, 3;
L_0000025c58cf4f70 .part L_0000025c58dab140, 2, 3;
L_0000025c58cf4610 .part L_0000025c58dab140, 4, 3;
L_0000025c58cf3350 .part L_0000025c58dab140, 6, 3;
L_0000025c58da7c20 .part L_0000025c58dab140, 8, 3;
L_0000025c58da8800 .part L_0000025c58dab140, 10, 3;
L_0000025c58da9d40 .part L_0000025c58dab140, 12, 3;
L_0000025c58da9980 .part L_0000025c58dab140, 14, 3;
L_0000025c58da88a0 .part L_0000025c58dab140, 16, 3;
L_0000025c58da90c0 .part L_0000025c58dab140, 18, 3;
L_0000025c58da95c0 .part L_0000025c58dab140, 20, 3;
L_0000025c58da8760 .part L_0000025c58dab140, 22, 3;
L_0000025c58da9200 .part L_0000025c58dab140, 24, 3;
L_0000025c58dab6e0 .part L_0000025c58dab140, 26, 3;
L_0000025c58dab000 .part L_0000025c58dab140, 28, 3;
L_0000025c58daa880 .part L_0000025c58dab140, 30, 3;
L_0000025c58dab140 .concat [ 1 32 0 0], L_0000025c58d13c88, v0000025c58cbaf00_0;
L_0000025c58daad80 .part v0000025c58cbaf00_0, 31, 1;
L_0000025c58daace0 .part v0000025c58cbaf00_0, 31, 1;
L_0000025c58dabdc0 .part L_0000025c58dab140, 31, 1;
L_0000025c58dabe60 .concat [ 1 1 1 0], L_0000025c58dabdc0, L_0000025c58daace0, L_0000025c58daad80;
L_0000025c58dab3c0 .part L_0000025c58d13d18, 0, 6;
L_0000025c58dab500 .arith/sum 64, L_0000025c58cf4930, L_0000025c58cf3030;
L_0000025c58daa560 .arith/sum 64, L_0000025c58dab500, L_0000025c58cf4cf0;
L_0000025c58dab820 .arith/sum 64, L_0000025c58daa560, L_0000025c58cf3df0;
L_0000025c58dac0e0 .arith/sum 64, L_0000025c58dab820, L_0000025c58da92a0;
L_0000025c58dac400 .arith/sum 64, L_0000025c58dac0e0, L_0000025c58daa1a0;
L_0000025c58dac680 .arith/sum 64, L_0000025c58dac400, L_0000025c58da8bc0;
L_0000025c58dac900 .arith/sum 64, L_0000025c58dac680, L_0000025c58da7cc0;
L_0000025c58dab5a0 .arith/sum 64, L_0000025c58dac900, L_0000025c58da8e40;
L_0000025c58dabc80 .arith/sum 64, L_0000025c58dab5a0, L_0000025c58da93e0;
L_0000025c58daa380 .arith/sum 64, L_0000025c58dabc80, L_0000025c58da8620;
L_0000025c58dab640 .arith/sum 64, L_0000025c58daa380, L_0000025c58da9160;
L_0000025c58dab8c0 .arith/sum 64, L_0000025c58dab640, L_0000025c58dabd20;
L_0000025c58dabaa0 .arith/sum 64, L_0000025c58dab8c0, L_0000025c58dab320;
L_0000025c58dac360 .arith/sum 64, L_0000025c58dabaa0, L_0000025c58dab1e0;
L_0000025c58dac9a0 .arith/sum 64, L_0000025c58dac360, L_0000025c58daab00;
L_0000025c58dab960 .arith/sum 64, L_0000025c58dac9a0, L_0000025c58daaec0;
S_0000025c58864070 .scope generate, "booth_pp_gen[0]" "booth_pp_gen[0]" 7 27, 7 27 0, S_0000025c58868860;
 .timescale 0 0;
P_0000025c58b9c840 .param/l "i" 0 7 27, +C4<00>;
L_0000025c58d133d0 .functor BUFT 1, C4<0>, C4<0>, C4<0>, C4<0>;
v0000025c58c0ac50_0 .net/2s *"_ivl_1", 0 0, L_0000025c58d133d0;  1 drivers
v0000025c58c0a2f0_0 .net "booth_bits", 2 0, L_0000025c58cf4570;  1 drivers
L_0000025c58cf4ed0 .extend/s 6, L_0000025c58d133d0;
S_0000025c58864200 .scope module, "bpp" "booth_partial_product" 7 31, 7 57 0, S_0000025c58864070;
 .timescale 0 0;
    .port_info 0 /INPUT 32 "M";
    .port_info 1 /INPUT 3 "booth_bits";
    .port_info 2 /INPUT 6 "shift_amount";
    .port_info 3 /OUTPUT 64 "pp";
v0000025c58c0b970_0 .net/s "M", 31 0, v0000025c58cddb90_0;  alias, 1 drivers
v0000025c58c0c690_0 .net/s "M2", 63 0, L_0000025c58cf5010;  1 drivers
v0000025c58c0b6f0_0 .net/s "M_ext", 63 0, L_0000025c58cf3170;  1 drivers
v0000025c58c0c4b0_0 .net *"_ivl_1", 0 0, L_0000025c58cf2b30;  1 drivers
L_0000025c58d13388 .functor BUFT 1, C4<0>, C4<0>, C4<0>, C4<0>;
v0000025c58c0b830_0 .net *"_ivl_10", 0 0, L_0000025c58d13388;  1 drivers
v0000025c58c0bfb0_0 .net *"_ivl_2", 31 0, L_0000025c58cf4110;  1 drivers
v0000025c58c0b3d0_0 .net *"_ivl_8", 62 0, L_0000025c58cf37b0;  1 drivers
v0000025c58c0c050_0 .net "booth_bits", 2 0, L_0000025c58cf4570;  alias, 1 drivers
v0000025c58c0a430_0 .net/s "pp", 63 0, L_0000025c58cf4930;  alias, 1 drivers
v0000025c58c0a1b0_0 .var/s "pp_unshifted", 63 0;
v0000025c58c0bf10_0 .net "shift_amount", 5 0, L_0000025c58cf4ed0;  1 drivers
E_0000025c58b9cc80 .event anyedge, v0000025c58c0c050_0, v0000025c58c0b6f0_0, v0000025c58c0c690_0;
L_0000025c58cf2b30 .part v0000025c58cddb90_0, 31, 1;
LS_0000025c58cf4110_0_0 .concat [ 1 1 1 1], L_0000025c58cf2b30, L_0000025c58cf2b30, L_0000025c58cf2b30, L_0000025c58cf2b30;
LS_0000025c58cf4110_0_4 .concat [ 1 1 1 1], L_0000025c58cf2b30, L_0000025c58cf2b30, L_0000025c58cf2b30, L_0000025c58cf2b30;
LS_0000025c58cf4110_0_8 .concat [ 1 1 1 1], L_0000025c58cf2b30, L_0000025c58cf2b30, L_0000025c58cf2b30, L_0000025c58cf2b30;
LS_0000025c58cf4110_0_12 .concat [ 1 1 1 1], L_0000025c58cf2b30, L_0000025c58cf2b30, L_0000025c58cf2b30, L_0000025c58cf2b30;
LS_0000025c58cf4110_0_16 .concat [ 1 1 1 1], L_0000025c58cf2b30, L_0000025c58cf2b30, L_0000025c58cf2b30, L_0000025c58cf2b30;
LS_0000025c58cf4110_0_20 .concat [ 1 1 1 1], L_0000025c58cf2b30, L_0000025c58cf2b30, L_0000025c58cf2b30, L_0000025c58cf2b30;
LS_0000025c58cf4110_0_24 .concat [ 1 1 1 1], L_0000025c58cf2b30, L_0000025c58cf2b30, L_0000025c58cf2b30, L_0000025c58cf2b30;
LS_0000025c58cf4110_0_28 .concat [ 1 1 1 1], L_0000025c58cf2b30, L_0000025c58cf2b30, L_0000025c58cf2b30, L_0000025c58cf2b30;
LS_0000025c58cf4110_1_0 .concat [ 4 4 4 4], LS_0000025c58cf4110_0_0, LS_0000025c58cf4110_0_4, LS_0000025c58cf4110_0_8, LS_0000025c58cf4110_0_12;
LS_0000025c58cf4110_1_4 .concat [ 4 4 4 4], LS_0000025c58cf4110_0_16, LS_0000025c58cf4110_0_20, LS_0000025c58cf4110_0_24, LS_0000025c58cf4110_0_28;
L_0000025c58cf4110 .concat [ 16 16 0 0], LS_0000025c58cf4110_1_0, LS_0000025c58cf4110_1_4;
L_0000025c58cf3170 .concat [ 32 32 0 0], v0000025c58cddb90_0, L_0000025c58cf4110;
L_0000025c58cf37b0 .part L_0000025c58cf3170, 0, 63;
L_0000025c58cf5010 .concat [ 1 63 0 0], L_0000025c58d13388, L_0000025c58cf37b0;
L_0000025c58cf4930 .shift/l 64, v0000025c58c0a1b0_0, L_0000025c58cf4ed0;
S_0000025c5884e870 .scope generate, "booth_pp_gen[1]" "booth_pp_gen[1]" 7 27, 7 27 0, S_0000025c58868860;
 .timescale 0 0;
P_0000025c58b9c240 .param/l "i" 0 7 27, +C4<01>;
L_0000025c58d13460 .functor BUFT 1, C4<010>, C4<0>, C4<0>, C4<0>;
v0000025c58c0a570_0 .net/2s *"_ivl_1", 2 0, L_0000025c58d13460;  1 drivers
v0000025c58c0c550_0 .net "booth_bits", 2 0, L_0000025c58cf4f70;  1 drivers
L_0000025c58cf30d0 .extend/s 6, L_0000025c58d13460;
S_0000025c5884ea00 .scope module, "bpp" "booth_partial_product" 7 31, 7 57 0, S_0000025c5884e870;
 .timescale 0 0;
    .port_info 0 /INPUT 32 "M";
    .port_info 1 /INPUT 3 "booth_bits";
    .port_info 2 /INPUT 6 "shift_amount";
    .port_info 3 /OUTPUT 64 "pp";
v0000025c58c0a750_0 .net/s "M", 31 0, v0000025c58cddb90_0;  alias, 1 drivers
v0000025c58c0c730_0 .net/s "M2", 63 0, L_0000025c58cf3c10;  1 drivers
v0000025c58c0b290_0 .net/s "M_ext", 63 0, L_0000025c58cf42f0;  1 drivers
v0000025c58c0af70_0 .net *"_ivl_1", 0 0, L_0000025c58cf3990;  1 drivers
L_0000025c58d13418 .functor BUFT 1, C4<0>, C4<0>, C4<0>, C4<0>;
v0000025c58c0c2d0_0 .net *"_ivl_10", 0 0, L_0000025c58d13418;  1 drivers
v0000025c58c0ab10_0 .net *"_ivl_2", 31 0, L_0000025c58cf35d0;  1 drivers
v0000025c58c0ad90_0 .net *"_ivl_8", 62 0, L_0000025c58cf2bd0;  1 drivers
v0000025c58c0a390_0 .net "booth_bits", 2 0, L_0000025c58cf4f70;  alias, 1 drivers
v0000025c58c0b150_0 .net/s "pp", 63 0, L_0000025c58cf3030;  alias, 1 drivers
v0000025c58c0b330_0 .var/s "pp_unshifted", 63 0;
v0000025c58c0aa70_0 .net "shift_amount", 5 0, L_0000025c58cf30d0;  1 drivers
E_0000025c58b9c540 .event anyedge, v0000025c58c0a390_0, v0000025c58c0b290_0, v0000025c58c0c730_0;
L_0000025c58cf3990 .part v0000025c58cddb90_0, 31, 1;
LS_0000025c58cf35d0_0_0 .concat [ 1 1 1 1], L_0000025c58cf3990, L_0000025c58cf3990, L_0000025c58cf3990, L_0000025c58cf3990;
LS_0000025c58cf35d0_0_4 .concat [ 1 1 1 1], L_0000025c58cf3990, L_0000025c58cf3990, L_0000025c58cf3990, L_0000025c58cf3990;
LS_0000025c58cf35d0_0_8 .concat [ 1 1 1 1], L_0000025c58cf3990, L_0000025c58cf3990, L_0000025c58cf3990, L_0000025c58cf3990;
LS_0000025c58cf35d0_0_12 .concat [ 1 1 1 1], L_0000025c58cf3990, L_0000025c58cf3990, L_0000025c58cf3990, L_0000025c58cf3990;
LS_0000025c58cf35d0_0_16 .concat [ 1 1 1 1], L_0000025c58cf3990, L_0000025c58cf3990, L_0000025c58cf3990, L_0000025c58cf3990;
LS_0000025c58cf35d0_0_20 .concat [ 1 1 1 1], L_0000025c58cf3990, L_0000025c58cf3990, L_0000025c58cf3990, L_0000025c58cf3990;
LS_0000025c58cf35d0_0_24 .concat [ 1 1 1 1], L_0000025c58cf3990, L_0000025c58cf3990, L_0000025c58cf3990, L_0000025c58cf3990;
LS_0000025c58cf35d0_0_28 .concat [ 1 1 1 1], L_0000025c58cf3990, L_0000025c58cf3990, L_0000025c58cf3990, L_0000025c58cf3990;
LS_0000025c58cf35d0_1_0 .concat [ 4 4 4 4], LS_0000025c58cf35d0_0_0, LS_0000025c58cf35d0_0_4, LS_0000025c58cf35d0_0_8, LS_0000025c58cf35d0_0_12;
LS_0000025c58cf35d0_1_4 .concat [ 4 4 4 4], LS_0000025c58cf35d0_0_16, LS_0000025c58cf35d0_0_20, LS_0000025c58cf35d0_0_24, LS_0000025c58cf35d0_0_28;
L_0000025c58cf35d0 .concat [ 16 16 0 0], LS_0000025c58cf35d0_1_0, LS_0000025c58cf35d0_1_4;
L_0000025c58cf42f0 .concat [ 32 32 0 0], v0000025c58cddb90_0, L_0000025c58cf35d0;
L_0000025c58cf2bd0 .part L_0000025c58cf42f0, 0, 63;
L_0000025c58cf3c10 .concat [ 1 63 0 0], L_0000025c58d13418, L_0000025c58cf2bd0;
L_0000025c58cf3030 .shift/l 64, v0000025c58c0b330_0, L_0000025c58cf30d0;
S_0000025c5885d750 .scope generate, "booth_pp_gen[2]" "booth_pp_gen[2]" 7 27, 7 27 0, S_0000025c58868860;
 .timescale 0 0;
P_0000025c58b9c340 .param/l "i" 0 7 27, +C4<010>;
L_0000025c58d134f0 .functor BUFT 1, C4<0100>, C4<0>, C4<0>, C4<0>;
v0000025c58c0b5b0_0 .net/2s *"_ivl_1", 3 0, L_0000025c58d134f0;  1 drivers
v0000025c58c0bb50_0 .net "booth_bits", 2 0, L_0000025c58cf4610;  1 drivers
L_0000025c58cf3cb0 .extend/s 6, L_0000025c58d134f0;
S_0000025c5885d8e0 .scope module, "bpp" "booth_partial_product" 7 31, 7 57 0, S_0000025c5885d750;
 .timescale 0 0;
    .port_info 0 /INPUT 32 "M";
    .port_info 1 /INPUT 3 "booth_bits";
    .port_info 2 /INPUT 6 "shift_amount";
    .port_info 3 /OUTPUT 64 "pp";
v0000025c58c0b470_0 .net/s "M", 31 0, v0000025c58cddb90_0;  alias, 1 drivers
v0000025c58c0a9d0_0 .net/s "M2", 63 0, L_0000025c58cf4bb0;  1 drivers
v0000025c58c0c190_0 .net/s "M_ext", 63 0, L_0000025c58cf3210;  1 drivers
v0000025c58c0c7d0_0 .net *"_ivl_1", 0 0, L_0000025c58cf4390;  1 drivers
L_0000025c58d134a8 .functor BUFT 1, C4<0>, C4<0>, C4<0>, C4<0>;
v0000025c58c0c230_0 .net *"_ivl_10", 0 0, L_0000025c58d134a8;  1 drivers
v0000025c58c0b510_0 .net *"_ivl_2", 31 0, L_0000025c58cf4b10;  1 drivers
v0000025c58c0b010_0 .net *"_ivl_8", 62 0, L_0000025c58cf46b0;  1 drivers
v0000025c58c0ba10_0 .net "booth_bits", 2 0, L_0000025c58cf4610;  alias, 1 drivers
v0000025c58c0bab0_0 .net/s "pp", 63 0, L_0000025c58cf4cf0;  alias, 1 drivers
v0000025c58c0a610_0 .var/s "pp_unshifted", 63 0;
v0000025c58c0a070_0 .net "shift_amount", 5 0, L_0000025c58cf3cb0;  1 drivers
E_0000025c58b9d040 .event anyedge, v0000025c58c0ba10_0, v0000025c58c0c190_0, v0000025c58c0a9d0_0;
L_0000025c58cf4390 .part v0000025c58cddb90_0, 31, 1;
LS_0000025c58cf4b10_0_0 .concat [ 1 1 1 1], L_0000025c58cf4390, L_0000025c58cf4390, L_0000025c58cf4390, L_0000025c58cf4390;
LS_0000025c58cf4b10_0_4 .concat [ 1 1 1 1], L_0000025c58cf4390, L_0000025c58cf4390, L_0000025c58cf4390, L_0000025c58cf4390;
LS_0000025c58cf4b10_0_8 .concat [ 1 1 1 1], L_0000025c58cf4390, L_0000025c58cf4390, L_0000025c58cf4390, L_0000025c58cf4390;
LS_0000025c58cf4b10_0_12 .concat [ 1 1 1 1], L_0000025c58cf4390, L_0000025c58cf4390, L_0000025c58cf4390, L_0000025c58cf4390;
LS_0000025c58cf4b10_0_16 .concat [ 1 1 1 1], L_0000025c58cf4390, L_0000025c58cf4390, L_0000025c58cf4390, L_0000025c58cf4390;
LS_0000025c58cf4b10_0_20 .concat [ 1 1 1 1], L_0000025c58cf4390, L_0000025c58cf4390, L_0000025c58cf4390, L_0000025c58cf4390;
LS_0000025c58cf4b10_0_24 .concat [ 1 1 1 1], L_0000025c58cf4390, L_0000025c58cf4390, L_0000025c58cf4390, L_0000025c58cf4390;
LS_0000025c58cf4b10_0_28 .concat [ 1 1 1 1], L_0000025c58cf4390, L_0000025c58cf4390, L_0000025c58cf4390, L_0000025c58cf4390;
LS_0000025c58cf4b10_1_0 .concat [ 4 4 4 4], LS_0000025c58cf4b10_0_0, LS_0000025c58cf4b10_0_4, LS_0000025c58cf4b10_0_8, LS_0000025c58cf4b10_0_12;
LS_0000025c58cf4b10_1_4 .concat [ 4 4 4 4], LS_0000025c58cf4b10_0_16, LS_0000025c58cf4b10_0_20, LS_0000025c58cf4b10_0_24, LS_0000025c58cf4b10_0_28;
L_0000025c58cf4b10 .concat [ 16 16 0 0], LS_0000025c58cf4b10_1_0, LS_0000025c58cf4b10_1_4;
L_0000025c58cf3210 .concat [ 32 32 0 0], v0000025c58cddb90_0, L_0000025c58cf4b10;
L_0000025c58cf46b0 .part L_0000025c58cf3210, 0, 63;
L_0000025c58cf4bb0 .concat [ 1 63 0 0], L_0000025c58d134a8, L_0000025c58cf46b0;
L_0000025c58cf4cf0 .shift/l 64, v0000025c58c0a610_0, L_0000025c58cf3cb0;
S_0000025c58858ea0 .scope generate, "booth_pp_gen[3]" "booth_pp_gen[3]" 7 27, 7 27 0, S_0000025c58868860;
 .timescale 0 0;
P_0000025c58b9c4c0 .param/l "i" 0 7 27, +C4<011>;
L_0000025c58d13580 .functor BUFT 1, C4<0110>, C4<0>, C4<0>, C4<0>;
v0000025c58c0b650_0 .net/2s *"_ivl_1", 3 0, L_0000025c58d13580;  1 drivers
v0000025c58c0ae30_0 .net "booth_bits", 2 0, L_0000025c58cf3350;  1 drivers
L_0000025c58da8ee0 .extend/s 6, L_0000025c58d13580;
S_0000025c58859030 .scope module, "bpp" "booth_partial_product" 7 31, 7 57 0, S_0000025c58858ea0;
 .timescale 0 0;
    .port_info 0 /INPUT 32 "M";
    .port_info 1 /INPUT 3 "booth_bits";
    .port_info 2 /INPUT 6 "shift_amount";
    .port_info 3 /OUTPUT 64 "pp";
v0000025c58c0aed0_0 .net/s "M", 31 0, v0000025c58cddb90_0;  alias, 1 drivers
v0000025c58c0c370_0 .net/s "M2", 63 0, L_0000025c58cf3530;  1 drivers
v0000025c58c0c410_0 .net/s "M_ext", 63 0, L_0000025c58cf33f0;  1 drivers
v0000025c58c0abb0_0 .net *"_ivl_1", 0 0, L_0000025c58cf50b0;  1 drivers
L_0000025c58d13538 .functor BUFT 1, C4<0>, C4<0>, C4<0>, C4<0>;
v0000025c58c0a7f0_0 .net *"_ivl_10", 0 0, L_0000025c58d13538;  1 drivers
v0000025c58c0c5f0_0 .net *"_ivl_2", 31 0, L_0000025c58cf3d50;  1 drivers
v0000025c58c0a890_0 .net *"_ivl_8", 62 0, L_0000025c58cf3490;  1 drivers
v0000025c58c0a930_0 .net "booth_bits", 2 0, L_0000025c58cf3350;  alias, 1 drivers
v0000025c58c0bbf0_0 .net/s "pp", 63 0, L_0000025c58cf3df0;  alias, 1 drivers
v0000025c58c0acf0_0 .var/s "pp_unshifted", 63 0;
v0000025c58c0b0b0_0 .net "shift_amount", 5 0, L_0000025c58da8ee0;  1 drivers
E_0000025c58b9ca80 .event anyedge, v0000025c58c0a930_0, v0000025c58c0c410_0, v0000025c58c0c370_0;
L_0000025c58cf50b0 .part v0000025c58cddb90_0, 31, 1;
LS_0000025c58cf3d50_0_0 .concat [ 1 1 1 1], L_0000025c58cf50b0, L_0000025c58cf50b0, L_0000025c58cf50b0, L_0000025c58cf50b0;
LS_0000025c58cf3d50_0_4 .concat [ 1 1 1 1], L_0000025c58cf50b0, L_0000025c58cf50b0, L_0000025c58cf50b0, L_0000025c58cf50b0;
LS_0000025c58cf3d50_0_8 .concat [ 1 1 1 1], L_0000025c58cf50b0, L_0000025c58cf50b0, L_0000025c58cf50b0, L_0000025c58cf50b0;
LS_0000025c58cf3d50_0_12 .concat [ 1 1 1 1], L_0000025c58cf50b0, L_0000025c58cf50b0, L_0000025c58cf50b0, L_0000025c58cf50b0;
LS_0000025c58cf3d50_0_16 .concat [ 1 1 1 1], L_0000025c58cf50b0, L_0000025c58cf50b0, L_0000025c58cf50b0, L_0000025c58cf50b0;
LS_0000025c58cf3d50_0_20 .concat [ 1 1 1 1], L_0000025c58cf50b0, L_0000025c58cf50b0, L_0000025c58cf50b0, L_0000025c58cf50b0;
LS_0000025c58cf3d50_0_24 .concat [ 1 1 1 1], L_0000025c58cf50b0, L_0000025c58cf50b0, L_0000025c58cf50b0, L_0000025c58cf50b0;
LS_0000025c58cf3d50_0_28 .concat [ 1 1 1 1], L_0000025c58cf50b0, L_0000025c58cf50b0, L_0000025c58cf50b0, L_0000025c58cf50b0;
LS_0000025c58cf3d50_1_0 .concat [ 4 4 4 4], LS_0000025c58cf3d50_0_0, LS_0000025c58cf3d50_0_4, LS_0000025c58cf3d50_0_8, LS_0000025c58cf3d50_0_12;
LS_0000025c58cf3d50_1_4 .concat [ 4 4 4 4], LS_0000025c58cf3d50_0_16, LS_0000025c58cf3d50_0_20, LS_0000025c58cf3d50_0_24, LS_0000025c58cf3d50_0_28;
L_0000025c58cf3d50 .concat [ 16 16 0 0], LS_0000025c58cf3d50_1_0, LS_0000025c58cf3d50_1_4;
L_0000025c58cf33f0 .concat [ 32 32 0 0], v0000025c58cddb90_0, L_0000025c58cf3d50;
L_0000025c58cf3490 .part L_0000025c58cf33f0, 0, 63;
L_0000025c58cf3530 .concat [ 1 63 0 0], L_0000025c58d13538, L_0000025c58cf3490;
L_0000025c58cf3df0 .shift/l 64, v0000025c58c0acf0_0, L_0000025c58da8ee0;
S_0000025c588859a0 .scope generate, "booth_pp_gen[4]" "booth_pp_gen[4]" 7 27, 7 27 0, S_0000025c58868860;
 .timescale 0 0;
P_0000025c58b9c700 .param/l "i" 0 7 27, +C4<0100>;
L_0000025c58d13610 .functor BUFT 1, C4<01000>, C4<0>, C4<0>, C4<0>;
v0000025c58c0cb90_0 .net/2s *"_ivl_1", 4 0, L_0000025c58d13610;  1 drivers
v0000025c58c0cc30_0 .net "booth_bits", 2 0, L_0000025c58da7c20;  1 drivers
L_0000025c58da9fc0 .extend/s 6, L_0000025c58d13610;
S_0000025c58885b30 .scope module, "bpp" "booth_partial_product" 7 31, 7 57 0, S_0000025c588859a0;
 .timescale 0 0;
    .port_info 0 /INPUT 32 "M";
    .port_info 1 /INPUT 3 "booth_bits";
    .port_info 2 /INPUT 6 "shift_amount";
    .port_info 3 /OUTPUT 64 "pp";
v0000025c58c0bc90_0 .net/s "M", 31 0, v0000025c58cddb90_0;  alias, 1 drivers
v0000025c58c0bd30_0 .net/s "M2", 63 0, L_0000025c58da9340;  1 drivers
v0000025c58c0bdd0_0 .net/s "M_ext", 63 0, L_0000025c58daa100;  1 drivers
v0000025c58c0be70_0 .net *"_ivl_1", 0 0, L_0000025c58da8580;  1 drivers
L_0000025c58d135c8 .functor BUFT 1, C4<0>, C4<0>, C4<0>, C4<0>;
v0000025c58c0cf50_0 .net *"_ivl_10", 0 0, L_0000025c58d135c8;  1 drivers
v0000025c58c0ca50_0 .net *"_ivl_2", 31 0, L_0000025c58da9c00;  1 drivers
v0000025c58c0ce10_0 .net *"_ivl_8", 62 0, L_0000025c58da9ac0;  1 drivers
v0000025c58c0c910_0 .net "booth_bits", 2 0, L_0000025c58da7c20;  alias, 1 drivers
v0000025c58c0caf0_0 .net/s "pp", 63 0, L_0000025c58da92a0;  alias, 1 drivers
v0000025c58c0cd70_0 .var/s "pp_unshifted", 63 0;
v0000025c58c0c9b0_0 .net "shift_amount", 5 0, L_0000025c58da9fc0;  1 drivers
E_0000025c58b9e0c0 .event anyedge, v0000025c58c0c910_0, v0000025c58c0bdd0_0, v0000025c58c0bd30_0;
L_0000025c58da8580 .part v0000025c58cddb90_0, 31, 1;
LS_0000025c58da9c00_0_0 .concat [ 1 1 1 1], L_0000025c58da8580, L_0000025c58da8580, L_0000025c58da8580, L_0000025c58da8580;
LS_0000025c58da9c00_0_4 .concat [ 1 1 1 1], L_0000025c58da8580, L_0000025c58da8580, L_0000025c58da8580, L_0000025c58da8580;
LS_0000025c58da9c00_0_8 .concat [ 1 1 1 1], L_0000025c58da8580, L_0000025c58da8580, L_0000025c58da8580, L_0000025c58da8580;
LS_0000025c58da9c00_0_12 .concat [ 1 1 1 1], L_0000025c58da8580, L_0000025c58da8580, L_0000025c58da8580, L_0000025c58da8580;
LS_0000025c58da9c00_0_16 .concat [ 1 1 1 1], L_0000025c58da8580, L_0000025c58da8580, L_0000025c58da8580, L_0000025c58da8580;
LS_0000025c58da9c00_0_20 .concat [ 1 1 1 1], L_0000025c58da8580, L_0000025c58da8580, L_0000025c58da8580, L_0000025c58da8580;
LS_0000025c58da9c00_0_24 .concat [ 1 1 1 1], L_0000025c58da8580, L_0000025c58da8580, L_0000025c58da8580, L_0000025c58da8580;
LS_0000025c58da9c00_0_28 .concat [ 1 1 1 1], L_0000025c58da8580, L_0000025c58da8580, L_0000025c58da8580, L_0000025c58da8580;
LS_0000025c58da9c00_1_0 .concat [ 4 4 4 4], LS_0000025c58da9c00_0_0, LS_0000025c58da9c00_0_4, LS_0000025c58da9c00_0_8, LS_0000025c58da9c00_0_12;
LS_0000025c58da9c00_1_4 .concat [ 4 4 4 4], LS_0000025c58da9c00_0_16, LS_0000025c58da9c00_0_20, LS_0000025c58da9c00_0_24, LS_0000025c58da9c00_0_28;
L_0000025c58da9c00 .concat [ 16 16 0 0], LS_0000025c58da9c00_1_0, LS_0000025c58da9c00_1_4;
L_0000025c58daa100 .concat [ 32 32 0 0], v0000025c58cddb90_0, L_0000025c58da9c00;
L_0000025c58da9ac0 .part L_0000025c58daa100, 0, 63;
L_0000025c58da9340 .concat [ 1 63 0 0], L_0000025c58d135c8, L_0000025c58da9ac0;
L_0000025c58da92a0 .shift/l 64, v0000025c58c0cd70_0, L_0000025c58da9fc0;
S_0000025c5884a3d0 .scope generate, "booth_pp_gen[5]" "booth_pp_gen[5]" 7 27, 7 27 0, S_0000025c58868860;
 .timescale 0 0;
P_0000025c58b9d7c0 .param/l "i" 0 7 27, +C4<0101>;
L_0000025c58d136a0 .functor BUFT 1, C4<01010>, C4<0>, C4<0>, C4<0>;
v0000025c58a752a0_0 .net/2s *"_ivl_1", 4 0, L_0000025c58d136a0;  1 drivers
v0000025c58a753e0_0 .net "booth_bits", 2 0, L_0000025c58da8800;  1 drivers
L_0000025c58da98e0 .extend/s 6, L_0000025c58d136a0;
S_0000025c58c77cb0 .scope module, "bpp" "booth_partial_product" 7 31, 7 57 0, S_0000025c5884a3d0;
 .timescale 0 0;
    .port_info 0 /INPUT 32 "M";
    .port_info 1 /INPUT 3 "booth_bits";
    .port_info 2 /INPUT 6 "shift_amount";
    .port_info 3 /OUTPUT 64 "pp";
v0000025c58c0ccd0_0 .net/s "M", 31 0, v0000025c58cddb90_0;  alias, 1 drivers
v0000025c58c0ceb0_0 .net/s "M2", 63 0, L_0000025c58da7e00;  1 drivers
v0000025c58c0c870_0 .net/s "M_ext", 63 0, L_0000025c58da97a0;  1 drivers
v0000025c58a76560_0 .net *"_ivl_1", 0 0, L_0000025c58da9ca0;  1 drivers
L_0000025c58d13658 .functor BUFT 1, C4<0>, C4<0>, C4<0>, C4<0>;
v0000025c58a75c00_0 .net *"_ivl_10", 0 0, L_0000025c58d13658;  1 drivers
v0000025c58a75ca0_0 .net *"_ivl_2", 31 0, L_0000025c58da7f40;  1 drivers
v0000025c58a75f20_0 .net *"_ivl_8", 62 0, L_0000025c58da8da0;  1 drivers
v0000025c58a74f80_0 .net "booth_bits", 2 0, L_0000025c58da8800;  alias, 1 drivers
v0000025c58a755c0_0 .net/s "pp", 63 0, L_0000025c58daa1a0;  alias, 1 drivers
v0000025c58a76240_0 .var/s "pp_unshifted", 63 0;
v0000025c58a75020_0 .net "shift_amount", 5 0, L_0000025c58da98e0;  1 drivers
E_0000025c58b9d3c0 .event anyedge, v0000025c58a74f80_0, v0000025c58c0c870_0, v0000025c58c0ceb0_0;
L_0000025c58da9ca0 .part v0000025c58cddb90_0, 31, 1;
LS_0000025c58da7f40_0_0 .concat [ 1 1 1 1], L_0000025c58da9ca0, L_0000025c58da9ca0, L_0000025c58da9ca0, L_0000025c58da9ca0;
LS_0000025c58da7f40_0_4 .concat [ 1 1 1 1], L_0000025c58da9ca0, L_0000025c58da9ca0, L_0000025c58da9ca0, L_0000025c58da9ca0;
LS_0000025c58da7f40_0_8 .concat [ 1 1 1 1], L_0000025c58da9ca0, L_0000025c58da9ca0, L_0000025c58da9ca0, L_0000025c58da9ca0;
LS_0000025c58da7f40_0_12 .concat [ 1 1 1 1], L_0000025c58da9ca0, L_0000025c58da9ca0, L_0000025c58da9ca0, L_0000025c58da9ca0;
LS_0000025c58da7f40_0_16 .concat [ 1 1 1 1], L_0000025c58da9ca0, L_0000025c58da9ca0, L_0000025c58da9ca0, L_0000025c58da9ca0;
LS_0000025c58da7f40_0_20 .concat [ 1 1 1 1], L_0000025c58da9ca0, L_0000025c58da9ca0, L_0000025c58da9ca0, L_0000025c58da9ca0;
LS_0000025c58da7f40_0_24 .concat [ 1 1 1 1], L_0000025c58da9ca0, L_0000025c58da9ca0, L_0000025c58da9ca0, L_0000025c58da9ca0;
LS_0000025c58da7f40_0_28 .concat [ 1 1 1 1], L_0000025c58da9ca0, L_0000025c58da9ca0, L_0000025c58da9ca0, L_0000025c58da9ca0;
LS_0000025c58da7f40_1_0 .concat [ 4 4 4 4], LS_0000025c58da7f40_0_0, LS_0000025c58da7f40_0_4, LS_0000025c58da7f40_0_8, LS_0000025c58da7f40_0_12;
LS_0000025c58da7f40_1_4 .concat [ 4 4 4 4], LS_0000025c58da7f40_0_16, LS_0000025c58da7f40_0_20, LS_0000025c58da7f40_0_24, LS_0000025c58da7f40_0_28;
L_0000025c58da7f40 .concat [ 16 16 0 0], LS_0000025c58da7f40_1_0, LS_0000025c58da7f40_1_4;
L_0000025c58da97a0 .concat [ 32 32 0 0], v0000025c58cddb90_0, L_0000025c58da7f40;
L_0000025c58da8da0 .part L_0000025c58da97a0, 0, 63;
L_0000025c58da7e00 .concat [ 1 63 0 0], L_0000025c58d13658, L_0000025c58da8da0;
L_0000025c58daa1a0 .shift/l 64, v0000025c58a76240_0, L_0000025c58da98e0;
S_0000025c58c78160 .scope generate, "booth_pp_gen[6]" "booth_pp_gen[6]" 7 27, 7 27 0, S_0000025c58868860;
 .timescale 0 0;
P_0000025c58b9d540 .param/l "i" 0 7 27, +C4<0110>;
L_0000025c58d13730 .functor BUFT 1, C4<01100>, C4<0>, C4<0>, C4<0>;
v0000025c58a1ae90_0 .net/2s *"_ivl_1", 4 0, L_0000025c58d13730;  1 drivers
v0000025c58a1c1f0_0 .net "booth_bits", 2 0, L_0000025c58da9d40;  1 drivers
L_0000025c58da8120 .extend/s 6, L_0000025c58d13730;
S_0000025c58c77e40 .scope module, "bpp" "booth_partial_product" 7 31, 7 57 0, S_0000025c58c78160;
 .timescale 0 0;
    .port_info 0 /INPUT 32 "M";
    .port_info 1 /INPUT 3 "booth_bits";
    .port_info 2 /INPUT 6 "shift_amount";
    .port_info 3 /OUTPUT 64 "pp";
v0000025c58a75480_0 .net/s "M", 31 0, v0000025c58cddb90_0;  alias, 1 drivers
v0000025c58a02a80_0 .net/s "M2", 63 0, L_0000025c58daa060;  1 drivers
v0000025c58a02800_0 .net/s "M_ext", 63 0, L_0000025c58da8080;  1 drivers
v0000025c58a021c0_0 .net *"_ivl_1", 0 0, L_0000025c58da9de0;  1 drivers
L_0000025c58d136e8 .functor BUFT 1, C4<0>, C4<0>, C4<0>, C4<0>;
v0000025c58a02260_0 .net *"_ivl_10", 0 0, L_0000025c58d136e8;  1 drivers
v0000025c58a023a0_0 .net *"_ivl_2", 31 0, L_0000025c58da9e80;  1 drivers
v0000025c58a02300_0 .net *"_ivl_8", 62 0, L_0000025c58da9f20;  1 drivers
v0000025c58a02440_0 .net "booth_bits", 2 0, L_0000025c58da9d40;  alias, 1 drivers
v0000025c58a024e0_0 .net/s "pp", 63 0, L_0000025c58da8bc0;  alias, 1 drivers
v0000025c58a1b890_0 .var/s "pp_unshifted", 63 0;
v0000025c58a1c150_0 .net "shift_amount", 5 0, L_0000025c58da8120;  1 drivers
E_0000025c58b9d580 .event anyedge, v0000025c58a02440_0, v0000025c58a02800_0, v0000025c58a02a80_0;
L_0000025c58da9de0 .part v0000025c58cddb90_0, 31, 1;
LS_0000025c58da9e80_0_0 .concat [ 1 1 1 1], L_0000025c58da9de0, L_0000025c58da9de0, L_0000025c58da9de0, L_0000025c58da9de0;
LS_0000025c58da9e80_0_4 .concat [ 1 1 1 1], L_0000025c58da9de0, L_0000025c58da9de0, L_0000025c58da9de0, L_0000025c58da9de0;
LS_0000025c58da9e80_0_8 .concat [ 1 1 1 1], L_0000025c58da9de0, L_0000025c58da9de0, L_0000025c58da9de0, L_0000025c58da9de0;
LS_0000025c58da9e80_0_12 .concat [ 1 1 1 1], L_0000025c58da9de0, L_0000025c58da9de0, L_0000025c58da9de0, L_0000025c58da9de0;
LS_0000025c58da9e80_0_16 .concat [ 1 1 1 1], L_0000025c58da9de0, L_0000025c58da9de0, L_0000025c58da9de0, L_0000025c58da9de0;
LS_0000025c58da9e80_0_20 .concat [ 1 1 1 1], L_0000025c58da9de0, L_0000025c58da9de0, L_0000025c58da9de0, L_0000025c58da9de0;
LS_0000025c58da9e80_0_24 .concat [ 1 1 1 1], L_0000025c58da9de0, L_0000025c58da9de0, L_0000025c58da9de0, L_0000025c58da9de0;
LS_0000025c58da9e80_0_28 .concat [ 1 1 1 1], L_0000025c58da9de0, L_0000025c58da9de0, L_0000025c58da9de0, L_0000025c58da9de0;
LS_0000025c58da9e80_1_0 .concat [ 4 4 4 4], LS_0000025c58da9e80_0_0, LS_0000025c58da9e80_0_4, LS_0000025c58da9e80_0_8, LS_0000025c58da9e80_0_12;
LS_0000025c58da9e80_1_4 .concat [ 4 4 4 4], LS_0000025c58da9e80_0_16, LS_0000025c58da9e80_0_20, LS_0000025c58da9e80_0_24, LS_0000025c58da9e80_0_28;
L_0000025c58da9e80 .concat [ 16 16 0 0], LS_0000025c58da9e80_1_0, LS_0000025c58da9e80_1_4;
L_0000025c58da8080 .concat [ 32 32 0 0], v0000025c58cddb90_0, L_0000025c58da9e80;
L_0000025c58da9f20 .part L_0000025c58da8080, 0, 63;
L_0000025c58daa060 .concat [ 1 63 0 0], L_0000025c58d136e8, L_0000025c58da9f20;
L_0000025c58da8bc0 .shift/l 64, v0000025c58a1b890_0, L_0000025c58da8120;
S_0000025c58c77800 .scope generate, "booth_pp_gen[7]" "booth_pp_gen[7]" 7 27, 7 27 0, S_0000025c58868860;
 .timescale 0 0;
P_0000025c58b9de80 .param/l "i" 0 7 27, +C4<0111>;
L_0000025c58d137c0 .functor BUFT 1, C4<01110>, C4<0>, C4<0>, C4<0>;
v0000025c58c7d5c0_0 .net/2s *"_ivl_1", 4 0, L_0000025c58d137c0;  1 drivers
v0000025c58c7eec0_0 .net "booth_bits", 2 0, L_0000025c58da9980;  1 drivers
L_0000025c58da9020 .extend/s 6, L_0000025c58d137c0;
S_0000025c58c77670 .scope module, "bpp" "booth_partial_product" 7 31, 7 57 0, S_0000025c58c77800;
 .timescale 0 0;
    .port_info 0 /INPUT 32 "M";
    .port_info 1 /INPUT 3 "booth_bits";
    .port_info 2 /INPUT 6 "shift_amount";
    .port_info 3 /OUTPUT 64 "pp";
v0000025c58a1b930_0 .net/s "M", 31 0, v0000025c58cddb90_0;  alias, 1 drivers
v0000025c58a1c290_0 .net/s "M2", 63 0, L_0000025c58da7a40;  1 drivers
v0000025c58a1b110_0 .net/s "M_ext", 63 0, L_0000025c58da86c0;  1 drivers
v0000025c58a1a5d0_0 .net *"_ivl_1", 0 0, L_0000025c58da7d60;  1 drivers
L_0000025c58d13778 .functor BUFT 1, C4<0>, C4<0>, C4<0>, C4<0>;
v0000025c58a4ff30_0 .net *"_ivl_10", 0 0, L_0000025c58d13778;  1 drivers
v0000025c58a4f7b0_0 .net *"_ivl_2", 31 0, L_0000025c58da9480;  1 drivers
v0000025c58c7ece0_0 .net *"_ivl_8", 62 0, L_0000025c58da7fe0;  1 drivers
v0000025c58c7d700_0 .net "booth_bits", 2 0, L_0000025c58da9980;  alias, 1 drivers
v0000025c58c7eb00_0 .net/s "pp", 63 0, L_0000025c58da7cc0;  alias, 1 drivers
v0000025c58c7f3c0_0 .var/s "pp_unshifted", 63 0;
v0000025c58c7db60_0 .net "shift_amount", 5 0, L_0000025c58da9020;  1 drivers
E_0000025c58b9d9c0 .event anyedge, v0000025c58c7d700_0, v0000025c58a1b110_0, v0000025c58a1c290_0;
L_0000025c58da7d60 .part v0000025c58cddb90_0, 31, 1;
LS_0000025c58da9480_0_0 .concat [ 1 1 1 1], L_0000025c58da7d60, L_0000025c58da7d60, L_0000025c58da7d60, L_0000025c58da7d60;
LS_0000025c58da9480_0_4 .concat [ 1 1 1 1], L_0000025c58da7d60, L_0000025c58da7d60, L_0000025c58da7d60, L_0000025c58da7d60;
LS_0000025c58da9480_0_8 .concat [ 1 1 1 1], L_0000025c58da7d60, L_0000025c58da7d60, L_0000025c58da7d60, L_0000025c58da7d60;
LS_0000025c58da9480_0_12 .concat [ 1 1 1 1], L_0000025c58da7d60, L_0000025c58da7d60, L_0000025c58da7d60, L_0000025c58da7d60;
LS_0000025c58da9480_0_16 .concat [ 1 1 1 1], L_0000025c58da7d60, L_0000025c58da7d60, L_0000025c58da7d60, L_0000025c58da7d60;
LS_0000025c58da9480_0_20 .concat [ 1 1 1 1], L_0000025c58da7d60, L_0000025c58da7d60, L_0000025c58da7d60, L_0000025c58da7d60;
LS_0000025c58da9480_0_24 .concat [ 1 1 1 1], L_0000025c58da7d60, L_0000025c58da7d60, L_0000025c58da7d60, L_0000025c58da7d60;
LS_0000025c58da9480_0_28 .concat [ 1 1 1 1], L_0000025c58da7d60, L_0000025c58da7d60, L_0000025c58da7d60, L_0000025c58da7d60;
LS_0000025c58da9480_1_0 .concat [ 4 4 4 4], LS_0000025c58da9480_0_0, LS_0000025c58da9480_0_4, LS_0000025c58da9480_0_8, LS_0000025c58da9480_0_12;
LS_0000025c58da9480_1_4 .concat [ 4 4 4 4], LS_0000025c58da9480_0_16, LS_0000025c58da9480_0_20, LS_0000025c58da9480_0_24, LS_0000025c58da9480_0_28;
L_0000025c58da9480 .concat [ 16 16 0 0], LS_0000025c58da9480_1_0, LS_0000025c58da9480_1_4;
L_0000025c58da86c0 .concat [ 32 32 0 0], v0000025c58cddb90_0, L_0000025c58da9480;
L_0000025c58da7fe0 .part L_0000025c58da86c0, 0, 63;
L_0000025c58da7a40 .concat [ 1 63 0 0], L_0000025c58d13778, L_0000025c58da7fe0;
L_0000025c58da7cc0 .shift/l 64, v0000025c58c7f3c0_0, L_0000025c58da9020;
S_0000025c58c782f0 .scope generate, "booth_pp_gen[8]" "booth_pp_gen[8]" 7 27, 7 27 0, S_0000025c58868860;
 .timescale 0 0;
P_0000025c58b9dd00 .param/l "i" 0 7 27, +C4<01000>;
v0000025c58c7e2e0_0 .net "booth_bits", 2 0, L_0000025c58da88a0;  1 drivers
S_0000025c58c774e0 .scope module, "bpp" "booth_partial_product" 7 31, 7 57 0, S_0000025c58c782f0;
 .timescale 0 0;
    .port_info 0 /INPUT 32 "M";
    .port_info 1 /INPUT 3 "booth_bits";
    .port_info 2 /INPUT 6 "shift_amount";
    .port_info 3 /OUTPUT 64 "pp";
v0000025c58c7df20_0 .net/s "M", 31 0, v0000025c58cddb90_0;  alias, 1 drivers
v0000025c58c7f320_0 .net/s "M2", 63 0, L_0000025c58da8c60;  1 drivers
v0000025c58c7d8e0_0 .net/s "M_ext", 63 0, L_0000025c58da7ae0;  1 drivers
v0000025c58c7f960_0 .net *"_ivl_1", 0 0, L_0000025c58da9a20;  1 drivers
L_0000025c58d13808 .functor BUFT 1, C4<0>, C4<0>, C4<0>, C4<0>;
v0000025c58c7f6e0_0 .net *"_ivl_10", 0 0, L_0000025c58d13808;  1 drivers
v0000025c58c7da20_0 .net *"_ivl_2", 31 0, L_0000025c58da7b80;  1 drivers
v0000025c58c7dc00_0 .net *"_ivl_8", 62 0, L_0000025c58da84e0;  1 drivers
v0000025c58c7e240_0 .net "booth_bits", 2 0, L_0000025c58da88a0;  alias, 1 drivers
v0000025c58c7e920_0 .net/s "pp", 63 0, L_0000025c58da8e40;  alias, 1 drivers
v0000025c58c7fc80_0 .var/s "pp_unshifted", 63 0;
L_0000025c58d13850 .functor BUFT 1, C4<010000>, C4<0>, C4<0>, C4<0>;
v0000025c58c7e1a0_0 .net "shift_amount", 5 0, L_0000025c58d13850;  1 drivers
E_0000025c58b9da80 .event anyedge, v0000025c58c7e240_0, v0000025c58c7d8e0_0, v0000025c58c7f320_0;
L_0000025c58da9a20 .part v0000025c58cddb90_0, 31, 1;
LS_0000025c58da7b80_0_0 .concat [ 1 1 1 1], L_0000025c58da9a20, L_0000025c58da9a20, L_0000025c58da9a20, L_0000025c58da9a20;
LS_0000025c58da7b80_0_4 .concat [ 1 1 1 1], L_0000025c58da9a20, L_0000025c58da9a20, L_0000025c58da9a20, L_0000025c58da9a20;
LS_0000025c58da7b80_0_8 .concat [ 1 1 1 1], L_0000025c58da9a20, L_0000025c58da9a20, L_0000025c58da9a20, L_0000025c58da9a20;
LS_0000025c58da7b80_0_12 .concat [ 1 1 1 1], L_0000025c58da9a20, L_0000025c58da9a20, L_0000025c58da9a20, L_0000025c58da9a20;
LS_0000025c58da7b80_0_16 .concat [ 1 1 1 1], L_0000025c58da9a20, L_0000025c58da9a20, L_0000025c58da9a20, L_0000025c58da9a20;
LS_0000025c58da7b80_0_20 .concat [ 1 1 1 1], L_0000025c58da9a20, L_0000025c58da9a20, L_0000025c58da9a20, L_0000025c58da9a20;
LS_0000025c58da7b80_0_24 .concat [ 1 1 1 1], L_0000025c58da9a20, L_0000025c58da9a20, L_0000025c58da9a20, L_0000025c58da9a20;
LS_0000025c58da7b80_0_28 .concat [ 1 1 1 1], L_0000025c58da9a20, L_0000025c58da9a20, L_0000025c58da9a20, L_0000025c58da9a20;
LS_0000025c58da7b80_1_0 .concat [ 4 4 4 4], LS_0000025c58da7b80_0_0, LS_0000025c58da7b80_0_4, LS_0000025c58da7b80_0_8, LS_0000025c58da7b80_0_12;
LS_0000025c58da7b80_1_4 .concat [ 4 4 4 4], LS_0000025c58da7b80_0_16, LS_0000025c58da7b80_0_20, LS_0000025c58da7b80_0_24, LS_0000025c58da7b80_0_28;
L_0000025c58da7b80 .concat [ 16 16 0 0], LS_0000025c58da7b80_1_0, LS_0000025c58da7b80_1_4;
L_0000025c58da7ae0 .concat [ 32 32 0 0], v0000025c58cddb90_0, L_0000025c58da7b80;
L_0000025c58da84e0 .part L_0000025c58da7ae0, 0, 63;
L_0000025c58da8c60 .concat [ 1 63 0 0], L_0000025c58d13808, L_0000025c58da84e0;
L_0000025c58da8e40 .shift/l 64, v0000025c58c7fc80_0, L_0000025c58d13850;
S_0000025c58c77990 .scope generate, "booth_pp_gen[9]" "booth_pp_gen[9]" 7 27, 7 27 0, S_0000025c58868860;
 .timescale 0 0;
P_0000025c58b9db40 .param/l "i" 0 7 27, +C4<01001>;
v0000025c58c7e060_0 .net "booth_bits", 2 0, L_0000025c58da90c0;  1 drivers
S_0000025c58c77b20 .scope module, "bpp" "booth_partial_product" 7 31, 7 57 0, S_0000025c58c77990;
 .timescale 0 0;
    .port_info 0 /INPUT 32 "M";
    .port_info 1 /INPUT 3 "booth_bits";
    .port_info 2 /INPUT 6 "shift_amount";
    .port_info 3 /OUTPUT 64 "pp";
v0000025c58c7dca0_0 .net/s "M", 31 0, v0000025c58cddb90_0;  alias, 1 drivers
v0000025c58c7f140_0 .net/s "M2", 63 0, L_0000025c58da8260;  1 drivers
v0000025c58c7f0a0_0 .net/s "M_ext", 63 0, L_0000025c58da81c0;  1 drivers
v0000025c58c7f460_0 .net *"_ivl_1", 0 0, L_0000025c58da7ea0;  1 drivers
L_0000025c58d13898 .functor BUFT 1, C4<0>, C4<0>, C4<0>, C4<0>;
v0000025c58c7ef60_0 .net *"_ivl_10", 0 0, L_0000025c58d13898;  1 drivers
v0000025c58c7e6a0_0 .net *"_ivl_2", 31 0, L_0000025c58da9b60;  1 drivers
v0000025c58c7f500_0 .net *"_ivl_8", 62 0, L_0000025c58da83a0;  1 drivers
v0000025c58c7e7e0_0 .net "booth_bits", 2 0, L_0000025c58da90c0;  alias, 1 drivers
v0000025c58c7f5a0_0 .net/s "pp", 63 0, L_0000025c58da93e0;  alias, 1 drivers
v0000025c58c7f780_0 .var/s "pp_unshifted", 63 0;
L_0000025c58d138e0 .functor BUFT 1, C4<010010>, C4<0>, C4<0>, C4<0>;
v0000025c58c7e880_0 .net "shift_amount", 5 0, L_0000025c58d138e0;  1 drivers
E_0000025c58b9dd80 .event anyedge, v0000025c58c7e7e0_0, v0000025c58c7f0a0_0, v0000025c58c7f140_0;
L_0000025c58da7ea0 .part v0000025c58cddb90_0, 31, 1;
LS_0000025c58da9b60_0_0 .concat [ 1 1 1 1], L_0000025c58da7ea0, L_0000025c58da7ea0, L_0000025c58da7ea0, L_0000025c58da7ea0;
LS_0000025c58da9b60_0_4 .concat [ 1 1 1 1], L_0000025c58da7ea0, L_0000025c58da7ea0, L_0000025c58da7ea0, L_0000025c58da7ea0;
LS_0000025c58da9b60_0_8 .concat [ 1 1 1 1], L_0000025c58da7ea0, L_0000025c58da7ea0, L_0000025c58da7ea0, L_0000025c58da7ea0;
LS_0000025c58da9b60_0_12 .concat [ 1 1 1 1], L_0000025c58da7ea0, L_0000025c58da7ea0, L_0000025c58da7ea0, L_0000025c58da7ea0;
LS_0000025c58da9b60_0_16 .concat [ 1 1 1 1], L_0000025c58da7ea0, L_0000025c58da7ea0, L_0000025c58da7ea0, L_0000025c58da7ea0;
LS_0000025c58da9b60_0_20 .concat [ 1 1 1 1], L_0000025c58da7ea0, L_0000025c58da7ea0, L_0000025c58da7ea0, L_0000025c58da7ea0;
LS_0000025c58da9b60_0_24 .concat [ 1 1 1 1], L_0000025c58da7ea0, L_0000025c58da7ea0, L_0000025c58da7ea0, L_0000025c58da7ea0;
LS_0000025c58da9b60_0_28 .concat [ 1 1 1 1], L_0000025c58da7ea0, L_0000025c58da7ea0, L_0000025c58da7ea0, L_0000025c58da7ea0;
LS_0000025c58da9b60_1_0 .concat [ 4 4 4 4], LS_0000025c58da9b60_0_0, LS_0000025c58da9b60_0_4, LS_0000025c58da9b60_0_8, LS_0000025c58da9b60_0_12;
LS_0000025c58da9b60_1_4 .concat [ 4 4 4 4], LS_0000025c58da9b60_0_16, LS_0000025c58da9b60_0_20, LS_0000025c58da9b60_0_24, LS_0000025c58da9b60_0_28;
L_0000025c58da9b60 .concat [ 16 16 0 0], LS_0000025c58da9b60_1_0, LS_0000025c58da9b60_1_4;
L_0000025c58da81c0 .concat [ 32 32 0 0], v0000025c58cddb90_0, L_0000025c58da9b60;
L_0000025c58da83a0 .part L_0000025c58da81c0, 0, 63;
L_0000025c58da8260 .concat [ 1 63 0 0], L_0000025c58d13898, L_0000025c58da83a0;
L_0000025c58da93e0 .shift/l 64, v0000025c58c7f780_0, L_0000025c58d138e0;
S_0000025c58c77fd0 .scope generate, "booth_pp_gen[10]" "booth_pp_gen[10]" 7 27, 7 27 0, S_0000025c58868860;
 .timescale 0 0;
P_0000025c58b9dec0 .param/l "i" 0 7 27, +C4<01010>;
v0000025c58c7ed80_0 .net "booth_bits", 2 0, L_0000025c58da95c0;  1 drivers
S_0000025c58c88820 .scope module, "bpp" "booth_partial_product" 7 31, 7 57 0, S_0000025c58c77fd0;
 .timescale 0 0;
    .port_info 0 /INPUT 32 "M";
    .port_info 1 /INPUT 3 "booth_bits";
    .port_info 2 /INPUT 6 "shift_amount";
    .port_info 3 /OUTPUT 64 "pp";
v0000025c58c7d7a0_0 .net/s "M", 31 0, v0000025c58cddb90_0;  alias, 1 drivers
v0000025c58c7d520_0 .net/s "M2", 63 0, L_0000025c58da8440;  1 drivers
v0000025c58c7dd40_0 .net/s "M_ext", 63 0, L_0000025c58da9840;  1 drivers
v0000025c58c7e9c0_0 .net *"_ivl_1", 0 0, L_0000025c58da8300;  1 drivers
L_0000025c58d13928 .functor BUFT 1, C4<0>, C4<0>, C4<0>, C4<0>;
v0000025c58c7dde0_0 .net *"_ivl_10", 0 0, L_0000025c58d13928;  1 drivers
v0000025c58c7f000_0 .net *"_ivl_2", 31 0, L_0000025c58da8f80;  1 drivers
v0000025c58c7fb40_0 .net *"_ivl_8", 62 0, L_0000025c58da8d00;  1 drivers
v0000025c58c7ee20_0 .net "booth_bits", 2 0, L_0000025c58da95c0;  alias, 1 drivers
v0000025c58c7fa00_0 .net/s "pp", 63 0, L_0000025c58da8620;  alias, 1 drivers
v0000025c58c7f640_0 .var/s "pp_unshifted", 63 0;
L_0000025c58d13970 .functor BUFT 1, C4<010100>, C4<0>, C4<0>, C4<0>;
v0000025c58c7f820_0 .net "shift_amount", 5 0, L_0000025c58d13970;  1 drivers
E_0000025c58b9efc0 .event anyedge, v0000025c58c7ee20_0, v0000025c58c7dd40_0, v0000025c58c7d520_0;
L_0000025c58da8300 .part v0000025c58cddb90_0, 31, 1;
LS_0000025c58da8f80_0_0 .concat [ 1 1 1 1], L_0000025c58da8300, L_0000025c58da8300, L_0000025c58da8300, L_0000025c58da8300;
LS_0000025c58da8f80_0_4 .concat [ 1 1 1 1], L_0000025c58da8300, L_0000025c58da8300, L_0000025c58da8300, L_0000025c58da8300;
LS_0000025c58da8f80_0_8 .concat [ 1 1 1 1], L_0000025c58da8300, L_0000025c58da8300, L_0000025c58da8300, L_0000025c58da8300;
LS_0000025c58da8f80_0_12 .concat [ 1 1 1 1], L_0000025c58da8300, L_0000025c58da8300, L_0000025c58da8300, L_0000025c58da8300;
LS_0000025c58da8f80_0_16 .concat [ 1 1 1 1], L_0000025c58da8300, L_0000025c58da8300, L_0000025c58da8300, L_0000025c58da8300;
LS_0000025c58da8f80_0_20 .concat [ 1 1 1 1], L_0000025c58da8300, L_0000025c58da8300, L_0000025c58da8300, L_0000025c58da8300;
LS_0000025c58da8f80_0_24 .concat [ 1 1 1 1], L_0000025c58da8300, L_0000025c58da8300, L_0000025c58da8300, L_0000025c58da8300;
LS_0000025c58da8f80_0_28 .concat [ 1 1 1 1], L_0000025c58da8300, L_0000025c58da8300, L_0000025c58da8300, L_0000025c58da8300;
LS_0000025c58da8f80_1_0 .concat [ 4 4 4 4], LS_0000025c58da8f80_0_0, LS_0000025c58da8f80_0_4, LS_0000025c58da8f80_0_8, LS_0000025c58da8f80_0_12;
LS_0000025c58da8f80_1_4 .concat [ 4 4 4 4], LS_0000025c58da8f80_0_16, LS_0000025c58da8f80_0_20, LS_0000025c58da8f80_0_24, LS_0000025c58da8f80_0_28;
L_0000025c58da8f80 .concat [ 16 16 0 0], LS_0000025c58da8f80_1_0, LS_0000025c58da8f80_1_4;
L_0000025c58da9840 .concat [ 32 32 0 0], v0000025c58cddb90_0, L_0000025c58da8f80;
L_0000025c58da8d00 .part L_0000025c58da9840, 0, 63;
L_0000025c58da8440 .concat [ 1 63 0 0], L_0000025c58d13928, L_0000025c58da8d00;
L_0000025c58da8620 .shift/l 64, v0000025c58c7f640_0, L_0000025c58d13970;
S_0000025c58c88e60 .scope generate, "booth_pp_gen[11]" "booth_pp_gen[11]" 7 27, 7 27 0, S_0000025c58868860;
 .timescale 0 0;
P_0000025c58b9e100 .param/l "i" 0 7 27, +C4<01011>;
v0000025c58c7e380_0 .net "booth_bits", 2 0, L_0000025c58da8760;  1 drivers
S_0000025c58c88500 .scope module, "bpp" "booth_partial_product" 7 31, 7 57 0, S_0000025c58c88e60;
 .timescale 0 0;
    .port_info 0 /INPUT 32 "M";
    .port_info 1 /INPUT 3 "booth_bits";
    .port_info 2 /INPUT 6 "shift_amount";
    .port_info 3 /OUTPUT 64 "pp";
v0000025c58c7dfc0_0 .net/s "M", 31 0, v0000025c58cddb90_0;  alias, 1 drivers
v0000025c58c7e100_0 .net/s "M2", 63 0, L_0000025c58da8b20;  1 drivers
v0000025c58c7f8c0_0 .net/s "M_ext", 63 0, L_0000025c58da8a80;  1 drivers
v0000025c58c7d840_0 .net *"_ivl_1", 0 0, L_0000025c58da8940;  1 drivers
L_0000025c58d139b8 .functor BUFT 1, C4<0>, C4<0>, C4<0>, C4<0>;
v0000025c58c7e560_0 .net *"_ivl_10", 0 0, L_0000025c58d139b8;  1 drivers
v0000025c58c7fbe0_0 .net *"_ivl_2", 31 0, L_0000025c58da89e0;  1 drivers
v0000025c58c7f1e0_0 .net *"_ivl_8", 62 0, L_0000025c58da9660;  1 drivers
v0000025c58c7ea60_0 .net "booth_bits", 2 0, L_0000025c58da8760;  alias, 1 drivers
v0000025c58c7e740_0 .net/s "pp", 63 0, L_0000025c58da9160;  alias, 1 drivers
v0000025c58c7e420_0 .var/s "pp_unshifted", 63 0;
L_0000025c58d13a00 .functor BUFT 1, C4<010110>, C4<0>, C4<0>, C4<0>;
v0000025c58c7faa0_0 .net "shift_amount", 5 0, L_0000025c58d13a00;  1 drivers
E_0000025c58b9e5c0 .event anyedge, v0000025c58c7ea60_0, v0000025c58c7f8c0_0, v0000025c58c7e100_0;
L_0000025c58da8940 .part v0000025c58cddb90_0, 31, 1;
LS_0000025c58da89e0_0_0 .concat [ 1 1 1 1], L_0000025c58da8940, L_0000025c58da8940, L_0000025c58da8940, L_0000025c58da8940;
LS_0000025c58da89e0_0_4 .concat [ 1 1 1 1], L_0000025c58da8940, L_0000025c58da8940, L_0000025c58da8940, L_0000025c58da8940;
LS_0000025c58da89e0_0_8 .concat [ 1 1 1 1], L_0000025c58da8940, L_0000025c58da8940, L_0000025c58da8940, L_0000025c58da8940;
LS_0000025c58da89e0_0_12 .concat [ 1 1 1 1], L_0000025c58da8940, L_0000025c58da8940, L_0000025c58da8940, L_0000025c58da8940;
LS_0000025c58da89e0_0_16 .concat [ 1 1 1 1], L_0000025c58da8940, L_0000025c58da8940, L_0000025c58da8940, L_0000025c58da8940;
LS_0000025c58da89e0_0_20 .concat [ 1 1 1 1], L_0000025c58da8940, L_0000025c58da8940, L_0000025c58da8940, L_0000025c58da8940;
LS_0000025c58da89e0_0_24 .concat [ 1 1 1 1], L_0000025c58da8940, L_0000025c58da8940, L_0000025c58da8940, L_0000025c58da8940;
LS_0000025c58da89e0_0_28 .concat [ 1 1 1 1], L_0000025c58da8940, L_0000025c58da8940, L_0000025c58da8940, L_0000025c58da8940;
LS_0000025c58da89e0_1_0 .concat [ 4 4 4 4], LS_0000025c58da89e0_0_0, LS_0000025c58da89e0_0_4, LS_0000025c58da89e0_0_8, LS_0000025c58da89e0_0_12;
LS_0000025c58da89e0_1_4 .concat [ 4 4 4 4], LS_0000025c58da89e0_0_16, LS_0000025c58da89e0_0_20, LS_0000025c58da89e0_0_24, LS_0000025c58da89e0_0_28;
L_0000025c58da89e0 .concat [ 16 16 0 0], LS_0000025c58da89e0_1_0, LS_0000025c58da89e0_1_4;
L_0000025c58da8a80 .concat [ 32 32 0 0], v0000025c58cddb90_0, L_0000025c58da89e0;
L_0000025c58da9660 .part L_0000025c58da8a80, 0, 63;
L_0000025c58da8b20 .concat [ 1 63 0 0], L_0000025c58d139b8, L_0000025c58da9660;
L_0000025c58da9160 .shift/l 64, v0000025c58c7e420_0, L_0000025c58d13a00;
S_0000025c58c89e00 .scope generate, "booth_pp_gen[12]" "booth_pp_gen[12]" 7 27, 7 27 0, S_0000025c58868860;
 .timescale 0 0;
P_0000025c58b9e700 .param/l "i" 0 7 27, +C4<01100>;
v0000025c58c81e40_0 .net "booth_bits", 2 0, L_0000025c58da9200;  1 drivers
S_0000025c58c894a0 .scope module, "bpp" "booth_partial_product" 7 31, 7 57 0, S_0000025c58c89e00;
 .timescale 0 0;
    .port_info 0 /INPUT 32 "M";
    .port_info 1 /INPUT 3 "booth_bits";
    .port_info 2 /INPUT 6 "shift_amount";
    .port_info 3 /OUTPUT 64 "pp";
v0000025c58c7dac0_0 .net/s "M", 31 0, v0000025c58cddb90_0;  alias, 1 drivers
v0000025c58c7e4c0_0 .net/s "M2", 63 0, L_0000025c58daa7e0;  1 drivers
v0000025c58c7f280_0 .net/s "M_ext", 63 0, L_0000025c58daa9c0;  1 drivers
v0000025c58c7d660_0 .net *"_ivl_1", 0 0, L_0000025c58da9520;  1 drivers
L_0000025c58d13a48 .functor BUFT 1, C4<0>, C4<0>, C4<0>, C4<0>;
v0000025c58c7d980_0 .net *"_ivl_10", 0 0, L_0000025c58d13a48;  1 drivers
v0000025c58c7e600_0 .net *"_ivl_2", 31 0, L_0000025c58da9700;  1 drivers
v0000025c58c7de80_0 .net *"_ivl_8", 62 0, L_0000025c58daa740;  1 drivers
v0000025c58c7eba0_0 .net "booth_bits", 2 0, L_0000025c58da9200;  alias, 1 drivers
v0000025c58c7ec40_0 .net/s "pp", 63 0, L_0000025c58dabd20;  alias, 1 drivers
v0000025c58c81300_0 .var/s "pp_unshifted", 63 0;
L_0000025c58d13a90 .functor BUFT 1, C4<011000>, C4<0>, C4<0>, C4<0>;
v0000025c58c80220_0 .net "shift_amount", 5 0, L_0000025c58d13a90;  1 drivers
E_0000025c58b9ee00 .event anyedge, v0000025c58c7eba0_0, v0000025c58c7f280_0, v0000025c58c7e4c0_0;
L_0000025c58da9520 .part v0000025c58cddb90_0, 31, 1;
LS_0000025c58da9700_0_0 .concat [ 1 1 1 1], L_0000025c58da9520, L_0000025c58da9520, L_0000025c58da9520, L_0000025c58da9520;
LS_0000025c58da9700_0_4 .concat [ 1 1 1 1], L_0000025c58da9520, L_0000025c58da9520, L_0000025c58da9520, L_0000025c58da9520;
LS_0000025c58da9700_0_8 .concat [ 1 1 1 1], L_0000025c58da9520, L_0000025c58da9520, L_0000025c58da9520, L_0000025c58da9520;
LS_0000025c58da9700_0_12 .concat [ 1 1 1 1], L_0000025c58da9520, L_0000025c58da9520, L_0000025c58da9520, L_0000025c58da9520;
LS_0000025c58da9700_0_16 .concat [ 1 1 1 1], L_0000025c58da9520, L_0000025c58da9520, L_0000025c58da9520, L_0000025c58da9520;
LS_0000025c58da9700_0_20 .concat [ 1 1 1 1], L_0000025c58da9520, L_0000025c58da9520, L_0000025c58da9520, L_0000025c58da9520;
LS_0000025c58da9700_0_24 .concat [ 1 1 1 1], L_0000025c58da9520, L_0000025c58da9520, L_0000025c58da9520, L_0000025c58da9520;
LS_0000025c58da9700_0_28 .concat [ 1 1 1 1], L_0000025c58da9520, L_0000025c58da9520, L_0000025c58da9520, L_0000025c58da9520;
LS_0000025c58da9700_1_0 .concat [ 4 4 4 4], LS_0000025c58da9700_0_0, LS_0000025c58da9700_0_4, LS_0000025c58da9700_0_8, LS_0000025c58da9700_0_12;
LS_0000025c58da9700_1_4 .concat [ 4 4 4 4], LS_0000025c58da9700_0_16, LS_0000025c58da9700_0_20, LS_0000025c58da9700_0_24, LS_0000025c58da9700_0_28;
L_0000025c58da9700 .concat [ 16 16 0 0], LS_0000025c58da9700_1_0, LS_0000025c58da9700_1_4;
L_0000025c58daa9c0 .concat [ 32 32 0 0], v0000025c58cddb90_0, L_0000025c58da9700;
L_0000025c58daa740 .part L_0000025c58daa9c0, 0, 63;
L_0000025c58daa7e0 .concat [ 1 63 0 0], L_0000025c58d13a48, L_0000025c58daa740;
L_0000025c58dabd20 .shift/l 64, v0000025c58c81300_0, L_0000025c58d13a90;
S_0000025c58c88690 .scope generate, "booth_pp_gen[13]" "booth_pp_gen[13]" 7 27, 7 27 0, S_0000025c58868860;
 .timescale 0 0;
P_0000025c58b9e1c0 .param/l "i" 0 7 27, +C4<01101>;
v0000025c58c80180_0 .net "booth_bits", 2 0, L_0000025c58dab6e0;  1 drivers
S_0000025c58c8a2b0 .scope module, "bpp" "booth_partial_product" 7 31, 7 57 0, S_0000025c58c88690;
 .timescale 0 0;
    .port_info 0 /INPUT 32 "M";
    .port_info 1 /INPUT 3 "booth_bits";
    .port_info 2 /INPUT 6 "shift_amount";
    .port_info 3 /OUTPUT 64 "pp";
v0000025c58c813a0_0 .net/s "M", 31 0, v0000025c58cddb90_0;  alias, 1 drivers
v0000025c58c80f40_0 .net/s "M2", 63 0, L_0000025c58daaa60;  1 drivers
v0000025c58c81c60_0 .net/s "M_ext", 63 0, L_0000025c58daaba0;  1 drivers
v0000025c58c80e00_0 .net *"_ivl_1", 0 0, L_0000025c58dab780;  1 drivers
L_0000025c58d13ad8 .functor BUFT 1, C4<0>, C4<0>, C4<0>, C4<0>;
v0000025c58c80360_0 .net *"_ivl_10", 0 0, L_0000025c58d13ad8;  1 drivers
v0000025c58c7fe60_0 .net *"_ivl_2", 31 0, L_0000025c58daaf60;  1 drivers
v0000025c58c82160_0 .net *"_ivl_8", 62 0, L_0000025c58dac540;  1 drivers
v0000025c58c81800_0 .net "booth_bits", 2 0, L_0000025c58dab6e0;  alias, 1 drivers
v0000025c58c80ea0_0 .net/s "pp", 63 0, L_0000025c58dab320;  alias, 1 drivers
v0000025c58c80680_0 .var/s "pp_unshifted", 63 0;
L_0000025c58d13b20 .functor BUFT 1, C4<011010>, C4<0>, C4<0>, C4<0>;
v0000025c58c811c0_0 .net "shift_amount", 5 0, L_0000025c58d13b20;  1 drivers
E_0000025c58b9ec40 .event anyedge, v0000025c58c81800_0, v0000025c58c81c60_0, v0000025c58c80f40_0;
L_0000025c58dab780 .part v0000025c58cddb90_0, 31, 1;
LS_0000025c58daaf60_0_0 .concat [ 1 1 1 1], L_0000025c58dab780, L_0000025c58dab780, L_0000025c58dab780, L_0000025c58dab780;
LS_0000025c58daaf60_0_4 .concat [ 1 1 1 1], L_0000025c58dab780, L_0000025c58dab780, L_0000025c58dab780, L_0000025c58dab780;
LS_0000025c58daaf60_0_8 .concat [ 1 1 1 1], L_0000025c58dab780, L_0000025c58dab780, L_0000025c58dab780, L_0000025c58dab780;
LS_0000025c58daaf60_0_12 .concat [ 1 1 1 1], L_0000025c58dab780, L_0000025c58dab780, L_0000025c58dab780, L_0000025c58dab780;
LS_0000025c58daaf60_0_16 .concat [ 1 1 1 1], L_0000025c58dab780, L_0000025c58dab780, L_0000025c58dab780, L_0000025c58dab780;
LS_0000025c58daaf60_0_20 .concat [ 1 1 1 1], L_0000025c58dab780, L_0000025c58dab780, L_0000025c58dab780, L_0000025c58dab780;
LS_0000025c58daaf60_0_24 .concat [ 1 1 1 1], L_0000025c58dab780, L_0000025c58dab780, L_0000025c58dab780, L_0000025c58dab780;
LS_0000025c58daaf60_0_28 .concat [ 1 1 1 1], L_0000025c58dab780, L_0000025c58dab780, L_0000025c58dab780, L_0000025c58dab780;
LS_0000025c58daaf60_1_0 .concat [ 4 4 4 4], LS_0000025c58daaf60_0_0, LS_0000025c58daaf60_0_4, LS_0000025c58daaf60_0_8, LS_0000025c58daaf60_0_12;
LS_0000025c58daaf60_1_4 .concat [ 4 4 4 4], LS_0000025c58daaf60_0_16, LS_0000025c58daaf60_0_20, LS_0000025c58daaf60_0_24, LS_0000025c58daaf60_0_28;
L_0000025c58daaf60 .concat [ 16 16 0 0], LS_0000025c58daaf60_1_0, LS_0000025c58daaf60_1_4;
L_0000025c58daaba0 .concat [ 32 32 0 0], v0000025c58cddb90_0, L_0000025c58daaf60;
L_0000025c58dac540 .part L_0000025c58daaba0, 0, 63;
L_0000025c58daaa60 .concat [ 1 63 0 0], L_0000025c58d13ad8, L_0000025c58dac540;
L_0000025c58dab320 .shift/l 64, v0000025c58c80680_0, L_0000025c58d13b20;
S_0000025c58c89310 .scope generate, "booth_pp_gen[14]" "booth_pp_gen[14]" 7 27, 7 27 0, S_0000025c58868860;
 .timescale 0 0;
P_0000025c58b9e2c0 .param/l "i" 0 7 27, +C4<01110>;
v0000025c58c81580_0 .net "booth_bits", 2 0, L_0000025c58dab000;  1 drivers
S_0000025c58c88cd0 .scope module, "bpp" "booth_partial_product" 7 31, 7 57 0, S_0000025c58c89310;
 .timescale 0 0;
    .port_info 0 /INPUT 32 "M";
    .port_info 1 /INPUT 3 "booth_bits";
    .port_info 2 /INPUT 6 "shift_amount";
    .port_info 3 /OUTPUT 64 "pp";
v0000025c58c7ff00_0 .net/s "M", 31 0, v0000025c58cddb90_0;  alias, 1 drivers
v0000025c58c7fd20_0 .net/s "M2", 63 0, L_0000025c58dabbe0;  1 drivers
v0000025c58c80540_0 .net/s "M_ext", 63 0, L_0000025c58dab460;  1 drivers
v0000025c58c81080_0 .net *"_ivl_1", 0 0, L_0000025c58daac40;  1 drivers
L_0000025c58d13b68 .functor BUFT 1, C4<0>, C4<0>, C4<0>, C4<0>;
v0000025c58c805e0_0 .net *"_ivl_10", 0 0, L_0000025c58d13b68;  1 drivers
v0000025c58c81760_0 .net *"_ivl_2", 31 0, L_0000025c58dab0a0;  1 drivers
v0000025c58c82340_0 .net *"_ivl_8", 62 0, L_0000025c58dac220;  1 drivers
v0000025c58c81620_0 .net "booth_bits", 2 0, L_0000025c58dab000;  alias, 1 drivers
v0000025c58c82200_0 .net/s "pp", 63 0, L_0000025c58dab1e0;  alias, 1 drivers
v0000025c58c81d00_0 .var/s "pp_unshifted", 63 0;
L_0000025c58d13bb0 .functor BUFT 1, C4<011100>, C4<0>, C4<0>, C4<0>;
v0000025c58c81da0_0 .net "shift_amount", 5 0, L_0000025c58d13bb0;  1 drivers
E_0000025c58b9e780 .event anyedge, v0000025c58c81620_0, v0000025c58c80540_0, v0000025c58c7fd20_0;
L_0000025c58daac40 .part v0000025c58cddb90_0, 31, 1;
LS_0000025c58dab0a0_0_0 .concat [ 1 1 1 1], L_0000025c58daac40, L_0000025c58daac40, L_0000025c58daac40, L_0000025c58daac40;
LS_0000025c58dab0a0_0_4 .concat [ 1 1 1 1], L_0000025c58daac40, L_0000025c58daac40, L_0000025c58daac40, L_0000025c58daac40;
LS_0000025c58dab0a0_0_8 .concat [ 1 1 1 1], L_0000025c58daac40, L_0000025c58daac40, L_0000025c58daac40, L_0000025c58daac40;
LS_0000025c58dab0a0_0_12 .concat [ 1 1 1 1], L_0000025c58daac40, L_0000025c58daac40, L_0000025c58daac40, L_0000025c58daac40;
LS_0000025c58dab0a0_0_16 .concat [ 1 1 1 1], L_0000025c58daac40, L_0000025c58daac40, L_0000025c58daac40, L_0000025c58daac40;
LS_0000025c58dab0a0_0_20 .concat [ 1 1 1 1], L_0000025c58daac40, L_0000025c58daac40, L_0000025c58daac40, L_0000025c58daac40;
LS_0000025c58dab0a0_0_24 .concat [ 1 1 1 1], L_0000025c58daac40, L_0000025c58daac40, L_0000025c58daac40, L_0000025c58daac40;
LS_0000025c58dab0a0_0_28 .concat [ 1 1 1 1], L_0000025c58daac40, L_0000025c58daac40, L_0000025c58daac40, L_0000025c58daac40;
LS_0000025c58dab0a0_1_0 .concat [ 4 4 4 4], LS_0000025c58dab0a0_0_0, LS_0000025c58dab0a0_0_4, LS_0000025c58dab0a0_0_8, LS_0000025c58dab0a0_0_12;
LS_0000025c58dab0a0_1_4 .concat [ 4 4 4 4], LS_0000025c58dab0a0_0_16, LS_0000025c58dab0a0_0_20, LS_0000025c58dab0a0_0_24, LS_0000025c58dab0a0_0_28;
L_0000025c58dab0a0 .concat [ 16 16 0 0], LS_0000025c58dab0a0_1_0, LS_0000025c58dab0a0_1_4;
L_0000025c58dab460 .concat [ 32 32 0 0], v0000025c58cddb90_0, L_0000025c58dab0a0;
L_0000025c58dac220 .part L_0000025c58dab460, 0, 63;
L_0000025c58dabbe0 .concat [ 1 63 0 0], L_0000025c58d13b68, L_0000025c58dac220;
L_0000025c58dab1e0 .shift/l 64, v0000025c58c81d00_0, L_0000025c58d13bb0;
S_0000025c58c89630 .scope generate, "booth_pp_gen[15]" "booth_pp_gen[15]" 7 27, 7 27 0, S_0000025c58868860;
 .timescale 0 0;
P_0000025c58b9e800 .param/l "i" 0 7 27, +C4<01111>;
v0000025c58c80860_0 .net "booth_bits", 2 0, L_0000025c58daa880;  1 drivers
S_0000025c58c889b0 .scope module, "bpp" "booth_partial_product" 7 31, 7 57 0, S_0000025c58c89630;
 .timescale 0 0;
    .port_info 0 /INPUT 32 "M";
    .port_info 1 /INPUT 3 "booth_bits";
    .port_info 2 /INPUT 6 "shift_amount";
    .port_info 3 /OUTPUT 64 "pp";
v0000025c58c807c0_0 .net/s "M", 31 0, v0000025c58cddb90_0;  alias, 1 drivers
v0000025c58c80900_0 .net/s "M2", 63 0, L_0000025c58daa2e0;  1 drivers
v0000025c58c82020_0 .net/s "M_ext", 63 0, L_0000025c58dac5e0;  1 drivers
v0000025c58c7ffa0_0 .net *"_ivl_1", 0 0, L_0000025c58dac2c0;  1 drivers
L_0000025c58d13bf8 .functor BUFT 1, C4<0>, C4<0>, C4<0>, C4<0>;
v0000025c58c80d60_0 .net *"_ivl_10", 0 0, L_0000025c58d13bf8;  1 drivers
v0000025c58c823e0_0 .net *"_ivl_2", 31 0, L_0000025c58daa240;  1 drivers
v0000025c58c818a0_0 .net *"_ivl_8", 62 0, L_0000025c58daa920;  1 drivers
v0000025c58c81120_0 .net "booth_bits", 2 0, L_0000025c58daa880;  alias, 1 drivers
v0000025c58c80fe0_0 .net/s "pp", 63 0, L_0000025c58daab00;  alias, 1 drivers
v0000025c58c80c20_0 .var/s "pp_unshifted", 63 0;
L_0000025c58d13c40 .functor BUFT 1, C4<011110>, C4<0>, C4<0>, C4<0>;
v0000025c58c81f80_0 .net "shift_amount", 5 0, L_0000025c58d13c40;  1 drivers
E_0000025c58b9ea00 .event anyedge, v0000025c58c81120_0, v0000025c58c82020_0, v0000025c58c80900_0;
L_0000025c58dac2c0 .part v0000025c58cddb90_0, 31, 1;
LS_0000025c58daa240_0_0 .concat [ 1 1 1 1], L_0000025c58dac2c0, L_0000025c58dac2c0, L_0000025c58dac2c0, L_0000025c58dac2c0;
LS_0000025c58daa240_0_4 .concat [ 1 1 1 1], L_0000025c58dac2c0, L_0000025c58dac2c0, L_0000025c58dac2c0, L_0000025c58dac2c0;
LS_0000025c58daa240_0_8 .concat [ 1 1 1 1], L_0000025c58dac2c0, L_0000025c58dac2c0, L_0000025c58dac2c0, L_0000025c58dac2c0;
LS_0000025c58daa240_0_12 .concat [ 1 1 1 1], L_0000025c58dac2c0, L_0000025c58dac2c0, L_0000025c58dac2c0, L_0000025c58dac2c0;
LS_0000025c58daa240_0_16 .concat [ 1 1 1 1], L_0000025c58dac2c0, L_0000025c58dac2c0, L_0000025c58dac2c0, L_0000025c58dac2c0;
LS_0000025c58daa240_0_20 .concat [ 1 1 1 1], L_0000025c58dac2c0, L_0000025c58dac2c0, L_0000025c58dac2c0, L_0000025c58dac2c0;
LS_0000025c58daa240_0_24 .concat [ 1 1 1 1], L_0000025c58dac2c0, L_0000025c58dac2c0, L_0000025c58dac2c0, L_0000025c58dac2c0;
LS_0000025c58daa240_0_28 .concat [ 1 1 1 1], L_0000025c58dac2c0, L_0000025c58dac2c0, L_0000025c58dac2c0, L_0000025c58dac2c0;
LS_0000025c58daa240_1_0 .concat [ 4 4 4 4], LS_0000025c58daa240_0_0, LS_0000025c58daa240_0_4, LS_0000025c58daa240_0_8, LS_0000025c58daa240_0_12;
LS_0000025c58daa240_1_4 .concat [ 4 4 4 4], LS_0000025c58daa240_0_16, LS_0000025c58daa240_0_20, LS_0000025c58daa240_0_24, LS_0000025c58daa240_0_28;
L_0000025c58daa240 .concat [ 16 16 0 0], LS_0000025c58daa240_1_0, LS_0000025c58daa240_1_4;
L_0000025c58dac5e0 .concat [ 32 32 0 0], v0000025c58cddb90_0, L_0000025c58daa240;
L_0000025c58daa920 .part L_0000025c58dac5e0, 0, 63;
L_0000025c58daa2e0 .concat [ 1 63 0 0], L_0000025c58d13bf8, L_0000025c58daa920;
L_0000025c58daab00 .shift/l 64, v0000025c58c80c20_0, L_0000025c58d13c40;
S_0000025c58c88b40 .scope module, "bpp_last" "booth_partial_product" 7 44, 7 57 0, S_0000025c58868860;
 .timescale 0 0;
    .port_info 0 /INPUT 32 "M";
    .port_info 1 /INPUT 3 "booth_bits";
    .port_info 2 /INPUT 6 "shift_amount";
    .port_info 3 /OUTPUT 64 "pp";
v0000025c58c81a80_0 .net/s "M", 31 0, v0000025c58cddb90_0;  alias, 1 drivers
v0000025c58c804a0_0 .net/s "M2", 63 0, L_0000025c58daba00;  1 drivers
v0000025c58c802c0_0 .net/s "M_ext", 63 0, L_0000025c58dab280;  1 drivers
v0000025c58c7fdc0_0 .net *"_ivl_1", 0 0, L_0000025c58dac720;  1 drivers
L_0000025c58d13cd0 .functor BUFT 1, C4<0>, C4<0>, C4<0>, C4<0>;
v0000025c58c819e0_0 .net *"_ivl_10", 0 0, L_0000025c58d13cd0;  1 drivers
v0000025c58c81ee0_0 .net *"_ivl_2", 31 0, L_0000025c58dac4a0;  1 drivers
v0000025c58c80040_0 .net *"_ivl_8", 62 0, L_0000025c58daae20;  1 drivers
v0000025c58c80400_0 .net "booth_bits", 2 0, L_0000025c58dabe60;  alias, 1 drivers
v0000025c58c800e0_0 .net/s "pp", 63 0, L_0000025c58daaec0;  alias, 1 drivers
v0000025c58c816c0_0 .var/s "pp_unshifted", 63 0;
v0000025c58c822a0_0 .net "shift_amount", 5 0, L_0000025c58dab3c0;  1 drivers
E_0000025c58b9eb40 .event anyedge, v0000025c58c80400_0, v0000025c58c802c0_0, v0000025c58c804a0_0;
L_0000025c58dac720 .part v0000025c58cddb90_0, 31, 1;
LS_0000025c58dac4a0_0_0 .concat [ 1 1 1 1], L_0000025c58dac720, L_0000025c58dac720, L_0000025c58dac720, L_0000025c58dac720;
LS_0000025c58dac4a0_0_4 .concat [ 1 1 1 1], L_0000025c58dac720, L_0000025c58dac720, L_0000025c58dac720, L_0000025c58dac720;
LS_0000025c58dac4a0_0_8 .concat [ 1 1 1 1], L_0000025c58dac720, L_0000025c58dac720, L_0000025c58dac720, L_0000025c58dac720;
LS_0000025c58dac4a0_0_12 .concat [ 1 1 1 1], L_0000025c58dac720, L_0000025c58dac720, L_0000025c58dac720, L_0000025c58dac720;
LS_0000025c58dac4a0_0_16 .concat [ 1 1 1 1], L_0000025c58dac720, L_0000025c58dac720, L_0000025c58dac720, L_0000025c58dac720;
LS_0000025c58dac4a0_0_20 .concat [ 1 1 1 1], L_0000025c58dac720, L_0000025c58dac720, L_0000025c58dac720, L_0000025c58dac720;
LS_0000025c58dac4a0_0_24 .concat [ 1 1 1 1], L_0000025c58dac720, L_0000025c58dac720, L_0000025c58dac720, L_0000025c58dac720;
LS_0000025c58dac4a0_0_28 .concat [ 1 1 1 1], L_0000025c58dac720, L_0000025c58dac720, L_0000025c58dac720, L_0000025c58dac720;
LS_0000025c58dac4a0_1_0 .concat [ 4 4 4 4], LS_0000025c58dac4a0_0_0, LS_0000025c58dac4a0_0_4, LS_0000025c58dac4a0_0_8, LS_0000025c58dac4a0_0_12;
LS_0000025c58dac4a0_1_4 .concat [ 4 4 4 4], LS_0000025c58dac4a0_0_16, LS_0000025c58dac4a0_0_20, LS_0000025c58dac4a0_0_24, LS_0000025c58dac4a0_0_28;
L_0000025c58dac4a0 .concat [ 16 16 0 0], LS_0000025c58dac4a0_1_0, LS_0000025c58dac4a0_1_4;
L_0000025c58dab280 .concat [ 32 32 0 0], v0000025c58cddb90_0, L_0000025c58dac4a0;
L_0000025c58daae20 .part L_0000025c58dab280, 0, 63;
L_0000025c58daba00 .concat [ 1 63 0 0], L_0000025c58d13cd0, L_0000025c58daae20;
L_0000025c58daaec0 .shift/l 64, v0000025c58c816c0_0, L_0000025c58dab3c0;
S_0000025c58c88ff0 .scope module, "div_unit" "divider" 6 75, 8 4 0, S_0000025c5886d120;
 .timescale 0 0;
    .port_info 0 /INPUT 32 "Dividend";
    .port_info 1 /INPUT 32 "Divisor";
    .port_info 2 /OUTPUT 32 "Quotient";
    .port_info 3 /OUTPUT 32 "Remainder";
L_0000025c58d9b2a0 .functor XOR 1, L_0000025c58dabb40, L_0000025c58dabf00, C4<0>, C4<0>;
L_0000025c58d9be00 .functor BUFZ 1, L_0000025c58dabb40, C4<0>, C4<0>, C4<0>;
L_0000025c58d9a7b0 .functor NOT 32, v0000025c58cddb90_0, C4<00000000000000000000000000000000>, C4<00000000000000000000000000000000>, C4<00000000000000000000000000000000>;
L_0000025c58d9bee0 .functor NOT 32, v0000025c58cbaf00_0, C4<00000000000000000000000000000000>, C4<00000000000000000000000000000000>, C4<00000000000000000000000000000000>;
L_0000025c58d9b380 .functor NOT 32, v0000025c58c84280_0, C4<00000000000000000000000000000000>, C4<00000000000000000000000000000000>, C4<00000000000000000000000000000000>;
L_0000025c58d9a580 .functor NOT 32, v0000025c58c84960_0, C4<00000000000000000000000000000000>, C4<00000000000000000000000000000000>, C4<00000000000000000000000000000000>;
v0000025c58c837e0_0 .net/s "Dividend", 31 0, v0000025c58cddb90_0;  alias, 1 drivers
v0000025c58c84500_0 .net/s "Divisor", 31 0, v0000025c58cbaf00_0;  alias, 1 drivers
v0000025c58c84780_0 .net/s "Quotient", 31 0, L_0000025c58daa420;  alias, 1 drivers
v0000025c58c839c0_0 .net/s "Remainder", 31 0, L_0000025c58daa600;  alias, 1 drivers
L_0000025c58d13d60 .functor BUFT 1, C4<00000000000000000000000000000001>, C4<0>, C4<0>, C4<0>;
v0000025c58c82a20_0 .net/2s *"_ivl_10", 31 0, L_0000025c58d13d60;  1 drivers
v0000025c58c83060_0 .net/s *"_ivl_12", 31 0, L_0000025c58dabfa0;  1 drivers
v0000025c58c84820_0 .net *"_ivl_16", 31 0, L_0000025c58d9bee0;  1 drivers
L_0000025c58d13da8 .functor BUFT 1, C4<00000000000000000000000000000001>, C4<0>, C4<0>, C4<0>;
v0000025c58c831a0_0 .net/2s *"_ivl_18", 31 0, L_0000025c58d13da8;  1 drivers
v0000025c58c83240_0 .net/s *"_ivl_20", 31 0, L_0000025c58dac040;  1 drivers
v0000025c58c832e0_0 .net *"_ivl_24", 31 0, L_0000025c58d9b380;  1 drivers
L_0000025c58d13df0 .functor BUFT 1, C4<00000000000000000000000000000001>, C4<0>, C4<0>, C4<0>;
v0000025c58c84640_0 .net/2u *"_ivl_26", 31 0, L_0000025c58d13df0;  1 drivers
v0000025c58c83ec0_0 .net *"_ivl_28", 31 0, L_0000025c58dac180;  1 drivers
v0000025c58c83e20_0 .net *"_ivl_32", 31 0, L_0000025c58d9a580;  1 drivers
L_0000025c58d13e38 .functor BUFT 1, C4<00000000000000000000000000000001>, C4<0>, C4<0>, C4<0>;
v0000025c58c840a0_0 .net/2u *"_ivl_34", 31 0, L_0000025c58d13e38;  1 drivers
v0000025c58c82840_0 .net *"_ivl_36", 31 0, L_0000025c58daa4c0;  1 drivers
v0000025c58c83880_0 .net *"_ivl_8", 31 0, L_0000025c58d9a7b0;  1 drivers
v0000025c58c82de0_0 .net "dividend_abs", 31 0, L_0000025c58dac7c0;  1 drivers
v0000025c58c83f60_0 .net "dividend_sign", 0 0, L_0000025c58dabb40;  1 drivers
v0000025c58c83380_0 .net "divisor_abs", 31 0, L_0000025c58dac860;  1 drivers
v0000025c58c848c0_0 .net "divisor_sign", 0 0, L_0000025c58dabf00;  1 drivers
v0000025c58c82c00_0 .net "quotient_abs", 31 0, v0000025c58c84280_0;  1 drivers
v0000025c58c82ca0_0 .net "quotient_sign", 0 0, L_0000025c58d9b2a0;  1 drivers
v0000025c58c83d80_0 .net "remainder_abs", 31 0, v0000025c58c84960_0;  1 drivers
v0000025c58c83420_0 .net "remainder_sign", 0 0, L_0000025c58d9be00;  1 drivers
L_0000025c58dabb40 .part v0000025c58cddb90_0, 31, 1;
L_0000025c58dabf00 .part v0000025c58cbaf00_0, 31, 1;
L_0000025c58dabfa0 .arith/sum 32, L_0000025c58d9a7b0, L_0000025c58d13d60;
L_0000025c58dac7c0 .functor MUXZ 32, v0000025c58cddb90_0, L_0000025c58dabfa0, L_0000025c58dabb40, C4<>;
L_0000025c58dac040 .arith/sum 32, L_0000025c58d9bee0, L_0000025c58d13da8;
L_0000025c58dac860 .functor MUXZ 32, v0000025c58cbaf00_0, L_0000025c58dac040, L_0000025c58dabf00, C4<>;
L_0000025c58dac180 .arith/sum 32, L_0000025c58d9b380, L_0000025c58d13df0;
L_0000025c58daa420 .functor MUXZ 32, v0000025c58c84280_0, L_0000025c58dac180, L_0000025c58d9b2a0, C4<>;
L_0000025c58daa4c0 .arith/sum 32, L_0000025c58d9a580, L_0000025c58d13e38;
L_0000025c58daa600 .functor MUXZ 32, v0000025c58c84960_0, L_0000025c58daa4c0, L_0000025c58d9be00, C4<>;
S_0000025c58c897c0 .scope module, "div_core" "non_restoring_divider_unsigned" 8 22, 8 34 0, S_0000025c58c88ff0;
 .timescale 0 0;
    .port_info 0 /INPUT 32 "Dividend";
    .port_info 1 /INPUT 32 "Divisor";
    .port_info 2 /OUTPUT 32 "Quotient";
    .port_info 3 /OUTPUT 32 "Remainder";
v0000025c58c83600_0 .var "AQ", 63 0;
v0000025c58c836a0_0 .net "Dividend", 31 0, L_0000025c58dac7c0;  alias, 1 drivers
v0000025c58c82660_0 .net "Divisor", 31 0, L_0000025c58dac860;  alias, 1 drivers
v0000025c58c82b60_0 .var "M", 31 0;
v0000025c58c828e0_0 .net "Quotient", 31 0, v0000025c58c84280_0;  alias, 1 drivers
v0000025c58c84960_0 .var "Remainder", 31 0;
v0000025c58c846e0_0 .var/i "i", 31 0;
v0000025c58c84280_0 .var "quotient_reg", 31 0;
E_0000025c58b9f240 .event anyedge, v0000025c58c82660_0, v0000025c58c836a0_0, v0000025c58c83600_0, v0000025c58c82b60_0;
S_0000025c58c89180 .scope module, "rca_add" "ripple_carry_adder" 6 40, 9 3 0, S_0000025c5886d120;
 .timescale 0 0;
    .port_info 0 /INPUT 32 "A";
    .port_info 1 /INPUT 32 "B";
    .port_info 2 /INPUT 1 "Cin";
    .port_info 3 /OUTPUT 32 "Sum";
    .port_info 4 /OUTPUT 1 "Cout";
    .port_info 5 /OUTPUT 1 "Overflow";
L_0000025c58d13268 .functor BUFT 1, C4<0>, C4<0>, C4<0>, C4<0>;
L_0000025c58d8c9c0 .functor BUFZ 1, L_0000025c58d13268, C4<0>, C4<0>, C4<0>;
L_0000025c58d8d750 .functor XOR 1, L_0000025c58d0bbd0, L_0000025c58d0cad0, C4<0>, C4<0>;
v0000025c58c954d0_0 .net "A", 31 0, v0000025c58cddb90_0;  alias, 1 drivers
v0000025c58c93e50_0 .net "B", 31 0, v0000025c58cbaf00_0;  alias, 1 drivers
v0000025c58c951b0_0 .net "Cin", 0 0, L_0000025c58d13268;  1 drivers
v0000025c58c93ef0_0 .net "Cout", 0 0, L_0000025c58d0c7b0;  alias, 1 drivers
v0000025c58c94030_0 .net "Overflow", 0 0, L_0000025c58d8d750;  alias, 1 drivers
v0000025c58c95250_0 .net "Sum", 31 0, L_0000025c58d0dbb0;  alias, 1 drivers
v0000025c58c94210_0 .net *"_ivl_229", 0 0, L_0000025c58d8c9c0;  1 drivers
v0000025c58c94490_0 .net *"_ivl_233", 0 0, L_0000025c58d0bbd0;  1 drivers
v0000025c58c952f0_0 .net *"_ivl_235", 0 0, L_0000025c58d0cad0;  1 drivers
v0000025c58c95390_0 .net "carry", 32 0, L_0000025c58d0d7f0;  1 drivers
L_0000025c58d07fd0 .part v0000025c58cddb90_0, 0, 1;
L_0000025c58d072b0 .part v0000025c58cbaf00_0, 0, 1;
L_0000025c58d07d50 .part L_0000025c58d0d7f0, 0, 1;
L_0000025c58d07350 .part v0000025c58cddb90_0, 1, 1;
L_0000025c58d06b30 .part v0000025c58cbaf00_0, 1, 1;
L_0000025c58d073f0 .part L_0000025c58d0d7f0, 1, 1;
L_0000025c58d08930 .part v0000025c58cddb90_0, 2, 1;
L_0000025c58d08cf0 .part v0000025c58cbaf00_0, 2, 1;
L_0000025c58d09010 .part L_0000025c58d0d7f0, 2, 1;
L_0000025c58d08570 .part v0000025c58cddb90_0, 3, 1;
L_0000025c58d090b0 .part v0000025c58cbaf00_0, 3, 1;
L_0000025c58d07f30 .part L_0000025c58d0d7f0, 3, 1;
L_0000025c58d08750 .part v0000025c58cddb90_0, 4, 1;
L_0000025c58d069f0 .part v0000025c58cbaf00_0, 4, 1;
L_0000025c58d08890 .part L_0000025c58d0d7f0, 4, 1;
L_0000025c58d08610 .part v0000025c58cddb90_0, 5, 1;
L_0000025c58d07670 .part v0000025c58cbaf00_0, 5, 1;
L_0000025c58d07490 .part L_0000025c58d0d7f0, 5, 1;
L_0000025c58d06a90 .part v0000025c58cddb90_0, 6, 1;
L_0000025c58d07710 .part v0000025c58cbaf00_0, 6, 1;
L_0000025c58d081b0 .part L_0000025c58d0d7f0, 6, 1;
L_0000025c58d08250 .part v0000025c58cddb90_0, 7, 1;
L_0000025c58d077b0 .part v0000025c58cbaf00_0, 7, 1;
L_0000025c58d08390 .part L_0000025c58d0d7f0, 7, 1;
L_0000025c58d07990 .part v0000025c58cddb90_0, 8, 1;
L_0000025c58d07850 .part v0000025c58cbaf00_0, 8, 1;
L_0000025c58d089d0 .part L_0000025c58d0d7f0, 8, 1;
L_0000025c58d08a70 .part v0000025c58cddb90_0, 9, 1;
L_0000025c58d09510 .part v0000025c58cbaf00_0, 9, 1;
L_0000025c58d09470 .part L_0000025c58d0d7f0, 9, 1;
L_0000025c58d0b130 .part v0000025c58cddb90_0, 10, 1;
L_0000025c58d0a370 .part v0000025c58cbaf00_0, 10, 1;
L_0000025c58d0a7d0 .part L_0000025c58d0d7f0, 10, 1;
L_0000025c58d098d0 .part v0000025c58cddb90_0, 11, 1;
L_0000025c58d09790 .part v0000025c58cbaf00_0, 11, 1;
L_0000025c58d0b8b0 .part L_0000025c58d0d7f0, 11, 1;
L_0000025c58d0aff0 .part v0000025c58cddb90_0, 12, 1;
L_0000025c58d09bf0 .part v0000025c58cbaf00_0, 12, 1;
L_0000025c58d09dd0 .part L_0000025c58d0d7f0, 12, 1;
L_0000025c58d0af50 .part v0000025c58cddb90_0, 13, 1;
L_0000025c58d0a0f0 .part v0000025c58cbaf00_0, 13, 1;
L_0000025c58d095b0 .part L_0000025c58d0d7f0, 13, 1;
L_0000025c58d09e70 .part v0000025c58cddb90_0, 14, 1;
L_0000025c58d09650 .part v0000025c58cbaf00_0, 14, 1;
L_0000025c58d0b310 .part L_0000025c58d0d7f0, 14, 1;
L_0000025c58d0b1d0 .part v0000025c58cddb90_0, 15, 1;
L_0000025c58d0aeb0 .part v0000025c58cbaf00_0, 15, 1;
L_0000025c58d09150 .part L_0000025c58d0d7f0, 15, 1;
L_0000025c58d0b590 .part v0000025c58cddb90_0, 16, 1;
L_0000025c58d096f0 .part v0000025c58cbaf00_0, 16, 1;
L_0000025c58d0a730 .part L_0000025c58d0d7f0, 16, 1;
L_0000025c58d09830 .part v0000025c58cddb90_0, 17, 1;
L_0000025c58d09970 .part v0000025c58cbaf00_0, 17, 1;
L_0000025c58d0ac30 .part L_0000025c58d0d7f0, 17, 1;
L_0000025c58d0a410 .part v0000025c58cddb90_0, 18, 1;
L_0000025c58d0a870 .part v0000025c58cbaf00_0, 18, 1;
L_0000025c58d0b090 .part L_0000025c58d0d7f0, 18, 1;
L_0000025c58d0acd0 .part v0000025c58cddb90_0, 19, 1;
L_0000025c58d09f10 .part v0000025c58cbaf00_0, 19, 1;
L_0000025c58d0a910 .part L_0000025c58d0d7f0, 19, 1;
L_0000025c58d09c90 .part v0000025c58cddb90_0, 20, 1;
L_0000025c58d0a4b0 .part v0000025c58cbaf00_0, 20, 1;
L_0000025c58d09ab0 .part L_0000025c58d0d7f0, 20, 1;
L_0000025c58d0ad70 .part v0000025c58cddb90_0, 21, 1;
L_0000025c58d0b270 .part v0000025c58cbaf00_0, 21, 1;
L_0000025c58d0a9b0 .part L_0000025c58d0d7f0, 21, 1;
L_0000025c58d0b3b0 .part v0000025c58cddb90_0, 22, 1;
L_0000025c58d09fb0 .part v0000025c58cbaf00_0, 22, 1;
L_0000025c58d0aaf0 .part L_0000025c58d0d7f0, 22, 1;
L_0000025c58d0b450 .part v0000025c58cddb90_0, 23, 1;
L_0000025c58d0aa50 .part v0000025c58cbaf00_0, 23, 1;
L_0000025c58d093d0 .part L_0000025c58d0d7f0, 23, 1;
L_0000025c58d0b4f0 .part v0000025c58cddb90_0, 24, 1;
L_0000025c58d0b630 .part v0000025c58cbaf00_0, 24, 1;
L_0000025c58d091f0 .part L_0000025c58d0d7f0, 24, 1;
L_0000025c58d0b6d0 .part v0000025c58cddb90_0, 25, 1;
L_0000025c58d09a10 .part v0000025c58cbaf00_0, 25, 1;
L_0000025c58d0ab90 .part L_0000025c58d0d7f0, 25, 1;
L_0000025c58d0ae10 .part v0000025c58cddb90_0, 26, 1;
L_0000025c58d09b50 .part v0000025c58cbaf00_0, 26, 1;
L_0000025c58d0b770 .part L_0000025c58d0d7f0, 26, 1;
L_0000025c58d0a2d0 .part v0000025c58cddb90_0, 27, 1;
L_0000025c58d09d30 .part v0000025c58cbaf00_0, 27, 1;
L_0000025c58d0a050 .part L_0000025c58d0d7f0, 27, 1;
L_0000025c58d0b810 .part v0000025c58cddb90_0, 28, 1;
L_0000025c58d09290 .part v0000025c58cbaf00_0, 28, 1;
L_0000025c58d0a690 .part L_0000025c58d0d7f0, 28, 1;
L_0000025c58d0a190 .part v0000025c58cddb90_0, 29, 1;
L_0000025c58d09330 .part v0000025c58cbaf00_0, 29, 1;
L_0000025c58d0a230 .part L_0000025c58d0d7f0, 29, 1;
L_0000025c58d0a550 .part v0000025c58cddb90_0, 30, 1;
L_0000025c58d0a5f0 .part v0000025c58cbaf00_0, 30, 1;
L_0000025c58d0cb70 .part L_0000025c58d0d7f0, 30, 1;
L_0000025c58d0d4d0 .part v0000025c58cddb90_0, 31, 1;
L_0000025c58d0c710 .part v0000025c58cbaf00_0, 31, 1;
L_0000025c58d0df70 .part L_0000025c58d0d7f0, 31, 1;
LS_0000025c58d0dbb0_0_0 .concat8 [ 1 1 1 1], L_0000025c58d6cdb0, L_0000025c58d6dd70, L_0000025c58d6c9c0, L_0000025c58d6cf00;
LS_0000025c58d0dbb0_0_4 .concat8 [ 1 1 1 1], L_0000025c58d6d520, L_0000025c58d6e320, L_0000025c58d6cbf0, L_0000025c58d6d2f0;
LS_0000025c58d0dbb0_0_8 .concat8 [ 1 1 1 1], L_0000025c58d6d7c0, L_0000025c58d6e860, L_0000025c58d6e9b0, L_0000025c58d6eda0;
LS_0000025c58d0dbb0_0_12 .concat8 [ 1 1 1 1], L_0000025c58d6e550, L_0000025c58d6fc80, L_0000025c58d6f580, L_0000025c58d6e6a0;
LS_0000025c58d0dbb0_0_16 .concat8 [ 1 1 1 1], L_0000025c58d6f120, L_0000025c58d6eb70, L_0000025c58d6ff20, L_0000025c58a74950;
LS_0000025c58d0dbb0_0_20 .concat8 [ 1 1 1 1], L_0000025c58d8a490, L_0000025c58d8b6f0, L_0000025c58d8a500, L_0000025c58d8a5e0;
LS_0000025c58d0dbb0_0_24 .concat8 [ 1 1 1 1], L_0000025c58d8a8f0, L_0000025c58d8ad50, L_0000025c58d8aa40, L_0000025c58d8bca0;
LS_0000025c58d0dbb0_0_28 .concat8 [ 1 1 1 1], L_0000025c58d8a2d0, L_0000025c58d8b1b0, L_0000025c58d8ccd0, L_0000025c58d8c330;
LS_0000025c58d0dbb0_1_0 .concat8 [ 4 4 4 4], LS_0000025c58d0dbb0_0_0, LS_0000025c58d0dbb0_0_4, LS_0000025c58d0dbb0_0_8, LS_0000025c58d0dbb0_0_12;
LS_0000025c58d0dbb0_1_4 .concat8 [ 4 4 4 4], LS_0000025c58d0dbb0_0_16, LS_0000025c58d0dbb0_0_20, LS_0000025c58d0dbb0_0_24, LS_0000025c58d0dbb0_0_28;
L_0000025c58d0dbb0 .concat8 [ 16 16 0 0], LS_0000025c58d0dbb0_1_0, LS_0000025c58d0dbb0_1_4;
LS_0000025c58d0d7f0_0_0 .concat8 [ 1 1 1 1], L_0000025c58d8c9c0, L_0000025c58d6cb80, L_0000025c58d6e240, L_0000025c58d6da60;
LS_0000025c58d0d7f0_0_4 .concat8 [ 1 1 1 1], L_0000025c58d6ca30, L_0000025c58d6cf70, L_0000025c58d6e470, L_0000025c58d6d210;
LS_0000025c58d0d7f0_0_8 .concat8 [ 1 1 1 1], L_0000025c58d6d6e0, L_0000025c58d6fac0, L_0000025c58d6e8d0, L_0000025c58d6f430;
LS_0000025c58d0d7f0_0_12 .concat8 [ 1 1 1 1], L_0000025c58d6f4a0, L_0000025c58d6f820, L_0000025c58d6fd60, L_0000025c58d6eb00;
LS_0000025c58d0d7f0_0_16 .concat8 [ 1 1 1 1], L_0000025c58d6f660, L_0000025c58d6feb0, L_0000025c58d6ef60, L_0000025c58d6f350;
LS_0000025c58d0d7f0_0_20 .concat8 [ 1 1 1 1], L_0000025c58d8b680, L_0000025c58d8a180, L_0000025c58d8a570, L_0000025c58d8b370;
LS_0000025c58d0d7f0_0_24 .concat8 [ 1 1 1 1], L_0000025c58d8a880, L_0000025c58d8b290, L_0000025c58d8b8b0, L_0000025c58d8ae30;
LS_0000025c58d0d7f0_0_28 .concat8 [ 1 1 1 1], L_0000025c58d8a260, L_0000025c58d8b0d0, L_0000025c58d8b5a0, L_0000025c58d8bd80;
LS_0000025c58d0d7f0_0_32 .concat8 [ 1 0 0 0], L_0000025c58d8bdf0;
LS_0000025c58d0d7f0_1_0 .concat8 [ 4 4 4 4], LS_0000025c58d0d7f0_0_0, LS_0000025c58d0d7f0_0_4, LS_0000025c58d0d7f0_0_8, LS_0000025c58d0d7f0_0_12;
LS_0000025c58d0d7f0_1_4 .concat8 [ 4 4 4 4], LS_0000025c58d0d7f0_0_16, LS_0000025c58d0d7f0_0_20, LS_0000025c58d0d7f0_0_24, LS_0000025c58d0d7f0_0_28;
LS_0000025c58d0d7f0_1_8 .concat8 [ 1 0 0 0], LS_0000025c58d0d7f0_0_32;
L_0000025c58d0d7f0 .concat8 [ 16 16 1 0], LS_0000025c58d0d7f0_1_0, LS_0000025c58d0d7f0_1_4, LS_0000025c58d0d7f0_1_8;
L_0000025c58d0c7b0 .part L_0000025c58d0d7f0, 32, 1;
L_0000025c58d0bbd0 .part L_0000025c58d0d7f0, 31, 1;
L_0000025c58d0cad0 .part L_0000025c58d0d7f0, 32, 1;
S_0000025c58c89950 .scope generate, "fa_gen[0]" "fa_gen[0]" 9 17, 9 17 0, S_0000025c58c89180;
 .timescale 0 0;
P_0000025c58b9ffc0 .param/l "i" 0 9 17, +C4<00>;
S_0000025c58c89ae0 .scope module, "fa" "full_adder" 9 18, 9 33 0, S_0000025c58c89950;
 .timescale 0 0;
    .port_info 0 /INPUT 1 "a";
    .port_info 1 /INPUT 1 "b";
    .port_info 2 /INPUT 1 "cin";
    .port_info 3 /OUTPUT 1 "sum";
    .port_info 4 /OUTPUT 1 "cout";
L_0000025c58d6d830 .functor XOR 1, L_0000025c58d07fd0, L_0000025c58d072b0, C4<0>, C4<0>;
L_0000025c58d6cdb0 .functor XOR 1, L_0000025c58d6d830, L_0000025c58d07d50, C4<0>, C4<0>;
L_0000025c58d6ccd0 .functor AND 1, L_0000025c58d07fd0, L_0000025c58d072b0, C4<1>, C4<1>;
L_0000025c58d6db40 .functor XOR 1, L_0000025c58d07fd0, L_0000025c58d072b0, C4<0>, C4<0>;
L_0000025c58d6e080 .functor AND 1, L_0000025c58d07d50, L_0000025c58d6db40, C4<1>, C4<1>;
L_0000025c58d6cb80 .functor OR 1, L_0000025c58d6ccd0, L_0000025c58d6e080, C4<0>, C4<0>;
v0000025c58c83560_0 .net *"_ivl_0", 0 0, L_0000025c58d6d830;  1 drivers
v0000025c58c82e80_0 .net *"_ivl_4", 0 0, L_0000025c58d6ccd0;  1 drivers
v0000025c58c84000_0 .net *"_ivl_6", 0 0, L_0000025c58d6db40;  1 drivers
v0000025c58c84320_0 .net *"_ivl_8", 0 0, L_0000025c58d6e080;  1 drivers
v0000025c58c83920_0 .net "a", 0 0, L_0000025c58d07fd0;  1 drivers
v0000025c58c83ba0_0 .net "b", 0 0, L_0000025c58d072b0;  1 drivers
v0000025c58c82f20_0 .net "cin", 0 0, L_0000025c58d07d50;  1 drivers
v0000025c58c82fc0_0 .net "cout", 0 0, L_0000025c58d6cb80;  1 drivers
v0000025c58c84140_0 .net "sum", 0 0, L_0000025c58d6cdb0;  1 drivers
S_0000025c58c89c70 .scope generate, "fa_gen[1]" "fa_gen[1]" 9 17, 9 17 0, S_0000025c58c89180;
 .timescale 0 0;
P_0000025c58b9ff00 .param/l "i" 0 9 17, +C4<01>;
S_0000025c58c89f90 .scope module, "fa" "full_adder" 9 18, 9 33 0, S_0000025c58c89c70;
 .timescale 0 0;
    .port_info 0 /INPUT 1 "a";
    .port_info 1 /INPUT 1 "b";
    .port_info 2 /INPUT 1 "cin";
    .port_info 3 /OUTPUT 1 "sum";
    .port_info 4 /OUTPUT 1 "cout";
L_0000025c58d6ce20 .functor XOR 1, L_0000025c58d07350, L_0000025c58d06b30, C4<0>, C4<0>;
L_0000025c58d6dd70 .functor XOR 1, L_0000025c58d6ce20, L_0000025c58d073f0, C4<0>, C4<0>;
L_0000025c58d6d440 .functor AND 1, L_0000025c58d07350, L_0000025c58d06b30, C4<1>, C4<1>;
L_0000025c58d6de50 .functor XOR 1, L_0000025c58d07350, L_0000025c58d06b30, C4<0>, C4<0>;
L_0000025c58d6dfa0 .functor AND 1, L_0000025c58d073f0, L_0000025c58d6de50, C4<1>, C4<1>;
L_0000025c58d6e240 .functor OR 1, L_0000025c58d6d440, L_0000025c58d6dfa0, C4<0>, C4<0>;
v0000025c58c83740_0 .net *"_ivl_0", 0 0, L_0000025c58d6ce20;  1 drivers
v0000025c58c83a60_0 .net *"_ivl_4", 0 0, L_0000025c58d6d440;  1 drivers
v0000025c58c84aa0_0 .net *"_ivl_6", 0 0, L_0000025c58d6de50;  1 drivers
v0000025c58c83b00_0 .net *"_ivl_8", 0 0, L_0000025c58d6dfa0;  1 drivers
v0000025c58c843c0_0 .net "a", 0 0, L_0000025c58d07350;  1 drivers
v0000025c58c83c40_0 .net "b", 0 0, L_0000025c58d06b30;  1 drivers
v0000025c58c84a00_0 .net "cin", 0 0, L_0000025c58d073f0;  1 drivers
v0000025c58c841e0_0 .net "cout", 0 0, L_0000025c58d6e240;  1 drivers
v0000025c58c84b40_0 .net "sum", 0 0, L_0000025c58d6dd70;  1 drivers
S_0000025c58c8a120 .scope generate, "fa_gen[2]" "fa_gen[2]" 9 17, 9 17 0, S_0000025c58c89180;
 .timescale 0 0;
P_0000025c58b9f1c0 .param/l "i" 0 9 17, +C4<010>;
S_0000025c58c8ab50 .scope module, "fa" "full_adder" 9 18, 9 33 0, S_0000025c58c8a120;
 .timescale 0 0;
    .port_info 0 /INPUT 1 "a";
    .port_info 1 /INPUT 1 "b";
    .port_info 2 /INPUT 1 "cin";
    .port_info 3 /OUTPUT 1 "sum";
    .port_info 4 /OUTPUT 1 "cout";
L_0000025c58d6d9f0 .functor XOR 1, L_0000025c58d08930, L_0000025c58d08cf0, C4<0>, C4<0>;
L_0000025c58d6c9c0 .functor XOR 1, L_0000025c58d6d9f0, L_0000025c58d09010, C4<0>, C4<0>;
L_0000025c58d6e010 .functor AND 1, L_0000025c58d08930, L_0000025c58d08cf0, C4<1>, C4<1>;
L_0000025c58d6dad0 .functor XOR 1, L_0000025c58d08930, L_0000025c58d08cf0, C4<0>, C4<0>;
L_0000025c58d6d050 .functor AND 1, L_0000025c58d09010, L_0000025c58d6dad0, C4<1>, C4<1>;
L_0000025c58d6da60 .functor OR 1, L_0000025c58d6e010, L_0000025c58d6d050, C4<0>, C4<0>;
v0000025c58c84be0_0 .net *"_ivl_0", 0 0, L_0000025c58d6d9f0;  1 drivers
v0000025c58c84c80_0 .net *"_ivl_4", 0 0, L_0000025c58d6e010;  1 drivers
v0000025c58c855e0_0 .net *"_ivl_6", 0 0, L_0000025c58d6dad0;  1 drivers
v0000025c58c86120_0 .net *"_ivl_8", 0 0, L_0000025c58d6d050;  1 drivers
v0000025c58c859a0_0 .net "a", 0 0, L_0000025c58d08930;  1 drivers
v0000025c58c86c60_0 .net "b", 0 0, L_0000025c58d08cf0;  1 drivers
v0000025c58c86800_0 .net "cin", 0 0, L_0000025c58d09010;  1 drivers
v0000025c58c86620_0 .net "cout", 0 0, L_0000025c58d6da60;  1 drivers
v0000025c58c86ee0_0 .net "sum", 0 0, L_0000025c58d6c9c0;  1 drivers
S_0000025c58c8a830 .scope generate, "fa_gen[3]" "fa_gen[3]" 9 17, 9 17 0, S_0000025c58c89180;
 .timescale 0 0;
P_0000025c58b9f700 .param/l "i" 0 9 17, +C4<011>;
S_0000025c58c8baf0 .scope module, "fa" "full_adder" 9 18, 9 33 0, S_0000025c58c8a830;
 .timescale 0 0;
    .port_info 0 /INPUT 1 "a";
    .port_info 1 /INPUT 1 "b";
    .port_info 2 /INPUT 1 "cin";
    .port_info 3 /OUTPUT 1 "sum";
    .port_info 4 /OUTPUT 1 "cout";
L_0000025c58d6d4b0 .functor XOR 1, L_0000025c58d08570, L_0000025c58d090b0, C4<0>, C4<0>;
L_0000025c58d6cf00 .functor XOR 1, L_0000025c58d6d4b0, L_0000025c58d07f30, C4<0>, C4<0>;
L_0000025c58d6cc60 .functor AND 1, L_0000025c58d08570, L_0000025c58d090b0, C4<1>, C4<1>;
L_0000025c58d6e2b0 .functor XOR 1, L_0000025c58d08570, L_0000025c58d090b0, C4<0>, C4<0>;
L_0000025c58d6dde0 .functor AND 1, L_0000025c58d07f30, L_0000025c58d6e2b0, C4<1>, C4<1>;
L_0000025c58d6ca30 .functor OR 1, L_0000025c58d6cc60, L_0000025c58d6dde0, C4<0>, C4<0>;
v0000025c58c87160_0 .net *"_ivl_0", 0 0, L_0000025c58d6d4b0;  1 drivers
v0000025c58c86a80_0 .net *"_ivl_4", 0 0, L_0000025c58d6cc60;  1 drivers
v0000025c58c84fa0_0 .net *"_ivl_6", 0 0, L_0000025c58d6e2b0;  1 drivers
v0000025c58c866c0_0 .net *"_ivl_8", 0 0, L_0000025c58d6dde0;  1 drivers
v0000025c58c87200_0 .net "a", 0 0, L_0000025c58d08570;  1 drivers
v0000025c58c86580_0 .net "b", 0 0, L_0000025c58d090b0;  1 drivers
v0000025c58c86260_0 .net "cin", 0 0, L_0000025c58d07f30;  1 drivers
v0000025c58c85220_0 .net "cout", 0 0, L_0000025c58d6ca30;  1 drivers
v0000025c58c86f80_0 .net "sum", 0 0, L_0000025c58d6cf00;  1 drivers
S_0000025c58c8b640 .scope generate, "fa_gen[4]" "fa_gen[4]" 9 17, 9 17 0, S_0000025c58c89180;
 .timescale 0 0;
P_0000025c58b9f340 .param/l "i" 0 9 17, +C4<0100>;
S_0000025c58c8be10 .scope module, "fa" "full_adder" 9 18, 9 33 0, S_0000025c58c8b640;
 .timescale 0 0;
    .port_info 0 /INPUT 1 "a";
    .port_info 1 /INPUT 1 "b";
    .port_info 2 /INPUT 1 "cin";
    .port_info 3 /OUTPUT 1 "sum";
    .port_info 4 /OUTPUT 1 "cout";
L_0000025c58d6dec0 .functor XOR 1, L_0000025c58d08750, L_0000025c58d069f0, C4<0>, C4<0>;
L_0000025c58d6d520 .functor XOR 1, L_0000025c58d6dec0, L_0000025c58d08890, C4<0>, C4<0>;
L_0000025c58d6dbb0 .functor AND 1, L_0000025c58d08750, L_0000025c58d069f0, C4<1>, C4<1>;
L_0000025c58d6e0f0 .functor XOR 1, L_0000025c58d08750, L_0000025c58d069f0, C4<0>, C4<0>;
L_0000025c58d6df30 .functor AND 1, L_0000025c58d08890, L_0000025c58d6e0f0, C4<1>, C4<1>;
L_0000025c58d6cf70 .functor OR 1, L_0000025c58d6dbb0, L_0000025c58d6df30, C4<0>, C4<0>;
v0000025c58c86760_0 .net *"_ivl_0", 0 0, L_0000025c58d6dec0;  1 drivers
v0000025c58c86d00_0 .net *"_ivl_4", 0 0, L_0000025c58d6dbb0;  1 drivers
v0000025c58c863a0_0 .net *"_ivl_6", 0 0, L_0000025c58d6e0f0;  1 drivers
v0000025c58c85720_0 .net *"_ivl_8", 0 0, L_0000025c58d6df30;  1 drivers
v0000025c58c87020_0 .net "a", 0 0, L_0000025c58d08750;  1 drivers
v0000025c58c85cc0_0 .net "b", 0 0, L_0000025c58d069f0;  1 drivers
v0000025c58c850e0_0 .net "cin", 0 0, L_0000025c58d08890;  1 drivers
v0000025c58c85900_0 .net "cout", 0 0, L_0000025c58d6cf70;  1 drivers
v0000025c58c872a0_0 .net "sum", 0 0, L_0000025c58d6d520;  1 drivers
S_0000025c58c8b000 .scope generate, "fa_gen[5]" "fa_gen[5]" 9 17, 9 17 0, S_0000025c58c89180;
 .timescale 0 0;
P_0000025c58b9f5c0 .param/l "i" 0 9 17, +C4<0101>;
S_0000025c58c8b4b0 .scope module, "fa" "full_adder" 9 18, 9 33 0, S_0000025c58c8b000;
 .timescale 0 0;
    .port_info 0 /INPUT 1 "a";
    .port_info 1 /INPUT 1 "b";
    .port_info 2 /INPUT 1 "cin";
    .port_info 3 /OUTPUT 1 "sum";
    .port_info 4 /OUTPUT 1 "cout";
L_0000025c58d6d910 .functor XOR 1, L_0000025c58d08610, L_0000025c58d07670, C4<0>, C4<0>;
L_0000025c58d6e320 .functor XOR 1, L_0000025c58d6d910, L_0000025c58d07490, C4<0>, C4<0>;
L_0000025c58d6d1a0 .functor AND 1, L_0000025c58d08610, L_0000025c58d07670, C4<1>, C4<1>;
L_0000025c58d6d590 .functor XOR 1, L_0000025c58d08610, L_0000025c58d07670, C4<0>, C4<0>;
L_0000025c58d6e390 .functor AND 1, L_0000025c58d07490, L_0000025c58d6d590, C4<1>, C4<1>;
L_0000025c58d6e470 .functor OR 1, L_0000025c58d6d1a0, L_0000025c58d6e390, C4<0>, C4<0>;
v0000025c58c870c0_0 .net *"_ivl_0", 0 0, L_0000025c58d6d910;  1 drivers
v0000025c58c861c0_0 .net *"_ivl_4", 0 0, L_0000025c58d6d1a0;  1 drivers
v0000025c58c857c0_0 .net *"_ivl_6", 0 0, L_0000025c58d6d590;  1 drivers
v0000025c58c85180_0 .net *"_ivl_8", 0 0, L_0000025c58d6e390;  1 drivers
v0000025c58c864e0_0 .net "a", 0 0, L_0000025c58d08610;  1 drivers
v0000025c58c85040_0 .net "b", 0 0, L_0000025c58d07670;  1 drivers
v0000025c58c85a40_0 .net "cin", 0 0, L_0000025c58d07490;  1 drivers
v0000025c58c85e00_0 .net "cout", 0 0, L_0000025c58d6e470;  1 drivers
v0000025c58c85ae0_0 .net "sum", 0 0, L_0000025c58d6e320;  1 drivers
S_0000025c58c8b7d0 .scope generate, "fa_gen[6]" "fa_gen[6]" 9 17, 9 17 0, S_0000025c58c89180;
 .timescale 0 0;
P_0000025c58b9fd00 .param/l "i" 0 9 17, +C4<0110>;
S_0000025c58c8ace0 .scope module, "fa" "full_adder" 9 18, 9 33 0, S_0000025c58c8b7d0;
 .timescale 0 0;
    .port_info 0 /INPUT 1 "a";
    .port_info 1 /INPUT 1 "b";
    .port_info 2 /INPUT 1 "cin";
    .port_info 3 /OUTPUT 1 "sum";
    .port_info 4 /OUTPUT 1 "cout";
L_0000025c58d6caa0 .functor XOR 1, L_0000025c58d06a90, L_0000025c58d07710, C4<0>, C4<0>;
L_0000025c58d6cbf0 .functor XOR 1, L_0000025c58d6caa0, L_0000025c58d081b0, C4<0>, C4<0>;
L_0000025c58d6cd40 .functor AND 1, L_0000025c58d06a90, L_0000025c58d07710, C4<1>, C4<1>;
L_0000025c58d6d0c0 .functor XOR 1, L_0000025c58d06a90, L_0000025c58d07710, C4<0>, C4<0>;
L_0000025c58d6d130 .functor AND 1, L_0000025c58d081b0, L_0000025c58d6d0c0, C4<1>, C4<1>;
L_0000025c58d6d210 .functor OR 1, L_0000025c58d6cd40, L_0000025c58d6d130, C4<0>, C4<0>;
v0000025c58c85540_0 .net *"_ivl_0", 0 0, L_0000025c58d6caa0;  1 drivers
v0000025c58c868a0_0 .net *"_ivl_4", 0 0, L_0000025c58d6cd40;  1 drivers
v0000025c58c854a0_0 .net *"_ivl_6", 0 0, L_0000025c58d6d0c0;  1 drivers
v0000025c58c85d60_0 .net *"_ivl_8", 0 0, L_0000025c58d6d130;  1 drivers
v0000025c58c85ea0_0 .net "a", 0 0, L_0000025c58d06a90;  1 drivers
v0000025c58c85680_0 .net "b", 0 0, L_0000025c58d07710;  1 drivers
v0000025c58c86da0_0 .net "cin", 0 0, L_0000025c58d081b0;  1 drivers
v0000025c58c86bc0_0 .net "cout", 0 0, L_0000025c58d6d210;  1 drivers
v0000025c58c87340_0 .net "sum", 0 0, L_0000025c58d6cbf0;  1 drivers
S_0000025c58c8a510 .scope generate, "fa_gen[7]" "fa_gen[7]" 9 17, 9 17 0, S_0000025c58c89180;
 .timescale 0 0;
P_0000025c58b9f400 .param/l "i" 0 9 17, +C4<0111>;
S_0000025c58c8a6a0 .scope module, "fa" "full_adder" 9 18, 9 33 0, S_0000025c58c8a510;
 .timescale 0 0;
    .port_info 0 /INPUT 1 "a";
    .port_info 1 /INPUT 1 "b";
    .port_info 2 /INPUT 1 "cin";
    .port_info 3 /OUTPUT 1 "sum";
    .port_info 4 /OUTPUT 1 "cout";
L_0000025c58d6d280 .functor XOR 1, L_0000025c58d08250, L_0000025c58d077b0, C4<0>, C4<0>;
L_0000025c58d6d2f0 .functor XOR 1, L_0000025c58d6d280, L_0000025c58d08390, C4<0>, C4<0>;
L_0000025c58d6d360 .functor AND 1, L_0000025c58d08250, L_0000025c58d077b0, C4<1>, C4<1>;
L_0000025c58d6d3d0 .functor XOR 1, L_0000025c58d08250, L_0000025c58d077b0, C4<0>, C4<0>;
L_0000025c58d6d600 .functor AND 1, L_0000025c58d08390, L_0000025c58d6d3d0, C4<1>, C4<1>;
L_0000025c58d6d6e0 .functor OR 1, L_0000025c58d6d360, L_0000025c58d6d600, C4<0>, C4<0>;
v0000025c58c85860_0 .net *"_ivl_0", 0 0, L_0000025c58d6d280;  1 drivers
v0000025c58c86300_0 .net *"_ivl_4", 0 0, L_0000025c58d6d360;  1 drivers
v0000025c58c852c0_0 .net *"_ivl_6", 0 0, L_0000025c58d6d3d0;  1 drivers
v0000025c58c86940_0 .net *"_ivl_8", 0 0, L_0000025c58d6d600;  1 drivers
v0000025c58c86440_0 .net "a", 0 0, L_0000025c58d08250;  1 drivers
v0000025c58c873e0_0 .net "b", 0 0, L_0000025c58d077b0;  1 drivers
v0000025c58c85360_0 .net "cin", 0 0, L_0000025c58d08390;  1 drivers
v0000025c58c85fe0_0 .net "cout", 0 0, L_0000025c58d6d6e0;  1 drivers
v0000025c58c86e40_0 .net "sum", 0 0, L_0000025c58d6d2f0;  1 drivers
S_0000025c58c8a9c0 .scope generate, "fa_gen[8]" "fa_gen[8]" 9 17, 9 17 0, S_0000025c58c89180;
 .timescale 0 0;
P_0000025c58b9f640 .param/l "i" 0 9 17, +C4<01000>;
S_0000025c58c8bfa0 .scope module, "fa" "full_adder" 9 18, 9 33 0, S_0000025c58c8a9c0;
 .timescale 0 0;
    .port_info 0 /INPUT 1 "a";
    .port_info 1 /INPUT 1 "b";
    .port_info 2 /INPUT 1 "cin";
    .port_info 3 /OUTPUT 1 "sum";
    .port_info 4 /OUTPUT 1 "cout";
L_0000025c58d6d750 .functor XOR 1, L_0000025c58d07990, L_0000025c58d07850, C4<0>, C4<0>;
L_0000025c58d6d7c0 .functor XOR 1, L_0000025c58d6d750, L_0000025c58d089d0, C4<0>, C4<0>;
L_0000025c58d6d980 .functor AND 1, L_0000025c58d07990, L_0000025c58d07850, C4<1>, C4<1>;
L_0000025c58d6ed30 .functor XOR 1, L_0000025c58d07990, L_0000025c58d07850, C4<0>, C4<0>;
L_0000025c58d70070 .functor AND 1, L_0000025c58d089d0, L_0000025c58d6ed30, C4<1>, C4<1>;
L_0000025c58d6fac0 .functor OR 1, L_0000025c58d6d980, L_0000025c58d70070, C4<0>, C4<0>;
v0000025c58c85f40_0 .net *"_ivl_0", 0 0, L_0000025c58d6d750;  1 drivers
v0000025c58c87480_0 .net *"_ivl_4", 0 0, L_0000025c58d6d980;  1 drivers
v0000025c58c86080_0 .net *"_ivl_6", 0 0, L_0000025c58d6ed30;  1 drivers
v0000025c58c869e0_0 .net *"_ivl_8", 0 0, L_0000025c58d70070;  1 drivers
v0000025c58c84e60_0 .net "a", 0 0, L_0000025c58d07990;  1 drivers
v0000025c58c84d20_0 .net "b", 0 0, L_0000025c58d07850;  1 drivers
v0000025c58c84dc0_0 .net "cin", 0 0, L_0000025c58d089d0;  1 drivers
v0000025c58c86b20_0 .net "cout", 0 0, L_0000025c58d6fac0;  1 drivers
v0000025c58c84f00_0 .net "sum", 0 0, L_0000025c58d6d7c0;  1 drivers
S_0000025c58c8c2c0 .scope generate, "fa_gen[9]" "fa_gen[9]" 9 17, 9 17 0, S_0000025c58c89180;
 .timescale 0 0;
P_0000025c58b9f940 .param/l "i" 0 9 17, +C4<01001>;
S_0000025c58c8b960 .scope module, "fa" "full_adder" 9 18, 9 33 0, S_0000025c58c8c2c0;
 .timescale 0 0;
    .port_info 0 /INPUT 1 "a";
    .port_info 1 /INPUT 1 "b";
    .port_info 2 /INPUT 1 "cin";
    .port_info 3 /OUTPUT 1 "sum";
    .port_info 4 /OUTPUT 1 "cout";
L_0000025c58d6fb30 .functor XOR 1, L_0000025c58d08a70, L_0000025c58d09510, C4<0>, C4<0>;
L_0000025c58d6e860 .functor XOR 1, L_0000025c58d6fb30, L_0000025c58d09470, C4<0>, C4<0>;
L_0000025c58d6e940 .functor AND 1, L_0000025c58d08a70, L_0000025c58d09510, C4<1>, C4<1>;
L_0000025c58d70000 .functor XOR 1, L_0000025c58d08a70, L_0000025c58d09510, C4<0>, C4<0>;
L_0000025c58d6f270 .functor AND 1, L_0000025c58d09470, L_0000025c58d70000, C4<1>, C4<1>;
L_0000025c58d6e8d0 .functor OR 1, L_0000025c58d6e940, L_0000025c58d6f270, C4<0>, C4<0>;
v0000025c58c85400_0 .net *"_ivl_0", 0 0, L_0000025c58d6fb30;  1 drivers
v0000025c58c85b80_0 .net *"_ivl_4", 0 0, L_0000025c58d6e940;  1 drivers
v0000025c58c85c20_0 .net *"_ivl_6", 0 0, L_0000025c58d70000;  1 drivers
v0000025c58c875c0_0 .net *"_ivl_8", 0 0, L_0000025c58d6f270;  1 drivers
v0000025c58c88060_0 .net "a", 0 0, L_0000025c58d08a70;  1 drivers
v0000025c58c87980_0 .net "b", 0 0, L_0000025c58d09510;  1 drivers
v0000025c58c87840_0 .net "cin", 0 0, L_0000025c58d09470;  1 drivers
v0000025c58c882e0_0 .net "cout", 0 0, L_0000025c58d6e8d0;  1 drivers
v0000025c58c87e80_0 .net "sum", 0 0, L_0000025c58d6e860;  1 drivers
S_0000025c58c8ae70 .scope generate, "fa_gen[10]" "fa_gen[10]" 9 17, 9 17 0, S_0000025c58c89180;
 .timescale 0 0;
P_0000025c58b9fa00 .param/l "i" 0 9 17, +C4<01010>;
S_0000025c58c8b190 .scope module, "fa" "full_adder" 9 18, 9 33 0, S_0000025c58c8ae70;
 .timescale 0 0;
    .port_info 0 /INPUT 1 "a";
    .port_info 1 /INPUT 1 "b";
    .port_info 2 /INPUT 1 "cin";
    .port_info 3 /OUTPUT 1 "sum";
    .port_info 4 /OUTPUT 1 "cout";
L_0000025c58d6f510 .functor XOR 1, L_0000025c58d0b130, L_0000025c58d0a370, C4<0>, C4<0>;
L_0000025c58d6e9b0 .functor XOR 1, L_0000025c58d6f510, L_0000025c58d0a7d0, C4<0>, C4<0>;
L_0000025c58d6ff90 .functor AND 1, L_0000025c58d0b130, L_0000025c58d0a370, C4<1>, C4<1>;
L_0000025c58d6fc10 .functor XOR 1, L_0000025c58d0b130, L_0000025c58d0a370, C4<0>, C4<0>;
L_0000025c58d6f740 .functor AND 1, L_0000025c58d0a7d0, L_0000025c58d6fc10, C4<1>, C4<1>;
L_0000025c58d6f430 .functor OR 1, L_0000025c58d6ff90, L_0000025c58d6f740, C4<0>, C4<0>;
v0000025c58c87a20_0 .net *"_ivl_0", 0 0, L_0000025c58d6f510;  1 drivers
v0000025c58c87f20_0 .net *"_ivl_4", 0 0, L_0000025c58d6ff90;  1 drivers
v0000025c58c87660_0 .net *"_ivl_6", 0 0, L_0000025c58d6fc10;  1 drivers
v0000025c58c878e0_0 .net *"_ivl_8", 0 0, L_0000025c58d6f740;  1 drivers
v0000025c58c87700_0 .net "a", 0 0, L_0000025c58d0b130;  1 drivers
v0000025c58c88380_0 .net "b", 0 0, L_0000025c58d0a370;  1 drivers
v0000025c58c88100_0 .net "cin", 0 0, L_0000025c58d0a7d0;  1 drivers
v0000025c58c87de0_0 .net "cout", 0 0, L_0000025c58d6f430;  1 drivers
v0000025c58c87ac0_0 .net "sum", 0 0, L_0000025c58d6e9b0;  1 drivers
S_0000025c58c8b320 .scope generate, "fa_gen[11]" "fa_gen[11]" 9 17, 9 17 0, S_0000025c58c89180;
 .timescale 0 0;
P_0000025c58ba0c40 .param/l "i" 0 9 17, +C4<01011>;
S_0000025c58c8bc80 .scope module, "fa" "full_adder" 9 18, 9 33 0, S_0000025c58c8b320;
 .timescale 0 0;
    .port_info 0 /INPUT 1 "a";
    .port_info 1 /INPUT 1 "b";
    .port_info 2 /INPUT 1 "cin";
    .port_info 3 /OUTPUT 1 "sum";
    .port_info 4 /OUTPUT 1 "cout";
L_0000025c58d6f190 .functor XOR 1, L_0000025c58d098d0, L_0000025c58d09790, C4<0>, C4<0>;
L_0000025c58d6eda0 .functor XOR 1, L_0000025c58d6f190, L_0000025c58d0b8b0, C4<0>, C4<0>;
L_0000025c58d6f890 .functor AND 1, L_0000025c58d098d0, L_0000025c58d09790, C4<1>, C4<1>;
L_0000025c58d700e0 .functor XOR 1, L_0000025c58d098d0, L_0000025c58d09790, C4<0>, C4<0>;
L_0000025c58d6f040 .functor AND 1, L_0000025c58d0b8b0, L_0000025c58d700e0, C4<1>, C4<1>;
L_0000025c58d6f4a0 .functor OR 1, L_0000025c58d6f890, L_0000025c58d6f040, C4<0>, C4<0>;
v0000025c58c87b60_0 .net *"_ivl_0", 0 0, L_0000025c58d6f190;  1 drivers
v0000025c58c87520_0 .net *"_ivl_4", 0 0, L_0000025c58d6f890;  1 drivers
v0000025c58c87fc0_0 .net *"_ivl_6", 0 0, L_0000025c58d700e0;  1 drivers
v0000025c58c87c00_0 .net *"_ivl_8", 0 0, L_0000025c58d6f040;  1 drivers
v0000025c58c87ca0_0 .net "a", 0 0, L_0000025c58d098d0;  1 drivers
v0000025c58c881a0_0 .net "b", 0 0, L_0000025c58d09790;  1 drivers
v0000025c58c88240_0 .net "cin", 0 0, L_0000025c58d0b8b0;  1 drivers
v0000025c58c877a0_0 .net "cout", 0 0, L_0000025c58d6f4a0;  1 drivers
v0000025c58c87d40_0 .net "sum", 0 0, L_0000025c58d6eda0;  1 drivers
S_0000025c58c8c130 .scope generate, "fa_gen[12]" "fa_gen[12]" 9 17, 9 17 0, S_0000025c58c89180;
 .timescale 0 0;
P_0000025c58ba0900 .param/l "i" 0 9 17, +C4<01100>;
S_0000025c58c8d010 .scope module, "fa" "full_adder" 9 18, 9 33 0, S_0000025c58c8c130;
 .timescale 0 0;
    .port_info 0 /INPUT 1 "a";
    .port_info 1 /INPUT 1 "b";
    .port_info 2 /INPUT 1 "cin";
    .port_info 3 /OUTPUT 1 "sum";
    .port_info 4 /OUTPUT 1 "cout";
L_0000025c58d6ea20 .functor XOR 1, L_0000025c58d0aff0, L_0000025c58d09bf0, C4<0>, C4<0>;
L_0000025c58d6e550 .functor XOR 1, L_0000025c58d6ea20, L_0000025c58d09dd0, C4<0>, C4<0>;
L_0000025c58d6f200 .functor AND 1, L_0000025c58d0aff0, L_0000025c58d09bf0, C4<1>, C4<1>;
L_0000025c58d6ea90 .functor XOR 1, L_0000025c58d0aff0, L_0000025c58d09bf0, C4<0>, C4<0>;
L_0000025c58d6fba0 .functor AND 1, L_0000025c58d09dd0, L_0000025c58d6ea90, C4<1>, C4<1>;
L_0000025c58d6f820 .functor OR 1, L_0000025c58d6f200, L_0000025c58d6fba0, C4<0>, C4<0>;
v0000025c58c7a3c0_0 .net *"_ivl_0", 0 0, L_0000025c58d6ea20;  1 drivers
v0000025c58c7a280_0 .net *"_ivl_4", 0 0, L_0000025c58d6f200;  1 drivers
v0000025c58c7a460_0 .net *"_ivl_6", 0 0, L_0000025c58d6ea90;  1 drivers
v0000025c58c78f20_0 .net *"_ivl_8", 0 0, L_0000025c58d6fba0;  1 drivers
v0000025c58c785c0_0 .net "a", 0 0, L_0000025c58d0aff0;  1 drivers
v0000025c58c7a1e0_0 .net "b", 0 0, L_0000025c58d09bf0;  1 drivers
v0000025c58c78660_0 .net "cin", 0 0, L_0000025c58d09dd0;  1 drivers
v0000025c58c7a5a0_0 .net "cout", 0 0, L_0000025c58d6f820;  1 drivers
v0000025c58c78700_0 .net "sum", 0 0, L_0000025c58d6e550;  1 drivers
S_0000025c58c8d1a0 .scope generate, "fa_gen[13]" "fa_gen[13]" 9 17, 9 17 0, S_0000025c58c89180;
 .timescale 0 0;
P_0000025c58ba05c0 .param/l "i" 0 9 17, +C4<01101>;
S_0000025c58c8c6b0 .scope module, "fa" "full_adder" 9 18, 9 33 0, S_0000025c58c8d1a0;
 .timescale 0 0;
    .port_info 0 /INPUT 1 "a";
    .port_info 1 /INPUT 1 "b";
    .port_info 2 /INPUT 1 "cin";
    .port_info 3 /OUTPUT 1 "sum";
    .port_info 4 /OUTPUT 1 "cout";
L_0000025c58d6e5c0 .functor XOR 1, L_0000025c58d0af50, L_0000025c58d0a0f0, C4<0>, C4<0>;
L_0000025c58d6fc80 .functor XOR 1, L_0000025c58d6e5c0, L_0000025c58d095b0, C4<0>, C4<0>;
L_0000025c58d6f900 .functor AND 1, L_0000025c58d0af50, L_0000025c58d0a0f0, C4<1>, C4<1>;
L_0000025c58d6f7b0 .functor XOR 1, L_0000025c58d0af50, L_0000025c58d0a0f0, C4<0>, C4<0>;
L_0000025c58d6fcf0 .functor AND 1, L_0000025c58d095b0, L_0000025c58d6f7b0, C4<1>, C4<1>;
L_0000025c58d6fd60 .functor OR 1, L_0000025c58d6f900, L_0000025c58d6fcf0, C4<0>, C4<0>;
v0000025c58c78ca0_0 .net *"_ivl_0", 0 0, L_0000025c58d6e5c0;  1 drivers
v0000025c58c78ac0_0 .net *"_ivl_4", 0 0, L_0000025c58d6f900;  1 drivers
v0000025c58c787a0_0 .net *"_ivl_6", 0 0, L_0000025c58d6f7b0;  1 drivers
v0000025c58c79ce0_0 .net *"_ivl_8", 0 0, L_0000025c58d6fcf0;  1 drivers
v0000025c58c7a640_0 .net "a", 0 0, L_0000025c58d0af50;  1 drivers
v0000025c58c78840_0 .net "b", 0 0, L_0000025c58d0a0f0;  1 drivers
v0000025c58c7a320_0 .net "cin", 0 0, L_0000025c58d095b0;  1 drivers
v0000025c58c79380_0 .net "cout", 0 0, L_0000025c58d6fd60;  1 drivers
v0000025c58c788e0_0 .net "sum", 0 0, L_0000025c58d6fc80;  1 drivers
S_0000025c58c8d330 .scope generate, "fa_gen[14]" "fa_gen[14]" 9 17, 9 17 0, S_0000025c58c89180;
 .timescale 0 0;
P_0000025c58ba0d00 .param/l "i" 0 9 17, +C4<01110>;
S_0000025c58c8de20 .scope module, "fa" "full_adder" 9 18, 9 33 0, S_0000025c58c8d330;
 .timescale 0 0;
    .port_info 0 /INPUT 1 "a";
    .port_info 1 /INPUT 1 "b";
    .port_info 2 /INPUT 1 "cin";
    .port_info 3 /OUTPUT 1 "sum";
    .port_info 4 /OUTPUT 1 "cout";
L_0000025c58d6e630 .functor XOR 1, L_0000025c58d09e70, L_0000025c58d09650, C4<0>, C4<0>;
L_0000025c58d6f580 .functor XOR 1, L_0000025c58d6e630, L_0000025c58d0b310, C4<0>, C4<0>;
L_0000025c58d6f0b0 .functor AND 1, L_0000025c58d09e70, L_0000025c58d09650, C4<1>, C4<1>;
L_0000025c58d6fdd0 .functor XOR 1, L_0000025c58d09e70, L_0000025c58d09650, C4<0>, C4<0>;
L_0000025c58d6f970 .functor AND 1, L_0000025c58d0b310, L_0000025c58d6fdd0, C4<1>, C4<1>;
L_0000025c58d6eb00 .functor OR 1, L_0000025c58d6f0b0, L_0000025c58d6f970, C4<0>, C4<0>;
v0000025c58c79a60_0 .net *"_ivl_0", 0 0, L_0000025c58d6e630;  1 drivers
v0000025c58c79ba0_0 .net *"_ivl_4", 0 0, L_0000025c58d6f0b0;  1 drivers
v0000025c58c7ab40_0 .net *"_ivl_6", 0 0, L_0000025c58d6fdd0;  1 drivers
v0000025c58c7a500_0 .net *"_ivl_8", 0 0, L_0000025c58d6f970;  1 drivers
v0000025c58c79b00_0 .net "a", 0 0, L_0000025c58d09e70;  1 drivers
v0000025c58c79c40_0 .net "b", 0 0, L_0000025c58d09650;  1 drivers
v0000025c58c79d80_0 .net "cin", 0 0, L_0000025c58d0b310;  1 drivers
v0000025c58c79600_0 .net "cout", 0 0, L_0000025c58d6eb00;  1 drivers
v0000025c58c79420_0 .net "sum", 0 0, L_0000025c58d6f580;  1 drivers
S_0000025c58c8dc90 .scope generate, "fa_gen[15]" "fa_gen[15]" 9 17, 9 17 0, S_0000025c58c89180;
 .timescale 0 0;
P_0000025c58ba0300 .param/l "i" 0 9 17, +C4<01111>;
S_0000025c58c8cb60 .scope module, "fa" "full_adder" 9 18, 9 33 0, S_0000025c58c8dc90;
 .timescale 0 0;
    .port_info 0 /INPUT 1 "a";
    .port_info 1 /INPUT 1 "b";
    .port_info 2 /INPUT 1 "cin";
    .port_info 3 /OUTPUT 1 "sum";
    .port_info 4 /OUTPUT 1 "cout";
L_0000025c58d6f5f0 .functor XOR 1, L_0000025c58d0b1d0, L_0000025c58d0aeb0, C4<0>, C4<0>;
L_0000025c58d6e6a0 .functor XOR 1, L_0000025c58d6f5f0, L_0000025c58d09150, C4<0>, C4<0>;
L_0000025c58d6fe40 .functor AND 1, L_0000025c58d0b1d0, L_0000025c58d0aeb0, C4<1>, C4<1>;
L_0000025c58d6f6d0 .functor XOR 1, L_0000025c58d0b1d0, L_0000025c58d0aeb0, C4<0>, C4<0>;
L_0000025c58d6ebe0 .functor AND 1, L_0000025c58d09150, L_0000025c58d6f6d0, C4<1>, C4<1>;
L_0000025c58d6f660 .functor OR 1, L_0000025c58d6fe40, L_0000025c58d6ebe0, C4<0>, C4<0>;
v0000025c58c79ec0_0 .net *"_ivl_0", 0 0, L_0000025c58d6f5f0;  1 drivers
v0000025c58c796a0_0 .net *"_ivl_4", 0 0, L_0000025c58d6fe40;  1 drivers
v0000025c58c79100_0 .net *"_ivl_6", 0 0, L_0000025c58d6f6d0;  1 drivers
v0000025c58c79920_0 .net *"_ivl_8", 0 0, L_0000025c58d6ebe0;  1 drivers
v0000025c58c79e20_0 .net "a", 0 0, L_0000025c58d0b1d0;  1 drivers
v0000025c58c78e80_0 .net "b", 0 0, L_0000025c58d0aeb0;  1 drivers
v0000025c58c797e0_0 .net "cin", 0 0, L_0000025c58d09150;  1 drivers
v0000025c58c7a6e0_0 .net "cout", 0 0, L_0000025c58d6f660;  1 drivers
v0000025c58c78980_0 .net "sum", 0 0, L_0000025c58d6e6a0;  1 drivers
S_0000025c58c8ce80 .scope generate, "fa_gen[16]" "fa_gen[16]" 9 17, 9 17 0, S_0000025c58c89180;
 .timescale 0 0;
P_0000025c58ba0680 .param/l "i" 0 9 17, +C4<010000>;
S_0000025c58c8ccf0 .scope module, "fa" "full_adder" 9 18, 9 33 0, S_0000025c58c8ce80;
 .timescale 0 0;
    .port_info 0 /INPUT 1 "a";
    .port_info 1 /INPUT 1 "b";
    .port_info 2 /INPUT 1 "cin";
    .port_info 3 /OUTPUT 1 "sum";
    .port_info 4 /OUTPUT 1 "cout";
L_0000025c58d6e710 .functor XOR 1, L_0000025c58d0b590, L_0000025c58d096f0, C4<0>, C4<0>;
L_0000025c58d6f120 .functor XOR 1, L_0000025c58d6e710, L_0000025c58d0a730, C4<0>, C4<0>;
L_0000025c58d6f9e0 .functor AND 1, L_0000025c58d0b590, L_0000025c58d096f0, C4<1>, C4<1>;
L_0000025c58d6f2e0 .functor XOR 1, L_0000025c58d0b590, L_0000025c58d096f0, C4<0>, C4<0>;
L_0000025c58d6ee10 .functor AND 1, L_0000025c58d0a730, L_0000025c58d6f2e0, C4<1>, C4<1>;
L_0000025c58d6feb0 .functor OR 1, L_0000025c58d6f9e0, L_0000025c58d6ee10, C4<0>, C4<0>;
v0000025c58c78d40_0 .net *"_ivl_0", 0 0, L_0000025c58d6e710;  1 drivers
v0000025c58c79f60_0 .net *"_ivl_4", 0 0, L_0000025c58d6f9e0;  1 drivers
v0000025c58c78fc0_0 .net *"_ivl_6", 0 0, L_0000025c58d6f2e0;  1 drivers
v0000025c58c792e0_0 .net *"_ivl_8", 0 0, L_0000025c58d6ee10;  1 drivers
v0000025c58c79060_0 .net "a", 0 0, L_0000025c58d0b590;  1 drivers
v0000025c58c794c0_0 .net "b", 0 0, L_0000025c58d096f0;  1 drivers
v0000025c58c7a000_0 .net "cin", 0 0, L_0000025c58d0a730;  1 drivers
v0000025c58c791a0_0 .net "cout", 0 0, L_0000025c58d6feb0;  1 drivers
v0000025c58c78de0_0 .net "sum", 0 0, L_0000025c58d6f120;  1 drivers
S_0000025c58c8dfb0 .scope generate, "fa_gen[17]" "fa_gen[17]" 9 17, 9 17 0, S_0000025c58c89180;
 .timescale 0 0;
P_0000025c58ba0dc0 .param/l "i" 0 9 17, +C4<010001>;
S_0000025c58c8e140 .scope module, "fa" "full_adder" 9 18, 9 33 0, S_0000025c58c8dfb0;
 .timescale 0 0;
    .port_info 0 /INPUT 1 "a";
    .port_info 1 /INPUT 1 "b";
    .port_info 2 /INPUT 1 "cin";
    .port_info 3 /OUTPUT 1 "sum";
    .port_info 4 /OUTPUT 1 "cout";
L_0000025c58d6eef0 .functor XOR 1, L_0000025c58d09830, L_0000025c58d09970, C4<0>, C4<0>;
L_0000025c58d6eb70 .functor XOR 1, L_0000025c58d6eef0, L_0000025c58d0ac30, C4<0>, C4<0>;
L_0000025c58d6ee80 .functor AND 1, L_0000025c58d09830, L_0000025c58d09970, C4<1>, C4<1>;
L_0000025c58d6ec50 .functor XOR 1, L_0000025c58d09830, L_0000025c58d09970, C4<0>, C4<0>;
L_0000025c58d6ecc0 .functor AND 1, L_0000025c58d0ac30, L_0000025c58d6ec50, C4<1>, C4<1>;
L_0000025c58d6ef60 .functor OR 1, L_0000025c58d6ee80, L_0000025c58d6ecc0, C4<0>, C4<0>;
v0000025c58c78a20_0 .net *"_ivl_0", 0 0, L_0000025c58d6eef0;  1 drivers
v0000025c58c78b60_0 .net *"_ivl_4", 0 0, L_0000025c58d6ee80;  1 drivers
v0000025c58c7a780_0 .net *"_ivl_6", 0 0, L_0000025c58d6ec50;  1 drivers
v0000025c58c7a0a0_0 .net *"_ivl_8", 0 0, L_0000025c58d6ecc0;  1 drivers
v0000025c58c79240_0 .net "a", 0 0, L_0000025c58d09830;  1 drivers
v0000025c58c79560_0 .net "b", 0 0, L_0000025c58d09970;  1 drivers
v0000025c58c7a140_0 .net "cin", 0 0, L_0000025c58d0ac30;  1 drivers
v0000025c58c79740_0 .net "cout", 0 0, L_0000025c58d6ef60;  1 drivers
v0000025c58c79880_0 .net "sum", 0 0, L_0000025c58d6eb70;  1 drivers
S_0000025c58c8d650 .scope generate, "fa_gen[18]" "fa_gen[18]" 9 17, 9 17 0, S_0000025c58c89180;
 .timescale 0 0;
P_0000025c58ba0700 .param/l "i" 0 9 17, +C4<010010>;
S_0000025c58c8d4c0 .scope module, "fa" "full_adder" 9 18, 9 33 0, S_0000025c58c8d650;
 .timescale 0 0;
    .port_info 0 /INPUT 1 "a";
    .port_info 1 /INPUT 1 "b";
    .port_info 2 /INPUT 1 "cin";
    .port_info 3 /OUTPUT 1 "sum";
    .port_info 4 /OUTPUT 1 "cout";
L_0000025c58d6fa50 .functor XOR 1, L_0000025c58d0a410, L_0000025c58d0a870, C4<0>, C4<0>;
L_0000025c58d6ff20 .functor XOR 1, L_0000025c58d6fa50, L_0000025c58d0b090, C4<0>, C4<0>;
L_0000025c58d6e780 .functor AND 1, L_0000025c58d0a410, L_0000025c58d0a870, C4<1>, C4<1>;
L_0000025c58d6e7f0 .functor XOR 1, L_0000025c58d0a410, L_0000025c58d0a870, C4<0>, C4<0>;
L_0000025c58d6efd0 .functor AND 1, L_0000025c58d0b090, L_0000025c58d6e7f0, C4<1>, C4<1>;
L_0000025c58d6f350 .functor OR 1, L_0000025c58d6e780, L_0000025c58d6efd0, C4<0>, C4<0>;
v0000025c58c78c00_0 .net *"_ivl_0", 0 0, L_0000025c58d6fa50;  1 drivers
v0000025c58c799c0_0 .net *"_ivl_4", 0 0, L_0000025c58d6e780;  1 drivers
v0000025c58c7a820_0 .net *"_ivl_6", 0 0, L_0000025c58d6e7f0;  1 drivers
v0000025c58c7a8c0_0 .net *"_ivl_8", 0 0, L_0000025c58d6efd0;  1 drivers
v0000025c58c7a960_0 .net "a", 0 0, L_0000025c58d0a410;  1 drivers
v0000025c58c7aa00_0 .net "b", 0 0, L_0000025c58d0a870;  1 drivers
v0000025c58c7aaa0_0 .net "cin", 0 0, L_0000025c58d0b090;  1 drivers
v0000025c58c7abe0_0 .net "cout", 0 0, L_0000025c58d6f350;  1 drivers
v0000025c58c7ac80_0 .net "sum", 0 0, L_0000025c58d6ff20;  1 drivers
S_0000025c58c8e2d0 .scope generate, "fa_gen[19]" "fa_gen[19]" 9 17, 9 17 0, S_0000025c58c89180;
 .timescale 0 0;
P_0000025c58ba0d40 .param/l "i" 0 9 17, +C4<010011>;
S_0000025c58c8c9d0 .scope module, "fa" "full_adder" 9 18, 9 33 0, S_0000025c58c8e2d0;
 .timescale 0 0;
    .port_info 0 /INPUT 1 "a";
    .port_info 1 /INPUT 1 "b";
    .port_info 2 /INPUT 1 "cin";
    .port_info 3 /OUTPUT 1 "sum";
    .port_info 4 /OUTPUT 1 "cout";
L_0000025c58d6f3c0 .functor XOR 1, L_0000025c58d0acd0, L_0000025c58d09f10, C4<0>, C4<0>;
L_0000025c58a74950 .functor XOR 1, L_0000025c58d6f3c0, L_0000025c58d0a910, C4<0>, C4<0>;
L_0000025c58d8a810 .functor AND 1, L_0000025c58d0acd0, L_0000025c58d09f10, C4<1>, C4<1>;
L_0000025c58d8b610 .functor XOR 1, L_0000025c58d0acd0, L_0000025c58d09f10, C4<0>, C4<0>;
L_0000025c58d8a650 .functor AND 1, L_0000025c58d0a910, L_0000025c58d8b610, C4<1>, C4<1>;
L_0000025c58d8b680 .functor OR 1, L_0000025c58d8a810, L_0000025c58d8a650, C4<0>, C4<0>;
v0000025c58c78520_0 .net *"_ivl_0", 0 0, L_0000025c58d6f3c0;  1 drivers
v0000025c58c7c260_0 .net *"_ivl_4", 0 0, L_0000025c58d8a810;  1 drivers
v0000025c58c7b9a0_0 .net *"_ivl_6", 0 0, L_0000025c58d8b610;  1 drivers
v0000025c58c7b2c0_0 .net *"_ivl_8", 0 0, L_0000025c58d8a650;  1 drivers
v0000025c58c7af00_0 .net "a", 0 0, L_0000025c58d0acd0;  1 drivers
v0000025c58c7b180_0 .net "b", 0 0, L_0000025c58d09f10;  1 drivers
v0000025c58c7cee0_0 .net "cin", 0 0, L_0000025c58d0a910;  1 drivers
v0000025c58c7ba40_0 .net "cout", 0 0, L_0000025c58d8b680;  1 drivers
v0000025c58c7afa0_0 .net "sum", 0 0, L_0000025c58a74950;  1 drivers
S_0000025c58c8c520 .scope generate, "fa_gen[20]" "fa_gen[20]" 9 17, 9 17 0, S_0000025c58c89180;
 .timescale 0 0;
P_0000025c58ba0f00 .param/l "i" 0 9 17, +C4<010100>;
S_0000025c58c8c840 .scope module, "fa" "full_adder" 9 18, 9 33 0, S_0000025c58c8c520;
 .timescale 0 0;
    .port_info 0 /INPUT 1 "a";
    .port_info 1 /INPUT 1 "b";
    .port_info 2 /INPUT 1 "cin";
    .port_info 3 /OUTPUT 1 "sum";
    .port_info 4 /OUTPUT 1 "cout";
L_0000025c58d8a3b0 .functor XOR 1, L_0000025c58d09c90, L_0000025c58d0a4b0, C4<0>, C4<0>;
L_0000025c58d8a490 .functor XOR 1, L_0000025c58d8a3b0, L_0000025c58d09ab0, C4<0>, C4<0>;
L_0000025c58d8b990 .functor AND 1, L_0000025c58d09c90, L_0000025c58d0a4b0, C4<1>, C4<1>;
L_0000025c58d8ba00 .functor XOR 1, L_0000025c58d09c90, L_0000025c58d0a4b0, C4<0>, C4<0>;
L_0000025c58d8bb50 .functor AND 1, L_0000025c58d09ab0, L_0000025c58d8ba00, C4<1>, C4<1>;
L_0000025c58d8a180 .functor OR 1, L_0000025c58d8b990, L_0000025c58d8bb50, C4<0>, C4<0>;
v0000025c58c7adc0_0 .net *"_ivl_0", 0 0, L_0000025c58d8a3b0;  1 drivers
v0000025c58c7c580_0 .net *"_ivl_4", 0 0, L_0000025c58d8b990;  1 drivers
v0000025c58c7bae0_0 .net *"_ivl_6", 0 0, L_0000025c58d8ba00;  1 drivers
v0000025c58c7b900_0 .net *"_ivl_8", 0 0, L_0000025c58d8bb50;  1 drivers
v0000025c58c7cda0_0 .net "a", 0 0, L_0000025c58d09c90;  1 drivers
v0000025c58c7bcc0_0 .net "b", 0 0, L_0000025c58d0a4b0;  1 drivers
v0000025c58c7b040_0 .net "cin", 0 0, L_0000025c58d09ab0;  1 drivers
v0000025c58c7c4e0_0 .net "cout", 0 0, L_0000025c58d8a180;  1 drivers
v0000025c58c7b540_0 .net "sum", 0 0, L_0000025c58d8a490;  1 drivers
S_0000025c58c8d7e0 .scope generate, "fa_gen[21]" "fa_gen[21]" 9 17, 9 17 0, S_0000025c58c89180;
 .timescale 0 0;
P_0000025c58ba0880 .param/l "i" 0 9 17, +C4<010101>;
S_0000025c58c8db00 .scope module, "fa" "full_adder" 9 18, 9 33 0, S_0000025c58c8d7e0;
 .timescale 0 0;
    .port_info 0 /INPUT 1 "a";
    .port_info 1 /INPUT 1 "b";
    .port_info 2 /INPUT 1 "cin";
    .port_info 3 /OUTPUT 1 "sum";
    .port_info 4 /OUTPUT 1 "cout";
L_0000025c58d8a730 .functor XOR 1, L_0000025c58d0ad70, L_0000025c58d0b270, C4<0>, C4<0>;
L_0000025c58d8b6f0 .functor XOR 1, L_0000025c58d8a730, L_0000025c58d0a9b0, C4<0>, C4<0>;
L_0000025c58d8ac70 .functor AND 1, L_0000025c58d0ad70, L_0000025c58d0b270, C4<1>, C4<1>;
L_0000025c58d8a7a0 .functor XOR 1, L_0000025c58d0ad70, L_0000025c58d0b270, C4<0>, C4<0>;
L_0000025c58d8ba70 .functor AND 1, L_0000025c58d0a9b0, L_0000025c58d8a7a0, C4<1>, C4<1>;
L_0000025c58d8a570 .functor OR 1, L_0000025c58d8ac70, L_0000025c58d8ba70, C4<0>, C4<0>;
v0000025c58c7ad20_0 .net *"_ivl_0", 0 0, L_0000025c58d8a730;  1 drivers
v0000025c58c7d160_0 .net *"_ivl_4", 0 0, L_0000025c58d8ac70;  1 drivers
v0000025c58c7b7c0_0 .net *"_ivl_6", 0 0, L_0000025c58d8a7a0;  1 drivers
v0000025c58c7b5e0_0 .net *"_ivl_8", 0 0, L_0000025c58d8ba70;  1 drivers
v0000025c58c7d020_0 .net "a", 0 0, L_0000025c58d0ad70;  1 drivers
v0000025c58c7bfe0_0 .net "b", 0 0, L_0000025c58d0b270;  1 drivers
v0000025c58c7c120_0 .net "cin", 0 0, L_0000025c58d0a9b0;  1 drivers
v0000025c58c7bd60_0 .net "cout", 0 0, L_0000025c58d8a570;  1 drivers
v0000025c58c7b860_0 .net "sum", 0 0, L_0000025c58d8b6f0;  1 drivers
S_0000025c58c8d970 .scope generate, "fa_gen[22]" "fa_gen[22]" 9 17, 9 17 0, S_0000025c58c89180;
 .timescale 0 0;
P_0000025c58ba08c0 .param/l "i" 0 9 17, +C4<010110>;
S_0000025c58c8f7f0 .scope module, "fa" "full_adder" 9 18, 9 33 0, S_0000025c58c8d970;
 .timescale 0 0;
    .port_info 0 /INPUT 1 "a";
    .port_info 1 /INPUT 1 "b";
    .port_info 2 /INPUT 1 "cin";
    .port_info 3 /OUTPUT 1 "sum";
    .port_info 4 /OUTPUT 1 "cout";
L_0000025c58d8a1f0 .functor XOR 1, L_0000025c58d0b3b0, L_0000025c58d09fb0, C4<0>, C4<0>;
L_0000025c58d8a500 .functor XOR 1, L_0000025c58d8a1f0, L_0000025c58d0aaf0, C4<0>, C4<0>;
L_0000025c58d8bae0 .functor AND 1, L_0000025c58d0b3b0, L_0000025c58d09fb0, C4<1>, C4<1>;
L_0000025c58d8a6c0 .functor XOR 1, L_0000025c58d0b3b0, L_0000025c58d09fb0, C4<0>, C4<0>;
L_0000025c58d8ace0 .functor AND 1, L_0000025c58d0aaf0, L_0000025c58d8a6c0, C4<1>, C4<1>;
L_0000025c58d8b370 .functor OR 1, L_0000025c58d8bae0, L_0000025c58d8ace0, C4<0>, C4<0>;
v0000025c58c7bb80_0 .net *"_ivl_0", 0 0, L_0000025c58d8a1f0;  1 drivers
v0000025c58c7bc20_0 .net *"_ivl_4", 0 0, L_0000025c58d8bae0;  1 drivers
v0000025c58c7d0c0_0 .net *"_ivl_6", 0 0, L_0000025c58d8a6c0;  1 drivers
v0000025c58c7cbc0_0 .net *"_ivl_8", 0 0, L_0000025c58d8ace0;  1 drivers
v0000025c58c7c080_0 .net "a", 0 0, L_0000025c58d0b3b0;  1 drivers
v0000025c58c7b220_0 .net "b", 0 0, L_0000025c58d09fb0;  1 drivers
v0000025c58c7cc60_0 .net "cin", 0 0, L_0000025c58d0aaf0;  1 drivers
v0000025c58c7be00_0 .net "cout", 0 0, L_0000025c58d8b370;  1 drivers
v0000025c58c7b720_0 .net "sum", 0 0, L_0000025c58d8a500;  1 drivers
S_0000025c58c8e6c0 .scope generate, "fa_gen[23]" "fa_gen[23]" 9 17, 9 17 0, S_0000025c58c89180;
 .timescale 0 0;
P_0000025c58ba1280 .param/l "i" 0 9 17, +C4<010111>;
S_0000025c58c8e850 .scope module, "fa" "full_adder" 9 18, 9 33 0, S_0000025c58c8e6c0;
 .timescale 0 0;
    .port_info 0 /INPUT 1 "a";
    .port_info 1 /INPUT 1 "b";
    .port_info 2 /INPUT 1 "cin";
    .port_info 3 /OUTPUT 1 "sum";
    .port_info 4 /OUTPUT 1 "cout";
L_0000025c58d8b760 .functor XOR 1, L_0000025c58d0b450, L_0000025c58d0aa50, C4<0>, C4<0>;
L_0000025c58d8a5e0 .functor XOR 1, L_0000025c58d8b760, L_0000025c58d093d0, C4<0>, C4<0>;
L_0000025c58d8bbc0 .functor AND 1, L_0000025c58d0b450, L_0000025c58d0aa50, C4<1>, C4<1>;
L_0000025c58d8a420 .functor XOR 1, L_0000025c58d0b450, L_0000025c58d0aa50, C4<0>, C4<0>;
L_0000025c58d8aea0 .functor AND 1, L_0000025c58d093d0, L_0000025c58d8a420, C4<1>, C4<1>;
L_0000025c58d8a880 .functor OR 1, L_0000025c58d8bbc0, L_0000025c58d8aea0, C4<0>, C4<0>;
v0000025c58c7bea0_0 .net *"_ivl_0", 0 0, L_0000025c58d8b760;  1 drivers
v0000025c58c7b360_0 .net *"_ivl_4", 0 0, L_0000025c58d8bbc0;  1 drivers
v0000025c58c7c620_0 .net *"_ivl_6", 0 0, L_0000025c58d8a420;  1 drivers
v0000025c58c7b400_0 .net *"_ivl_8", 0 0, L_0000025c58d8aea0;  1 drivers
v0000025c58c7bf40_0 .net "a", 0 0, L_0000025c58d0b450;  1 drivers
v0000025c58c7c1c0_0 .net "b", 0 0, L_0000025c58d0aa50;  1 drivers
v0000025c58c7ce40_0 .net "cin", 0 0, L_0000025c58d093d0;  1 drivers
v0000025c58c7c300_0 .net "cout", 0 0, L_0000025c58d8a880;  1 drivers
v0000025c58c7ae60_0 .net "sum", 0 0, L_0000025c58d8a5e0;  1 drivers
S_0000025c58c8e9e0 .scope generate, "fa_gen[24]" "fa_gen[24]" 9 17, 9 17 0, S_0000025c58c89180;
 .timescale 0 0;
P_0000025c58ba1dc0 .param/l "i" 0 9 17, +C4<011000>;
S_0000025c58c8fe30 .scope module, "fa" "full_adder" 9 18, 9 33 0, S_0000025c58c8e9e0;
 .timescale 0 0;
    .port_info 0 /INPUT 1 "a";
    .port_info 1 /INPUT 1 "b";
    .port_info 2 /INPUT 1 "cin";
    .port_info 3 /OUTPUT 1 "sum";
    .port_info 4 /OUTPUT 1 "cout";
L_0000025c58d8bc30 .functor XOR 1, L_0000025c58d0b4f0, L_0000025c58d0b630, C4<0>, C4<0>;
L_0000025c58d8a8f0 .functor XOR 1, L_0000025c58d8bc30, L_0000025c58d091f0, C4<0>, C4<0>;
L_0000025c58d8b840 .functor AND 1, L_0000025c58d0b4f0, L_0000025c58d0b630, C4<1>, C4<1>;
L_0000025c58d8b300 .functor XOR 1, L_0000025c58d0b4f0, L_0000025c58d0b630, C4<0>, C4<0>;
L_0000025c58d8a960 .functor AND 1, L_0000025c58d091f0, L_0000025c58d8b300, C4<1>, C4<1>;
L_0000025c58d8b290 .functor OR 1, L_0000025c58d8b840, L_0000025c58d8a960, C4<0>, C4<0>;
v0000025c58c7c3a0_0 .net *"_ivl_0", 0 0, L_0000025c58d8bc30;  1 drivers
v0000025c58c7b0e0_0 .net *"_ivl_4", 0 0, L_0000025c58d8b840;  1 drivers
v0000025c58c7c440_0 .net *"_ivl_6", 0 0, L_0000025c58d8b300;  1 drivers
v0000025c58c7cd00_0 .net *"_ivl_8", 0 0, L_0000025c58d8a960;  1 drivers
v0000025c58c7b4a0_0 .net "a", 0 0, L_0000025c58d0b4f0;  1 drivers
v0000025c58c7cb20_0 .net "b", 0 0, L_0000025c58d0b630;  1 drivers
v0000025c58c7c6c0_0 .net "cin", 0 0, L_0000025c58d091f0;  1 drivers
v0000025c58c7b680_0 .net "cout", 0 0, L_0000025c58d8b290;  1 drivers
v0000025c58c7c760_0 .net "sum", 0 0, L_0000025c58d8a8f0;  1 drivers
S_0000025c58c8eb70 .scope generate, "fa_gen[25]" "fa_gen[25]" 9 17, 9 17 0, S_0000025c58c89180;
 .timescale 0 0;
P_0000025c58ba14c0 .param/l "i" 0 9 17, +C4<011001>;
S_0000025c58c8f340 .scope module, "fa" "full_adder" 9 18, 9 33 0, S_0000025c58c8eb70;
 .timescale 0 0;
    .port_info 0 /INPUT 1 "a";
    .port_info 1 /INPUT 1 "b";
    .port_info 2 /INPUT 1 "cin";
    .port_info 3 /OUTPUT 1 "sum";
    .port_info 4 /OUTPUT 1 "cout";
L_0000025c58d8bd10 .functor XOR 1, L_0000025c58d0b6d0, L_0000025c58d09a10, C4<0>, C4<0>;
L_0000025c58d8ad50 .functor XOR 1, L_0000025c58d8bd10, L_0000025c58d0ab90, C4<0>, C4<0>;
L_0000025c58d8b3e0 .functor AND 1, L_0000025c58d0b6d0, L_0000025c58d09a10, C4<1>, C4<1>;
L_0000025c58d8adc0 .functor XOR 1, L_0000025c58d0b6d0, L_0000025c58d09a10, C4<0>, C4<0>;
L_0000025c58d8a9d0 .functor AND 1, L_0000025c58d0ab90, L_0000025c58d8adc0, C4<1>, C4<1>;
L_0000025c58d8b8b0 .functor OR 1, L_0000025c58d8b3e0, L_0000025c58d8a9d0, C4<0>, C4<0>;
v0000025c58c7c800_0 .net *"_ivl_0", 0 0, L_0000025c58d8bd10;  1 drivers
v0000025c58c7c8a0_0 .net *"_ivl_4", 0 0, L_0000025c58d8b3e0;  1 drivers
v0000025c58c7c940_0 .net *"_ivl_6", 0 0, L_0000025c58d8adc0;  1 drivers
v0000025c58c7c9e0_0 .net *"_ivl_8", 0 0, L_0000025c58d8a9d0;  1 drivers
v0000025c58c7ca80_0 .net "a", 0 0, L_0000025c58d0b6d0;  1 drivers
v0000025c58c7cf80_0 .net "b", 0 0, L_0000025c58d09a10;  1 drivers
v0000025c58c7d200_0 .net "cin", 0 0, L_0000025c58d0ab90;  1 drivers
v0000025c58c7d2a0_0 .net "cout", 0 0, L_0000025c58d8b8b0;  1 drivers
v0000025c58c7d340_0 .net "sum", 0 0, L_0000025c58d8ad50;  1 drivers
S_0000025c58c8ed00 .scope generate, "fa_gen[26]" "fa_gen[26]" 9 17, 9 17 0, S_0000025c58c89180;
 .timescale 0 0;
P_0000025c58ba1140 .param/l "i" 0 9 17, +C4<011010>;
S_0000025c58c8ee90 .scope module, "fa" "full_adder" 9 18, 9 33 0, S_0000025c58c8ed00;
 .timescale 0 0;
    .port_info 0 /INPUT 1 "a";
    .port_info 1 /INPUT 1 "b";
    .port_info 2 /INPUT 1 "cin";
    .port_info 3 /OUTPUT 1 "sum";
    .port_info 4 /OUTPUT 1 "cout";
L_0000025c58d8ab20 .functor XOR 1, L_0000025c58d0ae10, L_0000025c58d09b50, C4<0>, C4<0>;
L_0000025c58d8aa40 .functor XOR 1, L_0000025c58d8ab20, L_0000025c58d0b770, C4<0>, C4<0>;
L_0000025c58d8aab0 .functor AND 1, L_0000025c58d0ae10, L_0000025c58d09b50, C4<1>, C4<1>;
L_0000025c58d8ab90 .functor XOR 1, L_0000025c58d0ae10, L_0000025c58d09b50, C4<0>, C4<0>;
L_0000025c58d8ac00 .functor AND 1, L_0000025c58d0b770, L_0000025c58d8ab90, C4<1>, C4<1>;
L_0000025c58d8ae30 .functor OR 1, L_0000025c58d8aab0, L_0000025c58d8ac00, C4<0>, C4<0>;
v0000025c58c7d3e0_0 .net *"_ivl_0", 0 0, L_0000025c58d8ab20;  1 drivers
v0000025c58c7d480_0 .net *"_ivl_4", 0 0, L_0000025c58d8aab0;  1 drivers
v0000025c58c94fd0_0 .net *"_ivl_6", 0 0, L_0000025c58d8ab90;  1 drivers
v0000025c58c93f90_0 .net *"_ivl_8", 0 0, L_0000025c58d8ac00;  1 drivers
v0000025c58c93090_0 .net "a", 0 0, L_0000025c58d0ae10;  1 drivers
v0000025c58c94d50_0 .net "b", 0 0, L_0000025c58d09b50;  1 drivers
v0000025c58c93bd0_0 .net "cin", 0 0, L_0000025c58d0b770;  1 drivers
v0000025c58c92f50_0 .net "cout", 0 0, L_0000025c58d8ae30;  1 drivers
v0000025c58c940d0_0 .net "sum", 0 0, L_0000025c58d8aa40;  1 drivers
S_0000025c58c8f020 .scope generate, "fa_gen[27]" "fa_gen[27]" 9 17, 9 17 0, S_0000025c58c89180;
 .timescale 0 0;
P_0000025c58ba2040 .param/l "i" 0 9 17, +C4<011011>;
S_0000025c58c8e530 .scope module, "fa" "full_adder" 9 18, 9 33 0, S_0000025c58c8f020;
 .timescale 0 0;
    .port_info 0 /INPUT 1 "a";
    .port_info 1 /INPUT 1 "b";
    .port_info 2 /INPUT 1 "cin";
    .port_info 3 /OUTPUT 1 "sum";
    .port_info 4 /OUTPUT 1 "cout";
L_0000025c58d8b7d0 .functor XOR 1, L_0000025c58d0a2d0, L_0000025c58d09d30, C4<0>, C4<0>;
L_0000025c58d8bca0 .functor XOR 1, L_0000025c58d8b7d0, L_0000025c58d0a050, C4<0>, C4<0>;
L_0000025c58d8af10 .functor AND 1, L_0000025c58d0a2d0, L_0000025c58d09d30, C4<1>, C4<1>;
L_0000025c58d8b920 .functor XOR 1, L_0000025c58d0a2d0, L_0000025c58d09d30, C4<0>, C4<0>;
L_0000025c58d8af80 .functor AND 1, L_0000025c58d0a050, L_0000025c58d8b920, C4<1>, C4<1>;
L_0000025c58d8a260 .functor OR 1, L_0000025c58d8af10, L_0000025c58d8af80, C4<0>, C4<0>;
v0000025c58c93950_0 .net *"_ivl_0", 0 0, L_0000025c58d8b7d0;  1 drivers
v0000025c58c92eb0_0 .net *"_ivl_4", 0 0, L_0000025c58d8af10;  1 drivers
v0000025c58c94710_0 .net *"_ivl_6", 0 0, L_0000025c58d8b920;  1 drivers
v0000025c58c94ad0_0 .net *"_ivl_8", 0 0, L_0000025c58d8af80;  1 drivers
v0000025c58c94170_0 .net "a", 0 0, L_0000025c58d0a2d0;  1 drivers
v0000025c58c943f0_0 .net "b", 0 0, L_0000025c58d09d30;  1 drivers
v0000025c58c92ff0_0 .net "cin", 0 0, L_0000025c58d0a050;  1 drivers
v0000025c58c933b0_0 .net "cout", 0 0, L_0000025c58d8a260;  1 drivers
v0000025c58c93270_0 .net "sum", 0 0, L_0000025c58d8bca0;  1 drivers
S_0000025c58c8f980 .scope generate, "fa_gen[28]" "fa_gen[28]" 9 17, 9 17 0, S_0000025c58c89180;
 .timescale 0 0;
P_0000025c58ba1e40 .param/l "i" 0 9 17, +C4<011100>;
S_0000025c58c8f4d0 .scope module, "fa" "full_adder" 9 18, 9 33 0, S_0000025c58c8f980;
 .timescale 0 0;
    .port_info 0 /INPUT 1 "a";
    .port_info 1 /INPUT 1 "b";
    .port_info 2 /INPUT 1 "cin";
    .port_info 3 /OUTPUT 1 "sum";
    .port_info 4 /OUTPUT 1 "cout";
L_0000025c58d8aff0 .functor XOR 1, L_0000025c58d0b810, L_0000025c58d09290, C4<0>, C4<0>;
L_0000025c58d8a2d0 .functor XOR 1, L_0000025c58d8aff0, L_0000025c58d0a690, C4<0>, C4<0>;
L_0000025c58d8b450 .functor AND 1, L_0000025c58d0b810, L_0000025c58d09290, C4<1>, C4<1>;
L_0000025c58d8a340 .functor XOR 1, L_0000025c58d0b810, L_0000025c58d09290, C4<0>, C4<0>;
L_0000025c58d8b060 .functor AND 1, L_0000025c58d0a690, L_0000025c58d8a340, C4<1>, C4<1>;
L_0000025c58d8b0d0 .functor OR 1, L_0000025c58d8b450, L_0000025c58d8b060, C4<0>, C4<0>;
v0000025c58c93810_0 .net *"_ivl_0", 0 0, L_0000025c58d8aff0;  1 drivers
v0000025c58c95110_0 .net *"_ivl_4", 0 0, L_0000025c58d8b450;  1 drivers
v0000025c58c94c10_0 .net *"_ivl_6", 0 0, L_0000025c58d8a340;  1 drivers
v0000025c58c94b70_0 .net *"_ivl_8", 0 0, L_0000025c58d8b060;  1 drivers
v0000025c58c934f0_0 .net "a", 0 0, L_0000025c58d0b810;  1 drivers
v0000025c58c938b0_0 .net "b", 0 0, L_0000025c58d09290;  1 drivers
v0000025c58c93770_0 .net "cin", 0 0, L_0000025c58d0a690;  1 drivers
v0000025c58c93c70_0 .net "cout", 0 0, L_0000025c58d8b0d0;  1 drivers
v0000025c58c94530_0 .net "sum", 0 0, L_0000025c58d8a2d0;  1 drivers
S_0000025c58c8f660 .scope generate, "fa_gen[29]" "fa_gen[29]" 9 17, 9 17 0, S_0000025c58c89180;
 .timescale 0 0;
P_0000025c58ba15c0 .param/l "i" 0 9 17, +C4<011101>;
S_0000025c58c8fb10 .scope module, "fa" "full_adder" 9 18, 9 33 0, S_0000025c58c8f660;
 .timescale 0 0;
    .port_info 0 /INPUT 1 "a";
    .port_info 1 /INPUT 1 "b";
    .port_info 2 /INPUT 1 "cin";
    .port_info 3 /OUTPUT 1 "sum";
    .port_info 4 /OUTPUT 1 "cout";
L_0000025c58d8b140 .functor XOR 1, L_0000025c58d0a190, L_0000025c58d09330, C4<0>, C4<0>;
L_0000025c58d8b1b0 .functor XOR 1, L_0000025c58d8b140, L_0000025c58d0a230, C4<0>, C4<0>;
L_0000025c58d8b220 .functor AND 1, L_0000025c58d0a190, L_0000025c58d09330, C4<1>, C4<1>;
L_0000025c58d8b4c0 .functor XOR 1, L_0000025c58d0a190, L_0000025c58d09330, C4<0>, C4<0>;
L_0000025c58d8b530 .functor AND 1, L_0000025c58d0a230, L_0000025c58d8b4c0, C4<1>, C4<1>;
L_0000025c58d8b5a0 .functor OR 1, L_0000025c58d8b220, L_0000025c58d8b530, C4<0>, C4<0>;
v0000025c58c93310_0 .net *"_ivl_0", 0 0, L_0000025c58d8b140;  1 drivers
v0000025c58c945d0_0 .net *"_ivl_4", 0 0, L_0000025c58d8b220;  1 drivers
v0000025c58c93450_0 .net *"_ivl_6", 0 0, L_0000025c58d8b4c0;  1 drivers
v0000025c58c93590_0 .net *"_ivl_8", 0 0, L_0000025c58d8b530;  1 drivers
v0000025c58c942b0_0 .net "a", 0 0, L_0000025c58d0a190;  1 drivers
v0000025c58c939f0_0 .net "b", 0 0, L_0000025c58d09330;  1 drivers
v0000025c58c92e10_0 .net "cin", 0 0, L_0000025c58d0a230;  1 drivers
v0000025c58c94670_0 .net "cout", 0 0, L_0000025c58d8b5a0;  1 drivers
v0000025c58c947b0_0 .net "sum", 0 0, L_0000025c58d8b1b0;  1 drivers
S_0000025c58c902e0 .scope generate, "fa_gen[30]" "fa_gen[30]" 9 17, 9 17 0, S_0000025c58c89180;
 .timescale 0 0;
P_0000025c58ba16c0 .param/l "i" 0 9 17, +C4<011110>;
S_0000025c58c8f1b0 .scope module, "fa" "full_adder" 9 18, 9 33 0, S_0000025c58c902e0;
 .timescale 0 0;
    .port_info 0 /INPUT 1 "a";
    .port_info 1 /INPUT 1 "b";
    .port_info 2 /INPUT 1 "cin";
    .port_info 3 /OUTPUT 1 "sum";
    .port_info 4 /OUTPUT 1 "cout";
L_0000025c58d8cb10 .functor XOR 1, L_0000025c58d0a550, L_0000025c58d0a5f0, C4<0>, C4<0>;
L_0000025c58d8ccd0 .functor XOR 1, L_0000025c58d8cb10, L_0000025c58d0cb70, C4<0>, C4<0>;
L_0000025c58d8cdb0 .functor AND 1, L_0000025c58d0a550, L_0000025c58d0a5f0, C4<1>, C4<1>;
L_0000025c58d8c560 .functor XOR 1, L_0000025c58d0a550, L_0000025c58d0a5f0, C4<0>, C4<0>;
L_0000025c58d8ce20 .functor AND 1, L_0000025c58d0cb70, L_0000025c58d8c560, C4<1>, C4<1>;
L_0000025c58d8bd80 .functor OR 1, L_0000025c58d8cdb0, L_0000025c58d8ce20, C4<0>, C4<0>;
v0000025c58c93130_0 .net *"_ivl_0", 0 0, L_0000025c58d8cb10;  1 drivers
v0000025c58c94cb0_0 .net *"_ivl_4", 0 0, L_0000025c58d8cdb0;  1 drivers
v0000025c58c931d0_0 .net *"_ivl_6", 0 0, L_0000025c58d8c560;  1 drivers
v0000025c58c93d10_0 .net *"_ivl_8", 0 0, L_0000025c58d8ce20;  1 drivers
v0000025c58c93a90_0 .net "a", 0 0, L_0000025c58d0a550;  1 drivers
v0000025c58c94850_0 .net "b", 0 0, L_0000025c58d0a5f0;  1 drivers
v0000025c58c94df0_0 .net "cin", 0 0, L_0000025c58d0cb70;  1 drivers
v0000025c58c94350_0 .net "cout", 0 0, L_0000025c58d8bd80;  1 drivers
v0000025c58c95070_0 .net "sum", 0 0, L_0000025c58d8ccd0;  1 drivers
S_0000025c58c8ffc0 .scope generate, "fa_gen[31]" "fa_gen[31]" 9 17, 9 17 0, S_0000025c58c89180;
 .timescale 0 0;
P_0000025c58ba17c0 .param/l "i" 0 9 17, +C4<011111>;
S_0000025c58c8fca0 .scope module, "fa" "full_adder" 9 18, 9 33 0, S_0000025c58c8ffc0;
 .timescale 0 0;
    .port_info 0 /INPUT 1 "a";
    .port_info 1 /INPUT 1 "b";
    .port_info 2 /INPUT 1 "cin";
    .port_info 3 /OUTPUT 1 "sum";
    .port_info 4 /OUTPUT 1 "cout";
L_0000025c58d8c870 .functor XOR 1, L_0000025c58d0d4d0, L_0000025c58d0c710, C4<0>, C4<0>;
L_0000025c58d8c330 .functor XOR 1, L_0000025c58d8c870, L_0000025c58d0df70, C4<0>, C4<0>;
L_0000025c58d8c090 .functor AND 1, L_0000025c58d0d4d0, L_0000025c58d0c710, C4<1>, C4<1>;
L_0000025c58d8d6e0 .functor XOR 1, L_0000025c58d0d4d0, L_0000025c58d0c710, C4<0>, C4<0>;
L_0000025c58d8d050 .functor AND 1, L_0000025c58d0df70, L_0000025c58d8d6e0, C4<1>, C4<1>;
L_0000025c58d8bdf0 .functor OR 1, L_0000025c58d8c090, L_0000025c58d8d050, C4<0>, C4<0>;
v0000025c58c94e90_0 .net *"_ivl_0", 0 0, L_0000025c58d8c870;  1 drivers
v0000025c58c948f0_0 .net *"_ivl_4", 0 0, L_0000025c58d8c090;  1 drivers
v0000025c58c93630_0 .net *"_ivl_6", 0 0, L_0000025c58d8d6e0;  1 drivers
v0000025c58c94990_0 .net *"_ivl_8", 0 0, L_0000025c58d8d050;  1 drivers
v0000025c58c94a30_0 .net "a", 0 0, L_0000025c58d0d4d0;  1 drivers
v0000025c58c936d0_0 .net "b", 0 0, L_0000025c58d0c710;  1 drivers
v0000025c58c93b30_0 .net "cin", 0 0, L_0000025c58d0df70;  1 drivers
v0000025c58c94f30_0 .net "cout", 0 0, L_0000025c58d8bdf0;  1 drivers
v0000025c58c93db0_0 .net "sum", 0 0, L_0000025c58d8c330;  1 drivers
S_0000025c58c90150 .scope module, "rca_neg" "ripple_carry_adder" 6 60, 9 3 0, S_0000025c5886d120;
 .timescale 0 0;
    .port_info 0 /INPUT 32 "A";
    .port_info 1 /INPUT 32 "B";
    .port_info 2 /INPUT 1 "Cin";
    .port_info 3 /OUTPUT 32 "Sum";
    .port_info 4 /OUTPUT 1 "Cout";
    .port_info 5 /OUTPUT 1 "Overflow";
L_0000025c58d13340 .functor BUFT 1, C4<1>, C4<0>, C4<0>, C4<0>;
L_0000025c58d9b700 .functor BUFZ 1, L_0000025c58d13340, C4<0>, C4<0>, C4<0>;
L_0000025c58d9a740 .functor XOR 1, L_0000025c58cf3f30, L_0000025c58cf4e30, C4<0>, C4<0>;
L_0000025c58d132f8 .functor BUFT 1, C4<00000000000000000000000000000000>, C4<0>, C4<0>, C4<0>;
v0000025c58c924b0_0 .net "A", 31 0, L_0000025c58d132f8;  1 drivers
v0000025c58c92a50_0 .net "B", 31 0, L_0000025c58d9bc40;  1 drivers
v0000025c58c92050_0 .net "Cin", 0 0, L_0000025c58d13340;  1 drivers
v0000025c58c92690_0 .net "Cout", 0 0, L_0000025c58cf2a90;  alias, 1 drivers
v0000025c58c90570_0 .net "Overflow", 0 0, L_0000025c58d9a740;  1 drivers
v0000025c58c920f0_0 .net "Sum", 31 0, L_0000025c58cf4250;  alias, 1 drivers
v0000025c58c910b0_0 .net *"_ivl_229", 0 0, L_0000025c58d9b700;  1 drivers
v0000025c58c906b0_0 .net *"_ivl_233", 0 0, L_0000025c58cf3f30;  1 drivers
v0000025c58c90e30_0 .net *"_ivl_235", 0 0, L_0000025c58cf4e30;  1 drivers
v0000025c58c92190_0 .net "carry", 32 0, L_0000025c58cf32b0;  1 drivers
L_0000025c58d0f550 .part L_0000025c58d132f8, 0, 1;
L_0000025c58d0e5b0 .part L_0000025c58d9bc40, 0, 1;
L_0000025c58d0efb0 .part L_0000025c58cf32b0, 0, 1;
L_0000025c58d0f050 .part L_0000025c58d132f8, 1, 1;
L_0000025c58d0fd70 .part L_0000025c58d9bc40, 1, 1;
L_0000025c58d0f870 .part L_0000025c58cf32b0, 1, 1;
L_0000025c58d0f0f0 .part L_0000025c58d132f8, 2, 1;
L_0000025c58d0f230 .part L_0000025c58d9bc40, 2, 1;
L_0000025c58d0f5f0 .part L_0000025c58cf32b0, 2, 1;
L_0000025c58d0f9b0 .part L_0000025c58d132f8, 3, 1;
L_0000025c58d0faf0 .part L_0000025c58d9bc40, 3, 1;
L_0000025c58d0fb90 .part L_0000025c58cf32b0, 3, 1;
L_0000025c58d0fe10 .part L_0000025c58d132f8, 4, 1;
L_0000025c58d0feb0 .part L_0000025c58d9bc40, 4, 1;
L_0000025c58d0ff50 .part L_0000025c58cf32b0, 4, 1;
L_0000025c58d0fff0 .part L_0000025c58d132f8, 5, 1;
L_0000025c58d10090 .part L_0000025c58d9bc40, 5, 1;
L_0000025c58d10130 .part L_0000025c58cf32b0, 5, 1;
L_0000025c58d12070 .part L_0000025c58d132f8, 6, 1;
L_0000025c58d12750 .part L_0000025c58d9bc40, 6, 1;
L_0000025c58d12390 .part L_0000025c58cf32b0, 6, 1;
L_0000025c58d11e90 .part L_0000025c58d132f8, 7, 1;
L_0000025c58d112b0 .part L_0000025c58d9bc40, 7, 1;
L_0000025c58d110d0 .part L_0000025c58cf32b0, 7, 1;
L_0000025c58d127f0 .part L_0000025c58d132f8, 8, 1;
L_0000025c58d11350 .part L_0000025c58d9bc40, 8, 1;
L_0000025c58d10bd0 .part L_0000025c58cf32b0, 8, 1;
L_0000025c58d12430 .part L_0000025c58d132f8, 9, 1;
L_0000025c58d124d0 .part L_0000025c58d9bc40, 9, 1;
L_0000025c58d11c10 .part L_0000025c58cf32b0, 9, 1;
L_0000025c58d10950 .part L_0000025c58d132f8, 10, 1;
L_0000025c58d12570 .part L_0000025c58d9bc40, 10, 1;
L_0000025c58d126b0 .part L_0000025c58cf32b0, 10, 1;
L_0000025c58d10e50 .part L_0000025c58d132f8, 11, 1;
L_0000025c58d10c70 .part L_0000025c58d9bc40, 11, 1;
L_0000025c58d12250 .part L_0000025c58cf32b0, 11, 1;
L_0000025c58d11df0 .part L_0000025c58d132f8, 12, 1;
L_0000025c58d10d10 .part L_0000025c58d9bc40, 12, 1;
L_0000025c58d122f0 .part L_0000025c58cf32b0, 12, 1;
L_0000025c58d10ef0 .part L_0000025c58d132f8, 13, 1;
L_0000025c58d11f30 .part L_0000025c58d9bc40, 13, 1;
L_0000025c58d11a30 .part L_0000025c58cf32b0, 13, 1;
L_0000025c58d12610 .part L_0000025c58d132f8, 14, 1;
L_0000025c58d113f0 .part L_0000025c58d9bc40, 14, 1;
L_0000025c58d11b70 .part L_0000025c58cf32b0, 14, 1;
L_0000025c58d10f90 .part L_0000025c58d132f8, 15, 1;
L_0000025c58d11850 .part L_0000025c58d9bc40, 15, 1;
L_0000025c58d11490 .part L_0000025c58cf32b0, 15, 1;
L_0000025c58d11ad0 .part L_0000025c58d132f8, 16, 1;
L_0000025c58d11990 .part L_0000025c58d9bc40, 16, 1;
L_0000025c58d121b0 .part L_0000025c58cf32b0, 16, 1;
L_0000025c58d11210 .part L_0000025c58d132f8, 17, 1;
L_0000025c58d11710 .part L_0000025c58d9bc40, 17, 1;
L_0000025c58d12110 .part L_0000025c58cf32b0, 17, 1;
L_0000025c58d10db0 .part L_0000025c58d132f8, 18, 1;
L_0000025c58d109f0 .part L_0000025c58d9bc40, 18, 1;
L_0000025c58d11530 .part L_0000025c58cf32b0, 18, 1;
L_0000025c58d115d0 .part L_0000025c58d132f8, 19, 1;
L_0000025c58d11030 .part L_0000025c58d9bc40, 19, 1;
L_0000025c58d10a90 .part L_0000025c58cf32b0, 19, 1;
L_0000025c58d10b30 .part L_0000025c58d132f8, 20, 1;
L_0000025c58d11170 .part L_0000025c58d9bc40, 20, 1;
L_0000025c58d11670 .part L_0000025c58cf32b0, 20, 1;
L_0000025c58d117b0 .part L_0000025c58d132f8, 21, 1;
L_0000025c58d11cb0 .part L_0000025c58d9bc40, 21, 1;
L_0000025c58d118f0 .part L_0000025c58cf32b0, 21, 1;
L_0000025c58d11d50 .part L_0000025c58d132f8, 22, 1;
L_0000025c58d11fd0 .part L_0000025c58d9bc40, 22, 1;
L_0000025c58cf47f0 .part L_0000025c58cf32b0, 22, 1;
L_0000025c58cf3ad0 .part L_0000025c58d132f8, 23, 1;
L_0000025c58cf2e50 .part L_0000025c58d9bc40, 23, 1;
L_0000025c58cf2db0 .part L_0000025c58cf32b0, 23, 1;
L_0000025c58cf44d0 .part L_0000025c58d132f8, 24, 1;
L_0000025c58cf4a70 .part L_0000025c58d9bc40, 24, 1;
L_0000025c58cf3e90 .part L_0000025c58cf32b0, 24, 1;
L_0000025c58cf38f0 .part L_0000025c58d132f8, 25, 1;
L_0000025c58cf4750 .part L_0000025c58d9bc40, 25, 1;
L_0000025c58cf3670 .part L_0000025c58cf32b0, 25, 1;
L_0000025c58cf3a30 .part L_0000025c58d132f8, 26, 1;
L_0000025c58cf4d90 .part L_0000025c58d9bc40, 26, 1;
L_0000025c58cf3fd0 .part L_0000025c58cf32b0, 26, 1;
L_0000025c58cf2d10 .part L_0000025c58d132f8, 27, 1;
L_0000025c58cf2c70 .part L_0000025c58d9bc40, 27, 1;
L_0000025c58cf4430 .part L_0000025c58cf32b0, 27, 1;
L_0000025c58cf3b70 .part L_0000025c58d132f8, 28, 1;
L_0000025c58cf4070 .part L_0000025c58d9bc40, 28, 1;
L_0000025c58cf4890 .part L_0000025c58cf32b0, 28, 1;
L_0000025c58cf4c50 .part L_0000025c58d132f8, 29, 1;
L_0000025c58cf2950 .part L_0000025c58d9bc40, 29, 1;
L_0000025c58cf2ef0 .part L_0000025c58cf32b0, 29, 1;
L_0000025c58cf29f0 .part L_0000025c58d132f8, 30, 1;
L_0000025c58cf3710 .part L_0000025c58d9bc40, 30, 1;
L_0000025c58cf41b0 .part L_0000025c58cf32b0, 30, 1;
L_0000025c58cf2f90 .part L_0000025c58d132f8, 31, 1;
L_0000025c58cf3850 .part L_0000025c58d9bc40, 31, 1;
L_0000025c58cf49d0 .part L_0000025c58cf32b0, 31, 1;
LS_0000025c58cf4250_0_0 .concat8 [ 1 1 1 1], L_0000025c58d89150, L_0000025c58d891c0, L_0000025c58d893f0, L_0000025c58d9df40;
LS_0000025c58cf4250_0_4 .concat8 [ 1 1 1 1], L_0000025c58d9e9c0, L_0000025c58d9edb0, L_0000025c58d9de60, L_0000025c58d9f0c0;
LS_0000025c58cf4250_0_8 .concat8 [ 1 1 1 1], L_0000025c58d9f360, L_0000025c58d9ee90, L_0000025c58d9e640, L_0000025c58d9e8e0;
LS_0000025c58cf4250_0_12 .concat8 [ 1 1 1 1], L_0000025c58d9e1e0, L_0000025c58d9eaa0, L_0000025c58da05c0, L_0000025c58d9ff30;
LS_0000025c58cf4250_0_16 .concat8 [ 1 1 1 1], L_0000025c58da01d0, L_0000025c58da0710, L_0000025c58d9f830, L_0000025c58da0010;
LS_0000025c58cf4250_0_20 .concat8 [ 1 1 1 1], L_0000025c58d98830, L_0000025c58d989f0, L_0000025c58d98bb0, L_0000025c58d9a120;
LS_0000025c58cf4250_0_24 .concat8 [ 1 1 1 1], L_0000025c58d9a200, L_0000025c58d99400, L_0000025c58d990f0, L_0000025c58d99470;
LS_0000025c58cf4250_0_28 .concat8 [ 1 1 1 1], L_0000025c58d9a190, L_0000025c58d99780, L_0000025c58d9ac10, L_0000025c58d9ba80;
LS_0000025c58cf4250_1_0 .concat8 [ 4 4 4 4], LS_0000025c58cf4250_0_0, LS_0000025c58cf4250_0_4, LS_0000025c58cf4250_0_8, LS_0000025c58cf4250_0_12;
LS_0000025c58cf4250_1_4 .concat8 [ 4 4 4 4], LS_0000025c58cf4250_0_16, LS_0000025c58cf4250_0_20, LS_0000025c58cf4250_0_24, LS_0000025c58cf4250_0_28;
L_0000025c58cf4250 .concat8 [ 16 16 0 0], LS_0000025c58cf4250_1_0, LS_0000025c58cf4250_1_4;
LS_0000025c58cf32b0_0_0 .concat8 [ 1 1 1 1], L_0000025c58d9b700, L_0000025c58d89c40, L_0000025c58d89380, L_0000025c58d886d0;
LS_0000025c58cf32b0_0_4 .concat8 [ 1 1 1 1], L_0000025c58d9ef70, L_0000025c58d9ec60, L_0000025c58d9ded0, L_0000025c58d9f280;
LS_0000025c58cf32b0_0_8 .concat8 [ 1 1 1 1], L_0000025c58d9ecd0, L_0000025c58d9f3d0, L_0000025c58d9f600, L_0000025c58d9f130;
LS_0000025c58cf32b0_0_12 .concat8 [ 1 1 1 1], L_0000025c58d9e870, L_0000025c58d9e950, L_0000025c58d9fe50, L_0000025c58d9ffa0;
LS_0000025c58cf32b0_0_16 .concat8 [ 1 1 1 1], L_0000025c58da00f0, L_0000025c58d9fb40, L_0000025c58d9fec0, L_0000025c58d9fc90;
LS_0000025c58cf32b0_0_20 .concat8 [ 1 1 1 1], L_0000025c58d98b40, L_0000025c58d99940, L_0000025c58d99f60, L_0000025c58d99010;
LS_0000025c58cf32b0_0_24 .concat8 [ 1 1 1 1], L_0000025c58d9a2e0, L_0000025c58d9a040, L_0000025c58d98fa0, L_0000025c58d9a350;
LS_0000025c58cf32b0_0_28 .concat8 [ 1 1 1 1], L_0000025c58d996a0, L_0000025c58d99e80, L_0000025c58d98a60, L_0000025c58d9b5b0;
LS_0000025c58cf32b0_0_32 .concat8 [ 1 0 0 0], L_0000025c58d9af20;
LS_0000025c58cf32b0_1_0 .concat8 [ 4 4 4 4], LS_0000025c58cf32b0_0_0, LS_0000025c58cf32b0_0_4, LS_0000025c58cf32b0_0_8, LS_0000025c58cf32b0_0_12;
LS_0000025c58cf32b0_1_4 .concat8 [ 4 4 4 4], LS_0000025c58cf32b0_0_16, LS_0000025c58cf32b0_0_20, LS_0000025c58cf32b0_0_24, LS_0000025c58cf32b0_0_28;
LS_0000025c58cf32b0_1_8 .concat8 [ 1 0 0 0], LS_0000025c58cf32b0_0_32;
L_0000025c58cf32b0 .concat8 [ 16 16 1 0], LS_0000025c58cf32b0_1_0, LS_0000025c58cf32b0_1_4, LS_0000025c58cf32b0_1_8;
L_0000025c58cf2a90 .part L_0000025c58cf32b0, 32, 1;
L_0000025c58cf3f30 .part L_0000025c58cf32b0, 31, 1;
L_0000025c58cf4e30 .part L_0000025c58cf32b0, 32, 1;
S_0000025c58ca1360 .scope generate, "fa_gen[0]" "fa_gen[0]" 9 17, 9 17 0, S_0000025c58c90150;
 .timescale 0 0;
P_0000025c58ba1ac0 .param/l "i" 0 9 17, +C4<00>;
S_0000025c58ca0eb0 .scope module, "fa" "full_adder" 9 18, 9 33 0, S_0000025c58ca1360;
 .timescale 0 0;
    .port_info 0 /INPUT 1 "a";
    .port_info 1 /INPUT 1 "b";
    .port_info 2 /INPUT 1 "cin";
    .port_info 3 /OUTPUT 1 "sum";
    .port_info 4 /OUTPUT 1 "cout";
L_0000025c58d89000 .functor XOR 1, L_0000025c58d0f550, L_0000025c58d0e5b0, C4<0>, C4<0>;
L_0000025c58d89150 .functor XOR 1, L_0000025c58d89000, L_0000025c58d0efb0, C4<0>, C4<0>;
L_0000025c58d89af0 .functor AND 1, L_0000025c58d0f550, L_0000025c58d0e5b0, C4<1>, C4<1>;
L_0000025c58d89b60 .functor XOR 1, L_0000025c58d0f550, L_0000025c58d0e5b0, C4<0>, C4<0>;
L_0000025c58d887b0 .functor AND 1, L_0000025c58d0efb0, L_0000025c58d89b60, C4<1>, C4<1>;
L_0000025c58d89c40 .functor OR 1, L_0000025c58d89af0, L_0000025c58d887b0, C4<0>, C4<0>;
v0000025c58c95430_0 .net *"_ivl_0", 0 0, L_0000025c58d89000;  1 drivers
v0000025c58c92d70_0 .net *"_ivl_4", 0 0, L_0000025c58d89af0;  1 drivers
v0000025c58c975f0_0 .net *"_ivl_6", 0 0, L_0000025c58d89b60;  1 drivers
v0000025c58c95d90_0 .net *"_ivl_8", 0 0, L_0000025c58d887b0;  1 drivers
v0000025c58c96e70_0 .net "a", 0 0, L_0000025c58d0f550;  1 drivers
v0000025c58c95c50_0 .net "b", 0 0, L_0000025c58d0e5b0;  1 drivers
v0000025c58c96010_0 .net "cin", 0 0, L_0000025c58d0efb0;  1 drivers
v0000025c58c96970_0 .net "cout", 0 0, L_0000025c58d89c40;  1 drivers
v0000025c58c960b0_0 .net "sum", 0 0, L_0000025c58d89150;  1 drivers
S_0000025c58ca1680 .scope generate, "fa_gen[1]" "fa_gen[1]" 9 17, 9 17 0, S_0000025c58c90150;
 .timescale 0 0;
P_0000025c58ba1840 .param/l "i" 0 9 17, +C4<01>;
S_0000025c58ca0a00 .scope module, "fa" "full_adder" 9 18, 9 33 0, S_0000025c58ca1680;
 .timescale 0 0;
    .port_info 0 /INPUT 1 "a";
    .port_info 1 /INPUT 1 "b";
    .port_info 2 /INPUT 1 "cin";
    .port_info 3 /OUTPUT 1 "sum";
    .port_info 4 /OUTPUT 1 "cout";
L_0000025c58d88820 .functor XOR 1, L_0000025c58d0f050, L_0000025c58d0fd70, C4<0>, C4<0>;
L_0000025c58d891c0 .functor XOR 1, L_0000025c58d88820, L_0000025c58d0f870, C4<0>, C4<0>;
L_0000025c58d89230 .functor AND 1, L_0000025c58d0f050, L_0000025c58d0fd70, C4<1>, C4<1>;
L_0000025c58d89310 .functor XOR 1, L_0000025c58d0f050, L_0000025c58d0fd70, C4<0>, C4<0>;
L_0000025c58d892a0 .functor AND 1, L_0000025c58d0f870, L_0000025c58d89310, C4<1>, C4<1>;
L_0000025c58d89380 .functor OR 1, L_0000025c58d89230, L_0000025c58d892a0, C4<0>, C4<0>;
v0000025c58c96470_0 .net *"_ivl_0", 0 0, L_0000025c58d88820;  1 drivers
v0000025c58c97230_0 .net *"_ivl_4", 0 0, L_0000025c58d89230;  1 drivers
v0000025c58c97690_0 .net *"_ivl_6", 0 0, L_0000025c58d89310;  1 drivers
v0000025c58c96c90_0 .net *"_ivl_8", 0 0, L_0000025c58d892a0;  1 drivers
v0000025c58c963d0_0 .net "a", 0 0, L_0000025c58d0f050;  1 drivers
v0000025c58c957f0_0 .net "b", 0 0, L_0000025c58d0fd70;  1 drivers
v0000025c58c974b0_0 .net "cin", 0 0, L_0000025c58d0f870;  1 drivers
v0000025c58c96d30_0 .net "cout", 0 0, L_0000025c58d89380;  1 drivers
v0000025c58c979b0_0 .net "sum", 0 0, L_0000025c58d891c0;  1 drivers
S_0000025c58ca1e50 .scope generate, "fa_gen[2]" "fa_gen[2]" 9 17, 9 17 0, S_0000025c58c90150;
 .timescale 0 0;
P_0000025c58ba20c0 .param/l "i" 0 9 17, +C4<010>;
S_0000025c58ca1040 .scope module, "fa" "full_adder" 9 18, 9 33 0, S_0000025c58ca1e50;
 .timescale 0 0;
    .port_info 0 /INPUT 1 "a";
    .port_info 1 /INPUT 1 "b";
    .port_info 2 /INPUT 1 "cin";
    .port_info 3 /OUTPUT 1 "sum";
    .port_info 4 /OUTPUT 1 "cout";
L_0000025c58d89cb0 .functor XOR 1, L_0000025c58d0f0f0, L_0000025c58d0f230, C4<0>, C4<0>;
L_0000025c58d893f0 .functor XOR 1, L_0000025c58d89cb0, L_0000025c58d0f5f0, C4<0>, C4<0>;
L_0000025c58d89d20 .functor AND 1, L_0000025c58d0f0f0, L_0000025c58d0f230, C4<1>, C4<1>;
L_0000025c58d8a110 .functor XOR 1, L_0000025c58d0f0f0, L_0000025c58d0f230, C4<0>, C4<0>;
L_0000025c58d885f0 .functor AND 1, L_0000025c58d0f5f0, L_0000025c58d8a110, C4<1>, C4<1>;
L_0000025c58d886d0 .functor OR 1, L_0000025c58d89d20, L_0000025c58d885f0, C4<0>, C4<0>;
v0000025c58c97b90_0 .net *"_ivl_0", 0 0, L_0000025c58d89cb0;  1 drivers
v0000025c58c97550_0 .net *"_ivl_4", 0 0, L_0000025c58d89d20;  1 drivers
v0000025c58c96290_0 .net *"_ivl_6", 0 0, L_0000025c58d8a110;  1 drivers
v0000025c58c96b50_0 .net *"_ivl_8", 0 0, L_0000025c58d885f0;  1 drivers
v0000025c58c96790_0 .net "a", 0 0, L_0000025c58d0f0f0;  1 drivers
v0000025c58c966f0_0 .net "b", 0 0, L_0000025c58d0f230;  1 drivers
v0000025c58c95bb0_0 .net "cin", 0 0, L_0000025c58d0f5f0;  1 drivers
v0000025c58c95930_0 .net "cout", 0 0, L_0000025c58d886d0;  1 drivers
v0000025c58c977d0_0 .net "sum", 0 0, L_0000025c58d893f0;  1 drivers
S_0000025c58ca0550 .scope generate, "fa_gen[3]" "fa_gen[3]" 9 17, 9 17 0, S_0000025c58c90150;
 .timescale 0 0;
P_0000025c58ba21c0 .param/l "i" 0 9 17, +C4<011>;
S_0000025c58ca11d0 .scope module, "fa" "full_adder" 9 18, 9 33 0, S_0000025c58ca0550;
 .timescale 0 0;
    .port_info 0 /INPUT 1 "a";
    .port_info 1 /INPUT 1 "b";
    .port_info 2 /INPUT 1 "cin";
    .port_info 3 /OUTPUT 1 "sum";
    .port_info 4 /OUTPUT 1 "cout";
L_0000025c58d9f7c0 .functor XOR 1, L_0000025c58d0f9b0, L_0000025c58d0faf0, C4<0>, C4<0>;
L_0000025c58d9df40 .functor XOR 1, L_0000025c58d9f7c0, L_0000025c58d0fb90, C4<0>, C4<0>;
L_0000025c58d9f590 .functor AND 1, L_0000025c58d0f9b0, L_0000025c58d0faf0, C4<1>, C4<1>;
L_0000025c58d9f1a0 .functor XOR 1, L_0000025c58d0f9b0, L_0000025c58d0faf0, C4<0>, C4<0>;
L_0000025c58d9dc30 .functor AND 1, L_0000025c58d0fb90, L_0000025c58d9f1a0, C4<1>, C4<1>;
L_0000025c58d9ef70 .functor OR 1, L_0000025c58d9f590, L_0000025c58d9dc30, C4<0>, C4<0>;
v0000025c58c968d0_0 .net *"_ivl_0", 0 0, L_0000025c58d9f7c0;  1 drivers
v0000025c58c96bf0_0 .net *"_ivl_4", 0 0, L_0000025c58d9f590;  1 drivers
v0000025c58c96330_0 .net *"_ivl_6", 0 0, L_0000025c58d9f1a0;  1 drivers
v0000025c58c95890_0 .net *"_ivl_8", 0 0, L_0000025c58d9dc30;  1 drivers
v0000025c58c96f10_0 .net "a", 0 0, L_0000025c58d0f9b0;  1 drivers
v0000025c58c95e30_0 .net "b", 0 0, L_0000025c58d0faf0;  1 drivers
v0000025c58c96510_0 .net "cin", 0 0, L_0000025c58d0fb90;  1 drivers
v0000025c58c959d0_0 .net "cout", 0 0, L_0000025c58d9ef70;  1 drivers
v0000025c58c97870_0 .net "sum", 0 0, L_0000025c58d9df40;  1 drivers
S_0000025c58ca14f0 .scope generate, "fa_gen[4]" "fa_gen[4]" 9 17, 9 17 0, S_0000025c58c90150;
 .timescale 0 0;
P_0000025c58ba2600 .param/l "i" 0 9 17, +C4<0100>;
S_0000025c58ca2170 .scope module, "fa" "full_adder" 9 18, 9 33 0, S_0000025c58ca14f0;
 .timescale 0 0;
    .port_info 0 /INPUT 1 "a";
    .port_info 1 /INPUT 1 "b";
    .port_info 2 /INPUT 1 "cin";
    .port_info 3 /OUTPUT 1 "sum";
    .port_info 4 /OUTPUT 1 "cout";
L_0000025c58d9e3a0 .functor XOR 1, L_0000025c58d0fe10, L_0000025c58d0feb0, C4<0>, C4<0>;
L_0000025c58d9e9c0 .functor XOR 1, L_0000025c58d9e3a0, L_0000025c58d0ff50, C4<0>, C4<0>;
L_0000025c58d9e5d0 .functor AND 1, L_0000025c58d0fe10, L_0000025c58d0feb0, C4<1>, C4<1>;
L_0000025c58d9f2f0 .functor XOR 1, L_0000025c58d0fe10, L_0000025c58d0feb0, C4<0>, C4<0>;
L_0000025c58d9efe0 .functor AND 1, L_0000025c58d0ff50, L_0000025c58d9f2f0, C4<1>, C4<1>;
L_0000025c58d9ec60 .functor OR 1, L_0000025c58d9e5d0, L_0000025c58d9efe0, C4<0>, C4<0>;
v0000025c58c96dd0_0 .net *"_ivl_0", 0 0, L_0000025c58d9e3a0;  1 drivers
v0000025c58c961f0_0 .net *"_ivl_4", 0 0, L_0000025c58d9e5d0;  1 drivers
v0000025c58c95cf0_0 .net *"_ivl_6", 0 0, L_0000025c58d9f2f0;  1 drivers
v0000025c58c97910_0 .net *"_ivl_8", 0 0, L_0000025c58d9efe0;  1 drivers
v0000025c58c96fb0_0 .net "a", 0 0, L_0000025c58d0fe10;  1 drivers
v0000025c58c97050_0 .net "b", 0 0, L_0000025c58d0feb0;  1 drivers
v0000025c58c95a70_0 .net "cin", 0 0, L_0000025c58d0ff50;  1 drivers
v0000025c58c97a50_0 .net "cout", 0 0, L_0000025c58d9ec60;  1 drivers
v0000025c58c95750_0 .net "sum", 0 0, L_0000025c58d9e9c0;  1 drivers
S_0000025c58ca1fe0 .scope generate, "fa_gen[5]" "fa_gen[5]" 9 17, 9 17 0, S_0000025c58c90150;
 .timescale 0 0;
P_0000025c58ba2640 .param/l "i" 0 9 17, +C4<0101>;
S_0000025c58ca19a0 .scope module, "fa" "full_adder" 9 18, 9 33 0, S_0000025c58ca1fe0;
 .timescale 0 0;
    .port_info 0 /INPUT 1 "a";
    .port_info 1 /INPUT 1 "b";
    .port_info 2 /INPUT 1 "cin";
    .port_info 3 /OUTPUT 1 "sum";
    .port_info 4 /OUTPUT 1 "cout";
L_0000025c58d9f210 .functor XOR 1, L_0000025c58d0fff0, L_0000025c58d10090, C4<0>, C4<0>;
L_0000025c58d9edb0 .functor XOR 1, L_0000025c58d9f210, L_0000025c58d10130, C4<0>, C4<0>;
L_0000025c58d9f4b0 .functor AND 1, L_0000025c58d0fff0, L_0000025c58d10090, C4<1>, C4<1>;
L_0000025c58d9dfb0 .functor XOR 1, L_0000025c58d0fff0, L_0000025c58d10090, C4<0>, C4<0>;
L_0000025c58d9e090 .functor AND 1, L_0000025c58d10130, L_0000025c58d9dfb0, C4<1>, C4<1>;
L_0000025c58d9ded0 .functor OR 1, L_0000025c58d9f4b0, L_0000025c58d9e090, C4<0>, C4<0>;
v0000025c58c97410_0 .net *"_ivl_0", 0 0, L_0000025c58d9f210;  1 drivers
v0000025c58c965b0_0 .net *"_ivl_4", 0 0, L_0000025c58d9f4b0;  1 drivers
v0000025c58c96650_0 .net *"_ivl_6", 0 0, L_0000025c58d9dfb0;  1 drivers
v0000025c58c970f0_0 .net *"_ivl_8", 0 0, L_0000025c58d9e090;  1 drivers
v0000025c58c97190_0 .net "a", 0 0, L_0000025c58d0fff0;  1 drivers
v0000025c58c97730_0 .net "b", 0 0, L_0000025c58d10090;  1 drivers
v0000025c58c95b10_0 .net "cin", 0 0, L_0000025c58d10130;  1 drivers
v0000025c58c96830_0 .net "cout", 0 0, L_0000025c58d9ded0;  1 drivers
v0000025c58c972d0_0 .net "sum", 0 0, L_0000025c58d9edb0;  1 drivers
S_0000025c58ca2300 .scope generate, "fa_gen[6]" "fa_gen[6]" 9 17, 9 17 0, S_0000025c58c90150;
 .timescale 0 0;
P_0000025c58ba2200 .param/l "i" 0 9 17, +C4<0110>;
S_0000025c58ca0b90 .scope module, "fa" "full_adder" 9 18, 9 33 0, S_0000025c58ca2300;
 .timescale 0 0;
    .port_info 0 /INPUT 1 "a";
    .port_info 1 /INPUT 1 "b";
    .port_info 2 /INPUT 1 "cin";
    .port_info 3 /OUTPUT 1 "sum";
    .port_info 4 /OUTPUT 1 "cout";
L_0000025c58d9e4f0 .functor XOR 1, L_0000025c58d12070, L_0000025c58d12750, C4<0>, C4<0>;
L_0000025c58d9de60 .functor XOR 1, L_0000025c58d9e4f0, L_0000025c58d12390, C4<0>, C4<0>;
L_0000025c58d9f440 .functor AND 1, L_0000025c58d12070, L_0000025c58d12750, C4<1>, C4<1>;
L_0000025c58d9e560 .functor XOR 1, L_0000025c58d12070, L_0000025c58d12750, C4<0>, C4<0>;
L_0000025c58d9eb80 .functor AND 1, L_0000025c58d12390, L_0000025c58d9e560, C4<1>, C4<1>;
L_0000025c58d9f280 .functor OR 1, L_0000025c58d9f440, L_0000025c58d9eb80, C4<0>, C4<0>;
v0000025c58c96150_0 .net *"_ivl_0", 0 0, L_0000025c58d9e4f0;  1 drivers
v0000025c58c95570_0 .net *"_ivl_4", 0 0, L_0000025c58d9f440;  1 drivers
v0000025c58c97370_0 .net *"_ivl_6", 0 0, L_0000025c58d9e560;  1 drivers
v0000025c58c95ed0_0 .net *"_ivl_8", 0 0, L_0000025c58d9eb80;  1 drivers
v0000025c58c96a10_0 .net "a", 0 0, L_0000025c58d12070;  1 drivers
v0000025c58c96ab0_0 .net "b", 0 0, L_0000025c58d12750;  1 drivers
v0000025c58c97af0_0 .net "cin", 0 0, L_0000025c58d12390;  1 drivers
v0000025c58c97cd0_0 .net "cout", 0 0, L_0000025c58d9f280;  1 drivers
v0000025c58c95f70_0 .net "sum", 0 0, L_0000025c58d9de60;  1 drivers
S_0000025c58ca1810 .scope generate, "fa_gen[7]" "fa_gen[7]" 9 17, 9 17 0, S_0000025c58c90150;
 .timescale 0 0;
P_0000025c58ba2cc0 .param/l "i" 0 9 17, +C4<0111>;
S_0000025c58ca1b30 .scope module, "fa" "full_adder" 9 18, 9 33 0, S_0000025c58ca1810;
 .timescale 0 0;
    .port_info 0 /INPUT 1 "a";
    .port_info 1 /INPUT 1 "b";
    .port_info 2 /INPUT 1 "cin";
    .port_info 3 /OUTPUT 1 "sum";
    .port_info 4 /OUTPUT 1 "cout";
L_0000025c58d9e2c0 .functor XOR 1, L_0000025c58d11e90, L_0000025c58d112b0, C4<0>, C4<0>;
L_0000025c58d9f0c0 .functor XOR 1, L_0000025c58d9e2c0, L_0000025c58d110d0, C4<0>, C4<0>;
L_0000025c58d9e480 .functor AND 1, L_0000025c58d11e90, L_0000025c58d112b0, C4<1>, C4<1>;
L_0000025c58d9e720 .functor XOR 1, L_0000025c58d11e90, L_0000025c58d112b0, C4<0>, C4<0>;
L_0000025c58d9f050 .functor AND 1, L_0000025c58d110d0, L_0000025c58d9e720, C4<1>, C4<1>;
L_0000025c58d9ecd0 .functor OR 1, L_0000025c58d9e480, L_0000025c58d9f050, C4<0>, C4<0>;
v0000025c58c97c30_0 .net *"_ivl_0", 0 0, L_0000025c58d9e2c0;  1 drivers
v0000025c58c95610_0 .net *"_ivl_4", 0 0, L_0000025c58d9e480;  1 drivers
v0000025c58c956b0_0 .net *"_ivl_6", 0 0, L_0000025c58d9e720;  1 drivers
v0000025c58c97d70_0 .net *"_ivl_8", 0 0, L_0000025c58d9f050;  1 drivers
v0000025c58c986d0_0 .net "a", 0 0, L_0000025c58d11e90;  1 drivers
v0000025c58c988b0_0 .net "b", 0 0, L_0000025c58d112b0;  1 drivers
v0000025c58c990d0_0 .net "cin", 0 0, L_0000025c58d110d0;  1 drivers
v0000025c58c98770_0 .net "cout", 0 0, L_0000025c58d9ecd0;  1 drivers
v0000025c58c995d0_0 .net "sum", 0 0, L_0000025c58d9f0c0;  1 drivers
S_0000025c58ca06e0 .scope generate, "fa_gen[8]" "fa_gen[8]" 9 17, 9 17 0, S_0000025c58c90150;
 .timescale 0 0;
P_0000025c58ba22c0 .param/l "i" 0 9 17, +C4<01000>;
S_0000025c58ca1cc0 .scope module, "fa" "full_adder" 9 18, 9 33 0, S_0000025c58ca06e0;
 .timescale 0 0;
    .port_info 0 /INPUT 1 "a";
    .port_info 1 /INPUT 1 "b";
    .port_info 2 /INPUT 1 "cin";
    .port_info 3 /OUTPUT 1 "sum";
    .port_info 4 /OUTPUT 1 "cout";
L_0000025c58d9dca0 .functor XOR 1, L_0000025c58d127f0, L_0000025c58d11350, C4<0>, C4<0>;
L_0000025c58d9f360 .functor XOR 1, L_0000025c58d9dca0, L_0000025c58d10bd0, C4<0>, C4<0>;
L_0000025c58d9ee20 .functor AND 1, L_0000025c58d127f0, L_0000025c58d11350, C4<1>, C4<1>;
L_0000025c58d9dd10 .functor XOR 1, L_0000025c58d127f0, L_0000025c58d11350, C4<0>, C4<0>;
L_0000025c58d9ed40 .functor AND 1, L_0000025c58d10bd0, L_0000025c58d9dd10, C4<1>, C4<1>;
L_0000025c58d9f3d0 .functor OR 1, L_0000025c58d9ee20, L_0000025c58d9ed40, C4<0>, C4<0>;
v0000025c58c99170_0 .net *"_ivl_0", 0 0, L_0000025c58d9dca0;  1 drivers
v0000025c58c98590_0 .net *"_ivl_4", 0 0, L_0000025c58d9ee20;  1 drivers
v0000025c58c97f50_0 .net *"_ivl_6", 0 0, L_0000025c58d9dd10;  1 drivers
v0000025c58c998f0_0 .net *"_ivl_8", 0 0, L_0000025c58d9ed40;  1 drivers
v0000025c58c989f0_0 .net "a", 0 0, L_0000025c58d127f0;  1 drivers
v0000025c58c997b0_0 .net "b", 0 0, L_0000025c58d11350;  1 drivers
v0000025c58c99b70_0 .net "cin", 0 0, L_0000025c58d10bd0;  1 drivers
v0000025c58c981d0_0 .net "cout", 0 0, L_0000025c58d9f3d0;  1 drivers
v0000025c58c99850_0 .net "sum", 0 0, L_0000025c58d9f360;  1 drivers
S_0000025c58ca0870 .scope generate, "fa_gen[9]" "fa_gen[9]" 9 17, 9 17 0, S_0000025c58c90150;
 .timescale 0 0;
P_0000025c58ba2680 .param/l "i" 0 9 17, +C4<01001>;
S_0000025c58ca0d20 .scope module, "fa" "full_adder" 9 18, 9 33 0, S_0000025c58ca0870;
 .timescale 0 0;
    .port_info 0 /INPUT 1 "a";
    .port_info 1 /INPUT 1 "b";
    .port_info 2 /INPUT 1 "cin";
    .port_info 3 /OUTPUT 1 "sum";
    .port_info 4 /OUTPUT 1 "cout";
L_0000025c58d9ddf0 .functor XOR 1, L_0000025c58d12430, L_0000025c58d124d0, C4<0>, C4<0>;
L_0000025c58d9ee90 .functor XOR 1, L_0000025c58d9ddf0, L_0000025c58d11c10, C4<0>, C4<0>;
L_0000025c58d9e790 .functor AND 1, L_0000025c58d12430, L_0000025c58d124d0, C4<1>, C4<1>;
L_0000025c58d9e020 .functor XOR 1, L_0000025c58d12430, L_0000025c58d124d0, C4<0>, C4<0>;
L_0000025c58d9f520 .functor AND 1, L_0000025c58d11c10, L_0000025c58d9e020, C4<1>, C4<1>;
L_0000025c58d9f600 .functor OR 1, L_0000025c58d9e790, L_0000025c58d9f520, C4<0>, C4<0>;
v0000025c58c99670_0 .net *"_ivl_0", 0 0, L_0000025c58d9ddf0;  1 drivers
v0000025c58c99d50_0 .net *"_ivl_4", 0 0, L_0000025c58d9e790;  1 drivers
v0000025c58c9a4d0_0 .net *"_ivl_6", 0 0, L_0000025c58d9e020;  1 drivers
v0000025c58c9a1b0_0 .net *"_ivl_8", 0 0, L_0000025c58d9f520;  1 drivers
v0000025c58c99530_0 .net "a", 0 0, L_0000025c58d12430;  1 drivers
v0000025c58c98bd0_0 .net "b", 0 0, L_0000025c58d124d0;  1 drivers
v0000025c58c97ff0_0 .net "cin", 0 0, L_0000025c58d11c10;  1 drivers
v0000025c58c99210_0 .net "cout", 0 0, L_0000025c58d9f600;  1 drivers
v0000025c58c9a110_0 .net "sum", 0 0, L_0000025c58d9ee90;  1 drivers
S_0000025c58ca3050 .scope generate, "fa_gen[10]" "fa_gen[10]" 9 17, 9 17 0, S_0000025c58c90150;
 .timescale 0 0;
P_0000025c58ba2bc0 .param/l "i" 0 9 17, +C4<01010>;
S_0000025c58ca39b0 .scope module, "fa" "full_adder" 9 18, 9 33 0, S_0000025c58ca3050;
 .timescale 0 0;
    .port_info 0 /INPUT 1 "a";
    .port_info 1 /INPUT 1 "b";
    .port_info 2 /INPUT 1 "cin";
    .port_info 3 /OUTPUT 1 "sum";
    .port_info 4 /OUTPUT 1 "cout";
L_0000025c58d9e100 .functor XOR 1, L_0000025c58d10950, L_0000025c58d12570, C4<0>, C4<0>;
L_0000025c58d9e640 .functor XOR 1, L_0000025c58d9e100, L_0000025c58d126b0, C4<0>, C4<0>;
L_0000025c58d9e170 .functor AND 1, L_0000025c58d10950, L_0000025c58d12570, C4<1>, C4<1>;
L_0000025c58d9e6b0 .functor XOR 1, L_0000025c58d10950, L_0000025c58d12570, C4<0>, C4<0>;
L_0000025c58d9e410 .functor AND 1, L_0000025c58d126b0, L_0000025c58d9e6b0, C4<1>, C4<1>;
L_0000025c58d9f130 .functor OR 1, L_0000025c58d9e170, L_0000025c58d9e410, C4<0>, C4<0>;
v0000025c58c98810_0 .net *"_ivl_0", 0 0, L_0000025c58d9e100;  1 drivers
v0000025c58c98630_0 .net *"_ivl_4", 0 0, L_0000025c58d9e170;  1 drivers
v0000025c58c99990_0 .net *"_ivl_6", 0 0, L_0000025c58d9e6b0;  1 drivers
v0000025c58c97e10_0 .net *"_ivl_8", 0 0, L_0000025c58d9e410;  1 drivers
v0000025c58c993f0_0 .net "a", 0 0, L_0000025c58d10950;  1 drivers
v0000025c58c9a390_0 .net "b", 0 0, L_0000025c58d12570;  1 drivers
v0000025c58c99710_0 .net "cin", 0 0, L_0000025c58d126b0;  1 drivers
v0000025c58c992b0_0 .net "cout", 0 0, L_0000025c58d9f130;  1 drivers
v0000025c58c99350_0 .net "sum", 0 0, L_0000025c58d9e640;  1 drivers
S_0000025c58ca3820 .scope generate, "fa_gen[11]" "fa_gen[11]" 9 17, 9 17 0, S_0000025c58c90150;
 .timescale 0 0;
P_0000025c58ba2700 .param/l "i" 0 9 17, +C4<01011>;
S_0000025c58ca3500 .scope module, "fa" "full_adder" 9 18, 9 33 0, S_0000025c58ca3820;
 .timescale 0 0;
    .port_info 0 /INPUT 1 "a";
    .port_info 1 /INPUT 1 "b";
    .port_info 2 /INPUT 1 "cin";
    .port_info 3 /OUTPUT 1 "sum";
    .port_info 4 /OUTPUT 1 "cout";
L_0000025c58d9f670 .functor XOR 1, L_0000025c58d10e50, L_0000025c58d10c70, C4<0>, C4<0>;
L_0000025c58d9e8e0 .functor XOR 1, L_0000025c58d9f670, L_0000025c58d12250, C4<0>, C4<0>;
L_0000025c58d9f6e0 .functor AND 1, L_0000025c58d10e50, L_0000025c58d10c70, C4<1>, C4<1>;
L_0000025c58d9ef00 .functor XOR 1, L_0000025c58d10e50, L_0000025c58d10c70, C4<0>, C4<0>;
L_0000025c58d9f750 .functor AND 1, L_0000025c58d12250, L_0000025c58d9ef00, C4<1>, C4<1>;
L_0000025c58d9e870 .functor OR 1, L_0000025c58d9f6e0, L_0000025c58d9f750, C4<0>, C4<0>;
v0000025c58c98d10_0 .net *"_ivl_0", 0 0, L_0000025c58d9f670;  1 drivers
v0000025c58c98090_0 .net *"_ivl_4", 0 0, L_0000025c58d9f6e0;  1 drivers
v0000025c58c99030_0 .net *"_ivl_6", 0 0, L_0000025c58d9ef00;  1 drivers
v0000025c58c984f0_0 .net *"_ivl_8", 0 0, L_0000025c58d9f750;  1 drivers
v0000025c58c98950_0 .net "a", 0 0, L_0000025c58d10e50;  1 drivers
v0000025c58c9a250_0 .net "b", 0 0, L_0000025c58d10c70;  1 drivers
v0000025c58c97eb0_0 .net "cin", 0 0, L_0000025c58d12250;  1 drivers
v0000025c58c98db0_0 .net "cout", 0 0, L_0000025c58d9e870;  1 drivers
v0000025c58c99a30_0 .net "sum", 0 0, L_0000025c58d9e8e0;  1 drivers
S_0000025c58ca2880 .scope generate, "fa_gen[12]" "fa_gen[12]" 9 17, 9 17 0, S_0000025c58c90150;
 .timescale 0 0;
P_0000025c58ba2800 .param/l "i" 0 9 17, +C4<01100>;
S_0000025c58ca3b40 .scope module, "fa" "full_adder" 9 18, 9 33 0, S_0000025c58ca2880;
 .timescale 0 0;
    .port_info 0 /INPUT 1 "a";
    .port_info 1 /INPUT 1 "b";
    .port_info 2 /INPUT 1 "cin";
    .port_info 3 /OUTPUT 1 "sum";
    .port_info 4 /OUTPUT 1 "cout";
L_0000025c58d9dd80 .functor XOR 1, L_0000025c58d11df0, L_0000025c58d10d10, C4<0>, C4<0>;
L_0000025c58d9e1e0 .functor XOR 1, L_0000025c58d9dd80, L_0000025c58d122f0, C4<0>, C4<0>;
L_0000025c58d9e250 .functor AND 1, L_0000025c58d11df0, L_0000025c58d10d10, C4<1>, C4<1>;
L_0000025c58d9e330 .functor XOR 1, L_0000025c58d11df0, L_0000025c58d10d10, C4<0>, C4<0>;
L_0000025c58d9e800 .functor AND 1, L_0000025c58d122f0, L_0000025c58d9e330, C4<1>, C4<1>;
L_0000025c58d9e950 .functor OR 1, L_0000025c58d9e250, L_0000025c58d9e800, C4<0>, C4<0>;
v0000025c58c98e50_0 .net *"_ivl_0", 0 0, L_0000025c58d9dd80;  1 drivers
v0000025c58c99490_0 .net *"_ivl_4", 0 0, L_0000025c58d9e250;  1 drivers
v0000025c58c98a90_0 .net *"_ivl_6", 0 0, L_0000025c58d9e330;  1 drivers
v0000025c58c99ad0_0 .net *"_ivl_8", 0 0, L_0000025c58d9e800;  1 drivers
v0000025c58c98b30_0 .net "a", 0 0, L_0000025c58d11df0;  1 drivers
v0000025c58c99c10_0 .net "b", 0 0, L_0000025c58d10d10;  1 drivers
v0000025c58c9a430_0 .net "cin", 0 0, L_0000025c58d122f0;  1 drivers
v0000025c58c99fd0_0 .net "cout", 0 0, L_0000025c58d9e950;  1 drivers
v0000025c58c99df0_0 .net "sum", 0 0, L_0000025c58d9e1e0;  1 drivers
S_0000025c58ca3e60 .scope generate, "fa_gen[13]" "fa_gen[13]" 9 17, 9 17 0, S_0000025c58c90150;
 .timescale 0 0;
P_0000025c58ba2a00 .param/l "i" 0 9 17, +C4<01101>;
S_0000025c58ca2a10 .scope module, "fa" "full_adder" 9 18, 9 33 0, S_0000025c58ca3e60;
 .timescale 0 0;
    .port_info 0 /INPUT 1 "a";
    .port_info 1 /INPUT 1 "b";
    .port_info 2 /INPUT 1 "cin";
    .port_info 3 /OUTPUT 1 "sum";
    .port_info 4 /OUTPUT 1 "cout";
L_0000025c58d9ea30 .functor XOR 1, L_0000025c58d10ef0, L_0000025c58d11f30, C4<0>, C4<0>;
L_0000025c58d9eaa0 .functor XOR 1, L_0000025c58d9ea30, L_0000025c58d11a30, C4<0>, C4<0>;
L_0000025c58d9eb10 .functor AND 1, L_0000025c58d10ef0, L_0000025c58d11f30, C4<1>, C4<1>;
L_0000025c58d9ebf0 .functor XOR 1, L_0000025c58d10ef0, L_0000025c58d11f30, C4<0>, C4<0>;
L_0000025c58da0550 .functor AND 1, L_0000025c58d11a30, L_0000025c58d9ebf0, C4<1>, C4<1>;
L_0000025c58d9fe50 .functor OR 1, L_0000025c58d9eb10, L_0000025c58da0550, C4<0>, C4<0>;
v0000025c58c99cb0_0 .net *"_ivl_0", 0 0, L_0000025c58d9ea30;  1 drivers
v0000025c58c98130_0 .net *"_ivl_4", 0 0, L_0000025c58d9eb10;  1 drivers
v0000025c58c9a2f0_0 .net *"_ivl_6", 0 0, L_0000025c58d9ebf0;  1 drivers
v0000025c58c99e90_0 .net *"_ivl_8", 0 0, L_0000025c58da0550;  1 drivers
v0000025c58c98270_0 .net "a", 0 0, L_0000025c58d10ef0;  1 drivers
v0000025c58c98450_0 .net "b", 0 0, L_0000025c58d11f30;  1 drivers
v0000025c58c98c70_0 .net "cin", 0 0, L_0000025c58d11a30;  1 drivers
v0000025c58c99f30_0 .net "cout", 0 0, L_0000025c58d9fe50;  1 drivers
v0000025c58c9a070_0 .net "sum", 0 0, L_0000025c58d9eaa0;  1 drivers
S_0000025c58ca3690 .scope generate, "fa_gen[14]" "fa_gen[14]" 9 17, 9 17 0, S_0000025c58c90150;
 .timescale 0 0;
P_0000025c58ba2a80 .param/l "i" 0 9 17, +C4<01110>;
S_0000025c58ca3ff0 .scope module, "fa" "full_adder" 9 18, 9 33 0, S_0000025c58ca3690;
 .timescale 0 0;
    .port_info 0 /INPUT 1 "a";
    .port_info 1 /INPUT 1 "b";
    .port_info 2 /INPUT 1 "cin";
    .port_info 3 /OUTPUT 1 "sum";
    .port_info 4 /OUTPUT 1 "cout";
L_0000025c58d9f980 .functor XOR 1, L_0000025c58d12610, L_0000025c58d113f0, C4<0>, C4<0>;
L_0000025c58da05c0 .functor XOR 1, L_0000025c58d9f980, L_0000025c58d11b70, C4<0>, C4<0>;
L_0000025c58da0390 .functor AND 1, L_0000025c58d12610, L_0000025c58d113f0, C4<1>, C4<1>;
L_0000025c58da02b0 .functor XOR 1, L_0000025c58d12610, L_0000025c58d113f0, C4<0>, C4<0>;
L_0000025c58da0320 .functor AND 1, L_0000025c58d11b70, L_0000025c58da02b0, C4<1>, C4<1>;
L_0000025c58d9ffa0 .functor OR 1, L_0000025c58da0390, L_0000025c58da0320, C4<0>, C4<0>;
v0000025c58c98310_0 .net *"_ivl_0", 0 0, L_0000025c58d9f980;  1 drivers
v0000025c58c983b0_0 .net *"_ivl_4", 0 0, L_0000025c58da0390;  1 drivers
v0000025c58c98ef0_0 .net *"_ivl_6", 0 0, L_0000025c58da02b0;  1 drivers
v0000025c58c98f90_0 .net *"_ivl_8", 0 0, L_0000025c58da0320;  1 drivers
v0000025c58c9b0b0_0 .net "a", 0 0, L_0000025c58d12610;  1 drivers
v0000025c58c9a6b0_0 .net "b", 0 0, L_0000025c58d113f0;  1 drivers
v0000025c58c9b150_0 .net "cin", 0 0, L_0000025c58d11b70;  1 drivers
v0000025c58c9b8d0_0 .net "cout", 0 0, L_0000025c58d9ffa0;  1 drivers
v0000025c58c9aa70_0 .net "sum", 0 0, L_0000025c58da05c0;  1 drivers
S_0000025c58ca2d30 .scope generate, "fa_gen[15]" "fa_gen[15]" 9 17, 9 17 0, S_0000025c58c90150;
 .timescale 0 0;
P_0000025c58ba2d80 .param/l "i" 0 9 17, +C4<01111>;
S_0000025c58ca2ba0 .scope module, "fa" "full_adder" 9 18, 9 33 0, S_0000025c58ca2d30;
 .timescale 0 0;
    .port_info 0 /INPUT 1 "a";
    .port_info 1 /INPUT 1 "b";
    .port_info 2 /INPUT 1 "cin";
    .port_info 3 /OUTPUT 1 "sum";
    .port_info 4 /OUTPUT 1 "cout";
L_0000025c58d9fc20 .functor XOR 1, L_0000025c58d10f90, L_0000025c58d11850, C4<0>, C4<0>;
L_0000025c58d9ff30 .functor XOR 1, L_0000025c58d9fc20, L_0000025c58d11490, C4<0>, C4<0>;
L_0000025c58d9fd70 .functor AND 1, L_0000025c58d10f90, L_0000025c58d11850, C4<1>, C4<1>;
L_0000025c58da0470 .functor XOR 1, L_0000025c58d10f90, L_0000025c58d11850, C4<0>, C4<0>;
L_0000025c58da0400 .functor AND 1, L_0000025c58d11490, L_0000025c58da0470, C4<1>, C4<1>;
L_0000025c58da00f0 .functor OR 1, L_0000025c58d9fd70, L_0000025c58da0400, C4<0>, C4<0>;
v0000025c58c9b330_0 .net *"_ivl_0", 0 0, L_0000025c58d9fc20;  1 drivers
v0000025c58c9c5f0_0 .net *"_ivl_4", 0 0, L_0000025c58d9fd70;  1 drivers
v0000025c58c9ac50_0 .net *"_ivl_6", 0 0, L_0000025c58da0470;  1 drivers
v0000025c58c9b970_0 .net *"_ivl_8", 0 0, L_0000025c58da0400;  1 drivers
v0000025c58c9b1f0_0 .net "a", 0 0, L_0000025c58d10f90;  1 drivers
v0000025c58c9c910_0 .net "b", 0 0, L_0000025c58d11850;  1 drivers
v0000025c58c9aed0_0 .net "cin", 0 0, L_0000025c58d11490;  1 drivers
v0000025c58c9c410_0 .net "cout", 0 0, L_0000025c58da00f0;  1 drivers
v0000025c58c9a930_0 .net "sum", 0 0, L_0000025c58d9ff30;  1 drivers
S_0000025c58ca2ec0 .scope generate, "fa_gen[16]" "fa_gen[16]" 9 17, 9 17 0, S_0000025c58c90150;
 .timescale 0 0;
P_0000025c58ba3140 .param/l "i" 0 9 17, +C4<010000>;
S_0000025c58ca3cd0 .scope module, "fa" "full_adder" 9 18, 9 33 0, S_0000025c58ca2ec0;
 .timescale 0 0;
    .port_info 0 /INPUT 1 "a";
    .port_info 1 /INPUT 1 "b";
    .port_info 2 /INPUT 1 "cin";
    .port_info 3 /OUTPUT 1 "sum";
    .port_info 4 /OUTPUT 1 "cout";
L_0000025c58d9fa60 .functor XOR 1, L_0000025c58d11ad0, L_0000025c58d11990, C4<0>, C4<0>;
L_0000025c58da01d0 .functor XOR 1, L_0000025c58d9fa60, L_0000025c58d121b0, C4<0>, C4<0>;
L_0000025c58da0630 .functor AND 1, L_0000025c58d11ad0, L_0000025c58d11990, C4<1>, C4<1>;
L_0000025c58d9f9f0 .functor XOR 1, L_0000025c58d11ad0, L_0000025c58d11990, C4<0>, C4<0>;
L_0000025c58d9fad0 .functor AND 1, L_0000025c58d121b0, L_0000025c58d9f9f0, C4<1>, C4<1>;
L_0000025c58d9fb40 .functor OR 1, L_0000025c58da0630, L_0000025c58d9fad0, C4<0>, C4<0>;
v0000025c58c9a750_0 .net *"_ivl_0", 0 0, L_0000025c58d9fa60;  1 drivers
v0000025c58c9a9d0_0 .net *"_ivl_4", 0 0, L_0000025c58da0630;  1 drivers
v0000025c58c9a7f0_0 .net *"_ivl_6", 0 0, L_0000025c58d9f9f0;  1 drivers
v0000025c58c9bd30_0 .net *"_ivl_8", 0 0, L_0000025c58d9fad0;  1 drivers
v0000025c58c9a890_0 .net "a", 0 0, L_0000025c58d11ad0;  1 drivers
v0000025c58c9bb50_0 .net "b", 0 0, L_0000025c58d11990;  1 drivers
v0000025c58c9ba10_0 .net "cin", 0 0, L_0000025c58d121b0;  1 drivers
v0000025c58c9c4b0_0 .net "cout", 0 0, L_0000025c58d9fb40;  1 drivers
v0000025c58c9b010_0 .net "sum", 0 0, L_0000025c58da01d0;  1 drivers
S_0000025c58ca2560 .scope generate, "fa_gen[17]" "fa_gen[17]" 9 17, 9 17 0, S_0000025c58c90150;
 .timescale 0 0;
P_0000025c58ba31c0 .param/l "i" 0 9 17, +C4<010001>;
S_0000025c58ca4180 .scope module, "fa" "full_adder" 9 18, 9 33 0, S_0000025c58ca2560;
 .timescale 0 0;
    .port_info 0 /INPUT 1 "a";
    .port_info 1 /INPUT 1 "b";
    .port_info 2 /INPUT 1 "cin";
    .port_info 3 /OUTPUT 1 "sum";
    .port_info 4 /OUTPUT 1 "cout";
L_0000025c58da04e0 .functor XOR 1, L_0000025c58d11210, L_0000025c58d11710, C4<0>, C4<0>;
L_0000025c58da0710 .functor XOR 1, L_0000025c58da04e0, L_0000025c58d12110, C4<0>, C4<0>;
L_0000025c58da0160 .functor AND 1, L_0000025c58d11210, L_0000025c58d11710, C4<1>, C4<1>;
L_0000025c58da06a0 .functor XOR 1, L_0000025c58d11210, L_0000025c58d11710, C4<0>, C4<0>;
L_0000025c58da0240 .functor AND 1, L_0000025c58d12110, L_0000025c58da06a0, C4<1>, C4<1>;
L_0000025c58d9fec0 .functor OR 1, L_0000025c58da0160, L_0000025c58da0240, C4<0>, C4<0>;
v0000025c58c9bfb0_0 .net *"_ivl_0", 0 0, L_0000025c58da04e0;  1 drivers
v0000025c58c9c550_0 .net *"_ivl_4", 0 0, L_0000025c58da0160;  1 drivers
v0000025c58c9bbf0_0 .net *"_ivl_6", 0 0, L_0000025c58da06a0;  1 drivers
v0000025c58c9af70_0 .net *"_ivl_8", 0 0, L_0000025c58da0240;  1 drivers
v0000025c58c9c7d0_0 .net "a", 0 0, L_0000025c58d11210;  1 drivers
v0000025c58c9b510_0 .net "b", 0 0, L_0000025c58d11710;  1 drivers
v0000025c58c9ab10_0 .net "cin", 0 0, L_0000025c58d12110;  1 drivers
v0000025c58c9b290_0 .net "cout", 0 0, L_0000025c58d9fec0;  1 drivers
v0000025c58c9c9b0_0 .net "sum", 0 0, L_0000025c58da0710;  1 drivers
S_0000025c58ca31e0 .scope generate, "fa_gen[18]" "fa_gen[18]" 9 17, 9 17 0, S_0000025c58c90150;
 .timescale 0 0;
P_0000025c58ba3740 .param/l "i" 0 9 17, +C4<010010>;
S_0000025c58ca4310 .scope module, "fa" "full_adder" 9 18, 9 33 0, S_0000025c58ca31e0;
 .timescale 0 0;
    .port_info 0 /INPUT 1 "a";
    .port_info 1 /INPUT 1 "b";
    .port_info 2 /INPUT 1 "cin";
    .port_info 3 /OUTPUT 1 "sum";
    .port_info 4 /OUTPUT 1 "cout";
L_0000025c58d9fbb0 .functor XOR 1, L_0000025c58d10db0, L_0000025c58d109f0, C4<0>, C4<0>;
L_0000025c58d9f830 .functor XOR 1, L_0000025c58d9fbb0, L_0000025c58d11530, C4<0>, C4<0>;
L_0000025c58d9fd00 .functor AND 1, L_0000025c58d10db0, L_0000025c58d109f0, C4<1>, C4<1>;
L_0000025c58d9f8a0 .functor XOR 1, L_0000025c58d10db0, L_0000025c58d109f0, C4<0>, C4<0>;
L_0000025c58d9f910 .functor AND 1, L_0000025c58d11530, L_0000025c58d9f8a0, C4<1>, C4<1>;
L_0000025c58d9fc90 .functor OR 1, L_0000025c58d9fd00, L_0000025c58d9f910, C4<0>, C4<0>;
v0000025c58c9c870_0 .net *"_ivl_0", 0 0, L_0000025c58d9fbb0;  1 drivers
v0000025c58c9bab0_0 .net *"_ivl_4", 0 0, L_0000025c58d9fd00;  1 drivers
v0000025c58c9b3d0_0 .net *"_ivl_6", 0 0, L_0000025c58d9f8a0;  1 drivers
v0000025c58c9abb0_0 .net *"_ivl_8", 0 0, L_0000025c58d9f910;  1 drivers
v0000025c58c9bdd0_0 .net "a", 0 0, L_0000025c58d10db0;  1 drivers
v0000025c58c9acf0_0 .net "b", 0 0, L_0000025c58d109f0;  1 drivers
v0000025c58c9b470_0 .net "cin", 0 0, L_0000025c58d11530;  1 drivers
v0000025c58c9b650_0 .net "cout", 0 0, L_0000025c58d9fc90;  1 drivers
v0000025c58c9b5b0_0 .net "sum", 0 0, L_0000025c58d9f830;  1 drivers
S_0000025c58ca26f0 .scope generate, "fa_gen[19]" "fa_gen[19]" 9 17, 9 17 0, S_0000025c58c90150;
 .timescale 0 0;
P_0000025c58ba3c80 .param/l "i" 0 9 17, +C4<010011>;
S_0000025c58ca3370 .scope module, "fa" "full_adder" 9 18, 9 33 0, S_0000025c58ca26f0;
 .timescale 0 0;
    .port_info 0 /INPUT 1 "a";
    .port_info 1 /INPUT 1 "b";
    .port_info 2 /INPUT 1 "cin";
    .port_info 3 /OUTPUT 1 "sum";
    .port_info 4 /OUTPUT 1 "cout";
L_0000025c58d9fde0 .functor XOR 1, L_0000025c58d115d0, L_0000025c58d11030, C4<0>, C4<0>;
L_0000025c58da0010 .functor XOR 1, L_0000025c58d9fde0, L_0000025c58d10a90, C4<0>, C4<0>;
L_0000025c58da0080 .functor AND 1, L_0000025c58d115d0, L_0000025c58d11030, C4<1>, C4<1>;
L_0000025c58d98d70 .functor XOR 1, L_0000025c58d115d0, L_0000025c58d11030, C4<0>, C4<0>;
L_0000025c58d99b00 .functor AND 1, L_0000025c58d10a90, L_0000025c58d98d70, C4<1>, C4<1>;
L_0000025c58d98b40 .functor OR 1, L_0000025c58da0080, L_0000025c58d99b00, C4<0>, C4<0>;
v0000025c58c9ad90_0 .net *"_ivl_0", 0 0, L_0000025c58d9fde0;  1 drivers
v0000025c58c9c690_0 .net *"_ivl_4", 0 0, L_0000025c58da0080;  1 drivers
v0000025c58c9ccd0_0 .net *"_ivl_6", 0 0, L_0000025c58d98d70;  1 drivers
v0000025c58c9b6f0_0 .net *"_ivl_8", 0 0, L_0000025c58d99b00;  1 drivers
v0000025c58c9b790_0 .net "a", 0 0, L_0000025c58d115d0;  1 drivers
v0000025c58c9ae30_0 .net "b", 0 0, L_0000025c58d11030;  1 drivers
v0000025c58c9b830_0 .net "cin", 0 0, L_0000025c58d10a90;  1 drivers
v0000025c58c9bc90_0 .net "cout", 0 0, L_0000025c58d98b40;  1 drivers
v0000025c58c9be70_0 .net "sum", 0 0, L_0000025c58da0010;  1 drivers
S_0000025c58ca4d40 .scope generate, "fa_gen[20]" "fa_gen[20]" 9 17, 9 17 0, S_0000025c58c90150;
 .timescale 0 0;
P_0000025c58ba39c0 .param/l "i" 0 9 17, +C4<010100>;
S_0000025c58ca51f0 .scope module, "fa" "full_adder" 9 18, 9 33 0, S_0000025c58ca4d40;
 .timescale 0 0;
    .port_info 0 /INPUT 1 "a";
    .port_info 1 /INPUT 1 "b";
    .port_info 2 /INPUT 1 "cin";
    .port_info 3 /OUTPUT 1 "sum";
    .port_info 4 /OUTPUT 1 "cout";
L_0000025c58d998d0 .functor XOR 1, L_0000025c58d10b30, L_0000025c58d11170, C4<0>, C4<0>;
L_0000025c58d98830 .functor XOR 1, L_0000025c58d998d0, L_0000025c58d11670, C4<0>, C4<0>;
L_0000025c58d99ef0 .functor AND 1, L_0000025c58d10b30, L_0000025c58d11170, C4<1>, C4<1>;
L_0000025c58d999b0 .functor XOR 1, L_0000025c58d10b30, L_0000025c58d11170, C4<0>, C4<0>;
L_0000025c58d98ec0 .functor AND 1, L_0000025c58d11670, L_0000025c58d999b0, C4<1>, C4<1>;
L_0000025c58d99940 .functor OR 1, L_0000025c58d99ef0, L_0000025c58d98ec0, C4<0>, C4<0>;
v0000025c58c9ca50_0 .net *"_ivl_0", 0 0, L_0000025c58d998d0;  1 drivers
v0000025c58c9bf10_0 .net *"_ivl_4", 0 0, L_0000025c58d99ef0;  1 drivers
v0000025c58c9c730_0 .net *"_ivl_6", 0 0, L_0000025c58d999b0;  1 drivers
v0000025c58c9c050_0 .net *"_ivl_8", 0 0, L_0000025c58d98ec0;  1 drivers
v0000025c58c9caf0_0 .net "a", 0 0, L_0000025c58d10b30;  1 drivers
v0000025c58c9c0f0_0 .net "b", 0 0, L_0000025c58d11170;  1 drivers
v0000025c58c9c190_0 .net "cin", 0 0, L_0000025c58d11670;  1 drivers
v0000025c58c9cb90_0 .net "cout", 0 0, L_0000025c58d99940;  1 drivers
v0000025c58c9cc30_0 .net "sum", 0 0, L_0000025c58d98830;  1 drivers
S_0000025c58ca4700 .scope generate, "fa_gen[21]" "fa_gen[21]" 9 17, 9 17 0, S_0000025c58c90150;
 .timescale 0 0;
P_0000025c58ba3a80 .param/l "i" 0 9 17, +C4<010101>;
S_0000025c58ca5380 .scope module, "fa" "full_adder" 9 18, 9 33 0, S_0000025c58ca4700;
 .timescale 0 0;
    .port_info 0 /INPUT 1 "a";
    .port_info 1 /INPUT 1 "b";
    .port_info 2 /INPUT 1 "cin";
    .port_info 3 /OUTPUT 1 "sum";
    .port_info 4 /OUTPUT 1 "cout";
L_0000025c58d9a3c0 .functor XOR 1, L_0000025c58d117b0, L_0000025c58d11cb0, C4<0>, C4<0>;
L_0000025c58d989f0 .functor XOR 1, L_0000025c58d9a3c0, L_0000025c58d118f0, C4<0>, C4<0>;
L_0000025c58d99a20 .functor AND 1, L_0000025c58d117b0, L_0000025c58d11cb0, C4<1>, C4<1>;
L_0000025c58d99320 .functor XOR 1, L_0000025c58d117b0, L_0000025c58d11cb0, C4<0>, C4<0>;
L_0000025c58d99080 .functor AND 1, L_0000025c58d118f0, L_0000025c58d99320, C4<1>, C4<1>;
L_0000025c58d99f60 .functor OR 1, L_0000025c58d99a20, L_0000025c58d99080, C4<0>, C4<0>;
v0000025c58c9c230_0 .net *"_ivl_0", 0 0, L_0000025c58d9a3c0;  1 drivers
v0000025c58c9c2d0_0 .net *"_ivl_4", 0 0, L_0000025c58d99a20;  1 drivers
v0000025c58c9c370_0 .net *"_ivl_6", 0 0, L_0000025c58d99320;  1 drivers
v0000025c58c9a570_0 .net *"_ivl_8", 0 0, L_0000025c58d99080;  1 drivers
v0000025c58c9a610_0 .net "a", 0 0, L_0000025c58d117b0;  1 drivers
v0000025c58c9def0_0 .net "b", 0 0, L_0000025c58d11cb0;  1 drivers
v0000025c58c9d450_0 .net "cin", 0 0, L_0000025c58d118f0;  1 drivers
v0000025c58c9d950_0 .net "cout", 0 0, L_0000025c58d99f60;  1 drivers
v0000025c58c9e030_0 .net "sum", 0 0, L_0000025c58d989f0;  1 drivers
S_0000025c58ca5510 .scope generate, "fa_gen[22]" "fa_gen[22]" 9 17, 9 17 0, S_0000025c58c90150;
 .timescale 0 0;
P_0000025c58ba33c0 .param/l "i" 0 9 17, +C4<010110>;
S_0000025c58ca4ed0 .scope module, "fa" "full_adder" 9 18, 9 33 0, S_0000025c58ca5510;
 .timescale 0 0;
    .port_info 0 /INPUT 1 "a";
    .port_info 1 /INPUT 1 "b";
    .port_info 2 /INPUT 1 "cin";
    .port_info 3 /OUTPUT 1 "sum";
    .port_info 4 /OUTPUT 1 "cout";
L_0000025c58d991d0 .functor XOR 1, L_0000025c58d11d50, L_0000025c58d11fd0, C4<0>, C4<0>;
L_0000025c58d98bb0 .functor XOR 1, L_0000025c58d991d0, L_0000025c58cf47f0, C4<0>, C4<0>;
L_0000025c58d99160 .functor AND 1, L_0000025c58d11d50, L_0000025c58d11fd0, C4<1>, C4<1>;
L_0000025c58d98c90 .functor XOR 1, L_0000025c58d11d50, L_0000025c58d11fd0, C4<0>, C4<0>;
L_0000025c58d98de0 .functor AND 1, L_0000025c58cf47f0, L_0000025c58d98c90, C4<1>, C4<1>;
L_0000025c58d99010 .functor OR 1, L_0000025c58d99160, L_0000025c58d98de0, C4<0>, C4<0>;
v0000025c58c9e530_0 .net *"_ivl_0", 0 0, L_0000025c58d991d0;  1 drivers
v0000025c58c9e7b0_0 .net *"_ivl_4", 0 0, L_0000025c58d99160;  1 drivers
v0000025c58c9d1d0_0 .net *"_ivl_6", 0 0, L_0000025c58d98c90;  1 drivers
v0000025c58c9edf0_0 .net *"_ivl_8", 0 0, L_0000025c58d98de0;  1 drivers
v0000025c58c9e710_0 .net "a", 0 0, L_0000025c58d11d50;  1 drivers
v0000025c58c9e670_0 .net "b", 0 0, L_0000025c58d11fd0;  1 drivers
v0000025c58c9de50_0 .net "cin", 0 0, L_0000025c58cf47f0;  1 drivers
v0000025c58c9d6d0_0 .net "cout", 0 0, L_0000025c58d99010;  1 drivers
v0000025c58c9ce10_0 .net "sum", 0 0, L_0000025c58d98bb0;  1 drivers
S_0000025c58ca4890 .scope generate, "fa_gen[23]" "fa_gen[23]" 9 17, 9 17 0, S_0000025c58c90150;
 .timescale 0 0;
P_0000025c58ba3400 .param/l "i" 0 9 17, +C4<010111>;
S_0000025c58ca6320 .scope module, "fa" "full_adder" 9 18, 9 33 0, S_0000025c58ca4890;
 .timescale 0 0;
    .port_info 0 /INPUT 1 "a";
    .port_info 1 /INPUT 1 "b";
    .port_info 2 /INPUT 1 "cin";
    .port_info 3 /OUTPUT 1 "sum";
    .port_info 4 /OUTPUT 1 "cout";
L_0000025c58d99da0 .functor XOR 1, L_0000025c58cf3ad0, L_0000025c58cf2e50, C4<0>, C4<0>;
L_0000025c58d9a120 .functor XOR 1, L_0000025c58d99da0, L_0000025c58cf2db0, C4<0>, C4<0>;
L_0000025c58d994e0 .functor AND 1, L_0000025c58cf3ad0, L_0000025c58cf2e50, C4<1>, C4<1>;
L_0000025c58d98d00 .functor XOR 1, L_0000025c58cf3ad0, L_0000025c58cf2e50, C4<0>, C4<0>;
L_0000025c58d98c20 .functor AND 1, L_0000025c58cf2db0, L_0000025c58d98d00, C4<1>, C4<1>;
L_0000025c58d9a2e0 .functor OR 1, L_0000025c58d994e0, L_0000025c58d98c20, C4<0>, C4<0>;
v0000025c58c9ddb0_0 .net *"_ivl_0", 0 0, L_0000025c58d99da0;  1 drivers
v0000025c58c9dbd0_0 .net *"_ivl_4", 0 0, L_0000025c58d994e0;  1 drivers
v0000025c58c9e0d0_0 .net *"_ivl_6", 0 0, L_0000025c58d98d00;  1 drivers
v0000025c58c9d590_0 .net *"_ivl_8", 0 0, L_0000025c58d98c20;  1 drivers
v0000025c58c9f1b0_0 .net "a", 0 0, L_0000025c58cf3ad0;  1 drivers
v0000025c58c9d270_0 .net "b", 0 0, L_0000025c58cf2e50;  1 drivers
v0000025c58c9dc70_0 .net "cin", 0 0, L_0000025c58cf2db0;  1 drivers
v0000025c58c9ee90_0 .net "cout", 0 0, L_0000025c58d9a2e0;  1 drivers
v0000025c58c9cd70_0 .net "sum", 0 0, L_0000025c58d9a120;  1 drivers
S_0000025c58ca4570 .scope generate, "fa_gen[24]" "fa_gen[24]" 9 17, 9 17 0, S_0000025c58c90150;
 .timescale 0 0;
P_0000025c58ba3b40 .param/l "i" 0 9 17, +C4<011000>;
S_0000025c58ca5e70 .scope module, "fa" "full_adder" 9 18, 9 33 0, S_0000025c58ca4570;
 .timescale 0 0;
    .port_info 0 /INPUT 1 "a";
    .port_info 1 /INPUT 1 "b";
    .port_info 2 /INPUT 1 "cin";
    .port_info 3 /OUTPUT 1 "sum";
    .port_info 4 /OUTPUT 1 "cout";
L_0000025c58d99240 .functor XOR 1, L_0000025c58cf44d0, L_0000025c58cf4a70, C4<0>, C4<0>;
L_0000025c58d9a200 .functor XOR 1, L_0000025c58d99240, L_0000025c58cf3e90, C4<0>, C4<0>;
L_0000025c58d99a90 .functor AND 1, L_0000025c58cf44d0, L_0000025c58cf4a70, C4<1>, C4<1>;
L_0000025c58d99fd0 .functor XOR 1, L_0000025c58cf44d0, L_0000025c58cf4a70, C4<0>, C4<0>;
L_0000025c58d9a270 .functor AND 1, L_0000025c58cf3e90, L_0000025c58d99fd0, C4<1>, C4<1>;
L_0000025c58d9a040 .functor OR 1, L_0000025c58d99a90, L_0000025c58d9a270, C4<0>, C4<0>;
v0000025c58c9da90_0 .net *"_ivl_0", 0 0, L_0000025c58d99240;  1 drivers
v0000025c58c9cff0_0 .net *"_ivl_4", 0 0, L_0000025c58d99a90;  1 drivers
v0000025c58c9d310_0 .net *"_ivl_6", 0 0, L_0000025c58d99fd0;  1 drivers
v0000025c58c9db30_0 .net *"_ivl_8", 0 0, L_0000025c58d9a270;  1 drivers
v0000025c58c9dd10_0 .net "a", 0 0, L_0000025c58cf44d0;  1 drivers
v0000025c58c9ceb0_0 .net "b", 0 0, L_0000025c58cf4a70;  1 drivers
v0000025c58c9e850_0 .net "cin", 0 0, L_0000025c58cf3e90;  1 drivers
v0000025c58c9e8f0_0 .net "cout", 0 0, L_0000025c58d9a040;  1 drivers
v0000025c58c9d090_0 .net "sum", 0 0, L_0000025c58d9a200;  1 drivers
S_0000025c58ca4a20 .scope generate, "fa_gen[25]" "fa_gen[25]" 9 17, 9 17 0, S_0000025c58c90150;
 .timescale 0 0;
P_0000025c58ba4240 .param/l "i" 0 9 17, +C4<011001>;
S_0000025c58ca59c0 .scope module, "fa" "full_adder" 9 18, 9 33 0, S_0000025c58ca4a20;
 .timescale 0 0;
    .port_info 0 /INPUT 1 "a";
    .port_info 1 /INPUT 1 "b";
    .port_info 2 /INPUT 1 "cin";
    .port_info 3 /OUTPUT 1 "sum";
    .port_info 4 /OUTPUT 1 "cout";
L_0000025c58d992b0 .functor XOR 1, L_0000025c58cf38f0, L_0000025c58cf4750, C4<0>, C4<0>;
L_0000025c58d99400 .functor XOR 1, L_0000025c58d992b0, L_0000025c58cf3670, C4<0>, C4<0>;
L_0000025c58d98e50 .functor AND 1, L_0000025c58cf38f0, L_0000025c58cf4750, C4<1>, C4<1>;
L_0000025c58d98f30 .functor XOR 1, L_0000025c58cf38f0, L_0000025c58cf4750, C4<0>, C4<0>;
L_0000025c58d98910 .functor AND 1, L_0000025c58cf3670, L_0000025c58d98f30, C4<1>, C4<1>;
L_0000025c58d98fa0 .functor OR 1, L_0000025c58d98e50, L_0000025c58d98910, C4<0>, C4<0>;
v0000025c58c9ec10_0 .net *"_ivl_0", 0 0, L_0000025c58d992b0;  1 drivers
v0000025c58c9df90_0 .net *"_ivl_4", 0 0, L_0000025c58d98e50;  1 drivers
v0000025c58c9e170_0 .net *"_ivl_6", 0 0, L_0000025c58d98f30;  1 drivers
v0000025c58c9d3b0_0 .net *"_ivl_8", 0 0, L_0000025c58d98910;  1 drivers
v0000025c58c9e210_0 .net "a", 0 0, L_0000025c58cf38f0;  1 drivers
v0000025c58c9e2b0_0 .net "b", 0 0, L_0000025c58cf4750;  1 drivers
v0000025c58c9d4f0_0 .net "cin", 0 0, L_0000025c58cf3670;  1 drivers
v0000025c58c9ef30_0 .net "cout", 0 0, L_0000025c58d98fa0;  1 drivers
v0000025c58c9d630_0 .net "sum", 0 0, L_0000025c58d99400;  1 drivers
S_0000025c58ca6000 .scope generate, "fa_gen[26]" "fa_gen[26]" 9 17, 9 17 0, S_0000025c58c90150;
 .timescale 0 0;
P_0000025c58ba4b40 .param/l "i" 0 9 17, +C4<011010>;
S_0000025c58ca4bb0 .scope module, "fa" "full_adder" 9 18, 9 33 0, S_0000025c58ca6000;
 .timescale 0 0;
    .port_info 0 /INPUT 1 "a";
    .port_info 1 /INPUT 1 "b";
    .port_info 2 /INPUT 1 "cin";
    .port_info 3 /OUTPUT 1 "sum";
    .port_info 4 /OUTPUT 1 "cout";
L_0000025c58d995c0 .functor XOR 1, L_0000025c58cf3a30, L_0000025c58cf4d90, C4<0>, C4<0>;
L_0000025c58d990f0 .functor XOR 1, L_0000025c58d995c0, L_0000025c58cf3fd0, C4<0>, C4<0>;
L_0000025c58d99390 .functor AND 1, L_0000025c58cf3a30, L_0000025c58cf4d90, C4<1>, C4<1>;
L_0000025c58d99cc0 .functor XOR 1, L_0000025c58cf3a30, L_0000025c58cf4d90, C4<0>, C4<0>;
L_0000025c58d99b70 .functor AND 1, L_0000025c58cf3fd0, L_0000025c58d99cc0, C4<1>, C4<1>;
L_0000025c58d9a350 .functor OR 1, L_0000025c58d99390, L_0000025c58d99b70, C4<0>, C4<0>;
v0000025c58c9e490_0 .net *"_ivl_0", 0 0, L_0000025c58d995c0;  1 drivers
v0000025c58c9e350_0 .net *"_ivl_4", 0 0, L_0000025c58d99390;  1 drivers
v0000025c58c9e3f0_0 .net *"_ivl_6", 0 0, L_0000025c58d99cc0;  1 drivers
v0000025c58c9cf50_0 .net *"_ivl_8", 0 0, L_0000025c58d99b70;  1 drivers
v0000025c58c9eb70_0 .net "a", 0 0, L_0000025c58cf3a30;  1 drivers
v0000025c58c9f390_0 .net "b", 0 0, L_0000025c58cf4d90;  1 drivers
v0000025c58c9d130_0 .net "cin", 0 0, L_0000025c58cf3fd0;  1 drivers
v0000025c58c9d770_0 .net "cout", 0 0, L_0000025c58d9a350;  1 drivers
v0000025c58c9ecb0_0 .net "sum", 0 0, L_0000025c58d990f0;  1 drivers
S_0000025c58ca56a0 .scope generate, "fa_gen[27]" "fa_gen[27]" 9 17, 9 17 0, S_0000025c58c90150;
 .timescale 0 0;
P_0000025c58ba4680 .param/l "i" 0 9 17, +C4<011011>;
S_0000025c58ca5ce0 .scope module, "fa" "full_adder" 9 18, 9 33 0, S_0000025c58ca56a0;
 .timescale 0 0;
    .port_info 0 /INPUT 1 "a";
    .port_info 1 /INPUT 1 "b";
    .port_info 2 /INPUT 1 "cin";
    .port_info 3 /OUTPUT 1 "sum";
    .port_info 4 /OUTPUT 1 "cout";
L_0000025c58d99550 .functor XOR 1, L_0000025c58cf2d10, L_0000025c58cf2c70, C4<0>, C4<0>;
L_0000025c58d99470 .functor XOR 1, L_0000025c58d99550, L_0000025c58cf4430, C4<0>, C4<0>;
L_0000025c58d99be0 .functor AND 1, L_0000025c58cf2d10, L_0000025c58cf2c70, C4<1>, C4<1>;
L_0000025c58d9a0b0 .functor XOR 1, L_0000025c58cf2d10, L_0000025c58cf2c70, C4<0>, C4<0>;
L_0000025c58d99630 .functor AND 1, L_0000025c58cf4430, L_0000025c58d9a0b0, C4<1>, C4<1>;
L_0000025c58d996a0 .functor OR 1, L_0000025c58d99be0, L_0000025c58d99630, C4<0>, C4<0>;
v0000025c58c9d810_0 .net *"_ivl_0", 0 0, L_0000025c58d99550;  1 drivers
v0000025c58c9ed50_0 .net *"_ivl_4", 0 0, L_0000025c58d99be0;  1 drivers
v0000025c58c9d8b0_0 .net *"_ivl_6", 0 0, L_0000025c58d9a0b0;  1 drivers
v0000025c58c9e990_0 .net *"_ivl_8", 0 0, L_0000025c58d99630;  1 drivers
v0000025c58c9d9f0_0 .net "a", 0 0, L_0000025c58cf2d10;  1 drivers
v0000025c58c9ea30_0 .net "b", 0 0, L_0000025c58cf2c70;  1 drivers
v0000025c58c9efd0_0 .net "cin", 0 0, L_0000025c58cf4430;  1 drivers
v0000025c58c9e5d0_0 .net "cout", 0 0, L_0000025c58d996a0;  1 drivers
v0000025c58c9ead0_0 .net "sum", 0 0, L_0000025c58d99470;  1 drivers
S_0000025c58ca5060 .scope generate, "fa_gen[28]" "fa_gen[28]" 9 17, 9 17 0, S_0000025c58c90150;
 .timescale 0 0;
P_0000025c58ba44c0 .param/l "i" 0 9 17, +C4<011100>;
S_0000025c58ca5830 .scope module, "fa" "full_adder" 9 18, 9 33 0, S_0000025c58ca5060;
 .timescale 0 0;
    .port_info 0 /INPUT 1 "a";
    .port_info 1 /INPUT 1 "b";
    .port_info 2 /INPUT 1 "cin";
    .port_info 3 /OUTPUT 1 "sum";
    .port_info 4 /OUTPUT 1 "cout";
L_0000025c58d99c50 .functor XOR 1, L_0000025c58cf3b70, L_0000025c58cf4070, C4<0>, C4<0>;
L_0000025c58d9a190 .functor XOR 1, L_0000025c58d99c50, L_0000025c58cf4890, C4<0>, C4<0>;
L_0000025c58d988a0 .functor AND 1, L_0000025c58cf3b70, L_0000025c58cf4070, C4<1>, C4<1>;
L_0000025c58d99d30 .functor XOR 1, L_0000025c58cf3b70, L_0000025c58cf4070, C4<0>, C4<0>;
L_0000025c58d99e10 .functor AND 1, L_0000025c58cf4890, L_0000025c58d99d30, C4<1>, C4<1>;
L_0000025c58d99e80 .functor OR 1, L_0000025c58d988a0, L_0000025c58d99e10, C4<0>, C4<0>;
v0000025c58c9f070_0 .net *"_ivl_0", 0 0, L_0000025c58d99c50;  1 drivers
v0000025c58c9f110_0 .net *"_ivl_4", 0 0, L_0000025c58d988a0;  1 drivers
v0000025c58c9f4d0_0 .net *"_ivl_6", 0 0, L_0000025c58d99d30;  1 drivers
v0000025c58c9f250_0 .net *"_ivl_8", 0 0, L_0000025c58d99e10;  1 drivers
v0000025c58c9f2f0_0 .net "a", 0 0, L_0000025c58cf3b70;  1 drivers
v0000025c58c9f430_0 .net "b", 0 0, L_0000025c58cf4070;  1 drivers
v0000025c58c9f610_0 .net "cin", 0 0, L_0000025c58cf4890;  1 drivers
v0000025c58c9fc50_0 .net "cout", 0 0, L_0000025c58d99e80;  1 drivers
v0000025c58ca0290_0 .net "sum", 0 0, L_0000025c58d9a190;  1 drivers
S_0000025c58ca5b50 .scope generate, "fa_gen[29]" "fa_gen[29]" 9 17, 9 17 0, S_0000025c58c90150;
 .timescale 0 0;
P_0000025c58ba42c0 .param/l "i" 0 9 17, +C4<011101>;
S_0000025c58ca6190 .scope module, "fa" "full_adder" 9 18, 9 33 0, S_0000025c58ca5b50;
 .timescale 0 0;
    .port_info 0 /INPUT 1 "a";
    .port_info 1 /INPUT 1 "b";
    .port_info 2 /INPUT 1 "cin";
    .port_info 3 /OUTPUT 1 "sum";
    .port_info 4 /OUTPUT 1 "cout";
L_0000025c58d99710 .functor XOR 1, L_0000025c58cf4c50, L_0000025c58cf2950, C4<0>, C4<0>;
L_0000025c58d99780 .functor XOR 1, L_0000025c58d99710, L_0000025c58cf2ef0, C4<0>, C4<0>;
L_0000025c58d98980 .functor AND 1, L_0000025c58cf4c50, L_0000025c58cf2950, C4<1>, C4<1>;
L_0000025c58d997f0 .functor XOR 1, L_0000025c58cf4c50, L_0000025c58cf2950, C4<0>, C4<0>;
L_0000025c58d99860 .functor AND 1, L_0000025c58cf2ef0, L_0000025c58d997f0, C4<1>, C4<1>;
L_0000025c58d98a60 .functor OR 1, L_0000025c58d98980, L_0000025c58d99860, C4<0>, C4<0>;
v0000025c58c9fe30_0 .net *"_ivl_0", 0 0, L_0000025c58d99710;  1 drivers
v0000025c58c9f9d0_0 .net *"_ivl_4", 0 0, L_0000025c58d98980;  1 drivers
v0000025c58c9f750_0 .net *"_ivl_6", 0 0, L_0000025c58d997f0;  1 drivers
v0000025c58ca0150_0 .net *"_ivl_8", 0 0, L_0000025c58d99860;  1 drivers
v0000025c58c9fbb0_0 .net "a", 0 0, L_0000025c58cf4c50;  1 drivers
v0000025c58c9f6b0_0 .net "b", 0 0, L_0000025c58cf2950;  1 drivers
v0000025c58c9f7f0_0 .net "cin", 0 0, L_0000025c58cf2ef0;  1 drivers
v0000025c58c9f890_0 .net "cout", 0 0, L_0000025c58d98a60;  1 drivers
v0000025c58c9f930_0 .net "sum", 0 0, L_0000025c58d99780;  1 drivers
S_0000025c58cb9000 .scope generate, "fa_gen[30]" "fa_gen[30]" 9 17, 9 17 0, S_0000025c58c90150;
 .timescale 0 0;
P_0000025c58ba4300 .param/l "i" 0 9 17, +C4<011110>;
S_0000025c58cb9190 .scope module, "fa" "full_adder" 9 18, 9 33 0, S_0000025c58cb9000;
 .timescale 0 0;
    .port_info 0 /INPUT 1 "a";
    .port_info 1 /INPUT 1 "b";
    .port_info 2 /INPUT 1 "cin";
    .port_info 3 /OUTPUT 1 "sum";
    .port_info 4 /OUTPUT 1 "cout";
L_0000025c58d98ad0 .functor XOR 1, L_0000025c58cf29f0, L_0000025c58cf3710, C4<0>, C4<0>;
L_0000025c58d9ac10 .functor XOR 1, L_0000025c58d98ad0, L_0000025c58cf41b0, C4<0>, C4<0>;
L_0000025c58d9b310 .functor AND 1, L_0000025c58cf29f0, L_0000025c58cf3710, C4<1>, C4<1>;
L_0000025c58d9bd90 .functor XOR 1, L_0000025c58cf29f0, L_0000025c58cf3710, C4<0>, C4<0>;
L_0000025c58d9baf0 .functor AND 1, L_0000025c58cf41b0, L_0000025c58d9bd90, C4<1>, C4<1>;
L_0000025c58d9b5b0 .functor OR 1, L_0000025c58d9b310, L_0000025c58d9baf0, C4<0>, C4<0>;
v0000025c58c9fb10_0 .net *"_ivl_0", 0 0, L_0000025c58d98ad0;  1 drivers
v0000025c58c9fa70_0 .net *"_ivl_4", 0 0, L_0000025c58d9b310;  1 drivers
v0000025c58c9fcf0_0 .net *"_ivl_6", 0 0, L_0000025c58d9bd90;  1 drivers
v0000025c58c9fd90_0 .net *"_ivl_8", 0 0, L_0000025c58d9baf0;  1 drivers
v0000025c58c9fed0_0 .net "a", 0 0, L_0000025c58cf29f0;  1 drivers
v0000025c58ca0330_0 .net "b", 0 0, L_0000025c58cf3710;  1 drivers
v0000025c58c9f570_0 .net "cin", 0 0, L_0000025c58cf41b0;  1 drivers
v0000025c58c9ff70_0 .net "cout", 0 0, L_0000025c58d9b5b0;  1 drivers
v0000025c58ca0010_0 .net "sum", 0 0, L_0000025c58d9ac10;  1 drivers
S_0000025c58cb8380 .scope generate, "fa_gen[31]" "fa_gen[31]" 9 17, 9 17 0, S_0000025c58c90150;
 .timescale 0 0;
P_0000025c58ba4400 .param/l "i" 0 9 17, +C4<011111>;
S_0000025c58cb9320 .scope module, "fa" "full_adder" 9 18, 9 33 0, S_0000025c58cb8380;
 .timescale 0 0;
    .port_info 0 /INPUT 1 "a";
    .port_info 1 /INPUT 1 "b";
    .port_info 2 /INPUT 1 "cin";
    .port_info 3 /OUTPUT 1 "sum";
    .port_info 4 /OUTPUT 1 "cout";
L_0000025c58d9aac0 .functor XOR 1, L_0000025c58cf2f90, L_0000025c58cf3850, C4<0>, C4<0>;
L_0000025c58d9ba80 .functor XOR 1, L_0000025c58d9aac0, L_0000025c58cf49d0, C4<0>, C4<0>;
L_0000025c58d9b0e0 .functor AND 1, L_0000025c58cf2f90, L_0000025c58cf3850, C4<1>, C4<1>;
L_0000025c58d9b070 .functor XOR 1, L_0000025c58cf2f90, L_0000025c58cf3850, C4<0>, C4<0>;
L_0000025c58d9b620 .functor AND 1, L_0000025c58cf49d0, L_0000025c58d9b070, C4<1>, C4<1>;
L_0000025c58d9af20 .functor OR 1, L_0000025c58d9b0e0, L_0000025c58d9b620, C4<0>, C4<0>;
v0000025c58ca03d0_0 .net *"_ivl_0", 0 0, L_0000025c58d9aac0;  1 drivers
v0000025c58ca00b0_0 .net *"_ivl_4", 0 0, L_0000025c58d9b0e0;  1 drivers
v0000025c58ca01f0_0 .net *"_ivl_6", 0 0, L_0000025c58d9b070;  1 drivers
v0000025c58c92550_0 .net *"_ivl_8", 0 0, L_0000025c58d9b620;  1 drivers
v0000025c58c92cd0_0 .net "a", 0 0, L_0000025c58cf2f90;  1 drivers
v0000025c58c91790_0 .net "b", 0 0, L_0000025c58cf3850;  1 drivers
v0000025c58c929b0_0 .net "cin", 0 0, L_0000025c58cf49d0;  1 drivers
v0000025c58c915b0_0 .net "cout", 0 0, L_0000025c58d9af20;  1 drivers
v0000025c58c925f0_0 .net "sum", 0 0, L_0000025c58d9ba80;  1 drivers
S_0000025c58cb9e10 .scope module, "rca_sub" "ripple_carry_adder" 6 50, 9 3 0, S_0000025c5886d120;
 .timescale 0 0;
    .port_info 0 /INPUT 32 "A";
    .port_info 1 /INPUT 32 "B";
    .port_info 2 /INPUT 1 "Cin";
    .port_info 3 /OUTPUT 32 "Sum";
    .port_info 4 /OUTPUT 1 "Cout";
    .port_info 5 /OUTPUT 1 "Overflow";
L_0000025c58d132b0 .functor BUFT 1, C4<1>, C4<0>, C4<0>, C4<0>;
L_0000025c58d88cf0 .functor BUFZ 1, L_0000025c58d132b0, C4<0>, C4<0>, C4<0>;
L_0000025c58d89540 .functor XOR 1, L_0000025c58d0e470, L_0000025c58d0ed30, C4<0>, C4<0>;
v0000025c58cc4960_0 .net "A", 31 0, v0000025c58cddb90_0;  alias, 1 drivers
v0000025c58cc4aa0_0 .net "B", 31 0, L_0000025c58d88f20;  1 drivers
v0000025c58cc4f00_0 .net "Cin", 0 0, L_0000025c58d132b0;  1 drivers
v0000025c58cc50e0_0 .net "Cout", 0 0, L_0000025c58d0f2d0;  alias, 1 drivers
v0000025c58cc5c20_0 .net "Overflow", 0 0, L_0000025c58d89540;  alias, 1 drivers
v0000025c58cc4c80_0 .net "Sum", 31 0, L_0000025c58d0fc30;  alias, 1 drivers
v0000025c58cc5220_0 .net *"_ivl_229", 0 0, L_0000025c58d88cf0;  1 drivers
v0000025c58cc5360_0 .net *"_ivl_233", 0 0, L_0000025c58d0e470;  1 drivers
v0000025c58cc54a0_0 .net *"_ivl_235", 0 0, L_0000025c58d0ed30;  1 drivers
v0000025c58cc5540_0 .net "carry", 32 0, L_0000025c58d0e3d0;  1 drivers
L_0000025c58d0c850 .part v0000025c58cddb90_0, 0, 1;
L_0000025c58d0d890 .part L_0000025c58d88f20, 0, 1;
L_0000025c58d0ca30 .part L_0000025c58d0e3d0, 0, 1;
L_0000025c58d0bc70 .part v0000025c58cddb90_0, 1, 1;
L_0000025c58d0bb30 .part L_0000025c58d88f20, 1, 1;
L_0000025c58d0d570 .part L_0000025c58d0e3d0, 1, 1;
L_0000025c58d0dc50 .part v0000025c58cddb90_0, 2, 1;
L_0000025c58d0e010 .part L_0000025c58d88f20, 2, 1;
L_0000025c58d0dd90 .part L_0000025c58d0e3d0, 2, 1;
L_0000025c58d0dcf0 .part v0000025c58cddb90_0, 3, 1;
L_0000025c58d0ccb0 .part L_0000025c58d88f20, 3, 1;
L_0000025c58d0cf30 .part L_0000025c58d0e3d0, 3, 1;
L_0000025c58d0de30 .part v0000025c58cddb90_0, 4, 1;
L_0000025c58d0bd10 .part L_0000025c58d88f20, 4, 1;
L_0000025c58d0cc10 .part L_0000025c58d0e3d0, 4, 1;
L_0000025c58d0cfd0 .part v0000025c58cddb90_0, 5, 1;
L_0000025c58d0d070 .part L_0000025c58d88f20, 5, 1;
L_0000025c58d0be50 .part L_0000025c58d0e3d0, 5, 1;
L_0000025c58d0c350 .part v0000025c58cddb90_0, 6, 1;
L_0000025c58d0ded0 .part L_0000025c58d88f20, 6, 1;
L_0000025c58d0c8f0 .part L_0000025c58d0e3d0, 6, 1;
L_0000025c58d0bdb0 .part v0000025c58cddb90_0, 7, 1;
L_0000025c58d0c490 .part L_0000025c58d88f20, 7, 1;
L_0000025c58d0db10 .part L_0000025c58d0e3d0, 7, 1;
L_0000025c58d0d110 .part v0000025c58cddb90_0, 8, 1;
L_0000025c58d0d390 .part L_0000025c58d88f20, 8, 1;
L_0000025c58d0ce90 .part L_0000025c58d0e3d0, 8, 1;
L_0000025c58d0cd50 .part v0000025c58cddb90_0, 9, 1;
L_0000025c58d0bf90 .part L_0000025c58d88f20, 9, 1;
L_0000025c58d0ba90 .part L_0000025c58d0e3d0, 9, 1;
L_0000025c58d0c5d0 .part v0000025c58cddb90_0, 10, 1;
L_0000025c58d0d1b0 .part L_0000025c58d88f20, 10, 1;
L_0000025c58d0d250 .part L_0000025c58d0e3d0, 10, 1;
L_0000025c58d0cdf0 .part v0000025c58cddb90_0, 11, 1;
L_0000025c58d0c2b0 .part L_0000025c58d88f20, 11, 1;
L_0000025c58d0d2f0 .part L_0000025c58d0e3d0, 11, 1;
L_0000025c58d0d930 .part v0000025c58cddb90_0, 12, 1;
L_0000025c58d0d430 .part L_0000025c58d88f20, 12, 1;
L_0000025c58d0b950 .part L_0000025c58d0e3d0, 12, 1;
L_0000025c58d0c990 .part v0000025c58cddb90_0, 13, 1;
L_0000025c58d0d610 .part L_0000025c58d88f20, 13, 1;
L_0000025c58d0bef0 .part L_0000025c58d0e3d0, 13, 1;
L_0000025c58d0d6b0 .part v0000025c58cddb90_0, 14, 1;
L_0000025c58d0c030 .part L_0000025c58d88f20, 14, 1;
L_0000025c58d0d750 .part L_0000025c58d0e3d0, 14, 1;
L_0000025c58d0d9d0 .part v0000025c58cddb90_0, 15, 1;
L_0000025c58d0da70 .part L_0000025c58d88f20, 15, 1;
L_0000025c58d0e0b0 .part L_0000025c58d0e3d0, 15, 1;
L_0000025c58d0b9f0 .part v0000025c58cddb90_0, 16, 1;
L_0000025c58d0c170 .part L_0000025c58d88f20, 16, 1;
L_0000025c58d0c530 .part L_0000025c58d0e3d0, 16, 1;
L_0000025c58d0c0d0 .part v0000025c58cddb90_0, 17, 1;
L_0000025c58d0c210 .part L_0000025c58d88f20, 17, 1;
L_0000025c58d0c3f0 .part L_0000025c58d0e3d0, 17, 1;
L_0000025c58d0c670 .part v0000025c58cddb90_0, 18, 1;
L_0000025c58d0f690 .part L_0000025c58d88f20, 18, 1;
L_0000025c58d101d0 .part L_0000025c58d0e3d0, 18, 1;
L_0000025c58d108b0 .part v0000025c58cddb90_0, 19, 1;
L_0000025c58d10590 .part L_0000025c58d88f20, 19, 1;
L_0000025c58d10270 .part L_0000025c58d0e3d0, 19, 1;
L_0000025c58d0edd0 .part v0000025c58cddb90_0, 20, 1;
L_0000025c58d0e8d0 .part L_0000025c58d88f20, 20, 1;
L_0000025c58d0e970 .part L_0000025c58d0e3d0, 20, 1;
L_0000025c58d0e510 .part v0000025c58cddb90_0, 21, 1;
L_0000025c58d10310 .part L_0000025c58d88f20, 21, 1;
L_0000025c58d0eab0 .part L_0000025c58d0e3d0, 21, 1;
L_0000025c58d0e650 .part v0000025c58cddb90_0, 22, 1;
L_0000025c58d0ea10 .part L_0000025c58d88f20, 22, 1;
L_0000025c58d0ee70 .part L_0000025c58d0e3d0, 22, 1;
L_0000025c58d0ebf0 .part v0000025c58cddb90_0, 23, 1;
L_0000025c58d0e6f0 .part L_0000025c58d88f20, 23, 1;
L_0000025c58d0fa50 .part L_0000025c58d0e3d0, 23, 1;
L_0000025c58d0e790 .part v0000025c58cddb90_0, 24, 1;
L_0000025c58d106d0 .part L_0000025c58d88f20, 24, 1;
L_0000025c58d10810 .part L_0000025c58d0e3d0, 24, 1;
L_0000025c58d10770 .part v0000025c58cddb90_0, 25, 1;
L_0000025c58d0e290 .part L_0000025c58d88f20, 25, 1;
L_0000025c58d103b0 .part L_0000025c58d0e3d0, 25, 1;
L_0000025c58d0fcd0 .part v0000025c58cddb90_0, 26, 1;
L_0000025c58d0f910 .part L_0000025c58d88f20, 26, 1;
L_0000025c58d0f730 .part L_0000025c58d0e3d0, 26, 1;
L_0000025c58d10450 .part v0000025c58cddb90_0, 27, 1;
L_0000025c58d0e150 .part L_0000025c58d88f20, 27, 1;
L_0000025c58d0f370 .part L_0000025c58d0e3d0, 27, 1;
L_0000025c58d104f0 .part v0000025c58cddb90_0, 28, 1;
L_0000025c58d0ef10 .part L_0000025c58d88f20, 28, 1;
L_0000025c58d0ec90 .part L_0000025c58d0e3d0, 28, 1;
L_0000025c58d0f7d0 .part v0000025c58cddb90_0, 29, 1;
L_0000025c58d0eb50 .part L_0000025c58d88f20, 29, 1;
L_0000025c58d0e1f0 .part L_0000025c58d0e3d0, 29, 1;
L_0000025c58d0f410 .part v0000025c58cddb90_0, 30, 1;
L_0000025c58d10630 .part L_0000025c58d88f20, 30, 1;
L_0000025c58d0f190 .part L_0000025c58d0e3d0, 30, 1;
L_0000025c58d0e330 .part v0000025c58cddb90_0, 31, 1;
L_0000025c58d0f4b0 .part L_0000025c58d88f20, 31, 1;
L_0000025c58d0e830 .part L_0000025c58d0e3d0, 31, 1;
LS_0000025c58d0fc30_0_0 .concat8 [ 1 1 1 1], L_0000025c58d8c4f0, L_0000025c58d8d590, L_0000025c58d8d8a0, L_0000025c58d8cf70;
LS_0000025c58d0fc30_0_4 .concat8 [ 1 1 1 1], L_0000025c58d8bf40, L_0000025c58d8bfb0, L_0000025c58d8c020, L_0000025c58d8c2c0;
LS_0000025c58d0fc30_0_8 .concat8 [ 1 1 1 1], L_0000025c58d8d360, L_0000025c58d8dec0, L_0000025c58d8dbb0, L_0000025c58d8e6a0;
LS_0000025c58d0fc30_0_12 .concat8 [ 1 1 1 1], L_0000025c58d8d9f0, L_0000025c58d8e400, L_0000025c58d87ef0, L_0000025c58d86c90;
LS_0000025c58d0fc30_0_16 .concat8 [ 1 1 1 1], L_0000025c58d88430, L_0000025c58d87390, L_0000025c58d87860, L_0000025c58d884a0;
LS_0000025c58d0fc30_0_20 .concat8 [ 1 1 1 1], L_0000025c58d87710, L_0000025c58d87be0, L_0000025c58d86a60, L_0000025c58d87010;
LS_0000025c58d0fc30_0_24 .concat8 [ 1 1 1 1], L_0000025c58d87470, L_0000025c58d8a030, L_0000025c58d89a10, L_0000025c58d89e00;
LS_0000025c58d0fc30_0_28 .concat8 [ 1 1 1 1], L_0000025c58d88ba0, L_0000025c58d88ac0, L_0000025c58d89f50, L_0000025c58d89e70;
LS_0000025c58d0fc30_1_0 .concat8 [ 4 4 4 4], LS_0000025c58d0fc30_0_0, LS_0000025c58d0fc30_0_4, LS_0000025c58d0fc30_0_8, LS_0000025c58d0fc30_0_12;
LS_0000025c58d0fc30_1_4 .concat8 [ 4 4 4 4], LS_0000025c58d0fc30_0_16, LS_0000025c58d0fc30_0_20, LS_0000025c58d0fc30_0_24, LS_0000025c58d0fc30_0_28;
L_0000025c58d0fc30 .concat8 [ 16 16 0 0], LS_0000025c58d0fc30_1_0, LS_0000025c58d0fc30_1_4;
LS_0000025c58d0e3d0_0_0 .concat8 [ 1 1 1 1], L_0000025c58d88cf0, L_0000025c58d8ce90, L_0000025c58d8d600, L_0000025c58d8c480;
LS_0000025c58d0e3d0_0_4 .concat8 [ 1 1 1 1], L_0000025c58d8d910, L_0000025c58d8d2f0, L_0000025c58d8ca30, L_0000025c58d8caa0;
LS_0000025c58d0e3d0_0_8 .concat8 [ 1 1 1 1], L_0000025c58d8c790, L_0000025c58d8dd70, L_0000025c58d8e240, L_0000025c58d8dfa0;
LS_0000025c58d0e3d0_0_12 .concat8 [ 1 1 1 1], L_0000025c58d8e470, L_0000025c58d8e7f0, L_0000025c58d8e5c0, L_0000025c58d88510;
LS_0000025c58d0e3d0_0_16 .concat8 [ 1 1 1 1], L_0000025c58d871d0, L_0000025c58d87b70, L_0000025c58d86d00, L_0000025c58d870f0;
LS_0000025c58d0e3d0_0_20 .concat8 [ 1 1 1 1], L_0000025c58d872b0, L_0000025c58d87780, L_0000025c58d87550, L_0000025c58d87e80;
LS_0000025c58d0e3d0_0_24 .concat8 [ 1 1 1 1], L_0000025c58d87080, L_0000025c58d89460, L_0000025c58d88660, L_0000025c58d89620;
LS_0000025c58d0e3d0_0_28 .concat8 [ 1 1 1 1], L_0000025c58d89690, L_0000025c58d88a50, L_0000025c58d88e40, L_0000025c58d89bd0;
LS_0000025c58d0e3d0_0_32 .concat8 [ 1 0 0 0], L_0000025c58d89fc0;
LS_0000025c58d0e3d0_1_0 .concat8 [ 4 4 4 4], LS_0000025c58d0e3d0_0_0, LS_0000025c58d0e3d0_0_4, LS_0000025c58d0e3d0_0_8, LS_0000025c58d0e3d0_0_12;
LS_0000025c58d0e3d0_1_4 .concat8 [ 4 4 4 4], LS_0000025c58d0e3d0_0_16, LS_0000025c58d0e3d0_0_20, LS_0000025c58d0e3d0_0_24, LS_0000025c58d0e3d0_0_28;
LS_0000025c58d0e3d0_1_8 .concat8 [ 1 0 0 0], LS_0000025c58d0e3d0_0_32;
L_0000025c58d0e3d0 .concat8 [ 16 16 1 0], LS_0000025c58d0e3d0_1_0, LS_0000025c58d0e3d0_1_4, LS_0000025c58d0e3d0_1_8;
L_0000025c58d0f2d0 .part L_0000025c58d0e3d0, 32, 1;
L_0000025c58d0e470 .part L_0000025c58d0e3d0, 31, 1;
L_0000025c58d0ed30 .part L_0000025c58d0e3d0, 32, 1;
S_0000025c58cb86a0 .scope generate, "fa_gen[0]" "fa_gen[0]" 9 17, 9 17 0, S_0000025c58cb9e10;
 .timescale 0 0;
P_0000025c58ba4540 .param/l "i" 0 9 17, +C4<00>;
S_0000025c58cb81f0 .scope module, "fa" "full_adder" 9 18, 9 33 0, S_0000025c58cb86a0;
 .timescale 0 0;
    .port_info 0 /INPUT 1 "a";
    .port_info 1 /INPUT 1 "b";
    .port_info 2 /INPUT 1 "cin";
    .port_info 3 /OUTPUT 1 "sum";
    .port_info 4 /OUTPUT 1 "cout";
L_0000025c58d8cd40 .functor XOR 1, L_0000025c58d0c850, L_0000025c58d0d890, C4<0>, C4<0>;
L_0000025c58d8c4f0 .functor XOR 1, L_0000025c58d8cd40, L_0000025c58d0ca30, C4<0>, C4<0>;
L_0000025c58d8c3a0 .functor AND 1, L_0000025c58d0c850, L_0000025c58d0d890, C4<1>, C4<1>;
L_0000025c58d8d830 .functor XOR 1, L_0000025c58d0c850, L_0000025c58d0d890, C4<0>, C4<0>;
L_0000025c58d8d3d0 .functor AND 1, L_0000025c58d0ca30, L_0000025c58d8d830, C4<1>, C4<1>;
L_0000025c58d8ce90 .functor OR 1, L_0000025c58d8c3a0, L_0000025c58d8d3d0, C4<0>, C4<0>;
v0000025c58c92410_0 .net *"_ivl_0", 0 0, L_0000025c58d8cd40;  1 drivers
v0000025c58c91970_0 .net *"_ivl_4", 0 0, L_0000025c58d8c3a0;  1 drivers
v0000025c58c91330_0 .net *"_ivl_6", 0 0, L_0000025c58d8d830;  1 drivers
v0000025c58c90ed0_0 .net *"_ivl_8", 0 0, L_0000025c58d8d3d0;  1 drivers
v0000025c58c91b50_0 .net "a", 0 0, L_0000025c58d0c850;  1 drivers
v0000025c58c922d0_0 .net "b", 0 0, L_0000025c58d0d890;  1 drivers
v0000025c58c909d0_0 .net "cin", 0 0, L_0000025c58d0ca30;  1 drivers
v0000025c58c92730_0 .net "cout", 0 0, L_0000025c58d8ce90;  1 drivers
v0000025c58c91010_0 .net "sum", 0 0, L_0000025c58d8c4f0;  1 drivers
S_0000025c58cb9960 .scope generate, "fa_gen[1]" "fa_gen[1]" 9 17, 9 17 0, S_0000025c58cb9e10;
 .timescale 0 0;
P_0000025c58ba4940 .param/l "i" 0 9 17, +C4<01>;
S_0000025c58cb9640 .scope module, "fa" "full_adder" 9 18, 9 33 0, S_0000025c58cb9960;
 .timescale 0 0;
    .port_info 0 /INPUT 1 "a";
    .port_info 1 /INPUT 1 "b";
    .port_info 2 /INPUT 1 "cin";
    .port_info 3 /OUTPUT 1 "sum";
    .port_info 4 /OUTPUT 1 "cout";
L_0000025c58d8c1e0 .functor XOR 1, L_0000025c58d0bc70, L_0000025c58d0bb30, C4<0>, C4<0>;
L_0000025c58d8d590 .functor XOR 1, L_0000025c58d8c1e0, L_0000025c58d0d570, C4<0>, C4<0>;
L_0000025c58d8c5d0 .functor AND 1, L_0000025c58d0bc70, L_0000025c58d0bb30, C4<1>, C4<1>;
L_0000025c58d8d280 .functor XOR 1, L_0000025c58d0bc70, L_0000025c58d0bb30, C4<0>, C4<0>;
L_0000025c58d8d440 .functor AND 1, L_0000025c58d0d570, L_0000025c58d8d280, C4<1>, C4<1>;
L_0000025c58d8d600 .functor OR 1, L_0000025c58d8c5d0, L_0000025c58d8d440, C4<0>, C4<0>;
v0000025c58c907f0_0 .net *"_ivl_0", 0 0, L_0000025c58d8c1e0;  1 drivers
v0000025c58c91d30_0 .net *"_ivl_4", 0 0, L_0000025c58d8c5d0;  1 drivers
v0000025c58c91510_0 .net *"_ivl_6", 0 0, L_0000025c58d8d280;  1 drivers
v0000025c58c91a10_0 .net *"_ivl_8", 0 0, L_0000025c58d8d440;  1 drivers
v0000025c58c927d0_0 .net "a", 0 0, L_0000025c58d0bc70;  1 drivers
v0000025c58c911f0_0 .net "b", 0 0, L_0000025c58d0bb30;  1 drivers
v0000025c58c91ab0_0 .net "cin", 0 0, L_0000025c58d0d570;  1 drivers
v0000025c58c91470_0 .net "cout", 0 0, L_0000025c58d8d600;  1 drivers
v0000025c58c91bf0_0 .net "sum", 0 0, L_0000025c58d8d590;  1 drivers
S_0000025c58cb9af0 .scope generate, "fa_gen[2]" "fa_gen[2]" 9 17, 9 17 0, S_0000025c58cb9e10;
 .timescale 0 0;
P_0000025c58ba4bc0 .param/l "i" 0 9 17, +C4<010>;
S_0000025c58cb9c80 .scope module, "fa" "full_adder" 9 18, 9 33 0, S_0000025c58cb9af0;
 .timescale 0 0;
    .port_info 0 /INPUT 1 "a";
    .port_info 1 /INPUT 1 "b";
    .port_info 2 /INPUT 1 "cin";
    .port_info 3 /OUTPUT 1 "sum";
    .port_info 4 /OUTPUT 1 "cout";
L_0000025c58d8c640 .functor XOR 1, L_0000025c58d0dc50, L_0000025c58d0e010, C4<0>, C4<0>;
L_0000025c58d8d8a0 .functor XOR 1, L_0000025c58d8c640, L_0000025c58d0dd90, C4<0>, C4<0>;
L_0000025c58d8d7c0 .functor AND 1, L_0000025c58d0dc50, L_0000025c58d0e010, C4<1>, C4<1>;
L_0000025c58d8be60 .functor XOR 1, L_0000025c58d0dc50, L_0000025c58d0e010, C4<0>, C4<0>;
L_0000025c58d8c410 .functor AND 1, L_0000025c58d0dd90, L_0000025c58d8be60, C4<1>, C4<1>;
L_0000025c58d8c480 .functor OR 1, L_0000025c58d8d7c0, L_0000025c58d8c410, C4<0>, C4<0>;
v0000025c58c916f0_0 .net *"_ivl_0", 0 0, L_0000025c58d8c640;  1 drivers
v0000025c58c90750_0 .net *"_ivl_4", 0 0, L_0000025c58d8d7c0;  1 drivers
v0000025c58c90bb0_0 .net *"_ivl_6", 0 0, L_0000025c58d8be60;  1 drivers
v0000025c58c90890_0 .net *"_ivl_8", 0 0, L_0000025c58d8c410;  1 drivers
v0000025c58c92af0_0 .net "a", 0 0, L_0000025c58d0dc50;  1 drivers
v0000025c58c92870_0 .net "b", 0 0, L_0000025c58d0e010;  1 drivers
v0000025c58c90610_0 .net "cin", 0 0, L_0000025c58d0dd90;  1 drivers
v0000025c58c90a70_0 .net "cout", 0 0, L_0000025c58d8c480;  1 drivers
v0000025c58c91650_0 .net "sum", 0 0, L_0000025c58d8d8a0;  1 drivers
S_0000025c58cb8b50 .scope generate, "fa_gen[3]" "fa_gen[3]" 9 17, 9 17 0, S_0000025c58cb9e10;
 .timescale 0 0;
P_0000025c58ba45c0 .param/l "i" 0 9 17, +C4<011>;
S_0000025c58cb94b0 .scope module, "fa" "full_adder" 9 18, 9 33 0, S_0000025c58cb8b50;
 .timescale 0 0;
    .port_info 0 /INPUT 1 "a";
    .port_info 1 /INPUT 1 "b";
    .port_info 2 /INPUT 1 "cin";
    .port_info 3 /OUTPUT 1 "sum";
    .port_info 4 /OUTPUT 1 "cout";
L_0000025c58d8c8e0 .functor XOR 1, L_0000025c58d0dcf0, L_0000025c58d0ccb0, C4<0>, C4<0>;
L_0000025c58d8cf70 .functor XOR 1, L_0000025c58d8c8e0, L_0000025c58d0cf30, C4<0>, C4<0>;
L_0000025c58d8c950 .functor AND 1, L_0000025c58d0dcf0, L_0000025c58d0ccb0, C4<1>, C4<1>;
L_0000025c58d8c100 .functor XOR 1, L_0000025c58d0dcf0, L_0000025c58d0ccb0, C4<0>, C4<0>;
L_0000025c58d8d4b0 .functor AND 1, L_0000025c58d0cf30, L_0000025c58d8c100, C4<1>, C4<1>;
L_0000025c58d8d910 .functor OR 1, L_0000025c58d8c950, L_0000025c58d8d4b0, C4<0>, C4<0>;
v0000025c58c90930_0 .net *"_ivl_0", 0 0, L_0000025c58d8c8e0;  1 drivers
v0000025c58c92230_0 .net *"_ivl_4", 0 0, L_0000025c58d8c950;  1 drivers
v0000025c58c91150_0 .net *"_ivl_6", 0 0, L_0000025c58d8c100;  1 drivers
v0000025c58c92370_0 .net *"_ivl_8", 0 0, L_0000025c58d8d4b0;  1 drivers
v0000025c58c91290_0 .net "a", 0 0, L_0000025c58d0dcf0;  1 drivers
v0000025c58c90b10_0 .net "b", 0 0, L_0000025c58d0ccb0;  1 drivers
v0000025c58c92910_0 .net "cin", 0 0, L_0000025c58d0cf30;  1 drivers
v0000025c58c90c50_0 .net "cout", 0 0, L_0000025c58d8d910;  1 drivers
v0000025c58c91830_0 .net "sum", 0 0, L_0000025c58d8cf70;  1 drivers
S_0000025c58cb8060 .scope generate, "fa_gen[4]" "fa_gen[4]" 9 17, 9 17 0, S_0000025c58cb9e10;
 .timescale 0 0;
P_0000025c58ba4600 .param/l "i" 0 9 17, +C4<0100>;
S_0000025c58cb8e70 .scope module, "fa" "full_adder" 9 18, 9 33 0, S_0000025c58cb8060;
 .timescale 0 0;
    .port_info 0 /INPUT 1 "a";
    .port_info 1 /INPUT 1 "b";
    .port_info 2 /INPUT 1 "cin";
    .port_info 3 /OUTPUT 1 "sum";
    .port_info 4 /OUTPUT 1 "cout";
L_0000025c58d8bed0 .functor XOR 1, L_0000025c58d0de30, L_0000025c58d0bd10, C4<0>, C4<0>;
L_0000025c58d8bf40 .functor XOR 1, L_0000025c58d8bed0, L_0000025c58d0cc10, C4<0>, C4<0>;
L_0000025c58d8cc60 .functor AND 1, L_0000025c58d0de30, L_0000025c58d0bd10, C4<1>, C4<1>;
L_0000025c58d8cfe0 .functor XOR 1, L_0000025c58d0de30, L_0000025c58d0bd10, C4<0>, C4<0>;
L_0000025c58d8d670 .functor AND 1, L_0000025c58d0cc10, L_0000025c58d8cfe0, C4<1>, C4<1>;
L_0000025c58d8d2f0 .functor OR 1, L_0000025c58d8cc60, L_0000025c58d8d670, C4<0>, C4<0>;
v0000025c58c92b90_0 .net *"_ivl_0", 0 0, L_0000025c58d8bed0;  1 drivers
v0000025c58c91c90_0 .net *"_ivl_4", 0 0, L_0000025c58d8cc60;  1 drivers
v0000025c58c90f70_0 .net *"_ivl_6", 0 0, L_0000025c58d8cfe0;  1 drivers
v0000025c58c92c30_0 .net *"_ivl_8", 0 0, L_0000025c58d8d670;  1 drivers
v0000025c58c90cf0_0 .net "a", 0 0, L_0000025c58d0de30;  1 drivers
v0000025c58c913d0_0 .net "b", 0 0, L_0000025c58d0bd10;  1 drivers
v0000025c58c90d90_0 .net "cin", 0 0, L_0000025c58d0cc10;  1 drivers
v0000025c58c918d0_0 .net "cout", 0 0, L_0000025c58d8d2f0;  1 drivers
v0000025c58c91f10_0 .net "sum", 0 0, L_0000025c58d8bf40;  1 drivers
S_0000025c58cb97d0 .scope generate, "fa_gen[5]" "fa_gen[5]" 9 17, 9 17 0, S_0000025c58cb9e10;
 .timescale 0 0;
P_0000025c58ba46c0 .param/l "i" 0 9 17, +C4<0101>;
S_0000025c58cb8510 .scope module, "fa" "full_adder" 9 18, 9 33 0, S_0000025c58cb97d0;
 .timescale 0 0;
    .port_info 0 /INPUT 1 "a";
    .port_info 1 /INPUT 1 "b";
    .port_info 2 /INPUT 1 "cin";
    .port_info 3 /OUTPUT 1 "sum";
    .port_info 4 /OUTPUT 1 "cout";
L_0000025c58d8c6b0 .functor XOR 1, L_0000025c58d0cfd0, L_0000025c58d0d070, C4<0>, C4<0>;
L_0000025c58d8bfb0 .functor XOR 1, L_0000025c58d8c6b0, L_0000025c58d0be50, C4<0>, C4<0>;
L_0000025c58d8cf00 .functor AND 1, L_0000025c58d0cfd0, L_0000025c58d0d070, C4<1>, C4<1>;
L_0000025c58d8c720 .functor XOR 1, L_0000025c58d0cfd0, L_0000025c58d0d070, C4<0>, C4<0>;
L_0000025c58d8d210 .functor AND 1, L_0000025c58d0be50, L_0000025c58d8c720, C4<1>, C4<1>;
L_0000025c58d8ca30 .functor OR 1, L_0000025c58d8cf00, L_0000025c58d8d210, C4<0>, C4<0>;
v0000025c58c91dd0_0 .net *"_ivl_0", 0 0, L_0000025c58d8c6b0;  1 drivers
v0000025c58c91e70_0 .net *"_ivl_4", 0 0, L_0000025c58d8cf00;  1 drivers
v0000025c58c91fb0_0 .net *"_ivl_6", 0 0, L_0000025c58d8c720;  1 drivers
v0000025c58cbdde0_0 .net *"_ivl_8", 0 0, L_0000025c58d8d210;  1 drivers
v0000025c58cbdf20_0 .net "a", 0 0, L_0000025c58d0cfd0;  1 drivers
v0000025c58cbece0_0 .net "b", 0 0, L_0000025c58d0d070;  1 drivers
v0000025c58cbe380_0 .net "cin", 0 0, L_0000025c58d0be50;  1 drivers
v0000025c58cbe920_0 .net "cout", 0 0, L_0000025c58d8ca30;  1 drivers
v0000025c58cbd020_0 .net "sum", 0 0, L_0000025c58d8bfb0;  1 drivers
S_0000025c58cb8830 .scope generate, "fa_gen[6]" "fa_gen[6]" 9 17, 9 17 0, S_0000025c58cb9e10;
 .timescale 0 0;
P_0000025c58ba49c0 .param/l "i" 0 9 17, +C4<0110>;
S_0000025c58cb89c0 .scope module, "fa" "full_adder" 9 18, 9 33 0, S_0000025c58cb8830;
 .timescale 0 0;
    .port_info 0 /INPUT 1 "a";
    .port_info 1 /INPUT 1 "b";
    .port_info 2 /INPUT 1 "cin";
    .port_info 3 /OUTPUT 1 "sum";
    .port_info 4 /OUTPUT 1 "cout";
L_0000025c58d8d520 .functor XOR 1, L_0000025c58d0c350, L_0000025c58d0ded0, C4<0>, C4<0>;
L_0000025c58d8c020 .functor XOR 1, L_0000025c58d8d520, L_0000025c58d0c8f0, C4<0>, C4<0>;
L_0000025c58d8d0c0 .functor AND 1, L_0000025c58d0c350, L_0000025c58d0ded0, C4<1>, C4<1>;
L_0000025c58d8c170 .functor XOR 1, L_0000025c58d0c350, L_0000025c58d0ded0, C4<0>, C4<0>;
L_0000025c58d8d130 .functor AND 1, L_0000025c58d0c8f0, L_0000025c58d8c170, C4<1>, C4<1>;
L_0000025c58d8caa0 .functor OR 1, L_0000025c58d8d0c0, L_0000025c58d8d130, C4<0>, C4<0>;
v0000025c58cbe880_0 .net *"_ivl_0", 0 0, L_0000025c58d8d520;  1 drivers
v0000025c58cbf000_0 .net *"_ivl_4", 0 0, L_0000025c58d8d0c0;  1 drivers
v0000025c58cbed80_0 .net *"_ivl_6", 0 0, L_0000025c58d8c170;  1 drivers
v0000025c58cbe9c0_0 .net *"_ivl_8", 0 0, L_0000025c58d8d130;  1 drivers
v0000025c58cbe7e0_0 .net "a", 0 0, L_0000025c58d0c350;  1 drivers
v0000025c58cbdc00_0 .net "b", 0 0, L_0000025c58d0ded0;  1 drivers
v0000025c58cbec40_0 .net "cin", 0 0, L_0000025c58d0c8f0;  1 drivers
v0000025c58cbd0c0_0 .net "cout", 0 0, L_0000025c58d8caa0;  1 drivers
v0000025c58cbee20_0 .net "sum", 0 0, L_0000025c58d8c020;  1 drivers
S_0000025c58cb8ce0 .scope generate, "fa_gen[7]" "fa_gen[7]" 9 17, 9 17 0, S_0000025c58cb9e10;
 .timescale 0 0;
P_0000025c58ba4a00 .param/l "i" 0 9 17, +C4<0111>;
S_0000025c58cccab0 .scope module, "fa" "full_adder" 9 18, 9 33 0, S_0000025c58cb8ce0;
 .timescale 0 0;
    .port_info 0 /INPUT 1 "a";
    .port_info 1 /INPUT 1 "b";
    .port_info 2 /INPUT 1 "cin";
    .port_info 3 /OUTPUT 1 "sum";
    .port_info 4 /OUTPUT 1 "cout";
L_0000025c58d8c250 .functor XOR 1, L_0000025c58d0bdb0, L_0000025c58d0c490, C4<0>, C4<0>;
L_0000025c58d8c2c0 .functor XOR 1, L_0000025c58d8c250, L_0000025c58d0db10, C4<0>, C4<0>;
L_0000025c58d8cb80 .functor AND 1, L_0000025c58d0bdb0, L_0000025c58d0c490, C4<1>, C4<1>;
L_0000025c58d8cbf0 .functor XOR 1, L_0000025c58d0bdb0, L_0000025c58d0c490, C4<0>, C4<0>;
L_0000025c58d8d1a0 .functor AND 1, L_0000025c58d0db10, L_0000025c58d8cbf0, C4<1>, C4<1>;
L_0000025c58d8c790 .functor OR 1, L_0000025c58d8cb80, L_0000025c58d8d1a0, C4<0>, C4<0>;
v0000025c58cbeb00_0 .net *"_ivl_0", 0 0, L_0000025c58d8c250;  1 drivers
v0000025c58cbe420_0 .net *"_ivl_4", 0 0, L_0000025c58d8cb80;  1 drivers
v0000025c58cbc940_0 .net *"_ivl_6", 0 0, L_0000025c58d8cbf0;  1 drivers
v0000025c58cbd340_0 .net *"_ivl_8", 0 0, L_0000025c58d8d1a0;  1 drivers
v0000025c58cbcee0_0 .net "a", 0 0, L_0000025c58d0bdb0;  1 drivers
v0000025c58cbdca0_0 .net "b", 0 0, L_0000025c58d0c490;  1 drivers
v0000025c58cbde80_0 .net "cin", 0 0, L_0000025c58d0db10;  1 drivers
v0000025c58cbea60_0 .net "cout", 0 0, L_0000025c58d8c790;  1 drivers
v0000025c58cbd660_0 .net "sum", 0 0, L_0000025c58d8c2c0;  1 drivers
S_0000025c58ccb020 .scope generate, "fa_gen[8]" "fa_gen[8]" 9 17, 9 17 0, S_0000025c58cb9e10;
 .timescale 0 0;
P_0000025c58ba4b00 .param/l "i" 0 9 17, +C4<01000>;
S_0000025c58ccd730 .scope module, "fa" "full_adder" 9 18, 9 33 0, S_0000025c58ccb020;
 .timescale 0 0;
    .port_info 0 /INPUT 1 "a";
    .port_info 1 /INPUT 1 "b";
    .port_info 2 /INPUT 1 "cin";
    .port_info 3 /OUTPUT 1 "sum";
    .port_info 4 /OUTPUT 1 "cout";
L_0000025c58d8c800 .functor XOR 1, L_0000025c58d0d110, L_0000025c58d0d390, C4<0>, C4<0>;
L_0000025c58d8d360 .functor XOR 1, L_0000025c58d8c800, L_0000025c58d0ce90, C4<0>, C4<0>;
L_0000025c58d8e780 .functor AND 1, L_0000025c58d0d110, L_0000025c58d0d390, C4<1>, C4<1>;
L_0000025c58d8d980 .functor XOR 1, L_0000025c58d0d110, L_0000025c58d0d390, C4<0>, C4<0>;
L_0000025c58d8dd00 .functor AND 1, L_0000025c58d0ce90, L_0000025c58d8d980, C4<1>, C4<1>;
L_0000025c58d8dd70 .functor OR 1, L_0000025c58d8e780, L_0000025c58d8dd00, C4<0>, C4<0>;
v0000025c58cbdfc0_0 .net *"_ivl_0", 0 0, L_0000025c58d8c800;  1 drivers
v0000025c58cbd520_0 .net *"_ivl_4", 0 0, L_0000025c58d8e780;  1 drivers
v0000025c58cbcf80_0 .net *"_ivl_6", 0 0, L_0000025c58d8d980;  1 drivers
v0000025c58cbeec0_0 .net *"_ivl_8", 0 0, L_0000025c58d8dd00;  1 drivers
v0000025c58cbe060_0 .net "a", 0 0, L_0000025c58d0d110;  1 drivers
v0000025c58cbeba0_0 .net "b", 0 0, L_0000025c58d0d390;  1 drivers
v0000025c58cbef60_0 .net "cin", 0 0, L_0000025c58d0ce90;  1 drivers
v0000025c58cbdd40_0 .net "cout", 0 0, L_0000025c58d8dd70;  1 drivers
v0000025c58cbd160_0 .net "sum", 0 0, L_0000025c58d8d360;  1 drivers
S_0000025c58ccd0f0 .scope generate, "fa_gen[9]" "fa_gen[9]" 9 17, 9 17 0, S_0000025c58cb9e10;
 .timescale 0 0;
P_0000025c58ba5340 .param/l "i" 0 9 17, +C4<01001>;
S_0000025c58ccc600 .scope module, "fa" "full_adder" 9 18, 9 33 0, S_0000025c58ccd0f0;
 .timescale 0 0;
    .port_info 0 /INPUT 1 "a";
    .port_info 1 /INPUT 1 "b";
    .port_info 2 /INPUT 1 "cin";
    .port_info 3 /OUTPUT 1 "sum";
    .port_info 4 /OUTPUT 1 "cout";
L_0000025c58d8e160 .functor XOR 1, L_0000025c58d0cd50, L_0000025c58d0bf90, C4<0>, C4<0>;
L_0000025c58d8dec0 .functor XOR 1, L_0000025c58d8e160, L_0000025c58d0ba90, C4<0>, C4<0>;
L_0000025c58d8db40 .functor AND 1, L_0000025c58d0cd50, L_0000025c58d0bf90, C4<1>, C4<1>;
L_0000025c58d8e710 .functor XOR 1, L_0000025c58d0cd50, L_0000025c58d0bf90, C4<0>, C4<0>;
L_0000025c58d8dad0 .functor AND 1, L_0000025c58d0ba90, L_0000025c58d8e710, C4<1>, C4<1>;
L_0000025c58d8e240 .functor OR 1, L_0000025c58d8db40, L_0000025c58d8dad0, C4<0>, C4<0>;
v0000025c58cbc8a0_0 .net *"_ivl_0", 0 0, L_0000025c58d8e160;  1 drivers
v0000025c58cbe100_0 .net *"_ivl_4", 0 0, L_0000025c58d8db40;  1 drivers
v0000025c58cbe740_0 .net *"_ivl_6", 0 0, L_0000025c58d8e710;  1 drivers
v0000025c58cbd5c0_0 .net *"_ivl_8", 0 0, L_0000025c58d8dad0;  1 drivers
v0000025c58cbc9e0_0 .net "a", 0 0, L_0000025c58d0cd50;  1 drivers
v0000025c58cbe1a0_0 .net "b", 0 0, L_0000025c58d0bf90;  1 drivers
v0000025c58cbe2e0_0 .net "cin", 0 0, L_0000025c58d0ba90;  1 drivers
v0000025c58cbca80_0 .net "cout", 0 0, L_0000025c58d8e240;  1 drivers
v0000025c58cbcb20_0 .net "sum", 0 0, L_0000025c58d8dec0;  1 drivers
S_0000025c58cca3a0 .scope generate, "fa_gen[10]" "fa_gen[10]" 9 17, 9 17 0, S_0000025c58cb9e10;
 .timescale 0 0;
P_0000025c58ba5c40 .param/l "i" 0 9 17, +C4<01010>;
S_0000025c58ccbb10 .scope module, "fa" "full_adder" 9 18, 9 33 0, S_0000025c58cca3a0;
 .timescale 0 0;
    .port_info 0 /INPUT 1 "a";
    .port_info 1 /INPUT 1 "b";
    .port_info 2 /INPUT 1 "cin";
    .port_info 3 /OUTPUT 1 "sum";
    .port_info 4 /OUTPUT 1 "cout";
L_0000025c58d8e080 .functor XOR 1, L_0000025c58d0c5d0, L_0000025c58d0d1b0, C4<0>, C4<0>;
L_0000025c58d8dbb0 .functor XOR 1, L_0000025c58d8e080, L_0000025c58d0d250, C4<0>, C4<0>;
L_0000025c58d8dc90 .functor AND 1, L_0000025c58d0c5d0, L_0000025c58d0d1b0, C4<1>, C4<1>;
L_0000025c58d8e0f0 .functor XOR 1, L_0000025c58d0c5d0, L_0000025c58d0d1b0, C4<0>, C4<0>;
L_0000025c58d8de50 .functor AND 1, L_0000025c58d0d250, L_0000025c58d8e0f0, C4<1>, C4<1>;
L_0000025c58d8dfa0 .functor OR 1, L_0000025c58d8dc90, L_0000025c58d8de50, C4<0>, C4<0>;
v0000025c58cbd980_0 .net *"_ivl_0", 0 0, L_0000025c58d8e080;  1 drivers
v0000025c58cbd840_0 .net *"_ivl_4", 0 0, L_0000025c58d8dc90;  1 drivers
v0000025c58cbd480_0 .net *"_ivl_6", 0 0, L_0000025c58d8e0f0;  1 drivers
v0000025c58cbcbc0_0 .net *"_ivl_8", 0 0, L_0000025c58d8de50;  1 drivers
v0000025c58cbcc60_0 .net "a", 0 0, L_0000025c58d0c5d0;  1 drivers
v0000025c58cbda20_0 .net "b", 0 0, L_0000025c58d0d1b0;  1 drivers
v0000025c58cbd200_0 .net "cin", 0 0, L_0000025c58d0d250;  1 drivers
v0000025c58cbd700_0 .net "cout", 0 0, L_0000025c58d8dfa0;  1 drivers
v0000025c58cbe240_0 .net "sum", 0 0, L_0000025c58d8dbb0;  1 drivers
S_0000025c58ccb340 .scope generate, "fa_gen[11]" "fa_gen[11]" 9 17, 9 17 0, S_0000025c58cb9e10;
 .timescale 0 0;
P_0000025c58ba5ec0 .param/l "i" 0 9 17, +C4<01011>;
S_0000025c58cca530 .scope module, "fa" "full_adder" 9 18, 9 33 0, S_0000025c58ccb340;
 .timescale 0 0;
    .port_info 0 /INPUT 1 "a";
    .port_info 1 /INPUT 1 "b";
    .port_info 2 /INPUT 1 "cin";
    .port_info 3 /OUTPUT 1 "sum";
    .port_info 4 /OUTPUT 1 "cout";
L_0000025c58d8e860 .functor XOR 1, L_0000025c58d0cdf0, L_0000025c58d0c2b0, C4<0>, C4<0>;
L_0000025c58d8e6a0 .functor XOR 1, L_0000025c58d8e860, L_0000025c58d0d2f0, C4<0>, C4<0>;
L_0000025c58d8e2b0 .functor AND 1, L_0000025c58d0cdf0, L_0000025c58d0c2b0, C4<1>, C4<1>;
L_0000025c58d8dde0 .functor XOR 1, L_0000025c58d0cdf0, L_0000025c58d0c2b0, C4<0>, C4<0>;
L_0000025c58d8e390 .functor AND 1, L_0000025c58d0d2f0, L_0000025c58d8dde0, C4<1>, C4<1>;
L_0000025c58d8e470 .functor OR 1, L_0000025c58d8e2b0, L_0000025c58d8e390, C4<0>, C4<0>;
v0000025c58cbcd00_0 .net *"_ivl_0", 0 0, L_0000025c58d8e860;  1 drivers
v0000025c58cbcda0_0 .net *"_ivl_4", 0 0, L_0000025c58d8e2b0;  1 drivers
v0000025c58cbce40_0 .net *"_ivl_6", 0 0, L_0000025c58d8dde0;  1 drivers
v0000025c58cbd2a0_0 .net *"_ivl_8", 0 0, L_0000025c58d8e390;  1 drivers
v0000025c58cbd3e0_0 .net "a", 0 0, L_0000025c58d0cdf0;  1 drivers
v0000025c58cbe4c0_0 .net "b", 0 0, L_0000025c58d0c2b0;  1 drivers
v0000025c58cbd7a0_0 .net "cin", 0 0, L_0000025c58d0d2f0;  1 drivers
v0000025c58cbe560_0 .net "cout", 0 0, L_0000025c58d8e470;  1 drivers
v0000025c58cbd8e0_0 .net "sum", 0 0, L_0000025c58d8e6a0;  1 drivers
S_0000025c58ccb660 .scope generate, "fa_gen[12]" "fa_gen[12]" 9 17, 9 17 0, S_0000025c58cb9e10;
 .timescale 0 0;
P_0000025c58ba6000 .param/l "i" 0 9 17, +C4<01100>;
S_0000025c58ccdd70 .scope module, "fa" "full_adder" 9 18, 9 33 0, S_0000025c58ccb660;
 .timescale 0 0;
    .port_info 0 /INPUT 1 "a";
    .port_info 1 /INPUT 1 "b";
    .port_info 2 /INPUT 1 "cin";
    .port_info 3 /OUTPUT 1 "sum";
    .port_info 4 /OUTPUT 1 "cout";
L_0000025c58d8df30 .functor XOR 1, L_0000025c58d0d930, L_0000025c58d0d430, C4<0>, C4<0>;
L_0000025c58d8d9f0 .functor XOR 1, L_0000025c58d8df30, L_0000025c58d0b950, C4<0>, C4<0>;
L_0000025c58d8dc20 .functor AND 1, L_0000025c58d0d930, L_0000025c58d0d430, C4<1>, C4<1>;
L_0000025c58d8e1d0 .functor XOR 1, L_0000025c58d0d930, L_0000025c58d0d430, C4<0>, C4<0>;
L_0000025c58d8e010 .functor AND 1, L_0000025c58d0b950, L_0000025c58d8e1d0, C4<1>, C4<1>;
L_0000025c58d8e7f0 .functor OR 1, L_0000025c58d8dc20, L_0000025c58d8e010, C4<0>, C4<0>;
v0000025c58cbdac0_0 .net *"_ivl_0", 0 0, L_0000025c58d8df30;  1 drivers
v0000025c58cbdb60_0 .net *"_ivl_4", 0 0, L_0000025c58d8dc20;  1 drivers
v0000025c58cbe600_0 .net *"_ivl_6", 0 0, L_0000025c58d8e1d0;  1 drivers
v0000025c58cbe6a0_0 .net *"_ivl_8", 0 0, L_0000025c58d8e010;  1 drivers
v0000025c58cc14e0_0 .net "a", 0 0, L_0000025c58d0d930;  1 drivers
v0000025c58cc1300_0 .net "b", 0 0, L_0000025c58d0d430;  1 drivers
v0000025c58cc0b80_0 .net "cin", 0 0, L_0000025c58d0b950;  1 drivers
v0000025c58cc0f40_0 .net "cout", 0 0, L_0000025c58d8e7f0;  1 drivers
v0000025c58cc0900_0 .net "sum", 0 0, L_0000025c58d8d9f0;  1 drivers
S_0000025c58ccc2e0 .scope generate, "fa_gen[13]" "fa_gen[13]" 9 17, 9 17 0, S_0000025c58cb9e10;
 .timescale 0 0;
P_0000025c58ba60c0 .param/l "i" 0 9 17, +C4<01101>;
S_0000025c58cca850 .scope module, "fa" "full_adder" 9 18, 9 33 0, S_0000025c58ccc2e0;
 .timescale 0 0;
    .port_info 0 /INPUT 1 "a";
    .port_info 1 /INPUT 1 "b";
    .port_info 2 /INPUT 1 "cin";
    .port_info 3 /OUTPUT 1 "sum";
    .port_info 4 /OUTPUT 1 "cout";
L_0000025c58d8e320 .functor XOR 1, L_0000025c58d0c990, L_0000025c58d0d610, C4<0>, C4<0>;
L_0000025c58d8e400 .functor XOR 1, L_0000025c58d8e320, L_0000025c58d0bef0, C4<0>, C4<0>;
L_0000025c58d8e4e0 .functor AND 1, L_0000025c58d0c990, L_0000025c58d0d610, C4<1>, C4<1>;
L_0000025c58d8da60 .functor XOR 1, L_0000025c58d0c990, L_0000025c58d0d610, C4<0>, C4<0>;
L_0000025c58d8e550 .functor AND 1, L_0000025c58d0bef0, L_0000025c58d8da60, C4<1>, C4<1>;
L_0000025c58d8e5c0 .functor OR 1, L_0000025c58d8e4e0, L_0000025c58d8e550, C4<0>, C4<0>;
v0000025c58cbf140_0 .net *"_ivl_0", 0 0, L_0000025c58d8e320;  1 drivers
v0000025c58cbfb40_0 .net *"_ivl_4", 0 0, L_0000025c58d8e4e0;  1 drivers
v0000025c58cc0a40_0 .net *"_ivl_6", 0 0, L_0000025c58d8da60;  1 drivers
v0000025c58cc05e0_0 .net *"_ivl_8", 0 0, L_0000025c58d8e550;  1 drivers
v0000025c58cbf460_0 .net "a", 0 0, L_0000025c58d0c990;  1 drivers
v0000025c58cc0ae0_0 .net "b", 0 0, L_0000025c58d0d610;  1 drivers
v0000025c58cbf5a0_0 .net "cin", 0 0, L_0000025c58d0bef0;  1 drivers
v0000025c58cc1120_0 .net "cout", 0 0, L_0000025c58d8e5c0;  1 drivers
v0000025c58cbf8c0_0 .net "sum", 0 0, L_0000025c58d8e400;  1 drivers
S_0000025c58ccb7f0 .scope generate, "fa_gen[14]" "fa_gen[14]" 9 17, 9 17 0, S_0000025c58cb9e10;
 .timescale 0 0;
P_0000025c58ba51c0 .param/l "i" 0 9 17, +C4<01110>;
S_0000025c58cca6c0 .scope module, "fa" "full_adder" 9 18, 9 33 0, S_0000025c58ccb7f0;
 .timescale 0 0;
    .port_info 0 /INPUT 1 "a";
    .port_info 1 /INPUT 1 "b";
    .port_info 2 /INPUT 1 "cin";
    .port_info 3 /OUTPUT 1 "sum";
    .port_info 4 /OUTPUT 1 "cout";
L_0000025c58d8e630 .functor XOR 1, L_0000025c58d0d6b0, L_0000025c58d0c030, C4<0>, C4<0>;
L_0000025c58d87ef0 .functor XOR 1, L_0000025c58d8e630, L_0000025c58d0d750, C4<0>, C4<0>;
L_0000025c58d88350 .functor AND 1, L_0000025c58d0d6b0, L_0000025c58d0c030, C4<1>, C4<1>;
L_0000025c58d87940 .functor XOR 1, L_0000025c58d0d6b0, L_0000025c58d0c030, C4<0>, C4<0>;
L_0000025c58d87240 .functor AND 1, L_0000025c58d0d750, L_0000025c58d87940, C4<1>, C4<1>;
L_0000025c58d88510 .functor OR 1, L_0000025c58d88350, L_0000025c58d87240, C4<0>, C4<0>;
v0000025c58cbf820_0 .net *"_ivl_0", 0 0, L_0000025c58d8e630;  1 drivers
v0000025c58cbf640_0 .net *"_ivl_4", 0 0, L_0000025c58d88350;  1 drivers
v0000025c58cbf1e0_0 .net *"_ivl_6", 0 0, L_0000025c58d87940;  1 drivers
v0000025c58cc11c0_0 .net *"_ivl_8", 0 0, L_0000025c58d87240;  1 drivers
v0000025c58cbf0a0_0 .net "a", 0 0, L_0000025c58d0d6b0;  1 drivers
v0000025c58cbf780_0 .net "b", 0 0, L_0000025c58d0c030;  1 drivers
v0000025c58cc0e00_0 .net "cin", 0 0, L_0000025c58d0d750;  1 drivers
v0000025c58cbff00_0 .net "cout", 0 0, L_0000025c58d88510;  1 drivers
v0000025c58cbf320_0 .net "sum", 0 0, L_0000025c58d87ef0;  1 drivers
S_0000025c58ccc150 .scope generate, "fa_gen[15]" "fa_gen[15]" 9 17, 9 17 0, S_0000025c58cb9e10;
 .timescale 0 0;
P_0000025c58ba52c0 .param/l "i" 0 9 17, +C4<01111>;
S_0000025c58ccc790 .scope module, "fa" "full_adder" 9 18, 9 33 0, S_0000025c58ccc150;
 .timescale 0 0;
    .port_info 0 /INPUT 1 "a";
    .port_info 1 /INPUT 1 "b";
    .port_info 2 /INPUT 1 "cin";
    .port_info 3 /OUTPUT 1 "sum";
    .port_info 4 /OUTPUT 1 "cout";
L_0000025c58d876a0 .functor XOR 1, L_0000025c58d0d9d0, L_0000025c58d0da70, C4<0>, C4<0>;
L_0000025c58d86c90 .functor XOR 1, L_0000025c58d876a0, L_0000025c58d0e0b0, C4<0>, C4<0>;
L_0000025c58d87f60 .functor AND 1, L_0000025c58d0d9d0, L_0000025c58d0da70, C4<1>, C4<1>;
L_0000025c58d86ec0 .functor XOR 1, L_0000025c58d0d9d0, L_0000025c58d0da70, C4<0>, C4<0>;
L_0000025c58d87e10 .functor AND 1, L_0000025c58d0e0b0, L_0000025c58d86ec0, C4<1>, C4<1>;
L_0000025c58d871d0 .functor OR 1, L_0000025c58d87f60, L_0000025c58d87e10, C4<0>, C4<0>;
v0000025c58cc1080_0 .net *"_ivl_0", 0 0, L_0000025c58d876a0;  1 drivers
v0000025c58cbfdc0_0 .net *"_ivl_4", 0 0, L_0000025c58d87f60;  1 drivers
v0000025c58cc0680_0 .net *"_ivl_6", 0 0, L_0000025c58d86ec0;  1 drivers
v0000025c58cbffa0_0 .net *"_ivl_8", 0 0, L_0000025c58d87e10;  1 drivers
v0000025c58cc0fe0_0 .net "a", 0 0, L_0000025c58d0d9d0;  1 drivers
v0000025c58cbf280_0 .net "b", 0 0, L_0000025c58d0da70;  1 drivers
v0000025c58cc13a0_0 .net "cin", 0 0, L_0000025c58d0e0b0;  1 drivers
v0000025c58cbf6e0_0 .net "cout", 0 0, L_0000025c58d871d0;  1 drivers
v0000025c58cc16c0_0 .net "sum", 0 0, L_0000025c58d86c90;  1 drivers
S_0000025c58ccc920 .scope generate, "fa_gen[16]" "fa_gen[16]" 9 17, 9 17 0, S_0000025c58cb9e10;
 .timescale 0 0;
P_0000025c58ba5300 .param/l "i" 0 9 17, +C4<010000>;
S_0000025c58ccb1b0 .scope module, "fa" "full_adder" 9 18, 9 33 0, S_0000025c58ccc920;
 .timescale 0 0;
    .port_info 0 /INPUT 1 "a";
    .port_info 1 /INPUT 1 "b";
    .port_info 2 /INPUT 1 "cin";
    .port_info 3 /OUTPUT 1 "sum";
    .port_info 4 /OUTPUT 1 "cout";
L_0000025c58d86980 .functor XOR 1, L_0000025c58d0b9f0, L_0000025c58d0c170, C4<0>, C4<0>;
L_0000025c58d88430 .functor XOR 1, L_0000025c58d86980, L_0000025c58d0c530, C4<0>, C4<0>;
L_0000025c58d88120 .functor AND 1, L_0000025c58d0b9f0, L_0000025c58d0c170, C4<1>, C4<1>;
L_0000025c58d879b0 .functor XOR 1, L_0000025c58d0b9f0, L_0000025c58d0c170, C4<0>, C4<0>;
L_0000025c58d88200 .functor AND 1, L_0000025c58d0c530, L_0000025c58d879b0, C4<1>, C4<1>;
L_0000025c58d87b70 .functor OR 1, L_0000025c58d88120, L_0000025c58d88200, C4<0>, C4<0>;
v0000025c58cc0180_0 .net *"_ivl_0", 0 0, L_0000025c58d86980;  1 drivers
v0000025c58cc1440_0 .net *"_ivl_4", 0 0, L_0000025c58d88120;  1 drivers
v0000025c58cc0540_0 .net *"_ivl_6", 0 0, L_0000025c58d879b0;  1 drivers
v0000025c58cbfbe0_0 .net *"_ivl_8", 0 0, L_0000025c58d88200;  1 drivers
v0000025c58cbfc80_0 .net "a", 0 0, L_0000025c58d0b9f0;  1 drivers
v0000025c58cc1260_0 .net "b", 0 0, L_0000025c58d0c170;  1 drivers
v0000025c58cbfd20_0 .net "cin", 0 0, L_0000025c58d0c530;  1 drivers
v0000025c58cc1580_0 .net "cout", 0 0, L_0000025c58d87b70;  1 drivers
v0000025c58cc0720_0 .net "sum", 0 0, L_0000025c58d88430;  1 drivers
S_0000025c58ccab70 .scope generate, "fa_gen[17]" "fa_gen[17]" 9 17, 9 17 0, S_0000025c58cb9e10;
 .timescale 0 0;
P_0000025c58ba5480 .param/l "i" 0 9 17, +C4<010001>;
S_0000025c58cccc40 .scope module, "fa" "full_adder" 9 18, 9 33 0, S_0000025c58ccab70;
 .timescale 0 0;
    .port_info 0 /INPUT 1 "a";
    .port_info 1 /INPUT 1 "b";
    .port_info 2 /INPUT 1 "cin";
    .port_info 3 /OUTPUT 1 "sum";
    .port_info 4 /OUTPUT 1 "cout";
L_0000025c58d87320 .functor XOR 1, L_0000025c58d0c0d0, L_0000025c58d0c210, C4<0>, C4<0>;
L_0000025c58d87390 .functor XOR 1, L_0000025c58d87320, L_0000025c58d0c3f0, C4<0>, C4<0>;
L_0000025c58d869f0 .functor AND 1, L_0000025c58d0c0d0, L_0000025c58d0c210, C4<1>, C4<1>;
L_0000025c58d86bb0 .functor XOR 1, L_0000025c58d0c0d0, L_0000025c58d0c210, C4<0>, C4<0>;
L_0000025c58d86f30 .functor AND 1, L_0000025c58d0c3f0, L_0000025c58d86bb0, C4<1>, C4<1>;
L_0000025c58d86d00 .functor OR 1, L_0000025c58d869f0, L_0000025c58d86f30, C4<0>, C4<0>;
v0000025c58cbfe60_0 .net *"_ivl_0", 0 0, L_0000025c58d87320;  1 drivers
v0000025c58cbf960_0 .net *"_ivl_4", 0 0, L_0000025c58d869f0;  1 drivers
v0000025c58cc1620_0 .net *"_ivl_6", 0 0, L_0000025c58d86bb0;  1 drivers
v0000025c58cc1800_0 .net *"_ivl_8", 0 0, L_0000025c58d86f30;  1 drivers
v0000025c58cc02c0_0 .net "a", 0 0, L_0000025c58d0c0d0;  1 drivers
v0000025c58cbf3c0_0 .net "b", 0 0, L_0000025c58d0c210;  1 drivers
v0000025c58cc0860_0 .net "cin", 0 0, L_0000025c58d0c3f0;  1 drivers
v0000025c58cbfa00_0 .net "cout", 0 0, L_0000025c58d86d00;  1 drivers
v0000025c58cc1760_0 .net "sum", 0 0, L_0000025c58d87390;  1 drivers
S_0000025c58ccd8c0 .scope generate, "fa_gen[18]" "fa_gen[18]" 9 17, 9 17 0, S_0000025c58cb9e10;
 .timescale 0 0;
P_0000025c58ba6ec0 .param/l "i" 0 9 17, +C4<010010>;
S_0000025c58cccf60 .scope module, "fa" "full_adder" 9 18, 9 33 0, S_0000025c58ccd8c0;
 .timescale 0 0;
    .port_info 0 /INPUT 1 "a";
    .port_info 1 /INPUT 1 "b";
    .port_info 2 /INPUT 1 "cin";
    .port_info 3 /OUTPUT 1 "sum";
    .port_info 4 /OUTPUT 1 "cout";
L_0000025c58d87400 .functor XOR 1, L_0000025c58d0c670, L_0000025c58d0f690, C4<0>, C4<0>;
L_0000025c58d87860 .functor XOR 1, L_0000025c58d87400, L_0000025c58d101d0, C4<0>, C4<0>;
L_0000025c58d878d0 .functor AND 1, L_0000025c58d0c670, L_0000025c58d0f690, C4<1>, C4<1>;
L_0000025c58d87a90 .functor XOR 1, L_0000025c58d0c670, L_0000025c58d0f690, C4<0>, C4<0>;
L_0000025c58d86fa0 .functor AND 1, L_0000025c58d101d0, L_0000025c58d87a90, C4<1>, C4<1>;
L_0000025c58d870f0 .functor OR 1, L_0000025c58d878d0, L_0000025c58d86fa0, C4<0>, C4<0>;
v0000025c58cc07c0_0 .net *"_ivl_0", 0 0, L_0000025c58d87400;  1 drivers
v0000025c58cbf500_0 .net *"_ivl_4", 0 0, L_0000025c58d878d0;  1 drivers
v0000025c58cbfaa0_0 .net *"_ivl_6", 0 0, L_0000025c58d87a90;  1 drivers
v0000025c58cc09a0_0 .net *"_ivl_8", 0 0, L_0000025c58d86fa0;  1 drivers
v0000025c58cc0c20_0 .net "a", 0 0, L_0000025c58d0c670;  1 drivers
v0000025c58cc0040_0 .net "b", 0 0, L_0000025c58d0f690;  1 drivers
v0000025c58cc00e0_0 .net "cin", 0 0, L_0000025c58d101d0;  1 drivers
v0000025c58cc0220_0 .net "cout", 0 0, L_0000025c58d870f0;  1 drivers
v0000025c58cc0360_0 .net "sum", 0 0, L_0000025c58d87860;  1 drivers
S_0000025c58cca9e0 .scope generate, "fa_gen[19]" "fa_gen[19]" 9 17, 9 17 0, S_0000025c58cb9e10;
 .timescale 0 0;
P_0000025c58ba6b80 .param/l "i" 0 9 17, +C4<010011>;
S_0000025c58ccd280 .scope module, "fa" "full_adder" 9 18, 9 33 0, S_0000025c58cca9e0;
 .timescale 0 0;
    .port_info 0 /INPUT 1 "a";
    .port_info 1 /INPUT 1 "b";
    .port_info 2 /INPUT 1 "cin";
    .port_info 3 /OUTPUT 1 "sum";
    .port_info 4 /OUTPUT 1 "cout";
L_0000025c58d86c20 .functor XOR 1, L_0000025c58d108b0, L_0000025c58d10590, C4<0>, C4<0>;
L_0000025c58d884a0 .functor XOR 1, L_0000025c58d86c20, L_0000025c58d10270, C4<0>, C4<0>;
L_0000025c58d87fd0 .functor AND 1, L_0000025c58d108b0, L_0000025c58d10590, C4<1>, C4<1>;
L_0000025c58d883c0 .functor XOR 1, L_0000025c58d108b0, L_0000025c58d10590, C4<0>, C4<0>;
L_0000025c58d882e0 .functor AND 1, L_0000025c58d10270, L_0000025c58d883c0, C4<1>, C4<1>;
L_0000025c58d872b0 .functor OR 1, L_0000025c58d87fd0, L_0000025c58d882e0, C4<0>, C4<0>;
v0000025c58cc0400_0 .net *"_ivl_0", 0 0, L_0000025c58d86c20;  1 drivers
v0000025c58cc04a0_0 .net *"_ivl_4", 0 0, L_0000025c58d87fd0;  1 drivers
v0000025c58cc0cc0_0 .net *"_ivl_6", 0 0, L_0000025c58d883c0;  1 drivers
v0000025c58cc0d60_0 .net *"_ivl_8", 0 0, L_0000025c58d882e0;  1 drivers
v0000025c58cc0ea0_0 .net "a", 0 0, L_0000025c58d108b0;  1 drivers
v0000025c58cc2020_0 .net "b", 0 0, L_0000025c58d10590;  1 drivers
v0000025c58cc1ee0_0 .net "cin", 0 0, L_0000025c58d10270;  1 drivers
v0000025c58cc1e40_0 .net "cout", 0 0, L_0000025c58d872b0;  1 drivers
v0000025c58cc3c40_0 .net "sum", 0 0, L_0000025c58d884a0;  1 drivers
S_0000025c58cca080 .scope generate, "fa_gen[20]" "fa_gen[20]" 9 17, 9 17 0, S_0000025c58cb9e10;
 .timescale 0 0;
P_0000025c58ba6640 .param/l "i" 0 9 17, +C4<010100>;
S_0000025c58ccb980 .scope module, "fa" "full_adder" 9 18, 9 33 0, S_0000025c58cca080;
 .timescale 0 0;
    .port_info 0 /INPUT 1 "a";
    .port_info 1 /INPUT 1 "b";
    .port_info 2 /INPUT 1 "cin";
    .port_info 3 /OUTPUT 1 "sum";
    .port_info 4 /OUTPUT 1 "cout";
L_0000025c58d87a20 .functor XOR 1, L_0000025c58d0edd0, L_0000025c58d0e8d0, C4<0>, C4<0>;
L_0000025c58d87710 .functor XOR 1, L_0000025c58d87a20, L_0000025c58d0e970, C4<0>, C4<0>;
L_0000025c58d86d70 .functor AND 1, L_0000025c58d0edd0, L_0000025c58d0e8d0, C4<1>, C4<1>;
L_0000025c58d88040 .functor XOR 1, L_0000025c58d0edd0, L_0000025c58d0e8d0, C4<0>, C4<0>;
L_0000025c58d86de0 .functor AND 1, L_0000025c58d0e970, L_0000025c58d88040, C4<1>, C4<1>;
L_0000025c58d87780 .functor OR 1, L_0000025c58d86d70, L_0000025c58d86de0, C4<0>, C4<0>;
v0000025c58cc37e0_0 .net *"_ivl_0", 0 0, L_0000025c58d87a20;  1 drivers
v0000025c58cc3ce0_0 .net *"_ivl_4", 0 0, L_0000025c58d86d70;  1 drivers
v0000025c58cc2e80_0 .net *"_ivl_6", 0 0, L_0000025c58d88040;  1 drivers
v0000025c58cc3740_0 .net *"_ivl_8", 0 0, L_0000025c58d86de0;  1 drivers
v0000025c58cc2200_0 .net "a", 0 0, L_0000025c58d0edd0;  1 drivers
v0000025c58cc2d40_0 .net "b", 0 0, L_0000025c58d0e8d0;  1 drivers
v0000025c58cc1f80_0 .net "cin", 0 0, L_0000025c58d0e970;  1 drivers
v0000025c58cc2340_0 .net "cout", 0 0, L_0000025c58d87780;  1 drivers
v0000025c58cc25c0_0 .net "sum", 0 0, L_0000025c58d87710;  1 drivers
S_0000025c58ccb4d0 .scope generate, "fa_gen[21]" "fa_gen[21]" 9 17, 9 17 0, S_0000025c58cb9e10;
 .timescale 0 0;
P_0000025c58ba61c0 .param/l "i" 0 9 17, +C4<010101>;
S_0000025c58ccbca0 .scope module, "fa" "full_adder" 9 18, 9 33 0, S_0000025c58ccb4d0;
 .timescale 0 0;
    .port_info 0 /INPUT 1 "a";
    .port_info 1 /INPUT 1 "b";
    .port_info 2 /INPUT 1 "cin";
    .port_info 3 /OUTPUT 1 "sum";
    .port_info 4 /OUTPUT 1 "cout";
L_0000025c58d86e50 .functor XOR 1, L_0000025c58d0e510, L_0000025c58d10310, C4<0>, C4<0>;
L_0000025c58d87be0 .functor XOR 1, L_0000025c58d86e50, L_0000025c58d0eab0, C4<0>, C4<0>;
L_0000025c58d87b00 .functor AND 1, L_0000025c58d0e510, L_0000025c58d10310, C4<1>, C4<1>;
L_0000025c58d880b0 .functor XOR 1, L_0000025c58d0e510, L_0000025c58d10310, C4<0>, C4<0>;
L_0000025c58d87c50 .functor AND 1, L_0000025c58d0eab0, L_0000025c58d880b0, C4<1>, C4<1>;
L_0000025c58d87550 .functor OR 1, L_0000025c58d87b00, L_0000025c58d87c50, C4<0>, C4<0>;
v0000025c58cc1a80_0 .net *"_ivl_0", 0 0, L_0000025c58d86e50;  1 drivers
v0000025c58cc2980_0 .net *"_ivl_4", 0 0, L_0000025c58d87b00;  1 drivers
v0000025c58cc1940_0 .net *"_ivl_6", 0 0, L_0000025c58d880b0;  1 drivers
v0000025c58cc3100_0 .net *"_ivl_8", 0 0, L_0000025c58d87c50;  1 drivers
v0000025c58cc31a0_0 .net "a", 0 0, L_0000025c58d0e510;  1 drivers
v0000025c58cc3880_0 .net "b", 0 0, L_0000025c58d10310;  1 drivers
v0000025c58cc3600_0 .net "cin", 0 0, L_0000025c58d0eab0;  1 drivers
v0000025c58cc4000_0 .net "cout", 0 0, L_0000025c58d87550;  1 drivers
v0000025c58cc3ec0_0 .net "sum", 0 0, L_0000025c58d87be0;  1 drivers
S_0000025c58ccbe30 .scope generate, "fa_gen[22]" "fa_gen[22]" 9 17, 9 17 0, S_0000025c58cb9e10;
 .timescale 0 0;
P_0000025c58ba6f80 .param/l "i" 0 9 17, +C4<010110>;
S_0000025c58ccd410 .scope module, "fa" "full_adder" 9 18, 9 33 0, S_0000025c58ccbe30;
 .timescale 0 0;
    .port_info 0 /INPUT 1 "a";
    .port_info 1 /INPUT 1 "b";
    .port_info 2 /INPUT 1 "cin";
    .port_info 3 /OUTPUT 1 "sum";
    .port_info 4 /OUTPUT 1 "cout";
L_0000025c58d87cc0 .functor XOR 1, L_0000025c58d0e650, L_0000025c58d0ea10, C4<0>, C4<0>;
L_0000025c58d86a60 .functor XOR 1, L_0000025c58d87cc0, L_0000025c58d0ee70, C4<0>, C4<0>;
L_0000025c58d87d30 .functor AND 1, L_0000025c58d0e650, L_0000025c58d0ea10, C4<1>, C4<1>;
L_0000025c58d877f0 .functor XOR 1, L_0000025c58d0e650, L_0000025c58d0ea10, C4<0>, C4<0>;
L_0000025c58d87da0 .functor AND 1, L_0000025c58d0ee70, L_0000025c58d877f0, C4<1>, C4<1>;
L_0000025c58d87e80 .functor OR 1, L_0000025c58d87d30, L_0000025c58d87da0, C4<0>, C4<0>;
v0000025c58cc2480_0 .net *"_ivl_0", 0 0, L_0000025c58d87cc0;  1 drivers
v0000025c58cc27a0_0 .net *"_ivl_4", 0 0, L_0000025c58d87d30;  1 drivers
v0000025c58cc18a0_0 .net *"_ivl_6", 0 0, L_0000025c58d877f0;  1 drivers
v0000025c58cc3d80_0 .net *"_ivl_8", 0 0, L_0000025c58d87da0;  1 drivers
v0000025c58cc3420_0 .net "a", 0 0, L_0000025c58d0e650;  1 drivers
v0000025c58cc3ba0_0 .net "b", 0 0, L_0000025c58d0ea10;  1 drivers
v0000025c58cc3b00_0 .net "cin", 0 0, L_0000025c58d0ee70;  1 drivers
v0000025c58cc3240_0 .net "cout", 0 0, L_0000025c58d87e80;  1 drivers
v0000025c58cc3380_0 .net "sum", 0 0, L_0000025c58d86a60;  1 drivers
S_0000025c58ccad00 .scope generate, "fa_gen[23]" "fa_gen[23]" 9 17, 9 17 0, S_0000025c58cb9e10;
 .timescale 0 0;
P_0000025c58ba6cc0 .param/l "i" 0 9 17, +C4<010111>;
S_0000025c58ccc470 .scope module, "fa" "full_adder" 9 18, 9 33 0, S_0000025c58ccad00;
 .timescale 0 0;
    .port_info 0 /INPUT 1 "a";
    .port_info 1 /INPUT 1 "b";
    .port_info 2 /INPUT 1 "cin";
    .port_info 3 /OUTPUT 1 "sum";
    .port_info 4 /OUTPUT 1 "cout";
L_0000025c58d88190 .functor XOR 1, L_0000025c58d0ebf0, L_0000025c58d0e6f0, C4<0>, C4<0>;
L_0000025c58d87010 .functor XOR 1, L_0000025c58d88190, L_0000025c58d0fa50, C4<0>, C4<0>;
L_0000025c58d88270 .functor AND 1, L_0000025c58d0ebf0, L_0000025c58d0e6f0, C4<1>, C4<1>;
L_0000025c58d86ad0 .functor XOR 1, L_0000025c58d0ebf0, L_0000025c58d0e6f0, C4<0>, C4<0>;
L_0000025c58d86b40 .functor AND 1, L_0000025c58d0fa50, L_0000025c58d86ad0, C4<1>, C4<1>;
L_0000025c58d87080 .functor OR 1, L_0000025c58d88270, L_0000025c58d86b40, C4<0>, C4<0>;
v0000025c58cc23e0_0 .net *"_ivl_0", 0 0, L_0000025c58d88190;  1 drivers
v0000025c58cc3f60_0 .net *"_ivl_4", 0 0, L_0000025c58d88270;  1 drivers
v0000025c58cc1b20_0 .net *"_ivl_6", 0 0, L_0000025c58d86ad0;  1 drivers
v0000025c58cc20c0_0 .net *"_ivl_8", 0 0, L_0000025c58d86b40;  1 drivers
v0000025c58cc2660_0 .net "a", 0 0, L_0000025c58d0ebf0;  1 drivers
v0000025c58cc2840_0 .net "b", 0 0, L_0000025c58d0e6f0;  1 drivers
v0000025c58cc1bc0_0 .net "cin", 0 0, L_0000025c58d0fa50;  1 drivers
v0000025c58cc2f20_0 .net "cout", 0 0, L_0000025c58d87080;  1 drivers
v0000025c58cc2b60_0 .net "sum", 0 0, L_0000025c58d87010;  1 drivers
S_0000025c58ccbfc0 .scope generate, "fa_gen[24]" "fa_gen[24]" 9 17, 9 17 0, S_0000025c58cb9e10;
 .timescale 0 0;
P_0000025c58ba6300 .param/l "i" 0 9 17, +C4<011000>;
S_0000025c58ccd5a0 .scope module, "fa" "full_adder" 9 18, 9 33 0, S_0000025c58ccbfc0;
 .timescale 0 0;
    .port_info 0 /INPUT 1 "a";
    .port_info 1 /INPUT 1 "b";
    .port_info 2 /INPUT 1 "cin";
    .port_info 3 /OUTPUT 1 "sum";
    .port_info 4 /OUTPUT 1 "cout";
L_0000025c58d87160 .functor XOR 1, L_0000025c58d0e790, L_0000025c58d106d0, C4<0>, C4<0>;
L_0000025c58d87470 .functor XOR 1, L_0000025c58d87160, L_0000025c58d10810, C4<0>, C4<0>;
L_0000025c58d874e0 .functor AND 1, L_0000025c58d0e790, L_0000025c58d106d0, C4<1>, C4<1>;
L_0000025c58d875c0 .functor XOR 1, L_0000025c58d0e790, L_0000025c58d106d0, C4<0>, C4<0>;
L_0000025c58d87630 .functor AND 1, L_0000025c58d10810, L_0000025c58d875c0, C4<1>, C4<1>;
L_0000025c58d89460 .functor OR 1, L_0000025c58d874e0, L_0000025c58d87630, C4<0>, C4<0>;
v0000025c58cc22a0_0 .net *"_ivl_0", 0 0, L_0000025c58d87160;  1 drivers
v0000025c58cc1d00_0 .net *"_ivl_4", 0 0, L_0000025c58d874e0;  1 drivers
v0000025c58cc1c60_0 .net *"_ivl_6", 0 0, L_0000025c58d875c0;  1 drivers
v0000025c58cc3060_0 .net *"_ivl_8", 0 0, L_0000025c58d87630;  1 drivers
v0000025c58cc1da0_0 .net "a", 0 0, L_0000025c58d0e790;  1 drivers
v0000025c58cc2fc0_0 .net "b", 0 0, L_0000025c58d106d0;  1 drivers
v0000025c58cc2ca0_0 .net "cin", 0 0, L_0000025c58d10810;  1 drivers
v0000025c58cc3920_0 .net "cout", 0 0, L_0000025c58d89460;  1 drivers
v0000025c58cc2520_0 .net "sum", 0 0, L_0000025c58d87470;  1 drivers
S_0000025c58cca210 .scope generate, "fa_gen[25]" "fa_gen[25]" 9 17, 9 17 0, S_0000025c58cb9e10;
 .timescale 0 0;
P_0000025c58ba6b00 .param/l "i" 0 9 17, +C4<011001>;
S_0000025c58ccae90 .scope module, "fa" "full_adder" 9 18, 9 33 0, S_0000025c58cca210;
 .timescale 0 0;
    .port_info 0 /INPUT 1 "a";
    .port_info 1 /INPUT 1 "b";
    .port_info 2 /INPUT 1 "cin";
    .port_info 3 /OUTPUT 1 "sum";
    .port_info 4 /OUTPUT 1 "cout";
L_0000025c58d88b30 .functor XOR 1, L_0000025c58d10770, L_0000025c58d0e290, C4<0>, C4<0>;
L_0000025c58d8a030 .functor XOR 1, L_0000025c58d88b30, L_0000025c58d103b0, C4<0>, C4<0>;
L_0000025c58d88740 .functor AND 1, L_0000025c58d10770, L_0000025c58d0e290, C4<1>, C4<1>;
L_0000025c58d894d0 .functor XOR 1, L_0000025c58d10770, L_0000025c58d0e290, C4<0>, C4<0>;
L_0000025c58d88f90 .functor AND 1, L_0000025c58d103b0, L_0000025c58d894d0, C4<1>, C4<1>;
L_0000025c58d88660 .functor OR 1, L_0000025c58d88740, L_0000025c58d88f90, C4<0>, C4<0>;
v0000025c58cc32e0_0 .net *"_ivl_0", 0 0, L_0000025c58d88b30;  1 drivers
v0000025c58cc39c0_0 .net *"_ivl_4", 0 0, L_0000025c58d88740;  1 drivers
v0000025c58cc34c0_0 .net *"_ivl_6", 0 0, L_0000025c58d894d0;  1 drivers
v0000025c58cc2700_0 .net *"_ivl_8", 0 0, L_0000025c58d88f90;  1 drivers
v0000025c58cc3e20_0 .net "a", 0 0, L_0000025c58d10770;  1 drivers
v0000025c58cc28e0_0 .net "b", 0 0, L_0000025c58d0e290;  1 drivers
v0000025c58cc2160_0 .net "cin", 0 0, L_0000025c58d103b0;  1 drivers
v0000025c58cc2a20_0 .net "cout", 0 0, L_0000025c58d88660;  1 drivers
v0000025c58cc19e0_0 .net "sum", 0 0, L_0000025c58d8a030;  1 drivers
S_0000025c58cccdd0 .scope generate, "fa_gen[26]" "fa_gen[26]" 9 17, 9 17 0, S_0000025c58cb9e10;
 .timescale 0 0;
P_0000025c58ba6d00 .param/l "i" 0 9 17, +C4<011010>;
S_0000025c58ccda50 .scope module, "fa" "full_adder" 9 18, 9 33 0, S_0000025c58cccdd0;
 .timescale 0 0;
    .port_info 0 /INPUT 1 "a";
    .port_info 1 /INPUT 1 "b";
    .port_info 2 /INPUT 1 "cin";
    .port_info 3 /OUTPUT 1 "sum";
    .port_info 4 /OUTPUT 1 "cout";
L_0000025c58d88c10 .functor XOR 1, L_0000025c58d0fcd0, L_0000025c58d0f910, C4<0>, C4<0>;
L_0000025c58d89a10 .functor XOR 1, L_0000025c58d88c10, L_0000025c58d0f730, C4<0>, C4<0>;
L_0000025c58d88dd0 .functor AND 1, L_0000025c58d0fcd0, L_0000025c58d0f910, C4<1>, C4<1>;
L_0000025c58d89070 .functor XOR 1, L_0000025c58d0fcd0, L_0000025c58d0f910, C4<0>, C4<0>;
L_0000025c58d898c0 .functor AND 1, L_0000025c58d0f730, L_0000025c58d89070, C4<1>, C4<1>;
L_0000025c58d89620 .functor OR 1, L_0000025c58d88dd0, L_0000025c58d898c0, C4<0>, C4<0>;
v0000025c58cc2ac0_0 .net *"_ivl_0", 0 0, L_0000025c58d88c10;  1 drivers
v0000025c58cc2c00_0 .net *"_ivl_4", 0 0, L_0000025c58d88dd0;  1 drivers
v0000025c58cc2de0_0 .net *"_ivl_6", 0 0, L_0000025c58d89070;  1 drivers
v0000025c58cc3560_0 .net *"_ivl_8", 0 0, L_0000025c58d898c0;  1 drivers
v0000025c58cc36a0_0 .net "a", 0 0, L_0000025c58d0fcd0;  1 drivers
v0000025c58cc3a60_0 .net "b", 0 0, L_0000025c58d0f910;  1 drivers
v0000025c58cc5e00_0 .net "cin", 0 0, L_0000025c58d0f730;  1 drivers
v0000025c58cc4500_0 .net "cout", 0 0, L_0000025c58d89620;  1 drivers
v0000025c58cc5f40_0 .net "sum", 0 0, L_0000025c58d89a10;  1 drivers
S_0000025c58ccdbe0 .scope generate, "fa_gen[27]" "fa_gen[27]" 9 17, 9 17 0, S_0000025c58cb9e10;
 .timescale 0 0;
P_0000025c58ba7000 .param/l "i" 0 9 17, +C4<011011>;
S_0000025c58cd98e0 .scope module, "fa" "full_adder" 9 18, 9 33 0, S_0000025c58ccdbe0;
 .timescale 0 0;
    .port_info 0 /INPUT 1 "a";
    .port_info 1 /INPUT 1 "b";
    .port_info 2 /INPUT 1 "cin";
    .port_info 3 /OUTPUT 1 "sum";
    .port_info 4 /OUTPUT 1 "cout";
L_0000025c58d89d90 .functor XOR 1, L_0000025c58d10450, L_0000025c58d0e150, C4<0>, C4<0>;
L_0000025c58d89e00 .functor XOR 1, L_0000025c58d89d90, L_0000025c58d0f370, C4<0>, C4<0>;
L_0000025c58d89770 .functor AND 1, L_0000025c58d10450, L_0000025c58d0e150, C4<1>, C4<1>;
L_0000025c58d89930 .functor XOR 1, L_0000025c58d10450, L_0000025c58d0e150, C4<0>, C4<0>;
L_0000025c58d88d60 .functor AND 1, L_0000025c58d0f370, L_0000025c58d89930, C4<1>, C4<1>;
L_0000025c58d89690 .functor OR 1, L_0000025c58d89770, L_0000025c58d88d60, C4<0>, C4<0>;
v0000025c58cc46e0_0 .net *"_ivl_0", 0 0, L_0000025c58d89d90;  1 drivers
v0000025c58cc5fe0_0 .net *"_ivl_4", 0 0, L_0000025c58d89770;  1 drivers
v0000025c58cc64e0_0 .net *"_ivl_6", 0 0, L_0000025c58d89930;  1 drivers
v0000025c58cc5680_0 .net *"_ivl_8", 0 0, L_0000025c58d88d60;  1 drivers
v0000025c58cc45a0_0 .net "a", 0 0, L_0000025c58d10450;  1 drivers
v0000025c58cc4b40_0 .net "b", 0 0, L_0000025c58d0e150;  1 drivers
v0000025c58cc4d20_0 .net "cin", 0 0, L_0000025c58d0f370;  1 drivers
v0000025c58cc55e0_0 .net "cout", 0 0, L_0000025c58d89690;  1 drivers
v0000025c58cc4fa0_0 .net "sum", 0 0, L_0000025c58d89e00;  1 drivers
S_0000025c58cd8ad0 .scope generate, "fa_gen[28]" "fa_gen[28]" 9 17, 9 17 0, S_0000025c58cb9e10;
 .timescale 0 0;
P_0000025c58ba74c0 .param/l "i" 0 9 17, +C4<011100>;
S_0000025c58cd8490 .scope module, "fa" "full_adder" 9 18, 9 33 0, S_0000025c58cd8ad0;
 .timescale 0 0;
    .port_info 0 /INPUT 1 "a";
    .port_info 1 /INPUT 1 "b";
    .port_info 2 /INPUT 1 "cin";
    .port_info 3 /OUTPUT 1 "sum";
    .port_info 4 /OUTPUT 1 "cout";
L_0000025c58d890e0 .functor XOR 1, L_0000025c58d104f0, L_0000025c58d0ef10, C4<0>, C4<0>;
L_0000025c58d88ba0 .functor XOR 1, L_0000025c58d890e0, L_0000025c58d0ec90, C4<0>, C4<0>;
L_0000025c58d88890 .functor AND 1, L_0000025c58d104f0, L_0000025c58d0ef10, C4<1>, C4<1>;
L_0000025c58d89ee0 .functor XOR 1, L_0000025c58d104f0, L_0000025c58d0ef10, C4<0>, C4<0>;
L_0000025c58d889e0 .functor AND 1, L_0000025c58d0ec90, L_0000025c58d89ee0, C4<1>, C4<1>;
L_0000025c58d88a50 .functor OR 1, L_0000025c58d88890, L_0000025c58d889e0, C4<0>, C4<0>;
v0000025c58cc52c0_0 .net *"_ivl_0", 0 0, L_0000025c58d890e0;  1 drivers
v0000025c58cc6080_0 .net *"_ivl_4", 0 0, L_0000025c58d88890;  1 drivers
v0000025c58cc5180_0 .net *"_ivl_6", 0 0, L_0000025c58d89ee0;  1 drivers
v0000025c58cc5040_0 .net *"_ivl_8", 0 0, L_0000025c58d889e0;  1 drivers
v0000025c58cc41e0_0 .net "a", 0 0, L_0000025c58d104f0;  1 drivers
v0000025c58cc6580_0 .net "b", 0 0, L_0000025c58d0ef10;  1 drivers
v0000025c58cc40a0_0 .net "cin", 0 0, L_0000025c58d0ec90;  1 drivers
v0000025c58cc5a40_0 .net "cout", 0 0, L_0000025c58d88a50;  1 drivers
v0000025c58cc5ea0_0 .net "sum", 0 0, L_0000025c58d88ba0;  1 drivers
S_0000025c58cd92a0 .scope generate, "fa_gen[29]" "fa_gen[29]" 9 17, 9 17 0, S_0000025c58cb9e10;
 .timescale 0 0;
P_0000025c58ba7740 .param/l "i" 0 9 17, +C4<011101>;
S_0000025c58cd6eb0 .scope module, "fa" "full_adder" 9 18, 9 33 0, S_0000025c58cd92a0;
 .timescale 0 0;
    .port_info 0 /INPUT 1 "a";
    .port_info 1 /INPUT 1 "b";
    .port_info 2 /INPUT 1 "cin";
    .port_info 3 /OUTPUT 1 "sum";
    .port_info 4 /OUTPUT 1 "cout";
L_0000025c58d88900 .functor XOR 1, L_0000025c58d0f7d0, L_0000025c58d0eb50, C4<0>, C4<0>;
L_0000025c58d88ac0 .functor XOR 1, L_0000025c58d88900, L_0000025c58d0e1f0, C4<0>, C4<0>;
L_0000025c58d89a80 .functor AND 1, L_0000025c58d0f7d0, L_0000025c58d0eb50, C4<1>, C4<1>;
L_0000025c58d899a0 .functor XOR 1, L_0000025c58d0f7d0, L_0000025c58d0eb50, C4<0>, C4<0>;
L_0000025c58d895b0 .functor AND 1, L_0000025c58d0e1f0, L_0000025c58d899a0, C4<1>, C4<1>;
L_0000025c58d88e40 .functor OR 1, L_0000025c58d89a80, L_0000025c58d895b0, C4<0>, C4<0>;
v0000025c58cc4640_0 .net *"_ivl_0", 0 0, L_0000025c58d88900;  1 drivers
v0000025c58cc4dc0_0 .net *"_ivl_4", 0 0, L_0000025c58d89a80;  1 drivers
v0000025c58cc6260_0 .net *"_ivl_6", 0 0, L_0000025c58d899a0;  1 drivers
v0000025c58cc6300_0 .net *"_ivl_8", 0 0, L_0000025c58d895b0;  1 drivers
v0000025c58cc4140_0 .net "a", 0 0, L_0000025c58d0f7d0;  1 drivers
v0000025c58cc63a0_0 .net "b", 0 0, L_0000025c58d0eb50;  1 drivers
v0000025c58cc4a00_0 .net "cin", 0 0, L_0000025c58d0e1f0;  1 drivers
v0000025c58cc6620_0 .net "cout", 0 0, L_0000025c58d88e40;  1 drivers
v0000025c58cc5ae0_0 .net "sum", 0 0, L_0000025c58d88ac0;  1 drivers
S_0000025c58cd60a0 .scope generate, "fa_gen[30]" "fa_gen[30]" 9 17, 9 17 0, S_0000025c58cb9e10;
 .timescale 0 0;
P_0000025c58ba7900 .param/l "i" 0 9 17, +C4<011110>;
S_0000025c58cd87b0 .scope module, "fa" "full_adder" 9 18, 9 33 0, S_0000025c58cd60a0;
 .timescale 0 0;
    .port_info 0 /INPUT 1 "a";
    .port_info 1 /INPUT 1 "b";
    .port_info 2 /INPUT 1 "cin";
    .port_info 3 /OUTPUT 1 "sum";
    .port_info 4 /OUTPUT 1 "cout";
L_0000025c58d8a0a0 .functor XOR 1, L_0000025c58d0f410, L_0000025c58d10630, C4<0>, C4<0>;
L_0000025c58d89f50 .functor XOR 1, L_0000025c58d8a0a0, L_0000025c58d0f190, C4<0>, C4<0>;
L_0000025c58d88580 .functor AND 1, L_0000025c58d0f410, L_0000025c58d10630, C4<1>, C4<1>;
L_0000025c58d88eb0 .functor XOR 1, L_0000025c58d0f410, L_0000025c58d10630, C4<0>, C4<0>;
L_0000025c58d88c80 .functor AND 1, L_0000025c58d0f190, L_0000025c58d88eb0, C4<1>, C4<1>;
L_0000025c58d89bd0 .functor OR 1, L_0000025c58d88580, L_0000025c58d88c80, C4<0>, C4<0>;
v0000025c58cc6120_0 .net *"_ivl_0", 0 0, L_0000025c58d8a0a0;  1 drivers
v0000025c58cc66c0_0 .net *"_ivl_4", 0 0, L_0000025c58d88580;  1 drivers
v0000025c58cc43c0_0 .net *"_ivl_6", 0 0, L_0000025c58d88eb0;  1 drivers
v0000025c58cc48c0_0 .net *"_ivl_8", 0 0, L_0000025c58d88c80;  1 drivers
v0000025c58cc4280_0 .net "a", 0 0, L_0000025c58d0f410;  1 drivers
v0000025c58cc6760_0 .net "b", 0 0, L_0000025c58d10630;  1 drivers
v0000025c58cc61c0_0 .net "cin", 0 0, L_0000025c58d0f190;  1 drivers
v0000025c58cc4780_0 .net "cout", 0 0, L_0000025c58d89bd0;  1 drivers
v0000025c58cc6800_0 .net "sum", 0 0, L_0000025c58d89f50;  1 drivers
S_0000025c58cd6230 .scope generate, "fa_gen[31]" "fa_gen[31]" 9 17, 9 17 0, S_0000025c58cb9e10;
 .timescale 0 0;
P_0000025c58ba7c40 .param/l "i" 0 9 17, +C4<011111>;
S_0000025c58cd8df0 .scope module, "fa" "full_adder" 9 18, 9 33 0, S_0000025c58cd6230;
 .timescale 0 0;
    .port_info 0 /INPUT 1 "a";
    .port_info 1 /INPUT 1 "b";
    .port_info 2 /INPUT 1 "cin";
    .port_info 3 /OUTPUT 1 "sum";
    .port_info 4 /OUTPUT 1 "cout";
L_0000025c58d89700 .functor XOR 1, L_0000025c58d0e330, L_0000025c58d0f4b0, C4<0>, C4<0>;
L_0000025c58d89e70 .functor XOR 1, L_0000025c58d89700, L_0000025c58d0e830, C4<0>, C4<0>;
L_0000025c58d88970 .functor AND 1, L_0000025c58d0e330, L_0000025c58d0f4b0, C4<1>, C4<1>;
L_0000025c58d89850 .functor XOR 1, L_0000025c58d0e330, L_0000025c58d0f4b0, C4<0>, C4<0>;
L_0000025c58d897e0 .functor AND 1, L_0000025c58d0e830, L_0000025c58d89850, C4<1>, C4<1>;
L_0000025c58d89fc0 .functor OR 1, L_0000025c58d88970, L_0000025c58d897e0, C4<0>, C4<0>;
v0000025c58cc6440_0 .net *"_ivl_0", 0 0, L_0000025c58d89700;  1 drivers
v0000025c58cc5b80_0 .net *"_ivl_4", 0 0, L_0000025c58d88970;  1 drivers
v0000025c58cc4320_0 .net *"_ivl_6", 0 0, L_0000025c58d89850;  1 drivers
v0000025c58cc4be0_0 .net *"_ivl_8", 0 0, L_0000025c58d897e0;  1 drivers
v0000025c58cc4820_0 .net "a", 0 0, L_0000025c58d0e330;  1 drivers
v0000025c58cc5400_0 .net "b", 0 0, L_0000025c58d0f4b0;  1 drivers
v0000025c58cc5720_0 .net "cin", 0 0, L_0000025c58d0e830;  1 drivers
v0000025c58cc4460_0 .net "cout", 0 0, L_0000025c58d89fc0;  1 drivers
v0000025c58cc4e60_0 .net "sum", 0 0, L_0000025c58d89e70;  1 drivers
S_0000025c58cd6a00 .scope module, "shifter" "barrel_shifter" 6 82, 10 3 0, S_0000025c5886d120;
 .timescale 0 0;
    .port_info 0 /INPUT 32 "A";
    .port_info 1 /INPUT 5 "B";
    .port_info 2 /OUTPUT 32 "shr_out";
    .port_info 3 /OUTPUT 32 "shra_out";
    .port_info 4 /OUTPUT 32 "shl_out";
    .port_info 5 /OUTPUT 32 "ror_out";
    .port_info 6 /OUTPUT 32 "rol_out";
L_0000025c58d9b3f0 .functor BUFZ 32, L_0000025c58dadda0, C4<00000000000000000000000000000000>, C4<00000000000000000000000000000000>, C4<00000000000000000000000000000000>;
L_0000025c58d9b4d0 .functor BUFZ 32, L_0000025c58dad080, C4<00000000000000000000000000000000>, C4<00000000000000000000000000000000>, C4<00000000000000000000000000000000>;
L_0000025c58d9b770 .functor BUFZ 32, L_0000025c58dad940, C4<00000000000000000000000000000000>, C4<00000000000000000000000000000000>, C4<00000000000000000000000000000000>;
L_0000025c58d9a820 .functor BUFZ 32, L_0000025c58db1540, C4<00000000000000000000000000000000>, C4<00000000000000000000000000000000>, C4<00000000000000000000000000000000>;
L_0000025c58d9b150 .functor BUFZ 32, L_0000025c58db0280, C4<00000000000000000000000000000000>, C4<00000000000000000000000000000000>, C4<00000000000000000000000000000000>;
v0000025c58cc57c0_0 .net "A", 31 0, v0000025c58cddb90_0;  alias, 1 drivers
v0000025c58cc5860_0 .net "B", 4 0, L_0000025c58db0460;  1 drivers
v0000025c58cc5900_0 .net *"_ivl_1", 0 0, L_0000025c58daa6a0;  1 drivers
v0000025c58cc59a0_0 .net *"_ivl_105", 0 0, L_0000025c58dadd00;  1 drivers
v0000025c58cc5cc0_0 .net *"_ivl_107", 30 0, L_0000025c58dadc60;  1 drivers
L_0000025c58d13fe8 .functor BUFT 1, C4<0>, C4<0>, C4<0>, C4<0>;
v0000025c58cc5d60_0 .net/2u *"_ivl_108", 0 0, L_0000025c58d13fe8;  1 drivers
v0000025c58cc6b20_0 .net *"_ivl_11", 0 0, L_0000025c58dae840;  1 drivers
v0000025c58cc87e0_0 .net *"_ivl_110", 31 0, L_0000025c58dade40;  1 drivers
v0000025c58cc6e40_0 .net *"_ivl_115", 0 0, L_0000025c58dad620;  1 drivers
v0000025c58cc8100_0 .net *"_ivl_117", 29 0, L_0000025c58dae2a0;  1 drivers
L_0000025c58d14030 .functor BUFT 1, C4<00>, C4<0>, C4<0>, C4<0>;
v0000025c58cc7ca0_0 .net/2u *"_ivl_118", 1 0, L_0000025c58d14030;  1 drivers
L_0000025c58d13ec8 .functor BUFT 1, C4<00>, C4<0>, C4<0>, C4<0>;
v0000025c58cc8a60_0 .net/2u *"_ivl_12", 1 0, L_0000025c58d13ec8;  1 drivers
v0000025c58cc7520_0 .net *"_ivl_120", 31 0, L_0000025c58dae980;  1 drivers
v0000025c58cc89c0_0 .net *"_ivl_125", 0 0, L_0000025c58dacb80;  1 drivers
v0000025c58cc7f20_0 .net *"_ivl_127", 27 0, L_0000025c58dacf40;  1 drivers
L_0000025c58d14078 .functor BUFT 1, C4<0000>, C4<0>, C4<0>, C4<0>;
v0000025c58cc81a0_0 .net/2u *"_ivl_128", 3 0, L_0000025c58d14078;  1 drivers
v0000025c58cc8b00_0 .net *"_ivl_130", 31 0, L_0000025c58daea20;  1 drivers
v0000025c58cc6bc0_0 .net *"_ivl_135", 0 0, L_0000025c58daefc0;  1 drivers
v0000025c58cc82e0_0 .net *"_ivl_137", 23 0, L_0000025c58dad120;  1 drivers
L_0000025c58d140c0 .functor BUFT 1, C4<00000000>, C4<0>, C4<0>, C4<0>;
v0000025c58cc7e80_0 .net/2u *"_ivl_138", 7 0, L_0000025c58d140c0;  1 drivers
v0000025c58cc7ac0_0 .net *"_ivl_140", 31 0, L_0000025c58dacc20;  1 drivers
v0000025c58cc7a20_0 .net *"_ivl_145", 0 0, L_0000025c58dad300;  1 drivers
v0000025c58cc72a0_0 .net *"_ivl_147", 15 0, L_0000025c58dadb20;  1 drivers
L_0000025c58d14108 .functor BUFT 1, C4<0000000000000000>, C4<0>, C4<0>, C4<0>;
v0000025c58cc8ba0_0 .net/2u *"_ivl_148", 15 0, L_0000025c58d14108;  1 drivers
v0000025c58cc7840_0 .net *"_ivl_15", 29 0, L_0000025c58dace00;  1 drivers
v0000025c58cc69e0_0 .net *"_ivl_150", 31 0, L_0000025c58dad800;  1 drivers
v0000025c58cc8ce0_0 .net *"_ivl_157", 0 0, L_0000025c58daf740;  1 drivers
v0000025c58cc8c40_0 .net *"_ivl_159", 0 0, L_0000025c58db0fa0;  1 drivers
v0000025c58cc8600_0 .net *"_ivl_16", 31 0, L_0000025c58dae520;  1 drivers
v0000025c58cc78e0_0 .net *"_ivl_161", 30 0, L_0000025c58db01e0;  1 drivers
v0000025c58cc7480_0 .net *"_ivl_162", 31 0, L_0000025c58db0820;  1 drivers
v0000025c58cc8880_0 .net *"_ivl_167", 0 0, L_0000025c58daf420;  1 drivers
v0000025c58cc7980_0 .net *"_ivl_169", 1 0, L_0000025c58dafd80;  1 drivers
v0000025c58cc8d80_0 .net *"_ivl_171", 29 0, L_0000025c58db1400;  1 drivers
v0000025c58cc7b60_0 .net *"_ivl_172", 31 0, L_0000025c58dafec0;  1 drivers
v0000025c58cc6ee0_0 .net *"_ivl_177", 0 0, L_0000025c58db12c0;  1 drivers
v0000025c58cc6a80_0 .net *"_ivl_179", 3 0, L_0000025c58daf9c0;  1 drivers
v0000025c58cc6d00_0 .net *"_ivl_181", 27 0, L_0000025c58db0e60;  1 drivers
v0000025c58cc8060_0 .net *"_ivl_182", 31 0, L_0000025c58daf2e0;  1 drivers
v0000025c58cc8e20_0 .net *"_ivl_187", 0 0, L_0000025c58dafa60;  1 drivers
v0000025c58cc68a0_0 .net *"_ivl_189", 7 0, L_0000025c58db0000;  1 drivers
v0000025c58cc8ec0_0 .net *"_ivl_191", 23 0, L_0000025c58db1220;  1 drivers
v0000025c58cc8920_0 .net *"_ivl_192", 31 0, L_0000025c58db14a0;  1 drivers
v0000025c58cc8240_0 .net *"_ivl_197", 0 0, L_0000025c58db19a0;  1 drivers
v0000025c58cc8380_0 .net *"_ivl_199", 15 0, L_0000025c58db03c0;  1 drivers
L_0000025c58d13e80 .functor BUFT 1, C4<0>, C4<0>, C4<0>, C4<0>;
v0000025c58cc8420_0 .net/2u *"_ivl_2", 0 0, L_0000025c58d13e80;  1 drivers
v0000025c58cc6940_0 .net *"_ivl_201", 15 0, L_0000025c58db0780;  1 drivers
v0000025c58cc7c00_0 .net *"_ivl_202", 31 0, L_0000025c58daf4c0;  1 drivers
v0000025c58cc70c0_0 .net *"_ivl_209", 0 0, L_0000025c58daf7e0;  1 drivers
v0000025c58cc6da0_0 .net *"_ivl_21", 0 0, L_0000025c58dad1c0;  1 drivers
v0000025c58cc86a0_0 .net *"_ivl_211", 30 0, L_0000025c58db0140;  1 drivers
v0000025c58cc9000_0 .net *"_ivl_213", 0 0, L_0000025c58db1360;  1 drivers
v0000025c58cc7d40_0 .net *"_ivl_214", 31 0, L_0000025c58daf560;  1 drivers
v0000025c58cc7de0_0 .net *"_ivl_219", 0 0, L_0000025c58db15e0;  1 drivers
L_0000025c58d13f10 .functor BUFT 1, C4<0000>, C4<0>, C4<0>, C4<0>;
v0000025c58cc7160_0 .net/2u *"_ivl_22", 3 0, L_0000025c58d13f10;  1 drivers
v0000025c58cc6c60_0 .net *"_ivl_221", 29 0, L_0000025c58db1680;  1 drivers
v0000025c58cc8f60_0 .net *"_ivl_223", 1 0, L_0000025c58daf880;  1 drivers
v0000025c58cc7200_0 .net *"_ivl_224", 31 0, L_0000025c58db08c0;  1 drivers
v0000025c58cc6f80_0 .net *"_ivl_229", 0 0, L_0000025c58db1860;  1 drivers
v0000025c58cc7020_0 .net *"_ivl_231", 27 0, L_0000025c58db05a0;  1 drivers
v0000025c58cc8740_0 .net *"_ivl_233", 3 0, L_0000025c58daff60;  1 drivers
v0000025c58cc7340_0 .net *"_ivl_234", 31 0, L_0000025c58daf600;  1 drivers
v0000025c58cc84c0_0 .net *"_ivl_239", 0 0, L_0000025c58db0f00;  1 drivers
v0000025c58cc73e0_0 .net *"_ivl_241", 23 0, L_0000025c58db10e0;  1 drivers
v0000025c58cc7660_0 .net *"_ivl_243", 7 0, L_0000025c58db1900;  1 drivers
v0000025c58cc75c0_0 .net *"_ivl_244", 31 0, L_0000025c58daf6a0;  1 drivers
v0000025c58cc7700_0 .net *"_ivl_249", 0 0, L_0000025c58db00a0;  1 drivers
v0000025c58cc77a0_0 .net *"_ivl_25", 27 0, L_0000025c58dacd60;  1 drivers
v0000025c58cc7fc0_0 .net *"_ivl_251", 15 0, L_0000025c58dafba0;  1 drivers
v0000025c58cc8560_0 .net *"_ivl_253", 15 0, L_0000025c58dafc40;  1 drivers
v0000025c58cc9500_0 .net *"_ivl_254", 31 0, L_0000025c58dafce0;  1 drivers
v0000025c58cc93c0_0 .net *"_ivl_26", 31 0, L_0000025c58daf100;  1 drivers
v0000025c58cc9f00_0 .net *"_ivl_31", 0 0, L_0000025c58dae020;  1 drivers
L_0000025c58d13f58 .functor BUFT 1, C4<00000000>, C4<0>, C4<0>, C4<0>;
v0000025c58cc9aa0_0 .net/2u *"_ivl_32", 7 0, L_0000025c58d13f58;  1 drivers
v0000025c58cc9e60_0 .net *"_ivl_35", 23 0, L_0000025c58dae0c0;  1 drivers
v0000025c58cc9140_0 .net *"_ivl_36", 31 0, L_0000025c58dad440;  1 drivers
v0000025c58cc90a0_0 .net *"_ivl_41", 0 0, L_0000025c58dad3a0;  1 drivers
L_0000025c58d13fa0 .functor BUFT 1, C4<0000000000000000>, C4<0>, C4<0>, C4<0>;
v0000025c58cc95a0_0 .net/2u *"_ivl_42", 15 0, L_0000025c58d13fa0;  1 drivers
v0000025c58cc9640_0 .net *"_ivl_45", 15 0, L_0000025c58dacea0;  1 drivers
v0000025c58cc9b40_0 .net *"_ivl_46", 31 0, L_0000025c58dae340;  1 drivers
v0000025c58cc9be0_0 .net *"_ivl_5", 30 0, L_0000025c58daeac0;  1 drivers
v0000025c58cc9dc0_0 .net *"_ivl_55", 0 0, L_0000025c58dadf80;  1 drivers
v0000025c58cc91e0_0 .net *"_ivl_57", 30 0, L_0000025c58dad760;  1 drivers
v0000025c58cc9280_0 .net *"_ivl_58", 31 0, L_0000025c58dada80;  1 drivers
v0000025c58cc9320_0 .net *"_ivl_6", 31 0, L_0000025c58daf060;  1 drivers
v0000025c58cc9d20_0 .net *"_ivl_63", 0 0, L_0000025c58daeb60;  1 drivers
v0000025c58cc9960_0 .net *"_ivl_64", 1 0, L_0000025c58daca40;  1 drivers
v0000025c58cc9460_0 .net *"_ivl_67", 29 0, L_0000025c58daee80;  1 drivers
v0000025c58cc96e0_0 .net *"_ivl_68", 31 0, L_0000025c58dae5c0;  1 drivers
v0000025c58cc9a00_0 .net *"_ivl_73", 0 0, L_0000025c58dae160;  1 drivers
v0000025c58cc9c80_0 .net *"_ivl_74", 3 0, L_0000025c58dacae0;  1 drivers
v0000025c58cc9780_0 .net *"_ivl_77", 27 0, L_0000025c58daf1a0;  1 drivers
v0000025c58cc9820_0 .net *"_ivl_78", 31 0, L_0000025c58dae3e0;  1 drivers
v0000025c58cc98c0_0 .net *"_ivl_83", 0 0, L_0000025c58dad580;  1 drivers
v0000025c58cbc4e0_0 .net *"_ivl_84", 7 0, L_0000025c58dae7a0;  1 drivers
v0000025c58cbbc20_0 .net *"_ivl_87", 23 0, L_0000025c58dae660;  1 drivers
v0000025c58cbc3a0_0 .net *"_ivl_88", 31 0, L_0000025c58dae700;  1 drivers
v0000025c58cbb400_0 .net *"_ivl_93", 0 0, L_0000025c58daef20;  1 drivers
v0000025c58cbbb80_0 .net *"_ivl_94", 15 0, L_0000025c58dacfe0;  1 drivers
v0000025c58cbc120_0 .net *"_ivl_97", 15 0, L_0000025c58dad4e0;  1 drivers
v0000025c58cbb0e0_0 .net *"_ivl_98", 31 0, L_0000025c58dad8a0;  1 drivers
v0000025c58cba320_0 .net "rol_out", 31 0, L_0000025c58d9b150;  alias, 1 drivers
v0000025c58cbba40_0 .net "rol_stage0", 31 0, L_0000025c58db17c0;  1 drivers
v0000025c58cba8c0_0 .net "rol_stage1", 31 0, L_0000025c58db1720;  1 drivers
v0000025c58cbc1c0_0 .net "rol_stage2", 31 0, L_0000025c58daf920;  1 drivers
v0000025c58cbabe0_0 .net "rol_stage3", 31 0, L_0000025c58dafb00;  1 drivers
v0000025c58cba5a0_0 .net "rol_stage4", 31 0, L_0000025c58db0280;  1 drivers
v0000025c58cbbcc0_0 .net "ror_out", 31 0, L_0000025c58d9a820;  alias, 1 drivers
v0000025c58cbab40_0 .net "ror_stage0", 31 0, L_0000025c58db06e0;  1 drivers
v0000025c58cba820_0 .net "ror_stage1", 31 0, L_0000025c58daf240;  1 drivers
v0000025c58cbae60_0 .net "ror_stage2", 31 0, L_0000025c58daf380;  1 drivers
v0000025c58cbafa0_0 .net "ror_stage3", 31 0, L_0000025c58dafe20;  1 drivers
v0000025c58cbbf40_0 .net "ror_stage4", 31 0, L_0000025c58db1540;  1 drivers
v0000025c58cbb360_0 .net "shl_out", 31 0, L_0000025c58d9b770;  alias, 1 drivers
v0000025c58cba500_0 .net "shl_stage0", 31 0, L_0000025c58dae480;  1 drivers
v0000025c58cba6e0_0 .net "shl_stage1", 31 0, L_0000025c58dad6c0;  1 drivers
v0000025c58cbaaa0_0 .net "shl_stage2", 31 0, L_0000025c58daec00;  1 drivers
v0000025c58cba140_0 .net "shl_stage3", 31 0, L_0000025c58dad260;  1 drivers
v0000025c58cbbd60_0 .net "shl_stage4", 31 0, L_0000025c58dad940;  1 drivers
v0000025c58cbb540_0 .net "shr_out", 31 0, L_0000025c58d9b3f0;  alias, 1 drivers
v0000025c58cbb220_0 .net "shr_stage0", 31 0, L_0000025c58dadbc0;  1 drivers
v0000025c58cbbe00_0 .net "shr_stage1", 31 0, L_0000025c58dae8e0;  1 drivers
v0000025c58cba780_0 .net "shr_stage2", 31 0, L_0000025c58daccc0;  1 drivers
v0000025c58cbb2c0_0 .net "shr_stage3", 31 0, L_0000025c58dad9e0;  1 drivers
v0000025c58cbb860_0 .net "shr_stage4", 31 0, L_0000025c58dadda0;  1 drivers
v0000025c58cba280_0 .net "shra_out", 31 0, L_0000025c58d9b4d0;  alias, 1 drivers
v0000025c58cbb680_0 .net "shra_stage0", 31 0, L_0000025c58daeca0;  1 drivers
v0000025c58cba640_0 .net "shra_stage1", 31 0, L_0000025c58daed40;  1 drivers
v0000025c58cbac80_0 .net "shra_stage2", 31 0, L_0000025c58dae200;  1 drivers
v0000025c58cbb4a0_0 .net "shra_stage3", 31 0, L_0000025c58daede0;  1 drivers
v0000025c58cbb040_0 .net "shra_stage4", 31 0, L_0000025c58dad080;  1 drivers
v0000025c58cba1e0_0 .net "sign_bit", 0 0, L_0000025c58dadee0;  1 drivers
L_0000025c58daa6a0 .part L_0000025c58db0460, 0, 1;
L_0000025c58daeac0 .part v0000025c58cddb90_0, 1, 31;
L_0000025c58daf060 .concat [ 31 1 0 0], L_0000025c58daeac0, L_0000025c58d13e80;
L_0000025c58dadbc0 .functor MUXZ 32, v0000025c58cddb90_0, L_0000025c58daf060, L_0000025c58daa6a0, C4<>;
L_0000025c58dae840 .part L_0000025c58db0460, 1, 1;
L_0000025c58dace00 .part L_0000025c58dadbc0, 2, 30;
L_0000025c58dae520 .concat [ 30 2 0 0], L_0000025c58dace00, L_0000025c58d13ec8;
L_0000025c58dae8e0 .functor MUXZ 32, L_0000025c58dadbc0, L_0000025c58dae520, L_0000025c58dae840, C4<>;
L_0000025c58dad1c0 .part L_0000025c58db0460, 2, 1;
L_0000025c58dacd60 .part L_0000025c58dae8e0, 4, 28;
L_0000025c58daf100 .concat [ 28 4 0 0], L_0000025c58dacd60, L_0000025c58d13f10;
L_0000025c58daccc0 .functor MUXZ 32, L_0000025c58dae8e0, L_0000025c58daf100, L_0000025c58dad1c0, C4<>;
L_0000025c58dae020 .part L_0000025c58db0460, 3, 1;
L_0000025c58dae0c0 .part L_0000025c58daccc0, 8, 24;
L_0000025c58dad440 .concat [ 24 8 0 0], L_0000025c58dae0c0, L_0000025c58d13f58;
L_0000025c58dad9e0 .functor MUXZ 32, L_0000025c58daccc0, L_0000025c58dad440, L_0000025c58dae020, C4<>;
L_0000025c58dad3a0 .part L_0000025c58db0460, 4, 1;
L_0000025c58dacea0 .part L_0000025c58dad9e0, 16, 16;
L_0000025c58dae340 .concat [ 16 16 0 0], L_0000025c58dacea0, L_0000025c58d13fa0;
L_0000025c58dadda0 .functor MUXZ 32, L_0000025c58dad9e0, L_0000025c58dae340, L_0000025c58dad3a0, C4<>;
L_0000025c58dadee0 .part v0000025c58cddb90_0, 31, 1;
L_0000025c58dadf80 .part L_0000025c58db0460, 0, 1;
L_0000025c58dad760 .part v0000025c58cddb90_0, 1, 31;
L_0000025c58dada80 .concat [ 31 1 0 0], L_0000025c58dad760, L_0000025c58dadee0;
L_0000025c58daeca0 .functor MUXZ 32, v0000025c58cddb90_0, L_0000025c58dada80, L_0000025c58dadf80, C4<>;
L_0000025c58daeb60 .part L_0000025c58db0460, 1, 1;
L_0000025c58daca40 .concat [ 1 1 0 0], L_0000025c58dadee0, L_0000025c58dadee0;
L_0000025c58daee80 .part L_0000025c58daeca0, 2, 30;
L_0000025c58dae5c0 .concat [ 30 2 0 0], L_0000025c58daee80, L_0000025c58daca40;
L_0000025c58daed40 .functor MUXZ 32, L_0000025c58daeca0, L_0000025c58dae5c0, L_0000025c58daeb60, C4<>;
L_0000025c58dae160 .part L_0000025c58db0460, 2, 1;
L_0000025c58dacae0 .concat [ 1 1 1 1], L_0000025c58dadee0, L_0000025c58dadee0, L_0000025c58dadee0, L_0000025c58dadee0;
L_0000025c58daf1a0 .part L_0000025c58daed40, 4, 28;
L_0000025c58dae3e0 .concat [ 28 4 0 0], L_0000025c58daf1a0, L_0000025c58dacae0;
L_0000025c58dae200 .functor MUXZ 32, L_0000025c58daed40, L_0000025c58dae3e0, L_0000025c58dae160, C4<>;
L_0000025c58dad580 .part L_0000025c58db0460, 3, 1;
LS_0000025c58dae7a0_0_0 .concat [ 1 1 1 1], L_0000025c58dadee0, L_0000025c58dadee0, L_0000025c58dadee0, L_0000025c58dadee0;
LS_0000025c58dae7a0_0_4 .concat [ 1 1 1 1], L_0000025c58dadee0, L_0000025c58dadee0, L_0000025c58dadee0, L_0000025c58dadee0;
L_0000025c58dae7a0 .concat [ 4 4 0 0], LS_0000025c58dae7a0_0_0, LS_0000025c58dae7a0_0_4;
L_0000025c58dae660 .part L_0000025c58dae200, 8, 24;
L_0000025c58dae700 .concat [ 24 8 0 0], L_0000025c58dae660, L_0000025c58dae7a0;
L_0000025c58daede0 .functor MUXZ 32, L_0000025c58dae200, L_0000025c58dae700, L_0000025c58dad580, C4<>;
L_0000025c58daef20 .part L_0000025c58db0460, 4, 1;
LS_0000025c58dacfe0_0_0 .concat [ 1 1 1 1], L_0000025c58dadee0, L_0000025c58dadee0, L_0000025c58dadee0, L_0000025c58dadee0;
LS_0000025c58dacfe0_0_4 .concat [ 1 1 1 1], L_0000025c58dadee0, L_0000025c58dadee0, L_0000025c58dadee0, L_0000025c58dadee0;
LS_0000025c58dacfe0_0_8 .concat [ 1 1 1 1], L_0000025c58dadee0, L_0000025c58dadee0, L_0000025c58dadee0, L_0000025c58dadee0;
LS_0000025c58dacfe0_0_12 .concat [ 1 1 1 1], L_0000025c58dadee0, L_0000025c58dadee0, L_0000025c58dadee0, L_0000025c58dadee0;
L_0000025c58dacfe0 .concat [ 4 4 4 4], LS_0000025c58dacfe0_0_0, LS_0000025c58dacfe0_0_4, LS_0000025c58dacfe0_0_8, LS_0000025c58dacfe0_0_12;
L_0000025c58dad4e0 .part L_0000025c58daede0, 16, 16;
L_0000025c58dad8a0 .concat [ 16 16 0 0], L_0000025c58dad4e0, L_0000025c58dacfe0;
L_0000025c58dad080 .functor MUXZ 32, L_0000025c58daede0, L_0000025c58dad8a0, L_0000025c58daef20, C4<>;
L_0000025c58dadd00 .part L_0000025c58db0460, 0, 1;
L_0000025c58dadc60 .part v0000025c58cddb90_0, 0, 31;
L_0000025c58dade40 .concat [ 1 31 0 0], L_0000025c58d13fe8, L_0000025c58dadc60;
L_0000025c58dae480 .functor MUXZ 32, v0000025c58cddb90_0, L_0000025c58dade40, L_0000025c58dadd00, C4<>;
L_0000025c58dad620 .part L_0000025c58db0460, 1, 1;
L_0000025c58dae2a0 .part L_0000025c58dae480, 0, 30;
L_0000025c58dae980 .concat [ 2 30 0 0], L_0000025c58d14030, L_0000025c58dae2a0;
L_0000025c58dad6c0 .functor MUXZ 32, L_0000025c58dae480, L_0000025c58dae980, L_0000025c58dad620, C4<>;
L_0000025c58dacb80 .part L_0000025c58db0460, 2, 1;
L_0000025c58dacf40 .part L_0000025c58dad6c0, 0, 28;
L_0000025c58daea20 .concat [ 4 28 0 0], L_0000025c58d14078, L_0000025c58dacf40;
L_0000025c58daec00 .functor MUXZ 32, L_0000025c58dad6c0, L_0000025c58daea20, L_0000025c58dacb80, C4<>;
L_0000025c58daefc0 .part L_0000025c58db0460, 3, 1;
L_0000025c58dad120 .part L_0000025c58daec00, 0, 24;
L_0000025c58dacc20 .concat [ 8 24 0 0], L_0000025c58d140c0, L_0000025c58dad120;
L_0000025c58dad260 .functor MUXZ 32, L_0000025c58daec00, L_0000025c58dacc20, L_0000025c58daefc0, C4<>;
L_0000025c58dad300 .part L_0000025c58db0460, 4, 1;
L_0000025c58dadb20 .part L_0000025c58dad260, 0, 16;
L_0000025c58dad800 .concat [ 16 16 0 0], L_0000025c58d14108, L_0000025c58dadb20;
L_0000025c58dad940 .functor MUXZ 32, L_0000025c58dad260, L_0000025c58dad800, L_0000025c58dad300, C4<>;
L_0000025c58daf740 .part L_0000025c58db0460, 0, 1;
L_0000025c58db0fa0 .part v0000025c58cddb90_0, 0, 1;
L_0000025c58db01e0 .part v0000025c58cddb90_0, 1, 31;
L_0000025c58db0820 .concat [ 31 1 0 0], L_0000025c58db01e0, L_0000025c58db0fa0;
L_0000025c58db06e0 .functor MUXZ 32, v0000025c58cddb90_0, L_0000025c58db0820, L_0000025c58daf740, C4<>;
L_0000025c58daf420 .part L_0000025c58db0460, 1, 1;
L_0000025c58dafd80 .part L_0000025c58db06e0, 0, 2;
L_0000025c58db1400 .part L_0000025c58db06e0, 2, 30;
L_0000025c58dafec0 .concat [ 30 2 0 0], L_0000025c58db1400, L_0000025c58dafd80;
L_0000025c58daf240 .functor MUXZ 32, L_0000025c58db06e0, L_0000025c58dafec0, L_0000025c58daf420, C4<>;
L_0000025c58db12c0 .part L_0000025c58db0460, 2, 1;
L_0000025c58daf9c0 .part L_0000025c58daf240, 0, 4;
L_0000025c58db0e60 .part L_0000025c58daf240, 4, 28;
L_0000025c58daf2e0 .concat [ 28 4 0 0], L_0000025c58db0e60, L_0000025c58daf9c0;
L_0000025c58daf380 .functor MUXZ 32, L_0000025c58daf240, L_0000025c58daf2e0, L_0000025c58db12c0, C4<>;
L_0000025c58dafa60 .part L_0000025c58db0460, 3, 1;
L_0000025c58db0000 .part L_0000025c58daf380, 0, 8;
L_0000025c58db1220 .part L_0000025c58daf380, 8, 24;
L_0000025c58db14a0 .concat [ 24 8 0 0], L_0000025c58db1220, L_0000025c58db0000;
L_0000025c58dafe20 .functor MUXZ 32, L_0000025c58daf380, L_0000025c58db14a0, L_0000025c58dafa60, C4<>;
L_0000025c58db19a0 .part L_0000025c58db0460, 4, 1;
L_0000025c58db03c0 .part L_0000025c58dafe20, 0, 16;
L_0000025c58db0780 .part L_0000025c58dafe20, 16, 16;
L_0000025c58daf4c0 .concat [ 16 16 0 0], L_0000025c58db0780, L_0000025c58db03c0;
L_0000025c58db1540 .functor MUXZ 32, L_0000025c58dafe20, L_0000025c58daf4c0, L_0000025c58db19a0, C4<>;
L_0000025c58daf7e0 .part L_0000025c58db0460, 0, 1;
L_0000025c58db0140 .part v0000025c58cddb90_0, 0, 31;
L_0000025c58db1360 .part v0000025c58cddb90_0, 31, 1;
L_0000025c58daf560 .concat [ 1 31 0 0], L_0000025c58db1360, L_0000025c58db0140;
L_0000025c58db17c0 .functor MUXZ 32, v0000025c58cddb90_0, L_0000025c58daf560, L_0000025c58daf7e0, C4<>;
L_0000025c58db15e0 .part L_0000025c58db0460, 1, 1;
L_0000025c58db1680 .part L_0000025c58db17c0, 0, 30;
L_0000025c58daf880 .part L_0000025c58db17c0, 30, 2;
L_0000025c58db08c0 .concat [ 2 30 0 0], L_0000025c58daf880, L_0000025c58db1680;
L_0000025c58db1720 .functor MUXZ 32, L_0000025c58db17c0, L_0000025c58db08c0, L_0000025c58db15e0, C4<>;
L_0000025c58db1860 .part L_0000025c58db0460, 2, 1;
L_0000025c58db05a0 .part L_0000025c58db1720, 0, 28;
L_0000025c58daff60 .part L_0000025c58db1720, 28, 4;
L_0000025c58daf600 .concat [ 4 28 0 0], L_0000025c58daff60, L_0000025c58db05a0;
L_0000025c58daf920 .functor MUXZ 32, L_0000025c58db1720, L_0000025c58daf600, L_0000025c58db1860, C4<>;
L_0000025c58db0f00 .part L_0000025c58db0460, 3, 1;
L_0000025c58db10e0 .part L_0000025c58daf920, 0, 24;
L_0000025c58db1900 .part L_0000025c58daf920, 24, 8;
L_0000025c58daf6a0 .concat [ 8 24 0 0], L_0000025c58db1900, L_0000025c58db10e0;
L_0000025c58dafb00 .functor MUXZ 32, L_0000025c58daf920, L_0000025c58daf6a0, L_0000025c58db0f00, C4<>;
L_0000025c58db00a0 .part L_0000025c58db0460, 4, 1;
L_0000025c58dafba0 .part L_0000025c58dafb00, 0, 16;
L_0000025c58dafc40 .part L_0000025c58dafb00, 16, 16;
L_0000025c58dafce0 .concat [ 16 16 0 0], L_0000025c58dafc40, L_0000025c58dafba0;
L_0000025c58db0280 .functor MUXZ 32, L_0000025c58dafb00, L_0000025c58dafce0, L_0000025c58db00a0, C4<>;
S_0000025c58cd8620 .scope module, "bmux" "bus_mux_enc" 5 238, 11 1 0, S_0000025c5886f5c0;
 .timescale 0 0;
    .port_info 0 /INPUT 5 "bus_sel";
    .port_info 1 /INPUT 32 "r0";
    .port_info 2 /INPUT 32 "r1";
    .port_info 3 /INPUT 32 "r2";
    .port_info 4 /INPUT 32 "r3";
    .port_info 5 /INPUT 32 "r4";
    .port_info 6 /INPUT 32 "r5";
    .port_info 7 /INPUT 32 "r6";
    .port_info 8 /INPUT 32 "r7";
    .port_info 9 /INPUT 32 "r8";
    .port_info 10 /INPUT 32 "r9";
    .port_info 11 /INPUT 32 "r10";
    .port_info 12 /INPUT 32 "r11";
    .port_info 13 /INPUT 32 "r12";
    .port_info 14 /INPUT 32 "r13";
    .port_info 15 /INPUT 32 "r14";
    .port_info 16 /INPUT 32 "r15";
    .port_info 17 /INPUT 32 "hi_val";
    .port_info 18 /INPUT 32 "lo_val";
    .port_info 19 /INPUT 32 "zhigh_val";
    .port_info 20 /INPUT 32 "zlow_val";
    .port_info 21 /INPUT 32 "pc_val";
    .port_info 22 /INPUT 32 "mdr_val";
    .port_info 23 /INPUT 32 "inport_val";
    .port_info 24 /INPUT 32 "c_val";
    .port_info 25 /OUTPUT 32 "BusMuxOut";
v0000025c58cbaf00_0 .var "BusMuxOut", 31 0;
v0000025c58cbc6c0_0 .net "bus_sel", 4 0, v0000025c58cf5330_0;  alias, 1 drivers
v0000025c58cbc760_0 .net "c_val", 31 0, L_0000025c58d08110;  alias, 1 drivers
v0000025c58cbc800_0 .net "hi_val", 31 0, v0000025c58cdffd0_0;  alias, 1 drivers
v0000025c58cba0a0_0 .net "inport_val", 31 0, v0000025c58cdfcb0_0;  alias, 1 drivers
v0000025c58ce1f10_0 .net "lo_val", 31 0, v0000025c58ce20f0_0;  alias, 1 drivers
v0000025c58ce1010_0 .net "mdr_val", 31 0, v0000025c58cf69b0_0;  alias, 1 drivers
v0000025c58ce07f0_0 .net "pc_val", 31 0, v0000025c58cde4f0_0;  alias, 1 drivers
v0000025c58ce1790_0 .net "r0", 31 0, L_0000025c58d02a30;  alias, 1 drivers
v0000025c58ce1650_0 .net "r1", 31 0, v0000025c58cf7270_0;  alias, 1 drivers
v0000025c58ce0070_0 .net "r10", 31 0, v0000025c58cf6370_0;  alias, 1 drivers
v0000025c58ce0390_0 .net "r11", 31 0, v0000025c58cf5e70_0;  alias, 1 drivers
v0000025c58ce1c90_0 .net "r12", 31 0, v0000025c58cf5ab0_0;  alias, 1 drivers
v0000025c58ce10b0_0 .net "r13", 31 0, v0000025c58cf92f0_0;  alias, 1 drivers
v0000025c58cdfb70_0 .net "r14", 31 0, v0000025c58cf9bb0_0;  alias, 1 drivers
v0000025c58ce0bb0_0 .net "r15", 31 0, v0000025c58cf8cb0_0;  alias, 1 drivers
v0000025c58ce1d30_0 .net "r2", 31 0, v0000025c58cf8fd0_0;  alias, 1 drivers
v0000025c58ce0750_0 .net "r3", 31 0, v0000025c58cf8490_0;  alias, 1 drivers
v0000025c58cdfc10_0 .net "r4", 31 0, v0000025c58cf8170_0;  alias, 1 drivers
v0000025c58ce11f0_0 .net "r5", 31 0, v0000025c58cf9070_0;  alias, 1 drivers
v0000025c58ce1dd0_0 .net "r6", 31 0, v0000025c58cf7bd0_0;  alias, 1 drivers
v0000025c58ce1150_0 .net "r7", 31 0, v0000025c58cf99d0_0;  alias, 1 drivers
v0000025c58ce0cf0_0 .net "r8", 31 0, v0000025c58cf8df0_0;  alias, 1 drivers
v0000025c58ce1ab0_0 .net "r9", 31 0, v0000025c58cf80d0_0;  alias, 1 drivers
v0000025c58ce0570_0 .net "zhigh_val", 31 0, L_0000025c58d03890;  alias, 1 drivers
v0000025c58ce1a10_0 .net "zlow_val", 31 0, L_0000025c58d025d0;  alias, 1 drivers
E_0000025c58b9f280/0 .event anyedge, v0000025c58cbc6c0_0, v0000025c58ce1790_0, v0000025c58ce1650_0, v0000025c58ce1d30_0;
E_0000025c58b9f280/1 .event anyedge, v0000025c58ce0750_0, v0000025c58cdfc10_0, v0000025c58ce11f0_0, v0000025c58ce1dd0_0;
E_0000025c58b9f280/2 .event anyedge, v0000025c58ce1150_0, v0000025c58ce0cf0_0, v0000025c58ce1ab0_0, v0000025c58ce0070_0;
E_0000025c58b9f280/3 .event anyedge, v0000025c58ce0390_0, v0000025c58ce1c90_0, v0000025c58ce10b0_0, v0000025c58cdfb70_0;
E_0000025c58b9f280/4 .event anyedge, v0000025c58ce0bb0_0, v0000025c58cbc800_0, v0000025c58ce1f10_0, v0000025c58ce0570_0;
E_0000025c58b9f280/5 .event anyedge, v0000025c58ce1a10_0, v0000025c58ce07f0_0, v0000025c58ce1010_0, v0000025c58cba0a0_0;
E_0000025c58b9f280/6 .event anyedge, v0000025c58cbc760_0;
E_0000025c58b9f280 .event/or E_0000025c58b9f280/0, E_0000025c58b9f280/1, E_0000025c58b9f280/2, E_0000025c58b9f280/3, E_0000025c58b9f280/4, E_0000025c58b9f280/5, E_0000025c58b9f280/6;
S_0000025c58cd7e50 .scope module, "conff_inst" "con_ff" 5 194, 12 1 0, S_0000025c5886f5c0;
 .timescale 0 0;
    .port_info 0 /INPUT 1 "clk";
    .port_info 1 /INPUT 1 "reset";
    .port_info 2 /INPUT 1 "con_en";
    .port_info 3 /INPUT 32 "BusMuxOut";
    .port_info 4 /INPUT 2 "c2";
    .port_info 5 /OUTPUT 1 "con";
L_0000025c58d6e4e0 .functor NOT 1, L_0000025c58d087f0, C4<0>, C4<0>, C4<0>;
v0000025c58ce1fb0_0 .net "BusMuxOut", 31 0, v0000025c58cbaf00_0;  alias, 1 drivers
L_0000025c58d13100 .functor BUFT 1, C4<00>, C4<0>, C4<0>, C4<0>;
v0000025c58ce04d0_0 .net/2u *"_ivl_0", 1 0, L_0000025c58d13100;  1 drivers
v0000025c58cdf8f0_0 .net *"_ivl_10", 0 0, L_0000025c58d08c50;  1 drivers
L_0000025c58d131d8 .functor BUFT 1, C4<00000000000000000000000000000000>, C4<0>, C4<0>, C4<0>;
v0000025c58cdf990_0 .net/2u *"_ivl_12", 31 0, L_0000025c58d131d8;  1 drivers
v0000025c58ce0a70_0 .net *"_ivl_14", 0 0, L_0000025c58d06ef0;  1 drivers
L_0000025c58d13220 .functor BUFT 1, C4<10>, C4<0>, C4<0>, C4<0>;
v0000025c58ce16f0_0 .net/2u *"_ivl_16", 1 0, L_0000025c58d13220;  1 drivers
v0000025c58ce0c50_0 .net *"_ivl_18", 0 0, L_0000025c58d086b0;  1 drivers
v0000025c58ce1830_0 .net *"_ivl_2", 0 0, L_0000025c58d07df0;  1 drivers
v0000025c58ce0890_0 .net *"_ivl_21", 0 0, L_0000025c58d087f0;  1 drivers
v0000025c58ce0250_0 .net *"_ivl_22", 0 0, L_0000025c58d6e4e0;  1 drivers
v0000025c58ce0d90_0 .net *"_ivl_25", 0 0, L_0000025c58d07e90;  1 drivers
v0000025c58cdfd50_0 .net *"_ivl_26", 0 0, L_0000025c58d070d0;  1 drivers
v0000025c58ce0610_0 .net *"_ivl_28", 0 0, L_0000025c58d07210;  1 drivers
L_0000025c58d13148 .functor BUFT 1, C4<00000000000000000000000000000000>, C4<0>, C4<0>, C4<0>;
v0000025c58ce1470_0 .net/2u *"_ivl_4", 31 0, L_0000025c58d13148;  1 drivers
v0000025c58ce06b0_0 .net *"_ivl_6", 0 0, L_0000025c58d08ed0;  1 drivers
L_0000025c58d13190 .functor BUFT 1, C4<01>, C4<0>, C4<0>, C4<0>;
v0000025c58ce1b50_0 .net/2u *"_ivl_8", 1 0, L_0000025c58d13190;  1 drivers
v0000025c58cdfa30_0 .net "c2", 1 0, L_0000025c58d084d0;  1 drivers
v0000025c58ce13d0_0 .net "clk", 0 0, L_0000025c58d01d10;  alias, 1 drivers
v0000025c58ce1970_0 .var "con", 0 0;
v0000025c58ce0110_0 .net "con_en", 0 0, v0000025c58c09490_0;  alias, 1 drivers
v0000025c58cdfad0_0 .net "condition_met", 0 0, L_0000025c58d07c10;  1 drivers
v0000025c58ce1290_0 .net "reset", 0 0, L_0000025c58d037f0;  alias, 1 drivers
L_0000025c58d07df0 .cmp/eq 2, L_0000025c58d084d0, L_0000025c58d13100;
L_0000025c58d08ed0 .cmp/eq 32, v0000025c58cbaf00_0, L_0000025c58d13148;
L_0000025c58d08c50 .cmp/eq 2, L_0000025c58d084d0, L_0000025c58d13190;
L_0000025c58d06ef0 .cmp/ne 32, v0000025c58cbaf00_0, L_0000025c58d131d8;
L_0000025c58d086b0 .cmp/eq 2, L_0000025c58d084d0, L_0000025c58d13220;
L_0000025c58d087f0 .part v0000025c58cbaf00_0, 31, 1;
L_0000025c58d07e90 .part v0000025c58cbaf00_0, 31, 1;
L_0000025c58d070d0 .functor MUXZ 1, L_0000025c58d07e90, L_0000025c58d6e4e0, L_0000025c58d086b0, C4<>;
L_0000025c58d07210 .functor MUXZ 1, L_0000025c58d070d0, L_0000025c58d06ef0, L_0000025c58d08c50, C4<>;
L_0000025c58d07c10 .functor MUXZ 1, L_0000025c58d07210, L_0000025c58d08ed0, L_0000025c58d07df0, C4<>;
S_0000025c58cd8170 .scope module, "extend_c_inst" "extend_c" 5 178, 13 53 0, S_0000025c5886f5c0;
 .timescale 0 0;
    .port_info 0 /INPUT 32 "IRin";
    .port_info 1 /INPUT 1 "Cout";
    .port_info 2 /OUTPUT 32 "C_extended";
v0000025c58ce1330_0 .net "C_extended", 31 0, L_0000025c58d08f70;  alias, 1 drivers
v0000025c58ce18d0_0 .net "Cout", 0 0, v0000025c58c09850_0;  alias, 1 drivers
v0000025c58ce2050_0 .net "IRin", 31 0, v0000025c58ce0f70_0;  alias, 1 drivers
v0000025c58ce0930_0 .net *"_ivl_2", 12 0, L_0000025c58d07170;  1 drivers
v0000025c58ce09d0_0 .net *"_ivl_5", 18 0, L_0000025c58d08bb0;  1 drivers
v0000025c58ce0b10_0 .net "sign", 0 0, L_0000025c58d07cb0;  1 drivers
L_0000025c58d07cb0 .part v0000025c58ce0f70_0, 18, 1;
LS_0000025c58d07170_0_0 .concat [ 1 1 1 1], L_0000025c58d07cb0, L_0000025c58d07cb0, L_0000025c58d07cb0, L_0000025c58d07cb0;
LS_0000025c58d07170_0_4 .concat [ 1 1 1 1], L_0000025c58d07cb0, L_0000025c58d07cb0, L_0000025c58d07cb0, L_0000025c58d07cb0;
LS_0000025c58d07170_0_8 .concat [ 1 1 1 1], L_0000025c58d07cb0, L_0000025c58d07cb0, L_0000025c58d07cb0, L_0000025c58d07cb0;
LS_0000025c58d07170_0_12 .concat [ 1 0 0 0], L_0000025c58d07cb0;
L_0000025c58d07170 .concat [ 4 4 4 1], LS_0000025c58d07170_0_0, LS_0000025c58d07170_0_4, LS_0000025c58d07170_0_8, LS_0000025c58d07170_0_12;
L_0000025c58d08bb0 .part v0000025c58ce0f70_0, 0, 19;
L_0000025c58d08f70 .concat [ 19 13 0 0], L_0000025c58d08bb0, L_0000025c58d07170;
S_0000025c58cd9a70 .scope module, "inport_inst" "inport" 5 219, 14 18 0, S_0000025c5886f5c0;
 .timescale 0 0;
    .port_info 0 /INPUT 1 "clk";
    .port_info 1 /INPUT 1 "reset";
    .port_info 2 /INPUT 1 "inport_in";
    .port_info 3 /INPUT 32 "device_in";
    .port_info 4 /OUTPUT 32 "inport_val";
v0000025c58ce1e70_0 .net "clk", 0 0, L_0000025c58d01d10;  alias, 1 drivers
v0000025c58cdfdf0_0 .net "device_in", 31 0, L_0000025c58d03c50;  alias, 1 drivers
v0000025c58ce1bf0_0 .net "inport_in", 0 0, v0000025c58c09670_0;  alias, 1 drivers
v0000025c58cdfcb0_0 .var "inport_val", 31 0;
v0000025c58cdfe90_0 .net "reset", 0 0, L_0000025c58d037f0;  alias, 1 drivers
S_0000025c58cd8300 .scope module, "key_regs_inst" "key_regs" 5 119, 15 1 0, S_0000025c5886f5c0;
 .timescale 0 0;
    .port_info 0 /INPUT 1 "clk";
    .port_info 1 /INPUT 1 "reset";
    .port_info 2 /INPUT 32 "BusMuxOut";
    .port_info 3 /INPUT 1 "pc_in";
    .port_info 4 /INPUT 1 "IncPC";
    .port_info 5 /OUTPUT 32 "pc_val";
    .port_info 6 /INPUT 1 "ir_in";
    .port_info 7 /OUTPUT 32 "ir_val";
    .port_info 8 /INPUT 1 "y_in";
    .port_info 9 /OUTPUT 32 "y_val";
    .port_info 10 /INPUT 1 "zhigh_in";
    .port_info 11 /OUTPUT 32 "zhigh_val";
    .port_info 12 /INPUT 1 "zlow_in";
    .port_info 13 /OUTPUT 32 "zlow_val";
    .port_info 14 /INPUT 1 "mar_in";
    .port_info 15 /OUTPUT 32 "mar_val";
    .port_info 16 /INPUT 1 "hi_in";
    .port_info 17 /INPUT 1 "lo_in";
    .port_info 18 /OUTPUT 32 "hi_val";
    .port_info 19 /OUTPUT 32 "lo_val";
v0000025c58cdf0d0_0 .net "BusMuxOut", 31 0, v0000025c58cbaf00_0;  alias, 1 drivers
v0000025c58cdf170_0 .net "IncPC", 0 0, v0000025c58c09ad0_0;  alias, 1 drivers
v0000025c58cde8b0_0 .net "clk", 0 0, L_0000025c58d01d10;  alias, 1 drivers
v0000025c58cdf210_0 .net "hi_in", 0 0, v0000025c58c09a30_0;  alias, 1 drivers
v0000025c58cdf7b0_0 .net "hi_val", 31 0, v0000025c58cdffd0_0;  alias, 1 drivers
v0000025c58cde9f0_0 .net "ir_in", 0 0, v0000025c58c07e10_0;  alias, 1 drivers
v0000025c58cdeb30_0 .net "ir_val", 31 0, v0000025c58ce0f70_0;  alias, 1 drivers
v0000025c58cdedb0_0 .net "lo_in", 0 0, v0000025c58c08b30_0;  alias, 1 drivers
v0000025c58cdf2b0_0 .net "lo_val", 31 0, v0000025c58ce20f0_0;  alias, 1 drivers
v0000025c58cdf350_0 .net "mar_in", 0 0, v0000025c58c08270_0;  alias, 1 drivers
v0000025c58cdf5d0_0 .net "mar_val", 31 0, v0000025c58ce2b90_0;  alias, 1 drivers
v0000025c58cdf670_0 .net "pc_in", 0 0, v0000025c58c0c0f0_0;  alias, 1 drivers
v0000025c58cdf850_0 .net "pc_val", 31 0, v0000025c58cde4f0_0;  alias, 1 drivers
v0000025c58cf6690_0 .net "reset", 0 0, L_0000025c58d037f0;  alias, 1 drivers
v0000025c58cf7630_0 .net "y_in", 0 0, v0000025c58c0b8d0_0;  alias, 1 drivers
v0000025c58cf76d0_0 .net "y_val", 31 0, v0000025c58cddb90_0;  alias, 1 drivers
L_0000025c58d12f98 .functor BUFT 1, C4<0>, C4<0>, C4<0>, C4<0>;
v0000025c58cf7450_0 .net "zhigh_in", 0 0, L_0000025c58d12f98;  1 drivers
v0000025c58cf5bf0_0 .net "zhigh_val", 31 0, v0000025c58cde630_0;  1 drivers
L_0000025c58d12fe0 .functor BUFT 1, C4<0>, C4<0>, C4<0>, C4<0>;
v0000025c58cf5650_0 .net "zlow_in", 0 0, L_0000025c58d12fe0;  1 drivers
v0000025c58cf55b0_0 .net "zlow_val", 31 0, v0000025c58cddff0_0;  1 drivers
S_0000025c58cd63c0 .scope module, "HI" "reg32" 15 73, 16 2 0, S_0000025c58cd8300;
 .timescale 0 0;
    .port_info 0 /INPUT 1 "clk";
    .port_info 1 /INPUT 1 "reset";
    .port_info 2 /INPUT 1 "en";
    .port_info 3 /INPUT 32 "d_in";
    .port_info 4 /OUTPUT 32 "d_out";
v0000025c58ce01b0_0 .net "clk", 0 0, L_0000025c58d01d10;  alias, 1 drivers
v0000025c58cdff30_0 .net "d_in", 31 0, v0000025c58cbaf00_0;  alias, 1 drivers
v0000025c58cdffd0_0 .var "d_out", 31 0;
v0000025c58ce02f0_0 .net "en", 0 0, v0000025c58c09a30_0;  alias, 1 drivers
v0000025c58ce0430_0 .net "reset", 0 0, L_0000025c58d037f0;  alias, 1 drivers
E_0000025c58ba8880 .event posedge, v0000025c58c098f0_0;
S_0000025c58cd6d20 .scope module, "IR" "reg32" 15 33, 16 2 0, S_0000025c58cd8300;
 .timescale 0 0;
    .port_info 0 /INPUT 1 "clk";
    .port_info 1 /INPUT 1 "reset";
    .port_info 2 /INPUT 1 "en";
    .port_info 3 /INPUT 32 "d_in";
    .port_info 4 /OUTPUT 32 "d_out";
v0000025c58ce0e30_0 .net "clk", 0 0, L_0000025c58d01d10;  alias, 1 drivers
v0000025c58ce0ed0_0 .net "d_in", 31 0, v0000025c58cbaf00_0;  alias, 1 drivers
v0000025c58ce0f70_0 .var "d_out", 31 0;
v0000025c58ce1510_0 .net "en", 0 0, v0000025c58c07e10_0;  alias, 1 drivers
v0000025c58ce15b0_0 .net "reset", 0 0, L_0000025c58d037f0;  alias, 1 drivers
S_0000025c58cd9d90 .scope module, "LO" "reg32" 15 81, 16 2 0, S_0000025c58cd8300;
 .timescale 0 0;
    .port_info 0 /INPUT 1 "clk";
    .port_info 1 /INPUT 1 "reset";
    .port_info 2 /INPUT 1 "en";
    .port_info 3 /INPUT 32 "d_in";
    .port_info 4 /OUTPUT 32 "d_out";
v0000025c58ce3bd0_0 .net "clk", 0 0, L_0000025c58d01d10;  alias, 1 drivers
v0000025c58ce3f90_0 .net "d_in", 31 0, v0000025c58cbaf00_0;  alias, 1 drivers
v0000025c58ce20f0_0 .var "d_out", 31 0;
v0000025c58ce4670_0 .net "en", 0 0, v0000025c58c08b30_0;  alias, 1 drivers
v0000025c58ce3c70_0 .net "reset", 0 0, L_0000025c58d037f0;  alias, 1 drivers
S_0000025c58cd7040 .scope module, "MAR" "reg32" 15 65, 16 2 0, S_0000025c58cd8300;
 .timescale 0 0;
    .port_info 0 /INPUT 1 "clk";
    .port_info 1 /INPUT 1 "reset";
    .port_info 2 /INPUT 1 "en";
    .port_info 3 /INPUT 32 "d_in";
    .port_info 4 /OUTPUT 32 "d_out";
v0000025c58ce4170_0 .net "clk", 0 0, L_0000025c58d01d10;  alias, 1 drivers
v0000025c58ce2e10_0 .net "d_in", 31 0, v0000025c58cbaf00_0;  alias, 1 drivers
v0000025c58ce2b90_0 .var "d_out", 31 0;
v0000025c58ce3a90_0 .net "en", 0 0, v0000025c58c08270_0;  alias, 1 drivers
v0000025c58ce3450_0 .net "reset", 0 0, L_0000025c58d037f0;  alias, 1 drivers
S_0000025c58cd8c60 .scope module, "PC" "pc_reg" 15 24, 17 3 0, S_0000025c58cd8300;
 .timescale 0 0;
    .port_info 0 /INPUT 1 "clk";
    .port_info 1 /INPUT 1 "reset";
    .port_info 2 /INPUT 1 "pc_in";
    .port_info 3 /INPUT 1 "IncPC";
    .port_info 4 /INPUT 32 "BusMuxOut";
    .port_info 5 /OUTPUT 32 "pc_val";
v0000025c58cdda50_0 .net "BusMuxOut", 31 0, v0000025c58cbaf00_0;  alias, 1 drivers
v0000025c58cdd9b0_0 .net "IncPC", 0 0, v0000025c58c09ad0_0;  alias, 1 drivers
v0000025c58cded10_0 .net "clk", 0 0, L_0000025c58d01d10;  alias, 1 drivers
v0000025c58cdd0f0_0 .net "cout", 0 0, L_0000025c58d06e50;  1 drivers
v0000025c58cdec70_0 .net "pc_in", 0 0, v0000025c58c0c0f0_0;  alias, 1 drivers
v0000025c58cdd190_0 .net "pc_plus_one", 31 0, L_0000025c58d082f0;  1 drivers
v0000025c58cde4f0_0 .var "pc_val", 31 0;
v0000025c58cddaf0_0 .net "reset", 0 0, L_0000025c58d037f0;  alias, 1 drivers
S_0000025c58cd8f80 .scope module, "inc_adder" "ripple_carry_adder" 17 15, 9 3 0, S_0000025c58cd8c60;
 .timescale 0 0;
    .port_info 0 /INPUT 32 "A";
    .port_info 1 /INPUT 32 "B";
    .port_info 2 /INPUT 1 "Cin";
    .port_info 3 /OUTPUT 32 "Sum";
    .port_info 4 /OUTPUT 1 "Cout";
    .port_info 5 /OUTPUT 1 "Overflow";
L_0000025c58d12f50 .functor BUFT 1, C4<0>, C4<0>, C4<0>, C4<0>;
L_0000025c58d6dd00 .functor BUFZ 1, L_0000025c58d12f50, C4<0>, C4<0>, C4<0>;
L_0000025c58d6d670 .functor XOR 1, L_0000025c58d08b10, L_0000025c58d07030, C4<0>, C4<0>;
v0000025c58cde270_0 .net "A", 31 0, v0000025c58cde4f0_0;  alias, 1 drivers
L_0000025c58d12f08 .functor BUFT 1, C4<00000000000000000000000000000001>, C4<0>, C4<0>, C4<0>;
v0000025c58cdde10_0 .net "B", 31 0, L_0000025c58d12f08;  1 drivers
v0000025c58cdef90_0 .net "Cin", 0 0, L_0000025c58d12f50;  1 drivers
v0000025c58cdebd0_0 .net "Cout", 0 0, L_0000025c58d06e50;  alias, 1 drivers
v0000025c58cdf490_0 .net "Overflow", 0 0, L_0000025c58d6d670;  1 drivers
v0000025c58cddeb0_0 .net "Sum", 31 0, L_0000025c58d082f0;  alias, 1 drivers
v0000025c58cdd410_0 .net *"_ivl_229", 0 0, L_0000025c58d6dd00;  1 drivers
v0000025c58cdd2d0_0 .net *"_ivl_233", 0 0, L_0000025c58d08b10;  1 drivers
v0000025c58cdd550_0 .net *"_ivl_235", 0 0, L_0000025c58d07030;  1 drivers
v0000025c58cddf50_0 .net "carry", 32 0, L_0000025c58d075d0;  1 drivers
L_0000025c58d02f30 .part v0000025c58cde4f0_0, 0, 1;
L_0000025c58d02030 .part L_0000025c58d12f08, 0, 1;
L_0000025c58d020d0 .part L_0000025c58d075d0, 0, 1;
L_0000025c58d022b0 .part v0000025c58cde4f0_0, 1, 1;
L_0000025c58d023f0 .part L_0000025c58d12f08, 1, 1;
L_0000025c58d03d90 .part L_0000025c58d075d0, 1, 1;
L_0000025c58d02670 .part v0000025c58cde4f0_0, 2, 1;
L_0000025c58d03070 .part L_0000025c58d12f08, 2, 1;
L_0000025c58d03ed0 .part L_0000025c58d075d0, 2, 1;
L_0000025c58d01c70 .part v0000025c58cde4f0_0, 3, 1;
L_0000025c58d03f70 .part L_0000025c58d12f08, 3, 1;
L_0000025c58d01bd0 .part L_0000025c58d075d0, 3, 1;
L_0000025c58d019f0 .part v0000025c58cde4f0_0, 4, 1;
L_0000025c58d03110 .part L_0000025c58d12f08, 4, 1;
L_0000025c58d040b0 .part L_0000025c58d075d0, 4, 1;
L_0000025c58d02490 .part v0000025c58cde4f0_0, 5, 1;
L_0000025c58d02b70 .part L_0000025c58d12f08, 5, 1;
L_0000025c58d01950 .part L_0000025c58d075d0, 5, 1;
L_0000025c58d027b0 .part v0000025c58cde4f0_0, 6, 1;
L_0000025c58d02d50 .part L_0000025c58d12f08, 6, 1;
L_0000025c58d02710 .part L_0000025c58d075d0, 6, 1;
L_0000025c58d02df0 .part v0000025c58cde4f0_0, 7, 1;
L_0000025c58d031b0 .part L_0000025c58d12f08, 7, 1;
L_0000025c58d03250 .part L_0000025c58d075d0, 7, 1;
L_0000025c58d01a90 .part v0000025c58cde4f0_0, 8, 1;
L_0000025c58d02c10 .part L_0000025c58d12f08, 8, 1;
L_0000025c58d03390 .part L_0000025c58d075d0, 8, 1;
L_0000025c58d03430 .part v0000025c58cde4f0_0, 9, 1;
L_0000025c58d034d0 .part L_0000025c58d12f08, 9, 1;
L_0000025c58d03610 .part L_0000025c58d075d0, 9, 1;
L_0000025c58d05690 .part v0000025c58cde4f0_0, 10, 1;
L_0000025c58d04ab0 .part L_0000025c58d12f08, 10, 1;
L_0000025c58d04150 .part L_0000025c58d075d0, 10, 1;
L_0000025c58d06590 .part v0000025c58cde4f0_0, 11, 1;
L_0000025c58d05c30 .part L_0000025c58d12f08, 11, 1;
L_0000025c58d061d0 .part L_0000025c58d075d0, 11, 1;
L_0000025c58d06130 .part v0000025c58cde4f0_0, 12, 1;
L_0000025c58d04fb0 .part L_0000025c58d12f08, 12, 1;
L_0000025c58d05af0 .part L_0000025c58d075d0, 12, 1;
L_0000025c58d05730 .part v0000025c58cde4f0_0, 13, 1;
L_0000025c58d06270 .part L_0000025c58d12f08, 13, 1;
L_0000025c58d04e70 .part L_0000025c58d075d0, 13, 1;
L_0000025c58d04b50 .part v0000025c58cde4f0_0, 14, 1;
L_0000025c58d05ff0 .part L_0000025c58d12f08, 14, 1;
L_0000025c58d04510 .part L_0000025c58d075d0, 14, 1;
L_0000025c58d04d30 .part v0000025c58cde4f0_0, 15, 1;
L_0000025c58d057d0 .part L_0000025c58d12f08, 15, 1;
L_0000025c58d05b90 .part L_0000025c58d075d0, 15, 1;
L_0000025c58d05050 .part v0000025c58cde4f0_0, 16, 1;
L_0000025c58d052d0 .part L_0000025c58d12f08, 16, 1;
L_0000025c58d04790 .part L_0000025c58d075d0, 16, 1;
L_0000025c58d05cd0 .part v0000025c58cde4f0_0, 17, 1;
L_0000025c58d04dd0 .part L_0000025c58d12f08, 17, 1;
L_0000025c58d06450 .part L_0000025c58d075d0, 17, 1;
L_0000025c58d04650 .part v0000025c58cde4f0_0, 18, 1;
L_0000025c58d06090 .part L_0000025c58d12f08, 18, 1;
L_0000025c58d06770 .part L_0000025c58d075d0, 18, 1;
L_0000025c58d046f0 .part v0000025c58cde4f0_0, 19, 1;
L_0000025c58d045b0 .part L_0000025c58d12f08, 19, 1;
L_0000025c58d04830 .part L_0000025c58d075d0, 19, 1;
L_0000025c58d06310 .part v0000025c58cde4f0_0, 20, 1;
L_0000025c58d05870 .part L_0000025c58d12f08, 20, 1;
L_0000025c58d05d70 .part L_0000025c58d075d0, 20, 1;
L_0000025c58d05f50 .part v0000025c58cde4f0_0, 21, 1;
L_0000025c58d04f10 .part L_0000025c58d12f08, 21, 1;
L_0000025c58d063b0 .part L_0000025c58d075d0, 21, 1;
L_0000025c58d048d0 .part v0000025c58cde4f0_0, 22, 1;
L_0000025c58d04330 .part L_0000025c58d12f08, 22, 1;
L_0000025c58d05a50 .part L_0000025c58d075d0, 22, 1;
L_0000025c58d055f0 .part v0000025c58cde4f0_0, 23, 1;
L_0000025c58d068b0 .part L_0000025c58d12f08, 23, 1;
L_0000025c58d050f0 .part L_0000025c58d075d0, 23, 1;
L_0000025c58d064f0 .part v0000025c58cde4f0_0, 24, 1;
L_0000025c58d04970 .part L_0000025c58d12f08, 24, 1;
L_0000025c58d04470 .part L_0000025c58d075d0, 24, 1;
L_0000025c58d06630 .part v0000025c58cde4f0_0, 25, 1;
L_0000025c58d05370 .part L_0000025c58d12f08, 25, 1;
L_0000025c58d05910 .part L_0000025c58d075d0, 25, 1;
L_0000025c58d05e10 .part v0000025c58cde4f0_0, 26, 1;
L_0000025c58d066d0 .part L_0000025c58d12f08, 26, 1;
L_0000025c58d041f0 .part L_0000025c58d075d0, 26, 1;
L_0000025c58d04bf0 .part v0000025c58cde4f0_0, 27, 1;
L_0000025c58d04290 .part L_0000025c58d12f08, 27, 1;
L_0000025c58d05190 .part L_0000025c58d075d0, 27, 1;
L_0000025c58d05230 .part v0000025c58cde4f0_0, 28, 1;
L_0000025c58d04a10 .part L_0000025c58d12f08, 28, 1;
L_0000025c58d05410 .part L_0000025c58d075d0, 28, 1;
L_0000025c58d04c90 .part v0000025c58cde4f0_0, 29, 1;
L_0000025c58d054b0 .part L_0000025c58d12f08, 29, 1;
L_0000025c58d05550 .part L_0000025c58d075d0, 29, 1;
L_0000025c58d059b0 .part v0000025c58cde4f0_0, 30, 1;
L_0000025c58d05eb0 .part L_0000025c58d12f08, 30, 1;
L_0000025c58d06810 .part L_0000025c58d075d0, 30, 1;
L_0000025c58d043d0 .part v0000025c58cde4f0_0, 31, 1;
L_0000025c58d06bd0 .part L_0000025c58d12f08, 31, 1;
L_0000025c58d06f90 .part L_0000025c58d075d0, 31, 1;
LS_0000025c58d082f0_0_0 .concat8 [ 1 1 1 1], L_0000025c588c1ad0, L_0000025c588c1b40, L_0000025c588c0bf0, L_0000025c58a734c0;
LS_0000025c58d082f0_0_4 .concat8 [ 1 1 1 1], L_0000025c58d709a0, L_0000025c58d70af0, L_0000025c58d712d0, L_0000025c58d71c70;
LS_0000025c58d082f0_0_8 .concat8 [ 1 1 1 1], L_0000025c58d71b20, L_0000025c58d717a0, L_0000025c58d70690, L_0000025c58d70230;
LS_0000025c58d082f0_0_12 .concat8 [ 1 1 1 1], L_0000025c58d70770, L_0000025c58d707e0, L_0000025c58d71a40, L_0000025c58d71f80;
LS_0000025c58d082f0_0_16 .concat8 [ 1 1 1 1], L_0000025c58d72140, L_0000025c58d72370, L_0000025c58d72680, L_0000025c58d720d0;
LS_0000025c58d082f0_0_20 .concat8 [ 1 1 1 1], L_0000025c58d723e0, L_0000025c58d6b760, L_0000025c58d6c090, L_0000025c58d6b530;
LS_0000025c58d082f0_0_24 .concat8 [ 1 1 1 1], L_0000025c58d6c020, L_0000025c58d6b0d0, L_0000025c58d6c5d0, L_0000025c58d6aff0;
LS_0000025c58d082f0_0_28 .concat8 [ 1 1 1 1], L_0000025c58d6b3e0, L_0000025c58d6c330, L_0000025c58d6c640, L_0000025c58d6dc20;
LS_0000025c58d082f0_1_0 .concat8 [ 4 4 4 4], LS_0000025c58d082f0_0_0, LS_0000025c58d082f0_0_4, LS_0000025c58d082f0_0_8, LS_0000025c58d082f0_0_12;
LS_0000025c58d082f0_1_4 .concat8 [ 4 4 4 4], LS_0000025c58d082f0_0_16, LS_0000025c58d082f0_0_20, LS_0000025c58d082f0_0_24, LS_0000025c58d082f0_0_28;
L_0000025c58d082f0 .concat8 [ 16 16 0 0], LS_0000025c58d082f0_1_0, LS_0000025c58d082f0_1_4;
LS_0000025c58d075d0_0_0 .concat8 [ 1 1 1 1], L_0000025c58d6dd00, L_0000025c588c03a0, L_0000025c588c0a30, L_0000025c58a73840;
LS_0000025c58d075d0_0_4 .concat8 [ 1 1 1 1], L_0000025c58a74020, L_0000025c58d71260, L_0000025c58d70700, L_0000025c58d70a80;
LS_0000025c58d075d0_0_8 .concat8 [ 1 1 1 1], L_0000025c58d70a10, L_0000025c58d718f0, L_0000025c58d70620, L_0000025c58d70930;
LS_0000025c58d075d0_0_12 .concat8 [ 1 1 1 1], L_0000025c58d71030, L_0000025c58d70e70, L_0000025c58d70ee0, L_0000025c58d71dc0;
LS_0000025c58d075d0_0_16 .concat8 [ 1 1 1 1], L_0000025c58d71e30, L_0000025c58d72610, L_0000025c58d728b0, L_0000025c58d72920;
LS_0000025c58d075d0_0_20 .concat8 [ 1 1 1 1], L_0000025c58d71d50, L_0000025c58d6be60, L_0000025c58d6adc0, L_0000025c58d6c6b0;
LS_0000025c58d075d0_0_24 .concat8 [ 1 1 1 1], L_0000025c58d6c3a0, L_0000025c58d6b060, L_0000025c58d6bca0, L_0000025c58d6b680;
LS_0000025c58d075d0_0_28 .concat8 [ 1 1 1 1], L_0000025c58d6b370, L_0000025c58d6b450, L_0000025c58d6b5a0, L_0000025c58d6b920;
LS_0000025c58d075d0_0_32 .concat8 [ 1 0 0 0], L_0000025c58d6d8a0;
LS_0000025c58d075d0_1_0 .concat8 [ 4 4 4 4], LS_0000025c58d075d0_0_0, LS_0000025c58d075d0_0_4, LS_0000025c58d075d0_0_8, LS_0000025c58d075d0_0_12;
LS_0000025c58d075d0_1_4 .concat8 [ 4 4 4 4], LS_0000025c58d075d0_0_16, LS_0000025c58d075d0_0_20, LS_0000025c58d075d0_0_24, LS_0000025c58d075d0_0_28;
LS_0000025c58d075d0_1_8 .concat8 [ 1 0 0 0], LS_0000025c58d075d0_0_32;
L_0000025c58d075d0 .concat8 [ 16 16 1 0], LS_0000025c58d075d0_1_0, LS_0000025c58d075d0_1_4, LS_0000025c58d075d0_1_8;
L_0000025c58d06e50 .part L_0000025c58d075d0, 32, 1;
L_0000025c58d08b10 .part L_0000025c58d075d0, 31, 1;
L_0000025c58d07030 .part L_0000025c58d075d0, 32, 1;
S_0000025c58cd95c0 .scope generate, "fa_gen[0]" "fa_gen[0]" 9 17, 9 17 0, S_0000025c58cd8f80;
 .timescale 0 0;
P_0000025c58ba8b00 .param/l "i" 0 9 17, +C4<00>;
S_0000025c58cd7360 .scope module, "fa" "full_adder" 9 18, 9 33 0, S_0000025c58cd95c0;
 .timescale 0 0;
    .port_info 0 /INPUT 1 "a";
    .port_info 1 /INPUT 1 "b";
    .port_info 2 /INPUT 1 "cin";
    .port_info 3 /OUTPUT 1 "sum";
    .port_info 4 /OUTPUT 1 "cout";
L_0000025c588c1980 .functor XOR 1, L_0000025c58d02f30, L_0000025c58d02030, C4<0>, C4<0>;
L_0000025c588c1ad0 .functor XOR 1, L_0000025c588c1980, L_0000025c58d020d0, C4<0>, C4<0>;
L_0000025c588c19f0 .functor AND 1, L_0000025c58d02f30, L_0000025c58d02030, C4<1>, C4<1>;
L_0000025c588c0480 .functor XOR 1, L_0000025c58d02f30, L_0000025c58d02030, C4<0>, C4<0>;
L_0000025c588c06b0 .functor AND 1, L_0000025c58d020d0, L_0000025c588c0480, C4<1>, C4<1>;
L_0000025c588c03a0 .functor OR 1, L_0000025c588c19f0, L_0000025c588c06b0, C4<0>, C4<0>;
v0000025c58ce33b0_0 .net *"_ivl_0", 0 0, L_0000025c588c1980;  1 drivers
v0000025c58ce2870_0 .net *"_ivl_4", 0 0, L_0000025c588c19f0;  1 drivers
v0000025c58ce2690_0 .net *"_ivl_6", 0 0, L_0000025c588c0480;  1 drivers
v0000025c58ce2190_0 .net *"_ivl_8", 0 0, L_0000025c588c06b0;  1 drivers
v0000025c58ce3db0_0 .net "a", 0 0, L_0000025c58d02f30;  1 drivers
v0000025c58ce3590_0 .net "b", 0 0, L_0000025c58d02030;  1 drivers
v0000025c58ce2c30_0 .net "cin", 0 0, L_0000025c58d020d0;  1 drivers
v0000025c58ce4530_0 .net "cout", 0 0, L_0000025c588c03a0;  1 drivers
v0000025c58ce3e50_0 .net "sum", 0 0, L_0000025c588c1ad0;  1 drivers
S_0000025c58cd8940 .scope generate, "fa_gen[1]" "fa_gen[1]" 9 17, 9 17 0, S_0000025c58cd8f80;
 .timescale 0 0;
P_0000025c58ba8d00 .param/l "i" 0 9 17, +C4<01>;
S_0000025c58cd9110 .scope module, "fa" "full_adder" 9 18, 9 33 0, S_0000025c58cd8940;
 .timescale 0 0;
    .port_info 0 /INPUT 1 "a";
    .port_info 1 /INPUT 1 "b";
    .port_info 2 /INPUT 1 "cin";
    .port_info 3 /OUTPUT 1 "sum";
    .port_info 4 /OUTPUT 1 "cout";
L_0000025c588c1a60 .functor XOR 1, L_0000025c58d022b0, L_0000025c58d023f0, C4<0>, C4<0>;
L_0000025c588c1b40 .functor XOR 1, L_0000025c588c1a60, L_0000025c58d03d90, C4<0>, C4<0>;
L_0000025c588c1bb0 .functor AND 1, L_0000025c58d022b0, L_0000025c58d023f0, C4<1>, C4<1>;
L_0000025c588c0250 .functor XOR 1, L_0000025c58d022b0, L_0000025c58d023f0, C4<0>, C4<0>;
L_0000025c588c0d40 .functor AND 1, L_0000025c58d03d90, L_0000025c588c0250, C4<1>, C4<1>;
L_0000025c588c0a30 .functor OR 1, L_0000025c588c1bb0, L_0000025c588c0d40, C4<0>, C4<0>;
v0000025c58ce2730_0 .net *"_ivl_0", 0 0, L_0000025c588c1a60;  1 drivers
v0000025c58ce4210_0 .net *"_ivl_4", 0 0, L_0000025c588c1bb0;  1 drivers
v0000025c58ce2230_0 .net *"_ivl_6", 0 0, L_0000025c588c0250;  1 drivers
v0000025c58ce3b30_0 .net *"_ivl_8", 0 0, L_0000025c588c0d40;  1 drivers
v0000025c58ce40d0_0 .net "a", 0 0, L_0000025c58d022b0;  1 drivers
v0000025c58ce3630_0 .net "b", 0 0, L_0000025c58d023f0;  1 drivers
v0000025c58ce3d10_0 .net "cin", 0 0, L_0000025c58d03d90;  1 drivers
v0000025c58ce2370_0 .net "cout", 0 0, L_0000025c588c0a30;  1 drivers
v0000025c58ce42b0_0 .net "sum", 0 0, L_0000025c588c1b40;  1 drivers
S_0000025c58cd66e0 .scope generate, "fa_gen[2]" "fa_gen[2]" 9 17, 9 17 0, S_0000025c58cd8f80;
 .timescale 0 0;
P_0000025c58ba8d80 .param/l "i" 0 9 17, +C4<010>;
S_0000025c58cd6870 .scope module, "fa" "full_adder" 9 18, 9 33 0, S_0000025c58cd66e0;
 .timescale 0 0;
    .port_info 0 /INPUT 1 "a";
    .port_info 1 /INPUT 1 "b";
    .port_info 2 /INPUT 1 "cin";
    .port_info 3 /OUTPUT 1 "sum";
    .port_info 4 /OUTPUT 1 "cout";
L_0000025c588c0410 .functor XOR 1, L_0000025c58d02670, L_0000025c58d03070, C4<0>, C4<0>;
L_0000025c588c0bf0 .functor XOR 1, L_0000025c588c0410, L_0000025c58d03ed0, C4<0>, C4<0>;
L_0000025c588c0c60 .functor AND 1, L_0000025c58d02670, L_0000025c58d03070, C4<1>, C4<1>;
L_0000025c58a748e0 .functor XOR 1, L_0000025c58d02670, L_0000025c58d03070, C4<0>, C4<0>;
L_0000025c58a73370 .functor AND 1, L_0000025c58d03ed0, L_0000025c58a748e0, C4<1>, C4<1>;
L_0000025c58a73840 .functor OR 1, L_0000025c588c0c60, L_0000025c58a73370, C4<0>, C4<0>;
v0000025c58ce22d0_0 .net *"_ivl_0", 0 0, L_0000025c588c0410;  1 drivers
v0000025c58ce3ef0_0 .net *"_ivl_4", 0 0, L_0000025c588c0c60;  1 drivers
v0000025c58ce27d0_0 .net *"_ivl_6", 0 0, L_0000025c58a748e0;  1 drivers
v0000025c58ce34f0_0 .net *"_ivl_8", 0 0, L_0000025c58a73370;  1 drivers
v0000025c58ce31d0_0 .net "a", 0 0, L_0000025c58d02670;  1 drivers
v0000025c58ce36d0_0 .net "b", 0 0, L_0000025c58d03070;  1 drivers
v0000025c58ce2a50_0 .net "cin", 0 0, L_0000025c58d03ed0;  1 drivers
v0000025c58ce3770_0 .net "cout", 0 0, L_0000025c58a73840;  1 drivers
v0000025c58ce4030_0 .net "sum", 0 0, L_0000025c588c0bf0;  1 drivers
S_0000025c58cd9c00 .scope generate, "fa_gen[3]" "fa_gen[3]" 9 17, 9 17 0, S_0000025c58cd8f80;
 .timescale 0 0;
P_0000025c58ba8f40 .param/l "i" 0 9 17, +C4<011>;
S_0000025c58cd6550 .scope module, "fa" "full_adder" 9 18, 9 33 0, S_0000025c58cd9c00;
 .timescale 0 0;
    .port_info 0 /INPUT 1 "a";
    .port_info 1 /INPUT 1 "b";
    .port_info 2 /INPUT 1 "cin";
    .port_info 3 /OUTPUT 1 "sum";
    .port_info 4 /OUTPUT 1 "cout";
L_0000025c58a744f0 .functor XOR 1, L_0000025c58d01c70, L_0000025c58d03f70, C4<0>, C4<0>;
L_0000025c58a734c0 .functor XOR 1, L_0000025c58a744f0, L_0000025c58d01bd0, C4<0>, C4<0>;
L_0000025c58a738b0 .functor AND 1, L_0000025c58d01c70, L_0000025c58d03f70, C4<1>, C4<1>;
L_0000025c58a73f40 .functor XOR 1, L_0000025c58d01c70, L_0000025c58d03f70, C4<0>, C4<0>;
L_0000025c58a73d10 .functor AND 1, L_0000025c58d01bd0, L_0000025c58a73f40, C4<1>, C4<1>;
L_0000025c58a74020 .functor OR 1, L_0000025c58a738b0, L_0000025c58a73d10, C4<0>, C4<0>;
v0000025c58ce2ff0_0 .net *"_ivl_0", 0 0, L_0000025c58a744f0;  1 drivers
v0000025c58ce2410_0 .net *"_ivl_4", 0 0, L_0000025c58a738b0;  1 drivers
v0000025c58ce45d0_0 .net *"_ivl_6", 0 0, L_0000025c58a73f40;  1 drivers
v0000025c58ce3810_0 .net *"_ivl_8", 0 0, L_0000025c58a73d10;  1 drivers
v0000025c58ce4710_0 .net "a", 0 0, L_0000025c58d01c70;  1 drivers
v0000025c58ce3950_0 .net "b", 0 0, L_0000025c58d03f70;  1 drivers
v0000025c58ce4350_0 .net "cin", 0 0, L_0000025c58d01bd0;  1 drivers
v0000025c58ce2910_0 .net "cout", 0 0, L_0000025c58a74020;  1 drivers
v0000025c58ce24b0_0 .net "sum", 0 0, L_0000025c58a734c0;  1 drivers
S_0000025c58cd74f0 .scope generate, "fa_gen[4]" "fa_gen[4]" 9 17, 9 17 0, S_0000025c58cd8f80;
 .timescale 0 0;
P_0000025c58b99640 .param/l "i" 0 9 17, +C4<0100>;
S_0000025c58cd7cc0 .scope module, "fa" "full_adder" 9 18, 9 33 0, S_0000025c58cd74f0;
 .timescale 0 0;
    .port_info 0 /INPUT 1 "a";
    .port_info 1 /INPUT 1 "b";
    .port_info 2 /INPUT 1 "cin";
    .port_info 3 /OUTPUT 1 "sum";
    .port_info 4 /OUTPUT 1 "cout";
L_0000025c58d71ce0 .functor XOR 1, L_0000025c58d019f0, L_0000025c58d03110, C4<0>, C4<0>;
L_0000025c58d709a0 .functor XOR 1, L_0000025c58d71ce0, L_0000025c58d040b0, C4<0>, C4<0>;
L_0000025c58d71810 .functor AND 1, L_0000025c58d019f0, L_0000025c58d03110, C4<1>, C4<1>;
L_0000025c58d71ab0 .functor XOR 1, L_0000025c58d019f0, L_0000025c58d03110, C4<0>, C4<0>;
L_0000025c58d710a0 .functor AND 1, L_0000025c58d040b0, L_0000025c58d71ab0, C4<1>, C4<1>;
L_0000025c58d71260 .functor OR 1, L_0000025c58d71810, L_0000025c58d710a0, C4<0>, C4<0>;
v0000025c58ce43f0_0 .net *"_ivl_0", 0 0, L_0000025c58d71ce0;  1 drivers
v0000025c58ce4490_0 .net *"_ivl_4", 0 0, L_0000025c58d71810;  1 drivers
v0000025c58ce2550_0 .net *"_ivl_6", 0 0, L_0000025c58d71ab0;  1 drivers
v0000025c58ce47b0_0 .net *"_ivl_8", 0 0, L_0000025c58d710a0;  1 drivers
v0000025c58ce25f0_0 .net "a", 0 0, L_0000025c58d019f0;  1 drivers
v0000025c58ce29b0_0 .net "b", 0 0, L_0000025c58d03110;  1 drivers
v0000025c58ce4850_0 .net "cin", 0 0, L_0000025c58d040b0;  1 drivers
v0000025c58ce2af0_0 .net "cout", 0 0, L_0000025c58d71260;  1 drivers
v0000025c58ce2cd0_0 .net "sum", 0 0, L_0000025c58d709a0;  1 drivers
S_0000025c58cd9430 .scope generate, "fa_gen[5]" "fa_gen[5]" 9 17, 9 17 0, S_0000025c58cd8f80;
 .timescale 0 0;
P_0000025c58b99fc0 .param/l "i" 0 9 17, +C4<0101>;
S_0000025c58cd9750 .scope module, "fa" "full_adder" 9 18, 9 33 0, S_0000025c58cd9430;
 .timescale 0 0;
    .port_info 0 /INPUT 1 "a";
    .port_info 1 /INPUT 1 "b";
    .port_info 2 /INPUT 1 "cin";
    .port_info 3 /OUTPUT 1 "sum";
    .port_info 4 /OUTPUT 1 "cout";
L_0000025c58d71340 .functor XOR 1, L_0000025c58d02490, L_0000025c58d02b70, C4<0>, C4<0>;
L_0000025c58d70af0 .functor XOR 1, L_0000025c58d71340, L_0000025c58d01950, C4<0>, C4<0>;
L_0000025c58d70b60 .functor AND 1, L_0000025c58d02490, L_0000025c58d02b70, C4<1>, C4<1>;
L_0000025c58d70150 .functor XOR 1, L_0000025c58d02490, L_0000025c58d02b70, C4<0>, C4<0>;
L_0000025c58d70c40 .functor AND 1, L_0000025c58d01950, L_0000025c58d70150, C4<1>, C4<1>;
L_0000025c58d70700 .functor OR 1, L_0000025c58d70b60, L_0000025c58d70c40, C4<0>, C4<0>;
v0000025c58ce2f50_0 .net *"_ivl_0", 0 0, L_0000025c58d71340;  1 drivers
v0000025c58ce3270_0 .net *"_ivl_4", 0 0, L_0000025c58d70b60;  1 drivers
v0000025c58ce2d70_0 .net *"_ivl_6", 0 0, L_0000025c58d70150;  1 drivers
v0000025c58ce39f0_0 .net *"_ivl_8", 0 0, L_0000025c58d70c40;  1 drivers
v0000025c58ce38b0_0 .net "a", 0 0, L_0000025c58d02490;  1 drivers
v0000025c58ce2eb0_0 .net "b", 0 0, L_0000025c58d02b70;  1 drivers
v0000025c58ce3090_0 .net "cin", 0 0, L_0000025c58d01950;  1 drivers
v0000025c58ce3130_0 .net "cout", 0 0, L_0000025c58d70700;  1 drivers
v0000025c58ce3310_0 .net "sum", 0 0, L_0000025c58d70af0;  1 drivers
S_0000025c58cd6b90 .scope generate, "fa_gen[6]" "fa_gen[6]" 9 17, 9 17 0, S_0000025c58cd8f80;
 .timescale 0 0;
P_0000025c58b9a0c0 .param/l "i" 0 9 17, +C4<0110>;
S_0000025c58cd71d0 .scope module, "fa" "full_adder" 9 18, 9 33 0, S_0000025c58cd6b90;
 .timescale 0 0;
    .port_info 0 /INPUT 1 "a";
    .port_info 1 /INPUT 1 "b";
    .port_info 2 /INPUT 1 "cin";
    .port_info 3 /OUTPUT 1 "sum";
    .port_info 4 /OUTPUT 1 "cout";
L_0000025c58d71960 .functor XOR 1, L_0000025c58d027b0, L_0000025c58d02d50, C4<0>, C4<0>;
L_0000025c58d712d0 .functor XOR 1, L_0000025c58d71960, L_0000025c58d02710, C4<0>, C4<0>;
L_0000025c58d71b90 .functor AND 1, L_0000025c58d027b0, L_0000025c58d02d50, C4<1>, C4<1>;
L_0000025c58d71c00 .functor XOR 1, L_0000025c58d027b0, L_0000025c58d02d50, C4<0>, C4<0>;
L_0000025c58d704d0 .functor AND 1, L_0000025c58d02710, L_0000025c58d71c00, C4<1>, C4<1>;
L_0000025c58d70a80 .functor OR 1, L_0000025c58d71b90, L_0000025c58d704d0, C4<0>, C4<0>;
v0000025c58ce59d0_0 .net *"_ivl_0", 0 0, L_0000025c58d71960;  1 drivers
v0000025c58ce5a70_0 .net *"_ivl_4", 0 0, L_0000025c58d71b90;  1 drivers
v0000025c58ce4a30_0 .net *"_ivl_6", 0 0, L_0000025c58d71c00;  1 drivers
v0000025c58ce4f30_0 .net *"_ivl_8", 0 0, L_0000025c58d704d0;  1 drivers
v0000025c58ce4cb0_0 .net "a", 0 0, L_0000025c58d027b0;  1 drivers
v0000025c58ce5110_0 .net "b", 0 0, L_0000025c58d02d50;  1 drivers
v0000025c58ce6790_0 .net "cin", 0 0, L_0000025c58d02710;  1 drivers
v0000025c58ce6ab0_0 .net "cout", 0 0, L_0000025c58d70a80;  1 drivers
v0000025c58ce4990_0 .net "sum", 0 0, L_0000025c58d712d0;  1 drivers
S_0000025c58cd7680 .scope generate, "fa_gen[7]" "fa_gen[7]" 9 17, 9 17 0, S_0000025c58cd8f80;
 .timescale 0 0;
P_0000025c58b99a00 .param/l "i" 0 9 17, +C4<0111>;
S_0000025c58cd7810 .scope module, "fa" "full_adder" 9 18, 9 33 0, S_0000025c58cd7680;
 .timescale 0 0;
    .port_info 0 /INPUT 1 "a";
    .port_info 1 /INPUT 1 "b";
    .port_info 2 /INPUT 1 "cin";
    .port_info 3 /OUTPUT 1 "sum";
    .port_info 4 /OUTPUT 1 "cout";
L_0000025c58d703f0 .functor XOR 1, L_0000025c58d02df0, L_0000025c58d031b0, C4<0>, C4<0>;
L_0000025c58d71c70 .functor XOR 1, L_0000025c58d703f0, L_0000025c58d03250, C4<0>, C4<0>;
L_0000025c58d716c0 .functor AND 1, L_0000025c58d02df0, L_0000025c58d031b0, C4<1>, C4<1>;
L_0000025c58d70cb0 .functor XOR 1, L_0000025c58d02df0, L_0000025c58d031b0, C4<0>, C4<0>;
L_0000025c58d70380 .functor AND 1, L_0000025c58d03250, L_0000025c58d70cb0, C4<1>, C4<1>;
L_0000025c58d70a10 .functor OR 1, L_0000025c58d716c0, L_0000025c58d70380, C4<0>, C4<0>;
v0000025c58ce6830_0 .net *"_ivl_0", 0 0, L_0000025c58d703f0;  1 drivers
v0000025c58ce4ad0_0 .net *"_ivl_4", 0 0, L_0000025c58d716c0;  1 drivers
v0000025c58ce6470_0 .net *"_ivl_6", 0 0, L_0000025c58d70cb0;  1 drivers
v0000025c58ce5e30_0 .net *"_ivl_8", 0 0, L_0000025c58d70380;  1 drivers
v0000025c58ce5f70_0 .net "a", 0 0, L_0000025c58d02df0;  1 drivers
v0000025c58ce6d30_0 .net "b", 0 0, L_0000025c58d031b0;  1 drivers
v0000025c58ce63d0_0 .net "cin", 0 0, L_0000025c58d03250;  1 drivers
v0000025c58ce6970_0 .net "cout", 0 0, L_0000025c58d70a10;  1 drivers
v0000025c58ce5070_0 .net "sum", 0 0, L_0000025c58d71c70;  1 drivers
S_0000025c58cd79a0 .scope generate, "fa_gen[8]" "fa_gen[8]" 9 17, 9 17 0, S_0000025c58cd8f80;
 .timescale 0 0;
P_0000025c58b99cc0 .param/l "i" 0 9 17, +C4<01000>;
S_0000025c58cd7b30 .scope module, "fa" "full_adder" 9 18, 9 33 0, S_0000025c58cd79a0;
 .timescale 0 0;
    .port_info 0 /INPUT 1 "a";
    .port_info 1 /INPUT 1 "b";
    .port_info 2 /INPUT 1 "cin";
    .port_info 3 /OUTPUT 1 "sum";
    .port_info 4 /OUTPUT 1 "cout";
L_0000025c58d70310 .functor XOR 1, L_0000025c58d01a90, L_0000025c58d02c10, C4<0>, C4<0>;
L_0000025c58d71b20 .functor XOR 1, L_0000025c58d70310, L_0000025c58d03390, C4<0>, C4<0>;
L_0000025c58d70460 .functor AND 1, L_0000025c58d01a90, L_0000025c58d02c10, C4<1>, C4<1>;
L_0000025c58d70bd0 .functor XOR 1, L_0000025c58d01a90, L_0000025c58d02c10, C4<0>, C4<0>;
L_0000025c58d713b0 .functor AND 1, L_0000025c58d03390, L_0000025c58d70bd0, C4<1>, C4<1>;
L_0000025c58d718f0 .functor OR 1, L_0000025c58d70460, L_0000025c58d713b0, C4<0>, C4<0>;
v0000025c58ce6650_0 .net *"_ivl_0", 0 0, L_0000025c58d70310;  1 drivers
v0000025c58ce6f10_0 .net *"_ivl_4", 0 0, L_0000025c58d70460;  1 drivers
v0000025c58ce4c10_0 .net *"_ivl_6", 0 0, L_0000025c58d70bd0;  1 drivers
v0000025c58ce51b0_0 .net *"_ivl_8", 0 0, L_0000025c58d713b0;  1 drivers
v0000025c58ce4b70_0 .net "a", 0 0, L_0000025c58d01a90;  1 drivers
v0000025c58ce6dd0_0 .net "b", 0 0, L_0000025c58d02c10;  1 drivers
v0000025c58ce68d0_0 .net "cin", 0 0, L_0000025c58d03390;  1 drivers
v0000025c58ce4e90_0 .net "cout", 0 0, L_0000025c58d718f0;  1 drivers
v0000025c58ce5b10_0 .net "sum", 0 0, L_0000025c58d71b20;  1 drivers
S_0000025c58cd7fe0 .scope generate, "fa_gen[9]" "fa_gen[9]" 9 17, 9 17 0, S_0000025c58cd8f80;
 .timescale 0 0;
P_0000025c58b99140 .param/l "i" 0 9 17, +C4<01001>;
S_0000025c58ceaf10 .scope module, "fa" "full_adder" 9 18, 9 33 0, S_0000025c58cd7fe0;
 .timescale 0 0;
    .port_info 0 /INPUT 1 "a";
    .port_info 1 /INPUT 1 "b";
    .port_info 2 /INPUT 1 "cin";
    .port_info 3 /OUTPUT 1 "sum";
    .port_info 4 /OUTPUT 1 "cout";
L_0000025c58d71420 .functor XOR 1, L_0000025c58d03430, L_0000025c58d034d0, C4<0>, C4<0>;
L_0000025c58d717a0 .functor XOR 1, L_0000025c58d71420, L_0000025c58d03610, C4<0>, C4<0>;
L_0000025c58d71180 .functor AND 1, L_0000025c58d03430, L_0000025c58d034d0, C4<1>, C4<1>;
L_0000025c58d70d20 .functor XOR 1, L_0000025c58d03430, L_0000025c58d034d0, C4<0>, C4<0>;
L_0000025c58d705b0 .functor AND 1, L_0000025c58d03610, L_0000025c58d70d20, C4<1>, C4<1>;
L_0000025c58d70620 .functor OR 1, L_0000025c58d71180, L_0000025c58d705b0, C4<0>, C4<0>;
v0000025c58ce4d50_0 .net *"_ivl_0", 0 0, L_0000025c58d71420;  1 drivers
v0000025c58ce6510_0 .net *"_ivl_4", 0 0, L_0000025c58d71180;  1 drivers
v0000025c58ce5ed0_0 .net *"_ivl_6", 0 0, L_0000025c58d70d20;  1 drivers
v0000025c58ce48f0_0 .net *"_ivl_8", 0 0, L_0000025c58d705b0;  1 drivers
v0000025c58ce6bf0_0 .net "a", 0 0, L_0000025c58d03430;  1 drivers
v0000025c58ce6a10_0 .net "b", 0 0, L_0000025c58d034d0;  1 drivers
v0000025c58ce5250_0 .net "cin", 0 0, L_0000025c58d03610;  1 drivers
v0000025c58ce4df0_0 .net "cout", 0 0, L_0000025c58d70620;  1 drivers
v0000025c58ce61f0_0 .net "sum", 0 0, L_0000025c58d717a0;  1 drivers
S_0000025c58cec680 .scope generate, "fa_gen[10]" "fa_gen[10]" 9 17, 9 17 0, S_0000025c58cd8f80;
 .timescale 0 0;
P_0000025c58b99480 .param/l "i" 0 9 17, +C4<01010>;
S_0000025c58ced940 .scope module, "fa" "full_adder" 9 18, 9 33 0, S_0000025c58cec680;
 .timescale 0 0;
    .port_info 0 /INPUT 1 "a";
    .port_info 1 /INPUT 1 "b";
    .port_info 2 /INPUT 1 "cin";
    .port_info 3 /OUTPUT 1 "sum";
    .port_info 4 /OUTPUT 1 "cout";
L_0000025c58d71490 .functor XOR 1, L_0000025c58d05690, L_0000025c58d04ab0, C4<0>, C4<0>;
L_0000025c58d70690 .functor XOR 1, L_0000025c58d71490, L_0000025c58d04150, C4<0>, C4<0>;
L_0000025c58d715e0 .functor AND 1, L_0000025c58d05690, L_0000025c58d04ab0, C4<1>, C4<1>;
L_0000025c58d71500 .functor XOR 1, L_0000025c58d05690, L_0000025c58d04ab0, C4<0>, C4<0>;
L_0000025c58d711f0 .functor AND 1, L_0000025c58d04150, L_0000025c58d71500, C4<1>, C4<1>;
L_0000025c58d70930 .functor OR 1, L_0000025c58d715e0, L_0000025c58d711f0, C4<0>, C4<0>;
v0000025c58ce7050_0 .net *"_ivl_0", 0 0, L_0000025c58d71490;  1 drivers
v0000025c58ce6e70_0 .net *"_ivl_4", 0 0, L_0000025c58d715e0;  1 drivers
v0000025c58ce6b50_0 .net *"_ivl_6", 0 0, L_0000025c58d71500;  1 drivers
v0000025c58ce4fd0_0 .net *"_ivl_8", 0 0, L_0000025c58d711f0;  1 drivers
v0000025c58ce6fb0_0 .net "a", 0 0, L_0000025c58d05690;  1 drivers
v0000025c58ce52f0_0 .net "b", 0 0, L_0000025c58d04ab0;  1 drivers
v0000025c58ce5390_0 .net "cin", 0 0, L_0000025c58d04150;  1 drivers
v0000025c58ce54d0_0 .net "cout", 0 0, L_0000025c58d70930;  1 drivers
v0000025c58ce5430_0 .net "sum", 0 0, L_0000025c58d70690;  1 drivers
S_0000025c58ced300 .scope generate, "fa_gen[11]" "fa_gen[11]" 9 17, 9 17 0, S_0000025c58cd8f80;
 .timescale 0 0;
P_0000025c58b99340 .param/l "i" 0 9 17, +C4<01011>;
S_0000025c58cedf80 .scope module, "fa" "full_adder" 9 18, 9 33 0, S_0000025c58ced300;
 .timescale 0 0;
    .port_info 0 /INPUT 1 "a";
    .port_info 1 /INPUT 1 "b";
    .port_info 2 /INPUT 1 "cin";
    .port_info 3 /OUTPUT 1 "sum";
    .port_info 4 /OUTPUT 1 "cout";
L_0000025c58d701c0 .functor XOR 1, L_0000025c58d06590, L_0000025c58d05c30, C4<0>, C4<0>;
L_0000025c58d70230 .functor XOR 1, L_0000025c58d701c0, L_0000025c58d061d0, C4<0>, C4<0>;
L_0000025c58d702a0 .functor AND 1, L_0000025c58d06590, L_0000025c58d05c30, C4<1>, C4<1>;
L_0000025c58d71570 .functor XOR 1, L_0000025c58d06590, L_0000025c58d05c30, C4<0>, C4<0>;
L_0000025c58d70d90 .functor AND 1, L_0000025c58d061d0, L_0000025c58d71570, C4<1>, C4<1>;
L_0000025c58d71030 .functor OR 1, L_0000025c58d702a0, L_0000025c58d70d90, C4<0>, C4<0>;
v0000025c58ce5570_0 .net *"_ivl_0", 0 0, L_0000025c58d701c0;  1 drivers
v0000025c58ce6c90_0 .net *"_ivl_4", 0 0, L_0000025c58d702a0;  1 drivers
v0000025c58ce6010_0 .net *"_ivl_6", 0 0, L_0000025c58d71570;  1 drivers
v0000025c58ce5610_0 .net *"_ivl_8", 0 0, L_0000025c58d70d90;  1 drivers
v0000025c58ce5c50_0 .net "a", 0 0, L_0000025c58d06590;  1 drivers
v0000025c58ce56b0_0 .net "b", 0 0, L_0000025c58d05c30;  1 drivers
v0000025c58ce5750_0 .net "cin", 0 0, L_0000025c58d061d0;  1 drivers
v0000025c58ce57f0_0 .net "cout", 0 0, L_0000025c58d71030;  1 drivers
v0000025c58ce66f0_0 .net "sum", 0 0, L_0000025c58d70230;  1 drivers
S_0000025c58cedad0 .scope generate, "fa_gen[12]" "fa_gen[12]" 9 17, 9 17 0, S_0000025c58cd8f80;
 .timescale 0 0;
P_0000025c58b99400 .param/l "i" 0 9 17, +C4<01100>;
S_0000025c58cec040 .scope module, "fa" "full_adder" 9 18, 9 33 0, S_0000025c58cedad0;
 .timescale 0 0;
    .port_info 0 /INPUT 1 "a";
    .port_info 1 /INPUT 1 "b";
    .port_info 2 /INPUT 1 "cin";
    .port_info 3 /OUTPUT 1 "sum";
    .port_info 4 /OUTPUT 1 "cout";
L_0000025c58d70540 .functor XOR 1, L_0000025c58d06130, L_0000025c58d04fb0, C4<0>, C4<0>;
L_0000025c58d70770 .functor XOR 1, L_0000025c58d70540, L_0000025c58d05af0, C4<0>, C4<0>;
L_0000025c58d70e00 .functor AND 1, L_0000025c58d06130, L_0000025c58d04fb0, C4<1>, C4<1>;
L_0000025c58d71650 .functor XOR 1, L_0000025c58d06130, L_0000025c58d04fb0, C4<0>, C4<0>;
L_0000025c58d71880 .functor AND 1, L_0000025c58d05af0, L_0000025c58d71650, C4<1>, C4<1>;
L_0000025c58d70e70 .functor OR 1, L_0000025c58d70e00, L_0000025c58d71880, C4<0>, C4<0>;
v0000025c58ce5890_0 .net *"_ivl_0", 0 0, L_0000025c58d70540;  1 drivers
v0000025c58ce5930_0 .net *"_ivl_4", 0 0, L_0000025c58d70e00;  1 drivers
v0000025c58ce5bb0_0 .net *"_ivl_6", 0 0, L_0000025c58d71650;  1 drivers
v0000025c58ce5cf0_0 .net *"_ivl_8", 0 0, L_0000025c58d71880;  1 drivers
v0000025c58ce5d90_0 .net "a", 0 0, L_0000025c58d06130;  1 drivers
v0000025c58ce60b0_0 .net "b", 0 0, L_0000025c58d04fb0;  1 drivers
v0000025c58ce6150_0 .net "cin", 0 0, L_0000025c58d05af0;  1 drivers
v0000025c58ce6290_0 .net "cout", 0 0, L_0000025c58d70e70;  1 drivers
v0000025c58ce6330_0 .net "sum", 0 0, L_0000025c58d70770;  1 drivers
S_0000025c58cecfe0 .scope generate, "fa_gen[13]" "fa_gen[13]" 9 17, 9 17 0, S_0000025c58cd8f80;
 .timescale 0 0;
P_0000025c58b99600 .param/l "i" 0 9 17, +C4<01101>;
S_0000025c58cecb30 .scope module, "fa" "full_adder" 9 18, 9 33 0, S_0000025c58cecfe0;
 .timescale 0 0;
    .port_info 0 /INPUT 1 "a";
    .port_info 1 /INPUT 1 "b";
    .port_info 2 /INPUT 1 "cin";
    .port_info 3 /OUTPUT 1 "sum";
    .port_info 4 /OUTPUT 1 "cout";
L_0000025c58d719d0 .functor XOR 1, L_0000025c58d05730, L_0000025c58d06270, C4<0>, C4<0>;
L_0000025c58d707e0 .functor XOR 1, L_0000025c58d719d0, L_0000025c58d04e70, C4<0>, C4<0>;
L_0000025c58d71730 .functor AND 1, L_0000025c58d05730, L_0000025c58d06270, C4<1>, C4<1>;
L_0000025c58d70850 .functor XOR 1, L_0000025c58d05730, L_0000025c58d06270, C4<0>, C4<0>;
L_0000025c58d708c0 .functor AND 1, L_0000025c58d04e70, L_0000025c58d70850, C4<1>, C4<1>;
L_0000025c58d70ee0 .functor OR 1, L_0000025c58d71730, L_0000025c58d708c0, C4<0>, C4<0>;
v0000025c58ce65b0_0 .net *"_ivl_0", 0 0, L_0000025c58d719d0;  1 drivers
v0000025c58ce83b0_0 .net *"_ivl_4", 0 0, L_0000025c58d71730;  1 drivers
v0000025c58ce7d70_0 .net *"_ivl_6", 0 0, L_0000025c58d70850;  1 drivers
v0000025c58ce8950_0 .net *"_ivl_8", 0 0, L_0000025c58d708c0;  1 drivers
v0000025c58ce9350_0 .net "a", 0 0, L_0000025c58d05730;  1 drivers
v0000025c58ce9210_0 .net "b", 0 0, L_0000025c58d06270;  1 drivers
v0000025c58ce8630_0 .net "cin", 0 0, L_0000025c58d04e70;  1 drivers
v0000025c58ce8b30_0 .net "cout", 0 0, L_0000025c58d70ee0;  1 drivers
v0000025c58ce7370_0 .net "sum", 0 0, L_0000025c58d707e0;  1 drivers
S_0000025c58ceb230 .scope generate, "fa_gen[14]" "fa_gen[14]" 9 17, 9 17 0, S_0000025c58cd8f80;
 .timescale 0 0;
P_0000025c58b99780 .param/l "i" 0 9 17, +C4<01110>;
S_0000025c58cec1d0 .scope module, "fa" "full_adder" 9 18, 9 33 0, S_0000025c58ceb230;
 .timescale 0 0;
    .port_info 0 /INPUT 1 "a";
    .port_info 1 /INPUT 1 "b";
    .port_info 2 /INPUT 1 "cin";
    .port_info 3 /OUTPUT 1 "sum";
    .port_info 4 /OUTPUT 1 "cout";
L_0000025c58d70f50 .functor XOR 1, L_0000025c58d04b50, L_0000025c58d05ff0, C4<0>, C4<0>;
L_0000025c58d71a40 .functor XOR 1, L_0000025c58d70f50, L_0000025c58d04510, C4<0>, C4<0>;
L_0000025c58d70fc0 .functor AND 1, L_0000025c58d04b50, L_0000025c58d05ff0, C4<1>, C4<1>;
L_0000025c58d71110 .functor XOR 1, L_0000025c58d04b50, L_0000025c58d05ff0, C4<0>, C4<0>;
L_0000025c58d72060 .functor AND 1, L_0000025c58d04510, L_0000025c58d71110, C4<1>, C4<1>;
L_0000025c58d71dc0 .functor OR 1, L_0000025c58d70fc0, L_0000025c58d72060, C4<0>, C4<0>;
v0000025c58ce7910_0 .net *"_ivl_0", 0 0, L_0000025c58d70f50;  1 drivers
v0000025c58ce92b0_0 .net *"_ivl_4", 0 0, L_0000025c58d70fc0;  1 drivers
v0000025c58ce75f0_0 .net *"_ivl_6", 0 0, L_0000025c58d71110;  1 drivers
v0000025c58ce8a90_0 .net *"_ivl_8", 0 0, L_0000025c58d72060;  1 drivers
v0000025c58ce89f0_0 .net "a", 0 0, L_0000025c58d04b50;  1 drivers
v0000025c58ce8c70_0 .net "b", 0 0, L_0000025c58d05ff0;  1 drivers
v0000025c58ce79b0_0 .net "cin", 0 0, L_0000025c58d04510;  1 drivers
v0000025c58ce7c30_0 .net "cout", 0 0, L_0000025c58d71dc0;  1 drivers
v0000025c58ce8450_0 .net "sum", 0 0, L_0000025c58d71a40;  1 drivers
S_0000025c58ced620 .scope generate, "fa_gen[15]" "fa_gen[15]" 9 17, 9 17 0, S_0000025c58cd8f80;
 .timescale 0 0;
P_0000025c58b9a9c0 .param/l "i" 0 9 17, +C4<01111>;
S_0000025c58cee110 .scope module, "fa" "full_adder" 9 18, 9 33 0, S_0000025c58ced620;
 .timescale 0 0;
    .port_info 0 /INPUT 1 "a";
    .port_info 1 /INPUT 1 "b";
    .port_info 2 /INPUT 1 "cin";
    .port_info 3 /OUTPUT 1 "sum";
    .port_info 4 /OUTPUT 1 "cout";
L_0000025c58d72450 .functor XOR 1, L_0000025c58d04d30, L_0000025c58d057d0, C4<0>, C4<0>;
L_0000025c58d71f80 .functor XOR 1, L_0000025c58d72450, L_0000025c58d05b90, C4<0>, C4<0>;
L_0000025c58d72990 .functor AND 1, L_0000025c58d04d30, L_0000025c58d057d0, C4<1>, C4<1>;
L_0000025c58d72530 .functor XOR 1, L_0000025c58d04d30, L_0000025c58d057d0, C4<0>, C4<0>;
L_0000025c58d72ae0 .functor AND 1, L_0000025c58d05b90, L_0000025c58d72530, C4<1>, C4<1>;
L_0000025c58d71e30 .functor OR 1, L_0000025c58d72990, L_0000025c58d72ae0, C4<0>, C4<0>;
v0000025c58ce7a50_0 .net *"_ivl_0", 0 0, L_0000025c58d72450;  1 drivers
v0000025c58ce8f90_0 .net *"_ivl_4", 0 0, L_0000025c58d72990;  1 drivers
v0000025c58ce9030_0 .net *"_ivl_6", 0 0, L_0000025c58d72530;  1 drivers
v0000025c58ce9530_0 .net *"_ivl_8", 0 0, L_0000025c58d72ae0;  1 drivers
v0000025c58ce7690_0 .net "a", 0 0, L_0000025c58d04d30;  1 drivers
v0000025c58ce90d0_0 .net "b", 0 0, L_0000025c58d057d0;  1 drivers
v0000025c58ce8bd0_0 .net "cin", 0 0, L_0000025c58d05b90;  1 drivers
v0000025c58ce70f0_0 .net "cout", 0 0, L_0000025c58d71e30;  1 drivers
v0000025c58ce8d10_0 .net "sum", 0 0, L_0000025c58d71f80;  1 drivers
S_0000025c58ceddf0 .scope generate, "fa_gen[16]" "fa_gen[16]" 9 17, 9 17 0, S_0000025c58cd8f80;
 .timescale 0 0;
P_0000025c58b12610 .param/l "i" 0 9 17, +C4<010000>;
S_0000025c58cea8d0 .scope module, "fa" "full_adder" 9 18, 9 33 0, S_0000025c58ceddf0;
 .timescale 0 0;
    .port_info 0 /INPUT 1 "a";
    .port_info 1 /INPUT 1 "b";
    .port_info 2 /INPUT 1 "cin";
    .port_info 3 /OUTPUT 1 "sum";
    .port_info 4 /OUTPUT 1 "cout";
L_0000025c58d725a0 .functor XOR 1, L_0000025c58d05050, L_0000025c58d052d0, C4<0>, C4<0>;
L_0000025c58d72140 .functor XOR 1, L_0000025c58d725a0, L_0000025c58d04790, C4<0>, C4<0>;
L_0000025c58d72300 .functor AND 1, L_0000025c58d05050, L_0000025c58d052d0, C4<1>, C4<1>;
L_0000025c58d72bc0 .functor XOR 1, L_0000025c58d05050, L_0000025c58d052d0, C4<0>, C4<0>;
L_0000025c58d72a00 .functor AND 1, L_0000025c58d04790, L_0000025c58d72bc0, C4<1>, C4<1>;
L_0000025c58d72610 .functor OR 1, L_0000025c58d72300, L_0000025c58d72a00, C4<0>, C4<0>;
v0000025c58ce7410_0 .net *"_ivl_0", 0 0, L_0000025c58d725a0;  1 drivers
v0000025c58ce7730_0 .net *"_ivl_4", 0 0, L_0000025c58d72300;  1 drivers
v0000025c58ce7e10_0 .net *"_ivl_6", 0 0, L_0000025c58d72bc0;  1 drivers
v0000025c58ce7cd0_0 .net *"_ivl_8", 0 0, L_0000025c58d72a00;  1 drivers
v0000025c58ce77d0_0 .net "a", 0 0, L_0000025c58d05050;  1 drivers
v0000025c58ce8db0_0 .net "b", 0 0, L_0000025c58d052d0;  1 drivers
v0000025c58ce7870_0 .net "cin", 0 0, L_0000025c58d04790;  1 drivers
v0000025c58ce9170_0 .net "cout", 0 0, L_0000025c58d72610;  1 drivers
v0000025c58ce9710_0 .net "sum", 0 0, L_0000025c58d72140;  1 drivers
S_0000025c58cedc60 .scope generate, "fa_gen[17]" "fa_gen[17]" 9 17, 9 17 0, S_0000025c58cd8f80;
 .timescale 0 0;
P_0000025c58b121d0 .param/l "i" 0 9 17, +C4<010001>;
S_0000025c58ceb550 .scope module, "fa" "full_adder" 9 18, 9 33 0, S_0000025c58cedc60;
 .timescale 0 0;
    .port_info 0 /INPUT 1 "a";
    .port_info 1 /INPUT 1 "b";
    .port_info 2 /INPUT 1 "cin";
    .port_info 3 /OUTPUT 1 "sum";
    .port_info 4 /OUTPUT 1 "cout";
L_0000025c58d721b0 .functor XOR 1, L_0000025c58d05cd0, L_0000025c58d04dd0, C4<0>, C4<0>;
L_0000025c58d72370 .functor XOR 1, L_0000025c58d721b0, L_0000025c58d06450, C4<0>, C4<0>;
L_0000025c58d72b50 .functor AND 1, L_0000025c58d05cd0, L_0000025c58d04dd0, C4<1>, C4<1>;
L_0000025c58d72840 .functor XOR 1, L_0000025c58d05cd0, L_0000025c58d04dd0, C4<0>, C4<0>;
L_0000025c58d71ff0 .functor AND 1, L_0000025c58d06450, L_0000025c58d72840, C4<1>, C4<1>;
L_0000025c58d728b0 .functor OR 1, L_0000025c58d72b50, L_0000025c58d71ff0, C4<0>, C4<0>;
v0000025c58ce7af0_0 .net *"_ivl_0", 0 0, L_0000025c58d721b0;  1 drivers
v0000025c58ce88b0_0 .net *"_ivl_4", 0 0, L_0000025c58d72b50;  1 drivers
v0000025c58ce93f0_0 .net *"_ivl_6", 0 0, L_0000025c58d72840;  1 drivers
v0000025c58ce8270_0 .net *"_ivl_8", 0 0, L_0000025c58d71ff0;  1 drivers
v0000025c58ce8e50_0 .net "a", 0 0, L_0000025c58d05cd0;  1 drivers
v0000025c58ce7b90_0 .net "b", 0 0, L_0000025c58d04dd0;  1 drivers
v0000025c58ce74b0_0 .net "cin", 0 0, L_0000025c58d06450;  1 drivers
v0000025c58ce9490_0 .net "cout", 0 0, L_0000025c58d728b0;  1 drivers
v0000025c58ce8ef0_0 .net "sum", 0 0, L_0000025c58d72370;  1 drivers
S_0000025c58ceb3c0 .scope generate, "fa_gen[18]" "fa_gen[18]" 9 17, 9 17 0, S_0000025c58cd8f80;
 .timescale 0 0;
P_0000025c58b11f10 .param/l "i" 0 9 17, +C4<010010>;
S_0000025c58ceccc0 .scope module, "fa" "full_adder" 9 18, 9 33 0, S_0000025c58ceb3c0;
 .timescale 0 0;
    .port_info 0 /INPUT 1 "a";
    .port_info 1 /INPUT 1 "b";
    .port_info 2 /INPUT 1 "cin";
    .port_info 3 /OUTPUT 1 "sum";
    .port_info 4 /OUTPUT 1 "cout";
L_0000025c58d72c30 .functor XOR 1, L_0000025c58d04650, L_0000025c58d06090, C4<0>, C4<0>;
L_0000025c58d72680 .functor XOR 1, L_0000025c58d72c30, L_0000025c58d06770, C4<0>, C4<0>;
L_0000025c58d726f0 .functor AND 1, L_0000025c58d04650, L_0000025c58d06090, C4<1>, C4<1>;
L_0000025c58d71f10 .functor XOR 1, L_0000025c58d04650, L_0000025c58d06090, C4<0>, C4<0>;
L_0000025c58d72220 .functor AND 1, L_0000025c58d06770, L_0000025c58d71f10, C4<1>, C4<1>;
L_0000025c58d72920 .functor OR 1, L_0000025c58d726f0, L_0000025c58d72220, C4<0>, C4<0>;
v0000025c58ce7190_0 .net *"_ivl_0", 0 0, L_0000025c58d72c30;  1 drivers
v0000025c58ce95d0_0 .net *"_ivl_4", 0 0, L_0000025c58d726f0;  1 drivers
v0000025c58ce9670_0 .net *"_ivl_6", 0 0, L_0000025c58d71f10;  1 drivers
v0000025c58ce97b0_0 .net *"_ivl_8", 0 0, L_0000025c58d72220;  1 drivers
v0000025c58ce86d0_0 .net "a", 0 0, L_0000025c58d04650;  1 drivers
v0000025c58ce8310_0 .net "b", 0 0, L_0000025c58d06090;  1 drivers
v0000025c58ce8770_0 .net "cin", 0 0, L_0000025c58d06770;  1 drivers
v0000025c58ce9850_0 .net "cout", 0 0, L_0000025c58d72920;  1 drivers
v0000025c58ce7eb0_0 .net "sum", 0 0, L_0000025c58d72680;  1 drivers
S_0000025c58ceabf0 .scope generate, "fa_gen[19]" "fa_gen[19]" 9 17, 9 17 0, S_0000025c58cd8f80;
 .timescale 0 0;
P_0000025c58b12990 .param/l "i" 0 9 17, +C4<010011>;
S_0000025c58ced170 .scope module, "fa" "full_adder" 9 18, 9 33 0, S_0000025c58ceabf0;
 .timescale 0 0;
    .port_info 0 /INPUT 1 "a";
    .port_info 1 /INPUT 1 "b";
    .port_info 2 /INPUT 1 "cin";
    .port_info 3 /OUTPUT 1 "sum";
    .port_info 4 /OUTPUT 1 "cout";
L_0000025c58d71ea0 .functor XOR 1, L_0000025c58d046f0, L_0000025c58d045b0, C4<0>, C4<0>;
L_0000025c58d720d0 .functor XOR 1, L_0000025c58d71ea0, L_0000025c58d04830, C4<0>, C4<0>;
L_0000025c58d72a70 .functor AND 1, L_0000025c58d046f0, L_0000025c58d045b0, C4<1>, C4<1>;
L_0000025c58d72290 .functor XOR 1, L_0000025c58d046f0, L_0000025c58d045b0, C4<0>, C4<0>;
L_0000025c58d72760 .functor AND 1, L_0000025c58d04830, L_0000025c58d72290, C4<1>, C4<1>;
L_0000025c58d71d50 .functor OR 1, L_0000025c58d72a70, L_0000025c58d72760, C4<0>, C4<0>;
v0000025c58ce8090_0 .net *"_ivl_0", 0 0, L_0000025c58d71ea0;  1 drivers
v0000025c58ce7f50_0 .net *"_ivl_4", 0 0, L_0000025c58d72a70;  1 drivers
v0000025c58ce81d0_0 .net *"_ivl_6", 0 0, L_0000025c58d72290;  1 drivers
v0000025c58ce7230_0 .net *"_ivl_8", 0 0, L_0000025c58d72760;  1 drivers
v0000025c58ce7ff0_0 .net "a", 0 0, L_0000025c58d046f0;  1 drivers
v0000025c58ce7550_0 .net "b", 0 0, L_0000025c58d045b0;  1 drivers
v0000025c58ce72d0_0 .net "cin", 0 0, L_0000025c58d04830;  1 drivers
v0000025c58ce8130_0 .net "cout", 0 0, L_0000025c58d71d50;  1 drivers
v0000025c58ce84f0_0 .net "sum", 0 0, L_0000025c58d720d0;  1 drivers
S_0000025c58ceaa60 .scope generate, "fa_gen[20]" "fa_gen[20]" 9 17, 9 17 0, S_0000025c58cd8f80;
 .timescale 0 0;
P_0000025c58b11bd0 .param/l "i" 0 9 17, +C4<010100>;
S_0000025c58ced7b0 .scope module, "fa" "full_adder" 9 18, 9 33 0, S_0000025c58ceaa60;
 .timescale 0 0;
    .port_info 0 /INPUT 1 "a";
    .port_info 1 /INPUT 1 "b";
    .port_info 2 /INPUT 1 "cin";
    .port_info 3 /OUTPUT 1 "sum";
    .port_info 4 /OUTPUT 1 "cout";
L_0000025c58d724c0 .functor XOR 1, L_0000025c58d06310, L_0000025c58d05870, C4<0>, C4<0>;
L_0000025c58d723e0 .functor XOR 1, L_0000025c58d724c0, L_0000025c58d05d70, C4<0>, C4<0>;
L_0000025c58d727d0 .functor AND 1, L_0000025c58d06310, L_0000025c58d05870, C4<1>, C4<1>;
L_0000025c58d6b1b0 .functor XOR 1, L_0000025c58d06310, L_0000025c58d05870, C4<0>, C4<0>;
L_0000025c58d6c480 .functor AND 1, L_0000025c58d05d70, L_0000025c58d6b1b0, C4<1>, C4<1>;
L_0000025c58d6be60 .functor OR 1, L_0000025c58d727d0, L_0000025c58d6c480, C4<0>, C4<0>;
v0000025c58ce8590_0 .net *"_ivl_0", 0 0, L_0000025c58d724c0;  1 drivers
v0000025c58ce8810_0 .net *"_ivl_4", 0 0, L_0000025c58d727d0;  1 drivers
v0000025c58ce9c10_0 .net *"_ivl_6", 0 0, L_0000025c58d6b1b0;  1 drivers
v0000025c58cea250_0 .net *"_ivl_8", 0 0, L_0000025c58d6c480;  1 drivers
v0000025c58cea2f0_0 .net "a", 0 0, L_0000025c58d06310;  1 drivers
v0000025c58cea390_0 .net "b", 0 0, L_0000025c58d05870;  1 drivers
v0000025c58ce9cb0_0 .net "cin", 0 0, L_0000025c58d05d70;  1 drivers
v0000025c58ce9d50_0 .net "cout", 0 0, L_0000025c58d6be60;  1 drivers
v0000025c58ce9fd0_0 .net "sum", 0 0, L_0000025c58d723e0;  1 drivers
S_0000025c58cee2a0 .scope generate, "fa_gen[21]" "fa_gen[21]" 9 17, 9 17 0, S_0000025c58cd8f80;
 .timescale 0 0;
P_0000025c58b11c50 .param/l "i" 0 9 17, +C4<010101>;
S_0000025c58cee5c0 .scope module, "fa" "full_adder" 9 18, 9 33 0, S_0000025c58cee2a0;
 .timescale 0 0;
    .port_info 0 /INPUT 1 "a";
    .port_info 1 /INPUT 1 "b";
    .port_info 2 /INPUT 1 "cin";
    .port_info 3 /OUTPUT 1 "sum";
    .port_info 4 /OUTPUT 1 "cout";
L_0000025c58d6bd80 .functor XOR 1, L_0000025c58d05f50, L_0000025c58d04f10, C4<0>, C4<0>;
L_0000025c58d6b760 .functor XOR 1, L_0000025c58d6bd80, L_0000025c58d063b0, C4<0>, C4<0>;
L_0000025c58d6ae30 .functor AND 1, L_0000025c58d05f50, L_0000025c58d04f10, C4<1>, C4<1>;
L_0000025c58d6c800 .functor XOR 1, L_0000025c58d05f50, L_0000025c58d04f10, C4<0>, C4<0>;
L_0000025c58d6b300 .functor AND 1, L_0000025c58d063b0, L_0000025c58d6c800, C4<1>, C4<1>;
L_0000025c58d6adc0 .functor OR 1, L_0000025c58d6ae30, L_0000025c58d6b300, C4<0>, C4<0>;
v0000025c58ce9df0_0 .net *"_ivl_0", 0 0, L_0000025c58d6bd80;  1 drivers
v0000025c58cea430_0 .net *"_ivl_4", 0 0, L_0000025c58d6ae30;  1 drivers
v0000025c58cea4d0_0 .net *"_ivl_6", 0 0, L_0000025c58d6c800;  1 drivers
v0000025c58cea610_0 .net *"_ivl_8", 0 0, L_0000025c58d6b300;  1 drivers
v0000025c58ce9ad0_0 .net "a", 0 0, L_0000025c58d05f50;  1 drivers
v0000025c58cea570_0 .net "b", 0 0, L_0000025c58d04f10;  1 drivers
v0000025c58cea1b0_0 .net "cin", 0 0, L_0000025c58d063b0;  1 drivers
v0000025c58ce98f0_0 .net "cout", 0 0, L_0000025c58d6adc0;  1 drivers
v0000025c58cea6b0_0 .net "sum", 0 0, L_0000025c58d6b760;  1 drivers
S_0000025c58cee430 .scope generate, "fa_gen[22]" "fa_gen[22]" 9 17, 9 17 0, S_0000025c58cd8f80;
 .timescale 0 0;
P_0000025c58b11c90 .param/l "i" 0 9 17, +C4<010110>;
S_0000025c58cead80 .scope module, "fa" "full_adder" 9 18, 9 33 0, S_0000025c58cee430;
 .timescale 0 0;
    .port_info 0 /INPUT 1 "a";
    .port_info 1 /INPUT 1 "b";
    .port_info 2 /INPUT 1 "cin";
    .port_info 3 /OUTPUT 1 "sum";
    .port_info 4 /OUTPUT 1 "cout";
L_0000025c58d6c1e0 .functor XOR 1, L_0000025c58d048d0, L_0000025c58d04330, C4<0>, C4<0>;
L_0000025c58d6c090 .functor XOR 1, L_0000025c58d6c1e0, L_0000025c58d05a50, C4<0>, C4<0>;
L_0000025c58d6bdf0 .functor AND 1, L_0000025c58d048d0, L_0000025c58d04330, C4<1>, C4<1>;
L_0000025c58d6c100 .functor XOR 1, L_0000025c58d048d0, L_0000025c58d04330, C4<0>, C4<0>;
L_0000025c58d6bc30 .functor AND 1, L_0000025c58d05a50, L_0000025c58d6c100, C4<1>, C4<1>;
L_0000025c58d6c6b0 .functor OR 1, L_0000025c58d6bdf0, L_0000025c58d6bc30, C4<0>, C4<0>;
v0000025c58ce9e90_0 .net *"_ivl_0", 0 0, L_0000025c58d6c1e0;  1 drivers
v0000025c58cea750_0 .net *"_ivl_4", 0 0, L_0000025c58d6bdf0;  1 drivers
v0000025c58cea110_0 .net *"_ivl_6", 0 0, L_0000025c58d6c100;  1 drivers
v0000025c58ce9f30_0 .net *"_ivl_8", 0 0, L_0000025c58d6bc30;  1 drivers
v0000025c58ce9990_0 .net "a", 0 0, L_0000025c58d048d0;  1 drivers
v0000025c58ce9a30_0 .net "b", 0 0, L_0000025c58d04330;  1 drivers
v0000025c58cea070_0 .net "cin", 0 0, L_0000025c58d05a50;  1 drivers
v0000025c58ce9b70_0 .net "cout", 0 0, L_0000025c58d6c6b0;  1 drivers
v0000025c58cdc790_0 .net "sum", 0 0, L_0000025c58d6c090;  1 drivers
S_0000025c58ceb6e0 .scope generate, "fa_gen[23]" "fa_gen[23]" 9 17, 9 17 0, S_0000025c58cd8f80;
 .timescale 0 0;
P_0000025c58b11f50 .param/l "i" 0 9 17, +C4<010111>;
S_0000025c58ceb870 .scope module, "fa" "full_adder" 9 18, 9 33 0, S_0000025c58ceb6e0;
 .timescale 0 0;
    .port_info 0 /INPUT 1 "a";
    .port_info 1 /INPUT 1 "b";
    .port_info 2 /INPUT 1 "cin";
    .port_info 3 /OUTPUT 1 "sum";
    .port_info 4 /OUTPUT 1 "cout";
L_0000025c58d6ad50 .functor XOR 1, L_0000025c58d055f0, L_0000025c58d068b0, C4<0>, C4<0>;
L_0000025c58d6b530 .functor XOR 1, L_0000025c58d6ad50, L_0000025c58d050f0, C4<0>, C4<0>;
L_0000025c58d6bed0 .functor AND 1, L_0000025c58d055f0, L_0000025c58d068b0, C4<1>, C4<1>;
L_0000025c58d6c560 .functor XOR 1, L_0000025c58d055f0, L_0000025c58d068b0, C4<0>, C4<0>;
L_0000025c58d6ba00 .functor AND 1, L_0000025c58d050f0, L_0000025c58d6c560, C4<1>, C4<1>;
L_0000025c58d6c3a0 .functor OR 1, L_0000025c58d6bed0, L_0000025c58d6ba00, C4<0>, C4<0>;
v0000025c58cdae90_0 .net *"_ivl_0", 0 0, L_0000025c58d6ad50;  1 drivers
v0000025c58cda990_0 .net *"_ivl_4", 0 0, L_0000025c58d6bed0;  1 drivers
v0000025c58cdab70_0 .net *"_ivl_6", 0 0, L_0000025c58d6c560;  1 drivers
v0000025c58cdb390_0 .net *"_ivl_8", 0 0, L_0000025c58d6ba00;  1 drivers
v0000025c58cdadf0_0 .net "a", 0 0, L_0000025c58d055f0;  1 drivers
v0000025c58cdb750_0 .net "b", 0 0, L_0000025c58d068b0;  1 drivers
v0000025c58cdac10_0 .net "cin", 0 0, L_0000025c58d050f0;  1 drivers
v0000025c58cdba70_0 .net "cout", 0 0, L_0000025c58d6c3a0;  1 drivers
v0000025c58cdc1f0_0 .net "sum", 0 0, L_0000025c58d6b530;  1 drivers
S_0000025c58ced490 .scope generate, "fa_gen[24]" "fa_gen[24]" 9 17, 9 17 0, S_0000025c58cd8f80;
 .timescale 0 0;
P_0000025c58b12050 .param/l "i" 0 9 17, +C4<011000>;
S_0000025c58cece50 .scope module, "fa" "full_adder" 9 18, 9 33 0, S_0000025c58ced490;
 .timescale 0 0;
    .port_info 0 /INPUT 1 "a";
    .port_info 1 /INPUT 1 "b";
    .port_info 2 /INPUT 1 "cin";
    .port_info 3 /OUTPUT 1 "sum";
    .port_info 4 /OUTPUT 1 "cout";
L_0000025c58d6b140 .functor XOR 1, L_0000025c58d064f0, L_0000025c58d04970, C4<0>, C4<0>;
L_0000025c58d6c020 .functor XOR 1, L_0000025c58d6b140, L_0000025c58d04470, C4<0>, C4<0>;
L_0000025c58d6aea0 .functor AND 1, L_0000025c58d064f0, L_0000025c58d04970, C4<1>, C4<1>;
L_0000025c58d6c170 .functor XOR 1, L_0000025c58d064f0, L_0000025c58d04970, C4<0>, C4<0>;
L_0000025c58d6ba70 .functor AND 1, L_0000025c58d04470, L_0000025c58d6c170, C4<1>, C4<1>;
L_0000025c58d6b060 .functor OR 1, L_0000025c58d6aea0, L_0000025c58d6ba70, C4<0>, C4<0>;
v0000025c58cdbf70_0 .net *"_ivl_0", 0 0, L_0000025c58d6b140;  1 drivers
v0000025c58cdcf10_0 .net *"_ivl_4", 0 0, L_0000025c58d6aea0;  1 drivers
v0000025c58cdc8d0_0 .net *"_ivl_6", 0 0, L_0000025c58d6c170;  1 drivers
v0000025c58cdb610_0 .net *"_ivl_8", 0 0, L_0000025c58d6ba70;  1 drivers
v0000025c58cdacb0_0 .net "a", 0 0, L_0000025c58d064f0;  1 drivers
v0000025c58cdb9d0_0 .net "b", 0 0, L_0000025c58d04970;  1 drivers
v0000025c58cdb7f0_0 .net "cin", 0 0, L_0000025c58d04470;  1 drivers
v0000025c58cdbb10_0 .net "cout", 0 0, L_0000025c58d6b060;  1 drivers
v0000025c58cdaf30_0 .net "sum", 0 0, L_0000025c58d6c020;  1 drivers
S_0000025c58ceba00 .scope generate, "fa_gen[25]" "fa_gen[25]" 9 17, 9 17 0, S_0000025c58cd8f80;
 .timescale 0 0;
P_0000025c58b12150 .param/l "i" 0 9 17, +C4<011001>;
S_0000025c58ceb0a0 .scope module, "fa" "full_adder" 9 18, 9 33 0, S_0000025c58ceba00;
 .timescale 0 0;
    .port_info 0 /INPUT 1 "a";
    .port_info 1 /INPUT 1 "b";
    .port_info 2 /INPUT 1 "cin";
    .port_info 3 /OUTPUT 1 "sum";
    .port_info 4 /OUTPUT 1 "cout";
L_0000025c58d6bd10 .functor XOR 1, L_0000025c58d06630, L_0000025c58d05370, C4<0>, C4<0>;
L_0000025c58d6b0d0 .functor XOR 1, L_0000025c58d6bd10, L_0000025c58d05910, C4<0>, C4<0>;
L_0000025c58d6bae0 .functor AND 1, L_0000025c58d06630, L_0000025c58d05370, C4<1>, C4<1>;
L_0000025c58d6af10 .functor XOR 1, L_0000025c58d06630, L_0000025c58d05370, C4<0>, C4<0>;
L_0000025c58d6bf40 .functor AND 1, L_0000025c58d05910, L_0000025c58d6af10, C4<1>, C4<1>;
L_0000025c58d6bca0 .functor OR 1, L_0000025c58d6bae0, L_0000025c58d6bf40, C4<0>, C4<0>;
v0000025c58cdbbb0_0 .net *"_ivl_0", 0 0, L_0000025c58d6bd10;  1 drivers
v0000025c58cdb4d0_0 .net *"_ivl_4", 0 0, L_0000025c58d6bae0;  1 drivers
v0000025c58cdc650_0 .net *"_ivl_6", 0 0, L_0000025c58d6af10;  1 drivers
v0000025c58cdbed0_0 .net *"_ivl_8", 0 0, L_0000025c58d6bf40;  1 drivers
v0000025c58cda8f0_0 .net "a", 0 0, L_0000025c58d06630;  1 drivers
v0000025c58cdc010_0 .net "b", 0 0, L_0000025c58d05370;  1 drivers
v0000025c58cdc0b0_0 .net "cin", 0 0, L_0000025c58d05910;  1 drivers
v0000025c58cdaad0_0 .net "cout", 0 0, L_0000025c58d6bca0;  1 drivers
v0000025c58cdb430_0 .net "sum", 0 0, L_0000025c58d6b0d0;  1 drivers
S_0000025c58cebb90 .scope generate, "fa_gen[26]" "fa_gen[26]" 9 17, 9 17 0, S_0000025c58cd8f80;
 .timescale 0 0;
P_0000025c58b12250 .param/l "i" 0 9 17, +C4<011010>;
S_0000025c58cebd20 .scope module, "fa" "full_adder" 9 18, 9 33 0, S_0000025c58cebb90;
 .timescale 0 0;
    .port_info 0 /INPUT 1 "a";
    .port_info 1 /INPUT 1 "b";
    .port_info 2 /INPUT 1 "cin";
    .port_info 3 /OUTPUT 1 "sum";
    .port_info 4 /OUTPUT 1 "cout";
L_0000025c58d6b990 .functor XOR 1, L_0000025c58d05e10, L_0000025c58d066d0, C4<0>, C4<0>;
L_0000025c58d6c5d0 .functor XOR 1, L_0000025c58d6b990, L_0000025c58d041f0, C4<0>, C4<0>;
L_0000025c58d6af80 .functor AND 1, L_0000025c58d05e10, L_0000025c58d066d0, C4<1>, C4<1>;
L_0000025c58d6c4f0 .functor XOR 1, L_0000025c58d05e10, L_0000025c58d066d0, C4<0>, C4<0>;
L_0000025c58d6b220 .functor AND 1, L_0000025c58d041f0, L_0000025c58d6c4f0, C4<1>, C4<1>;
L_0000025c58d6b680 .functor OR 1, L_0000025c58d6af80, L_0000025c58d6b220, C4<0>, C4<0>;
v0000025c58cdc150_0 .net *"_ivl_0", 0 0, L_0000025c58d6b990;  1 drivers
v0000025c58cdc970_0 .net *"_ivl_4", 0 0, L_0000025c58d6af80;  1 drivers
v0000025c58cdd050_0 .net *"_ivl_6", 0 0, L_0000025c58d6c4f0;  1 drivers
v0000025c58cdcd30_0 .net *"_ivl_8", 0 0, L_0000025c58d6b220;  1 drivers
v0000025c58cdc290_0 .net "a", 0 0, L_0000025c58d05e10;  1 drivers
v0000025c58cdb890_0 .net "b", 0 0, L_0000025c58d066d0;  1 drivers
v0000025c58cdad50_0 .net "cin", 0 0, L_0000025c58d041f0;  1 drivers
v0000025c58cdbc50_0 .net "cout", 0 0, L_0000025c58d6b680;  1 drivers
v0000025c58cdcc90_0 .net "sum", 0 0, L_0000025c58d6c5d0;  1 drivers
S_0000025c58cebeb0 .scope generate, "fa_gen[27]" "fa_gen[27]" 9 17, 9 17 0, S_0000025c58cd8f80;
 .timescale 0 0;
P_0000025c58b12490 .param/l "i" 0 9 17, +C4<011011>;
S_0000025c58cec360 .scope module, "fa" "full_adder" 9 18, 9 33 0, S_0000025c58cebeb0;
 .timescale 0 0;
    .port_info 0 /INPUT 1 "a";
    .port_info 1 /INPUT 1 "b";
    .port_info 2 /INPUT 1 "cin";
    .port_info 3 /OUTPUT 1 "sum";
    .port_info 4 /OUTPUT 1 "cout";
L_0000025c58d6b610 .functor XOR 1, L_0000025c58d04bf0, L_0000025c58d04290, C4<0>, C4<0>;
L_0000025c58d6aff0 .functor XOR 1, L_0000025c58d6b610, L_0000025c58d05190, C4<0>, C4<0>;
L_0000025c58d6bfb0 .functor AND 1, L_0000025c58d04bf0, L_0000025c58d04290, C4<1>, C4<1>;
L_0000025c58d6b290 .functor XOR 1, L_0000025c58d04bf0, L_0000025c58d04290, C4<0>, C4<0>;
L_0000025c58d6c250 .functor AND 1, L_0000025c58d05190, L_0000025c58d6b290, C4<1>, C4<1>;
L_0000025c58d6b370 .functor OR 1, L_0000025c58d6bfb0, L_0000025c58d6c250, C4<0>, C4<0>;
v0000025c58cdc470_0 .net *"_ivl_0", 0 0, L_0000025c58d6b610;  1 drivers
v0000025c58cdcfb0_0 .net *"_ivl_4", 0 0, L_0000025c58d6bfb0;  1 drivers
v0000025c58cdafd0_0 .net *"_ivl_6", 0 0, L_0000025c58d6b290;  1 drivers
v0000025c58cdca10_0 .net *"_ivl_8", 0 0, L_0000025c58d6c250;  1 drivers
v0000025c58cdb930_0 .net "a", 0 0, L_0000025c58d04bf0;  1 drivers
v0000025c58cdb070_0 .net "b", 0 0, L_0000025c58d04290;  1 drivers
v0000025c58cdb110_0 .net "cin", 0 0, L_0000025c58d05190;  1 drivers
v0000025c58cdb1b0_0 .net "cout", 0 0, L_0000025c58d6b370;  1 drivers
v0000025c58cdb250_0 .net "sum", 0 0, L_0000025c58d6aff0;  1 drivers
S_0000025c58cec4f0 .scope generate, "fa_gen[28]" "fa_gen[28]" 9 17, 9 17 0, S_0000025c58cd8f80;
 .timescale 0 0;
P_0000025c58b12690 .param/l "i" 0 9 17, +C4<011100>;
S_0000025c58cec810 .scope module, "fa" "full_adder" 9 18, 9 33 0, S_0000025c58cec4f0;
 .timescale 0 0;
    .port_info 0 /INPUT 1 "a";
    .port_info 1 /INPUT 1 "b";
    .port_info 2 /INPUT 1 "cin";
    .port_info 3 /OUTPUT 1 "sum";
    .port_info 4 /OUTPUT 1 "cout";
L_0000025c58d6bb50 .functor XOR 1, L_0000025c58d05230, L_0000025c58d04a10, C4<0>, C4<0>;
L_0000025c58d6b3e0 .functor XOR 1, L_0000025c58d6bb50, L_0000025c58d05410, C4<0>, C4<0>;
L_0000025c58d6c8e0 .functor AND 1, L_0000025c58d05230, L_0000025c58d04a10, C4<1>, C4<1>;
L_0000025c58d6b8b0 .functor XOR 1, L_0000025c58d05230, L_0000025c58d04a10, C4<0>, C4<0>;
L_0000025c58d6b7d0 .functor AND 1, L_0000025c58d05410, L_0000025c58d6b8b0, C4<1>, C4<1>;
L_0000025c58d6b450 .functor OR 1, L_0000025c58d6c8e0, L_0000025c58d6b7d0, C4<0>, C4<0>;
v0000025c58cdc330_0 .net *"_ivl_0", 0 0, L_0000025c58d6bb50;  1 drivers
v0000025c58cdb2f0_0 .net *"_ivl_4", 0 0, L_0000025c58d6c8e0;  1 drivers
v0000025c58cdb570_0 .net *"_ivl_6", 0 0, L_0000025c58d6b8b0;  1 drivers
v0000025c58cdb6b0_0 .net *"_ivl_8", 0 0, L_0000025c58d6b7d0;  1 drivers
v0000025c58cdbcf0_0 .net "a", 0 0, L_0000025c58d05230;  1 drivers
v0000025c58cdbd90_0 .net "b", 0 0, L_0000025c58d04a10;  1 drivers
v0000025c58cdbe30_0 .net "cin", 0 0, L_0000025c58d05410;  1 drivers
v0000025c58cdc3d0_0 .net "cout", 0 0, L_0000025c58d6b450;  1 drivers
v0000025c58cdc5b0_0 .net "sum", 0 0, L_0000025c58d6b3e0;  1 drivers
S_0000025c58cec9a0 .scope generate, "fa_gen[29]" "fa_gen[29]" 9 17, 9 17 0, S_0000025c58cd8f80;
 .timescale 0 0;
P_0000025c58b126d0 .param/l "i" 0 9 17, +C4<011101>;
S_0000025c58cf22b0 .scope module, "fa" "full_adder" 9 18, 9 33 0, S_0000025c58cec9a0;
 .timescale 0 0;
    .port_info 0 /INPUT 1 "a";
    .port_info 1 /INPUT 1 "b";
    .port_info 2 /INPUT 1 "cin";
    .port_info 3 /OUTPUT 1 "sum";
    .port_info 4 /OUTPUT 1 "cout";
L_0000025c58d6c2c0 .functor XOR 1, L_0000025c58d04c90, L_0000025c58d054b0, C4<0>, C4<0>;
L_0000025c58d6c330 .functor XOR 1, L_0000025c58d6c2c0, L_0000025c58d05550, C4<0>, C4<0>;
L_0000025c58d6b6f0 .functor AND 1, L_0000025c58d04c90, L_0000025c58d054b0, C4<1>, C4<1>;
L_0000025c58d6b4c0 .functor XOR 1, L_0000025c58d04c90, L_0000025c58d054b0, C4<0>, C4<0>;
L_0000025c58d6c410 .functor AND 1, L_0000025c58d05550, L_0000025c58d6b4c0, C4<1>, C4<1>;
L_0000025c58d6b5a0 .functor OR 1, L_0000025c58d6b6f0, L_0000025c58d6c410, C4<0>, C4<0>;
v0000025c58cdc510_0 .net *"_ivl_0", 0 0, L_0000025c58d6c2c0;  1 drivers
v0000025c58cdc6f0_0 .net *"_ivl_4", 0 0, L_0000025c58d6b6f0;  1 drivers
v0000025c58cdc830_0 .net *"_ivl_6", 0 0, L_0000025c58d6b4c0;  1 drivers
v0000025c58cdcab0_0 .net *"_ivl_8", 0 0, L_0000025c58d6c410;  1 drivers
v0000025c58cdcb50_0 .net "a", 0 0, L_0000025c58d04c90;  1 drivers
v0000025c58cdcbf0_0 .net "b", 0 0, L_0000025c58d054b0;  1 drivers
v0000025c58cdaa30_0 .net "cin", 0 0, L_0000025c58d05550;  1 drivers
v0000025c58cdcdd0_0 .net "cout", 0 0, L_0000025c58d6b5a0;  1 drivers
v0000025c58cdce70_0 .net "sum", 0 0, L_0000025c58d6c330;  1 drivers
S_0000025c58cf1ae0 .scope generate, "fa_gen[30]" "fa_gen[30]" 9 17, 9 17 0, S_0000025c58cd8f80;
 .timescale 0 0;
P_0000025c58b13090 .param/l "i" 0 9 17, +C4<011110>;
S_0000025c58cef240 .scope module, "fa" "full_adder" 9 18, 9 33 0, S_0000025c58cf1ae0;
 .timescale 0 0;
    .port_info 0 /INPUT 1 "a";
    .port_info 1 /INPUT 1 "b";
    .port_info 2 /INPUT 1 "cin";
    .port_info 3 /OUTPUT 1 "sum";
    .port_info 4 /OUTPUT 1 "cout";
L_0000025c58d6b840 .functor XOR 1, L_0000025c58d059b0, L_0000025c58d05eb0, C4<0>, C4<0>;
L_0000025c58d6c640 .functor XOR 1, L_0000025c58d6b840, L_0000025c58d06810, C4<0>, C4<0>;
L_0000025c58d6c720 .functor AND 1, L_0000025c58d059b0, L_0000025c58d05eb0, C4<1>, C4<1>;
L_0000025c58d6c790 .functor XOR 1, L_0000025c58d059b0, L_0000025c58d05eb0, C4<0>, C4<0>;
L_0000025c58d6c870 .functor AND 1, L_0000025c58d06810, L_0000025c58d6c790, C4<1>, C4<1>;
L_0000025c58d6b920 .functor OR 1, L_0000025c58d6c720, L_0000025c58d6c870, C4<0>, C4<0>;
v0000025c58cdeef0_0 .net *"_ivl_0", 0 0, L_0000025c58d6b840;  1 drivers
v0000025c58cdd4b0_0 .net *"_ivl_4", 0 0, L_0000025c58d6c720;  1 drivers
v0000025c58cdf530_0 .net *"_ivl_6", 0 0, L_0000025c58d6c790;  1 drivers
v0000025c58cdea90_0 .net *"_ivl_8", 0 0, L_0000025c58d6c870;  1 drivers
v0000025c58cdd5f0_0 .net "a", 0 0, L_0000025c58d059b0;  1 drivers
v0000025c58cdd7d0_0 .net "b", 0 0, L_0000025c58d05eb0;  1 drivers
v0000025c58cddcd0_0 .net "cin", 0 0, L_0000025c58d06810;  1 drivers
v0000025c58cde450_0 .net "cout", 0 0, L_0000025c58d6b920;  1 drivers
v0000025c58cdee50_0 .net "sum", 0 0, L_0000025c58d6c640;  1 drivers
S_0000025c58ceef20 .scope generate, "fa_gen[31]" "fa_gen[31]" 9 17, 9 17 0, S_0000025c58cd8f80;
 .timescale 0 0;
P_0000025c58b13450 .param/l "i" 0 9 17, +C4<011111>;
S_0000025c58cefa10 .scope module, "fa" "full_adder" 9 18, 9 33 0, S_0000025c58ceef20;
 .timescale 0 0;
    .port_info 0 /INPUT 1 "a";
    .port_info 1 /INPUT 1 "b";
    .port_info 2 /INPUT 1 "cin";
    .port_info 3 /OUTPUT 1 "sum";
    .port_info 4 /OUTPUT 1 "cout";
L_0000025c58d6bbc0 .functor XOR 1, L_0000025c58d043d0, L_0000025c58d06bd0, C4<0>, C4<0>;
L_0000025c58d6dc20 .functor XOR 1, L_0000025c58d6bbc0, L_0000025c58d06f90, C4<0>, C4<0>;
L_0000025c58d6c950 .functor AND 1, L_0000025c58d043d0, L_0000025c58d06bd0, C4<1>, C4<1>;
L_0000025c58d6dc90 .functor XOR 1, L_0000025c58d043d0, L_0000025c58d06bd0, C4<0>, C4<0>;
L_0000025c58d6e400 .functor AND 1, L_0000025c58d06f90, L_0000025c58d6dc90, C4<1>, C4<1>;
L_0000025c58d6d8a0 .functor OR 1, L_0000025c58d6c950, L_0000025c58d6e400, C4<0>, C4<0>;
v0000025c58cddd70_0 .net *"_ivl_0", 0 0, L_0000025c58d6bbc0;  1 drivers
v0000025c58cde770_0 .net *"_ivl_4", 0 0, L_0000025c58d6c950;  1 drivers
v0000025c58cdf3f0_0 .net *"_ivl_6", 0 0, L_0000025c58d6dc90;  1 drivers
v0000025c58cdd730_0 .net *"_ivl_8", 0 0, L_0000025c58d6e400;  1 drivers
v0000025c58cde1d0_0 .net "a", 0 0, L_0000025c58d043d0;  1 drivers
v0000025c58cdd870_0 .net "b", 0 0, L_0000025c58d06bd0;  1 drivers
v0000025c58cdf710_0 .net "cin", 0 0, L_0000025c58d06f90;  1 drivers
v0000025c58cdd230_0 .net "cout", 0 0, L_0000025c58d6d8a0;  1 drivers
v0000025c58cdd910_0 .net "sum", 0 0, L_0000025c58d6dc20;  1 drivers
S_0000025c58cf25d0 .scope module, "Y" "reg32" 15 41, 16 2 0, S_0000025c58cd8300;
 .timescale 0 0;
    .port_info 0 /INPUT 1 "clk";
    .port_info 1 /INPUT 1 "reset";
    .port_info 2 /INPUT 1 "en";
    .port_info 3 /INPUT 32 "d_in";
    .port_info 4 /OUTPUT 32 "d_out";
v0000025c58cde090_0 .net "clk", 0 0, L_0000025c58d01d10;  alias, 1 drivers
v0000025c58cde130_0 .net "d_in", 31 0, v0000025c58cbaf00_0;  alias, 1 drivers
v0000025c58cddb90_0 .var "d_out", 31 0;
v0000025c58cdd370_0 .net "en", 0 0, v0000025c58c0b8d0_0;  alias, 1 drivers
v0000025c58cde590_0 .net "reset", 0 0, L_0000025c58d037f0;  alias, 1 drivers
S_0000025c58cf1e00 .scope module, "ZHIGH" "reg32" 15 49, 16 2 0, S_0000025c58cd8300;
 .timescale 0 0;
    .port_info 0 /INPUT 1 "clk";
    .port_info 1 /INPUT 1 "reset";
    .port_info 2 /INPUT 1 "en";
    .port_info 3 /INPUT 32 "d_in";
    .port_info 4 /OUTPUT 32 "d_out";
v0000025c58cdf030_0 .net "clk", 0 0, L_0000025c58d01d10;  alias, 1 drivers
v0000025c58cde950_0 .net "d_in", 31 0, v0000025c58cbaf00_0;  alias, 1 drivers
v0000025c58cde630_0 .var "d_out", 31 0;
v0000025c58cdd690_0 .net "en", 0 0, L_0000025c58d12f98;  alias, 1 drivers
v0000025c58cde6d0_0 .net "reset", 0 0, L_0000025c58d037f0;  alias, 1 drivers
S_0000025c58cf1310 .scope module, "ZLOW" "reg32" 15 57, 16 2 0, S_0000025c58cd8300;
 .timescale 0 0;
    .port_info 0 /INPUT 1 "clk";
    .port_info 1 /INPUT 1 "reset";
    .port_info 2 /INPUT 1 "en";
    .port_info 3 /INPUT 32 "d_in";
    .port_info 4 /OUTPUT 32 "d_out";
v0000025c58cddc30_0 .net "clk", 0 0, L_0000025c58d01d10;  alias, 1 drivers
v0000025c58cde310_0 .net "d_in", 31 0, v0000025c58cbaf00_0;  alias, 1 drivers
v0000025c58cddff0_0 .var "d_out", 31 0;
v0000025c58cde3b0_0 .net "en", 0 0, L_0000025c58d12fe0;  alias, 1 drivers
v0000025c58cde810_0 .net "reset", 0 0, L_0000025c58d037f0;  alias, 1 drivers
S_0000025c58cf09b0 .scope module, "mdr_inst" "mdr" 5 142, 18 2 0, S_0000025c5886f5c0;
 .timescale 0 0;
    .port_info 0 /INPUT 1 "clk";
    .port_info 1 /INPUT 1 "reset";
    .port_info 2 /INPUT 1 "MDRin";
    .port_info 3 /INPUT 1 "Read";
    .port_info 4 /INPUT 32 "BusMuxOut";
    .port_info 5 /INPUT 32 "Mdatain";
    .port_info 6 /OUTPUT 32 "MDR_val";
v0000025c58cf67d0_0 .net "BusMuxOut", 31 0, v0000025c58cbaf00_0;  alias, 1 drivers
v0000025c58cf69b0_0 .var "MDR_val", 31 0;
v0000025c58cf6cd0_0 .net "MDRin", 0 0, v0000025c58c09710_0;  alias, 1 drivers
v0000025c58cf53d0_0 .net "Mdatain", 31 0, L_0000025c58d07a30;  alias, 1 drivers
v0000025c58cf6b90_0 .net "Read", 0 0, v0000025c58c07870_0;  alias, 1 drivers
v0000025c58cf6730_0 .net "clk", 0 0, L_0000025c58d01d10;  alias, 1 drivers
v0000025c58cf7130_0 .net "reset", 0 0, L_0000025c58d037f0;  alias, 1 drivers
S_0000025c58cf2440 .scope module, "mux_encoder_inst" "mux_encoder" 5 188, 13 66 0, S_0000025c5886f5c0;
 .timescale 0 0;
    .port_info 0 /INPUT 16 "Rout_decoded";
    .port_info 1 /INPUT 5 "other_sel";
    .port_info 2 /OUTPUT 5 "mux_sel";
v0000025c58cf71d0_0 .net "Rout_decoded", 15 0, L_0000025c58d6ce90;  alias, 1 drivers
v0000025c58cf5330_0 .var "mux_sel", 4 0;
v0000025c58cf74f0_0 .net "other_sel", 4 0, v0000025c58c08950_0;  alias, 1 drivers
E_0000025c58b12b90 .event anyedge, v0000025c58cf71d0_0, v0000025c58c08950_0;
S_0000025c58cef0b0 .scope module, "outport_inst" "outport" 5 211, 14 1 0, S_0000025c5886f5c0;
 .timescale 0 0;
    .port_info 0 /INPUT 1 "clk";
    .port_info 1 /INPUT 1 "reset";
    .port_info 2 /INPUT 1 "outport_in";
    .port_info 3 /INPUT 32 "BusMuxOut";
    .port_info 4 /OUTPUT 32 "outport_val";
v0000025c58cf6a50_0 .net "BusMuxOut", 31 0, v0000025c58cbaf00_0;  alias, 1 drivers
v0000025c58cf6870_0 .net "clk", 0 0, L_0000025c58d01d10;  alias, 1 drivers
v0000025c58cf7590_0 .net "outport_in", 0 0, v0000025c58c0a110_0;  alias, 1 drivers
v0000025c58cf6d70_0 .var "outport_val", 31 0;
v0000025c58cf7770_0 .net "reset", 0 0, L_0000025c58d037f0;  alias, 1 drivers
S_0000025c58cef3d0 .scope module, "ram_inst" "ram" 5 156, 19 5 0, S_0000025c5886f5c0;
 .timescale 0 0;
    .port_info 0 /INPUT 1 "clk";
    .port_info 1 /INPUT 1 "ram_read";
    .port_info 2 /INPUT 1 "ram_en";
    .port_info 3 /INPUT 9 "ram_addr";
    .port_info 4 /INPUT 32 "ram_in";
    .port_info 5 /OUTPUT 32 "ram_val";
P_0000025c58b12b10 .param/str "INIT_FILE" 0 19 14, "simulation/P4/memory_p4.hex";
L_0000025c58d6cb10 .functor AND 1, v0000025c58c0a250_0, v0000025c58c07870_0, C4<1>, C4<1>;
v0000025c58cf6ff0_0 .net *"_ivl_1", 0 0, L_0000025c58d6cb10;  1 drivers
v0000025c58cf7810_0 .net *"_ivl_2", 31 0, L_0000025c58d06c70;  1 drivers
v0000025c58cf6050_0 .net *"_ivl_4", 10 0, L_0000025c58d07b70;  1 drivers
L_0000025c58d13028 .functor BUFT 1, C4<00>, C4<0>, C4<0>, C4<0>;
v0000025c58cf6910_0 .net *"_ivl_7", 1 0, L_0000025c58d13028;  1 drivers
L_0000025c58d13070 .functor BUFT 1, C4<00000000000000000000000000000000>, C4<0>, C4<0>, C4<0>;
v0000025c58cf6eb0_0 .net/2u *"_ivl_8", 31 0, L_0000025c58d13070;  1 drivers
v0000025c58cf7090_0 .net "clk", 0 0, L_0000025c58d01d10;  alias, 1 drivers
v0000025c58cf5790 .array "mem", 511 0, 31 0;
v0000025c58cf64b0_0 .net "ram_addr", 8 0, L_0000025c58d06d10;  1 drivers
v0000025c58cf78b0_0 .net "ram_en", 0 0, v0000025c58c0a250_0;  alias, 1 drivers
v0000025c58cf56f0_0 .net "ram_in", 31 0, v0000025c58cbaf00_0;  alias, 1 drivers
v0000025c58cf5470_0 .net "ram_read", 0 0, v0000025c58c07870_0;  alias, 1 drivers
v0000025c58cf65f0_0 .net "ram_val", 31 0, L_0000025c58d07a30;  alias, 1 drivers
L_0000025c58d06c70 .array/port v0000025c58cf5790, L_0000025c58d07b70;
L_0000025c58d07b70 .concat [ 9 2 0 0], L_0000025c58d06d10, L_0000025c58d13028;
L_0000025c58d07a30 .functor MUXZ 32, L_0000025c58d13070, L_0000025c58d06c70, L_0000025c58d6cb10, C4<>;
S_0000025c58ceec00 .scope module, "rf" "regfile16" 5 107, 16 40 0, S_0000025c5886f5c0;
 .timescale 0 0;
    .port_info 0 /INPUT 1 "clk";
    .port_info 1 /INPUT 1 "reset";
    .port_info 2 /INPUT 1 "r0_zeroes";
    .port_info 3 /INPUT 16 "rin";
    .port_info 4 /INPUT 32 "bus";
    .port_info 5 /OUTPUT 32 "r0_out";
    .port_info 6 /OUTPUT 32 "r1_out";
    .port_info 7 /OUTPUT 32 "r2_out";
    .port_info 8 /OUTPUT 32 "r3_out";
    .port_info 9 /OUTPUT 32 "r4_out";
    .port_info 10 /OUTPUT 32 "r5_out";
    .port_info 11 /OUTPUT 32 "r6_out";
    .port_info 12 /OUTPUT 32 "r7_out";
    .port_info 13 /OUTPUT 32 "r8_out";
    .port_info 14 /OUTPUT 32 "r9_out";
    .port_info 15 /OUTPUT 32 "r10_out";
    .port_info 16 /OUTPUT 32 "r11_out";
    .port_info 17 /OUTPUT 32 "r12_out";
    .port_info 18 /OUTPUT 32 "r13_out";
    .port_info 19 /OUTPUT 32 "r14_out";
    .port_info 20 /OUTPUT 32 "r15_out";
v0000025c58cf85d0_0 .net "bus", 31 0, v0000025c58cbaf00_0;  alias, 1 drivers
v0000025c58cfa010_0 .net "clk", 0 0, L_0000025c58d01d10;  alias, 1 drivers
v0000025c58cf8670_0 .net "r0_out", 31 0, L_0000025c58d02a30;  alias, 1 drivers
v0000025c58cf8710_0 .net "r0_zeroes", 0 0, L_0000025c58d6cfe0;  alias, 1 drivers
v0000025c58cf87b0_0 .net "r10_out", 31 0, v0000025c58cf6370_0;  alias, 1 drivers
v0000025c58cf8850_0 .net "r11_out", 31 0, v0000025c58cf5e70_0;  alias, 1 drivers
v0000025c58cf8d50_0 .net "r12_out", 31 0, v0000025c58cf5ab0_0;  alias, 1 drivers
v0000025c58cf9610_0 .net "r13_out", 31 0, v0000025c58cf92f0_0;  alias, 1 drivers
v0000025c58cf96b0_0 .net "r14_out", 31 0, v0000025c58cf9bb0_0;  alias, 1 drivers
v0000025c58cf7b30_0 .net "r15_out", 31 0, v0000025c58cf8cb0_0;  alias, 1 drivers
v0000025c58cfa0b0_0 .net "r1_out", 31 0, v0000025c58cf7270_0;  alias, 1 drivers
v0000025c58cfaab0_0 .net "r2_out", 31 0, v0000025c58cf8fd0_0;  alias, 1 drivers
v0000025c58cfb730_0 .net "r3_out", 31 0, v0000025c58cf8490_0;  alias, 1 drivers
v0000025c58cfbeb0_0 .net "r4_out", 31 0, v0000025c58cf8170_0;  alias, 1 drivers
v0000025c58cfa8d0_0 .net "r5_out", 31 0, v0000025c58cf9070_0;  alias, 1 drivers
v0000025c58cfabf0_0 .net "r6_out", 31 0, v0000025c58cf7bd0_0;  alias, 1 drivers
v0000025c58cfb5f0_0 .net "r7_out", 31 0, v0000025c58cf99d0_0;  alias, 1 drivers
v0000025c58cfa650_0 .net "r8_out", 31 0, v0000025c58cf8df0_0;  alias, 1 drivers
v0000025c58cfc450_0 .net "r9_out", 31 0, v0000025c58cf80d0_0;  alias, 1 drivers
v0000025c58cfac90_0 .net "reset", 0 0, L_0000025c58d037f0;  alias, 1 drivers
v0000025c58cfb2d0_0 .net "rin", 15 0, L_0000025c588c1910;  1 drivers
L_0000025c58d02350 .part L_0000025c588c1910, 0, 1;
L_0000025c58d03750 .part L_0000025c588c1910, 1, 1;
L_0000025c58d01ef0 .part L_0000025c588c1910, 2, 1;
L_0000025c58d02170 .part L_0000025c588c1910, 3, 1;
L_0000025c58d03b10 .part L_0000025c588c1910, 4, 1;
L_0000025c58d03930 .part L_0000025c588c1910, 5, 1;
L_0000025c58d02990 .part L_0000025c588c1910, 6, 1;
L_0000025c58d02530 .part L_0000025c588c1910, 7, 1;
L_0000025c58d03bb0 .part L_0000025c588c1910, 8, 1;
L_0000025c58d02e90 .part L_0000025c588c1910, 9, 1;
L_0000025c58d01f90 .part L_0000025c588c1910, 10, 1;
L_0000025c58d032f0 .part L_0000025c588c1910, 11, 1;
L_0000025c58d04010 .part L_0000025c588c1910, 12, 1;
L_0000025c58d02210 .part L_0000025c588c1910, 13, 1;
L_0000025c58d03cf0 .part L_0000025c588c1910, 14, 1;
L_0000025c58d01b30 .part L_0000025c588c1910, 15, 1;
S_0000025c58cf1950 .scope module, "r0" "reg32_r0" 16 65, 16 19 0, S_0000025c58ceec00;
 .timescale 0 0;
    .port_info 0 /INPUT 1 "clk";
    .port_info 1 /INPUT 1 "reset";
    .port_info 2 /INPUT 1 "en";
    .port_info 3 /INPUT 1 "r0_zeroes";
    .port_info 4 /INPUT 32 "d_in";
    .port_info 5 /OUTPUT 32 "d_out";
L_0000025c58d12e30 .functor BUFT 1, C4<00000000000000000000000000000000>, C4<0>, C4<0>, C4<0>;
v0000025c58cf6af0_0 .net/2u *"_ivl_0", 31 0, L_0000025c58d12e30;  1 drivers
v0000025c58cf6c30_0 .net "clk", 0 0, L_0000025c58d01d10;  alias, 1 drivers
v0000025c58cf5830_0 .var "d", 31 0;
v0000025c58cf58d0_0 .net "d_in", 31 0, v0000025c58cbaf00_0;  alias, 1 drivers
v0000025c58cf6410_0 .net "d_out", 31 0, L_0000025c58d02a30;  alias, 1 drivers
v0000025c58cf5dd0_0 .net "en", 0 0, L_0000025c58d02350;  1 drivers
v0000025c58cf51f0_0 .net "r0_zeroes", 0 0, L_0000025c58d6cfe0;  alias, 1 drivers
v0000025c58cf6e10_0 .net "reset", 0 0, L_0000025c58d037f0;  alias, 1 drivers
L_0000025c58d02a30 .functor MUXZ 32, v0000025c58cf5830_0, L_0000025c58d12e30, L_0000025c58d6cfe0, C4<>;
S_0000025c58cf0b40 .scope module, "r1" "reg32" 16 73, 16 2 0, S_0000025c58ceec00;
 .timescale 0 0;
    .port_info 0 /INPUT 1 "clk";
    .port_info 1 /INPUT 1 "reset";
    .port_info 2 /INPUT 1 "en";
    .port_info 3 /INPUT 32 "d_in";
    .port_info 4 /OUTPUT 32 "d_out";
v0000025c58cf6f50_0 .net "clk", 0 0, L_0000025c58d01d10;  alias, 1 drivers
v0000025c58cf6230_0 .net "d_in", 31 0, v0000025c58cbaf00_0;  alias, 1 drivers
v0000025c58cf7270_0 .var "d_out", 31 0;
v0000025c58cf5b50_0 .net "en", 0 0, L_0000025c58d03750;  1 drivers
v0000025c58cf62d0_0 .net "reset", 0 0, L_0000025c58d037f0;  alias, 1 drivers
S_0000025c58cefba0 .scope module, "r10" "reg32" 16 136, 16 2 0, S_0000025c58ceec00;
 .timescale 0 0;
    .port_info 0 /INPUT 1 "clk";
    .port_info 1 /INPUT 1 "reset";
    .port_info 2 /INPUT 1 "en";
    .port_info 3 /INPUT 32 "d_in";
    .port_info 4 /OUTPUT 32 "d_out";
v0000025c58cf7310_0 .net "clk", 0 0, L_0000025c58d01d10;  alias, 1 drivers
v0000025c58cf5290_0 .net "d_in", 31 0, v0000025c58cbaf00_0;  alias, 1 drivers
v0000025c58cf6370_0 .var "d_out", 31 0;
v0000025c58cf5d30_0 .net "en", 0 0, L_0000025c58d01f90;  1 drivers
v0000025c58cf6550_0 .net "reset", 0 0, L_0000025c58d037f0;  alias, 1 drivers
S_0000025c58cf14a0 .scope module, "r11" "reg32" 16 143, 16 2 0, S_0000025c58ceec00;
 .timescale 0 0;
    .port_info 0 /INPUT 1 "clk";
    .port_info 1 /INPUT 1 "reset";
    .port_info 2 /INPUT 1 "en";
    .port_info 3 /INPUT 32 "d_in";
    .port_info 4 /OUTPUT 32 "d_out";
v0000025c58cf73b0_0 .net "clk", 0 0, L_0000025c58d01d10;  alias, 1 drivers
v0000025c58cf5150_0 .net "d_in", 31 0, v0000025c58cbaf00_0;  alias, 1 drivers
v0000025c58cf5e70_0 .var "d_out", 31 0;
v0000025c58cf5510_0 .net "en", 0 0, L_0000025c58d032f0;  1 drivers
v0000025c58cf5f10_0 .net "reset", 0 0, L_0000025c58d037f0;  alias, 1 drivers
S_0000025c58cf1f90 .scope module, "r12" "reg32" 16 150, 16 2 0, S_0000025c58ceec00;
 .timescale 0 0;
    .port_info 0 /INPUT 1 "clk";
    .port_info 1 /INPUT 1 "reset";
    .port_info 2 /INPUT 1 "en";
    .port_info 3 /INPUT 32 "d_in";
    .port_info 4 /OUTPUT 32 "d_out";
v0000025c58cf5970_0 .net "clk", 0 0, L_0000025c58d01d10;  alias, 1 drivers
v0000025c58cf5a10_0 .net "d_in", 31 0, v0000025c58cbaf00_0;  alias, 1 drivers
v0000025c58cf5ab0_0 .var "d_out", 31 0;
v0000025c58cf5c90_0 .net "en", 0 0, L_0000025c58d04010;  1 drivers
v0000025c58cf5fb0_0 .net "reset", 0 0, L_0000025c58d037f0;  alias, 1 drivers
S_0000025c58cef560 .scope module, "r13" "reg32" 16 157, 16 2 0, S_0000025c58ceec00;
 .timescale 0 0;
    .port_info 0 /INPUT 1 "clk";
    .port_info 1 /INPUT 1 "reset";
    .port_info 2 /INPUT 1 "en";
    .port_info 3 /INPUT 32 "d_in";
    .port_info 4 /OUTPUT 32 "d_out";
v0000025c58cf60f0_0 .net "clk", 0 0, L_0000025c58d01d10;  alias, 1 drivers
v0000025c58cf6190_0 .net "d_in", 31 0, v0000025c58cbaf00_0;  alias, 1 drivers
v0000025c58cf92f0_0 .var "d_out", 31 0;
v0000025c58cf9a70_0 .net "en", 0 0, L_0000025c58d02210;  1 drivers
v0000025c58cf8e90_0 .net "reset", 0 0, L_0000025c58d037f0;  alias, 1 drivers
S_0000025c58cf0500 .scope module, "r14" "reg32" 16 164, 16 2 0, S_0000025c58ceec00;
 .timescale 0 0;
    .port_info 0 /INPUT 1 "clk";
    .port_info 1 /INPUT 1 "reset";
    .port_info 2 /INPUT 1 "en";
    .port_info 3 /INPUT 32 "d_in";
    .port_info 4 /OUTPUT 32 "d_out";
v0000025c58cf9890_0 .net "clk", 0 0, L_0000025c58d01d10;  alias, 1 drivers
v0000025c58cf8350_0 .net "d_in", 31 0, v0000025c58cbaf00_0;  alias, 1 drivers
v0000025c58cf9bb0_0 .var "d_out", 31 0;
v0000025c58cf9f70_0 .net "en", 0 0, L_0000025c58d03cf0;  1 drivers
v0000025c58cf7a90_0 .net "reset", 0 0, L_0000025c58d037f0;  alias, 1 drivers
S_0000025c58ceea70 .scope module, "r15" "reg32" 16 171, 16 2 0, S_0000025c58ceec00;
 .timescale 0 0;
    .port_info 0 /INPUT 1 "clk";
    .port_info 1 /INPUT 1 "reset";
    .port_info 2 /INPUT 1 "en";
    .port_info 3 /INPUT 32 "d_in";
    .port_info 4 /OUTPUT 32 "d_out";
v0000025c58cf88f0_0 .net "clk", 0 0, L_0000025c58d01d10;  alias, 1 drivers
v0000025c58cf9750_0 .net "d_in", 31 0, v0000025c58cbaf00_0;  alias, 1 drivers
v0000025c58cf8cb0_0 .var "d_out", 31 0;
v0000025c58cf8990_0 .net "en", 0 0, L_0000025c58d01b30;  1 drivers
v0000025c58cf8f30_0 .net "reset", 0 0, L_0000025c58d037f0;  alias, 1 drivers
S_0000025c58cf0cd0 .scope module, "r2" "reg32" 16 80, 16 2 0, S_0000025c58ceec00;
 .timescale 0 0;
    .port_info 0 /INPUT 1 "clk";
    .port_info 1 /INPUT 1 "reset";
    .port_info 2 /INPUT 1 "en";
    .port_info 3 /INPUT 32 "d_in";
    .port_info 4 /OUTPUT 32 "d_out";
v0000025c58cf7db0_0 .net "clk", 0 0, L_0000025c58d01d10;  alias, 1 drivers
v0000025c58cf9b10_0 .net "d_in", 31 0, v0000025c58cbaf00_0;  alias, 1 drivers
v0000025c58cf8fd0_0 .var "d_out", 31 0;
v0000025c58cf7950_0 .net "en", 0 0, L_0000025c58d01ef0;  1 drivers
v0000025c58cf9d90_0 .net "reset", 0 0, L_0000025c58d037f0;  alias, 1 drivers
S_0000025c58ceed90 .scope module, "r3" "reg32" 16 87, 16 2 0, S_0000025c58ceec00;
 .timescale 0 0;
    .port_info 0 /INPUT 1 "clk";
    .port_info 1 /INPUT 1 "reset";
    .port_info 2 /INPUT 1 "en";
    .port_info 3 /INPUT 32 "d_in";
    .port_info 4 /OUTPUT 32 "d_out";
v0000025c58cf8a30_0 .net "clk", 0 0, L_0000025c58d01d10;  alias, 1 drivers
v0000025c58cf82b0_0 .net "d_in", 31 0, v0000025c58cbaf00_0;  alias, 1 drivers
v0000025c58cf8490_0 .var "d_out", 31 0;
v0000025c58cf83f0_0 .net "en", 0 0, L_0000025c58d02170;  1 drivers
v0000025c58cf91b0_0 .net "reset", 0 0, L_0000025c58d037f0;  alias, 1 drivers
S_0000025c58cee8e0 .scope module, "r4" "reg32" 16 94, 16 2 0, S_0000025c58ceec00;
 .timescale 0 0;
    .port_info 0 /INPUT 1 "clk";
    .port_info 1 /INPUT 1 "reset";
    .port_info 2 /INPUT 1 "en";
    .port_info 3 /INPUT 32 "d_in";
    .port_info 4 /OUTPUT 32 "d_out";
v0000025c58cf9e30_0 .net "clk", 0 0, L_0000025c58d01d10;  alias, 1 drivers
v0000025c58cf8ad0_0 .net "d_in", 31 0, v0000025c58cbaf00_0;  alias, 1 drivers
v0000025c58cf8170_0 .var "d_out", 31 0;
v0000025c58cf97f0_0 .net "en", 0 0, L_0000025c58d03b10;  1 drivers
v0000025c58cf9ed0_0 .net "reset", 0 0, L_0000025c58d037f0;  alias, 1 drivers
S_0000025c58cef6f0 .scope module, "r5" "reg32" 16 101, 16 2 0, S_0000025c58ceec00;
 .timescale 0 0;
    .port_info 0 /INPUT 1 "clk";
    .port_info 1 /INPUT 1 "reset";
    .port_info 2 /INPUT 1 "en";
    .port_info 3 /INPUT 32 "d_in";
    .port_info 4 /OUTPUT 32 "d_out";
v0000025c58cf9930_0 .net "clk", 0 0, L_0000025c58d01d10;  alias, 1 drivers
v0000025c58cf9250_0 .net "d_in", 31 0, v0000025c58cbaf00_0;  alias, 1 drivers
v0000025c58cf9070_0 .var "d_out", 31 0;
v0000025c58cf7e50_0 .net "en", 0 0, L_0000025c58d03930;  1 drivers
v0000025c58cf9110_0 .net "reset", 0 0, L_0000025c58d037f0;  alias, 1 drivers
S_0000025c58cef880 .scope module, "r6" "reg32" 16 108, 16 2 0, S_0000025c58ceec00;
 .timescale 0 0;
    .port_info 0 /INPUT 1 "clk";
    .port_info 1 /INPUT 1 "reset";
    .port_info 2 /INPUT 1 "en";
    .port_info 3 /INPUT 32 "d_in";
    .port_info 4 /OUTPUT 32 "d_out";
v0000025c58cf79f0_0 .net "clk", 0 0, L_0000025c58d01d10;  alias, 1 drivers
v0000025c58cf8b70_0 .net "d_in", 31 0, v0000025c58cbaf00_0;  alias, 1 drivers
v0000025c58cf7bd0_0 .var "d_out", 31 0;
v0000025c58cf7ef0_0 .net "en", 0 0, L_0000025c58d02990;  1 drivers
v0000025c58cf8210_0 .net "reset", 0 0, L_0000025c58d037f0;  alias, 1 drivers
S_0000025c58cefd30 .scope module, "r7" "reg32" 16 115, 16 2 0, S_0000025c58ceec00;
 .timescale 0 0;
    .port_info 0 /INPUT 1 "clk";
    .port_info 1 /INPUT 1 "reset";
    .port_info 2 /INPUT 1 "en";
    .port_info 3 /INPUT 32 "d_in";
    .port_info 4 /OUTPUT 32 "d_out";
v0000025c58cf94d0_0 .net "clk", 0 0, L_0000025c58d01d10;  alias, 1 drivers
v0000025c58cf7f90_0 .net "d_in", 31 0, v0000025c58cbaf00_0;  alias, 1 drivers
v0000025c58cf99d0_0 .var "d_out", 31 0;
v0000025c58cf9390_0 .net "en", 0 0, L_0000025c58d02530;  1 drivers
v0000025c58cf9cf0_0 .net "reset", 0 0, L_0000025c58d037f0;  alias, 1 drivers
S_0000025c58cefec0 .scope module, "r8" "reg32" 16 122, 16 2 0, S_0000025c58ceec00;
 .timescale 0 0;
    .port_info 0 /INPUT 1 "clk";
    .port_info 1 /INPUT 1 "reset";
    .port_info 2 /INPUT 1 "en";
    .port_info 3 /INPUT 32 "d_in";
    .port_info 4 /OUTPUT 32 "d_out";
v0000025c58cf9c50_0 .net "clk", 0 0, L_0000025c58d01d10;  alias, 1 drivers
v0000025c58cf8530_0 .net "d_in", 31 0, v0000025c58cbaf00_0;  alias, 1 drivers
v0000025c58cf8df0_0 .var "d_out", 31 0;
v0000025c58cf8030_0 .net "en", 0 0, L_0000025c58d03bb0;  1 drivers
v0000025c58cf7c70_0 .net "reset", 0 0, L_0000025c58d037f0;  alias, 1 drivers
S_0000025c58cf0050 .scope module, "r9" "reg32" 16 129, 16 2 0, S_0000025c58ceec00;
 .timescale 0 0;
    .port_info 0 /INPUT 1 "clk";
    .port_info 1 /INPUT 1 "reset";
    .port_info 2 /INPUT 1 "en";
    .port_info 3 /INPUT 32 "d_in";
    .port_info 4 /OUTPUT 32 "d_out";
v0000025c58cf7d10_0 .net "clk", 0 0, L_0000025c58d01d10;  alias, 1 drivers
v0000025c58cf8c10_0 .net "d_in", 31 0, v0000025c58cbaf00_0;  alias, 1 drivers
v0000025c58cf80d0_0 .var "d_out", 31 0;
v0000025c58cf9430_0 .net "en", 0 0, L_0000025c58d02e90;  1 drivers
v0000025c58cf9570_0 .net "reset", 0 0, L_0000025c58d037f0;  alias, 1 drivers
S_0000025c58cf0e60 .scope module, "select_encode_inst" "select_encode" 5 165, 13 1 0, S_0000025c5886f5c0;
 .timescale 0 0;
    .port_info 0 /INPUT 32 "IRin";
    .port_info 1 /INPUT 1 "Gra";
    .port_info 2 /INPUT 1 "Grb";
    .port_info 3 /INPUT 1 "Grc";
    .port_info 4 /INPUT 1 "Rin";
    .port_info 5 /INPUT 1 "Rout";
    .port_info 6 /INPUT 1 "BAout";
    .port_info 7 /OUTPUT 16 "Rin_decoded";
    .port_info 8 /OUTPUT 16 "Rout_decoded";
    .port_info 9 /OUTPUT 1 "BAout_R0";
L_0000025c58d6e1d0 .functor AND 16, v0000025c58cfbc30_0, L_0000025c58d06db0, C4<1111111111111111>, C4<1111111111111111>;
L_0000025c58d6ce90 .functor AND 16, v0000025c58cfbc30_0, L_0000025c58d08e30, C4<1111111111111111>, C4<1111111111111111>;
L_0000025c58d6cfe0 .functor AND 1, v0000025c58c08db0_0, L_0000025c58d06950, C4<1>, C4<1>;
v0000025c58cfb7d0_0 .net "BAout", 0 0, v0000025c58c08db0_0;  alias, 1 drivers
v0000025c58cfb9b0_0 .net "BAout_R0", 0 0, L_0000025c58d6cfe0;  alias, 1 drivers
v0000025c58cfc3b0_0 .net "Gra", 0 0, v0000025c58c097b0_0;  alias, 1 drivers
v0000025c58cfc270_0 .net "Grb", 0 0, v0000025c58c08bd0_0;  alias, 1 drivers
v0000025c58cfb690_0 .net "Grc", 0 0, v0000025c58c09d50_0;  alias, 1 drivers
v0000025c58cfb870_0 .net "IRin", 31 0, v0000025c58ce0f70_0;  alias, 1 drivers
v0000025c58cfc130_0 .net "Ra", 3 0, L_0000025c58d08d90;  1 drivers
v0000025c58cfafb0_0 .net "Rb", 3 0, L_0000025c58d078f0;  1 drivers
v0000025c58cfc090_0 .net "Rc", 3 0, L_0000025c58d07ad0;  1 drivers
v0000025c58cfb230_0 .net "Rin", 0 0, v0000025c58c08ef0_0;  alias, 1 drivers
v0000025c58cfbf50_0 .net "Rin_decoded", 15 0, L_0000025c58d6e1d0;  alias, 1 drivers
v0000025c58cfc770_0 .net "Rout", 0 0, v0000025c58c09df0_0;  alias, 1 drivers
v0000025c58cfa290_0 .net "Rout_decoded", 15 0, L_0000025c58d6ce90;  alias, 1 drivers
v0000025c58cfc590_0 .net *"_ivl_10", 3 0, L_0000025c58d08430;  1 drivers
v0000025c58cfc310_0 .net *"_ivl_14", 15 0, L_0000025c58d06db0;  1 drivers
v0000025c58cfbff0_0 .net *"_ivl_18", 15 0, L_0000025c58d08e30;  1 drivers
v0000025c58cfb0f0_0 .net *"_ivl_23", 0 0, L_0000025c58d06950;  1 drivers
L_0000025c58d130b8 .functor BUFT 1, C4<0000>, C4<0>, C4<0>, C4<0>;
v0000025c58cfae70_0 .net/2u *"_ivl_6", 3 0, L_0000025c58d130b8;  1 drivers
v0000025c58cfc1d0_0 .net *"_ivl_8", 3 0, L_0000025c58d07530;  1 drivers
v0000025c58cfbc30_0 .var "decoded", 15 0;
v0000025c58cfbcd0_0 .net "reg_sel", 3 0, L_0000025c58d08070;  1 drivers
E_0000025c58b13790 .event anyedge, v0000025c58cfbcd0_0;
L_0000025c58d08d90 .part v0000025c58ce0f70_0, 23, 4;
L_0000025c58d078f0 .part v0000025c58ce0f70_0, 19, 4;
L_0000025c58d07ad0 .part v0000025c58ce0f70_0, 15, 4;
L_0000025c58d07530 .functor MUXZ 4, L_0000025c58d130b8, L_0000025c58d07ad0, v0000025c58c09d50_0, C4<>;
L_0000025c58d08430 .functor MUXZ 4, L_0000025c58d07530, L_0000025c58d078f0, v0000025c58c08bd0_0, C4<>;
L_0000025c58d08070 .functor MUXZ 4, L_0000025c58d08430, L_0000025c58d08d90, v0000025c58c097b0_0, C4<>;
LS_0000025c58d06db0_0_0 .concat [ 1 1 1 1], v0000025c58c08ef0_0, v0000025c58c08ef0_0, v0000025c58c08ef0_0, v0000025c58c08ef0_0;
LS_0000025c58d06db0_0_4 .concat [ 1 1 1 1], v0000025c58c08ef0_0, v0000025c58c08ef0_0, v0000025c58c08ef0_0, v0000025c58c08ef0_0;
LS_0000025c58d06db0_0_8 .concat [ 1 1 1 1], v0000025c58c08ef0_0, v0000025c58c08ef0_0, v0000025c58c08ef0_0, v0000025c58c08ef0_0;
LS_0000025c58d06db0_0_12 .concat [ 1 1 1 1], v0000025c58c08ef0_0, v0000025c58c08ef0_0, v0000025c58c08ef0_0, v0000025c58c08ef0_0;
L_0000025c58d06db0 .concat [ 4 4 4 4], LS_0000025c58d06db0_0_0, LS_0000025c58d06db0_0_4, LS_0000025c58d06db0_0_8, LS_0000025c58d06db0_0_12;
LS_0000025c58d08e30_0_0 .concat [ 1 1 1 1], v0000025c58c09df0_0, v0000025c58c09df0_0, v0000025c58c09df0_0, v0000025c58c09df0_0;
LS_0000025c58d08e30_0_4 .concat [ 1 1 1 1], v0000025c58c09df0_0, v0000025c58c09df0_0, v0000025c58c09df0_0, v0000025c58c09df0_0;
LS_0000025c58d08e30_0_8 .concat [ 1 1 1 1], v0000025c58c09df0_0, v0000025c58c09df0_0, v0000025c58c09df0_0, v0000025c58c09df0_0;
LS_0000025c58d08e30_0_12 .concat [ 1 1 1 1], v0000025c58c09df0_0, v0000025c58c09df0_0, v0000025c58c09df0_0, v0000025c58c09df0_0;
L_0000025c58d08e30 .concat [ 4 4 4 4], LS_0000025c58d08e30_0_0, LS_0000025c58d08e30_0_4, LS_0000025c58d08e30_0_8, LS_0000025c58d08e30_0_12;
L_0000025c58d06950 .part v0000025c58cfbc30_0, 0, 1;
S_0000025c58cf2120 .scope module, "seg0" "seven_seg" 2 56, 20 1 0, S_0000025c588831a0;
 .timescale -9 -11;
    .port_info 0 /INPUT 4 "data";
    .port_info 1 /OUTPUT 7 "outputt";
v0000025c58d007d0_0 .net "data", 3 0, L_0000025c58db0be0;  1 drivers
v0000025c58d00870_0 .var "outputt", 6 0;
E_0000025c58b12cd0 .event anyedge, v0000025c58d007d0_0;
S_0000025c58cf01e0 .scope module, "seg1" "seven_seg" 2 61, 20 1 0, S_0000025c588831a0;
 .timescale -9 -11;
    .port_info 0 /INPUT 4 "data";
    .port_info 1 /OUTPUT 7 "outputt";
v0000025c58cff510_0 .net "data", 3 0, L_0000025c58db0320;  1 drivers
v0000025c58d00370_0 .var "outputt", 6 0;
E_0000025c58b13550 .event anyedge, v0000025c58cff510_0;
    .scope S_0000025c588728d0;
T_0 ;
    %wait E_0000025c58b9b400;
    %load/vec4 v0000025c58c0b790_0;
    %flag_set/vec4 8;
    %jmp/0xz  T_0.0, 8;
    %pushi/vec4 0, 0, 6;
    %assign/vec4 v0000025c58c0a6b0_0, 0;
    %jmp T_0.1;
T_0.0 ;
    %load/vec4 v0000025c58c08130_0;
    %assign/vec4 v0000025c58c0a6b0_0, 0;
T_0.1 ;
    %jmp T_0;
    .thread T_0;
    .scope S_0000025c588728d0;
T_1 ;
    %wait E_0000025c58b9b280;
    %pushi/vec4 1, 0, 6;
    %store/vec4 v0000025c58c08130_0, 0, 6;
    %load/vec4 v0000025c58c0b1f0_0;
    %flag_set/vec4 8;
    %jmp/0xz  T_1.0, 8;
    %pushi/vec4 46, 0, 6;
    %store/vec4 v0000025c58c08130_0, 0, 6;
    %jmp T_1.1;
T_1.0 ;
    %load/vec4 v0000025c58c0a6b0_0;
    %dup/vec4;
    %pushi/vec4 0, 0, 6;
    %cmp/u;
    %jmp/1 T_1.2, 6;
    %dup/vec4;
    %pushi/vec4 1, 0, 6;
    %cmp/u;
    %jmp/1 T_1.3, 6;
    %dup/vec4;
    %pushi/vec4 2, 0, 6;
    %cmp/u;
    %jmp/1 T_1.4, 6;
    %dup/vec4;
    %pushi/vec4 3, 0, 6;
    %cmp/u;
    %jmp/1 T_1.5, 6;
    %dup/vec4;
    %pushi/vec4 4, 0, 6;
    %cmp/u;
    %jmp/1 T_1.6, 6;
    %dup/vec4;
    %pushi/vec4 5, 0, 6;
    %cmp/u;
    %jmp/1 T_1.7, 6;
    %dup/vec4;
    %pushi/vec4 6, 0, 6;
    %cmp/u;
    %jmp/1 T_1.8, 6;
    %dup/vec4;
    %pushi/vec4 7, 0, 6;
    %cmp/u;
    %jmp/1 T_1.9, 6;
    %dup/vec4;
    %pushi/vec4 8, 0, 6;
    %cmp/u;
    %jmp/1 T_1.10, 6;
    %dup/vec4;
    %pushi/vec4 9, 0, 6;
    %cmp/u;
    %jmp/1 T_1.11, 6;
    %dup/vec4;
    %pushi/vec4 10, 0, 6;
    %cmp/u;
    %jmp/1 T_1.12, 6;
    %dup/vec4;
    %pushi/vec4 11, 0, 6;
    %cmp/u;
    %jmp/1 T_1.13, 6;
    %dup/vec4;
    %pushi/vec4 12, 0, 6;
    %cmp/u;
    %jmp/1 T_1.14, 6;
    %dup/vec4;
    %pushi/vec4 13, 0, 6;
    %cmp/u;
    %jmp/1 T_1.15, 6;
    %dup/vec4;
    %pushi/vec4 14, 0, 6;
    %cmp/u;
    %jmp/1 T_1.16, 6;
    %dup/vec4;
    %pushi/vec4 15, 0, 6;
    %cmp/u;
    %jmp/1 T_1.17, 6;
    %dup/vec4;
    %pushi/vec4 16, 0, 6;
    %cmp/u;
    %jmp/1 T_1.18, 6;
    %dup/vec4;
    %pushi/vec4 17, 0, 6;
    %cmp/u;
    %jmp/1 T_1.19, 6;
    %dup/vec4;
    %pushi/vec4 18, 0, 6;
    %cmp/u;
    %jmp/1 T_1.20, 6;
    %dup/vec4;
    %pushi/vec4 19, 0, 6;
    %cmp/u;
    %jmp/1 T_1.21, 6;
    %dup/vec4;
    %pushi/vec4 20, 0, 6;
    %cmp/u;
    %jmp/1 T_1.22, 6;
    %dup/vec4;
    %pushi/vec4 21, 0, 6;
    %cmp/u;
    %jmp/1 T_1.23, 6;
    %dup/vec4;
    %pushi/vec4 22, 0, 6;
    %cmp/u;
    %jmp/1 T_1.24, 6;
    %dup/vec4;
    %pushi/vec4 23, 0, 6;
    %cmp/u;
    %jmp/1 T_1.25, 6;
    %dup/vec4;
    %pushi/vec4 24, 0, 6;
    %cmp/u;
    %jmp/1 T_1.26, 6;
    %dup/vec4;
    %pushi/vec4 25, 0, 6;
    %cmp/u;
    %jmp/1 T_1.27, 6;
    %dup/vec4;
    %pushi/vec4 26, 0, 6;
    %cmp/u;
    %jmp/1 T_1.28, 6;
    %dup/vec4;
    %pushi/vec4 27, 0, 6;
    %cmp/u;
    %jmp/1 T_1.29, 6;
    %dup/vec4;
    %pushi/vec4 28, 0, 6;
    %cmp/u;
    %jmp/1 T_1.30, 6;
    %dup/vec4;
    %pushi/vec4 29, 0, 6;
    %cmp/u;
    %jmp/1 T_1.31, 6;
    %dup/vec4;
    %pushi/vec4 30, 0, 6;
    %cmp/u;
    %jmp/1 T_1.32, 6;
    %dup/vec4;
    %pushi/vec4 31, 0, 6;
    %cmp/u;
    %jmp/1 T_1.33, 6;
    %dup/vec4;
    %pushi/vec4 32, 0, 6;
    %cmp/u;
    %jmp/1 T_1.34, 6;
    %dup/vec4;
    %pushi/vec4 33, 0, 6;
    %cmp/u;
    %jmp/1 T_1.35, 6;
    %dup/vec4;
    %pushi/vec4 34, 0, 6;
    %cmp/u;
    %jmp/1 T_1.36, 6;
    %dup/vec4;
    %pushi/vec4 35, 0, 6;
    %cmp/u;
    %jmp/1 T_1.37, 6;
    %dup/vec4;
    %pushi/vec4 36, 0, 6;
    %cmp/u;
    %jmp/1 T_1.38, 6;
    %dup/vec4;
    %pushi/vec4 37, 0, 6;
    %cmp/u;
    %jmp/1 T_1.39, 6;
    %dup/vec4;
    %pushi/vec4 38, 0, 6;
    %cmp/u;
    %jmp/1 T_1.40, 6;
    %dup/vec4;
    %pushi/vec4 39, 0, 6;
    %cmp/u;
    %jmp/1 T_1.41, 6;
    %dup/vec4;
    %pushi/vec4 40, 0, 6;
    %cmp/u;
    %jmp/1 T_1.42, 6;
    %dup/vec4;
    %pushi/vec4 41, 0, 6;
    %cmp/u;
    %jmp/1 T_1.43, 6;
    %dup/vec4;
    %pushi/vec4 42, 0, 6;
    %cmp/u;
    %jmp/1 T_1.44, 6;
    %dup/vec4;
    %pushi/vec4 43, 0, 6;
    %cmp/u;
    %jmp/1 T_1.45, 6;
    %dup/vec4;
    %pushi/vec4 44, 0, 6;
    %cmp/u;
    %jmp/1 T_1.46, 6;
    %dup/vec4;
    %pushi/vec4 45, 0, 6;
    %cmp/u;
    %jmp/1 T_1.47, 6;
    %dup/vec4;
    %pushi/vec4 46, 0, 6;
    %cmp/u;
    %jmp/1 T_1.48, 6;
    %pushi/vec4 1, 0, 6;
    %store/vec4 v0000025c58c08130_0, 0, 6;
    %jmp T_1.50;
T_1.2 ;
    %pushi/vec4 1, 0, 6;
    %store/vec4 v0000025c58c08130_0, 0, 6;
    %jmp T_1.50;
T_1.3 ;
    %pushi/vec4 2, 0, 6;
    %store/vec4 v0000025c58c08130_0, 0, 6;
    %jmp T_1.50;
T_1.4 ;
    %pushi/vec4 3, 0, 6;
    %store/vec4 v0000025c58c08130_0, 0, 6;
    %jmp T_1.50;
T_1.5 ;
    %load/vec4 v0000025c58c081d0_0;
    %dup/vec4;
    %pushi/vec4 0, 0, 5;
    %cmp/u;
    %jmp/1 T_1.51, 6;
    %dup/vec4;
    %pushi/vec4 1, 0, 5;
    %cmp/u;
    %jmp/1 T_1.52, 6;
    %dup/vec4;
    %pushi/vec4 2, 0, 5;
    %cmp/u;
    %jmp/1 T_1.53, 6;
    %dup/vec4;
    %pushi/vec4 3, 0, 5;
    %cmp/u;
    %jmp/1 T_1.54, 6;
    %dup/vec4;
    %pushi/vec4 4, 0, 5;
    %cmp/u;
    %jmp/1 T_1.55, 6;
    %dup/vec4;
    %pushi/vec4 5, 0, 5;
    %cmp/u;
    %jmp/1 T_1.56, 6;
    %dup/vec4;
    %pushi/vec4 6, 0, 5;
    %cmp/u;
    %jmp/1 T_1.57, 6;
    %dup/vec4;
    %pushi/vec4 7, 0, 5;
    %cmp/u;
    %jmp/1 T_1.58, 6;
    %dup/vec4;
    %pushi/vec4 8, 0, 5;
    %cmp/u;
    %jmp/1 T_1.59, 6;
    %dup/vec4;
    %pushi/vec4 14, 0, 5;
    %cmp/u;
    %jmp/1 T_1.60, 6;
    %dup/vec4;
    %pushi/vec4 15, 0, 5;
    %cmp/u;
    %jmp/1 T_1.61, 6;
    %dup/vec4;
    %pushi/vec4 13, 0, 5;
    %cmp/u;
    %jmp/1 T_1.62, 6;
    %dup/vec4;
    %pushi/vec4 12, 0, 5;
    %cmp/u;
    %jmp/1 T_1.63, 6;
    %dup/vec4;
    %pushi/vec4 16, 0, 5;
    %cmp/u;
    %jmp/1 T_1.64, 6;
    %dup/vec4;
    %pushi/vec4 17, 0, 5;
    %cmp/u;
    %jmp/1 T_1.65, 6;
    %dup/vec4;
    %pushi/vec4 18, 0, 5;
    %cmp/u;
    %jmp/1 T_1.66, 6;
    %dup/vec4;
    %pushi/vec4 9, 0, 5;
    %cmp/u;
    %jmp/1 T_1.67, 6;
    %dup/vec4;
    %pushi/vec4 10, 0, 5;
    %cmp/u;
    %jmp/1 T_1.68, 6;
    %dup/vec4;
    %pushi/vec4 11, 0, 5;
    %cmp/u;
    %jmp/1 T_1.69, 6;
    %dup/vec4;
    %pushi/vec4 21, 0, 5;
    %cmp/u;
    %jmp/1 T_1.70, 6;
    %dup/vec4;
    %pushi/vec4 20, 0, 5;
    %cmp/u;
    %jmp/1 T_1.71, 6;
    %dup/vec4;
    %pushi/vec4 19, 0, 5;
    %cmp/u;
    %jmp/1 T_1.72, 6;
    %dup/vec4;
    %pushi/vec4 24, 0, 5;
    %cmp/u;
    %jmp/1 T_1.73, 6;
    %dup/vec4;
    %pushi/vec4 25, 0, 5;
    %cmp/u;
    %jmp/1 T_1.74, 6;
    %dup/vec4;
    %pushi/vec4 22, 0, 5;
    %cmp/u;
    %jmp/1 T_1.75, 6;
    %dup/vec4;
    %pushi/vec4 23, 0, 5;
    %cmp/u;
    %jmp/1 T_1.76, 6;
    %dup/vec4;
    %pushi/vec4 26, 0, 5;
    %cmp/u;
    %jmp/1 T_1.77, 6;
    %dup/vec4;
    %pushi/vec4 27, 0, 5;
    %cmp/u;
    %jmp/1 T_1.78, 6;
    %pushi/vec4 1, 0, 6;
    %store/vec4 v0000025c58c08130_0, 0, 6;
    %jmp T_1.80;
T_1.51 ;
    %pushi/vec4 4, 0, 6;
    %store/vec4 v0000025c58c08130_0, 0, 6;
    %jmp T_1.80;
T_1.52 ;
    %pushi/vec4 4, 0, 6;
    %store/vec4 v0000025c58c08130_0, 0, 6;
    %jmp T_1.80;
T_1.53 ;
    %pushi/vec4 4, 0, 6;
    %store/vec4 v0000025c58c08130_0, 0, 6;
    %jmp T_1.80;
T_1.54 ;
    %pushi/vec4 4, 0, 6;
    %store/vec4 v0000025c58c08130_0, 0, 6;
    %jmp T_1.80;
T_1.55 ;
    %pushi/vec4 4, 0, 6;
    %store/vec4 v0000025c58c08130_0, 0, 6;
    %jmp T_1.80;
T_1.56 ;
    %pushi/vec4 4, 0, 6;
    %store/vec4 v0000025c58c08130_0, 0, 6;
    %jmp T_1.80;
T_1.57 ;
    %pushi/vec4 4, 0, 6;
    %store/vec4 v0000025c58c08130_0, 0, 6;
    %jmp T_1.80;
T_1.58 ;
    %pushi/vec4 4, 0, 6;
    %store/vec4 v0000025c58c08130_0, 0, 6;
    %jmp T_1.80;
T_1.59 ;
    %pushi/vec4 4, 0, 6;
    %store/vec4 v0000025c58c08130_0, 0, 6;
    %jmp T_1.80;
T_1.60 ;
    %pushi/vec4 7, 0, 6;
    %store/vec4 v0000025c58c08130_0, 0, 6;
    %jmp T_1.80;
T_1.61 ;
    %pushi/vec4 7, 0, 6;
    %store/vec4 v0000025c58c08130_0, 0, 6;
    %jmp T_1.80;
T_1.62 ;
    %pushi/vec4 9, 0, 6;
    %store/vec4 v0000025c58c08130_0, 0, 6;
    %jmp T_1.80;
T_1.63 ;
    %pushi/vec4 13, 0, 6;
    %store/vec4 v0000025c58c08130_0, 0, 6;
    %jmp T_1.80;
T_1.64 ;
    %pushi/vec4 17, 0, 6;
    %store/vec4 v0000025c58c08130_0, 0, 6;
    %jmp T_1.80;
T_1.65 ;
    %pushi/vec4 22, 0, 6;
    %store/vec4 v0000025c58c08130_0, 0, 6;
    %jmp T_1.80;
T_1.66 ;
    %pushi/vec4 25, 0, 6;
    %store/vec4 v0000025c58c08130_0, 0, 6;
    %jmp T_1.80;
T_1.67 ;
    %pushi/vec4 30, 0, 6;
    %store/vec4 v0000025c58c08130_0, 0, 6;
    %jmp T_1.80;
T_1.68 ;
    %pushi/vec4 30, 0, 6;
    %store/vec4 v0000025c58c08130_0, 0, 6;
    %jmp T_1.80;
T_1.69 ;
    %pushi/vec4 30, 0, 6;
    %store/vec4 v0000025c58c08130_0, 0, 6;
    %jmp T_1.80;
T_1.70 ;
    %pushi/vec4 33, 0, 6;
    %store/vec4 v0000025c58c08130_0, 0, 6;
    %jmp T_1.80;
T_1.71 ;
    %pushi/vec4 37, 0, 6;
    %store/vec4 v0000025c58c08130_0, 0, 6;
    %jmp T_1.80;
T_1.72 ;
    %pushi/vec4 38, 0, 6;
    %store/vec4 v0000025c58c08130_0, 0, 6;
    %jmp T_1.80;
T_1.73 ;
    %pushi/vec4 40, 0, 6;
    %store/vec4 v0000025c58c08130_0, 0, 6;
    %jmp T_1.80;
T_1.74 ;
    %pushi/vec4 41, 0, 6;
    %store/vec4 v0000025c58c08130_0, 0, 6;
    %jmp T_1.80;
T_1.75 ;
    %pushi/vec4 42, 0, 6;
    %store/vec4 v0000025c58c08130_0, 0, 6;
    %jmp T_1.80;
T_1.76 ;
    %pushi/vec4 44, 0, 6;
    %store/vec4 v0000025c58c08130_0, 0, 6;
    %jmp T_1.80;
T_1.77 ;
    %pushi/vec4 45, 0, 6;
    %store/vec4 v0000025c58c08130_0, 0, 6;
    %jmp T_1.80;
T_1.78 ;
    %pushi/vec4 46, 0, 6;
    %store/vec4 v0000025c58c08130_0, 0, 6;
    %jmp T_1.80;
T_1.80 ;
    %pop/vec4 1;
    %jmp T_1.50;
T_1.6 ;
    %pushi/vec4 5, 0, 6;
    %store/vec4 v0000025c58c08130_0, 0, 6;
    %jmp T_1.50;
T_1.7 ;
    %pushi/vec4 6, 0, 6;
    %store/vec4 v0000025c58c08130_0, 0, 6;
    %jmp T_1.50;
T_1.8 ;
    %pushi/vec4 1, 0, 6;
    %store/vec4 v0000025c58c08130_0, 0, 6;
    %jmp T_1.50;
T_1.9 ;
    %pushi/vec4 8, 0, 6;
    %store/vec4 v0000025c58c08130_0, 0, 6;
    %jmp T_1.50;
T_1.10 ;
    %pushi/vec4 1, 0, 6;
    %store/vec4 v0000025c58c08130_0, 0, 6;
    %jmp T_1.50;
T_1.11 ;
    %pushi/vec4 10, 0, 6;
    %store/vec4 v0000025c58c08130_0, 0, 6;
    %jmp T_1.50;
T_1.12 ;
    %pushi/vec4 11, 0, 6;
    %store/vec4 v0000025c58c08130_0, 0, 6;
    %jmp T_1.50;
T_1.13 ;
    %pushi/vec4 12, 0, 6;
    %store/vec4 v0000025c58c08130_0, 0, 6;
    %jmp T_1.50;
T_1.14 ;
    %pushi/vec4 1, 0, 6;
    %store/vec4 v0000025c58c08130_0, 0, 6;
    %jmp T_1.50;
T_1.15 ;
    %pushi/vec4 14, 0, 6;
    %store/vec4 v0000025c58c08130_0, 0, 6;
    %jmp T_1.50;
T_1.16 ;
    %pushi/vec4 15, 0, 6;
    %store/vec4 v0000025c58c08130_0, 0, 6;
    %jmp T_1.50;
T_1.17 ;
    %pushi/vec4 16, 0, 6;
    %store/vec4 v0000025c58c08130_0, 0, 6;
    %jmp T_1.50;
T_1.18 ;
    %pushi/vec4 1, 0, 6;
    %store/vec4 v0000025c58c08130_0, 0, 6;
    %jmp T_1.50;
T_1.19 ;
    %pushi/vec4 18, 0, 6;
    %store/vec4 v0000025c58c08130_0, 0, 6;
    %jmp T_1.50;
T_1.20 ;
    %pushi/vec4 19, 0, 6;
    %store/vec4 v0000025c58c08130_0, 0, 6;
    %jmp T_1.50;
T_1.21 ;
    %pushi/vec4 20, 0, 6;
    %store/vec4 v0000025c58c08130_0, 0, 6;
    %jmp T_1.50;
T_1.22 ;
    %pushi/vec4 21, 0, 6;
    %store/vec4 v0000025c58c08130_0, 0, 6;
    %jmp T_1.50;
T_1.23 ;
    %pushi/vec4 1, 0, 6;
    %store/vec4 v0000025c58c08130_0, 0, 6;
    %jmp T_1.50;
T_1.24 ;
    %pushi/vec4 23, 0, 6;
    %store/vec4 v0000025c58c08130_0, 0, 6;
    %jmp T_1.50;
T_1.25 ;
    %pushi/vec4 24, 0, 6;
    %store/vec4 v0000025c58c08130_0, 0, 6;
    %jmp T_1.50;
T_1.26 ;
    %pushi/vec4 1, 0, 6;
    %store/vec4 v0000025c58c08130_0, 0, 6;
    %jmp T_1.50;
T_1.27 ;
    %pushi/vec4 26, 0, 6;
    %store/vec4 v0000025c58c08130_0, 0, 6;
    %jmp T_1.50;
T_1.28 ;
    %pushi/vec4 27, 0, 6;
    %store/vec4 v0000025c58c08130_0, 0, 6;
    %jmp T_1.50;
T_1.29 ;
    %pushi/vec4 28, 0, 6;
    %store/vec4 v0000025c58c08130_0, 0, 6;
    %jmp T_1.50;
T_1.30 ;
    %pushi/vec4 29, 0, 6;
    %store/vec4 v0000025c58c08130_0, 0, 6;
    %jmp T_1.50;
T_1.31 ;
    %pushi/vec4 1, 0, 6;
    %store/vec4 v0000025c58c08130_0, 0, 6;
    %jmp T_1.50;
T_1.32 ;
    %pushi/vec4 31, 0, 6;
    %store/vec4 v0000025c58c08130_0, 0, 6;
    %jmp T_1.50;
T_1.33 ;
    %pushi/vec4 32, 0, 6;
    %store/vec4 v0000025c58c08130_0, 0, 6;
    %jmp T_1.50;
T_1.34 ;
    %pushi/vec4 1, 0, 6;
    %store/vec4 v0000025c58c08130_0, 0, 6;
    %jmp T_1.50;
T_1.35 ;
    %pushi/vec4 34, 0, 6;
    %store/vec4 v0000025c58c08130_0, 0, 6;
    %jmp T_1.50;
T_1.36 ;
    %pushi/vec4 35, 0, 6;
    %store/vec4 v0000025c58c08130_0, 0, 6;
    %jmp T_1.50;
T_1.37 ;
    %pushi/vec4 36, 0, 6;
    %store/vec4 v0000025c58c08130_0, 0, 6;
    %jmp T_1.50;
T_1.38 ;
    %pushi/vec4 1, 0, 6;
    %store/vec4 v0000025c58c08130_0, 0, 6;
    %jmp T_1.50;
T_1.39 ;
    %pushi/vec4 1, 0, 6;
    %store/vec4 v0000025c58c08130_0, 0, 6;
    %jmp T_1.50;
T_1.40 ;
    %pushi/vec4 39, 0, 6;
    %store/vec4 v0000025c58c08130_0, 0, 6;
    %jmp T_1.50;
T_1.41 ;
    %pushi/vec4 1, 0, 6;
    %store/vec4 v0000025c58c08130_0, 0, 6;
    %jmp T_1.50;
T_1.42 ;
    %pushi/vec4 1, 0, 6;
    %store/vec4 v0000025c58c08130_0, 0, 6;
    %jmp T_1.50;
T_1.43 ;
    %pushi/vec4 1, 0, 6;
    %store/vec4 v0000025c58c08130_0, 0, 6;
    %jmp T_1.50;
T_1.44 ;
    %pushi/vec4 43, 0, 6;
    %store/vec4 v0000025c58c08130_0, 0, 6;
    %jmp T_1.50;
T_1.45 ;
    %pushi/vec4 1, 0, 6;
    %store/vec4 v0000025c58c08130_0, 0, 6;
    %jmp T_1.50;
T_1.46 ;
    %pushi/vec4 1, 0, 6;
    %store/vec4 v0000025c58c08130_0, 0, 6;
    %jmp T_1.50;
T_1.47 ;
    %pushi/vec4 1, 0, 6;
    %store/vec4 v0000025c58c08130_0, 0, 6;
    %jmp T_1.50;
T_1.48 ;
    %pushi/vec4 46, 0, 6;
    %store/vec4 v0000025c58c08130_0, 0, 6;
    %jmp T_1.50;
T_1.50 ;
    %pop/vec4 1;
T_1.1 ;
    %jmp T_1;
    .thread T_1, $push;
    .scope S_0000025c588728d0;
T_2 ;
    %vpi_call 4 201 "$display", "[CU] MDR_decode_fix_v3: correct file loaded, same cycle count" {0 0 0};
    %end;
    .thread T_2;
    .scope S_0000025c588728d0;
T_3 ;
    %wait E_0000025c58b9b240;
    %pushi/vec4 0, 0, 5;
    %store/vec4 v0000025c58c08950_0, 0, 5;
    %pushi/vec4 0, 0, 1;
    %store/vec4 v0000025c58c0c0f0_0, 0, 1;
    %pushi/vec4 0, 0, 1;
    %store/vec4 v0000025c58c09ad0_0, 0, 1;
    %pushi/vec4 0, 0, 1;
    %store/vec4 v0000025c58c07e10_0, 0, 1;
    %pushi/vec4 0, 0, 1;
    %store/vec4 v0000025c58c0b8d0_0, 0, 1;
    %pushi/vec4 0, 0, 1;
    %store/vec4 v0000025c58c08270_0, 0, 1;
    %pushi/vec4 0, 0, 1;
    %store/vec4 v0000025c58c09a30_0, 0, 1;
    %pushi/vec4 0, 0, 1;
    %store/vec4 v0000025c58c08b30_0, 0, 1;
    %pushi/vec4 0, 0, 1;
    %store/vec4 v0000025c58c09710_0, 0, 1;
    %pushi/vec4 0, 0, 1;
    %store/vec4 v0000025c58c07870_0, 0, 1;
    %pushi/vec4 0, 0, 1;
    %store/vec4 v0000025c58c0a250_0, 0, 1;
    %pushi/vec4 0, 0, 5;
    %store/vec4 v0000025c58c08f90_0, 0, 5;
    %pushi/vec4 0, 0, 1;
    %store/vec4 v0000025c58c08450_0, 0, 1;
    %pushi/vec4 0, 0, 1;
    %store/vec4 v0000025c58c097b0_0, 0, 1;
    %pushi/vec4 0, 0, 1;
    %store/vec4 v0000025c58c08bd0_0, 0, 1;
    %pushi/vec4 0, 0, 1;
    %store/vec4 v0000025c58c09d50_0, 0, 1;
    %pushi/vec4 0, 0, 1;
    %store/vec4 v0000025c58c08ef0_0, 0, 1;
    %pushi/vec4 0, 0, 1;
    %store/vec4 v0000025c58c09df0_0, 0, 1;
    %pushi/vec4 0, 0, 1;
    %store/vec4 v0000025c58c08db0_0, 0, 1;
    %pushi/vec4 0, 0, 1;
    %store/vec4 v0000025c58c09850_0, 0, 1;
    %pushi/vec4 0, 0, 1;
    %store/vec4 v0000025c58c09490_0, 0, 1;
    %pushi/vec4 0, 0, 1;
    %store/vec4 v0000025c58c09670_0, 0, 1;
    %pushi/vec4 0, 0, 1;
    %store/vec4 v0000025c58c0a110_0, 0, 1;
    %pushi/vec4 0, 0, 1;
    %store/vec4 v0000025c58c09e90_0, 0, 1;
    %load/vec4 v0000025c58c0a6b0_0;
    %pushi/vec4 46, 0, 6;
    %cmp/ne;
    %flag_get/vec4 4;
    %store/vec4 v0000025c58c0a4d0_0, 0, 1;
    %load/vec4 v0000025c58c0a6b0_0;
    %dup/vec4;
    %pushi/vec4 1, 0, 6;
    %cmp/u;
    %jmp/1 T_3.0, 6;
    %dup/vec4;
    %pushi/vec4 2, 0, 6;
    %cmp/u;
    %jmp/1 T_3.1, 6;
    %dup/vec4;
    %pushi/vec4 3, 0, 6;
    %cmp/u;
    %jmp/1 T_3.2, 6;
    %dup/vec4;
    %pushi/vec4 4, 0, 6;
    %cmp/u;
    %jmp/1 T_3.3, 6;
    %dup/vec4;
    %pushi/vec4 5, 0, 6;
    %cmp/u;
    %jmp/1 T_3.4, 6;
    %dup/vec4;
    %pushi/vec4 6, 0, 6;
    %cmp/u;
    %jmp/1 T_3.5, 6;
    %dup/vec4;
    %pushi/vec4 7, 0, 6;
    %cmp/u;
    %jmp/1 T_3.6, 6;
    %dup/vec4;
    %pushi/vec4 8, 0, 6;
    %cmp/u;
    %jmp/1 T_3.7, 6;
    %dup/vec4;
    %pushi/vec4 9, 0, 6;
    %cmp/u;
    %jmp/1 T_3.8, 6;
    %dup/vec4;
    %pushi/vec4 10, 0, 6;
    %cmp/u;
    %jmp/1 T_3.9, 6;
    %dup/vec4;
    %pushi/vec4 11, 0, 6;
    %cmp/u;
    %jmp/1 T_3.10, 6;
    %dup/vec4;
    %pushi/vec4 12, 0, 6;
    %cmp/u;
    %jmp/1 T_3.11, 6;
    %dup/vec4;
    %pushi/vec4 13, 0, 6;
    %cmp/u;
    %jmp/1 T_3.12, 6;
    %dup/vec4;
    %pushi/vec4 14, 0, 6;
    %cmp/u;
    %jmp/1 T_3.13, 6;
    %dup/vec4;
    %pushi/vec4 15, 0, 6;
    %cmp/u;
    %jmp/1 T_3.14, 6;
    %dup/vec4;
    %pushi/vec4 16, 0, 6;
    %cmp/u;
    %jmp/1 T_3.15, 6;
    %dup/vec4;
    %pushi/vec4 17, 0, 6;
    %cmp/u;
    %jmp/1 T_3.16, 6;
    %dup/vec4;
    %pushi/vec4 18, 0, 6;
    %cmp/u;
    %jmp/1 T_3.17, 6;
    %dup/vec4;
    %pushi/vec4 19, 0, 6;
    %cmp/u;
    %jmp/1 T_3.18, 6;
    %dup/vec4;
    %pushi/vec4 20, 0, 6;
    %cmp/u;
    %jmp/1 T_3.19, 6;
    %dup/vec4;
    %pushi/vec4 21, 0, 6;
    %cmp/u;
    %jmp/1 T_3.20, 6;
    %dup/vec4;
    %pushi/vec4 22, 0, 6;
    %cmp/u;
    %jmp/1 T_3.21, 6;
    %dup/vec4;
    %pushi/vec4 23, 0, 6;
    %cmp/u;
    %jmp/1 T_3.22, 6;
    %dup/vec4;
    %pushi/vec4 24, 0, 6;
    %cmp/u;
    %jmp/1 T_3.23, 6;
    %dup/vec4;
    %pushi/vec4 25, 0, 6;
    %cmp/u;
    %jmp/1 T_3.24, 6;
    %dup/vec4;
    %pushi/vec4 26, 0, 6;
    %cmp/u;
    %jmp/1 T_3.25, 6;
    %dup/vec4;
    %pushi/vec4 27, 0, 6;
    %cmp/u;
    %jmp/1 T_3.26, 6;
    %dup/vec4;
    %pushi/vec4 28, 0, 6;
    %cmp/u;
    %jmp/1 T_3.27, 6;
    %dup/vec4;
    %pushi/vec4 29, 0, 6;
    %cmp/u;
    %jmp/1 T_3.28, 6;
    %dup/vec4;
    %pushi/vec4 30, 0, 6;
    %cmp/u;
    %jmp/1 T_3.29, 6;
    %dup/vec4;
    %pushi/vec4 31, 0, 6;
    %cmp/u;
    %jmp/1 T_3.30, 6;
    %dup/vec4;
    %pushi/vec4 32, 0, 6;
    %cmp/u;
    %jmp/1 T_3.31, 6;
    %dup/vec4;
    %pushi/vec4 33, 0, 6;
    %cmp/u;
    %jmp/1 T_3.32, 6;
    %dup/vec4;
    %pushi/vec4 34, 0, 6;
    %cmp/u;
    %jmp/1 T_3.33, 6;
    %dup/vec4;
    %pushi/vec4 35, 0, 6;
    %cmp/u;
    %jmp/1 T_3.34, 6;
    %dup/vec4;
    %pushi/vec4 36, 0, 6;
    %cmp/u;
    %jmp/1 T_3.35, 6;
    %dup/vec4;
    %pushi/vec4 37, 0, 6;
    %cmp/u;
    %jmp/1 T_3.36, 6;
    %dup/vec4;
    %pushi/vec4 38, 0, 6;
    %cmp/u;
    %jmp/1 T_3.37, 6;
    %dup/vec4;
    %pushi/vec4 39, 0, 6;
    %cmp/u;
    %jmp/1 T_3.38, 6;
    %dup/vec4;
    %pushi/vec4 40, 0, 6;
    %cmp/u;
    %jmp/1 T_3.39, 6;
    %dup/vec4;
    %pushi/vec4 41, 0, 6;
    %cmp/u;
    %jmp/1 T_3.40, 6;
    %dup/vec4;
    %pushi/vec4 42, 0, 6;
    %cmp/u;
    %jmp/1 T_3.41, 6;
    %dup/vec4;
    %pushi/vec4 43, 0, 6;
    %cmp/u;
    %jmp/1 T_3.42, 6;
    %dup/vec4;
    %pushi/vec4 44, 0, 6;
    %cmp/u;
    %jmp/1 T_3.43, 6;
    %dup/vec4;
    %pushi/vec4 45, 0, 6;
    %cmp/u;
    %jmp/1 T_3.44, 6;
    %dup/vec4;
    %pushi/vec4 0, 0, 6;
    %cmp/u;
    %jmp/1 T_3.45, 6;
    %dup/vec4;
    %pushi/vec4 46, 0, 6;
    %cmp/u;
    %jmp/1 T_3.46, 6;
    %jmp T_3.47;
T_3.0 ;
    %pushi/vec4 20, 0, 5;
    %store/vec4 v0000025c58c08950_0, 0, 5;
    %pushi/vec4 1, 0, 1;
    %store/vec4 v0000025c58c08270_0, 0, 1;
    %pushi/vec4 1, 0, 1;
    %store/vec4 v0000025c58c09ad0_0, 0, 1;
    %jmp T_3.47;
T_3.1 ;
    %pushi/vec4 1, 0, 1;
    %store/vec4 v0000025c58c07870_0, 0, 1;
    %pushi/vec4 1, 0, 1;
    %store/vec4 v0000025c58c09710_0, 0, 1;
    %pushi/vec4 1, 0, 1;
    %store/vec4 v0000025c58c0a250_0, 0, 1;
    %jmp T_3.47;
T_3.2 ;
    %pushi/vec4 21, 0, 5;
    %store/vec4 v0000025c58c08950_0, 0, 5;
    %pushi/vec4 1, 0, 1;
    %store/vec4 v0000025c58c07e10_0, 0, 1;
    %jmp T_3.47;
T_3.3 ;
    %pushi/vec4 1, 0, 1;
    %store/vec4 v0000025c58c08bd0_0, 0, 1;
    %pushi/vec4 1, 0, 1;
    %store/vec4 v0000025c58c09df0_0, 0, 1;
    %pushi/vec4 1, 0, 1;
    %store/vec4 v0000025c58c0b8d0_0, 0, 1;
    %jmp T_3.47;
T_3.4 ;
    %pushi/vec4 1, 0, 1;
    %store/vec4 v0000025c58c09d50_0, 0, 1;
    %pushi/vec4 1, 0, 1;
    %store/vec4 v0000025c58c09df0_0, 0, 1;
    %load/vec4 v0000025c58c081d0_0;
    %dup/vec4;
    %pushi/vec4 0, 0, 5;
    %cmp/u;
    %jmp/1 T_3.48, 6;
    %dup/vec4;
    %pushi/vec4 1, 0, 5;
    %cmp/u;
    %jmp/1 T_3.49, 6;
    %dup/vec4;
    %pushi/vec4 2, 0, 5;
    %cmp/u;
    %jmp/1 T_3.50, 6;
    %dup/vec4;
    %pushi/vec4 3, 0, 5;
    %cmp/u;
    %jmp/1 T_3.51, 6;
    %dup/vec4;
    %pushi/vec4 4, 0, 5;
    %cmp/u;
    %jmp/1 T_3.52, 6;
    %dup/vec4;
    %pushi/vec4 5, 0, 5;
    %cmp/u;
    %jmp/1 T_3.53, 6;
    %dup/vec4;
    %pushi/vec4 6, 0, 5;
    %cmp/u;
    %jmp/1 T_3.54, 6;
    %dup/vec4;
    %pushi/vec4 7, 0, 5;
    %cmp/u;
    %jmp/1 T_3.55, 6;
    %dup/vec4;
    %pushi/vec4 8, 0, 5;
    %cmp/u;
    %jmp/1 T_3.56, 6;
    %pushi/vec4 0, 0, 5;
    %store/vec4 v0000025c58c08f90_0, 0, 5;
    %jmp T_3.58;
T_3.48 ;
    %pushi/vec4 0, 0, 5;
    %store/vec4 v0000025c58c08f90_0, 0, 5;
    %jmp T_3.58;
T_3.49 ;
    %pushi/vec4 1, 0, 5;
    %store/vec4 v0000025c58c08f90_0, 0, 5;
    %jmp T_3.58;
T_3.50 ;
    %pushi/vec4 4, 0, 5;
    %store/vec4 v0000025c58c08f90_0, 0, 5;
    %jmp T_3.58;
T_3.51 ;
    %pushi/vec4 5, 0, 5;
    %store/vec4 v0000025c58c08f90_0, 0, 5;
    %jmp T_3.58;
T_3.52 ;
    %pushi/vec4 8, 0, 5;
    %store/vec4 v0000025c58c08f90_0, 0, 5;
    %jmp T_3.58;
T_3.53 ;
    %pushi/vec4 9, 0, 5;
    %store/vec4 v0000025c58c08f90_0, 0, 5;
    %jmp T_3.58;
T_3.54 ;
    %pushi/vec4 10, 0, 5;
    %store/vec4 v0000025c58c08f90_0, 0, 5;
    %jmp T_3.58;
T_3.55 ;
    %pushi/vec4 11, 0, 5;
    %store/vec4 v0000025c58c08f90_0, 0, 5;
    %jmp T_3.58;
T_3.56 ;
    %pushi/vec4 12, 0, 5;
    %store/vec4 v0000025c58c08f90_0, 0, 5;
    %jmp T_3.58;
T_3.58 ;
    %pop/vec4 1;
    %pushi/vec4 1, 0, 1;
    %store/vec4 v0000025c58c08450_0, 0, 1;
    %jmp T_3.47;
T_3.5 ;
    %pushi/vec4 19, 0, 5;
    %store/vec4 v0000025c58c08950_0, 0, 5;
    %pushi/vec4 1, 0, 1;
    %store/vec4 v0000025c58c097b0_0, 0, 1;
    %pushi/vec4 1, 0, 1;
    %store/vec4 v0000025c58c08ef0_0, 0, 1;
    %jmp T_3.47;
T_3.6 ;
    %pushi/vec4 1, 0, 1;
    %store/vec4 v0000025c58c08bd0_0, 0, 1;
    %pushi/vec4 1, 0, 1;
    %store/vec4 v0000025c58c09df0_0, 0, 1;
    %load/vec4 v0000025c58c081d0_0;
    %cmpi/e 14, 0, 5;
    %flag_mov 8, 4;
    %jmp/0 T_3.59, 8;
    %pushi/vec4 7, 0, 5;
    %jmp/1 T_3.60, 8;
T_3.59 ; End of true expr.
    %pushi/vec4 6, 0, 5;
    %jmp/0 T_3.60, 8;
 ; End of false expr.
    %blend;
T_3.60;
    %store/vec4 v0000025c58c08f90_0, 0, 5;
    %pushi/vec4 1, 0, 1;
    %store/vec4 v0000025c58c08450_0, 0, 1;
    %jmp T_3.47;
T_3.7 ;
    %pushi/vec4 19, 0, 5;
    %store/vec4 v0000025c58c08950_0, 0, 5;
    %pushi/vec4 1, 0, 1;
    %store/vec4 v0000025c58c097b0_0, 0, 1;
    %pushi/vec4 1, 0, 1;
    %store/vec4 v0000025c58c08ef0_0, 0, 1;
    %jmp T_3.47;
T_3.8 ;
    %pushi/vec4 1, 0, 1;
    %store/vec4 v0000025c58c097b0_0, 0, 1;
    %pushi/vec4 1, 0, 1;
    %store/vec4 v0000025c58c09df0_0, 0, 1;
    %pushi/vec4 1, 0, 1;
    %store/vec4 v0000025c58c0b8d0_0, 0, 1;
    %jmp T_3.47;
T_3.9 ;
    %pushi/vec4 1, 0, 1;
    %store/vec4 v0000025c58c08bd0_0, 0, 1;
    %pushi/vec4 1, 0, 1;
    %store/vec4 v0000025c58c09df0_0, 0, 1;
    %pushi/vec4 2, 0, 5;
    %store/vec4 v0000025c58c08f90_0, 0, 5;
    %pushi/vec4 1, 0, 1;
    %store/vec4 v0000025c58c08450_0, 0, 1;
    %jmp T_3.47;
T_3.10 ;
    %pushi/vec4 19, 0, 5;
    %store/vec4 v0000025c58c08950_0, 0, 5;
    %pushi/vec4 1, 0, 1;
    %store/vec4 v0000025c58c08b30_0, 0, 1;
    %jmp T_3.47;
T_3.11 ;
    %pushi/vec4 18, 0, 5;
    %store/vec4 v0000025c58c08950_0, 0, 5;
    %pushi/vec4 1, 0, 1;
    %store/vec4 v0000025c58c09a30_0, 0, 1;
    %jmp T_3.47;
T_3.12 ;
    %pushi/vec4 1, 0, 1;
    %store/vec4 v0000025c58c097b0_0, 0, 1;
    %pushi/vec4 1, 0, 1;
    %store/vec4 v0000025c58c09df0_0, 0, 1;
    %pushi/vec4 1, 0, 1;
    %store/vec4 v0000025c58c0b8d0_0, 0, 1;
    %jmp T_3.47;
T_3.13 ;
    %pushi/vec4 1, 0, 1;
    %store/vec4 v0000025c58c08bd0_0, 0, 1;
    %pushi/vec4 1, 0, 1;
    %store/vec4 v0000025c58c09df0_0, 0, 1;
    %pushi/vec4 3, 0, 5;
    %store/vec4 v0000025c58c08f90_0, 0, 5;
    %pushi/vec4 1, 0, 1;
    %store/vec4 v0000025c58c08450_0, 0, 1;
    %jmp T_3.47;
T_3.14 ;
    %pushi/vec4 19, 0, 5;
    %store/vec4 v0000025c58c08950_0, 0, 5;
    %pushi/vec4 1, 0, 1;
    %store/vec4 v0000025c58c08b30_0, 0, 1;
    %jmp T_3.47;
T_3.15 ;
    %pushi/vec4 18, 0, 5;
    %store/vec4 v0000025c58c08950_0, 0, 5;
    %pushi/vec4 1, 0, 1;
    %store/vec4 v0000025c58c09a30_0, 0, 1;
    %jmp T_3.47;
T_3.16 ;
    %pushi/vec4 1, 0, 1;
    %store/vec4 v0000025c58c08bd0_0, 0, 1;
    %pushi/vec4 1, 0, 1;
    %store/vec4 v0000025c58c08db0_0, 0, 1;
    %pushi/vec4 1, 0, 1;
    %store/vec4 v0000025c58c09df0_0, 0, 1;
    %pushi/vec4 1, 0, 1;
    %store/vec4 v0000025c58c0b8d0_0, 0, 1;
    %jmp T_3.47;
T_3.17 ;
    %pushi/vec4 1, 0, 1;
    %store/vec4 v0000025c58c09850_0, 0, 1;
    %pushi/vec4 23, 0, 5;
    %store/vec4 v0000025c58c08950_0, 0, 5;
    %pushi/vec4 0, 0, 5;
    %store/vec4 v0000025c58c08f90_0, 0, 5;
    %pushi/vec4 1, 0, 1;
    %store/vec4 v0000025c58c08450_0, 0, 1;
    %jmp T_3.47;
T_3.18 ;
    %pushi/vec4 19, 0, 5;
    %store/vec4 v0000025c58c08950_0, 0, 5;
    %pushi/vec4 1, 0, 1;
    %store/vec4 v0000025c58c08270_0, 0, 1;
    %jmp T_3.47;
T_3.19 ;
    %pushi/vec4 1, 0, 1;
    %store/vec4 v0000025c58c07870_0, 0, 1;
    %pushi/vec4 1, 0, 1;
    %store/vec4 v0000025c58c09710_0, 0, 1;
    %pushi/vec4 1, 0, 1;
    %store/vec4 v0000025c58c0a250_0, 0, 1;
    %jmp T_3.47;
T_3.20 ;
    %pushi/vec4 21, 0, 5;
    %store/vec4 v0000025c58c08950_0, 0, 5;
    %pushi/vec4 1, 0, 1;
    %store/vec4 v0000025c58c097b0_0, 0, 1;
    %pushi/vec4 1, 0, 1;
    %store/vec4 v0000025c58c08ef0_0, 0, 1;
    %jmp T_3.47;
T_3.21 ;
    %pushi/vec4 1, 0, 1;
    %store/vec4 v0000025c58c08bd0_0, 0, 1;
    %pushi/vec4 1, 0, 1;
    %store/vec4 v0000025c58c08db0_0, 0, 1;
    %pushi/vec4 1, 0, 1;
    %store/vec4 v0000025c58c09df0_0, 0, 1;
    %pushi/vec4 1, 0, 1;
    %store/vec4 v0000025c58c0b8d0_0, 0, 1;
    %jmp T_3.47;
T_3.22 ;
    %pushi/vec4 1, 0, 1;
    %store/vec4 v0000025c58c09850_0, 0, 1;
    %pushi/vec4 23, 0, 5;
    %store/vec4 v0000025c58c08950_0, 0, 5;
    %pushi/vec4 0, 0, 5;
    %store/vec4 v0000025c58c08f90_0, 0, 5;
    %pushi/vec4 1, 0, 1;
    %store/vec4 v0000025c58c08450_0, 0, 1;
    %jmp T_3.47;
T_3.23 ;
    %pushi/vec4 19, 0, 5;
    %store/vec4 v0000025c58c08950_0, 0, 5;
    %pushi/vec4 1, 0, 1;
    %store/vec4 v0000025c58c097b0_0, 0, 1;
    %pushi/vec4 1, 0, 1;
    %store/vec4 v0000025c58c08ef0_0, 0, 1;
    %jmp T_3.47;
T_3.24 ;
    %pushi/vec4 1, 0, 1;
    %store/vec4 v0000025c58c08bd0_0, 0, 1;
    %pushi/vec4 1, 0, 1;
    %store/vec4 v0000025c58c08db0_0, 0, 1;
    %pushi/vec4 1, 0, 1;
    %store/vec4 v0000025c58c09df0_0, 0, 1;
    %pushi/vec4 1, 0, 1;
    %store/vec4 v0000025c58c0b8d0_0, 0, 1;
    %jmp T_3.47;
T_3.25 ;
    %pushi/vec4 1, 0, 1;
    %store/vec4 v0000025c58c09850_0, 0, 1;
    %pushi/vec4 23, 0, 5;
    %store/vec4 v0000025c58c08950_0, 0, 5;
    %pushi/vec4 0, 0, 5;
    %store/vec4 v0000025c58c08f90_0, 0, 5;
    %pushi/vec4 1, 0, 1;
    %store/vec4 v0000025c58c08450_0, 0, 1;
    %jmp T_3.47;
T_3.26 ;
    %pushi/vec4 19, 0, 5;
    %store/vec4 v0000025c58c08950_0, 0, 5;
    %pushi/vec4 1, 0, 1;
    %store/vec4 v0000025c58c08270_0, 0, 1;
    %jmp T_3.47;
T_3.27 ;
    %pushi/vec4 1, 0, 1;
    %store/vec4 v0000025c58c097b0_0, 0, 1;
    %pushi/vec4 1, 0, 1;
    %store/vec4 v0000025c58c09df0_0, 0, 1;
    %pushi/vec4 1, 0, 1;
    %store/vec4 v0000025c58c09710_0, 0, 1;
    %jmp T_3.47;
T_3.28 ;
    %pushi/vec4 21, 0, 5;
    %store/vec4 v0000025c58c08950_0, 0, 5;
    %pushi/vec4 1, 0, 1;
    %store/vec4 v0000025c58c0a250_0, 0, 1;
    %jmp T_3.47;
T_3.29 ;
    %pushi/vec4 1, 0, 1;
    %store/vec4 v0000025c58c08bd0_0, 0, 1;
    %pushi/vec4 1, 0, 1;
    %store/vec4 v0000025c58c09df0_0, 0, 1;
    %pushi/vec4 1, 0, 1;
    %store/vec4 v0000025c58c0b8d0_0, 0, 1;
    %jmp T_3.47;
T_3.30 ;
    %pushi/vec4 1, 0, 1;
    %store/vec4 v0000025c58c09850_0, 0, 1;
    %pushi/vec4 23, 0, 5;
    %store/vec4 v0000025c58c08950_0, 0, 5;
    %load/vec4 v0000025c58c081d0_0;
    %dup/vec4;
    %pushi/vec4 9, 0, 5;
    %cmp/u;
    %jmp/1 T_3.61, 6;
    %dup/vec4;
    %pushi/vec4 10, 0, 5;
    %cmp/u;
    %jmp/1 T_3.62, 6;
    %dup/vec4;
    %pushi/vec4 11, 0, 5;
    %cmp/u;
    %jmp/1 T_3.63, 6;
    %pushi/vec4 0, 0, 5;
    %store/vec4 v0000025c58c08f90_0, 0, 5;
    %jmp T_3.65;
T_3.61 ;
    %pushi/vec4 0, 0, 5;
    %store/vec4 v0000025c58c08f90_0, 0, 5;
    %jmp T_3.65;
T_3.62 ;
    %pushi/vec4 4, 0, 5;
    %store/vec4 v0000025c58c08f90_0, 0, 5;
    %jmp T_3.65;
T_3.63 ;
    %pushi/vec4 5, 0, 5;
    %store/vec4 v0000025c58c08f90_0, 0, 5;
    %jmp T_3.65;
T_3.65 ;
    %pop/vec4 1;
    %pushi/vec4 1, 0, 1;
    %store/vec4 v0000025c58c08450_0, 0, 1;
    %jmp T_3.47;
T_3.31 ;
    %pushi/vec4 19, 0, 5;
    %store/vec4 v0000025c58c08950_0, 0, 5;
    %pushi/vec4 1, 0, 1;
    %store/vec4 v0000025c58c097b0_0, 0, 1;
    %pushi/vec4 1, 0, 1;
    %store/vec4 v0000025c58c08ef0_0, 0, 1;
    %jmp T_3.47;
T_3.32 ;
    %pushi/vec4 1, 0, 1;
    %store/vec4 v0000025c58c097b0_0, 0, 1;
    %pushi/vec4 1, 0, 1;
    %store/vec4 v0000025c58c09df0_0, 0, 1;
    %pushi/vec4 1, 0, 1;
    %store/vec4 v0000025c58c09490_0, 0, 1;
    %jmp T_3.47;
T_3.33 ;
    %pushi/vec4 20, 0, 5;
    %store/vec4 v0000025c58c08950_0, 0, 5;
    %pushi/vec4 1, 0, 1;
    %store/vec4 v0000025c58c0b8d0_0, 0, 1;
    %jmp T_3.47;
T_3.34 ;
    %pushi/vec4 1, 0, 1;
    %store/vec4 v0000025c58c09850_0, 0, 1;
    %pushi/vec4 23, 0, 5;
    %store/vec4 v0000025c58c08950_0, 0, 5;
    %pushi/vec4 0, 0, 5;
    %store/vec4 v0000025c58c08f90_0, 0, 5;
    %pushi/vec4 1, 0, 1;
    %store/vec4 v0000025c58c08450_0, 0, 1;
    %jmp T_3.47;
T_3.35 ;
    %pushi/vec4 19, 0, 5;
    %store/vec4 v0000025c58c08950_0, 0, 5;
    %load/vec4 v0000025c58c09350_0;
    %store/vec4 v0000025c58c0c0f0_0, 0, 1;
    %jmp T_3.47;
T_3.36 ;
    %pushi/vec4 1, 0, 1;
    %store/vec4 v0000025c58c097b0_0, 0, 1;
    %pushi/vec4 1, 0, 1;
    %store/vec4 v0000025c58c09df0_0, 0, 1;
    %pushi/vec4 1, 0, 1;
    %store/vec4 v0000025c58c0c0f0_0, 0, 1;
    %jmp T_3.47;
T_3.37 ;
    %pushi/vec4 20, 0, 5;
    %store/vec4 v0000025c58c08950_0, 0, 5;
    %pushi/vec4 1, 0, 1;
    %store/vec4 v0000025c58c09e90_0, 0, 1;
    %jmp T_3.47;
T_3.38 ;
    %pushi/vec4 1, 0, 1;
    %store/vec4 v0000025c58c097b0_0, 0, 1;
    %pushi/vec4 1, 0, 1;
    %store/vec4 v0000025c58c09df0_0, 0, 1;
    %pushi/vec4 1, 0, 1;
    %store/vec4 v0000025c58c0c0f0_0, 0, 1;
    %jmp T_3.47;
T_3.39 ;
    %pushi/vec4 16, 0, 5;
    %store/vec4 v0000025c58c08950_0, 0, 5;
    %pushi/vec4 1, 0, 1;
    %store/vec4 v0000025c58c097b0_0, 0, 1;
    %pushi/vec4 1, 0, 1;
    %store/vec4 v0000025c58c08ef0_0, 0, 1;
    %jmp T_3.47;
T_3.40 ;
    %pushi/vec4 17, 0, 5;
    %store/vec4 v0000025c58c08950_0, 0, 5;
    %pushi/vec4 1, 0, 1;
    %store/vec4 v0000025c58c097b0_0, 0, 1;
    %pushi/vec4 1, 0, 1;
    %store/vec4 v0000025c58c08ef0_0, 0, 1;
    %jmp T_3.47;
T_3.41 ;
    %pushi/vec4 1, 0, 1;
    %store/vec4 v0000025c58c09670_0, 0, 1;
    %jmp T_3.47;
T_3.42 ;
    %pushi/vec4 22, 0, 5;
    %store/vec4 v0000025c58c08950_0, 0, 5;
    %pushi/vec4 1, 0, 1;
    %store/vec4 v0000025c58c097b0_0, 0, 1;
    %pushi/vec4 1, 0, 1;
    %store/vec4 v0000025c58c08ef0_0, 0, 1;
    %jmp T_3.47;
T_3.43 ;
    %pushi/vec4 1, 0, 1;
    %store/vec4 v0000025c58c097b0_0, 0, 1;
    %pushi/vec4 1, 0, 1;
    %store/vec4 v0000025c58c09df0_0, 0, 1;
    %pushi/vec4 1, 0, 1;
    %store/vec4 v0000025c58c0a110_0, 0, 1;
    %jmp T_3.47;
T_3.44 ;
    %jmp T_3.47;
T_3.45 ;
    %jmp T_3.47;
T_3.46 ;
    %jmp T_3.47;
T_3.47 ;
    %pop/vec4 1;
    %jmp T_3;
    .thread T_3, $push;
    .scope S_0000025c58cf1950;
T_4 ;
    %wait E_0000025c58ba8880;
    %load/vec4 v0000025c58cf6e10_0;
    %flag_set/vec4 8;
    %jmp/0xz  T_4.0, 8;
    %pushi/vec4 0, 0, 32;
    %assign/vec4 v0000025c58cf5830_0, 0;
    %jmp T_4.1;
T_4.0 ;
    %load/vec4 v0000025c58cf5dd0_0;
    %flag_set/vec4 8;
    %jmp/0xz  T_4.2, 8;
    %load/vec4 v0000025c58cf58d0_0;
    %assign/vec4 v0000025c58cf5830_0, 0;
T_4.2 ;
T_4.1 ;
    %jmp T_4;
    .thread T_4;
    .scope S_0000025c58cf0b40;
T_5 ;
    %wait E_0000025c58ba8880;
    %load/vec4 v0000025c58cf62d0_0;
    %flag_set/vec4 8;
    %jmp/0xz  T_5.0, 8;
    %pushi/vec4 0, 0, 32;
    %assign/vec4 v0000025c58cf7270_0, 0;
    %jmp T_5.1;
T_5.0 ;
    %load/vec4 v0000025c58cf5b50_0;
    %flag_set/vec4 8;
    %jmp/0xz  T_5.2, 8;
    %load/vec4 v0000025c58cf6230_0;
    %assign/vec4 v0000025c58cf7270_0, 0;
T_5.2 ;
T_5.1 ;
    %jmp T_5;
    .thread T_5;
    .scope S_0000025c58cf0cd0;
T_6 ;
    %wait E_0000025c58ba8880;
    %load/vec4 v0000025c58cf9d90_0;
    %flag_set/vec4 8;
    %jmp/0xz  T_6.0, 8;
    %pushi/vec4 0, 0, 32;
    %assign/vec4 v0000025c58cf8fd0_0, 0;
    %jmp T_6.1;
T_6.0 ;
    %load/vec4 v0000025c58cf7950_0;
    %flag_set/vec4 8;
    %jmp/0xz  T_6.2, 8;
    %load/vec4 v0000025c58cf9b10_0;
    %assign/vec4 v0000025c58cf8fd0_0, 0;
T_6.2 ;
T_6.1 ;
    %jmp T_6;
    .thread T_6;
    .scope S_0000025c58ceed90;
T_7 ;
    %wait E_0000025c58ba8880;
    %load/vec4 v0000025c58cf91b0_0;
    %flag_set/vec4 8;
    %jmp/0xz  T_7.0, 8;
    %pushi/vec4 0, 0, 32;
    %assign/vec4 v0000025c58cf8490_0, 0;
    %jmp T_7.1;
T_7.0 ;
    %load/vec4 v0000025c58cf83f0_0;
    %flag_set/vec4 8;
    %jmp/0xz  T_7.2, 8;
    %load/vec4 v0000025c58cf82b0_0;
    %assign/vec4 v0000025c58cf8490_0, 0;
T_7.2 ;
T_7.1 ;
    %jmp T_7;
    .thread T_7;
    .scope S_0000025c58cee8e0;
T_8 ;
    %wait E_0000025c58ba8880;
    %load/vec4 v0000025c58cf9ed0_0;
    %flag_set/vec4 8;
    %jmp/0xz  T_8.0, 8;
    %pushi/vec4 0, 0, 32;
    %assign/vec4 v0000025c58cf8170_0, 0;
    %jmp T_8.1;
T_8.0 ;
    %load/vec4 v0000025c58cf97f0_0;
    %flag_set/vec4 8;
    %jmp/0xz  T_8.2, 8;
    %load/vec4 v0000025c58cf8ad0_0;
    %assign/vec4 v0000025c58cf8170_0, 0;
T_8.2 ;
T_8.1 ;
    %jmp T_8;
    .thread T_8;
    .scope S_0000025c58cef6f0;
T_9 ;
    %wait E_0000025c58ba8880;
    %load/vec4 v0000025c58cf9110_0;
    %flag_set/vec4 8;
    %jmp/0xz  T_9.0, 8;
    %pushi/vec4 0, 0, 32;
    %assign/vec4 v0000025c58cf9070_0, 0;
    %jmp T_9.1;
T_9.0 ;
    %load/vec4 v0000025c58cf7e50_0;
    %flag_set/vec4 8;
    %jmp/0xz  T_9.2, 8;
    %load/vec4 v0000025c58cf9250_0;
    %assign/vec4 v0000025c58cf9070_0, 0;
T_9.2 ;
T_9.1 ;
    %jmp T_9;
    .thread T_9;
    .scope S_0000025c58cef880;
T_10 ;
    %wait E_0000025c58ba8880;
    %load/vec4 v0000025c58cf8210_0;
    %flag_set/vec4 8;
    %jmp/0xz  T_10.0, 8;
    %pushi/vec4 0, 0, 32;
    %assign/vec4 v0000025c58cf7bd0_0, 0;
    %jmp T_10.1;
T_10.0 ;
    %load/vec4 v0000025c58cf7ef0_0;
    %flag_set/vec4 8;
    %jmp/0xz  T_10.2, 8;
    %load/vec4 v0000025c58cf8b70_0;
    %assign/vec4 v0000025c58cf7bd0_0, 0;
T_10.2 ;
T_10.1 ;
    %jmp T_10;
    .thread T_10;
    .scope S_0000025c58cefd30;
T_11 ;
    %wait E_0000025c58ba8880;
    %load/vec4 v0000025c58cf9cf0_0;
    %flag_set/vec4 8;
    %jmp/0xz  T_11.0, 8;
    %pushi/vec4 0, 0, 32;
    %assign/vec4 v0000025c58cf99d0_0, 0;
    %jmp T_11.1;
T_11.0 ;
    %load/vec4 v0000025c58cf9390_0;
    %flag_set/vec4 8;
    %jmp/0xz  T_11.2, 8;
    %load/vec4 v0000025c58cf7f90_0;
    %assign/vec4 v0000025c58cf99d0_0, 0;
T_11.2 ;
T_11.1 ;
    %jmp T_11;
    .thread T_11;
    .scope S_0000025c58cefec0;
T_12 ;
    %wait E_0000025c58ba8880;
    %load/vec4 v0000025c58cf7c70_0;
    %flag_set/vec4 8;
    %jmp/0xz  T_12.0, 8;
    %pushi/vec4 0, 0, 32;
    %assign/vec4 v0000025c58cf8df0_0, 0;
    %jmp T_12.1;
T_12.0 ;
    %load/vec4 v0000025c58cf8030_0;
    %flag_set/vec4 8;
    %jmp/0xz  T_12.2, 8;
    %load/vec4 v0000025c58cf8530_0;
    %assign/vec4 v0000025c58cf8df0_0, 0;
T_12.2 ;
T_12.1 ;
    %jmp T_12;
    .thread T_12;
    .scope S_0000025c58cf0050;
T_13 ;
    %wait E_0000025c58ba8880;
    %load/vec4 v0000025c58cf9570_0;
    %flag_set/vec4 8;
    %jmp/0xz  T_13.0, 8;
    %pushi/vec4 0, 0, 32;
    %assign/vec4 v0000025c58cf80d0_0, 0;
    %jmp T_13.1;
T_13.0 ;
    %load/vec4 v0000025c58cf9430_0;
    %flag_set/vec4 8;
    %jmp/0xz  T_13.2, 8;
    %load/vec4 v0000025c58cf8c10_0;
    %assign/vec4 v0000025c58cf80d0_0, 0;
T_13.2 ;
T_13.1 ;
    %jmp T_13;
    .thread T_13;
    .scope S_0000025c58cefba0;
T_14 ;
    %wait E_0000025c58ba8880;
    %load/vec4 v0000025c58cf6550_0;
    %flag_set/vec4 8;
    %jmp/0xz  T_14.0, 8;
    %pushi/vec4 0, 0, 32;
    %assign/vec4 v0000025c58cf6370_0, 0;
    %jmp T_14.1;
T_14.0 ;
    %load/vec4 v0000025c58cf5d30_0;
    %flag_set/vec4 8;
    %jmp/0xz  T_14.2, 8;
    %load/vec4 v0000025c58cf5290_0;
    %assign/vec4 v0000025c58cf6370_0, 0;
T_14.2 ;
T_14.1 ;
    %jmp T_14;
    .thread T_14;
    .scope S_0000025c58cf14a0;
T_15 ;
    %wait E_0000025c58ba8880;
    %load/vec4 v0000025c58cf5f10_0;
    %flag_set/vec4 8;
    %jmp/0xz  T_15.0, 8;
    %pushi/vec4 0, 0, 32;
    %assign/vec4 v0000025c58cf5e70_0, 0;
    %jmp T_15.1;
T_15.0 ;
    %load/vec4 v0000025c58cf5510_0;
    %flag_set/vec4 8;
    %jmp/0xz  T_15.2, 8;
    %load/vec4 v0000025c58cf5150_0;
    %assign/vec4 v0000025c58cf5e70_0, 0;
T_15.2 ;
T_15.1 ;
    %jmp T_15;
    .thread T_15;
    .scope S_0000025c58cf1f90;
T_16 ;
    %wait E_0000025c58ba8880;
    %load/vec4 v0000025c58cf5fb0_0;
    %flag_set/vec4 8;
    %jmp/0xz  T_16.0, 8;
    %pushi/vec4 0, 0, 32;
    %assign/vec4 v0000025c58cf5ab0_0, 0;
    %jmp T_16.1;
T_16.0 ;
    %load/vec4 v0000025c58cf5c90_0;
    %flag_set/vec4 8;
    %jmp/0xz  T_16.2, 8;
    %load/vec4 v0000025c58cf5a10_0;
    %assign/vec4 v0000025c58cf5ab0_0, 0;
T_16.2 ;
T_16.1 ;
    %jmp T_16;
    .thread T_16;
    .scope S_0000025c58cef560;
T_17 ;
    %wait E_0000025c58ba8880;
    %load/vec4 v0000025c58cf8e90_0;
    %flag_set/vec4 8;
    %jmp/0xz  T_17.0, 8;
    %pushi/vec4 0, 0, 32;
    %assign/vec4 v0000025c58cf92f0_0, 0;
    %jmp T_17.1;
T_17.0 ;
    %load/vec4 v0000025c58cf9a70_0;
    %flag_set/vec4 8;
    %jmp/0xz  T_17.2, 8;
    %load/vec4 v0000025c58cf6190_0;
    %assign/vec4 v0000025c58cf92f0_0, 0;
T_17.2 ;
T_17.1 ;
    %jmp T_17;
    .thread T_17;
    .scope S_0000025c58cf0500;
T_18 ;
    %wait E_0000025c58ba8880;
    %load/vec4 v0000025c58cf7a90_0;
    %flag_set/vec4 8;
    %jmp/0xz  T_18.0, 8;
    %pushi/vec4 0, 0, 32;
    %assign/vec4 v0000025c58cf9bb0_0, 0;
    %jmp T_18.1;
T_18.0 ;
    %load/vec4 v0000025c58cf9f70_0;
    %flag_set/vec4 8;
    %jmp/0xz  T_18.2, 8;
    %load/vec4 v0000025c58cf8350_0;
    %assign/vec4 v0000025c58cf9bb0_0, 0;
T_18.2 ;
T_18.1 ;
    %jmp T_18;
    .thread T_18;
    .scope S_0000025c58ceea70;
T_19 ;
    %wait E_0000025c58ba8880;
    %load/vec4 v0000025c58cf8f30_0;
    %flag_set/vec4 8;
    %jmp/0xz  T_19.0, 8;
    %pushi/vec4 0, 0, 32;
    %assign/vec4 v0000025c58cf8cb0_0, 0;
    %jmp T_19.1;
T_19.0 ;
    %load/vec4 v0000025c58cf8990_0;
    %flag_set/vec4 8;
    %jmp/0xz  T_19.2, 8;
    %load/vec4 v0000025c58cf9750_0;
    %assign/vec4 v0000025c58cf8cb0_0, 0;
T_19.2 ;
T_19.1 ;
    %jmp T_19;
    .thread T_19;
    .scope S_0000025c58cd8c60;
T_20 ;
    %wait E_0000025c58b9b400;
    %load/vec4 v0000025c58cddaf0_0;
    %flag_set/vec4 8;
    %jmp/0xz  T_20.0, 8;
    %pushi/vec4 0, 0, 32;
    %assign/vec4 v0000025c58cde4f0_0, 0;
    %jmp T_20.1;
T_20.0 ;
    %load/vec4 v0000025c58cdec70_0;
    %flag_set/vec4 8;
    %jmp/0xz  T_20.2, 8;
    %load/vec4 v0000025c58cdda50_0;
    %assign/vec4 v0000025c58cde4f0_0, 0;
    %jmp T_20.3;
T_20.2 ;
    %load/vec4 v0000025c58cdd9b0_0;
    %flag_set/vec4 8;
    %jmp/0xz  T_20.4, 8;
    %load/vec4 v0000025c58cdd190_0;
    %assign/vec4 v0000025c58cde4f0_0, 0;
T_20.4 ;
T_20.3 ;
T_20.1 ;
    %jmp T_20;
    .thread T_20;
    .scope S_0000025c58cd6d20;
T_21 ;
    %wait E_0000025c58ba8880;
    %load/vec4 v0000025c58ce15b0_0;
    %flag_set/vec4 8;
    %jmp/0xz  T_21.0, 8;
    %pushi/vec4 0, 0, 32;
    %assign/vec4 v0000025c58ce0f70_0, 0;
    %jmp T_21.1;
T_21.0 ;
    %load/vec4 v0000025c58ce1510_0;
    %flag_set/vec4 8;
    %jmp/0xz  T_21.2, 8;
    %load/vec4 v0000025c58ce0ed0_0;
    %assign/vec4 v0000025c58ce0f70_0, 0;
T_21.2 ;
T_21.1 ;
    %jmp T_21;
    .thread T_21;
    .scope S_0000025c58cf25d0;
T_22 ;
    %wait E_0000025c58ba8880;
    %load/vec4 v0000025c58cde590_0;
    %flag_set/vec4 8;
    %jmp/0xz  T_22.0, 8;
    %pushi/vec4 0, 0, 32;
    %assign/vec4 v0000025c58cddb90_0, 0;
    %jmp T_22.1;
T_22.0 ;
    %load/vec4 v0000025c58cdd370_0;
    %flag_set/vec4 8;
    %jmp/0xz  T_22.2, 8;
    %load/vec4 v0000025c58cde130_0;
    %assign/vec4 v0000025c58cddb90_0, 0;
T_22.2 ;
T_22.1 ;
    %jmp T_22;
    .thread T_22;
    .scope S_0000025c58cf1e00;
T_23 ;
    %wait E_0000025c58ba8880;
    %load/vec4 v0000025c58cde6d0_0;
    %flag_set/vec4 8;
    %jmp/0xz  T_23.0, 8;
    %pushi/vec4 0, 0, 32;
    %assign/vec4 v0000025c58cde630_0, 0;
    %jmp T_23.1;
T_23.0 ;
    %load/vec4 v0000025c58cdd690_0;
    %flag_set/vec4 8;
    %jmp/0xz  T_23.2, 8;
    %load/vec4 v0000025c58cde950_0;
    %assign/vec4 v0000025c58cde630_0, 0;
T_23.2 ;
T_23.1 ;
    %jmp T_23;
    .thread T_23;
    .scope S_0000025c58cf1310;
T_24 ;
    %wait E_0000025c58ba8880;
    %load/vec4 v0000025c58cde810_0;
    %flag_set/vec4 8;
    %jmp/0xz  T_24.0, 8;
    %pushi/vec4 0, 0, 32;
    %assign/vec4 v0000025c58cddff0_0, 0;
    %jmp T_24.1;
T_24.0 ;
    %load/vec4 v0000025c58cde3b0_0;
    %flag_set/vec4 8;
    %jmp/0xz  T_24.2, 8;
    %load/vec4 v0000025c58cde310_0;
    %assign/vec4 v0000025c58cddff0_0, 0;
T_24.2 ;
T_24.1 ;
    %jmp T_24;
    .thread T_24;
    .scope S_0000025c58cd7040;
T_25 ;
    %wait E_0000025c58ba8880;
    %load/vec4 v0000025c58ce3450_0;
    %flag_set/vec4 8;
    %jmp/0xz  T_25.0, 8;
    %pushi/vec4 0, 0, 32;
    %assign/vec4 v0000025c58ce2b90_0, 0;
    %jmp T_25.1;
T_25.0 ;
    %load/vec4 v0000025c58ce3a90_0;
    %flag_set/vec4 8;
    %jmp/0xz  T_25.2, 8;
    %load/vec4 v0000025c58ce2e10_0;
    %assign/vec4 v0000025c58ce2b90_0, 0;
T_25.2 ;
T_25.1 ;
    %jmp T_25;
    .thread T_25;
    .scope S_0000025c58cd63c0;
T_26 ;
    %wait E_0000025c58ba8880;
    %load/vec4 v0000025c58ce0430_0;
    %flag_set/vec4 8;
    %jmp/0xz  T_26.0, 8;
    %pushi/vec4 0, 0, 32;
    %assign/vec4 v0000025c58cdffd0_0, 0;
    %jmp T_26.1;
T_26.0 ;
    %load/vec4 v0000025c58ce02f0_0;
    %flag_set/vec4 8;
    %jmp/0xz  T_26.2, 8;
    %load/vec4 v0000025c58cdff30_0;
    %assign/vec4 v0000025c58cdffd0_0, 0;
T_26.2 ;
T_26.1 ;
    %jmp T_26;
    .thread T_26;
    .scope S_0000025c58cd9d90;
T_27 ;
    %wait E_0000025c58ba8880;
    %load/vec4 v0000025c58ce3c70_0;
    %flag_set/vec4 8;
    %jmp/0xz  T_27.0, 8;
    %pushi/vec4 0, 0, 32;
    %assign/vec4 v0000025c58ce20f0_0, 0;
    %jmp T_27.1;
T_27.0 ;
    %load/vec4 v0000025c58ce4670_0;
    %flag_set/vec4 8;
    %jmp/0xz  T_27.2, 8;
    %load/vec4 v0000025c58ce3f90_0;
    %assign/vec4 v0000025c58ce20f0_0, 0;
T_27.2 ;
T_27.1 ;
    %jmp T_27;
    .thread T_27;
    .scope S_0000025c58cf09b0;
T_28 ;
    %wait E_0000025c58b9b400;
    %load/vec4 v0000025c58cf7130_0;
    %flag_set/vec4 8;
    %jmp/0xz  T_28.0, 8;
    %pushi/vec4 0, 0, 32;
    %assign/vec4 v0000025c58cf69b0_0, 0;
    %jmp T_28.1;
T_28.0 ;
    %load/vec4 v0000025c58cf6cd0_0;
    %flag_set/vec4 8;
    %jmp/0xz  T_28.2, 8;
    %load/vec4 v0000025c58cf6b90_0;
    %flag_set/vec4 8;
    %jmp/0 T_28.4, 8;
    %load/vec4 v0000025c58cf53d0_0;
    %jmp/1 T_28.5, 8;
T_28.4 ; End of true expr.
    %load/vec4 v0000025c58cf67d0_0;
    %jmp/0 T_28.5, 8;
 ; End of false expr.
    %blend;
T_28.5;
    %assign/vec4 v0000025c58cf69b0_0, 0;
T_28.2 ;
T_28.1 ;
    %jmp T_28;
    .thread T_28;
    .scope S_0000025c58cef3d0;
T_29 ;
    %vpi_call 19 19 "$readmemh", P_0000025c58b12b10, v0000025c58cf5790 {0 0 0};
    %end;
    .thread T_29;
    .scope S_0000025c58cef3d0;
T_30 ;
    %wait E_0000025c58ba8880;
    %load/vec4 v0000025c58cf78b0_0;
    %flag_set/vec4 9;
    %flag_get/vec4 9;
    %jmp/0 T_30.2, 9;
    %load/vec4 v0000025c58cf5470_0;
    %nor/r;
    %and;
T_30.2;
    %flag_set/vec4 8;
    %jmp/0xz  T_30.0, 8;
    %load/vec4 v0000025c58cf56f0_0;
    %load/vec4 v0000025c58cf64b0_0;
    %pad/u 11;
    %ix/vec4 3;
    %ix/load 4, 0, 0; Constant delay
    %assign/vec4/a/d v0000025c58cf5790, 0, 4;
T_30.0 ;
    %jmp T_30;
    .thread T_30;
    .scope S_0000025c58cf0e60;
T_31 ;
    %wait E_0000025c58b13790;
    %load/vec4 v0000025c58cfbcd0_0;
    %dup/vec4;
    %pushi/vec4 0, 0, 4;
    %cmp/u;
    %jmp/1 T_31.0, 6;
    %dup/vec4;
    %pushi/vec4 1, 0, 4;
    %cmp/u;
    %jmp/1 T_31.1, 6;
    %dup/vec4;
    %pushi/vec4 2, 0, 4;
    %cmp/u;
    %jmp/1 T_31.2, 6;
    %dup/vec4;
    %pushi/vec4 3, 0, 4;
    %cmp/u;
    %jmp/1 T_31.3, 6;
    %dup/vec4;
    %pushi/vec4 4, 0, 4;
    %cmp/u;
    %jmp/1 T_31.4, 6;
    %dup/vec4;
    %pushi/vec4 5, 0, 4;
    %cmp/u;
    %jmp/1 T_31.5, 6;
    %dup/vec4;
    %pushi/vec4 6, 0, 4;
    %cmp/u;
    %jmp/1 T_31.6, 6;
    %dup/vec4;
    %pushi/vec4 7, 0, 4;
    %cmp/u;
    %jmp/1 T_31.7, 6;
    %dup/vec4;
    %pushi/vec4 8, 0, 4;
    %cmp/u;
    %jmp/1 T_31.8, 6;
    %dup/vec4;
    %pushi/vec4 9, 0, 4;
    %cmp/u;
    %jmp/1 T_31.9, 6;
    %dup/vec4;
    %pushi/vec4 10, 0, 4;
    %cmp/u;
    %jmp/1 T_31.10, 6;
    %dup/vec4;
    %pushi/vec4 11, 0, 4;
    %cmp/u;
    %jmp/1 T_31.11, 6;
    %dup/vec4;
    %pushi/vec4 12, 0, 4;
    %cmp/u;
    %jmp/1 T_31.12, 6;
    %dup/vec4;
    %pushi/vec4 13, 0, 4;
    %cmp/u;
    %jmp/1 T_31.13, 6;
    %dup/vec4;
    %pushi/vec4 14, 0, 4;
    %cmp/u;
    %jmp/1 T_31.14, 6;
    %dup/vec4;
    %pushi/vec4 15, 0, 4;
    %cmp/u;
    %jmp/1 T_31.15, 6;
    %pushi/vec4 0, 0, 16;
    %store/vec4 v0000025c58cfbc30_0, 0, 16;
    %jmp T_31.17;
T_31.0 ;
    %pushi/vec4 1, 0, 16;
    %store/vec4 v0000025c58cfbc30_0, 0, 16;
    %jmp T_31.17;
T_31.1 ;
    %pushi/vec4 2, 0, 16;
    %store/vec4 v0000025c58cfbc30_0, 0, 16;
    %jmp T_31.17;
T_31.2 ;
    %pushi/vec4 4, 0, 16;
    %store/vec4 v0000025c58cfbc30_0, 0, 16;
    %jmp T_31.17;
T_31.3 ;
    %pushi/vec4 8, 0, 16;
    %store/vec4 v0000025c58cfbc30_0, 0, 16;
    %jmp T_31.17;
T_31.4 ;
    %pushi/vec4 16, 0, 16;
    %store/vec4 v0000025c58cfbc30_0, 0, 16;
    %jmp T_31.17;
T_31.5 ;
    %pushi/vec4 32, 0, 16;
    %store/vec4 v0000025c58cfbc30_0, 0, 16;
    %jmp T_31.17;
T_31.6 ;
    %pushi/vec4 64, 0, 16;
    %store/vec4 v0000025c58cfbc30_0, 0, 16;
    %jmp T_31.17;
T_31.7 ;
    %pushi/vec4 128, 0, 16;
    %store/vec4 v0000025c58cfbc30_0, 0, 16;
    %jmp T_31.17;
T_31.8 ;
    %pushi/vec4 256, 0, 16;
    %store/vec4 v0000025c58cfbc30_0, 0, 16;
    %jmp T_31.17;
T_31.9 ;
    %pushi/vec4 512, 0, 16;
    %store/vec4 v0000025c58cfbc30_0, 0, 16;
    %jmp T_31.17;
T_31.10 ;
    %pushi/vec4 1024, 0, 16;
    %store/vec4 v0000025c58cfbc30_0, 0, 16;
    %jmp T_31.17;
T_31.11 ;
    %pushi/vec4 2048, 0, 16;
    %store/vec4 v0000025c58cfbc30_0, 0, 16;
    %jmp T_31.17;
T_31.12 ;
    %pushi/vec4 4096, 0, 16;
    %store/vec4 v0000025c58cfbc30_0, 0, 16;
    %jmp T_31.17;
T_31.13 ;
    %pushi/vec4 8192, 0, 16;
    %store/vec4 v0000025c58cfbc30_0, 0, 16;
    %jmp T_31.17;
T_31.14 ;
    %pushi/vec4 16384, 0, 16;
    %store/vec4 v0000025c58cfbc30_0, 0, 16;
    %jmp T_31.17;
T_31.15 ;
    %pushi/vec4 32768, 0, 16;
    %store/vec4 v0000025c58cfbc30_0, 0, 16;
    %jmp T_31.17;
T_31.17 ;
    %pop/vec4 1;
    %jmp T_31;
    .thread T_31, $push;
    .scope S_0000025c58cf2440;
T_32 ;
    %wait E_0000025c58b12b90;
    %load/vec4 v0000025c58cf71d0_0;
    %dup/vec4;
    %pushi/vec4 1, 0, 16;
    %cmp/u;
    %jmp/1 T_32.0, 6;
    %dup/vec4;
    %pushi/vec4 2, 0, 16;
    %cmp/u;
    %jmp/1 T_32.1, 6;
    %dup/vec4;
    %pushi/vec4 4, 0, 16;
    %cmp/u;
    %jmp/1 T_32.2, 6;
    %dup/vec4;
    %pushi/vec4 8, 0, 16;
    %cmp/u;
    %jmp/1 T_32.3, 6;
    %dup/vec4;
    %pushi/vec4 16, 0, 16;
    %cmp/u;
    %jmp/1 T_32.4, 6;
    %dup/vec4;
    %pushi/vec4 32, 0, 16;
    %cmp/u;
    %jmp/1 T_32.5, 6;
    %dup/vec4;
    %pushi/vec4 64, 0, 16;
    %cmp/u;
    %jmp/1 T_32.6, 6;
    %dup/vec4;
    %pushi/vec4 128, 0, 16;
    %cmp/u;
    %jmp/1 T_32.7, 6;
    %dup/vec4;
    %pushi/vec4 256, 0, 16;
    %cmp/u;
    %jmp/1 T_32.8, 6;
    %dup/vec4;
    %pushi/vec4 512, 0, 16;
    %cmp/u;
    %jmp/1 T_32.9, 6;
    %dup/vec4;
    %pushi/vec4 1024, 0, 16;
    %cmp/u;
    %jmp/1 T_32.10, 6;
    %dup/vec4;
    %pushi/vec4 2048, 0, 16;
    %cmp/u;
    %jmp/1 T_32.11, 6;
    %dup/vec4;
    %pushi/vec4 4096, 0, 16;
    %cmp/u;
    %jmp/1 T_32.12, 6;
    %dup/vec4;
    %pushi/vec4 8192, 0, 16;
    %cmp/u;
    %jmp/1 T_32.13, 6;
    %dup/vec4;
    %pushi/vec4 16384, 0, 16;
    %cmp/u;
    %jmp/1 T_32.14, 6;
    %dup/vec4;
    %pushi/vec4 32768, 0, 16;
    %cmp/u;
    %jmp/1 T_32.15, 6;
    %load/vec4 v0000025c58cf74f0_0;
    %store/vec4 v0000025c58cf5330_0, 0, 5;
    %jmp T_32.17;
T_32.0 ;
    %pushi/vec4 0, 0, 5;
    %store/vec4 v0000025c58cf5330_0, 0, 5;
    %jmp T_32.17;
T_32.1 ;
    %pushi/vec4 1, 0, 5;
    %store/vec4 v0000025c58cf5330_0, 0, 5;
    %jmp T_32.17;
T_32.2 ;
    %pushi/vec4 2, 0, 5;
    %store/vec4 v0000025c58cf5330_0, 0, 5;
    %jmp T_32.17;
T_32.3 ;
    %pushi/vec4 3, 0, 5;
    %store/vec4 v0000025c58cf5330_0, 0, 5;
    %jmp T_32.17;
T_32.4 ;
    %pushi/vec4 4, 0, 5;
    %store/vec4 v0000025c58cf5330_0, 0, 5;
    %jmp T_32.17;
T_32.5 ;
    %pushi/vec4 5, 0, 5;
    %store/vec4 v0000025c58cf5330_0, 0, 5;
    %jmp T_32.17;
T_32.6 ;
    %pushi/vec4 6, 0, 5;
    %store/vec4 v0000025c58cf5330_0, 0, 5;
    %jmp T_32.17;
T_32.7 ;
    %pushi/vec4 7, 0, 5;
    %store/vec4 v0000025c58cf5330_0, 0, 5;
    %jmp T_32.17;
T_32.8 ;
    %pushi/vec4 8, 0, 5;
    %store/vec4 v0000025c58cf5330_0, 0, 5;
    %jmp T_32.17;
T_32.9 ;
    %pushi/vec4 9, 0, 5;
    %store/vec4 v0000025c58cf5330_0, 0, 5;
    %jmp T_32.17;
T_32.10 ;
    %pushi/vec4 10, 0, 5;
    %store/vec4 v0000025c58cf5330_0, 0, 5;
    %jmp T_32.17;
T_32.11 ;
    %pushi/vec4 11, 0, 5;
    %store/vec4 v0000025c58cf5330_0, 0, 5;
    %jmp T_32.17;
T_32.12 ;
    %pushi/vec4 12, 0, 5;
    %store/vec4 v0000025c58cf5330_0, 0, 5;
    %jmp T_32.17;
T_32.13 ;
    %pushi/vec4 13, 0, 5;
    %store/vec4 v0000025c58cf5330_0, 0, 5;
    %jmp T_32.17;
T_32.14 ;
    %pushi/vec4 14, 0, 5;
    %store/vec4 v0000025c58cf5330_0, 0, 5;
    %jmp T_32.17;
T_32.15 ;
    %pushi/vec4 15, 0, 5;
    %store/vec4 v0000025c58cf5330_0, 0, 5;
    %jmp T_32.17;
T_32.17 ;
    %pop/vec4 1;
    %jmp T_32;
    .thread T_32, $push;
    .scope S_0000025c58cd7e50;
T_33 ;
    %wait E_0000025c58b9b400;
    %load/vec4 v0000025c58ce1290_0;
    %flag_set/vec4 8;
    %jmp/0xz  T_33.0, 8;
    %pushi/vec4 0, 0, 1;
    %assign/vec4 v0000025c58ce1970_0, 0;
    %jmp T_33.1;
T_33.0 ;
    %load/vec4 v0000025c58ce0110_0;
    %flag_set/vec4 8;
    %jmp/0xz  T_33.2, 8;
    %load/vec4 v0000025c58cdfad0_0;
    %assign/vec4 v0000025c58ce1970_0, 0;
T_33.2 ;
T_33.1 ;
    %jmp T_33;
    .thread T_33;
    .scope S_0000025c58864200;
T_34 ;
    %wait E_0000025c58b9cc80;
    %load/vec4 v0000025c58c0c050_0;
    %dup/vec4;
    %pushi/vec4 0, 0, 3;
    %cmp/u;
    %jmp/1 T_34.0, 6;
    %dup/vec4;
    %pushi/vec4 1, 0, 3;
    %cmp/u;
    %jmp/1 T_34.1, 6;
    %dup/vec4;
    %pushi/vec4 2, 0, 3;
    %cmp/u;
    %jmp/1 T_34.2, 6;
    %dup/vec4;
    %pushi/vec4 3, 0, 3;
    %cmp/u;
    %jmp/1 T_34.3, 6;
    %dup/vec4;
    %pushi/vec4 4, 0, 3;
    %cmp/u;
    %jmp/1 T_34.4, 6;
    %dup/vec4;
    %pushi/vec4 5, 0, 3;
    %cmp/u;
    %jmp/1 T_34.5, 6;
    %dup/vec4;
    %pushi/vec4 6, 0, 3;
    %cmp/u;
    %jmp/1 T_34.6, 6;
    %dup/vec4;
    %pushi/vec4 7, 0, 3;
    %cmp/u;
    %jmp/1 T_34.7, 6;
    %pushi/vec4 0, 0, 64;
    %store/vec4 v0000025c58c0a1b0_0, 0, 64;
    %jmp T_34.9;
T_34.0 ;
    %pushi/vec4 0, 0, 64;
    %store/vec4 v0000025c58c0a1b0_0, 0, 64;
    %jmp T_34.9;
T_34.1 ;
    %load/vec4 v0000025c58c0b6f0_0;
    %store/vec4 v0000025c58c0a1b0_0, 0, 64;
    %jmp T_34.9;
T_34.2 ;
    %load/vec4 v0000025c58c0b6f0_0;
    %store/vec4 v0000025c58c0a1b0_0, 0, 64;
    %jmp T_34.9;
T_34.3 ;
    %load/vec4 v0000025c58c0c690_0;
    %store/vec4 v0000025c58c0a1b0_0, 0, 64;
    %jmp T_34.9;
T_34.4 ;
    %load/vec4 v0000025c58c0c690_0;
    %inv;
    %pushi/vec4 1, 0, 64;
    %add;
    %store/vec4 v0000025c58c0a1b0_0, 0, 64;
    %jmp T_34.9;
T_34.5 ;
    %load/vec4 v0000025c58c0b6f0_0;
    %inv;
    %pushi/vec4 1, 0, 64;
    %add;
    %store/vec4 v0000025c58c0a1b0_0, 0, 64;
    %jmp T_34.9;
T_34.6 ;
    %load/vec4 v0000025c58c0b6f0_0;
    %inv;
    %pushi/vec4 1, 0, 64;
    %add;
    %store/vec4 v0000025c58c0a1b0_0, 0, 64;
    %jmp T_34.9;
T_34.7 ;
    %pushi/vec4 0, 0, 64;
    %store/vec4 v0000025c58c0a1b0_0, 0, 64;
    %jmp T_34.9;
T_34.9 ;
    %pop/vec4 1;
    %jmp T_34;
    .thread T_34, $push;
    .scope S_0000025c5884ea00;
T_35 ;
    %wait E_0000025c58b9c540;
    %load/vec4 v0000025c58c0a390_0;
    %dup/vec4;
    %pushi/vec4 0, 0, 3;
    %cmp/u;
    %jmp/1 T_35.0, 6;
    %dup/vec4;
    %pushi/vec4 1, 0, 3;
    %cmp/u;
    %jmp/1 T_35.1, 6;
    %dup/vec4;
    %pushi/vec4 2, 0, 3;
    %cmp/u;
    %jmp/1 T_35.2, 6;
    %dup/vec4;
    %pushi/vec4 3, 0, 3;
    %cmp/u;
    %jmp/1 T_35.3, 6;
    %dup/vec4;
    %pushi/vec4 4, 0, 3;
    %cmp/u;
    %jmp/1 T_35.4, 6;
    %dup/vec4;
    %pushi/vec4 5, 0, 3;
    %cmp/u;
    %jmp/1 T_35.5, 6;
    %dup/vec4;
    %pushi/vec4 6, 0, 3;
    %cmp/u;
    %jmp/1 T_35.6, 6;
    %dup/vec4;
    %pushi/vec4 7, 0, 3;
    %cmp/u;
    %jmp/1 T_35.7, 6;
    %pushi/vec4 0, 0, 64;
    %store/vec4 v0000025c58c0b330_0, 0, 64;
    %jmp T_35.9;
T_35.0 ;
    %pushi/vec4 0, 0, 64;
    %store/vec4 v0000025c58c0b330_0, 0, 64;
    %jmp T_35.9;
T_35.1 ;
    %load/vec4 v0000025c58c0b290_0;
    %store/vec4 v0000025c58c0b330_0, 0, 64;
    %jmp T_35.9;
T_35.2 ;
    %load/vec4 v0000025c58c0b290_0;
    %store/vec4 v0000025c58c0b330_0, 0, 64;
    %jmp T_35.9;
T_35.3 ;
    %load/vec4 v0000025c58c0c730_0;
    %store/vec4 v0000025c58c0b330_0, 0, 64;
    %jmp T_35.9;
T_35.4 ;
    %load/vec4 v0000025c58c0c730_0;
    %inv;
    %pushi/vec4 1, 0, 64;
    %add;
    %store/vec4 v0000025c58c0b330_0, 0, 64;
    %jmp T_35.9;
T_35.5 ;
    %load/vec4 v0000025c58c0b290_0;
    %inv;
    %pushi/vec4 1, 0, 64;
    %add;
    %store/vec4 v0000025c58c0b330_0, 0, 64;
    %jmp T_35.9;
T_35.6 ;
    %load/vec4 v0000025c58c0b290_0;
    %inv;
    %pushi/vec4 1, 0, 64;
    %add;
    %store/vec4 v0000025c58c0b330_0, 0, 64;
    %jmp T_35.9;
T_35.7 ;
    %pushi/vec4 0, 0, 64;
    %store/vec4 v0000025c58c0b330_0, 0, 64;
    %jmp T_35.9;
T_35.9 ;
    %pop/vec4 1;
    %jmp T_35;
    .thread T_35, $push;
    .scope S_0000025c5885d8e0;
T_36 ;
    %wait E_0000025c58b9d040;
    %load/vec4 v0000025c58c0ba10_0;
    %dup/vec4;
    %pushi/vec4 0, 0, 3;
    %cmp/u;
    %jmp/1 T_36.0, 6;
    %dup/vec4;
    %pushi/vec4 1, 0, 3;
    %cmp/u;
    %jmp/1 T_36.1, 6;
    %dup/vec4;
    %pushi/vec4 2, 0, 3;
    %cmp/u;
    %jmp/1 T_36.2, 6;
    %dup/vec4;
    %pushi/vec4 3, 0, 3;
    %cmp/u;
    %jmp/1 T_36.3, 6;
    %dup/vec4;
    %pushi/vec4 4, 0, 3;
    %cmp/u;
    %jmp/1 T_36.4, 6;
    %dup/vec4;
    %pushi/vec4 5, 0, 3;
    %cmp/u;
    %jmp/1 T_36.5, 6;
    %dup/vec4;
    %pushi/vec4 6, 0, 3;
    %cmp/u;
    %jmp/1 T_36.6, 6;
    %dup/vec4;
    %pushi/vec4 7, 0, 3;
    %cmp/u;
    %jmp/1 T_36.7, 6;
    %pushi/vec4 0, 0, 64;
    %store/vec4 v0000025c58c0a610_0, 0, 64;
    %jmp T_36.9;
T_36.0 ;
    %pushi/vec4 0, 0, 64;
    %store/vec4 v0000025c58c0a610_0, 0, 64;
    %jmp T_36.9;
T_36.1 ;
    %load/vec4 v0000025c58c0c190_0;
    %store/vec4 v0000025c58c0a610_0, 0, 64;
    %jmp T_36.9;
T_36.2 ;
    %load/vec4 v0000025c58c0c190_0;
    %store/vec4 v0000025c58c0a610_0, 0, 64;
    %jmp T_36.9;
T_36.3 ;
    %load/vec4 v0000025c58c0a9d0_0;
    %store/vec4 v0000025c58c0a610_0, 0, 64;
    %jmp T_36.9;
T_36.4 ;
    %load/vec4 v0000025c58c0a9d0_0;
    %inv;
    %pushi/vec4 1, 0, 64;
    %add;
    %store/vec4 v0000025c58c0a610_0, 0, 64;
    %jmp T_36.9;
T_36.5 ;
    %load/vec4 v0000025c58c0c190_0;
    %inv;
    %pushi/vec4 1, 0, 64;
    %add;
    %store/vec4 v0000025c58c0a610_0, 0, 64;
    %jmp T_36.9;
T_36.6 ;
    %load/vec4 v0000025c58c0c190_0;
    %inv;
    %pushi/vec4 1, 0, 64;
    %add;
    %store/vec4 v0000025c58c0a610_0, 0, 64;
    %jmp T_36.9;
T_36.7 ;
    %pushi/vec4 0, 0, 64;
    %store/vec4 v0000025c58c0a610_0, 0, 64;
    %jmp T_36.9;
T_36.9 ;
    %pop/vec4 1;
    %jmp T_36;
    .thread T_36, $push;
    .scope S_0000025c58859030;
T_37 ;
    %wait E_0000025c58b9ca80;
    %load/vec4 v0000025c58c0a930_0;
    %dup/vec4;
    %pushi/vec4 0, 0, 3;
    %cmp/u;
    %jmp/1 T_37.0, 6;
    %dup/vec4;
    %pushi/vec4 1, 0, 3;
    %cmp/u;
    %jmp/1 T_37.1, 6;
    %dup/vec4;
    %pushi/vec4 2, 0, 3;
    %cmp/u;
    %jmp/1 T_37.2, 6;
    %dup/vec4;
    %pushi/vec4 3, 0, 3;
    %cmp/u;
    %jmp/1 T_37.3, 6;
    %dup/vec4;
    %pushi/vec4 4, 0, 3;
    %cmp/u;
    %jmp/1 T_37.4, 6;
    %dup/vec4;
    %pushi/vec4 5, 0, 3;
    %cmp/u;
    %jmp/1 T_37.5, 6;
    %dup/vec4;
    %pushi/vec4 6, 0, 3;
    %cmp/u;
    %jmp/1 T_37.6, 6;
    %dup/vec4;
    %pushi/vec4 7, 0, 3;
    %cmp/u;
    %jmp/1 T_37.7, 6;
    %pushi/vec4 0, 0, 64;
    %store/vec4 v0000025c58c0acf0_0, 0, 64;
    %jmp T_37.9;
T_37.0 ;
    %pushi/vec4 0, 0, 64;
    %store/vec4 v0000025c58c0acf0_0, 0, 64;
    %jmp T_37.9;
T_37.1 ;
    %load/vec4 v0000025c58c0c410_0;
    %store/vec4 v0000025c58c0acf0_0, 0, 64;
    %jmp T_37.9;
T_37.2 ;
    %load/vec4 v0000025c58c0c410_0;
    %store/vec4 v0000025c58c0acf0_0, 0, 64;
    %jmp T_37.9;
T_37.3 ;
    %load/vec4 v0000025c58c0c370_0;
    %store/vec4 v0000025c58c0acf0_0, 0, 64;
    %jmp T_37.9;
T_37.4 ;
    %load/vec4 v0000025c58c0c370_0;
    %inv;
    %pushi/vec4 1, 0, 64;
    %add;
    %store/vec4 v0000025c58c0acf0_0, 0, 64;
    %jmp T_37.9;
T_37.5 ;
    %load/vec4 v0000025c58c0c410_0;
    %inv;
    %pushi/vec4 1, 0, 64;
    %add;
    %store/vec4 v0000025c58c0acf0_0, 0, 64;
    %jmp T_37.9;
T_37.6 ;
    %load/vec4 v0000025c58c0c410_0;
    %inv;
    %pushi/vec4 1, 0, 64;
    %add;
    %store/vec4 v0000025c58c0acf0_0, 0, 64;
    %jmp T_37.9;
T_37.7 ;
    %pushi/vec4 0, 0, 64;
    %store/vec4 v0000025c58c0acf0_0, 0, 64;
    %jmp T_37.9;
T_37.9 ;
    %pop/vec4 1;
    %jmp T_37;
    .thread T_37, $push;
    .scope S_0000025c58885b30;
T_38 ;
    %wait E_0000025c58b9e0c0;
    %load/vec4 v0000025c58c0c910_0;
    %dup/vec4;
    %pushi/vec4 0, 0, 3;
    %cmp/u;
    %jmp/1 T_38.0, 6;
    %dup/vec4;
    %pushi/vec4 1, 0, 3;
    %cmp/u;
    %jmp/1 T_38.1, 6;
    %dup/vec4;
    %pushi/vec4 2, 0, 3;
    %cmp/u;
    %jmp/1 T_38.2, 6;
    %dup/vec4;
    %pushi/vec4 3, 0, 3;
    %cmp/u;
    %jmp/1 T_38.3, 6;
    %dup/vec4;
    %pushi/vec4 4, 0, 3;
    %cmp/u;
    %jmp/1 T_38.4, 6;
    %dup/vec4;
    %pushi/vec4 5, 0, 3;
    %cmp/u;
    %jmp/1 T_38.5, 6;
    %dup/vec4;
    %pushi/vec4 6, 0, 3;
    %cmp/u;
    %jmp/1 T_38.6, 6;
    %dup/vec4;
    %pushi/vec4 7, 0, 3;
    %cmp/u;
    %jmp/1 T_38.7, 6;
    %pushi/vec4 0, 0, 64;
    %store/vec4 v0000025c58c0cd70_0, 0, 64;
    %jmp T_38.9;
T_38.0 ;
    %pushi/vec4 0, 0, 64;
    %store/vec4 v0000025c58c0cd70_0, 0, 64;
    %jmp T_38.9;
T_38.1 ;
    %load/vec4 v0000025c58c0bdd0_0;
    %store/vec4 v0000025c58c0cd70_0, 0, 64;
    %jmp T_38.9;
T_38.2 ;
    %load/vec4 v0000025c58c0bdd0_0;
    %store/vec4 v0000025c58c0cd70_0, 0, 64;
    %jmp T_38.9;
T_38.3 ;
    %load/vec4 v0000025c58c0bd30_0;
    %store/vec4 v0000025c58c0cd70_0, 0, 64;
    %jmp T_38.9;
T_38.4 ;
    %load/vec4 v0000025c58c0bd30_0;
    %inv;
    %pushi/vec4 1, 0, 64;
    %add;
    %store/vec4 v0000025c58c0cd70_0, 0, 64;
    %jmp T_38.9;
T_38.5 ;
    %load/vec4 v0000025c58c0bdd0_0;
    %inv;
    %pushi/vec4 1, 0, 64;
    %add;
    %store/vec4 v0000025c58c0cd70_0, 0, 64;
    %jmp T_38.9;
T_38.6 ;
    %load/vec4 v0000025c58c0bdd0_0;
    %inv;
    %pushi/vec4 1, 0, 64;
    %add;
    %store/vec4 v0000025c58c0cd70_0, 0, 64;
    %jmp T_38.9;
T_38.7 ;
    %pushi/vec4 0, 0, 64;
    %store/vec4 v0000025c58c0cd70_0, 0, 64;
    %jmp T_38.9;
T_38.9 ;
    %pop/vec4 1;
    %jmp T_38;
    .thread T_38, $push;
    .scope S_0000025c58c77cb0;
T_39 ;
    %wait E_0000025c58b9d3c0;
    %load/vec4 v0000025c58a74f80_0;
    %dup/vec4;
    %pushi/vec4 0, 0, 3;
    %cmp/u;
    %jmp/1 T_39.0, 6;
    %dup/vec4;
    %pushi/vec4 1, 0, 3;
    %cmp/u;
    %jmp/1 T_39.1, 6;
    %dup/vec4;
    %pushi/vec4 2, 0, 3;
    %cmp/u;
    %jmp/1 T_39.2, 6;
    %dup/vec4;
    %pushi/vec4 3, 0, 3;
    %cmp/u;
    %jmp/1 T_39.3, 6;
    %dup/vec4;
    %pushi/vec4 4, 0, 3;
    %cmp/u;
    %jmp/1 T_39.4, 6;
    %dup/vec4;
    %pushi/vec4 5, 0, 3;
    %cmp/u;
    %jmp/1 T_39.5, 6;
    %dup/vec4;
    %pushi/vec4 6, 0, 3;
    %cmp/u;
    %jmp/1 T_39.6, 6;
    %dup/vec4;
    %pushi/vec4 7, 0, 3;
    %cmp/u;
    %jmp/1 T_39.7, 6;
    %pushi/vec4 0, 0, 64;
    %store/vec4 v0000025c58a76240_0, 0, 64;
    %jmp T_39.9;
T_39.0 ;
    %pushi/vec4 0, 0, 64;
    %store/vec4 v0000025c58a76240_0, 0, 64;
    %jmp T_39.9;
T_39.1 ;
    %load/vec4 v0000025c58c0c870_0;
    %store/vec4 v0000025c58a76240_0, 0, 64;
    %jmp T_39.9;
T_39.2 ;
    %load/vec4 v0000025c58c0c870_0;
    %store/vec4 v0000025c58a76240_0, 0, 64;
    %jmp T_39.9;
T_39.3 ;
    %load/vec4 v0000025c58c0ceb0_0;
    %store/vec4 v0000025c58a76240_0, 0, 64;
    %jmp T_39.9;
T_39.4 ;
    %load/vec4 v0000025c58c0ceb0_0;
    %inv;
    %pushi/vec4 1, 0, 64;
    %add;
    %store/vec4 v0000025c58a76240_0, 0, 64;
    %jmp T_39.9;
T_39.5 ;
    %load/vec4 v0000025c58c0c870_0;
    %inv;
    %pushi/vec4 1, 0, 64;
    %add;
    %store/vec4 v0000025c58a76240_0, 0, 64;
    %jmp T_39.9;
T_39.6 ;
    %load/vec4 v0000025c58c0c870_0;
    %inv;
    %pushi/vec4 1, 0, 64;
    %add;
    %store/vec4 v0000025c58a76240_0, 0, 64;
    %jmp T_39.9;
T_39.7 ;
    %pushi/vec4 0, 0, 64;
    %store/vec4 v0000025c58a76240_0, 0, 64;
    %jmp T_39.9;
T_39.9 ;
    %pop/vec4 1;
    %jmp T_39;
    .thread T_39, $push;
    .scope S_0000025c58c77e40;
T_40 ;
    %wait E_0000025c58b9d580;
    %load/vec4 v0000025c58a02440_0;
    %dup/vec4;
    %pushi/vec4 0, 0, 3;
    %cmp/u;
    %jmp/1 T_40.0, 6;
    %dup/vec4;
    %pushi/vec4 1, 0, 3;
    %cmp/u;
    %jmp/1 T_40.1, 6;
    %dup/vec4;
    %pushi/vec4 2, 0, 3;
    %cmp/u;
    %jmp/1 T_40.2, 6;
    %dup/vec4;
    %pushi/vec4 3, 0, 3;
    %cmp/u;
    %jmp/1 T_40.3, 6;
    %dup/vec4;
    %pushi/vec4 4, 0, 3;
    %cmp/u;
    %jmp/1 T_40.4, 6;
    %dup/vec4;
    %pushi/vec4 5, 0, 3;
    %cmp/u;
    %jmp/1 T_40.5, 6;
    %dup/vec4;
    %pushi/vec4 6, 0, 3;
    %cmp/u;
    %jmp/1 T_40.6, 6;
    %dup/vec4;
    %pushi/vec4 7, 0, 3;
    %cmp/u;
    %jmp/1 T_40.7, 6;
    %pushi/vec4 0, 0, 64;
    %store/vec4 v0000025c58a1b890_0, 0, 64;
    %jmp T_40.9;
T_40.0 ;
    %pushi/vec4 0, 0, 64;
    %store/vec4 v0000025c58a1b890_0, 0, 64;
    %jmp T_40.9;
T_40.1 ;
    %load/vec4 v0000025c58a02800_0;
    %store/vec4 v0000025c58a1b890_0, 0, 64;
    %jmp T_40.9;
T_40.2 ;
    %load/vec4 v0000025c58a02800_0;
    %store/vec4 v0000025c58a1b890_0, 0, 64;
    %jmp T_40.9;
T_40.3 ;
    %load/vec4 v0000025c58a02a80_0;
    %store/vec4 v0000025c58a1b890_0, 0, 64;
    %jmp T_40.9;
T_40.4 ;
    %load/vec4 v0000025c58a02a80_0;
    %inv;
    %pushi/vec4 1, 0, 64;
    %add;
    %store/vec4 v0000025c58a1b890_0, 0, 64;
    %jmp T_40.9;
T_40.5 ;
    %load/vec4 v0000025c58a02800_0;
    %inv;
    %pushi/vec4 1, 0, 64;
    %add;
    %store/vec4 v0000025c58a1b890_0, 0, 64;
    %jmp T_40.9;
T_40.6 ;
    %load/vec4 v0000025c58a02800_0;
    %inv;
    %pushi/vec4 1, 0, 64;
    %add;
    %store/vec4 v0000025c58a1b890_0, 0, 64;
    %jmp T_40.9;
T_40.7 ;
    %pushi/vec4 0, 0, 64;
    %store/vec4 v0000025c58a1b890_0, 0, 64;
    %jmp T_40.9;
T_40.9 ;
    %pop/vec4 1;
    %jmp T_40;
    .thread T_40, $push;
    .scope S_0000025c58c77670;
T_41 ;
    %wait E_0000025c58b9d9c0;
    %load/vec4 v0000025c58c7d700_0;
    %dup/vec4;
    %pushi/vec4 0, 0, 3;
    %cmp/u;
    %jmp/1 T_41.0, 6;
    %dup/vec4;
    %pushi/vec4 1, 0, 3;
    %cmp/u;
    %jmp/1 T_41.1, 6;
    %dup/vec4;
    %pushi/vec4 2, 0, 3;
    %cmp/u;
    %jmp/1 T_41.2, 6;
    %dup/vec4;
    %pushi/vec4 3, 0, 3;
    %cmp/u;
    %jmp/1 T_41.3, 6;
    %dup/vec4;
    %pushi/vec4 4, 0, 3;
    %cmp/u;
    %jmp/1 T_41.4, 6;
    %dup/vec4;
    %pushi/vec4 5, 0, 3;
    %cmp/u;
    %jmp/1 T_41.5, 6;
    %dup/vec4;
    %pushi/vec4 6, 0, 3;
    %cmp/u;
    %jmp/1 T_41.6, 6;
    %dup/vec4;
    %pushi/vec4 7, 0, 3;
    %cmp/u;
    %jmp/1 T_41.7, 6;
    %pushi/vec4 0, 0, 64;
    %store/vec4 v0000025c58c7f3c0_0, 0, 64;
    %jmp T_41.9;
T_41.0 ;
    %pushi/vec4 0, 0, 64;
    %store/vec4 v0000025c58c7f3c0_0, 0, 64;
    %jmp T_41.9;
T_41.1 ;
    %load/vec4 v0000025c58a1b110_0;
    %store/vec4 v0000025c58c7f3c0_0, 0, 64;
    %jmp T_41.9;
T_41.2 ;
    %load/vec4 v0000025c58a1b110_0;
    %store/vec4 v0000025c58c7f3c0_0, 0, 64;
    %jmp T_41.9;
T_41.3 ;
    %load/vec4 v0000025c58a1c290_0;
    %store/vec4 v0000025c58c7f3c0_0, 0, 64;
    %jmp T_41.9;
T_41.4 ;
    %load/vec4 v0000025c58a1c290_0;
    %inv;
    %pushi/vec4 1, 0, 64;
    %add;
    %store/vec4 v0000025c58c7f3c0_0, 0, 64;
    %jmp T_41.9;
T_41.5 ;
    %load/vec4 v0000025c58a1b110_0;
    %inv;
    %pushi/vec4 1, 0, 64;
    %add;
    %store/vec4 v0000025c58c7f3c0_0, 0, 64;
    %jmp T_41.9;
T_41.6 ;
    %load/vec4 v0000025c58a1b110_0;
    %inv;
    %pushi/vec4 1, 0, 64;
    %add;
    %store/vec4 v0000025c58c7f3c0_0, 0, 64;
    %jmp T_41.9;
T_41.7 ;
    %pushi/vec4 0, 0, 64;
    %store/vec4 v0000025c58c7f3c0_0, 0, 64;
    %jmp T_41.9;
T_41.9 ;
    %pop/vec4 1;
    %jmp T_41;
    .thread T_41, $push;
    .scope S_0000025c58c774e0;
T_42 ;
    %wait E_0000025c58b9da80;
    %load/vec4 v0000025c58c7e240_0;
    %dup/vec4;
    %pushi/vec4 0, 0, 3;
    %cmp/u;
    %jmp/1 T_42.0, 6;
    %dup/vec4;
    %pushi/vec4 1, 0, 3;
    %cmp/u;
    %jmp/1 T_42.1, 6;
    %dup/vec4;
    %pushi/vec4 2, 0, 3;
    %cmp/u;
    %jmp/1 T_42.2, 6;
    %dup/vec4;
    %pushi/vec4 3, 0, 3;
    %cmp/u;
    %jmp/1 T_42.3, 6;
    %dup/vec4;
    %pushi/vec4 4, 0, 3;
    %cmp/u;
    %jmp/1 T_42.4, 6;
    %dup/vec4;
    %pushi/vec4 5, 0, 3;
    %cmp/u;
    %jmp/1 T_42.5, 6;
    %dup/vec4;
    %pushi/vec4 6, 0, 3;
    %cmp/u;
    %jmp/1 T_42.6, 6;
    %dup/vec4;
    %pushi/vec4 7, 0, 3;
    %cmp/u;
    %jmp/1 T_42.7, 6;
    %pushi/vec4 0, 0, 64;
    %store/vec4 v0000025c58c7fc80_0, 0, 64;
    %jmp T_42.9;
T_42.0 ;
    %pushi/vec4 0, 0, 64;
    %store/vec4 v0000025c58c7fc80_0, 0, 64;
    %jmp T_42.9;
T_42.1 ;
    %load/vec4 v0000025c58c7d8e0_0;
    %store/vec4 v0000025c58c7fc80_0, 0, 64;
    %jmp T_42.9;
T_42.2 ;
    %load/vec4 v0000025c58c7d8e0_0;
    %store/vec4 v0000025c58c7fc80_0, 0, 64;
    %jmp T_42.9;
T_42.3 ;
    %load/vec4 v0000025c58c7f320_0;
    %store/vec4 v0000025c58c7fc80_0, 0, 64;
    %jmp T_42.9;
T_42.4 ;
    %load/vec4 v0000025c58c7f320_0;
    %inv;
    %pushi/vec4 1, 0, 64;
    %add;
    %store/vec4 v0000025c58c7fc80_0, 0, 64;
    %jmp T_42.9;
T_42.5 ;
    %load/vec4 v0000025c58c7d8e0_0;
    %inv;
    %pushi/vec4 1, 0, 64;
    %add;
    %store/vec4 v0000025c58c7fc80_0, 0, 64;
    %jmp T_42.9;
T_42.6 ;
    %load/vec4 v0000025c58c7d8e0_0;
    %inv;
    %pushi/vec4 1, 0, 64;
    %add;
    %store/vec4 v0000025c58c7fc80_0, 0, 64;
    %jmp T_42.9;
T_42.7 ;
    %pushi/vec4 0, 0, 64;
    %store/vec4 v0000025c58c7fc80_0, 0, 64;
    %jmp T_42.9;
T_42.9 ;
    %pop/vec4 1;
    %jmp T_42;
    .thread T_42, $push;
    .scope S_0000025c58c77b20;
T_43 ;
    %wait E_0000025c58b9dd80;
    %load/vec4 v0000025c58c7e7e0_0;
    %dup/vec4;
    %pushi/vec4 0, 0, 3;
    %cmp/u;
    %jmp/1 T_43.0, 6;
    %dup/vec4;
    %pushi/vec4 1, 0, 3;
    %cmp/u;
    %jmp/1 T_43.1, 6;
    %dup/vec4;
    %pushi/vec4 2, 0, 3;
    %cmp/u;
    %jmp/1 T_43.2, 6;
    %dup/vec4;
    %pushi/vec4 3, 0, 3;
    %cmp/u;
    %jmp/1 T_43.3, 6;
    %dup/vec4;
    %pushi/vec4 4, 0, 3;
    %cmp/u;
    %jmp/1 T_43.4, 6;
    %dup/vec4;
    %pushi/vec4 5, 0, 3;
    %cmp/u;
    %jmp/1 T_43.5, 6;
    %dup/vec4;
    %pushi/vec4 6, 0, 3;
    %cmp/u;
    %jmp/1 T_43.6, 6;
    %dup/vec4;
    %pushi/vec4 7, 0, 3;
    %cmp/u;
    %jmp/1 T_43.7, 6;
    %pushi/vec4 0, 0, 64;
    %store/vec4 v0000025c58c7f780_0, 0, 64;
    %jmp T_43.9;
T_43.0 ;
    %pushi/vec4 0, 0, 64;
    %store/vec4 v0000025c58c7f780_0, 0, 64;
    %jmp T_43.9;
T_43.1 ;
    %load/vec4 v0000025c58c7f0a0_0;
    %store/vec4 v0000025c58c7f780_0, 0, 64;
    %jmp T_43.9;
T_43.2 ;
    %load/vec4 v0000025c58c7f0a0_0;
    %store/vec4 v0000025c58c7f780_0, 0, 64;
    %jmp T_43.9;
T_43.3 ;
    %load/vec4 v0000025c58c7f140_0;
    %store/vec4 v0000025c58c7f780_0, 0, 64;
    %jmp T_43.9;
T_43.4 ;
    %load/vec4 v0000025c58c7f140_0;
    %inv;
    %pushi/vec4 1, 0, 64;
    %add;
    %store/vec4 v0000025c58c7f780_0, 0, 64;
    %jmp T_43.9;
T_43.5 ;
    %load/vec4 v0000025c58c7f0a0_0;
    %inv;
    %pushi/vec4 1, 0, 64;
    %add;
    %store/vec4 v0000025c58c7f780_0, 0, 64;
    %jmp T_43.9;
T_43.6 ;
    %load/vec4 v0000025c58c7f0a0_0;
    %inv;
    %pushi/vec4 1, 0, 64;
    %add;
    %store/vec4 v0000025c58c7f780_0, 0, 64;
    %jmp T_43.9;
T_43.7 ;
    %pushi/vec4 0, 0, 64;
    %store/vec4 v0000025c58c7f780_0, 0, 64;
    %jmp T_43.9;
T_43.9 ;
    %pop/vec4 1;
    %jmp T_43;
    .thread T_43, $push;
    .scope S_0000025c58c88820;
T_44 ;
    %wait E_0000025c58b9efc0;
    %load/vec4 v0000025c58c7ee20_0;
    %dup/vec4;
    %pushi/vec4 0, 0, 3;
    %cmp/u;
    %jmp/1 T_44.0, 6;
    %dup/vec4;
    %pushi/vec4 1, 0, 3;
    %cmp/u;
    %jmp/1 T_44.1, 6;
    %dup/vec4;
    %pushi/vec4 2, 0, 3;
    %cmp/u;
    %jmp/1 T_44.2, 6;
    %dup/vec4;
    %pushi/vec4 3, 0, 3;
    %cmp/u;
    %jmp/1 T_44.3, 6;
    %dup/vec4;
    %pushi/vec4 4, 0, 3;
    %cmp/u;
    %jmp/1 T_44.4, 6;
    %dup/vec4;
    %pushi/vec4 5, 0, 3;
    %cmp/u;
    %jmp/1 T_44.5, 6;
    %dup/vec4;
    %pushi/vec4 6, 0, 3;
    %cmp/u;
    %jmp/1 T_44.6, 6;
    %dup/vec4;
    %pushi/vec4 7, 0, 3;
    %cmp/u;
    %jmp/1 T_44.7, 6;
    %pushi/vec4 0, 0, 64;
    %store/vec4 v0000025c58c7f640_0, 0, 64;
    %jmp T_44.9;
T_44.0 ;
    %pushi/vec4 0, 0, 64;
    %store/vec4 v0000025c58c7f640_0, 0, 64;
    %jmp T_44.9;
T_44.1 ;
    %load/vec4 v0000025c58c7dd40_0;
    %store/vec4 v0000025c58c7f640_0, 0, 64;
    %jmp T_44.9;
T_44.2 ;
    %load/vec4 v0000025c58c7dd40_0;
    %store/vec4 v0000025c58c7f640_0, 0, 64;
    %jmp T_44.9;
T_44.3 ;
    %load/vec4 v0000025c58c7d520_0;
    %store/vec4 v0000025c58c7f640_0, 0, 64;
    %jmp T_44.9;
T_44.4 ;
    %load/vec4 v0000025c58c7d520_0;
    %inv;
    %pushi/vec4 1, 0, 64;
    %add;
    %store/vec4 v0000025c58c7f640_0, 0, 64;
    %jmp T_44.9;
T_44.5 ;
    %load/vec4 v0000025c58c7dd40_0;
    %inv;
    %pushi/vec4 1, 0, 64;
    %add;
    %store/vec4 v0000025c58c7f640_0, 0, 64;
    %jmp T_44.9;
T_44.6 ;
    %load/vec4 v0000025c58c7dd40_0;
    %inv;
    %pushi/vec4 1, 0, 64;
    %add;
    %store/vec4 v0000025c58c7f640_0, 0, 64;
    %jmp T_44.9;
T_44.7 ;
    %pushi/vec4 0, 0, 64;
    %store/vec4 v0000025c58c7f640_0, 0, 64;
    %jmp T_44.9;
T_44.9 ;
    %pop/vec4 1;
    %jmp T_44;
    .thread T_44, $push;
    .scope S_0000025c58c88500;
T_45 ;
    %wait E_0000025c58b9e5c0;
    %load/vec4 v0000025c58c7ea60_0;
    %dup/vec4;
    %pushi/vec4 0, 0, 3;
    %cmp/u;
    %jmp/1 T_45.0, 6;
    %dup/vec4;
    %pushi/vec4 1, 0, 3;
    %cmp/u;
    %jmp/1 T_45.1, 6;
    %dup/vec4;
    %pushi/vec4 2, 0, 3;
    %cmp/u;
    %jmp/1 T_45.2, 6;
    %dup/vec4;
    %pushi/vec4 3, 0, 3;
    %cmp/u;
    %jmp/1 T_45.3, 6;
    %dup/vec4;
    %pushi/vec4 4, 0, 3;
    %cmp/u;
    %jmp/1 T_45.4, 6;
    %dup/vec4;
    %pushi/vec4 5, 0, 3;
    %cmp/u;
    %jmp/1 T_45.5, 6;
    %dup/vec4;
    %pushi/vec4 6, 0, 3;
    %cmp/u;
    %jmp/1 T_45.6, 6;
    %dup/vec4;
    %pushi/vec4 7, 0, 3;
    %cmp/u;
    %jmp/1 T_45.7, 6;
    %pushi/vec4 0, 0, 64;
    %store/vec4 v0000025c58c7e420_0, 0, 64;
    %jmp T_45.9;
T_45.0 ;
    %pushi/vec4 0, 0, 64;
    %store/vec4 v0000025c58c7e420_0, 0, 64;
    %jmp T_45.9;
T_45.1 ;
    %load/vec4 v0000025c58c7f8c0_0;
    %store/vec4 v0000025c58c7e420_0, 0, 64;
    %jmp T_45.9;
T_45.2 ;
    %load/vec4 v0000025c58c7f8c0_0;
    %store/vec4 v0000025c58c7e420_0, 0, 64;
    %jmp T_45.9;
T_45.3 ;
    %load/vec4 v0000025c58c7e100_0;
    %store/vec4 v0000025c58c7e420_0, 0, 64;
    %jmp T_45.9;
T_45.4 ;
    %load/vec4 v0000025c58c7e100_0;
    %inv;
    %pushi/vec4 1, 0, 64;
    %add;
    %store/vec4 v0000025c58c7e420_0, 0, 64;
    %jmp T_45.9;
T_45.5 ;
    %load/vec4 v0000025c58c7f8c0_0;
    %inv;
    %pushi/vec4 1, 0, 64;
    %add;
    %store/vec4 v0000025c58c7e420_0, 0, 64;
    %jmp T_45.9;
T_45.6 ;
    %load/vec4 v0000025c58c7f8c0_0;
    %inv;
    %pushi/vec4 1, 0, 64;
    %add;
    %store/vec4 v0000025c58c7e420_0, 0, 64;
    %jmp T_45.9;
T_45.7 ;
    %pushi/vec4 0, 0, 64;
    %store/vec4 v0000025c58c7e420_0, 0, 64;
    %jmp T_45.9;
T_45.9 ;
    %pop/vec4 1;
    %jmp T_45;
    .thread T_45, $push;
    .scope S_0000025c58c894a0;
T_46 ;
    %wait E_0000025c58b9ee00;
    %load/vec4 v0000025c58c7eba0_0;
    %dup/vec4;
    %pushi/vec4 0, 0, 3;
    %cmp/u;
    %jmp/1 T_46.0, 6;
    %dup/vec4;
    %pushi/vec4 1, 0, 3;
    %cmp/u;
    %jmp/1 T_46.1, 6;
    %dup/vec4;
    %pushi/vec4 2, 0, 3;
    %cmp/u;
    %jmp/1 T_46.2, 6;
    %dup/vec4;
    %pushi/vec4 3, 0, 3;
    %cmp/u;
    %jmp/1 T_46.3, 6;
    %dup/vec4;
    %pushi/vec4 4, 0, 3;
    %cmp/u;
    %jmp/1 T_46.4, 6;
    %dup/vec4;
    %pushi/vec4 5, 0, 3;
    %cmp/u;
    %jmp/1 T_46.5, 6;
    %dup/vec4;
    %pushi/vec4 6, 0, 3;
    %cmp/u;
    %jmp/1 T_46.6, 6;
    %dup/vec4;
    %pushi/vec4 7, 0, 3;
    %cmp/u;
    %jmp/1 T_46.7, 6;
    %pushi/vec4 0, 0, 64;
    %store/vec4 v0000025c58c81300_0, 0, 64;
    %jmp T_46.9;
T_46.0 ;
    %pushi/vec4 0, 0, 64;
    %store/vec4 v0000025c58c81300_0, 0, 64;
    %jmp T_46.9;
T_46.1 ;
    %load/vec4 v0000025c58c7f280_0;
    %store/vec4 v0000025c58c81300_0, 0, 64;
    %jmp T_46.9;
T_46.2 ;
    %load/vec4 v0000025c58c7f280_0;
    %store/vec4 v0000025c58c81300_0, 0, 64;
    %jmp T_46.9;
T_46.3 ;
    %load/vec4 v0000025c58c7e4c0_0;
    %store/vec4 v0000025c58c81300_0, 0, 64;
    %jmp T_46.9;
T_46.4 ;
    %load/vec4 v0000025c58c7e4c0_0;
    %inv;
    %pushi/vec4 1, 0, 64;
    %add;
    %store/vec4 v0000025c58c81300_0, 0, 64;
    %jmp T_46.9;
T_46.5 ;
    %load/vec4 v0000025c58c7f280_0;
    %inv;
    %pushi/vec4 1, 0, 64;
    %add;
    %store/vec4 v0000025c58c81300_0, 0, 64;
    %jmp T_46.9;
T_46.6 ;
    %load/vec4 v0000025c58c7f280_0;
    %inv;
    %pushi/vec4 1, 0, 64;
    %add;
    %store/vec4 v0000025c58c81300_0, 0, 64;
    %jmp T_46.9;
T_46.7 ;
    %pushi/vec4 0, 0, 64;
    %store/vec4 v0000025c58c81300_0, 0, 64;
    %jmp T_46.9;
T_46.9 ;
    %pop/vec4 1;
    %jmp T_46;
    .thread T_46, $push;
    .scope S_0000025c58c8a2b0;
T_47 ;
    %wait E_0000025c58b9ec40;
    %load/vec4 v0000025c58c81800_0;
    %dup/vec4;
    %pushi/vec4 0, 0, 3;
    %cmp/u;
    %jmp/1 T_47.0, 6;
    %dup/vec4;
    %pushi/vec4 1, 0, 3;
    %cmp/u;
    %jmp/1 T_47.1, 6;
    %dup/vec4;
    %pushi/vec4 2, 0, 3;
    %cmp/u;
    %jmp/1 T_47.2, 6;
    %dup/vec4;
    %pushi/vec4 3, 0, 3;
    %cmp/u;
    %jmp/1 T_47.3, 6;
    %dup/vec4;
    %pushi/vec4 4, 0, 3;
    %cmp/u;
    %jmp/1 T_47.4, 6;
    %dup/vec4;
    %pushi/vec4 5, 0, 3;
    %cmp/u;
    %jmp/1 T_47.5, 6;
    %dup/vec4;
    %pushi/vec4 6, 0, 3;
    %cmp/u;
    %jmp/1 T_47.6, 6;
    %dup/vec4;
    %pushi/vec4 7, 0, 3;
    %cmp/u;
    %jmp/1 T_47.7, 6;
    %pushi/vec4 0, 0, 64;
    %store/vec4 v0000025c58c80680_0, 0, 64;
    %jmp T_47.9;
T_47.0 ;
    %pushi/vec4 0, 0, 64;
    %store/vec4 v0000025c58c80680_0, 0, 64;
    %jmp T_47.9;
T_47.1 ;
    %load/vec4 v0000025c58c81c60_0;
    %store/vec4 v0000025c58c80680_0, 0, 64;
    %jmp T_47.9;
T_47.2 ;
    %load/vec4 v0000025c58c81c60_0;
    %store/vec4 v0000025c58c80680_0, 0, 64;
    %jmp T_47.9;
T_47.3 ;
    %load/vec4 v0000025c58c80f40_0;
    %store/vec4 v0000025c58c80680_0, 0, 64;
    %jmp T_47.9;
T_47.4 ;
    %load/vec4 v0000025c58c80f40_0;
    %inv;
    %pushi/vec4 1, 0, 64;
    %add;
    %store/vec4 v0000025c58c80680_0, 0, 64;
    %jmp T_47.9;
T_47.5 ;
    %load/vec4 v0000025c58c81c60_0;
    %inv;
    %pushi/vec4 1, 0, 64;
    %add;
    %store/vec4 v0000025c58c80680_0, 0, 64;
    %jmp T_47.9;
T_47.6 ;
    %load/vec4 v0000025c58c81c60_0;
    %inv;
    %pushi/vec4 1, 0, 64;
    %add;
    %store/vec4 v0000025c58c80680_0, 0, 64;
    %jmp T_47.9;
T_47.7 ;
    %pushi/vec4 0, 0, 64;
    %store/vec4 v0000025c58c80680_0, 0, 64;
    %jmp T_47.9;
T_47.9 ;
    %pop/vec4 1;
    %jmp T_47;
    .thread T_47, $push;
    .scope S_0000025c58c88cd0;
T_48 ;
    %wait E_0000025c58b9e780;
    %load/vec4 v0000025c58c81620_0;
    %dup/vec4;
    %pushi/vec4 0, 0, 3;
    %cmp/u;
    %jmp/1 T_48.0, 6;
    %dup/vec4;
    %pushi/vec4 1, 0, 3;
    %cmp/u;
    %jmp/1 T_48.1, 6;
    %dup/vec4;
    %pushi/vec4 2, 0, 3;
    %cmp/u;
    %jmp/1 T_48.2, 6;
    %dup/vec4;
    %pushi/vec4 3, 0, 3;
    %cmp/u;
    %jmp/1 T_48.3, 6;
    %dup/vec4;
    %pushi/vec4 4, 0, 3;
    %cmp/u;
    %jmp/1 T_48.4, 6;
    %dup/vec4;
    %pushi/vec4 5, 0, 3;
    %cmp/u;
    %jmp/1 T_48.5, 6;
    %dup/vec4;
    %pushi/vec4 6, 0, 3;
    %cmp/u;
    %jmp/1 T_48.6, 6;
    %dup/vec4;
    %pushi/vec4 7, 0, 3;
    %cmp/u;
    %jmp/1 T_48.7, 6;
    %pushi/vec4 0, 0, 64;
    %store/vec4 v0000025c58c81d00_0, 0, 64;
    %jmp T_48.9;
T_48.0 ;
    %pushi/vec4 0, 0, 64;
    %store/vec4 v0000025c58c81d00_0, 0, 64;
    %jmp T_48.9;
T_48.1 ;
    %load/vec4 v0000025c58c80540_0;
    %store/vec4 v0000025c58c81d00_0, 0, 64;
    %jmp T_48.9;
T_48.2 ;
    %load/vec4 v0000025c58c80540_0;
    %store/vec4 v0000025c58c81d00_0, 0, 64;
    %jmp T_48.9;
T_48.3 ;
    %load/vec4 v0000025c58c7fd20_0;
    %store/vec4 v0000025c58c81d00_0, 0, 64;
    %jmp T_48.9;
T_48.4 ;
    %load/vec4 v0000025c58c7fd20_0;
    %inv;
    %pushi/vec4 1, 0, 64;
    %add;
    %store/vec4 v0000025c58c81d00_0, 0, 64;
    %jmp T_48.9;
T_48.5 ;
    %load/vec4 v0000025c58c80540_0;
    %inv;
    %pushi/vec4 1, 0, 64;
    %add;
    %store/vec4 v0000025c58c81d00_0, 0, 64;
    %jmp T_48.9;
T_48.6 ;
    %load/vec4 v0000025c58c80540_0;
    %inv;
    %pushi/vec4 1, 0, 64;
    %add;
    %store/vec4 v0000025c58c81d00_0, 0, 64;
    %jmp T_48.9;
T_48.7 ;
    %pushi/vec4 0, 0, 64;
    %store/vec4 v0000025c58c81d00_0, 0, 64;
    %jmp T_48.9;
T_48.9 ;
    %pop/vec4 1;
    %jmp T_48;
    .thread T_48, $push;
    .scope S_0000025c58c889b0;
T_49 ;
    %wait E_0000025c58b9ea00;
    %load/vec4 v0000025c58c81120_0;
    %dup/vec4;
    %pushi/vec4 0, 0, 3;
    %cmp/u;
    %jmp/1 T_49.0, 6;
    %dup/vec4;
    %pushi/vec4 1, 0, 3;
    %cmp/u;
    %jmp/1 T_49.1, 6;
    %dup/vec4;
    %pushi/vec4 2, 0, 3;
    %cmp/u;
    %jmp/1 T_49.2, 6;
    %dup/vec4;
    %pushi/vec4 3, 0, 3;
    %cmp/u;
    %jmp/1 T_49.3, 6;
    %dup/vec4;
    %pushi/vec4 4, 0, 3;
    %cmp/u;
    %jmp/1 T_49.4, 6;
    %dup/vec4;
    %pushi/vec4 5, 0, 3;
    %cmp/u;
    %jmp/1 T_49.5, 6;
    %dup/vec4;
    %pushi/vec4 6, 0, 3;
    %cmp/u;
    %jmp/1 T_49.6, 6;
    %dup/vec4;
    %pushi/vec4 7, 0, 3;
    %cmp/u;
    %jmp/1 T_49.7, 6;
    %pushi/vec4 0, 0, 64;
    %store/vec4 v0000025c58c80c20_0, 0, 64;
    %jmp T_49.9;
T_49.0 ;
    %pushi/vec4 0, 0, 64;
    %store/vec4 v0000025c58c80c20_0, 0, 64;
    %jmp T_49.9;
T_49.1 ;
    %load/vec4 v0000025c58c82020_0;
    %store/vec4 v0000025c58c80c20_0, 0, 64;
    %jmp T_49.9;
T_49.2 ;
    %load/vec4 v0000025c58c82020_0;
    %store/vec4 v0000025c58c80c20_0, 0, 64;
    %jmp T_49.9;
T_49.3 ;
    %load/vec4 v0000025c58c80900_0;
    %store/vec4 v0000025c58c80c20_0, 0, 64;
    %jmp T_49.9;
T_49.4 ;
    %load/vec4 v0000025c58c80900_0;
    %inv;
    %pushi/vec4 1, 0, 64;
    %add;
    %store/vec4 v0000025c58c80c20_0, 0, 64;
    %jmp T_49.9;
T_49.5 ;
    %load/vec4 v0000025c58c82020_0;
    %inv;
    %pushi/vec4 1, 0, 64;
    %add;
    %store/vec4 v0000025c58c80c20_0, 0, 64;
    %jmp T_49.9;
T_49.6 ;
    %load/vec4 v0000025c58c82020_0;
    %inv;
    %pushi/vec4 1, 0, 64;
    %add;
    %store/vec4 v0000025c58c80c20_0, 0, 64;
    %jmp T_49.9;
T_49.7 ;
    %pushi/vec4 0, 0, 64;
    %store/vec4 v0000025c58c80c20_0, 0, 64;
    %jmp T_49.9;
T_49.9 ;
    %pop/vec4 1;
    %jmp T_49;
    .thread T_49, $push;
    .scope S_0000025c58c88b40;
T_50 ;
    %wait E_0000025c58b9eb40;
    %load/vec4 v0000025c58c80400_0;
    %dup/vec4;
    %pushi/vec4 0, 0, 3;
    %cmp/u;
    %jmp/1 T_50.0, 6;
    %dup/vec4;
    %pushi/vec4 1, 0, 3;
    %cmp/u;
    %jmp/1 T_50.1, 6;
    %dup/vec4;
    %pushi/vec4 2, 0, 3;
    %cmp/u;
    %jmp/1 T_50.2, 6;
    %dup/vec4;
    %pushi/vec4 3, 0, 3;
    %cmp/u;
    %jmp/1 T_50.3, 6;
    %dup/vec4;
    %pushi/vec4 4, 0, 3;
    %cmp/u;
    %jmp/1 T_50.4, 6;
    %dup/vec4;
    %pushi/vec4 5, 0, 3;
    %cmp/u;
    %jmp/1 T_50.5, 6;
    %dup/vec4;
    %pushi/vec4 6, 0, 3;
    %cmp/u;
    %jmp/1 T_50.6, 6;
    %dup/vec4;
    %pushi/vec4 7, 0, 3;
    %cmp/u;
    %jmp/1 T_50.7, 6;
    %pushi/vec4 0, 0, 64;
    %store/vec4 v0000025c58c816c0_0, 0, 64;
    %jmp T_50.9;
T_50.0 ;
    %pushi/vec4 0, 0, 64;
    %store/vec4 v0000025c58c816c0_0, 0, 64;
    %jmp T_50.9;
T_50.1 ;
    %load/vec4 v0000025c58c802c0_0;
    %store/vec4 v0000025c58c816c0_0, 0, 64;
    %jmp T_50.9;
T_50.2 ;
    %load/vec4 v0000025c58c802c0_0;
    %store/vec4 v0000025c58c816c0_0, 0, 64;
    %jmp T_50.9;
T_50.3 ;
    %load/vec4 v0000025c58c804a0_0;
    %store/vec4 v0000025c58c816c0_0, 0, 64;
    %jmp T_50.9;
T_50.4 ;
    %load/vec4 v0000025c58c804a0_0;
    %inv;
    %pushi/vec4 1, 0, 64;
    %add;
    %store/vec4 v0000025c58c816c0_0, 0, 64;
    %jmp T_50.9;
T_50.5 ;
    %load/vec4 v0000025c58c802c0_0;
    %inv;
    %pushi/vec4 1, 0, 64;
    %add;
    %store/vec4 v0000025c58c816c0_0, 0, 64;
    %jmp T_50.9;
T_50.6 ;
    %load/vec4 v0000025c58c802c0_0;
    %inv;
    %pushi/vec4 1, 0, 64;
    %add;
    %store/vec4 v0000025c58c816c0_0, 0, 64;
    %jmp T_50.9;
T_50.7 ;
    %pushi/vec4 0, 0, 64;
    %store/vec4 v0000025c58c816c0_0, 0, 64;
    %jmp T_50.9;
T_50.9 ;
    %pop/vec4 1;
    %jmp T_50;
    .thread T_50, $push;
    .scope S_0000025c58c897c0;
T_51 ;
    %wait E_0000025c58b9f240;
    %load/vec4 v0000025c58c82660_0;
    %cmpi/e 0, 0, 32;
    %jmp/0xz  T_51.0, 4;
    %pushi/vec4 4294967295, 0, 32;
    %store/vec4 v0000025c58c84280_0, 0, 32;
    %load/vec4 v0000025c58c836a0_0;
    %store/vec4 v0000025c58c84960_0, 0, 32;
    %jmp T_51.1;
T_51.0 ;
    %pushi/vec4 0, 0, 32;
    %load/vec4 v0000025c58c836a0_0;
    %concat/vec4; draw_concat_vec4
    %store/vec4 v0000025c58c83600_0, 0, 64;
    %load/vec4 v0000025c58c82660_0;
    %store/vec4 v0000025c58c82b60_0, 0, 32;
    %pushi/vec4 0, 0, 32;
    %store/vec4 v0000025c58c846e0_0, 0, 32;
T_51.2 ;
    %load/vec4 v0000025c58c846e0_0;
    %cmpi/s 32, 0, 32;
    %jmp/0xz T_51.3, 5;
    %load/vec4 v0000025c58c83600_0;
    %ix/load 4, 1, 0;
    %flag_set/imm 4, 0;
    %shiftl 4;
    %store/vec4 v0000025c58c83600_0, 0, 64;
    %load/vec4 v0000025c58c83600_0;
    %parti/s 1, 63, 7;
    %flag_set/vec4 8;
    %jmp/0xz  T_51.4, 8;
    %load/vec4 v0000025c58c83600_0;
    %parti/s 32, 32, 7;
    %load/vec4 v0000025c58c82b60_0;
    %add;
    %ix/load 4, 32, 0;
    %flag_set/imm 4, 0;
    %store/vec4 v0000025c58c83600_0, 4, 32;
    %jmp T_51.5;
T_51.4 ;
    %load/vec4 v0000025c58c83600_0;
    %parti/s 32, 32, 7;
    %load/vec4 v0000025c58c82b60_0;
    %sub;
    %ix/load 4, 32, 0;
    %flag_set/imm 4, 0;
    %store/vec4 v0000025c58c83600_0, 4, 32;
T_51.5 ;
    %load/vec4 v0000025c58c83600_0;
    %parti/s 1, 63, 7;
    %flag_set/vec4 8;
    %jmp/0xz  T_51.6, 8;
    %pushi/vec4 0, 0, 1;
    %ix/load 4, 0, 0;
    %flag_set/imm 4, 0;
    %store/vec4 v0000025c58c83600_0, 4, 1;
    %jmp T_51.7;
T_51.6 ;
    %pushi/vec4 1, 0, 1;
    %ix/load 4, 0, 0;
    %flag_set/imm 4, 0;
    %store/vec4 v0000025c58c83600_0, 4, 1;
T_51.7 ;
    %load/vec4 v0000025c58c846e0_0;
    %addi 1, 0, 32;
    %store/vec4 v0000025c58c846e0_0, 0, 32;
    %jmp T_51.2;
T_51.3 ;
    %load/vec4 v0000025c58c83600_0;
    %parti/s 1, 63, 7;
    %flag_set/vec4 8;
    %jmp/0xz  T_51.8, 8;
    %load/vec4 v0000025c58c83600_0;
    %parti/s 32, 32, 7;
    %load/vec4 v0000025c58c82b60_0;
    %add;
    %store/vec4 v0000025c58c84960_0, 0, 32;
    %jmp T_51.9;
T_51.8 ;
    %load/vec4 v0000025c58c83600_0;
    %parti/s 32, 32, 7;
    %store/vec4 v0000025c58c84960_0, 0, 32;
T_51.9 ;
    %load/vec4 v0000025c58c83600_0;
    %parti/s 32, 0, 2;
    %store/vec4 v0000025c58c84280_0, 0, 32;
T_51.1 ;
    %jmp T_51;
    .thread T_51, $push;
    .scope S_0000025c5886d120;
T_52 ;
    %wait E_0000025c58b9cfc0;
    %pushi/vec4 0, 0, 1;
    %store/vec4 v0000025c58cbb720_0, 0, 1;
    %load/vec4 v0000025c58cbb900_0;
    %dup/vec4;
    %pushi/vec4 0, 0, 5;
    %cmp/u;
    %jmp/1 T_52.0, 6;
    %dup/vec4;
    %pushi/vec4 1, 0, 5;
    %cmp/u;
    %jmp/1 T_52.1, 6;
    %dup/vec4;
    %pushi/vec4 2, 0, 5;
    %cmp/u;
    %jmp/1 T_52.2, 6;
    %dup/vec4;
    %pushi/vec4 3, 0, 5;
    %cmp/u;
    %jmp/1 T_52.3, 6;
    %dup/vec4;
    %pushi/vec4 4, 0, 5;
    %cmp/u;
    %jmp/1 T_52.4, 6;
    %dup/vec4;
    %pushi/vec4 5, 0, 5;
    %cmp/u;
    %jmp/1 T_52.5, 6;
    %dup/vec4;
    %pushi/vec4 6, 0, 5;
    %cmp/u;
    %jmp/1 T_52.6, 6;
    %dup/vec4;
    %pushi/vec4 7, 0, 5;
    %cmp/u;
    %jmp/1 T_52.7, 6;
    %dup/vec4;
    %pushi/vec4 8, 0, 5;
    %cmp/u;
    %jmp/1 T_52.8, 6;
    %dup/vec4;
    %pushi/vec4 9, 0, 5;
    %cmp/u;
    %jmp/1 T_52.9, 6;
    %dup/vec4;
    %pushi/vec4 10, 0, 5;
    %cmp/u;
    %jmp/1 T_52.10, 6;
    %dup/vec4;
    %pushi/vec4 11, 0, 5;
    %cmp/u;
    %jmp/1 T_52.11, 6;
    %dup/vec4;
    %pushi/vec4 12, 0, 5;
    %cmp/u;
    %jmp/1 T_52.12, 6;
    %pushi/vec4 0, 0, 64;
    %store/vec4 v0000025c58cbc080_0, 0, 64;
    %jmp T_52.14;
T_52.0 ;
    %pushi/vec4 0, 0, 32;
    %load/vec4 v0000025c58cbc300_0;
    %concat/vec4; draw_concat_vec4
    %store/vec4 v0000025c58cbc080_0, 0, 64;
    %load/vec4 v0000025c58cba3c0_0;
    %store/vec4 v0000025c58cbb720_0, 0, 1;
    %jmp T_52.14;
T_52.1 ;
    %pushi/vec4 0, 0, 32;
    %load/vec4 v0000025c58cbadc0_0;
    %concat/vec4; draw_concat_vec4
    %store/vec4 v0000025c58cbc080_0, 0, 64;
    %load/vec4 v0000025c58cbaa00_0;
    %store/vec4 v0000025c58cbb720_0, 0, 1;
    %jmp T_52.14;
T_52.2 ;
    %load/vec4 v0000025c58cbc260_0;
    %store/vec4 v0000025c58cbc080_0, 0, 64;
    %jmp T_52.14;
T_52.3 ;
    %load/vec4 v0000025c58cba460_0;
    %load/vec4 v0000025c58cbb180_0;
    %concat/vec4; draw_concat_vec4
    %store/vec4 v0000025c58cbc080_0, 0, 64;
    %jmp T_52.14;
T_52.4 ;
    %pushi/vec4 0, 0, 32;
    %load/vec4 v0000025c58cbb5e0_0;
    %load/vec4 v0000025c58cbb7c0_0;
    %and;
    %concat/vec4; draw_concat_vec4
    %store/vec4 v0000025c58cbc080_0, 0, 64;
    %jmp T_52.14;
T_52.5 ;
    %pushi/vec4 0, 0, 32;
    %load/vec4 v0000025c58cbb5e0_0;
    %load/vec4 v0000025c58cbb7c0_0;
    %or;
    %concat/vec4; draw_concat_vec4
    %store/vec4 v0000025c58cbc080_0, 0, 64;
    %jmp T_52.14;
T_52.6 ;
    %pushi/vec4 0, 0, 32;
    %load/vec4 v0000025c58cbb7c0_0;
    %inv;
    %concat/vec4; draw_concat_vec4
    %store/vec4 v0000025c58cbc080_0, 0, 64;
    %jmp T_52.14;
T_52.7 ;
    %pushi/vec4 0, 0, 32;
    %load/vec4 v0000025c58cbbea0_0;
    %concat/vec4; draw_concat_vec4
    %store/vec4 v0000025c58cbc080_0, 0, 64;
    %jmp T_52.14;
T_52.8 ;
    %pushi/vec4 0, 0, 32;
    %load/vec4 v0000025c58cbc580_0;
    %concat/vec4; draw_concat_vec4
    %store/vec4 v0000025c58cbc080_0, 0, 64;
    %jmp T_52.14;
T_52.9 ;
    %pushi/vec4 0, 0, 32;
    %load/vec4 v0000025c58cbc620_0;
    %concat/vec4; draw_concat_vec4
    %store/vec4 v0000025c58cbc080_0, 0, 64;
    %jmp T_52.14;
T_52.10 ;
    %pushi/vec4 0, 0, 32;
    %load/vec4 v0000025c58cbb9a0_0;
    %concat/vec4; draw_concat_vec4
    %store/vec4 v0000025c58cbc080_0, 0, 64;
    %jmp T_52.14;
T_52.11 ;
    %pushi/vec4 0, 0, 32;
    %load/vec4 v0000025c58cbc440_0;
    %concat/vec4; draw_concat_vec4
    %store/vec4 v0000025c58cbc080_0, 0, 64;
    %jmp T_52.14;
T_52.12 ;
    %pushi/vec4 0, 0, 32;
    %load/vec4 v0000025c58cbad20_0;
    %concat/vec4; draw_concat_vec4
    %store/vec4 v0000025c58cbc080_0, 0, 64;
    %jmp T_52.14;
T_52.14 ;
    %pop/vec4 1;
    %jmp T_52;
    .thread T_52, $push;
    .scope S_0000025c58cef0b0;
T_53 ;
    %wait E_0000025c58b9b400;
    %load/vec4 v0000025c58cf7770_0;
    %flag_set/vec4 8;
    %jmp/0xz  T_53.0, 8;
    %pushi/vec4 0, 0, 32;
    %assign/vec4 v0000025c58cf6d70_0, 0;
    %jmp T_53.1;
T_53.0 ;
    %load/vec4 v0000025c58cf7590_0;
    %flag_set/vec4 8;
    %jmp/0xz  T_53.2, 8;
    %load/vec4 v0000025c58cf6a50_0;
    %assign/vec4 v0000025c58cf6d70_0, 0;
T_53.2 ;
T_53.1 ;
    %jmp T_53;
    .thread T_53;
    .scope S_0000025c58cd9a70;
T_54 ;
    %wait E_0000025c58b9b400;
    %load/vec4 v0000025c58cdfe90_0;
    %flag_set/vec4 8;
    %jmp/0xz  T_54.0, 8;
    %pushi/vec4 0, 0, 32;
    %assign/vec4 v0000025c58cdfcb0_0, 0;
    %jmp T_54.1;
T_54.0 ;
    %load/vec4 v0000025c58ce1bf0_0;
    %flag_set/vec4 8;
    %jmp/0xz  T_54.2, 8;
    %load/vec4 v0000025c58cdfdf0_0;
    %assign/vec4 v0000025c58cdfcb0_0, 0;
T_54.2 ;
T_54.1 ;
    %jmp T_54;
    .thread T_54;
    .scope S_0000025c58cd8620;
T_55 ;
    %wait E_0000025c58b9f280;
    %load/vec4 v0000025c58cbc6c0_0;
    %dup/vec4;
    %pushi/vec4 0, 0, 5;
    %cmp/u;
    %jmp/1 T_55.0, 6;
    %dup/vec4;
    %pushi/vec4 1, 0, 5;
    %cmp/u;
    %jmp/1 T_55.1, 6;
    %dup/vec4;
    %pushi/vec4 2, 0, 5;
    %cmp/u;
    %jmp/1 T_55.2, 6;
    %dup/vec4;
    %pushi/vec4 3, 0, 5;
    %cmp/u;
    %jmp/1 T_55.3, 6;
    %dup/vec4;
    %pushi/vec4 4, 0, 5;
    %cmp/u;
    %jmp/1 T_55.4, 6;
    %dup/vec4;
    %pushi/vec4 5, 0, 5;
    %cmp/u;
    %jmp/1 T_55.5, 6;
    %dup/vec4;
    %pushi/vec4 6, 0, 5;
    %cmp/u;
    %jmp/1 T_55.6, 6;
    %dup/vec4;
    %pushi/vec4 7, 0, 5;
    %cmp/u;
    %jmp/1 T_55.7, 6;
    %dup/vec4;
    %pushi/vec4 8, 0, 5;
    %cmp/u;
    %jmp/1 T_55.8, 6;
    %dup/vec4;
    %pushi/vec4 9, 0, 5;
    %cmp/u;
    %jmp/1 T_55.9, 6;
    %dup/vec4;
    %pushi/vec4 10, 0, 5;
    %cmp/u;
    %jmp/1 T_55.10, 6;
    %dup/vec4;
    %pushi/vec4 11, 0, 5;
    %cmp/u;
    %jmp/1 T_55.11, 6;
    %dup/vec4;
    %pushi/vec4 12, 0, 5;
    %cmp/u;
    %jmp/1 T_55.12, 6;
    %dup/vec4;
    %pushi/vec4 13, 0, 5;
    %cmp/u;
    %jmp/1 T_55.13, 6;
    %dup/vec4;
    %pushi/vec4 14, 0, 5;
    %cmp/u;
    %jmp/1 T_55.14, 6;
    %dup/vec4;
    %pushi/vec4 15, 0, 5;
    %cmp/u;
    %jmp/1 T_55.15, 6;
    %dup/vec4;
    %pushi/vec4 16, 0, 5;
    %cmp/u;
    %jmp/1 T_55.16, 6;
    %dup/vec4;
    %pushi/vec4 17, 0, 5;
    %cmp/u;
    %jmp/1 T_55.17, 6;
    %dup/vec4;
    %pushi/vec4 18, 0, 5;
    %cmp/u;
    %jmp/1 T_55.18, 6;
    %dup/vec4;
    %pushi/vec4 19, 0, 5;
    %cmp/u;
    %jmp/1 T_55.19, 6;
    %dup/vec4;
    %pushi/vec4 20, 0, 5;
    %cmp/u;
    %jmp/1 T_55.20, 6;
    %dup/vec4;
    %pushi/vec4 21, 0, 5;
    %cmp/u;
    %jmp/1 T_55.21, 6;
    %dup/vec4;
    %pushi/vec4 22, 0, 5;
    %cmp/u;
    %jmp/1 T_55.22, 6;
    %dup/vec4;
    %pushi/vec4 23, 0, 5;
    %cmp/u;
    %jmp/1 T_55.23, 6;
    %pushi/vec4 0, 0, 32;
    %store/vec4 v0000025c58cbaf00_0, 0, 32;
    %jmp T_55.25;
T_55.0 ;
    %load/vec4 v0000025c58ce1790_0;
    %store/vec4 v0000025c58cbaf00_0, 0, 32;
    %jmp T_55.25;
T_55.1 ;
    %load/vec4 v0000025c58ce1650_0;
    %store/vec4 v0000025c58cbaf00_0, 0, 32;
    %jmp T_55.25;
T_55.2 ;
    %load/vec4 v0000025c58ce1d30_0;
    %store/vec4 v0000025c58cbaf00_0, 0, 32;
    %jmp T_55.25;
T_55.3 ;
    %load/vec4 v0000025c58ce0750_0;
    %store/vec4 v0000025c58cbaf00_0, 0, 32;
    %jmp T_55.25;
T_55.4 ;
    %load/vec4 v0000025c58cdfc10_0;
    %store/vec4 v0000025c58cbaf00_0, 0, 32;
    %jmp T_55.25;
T_55.5 ;
    %load/vec4 v0000025c58ce11f0_0;
    %store/vec4 v0000025c58cbaf00_0, 0, 32;
    %jmp T_55.25;
T_55.6 ;
    %load/vec4 v0000025c58ce1dd0_0;
    %store/vec4 v0000025c58cbaf00_0, 0, 32;
    %jmp T_55.25;
T_55.7 ;
    %load/vec4 v0000025c58ce1150_0;
    %store/vec4 v0000025c58cbaf00_0, 0, 32;
    %jmp T_55.25;
T_55.8 ;
    %load/vec4 v0000025c58ce0cf0_0;
    %store/vec4 v0000025c58cbaf00_0, 0, 32;
    %jmp T_55.25;
T_55.9 ;
    %load/vec4 v0000025c58ce1ab0_0;
    %store/vec4 v0000025c58cbaf00_0, 0, 32;
    %jmp T_55.25;
T_55.10 ;
    %load/vec4 v0000025c58ce0070_0;
    %store/vec4 v0000025c58cbaf00_0, 0, 32;
    %jmp T_55.25;
T_55.11 ;
    %load/vec4 v0000025c58ce0390_0;
    %store/vec4 v0000025c58cbaf00_0, 0, 32;
    %jmp T_55.25;
T_55.12 ;
    %load/vec4 v0000025c58ce1c90_0;
    %store/vec4 v0000025c58cbaf00_0, 0, 32;
    %jmp T_55.25;
T_55.13 ;
    %load/vec4 v0000025c58ce10b0_0;
    %store/vec4 v0000025c58cbaf00_0, 0, 32;
    %jmp T_55.25;
T_55.14 ;
    %load/vec4 v0000025c58cdfb70_0;
    %store/vec4 v0000025c58cbaf00_0, 0, 32;
    %jmp T_55.25;
T_55.15 ;
    %load/vec4 v0000025c58ce0bb0_0;
    %store/vec4 v0000025c58cbaf00_0, 0, 32;
    %jmp T_55.25;
T_55.16 ;
    %load/vec4 v0000025c58cbc800_0;
    %store/vec4 v0000025c58cbaf00_0, 0, 32;
    %jmp T_55.25;
T_55.17 ;
    %load/vec4 v0000025c58ce1f10_0;
    %store/vec4 v0000025c58cbaf00_0, 0, 32;
    %jmp T_55.25;
T_55.18 ;
    %load/vec4 v0000025c58ce0570_0;
    %store/vec4 v0000025c58cbaf00_0, 0, 32;
    %jmp T_55.25;
T_55.19 ;
    %load/vec4 v0000025c58ce1a10_0;
    %store/vec4 v0000025c58cbaf00_0, 0, 32;
    %jmp T_55.25;
T_55.20 ;
    %load/vec4 v0000025c58ce07f0_0;
    %store/vec4 v0000025c58cbaf00_0, 0, 32;
    %jmp T_55.25;
T_55.21 ;
    %load/vec4 v0000025c58ce1010_0;
    %store/vec4 v0000025c58cbaf00_0, 0, 32;
    %jmp T_55.25;
T_55.22 ;
    %load/vec4 v0000025c58cba0a0_0;
    %store/vec4 v0000025c58cbaf00_0, 0, 32;
    %jmp T_55.25;
T_55.23 ;
    %load/vec4 v0000025c58cbc760_0;
    %store/vec4 v0000025c58cbaf00_0, 0, 32;
    %jmp T_55.25;
T_55.25 ;
    %pop/vec4 1;
    %jmp T_55;
    .thread T_55, $push;
    .scope S_0000025c5886f5c0;
T_56 ;
    %wait E_0000025c58b9b400;
    %load/vec4 v0000025c58cfd7b0_0;
    %flag_set/vec4 8;
    %jmp/0xz  T_56.0, 8;
    %pushi/vec4 0, 0, 64;
    %assign/vec4 v0000025c58cfa150_0, 0;
    %pushi/vec4 0, 0, 1;
    %assign/vec4 v0000025c58cfcdb0_0, 0;
    %jmp T_56.1;
T_56.0 ;
    %load/vec4 v0000025c58cfb370_0;
    %flag_set/vec4 8;
    %jmp/0xz  T_56.2, 8;
    %load/vec4 v0000025c58cfa970_0;
    %assign/vec4 v0000025c58cfa150_0, 0;
    %load/vec4 v0000025c58cfa510_0;
    %assign/vec4 v0000025c58cfcdb0_0, 0;
T_56.2 ;
T_56.1 ;
    %jmp T_56;
    .thread T_56;
    .scope S_0000025c58cf2120;
T_57 ;
    %wait E_0000025c58b12cd0;
    %load/vec4 v0000025c58d007d0_0;
    %dup/vec4;
    %pushi/vec4 0, 0, 4;
    %cmp/u;
    %jmp/1 T_57.0, 6;
    %dup/vec4;
    %pushi/vec4 1, 0, 4;
    %cmp/u;
    %jmp/1 T_57.1, 6;
    %dup/vec4;
    %pushi/vec4 2, 0, 4;
    %cmp/u;
    %jmp/1 T_57.2, 6;
    %dup/vec4;
    %pushi/vec4 3, 0, 4;
    %cmp/u;
    %jmp/1 T_57.3, 6;
    %dup/vec4;
    %pushi/vec4 4, 0, 4;
    %cmp/u;
    %jmp/1 T_57.4, 6;
    %dup/vec4;
    %pushi/vec4 5, 0, 4;
    %cmp/u;
    %jmp/1 T_57.5, 6;
    %dup/vec4;
    %pushi/vec4 6, 0, 4;
    %cmp/u;
    %jmp/1 T_57.6, 6;
    %dup/vec4;
    %pushi/vec4 7, 0, 4;
    %cmp/u;
    %jmp/1 T_57.7, 6;
    %dup/vec4;
    %pushi/vec4 8, 0, 4;
    %cmp/u;
    %jmp/1 T_57.8, 6;
    %dup/vec4;
    %pushi/vec4 9, 0, 4;
    %cmp/u;
    %jmp/1 T_57.9, 6;
    %dup/vec4;
    %pushi/vec4 10, 0, 4;
    %cmp/u;
    %jmp/1 T_57.10, 6;
    %dup/vec4;
    %pushi/vec4 11, 0, 4;
    %cmp/u;
    %jmp/1 T_57.11, 6;
    %dup/vec4;
    %pushi/vec4 12, 0, 4;
    %cmp/u;
    %jmp/1 T_57.12, 6;
    %dup/vec4;
    %pushi/vec4 13, 0, 4;
    %cmp/u;
    %jmp/1 T_57.13, 6;
    %dup/vec4;
    %pushi/vec4 14, 0, 4;
    %cmp/u;
    %jmp/1 T_57.14, 6;
    %dup/vec4;
    %pushi/vec4 15, 0, 4;
    %cmp/u;
    %jmp/1 T_57.15, 6;
    %pushi/vec4 127, 0, 7;
    %store/vec4 v0000025c58d00870_0, 0, 7;
    %jmp T_57.17;
T_57.0 ;
    %pushi/vec4 64, 0, 7;
    %store/vec4 v0000025c58d00870_0, 0, 7;
    %jmp T_57.17;
T_57.1 ;
    %pushi/vec4 121, 0, 7;
    %store/vec4 v0000025c58d00870_0, 0, 7;
    %jmp T_57.17;
T_57.2 ;
    %pushi/vec4 36, 0, 7;
    %store/vec4 v0000025c58d00870_0, 0, 7;
    %jmp T_57.17;
T_57.3 ;
    %pushi/vec4 48, 0, 7;
    %store/vec4 v0000025c58d00870_0, 0, 7;
    %jmp T_57.17;
T_57.4 ;
    %pushi/vec4 25, 0, 7;
    %store/vec4 v0000025c58d00870_0, 0, 7;
    %jmp T_57.17;
T_57.5 ;
    %pushi/vec4 18, 0, 7;
    %store/vec4 v0000025c58d00870_0, 0, 7;
    %jmp T_57.17;
T_57.6 ;
    %pushi/vec4 2, 0, 7;
    %store/vec4 v0000025c58d00870_0, 0, 7;
    %jmp T_57.17;
T_57.7 ;
    %pushi/vec4 120, 0, 7;
    %store/vec4 v0000025c58d00870_0, 0, 7;
    %jmp T_57.17;
T_57.8 ;
    %pushi/vec4 0, 0, 7;
    %store/vec4 v0000025c58d00870_0, 0, 7;
    %jmp T_57.17;
T_57.9 ;
    %pushi/vec4 16, 0, 7;
    %store/vec4 v0000025c58d00870_0, 0, 7;
    %jmp T_57.17;
T_57.10 ;
    %pushi/vec4 8, 0, 7;
    %store/vec4 v0000025c58d00870_0, 0, 7;
    %jmp T_57.17;
T_57.11 ;
    %pushi/vec4 3, 0, 7;
    %store/vec4 v0000025c58d00870_0, 0, 7;
    %jmp T_57.17;
T_57.12 ;
    %pushi/vec4 70, 0, 7;
    %store/vec4 v0000025c58d00870_0, 0, 7;
    %jmp T_57.17;
T_57.13 ;
    %pushi/vec4 33, 0, 7;
    %store/vec4 v0000025c58d00870_0, 0, 7;
    %jmp T_57.17;
T_57.14 ;
    %pushi/vec4 6, 0, 7;
    %store/vec4 v0000025c58d00870_0, 0, 7;
    %jmp T_57.17;
T_57.15 ;
    %pushi/vec4 14, 0, 7;
    %store/vec4 v0000025c58d00870_0, 0, 7;
    %jmp T_57.17;
T_57.17 ;
    %pop/vec4 1;
    %jmp T_57;
    .thread T_57, $push;
    .scope S_0000025c58cf01e0;
T_58 ;
    %wait E_0000025c58b13550;
    %load/vec4 v0000025c58cff510_0;
    %dup/vec4;
    %pushi/vec4 0, 0, 4;
    %cmp/u;
    %jmp/1 T_58.0, 6;
    %dup/vec4;
    %pushi/vec4 1, 0, 4;
    %cmp/u;
    %jmp/1 T_58.1, 6;
    %dup/vec4;
    %pushi/vec4 2, 0, 4;
    %cmp/u;
    %jmp/1 T_58.2, 6;
    %dup/vec4;
    %pushi/vec4 3, 0, 4;
    %cmp/u;
    %jmp/1 T_58.3, 6;
    %dup/vec4;
    %pushi/vec4 4, 0, 4;
    %cmp/u;
    %jmp/1 T_58.4, 6;
    %dup/vec4;
    %pushi/vec4 5, 0, 4;
    %cmp/u;
    %jmp/1 T_58.5, 6;
    %dup/vec4;
    %pushi/vec4 6, 0, 4;
    %cmp/u;
    %jmp/1 T_58.6, 6;
    %dup/vec4;
    %pushi/vec4 7, 0, 4;
    %cmp/u;
    %jmp/1 T_58.7, 6;
    %dup/vec4;
    %pushi/vec4 8, 0, 4;
    %cmp/u;
    %jmp/1 T_58.8, 6;
    %dup/vec4;
    %pushi/vec4 9, 0, 4;
    %cmp/u;
    %jmp/1 T_58.9, 6;
    %dup/vec4;
    %pushi/vec4 10, 0, 4;
    %cmp/u;
    %jmp/1 T_58.10, 6;
    %dup/vec4;
    %pushi/vec4 11, 0, 4;
    %cmp/u;
    %jmp/1 T_58.11, 6;
    %dup/vec4;
    %pushi/vec4 12, 0, 4;
    %cmp/u;
    %jmp/1 T_58.12, 6;
    %dup/vec4;
    %pushi/vec4 13, 0, 4;
    %cmp/u;
    %jmp/1 T_58.13, 6;
    %dup/vec4;
    %pushi/vec4 14, 0, 4;
    %cmp/u;
    %jmp/1 T_58.14, 6;
    %dup/vec4;
    %pushi/vec4 15, 0, 4;
    %cmp/u;
    %jmp/1 T_58.15, 6;
    %pushi/vec4 127, 0, 7;
    %store/vec4 v0000025c58d00370_0, 0, 7;
    %jmp T_58.17;
T_58.0 ;
    %pushi/vec4 64, 0, 7;
    %store/vec4 v0000025c58d00370_0, 0, 7;
    %jmp T_58.17;
T_58.1 ;
    %pushi/vec4 121, 0, 7;
    %store/vec4 v0000025c58d00370_0, 0, 7;
    %jmp T_58.17;
T_58.2 ;
    %pushi/vec4 36, 0, 7;
    %store/vec4 v0000025c58d00370_0, 0, 7;
    %jmp T_58.17;
T_58.3 ;
    %pushi/vec4 48, 0, 7;
    %store/vec4 v0000025c58d00370_0, 0, 7;
    %jmp T_58.17;
T_58.4 ;
    %pushi/vec4 25, 0, 7;
    %store/vec4 v0000025c58d00370_0, 0, 7;
    %jmp T_58.17;
T_58.5 ;
    %pushi/vec4 18, 0, 7;
    %store/vec4 v0000025c58d00370_0, 0, 7;
    %jmp T_58.17;
T_58.6 ;
    %pushi/vec4 2, 0, 7;
    %store/vec4 v0000025c58d00370_0, 0, 7;
    %jmp T_58.17;
T_58.7 ;
    %pushi/vec4 120, 0, 7;
    %store/vec4 v0000025c58d00370_0, 0, 7;
    %jmp T_58.17;
T_58.8 ;
    %pushi/vec4 0, 0, 7;
    %store/vec4 v0000025c58d00370_0, 0, 7;
    %jmp T_58.17;
T_58.9 ;
    %pushi/vec4 16, 0, 7;
    %store/vec4 v0000025c58d00370_0, 0, 7;
    %jmp T_58.17;
T_58.10 ;
    %pushi/vec4 8, 0, 7;
    %store/vec4 v0000025c58d00370_0, 0, 7;
    %jmp T_58.17;
T_58.11 ;
    %pushi/vec4 3, 0, 7;
    %store/vec4 v0000025c58d00370_0, 0, 7;
    %jmp T_58.17;
T_58.12 ;
    %pushi/vec4 70, 0, 7;
    %store/vec4 v0000025c58d00370_0, 0, 7;
    %jmp T_58.17;
T_58.13 ;
    %pushi/vec4 33, 0, 7;
    %store/vec4 v0000025c58d00370_0, 0, 7;
    %jmp T_58.17;
T_58.14 ;
    %pushi/vec4 6, 0, 7;
    %store/vec4 v0000025c58d00370_0, 0, 7;
    %jmp T_58.17;
T_58.15 ;
    %pushi/vec4 14, 0, 7;
    %store/vec4 v0000025c58d00370_0, 0, 7;
    %jmp T_58.17;
T_58.17 ;
    %pop/vec4 1;
    %jmp T_58;
    .thread T_58, $push;
    .scope S_0000025c588831a0;
T_59 ;
    %pushi/vec4 0, 0, 12;
    %store/vec4 v0000025c58d018b0_0, 0, 12;
    %pushi/vec4 0, 0, 2;
    %store/vec4 v0000025c58d00050_0, 0, 2;
    %pushi/vec4 0, 0, 2;
    %store/vec4 v0000025c58d00ff0_0, 0, 2;
    %end;
    .thread T_59;
    .scope S_0000025c588831a0;
T_60 ;
    %wait E_0000025c58b9bd00;
    %load/vec4 v0000025c58d018b0_0;
    %addi 1, 0, 12;
    %assign/vec4 v0000025c58d018b0_0, 0;
    %jmp T_60;
    .thread T_60;
    .scope S_0000025c588831a0;
T_61 ;
    %wait E_0000025c58ba8880;
    %load/vec4 v0000025c58d00910_0;
    %inv;
    %assign/vec4 v0000025c58d00050_0, 0;
    %load/vec4 v0000025c58d00050_0;
    %assign/vec4 v0000025c58d00ff0_0, 0;
    %jmp T_61;
    .thread T_61;
# The file index is used to find the file name in the following table.
:file_names 21;
    "N/A";
    "<interactive>";
    "rtl/cpu_fpga.v";
    "rtl/cpu.v";
    "rtl/control_unit.v";
    "rtl/datapath_top.v";
    "rtl/alu.v";
    "rtl/booth_multiplier.v";
    "rtl/divider.v";
    "rtl/ripple_carry_adder.v";
    "rtl/barrel_shifter.v";
    "rtl/bus_mux.v";
    "rtl/con_ff.v";
    "rtl/select_encode.v";
    "rtl/io.v";
    "rtl/key_regs.v";
    "rtl/registers.v";
    "rtl/pc_reg.v";
    "rtl/mdr.v";
    "rtl/ram.v";
    "rtl/seven_segment.v";
